0.000000000000000000e+00 0.000000000000000000e+00 0.000000000000000000e+00 0.000000000000000000e+00 0.000000000000000000e+00 0.000000000000000000e+00
1.000000000000000000e+00 0.000000000000000000e+00 0.000000000000000000e+00 0.000000000000000000e+00 0.000000000000000000e+00 0.000000000000000000e+00
2.000000000000000000e+00 0.000000000000000000e+00 0.000000000000000000e+00 0.000000000000000000e+00 0.000000000000000000e+00 0.000000000000000000e+00
3.000000000000000000e+00 0.000000000000000000e+00 0.000000000000000000e+00 0.000000000000000000e+00 0.000000000000000000e+00 0.000000000000000000e+00
4.000000000000000000e+00 0.000000000000000000e+00 0.000000000000000000e+00 0.000000000000000000e+00 0.000000000000000000e+00 0.000000000000000000e+00
5.000000000000000000e+00 0.000000000000000000e+00 0.000000000000000000e+00 0.000000000000000000e+00 0.000000000000000000e+00 0.000000000000000000e+00
6.000000000000000000e+00 0.000000000000000000e+00 0.000000000000000000e+00 0.000000000000000000e+00 0.000000000000000000e+00 0.000000000000000000e+00
7.000000000000000000e+00 0.000000000000000000e+00 0.000000000000000000e+00 0.000000000000000000e+00 0.000000000000000000e+00 0.000000000000000000e+00
8.000000000000000000e+00 0.000000000000000000e+00 0.000000000000000000e+00 0.000000000000000000e+00 0.000000000000000000e+00 0.000000000000000000e+00
9.000000000000000000e+00 0.000000000000000000e+00 0.000000000000000000e+00 0.000000000000000000e+00 0.000000000000000000e+00 0.000000000000000000e+00
1.000000000000000000e+01 0.000000000000000000e+00 0.000000000000000000e+00 0.000000000000000000e+00 0.000000000000000000e+00 6.204179645484605755e-06
1.100000000000000000e+01 0.000000000000000000e+00 0.000000000000000000e+00 0.000000000000000000e+00 0.000000000000000000e+00 0.000000000000000000e+00
1.200000000000000000e+01 0.000000000000000000e+00 0.000000000000000000e+00 0.000000000000000000e+00 0.000000000000000000e+00 0.000000000000000000e+00
1.300000000000000000e+01 0.000000000000000000e+00 0.000000000000000000e+00 0.000000000000000000e+00 0.000000000000000000e+00 0.000000000000000000e+00
1.400000000000000000e+01 0.000000000000000000e+00 0.000000000000000000e+00 0.000000000000000000e+00 0.000000000000000000e+00 1.329308850297797646e-05
1.500000000000000000e+01 0.000000000000000000e+00 0.000000000000000000e+00 0.000000000000000000e+00 0.000000000000000000e+00 0.000000000000000000e+00
1.600000000000000000e+01 0.000000000000000000e+00 0.000000000000000000e+00 0.000000000000000000e+00 0.000000000000000000e+00 0.000000000000000000e+00
1.700000000000000000e+01 0.000000000000000000e+00 0.000000000000000000e+00 0.000000000000000000e+00 0.000000000000000000e+00 0.000000000000000000e+00
1.800000000000000000e+01 0.000000000000000000e+00 0.000000000000000000e+00 0.000000000000000000e+00 0.000000000000000000e+00 0.000000000000000000e+00
1.900000000000000000e+01 0.000000000000000000e+00 0.000000000000000000e+00 0.000000000000000000e+00 0.000000000000000000e+00 0.000000000000000000e+00
2.000000000000000000e+01 0.000000000000000000e+00 0.000000000000000000e+00 0.000000000000000000e+00 0.000000000000000000e+00 6.789760584024643517e-06
2.100000000000000000e+01 0.000000000000000000e+00 0.000000000000000000e+00 0.000000000000000000e+00 0.000000000000000000e+00 0.000000000000000000e+00
2.200000000000000000e+01 0.000000000000000000e+00 0.000000000000000000e+00 0.000000000000000000e+00 0.000000000000000000e+00 2.366122371958276195e-05
2.300000000000000000e+01 0.000000000000000000e+00 0.000000000000000000e+00 0.000000000000000000e+00 0.000000000000000000e+00 0.000000000000000000e+00
2.400000000000000000e+01 0.000000000000000000e+00 0.000000000000000000e+00 0.000000000000000000e+00 0.000000000000000000e+00 0.000000000000000000e+00
2.500000000000000000e+01 0.000000000000000000e+00 0.000000000000000000e+00 0.000000000000000000e+00 0.000000000000000000e+00 0.000000000000000000e+00
2.600000000000000000e+01 0.000000000000000000e+00 0.000000000000000000e+00 0.000000000000000000e+00 0.000000000000000000e+00 0.000000000000000000e+00
2.700000000000000000e+01 0.000000000000000000e+00 0.000000000000000000e+00 0.000000000000000000e+00 0.000000000000000000e+00 0.000000000000000000e+00
2.800000000000000000e+01 0.000000000000000000e+00 0.000000000000000000e+00 0.000000000000000000e+00 0.000000000000000000e+00 1.436781482421493661e-05
2.900000000000000000e+01 0.000000000000000000e+00 0.000000000000000000e+00 0.000000000000000000e+00 0.000000000000000000e+00 0.000000000000000000e+00
3.000000000000000000e+01 0.000000000000000000e+00 0.000000000000000000e+00 0.000000000000000000e+00 0.000000000000000000e+00 6.990023952810401792e-06
3.100000000000000000e+01 0.000000000000000000e+00 0.000000000000000000e+00 0.000000000000000000e+00 0.000000000000000000e+00 0.000000000000000000e+00
3.200000000000000000e+01 0.000000000000000000e+00 0.000000000000000000e+00 0.000000000000000000e+00 0.000000000000000000e+00 1.815629887489251021e-05
3.300000000000000000e+01 0.000000000000000000e+00 0.000000000000000000e+00 0.000000000000000000e+00 0.000000000000000000e+00 0.000000000000000000e+00
3.400000000000000000e+01 0.000000000000000000e+00 0.000000000000000000e+00 0.000000000000000000e+00 0.000000000000000000e+00 0.000000000000000000e+00
3.500000000000000000e+01 0.000000000000000000e+00 0.000000000000000000e+00 0.000000000000000000e+00 0.000000000000000000e+00 0.000000000000000000e+00
3.600000000000000000e+01 0.000000000000000000e+00 0.000000000000000000e+00 0.000000000000000000e+00 0.000000000000000000e+00 2.635263302524095097e-05
3.700000000000000000e+01 0.000000000000000000e+00 0.000000000000000000e+00 0.000000000000000000e+00 0.000000000000000000e+00 0.000000000000000000e+00
3.800000000000000000e+01 0.000000000000000000e+00 0.000000000000000000e+00 0.000000000000000000e+00 0.000000000000000000e+00 0.000000000000000000e+00
3.900000000000000000e+01 0.000000000000000000e+00 0.000000000000000000e+00 0.000000000000000000e+00 0.000000000000000000e+00 0.000000000000000000e+00
4.000000000000000000e+01 0.000000000000000000e+00 0.000000000000000000e+00 0.000000000000000000e+00 0.000000000000000000e+00 7.080097591847094390e-06
4.100000000000000000e+01 0.000000000000000000e+00 0.000000000000000000e+00 0.000000000000000000e+00 0.000000000000000000e+00 1.778181996884139611e-05
4.200000000000000000e+01 0.000000000000000000e+00 0.000000000000000000e+00 0.000000000000000000e+00 0.000000000000000000e+00 1.498251552406906802e-05
4.300000000000000000e+01 0.000000000000000000e+00 0.000000000000000000e+00 0.000000000000000000e+00 0.000000000000000000e+00 0.000000000000000000e+00
4.400000000000000000e+01 0.000000000000000000e+00 0.000000000000000000e+00 0.000000000000000000e+00 0.000000000000000000e+00 0.000000000000000000e+00
4.500000000000000000e+01 0.000000000000000000e+00 0.000000000000000000e+00 0.000000000000000000e+00 0.000000000000000000e+00 2.307955031434677279e-05
4.600000000000000000e+01 0.000000000000000000e+00 0.000000000000000000e+00 0.000000000000000000e+00 0.000000000000000000e+00 0.000000000000000000e+00
4.700000000000000000e+01 0.000000000000000000e+00 0.000000000000000000e+00 0.000000000000000000e+00 0.000000000000000000e+00 0.000000000000000000e+00
4.800000000000000000e+01 0.000000000000000000e+00 0.000000000000000000e+00 0.000000000000000000e+00 0.000000000000000000e+00 0.000000000000000000e+00
4.900000000000000000e+01 0.000000000000000000e+00 0.000000000000000000e+00 0.000000000000000000e+00 0.000000000000000000e+00 0.000000000000000000e+00
5.000000000000000000e+01 0.000000000000000000e+00 0.000000000000000000e+00 0.000000000000000000e+00 0.000000000000000000e+00 3.530319529338087005e-05
5.100000000000000000e+01 0.000000000000000000e+00 0.000000000000000000e+00 0.000000000000000000e+00 0.000000000000000000e+00 1.647763069844384418e-05
5.200000000000000000e+01 0.000000000000000000e+00 0.000000000000000000e+00 0.000000000000000000e+00 0.000000000000000000e+00 0.000000000000000000e+00
5.300000000000000000e+01 0.000000000000000000e+00 0.000000000000000000e+00 0.000000000000000000e+00 0.000000000000000000e+00 0.000000000000000000e+00
5.400000000000000000e+01 0.000000000000000000e+00 0.000000000000000000e+00 0.000000000000000000e+00 0.000000000000000000e+00 2.134583845813035181e-05
5.500000000000000000e+01 0.000000000000000000e+00 0.000000000000000000e+00 0.000000000000000000e+00 0.000000000000000000e+00 0.000000000000000000e+00
5.600000000000000000e+01 0.000000000000000000e+00 0.000000000000000000e+00 0.000000000000000000e+00 0.000000000000000000e+00 0.000000000000000000e+00
5.700000000000000000e+01 0.000000000000000000e+00 0.000000000000000000e+00 0.000000000000000000e+00 0.000000000000000000e+00 1.449441830702358744e-05
5.800000000000000000e+01 0.000000000000000000e+00 0.000000000000000000e+00 0.000000000000000000e+00 0.000000000000000000e+00 2.708370969281957848e-05
5.900000000000000000e+01 0.000000000000000000e+00 0.000000000000000000e+00 0.000000000000000000e+00 0.000000000000000000e+00 0.000000000000000000e+00
6.000000000000000000e+01 0.000000000000000000e+00 0.000000000000000000e+00 0.000000000000000000e+00 0.000000000000000000e+00 7.123684969784258574e-06
6.100000000000000000e+01 0.000000000000000000e+00 0.000000000000000000e+00 0.000000000000000000e+00 0.000000000000000000e+00 1.574537960620867586e-05
6.200000000000000000e+01 0.000000000000000000e+00 0.000000000000000000e+00 0.000000000000000000e+00 0.000000000000000000e+00 0.000000000000000000e+00
6.300000000000000000e+01 0.000000000000000000e+00 0.000000000000000000e+00 0.000000000000000000e+00 0.000000000000000000e+00 2.036263993803688691e-05
6.400000000000000000e+01 0.000000000000000000e+00 0.000000000000000000e+00 0.000000000000000000e+00 0.000000000000000000e+00 2.973216610837169923e-05
6.500000000000000000e+01 0.000000000000000000e+00 0.000000000000000000e+00 0.000000000000000000e+00 0.000000000000000000e+00 0.000000000000000000e+00
6.600000000000000000e+01 0.000000000000000000e+00 0.000000000000000000e+00 0.000000000000000000e+00 0.000000000000000000e+00 0.000000000000000000e+00
6.700000000000000000e+01 0.000000000000000000e+00 0.000000000000000000e+00 0.000000000000000000e+00 0.000000000000000000e+00 2.488043612710528124e-05
6.800000000000000000e+01 0.000000000000000000e+00 0.000000000000000000e+00 0.000000000000000000e+00 0.000000000000000000e+00 0.000000000000000000e+00
6.900000000000000000e+01 0.000000000000000000e+00 0.000000000000000000e+00 0.000000000000000000e+00 0.000000000000000000e+00 0.000000000000000000e+00
7.000000000000000000e+01 0.000000000000000000e+00 0.000000000000000000e+00 0.000000000000000000e+00 0.000000000000000000e+00 7.100260083896341021e-06
7.100000000000000000e+01 0.000000000000000000e+00 0.000000000000000000e+00 0.000000000000000000e+00 0.000000000000000000e+00 3.050347565781656977e-05
7.200000000000000000e+01 0.000000000000000000e+00 0.000000000000000000e+00 0.000000000000000000e+00 0.000000000000000000e+00 2.876638113619637332e-05
7.300000000000000000e+01 0.000000000000000000e+00 0.000000000000000000e+00 0.000000000000000000e+00 0.000000000000000000e+00 1.870407652674770983e-05
7.400000000000000000e+01 0.000000000000000000e+00 0.000000000000000000e+00 0.000000000000000000e+00 0.000000000000000000e+00 0.000000000000000000e+00
7.500000000000000000e+01 0.000000000000000000e+00 0.000000000000000000e+00 0.000000000000000000e+00 0.000000000000000000e+00 0.000000000000000000e+00
7.600000000000000000e+01 0.000000000000000000e+00 0.000000000000000000e+00 0.000000000000000000e+00 0.000000000000000000e+00 2.338411072668178573e-05
7.700000000000000000e+01 0.000000000000000000e+00 0.000000000000000000e+00 0.000000000000000000e+00 0.000000000000000000e+00 0.000000000000000000e+00
7.800000000000000000e+01 0.000000000000000000e+00 0.000000000000000000e+00 0.000000000000000000e+00 0.000000000000000000e+00 3.116975802186079490e-05
7.900000000000000000e+01 0.000000000000000000e+00 0.000000000000000000e+00 0.000000000000000000e+00 0.000000000000000000e+00 0.000000000000000000e+00
8.000000000000000000e+01 0.000000000000000000e+00 0.000000000000000000e+00 0.000000000000000000e+00 0.000000000000000000e+00 7.049585805207693630e-06
8.100000000000000000e+01 0.000000000000000000e+00 0.000000000000000000e+00 0.000000000000000000e+00 0.000000000000000000e+00 4.158788458917073925e-05
8.200000000000000000e+01 0.000000000000000000e+00 0.000000000000000000e+00 0.000000000000000000e+00 0.000000000000000000e+00 1.841662125871290509e-05
8.300000000000000000e+01 0.000000000000000000e+00 0.000000000000000000e+00 0.000000000000000000e+00 0.000000000000000000e+00 0.000000000000000000e+00
8.400000000000000000e+01 0.000000000000000000e+00 0.000000000000000000e+00 0.000000000000000000e+00 0.000000000000000000e+00 0.000000000000000000e+00
8.500000000000000000e+01 0.000000000000000000e+00 0.000000000000000000e+00 0.000000000000000000e+00 0.000000000000000000e+00 3.824741365692236331e-05
8.600000000000000000e+01 0.000000000000000000e+00 0.000000000000000000e+00 0.000000000000000000e+00 0.000000000000000000e+00 3.032070412128076611e-05
8.700000000000000000e+01 0.000000000000000000e+00 0.000000000000000000e+00 0.000000000000000000e+00 0.000000000000000000e+00 0.000000000000000000e+00
8.800000000000000000e+01 0.000000000000000000e+00 0.000000000000000000e+00 0.000000000000000000e+00 0.000000000000000000e+00 0.000000000000000000e+00
8.900000000000000000e+01 0.000000000000000000e+00 0.000000000000000000e+00 0.000000000000000000e+00 0.000000000000000000e+00 2.630362352945576486e-05
9.000000000000000000e+01 0.000000000000000000e+00 0.000000000000000000e+00 0.000000000000000000e+00 0.000000000000000000e+00 6.971580060139084896e-06
9.100000000000000000e+01 0.000000000000000000e+00 0.000000000000000000e+00 0.000000000000000000e+00 0.000000000000000000e+00 1.453950957518711295e-05
9.200000000000000000e+01 0.000000000000000000e+00 0.000000000000000000e+00 0.000000000000000000e+00 0.000000000000000000e+00 4.993428161122607828e-05
9.300000000000000000e+01 0.000000000000000000e+00 0.000000000000000000e+00 0.000000000000000000e+00 0.000000000000000000e+00 0.000000000000000000e+00
9.400000000000000000e+01 0.000000000000000000e+00 0.000000000000000000e+00 0.000000000000000000e+00 0.000000000000000000e+00 2.962026365057688962e-05
9.500000000000000000e+01 0.000000000000000000e+00 0.000000000000000000e+00 0.000000000000000000e+00 0.000000000000000000e+00 2.056800145044631714e-05
9.600000000000000000e+01 0.000000000000000000e+00 0.000000000000000000e+00 0.000000000000000000e+00 0.000000000000000000e+00 0.000000000000000000e+00
9.700000000000000000e+01 0.000000000000000000e+00 0.000000000000000000e+00 0.000000000000000000e+00 0.000000000000000000e+00 0.000000000000000000e+00
9.800000000000000000e+01 0.000000000000000000e+00 0.000000000000000000e+00 0.000000000000000000e+00 0.000000000000000000e+00 2.492142553470191125e-05
9.900000000000000000e+01 0.000000000000000000e+00 0.000000000000000000e+00 0.000000000000000000e+00 0.000000000000000000e+00 1.660969508101180407e-05
1.000000000000000000e+02 0.000000000000000000e+00 0.000000000000000000e+00 0.000000000000000000e+00 0.000000000000000000e+00 5.339855079003371215e-05
1.010000000000000000e+02 0.000000000000000000e+00 0.000000000000000000e+00 0.000000000000000000e+00 0.000000000000000000e+00 0.000000000000000000e+00
1.020000000000000000e+02 0.000000000000000000e+00 0.000000000000000000e+00 0.000000000000000000e+00 0.000000000000000000e+00 1.657684517842798841e-05
1.030000000000000000e+02 0.000000000000000000e+00 0.000000000000000000e+00 0.000000000000000000e+00 0.000000000000000000e+00 2.790102695306199436e-05
1.040000000000000000e+02 0.000000000000000000e+00 0.000000000000000000e+00 0.000000000000000000e+00 0.000000000000000000e+00 1.995546092813552816e-05
1.050000000000000000e+02 0.000000000000000000e+00 0.000000000000000000e+00 0.000000000000000000e+00 0.000000000000000000e+00 0.000000000000000000e+00
1.060000000000000000e+02 0.000000000000000000e+00 0.000000000000000000e+00 0.000000000000000000e+00 0.000000000000000000e+00 3.379487034157297679e-05
1.070000000000000000e+02 0.000000000000000000e+00 0.000000000000000000e+00 0.000000000000000000e+00 0.000000000000000000e+00 0.000000000000000000e+00
1.080000000000000000e+02 0.000000000000000000e+00 0.000000000000000000e+00 0.000000000000000000e+00 0.000000000000000000e+00 5.396792215311836503e-05
1.090000000000000000e+02 0.000000000000000000e+00 0.000000000000000000e+00 0.000000000000000000e+00 0.000000000000000000e+00 0.000000000000000000e+00
1.100000000000000000e+02 0.000000000000000000e+00 0.000000000000000000e+00 0.000000000000000000e+00 0.000000000000000000e+00 2.108942879568945729e-05
1.110000000000000000e+02 0.000000000000000000e+00 0.000000000000000000e+00 0.000000000000000000e+00 0.000000000000000000e+00 0.000000000000000000e+00
1.120000000000000000e+02 0.000000000000000000e+00 0.000000000000000000e+00 0.000000000000000000e+00 0.000000000000000000e+00 4.231533989549441733e-05
1.130000000000000000e+02 0.000000000000000000e+00 0.000000000000000000e+00 0.000000000000000000e+00 0.000000000000000000e+00 1.721449091519430710e-05
1.140000000000000000e+02 0.000000000000000000e+00 0.000000000000000000e+00 0.000000000000000000e+00 0.000000000000000000e+00 5.178264069655836134e-05
1.150000000000000000e+02 0.000000000000000000e+00 0.000000000000000000e+00 0.000000000000000000e+00 0.000000000000000000e+00 0.000000000000000000e+00
1.160000000000000000e+02 0.000000000000000000e+00 0.000000000000000000e+00 0.000000000000000000e+00 0.000000000000000000e+00 0.000000000000000000e+00
1.170000000000000000e+02 0.000000000000000000e+00 0.000000000000000000e+00 0.000000000000000000e+00 0.000000000000000000e+00 5.137591983034076965e-05
1.180000000000000000e+02 0.000000000000000000e+00 0.000000000000000000e+00 0.000000000000000000e+00 0.000000000000000000e+00 0.000000000000000000e+00
1.190000000000000000e+02 0.000000000000000000e+00 0.000000000000000000e+00 0.000000000000000000e+00 0.000000000000000000e+00 0.000000000000000000e+00
1.200000000000000000e+02 0.000000000000000000e+00 0.000000000000000000e+00 0.000000000000000000e+00 0.000000000000000000e+00 5.543084704061506025e-05
1.210000000000000000e+02 0.000000000000000000e+00 0.000000000000000000e+00 0.000000000000000000e+00 0.000000000000000000e+00 2.520656000011129415e-05
1.220000000000000000e+02 0.000000000000000000e+00 0.000000000000000000e+00 0.000000000000000000e+00 0.000000000000000000e+00 4.753508585376865889e-05
1.230000000000000000e+02 0.000000000000000000e+00 0.000000000000000000e+00 0.000000000000000000e+00 0.000000000000000000e+00 0.000000000000000000e+00
1.240000000000000000e+02 0.000000000000000000e+00 0.000000000000000000e+00 0.000000000000000000e+00 0.000000000000000000e+00 1.766031092872595633e-05
1.250000000000000000e+02 0.000000000000000000e+00 0.000000000000000000e+00 0.000000000000000000e+00 0.000000000000000000e+00 2.879124219865216510e-05
1.260000000000000000e+02 0.000000000000000000e+00 0.000000000000000000e+00 0.000000000000000000e+00 0.000000000000000000e+00 2.117294391117169095e-05
1.270000000000000000e+02 0.000000000000000000e+00 0.000000000000000000e+00 0.000000000000000000e+00 0.000000000000000000e+00 1.774434729663562128e-05
1.280000000000000000e+02 0.000000000000000000e+00 0.000000000000000000e+00 0.000000000000000000e+00 0.000000000000000000e+00 3.419877795237373795e-05
1.290000000000000000e+02 0.000000000000000000e+00 0.000000000000000000e+00 0.000000000000000000e+00 0.000000000000000000e+00 0.000000000000000000e+00
1.300000000000000000e+02 0.000000000000000000e+00 0.000000000000000000e+00 0.000000000000000000e+00 0.000000000000000000e+00 7.557381440130579557e-05
1.310000000000000000e+02 0.000000000000000000e+00 0.000000000000000000e+00 0.000000000000000000e+00 0.000000000000000000e+00 0.000000000000000000e+00
1.320000000000000000e+02 0.000000000000000000e+00 0.000000000000000000e+00 0.000000000000000000e+00 0.000000000000000000e+00 1.455994268411712980e-05
1.330000000000000000e+02 0.000000000000000000e+00 0.000000000000000000e+00 0.000000000000000000e+00 0.000000000000000000e+00 1.721805038266034112e-05
1.340000000000000000e+02 0.000000000000000000e+00 0.000000000000000000e+00 0.000000000000000000e+00 0.000000000000000000e+00 2.735453565628137435e-05
1.350000000000000000e+02 0.000000000000000000e+00 0.000000000000000000e+00 0.000000000000000000e+00 0.000000000000000000e+00 3.485003532205632184e-05
1.360000000000000000e+02 0.000000000000000000e+00 0.000000000000000000e+00 0.000000000000000000e+00 0.000000000000000000e+00 5.324174723577750003e-05
1.370000000000000000e+02 0.000000000000000000e+00 0.000000000000000000e+00 0.000000000000000000e+00 0.000000000000000000e+00 0.000000000000000000e+00
1.380000000000000000e+02 0.000000000000000000e+00 0.000000000000000000e+00 0.000000000000000000e+00 0.000000000000000000e+00 0.000000000000000000e+00
1.390000000000000000e+02 0.000000000000000000e+00 0.000000000000000000e+00 0.000000000000000000e+00 0.000000000000000000e+00 5.302458428654946735e-05
1.400000000000000000e+02 0.000000000000000000e+00 0.000000000000000000e+00 0.000000000000000000e+00 0.000000000000000000e+00 1.922236416510688994e-05
1.410000000000000000e+02 0.000000000000000000e+00 0.000000000000000000e+00 0.000000000000000000e+00 0.000000000000000000e+00 3.253329059613819857e-05
1.420000000000000000e+02 0.000000000000000000e+00 0.000000000000000000e+00 0.000000000000000000e+00 0.000000000000000000e+00 3.514429917822165341e-05
1.430000000000000000e+02 0.000000000000000000e+00 0.000000000000000000e+00 0.000000000000000000e+00 0.000000000000000000e+00 4.232416789987459638e-05
1.440000000000000000e+02 0.000000000000000000e+00 0.000000000000000000e+00 0.000000000000000000e+00 0.000000000000000000e+00 3.267062941872404038e-05
1.450000000000000000e+02 0.000000000000000000e+00 0.000000000000000000e+00 0.000000000000000000e+00 0.000000000000000000e+00 0.000000000000000000e+00
1.460000000000000000e+02 0.000000000000000000e+00 0.000000000000000000e+00 0.000000000000000000e+00 0.000000000000000000e+00 1.856517021708965293e-05
1.470000000000000000e+02 0.000000000000000000e+00 0.000000000000000000e+00 0.000000000000000000e+00 0.000000000000000000e+00 0.000000000000000000e+00
1.480000000000000000e+02 0.000000000000000000e+00 0.000000000000000000e+00 0.000000000000000000e+00 0.000000000000000000e+00 2.851255108862952759e-05
1.490000000000000000e+02 0.000000000000000000e+00 0.000000000000000000e+00 0.000000000000000000e+00 0.000000000000000000e+00 5.713473993485561396e-05
1.500000000000000000e+02 0.000000000000000000e+00 0.000000000000000000e+00 0.000000000000000000e+00 0.000000000000000000e+00 5.290096190631232497e-05
1.510000000000000000e+02 0.000000000000000000e+00 0.000000000000000000e+00 0.000000000000000000e+00 0.000000000000000000e+00 1.372317036360589487e-05
1.520000000000000000e+02 0.000000000000000000e+00 0.000000000000000000e+00 0.000000000000000000e+00 0.000000000000000000e+00 2.479762342074999707e-05
1.530000000000000000e+02 0.000000000000000000e+00 0.000000000000000000e+00 0.000000000000000000e+00 0.000000000000000000e+00 4.646351818006621702e-05
1.540000000000000000e+02 0.000000000000000000e+00 0.000000000000000000e+00 0.000000000000000000e+00 0.000000000000000000e+00 0.000000000000000000e+00
1.550000000000000000e+02 0.000000000000000000e+00 0.000000000000000000e+00 0.000000000000000000e+00 0.000000000000000000e+00 1.791357170935884940e-05
1.560000000000000000e+02 0.000000000000000000e+00 0.000000000000000000e+00 0.000000000000000000e+00 0.000000000000000000e+00 5.391196898413268431e-05
1.570000000000000000e+02 0.000000000000000000e+00 0.000000000000000000e+00 0.000000000000000000e+00 0.000000000000000000e+00 2.711672146495485840e-05
1.580000000000000000e+02 0.000000000000000000e+00 0.000000000000000000e+00 0.000000000000000000e+00 0.000000000000000000e+00 5.404677579451696949e-05
1.590000000000000000e+02 0.000000000000000000e+00 0.000000000000000000e+00 0.000000000000000000e+00 0.000000000000000000e+00 0.000000000000000000e+00
1.600000000000000000e+02 0.000000000000000000e+00 0.000000000000000000e+00 0.000000000000000000e+00 0.000000000000000000e+00 1.788239904936041541e-05
1.610000000000000000e+02 0.000000000000000000e+00 0.000000000000000000e+00 0.000000000000000000e+00 0.000000000000000000e+00 4.334675557471797367e-05
1.620000000000000000e+02 0.000000000000000000e+00 0.000000000000000000e+00 0.000000000000000000e+00 0.000000000000000000e+00 2.305193645137440517e-05
1.630000000000000000e+02 0.000000000000000000e+00 0.000000000000000000e+00 0.000000000000000000e+00 0.000000000000000000e+00 5.094949181938582510e-05
1.640000000000000000e+02 0.000000000000000000e+00 0.000000000000000000e+00 0.000000000000000000e+00 0.000000000000000000e+00 3.501589312674561799e-05
1.650000000000000000e+02 0.000000000000000000e+00 0.000000000000000000e+00 0.000000000000000000e+00 0.000000000000000000e+00 1.685559488528433033e-05
1.660000000000000000e+02 0.000000000000000000e+00 0.000000000000000000e+00 0.000000000000000000e+00 0.000000000000000000e+00 5.840338256562138328e-05
1.670000000000000000e+02 0.000000000000000000e+00 0.000000000000000000e+00 0.000000000000000000e+00 0.000000000000000000e+00 0.000000000000000000e+00
1.680000000000000000e+02 0.000000000000000000e+00 0.000000000000000000e+00 0.000000000000000000e+00 0.000000000000000000e+00 1.921676532571413927e-05
1.690000000000000000e+02 0.000000000000000000e+00 0.000000000000000000e+00 0.000000000000000000e+00 0.000000000000000000e+00 0.000000000000000000e+00
1.700000000000000000e+02 0.000000000000000000e+00 0.000000000000000000e+00 0.000000000000000000e+00 0.000000000000000000e+00 1.005620272763368869e-04
1.710000000000000000e+02 0.000000000000000000e+00 0.000000000000000000e+00 0.000000000000000000e+00 0.000000000000000000e+00 3.455103169143556967e-05
1.720000000000000000e+02 0.000000000000000000e+00 0.000000000000000000e+00 0.000000000000000000e+00 0.000000000000000000e+00 3.410226646976392443e-05
1.730000000000000000e+02 0.000000000000000000e+00 0.000000000000000000e+00 0.000000000000000000e+00 0.000000000000000000e+00 1.391309705442084106e-05
1.740000000000000000e+02 0.000000000000000000e+00 0.000000000000000000e+00 0.000000000000000000e+00 0.000000000000000000e+00 0.000000000000000000e+00
1.750000000000000000e+02 0.000000000000000000e+00 0.000000000000000000e+00 0.000000000000000000e+00 0.000000000000000000e+00 7.138315522971989719e-05
1.760000000000000000e+02 0.000000000000000000e+00 0.000000000000000000e+00 0.000000000000000000e+00 0.000000000000000000e+00 0.000000000000000000e+00
1.770000000000000000e+02 0.000000000000000000e+00 0.000000000000000000e+00 0.000000000000000000e+00 0.000000000000000000e+00 5.509366645636793944e-05
1.780000000000000000e+02 0.000000000000000000e+00 0.000000000000000000e+00 0.000000000000000000e+00 0.000000000000000000e+00 3.543868660093787016e-05
1.790000000000000000e+02 0.000000000000000000e+00 0.000000000000000000e+00 0.000000000000000000e+00 0.000000000000000000e+00 2.723955018406244727e-05
1.800000000000000000e+02 0.000000000000000000e+00 0.000000000000000000e+00 0.000000000000000000e+00 0.000000000000000000e+00 7.072776719123864046e-05
1.810000000000000000e+02 0.000000000000000000e+00 0.000000000000000000e+00 0.000000000000000000e+00 0.000000000000000000e+00 1.202618818550458681e-05
1.820000000000000000e+02 0.000000000000000000e+00 0.000000000000000000e+00 0.000000000000000000e+00 0.000000000000000000e+00 1.353350335824057917e-05
1.830000000000000000e+02 0.000000000000000000e+00 0.000000000000000000e+00 0.000000000000000000e+00 0.000000000000000000e+00 0.000000000000000000e+00
1.840000000000000000e+02 0.000000000000000000e+00 0.000000000000000000e+00 0.000000000000000000e+00 0.000000000000000000e+00 1.230606780783957102e-04
1.850000000000000000e+02 0.000000000000000000e+00 0.000000000000000000e+00 0.000000000000000000e+00 0.000000000000000000e+00 0.000000000000000000e+00
1.860000000000000000e+02 0.000000000000000000e+00 0.000000000000000000e+00 0.000000000000000000e+00 0.000000000000000000e+00 3.445760561338882978e-05
1.870000000000000000e+02 0.000000000000000000e+00 0.000000000000000000e+00 0.000000000000000000e+00 0.000000000000000000e+00 1.730006530598236298e-05
1.880000000000000000e+02 0.000000000000000000e+00 0.000000000000000000e+00 0.000000000000000000e+00 0.000000000000000000e+00 2.586048297754853554e-05
1.890000000000000000e+02 0.000000000000000000e+00 0.000000000000000000e+00 0.000000000000000000e+00 0.000000000000000000e+00 3.144480182837425166e-05
1.900000000000000000e+02 0.000000000000000000e+00 0.000000000000000000e+00 0.000000000000000000e+00 0.000000000000000000e+00 3.564405227541222933e-05
1.910000000000000000e+02 0.000000000000000000e+00 0.000000000000000000e+00 0.000000000000000000e+00 0.000000000000000000e+00 4.831158098963002102e-05
1.920000000000000000e+02 0.000000000000000000e+00 0.000000000000000000e+00 0.000000000000000000e+00 0.000000000000000000e+00 7.695491623146546241e-05
1.930000000000000000e+02 0.000000000000000000e+00 0.000000000000000000e+00 0.000000000000000000e+00 0.000000000000000000e+00 2.222024388403088434e-05
1.940000000000000000e+02 0.000000000000000000e+00 0.000000000000000000e+00 0.000000000000000000e+00 0.000000000000000000e+00 4.794482592196484670e-05
1.950000000000000000e+02 0.000000000000000000e+00 0.000000000000000000e+00 0.000000000000000000e+00 0.000000000000000000e+00 0.000000000000000000e+00
1.960000000000000000e+02 0.000000000000000000e+00 0.000000000000000000e+00 0.000000000000000000e+00 0.000000000000000000e+00 1.661826527268557492e-05
1.970000000000000000e+02 0.000000000000000000e+00 0.000000000000000000e+00 0.000000000000000000e+00 0.000000000000000000e+00 5.499348684207004868e-05
1.980000000000000000e+02 0.000000000000000000e+00 0.000000000000000000e+00 0.000000000000000000e+00 0.000000000000000000e+00 5.496261947493857658e-05
1.990000000000000000e+02 0.000000000000000000e+00 0.000000000000000000e+00 0.000000000000000000e+00 0.000000000000000000e+00 1.874885783371553786e-05
2.000000000000000000e+02 0.000000000000000000e+00 0.000000000000000000e+00 0.000000000000000000e+00 0.000000000000000000e+00 5.007577895775180765e-05
2.010000000000000000e+02 0.000000000000000000e+00 0.000000000000000000e+00 0.000000000000000000e+00 0.000000000000000000e+00 3.807430764430894853e-05
2.020000000000000000e+02 0.000000000000000000e+00 0.000000000000000000e+00 0.000000000000000000e+00 0.000000000000000000e+00 6.581716792057273435e-05
2.030000000000000000e+02 0.000000000000000000e+00 0.000000000000000000e+00 0.000000000000000000e+00 0.000000000000000000e+00 0.000000000000000000e+00
2.040000000000000000e+02 0.000000000000000000e+00 0.000000000000000000e+00 0.000000000000000000e+00 0.000000000000000000e+00 1.378593584327782862e-05
2.050000000000000000e+02 0.000000000000000000e+00 0.000000000000000000e+00 0.000000000000000000e+00 0.000000000000000000e+00 3.662001969901500735e-05
2.060000000000000000e+02 0.000000000000000000e+00 0.000000000000000000e+00 0.000000000000000000e+00 0.000000000000000000e+00 1.033657345725522104e-04
2.070000000000000000e+02 0.000000000000000000e+00 0.000000000000000000e+00 0.000000000000000000e+00 0.000000000000000000e+00 0.000000000000000000e+00
2.080000000000000000e+02 0.000000000000000000e+00 0.000000000000000000e+00 0.000000000000000000e+00 0.000000000000000000e+00 3.346880737942694467e-05
2.090000000000000000e+02 0.000000000000000000e+00 0.000000000000000000e+00 0.000000000000000000e+00 0.000000000000000000e+00 1.759883909787959185e-05
2.100000000000000000e+02 0.000000000000000000e+00 0.000000000000000000e+00 0.000000000000000000e+00 0.000000000000000000e+00 4.062032369154644739e-05
2.110000000000000000e+02 0.000000000000000000e+00 0.000000000000000000e+00 0.000000000000000000e+00 0.000000000000000000e+00 4.136908614106313747e-05
2.120000000000000000e+02 0.000000000000000000e+00 0.000000000000000000e+00 0.000000000000000000e+00 0.000000000000000000e+00 4.984419218837481932e-05
2.130000000000000000e+02 0.000000000000000000e+00 0.000000000000000000e+00 0.000000000000000000e+00 0.000000000000000000e+00 3.563285842948578662e-05
2.140000000000000000e+02 0.000000000000000000e+00 0.000000000000000000e+00 0.000000000000000000e+00 0.000000000000000000e+00 4.756015272424988485e-05
2.150000000000000000e+02 0.000000000000000000e+00 0.000000000000000000e+00 0.000000000000000000e+00 0.000000000000000000e+00 4.948563439921290185e-05
2.160000000000000000e+02 0.000000000000000000e+00 0.000000000000000000e+00 0.000000000000000000e+00 0.000000000000000000e+00 4.716709700817415548e-05
2.170000000000000000e+02 0.000000000000000000e+00 0.000000000000000000e+00 0.000000000000000000e+00 0.000000000000000000e+00 0.000000000000000000e+00
2.180000000000000000e+02 0.000000000000000000e+00 0.000000000000000000e+00 0.000000000000000000e+00 0.000000000000000000e+00 1.687622243476959397e-05
2.190000000000000000e+02 0.000000000000000000e+00 0.000000000000000000e+00 0.000000000000000000e+00 0.000000000000000000e+00 6.046867362812182763e-05
2.200000000000000000e+02 0.000000000000000000e+00 0.000000000000000000e+00 0.000000000000000000e+00 0.000000000000000000e+00 7.890693548072292142e-05
2.210000000000000000e+02 0.000000000000000000e+00 0.000000000000000000e+00 0.000000000000000000e+00 0.000000000000000000e+00 2.927444005101404820e-05
2.220000000000000000e+02 0.000000000000000000e+00 0.000000000000000000e+00 0.000000000000000000e+00 0.000000000000000000e+00 4.465708039701736130e-05
2.230000000000000000e+02 0.000000000000000000e+00 0.000000000000000000e+00 0.000000000000000000e+00 0.000000000000000000e+00 0.000000000000000000e+00
2.240000000000000000e+02 0.000000000000000000e+00 0.000000000000000000e+00 0.000000000000000000e+00 0.000000000000000000e+00 3.845005358388234616e-05
2.250000000000000000e+02 0.000000000000000000e+00 0.000000000000000000e+00 0.000000000000000000e+00 0.000000000000000000e+00 5.133193705699678957e-05
2.260000000000000000e+02 0.000000000000000000e+00 0.000000000000000000e+00 0.000000000000000000e+00 0.000000000000000000e+00 3.208159686384436625e-05
2.270000000000000000e+02 0.000000000000000000e+00 0.000000000000000000e+00 0.000000000000000000e+00 0.000000000000000000e+00 3.518336247677893061e-05
2.280000000000000000e+02 0.000000000000000000e+00 0.000000000000000000e+00 0.000000000000000000e+00 0.000000000000000000e+00 1.009714434828960696e-04
2.290000000000000000e+02 0.000000000000000000e+00 0.000000000000000000e+00 0.000000000000000000e+00 0.000000000000000000e+00 0.000000000000000000e+00
2.300000000000000000e+02 0.000000000000000000e+00 0.000000000000000000e+00 0.000000000000000000e+00 0.000000000000000000e+00 4.645302473345994695e-05
2.310000000000000000e+02 0.000000000000000000e+00 0.000000000000000000e+00 0.000000000000000000e+00 0.000000000000000000e+00 2.785618900329885379e-05
2.320000000000000000e+02 0.000000000000000000e+00 0.000000000000000000e+00 0.000000000000000000e+00 0.000000000000000000e+00 1.099474218240747946e-05
2.330000000000000000e+02 0.000000000000000000e+00 0.000000000000000000e+00 0.000000000000000000e+00 0.000000000000000000e+00 1.019160514427100818e-04
2.340000000000000000e+02 0.000000000000000000e+00 0.000000000000000000e+00 0.000000000000000000e+00 0.000000000000000000e+00 5.439504690428027475e-05
2.350000000000000000e+02 0.000000000000000000e+00 0.000000000000000000e+00 0.000000000000000000e+00 0.000000000000000000e+00 1.365978742819861799e-05
2.360000000000000000e+02 0.000000000000000000e+00 0.000000000000000000e+00 0.000000000000000000e+00 0.000000000000000000e+00 3.287613960753817805e-05
2.370000000000000000e+02 0.000000000000000000e+00 0.000000000000000000e+00 0.000000000000000000e+00 0.000000000000000000e+00 2.648073772516011543e-05
2.380000000000000000e+02 0.000000000000000000e+00 0.000000000000000000e+00 0.000000000000000000e+00 0.000000000000000000e+00 3.657688235209223928e-05
2.390000000000000000e+02 0.000000000000000000e+00 0.000000000000000000e+00 0.000000000000000000e+00 0.000000000000000000e+00 3.040277315024887512e-05
2.400000000000000000e+02 0.000000000000000000e+00 0.000000000000000000e+00 0.000000000000000000e+00 0.000000000000000000e+00 4.872295380824066005e-05
2.410000000000000000e+02 0.000000000000000000e+00 0.000000000000000000e+00 0.000000000000000000e+00 0.000000000000000000e+00 4.439871997043359027e-05
2.420000000000000000e+02 0.000000000000000000e+00 0.000000000000000000e+00 0.000000000000000000e+00 0.000000000000000000e+00 9.534610380353947235e-05
2.430000000000000000e+02 0.000000000000000000e+00 0.000000000000000000e+00 0.000000000000000000e+00 0.000000000000000000e+00 1.180912459761894340e-05
2.440000000000000000e+02 0.000000000000000000e+00 0.000000000000000000e+00 0.000000000000000000e+00 0.000000000000000000e+00 5.019394359240811950e-05
2.450000000000000000e+02 0.000000000000000000e+00 0.000000000000000000e+00 0.000000000000000000e+00 0.000000000000000000e+00 1.306457712376684386e-05
2.460000000000000000e+02 0.000000000000000000e+00 0.000000000000000000e+00 0.000000000000000000e+00 0.000000000000000000e+00 2.507532368140394504e-05
2.470000000000000000e+02 0.000000000000000000e+00 0.000000000000000000e+00 0.000000000000000000e+00 0.000000000000000000e+00 6.427604913000711611e-05
2.480000000000000000e+02 0.000000000000000000e+00 0.000000000000000000e+00 0.000000000000000000e+00 0.000000000000000000e+00 6.815234316869523659e-05
2.490000000000000000e+02 0.000000000000000000e+00 0.000000000000000000e+00 0.000000000000000000e+00 0.000000000000000000e+00 0.000000000000000000e+00
2.500000000000000000e+02 0.000000000000000000e+00 0.000000000000000000e+00 0.000000000000000000e+00 0.000000000000000000e+00 6.222079964207515468e-05
2.510000000000000000e+02 0.000000000000000000e+00 0.000000000000000000e+00 0.000000000000000000e+00 0.000000000000000000e+00 5.820258264004140680e-05
2.520000000000000000e+02 0.000000000000000000e+00 0.000000000000000000e+00 0.000000000000000000e+00 0.000000000000000000e+00 4.085275152689719268e-05
2.530000000000000000e+02 0.000000000000000000e+00 0.000000000000000000e+00 0.000000000000000000e+00 0.000000000000000000e+00 2.913913266563463906e-05
2.540000000000000000e+02 0.000000000000000000e+00 0.000000000000000000e+00 0.000000000000000000e+00 0.000000000000000000e+00 0.000000000000000000e+00
2.550000000000000000e+02 0.000000000000000000e+00 0.000000000000000000e+00 0.000000000000000000e+00 0.000000000000000000e+00 8.687646839930885463e-05
2.560000000000000000e+02 0.000000000000000000e+00 0.000000000000000000e+00 0.000000000000000000e+00 0.000000000000000000e+00 7.986699488132837255e-05
2.570000000000000000e+02 0.000000000000000000e+00 0.000000000000000000e+00 0.000000000000000000e+00 0.000000000000000000e+00 1.390746727667922611e-05
2.580000000000000000e+02 0.000000000000000000e+00 0.000000000000000000e+00 0.000000000000000000e+00 0.000000000000000000e+00 3.104852377169199125e-05
2.590000000000000000e+02 0.000000000000000000e+00 0.000000000000000000e+00 0.000000000000000000e+00 0.000000000000000000e+00 2.539727925425555095e-05
2.600000000000000000e+02 0.000000000000000000e+00 0.000000000000000000e+00 0.000000000000000000e+00 0.000000000000000000e+00 4.995728374252962422e-05
2.610000000000000000e+02 0.000000000000000000e+00 0.000000000000000000e+00 0.000000000000000000e+00 0.000000000000000000e+00 3.833407780138437649e-05
2.620000000000000000e+02 0.000000000000000000e+00 0.000000000000000000e+00 0.000000000000000000e+00 0.000000000000000000e+00 9.343301955912609955e-05
2.630000000000000000e+02 0.000000000000000000e+00 0.000000000000000000e+00 0.000000000000000000e+00 0.000000000000000000e+00 1.107642505256391661e-05
2.640000000000000000e+02 0.000000000000000000e+00 0.000000000000000000e+00 0.000000000000000000e+00 0.000000000000000000e+00 8.060483741879513131e-05
2.650000000000000000e+02 0.000000000000000000e+00 0.000000000000000000e+00 0.000000000000000000e+00 0.000000000000000000e+00 1.208299186577186026e-05
2.660000000000000000e+02 0.000000000000000000e+00 0.000000000000000000e+00 0.000000000000000000e+00 0.000000000000000000e+00 4.815188427311276184e-05
2.670000000000000000e+02 0.000000000000000000e+00 0.000000000000000000e+00 0.000000000000000000e+00 0.000000000000000000e+00 1.330807725741833315e-05
2.680000000000000000e+02 0.000000000000000000e+00 0.000000000000000000e+00 0.000000000000000000e+00 0.000000000000000000e+00 2.404809059263005779e-05
2.690000000000000000e+02 0.000000000000000000e+00 0.000000000000000000e+00 0.000000000000000000e+00 0.000000000000000000e+00 1.114295097173152916e-04
2.700000000000000000e+02 0.000000000000000000e+00 0.000000000000000000e+00 0.000000000000000000e+00 0.000000000000000000e+00 4.535095339638118168e-05
2.710000000000000000e+02 0.000000000000000000e+00 0.000000000000000000e+00 0.000000000000000000e+00 0.000000000000000000e+00 9.384666911860638041e-06
2.720000000000000000e+02 0.000000000000000000e+00 0.000000000000000000e+00 0.000000000000000000e+00 0.000000000000000000e+00 5.629574807399385911e-05
2.730000000000000000e+02 0.000000000000000000e+00 0.000000000000000000e+00 0.000000000000000000e+00 0.000000000000000000e+00 5.732139923375054641e-05
2.740000000000000000e+02 0.000000000000000000e+00 0.000000000000000000e+00 0.000000000000000000e+00 0.000000000000000000e+00 0.000000000000000000e+00
2.750000000000000000e+02 0.000000000000000000e+00 0.000000000000000000e+00 0.000000000000000000e+00 0.000000000000000000e+00 5.741920604754012785e-05
2.760000000000000000e+02 0.000000000000000000e+00 0.000000000000000000e+00 0.000000000000000000e+00 0.000000000000000000e+00 3.219761495365619747e-05
2.770000000000000000e+02 0.000000000000000000e+00 0.000000000000000000e+00 0.000000000000000000e+00 0.000000000000000000e+00 6.705509740002081598e-05
2.780000000000000000e+02 0.000000000000000000e+00 0.000000000000000000e+00 0.000000000000000000e+00 0.000000000000000000e+00 5.672550841683065908e-05
2.790000000000000000e+02 0.000000000000000000e+00 0.000000000000000000e+00 0.000000000000000000e+00 0.000000000000000000e+00 3.283695936785691413e-05
2.800000000000000000e+02 0.000000000000000000e+00 0.000000000000000000e+00 0.000000000000000000e+00 0.000000000000000000e+00 4.248924275453700491e-05
2.810000000000000000e+02 0.000000000000000000e+00 0.000000000000000000e+00 0.000000000000000000e+00 0.000000000000000000e+00 9.260363029079617632e-06
2.820000000000000000e+02 0.000000000000000000e+00 0.000000000000000000e+00 0.000000000000000000e+00 0.000000000000000000e+00 6.918375293052363834e-05
2.830000000000000000e+02 0.000000000000000000e+00 0.000000000000000000e+00 0.000000000000000000e+00 0.000000000000000000e+00 8.491775543053427602e-05
2.840000000000000000e+02 0.000000000000000000e+00 0.000000000000000000e+00 0.000000000000000000e+00 0.000000000000000000e+00 4.220826493354047155e-05
2.850000000000000000e+02 0.000000000000000000e+00 0.000000000000000000e+00 0.000000000000000000e+00 0.000000000000000000e+00 1.656856360122431598e-05
2.860000000000000000e+02 0.000000000000000000e+00 0.000000000000000000e+00 0.000000000000000000e+00 0.000000000000000000e+00 6.344938500459463367e-05
2.870000000000000000e+02 0.000000000000000000e+00 0.000000000000000000e+00 0.000000000000000000e+00 0.000000000000000000e+00 2.474945551915821396e-05
2.880000000000000000e+02 0.000000000000000000e+00 0.000000000000000000e+00 0.000000000000000000e+00 0.000000000000000000e+00 4.581432014736724022e-05
2.890000000000000000e+02 0.000000000000000000e+00 0.000000000000000000e+00 0.000000000000000000e+00 0.000000000000000000e+00 1.343741018653705677e-05
2.900000000000000000e+02 0.000000000000000000e+00 0.000000000000000000e+00 0.000000000000000000e+00 0.000000000000000000e+00 4.431771688164681447e-05
2.910000000000000000e+02 0.000000000000000000e+00 0.000000000000000000e+00 0.000000000000000000e+00 0.000000000000000000e+00 7.679709250614291313e-05
2.920000000000000000e+02 0.000000000000000000e+00 0.000000000000000000e+00 0.000000000000000000e+00 0.000000000000000000e+00 8.384412935296164297e-05
2.930000000000000000e+02 0.000000000000000000e+00 0.000000000000000000e+00 0.000000000000000000e+00 0.000000000000000000e+00 1.025778261016781299e-05
2.940000000000000000e+02 0.000000000000000000e+00 0.000000000000000000e+00 0.000000000000000000e+00 0.000000000000000000e+00 5.520234579314234769e-05
2.950000000000000000e+02 0.000000000000000000e+00 0.000000000000000000e+00 0.000000000000000000e+00 0.000000000000000000e+00 4.430428714380052572e-05
2.960000000000000000e+02 0.000000000000000000e+00 0.000000000000000000e+00 0.000000000000000000e+00 0.000000000000000000e+00 1.201430633763937510e-05
2.970000000000000000e+02 0.000000000000000000e+00 0.000000000000000000e+00 0.000000000000000000e+00 0.000000000000000000e+00 8.903928488473999720e-05
2.980000000000000000e+02 0.000000000000000000e+00 0.000000000000000000e+00 0.000000000000000000e+00 0.000000000000000000e+00 4.265649612740123932e-05
2.990000000000000000e+02 0.000000000000000000e+00 0.000000000000000000e+00 0.000000000000000000e+00 0.000000000000000000e+00 0.000000000000000000e+00
3.000000000000000000e+02 0.000000000000000000e+00 0.000000000000000000e+00 0.000000000000000000e+00 0.000000000000000000e+00 8.749629350830280333e-05
3.010000000000000000e+02 0.000000000000000000e+00 0.000000000000000000e+00 0.000000000000000000e+00 0.000000000000000000e+00 5.084788560565369430e-05
3.020000000000000000e+02 0.000000000000000000e+00 0.000000000000000000e+00 0.000000000000000000e+00 0.000000000000000000e+00 2.700498355219833218e-05
3.030000000000000000e+02 0.000000000000000000e+00 0.000000000000000000e+00 0.000000000000000000e+00 0.000000000000000000e+00 1.002166496133973937e-05
3.040000000000000000e+02 0.000000000000000000e+00 0.000000000000000000e+00 0.000000000000000000e+00 0.000000000000000000e+00 7.816857825938265290e-05
3.050000000000000000e+02 0.000000000000000000e+00 0.000000000000000000e+00 0.000000000000000000e+00 0.000000000000000000e+00 7.373532015569566711e-05
3.060000000000000000e+02 0.000000000000000000e+00 0.000000000000000000e+00 0.000000000000000000e+00 0.000000000000000000e+00 4.002855409666898265e-05
3.070000000000000000e+02 0.000000000000000000e+00 0.000000000000000000e+00 0.000000000000000000e+00 0.000000000000000000e+00 1.624297648343833329e-05
3.080000000000000000e+02 0.000000000000000000e+00 0.000000000000000000e+00 0.000000000000000000e+00 0.000000000000000000e+00 3.972751559114090210e-05
3.090000000000000000e+02 0.000000000000000000e+00 0.000000000000000000e+00 0.000000000000000000e+00 0.000000000000000000e+00 4.359367068686407235e-05
3.100000000000000000e+02 0.000000000000000000e+00 0.000000000000000000e+00 0.000000000000000000e+00 0.000000000000000000e+00 4.403844896579414898e-05
3.110000000000000000e+02 0.000000000000000000e+00 0.000000000000000000e+00 0.000000000000000000e+00 0.000000000000000000e+00 8.743164866906584596e-05
3.120000000000000000e+02 0.000000000000000000e+00 0.000000000000000000e+00 0.000000000000000000e+00 0.000000000000000000e+00 2.841058553385330043e-05
3.130000000000000000e+02 0.000000000000000000e+00 0.000000000000000000e+00 0.000000000000000000e+00 0.000000000000000000e+00 4.570379488747638996e-05
3.140000000000000000e+02 0.000000000000000000e+00 0.000000000000000000e+00 0.000000000000000000e+00 0.000000000000000000e+00 8.008977384462196585e-05
3.150000000000000000e+02 0.000000000000000000e+00 0.000000000000000000e+00 0.000000000000000000e+00 0.000000000000000000e+00 0.000000000000000000e+00
3.160000000000000000e+02 0.000000000000000000e+00 0.000000000000000000e+00 0.000000000000000000e+00 0.000000000000000000e+00 5.287539401666597859e-05
3.170000000000000000e+02 0.000000000000000000e+00 0.000000000000000000e+00 0.000000000000000000e+00 0.000000000000000000e+00 0.000000000000000000e+00
3.180000000000000000e+02 0.000000000000000000e+00 0.000000000000000000e+00 0.000000000000000000e+00 0.000000000000000000e+00 8.190832379342425848e-05
3.190000000000000000e+02 0.000000000000000000e+00 0.000000000000000000e+00 0.000000000000000000e+00 0.000000000000000000e+00 5.245097870769644375e-05
3.200000000000000000e+02 0.000000000000000000e+00 0.000000000000000000e+00 0.000000000000000000e+00 0.000000000000000000e+00 6.960175682336542497e-05
3.210000000000000000e+02 0.000000000000000000e+00 0.000000000000000000e+00 0.000000000000000000e+00 0.000000000000000000e+00 1.794406710194666927e-05
3.220000000000000000e+02 0.000000000000000000e+00 0.000000000000000000e+00 0.000000000000000000e+00 0.000000000000000000e+00 7.909020389204195244e-05
3.230000000000000000e+02 0.000000000000000000e+00 0.000000000000000000e+00 0.000000000000000000e+00 0.000000000000000000e+00 3.142887384013599102e-05
3.240000000000000000e+02 0.000000000000000000e+00 0.000000000000000000e+00 0.000000000000000000e+00 0.000000000000000000e+00 3.519423344503873330e-05
3.250000000000000000e+02 0.000000000000000000e+00 0.000000000000000000e+00 0.000000000000000000e+00 0.000000000000000000e+00 1.392242327482126984e-05
3.260000000000000000e+02 0.000000000000000000e+00 0.000000000000000000e+00 0.000000000000000000e+00 0.000000000000000000e+00 1.014530315090696107e-04
3.270000000000000000e+02 0.000000000000000000e+00 0.000000000000000000e+00 0.000000000000000000e+00 0.000000000000000000e+00 1.843815252486656560e-05
3.280000000000000000e+02 0.000000000000000000e+00 0.000000000000000000e+00 0.000000000000000000e+00 0.000000000000000000e+00 6.100484043657334948e-05
3.290000000000000000e+02 0.000000000000000000e+00 0.000000000000000000e+00 0.000000000000000000e+00 0.000000000000000000e+00 1.577979063996212664e-05
3.300000000000000000e+02 0.000000000000000000e+00 0.000000000000000000e+00 0.000000000000000000e+00 0.000000000000000000e+00 5.021158871064188538e-05
3.310000000000000000e+02 0.000000000000000000e+00 0.000000000000000000e+00 0.000000000000000000e+00 0.000000000000000000e+00 5.865556300639621692e-05
3.320000000000000000e+02 0.000000000000000000e+00 0.000000000000000000e+00 0.000000000000000000e+00 0.000000000000000000e+00 6.680397798501293706e-05
3.330000000000000000e+02 0.000000000000000000e+00 0.000000000000000000e+00 0.000000000000000000e+00 0.000000000000000000e+00 5.042401941968956760e-05
3.340000000000000000e+02 0.000000000000000000e+00 0.000000000000000000e+00 0.000000000000000000e+00 0.000000000000000000e+00 3.603490483777522997e-05
3.350000000000000000e+02 0.000000000000000000e+00 0.000000000000000000e+00 0.000000000000000000e+00 0.000000000000000000e+00 4.497289347201047037e-05
3.360000000000000000e+02 0.000000000000000000e+00 0.000000000000000000e+00 0.000000000000000000e+00 0.000000000000000000e+00 6.503439418009035716e-05
3.370000000000000000e+02 0.000000000000000000e+00 0.000000000000000000e+00 0.000000000000000000e+00 0.000000000000000000e+00 1.128683430132992770e-05
3.380000000000000000e+02 0.000000000000000000e+00 0.000000000000000000e+00 0.000000000000000000e+00 0.000000000000000000e+00 3.924394358299031742e-05
3.390000000000000000e+02 0.000000000000000000e+00 0.000000000000000000e+00 0.000000000000000000e+00 0.000000000000000000e+00 1.329293834846649155e-05
3.400000000000000000e+02 0.000000000000000000e+00 0.000000000000000000e+00 0.000000000000000000e+00 0.000000000000000000e+00 8.961737472159815804e-05
3.410000000000000000e+02 0.000000000000000000e+00 0.000000000000000000e+00 0.000000000000000000e+00 0.000000000000000000e+00 6.566732832727242668e-05
3.420000000000000000e+02 0.000000000000000000e+00 0.000000000000000000e+00 0.000000000000000000e+00 0.000000000000000000e+00 6.297187505705182037e-05
3.430000000000000000e+02 0.000000000000000000e+00 0.000000000000000000e+00 0.000000000000000000e+00 0.000000000000000000e+00 0.000000000000000000e+00
3.440000000000000000e+02 0.000000000000000000e+00 0.000000000000000000e+00 0.000000000000000000e+00 0.000000000000000000e+00 5.290588012672551714e-05
3.450000000000000000e+02 0.000000000000000000e+00 0.000000000000000000e+00 0.000000000000000000e+00 0.000000000000000000e+00 6.178117383809697679e-05
3.460000000000000000e+02 0.000000000000000000e+00 0.000000000000000000e+00 0.000000000000000000e+00 0.000000000000000000e+00 0.000000000000000000e+00
3.470000000000000000e+02 0.000000000000000000e+00 0.000000000000000000e+00 0.000000000000000000e+00 0.000000000000000000e+00 8.495055137380031396e-05
3.480000000000000000e+02 0.000000000000000000e+00 0.000000000000000000e+00 0.000000000000000000e+00 0.000000000000000000e+00 3.941072025609275442e-05
3.490000000000000000e+02 0.000000000000000000e+00 0.000000000000000000e+00 0.000000000000000000e+00 0.000000000000000000e+00 4.879380579990932019e-05
3.500000000000000000e+02 0.000000000000000000e+00 0.000000000000000000e+00 0.000000000000000000e+00 0.000000000000000000e+00 5.789351921121025653e-05
3.510000000000000000e+02 0.000000000000000000e+00 0.000000000000000000e+00 0.000000000000000000e+00 0.000000000000000000e+00 3.200252848435820028e-05
3.520000000000000000e+02 0.000000000000000000e+00 0.000000000000000000e+00 0.000000000000000000e+00 0.000000000000000000e+00 4.435427537855982197e-05
3.530000000000000000e+02 0.000000000000000000e+00 0.000000000000000000e+00 0.000000000000000000e+00 0.000000000000000000e+00 1.826536660965646320e-05
3.540000000000000000e+02 0.000000000000000000e+00 0.000000000000000000e+00 0.000000000000000000e+00 0.000000000000000000e+00 8.010976029006269285e-05
3.550000000000000000e+02 0.000000000000000000e+00 0.000000000000000000e+00 0.000000000000000000e+00 0.000000000000000000e+00 7.238806954787234274e-05
3.560000000000000000e+02 0.000000000000000000e+00 0.000000000000000000e+00 0.000000000000000000e+00 0.000000000000000000e+00 2.408544022959428166e-05
3.570000000000000000e+02 0.000000000000000000e+00 0.000000000000000000e+00 0.000000000000000000e+00 0.000000000000000000e+00 2.427765380868427707e-05
3.580000000000000000e+02 0.000000000000000000e+00 0.000000000000000000e+00 0.000000000000000000e+00 0.000000000000000000e+00 7.953533314692185006e-05
3.590000000000000000e+02 0.000000000000000000e+00 0.000000000000000000e+00 0.000000000000000000e+00 0.000000000000000000e+00 1.109938221060226545e-05
3.600000000000000000e+02 0.000000000000000000e+00 0.000000000000000000e+00 0.000000000000000000e+00 0.000000000000000000e+00 1.183365499401681180e-05
3.610000000000000000e+02 0.000000000000000000e+00 0.000000000000000000e+00 0.000000000000000000e+00 0.000000000000000000e+00 1.136487714714823393e-04
3.620000000000000000e+02 0.000000000000000000e+00 0.000000000000000000e+00 0.000000000000000000e+00 0.000000000000000000e+00 6.947256766205614324e-05
3.630000000000000000e+02 0.000000000000000000e+00 0.000000000000000000e+00 0.000000000000000000e+00 0.000000000000000000e+00 9.082379943262407679e-06
3.640000000000000000e+02 0.000000000000000000e+00 0.000000000000000000e+00 0.000000000000000000e+00 0.000000000000000000e+00 7.185344582983117377e-05
3.650000000000000000e+02 0.000000000000000000e+00 0.000000000000000000e+00 0.000000000000000000e+00 0.000000000000000000e+00 9.520170976364426279e-06
3.660000000000000000e+02 0.000000000000000000e+00 0.000000000000000000e+00 0.000000000000000000e+00 0.000000000000000000e+00 2.235914347775976060e-05
3.670000000000000000e+02 0.000000000000000000e+00 0.000000000000000000e+00 0.000000000000000000e+00 0.000000000000000000e+00 6.092438741553820941e-05
3.680000000000000000e+02 0.000000000000000000e+00 0.000000000000000000e+00 0.000000000000000000e+00 0.000000000000000000e+00 5.186342837131156178e-05
3.690000000000000000e+02 0.000000000000000000e+00 0.000000000000000000e+00 0.000000000000000000e+00 0.000000000000000000e+00 5.549374018975443813e-05
3.700000000000000000e+02 0.000000000000000000e+00 0.000000000000000000e+00 0.000000000000000000e+00 0.000000000000000000e+00 4.851109041413944933e-05
3.710000000000000000e+02 0.000000000000000000e+00 0.000000000000000000e+00 0.000000000000000000e+00 0.000000000000000000e+00 4.566250188927248950e-05
3.720000000000000000e+02 0.000000000000000000e+00 0.000000000000000000e+00 0.000000000000000000e+00 0.000000000000000000e+00 6.740264120963636123e-05
3.730000000000000000e+02 0.000000000000000000e+00 0.000000000000000000e+00 0.000000000000000000e+00 0.000000000000000000e+00 2.339853115554274158e-05
3.740000000000000000e+02 0.000000000000000000e+00 0.000000000000000000e+00 0.000000000000000000e+00 0.000000000000000000e+00 3.346540480814092541e-05
3.750000000000000000e+02 0.000000000000000000e+00 0.000000000000000000e+00 0.000000000000000000e+00 0.000000000000000000e+00 5.609591789845446000e-05
3.760000000000000000e+02 0.000000000000000000e+00 0.000000000000000000e+00 0.000000000000000000e+00 0.000000000000000000e+00 7.174333606507745308e-05
3.770000000000000000e+02 0.000000000000000000e+00 0.000000000000000000e+00 0.000000000000000000e+00 0.000000000000000000e+00 4.539026669047472793e-05
3.780000000000000000e+02 0.000000000000000000e+00 0.000000000000000000e+00 0.000000000000000000e+00 0.000000000000000000e+00 2.231608234599659980e-05
3.790000000000000000e+02 0.000000000000000000e+00 0.000000000000000000e+00 0.000000000000000000e+00 0.000000000000000000e+00 2.356671715085798655e-05
3.800000000000000000e+02 0.000000000000000000e+00 0.000000000000000000e+00 0.000000000000000000e+00 0.000000000000000000e+00 5.042465874623941160e-05
3.810000000000000000e+02 0.000000000000000000e+00 0.000000000000000000e+00 0.000000000000000000e+00 0.000000000000000000e+00 6.123304986004284012e-05
3.820000000000000000e+02 0.000000000000000000e+00 0.000000000000000000e+00 0.000000000000000000e+00 0.000000000000000000e+00 4.259302107967812717e-05
3.830000000000000000e+02 0.000000000000000000e+00 0.000000000000000000e+00 0.000000000000000000e+00 0.000000000000000000e+00 7.710628454332813908e-05
3.840000000000000000e+02 0.000000000000000000e+00 0.000000000000000000e+00 0.000000000000000000e+00 0.000000000000000000e+00 2.225139127901185033e-05
3.850000000000000000e+02 0.000000000000000000e+00 0.000000000000000000e+00 0.000000000000000000e+00 0.000000000000000000e+00 4.331649805245796906e-05
3.860000000000000000e+02 0.000000000000000000e+00 0.000000000000000000e+00 0.000000000000000000e+00 0.000000000000000000e+00 7.726114842868796477e-05
3.870000000000000000e+02 0.000000000000000000e+00 0.000000000000000000e+00 0.000000000000000000e+00 0.000000000000000000e+00 0.000000000000000000e+00
3.880000000000000000e+02 0.000000000000000000e+00 0.000000000000000000e+00 0.000000000000000000e+00 0.000000000000000000e+00 3.073197349831780683e-05
3.890000000000000000e+02 0.000000000000000000e+00 0.000000000000000000e+00 0.000000000000000000e+00 0.000000000000000000e+00 9.346728711091599289e-05
3.900000000000000000e+02 0.000000000000000000e+00 0.000000000000000000e+00 0.000000000000000000e+00 0.000000000000000000e+00 2.594157217012696642e-05
3.910000000000000000e+02 0.000000000000000000e+00 0.000000000000000000e+00 0.000000000000000000e+00 0.000000000000000000e+00 6.697801543558765786e-05
3.920000000000000000e+02 0.000000000000000000e+00 0.000000000000000000e+00 0.000000000000000000e+00 0.000000000000000000e+00 4.269253186245672239e-05
3.930000000000000000e+02 0.000000000000000000e+00 0.000000000000000000e+00 0.000000000000000000e+00 0.000000000000000000e+00 1.910860420187249114e-05
3.940000000000000000e+02 0.000000000000000000e+00 0.000000000000000000e+00 0.000000000000000000e+00 0.000000000000000000e+00 7.294382425810629078e-05
3.950000000000000000e+02 0.000000000000000000e+00 0.000000000000000000e+00 0.000000000000000000e+00 0.000000000000000000e+00 8.467059670477615016e-06
3.960000000000000000e+02 0.000000000000000000e+00 0.000000000000000000e+00 0.000000000000000000e+00 0.000000000000000000e+00 6.770290816347491981e-05
3.970000000000000000e+02 0.000000000000000000e+00 0.000000000000000000e+00 0.000000000000000000e+00 0.000000000000000000e+00 4.183322317178050513e-05
3.980000000000000000e+02 0.000000000000000000e+00 0.000000000000000000e+00 0.000000000000000000e+00 0.000000000000000000e+00 7.739702695173514616e-05
3.990000000000000000e+02 0.000000000000000000e+00 0.000000000000000000e+00 0.000000000000000000e+00 0.000000000000000000e+00 1.459871178246928870e-05
4.000000000000000000e+02 0.000000000000000000e+00 0.000000000000000000e+00 0.000000000000000000e+00 0.000000000000000000e+00 6.739935581834751994e-05
4.010000000000000000e+02 0.000000000000000000e+00 0.000000000000000000e+00 0.000000000000000000e+00 0.000000000000000000e+00 7.219989657799151419e-06
4.020000000000000000e+02 0.000000000000000000e+00 0.000000000000000000e+00 0.000000000000000000e+00 0.000000000000000000e+00 5.729424325673740956e-05
4.030000000000000000e+02 0.000000000000000000e+00 0.000000000000000000e+00 0.000000000000000000e+00 0.000000000000000000e+00 7.346051105539630293e-05
4.040000000000000000e+02 0.000000000000000000e+00 0.000000000000000000e+00 0.000000000000000000e+00 0.000000000000000000e+00 2.974196998959740418e-05
4.050000000000000000e+02 0.000000000000000000e+00 0.000000000000000000e+00 0.000000000000000000e+00 0.000000000000000000e+00 6.515373044985120368e-05
4.060000000000000000e+02 0.000000000000000000e+00 0.000000000000000000e+00 0.000000000000000000e+00 0.000000000000000000e+00 2.946537529250974923e-05
4.070000000000000000e+02 0.000000000000000000e+00 0.000000000000000000e+00 0.000000000000000000e+00 0.000000000000000000e+00 3.285170005105740717e-05
4.080000000000000000e+02 0.000000000000000000e+00 0.000000000000000000e+00 0.000000000000000000e+00 0.000000000000000000e+00 5.957559257130004402e-05
4.090000000000000000e+02 0.000000000000000000e+00 0.000000000000000000e+00 0.000000000000000000e+00 0.000000000000000000e+00 1.391638679619180493e-05
4.100000000000000000e+02 0.000000000000000000e+00 0.000000000000000000e+00 0.000000000000000000e+00 0.000000000000000000e+00 7.813742688336142411e-05
4.110000000000000000e+02 0.000000000000000000e+00 0.000000000000000000e+00 0.000000000000000000e+00 0.000000000000000000e+00 5.659332743178949144e-05
4.120000000000000000e+02 0.000000000000000000e+00 0.000000000000000000e+00 0.000000000000000000e+00 0.000000000000000000e+00 7.024911507940383550e-05
4.130000000000000000e+02 0.000000000000000000e+00 0.000000000000000000e+00 0.000000000000000000e+00 0.000000000000000000e+00 2.630476790325862060e-05
4.140000000000000000e+02 0.000000000000000000e+00 0.000000000000000000e+00 0.000000000000000000e+00 0.000000000000000000e+00 4.106598378261517988e-05
4.150000000000000000e+02 0.000000000000000000e+00 0.000000000000000000e+00 0.000000000000000000e+00 0.000000000000000000e+00 1.065258875791282037e-05
4.160000000000000000e+02 0.000000000000000000e+00 0.000000000000000000e+00 0.000000000000000000e+00 0.000000000000000000e+00 5.958527740041943418e-05
4.170000000000000000e+02 0.000000000000000000e+00 0.000000000000000000e+00 0.000000000000000000e+00 0.000000000000000000e+00 3.900514270930303040e-05
4.180000000000000000e+02 0.000000000000000000e+00 0.000000000000000000e+00 0.000000000000000000e+00 0.000000000000000000e+00 5.419165192462302617e-05
4.190000000000000000e+02 0.000000000000000000e+00 0.000000000000000000e+00 0.000000000000000000e+00 0.000000000000000000e+00 3.956323754046488505e-05
4.200000000000000000e+02 0.000000000000000000e+00 0.000000000000000000e+00 0.000000000000000000e+00 0.000000000000000000e+00 6.110622370134014708e-05
4.210000000000000000e+02 0.000000000000000000e+00 0.000000000000000000e+00 0.000000000000000000e+00 0.000000000000000000e+00 3.528753490091394312e-05
4.220000000000000000e+02 0.000000000000000000e+00 0.000000000000000000e+00 0.000000000000000000e+00 0.000000000000000000e+00 6.840235768662389067e-05
4.230000000000000000e+02 0.000000000000000000e+00 0.000000000000000000e+00 0.000000000000000000e+00 0.000000000000000000e+00 7.154656321664728302e-06
4.240000000000000000e+02 0.000000000000000000e+00 0.000000000000000000e+00 0.000000000000000000e+00 0.000000000000000000e+00 8.066560081719138255e-05
4.250000000000000000e+02 0.000000000000000000e+00 0.000000000000000000e+00 0.000000000000000000e+00 0.000000000000000000e+00 6.851737620830658092e-05
4.260000000000000000e+02 0.000000000000000000e+00 0.000000000000000000e+00 0.000000000000000000e+00 0.000000000000000000e+00 2.820416704061415561e-05
4.270000000000000000e+02 0.000000000000000000e+00 0.000000000000000000e+00 0.000000000000000000e+00 0.000000000000000000e+00 4.220665766842982903e-05
4.280000000000000000e+02 0.000000000000000000e+00 0.000000000000000000e+00 0.000000000000000000e+00 0.000000000000000000e+00 2.811290643866326203e-05
4.290000000000000000e+02 0.000000000000000000e+00 0.000000000000000000e+00 0.000000000000000000e+00 0.000000000000000000e+00 1.646273317463581957e-05
4.300000000000000000e+02 0.000000000000000000e+00 0.000000000000000000e+00 0.000000000000000000e+00 0.000000000000000000e+00 8.737531611092047611e-05
4.310000000000000000e+02 0.000000000000000000e+00 0.000000000000000000e+00 0.000000000000000000e+00 0.000000000000000000e+00 4.043248685232984875e-05
4.320000000000000000e+02 0.000000000000000000e+00 0.000000000000000000e+00 0.000000000000000000e+00 0.000000000000000000e+00 3.625590702443054312e-05
4.330000000000000000e+02 0.000000000000000000e+00 0.000000000000000000e+00 0.000000000000000000e+00 0.000000000000000000e+00 5.749282717887454759e-05
4.340000000000000000e+02 0.000000000000000000e+00 0.000000000000000000e+00 0.000000000000000000e+00 0.000000000000000000e+00 6.912215255264187157e-05
4.350000000000000000e+02 0.000000000000000000e+00 0.000000000000000000e+00 0.000000000000000000e+00 0.000000000000000000e+00 1.393384018048803324e-05
4.360000000000000000e+02 0.000000000000000000e+00 0.000000000000000000e+00 0.000000000000000000e+00 0.000000000000000000e+00 4.476021876258726715e-05
4.370000000000000000e+02 0.000000000000000000e+00 0.000000000000000000e+00 0.000000000000000000e+00 0.000000000000000000e+00 3.073991945440464021e-05
4.380000000000000000e+02 0.000000000000000000e+00 0.000000000000000000e+00 0.000000000000000000e+00 0.000000000000000000e+00 4.499389325847267694e-05
4.390000000000000000e+02 0.000000000000000000e+00 0.000000000000000000e+00 0.000000000000000000e+00 0.000000000000000000e+00 8.043994182919156116e-05
4.400000000000000000e+02 0.000000000000000000e+00 0.000000000000000000e+00 0.000000000000000000e+00 0.000000000000000000e+00 5.844055552757568522e-05
4.410000000000000000e+02 0.000000000000000000e+00 0.000000000000000000e+00 0.000000000000000000e+00 0.000000000000000000e+00 3.318966350814484033e-05
4.420000000000000000e+02 0.000000000000000000e+00 0.000000000000000000e+00 0.000000000000000000e+00 0.000000000000000000e+00 2.572448286266899067e-05
4.430000000000000000e+02 0.000000000000000000e+00 0.000000000000000000e+00 0.000000000000000000e+00 0.000000000000000000e+00 4.915425923095027459e-05
4.440000000000000000e+02 0.000000000000000000e+00 0.000000000000000000e+00 0.000000000000000000e+00 0.000000000000000000e+00 6.619284476694314411e-05
4.450000000000000000e+02 0.000000000000000000e+00 0.000000000000000000e+00 0.000000000000000000e+00 0.000000000000000000e+00 0.000000000000000000e+00
4.460000000000000000e+02 0.000000000000000000e+00 0.000000000000000000e+00 0.000000000000000000e+00 0.000000000000000000e+00 6.928796560935777461e-05
4.470000000000000000e+02 0.000000000000000000e+00 0.000000000000000000e+00 0.000000000000000000e+00 0.000000000000000000e+00 6.117472426376424502e-05
4.480000000000000000e+02 0.000000000000000000e+00 0.000000000000000000e+00 0.000000000000000000e+00 0.000000000000000000e+00 5.011310395916590766e-05
4.490000000000000000e+02 0.000000000000000000e+00 0.000000000000000000e+00 0.000000000000000000e+00 0.000000000000000000e+00 4.894776160750371796e-05
4.500000000000000000e+02 0.000000000000000000e+00 0.000000000000000000e+00 0.000000000000000000e+00 0.000000000000000000e+00 3.308398860359389355e-05
4.510000000000000000e+02 0.000000000000000000e+00 0.000000000000000000e+00 0.000000000000000000e+00 0.000000000000000000e+00 1.437871436019166711e-05
4.520000000000000000e+02 0.000000000000000000e+00 0.000000000000000000e+00 0.000000000000000000e+00 0.000000000000000000e+00 6.587045517192410945e-05
4.530000000000000000e+02 0.000000000000000000e+00 0.000000000000000000e+00 0.000000000000000000e+00 0.000000000000000000e+00 8.599042124609931740e-05
4.540000000000000000e+02 0.000000000000000000e+00 0.000000000000000000e+00 0.000000000000000000e+00 0.000000000000000000e+00 1.559314715668094271e-05
4.550000000000000000e+02 0.000000000000000000e+00 0.000000000000000000e+00 0.000000000000000000e+00 0.000000000000000000e+00 5.594204437743342361e-05
4.560000000000000000e+02 0.000000000000000000e+00 0.000000000000000000e+00 0.000000000000000000e+00 0.000000000000000000e+00 4.370940786417571279e-05
4.570000000000000000e+02 0.000000000000000000e+00 0.000000000000000000e+00 0.000000000000000000e+00 0.000000000000000000e+00 3.699644474064717176e-05
4.580000000000000000e+02 0.000000000000000000e+00 0.000000000000000000e+00 0.000000000000000000e+00 0.000000000000000000e+00 3.600428476458035433e-05
4.590000000000000000e+02 0.000000000000000000e+00 0.000000000000000000e+00 0.000000000000000000e+00 0.000000000000000000e+00 2.988791284383245537e-05
4.600000000000000000e+02 0.000000000000000000e+00 0.000000000000000000e+00 0.000000000000000000e+00 0.000000000000000000e+00 7.120998799606391048e-05
4.610000000000000000e+02 0.000000000000000000e+00 0.000000000000000000e+00 0.000000000000000000e+00 0.000000000000000000e+00 7.927248533023656645e-05
4.620000000000000000e+02 0.000000000000000000e+00 0.000000000000000000e+00 0.000000000000000000e+00 0.000000000000000000e+00 4.827698808358764316e-05
4.630000000000000000e+02 0.000000000000000000e+00 0.000000000000000000e+00 0.000000000000000000e+00 0.000000000000000000e+00 3.231079674569956137e-05
4.640000000000000000e+02 0.000000000000000000e+00 0.000000000000000000e+00 0.000000000000000000e+00 0.000000000000000000e+00 2.515370475599002463e-05
4.650000000000000000e+02 0.000000000000000000e+00 0.000000000000000000e+00 0.000000000000000000e+00 0.000000000000000000e+00 4.813206295837832389e-05
4.660000000000000000e+02 0.000000000000000000e+00 0.000000000000000000e+00 0.000000000000000000e+00 0.000000000000000000e+00 5.768306470714375337e-05
4.670000000000000000e+02 0.000000000000000000e+00 0.000000000000000000e+00 0.000000000000000000e+00 0.000000000000000000e+00 3.655504087854390198e-05
4.680000000000000000e+02 0.000000000000000000e+00 0.000000000000000000e+00 0.000000000000000000e+00 0.000000000000000000e+00 4.092471605764734304e-05
4.690000000000000000e+02 0.000000000000000000e+00 0.000000000000000000e+00 0.000000000000000000e+00 0.000000000000000000e+00 4.446339024874167856e-05
4.700000000000000000e+02 0.000000000000000000e+00 0.000000000000000000e+00 0.000000000000000000e+00 0.000000000000000000e+00 7.650044127280506930e-05
4.710000000000000000e+02 0.000000000000000000e+00 0.000000000000000000e+00 0.000000000000000000e+00 0.000000000000000000e+00 2.344725029804078535e-05
4.720000000000000000e+02 0.000000000000000000e+00 0.000000000000000000e+00 0.000000000000000000e+00 0.000000000000000000e+00 5.338384009636339931e-05
4.730000000000000000e+02 0.000000000000000000e+00 0.000000000000000000e+00 0.000000000000000000e+00 0.000000000000000000e+00 1.409356468393383259e-05
4.740000000000000000e+02 0.000000000000000000e+00 0.000000000000000000e+00 0.000000000000000000e+00 0.000000000000000000e+00 1.036476139180134907e-04
4.750000000000000000e+02 0.000000000000000000e+00 0.000000000000000000e+00 0.000000000000000000e+00 0.000000000000000000e+00 6.392224374270507172e-05
4.760000000000000000e+02 0.000000000000000000e+00 0.000000000000000000e+00 0.000000000000000000e+00 0.000000000000000000e+00 1.914118205650840011e-05
4.770000000000000000e+02 0.000000000000000000e+00 0.000000000000000000e+00 0.000000000000000000e+00 0.000000000000000000e+00 2.423070301510937352e-05
4.780000000000000000e+02 0.000000000000000000e+00 0.000000000000000000e+00 0.000000000000000000e+00 0.000000000000000000e+00 3.933981359094564220e-05
4.790000000000000000e+02 0.000000000000000000e+00 0.000000000000000000e+00 0.000000000000000000e+00 0.000000000000000000e+00 5.060433679121211853e-05
4.800000000000000000e+02 0.000000000000000000e+00 0.000000000000000000e+00 0.000000000000000000e+00 0.000000000000000000e+00 4.745795263655721387e-05
4.810000000000000000e+02 0.000000000000000000e+00 0.000000000000000000e+00 0.000000000000000000e+00 0.000000000000000000e+00 6.365672832460840232e-05
4.820000000000000000e+02 0.000000000000000000e+00 0.000000000000000000e+00 0.000000000000000000e+00 0.000000000000000000e+00 2.461607080929564836e-05
4.830000000000000000e+02 0.000000000000000000e+00 0.000000000000000000e+00 0.000000000000000000e+00 0.000000000000000000e+00 7.906663389091707014e-05
4.840000000000000000e+02 0.000000000000000000e+00 0.000000000000000000e+00 0.000000000000000000e+00 0.000000000000000000e+00 5.117130793288141862e-05
4.850000000000000000e+02 0.000000000000000000e+00 0.000000000000000000e+00 0.000000000000000000e+00 0.000000000000000000e+00 4.418510401266793588e-05
4.860000000000000000e+02 0.000000000000000000e+00 0.000000000000000000e+00 0.000000000000000000e+00 0.000000000000000000e+00 1.846761220032409366e-05
4.870000000000000000e+02 0.000000000000000000e+00 0.000000000000000000e+00 0.000000000000000000e+00 0.000000000000000000e+00 1.738998965045806852e-05
4.880000000000000000e+02 0.000000000000000000e+00 0.000000000000000000e+00 0.000000000000000000e+00 0.000000000000000000e+00 1.152719584336760802e-04
4.890000000000000000e+02 0.000000000000000000e+00 0.000000000000000000e+00 0.000000000000000000e+00 0.000000000000000000e+00 3.575151033098172794e-05
4.900000000000000000e+02 0.000000000000000000e+00 0.000000000000000000e+00 0.000000000000000000e+00 0.000000000000000000e+00 5.924868505951447260e-05
4.910000000000000000e+02 0.000000000000000000e+00 0.000000000000000000e+00 0.000000000000000000e+00 0.000000000000000000e+00 2.233751622284120005e-05
4.920000000000000000e+02 0.000000000000000000e+00 0.000000000000000000e+00 0.000000000000000000e+00 0.000000000000000000e+00 7.532005224135115507e-05
4.930000000000000000e+02 0.000000000000000000e+00 0.000000000000000000e+00 0.000000000000000000e+00 0.000000000000000000e+00 1.537620244517217780e-05
4.940000000000000000e+02 0.000000000000000000e+00 0.000000000000000000e+00 0.000000000000000000e+00 0.000000000000000000e+00 5.257723186405793017e-05
4.950000000000000000e+02 0.000000000000000000e+00 0.000000000000000000e+00 0.000000000000000000e+00 0.000000000000000000e+00 4.332081957392380810e-05
4.960000000000000000e+02 0.000000000000000000e+00 0.000000000000000000e+00 0.000000000000000000e+00 0.000000000000000000e+00 6.904738570092778486e-05
4.970000000000000000e+02 0.000000000000000000e+00 0.000000000000000000e+00 0.000000000000000000e+00 0.000000000000000000e+00 5.776611191943795972e-05
4.980000000000000000e+02 0.000000000000000000e+00 0.000000000000000000e+00 0.000000000000000000e+00 0.000000000000000000e+00 3.789864771511635306e-05
4.990000000000000000e+02 0.000000000000000000e+00 0.000000000000000000e+00 0.000000000000000000e+00 0.000000000000000000e+00 1.719041410654473272e-05
5.000000000000000000e+02 7.077448941557979828e-16 -2.962894541943123249e-15 8.807489921903274109e-13 0.000000000000000000e+00 5.718340526369273288e-05
5.010000000000000000e+02 7.077448941557979828e-16 -2.962894541943123249e-15 8.807489921903274109e-13 0.000000000000000000e+00 3.444198121743953880e-05
5.020000000000000000e+02 7.077448941557979828e-16 -2.962894541943123249e-15 8.807489921903274109e-13 0.000000000000000000e+00 1.039154401745298113e-04
5.030000000000000000e+02 7.077448941557979828e-16 -2.962894541943123249e-15 8.807489921903274109e-13 0.000000000000000000e+00 4.057354402293845936e-05
5.040000000000000000e+02 7.077448941557979828e-16 -2.962894541943123249e-15 8.807489921903274109e-13 0.000000000000000000e+00 3.236354644390011337e-05
5.050000000000000000e+02 7.164931720602275518e-16 -2.757544304108960161e-15 8.850158997941834437e-13 0.000000000000000000e+00 3.783310942983672174e-05
5.060000000000000000e+02 7.339897278690867883e-16 -2.346843828440634381e-15 8.935497150018955092e-13 0.000000000000000000e+00 6.414403266139537220e-05
5.070000000000000000e+02 7.514862836779460249e-16 -1.936143352772308207e-15 9.020835302096076756e-13 0.000000000000000000e+00 2.053128288752120194e-05
5.080000000000000000e+02 7.689828394868051629e-16 -1.525442877103982229e-15 9.106173454173197412e-13 0.000000000000000000e+00 4.142603034447350861e-05
5.090000000000000000e+02 7.864793952956643994e-16 -1.114742401435656252e-15 9.191511606250318067e-13 0.000000000000000000e+00 3.991518798234729886e-05
5.100000000000000000e+02 8.039759511045235374e-16 -7.040419257673300771e-16 9.276849758327438722e-13 0.000000000000000000e+00 9.278310286347337722e-05
5.110000000000000000e+02 8.214725069133827739e-16 -2.933414500990039025e-16 9.362187910404559377e-13 0.000000000000000000e+00 5.241028789174490926e-05
5.120000000000000000e+02 8.389690627222419119e-16 1.173590255693218777e-16 9.447526062481680032e-13 0.000000000000000000e+00 4.523915567167159662e-05
5.130000000000000000e+02 8.564656185311011484e-16 5.280595012376480523e-16 9.532864214558800687e-13 0.000000000000000000e+00 2.840676262286167625e-05
5.140000000000000000e+02 8.739621743399603850e-16 9.387599769059742269e-16 9.618202366635921342e-13 0.000000000000000000e+00 4.569093706771879448e-05
5.150000000000000000e+02 8.846081085354691157e-16 1.411943259526549772e-15 9.619578741827783288e-13 0.000000000000000000e+00 4.402566089487717458e-05
5.160000000000000000e+02 8.884034211176273406e-16 1.947609349099375083e-15 9.536993340134386524e-13 0.000000000000000000e+00 7.162683192507849001e-05
5.170000000000000000e+02 8.921987336997856641e-16 2.483275438672200789e-15 9.454407938440989761e-13 0.000000000000000000e+00 4.658733338118406129e-05
5.180000000000000000e+02 8.959940462819437904e-16 3.018941528245026494e-15 9.371822536747590978e-13 0.000000000000000000e+00 6.214889005090266843e-06
5.190000000000000000e+02 8.997893588641021139e-16 3.554607617817852199e-15 9.289237135054194214e-13 0.000000000000000000e+00 8.359619257596272157e-05
5.200000000000000000e+02 9.035846714462604374e-16 4.090273707390677904e-15 9.206651733360797451e-13 0.000000000000000000e+00 6.410798219533984574e-05
5.210000000000000000e+02 9.073799840284187609e-16 4.625939796963502821e-15 9.124066331667400687e-13 0.000000000000000000e+00 4.478439534854324018e-06
5.220000000000000000e+02 9.111752966105768872e-16 5.161605886536329315e-15 9.041480929974001905e-13 0.000000000000000000e+00 7.157984625030801523e-05
5.230000000000000000e+02 9.149706091927352107e-16 5.697271976109154231e-15 8.958895528280605141e-13 0.000000000000000000e+00 4.824910985516635736e-05
5.240000000000000000e+02 9.187659217748935342e-16 6.232938065681979937e-15 8.876310126587207368e-13 0.000000000000000000e+00 7.228954449789501272e-05
5.250000000000000000e+02 9.272943225029082712e-16 6.814873917395866341e-15 8.936948769229048139e-13 0.000000000000000000e+00 5.022490349173634700e-05
5.260000000000000000e+02 9.405558113767792246e-16 7.443079531250813444e-15 9.140811456206125436e-13 0.000000000000000000e+00 4.381815228586963734e-05
5.270000000000000000e+02 9.538173002506505723e-16 8.071285145105759759e-15 9.344674143183205761e-13 0.000000000000000000e+00 1.716884554722672700e-05
5.280000000000000000e+02 9.670787891245215257e-16 8.699490758960707651e-15 9.548536830160282048e-13 0.000000000000000000e+00 7.779074020477865468e-05
5.290000000000000000e+02 9.803402779983928735e-16 9.327696372815653966e-15 9.752399517137362373e-13 0.000000000000000000e+00 2.033820616936925997e-05
5.300000000000000000e+02 9.936017668722638268e-16 9.955901986670600281e-15 9.956262204114438660e-13 0.000000000000000000e+00 7.095524022369363983e-05
5.310000000000000000e+02 1.006863255746135175e-15 1.058410760052554817e-14 1.016012489109151899e-12 0.000000000000000000e+00 3.428082823855863243e-05
5.320000000000000000e+02 1.020124744620006128e-15 1.121231321438049607e-14 1.036398757806859527e-12 0.000000000000000000e+00 7.256912829743382312e-05
5.330000000000000000e+02 1.033386233493877476e-15 1.184051882823544080e-14 1.056785026504567560e-12 0.000000000000000000e+00 6.959776299351200387e-05
5.340000000000000000e+02 1.046647722367748429e-15 1.246872444209038869e-14 1.077171295202275188e-12 0.000000000000000000e+00 2.580445862011849085e-05
5.350000000000000000e+02 1.049087788747932847e-15 1.298022197434216787e-14 1.083845705414268101e-12 0.000000000000000000e+00 4.262015334645631674e-05
5.360000000000000000e+02 1.040706432634430531e-15 1.337501142499077675e-14 1.076808257140545895e-12 0.000000000000000000e+00 3.142729764817456305e-05
5.370000000000000000e+02 1.032325076520928216e-15 1.376980087563938564e-14 1.069770808866823688e-12 0.000000000000000000e+00 5.190785950585294757e-05
5.380000000000000000e+02 1.023943720407425704e-15 1.416459032628799452e-14 1.062733360593101482e-12 0.000000000000000000e+00 7.184286039325412786e-05
5.390000000000000000e+02 1.015562364293923388e-15 1.455937977693660498e-14 1.055695912319379275e-12 0.000000000000000000e+00 6.118351518271679976e-05
5.400000000000000000e+02 1.007181008180421073e-15 1.495416922758521229e-14 1.048658464045656867e-12 0.000000000000000000e+00 2.922670026583099994e-05
5.410000000000000000e+02 9.987996520669187576e-16 1.534895867823382275e-14 1.041621015771934660e-12 0.000000000000000000e+00 7.954068931399565449e-05
5.420000000000000000e+02 9.904182959534162450e-16 1.574374812888243321e-14 1.034583567498212453e-12 0.000000000000000000e+00 5.076822301738215536e-05
5.430000000000000000e+02 9.820369398399139297e-16 1.613853757953104051e-14 1.027546119224490247e-12 0.000000000000000000e+00 1.201242799181772134e-05
5.440000000000000000e+02 9.736555837264116144e-16 1.653332703017965098e-14 1.020508670950768040e-12 0.000000000000000000e+00 5.444442938307530842e-05
5.450000000000000000e+02 9.721267959061815481e-16 1.701154821121699981e-14 1.030177628690614130e-12 0.000000000000000000e+00 4.354359335506000452e-05
5.460000000000000000e+02 9.774505763792239281e-16 1.757320112264308700e-14 1.056552992444028516e-12 0.000000000000000000e+00 9.063693597274077689e-05
5.470000000000000000e+02 9.827743568522663080e-16 1.813485403406917736e-14 1.082928356197442902e-12 0.000000000000000000e+00 5.013312340565099606e-05
5.480000000000000000e+02 9.880981373253086880e-16 1.869650694549526455e-14 1.109303719950857288e-12 0.000000000000000000e+00 3.776122915969535627e-05
5.490000000000000000e+02 9.934219177983510679e-16 1.925815985692135491e-14 1.135679083704271674e-12 0.000000000000000000e+00 2.305839783212227506e-05
5.500000000000000000e+02 9.987456982713936451e-16 1.981981276834744211e-14 1.162054447457685858e-12 0.000000000000000000e+00 6.584255704223752946e-05
5.510000000000000000e+02 1.004069478744436025e-15 2.038146567977353246e-14 1.188429811211100244e-12 0.000000000000000000e+00 3.893340035729960077e-05
5.520000000000000000e+02 1.009393259217478405e-15 2.094311859119961966e-14 1.214805174964514630e-12 0.000000000000000000e+00 9.826807990347642880e-05
5.530000000000000000e+02 1.014717039690520785e-15 2.150477150262571001e-14 1.241180538717929016e-12 0.000000000000000000e+00 3.069068911627407343e-05
5.540000000000000000e+02 1.020040820163563165e-15 2.206642441405179721e-14 1.267555902471343403e-12 0.000000000000000000e+00 4.312965478285626502e-05
5.550000000000000000e+02 1.018012534662914693e-15 2.246295090760080274e-14 1.283914622375484126e-12 0.000000000000000000e+00 6.468165561652639982e-05
5.560000000000000000e+02 1.008632183188575567e-15 2.269435098327272346e-14 1.290256698430351188e-12 0.000000000000000000e+00 3.926732275836802128e-05
5.570000000000000000e+02 9.992518317142362434e-16 2.292575105894464418e-14 1.296598774485218250e-12 0.000000000000000000e+00 2.600576539720418645e-05
5.580000000000000000e+02 9.898714802398969199e-16 2.315715113461656174e-14 1.302940850540085312e-12 0.000000000000000000e+00 4.215321518771736407e-05
5.590000000000000000e+02 9.804911287655577937e-16 2.338855121028848245e-14 1.309282926594952374e-12 0.000000000000000000e+00 8.584966113832717422e-05
5.600000000000000000e+02 9.711107772912184702e-16 2.361995128596040317e-14 1.315625002649819435e-12 0.000000000000000000e+00 6.474280566089459063e-05
5.610000000000000000e+02 9.617304258168793440e-16 2.385135136163232389e-14 1.321967078704686497e-12 0.000000000000000000e+00 6.119630696903775554e-05
5.620000000000000000e+02 9.523500743425400205e-16 2.408275143730424145e-14 1.328309154759553559e-12 0.000000000000000000e+00 2.305285909449233454e-05
5.630000000000000000e+02 9.429697228682006970e-16 2.431415151297616216e-14 1.334651230814420621e-12 0.000000000000000000e+00 4.733174194977746608e-05
5.640000000000000000e+02 9.335893713938615708e-16 2.454555158864808288e-14 1.340993306869287682e-12 0.000000000000000000e+00 6.571695181602986132e-05
5.650000000000000000e+02 9.207369184289012794e-16 2.461122315226493426e-14 1.342818970173035742e-12 0.000000000000000000e+00 1.904553132724741562e-05
5.660000000000000000e+02 9.044123639733202173e-16 2.451116620382671629e-14 1.340128220725664597e-12 0.000000000000000000e+00 1.066681086076673500e-04
5.670000000000000000e+02 8.880878095177391552e-16 2.441110925538849833e-14 1.337437471278293453e-12 0.000000000000000000e+00 2.443607042488357394e-05
5.680000000000000000e+02 8.717632550621580931e-16 2.431105230695028037e-14 1.334746721830922510e-12 0.000000000000000000e+00 3.569916537784288799e-05
5.690000000000000000e+02 8.554387006065769324e-16 2.421099535851206241e-14 1.332055972383551366e-12 0.000000000000000000e+00 7.895973307534526035e-05
5.700000000000000000e+02 8.391141461509958703e-16 2.411093841007384129e-14 1.329365222936180221e-12 0.000000000000000000e+00 4.779256318184598579e-05
5.710000000000000000e+02 8.227895916954147096e-16 2.401088146163562333e-14 1.326674473488809076e-12 0.000000000000000000e+00 3.158514915244212302e-05
5.720000000000000000e+02 8.064650372398336476e-16 2.391082451319740537e-14 1.323983724041438134e-12 0.000000000000000000e+00 4.632823670177306470e-05
5.730000000000000000e+02 7.901404827842525855e-16 2.381076756475918741e-14 1.321292974594066989e-12 0.000000000000000000e+00 8.553946223387581805e-05
5.740000000000000000e+02 7.738159283286714248e-16 2.371071061632096944e-14 1.318602225146695845e-12 0.000000000000000000e+00 5.273662335074213580e-05
5.750000000000000000e+02 7.639867218745766915e-16 2.376379026736407364e-14 1.332197652356139333e-12 0.000000000000000000e+00 4.146691438417514001e-05
5.760000000000000000e+02 7.606528634219682870e-16 2.397000651788850000e-14 1.362079256222397454e-12 0.000000000000000000e+00 4.281333027728272789e-05
5.770000000000000000e+02 7.573190049693597840e-16 2.417622276841292636e-14 1.391960860088655374e-12 0.000000000000000000e+00 5.717969705484630071e-05
5.780000000000000000e+02 7.539851465167513795e-16 2.438243901893735587e-14 1.421842463954913293e-12 0.000000000000000000e+00 4.521081954150781370e-05
5.790000000000000000e+02 7.506512880641429750e-16 2.458865526946178223e-14 1.451724067821171415e-12 0.000000000000000000e+00 2.599244471216832317e-05
5.800000000000000000e+02 7.473174296115344720e-16 2.479487151998620859e-14 1.481605671687429334e-12 0.000000000000000000e+00 8.038414415662897079e-05
5.810000000000000000e+02 7.439835711589260675e-16 2.500108777051063495e-14 1.511487275553687456e-12 0.000000000000000000e+00 6.592619376646171637e-05
5.820000000000000000e+02 7.406497127063176630e-16 2.520730402103506446e-14 1.541368879419945375e-12 0.000000000000000000e+00 7.315619720635542814e-05
5.830000000000000000e+02 7.373158542537091600e-16 2.541352027155949082e-14 1.571250483286203497e-12 0.000000000000000000e+00 4.997507736871789299e-05
5.840000000000000000e+02 7.339819958011007555e-16 2.561973652208391718e-14 1.601132087152461416e-12 0.000000000000000000e+00 2.303896214554103657e-05
5.850000000000000000e+02 7.240778354222012351e-16 2.553742250865385884e-14 1.618121905869910575e-12 0.000000000000000000e+00 4.739660990399196660e-05
5.860000000000000000e+02 7.076033731170105987e-16 2.516657823126931263e-14 1.622219939438550770e-12 0.000000000000000000e+00 4.435980400239698058e-05
5.870000000000000000e+02 6.911289108118199623e-16 2.479573395388476642e-14 1.626317973007191166e-12 0.000000000000000000e+00 7.697979514555977013e-05
5.880000000000000000e+02 6.746544485066292273e-16 2.442488967650022336e-14 1.630416006575831563e-12 0.000000000000000000e+00 6.075971307473958781e-05
5.890000000000000000e+02 6.581799862014385909e-16 2.405404539911567716e-14 1.634514040144471758e-12 0.000000000000000000e+00 4.236366215607119244e-05
5.900000000000000000e+02 6.417055238962479546e-16 2.368320112173113095e-14 1.638612073713112155e-12 0.000000000000000000e+00 4.808368999553264768e-05
5.910000000000000000e+02 6.252310615910573182e-16 2.331235684434658474e-14 1.642710107281752350e-12 0.000000000000000000e+00 6.124169959348734025e-05
5.920000000000000000e+02 6.087565992858665832e-16 2.294151256696204168e-14 1.646808140850392747e-12 0.000000000000000000e+00 6.301526864018528438e-05
5.930000000000000000e+02 5.922821369806759468e-16 2.257066828957749547e-14 1.650906174419033144e-12 0.000000000000000000e+00 4.781939264830813147e-06
5.940000000000000000e+02 5.758076746754853104e-16 2.219982401219294927e-14 1.655004207987673338e-12 0.000000000000000000e+00 7.320903581219299710e-05
5.950000000000000000e+02 5.625986931338223734e-16 2.188727799022709857e-14 1.665115834018694774e-12 0.000000000000000000e+00 1.010948626384189131e-04
5.960000000000000000e+02 5.526551923556871359e-16 2.163303022367994024e-14 1.681241052512097249e-12 0.000000000000000000e+00 2.826816220633090459e-05
5.970000000000000000e+02 5.427116915775519969e-16 2.137878245713278192e-14 1.697366271005499925e-12 0.000000000000000000e+00 4.611444313972353729e-05
5.980000000000000000e+02 5.327681907994167594e-16 2.112453469058562674e-14 1.713491489498902400e-12 0.000000000000000000e+00 4.266456756112397696e-05
5.990000000000000000e+02 5.228246900212815218e-16 2.087028692403846841e-14 1.729616707992304875e-12 0.000000000000000000e+00 5.058543177829233741e-05
6.000000000000000000e+02 5.128811892431463829e-16 2.061603915749131008e-14 1.745741926485707349e-12 0.000000000000000000e+00 6.081446424636723742e-05
6.010000000000000000e+02 5.029376884650111453e-16 2.036179139094415175e-14 1.761867144979109824e-12 0.000000000000000000e+00 5.523021573195011069e-05
6.020000000000000000e+02 4.929941876868759078e-16 2.010754362439699658e-14 1.777992363472512299e-12 0.000000000000000000e+00 8.053193009470065785e-05
6.030000000000000000e+02 4.830506869087407688e-16 1.985329585784983825e-14 1.794117581965914975e-12 0.000000000000000000e+00 2.293359282648819858e-05
6.040000000000000000e+02 4.731071861306055313e-16 1.959904809130267992e-14 1.810242800459317450e-12 0.000000000000000000e+00 8.689761812656666029e-05
6.050000000000000000e+02 4.626513752275007629e-16 1.924019082127289552e-14 1.822181117827228587e-12 0.000000000000000000e+00 4.787246953342494269e-05
6.060000000000000000e+02 4.516832541994265622e-16 1.877672404776048503e-14 1.829932534069648789e-12 0.000000000000000000e+00 2.450160949301743510e-05
6.070000000000000000e+02 4.407151331713524109e-16 1.831325727424807771e-14 1.837683950312068587e-12 0.000000000000000000e+00 4.002947163845981947e-05
6.080000000000000000e+02 4.297470121432782102e-16 1.784979050073566722e-14 1.845435366554488790e-12 0.000000000000000000e+00 7.646322963306473645e-05
6.090000000000000000e+02 4.187788911152040095e-16 1.738632372722325674e-14 1.853186782796908588e-12 0.000000000000000000e+00 5.148695236560531778e-05
6.100000000000000000e+02 4.078107700871297596e-16 1.692285695371084941e-14 1.860938199039328386e-12 0.000000000000000000e+00 6.046333907864708467e-05
6.110000000000000000e+02 3.968426490590555589e-16 1.645939018019843893e-14 1.868689615281748589e-12 0.000000000000000000e+00 6.012428154517531203e-05
6.120000000000000000e+02 3.858745280309813583e-16 1.599592340668602845e-14 1.876441031524168387e-12 0.000000000000000000e+00 2.843363504749291107e-05
6.130000000000000000e+02 3.749064070029071576e-16 1.553245663317362112e-14 1.884192447766588589e-12 0.000000000000000000e+00 5.928330741543028499e-05
6.140000000000000000e+02 3.639382859748329570e-16 1.506898985966121064e-14 1.891943864009008388e-12 0.000000000000000000e+00 6.073148184233778354e-05
6.150000000000000000e+02 3.546986641151354314e-16 1.456140140471197037e-14 1.894947085194842769e-12 0.000000000000000000e+00 3.416371396134215271e-05
6.160000000000000000e+02 3.471875414238145316e-16 1.400969126832589875e-14 1.893202111324091329e-12 0.000000000000000000e+00 7.529214373600670910e-05
6.170000000000000000e+02 3.396764187324936810e-16 1.345798113193982713e-14 1.891457137453340292e-12 0.000000000000000000e+00 6.659336939244153881e-05
6.180000000000000000e+02 3.321652960411728305e-16 1.290627099555375708e-14 1.889712163582588852e-12 0.000000000000000000e+00 5.559610318604074045e-05
6.190000000000000000e+02 3.246541733498519307e-16 1.235456085916768546e-14 1.887967189711837412e-12 0.000000000000000000e+00 3.114631697844607108e-05
6.200000000000000000e+02 3.171430506585310801e-16 1.180285072278161383e-14 1.886222215841086376e-12 0.000000000000000000e+00 5.281532360215523286e-05
6.210000000000000000e+02 3.096319279672101803e-16 1.125114058639554379e-14 1.884477241970334935e-12 0.000000000000000000e+00 3.222844800961291179e-05
6.220000000000000000e+02 3.021208052758893298e-16 1.069943045000947374e-14 1.882732268099583495e-12 0.000000000000000000e+00 9.199579289726442265e-05
6.230000000000000000e+02 2.946096825845684793e-16 1.014772031362340054e-14 1.880987294228832459e-12 0.000000000000000000e+00 4.608806331729458695e-05
6.240000000000000000e+02 2.870985598932475794e-16 9.596010177237330492e-15 1.879242320358081019e-12 0.000000000000000000e+00 7.887189987912783550e-05
6.250000000000000000e+02 2.812489538386010858e-16 9.124646146590192496e-15 1.896537701637597691e-12 0.000000000000000000e+00 2.263065404213375069e-05
6.260000000000000000e+02 2.770608644206289491e-16 8.733628221681988127e-15 1.932873438067382880e-12 0.000000000000000000e+00 8.523845906047187255e-05
6.270000000000000000e+02 2.728727750026568124e-16 8.342610296773782180e-15 1.969209174497167665e-12 0.000000000000000000e+00 1.582446899036610058e-05
6.280000000000000000e+02 2.686846855846846264e-16 7.951592371865577811e-15 2.005544910926952854e-12 0.000000000000000000e+00 5.469339592031507351e-05
6.290000000000000000e+02 2.644965961667124897e-16 7.560574446957373443e-15 2.041880647356737639e-12 0.000000000000000000e+00 2.642144373383983330e-05
6.300000000000000000e+02 2.603085067487403531e-16 7.169556522049167496e-15 2.078216383786522828e-12 0.000000000000000000e+00 9.364716282910791020e-05
6.310000000000000000e+02 2.561204173307682164e-16 6.778538597140963127e-15 2.114552120216307613e-12 0.000000000000000000e+00 7.279271983639039551e-05
6.320000000000000000e+02 2.519323279127960304e-16 6.387520672232757970e-15 2.150887856646092802e-12 0.000000000000000000e+00 4.662720565460060069e-05
6.330000000000000000e+02 2.477442384948238937e-16 5.996502747324552812e-15 2.187223593075877587e-12 0.000000000000000000e+00 6.075153633979556210e-05
6.340000000000000000e+02 2.435561490768517570e-16 5.605484822416347654e-15 2.223559329505662776e-12 0.000000000000000000e+00 2.178713549369418930e-05
6.350000000000000000e+02 2.415553579863174858e-16 5.072639446301802354e-15 2.239319179132066571e-12 0.000000000000000000e+00 4.622207427879969658e-05
6.360000000000000000e+02 2.417418652232210309e-16 4.397966618980915333e-15 2.234503141955088569e-12 0.000000000000000000e+00 7.983862422276510190e-05
6.370000000000000000e+02 2.419283724601245760e-16 3.723293791660029101e-15 2.229687104778111374e-12 0.000000000000000000e+00 4.550225130963426166e-05
6.380000000000000000e+02 2.421148796970281211e-16 3.048620964339142869e-15 2.224871067601133372e-12 0.000000000000000000e+00 6.061520317559534099e-05
6.390000000000000000e+02 2.423013869339316662e-16 2.373948137018256638e-15 2.220055030424156178e-12 0.000000000000000000e+00 3.487478483996617488e-05
6.400000000000000000e+02 2.424878941708352606e-16 1.699275309697370406e-15 2.215238993247178175e-12 0.000000000000000000e+00 7.851819867178033057e-05
6.410000000000000000e+02 2.426744014077388056e-16 1.024602482376483385e-15 2.210422956070200981e-12 0.000000000000000000e+00 5.559262670519390373e-05
6.420000000000000000e+02 2.428609086446423507e-16 3.499296550555971529e-16 2.205606918893222979e-12 0.000000000000000000e+00 2.970882189128774213e-05
6.430000000000000000e+02 2.430474158815458958e-16 -3.247431722652890790e-16 2.200790881716245784e-12 0.000000000000000000e+00 2.823044232450718698e-05
6.440000000000000000e+02 2.432339231184494409e-16 -9.994159995861753109e-16 2.195974844539267782e-12 0.000000000000000000e+00 1.126913181412569865e-04
6.450000000000000000e+02 2.419420016074007079e-16 -1.576207436963139228e-15 2.212840875813027857e-12 0.000000000000000000e+00 6.224313841290209136e-05
6.460000000000000000e+02 2.391716513483996968e-16 -2.055117484396180435e-15 2.251388975537525203e-12 0.000000000000000000e+00 3.877130062570878716e-05
6.470000000000000000e+02 2.364013010893986857e-16 -2.534027531829222037e-15 2.289937075262022548e-12 0.000000000000000000e+00 3.112865530859151348e-05
6.480000000000000000e+02 2.336309508303976253e-16 -3.012937579262263245e-15 2.328485174986519893e-12 0.000000000000000000e+00 5.816894932817728305e-05
6.490000000000000000e+02 2.308606005713966142e-16 -3.491847626695304847e-15 2.367033274711017238e-12 0.000000000000000000e+00 4.516485939171117220e-05
6.500000000000000000e+02 2.280902503123955538e-16 -3.970757674128346054e-15 2.405581374435514583e-12 0.000000000000000000e+00 5.836397289827370631e-05
6.510000000000000000e+02 2.253199000533945427e-16 -4.449667721561387656e-15 2.444129474160012332e-12 0.000000000000000000e+00 6.594839324526682075e-05
6.520000000000000000e+02 2.225495497943934823e-16 -4.928577768994429258e-15 2.482677573884509677e-12 0.000000000000000000e+00 6.124076605552641666e-05
6.530000000000000000e+02 2.197791995353924712e-16 -5.407487816427470071e-15 2.521225673609007022e-12 0.000000000000000000e+00 5.879076066204409257e-05
6.540000000000000000e+02 2.170088492763914354e-16 -5.886397863860511673e-15 2.559773773333504368e-12 0.000000000000000000e+00 4.522717921507506415e-05
6.550000000000000000e+02 2.190302866373755010e-16 -6.423807582027185756e-15 2.565843437184272941e-12 0.000000000000000000e+00 5.671987351029079608e-05
6.560000000000000000e+02 2.258435116183446432e-16 -7.019716970927492321e-15 2.539434665161311934e-12 0.000000000000000000e+00 3.100289723918266935e-05
6.570000000000000000e+02 2.326567365993137855e-16 -7.615626359827799674e-15 2.513025893138351735e-12 0.000000000000000000e+00 3.316993122792741863e-05
6.580000000000000000e+02 2.394699615802829277e-16 -8.211535748728107028e-15 2.486617121115390729e-12 0.000000000000000000e+00 9.506595659965620302e-05
6.590000000000000000e+02 2.462831865612520700e-16 -8.807445137628414381e-15 2.460208349092430530e-12 0.000000000000000000e+00 6.231688244168701464e-05
6.600000000000000000e+02 2.530964115422211629e-16 -9.403354526528721735e-15 2.433799577069469524e-12 0.000000000000000000e+00 4.720831421252815412e-05
6.610000000000000000e+02 2.599096365231903051e-16 -9.999263915429029088e-15 2.407390805046509325e-12 0.000000000000000000e+00 4.829765308201141878e-05
6.620000000000000000e+02 2.667228615041594474e-16 -1.059517330432933644e-14 2.380982033023548318e-12 0.000000000000000000e+00 6.386778652963127760e-05
6.630000000000000000e+02 2.735360864851285896e-16 -1.119108269322964380e-14 2.354573261000588119e-12 0.000000000000000000e+00 3.575151720442347155e-05
6.640000000000000000e+02 2.803493114660977318e-16 -1.178699208212995115e-14 2.328164488977627113e-12 0.000000000000000000e+00 4.240661282139544970e-05
6.650000000000000000e+02 2.848624345753988852e-16 -1.231825135122073296e-14 2.325213668018113020e-12 0.000000000000000000e+00 6.939916824703523158e-05
6.660000000000000000e+02 2.870754558130320989e-16 -1.278486050050199396e-14 2.345720798122045032e-12 0.000000000000000000e+00 7.473103020057389381e-05
6.670000000000000000e+02 2.892884770506652634e-16 -1.325146964978325338e-14 2.366227928225977448e-12 0.000000000000000000e+00 5.493261622455516345e-05
6.680000000000000000e+02 2.915014982882984771e-16 -1.371807879906451437e-14 2.386735058329909461e-12 0.000000000000000000e+00 2.877414256948264369e-05
6.690000000000000000e+02 2.937145195259316416e-16 -1.418468794834577380e-14 2.407242188433841473e-12 0.000000000000000000e+00 5.030805766274235182e-05
6.700000000000000000e+02 2.959275407635648553e-16 -1.465129709762703322e-14 2.427749318537773890e-12 0.000000000000000000e+00 2.645321318332319338e-05
6.710000000000000000e+02 2.981405620011980198e-16 -1.511790624690829579e-14 2.448256448641705902e-12 0.000000000000000000e+00 8.058005854312373585e-05
6.720000000000000000e+02 3.003535832388312335e-16 -1.558451539618955521e-14 2.468763578745637915e-12 0.000000000000000000e+00 8.253394775000213958e-05
6.730000000000000000e+02 3.025666044764643980e-16 -1.605112454547081463e-14 2.489270708849569927e-12 0.000000000000000000e+00 2.660674244446768665e-05
6.740000000000000000e+02 3.047796257140976117e-16 -1.651773369475207721e-14 2.509777838953502344e-12 0.000000000000000000e+00 7.383367961540779670e-05
6.750000000000000000e+02 3.113695409683514160e-16 -1.710261024148435657e-14 2.535879023017342722e-12 0.000000000000000000e+00 4.964641216792091302e-05
6.760000000000000000e+02 3.223363502392259095e-16 -1.780575418566765588e-14 2.567574261041091871e-12 0.000000000000000000e+00 4.342252007838482986e-05
6.770000000000000000e+02 3.333031595101004030e-16 -1.850889812985095835e-14 2.599269499064841020e-12 0.000000000000000000e+00 5.486514288519733041e-05
6.780000000000000000e+02 3.442699687809748965e-16 -1.921204207403426081e-14 2.630964737088590169e-12 0.000000000000000000e+00 2.459588346935531118e-05
6.790000000000000000e+02 3.552367780518493899e-16 -1.991518601821756012e-14 2.662659975112339318e-12 0.000000000000000000e+00 5.193605461891194464e-05
6.800000000000000000e+02 3.662035873227238834e-16 -2.061832996240086258e-14 2.694355213136088063e-12 0.000000000000000000e+00 1.053412300662459681e-04
6.810000000000000000e+02 3.771703965935983769e-16 -2.132147390658416189e-14 2.726050451159837212e-12 0.000000000000000000e+00 4.265397959754140970e-05
6.820000000000000000e+02 3.881372058644728704e-16 -2.202461785076746435e-14 2.757745689183586360e-12 0.000000000000000000e+00 5.637430435592061278e-05
6.830000000000000000e+02 3.991040151353473638e-16 -2.272776179495076682e-14 2.789440927207335509e-12 0.000000000000000000e+00 2.580006480003560408e-05
6.840000000000000000e+02 4.100708244062218573e-16 -2.343090573913406613e-14 2.821136165231084658e-12 0.000000000000000000e+00 6.368662773720310617e-05
6.850000000000000000e+02 4.206436673276599227e-16 -2.395221714388750640e-14 2.825446608201076426e-12 0.000000000000000000e+00 4.083993930744101835e-05
6.860000000000000000e+02 4.308225438996616092e-16 -2.429169600921108763e-14 2.802372256117311216e-12 0.000000000000000000e+00 7.225191720117183443e-05
6.870000000000000000e+02 4.410014204716632957e-16 -2.463117487453466570e-14 2.779297904033546006e-12 0.000000000000000000e+00 4.305661105930074325e-05
6.880000000000000000e+02 4.511802970436649822e-16 -2.497065373985824378e-14 2.756223551949780796e-12 0.000000000000000000e+00 4.329489384226680669e-05
6.890000000000000000e+02 4.613591736156666687e-16 -2.531013260518182501e-14 2.733149199866015587e-12 0.000000000000000000e+00 6.781706528246323720e-05
6.900000000000000000e+02 4.715380501876683552e-16 -2.564961147050540309e-14 2.710074847782250377e-12 0.000000000000000000e+00 4.528212906572855461e-05
6.910000000000000000e+02 4.817169267596700417e-16 -2.598909033582898432e-14 2.687000495698485167e-12 0.000000000000000000e+00 5.672954244707221030e-05
6.920000000000000000e+02 4.918958033316717282e-16 -2.632856920115256239e-14 2.663926143614719957e-12 0.000000000000000000e+00 2.463949188309859934e-05
6.930000000000000000e+02 5.020746799036734147e-16 -2.666804806647614047e-14 2.640851791530954747e-12 0.000000000000000000e+00 6.860721621431496828e-05
6.940000000000000000e+02 5.122535564756751012e-16 -2.700752693179972170e-14 2.617777439447189538e-12 0.000000000000000000e+00 8.415836045693021684e-05
6.950000000000000000e+02 5.194080435014175539e-16 -2.755908807934300652e-14 2.631006280605770280e-12 0.000000000000000000e+00 4.180291665065073991e-05
6.960000000000000000e+02 5.235381409809008716e-16 -2.832273150910599493e-14 2.680538315006696571e-12 0.000000000000000000e+00 6.144009583896676207e-05
6.970000000000000000e+02 5.276682384603840907e-16 -2.908637493886898650e-14 2.730070349407622862e-12 0.000000000000000000e+00 1.978705098676973326e-05
6.980000000000000000e+02 5.317983359398674083e-16 -2.985001836863197806e-14 2.779602383808549153e-12 0.000000000000000000e+00 4.833928913377846234e-05
6.990000000000000000e+02 5.359284334193506274e-16 -3.061366179839496963e-14 2.829134418209475445e-12 0.000000000000000000e+00 4.973519412342862603e-05
7.000000000000000000e+02 5.400585308988339450e-16 -3.137730522815795489e-14 2.878666452610402140e-12 0.000000000000000000e+00 8.196448638895777270e-05
7.010000000000000000e+02 5.441886283783171641e-16 -3.214094865792094645e-14 2.928198487011328431e-12 0.000000000000000000e+00 2.982626037599852493e-05
7.020000000000000000e+02 5.483187258578004817e-16 -3.290459208768393802e-14 2.977730521412254722e-12 0.000000000000000000e+00 8.952285612259171135e-05
7.030000000000000000e+02 5.524488233372837008e-16 -3.366823551744692959e-14 3.027262555813181013e-12 0.000000000000000000e+00 5.216843415833885019e-05
7.040000000000000000e+02 5.565789208167670185e-16 -3.443187894720991484e-14 3.076794590214107708e-12 0.000000000000000000e+00 2.935392943023562307e-05
7.050000000000000000e+02 5.646502988766433947e-16 -3.492149165425189627e-14 3.084441736915270069e-12 0.000000000000000000e+00 3.830397196652561158e-05
7.060000000000000000e+02 5.766629575169129280e-16 -3.513707363857286757e-14 3.050203995916668905e-12 0.000000000000000000e+00 3.989791812088488868e-05
7.070000000000000000e+02 5.886756161571824614e-16 -3.535265562289383886e-14 3.015966254918067741e-12 0.000000000000000000e+00 7.302196292762982207e-05
7.080000000000000000e+02 6.006882747974519947e-16 -3.556823760721480384e-14 2.981728513919466577e-12 0.000000000000000000e+00 7.895758224977708888e-05
7.090000000000000000e+02 6.127009334377215280e-16 -3.578381959153577514e-14 2.947490772920865413e-12 0.000000000000000000e+00 3.525394953762353329e-05
7.100000000000000000e+02 6.247135920779910614e-16 -3.599940157585674012e-14 2.913253031922264249e-12 0.000000000000000000e+00 4.145068217590381683e-05
7.110000000000000000e+02 6.367262507182605947e-16 -3.621498356017771141e-14 2.879015290923663488e-12 0.000000000000000000e+00 5.008516984704966567e-05
7.120000000000000000e+02 6.487389093585301281e-16 -3.643056554449867639e-14 2.844777549925062324e-12 0.000000000000000000e+00 6.003897225512436778e-05
7.130000000000000000e+02 6.607515679987996614e-16 -3.664614752881964769e-14 2.810539808926461160e-12 0.000000000000000000e+00 4.928371793865211382e-05
7.140000000000000000e+02 6.727642266390691948e-16 -3.686172951314061898e-14 2.776302067927859996e-12 0.000000000000000000e+00 5.311833078683503198e-05
7.150000000000000000e+02 6.854849275142620611e-16 -3.746743190467053180e-14 2.781369365946180165e-12 0.000000000000000000e+00 3.017992079800952313e-05
7.160000000000000000e+02 6.989136706243782603e-16 -3.846325470340939246e-14 2.825741702981421668e-12 0.000000000000000000e+00 8.874238829080577037e-05
7.170000000000000000e+02 7.123424137344945581e-16 -3.945907750214825943e-14 2.870114040016662767e-12 0.000000000000000000e+00 3.982286566431915724e-05
7.180000000000000000e+02 7.257711568446107573e-16 -4.045490030088712009e-14 2.914486377051904270e-12 0.000000000000000000e+00 5.208275283004311042e-05
7.190000000000000000e+02 7.391998999547269565e-16 -4.145072309962598075e-14 2.958858714087145772e-12 0.000000000000000000e+00 2.071709651562538517e-05
7.200000000000000000e+02 7.526286430648432543e-16 -4.244654589836484772e-14 3.003231051122386871e-12 0.000000000000000000e+00 5.517677906146145524e-05
7.210000000000000000e+02 7.660573861749594535e-16 -4.344236869710370838e-14 3.047603388157628374e-12 0.000000000000000000e+00 7.776268327017461638e-05
7.220000000000000000e+02 7.794861292850756527e-16 -4.443819149584256904e-14 3.091975725192869877e-12 0.000000000000000000e+00 7.591184077172504017e-05
7.230000000000000000e+02 7.929148723951919506e-16 -4.543401429458143601e-14 3.136348062228110975e-12 0.000000000000000000e+00 2.447566559704880579e-05
7.240000000000000000e+02 8.063436155053081498e-16 -4.642983709332029667e-14 3.180720399263352478e-12 0.000000000000000000e+00 6.038241907126224226e-05
7.250000000000000000e+02 8.228116240703014462e-16 -4.709964052856953267e-14 3.190077805290566839e-12 0.000000000000000000e+00 4.050426047984739185e-05
7.260000000000000000e+02 8.423188980901719386e-16 -4.744342460032915663e-14 3.164420280309753654e-12 0.000000000000000000e+00 4.370601991098107175e-05
7.270000000000000000e+02 8.618261721100423323e-16 -4.778720867208876797e-14 3.138762755328940873e-12 0.000000000000000000e+00 3.653803490440512593e-05
7.280000000000000000e+02 8.813334461299127260e-16 -4.813099274384839192e-14 3.113105230348128092e-12 0.000000000000000000e+00 5.252707924036826859e-05
7.290000000000000000e+02 9.008407201497831197e-16 -4.847477681560800326e-14 3.087447705367314907e-12 0.000000000000000000e+00 7.157675711612032057e-05
7.300000000000000000e+02 9.203479941696537107e-16 -4.881856088736762722e-14 3.061790180386502126e-12 0.000000000000000000e+00 5.613778171658690992e-05
7.310000000000000000e+02 9.398552681895241044e-16 -4.916234495912723856e-14 3.036132655405688941e-12 0.000000000000000000e+00 4.717933228885628523e-05
7.320000000000000000e+02 9.593625422093944981e-16 -4.950612903088686252e-14 3.010475130424876160e-12 0.000000000000000000e+00 6.556890734592077548e-05
7.330000000000000000e+02 9.788698162292648918e-16 -4.984991310264647385e-14 2.984817605444063379e-12 0.000000000000000000e+00 1.908177994194246388e-05
7.340000000000000000e+02 9.983770902491352856e-16 -5.019369717440609781e-14 2.959160080463250194e-12 0.000000000000000000e+00 6.283531049404650695e-05
7.350000000000000000e+02 1.021061888048292571e-15 -5.056110995519683116e-14 2.937658064127539972e-12 0.000000000000000000e+00 3.932792652786788794e-05
7.360000000000000000e+02 1.046924209626736748e-15 -5.095215144501868651e-14 2.920311556436932714e-12 0.000000000000000000e+00 5.659001303716724415e-05
7.370000000000000000e+02 1.072786531205180727e-15 -5.134319293484054187e-14 2.902965048746325456e-12 0.000000000000000000e+00 3.314456023497407329e-05
7.380000000000000000e+02 1.098648852783624904e-15 -5.173423442466239091e-14 2.885618541055717794e-12 0.000000000000000000e+00 8.451709617164954625e-05
7.390000000000000000e+02 1.124511174362069081e-15 -5.212527591448424627e-14 2.868272033365110536e-12 0.000000000000000000e+00 3.332826770389875885e-05
7.400000000000000000e+02 1.150373495940513061e-15 -5.251631740430610163e-14 2.850925525674503278e-12 0.000000000000000000e+00 4.647979996146988247e-05
7.410000000000000000e+02 1.176235817518957237e-15 -5.290735889412795698e-14 2.833579017983896020e-12 0.000000000000000000e+00 4.439590084569866666e-05
7.420000000000000000e+02 1.202098139097401414e-15 -5.329840038394980603e-14 2.816232510293288359e-12 0.000000000000000000e+00 5.992205142556436152e-05
7.430000000000000000e+02 1.227960460675845394e-15 -5.368944187377166138e-14 2.798886002602681101e-12 0.000000000000000000e+00 8.204976645117222338e-05
7.440000000000000000e+02 1.253822782254289571e-15 -5.408048336359351674e-14 2.781539494912073843e-12 0.000000000000000000e+00 4.145902708696642903e-05
7.450000000000000000e+02 1.285783098383605461e-15 -5.470082500461596551e-14 2.782812291372496163e-12 0.000000000000000000e+00 3.676312499764041911e-05
7.460000000000000000e+02 1.323841409063793263e-15 -5.555046679683900139e-14 2.802704391983948465e-12 0.000000000000000000e+00 3.097593003156169249e-05
7.470000000000000000e+02 1.361899719743981261e-15 -5.640010858906204357e-14 2.822596492595400767e-12 0.000000000000000000e+00 6.543416345563296435e-05
7.480000000000000000e+02 1.399958030424169063e-15 -5.724975038128507945e-14 2.842488593206853473e-12 0.000000000000000000e+00 3.658206344104547022e-05
7.490000000000000000e+02 1.438016341104356864e-15 -5.809939217350812164e-14 2.862380693818305776e-12 0.000000000000000000e+00 3.044491678246059088e-05
7.500000000000000000e+02 1.476074651784544862e-15 -5.894903396573116382e-14 2.882272794429758078e-12 0.000000000000000000e+00 7.919574987244307380e-05
7.510000000000000000e+02 1.514132962464732664e-15 -5.979867575795420601e-14 2.902164895041210380e-12 0.000000000000000000e+00 3.505166972165926770e-05
7.520000000000000000e+02 1.552191273144920465e-15 -6.064831755017723558e-14 2.922056995652663086e-12 0.000000000000000000e+00 7.854181738601989096e-05
7.530000000000000000e+02 1.590249583825108464e-15 -6.149795934240027776e-14 2.941949096264115388e-12 0.000000000000000000e+00 4.623582916425011177e-05
7.540000000000000000e+02 1.628307894505296265e-15 -6.234760113462331995e-14 2.961841196875567691e-12 0.000000000000000000e+00 3.056619254489448262e-05
7.550000000000000000e+02 1.677984373452388916e-15 -6.295973413849216934e-14 2.961898494136234246e-12 0.000000000000000000e+00 3.231004074973505534e-05
7.560000000000000000e+02 1.739279020666386613e-15 -6.333435835400682593e-14 2.942120988046115054e-12 0.000000000000000000e+00 5.491030399882970475e-05
7.570000000000000000e+02 1.800573667880384113e-15 -6.370898256952146991e-14 2.922343481955996266e-12 0.000000000000000000e+00 7.695949294332769689e-05
7.580000000000000000e+02 1.861868315094381613e-15 -6.408360678503612650e-14 2.902565975865877074e-12 0.000000000000000000e+00 4.881583457645790887e-05
7.590000000000000000e+02 1.923162962308379113e-15 -6.445823100055078309e-14 2.882788469775757882e-12 0.000000000000000000e+00 2.501447964737405942e-05
7.600000000000000000e+02 1.984457609522376613e-15 -6.483285521606542706e-14 2.863010963685639094e-12 0.000000000000000000e+00 5.975050786956626904e-05
7.610000000000000000e+02 2.045752256736374508e-15 -6.520747943158008366e-14 2.843233457595519902e-12 0.000000000000000000e+00 4.326651001207565801e-05
7.620000000000000000e+02 2.107046903950372008e-15 -6.558210364709474025e-14 2.823455951505400711e-12 0.000000000000000000e+00 5.747203618772997187e-05
7.630000000000000000e+02 2.168341551164369508e-15 -6.595672786260938422e-14 2.803678445415281923e-12 0.000000000000000000e+00 3.897085657940977337e-05
7.640000000000000000e+02 2.229636198378367008e-15 -6.633135207812404082e-14 2.783900939325162731e-12 0.000000000000000000e+00 5.421975048594995290e-05
7.650000000000000000e+02 2.289543355505320544e-15 -6.654324106767470147e-14 2.774579025057023683e-12 0.000000000000000000e+00 5.709442317898232028e-05
7.660000000000000000e+02 2.348063022545229720e-15 -6.659239483126135355e-14 2.775712702610864779e-12 0.000000000000000000e+00 5.197774958168383994e-05
7.670000000000000000e+02 2.406582689585138896e-15 -6.664154859484800563e-14 2.776846380164705874e-12 0.000000000000000000e+00 4.592972755128155686e-05
7.680000000000000000e+02 2.465102356625047678e-15 -6.669070235843467034e-14 2.777980057718546970e-12 0.000000000000000000e+00 3.504512363541584360e-05
7.690000000000000000e+02 2.523622023664956855e-15 -6.673985612202132242e-14 2.779113735272388066e-12 0.000000000000000000e+00 5.289013047233485747e-05
7.700000000000000000e+02 2.582141690704866031e-15 -6.678900988560798713e-14 2.780247412826229566e-12 0.000000000000000000e+00 3.968274112058136493e-05
7.710000000000000000e+02 2.640661357744775208e-15 -6.683816364919463921e-14 2.781381090380070662e-12 0.000000000000000000e+00 6.173284079322437527e-05
7.720000000000000000e+02 2.699181024784684384e-15 -6.688731741278130392e-14 2.782514767933911758e-12 0.000000000000000000e+00 6.813798398617474186e-05
7.730000000000000000e+02 2.757700691824593166e-15 -6.693647117636795600e-14 2.783648445487752853e-12 0.000000000000000000e+00 2.824166725539766637e-05
7.740000000000000000e+02 2.816220358864502342e-15 -6.698562493995460808e-14 2.784782123041593949e-12 0.000000000000000000e+00 6.027309036909940092e-05
7.750000000000000000e+02 2.877801975256422769e-15 -6.669867526343929255e-14 2.769843155957181137e-12 0.000000000000000000e+00 5.284163521446481350e-05
7.760000000000000000e+02 2.942445541000354053e-15 -6.607562214682198415e-14 2.738831544234514012e-12 0.000000000000000000e+00 2.948173667573429741e-05
7.770000000000000000e+02 3.007089106744285731e-15 -6.545256903020468838e-14 2.707819932511846887e-12 0.000000000000000000e+00 2.707230990162724251e-05
7.780000000000000000e+02 3.071732672488217014e-15 -6.482951591358737998e-14 2.676808320789179762e-12 0.000000000000000000e+00 7.995617351722077897e-05
7.790000000000000000e+02 3.136376238232148297e-15 -6.420646279697008420e-14 2.645796709066512637e-12 0.000000000000000000e+00 5.712401642116839769e-05
7.800000000000000000e+02 3.201019803976079975e-15 -6.358340968035277581e-14 2.614785097343845512e-12 0.000000000000000000e+00 5.078487278020311734e-05
7.810000000000000000e+02 3.265663369720011258e-15 -6.296035656373548003e-14 2.583773485621178388e-12 0.000000000000000000e+00 3.492763900323286809e-05
7.820000000000000000e+02 3.330306935463942542e-15 -6.233730344711817163e-14 2.552761873898511263e-12 0.000000000000000000e+00 5.473411333347264689e-05
7.830000000000000000e+02 3.394950501207874219e-15 -6.171425033050087586e-14 2.521750262175844138e-12 0.000000000000000000e+00 4.068600068596919502e-05
7.840000000000000000e+02 3.459594066951805503e-15 -6.109119721388356746e-14 2.490738650453177013e-12 0.000000000000000000e+00 5.134648855001334392e-05
7.850000000000000000e+02 3.530115452717404830e-15 -6.040398332721876757e-14 2.470987169872724346e-12 0.000000000000000000e+00 5.810778378720612899e-05
7.860000000000000000e+02 3.606514658504672595e-15 -5.965260867050645093e-14 2.462495820434486137e-12 0.000000000000000000e+00 5.041174229426336454e-05
7.870000000000000000e+02 3.682913864291939572e-15 -5.890123401379413429e-14 2.454004470996247929e-12 0.000000000000000000e+00 3.674388180089603877e-05
7.880000000000000000e+02 3.759313070079207337e-15 -5.814985935708181766e-14 2.445513121558009316e-12 0.000000000000000000e+00 5.706554846859133431e-05
7.890000000000000000e+02 3.835712275866474313e-15 -5.739848470036950102e-14 2.437021772119771107e-12 0.000000000000000000e+00 3.888702663159332229e-05
7.900000000000000000e+02 3.912111481653742078e-15 -5.664711004365719069e-14 2.428530422681532494e-12 0.000000000000000000e+00 1.984406630963002984e-05
7.910000000000000000e+02 3.988510687441009055e-15 -5.589573538694487406e-14 2.420039073243294285e-12 0.000000000000000000e+00 5.691680729314968972e-05
7.920000000000000000e+02 4.064909893228276031e-15 -5.514436073023255742e-14 2.411547723805055673e-12 0.000000000000000000e+00 8.036284866587311876e-05
7.930000000000000000e+02 4.141309099015543796e-15 -5.439298607352024710e-14 2.403056374366817464e-12 0.000000000000000000e+00 4.964479294457580546e-05
7.940000000000000000e+02 4.217708304802810773e-15 -5.364161141680793046e-14 2.394565024928579255e-12 0.000000000000000000e+00 5.455678929527730739e-05
7.950000000000000000e+02 4.293187574872312899e-15 -5.264518791582768649e-14 2.383868398892359827e-12 0.000000000000000000e+00 2.300122235032237404e-05
7.960000000000000000e+02 4.367746909224049385e-15 -5.140371557057950255e-14 2.370966496258159180e-12 0.000000000000000000e+00 7.480838132475149845e-05
7.970000000000000000e+02 4.442306243575785871e-15 -5.016224322533133124e-14 2.358064593623958937e-12 0.000000000000000000e+00 2.113741830531036734e-05
7.980000000000000000e+02 4.516865577927522357e-15 -4.892077088008314731e-14 2.345162690989758694e-12 0.000000000000000000e+00 4.329522802974010778e-05
7.990000000000000000e+02 4.591424912279258843e-15 -4.767929853483497600e-14 2.332260788355558047e-12 0.000000000000000000e+00 4.979529209744815112e-05
8.000000000000000000e+02 4.665984246630995329e-15 -4.643782618958679207e-14 2.319358885721357804e-12 0.000000000000000000e+00 4.259882603729226596e-05
8.010000000000000000e+02 4.740543580982731027e-15 -4.519635384433862076e-14 2.306456983087157158e-12 0.000000000000000000e+00 7.101980815805107854e-05
8.020000000000000000e+02 4.815102915334467513e-15 -4.395488149909043683e-14 2.293555080452956915e-12 0.000000000000000000e+00 5.239512361569447196e-05
8.030000000000000000e+02 4.889662249686203999e-15 -4.271340915384226552e-14 2.280653177818756672e-12 0.000000000000000000e+00 3.682604653831404457e-05
8.040000000000000000e+02 4.964221584037940485e-15 -4.147193680859408159e-14 2.267751275184556025e-12 0.000000000000000000e+00 4.358661879346248705e-05
8.050000000000000000e+02 5.064348865324910263e-15 -4.009356389455763750e-14 2.264245717133043578e-12 0.000000000000000000e+00 4.593479904100366217e-05
8.060000000000000000e+02 5.190044093547113331e-15 -3.857829041173292693e-14 2.270136503664218926e-12 0.000000000000000000e+00 5.546693549887109101e-05
8.070000000000000000e+02 5.315739321769317189e-15 -3.706301692890821006e-14 2.276027290195394275e-12 0.000000000000000000e+00 4.754580472939353428e-05
8.080000000000000000e+02 5.441434549991520258e-15 -3.554774344608349950e-14 2.281918076726569623e-12 0.000000000000000000e+00 5.448710857190183717e-05
8.090000000000000000e+02 5.567129778213723326e-15 -3.403246996325878894e-14 2.287808863257744972e-12 0.000000000000000000e+00 1.562078127828409873e-05
8.100000000000000000e+02 5.692825006435927184e-15 -3.251719648043407206e-14 2.293699649788919917e-12 0.000000000000000000e+00 9.186796068246906122e-05
8.110000000000000000e+02 5.818520234658130252e-15 -3.100192299760936150e-14 2.299590436320095265e-12 0.000000000000000000e+00 2.772242256430320647e-05
8.120000000000000000e+02 5.944215462880333321e-15 -2.948664951478464462e-14 2.305481222851270614e-12 0.000000000000000000e+00 2.953494918760658796e-05
8.130000000000000000e+02 6.069910691102537178e-15 -2.797137603195993406e-14 2.311372009382445962e-12 0.000000000000000000e+00 7.252912917794156027e-05
8.140000000000000000e+02 6.195605919324740247e-15 -2.645610254913522034e-14 2.317262795913621311e-12 0.000000000000000000e+00 5.698499751210215659e-05
8.150000000000000000e+02 6.284191259629369315e-15 -2.460157107995345260e-14 2.320356955097029053e-12 0.000000000000000000e+00 4.839268932894561599e-05
8.160000000000000000e+02 6.335666712016425171e-15 -2.240778162441463713e-14 2.320654486932669188e-12 0.000000000000000000e+00 5.328144566173414023e-05
8.170000000000000000e+02 6.387142164403481027e-15 -2.021399216887581851e-14 2.320952018768309727e-12 0.000000000000000000e+00 2.782062865028513970e-05
8.180000000000000000e+02 6.438617616790536884e-15 -1.802020271333699990e-14 2.321249550603949862e-12 0.000000000000000000e+00 4.621307709554791531e-05
8.190000000000000000e+02 6.490093069177592740e-15 -1.582641325779818128e-14 2.321547082439589997e-12 0.000000000000000000e+00 4.229819973236417297e-05
8.200000000000000000e+02 6.541568521564648596e-15 -1.363262380225936581e-14 2.321844614275230131e-12 0.000000000000000000e+00 6.039728259573600799e-05
8.210000000000000000e+02 6.593043973951704452e-15 -1.143883434672054719e-14 2.322142146110870266e-12 0.000000000000000000e+00 4.778491554809374088e-05
8.220000000000000000e+02 6.644519426338760308e-15 -9.245044891181731731e-15 2.322439677946510401e-12 0.000000000000000000e+00 5.437031887850651580e-05
8.230000000000000000e+02 6.695994878725816164e-15 -7.051255435642913112e-15 2.322737209782150940e-12 0.000000000000000000e+00 5.308981435983791167e-05
8.240000000000000000e+02 6.747470331112872021e-15 -4.857465980104097648e-15 2.323034741617791075e-12 0.000000000000000000e+00 3.828290583495112614e-05
8.250000000000000000e+02 6.798183773666125024e-15 -2.555138332169811467e-15 2.316009759369640195e-12 0.000000000000000000e+00 4.375552895850409046e-05
8.260000000000000000e+02 6.848135206385575963e-15 -1.442724918400589055e-16 2.301662263037698703e-12 0.000000000000000000e+00 3.207796450121053178e-05
8.270000000000000000e+02 6.898086639105026902e-15 2.266593348489692473e-15 2.287314766705756807e-12 0.000000000000000000e+00 5.020463138356184331e-05
8.280000000000000000e+02 6.948038071824477841e-15 4.677459188819445428e-15 2.272967270373814911e-12 0.000000000000000000e+00 5.637985298749034334e-05
8.290000000000000000e+02 6.997989504543928780e-15 7.088325029149196806e-15 2.258619774041873419e-12 0.000000000000000000e+00 5.577481983446615503e-05
8.300000000000000000e+02 7.047940937263380507e-15 9.499190869478950551e-15 2.244272277709931523e-12 0.000000000000000000e+00 6.101456937171119871e-05
8.310000000000000000e+02 7.097892369982831446e-15 1.191005670980870193e-14 2.229924781377990031e-12 0.000000000000000000e+00 1.748722187818272110e-05
8.320000000000000000e+02 7.147843802702282385e-15 1.432092255013845331e-14 2.215577285046048135e-12 0.000000000000000000e+00 9.249795552145948755e-05
8.330000000000000000e+02 7.197795235421733324e-15 1.673178839046820468e-14 2.201229788714106239e-12 0.000000000000000000e+00 1.115971778205187863e-05
8.340000000000000000e+02 7.247746668141184263e-15 1.914265423079795606e-14 2.186882292382164747e-12 0.000000000000000000e+00 4.649209951102637362e-05
8.350000000000000000e+02 7.291813698232424395e-15 2.155613989000738145e-14 2.184637545449761914e-12 0.000000000000000000e+00 7.517852729623974355e-05
8.360000000000000000e+02 7.329996325695452142e-15 2.397224536809648399e-14 2.194495547916898548e-12 0.000000000000000000e+00 5.056374229976227659e-05
8.370000000000000000e+02 7.368178953158479890e-15 2.638835084618558338e-14 2.204353550384035182e-12 0.000000000000000000e+00 4.206452301221522453e-05
8.380000000000000000e+02 7.406361580621507637e-15 2.880445632427468592e-14 2.214211552851171815e-12 0.000000000000000000e+00 4.121868163433719433e-05
8.390000000000000000e+02 7.444544208084535385e-15 3.122056180236378531e-14 2.224069555318308449e-12 0.000000000000000000e+00 3.721594759813594690e-05
8.400000000000000000e+02 7.482726835547563132e-15 3.363666728045288470e-14 2.233927557785444679e-12 0.000000000000000000e+00 2.700254999895861823e-05
8.410000000000000000e+02 7.520909463010590879e-15 3.605277275854199040e-14 2.243785560252581313e-12 0.000000000000000000e+00 7.361476921885339866e-05
8.420000000000000000e+02 7.559092090473618627e-15 3.846887823663108978e-14 2.253643562719717946e-12 0.000000000000000000e+00 7.540604858202294236e-05
8.430000000000000000e+02 7.597274717936646374e-15 4.088498371472018917e-14 2.263501565186854580e-12 0.000000000000000000e+00 3.653929793582693958e-05
8.440000000000000000e+02 7.635457345399674121e-15 4.330108919280929487e-14 2.273359567653991214e-12 0.000000000000000000e+00 4.652145014283367674e-05
8.450000000000000000e+02 7.665196565975397933e-15 4.569747737022534450e-14 2.284788275933703760e-12 0.000000000000000000e+00 4.871930740659506475e-05
8.460000000000000000e+02 7.686492379663814654e-15 4.807414824696835068e-14 2.297787690025992218e-12 0.000000000000000000e+00 5.778904687041242302e-05
8.470000000000000000e+02 7.707788193352232953e-15 5.045081912371135686e-14 2.310787104118281080e-12 0.000000000000000000e+00 2.511941298797369508e-05
8.480000000000000000e+02 7.729084007040649673e-15 5.282749000045435672e-14 2.323786518210569942e-12 0.000000000000000000e+00 2.326761509886516552e-05
8.490000000000000000e+02 7.750379820729067972e-15 5.520416087719736290e-14 2.336785932302858401e-12 0.000000000000000000e+00 6.959718401941803508e-05
8.500000000000000000e+02 7.771675634417484693e-15 5.758083175394036908e-14 2.349785346395147263e-12 0.000000000000000000e+00 7.057360030804852690e-05
8.510000000000000000e+02 7.792971448105902991e-15 5.995750263068337526e-14 2.362784760487435721e-12 0.000000000000000000e+00 6.511155247012857187e-05
8.520000000000000000e+02 7.814267261794319712e-15 6.233417350742638144e-14 2.375784174579724583e-12 0.000000000000000000e+00 4.018193171783287772e-05
8.530000000000000000e+02 7.835563075482738011e-15 6.471084438416938762e-14 2.388783588672013445e-12 0.000000000000000000e+00 1.844372749416037141e-05
8.540000000000000000e+02 7.856858889171154732e-15 6.708751526091239380e-14 2.401783002764301904e-12 0.000000000000000000e+00 7.535739623066102413e-05
8.550000000000000000e+02 7.849236849949561316e-15 6.918409574799801399e-14 2.405653281602723898e-12 0.000000000000000000e+00 2.454258167325790309e-05
8.560000000000000000e+02 7.812696957817954608e-15 7.100058584542623558e-14 2.400394425187278622e-12 0.000000000000000000e+00 7.045668990707099739e-05
8.570000000000000000e+02 7.776157065686349477e-15 7.281707594285445717e-14 2.395135568771833345e-12 0.000000000000000000e+00 4.169393209422844271e-05
8.580000000000000000e+02 7.739617173554742770e-15 7.463356604028267875e-14 2.389876712356388472e-12 0.000000000000000000e+00 4.241375938956687630e-05
8.590000000000000000e+02 7.703077281423137639e-15 7.645005613771090034e-14 2.384617855940943195e-12 0.000000000000000000e+00 4.608942873038168004e-05
8.600000000000000000e+02 7.666537389291530931e-15 7.826654623513912193e-14 2.379358999525498322e-12 0.000000000000000000e+00 6.129472827396829828e-05
8.610000000000000000e+02 7.629997497159925801e-15 8.008303633256735614e-14 2.374100143110053046e-12 0.000000000000000000e+00 4.382653094184568184e-05
8.620000000000000000e+02 7.593457605028319093e-15 8.189952642999557772e-14 2.368841286694608173e-12 0.000000000000000000e+00 2.122661786853258234e-05
8.630000000000000000e+02 7.556917712896713963e-15 8.371601652742379931e-14 2.363582430279162896e-12 0.000000000000000000e+00 8.358509314250973032e-05
8.640000000000000000e+02 7.520377820765107255e-15 8.553250662485202090e-14 2.358323573863717619e-12 0.000000000000000000e+00 5.424080339459319772e-05
8.650000000000000000e+02 7.510917504353529114e-15 8.759551089505463491e-14 2.374918978905729916e-12 0.000000000000000000e+00 4.560835016290270980e-05
8.660000000000000000e+02 7.528536763661976384e-15 8.990502933803164134e-14 2.413368645405199785e-12 0.000000000000000000e+00 4.613482035507505838e-05
8.670000000000000000e+02 7.546156022970423654e-15 9.221454778100864777e-14 2.451818311904669250e-12 0.000000000000000000e+00 3.153843327920012466e-05
8.680000000000000000e+02 7.563775282278870924e-15 9.452406622398565420e-14 2.490267978404138716e-12 0.000000000000000000e+00 7.417571097505370613e-05
8.690000000000000000e+02 7.581394541587318194e-15 9.683358466696266063e-14 2.528717644903608585e-12 0.000000000000000000e+00 1.196878297948958659e-05
8.700000000000000000e+02 7.599013800895765464e-15 9.914310310993966706e-14 2.567167311403078051e-12 0.000000000000000000e+00 7.776437991761513168e-05
8.710000000000000000e+02 7.616633060204212734e-15 1.014526215529166609e-13 2.605616977902547920e-12 0.000000000000000000e+00 6.152940500512863657e-05
8.720000000000000000e+02 7.634252319512660004e-15 1.037621399958936673e-13 2.644066644402017386e-12 0.000000000000000000e+00 5.029982853107726315e-05
8.730000000000000000e+02 7.651871578821107275e-15 1.060716584388706737e-13 2.682516310901486851e-12 0.000000000000000000e+00 5.268414987159999270e-05
8.740000000000000000e+02 7.669490838129554545e-15 1.083811768818476802e-13 2.720965977400956721e-12 0.000000000000000000e+00 2.931649554299600290e-05
8.750000000000000000e+02 7.625714591698153831e-15 1.097435922894167759e-13 2.731868821091060958e-12 0.000000000000000000e+00 3.523029374207103812e-05
8.760000000000000000e+02 7.520542839526903556e-15 1.101589046615779862e-13 2.715224841971800371e-12 0.000000000000000000e+00 3.112987024809706782e-05
8.770000000000000000e+02 7.415371087355653281e-15 1.105742170337391838e-13 2.698580862852539380e-12 0.000000000000000000e+00 9.628541500388766348e-05
8.780000000000000000e+02 7.310199335184404583e-15 1.109895294059003941e-13 2.681936883733278793e-12 0.000000000000000000e+00 4.730576798349824246e-05
8.790000000000000000e+02 7.205027583013154308e-15 1.114048417780615918e-13 2.665292904614018206e-12 0.000000000000000000e+00 3.784147009330899843e-05
8.800000000000000000e+02 7.099855830841904033e-15 1.118201541502228020e-13 2.648648925494757215e-12 0.000000000000000000e+00 4.967534979002494238e-05
8.810000000000000000e+02 6.994684078670653758e-15 1.122354665223839997e-13 2.632004946375496628e-12 0.000000000000000000e+00 5.928230852074900021e-05
8.820000000000000000e+02 6.889512326499403483e-15 1.126507788945452100e-13 2.615360967256236041e-12 0.000000000000000000e+00 5.689854230995620873e-05
8.830000000000000000e+02 6.784340574328153208e-15 1.130660912667064076e-13 2.598716988136975051e-12 0.000000000000000000e+00 3.357258228922111609e-05
8.840000000000000000e+02 6.679168822156903722e-15 1.134814036388676179e-13 2.582073009017714464e-12 0.000000000000000000e+00 4.344488591740723669e-05
8.850000000000000000e+02 6.631261341218376888e-15 1.147971541993397693e-13 2.600795282747076434e-12 0.000000000000000000e+00 6.920408279789132906e-05
8.860000000000000000e+02 6.640618131512573495e-15 1.170133429481228745e-13 2.654883809325061768e-12 0.000000000000000000e+00 6.626513845195370830e-05
8.870000000000000000e+02 6.649974921806769313e-15 1.192295316969060050e-13 2.708972335903047102e-12 0.000000000000000000e+00 2.371187145498934796e-05
8.880000000000000000e+02 6.659331712100965920e-15 1.214457204456891102e-13 2.763060862481032033e-12 0.000000000000000000e+00 5.039286778809096666e-05
8.890000000000000000e+02 6.668688502395162527e-15 1.236619091944722154e-13 2.817149389059017367e-12 0.000000000000000000e+00 2.281692212909259694e-05
8.900000000000000000e+02 6.678045292689358345e-15 1.258780979432553205e-13 2.871237915637002702e-12 0.000000000000000000e+00 6.114221991569535985e-05
8.910000000000000000e+02 6.687402082983554952e-15 1.280942866920384257e-13 2.925326442214988036e-12 0.000000000000000000e+00 7.287906035930212880e-05
8.920000000000000000e+02 6.696758873277751559e-15 1.303104754408215309e-13 2.979414968792972967e-12 0.000000000000000000e+00 5.389063369674164741e-05
8.930000000000000000e+02 6.706115663571947377e-15 1.325266641896046614e-13 3.033503495370958301e-12 0.000000000000000000e+00 4.561236070792331124e-05
8.940000000000000000e+02 6.715472453866143984e-15 1.347428529383877666e-13 3.087592021948943635e-12 0.000000000000000000e+00 4.679538736536489066e-05
8.950000000000000000e+02 6.652030272840427096e-15 1.353633573758466931e-13 3.101910957169102274e-12 0.000000000000000000e+00 4.853104327386169401e-05
8.960000000000000000e+02 6.515789120494795923e-15 1.343881775019814408e-13 3.076460301031434620e-12 0.000000000000000000e+00 6.079590754594982533e-05
8.970000000000000000e+02 6.379547968149165539e-15 1.334129976281161886e-13 3.051009644893767370e-12 0.000000000000000000e+00 2.527520720585878176e-05
8.980000000000000000e+02 6.243306815803535156e-15 1.324378177542509617e-13 3.025558988756099716e-12 0.000000000000000000e+00 5.279276510495250303e-05
8.990000000000000000e+02 6.107065663457903983e-15 1.314626378803857095e-13 3.000108332618432062e-12 0.000000000000000000e+00 7.750071631272627032e-05
9.000000000000000000e+02 5.970824511112273599e-15 1.304874580065204573e-13 2.974657676480764812e-12 0.000000000000000000e+00 5.930661535975644802e-05
9.010000000000000000e+02 5.834583358766642427e-15 1.295122781326552051e-13 2.949207020343097159e-12 0.000000000000000000e+00 5.090871885765139824e-05
9.020000000000000000e+02 5.698342206421012043e-15 1.285370982587899781e-13 2.923756364205429505e-12 0.000000000000000000e+00 4.015065003211550987e-05
9.030000000000000000e+02 5.562101054075380870e-15 1.275619183849247259e-13 2.898305708067761851e-12 0.000000000000000000e+00 2.640876380067843472e-05
9.040000000000000000e+02 5.425859901729750486e-15 1.265867385110594737e-13 2.872855051930094601e-12 0.000000000000000000e+00 7.296523397480960977e-05
9.050000000000000000e+02 5.326135049225697827e-15 1.262218303727913821e-13 2.870612096983683497e-12 0.000000000000000000e+00 4.077311859571083170e-05
9.060000000000000000e+02 5.262926496563222102e-15 1.264671939701204259e-13 2.891576843228529347e-12 0.000000000000000000e+00 5.639568584728120763e-05
9.070000000000000000e+02 5.199717943900746377e-15 1.267125575674494698e-13 2.912541589473375197e-12 0.000000000000000000e+00 3.897095762205059400e-05
9.080000000000000000e+02 5.136509391238270653e-15 1.269579211647785136e-13 2.933506335718220643e-12 0.000000000000000000e+00 7.273063707839057409e-05
9.090000000000000000e+02 5.073300838575794928e-15 1.272032847621075574e-13 2.954471081963066493e-12 0.000000000000000000e+00 3.112034674766354133e-05
9.100000000000000000e+02 5.010092285913319992e-15 1.274486483594366013e-13 2.975435828207911939e-12 0.000000000000000000e+00 5.902587014956842533e-05
9.110000000000000000e+02 4.946883733250844268e-15 1.276940119567656451e-13 2.996400574452757789e-12 0.000000000000000000e+00 3.219817013476821121e-05
9.120000000000000000e+02 4.883675180588368543e-15 1.279393755540946889e-13 3.017365320697603234e-12 0.000000000000000000e+00 7.312391032518880337e-05
9.130000000000000000e+02 4.820466627925892818e-15 1.281847391514237328e-13 3.038330066942449084e-12 0.000000000000000000e+00 5.017090305806090936e-05
9.140000000000000000e+02 4.757258075263417094e-15 1.284301027487527766e-13 3.059294813187294934e-12 0.000000000000000000e+00 7.684390170015827515e-05
9.150000000000000000e+02 4.679409535860877723e-15 1.281150636105166958e-13 3.070749474942085358e-12 0.000000000000000000e+00 3.655649829116931976e-05
9.160000000000000000e+02 4.586921009718273129e-15 1.272396217367154398e-13 3.072694052206820355e-12 0.000000000000000000e+00 2.382095073831285088e-05
9.170000000000000000e+02 4.494432483575669324e-15 1.263641798629141838e-13 3.074638629471555353e-12 0.000000000000000000e+00 4.988850701084995772e-05
9.180000000000000000e+02 4.401943957433065519e-15 1.254887379891129278e-13 3.076583206736290350e-12 0.000000000000000000e+00 6.679462177907328135e-05
9.190000000000000000e+02 4.309455431290460925e-15 1.246132961153116719e-13 3.078527784001025347e-12 0.000000000000000000e+00 4.150604586035235922e-05
9.200000000000000000e+02 4.216966905147857120e-15 1.237378542415104159e-13 3.080472361265760749e-12 0.000000000000000000e+00 6.015576578375525117e-05
9.210000000000000000e+02 4.124478379005252526e-15 1.228624123677091599e-13 3.082416938530495746e-12 0.000000000000000000e+00 6.373357743458612991e-05
9.220000000000000000e+02 4.031989852862648721e-15 1.219869704939079039e-13 3.084361515795230744e-12 0.000000000000000000e+00 5.455408963277447577e-05
9.230000000000000000e+02 3.939501326720044127e-15 1.211115286201066479e-13 3.086306093059965741e-12 0.000000000000000000e+00 3.967510848640874201e-05
9.240000000000000000e+02 3.847012800577440322e-15 1.202360867463053919e-13 3.088250670324700738e-12 0.000000000000000000e+00 5.339645064128984987e-05
9.250000000000000000e+02 3.768175150849338643e-15 1.195741490722237812e-13 3.097973560672587999e-12 0.000000000000000000e+00 2.095816395302494887e-05
9.260000000000000000e+02 3.702988377535739879e-15 1.191257155978618156e-13 3.115474764103626715e-12 0.000000000000000000e+00 6.383304977294662532e-05
9.270000000000000000e+02 3.637801604222141115e-15 1.186772821234998500e-13 3.132975967534665431e-12 0.000000000000000000e+00 6.892477508010047646e-05
9.280000000000000000e+02 3.572614830908542350e-15 1.182288486491378844e-13 3.150477170965704550e-12 0.000000000000000000e+00 5.553336259701609771e-05
9.290000000000000000e+02 3.507428057594943586e-15 1.177804151747759188e-13 3.167978374396743266e-12 0.000000000000000000e+00 1.876215729886233842e-05
9.300000000000000000e+02 3.442241284281344427e-15 1.173319817004139280e-13 3.185479577827781982e-12 0.000000000000000000e+00 8.070089913088869017e-05
9.310000000000000000e+02 3.377054510967745663e-15 1.168835482260519624e-13 3.202980781258820698e-12 0.000000000000000000e+00 4.256979699164427616e-05
9.320000000000000000e+02 3.311867737654146899e-15 1.164351147516899968e-13 3.220481984689859818e-12 0.000000000000000000e+00 5.782530882632868919e-05
9.330000000000000000e+02 3.246680964340547740e-15 1.159866812773280312e-13 3.237983188120898534e-12 0.000000000000000000e+00 4.426326510794249521e-05
9.340000000000000000e+02 3.181494191026948975e-15 1.155382478029660656e-13 3.255484391551937250e-12 0.000000000000000000e+00 5.611370487313021064e-05
9.350000000000000000e+02 3.111066950689511409e-15 1.149451677887681583e-13 3.277744742527028649e-12 0.000000000000000000e+00 6.531891804195036203e-05
9.360000000000000000e+02 3.035399243328235042e-15 1.142074412347343093e-13 3.304764241046171924e-12 0.000000000000000000e+00 6.194993920212038551e-05
9.370000000000000000e+02 2.959731535966959068e-15 1.134697146807004729e-13 3.331783739565315603e-12 0.000000000000000000e+00 2.977583013624579759e-05
9.380000000000000000e+02 2.884063828605682700e-15 1.127319881266666365e-13 3.358803238084459282e-12 0.000000000000000000e+00 2.968011565918110239e-05
9.390000000000000000e+02 2.808396121244406333e-15 1.119942615726328002e-13 3.385822736603602557e-12 0.000000000000000000e+00 5.389193998283087347e-05
9.400000000000000000e+02 2.732728413883129965e-15 1.112565350185989512e-13 3.412842235122746236e-12 0.000000000000000000e+00 8.396135656476301750e-05
9.410000000000000000e+02 2.657060706521853597e-15 1.105188084645651148e-13 3.439861733641889511e-12 0.000000000000000000e+00 3.788036481103099657e-05
9.420000000000000000e+02 2.581392999160577229e-15 1.097810819105312784e-13 3.466881232161033190e-12 0.000000000000000000e+00 5.009527214183210069e-05
9.430000000000000000e+02 2.505725291799300861e-15 1.090433553564974420e-13 3.493900730680176868e-12 0.000000000000000000e+00 4.862142113802497335e-05
9.440000000000000000e+02 2.430057584438024888e-15 1.083056288024636056e-13 3.520920229199320143e-12 0.000000000000000000e+00 6.974302212292384016e-05
9.450000000000000000e+02 2.347196316227853945e-15 1.066880730309163021e-13 3.513900510047404329e-12 0.000000000000000000e+00 3.407675458766529198e-05
9.460000000000000000e+02 2.257141487168787637e-15 1.041906880418555567e-13 3.472841573224429424e-12 0.000000000000000000e+00 5.541326261270024180e-05
9.470000000000000000e+02 2.167086658109722118e-15 1.016933030527948114e-13 3.431782636401454520e-12 0.000000000000000000e+00 2.010894911844137993e-05
9.480000000000000000e+02 2.077031829050655811e-15 9.919591806373406599e-14 3.390723699578479615e-12 0.000000000000000000e+00 7.850061748238352708e-05
9.490000000000000000e+02 1.986976999991590292e-15 9.669853307467332061e-14 3.349664762755504711e-12 0.000000000000000000e+00 7.097676136029295983e-05
9.500000000000000000e+02 1.896922170932523984e-15 9.420114808561257523e-14 3.308605825932529806e-12 0.000000000000000000e+00 4.515275111212207484e-05
9.510000000000000000e+02 1.806867341873458466e-15 9.170376309655181722e-14 3.267546889109554902e-12 0.000000000000000000e+00 4.327614625989992670e-05
9.520000000000000000e+02 1.716812512814392355e-15 8.920637810749107184e-14 3.226487952286579997e-12 0.000000000000000000e+00 3.813447003431761793e-05
9.530000000000000000e+02 1.626757683755326442e-15 8.670899311843032646e-14 3.185429015463605093e-12 0.000000000000000000e+00 6.488268751388912839e-05
9.540000000000000000e+02 1.536702854696260529e-15 8.421160812936958108e-14 3.144370078640630189e-12 0.000000000000000000e+00 4.501499360344937462e-05
9.550000000000000000e+02 1.460991803505533753e-15 8.246068191575734190e-14 3.137067218695776343e-12 0.000000000000000000e+00 6.647141382950580012e-05
9.560000000000000000e+02 1.399624530183146114e-15 8.145621447759360893e-14 3.163520435629043959e-12 0.000000000000000000e+00 4.065320768399531185e-05
9.570000000000000000e+02 1.338257256860758475e-15 8.045174703942987596e-14 3.189973652562311576e-12 0.000000000000000000e+00 4.841306268325582185e-05
9.580000000000000000e+02 1.276889983538371033e-15 7.944727960126614299e-14 3.216426869495579192e-12 0.000000000000000000e+00 4.999977426409104003e-05
9.590000000000000000e+02 1.215522710215983394e-15 7.844281216310241002e-14 3.242880086428846809e-12 0.000000000000000000e+00 4.576812932319152552e-05
9.600000000000000000e+02 1.154155436893595755e-15 7.743834472493868968e-14 3.269333303362114829e-12 0.000000000000000000e+00 6.560990987807077018e-05
9.610000000000000000e+02 1.092788163571208116e-15 7.643387728677495671e-14 3.295786520295382446e-12 0.000000000000000000e+00 1.787321005545242230e-05
9.620000000000000000e+02 1.031420890248820477e-15 7.542940984861122374e-14 3.322239737228650063e-12 0.000000000000000000e+00 7.789860313655416052e-05
9.630000000000000000e+02 9.700536169264328385e-16 7.442494241044749077e-14 3.348692954161917679e-12 0.000000000000000000e+00 7.526383683456505029e-05
9.640000000000000000e+02 9.086863436040451996e-16 7.342047497228375780e-14 3.375146171095185296e-12 0.000000000000000000e+00 3.863286437658558546e-05
9.650000000000000000e+02 8.484776088754471959e-16 7.206969502089581517e-14 3.388699607618186081e-12 0.000000000000000000e+00 4.375777315798601969e-05
9.660000000000000000e+02 7.894274127406387289e-16 7.037260255628363765e-14 3.389353263730919631e-12 0.000000000000000000e+00 5.722033455070235143e-05
9.670000000000000000e+02 7.303772166058302619e-16 6.867551009167147275e-14 3.390006919843653181e-12 0.000000000000000000e+00 3.365243750660015776e-05
9.680000000000000000e+02 6.713270204710217949e-16 6.697841762705929523e-14 3.390660575956386732e-12 0.000000000000000000e+00 5.703451103251847671e-05
9.690000000000000000e+02 6.122768243362133279e-16 6.528132516244713033e-14 3.391314232069120282e-12 0.000000000000000000e+00 5.356808844366743502e-05
9.700000000000000000e+02 5.532266282014048609e-16 6.358423269783495281e-14 3.391967888181854236e-12 0.000000000000000000e+00 4.867186574579813920e-05
9.710000000000000000e+02 4.941764320665963939e-16 6.188714023322278791e-14 3.392621544294587786e-12 0.000000000000000000e+00 8.040230206411193032e-05
9.720000000000000000e+02 4.351262359317879762e-16 6.019004776861062301e-14 3.393275200407321336e-12 0.000000000000000000e+00 4.229416980278097901e-05
9.730000000000000000e+02 3.760760397969795585e-16 5.849295530399844549e-14 3.393928856520054886e-12 0.000000000000000000e+00 4.676224181434227625e-05
9.740000000000000000e+02 3.170258436621710915e-16 5.679586283938628059e-14 3.394582512632788436e-12 0.000000000000000000e+00 3.315840874510841502e-05
9.750000000000000000e+02 2.686030466629978816e-16 5.493906287664398578e-14 3.378204184436866462e-12 0.000000000000000000e+00 5.687409231588988180e-05
9.760000000000000000e+02 2.308076487994600767e-16 5.292255541577158000e-14 3.344793871932288156e-12 0.000000000000000000e+00 6.192477473508545033e-05
9.770000000000000000e+02 1.930122509359222719e-16 5.090604795489916791e-14 3.311383559427710254e-12 0.000000000000000000e+00 6.026052251213945428e-05
9.780000000000000000e+02 1.552168530723844670e-16 4.888954049402675582e-14 3.277973246923132352e-12 0.000000000000000000e+00 3.267565084322596050e-05
9.790000000000000000e+02 1.174214552088466621e-16 4.687303303315435004e-14 3.244562934418554046e-12 0.000000000000000000e+00 5.708279371150540825e-05
9.800000000000000000e+02 7.962605734530885726e-17 4.485652557228193795e-14 3.211152621913976144e-12 0.000000000000000000e+00 5.155158780091945105e-05
9.810000000000000000e+02 4.183065948177105239e-17 4.284001811140953217e-14 3.177742309409397838e-12 0.000000000000000000e+00 4.776128125907282059e-05
9.820000000000000000e+02 4.035261618233247518e-18 4.082351065053712008e-14 3.144331996904819936e-12 0.000000000000000000e+00 5.025476243550251981e-05
9.830000000000000000e+02 -3.376013624530460666e-17 3.880700318966470799e-14 3.110921684400242033e-12 0.000000000000000000e+00 4.032996705818263708e-05
9.840000000000000000e+02 -7.155553410884241153e-17 3.679049572879229590e-14 3.077511371895663727e-12 0.000000000000000000e+00 7.218212815000325799e-05
9.850000000000000000e+02 -1.214178977157345671e-16 3.499970654456081031e-14 3.083233973088004177e-12 0.000000000000000000e+00 5.970641152288002306e-05
9.860000000000000000e+02 -1.833472270659811719e-16 3.343463563697023227e-14 3.128089487977263382e-12 0.000000000000000000e+00 3.729180594721142006e-05
9.870000000000000000e+02 -2.452765564162277767e-16 3.186956472937965423e-14 3.172945002866522183e-12 0.000000000000000000e+00 4.263779360470830795e-05
9.880000000000000000e+02 -3.072058857664743322e-16 3.030449382178907620e-14 3.217800517755780984e-12 0.000000000000000000e+00 4.799092289994249616e-05
9.890000000000000000e+02 -3.691352151167209370e-16 2.873942291419849816e-14 3.262656032645040189e-12 0.000000000000000000e+00 2.793178074226464929e-05
9.900000000000000000e+02 -4.310645444669675418e-16 2.717435200660792328e-14 3.307511547534298990e-12 0.000000000000000000e+00 1.079919878335567512e-04
9.910000000000000000e+02 -4.929938738172141466e-16 2.560928109901734839e-14 3.352367062423558195e-12 0.000000000000000000e+00 2.901260023394930133e-05
9.920000000000000000e+02 -5.549232031674607021e-16 2.404421019142677036e-14 3.397222577312816996e-12 0.000000000000000000e+00 5.113262495132047514e-05
9.930000000000000000e+02 -6.168525325177072576e-16 2.247913928383619232e-14 3.442078092202076201e-12 0.000000000000000000e+00 5.775808710017175918e-05
9.940000000000000000e+02 -6.787818618679539117e-16 2.091406837624561744e-14 3.486933607091335002e-12 0.000000000000000000e+00 4.254818439843328345e-05
9.950000000000000000e+02 -7.161354369873949989e-16 1.912483279143732733e-14 3.486709007043641655e-12 0.000000000000000000e+00 4.122680114527460635e-05
9.960000000000000000e+02 -7.289132578760305193e-16 1.711143252941132517e-14 3.441404292058996160e-12 0.000000000000000000e+00 5.402417923579209817e-05
9.970000000000000000e+02 -7.416910787646660397e-16 1.509803226738532300e-14 3.396099577074350262e-12 0.000000000000000000e+00 5.303718689009546809e-05
9.980000000000000000e+02 -7.544688996533016587e-16 1.308463200535932241e-14 3.350794862089704767e-12 0.000000000000000000e+00 5.814663835112595530e-05
9.990000000000000000e+02 -7.672467205419371790e-16 1.107123174333332024e-14 3.305490147105059273e-12 0.000000000000000000e+00 4.307996948569540324e-05
1.000000000000000000e+03 -7.800245414305726994e-16 9.057831481307318075e-15 3.260185432120413374e-12 0.000000000000000000e+00 5.790990854035331966e-05
1.001000000000000000e+03 -7.928023623192082198e-16 7.044431219281317485e-15 3.214880717135767880e-12 0.000000000000000000e+00 3.506495239666022261e-05
1.002000000000000000e+03 -8.055801832078438388e-16 5.031030957255315318e-15 3.169576002151122385e-12 0.000000000000000000e+00 6.786269587496731757e-05
1.003000000000000000e+03 -8.183580040964793592e-16 3.017630695229313150e-15 3.124271287166476890e-12 0.000000000000000000e+00 4.229259451130355020e-05
1.004000000000000000e+03 -8.311358249851148795e-16 1.004230433203310983e-15 3.078966572181830992e-12 0.000000000000000000e+00 6.648088315640382994e-05
1.005000000000000000e+03 -8.560844770105802239e-16 -1.064383388759252286e-15 3.064208720052421920e-12 0.000000000000000000e+00 2.722035034996835991e-05
1.006000000000000000e+03 -8.932039601728753923e-16 -3.188210770658378234e-15 3.079997730778249673e-12 0.000000000000000000e+00 5.829513102534713068e-05
1.007000000000000000e+03 -9.303234433351704621e-16 -5.312038152557504183e-15 3.095786741504077427e-12 0.000000000000000000e+00 5.929234125679690338e-05
1.008000000000000000e+03 -9.674429264974655318e-16 -7.435865534456630920e-15 3.111575752229905181e-12 0.000000000000000000e+00 4.001907971338583943e-05
1.009000000000000000e+03 -1.004562409659760799e-15 -9.559692916355756868e-15 3.127364762955732935e-12 0.000000000000000000e+00 2.471799797331564733e-05
1.010000000000000000e+03 -1.041681892822055869e-15 -1.168352029825488282e-14 3.143153773681560284e-12 0.000000000000000000e+00 6.532629268518078353e-05
1.011000000000000000e+03 -1.078801375984350938e-15 -1.380734768015400876e-14 3.158942784407388038e-12 0.000000000000000000e+00 6.215059809340026521e-05
1.012000000000000000e+03 -1.115920859146646205e-15 -1.593117506205313471e-14 3.174731795133215792e-12 0.000000000000000000e+00 7.699007978284374957e-05
1.013000000000000000e+03 -1.153040342308941275e-15 -1.805500244395226066e-14 3.190520805859043546e-12 0.000000000000000000e+00 2.506377059709980295e-05
1.014000000000000000e+03 -1.190159825471236345e-15 -2.017882982585138661e-14 3.206309816584871299e-12 0.000000000000000000e+00 4.842634397130829834e-05
1.015000000000000000e+03 -1.214234598679423742e-15 -2.235974661078297791e-14 3.213429332937910294e-12 0.000000000000000000e+00 5.364137558707300228e-05
1.016000000000000000e+03 -1.225264661933503269e-15 -2.459775279874703771e-14 3.211879354918161337e-12 0.000000000000000000e+00 4.716739121290080340e-05
1.017000000000000000e+03 -1.236294725187582797e-15 -2.683575898671109751e-14 3.210329376898412379e-12 0.000000000000000000e+00 2.498569593470672553e-05
1.018000000000000000e+03 -1.247324788441662324e-15 -2.907376517467515416e-14 3.208779398878663018e-12 0.000000000000000000e+00 6.368833238463292366e-05
1.019000000000000000e+03 -1.258354851695741851e-15 -3.131177136263921712e-14 3.207229420858914061e-12 0.000000000000000000e+00 3.520356722476396618e-05
1.020000000000000000e+03 -1.269384914949821379e-15 -3.354977755060328008e-14 3.205679442839165104e-12 0.000000000000000000e+00 7.083518775027273498e-05
1.021000000000000000e+03 -1.280414978203900906e-15 -3.578778373856733672e-14 3.204129464819416147e-12 0.000000000000000000e+00 5.318174542451534485e-05
1.022000000000000000e+03 -1.291445041457980433e-15 -3.802578992653139337e-14 3.202579486799666786e-12 0.000000000000000000e+00 5.295790647322724457e-05
1.023000000000000000e+03 -1.302475104712059961e-15 -4.026379611449545633e-14 3.201029508779917828e-12 0.000000000000000000e+00 3.022465150698163127e-05
1.024000000000000000e+03 -1.313505167966139488e-15 -4.250180230245951297e-14 3.199479530760168871e-12 0.000000000000000000e+00 5.503474130215392051e-05
1.025000000000000000e+03 -1.305361489040538953e-15 -4.455934407071163582e-14 3.183104366367567097e-12 0.000000000000000000e+00 4.228261289447388723e-05
1.026000000000000000e+03 -1.278044067935258357e-15 -4.643642141925182486e-14 3.151904015602112507e-12 0.000000000000000000e+00 8.160430700642814638e-05
1.027000000000000000e+03 -1.250726646829977563e-15 -4.831349876779200759e-14 3.120703664836658321e-12 0.000000000000000000e+00 2.603383685450159910e-05
1.028000000000000000e+03 -1.223409225724696967e-15 -5.019057611633219663e-14 3.089503314071203731e-12 0.000000000000000000e+00 3.986108207892212648e-05
1.029000000000000000e+03 -1.196091804619416173e-15 -5.206765346487237935e-14 3.058302963305749544e-12 0.000000000000000000e+00 5.527943459659643931e-05
1.030000000000000000e+03 -1.168774383514135576e-15 -5.394473081341256839e-14 3.027102612540294954e-12 0.000000000000000000e+00 4.148848675082319375e-05
1.031000000000000000e+03 -1.141456962408854783e-15 -5.582180816195275112e-14 2.995902261774840768e-12 0.000000000000000000e+00 4.773394728060740823e-05
1.032000000000000000e+03 -1.114139541303574186e-15 -5.769888551049293385e-14 2.964701911009386177e-12 0.000000000000000000e+00 7.077121877771438670e-05
1.033000000000000000e+03 -1.086822120198293392e-15 -5.957596285903311658e-14 2.933501560243931991e-12 0.000000000000000000e+00 3.883835635949696826e-05
1.034000000000000000e+03 -1.059504699093012796e-15 -6.145304020757331193e-14 2.902301209478477401e-12 0.000000000000000000e+00 5.930461395658935780e-05
1.035000000000000000e+03 -1.039361604552638458e-15 -6.360085867612062669e-14 2.887199304662321992e-12 0.000000000000000000e+00 3.944120168949700328e-05
1.036000000000000000e+03 -1.026392836577170379e-15 -6.601941826467506084e-14 2.888195845795465361e-12 0.000000000000000000e+00 4.635871228633445983e-05
1.037000000000000000e+03 -1.013424068601702497e-15 -6.843797785322949500e-14 2.889192386928609135e-12 0.000000000000000000e+00 3.018579396694293172e-05
1.038000000000000000e+03 -1.000455300626234418e-15 -7.085653744178392916e-14 2.890188928061752504e-12 0.000000000000000000e+00 6.468058457632569805e-05
1.039000000000000000e+03 -9.874865326507665359e-16 -7.327509703033836332e-14 2.891185469194895873e-12 0.000000000000000000e+00 3.802623956987459042e-05
1.040000000000000000e+03 -9.745177646752984567e-16 -7.569365661889279747e-14 2.892182010328039243e-12 0.000000000000000000e+00 6.804992249518078775e-05
1.041000000000000000e+03 -9.615489966998305747e-16 -7.811221620744723163e-14 2.893178551461182612e-12 0.000000000000000000e+00 4.894503757912472799e-05
1.042000000000000000e+03 -9.485802287243624956e-16 -8.053077579600166579e-14 2.894175092594325981e-12 0.000000000000000000e+00 5.260553119241268992e-05
1.043000000000000000e+03 -9.356114607488946136e-16 -8.294933538455609995e-14 2.895171633727469755e-12 0.000000000000000000e+00 4.055529441261901332e-05
1.044000000000000000e+03 -9.226426927734265344e-16 -8.536789497311054673e-14 2.896168174860613124e-12 0.000000000000000000e+00 5.201318025275441864e-05
1.045000000000000000e+03 -8.832520096438865311e-16 -8.741418174093308804e-14 2.882744560683574081e-12 0.000000000000000000e+00 2.192779673247729707e-05
1.046000000000000000e+03 -8.174394113602745050e-16 -8.908819568802374914e-14 2.854900791196352627e-12 0.000000000000000000e+00 4.265143834438847874e-05
1.047000000000000000e+03 -7.516268130766623802e-16 -9.076220963511442287e-14 2.827057021709130768e-12 0.000000000000000000e+00 7.306094473845337002e-05
1.048000000000000000e+03 -6.858142147930503541e-16 -9.243622358220508397e-14 2.799213252221909314e-12 0.000000000000000000e+00 5.478666209579463332e-05
1.049000000000000000e+03 -6.200016165094383280e-16 -9.411023752929574507e-14 2.771369482734687859e-12 0.000000000000000000e+00 2.934688728847840487e-05
1.050000000000000000e+03 -5.541890182258262033e-16 -9.578425147638640617e-14 2.743525713247466001e-12 0.000000000000000000e+00 4.918372151581009040e-05
1.051000000000000000e+03 -4.883764199422141771e-16 -9.745826542347706727e-14 2.715681943760244546e-12 0.000000000000000000e+00 5.943421539703690431e-05
1.052000000000000000e+03 -4.225638216586021510e-16 -9.913227937056772837e-14 2.687838174273023092e-12 0.000000000000000000e+00 3.833538730117720455e-05
1.053000000000000000e+03 -3.567512233749900263e-16 -1.008062933176584021e-13 2.659994404785801637e-12 0.000000000000000000e+00 4.280845615866626740e-05
1.054000000000000000e+03 -2.909386250913780002e-16 -1.024803072647490632e-13 2.632150635298579779e-12 0.000000000000000000e+00 5.995708475698061085e-05
1.055000000000000000e+03 -2.212609746521160554e-16 -1.046434754265858828e-13 2.620222053048874131e-12 0.000000000000000000e+00 4.306534965906481986e-05
1.056000000000000000e+03 -1.477182720572042660e-16 -1.072957978031688608e-13 2.624208658036684693e-12 0.000000000000000000e+00 5.172832825094398739e-05
1.057000000000000000e+03 -7.417556946229250132e-17 -1.099481201797518388e-13 2.628195263024495255e-12 0.000000000000000000e+00 4.485017348417515159e-05
1.058000000000000000e+03 -6.328668673807365954e-19 -1.126004425563348169e-13 2.632181868012305816e-12 0.000000000000000000e+00 4.056339367917564151e-05
1.059000000000000000e+03 7.290983572753107743e-17 -1.152527649329178075e-13 2.636168473000116378e-12 0.000000000000000000e+00 3.269692086500890747e-05
1.060000000000000000e+03 1.464525383224428422e-16 -1.179050873095007855e-13 2.640155077987926940e-12 0.000000000000000000e+00 6.685722147499532616e-05
1.061000000000000000e+03 2.199952409173546069e-16 -1.205574096860837636e-13 2.644141682975737502e-12 0.000000000000000000e+00 4.682252665092140678e-05
1.062000000000000000e+03 2.935379435122664209e-16 -1.232097320626667416e-13 2.648128287963548064e-12 0.000000000000000000e+00 5.823164964874071216e-05
1.063000000000000000e+03 3.670806461071781363e-16 -1.258620544392497196e-13 2.652114892951358626e-12 0.000000000000000000e+00 4.433754150202808534e-05
1.064000000000000000e+03 4.406233487020899504e-16 -1.285143768158326977e-13 2.656101497939169188e-12 0.000000000000000000e+00 3.438287627675528301e-05
1.065000000000000000e+03 5.415498185281772706e-16 -1.304778307451342214e-13 2.643472767337623866e-12 0.000000000000000000e+00 5.629944705520578598e-05
1.066000000000000000e+03 6.698600555854402944e-16 -1.317524162271543159e-13 2.614228701146723064e-12 0.000000000000000000e+00 3.798043142057859532e-05
1.067000000000000000e+03 7.981702926427032195e-16 -1.330270017091744105e-13 2.584984634955822262e-12 0.000000000000000000e+00 3.012605747081239984e-05
1.068000000000000000e+03 9.264805296999661446e-16 -1.343015871911944799e-13 2.555740568764921460e-12 0.000000000000000000e+00 5.575114569252342982e-05
1.069000000000000000e+03 1.054790766757229267e-15 -1.355761726732145745e-13 2.526496502574020658e-12 0.000000000000000000e+00 5.675728101223232217e-05
1.070000000000000000e+03 1.183101003814492192e-15 -1.368507581552346691e-13 2.497252436383119856e-12 0.000000000000000000e+00 5.259566789719313893e-05
1.071000000000000000e+03 1.311411240871755117e-15 -1.381253436372547636e-13 2.468008370192219458e-12 0.000000000000000000e+00 3.592202080270718526e-05
1.072000000000000000e+03 1.439721477929018042e-15 -1.393999291192748330e-13 2.438764304001318656e-12 0.000000000000000000e+00 5.140099893502279675e-05
1.073000000000000000e+03 1.568031714986281165e-15 -1.406745146012949276e-13 2.409520237810417853e-12 0.000000000000000000e+00 3.797822285849226139e-05
1.074000000000000000e+03 1.696341952043544090e-15 -1.419491000833150222e-13 2.380276171619517051e-12 0.000000000000000000e+00 5.778894016353846821e-05
1.075000000000000000e+03 1.831700998662820400e-15 -1.427054142254820285e-13 2.348553836081209472e-12 0.000000000000000000e+00 4.762166711545284196e-05
1.076000000000000000e+03 1.974108854844110686e-15 -1.429434570277959466e-13 2.314353231195494307e-12 0.000000000000000000e+00 5.082925269414638025e-05
1.077000000000000000e+03 2.116516711025400578e-15 -1.431814998301098646e-13 2.280152626309779949e-12 0.000000000000000000e+00 3.504975788674327496e-05
1.078000000000000000e+03 2.258924567206690864e-15 -1.434195426324238080e-13 2.245952021424064784e-12 0.000000000000000000e+00 4.789688632035862863e-05
1.079000000000000000e+03 2.401332423387980756e-15 -1.436575854347377260e-13 2.211751416538350427e-12 0.000000000000000000e+00 5.476663056664666498e-05
1.080000000000000000e+03 2.543740279569270648e-15 -1.438956282370516441e-13 2.177550811652635262e-12 0.000000000000000000e+00 3.236602761274255186e-05
1.081000000000000000e+03 2.686148135750560934e-15 -1.441336710393655622e-13 2.143350206766920905e-12 0.000000000000000000e+00 2.276188799394603552e-05
1.082000000000000000e+03 2.828555991931851221e-15 -1.443717138416795055e-13 2.109149601881205740e-12 0.000000000000000000e+00 9.221986598423988961e-05
1.083000000000000000e+03 2.970963848113140718e-15 -1.446097566439934236e-13 2.074948996995491382e-12 0.000000000000000000e+00 4.106725644148998282e-05
1.084000000000000000e+03 3.113371704294431004e-15 -1.448477994463073416e-13 2.040748392109776217e-12 0.000000000000000000e+00 2.906521978194847325e-05
1.085000000000000000e+03 3.276212591584301669e-15 -1.452568889185695137e-13 2.016839989190296033e-12 0.000000000000000000e+00 5.168216571616316075e-05
1.086000000000000000e+03 3.459486509982752711e-15 -1.458370250607799397e-13 2.003223788237050425e-12 0.000000000000000000e+00 3.019165699772403941e-05
1.087000000000000000e+03 3.642760428381203754e-15 -1.464171612029903657e-13 1.989607587283804817e-12 0.000000000000000000e+00 5.324167815404253190e-05
1.088000000000000000e+03 3.826034346779654797e-15 -1.469972973452007918e-13 1.975991386330559210e-12 0.000000000000000000e+00 3.796387111840955278e-05
1.089000000000000000e+03 4.009308265178105839e-15 -1.475774334874112178e-13 1.962375185377313602e-12 0.000000000000000000e+00 5.389138614235144107e-05
1.090000000000000000e+03 4.192582183576556093e-15 -1.481575696296216438e-13 1.948758984424067994e-12 0.000000000000000000e+00 5.959822574901254947e-05
1.091000000000000000e+03 4.375856101975007136e-15 -1.487377057718320698e-13 1.935142783470822386e-12 0.000000000000000000e+00 4.554199785092721559e-05
1.092000000000000000e+03 4.559130020373458179e-15 -1.493178419140424959e-13 1.921526582517576779e-12 0.000000000000000000e+00 4.917926668876341692e-05
1.093000000000000000e+03 4.742403938771909221e-15 -1.498979780562529219e-13 1.907910381564331171e-12 0.000000000000000000e+00 3.987463732216558039e-05
1.094000000000000000e+03 4.925677857170360264e-15 -1.504781141984633479e-13 1.894294180611085563e-12 0.000000000000000000e+00 3.927430867748574314e-05
1.095000000000000000e+03 5.119474136305543879e-15 -1.502183943939597502e-13 1.873105325926174513e-12 0.000000000000000000e+00 1.821468527677407611e-05
1.096000000000000000e+03 5.323792776177460856e-15 -1.491188186427421541e-13 1.844343817509598423e-12 0.000000000000000000e+00 7.379939323095374259e-05
1.097000000000000000e+03 5.528111416049377045e-15 -1.480192428915245579e-13 1.815582309093022333e-12 0.000000000000000000e+00 4.201686556975003575e-05
1.098000000000000000e+03 5.732430055921294022e-15 -1.469196671403069618e-13 1.786820800676446243e-12 0.000000000000000000e+00 4.947763838948652452e-05
1.099000000000000000e+03 5.936748695793210210e-15 -1.458200913890893656e-13 1.758059292259870153e-12 0.000000000000000000e+00 3.746138576076415180e-05
1.100000000000000000e+03 6.141067335665127187e-15 -1.447205156378717443e-13 1.729297783843294064e-12 0.000000000000000000e+00 4.333437318715900664e-05
1.101000000000000000e+03 6.345385975537043375e-15 -1.436209398866541481e-13 1.700536275426717974e-12 0.000000000000000000e+00 6.291794299116249911e-05
1.102000000000000000e+03 6.549704615408960352e-15 -1.425213641354365520e-13 1.671774767010141884e-12 0.000000000000000000e+00 2.933278134341450188e-05
1.103000000000000000e+03 6.754023255280876540e-15 -1.414217883842189558e-13 1.643013258593565794e-12 0.000000000000000000e+00 4.432308919777518564e-05
1.104000000000000000e+03 6.958341895152793517e-15 -1.403222126330013597e-13 1.614251750176989705e-12 0.000000000000000000e+00 5.272020751650375361e-05
1.105000000000000000e+03 7.196660764440695584e-15 -1.392286963152191858e-13 1.597423813595661965e-12 0.000000000000000000e+00 5.965530076461182820e-05
1.106000000000000000e+03 7.468979863144583528e-15 -1.381412394308724341e-13 1.592529448849582575e-12 0.000000000000000000e+00 3.751061434852397586e-05
1.107000000000000000e+03 7.741298961848469895e-15 -1.370537825465256824e-13 1.587635084103503387e-12 0.000000000000000000e+00 3.557614597019312635e-05
1.108000000000000000e+03 8.013618060552357839e-15 -1.359663256621789307e-13 1.582740719357423998e-12 0.000000000000000000e+00 2.753975024501019911e-05
1.109000000000000000e+03 8.285937159256245784e-15 -1.348788687778321791e-13 1.577846354611344608e-12 0.000000000000000000e+00 4.771932186714542587e-05
1.110000000000000000e+03 8.558256257960133728e-15 -1.337914118934854022e-13 1.572951989865265420e-12 0.000000000000000000e+00 7.315052388709928613e-05
1.111000000000000000e+03 8.830575356664020095e-15 -1.327039550091386505e-13 1.568057625119186030e-12 0.000000000000000000e+00 4.502375363685811205e-05
1.112000000000000000e+03 9.102894455367908039e-15 -1.316164981247918988e-13 1.563163260373106640e-12 0.000000000000000000e+00 3.893941909094865894e-05
1.113000000000000000e+03 9.375213554071795984e-15 -1.305290412404451471e-13 1.558268895627027453e-12 0.000000000000000000e+00 3.986094754288512540e-05
1.114000000000000000e+03 9.647532652775682350e-15 -1.294415843560983955e-13 1.553374530880948063e-12 0.000000000000000000e+00 5.619365305009110443e-05
1.115000000000000000e+03 9.896028151140837560e-15 -1.270155224102977487e-13 1.536759938620561312e-12 0.000000000000000000e+00 3.867689924577123739e-05
1.116000000000000000e+03 1.012070004916725846e-14 -1.232508554030431816e-13 1.508425118845866997e-12 0.000000000000000000e+00 3.684526547717397322e-05
1.117000000000000000e+03 1.034537194719367778e-14 -1.194861883957886398e-13 1.480090299071172682e-12 0.000000000000000000e+00 2.735108870013711245e-05
1.118000000000000000e+03 1.057004384522009868e-14 -1.157215213885340727e-13 1.451755479296478367e-12 0.000000000000000000e+00 7.863369283315603064e-05
1.119000000000000000e+03 1.079471574324651957e-14 -1.119568543812795183e-13 1.423420659521784052e-12 0.000000000000000000e+00 3.387180495417139439e-05
1.120000000000000000e+03 1.101938764127293889e-14 -1.081921873740249638e-13 1.395085839747089939e-12 0.000000000000000000e+00 5.111378933513333067e-05
1.121000000000000000e+03 1.124405953929935979e-14 -1.044275203667703968e-13 1.366751019972395624e-12 0.000000000000000000e+00 2.992104552287851724e-05
1.122000000000000000e+03 1.146873143732578069e-14 -1.006628533595158423e-13 1.338416200197701310e-12 0.000000000000000000e+00 3.480882025429148048e-05
1.123000000000000000e+03 1.169340333535220001e-14 -9.689818635226128787e-14 1.310081380423006995e-12 0.000000000000000000e+00 5.554881497410315368e-05
1.124000000000000000e+03 1.191807523337862091e-14 -9.313351934500672080e-14 1.281746560648312882e-12 0.000000000000000000e+00 6.827616130190131464e-05
1.125000000000000000e+03 1.211569687840981715e-14 -8.906515892333067178e-14 1.261652205240325333e-12 0.000000000000000000e+00 3.289937477233467121e-05
1.126000000000000000e+03 1.228626827044579030e-14 -8.469310508723311559e-14 1.249798314199044752e-12 0.000000000000000000e+00 5.090053872108419859e-05
1.127000000000000000e+03 1.245683966248176346e-14 -8.032105125113555939e-14 1.237944423157764170e-12 0.000000000000000000e+00 3.570711363794843221e-05
1.128000000000000000e+03 1.262741105451773504e-14 -7.594899741503799058e-14 1.226090532116483791e-12 0.000000000000000000e+00 3.940166576916486634e-05
1.129000000000000000e+03 1.279798244655370820e-14 -7.157694357894043438e-14 1.214236641075203210e-12 0.000000000000000000e+00 4.824088005051715966e-05
1.130000000000000000e+03 1.296855383858968135e-14 -6.720488974284287818e-14 1.202382750033922629e-12 0.000000000000000000e+00 3.288235519166184383e-05
1.131000000000000000e+03 1.313912523062565451e-14 -6.283283590674532199e-14 1.190528858992642047e-12 0.000000000000000000e+00 4.139691453899036958e-05
1.132000000000000000e+03 1.330969662266162609e-14 -5.846078207064776579e-14 1.178674967951361668e-12 0.000000000000000000e+00 7.635028552965300748e-05
1.133000000000000000e+03 1.348026801469759924e-14 -5.408872823455020960e-14 1.166821076910081087e-12 0.000000000000000000e+00 3.695965432793698994e-05
1.134000000000000000e+03 1.365083940673357240e-14 -4.971667439845265340e-14 1.154967185868800506e-12 0.000000000000000000e+00 3.940108008419649445e-05
1.135000000000000000e+03 1.387451213039776923e-14 -4.506236863733930673e-14 1.152685059474816915e-12 0.000000000000000000e+00 4.094256089962026329e-05
1.136000000000000000e+03 1.415128618569018973e-14 -4.012581095121016957e-14 1.159974697728130516e-12 0.000000000000000000e+00 5.064703454935638873e-05
1.137000000000000000e+03 1.442806024098261181e-14 -3.518925326508103241e-14 1.167264335981444117e-12 0.000000000000000000e+00 3.948723877350834708e-05
1.138000000000000000e+03 1.470483429627503073e-14 -3.025269557895188895e-14 1.174553974234757717e-12 0.000000000000000000e+00 3.433116495135080343e-05
1.139000000000000000e+03 1.498160835156745281e-14 -2.531613789282275179e-14 1.181843612488071318e-12 0.000000000000000000e+00 3.963806214444901970e-05
1.140000000000000000e+03 1.525838240685987489e-14 -2.037958020669361148e-14 1.189133250741384717e-12 0.000000000000000000e+00 6.879552282722067966e-05
1.141000000000000000e+03 1.553515646215229381e-14 -1.544302252056447117e-14 1.196422888994698318e-12 0.000000000000000000e+00 4.808286407971976102e-05
1.142000000000000000e+03 1.581193051744471589e-14 -1.050646483443533401e-14 1.203712527248011919e-12 0.000000000000000000e+00 4.795735546306248312e-05
1.143000000000000000e+03 1.608870457273713797e-14 -5.569907148306196854e-15 1.211002165501325520e-12 0.000000000000000000e+00 3.362322774225247877e-05
1.144000000000000000e+03 1.636547862802955689e-14 -6.333494621770596971e-16 1.218291803754639121e-12 0.000000000000000000e+00 2.689343267785253584e-05
1.145000000000000000e+03 1.653131254956651969e-14 4.609099741309146167e-15 1.220292101083970558e-12 0.000000000000000000e+00 5.510981407312109199e-05
1.146000000000000000e+03 1.658620633734802007e-14 1.015744046215240496e-14 1.217003057489320234e-12 0.000000000000000000e+00 7.172879578009797421e-05
1.147000000000000000e+03 1.664110012512952045e-14 1.570578118299566376e-14 1.213714013894669709e-12 0.000000000000000000e+00 2.013809903806141883e-05
1.148000000000000000e+03 1.669599391291102083e-14 2.125412190383892571e-14 1.210424970300019385e-12 0.000000000000000000e+00 4.549060863113785203e-05
1.149000000000000000e+03 1.675088770069252121e-14 2.680246262468218135e-14 1.207135926705368859e-12 0.000000000000000000e+00 4.266186909943586156e-05
1.150000000000000000e+03 1.680578148847402474e-14 3.235080334552544014e-14 1.203846883110718536e-12 0.000000000000000000e+00 5.045491459156462076e-05
1.151000000000000000e+03 1.686067527625552512e-14 3.789914406636869578e-14 1.200557839516068010e-12 0.000000000000000000e+00 4.663067418511469635e-05
1.152000000000000000e+03 1.691556906403702550e-14 4.344748478721195774e-14 1.197268795921417687e-12 0.000000000000000000e+00 3.584620519655132840e-05
1.153000000000000000e+03 1.697046285181852588e-14 4.899582550805521338e-14 1.193979752326767161e-12 0.000000000000000000e+00 4.277006314593833323e-05
1.154000000000000000e+03 1.702535663960002626e-14 5.454416622889847533e-14 1.190690708732116837e-12 0.000000000000000000e+00 7.912718253217153688e-05
1.155000000000000000e+03 1.713845024505691849e-14 6.025793257888957739e-14 1.204709781399877108e-12 0.000000000000000000e+00 3.345503945376479001e-05
1.156000000000000000e+03 1.730974366818919942e-14 6.613712455802851326e-14 1.236036970330047972e-12 0.000000000000000000e+00 3.130152914771624177e-05
1.157000000000000000e+03 1.748103709132147720e-14 7.201631653716746174e-14 1.267364159260219039e-12 0.000000000000000000e+00 4.292038461587333894e-05
1.158000000000000000e+03 1.765233051445375813e-14 7.789550851630641023e-14 1.298691348190389903e-12 0.000000000000000000e+00 3.591931788594620326e-05
1.159000000000000000e+03 1.782362393758603907e-14 8.377470049544535872e-14 1.330018537120560768e-12 0.000000000000000000e+00 3.675512484996316167e-05
1.160000000000000000e+03 1.799491736071831685e-14 8.965389247458430720e-14 1.361345726050731834e-12 0.000000000000000000e+00 7.237723219815920725e-05
1.161000000000000000e+03 1.816621078385059778e-14 9.553308445372324307e-14 1.392672914980902698e-12 0.000000000000000000e+00 4.323129144106250632e-05
1.162000000000000000e+03 1.833750420698287871e-14 1.014122764328621789e-13 1.424000103911073563e-12 0.000000000000000000e+00 4.818200043466081884e-05
1.163000000000000000e+03 1.850879763011515965e-14 1.072914684120011274e-13 1.455327292841244629e-12 0.000000000000000000e+00 3.911664877122579103e-05
1.164000000000000000e+03 1.868009105324743742e-14 1.131706603911400759e-13 1.486654481771415494e-12 0.000000000000000000e+00 4.334501858203160355e-05
1.165000000000000000e+03 1.871615745121308867e-14 1.183041098153158637e-13 1.506204002515112396e-12 0.000000000000000000e+00 4.613625982817064355e-05
1.166000000000000000e+03 1.861699682401211340e-14 1.226918166845284656e-13 1.513975855072335135e-12 0.000000000000000000e+00 2.395657687189887809e-05
1.167000000000000000e+03 1.851783619681113812e-14 1.270795235537410674e-13 1.521747707629558075e-12 0.000000000000000000e+00 6.175020174685074868e-05
1.168000000000000000e+03 1.841867556961015969e-14 1.314672304229536946e-13 1.529519560186780813e-12 0.000000000000000000e+00 6.956201926526822297e-05
1.169000000000000000e+03 1.831951494240918441e-14 1.358549372921662964e-13 1.537291412744003552e-12 0.000000000000000000e+00 2.290743156625503208e-05
1.170000000000000000e+03 1.822035431520820598e-14 1.402426441613788983e-13 1.545063265301226290e-12 0.000000000000000000e+00 5.693504273949900202e-05
1.171000000000000000e+03 1.812119368800723071e-14 1.446303510305915254e-13 1.552835117858449029e-12 0.000000000000000000e+00 2.466768827234643729e-05
1.172000000000000000e+03 1.802203306080625228e-14 1.490180578998041273e-13 1.560606970415671767e-12 0.000000000000000000e+00 5.721146832238459387e-05
1.173000000000000000e+03 1.792287243360527700e-14 1.534057647690167292e-13 1.568378822972894708e-12 0.000000000000000000e+00 4.871147139731437346e-05
1.174000000000000000e+03 1.782371180640430172e-14 1.577934716382293563e-13 1.576150675530117446e-12 0.000000000000000000e+00 5.476551784876525420e-05
1.175000000000000000e+03 1.777470251338473100e-14 1.623446961108396329e-13 1.596650998084810147e-12 0.000000000000000000e+00 3.469905212550421778e-05
1.176000000000000000e+03 1.777584455454656483e-14 1.670594381868476096e-13 1.629879790636973014e-12 0.000000000000000000e+00 5.481691438057208470e-05
1.177000000000000000e+03 1.777698659570840182e-14 1.717741802628555863e-13 1.663108583189135880e-12 0.000000000000000000e+00 4.740211943163500323e-05
1.178000000000000000e+03 1.777812863687023565e-14 1.764889223388635629e-13 1.696337375741298746e-12 0.000000000000000000e+00 2.794106165458608840e-05
1.179000000000000000e+03 1.777927067803206948e-14 1.812036644148715396e-13 1.729566168293461612e-12 0.000000000000000000e+00 3.554523355168656175e-05
1.180000000000000000e+03 1.778041271919390647e-14 1.859184064908795163e-13 1.762794960845624276e-12 0.000000000000000000e+00 3.841688470993466536e-05
1.181000000000000000e+03 1.778155476035574030e-14 1.906331485668874930e-13 1.796023753397787142e-12 0.000000000000000000e+00 7.469190978639996415e-05
1.182000000000000000e+03 1.778269680151757413e-14 1.953478906428954444e-13 1.829252545949950009e-12 0.000000000000000000e+00 5.319566639361229045e-05
1.183000000000000000e+03 1.778383884267941111e-14 2.000626327189034211e-13 1.862481338502112673e-12 0.000000000000000000e+00 4.740607606925574584e-05
1.184000000000000000e+03 1.778498088384124494e-14 2.047773747949113978e-13 1.895710131054275741e-12 0.000000000000000000e+00 3.386438667549904701e-05
1.185000000000000000e+03 1.772859202760322604e-14 2.087440683631857313e-13 1.928362197952521726e-12 0.000000000000000000e+00 4.390872501636095329e-05
1.186000000000000000e+03 1.761467227396535125e-14 2.119627134237264218e-13 1.960437539196850225e-12 0.000000000000000000e+00 4.018185524482661909e-05
1.187000000000000000e+03 1.750075252032747646e-14 2.151813584842671374e-13 1.992512880441179532e-12 0.000000000000000000e+00 4.929064478597362082e-05
1.188000000000000000e+03 1.738683276668960166e-14 2.184000035448078279e-13 2.024588221685508030e-12 0.000000000000000000e+00 4.914257306051141597e-05
1.189000000000000000e+03 1.727291301305172687e-14 2.216186486053485183e-13 2.056663562929837337e-12 0.000000000000000000e+00 3.280591453862045378e-05
1.190000000000000000e+03 1.715899325941384893e-14 2.248372936658892340e-13 2.088738904174165836e-12 0.000000000000000000e+00 7.383045815927370616e-05
1.191000000000000000e+03 1.704507350577597413e-14 2.280559387264299245e-13 2.120814245418495142e-12 0.000000000000000000e+00 3.748529200821926536e-05
1.192000000000000000e+03 1.693115375213809934e-14 2.312745837869706149e-13 2.152889586662823641e-12 0.000000000000000000e+00 4.124678889667359778e-05
1.193000000000000000e+03 1.681723399850022455e-14 2.344932288475113053e-13 2.184964927907152948e-12 0.000000000000000000e+00 3.796512941606038761e-05
1.194000000000000000e+03 1.670331424486234976e-14 2.377118739080519958e-13 2.217040269151481446e-12 0.000000000000000000e+00 4.773554132248125485e-05
1.195000000000000000e+03 1.655419269664078612e-14 2.400671405746294982e-13 2.246674649246400109e-12 0.000000000000000000e+00 5.329307489770189092e-05
1.196000000000000000e+03 1.636986935383553995e-14 2.415590288472437117e-13 2.273868068191908530e-12 0.000000000000000000e+00 6.372780287311379855e-05
1.197000000000000000e+03 1.618554601103028746e-14 2.430509171198579251e-13 2.301061487137416952e-12 0.000000000000000000e+00 1.930937809954745392e-05
1.198000000000000000e+03 1.600122266822504129e-14 2.445428053924721890e-13 2.328254906082925374e-12 0.000000000000000000e+00 3.186915116523712977e-05
1.199000000000000000e+03 1.581689932541978881e-14 2.460346936650864024e-13 2.355448325028433796e-12 0.000000000000000000e+00 6.452536472200561782e-05
1.200000000000000000e+03 1.563257598261454263e-14 2.475265819377006664e-13 2.382641743973941814e-12 0.000000000000000000e+00 4.242160024888417256e-05
1.201000000000000000e+03 1.544825263980929015e-14 2.490184702103148798e-13 2.409835162919450236e-12 0.000000000000000000e+00 4.471743488452292991e-05
1.202000000000000000e+03 1.526392929700404398e-14 2.505103584829291437e-13 2.437028581864958658e-12 0.000000000000000000e+00 5.779510801003961745e-05
1.203000000000000000e+03 1.507960595419879150e-14 2.520022467555433572e-13 2.464222000810467079e-12 0.000000000000000000e+00 5.548183018699349051e-05
1.204000000000000000e+03 1.489528261139354532e-14 2.534941350281575706e-13 2.491415419755975501e-12 0.000000000000000000e+00 5.946740229959231237e-05
1.205000000000000000e+03 1.469725587800643970e-14 2.543060681478541723e-13 2.516824376552347676e-12 0.000000000000000000e+00 3.053002545841884821e-05
1.206000000000000000e+03 1.448552575403747778e-14 2.544380461146330614e-13 2.540448871199584411e-12 0.000000000000000000e+00 3.481816651871675472e-05
1.207000000000000000e+03 1.427379563006851586e-14 2.545700240814119504e-13 2.564073365846820742e-12 0.000000000000000000e+00 4.262031947270789967e-05
1.208000000000000000e+03 1.406206550609955394e-14 2.547020020481908899e-13 2.587697860494057478e-12 0.000000000000000000e+00 5.135966041345048941e-05
1.209000000000000000e+03 1.385033538213059201e-14 2.548339800149697789e-13 2.611322355141293809e-12 0.000000000000000000e+00 5.022995098128439824e-05
1.210000000000000000e+03 1.363860525816163009e-14 2.549659579817486680e-13 2.634946849788530544e-12 0.000000000000000000e+00 5.436321110651219586e-05
1.211000000000000000e+03 1.342687513419266817e-14 2.550979359485275570e-13 2.658571344435766876e-12 0.000000000000000000e+00 3.850528341681095995e-05
1.212000000000000000e+03 1.321514501022370625e-14 2.552299139153064965e-13 2.682195839083003611e-12 0.000000000000000000e+00 6.228268317988942110e-05
1.213000000000000000e+03 1.300341488625474591e-14 2.553618918820853856e-13 2.705820333730239942e-12 0.000000000000000000e+00 4.552397211428035363e-05
1.214000000000000000e+03 1.279168476228578399e-14 2.554938698488642746e-13 2.729444828377476677e-12 0.000000000000000000e+00 3.037942912255078192e-05
1.215000000000000000e+03 1.256560921246965412e-14 2.548029959773150620e-13 2.746774762155605231e-12 0.000000000000000000e+00 4.339186625606972263e-05
1.216000000000000000e+03 1.232518823680635631e-14 2.532892702674376468e-13 2.757810135064626410e-12 0.000000000000000000e+00 4.409947731750411078e-05
1.217000000000000000e+03 1.208476726114305693e-14 2.517755445575602316e-13 2.768845507973647185e-12 0.000000000000000000e+00 4.898452783140138674e-05
1.218000000000000000e+03 1.184434628547975912e-14 2.502618188476828669e-13 2.779880880882667961e-12 0.000000000000000000e+00 7.700688840133914877e-05
1.219000000000000000e+03 1.160392530981646131e-14 2.487480931378054517e-13 2.790916253791689140e-12 0.000000000000000000e+00 2.108683261942399348e-05
1.220000000000000000e+03 1.136350433415316350e-14 2.472343674279280870e-13 2.801951626700709916e-12 0.000000000000000000e+00 4.564715267396357828e-05
1.221000000000000000e+03 1.112308335848986570e-14 2.457206417180506719e-13 2.812986999609731095e-12 0.000000000000000000e+00 6.087819016303792690e-05
1.222000000000000000e+03 1.088266238282656789e-14 2.442069160081733072e-13 2.824022372518751871e-12 0.000000000000000000e+00 4.078792065278445114e-05
1.223000000000000000e+03 1.064224140716327008e-14 2.426931902982958920e-13 2.835057745427772646e-12 0.000000000000000000e+00 5.235161937518633963e-05
1.224000000000000000e+03 1.040182043149997069e-14 2.411794645884184768e-13 2.846093118336793826e-12 0.000000000000000000e+00 5.786826085407507767e-05
1.225000000000000000e+03 1.021306161305939433e-14 2.406170741858388149e-13 2.877023897397220488e-12 0.000000000000000000e+00 3.196762984373345713e-05
1.226000000000000000e+03 1.007596495184153942e-14 2.410060190905568052e-13 2.927850082609053441e-12 0.000000000000000000e+00 5.834716018200802049e-05
1.227000000000000000e+03 9.938868290623684506e-15 2.413949639952747956e-13 2.978676267820885990e-12 0.000000000000000000e+00 3.343943989873580149e-05
1.228000000000000000e+03 9.801771629405829593e-15 2.417839088999927860e-13 3.029502453032718943e-12 0.000000000000000000e+00 4.318392396801764595e-05
1.229000000000000000e+03 9.664674968187974680e-15 2.421728538047107764e-13 3.080328638244551493e-12 0.000000000000000000e+00 2.750179856911079112e-05
1.230000000000000000e+03 9.527578306970121345e-15 2.425617987094288173e-13 3.131154823456384446e-12 0.000000000000000000e+00 7.252264875630688962e-05
1.231000000000000000e+03 9.390481645752266432e-15 2.429507436141468076e-13 3.181981008668216995e-12 0.000000000000000000e+00 5.543986705926709247e-05
1.232000000000000000e+03 9.253384984534411519e-15 2.433396885188647980e-13 3.232807193880049948e-12 0.000000000000000000e+00 6.131260231651735259e-05
1.233000000000000000e+03 9.116288323316556606e-15 2.437286334235827884e-13 3.283633379091882498e-12 0.000000000000000000e+00 3.129799895431179647e-05
1.234000000000000000e+03 8.979191662098701694e-15 2.441175783283007788e-13 3.334459564303715451e-12 0.000000000000000000e+00 4.595938356034084905e-05
1.235000000000000000e+03 8.788785243041247173e-15 2.424655694015536617e-13 3.361081788058992214e-12 0.000000000000000000e+00 4.813409001044510527e-05
1.236000000000000000e+03 8.545069066144193046e-15 2.387726066433413867e-13 3.363500050357713191e-12 0.000000000000000000e+00 3.278264985462184158e-05
1.237000000000000000e+03 8.301352889247138919e-15 2.350796438851290613e-13 3.365918312656434167e-12 0.000000000000000000e+00 5.290080419674922401e-05
1.238000000000000000e+03 8.057636712350084791e-15 2.313866811269167863e-13 3.368336574955155144e-12 0.000000000000000000e+00 5.396186732400858684e-05
1.239000000000000000e+03 7.813920535453030664e-15 2.276937183687045113e-13 3.370754837253876121e-12 0.000000000000000000e+00 4.077245596288107417e-05
1.240000000000000000e+03 7.570204358555976536e-15 2.240007556104922110e-13 3.373173099552597098e-12 0.000000000000000000e+00 7.661785843164156825e-05
1.241000000000000000e+03 7.326488181658922409e-15 2.203077928522799108e-13 3.375591361851318074e-12 0.000000000000000000e+00 2.868703862425046370e-05
1.242000000000000000e+03 7.082772004761869071e-15 2.166148300940676358e-13 3.378009624150039051e-12 0.000000000000000000e+00 3.792891574778498861e-05
1.243000000000000000e+03 6.839055827864814943e-15 2.129218673358553356e-13 3.380427886448760028e-12 0.000000000000000000e+00 6.202866368871810181e-05
1.244000000000000000e+03 6.595339650967760816e-15 2.092289045776430353e-13 3.382846148747481005e-12 0.000000000000000000e+00 3.463597769944082620e-05
1.245000000000000000e+03 6.382475888247892083e-15 2.060801899046876242e-13 3.398507135180054225e-12 0.000000000000000000e+00 6.170904328629993395e-05
1.246000000000000000e+03 6.200464539705207956e-15 2.034757233169890516e-13 3.427410845746479689e-12 0.000000000000000000e+00 4.600219634373698871e-05
1.247000000000000000e+03 6.018453191162523830e-15 2.008712567292904790e-13 3.456314556312904749e-12 0.000000000000000000e+00 3.860353039205401013e-05
1.248000000000000000e+03 5.836441842619839703e-15 1.982667901415919317e-13 3.485218266879330214e-12 0.000000000000000000e+00 5.273021348617412413e-05
1.249000000000000000e+03 5.654430494077155576e-15 1.956623235538933591e-13 3.514121977445755678e-12 0.000000000000000000e+00 3.910474267625535711e-05
1.250000000000000000e+03 5.472419145534472238e-15 1.930578569661947865e-13 3.543025688012180738e-12 0.000000000000000000e+00 5.317919471116917856e-05
1.251000000000000000e+03 5.290407796991788112e-15 1.904533903784962139e-13 3.571929398578606202e-12 0.000000000000000000e+00 3.140855140366005156e-05
1.252000000000000000e+03 5.108396448449103985e-15 1.878489237907976666e-13 3.600833109145031666e-12 0.000000000000000000e+00 7.211220080607526253e-05
1.253000000000000000e+03 4.926385099906419858e-15 1.852444572030990940e-13 3.629736819711456726e-12 0.000000000000000000e+00 5.231556249460489997e-05
1.254000000000000000e+03 4.744373751363735731e-15 1.826399906154005214e-13 3.658640530277882190e-12 0.000000000000000000e+00 6.160594225507100979e-05
1.255000000000000000e+03 4.556086471375024089e-15 1.787662484365180107e-13 3.664474924163822234e-12 0.000000000000000000e+00 2.846347806971191876e-05
1.256000000000000000e+03 4.361523259940284142e-15 1.736232306664515111e-13 3.647240001369276857e-12 0.000000000000000000e+00 3.826721344554799781e-05
1.257000000000000000e+03 4.166960048505544195e-15 1.684802128963850369e-13 3.630005078574731076e-12 0.000000000000000000e+00 5.605626015349930854e-05
1.258000000000000000e+03 3.972396837070804248e-15 1.633371951263185626e-13 3.612770155780185295e-12 0.000000000000000000e+00 2.370330474670317688e-05
1.259000000000000000e+03 3.777833625636064301e-15 1.581941773562520631e-13 3.595535232985639918e-12 0.000000000000000000e+00 8.065231308323899415e-05
1.260000000000000000e+03 3.583270414201324354e-15 1.530511595861855889e-13 3.578300310191094137e-12 0.000000000000000000e+00 3.708404738637642475e-05
1.261000000000000000e+03 3.388707202766584407e-15 1.479081418161190894e-13 3.561065387396548760e-12 0.000000000000000000e+00 5.332243103816508307e-05
1.262000000000000000e+03 3.194143991331844460e-15 1.427651240460526151e-13 3.543830464602002979e-12 0.000000000000000000e+00 6.151797442862577475e-05
1.263000000000000000e+03 2.999580779897104513e-15 1.376221062759861409e-13 3.526595541807457602e-12 0.000000000000000000e+00 3.464248392375891882e-05
1.264000000000000000e+03 2.805017568462364566e-15 1.324790885059196414e-13 3.509360619012911822e-12 0.000000000000000000e+00 3.279529375758763183e-05
1.265000000000000000e+03 2.640157853989044657e-15 1.279097759664101736e-13 3.508896099260923708e-12 0.000000000000000000e+00 4.330838473591997482e-05
1.266000000000000000e+03 2.505001636477145182e-15 1.239141686574577375e-13 3.525201982551493263e-12 0.000000000000000000e+00 7.264646814888055075e-05
1.267000000000000000e+03 2.369845418965245706e-15 1.199185613485053015e-13 3.541507865842062817e-12 0.000000000000000000e+00 3.719422459707221270e-05
1.268000000000000000e+03 2.234689201453346230e-15 1.159229540395528654e-13 3.557813749132631968e-12 0.000000000000000000e+00 6.115179007009488902e-05
1.269000000000000000e+03 2.099532983941446360e-15 1.119273467306004294e-13 3.574119632423201522e-12 0.000000000000000000e+00 3.111125951872511407e-05
1.270000000000000000e+03 1.964376766429546885e-15 1.079317394216479933e-13 3.590425515713771077e-12 0.000000000000000000e+00 5.317565631148990122e-05
1.271000000000000000e+03 1.829220548917647409e-15 1.039361321126955573e-13 3.606731399004340631e-12 0.000000000000000000e+00 6.651655553849779756e-05
1.272000000000000000e+03 1.694064331405747539e-15 9.994052480374312120e-14 3.623037282294909781e-12 0.000000000000000000e+00 2.288780195758500824e-05
1.273000000000000000e+03 1.558908113893848064e-15 9.594491749479068515e-14 3.639343165585478932e-12 0.000000000000000000e+00 6.802448510125729800e-05
1.274000000000000000e+03 1.423751896381948391e-15 9.194931018583824910e-14 3.655649048876048890e-12 0.000000000000000000e+00 4.062141070732505860e-05
1.275000000000000000e+03 1.288021045711142706e-15 8.771851151971918494e-14 3.667969795516754242e-12 0.000000000000000000e+00 4.831341619546233363e-05
1.276000000000000000e+03 1.151715561881430614e-15 8.325252149643350529e-14 3.676305405507595795e-12 0.000000000000000000e+00 6.058595823641123654e-05
1.277000000000000000e+03 1.015410078051718522e-15 7.878653147314782565e-14 3.684641015498437347e-12 0.000000000000000000e+00 1.639713734259034663e-05
1.278000000000000000e+03 8.791045942220065289e-16 7.432054144986214601e-14 3.692976625489278900e-12 0.000000000000000000e+00 4.323379638254493606e-05
1.279000000000000000e+03 7.427991103922944371e-16 6.985455142657646637e-14 3.701312235480120453e-12 0.000000000000000000e+00 5.934281408146554386e-05
1.280000000000000000e+03 6.064936265625824439e-16 6.538856140329077410e-14 3.709647845470961197e-12 0.000000000000000000e+00 5.509470661683159390e-05
1.281000000000000000e+03 4.701881427328703521e-16 6.092257138000510708e-14 3.717983455461802750e-12 0.000000000000000000e+00 6.254555365472822925e-05
1.282000000000000000e+03 3.338826589031582603e-16 5.645658135671941482e-14 3.726319065452644303e-12 0.000000000000000000e+00 4.440739740110657329e-05
1.283000000000000000e+03 1.975771750734463657e-16 5.199059133343373518e-14 3.734654675443485855e-12 0.000000000000000000e+00 3.397826319568346751e-05
1.284000000000000000e+03 6.127169124373427392e-17 4.752460131014804922e-14 3.742990285434327408e-12 0.000000000000000000e+00 6.401625597393004565e-05
1.285000000000000000e+03 -4.197227051543600747e-17 4.270033511532134176e-14 3.737197300942316970e-12 0.000000000000000000e+00 4.366524744901415607e-05
1.286000000000000000e+03 -1.121547102040644353e-16 3.751779274895360016e-14 3.717275721967454542e-12 0.000000000000000000e+00 2.208336588645569727e-05
1.287000000000000000e+03 -1.823371498926928940e-16 3.233525038258585856e-14 3.697354142992592114e-12 0.000000000000000000e+00 5.774163585013852780e-05
1.288000000000000000e+03 -2.525195895813212787e-16 2.715270801621812012e-14 3.677432564017729686e-12 0.000000000000000000e+00 6.244368304140362775e-05
1.289000000000000000e+03 -3.227020292699497373e-16 2.197016564985037852e-14 3.657510985042867258e-12 0.000000000000000000e+00 3.639240238937916836e-05
1.290000000000000000e+03 -3.928844689585781467e-16 1.678762328348264008e-14 3.637589406068005233e-12 0.000000000000000000e+00 6.173568208633475126e-05
1.291000000000000000e+03 -4.630669086472066053e-16 1.160508091711489848e-14 3.617667827093142805e-12 0.000000000000000000e+00 4.386020451015906204e-05
1.292000000000000000e+03 -5.332493483358350640e-16 6.422538550747156883e-15 3.597746248118280781e-12 0.000000000000000000e+00 3.764106976400968108e-05
1.293000000000000000e+03 -6.034317880244634241e-16 1.239996184379421595e-15 3.577824669143418353e-12 0.000000000000000000e+00 5.158334900356306642e-05
1.294000000000000000e+03 -6.736142277130918827e-16 -3.942546181988320003e-15 3.557903090168555925e-12 0.000000000000000000e+00 5.845141420528642982e-05
1.295000000000000000e+03 -7.502054251968022102e-16 -9.229273669948678598e-15 3.558421166318423997e-12 0.000000000000000000e+00 4.553248678720417760e-05
1.296000000000000000e+03 -8.332053804755944064e-16 -1.462018627950164472e-14 3.579378897593022570e-12 0.000000000000000000e+00 3.958635315110139676e-05
1.297000000000000000e+03 -9.162053357543867013e-16 -2.001109888905461401e-14 3.600336628867621547e-12 0.000000000000000000e+00 4.643622362588154597e-05
1.298000000000000000e+03 -9.992052910331787990e-16 -2.540201149860757698e-14 3.621294360142220119e-12 0.000000000000000000e+00 5.930796311912897779e-05
1.299000000000000000e+03 -1.082205246311971094e-15 -3.079292410816054626e-14 3.642252091416818692e-12 0.000000000000000000e+00 1.657493592687030390e-05
1.300000000000000000e+03 -1.165205201590763192e-15 -3.618383671771350923e-14 3.663209822691417265e-12 0.000000000000000000e+00 5.870433750672014825e-05
1.301000000000000000e+03 -1.248205156869555289e-15 -4.157474932726647851e-14 3.684167553966015838e-12 0.000000000000000000e+00 6.007740979957012665e-05
1.302000000000000000e+03 -1.331205112148347584e-15 -4.696566193681944779e-14 3.705125285240614410e-12 0.000000000000000000e+00 6.704689870818315736e-05
1.303000000000000000e+03 -1.414205067427139682e-15 -5.235657454637241076e-14 3.726083016515212983e-12 0.000000000000000000e+00 2.589369376227353486e-05
1.304000000000000000e+03 -1.497205022705931977e-15 -5.774748715592538636e-14 3.747040747789811556e-12 0.000000000000000000e+00 5.823843277416932540e-05
1.305000000000000000e+03 -1.531112454659336824e-15 -6.318266351697205091e-14 3.746257430844507990e-12 0.000000000000000000e+00 2.981214946019947778e-05
1.306000000000000000e+03 -1.515927363287354816e-15 -6.866210362951242967e-14 3.723733065679300671e-12 0.000000000000000000e+00 6.049866908828251631e-05
1.307000000000000000e+03 -1.500742271915372414e-15 -7.414154374205282106e-14 3.701208700514094159e-12 0.000000000000000000e+00 3.945788215268001084e-05
1.308000000000000000e+03 -1.485557180543390406e-15 -7.962098385459319982e-14 3.678684335348887648e-12 0.000000000000000000e+00 3.369976394199670876e-05
1.309000000000000000e+03 -1.470372089171408003e-15 -8.510042396713359120e-14 3.656159970183680328e-12 0.000000000000000000e+00 5.506212256970638744e-05
1.310000000000000000e+03 -1.455186997799425995e-15 -9.057986407967396997e-14 3.633635605018473817e-12 0.000000000000000000e+00 7.156117357752414098e-05
1.311000000000000000e+03 -1.440001906427443593e-15 -9.605930419221434873e-14 3.611111239853266901e-12 0.000000000000000000e+00 3.750805605656576879e-05
1.312000000000000000e+03 -1.424816815055461585e-15 -1.015387443047547401e-13 3.588586874688060389e-12 0.000000000000000000e+00 6.717497544716473704e-05
1.313000000000000000e+03 -1.409631723683479182e-15 -1.070181844172951189e-13 3.566062509522853474e-12 0.000000000000000000e+00 1.555074840257153216e-05
1.314000000000000000e+03 -1.394446632311497174e-15 -1.124976245298355103e-13 3.543538144357646558e-12 0.000000000000000000e+00 2.692550127523416525e-05
1.315000000000000000e+03 -1.379711457739567022e-15 -1.179338457295682682e-13 3.524084953443941130e-12 0.000000000000000000e+00 7.361897561577821359e-05
1.316000000000000000e+03 -1.365426199967689122e-15 -1.233268480164934307e-13 3.507702936781737190e-12 0.000000000000000000e+00 5.324367299276223827e-05
1.317000000000000000e+03 -1.351140942195811023e-15 -1.287198503034185931e-13 3.491320920119533250e-12 0.000000000000000000e+00 4.580726806665684118e-05
1.318000000000000000e+03 -1.336855684423933123e-15 -1.341128525903437303e-13 3.474938903457328906e-12 0.000000000000000000e+00 3.493134438811063447e-05
1.319000000000000000e+03 -1.322570426652055222e-15 -1.395058548772688927e-13 3.458556886795124966e-12 0.000000000000000000e+00 4.535395304412973000e-05
1.320000000000000000e+03 -1.308285168880177124e-15 -1.448988571641940552e-13 3.442174870132920621e-12 0.000000000000000000e+00 5.485092309764565648e-05
1.321000000000000000e+03 -1.293999911108299223e-15 -1.502918594511192176e-13 3.425792853470716681e-12 0.000000000000000000e+00 3.867152102639210474e-05
1.322000000000000000e+03 -1.279714653336421322e-15 -1.556848617380443548e-13 3.409410836808512337e-12 0.000000000000000000e+00 5.487187516041737830e-05
1.323000000000000000e+03 -1.265429395564543421e-15 -1.610778640249695172e-13 3.393028820146308397e-12 0.000000000000000000e+00 4.081653686318527239e-05
1.324000000000000000e+03 -1.251144137792665323e-15 -1.664708663118946797e-13 3.376646803484104457e-12 0.000000000000000000e+00 6.384764569431130579e-05
1.325000000000000000e+03 -1.198639799057006052e-15 -1.719977076814572171e-13 3.359541537718955395e-12 0.000000000000000000e+00 3.880974856782973243e-05
1.326000000000000000e+03 -1.107916379357565214e-15 -1.776583881336571547e-13 3.341713022850861211e-12 0.000000000000000000e+00 4.710152947680234961e-05
1.327000000000000000e+03 -1.017192959658124376e-15 -1.833190685858570924e-13 3.323884507982767431e-12 0.000000000000000000e+00 2.434760272504075761e-05
1.328000000000000000e+03 -9.264695399586837346e-16 -1.889797490380570553e-13 3.306055993114673652e-12 0.000000000000000000e+00 4.425725030719645831e-05
1.329000000000000000e+03 -8.357461202592428964e-16 -1.946404294902569930e-13 3.288227478246579468e-12 0.000000000000000000e+00 5.352585690807663469e-05
1.330000000000000000e+03 -7.450227005598021568e-16 -2.003011099424569306e-13 3.270398963378485688e-12 0.000000000000000000e+00 5.419907696055147126e-05
1.331000000000000000e+03 -6.542992808603614172e-16 -2.059617903946568683e-13 3.252570448510391505e-12 0.000000000000000000e+00 4.970764480459591078e-05
1.332000000000000000e+03 -5.635758611609206776e-16 -2.116224708468568312e-13 3.234741933642297725e-12 0.000000000000000000e+00 5.183563838717125834e-05
1.333000000000000000e+03 -4.728524414614798394e-16 -2.172831512990567688e-13 3.216913418774203945e-12 0.000000000000000000e+00 3.797100632706663703e-05
1.334000000000000000e+03 -3.821290217620390998e-16 -2.229438317512567065e-13 3.199084903906109762e-12 0.000000000000000000e+00 4.273591872266580449e-05
1.335000000000000000e+03 -2.590236850545711724e-16 -2.281112542830425489e-13 3.174767086578073832e-12 0.000000000000000000e+00 5.086541177108503840e-05
1.336000000000000000e+03 -1.035364313390761557e-16 -2.327854188944142962e-13 3.143959966790094944e-12 0.000000000000000000e+00 2.647614258141740837e-05
1.337000000000000000e+03 5.195082237641886092e-17 -2.374595835057860939e-13 3.113152847002116865e-12 0.000000000000000000e+00 5.886214559690059074e-05
1.338000000000000000e+03 2.074380760919138776e-16 -2.421337481171578411e-13 3.082345727214137977e-12 0.000000000000000000e+00 6.309406099474534934e-05
1.339000000000000000e+03 3.629253298074088942e-16 -2.468079127285295884e-13 3.051538607426159898e-12 0.000000000000000000e+00 2.155124958068768432e-05
1.340000000000000000e+03 5.184125835229039109e-16 -2.514820773399013861e-13 3.020731487638181010e-12 0.000000000000000000e+00 5.174669353976120645e-05
1.341000000000000000e+03 6.738998372383988289e-16 -2.561562419512731333e-13 2.989924367850202931e-12 0.000000000000000000e+00 4.100702920386345765e-05
1.342000000000000000e+03 8.293870909538940427e-16 -2.608304065626448806e-13 2.959117248062224043e-12 0.000000000000000000e+00 5.909509103752121984e-05
1.343000000000000000e+03 9.848743446693889608e-16 -2.655045711740166783e-13 2.928310128274245963e-12 0.000000000000000000e+00 3.641422671242088450e-05
1.344000000000000000e+03 1.140361598384884175e-15 -2.701787357853884255e-13 2.897503008486267076e-12 0.000000000000000000e+00 4.657810009377649530e-05
1.345000000000000000e+03 1.308620253431831991e-15 -2.761359498694569824e-13 2.879259995787061695e-12 0.000000000000000000e+00 5.726208255931198861e-05
1.346000000000000000e+03 1.489650309810232805e-15 -2.833762134262223995e-13 2.873581090176629418e-12 0.000000000000000000e+00 5.371333988576427370e-05
1.347000000000000000e+03 1.670680366188633421e-15 -2.906164769829878165e-13 2.867902184566197140e-12 0.000000000000000000e+00 3.344493404136974839e-05
1.348000000000000000e+03 1.851710422567034038e-15 -2.978567405397531831e-13 2.862223278955764863e-12 0.000000000000000000e+00 4.664761587242078603e-05
1.349000000000000000e+03 2.032740478945434852e-15 -3.050970040965186001e-13 2.856544373345332586e-12 0.000000000000000000e+00 1.405324602340978877e-05
1.350000000000000000e+03 2.213770535323835665e-15 -3.123372676532840172e-13 2.850865467734899904e-12 0.000000000000000000e+00 3.894873589654507002e-05
1.351000000000000000e+03 2.394800591702236479e-15 -3.195775312100493837e-13 2.845186562124467627e-12 0.000000000000000000e+00 9.135861044222292227e-05
1.352000000000000000e+03 2.575830648080637293e-15 -3.268177947668148008e-13 2.839507656514035349e-12 0.000000000000000000e+00 4.737985588835458262e-05
1.353000000000000000e+03 2.756860704459038107e-15 -3.340580583235802178e-13 2.833828750903603072e-12 0.000000000000000000e+00 2.246610276415192235e-05
1.354000000000000000e+03 2.937890760837438526e-15 -3.412983218803455844e-13 2.828149845293170794e-12 0.000000000000000000e+00 5.537702847967322504e-05
1.355000000000000000e+03 3.207251325356925204e-15 -3.465983489908823790e-13 2.801796100470222903e-12 0.000000000000000000e+00 3.347885451746935773e-05
1.356000000000000000e+03 3.564942398017497353e-15 -3.499581396551906016e-13 2.754767516434759397e-12 0.000000000000000000e+00 4.225711599542967731e-05
1.357000000000000000e+03 3.922633470678069896e-15 -3.533179303194987232e-13 2.707738932399296295e-12 0.000000000000000000e+00 4.252352754053952431e-05
1.358000000000000000e+03 4.280324543338642439e-15 -3.566777209838069459e-13 2.660710348363833193e-12 0.000000000000000000e+00 4.827443076363826613e-05
1.359000000000000000e+03 4.638015615999214982e-15 -3.600375116481150675e-13 2.613681764328369687e-12 0.000000000000000000e+00 4.144981792452736544e-05
1.360000000000000000e+03 4.995706688659787525e-15 -3.633973023124232901e-13 2.566653180292906585e-12 0.000000000000000000e+00 6.321120813834561758e-05
1.361000000000000000e+03 5.353397761320360068e-15 -3.667570929767314118e-13 2.519624596257443080e-12 0.000000000000000000e+00 4.114932664933445482e-05
1.362000000000000000e+03 5.711088833980932611e-15 -3.701168836410396344e-13 2.472596012221979978e-12 0.000000000000000000e+00 4.443882141947640049e-05
1.363000000000000000e+03 6.068779906641505155e-15 -3.734766743053477560e-13 2.425567428186516472e-12 0.000000000000000000e+00 3.050086708680917893e-05
1.364000000000000000e+03 6.426470979302077698e-15 -3.768364649696559787e-13 2.378538844151053370e-12 0.000000000000000000e+00 3.735463544853895058e-05
1.365000000000000000e+03 6.802335673699756858e-15 -3.811742950433969382e-13 2.341848501755739424e-12 0.000000000000000000e+00 6.055364757489378822e-05
1.366000000000000000e+03 7.196373989834542635e-15 -3.864901645265707862e-13 2.315496401000575037e-12 0.000000000000000000e+00 4.508506016160167919e-05
1.367000000000000000e+03 7.590412305969326834e-15 -3.918060340097445837e-13 2.289144300245410651e-12 0.000000000000000000e+00 3.867275463174012424e-05
1.368000000000000000e+03 7.984450622104112611e-15 -3.971219034929183812e-13 2.262792199490246264e-12 0.000000000000000000e+00 3.364738466050273499e-05
1.369000000000000000e+03 8.378488938238896810e-15 -4.024377729760922291e-13 2.236440098735081877e-12 0.000000000000000000e+00 4.481843930052726026e-05
1.370000000000000000e+03 8.772527254373682587e-15 -4.077536424592660266e-13 2.210087997979917087e-12 0.000000000000000000e+00 4.399059872489232748e-05
1.371000000000000000e+03 9.166565570508466786e-15 -4.130695119424398746e-13 2.183735897224752700e-12 0.000000000000000000e+00 4.751310467260990523e-05
1.372000000000000000e+03 9.560603886643252563e-15 -4.183853814256136721e-13 2.157383796469588313e-12 0.000000000000000000e+00 4.572281557367641766e-05
1.373000000000000000e+03 9.954642202778036762e-15 -4.237012509087874696e-13 2.131031695714423927e-12 0.000000000000000000e+00 5.645000950736272133e-05
1.374000000000000000e+03 1.034868051891282254e-14 -4.290171203919613176e-13 2.104679594959259540e-12 0.000000000000000000e+00 5.349202165938981933e-05
1.375000000000000000e+03 1.077926383913772065e-14 -4.318181343474461162e-13 2.065529809118778357e-12 0.000000000000000000e+00 2.358765738829483473e-05
1.376000000000000000e+03 1.124639216345273268e-14 -4.321042927752418654e-13 2.013582338192980782e-12 0.000000000000000000e+00 5.524319631999251572e-05
1.377000000000000000e+03 1.171352048776774470e-14 -4.323904512030376652e-13 1.961634867267183207e-12 0.000000000000000000e+00 1.469738277344712939e-05
1.378000000000000000e+03 1.218064881208275672e-14 -4.326766096308334649e-13 1.909687396341385631e-12 0.000000000000000000e+00 4.953370135805598446e-05
1.379000000000000000e+03 1.264777713639776875e-14 -4.329627680586292142e-13 1.857739925415588056e-12 0.000000000000000000e+00 6.064644025582942072e-05
1.380000000000000000e+03 1.311490546071278235e-14 -4.332489264864250140e-13 1.805792454489790683e-12 0.000000000000000000e+00 3.547831778322025172e-05
1.381000000000000000e+03 1.358203378502779438e-14 -4.335350849142207632e-13 1.753844983563993107e-12 0.000000000000000000e+00 4.429102657649495843e-05
1.382000000000000000e+03 1.404916210934280640e-14 -4.338212433420165630e-13 1.701897512638195734e-12 0.000000000000000000e+00 6.394627023268341251e-05
1.383000000000000000e+03 1.451629043365782000e-14 -4.341074017698123627e-13 1.649950041712398159e-12 0.000000000000000000e+00 2.793219448366810189e-05
1.384000000000000000e+03 1.498341875797282887e-14 -4.343935601976081120e-13 1.598002570786600584e-12 0.000000000000000000e+00 3.867571097206859708e-05
1.385000000000000000e+03 1.549825643662654852e-14 -4.344811902698365575e-13 1.550121284790561420e-12 0.000000000000000000e+00 3.502671144965952010e-05
1.386000000000000000e+03 1.606080346961896948e-14 -4.343702919864975477e-13 1.506306183724280871e-12 0.000000000000000000e+00 4.074304052712810056e-05
1.387000000000000000e+03 1.662335050261139044e-14 -4.342593937031586389e-13 1.462491082658000322e-12 0.000000000000000000e+00 5.679158606392342360e-05
1.388000000000000000e+03 1.718589753560381141e-14 -4.341484954198196291e-13 1.418675981591719773e-12 0.000000000000000000e+00 4.519675555772283788e-05
1.389000000000000000e+03 1.774844456859623237e-14 -4.340375971364807203e-13 1.374860880525439224e-12 0.000000000000000000e+00 3.454437127629793406e-05
1.390000000000000000e+03 1.831099160158865333e-14 -4.339266988531417105e-13 1.331045779459158675e-12 0.000000000000000000e+00 3.679958904748470335e-05
1.391000000000000000e+03 1.887353863458107429e-14 -4.338158005698028017e-13 1.287230678392877924e-12 0.000000000000000000e+00 4.701054550478312160e-05
1.392000000000000000e+03 1.943608566757349525e-14 -4.337049022864637919e-13 1.243415577326597375e-12 0.000000000000000000e+00 4.126135908827151814e-05
1.393000000000000000e+03 1.999863270056591621e-14 -4.335940040031248831e-13 1.199600476260316826e-12 0.000000000000000000e+00 5.814538647562260225e-05
1.394000000000000000e+03 2.056117973355834033e-14 -4.334831057197858733e-13 1.155785375194036277e-12 0.000000000000000000e+00 3.078788595328422762e-05
1.395000000000000000e+03 2.126887854248413923e-14 -4.346722203736649415e-13 1.119703519281887612e-12 0.000000000000000000e+00 5.224586025023605478e-05
1.396000000000000000e+03 2.212172912734331921e-14 -4.371613479647620371e-13 1.091354908523871233e-12 0.000000000000000000e+00 4.826071846432201430e-05
1.397000000000000000e+03 2.297457971220249604e-14 -4.396504755558590822e-13 1.063006297765854652e-12 0.000000000000000000e+00 2.461943826495695159e-05
1.398000000000000000e+03 2.382743029706167602e-14 -4.421396031469561273e-13 1.034657687007838071e-12 0.000000000000000000e+00 4.970836681322415602e-05
1.399000000000000000e+03 2.468028088192085285e-14 -4.446287307380532229e-13 1.006309076249821692e-12 0.000000000000000000e+00 2.145008248158170085e-05
1.400000000000000000e+03 2.553313146678003283e-14 -4.471178583291502681e-13 9.779604654918051112e-13 0.000000000000000000e+00 5.546623175686115947e-05
1.401000000000000000e+03 2.638598205163921281e-14 -4.496069859202473637e-13 9.496118547337887323e-13 0.000000000000000000e+00 5.902507981802238826e-05
1.402000000000000000e+03 2.723883263649839280e-14 -4.520961135113444088e-13 9.212632439757721514e-13 0.000000000000000000e+00 4.591742742343556067e-05
1.403000000000000000e+03 2.809168322135757278e-14 -4.545852411024414539e-13 8.929146332177556715e-13 0.000000000000000000e+00 1.980848286435614924e-05
1.404000000000000000e+03 2.894453380621675277e-14 -4.570743686935385495e-13 8.645660224597391917e-13 0.000000000000000000e+00 5.199269405895279994e-05
1.405000000000000000e+03 2.962831910102079111e-14 -4.541401361721253069e-13 8.250518579621042930e-13 0.000000000000000000e+00 3.895650681180847419e-05
1.406000000000000000e+03 3.014303910576970044e-14 -4.457825435382017765e-13 7.743721397248511775e-13 0.000000000000000000e+00 3.040953424923907930e-05
1.407000000000000000e+03 3.065775911051860346e-14 -4.374249509042782461e-13 7.236924214875979610e-13 0.000000000000000000e+00 4.802572628062176582e-05
1.408000000000000000e+03 3.117247911526751279e-14 -4.290673582703547157e-13 6.730127032503447445e-13 0.000000000000000000e+00 3.623981804271158972e-05
1.409000000000000000e+03 3.168719912001642212e-14 -4.207097656364311854e-13 6.223329850130915280e-13 0.000000000000000000e+00 6.184548340098956754e-05
1.410000000000000000e+03 3.220191912476532514e-14 -4.123521730025076550e-13 5.716532667758384125e-13 0.000000000000000000e+00 4.443285226970311846e-05
1.411000000000000000e+03 3.271663912951423447e-14 -4.039945803685840741e-13 5.209735485385852969e-13 0.000000000000000000e+00 2.034302507334368837e-05
1.412000000000000000e+03 3.323135913426314380e-14 -3.956369877346605437e-13 4.702938303013320805e-13 0.000000000000000000e+00 5.487831447169924930e-05
1.413000000000000000e+03 3.374607913901204682e-14 -3.872793951007370134e-13 4.196141120640788640e-13 0.000000000000000000e+00 2.123241240802722904e-05
1.414000000000000000e+03 3.426079914376095615e-14 -3.789218024668134830e-13 3.689343938268257484e-13 0.000000000000000000e+00 7.043063403826996759e-05
1.415000000000000000e+03 3.499819050299373655e-14 -3.726803290599266135e-13 3.308946151831512627e-13 0.000000000000000000e+00 4.339104518106809340e-05
1.416000000000000000e+03 3.595825321671040063e-14 -3.685549748800764049e-13 3.054947761330554571e-13 0.000000000000000000e+00 1.748157143687991200e-05
1.417000000000000000e+03 3.691831593042706472e-14 -3.644296207002261962e-13 2.800949370829596516e-13 0.000000000000000000e+00 4.890595984238958396e-05
1.418000000000000000e+03 3.787837864414372881e-14 -3.603042665203759876e-13 2.546950980328638461e-13 0.000000000000000000e+00 4.528256380134126387e-05
1.419000000000000000e+03 3.883844135786039290e-14 -3.561789123405257790e-13 2.292952589827679901e-13 0.000000000000000000e+00 3.133793986353025250e-05
1.420000000000000000e+03 3.979850407157705699e-14 -3.520535581606755703e-13 2.038954199326722098e-13 0.000000000000000000e+00 4.836319924986598684e-05
1.421000000000000000e+03 4.075856678529372107e-14 -3.479282039808253112e-13 1.784955808825764043e-13 0.000000000000000000e+00 3.935015987414682015e-05
1.422000000000000000e+03 4.171862949901038516e-14 -3.438028498009751026e-13 1.530957418324805735e-13 0.000000000000000000e+00 4.884520583266740214e-05
1.423000000000000000e+03 4.267869221272704925e-14 -3.396774956211248939e-13 1.276959027823847680e-13 0.000000000000000000e+00 4.836087521871834519e-05
1.424000000000000000e+03 4.363875492644371334e-14 -3.355521414412746853e-13 1.022960637322889624e-13 0.000000000000000000e+00 4.929720252583565999e-05
1.425000000000000000e+03 4.437643653598689769e-14 -3.279237762673470125e-13 7.636295544549345094e-14 0.000000000000000000e+00 1.579688998505493760e-05
1.426000000000000000e+03 4.489173704135660861e-14 -3.167924000993418755e-13 4.989657792199827136e-14 0.000000000000000000e+00 4.749148541222175332e-05
1.427000000000000000e+03 4.540703754672632585e-14 -3.056610239313366881e-13 2.343020039850307915e-14 0.000000000000000000e+00 3.206939774947865170e-05
1.428000000000000000e+03 4.592233805209603677e-14 -2.945296477633315511e-13 -3.036177124992100435e-15 0.000000000000000000e+00 3.998396453300343423e-05
1.429000000000000000e+03 4.643763855746574770e-14 -2.833982715953264141e-13 -2.950255464848728002e-14 0.000000000000000000e+00 5.585689992730602358e-05
1.430000000000000000e+03 4.695293906283546493e-14 -2.722668954273212772e-13 -5.596893217198247223e-14 0.000000000000000000e+00 3.870632047433023129e-05
1.431000000000000000e+03 4.746823956820517585e-14 -2.611355192593161402e-13 -8.243530969547766443e-14 0.000000000000000000e+00 4.625556635178416551e-05
1.432000000000000000e+03 4.798354007357488678e-14 -2.500041430913109528e-13 -1.089016872189728566e-13 0.000000000000000000e+00 4.088196855878741681e-05
1.433000000000000000e+03 4.849884057894460401e-14 -2.388727669233058158e-13 -1.353680647424680110e-13 0.000000000000000000e+00 3.175638077679010247e-05
1.434000000000000000e+03 4.901414108431431493e-14 -2.277413907553006283e-13 -1.618344422659632284e-13 0.000000000000000000e+00 4.370454165876412692e-05
1.435000000000000000e+03 4.978551401470376296e-14 -2.169457956699741955e-13 -1.808964626190423864e-13 0.000000000000000000e+00 2.811520916769300052e-05
1.436000000000000000e+03 5.081295937011295439e-14 -2.064859816673263658e-13 -1.925541258017054598e-13 0.000000000000000000e+00 5.696371399846177097e-05
1.437000000000000000e+03 5.184040472552214582e-14 -1.960261676646785866e-13 -2.042117889843685584e-13 0.000000000000000000e+00 4.395769649367358008e-05
1.438000000000000000e+03 5.286785008093133725e-14 -1.855663536620307569e-13 -2.158694521670316569e-13 0.000000000000000000e+00 3.892051219036654912e-05
1.439000000000000000e+03 5.389529543634052867e-14 -1.751065396593829777e-13 -2.275271153496947555e-13 0.000000000000000000e+00 2.404477568735622749e-05
1.440000000000000000e+03 5.492274079174972010e-14 -1.646467256567351480e-13 -2.391847785323578036e-13 0.000000000000000000e+00 5.700076578658273580e-05
1.441000000000000000e+03 5.595018614715890522e-14 -1.541869116540873687e-13 -2.508424417150209022e-13 0.000000000000000000e+00 3.381869608592063457e-05
1.442000000000000000e+03 5.697763150256809034e-14 -1.437270976514395390e-13 -2.625001048976840008e-13 0.000000000000000000e+00 3.949561733602096014e-05
1.443000000000000000e+03 5.800507685797728808e-14 -1.332672836487917598e-13 -2.741577680803470993e-13 0.000000000000000000e+00 5.112565494031185250e-05
1.444000000000000000e+03 5.903252221338647320e-14 -1.228074696461439301e-13 -2.858154312630101979e-13 0.000000000000000000e+00 3.195458415701319998e-05
1.445000000000000000e+03 5.980420146365443829e-14 -1.109812612844532627e-13 -2.880282558245521815e-13 0.000000000000000000e+00 5.690872856153020201e-05
1.446000000000000000e+03 6.032011460878118335e-14 -9.778865856371970714e-14 -2.807962417649731005e-13 0.000000000000000000e+00 4.161372549291001316e-05
1.447000000000000000e+03 6.083602775390791579e-14 -8.459605584298613893e-14 -2.735642277053940195e-13 0.000000000000000000e+00 1.887469410552235590e-05
1.448000000000000000e+03 6.135194089903464823e-14 -7.140345312225257072e-14 -2.663322136458149385e-13 0.000000000000000000e+00 4.864185668625842880e-05
1.449000000000000000e+03 6.186785404416139329e-14 -5.821085040151901514e-14 -2.591001995862358575e-13 0.000000000000000000e+00 3.679796960822588310e-05
1.450000000000000000e+03 6.238376718928812573e-14 -4.501824768078545955e-14 -2.518681855266567765e-13 0.000000000000000000e+00 5.132267784477237844e-05
1.451000000000000000e+03 6.289968033441487079e-14 -3.182564496005190397e-14 -2.446361714670776955e-13 0.000000000000000000e+00 4.580854516495271744e-05
1.452000000000000000e+03 6.341559347954160323e-14 -1.863304223931833576e-14 -2.374041574074986146e-13 0.000000000000000000e+00 4.494205039183920436e-05
1.453000000000000000e+03 6.393150662466833566e-14 -5.440439518584780179e-15 -2.301721433479195336e-13 0.000000000000000000e+00 3.736358802957456501e-05
1.454000000000000000e+03 6.444741976979508072e-14 7.752163202148788027e-15 -2.229401292883404526e-13 0.000000000000000000e+00 3.848193667694047130e-05
1.455000000000000000e+03 6.481801517788791264e-14 2.141542087835182606e-14 -2.131072508575593966e-13 0.000000000000000000e+00 3.158981344548567841e-05
1.456000000000000000e+03 6.504329284894684403e-14 3.554933351002435284e-14 -2.006735080555763405e-13 0.000000000000000000e+00 3.848515952353553005e-05
1.457000000000000000e+03 6.526857052000577542e-14 4.968324614169688593e-14 -1.882397652535933096e-13 0.000000000000000000e+00 3.511785860936462626e-05
1.458000000000000000e+03 6.549384819106470681e-14 6.381715877336941271e-14 -1.758060224516102534e-13 0.000000000000000000e+00 5.856414588138776368e-05
1.459000000000000000e+03 6.571912586212363820e-14 7.795107140504193319e-14 -1.633722796496271973e-13 0.000000000000000000e+00 3.530590957622609365e-05
1.460000000000000000e+03 6.594440353318256959e-14 9.208498403671447890e-14 -1.509385368476441664e-13 0.000000000000000000e+00 4.728246999278455794e-05
1.461000000000000000e+03 6.616968120424150098e-14 1.062188966683869994e-13 -1.385047940456611102e-13 0.000000000000000000e+00 2.582376147405800968e-05
1.462000000000000000e+03 6.639495887530043237e-14 1.203528093000595451e-13 -1.260710512436780541e-13 0.000000000000000000e+00 5.319977490133087015e-05
1.463000000000000000e+03 6.662023654635936376e-14 1.344867219317320656e-13 -1.136373084416950105e-13 0.000000000000000000e+00 3.632467654680562484e-05
1.464000000000000000e+03 6.684551421741829515e-14 1.486206345634046113e-13 -1.012035656397119670e-13 0.000000000000000000e+00 4.393912170744718095e-05
1.465000000000000000e+03 6.721838768697004964e-14 1.628909008989410199e-13 -7.792762005023914469e-14 0.000000000000000000e+00 5.081975515540844955e-05
1.466000000000000000e+03 6.773885695501461461e-14 1.772975209383413418e-13 -4.380947167327655625e-14 0.000000000000000000e+00 2.454508764732888133e-05
1.467000000000000000e+03 6.825932622305917958e-14 1.917041409777416637e-13 -9.691323296313967811e-15 0.000000000000000000e+00 4.640498817377554564e-05
1.468000000000000000e+03 6.877979549110374455e-14 2.061107610171419856e-13 2.442682508064862063e-14 0.000000000000000000e+00 4.338438668299613257e-05
1.469000000000000000e+03 6.930026475914830952e-14 2.205173810565423076e-13 5.854497345761120907e-14 0.000000000000000000e+00 2.086131475100126578e-05
1.470000000000000000e+03 6.982073402719287449e-14 2.349240010959426295e-13 9.266312183457379751e-14 0.000000000000000000e+00 3.981537806590672372e-05
1.471000000000000000e+03 7.034120329523743946e-14 2.493306211353429262e-13 1.267812702115363733e-13 0.000000000000000000e+00 6.893960690214358353e-05
1.472000000000000000e+03 7.086167256328200443e-14 2.637372411747432733e-13 1.608994185884989618e-13 0.000000000000000000e+00 3.991326240197127470e-05
1.473000000000000000e+03 7.138214183132656940e-14 2.781438612141435700e-13 1.950175669654615502e-13 0.000000000000000000e+00 4.268537922327796504e-05
1.474000000000000000e+03 7.190261109937113437e-14 2.925504812535438667e-13 2.291357153424241387e-13 0.000000000000000000e+00 3.262905768772525185e-05
1.475000000000000000e+03 7.235532418458093395e-14 3.077095771038978054e-13 2.671476845675008964e-13 0.000000000000000000e+00 3.055273522227124939e-05
1.476000000000000000e+03 7.274028108695595552e-14 3.236211487652052852e-13 3.090534746406918740e-13 0.000000000000000000e+00 5.212697060259358615e-05
1.477000000000000000e+03 7.312523798933097708e-14 3.395327204265127145e-13 3.509592647138828010e-13 0.000000000000000000e+00 3.108375080039053456e-05
1.478000000000000000e+03 7.351019489170599865e-14 3.554442920878201943e-13 3.928650547870737281e-13 0.000000000000000000e+00 4.085465468661896222e-05
1.479000000000000000e+03 7.389515179408102022e-14 3.713558637491276236e-13 4.347708448602646552e-13 0.000000000000000000e+00 3.729941687811989782e-05
1.480000000000000000e+03 7.428010869645605441e-14 3.872674354104351033e-13 4.766766349334556832e-13 0.000000000000000000e+00 4.792572576781596214e-05
1.481000000000000000e+03 7.466506559883107598e-14 4.031790070717425831e-13 5.185824250066465093e-13 0.000000000000000000e+00 5.387988948083489722e-05
1.482000000000000000e+03 7.505002250120609755e-14 4.190905787330500629e-13 5.604882150798375374e-13 0.000000000000000000e+00 4.203213151143877656e-05
1.483000000000000000e+03 7.543497940358111912e-14 4.350021503943575427e-13 6.023940051530284644e-13 0.000000000000000000e+00 1.968152798387352381e-05
1.484000000000000000e+03 7.581993630595614069e-14 4.509137220556649719e-13 6.442997952262193915e-13 0.000000000000000000e+00 4.500871896745019777e-05
1.485000000000000000e+03 7.583136103332835551e-14 4.641513183963249040e-13 6.903856668398190073e-13 0.000000000000000000e+00 5.020724014161559304e-05
1.486000000000000000e+03 7.546925358569775096e-14 4.747149394163372884e-13 7.406516199938272108e-13 0.000000000000000000e+00 3.761554975932959055e-05
1.487000000000000000e+03 7.510714613806715903e-14 4.852785604363496728e-13 7.909175731478354143e-13 0.000000000000000000e+00 4.927412901388161207e-05
1.488000000000000000e+03 7.474503869043656711e-14 4.958421814563620572e-13 8.411835263018435169e-13 0.000000000000000000e+00 2.888890409339079813e-05
1.489000000000000000e+03 7.438293124280596256e-14 5.064058024763744417e-13 8.914494794558517204e-13 0.000000000000000000e+00 4.923061678195522262e-05
1.490000000000000000e+03 7.402082379517537063e-14 5.169694234963868261e-13 9.417154326098600249e-13 0.000000000000000000e+00 4.494619494135415573e-05
1.491000000000000000e+03 7.365871634754476608e-14 5.275330445163993114e-13 9.919813857638682284e-13 0.000000000000000000e+00 2.348573547979876725e-05
1.492000000000000000e+03 7.329660889991417416e-14 5.380966655364116958e-13 1.042247338917876230e-12 0.000000000000000000e+00 4.938904626676366544e-05
1.493000000000000000e+03 7.293450145228358223e-14 5.486602865564240802e-13 1.092513292071884433e-12 0.000000000000000000e+00 5.106155119789552462e-05
1.494000000000000000e+03 7.257239400465297768e-14 5.592239075764364646e-13 1.142779245225892637e-12 0.000000000000000000e+00 3.499464064125209464e-05
1.495000000000000000e+03 7.227294419643013083e-14 5.694931772463575318e-13 1.196883519629039401e-12 0.000000000000000000e+00 4.241288191810033609e-05
1.496000000000000000e+03 7.203615202761502904e-14 5.794680955661872817e-13 1.254826115281324525e-12 0.000000000000000000e+00 4.555167385847695775e-05
1.497000000000000000e+03 7.179935985879992726e-14 5.894430138860170316e-13 1.312768710933609850e-12 0.000000000000000000e+00 2.353592579317099405e-05
1.498000000000000000e+03 7.156256768998481286e-14 5.994179322058467815e-13 1.370711306585895176e-12 0.000000000000000000e+00 4.261643148703060110e-05
1.499000000000000000e+03 7.132577552116971107e-14 6.093928505256765314e-13 1.428653902238180501e-12 0.000000000000000000e+00 5.242718751586202100e-05
1.500000000000000000e+03 7.108898335235460929e-14 6.193677688455063823e-13 1.486596497890465624e-12 0.000000000000000000e+00 4.153866276612048949e-05
1.501000000000000000e+03 7.085219118353950750e-14 6.293426871653361322e-13 1.544539093542750950e-12 0.000000000000000000e+00 4.829434624494592475e-05
1.502000000000000000e+03 7.061539901472439310e-14 6.393176054851658821e-13 1.602481689195036275e-12 0.000000000000000000e+00 3.990392003161201900e-05
1.503000000000000000e+03 7.037860684590929132e-14 6.492925238049956320e-13 1.660424284847321399e-12 0.000000000000000000e+00 4.453258666654647858e-05
1.504000000000000000e+03 7.014181467709418953e-14 6.592674421248253819e-13 1.718366880499606724e-12 0.000000000000000000e+00 4.259061491530337937e-05
1.505000000000000000e+03 6.973762445431586252e-14 6.669659176556025894e-13 1.771891546092540071e-12 0.000000000000000000e+00 1.809441975372982805e-05
1.506000000000000000e+03 6.916603617757431027e-14 6.723879503973271535e-13 1.820998281626121643e-12 0.000000000000000000e+00 5.264354266583975875e-05
1.507000000000000000e+03 6.859444790083275802e-14 6.778099831390517176e-13 1.870105017159703012e-12 0.000000000000000000e+00 5.076718749427637463e-05
1.508000000000000000e+03 6.802285962409120578e-14 6.832320158807762817e-13 1.919211752693284786e-12 0.000000000000000000e+00 3.309063133516793135e-05
1.509000000000000000e+03 6.745127134734965353e-14 6.886540486225008458e-13 1.968318488226866155e-12 0.000000000000000000e+00 4.310365497974072245e-05
1.510000000000000000e+03 6.687968307060810129e-14 6.940760813642255108e-13 2.017425223760447524e-12 0.000000000000000000e+00 3.980002066326172237e-05
1.511000000000000000e+03 6.630809479386654904e-14 6.994981141059500749e-13 2.066531959294028894e-12 0.000000000000000000e+00 2.454585498603109023e-05
1.512000000000000000e+03 6.573650651712499679e-14 7.049201468476746390e-13 2.115638694827610667e-12 0.000000000000000000e+00 6.779329498143561944e-05
1.513000000000000000e+03 6.516491824038344455e-14 7.103421795893992031e-13 2.164745430361192037e-12 0.000000000000000000e+00 4.442957964072973969e-05
1.514000000000000000e+03 6.459332996364189230e-14 7.157642123311237672e-13 2.213852165894773406e-12 0.000000000000000000e+00 3.711357596822657194e-05
1.515000000000000000e+03 6.424172671455645993e-14 7.233728204241442793e-13 2.278423734814255659e-12 0.000000000000000000e+00 3.598138300573743622e-05
1.516000000000000000e+03 6.411010849312716005e-14 7.331680038684605374e-13 2.358460137119637987e-12 0.000000000000000000e+00 5.975744543382699361e-05
1.517000000000000000e+03 6.397849027169786016e-14 7.429631873127768964e-13 2.438496539425020316e-12 0.000000000000000000e+00 2.773524120376224630e-05
1.518000000000000000e+03 6.384687205026854766e-14 7.527583707570932555e-13 2.518532941730402644e-12 0.000000000000000000e+00 4.040812533477468706e-05
1.519000000000000000e+03 6.371525382883924778e-14 7.625535542014095136e-13 2.598569344035784973e-12 0.000000000000000000e+00 1.934275046602554419e-05
1.520000000000000000e+03 6.358363560740993528e-14 7.723487376457258726e-13 2.678605746341167301e-12 0.000000000000000000e+00 4.476660319822898696e-05
1.521000000000000000e+03 6.345201738598063540e-14 7.821439210900421307e-13 2.758642148646550033e-12 0.000000000000000000e+00 6.877556116346741054e-05
1.522000000000000000e+03 6.332039916455132289e-14 7.919391045343584898e-13 2.838678550951932362e-12 0.000000000000000000e+00 3.950989938754967580e-05
1.523000000000000000e+03 6.318878094312202301e-14 8.017342879786747478e-13 2.918714953257314690e-12 0.000000000000000000e+00 4.634674643443511502e-05
1.524000000000000000e+03 6.305716272169272313e-14 8.115294714229911069e-13 2.998751355562697018e-12 0.000000000000000000e+00 2.757796139768696882e-05
1.525000000000000000e+03 6.264406862724642714e-14 8.172040015430316996e-13 3.066710979393368000e-12 0.000000000000000000e+00 3.881126547221091020e-05
1.526000000000000000e+03 6.194949865978313504e-14 8.187578783387966270e-13 3.122593824749327230e-12 0.000000000000000000e+00 5.585788909218813444e-05
1.527000000000000000e+03 6.125492869231984293e-14 8.203117551345615543e-13 3.178476670105286460e-12 0.000000000000000000e+00 2.273882204766174101e-05
1.528000000000000000e+03 6.056035872485656345e-14 8.218656319303263807e-13 3.234359515461245690e-12 0.000000000000000000e+00 5.317165486645575697e-05
1.529000000000000000e+03 5.986578875739327135e-14 8.234195087260913081e-13 3.290242360817204920e-12 0.000000000000000000e+00 3.352864167823044303e-05
1.530000000000000000e+03 5.917121878992997925e-14 8.249733855218562354e-13 3.346125206173164150e-12 0.000000000000000000e+00 4.235567116532969016e-05
1.531000000000000000e+03 5.847664882246668714e-14 8.265272623176211628e-13 3.402008051529122976e-12 0.000000000000000000e+00 5.142982091163819132e-05
1.532000000000000000e+03 5.778207885500340766e-14 8.280811391133859892e-13 3.457890896885082207e-12 0.000000000000000000e+00 4.369850990191348559e-05
1.533000000000000000e+03 5.708750888754011556e-14 8.296350159091509166e-13 3.513773742241041437e-12 0.000000000000000000e+00 2.059002599698808519e-05
1.534000000000000000e+03 5.639293892007682977e-14 8.311888927049158439e-13 3.569656587597000667e-12 0.000000000000000000e+00 6.889314732628812441e-05
1.535000000000000000e+03 5.570972958786631723e-14 8.319934092281354769e-13 3.625537402884914799e-12 0.000000000000000000e+00 3.700585874276270625e-05
1.536000000000000000e+03 5.503788089090857795e-14 8.320485654788098155e-13 3.681416188104784642e-12 0.000000000000000000e+00 3.971372998701677487e-05
1.537000000000000000e+03 5.436603219395083867e-14 8.321037217294841541e-13 3.737294973324653677e-12 0.000000000000000000e+00 4.127176912329143444e-05
1.538000000000000000e+03 5.369418349699310570e-14 8.321588779801585936e-13 3.793173758544522713e-12 0.000000000000000000e+00 4.594071594001260749e-05
1.539000000000000000e+03 5.302233480003536642e-14 8.322140342308329322e-13 3.849052543764392555e-12 0.000000000000000000e+00 3.343611650331206660e-05
1.540000000000000000e+03 5.235048610307762714e-14 8.322691904815073718e-13 3.904931328984261591e-12 0.000000000000000000e+00 5.235148942159628893e-05
1.541000000000000000e+03 5.167863740611988786e-14 8.323243467321817104e-13 3.960810114204131434e-12 0.000000000000000000e+00 2.306051428653182409e-05
1.542000000000000000e+03 5.100678870916215489e-14 8.323795029828561500e-13 4.016688899424000469e-12 0.000000000000000000e+00 5.013247255819087511e-05
1.543000000000000000e+03 5.033494001220441561e-14 8.324346592335304886e-13 4.072567684643869504e-12 0.000000000000000000e+00 5.217357192119986907e-05
1.544000000000000000e+03 4.966309131524667633e-14 8.324898154842048272e-13 4.128446469863739347e-12 0.000000000000000000e+00 4.465040755375259475e-05
1.545000000000000000e+03 4.896172803153004315e-14 8.308399422827791895e-13 4.178507340248698771e-12 0.000000000000000000e+00 4.400141552242864060e-05
1.546000000000000000e+03 4.823085016105450976e-14 8.274850396292534746e-13 4.222750295798747777e-12 0.000000000000000000e+00 2.650607884762412207e-05
1.547000000000000000e+03 4.749997229057897638e-14 8.241301369757276588e-13 4.266993251348796784e-12 0.000000000000000000e+00 3.890063045078621853e-05
1.548000000000000000e+03 4.676909442010344930e-14 8.207752343222019439e-13 4.311236206898846598e-12 0.000000000000000000e+00 4.648010536367530631e-05
1.549000000000000000e+03 4.603821654962791592e-14 8.174203316686762290e-13 4.355479162448895604e-12 0.000000000000000000e+00 4.725179621311412941e-05
1.550000000000000000e+03 4.530733867915238253e-14 8.140654290151504132e-13 4.399722117998944610e-12 0.000000000000000000e+00 4.385190210163207982e-05
1.551000000000000000e+03 4.457646080867684915e-14 8.107105263616246983e-13 4.443965073548993616e-12 0.000000000000000000e+00 4.171180757384013768e-05
1.552000000000000000e+03 4.384558293820132207e-14 8.073556237080989834e-13 4.488208029099043430e-12 0.000000000000000000e+00 5.145460471941363514e-05
1.553000000000000000e+03 4.311470506772578869e-14 8.040007210545731676e-13 4.532450984649092436e-12 0.000000000000000000e+00 4.315662797617295917e-05
1.554000000000000000e+03 4.238382719725025530e-14 8.006458184010474527e-13 4.576693940199141443e-12 0.000000000000000000e+00 3.560099882341737190e-05
1.555000000000000000e+03 4.160542943348108204e-14 7.947791077871868920e-13 4.606058021831917576e-12 0.000000000000000000e+00 1.747432720706696880e-05
1.556000000000000000e+03 4.077951177641826260e-14 7.864005892129914853e-13 4.620543229547420837e-12 0.000000000000000000e+00 6.484625345875822224e-05
1.557000000000000000e+03 3.995359411935544315e-14 7.780220706387960787e-13 4.635028437262924097e-12 0.000000000000000000e+00 4.801984254110679709e-05
1.558000000000000000e+03 3.912767646229263002e-14 7.696435520646006721e-13 4.649513644978426550e-12 0.000000000000000000e+00 2.808731605789345005e-05
1.559000000000000000e+03 3.830175880522981057e-14 7.612650334904052655e-13 4.663998852693929811e-12 0.000000000000000000e+00 4.676169339735289718e-05
1.560000000000000000e+03 3.747584114816699744e-14 7.528865149162099598e-13 4.678484060409433072e-12 0.000000000000000000e+00 4.001865973182135340e-05
1.561000000000000000e+03 3.664992349110417799e-14 7.445079963420145532e-13 4.692969268124936332e-12 0.000000000000000000e+00 3.287599887581881599e-05
1.562000000000000000e+03 3.582400583404136486e-14 7.361294777678191466e-13 4.707454475840438785e-12 0.000000000000000000e+00 5.821673381194427343e-05
1.563000000000000000e+03 3.499808817697854541e-14 7.277509591936237400e-13 4.721939683555942046e-12 0.000000000000000000e+00 4.919902769963739825e-05
1.564000000000000000e+03 3.417217051991572597e-14 7.193724406194283333e-13 4.736424891271445307e-12 0.000000000000000000e+00 3.190243352085830457e-05
1.565000000000000000e+03 3.354303544615894403e-14 7.159169602727723843e-13 4.791708047764262547e-12 0.000000000000000000e+00 5.616739801506019311e-05
1.566000000000000000e+03 3.311068295570819329e-14 7.173845181536557919e-13 4.887789153034395382e-12 0.000000000000000000e+00 3.664729561140680288e-05
1.567000000000000000e+03 3.267833046525744886e-14 7.188520760345391995e-13 4.983870258304528218e-12 0.000000000000000000e+00 3.920561908554593815e-05
1.568000000000000000e+03 3.224597797480669811e-14 7.203196339154226070e-13 5.079951363574660245e-12 0.000000000000000000e+00 3.063432863406140928e-05
1.569000000000000000e+03 3.181362548435594737e-14 7.217871917963060146e-13 5.176032468844793081e-12 0.000000000000000000e+00 2.355208339752583806e-05
1.570000000000000000e+03 3.138127299390520294e-14 7.232547496771895232e-13 5.272113574114925108e-12 0.000000000000000000e+00 7.067072930833866835e-05
1.571000000000000000e+03 3.094892050345445219e-14 7.247223075580729307e-13 5.368194679385057944e-12 0.000000000000000000e+00 4.276210602247182966e-05
1.572000000000000000e+03 3.051656801300370145e-14 7.261898654389563383e-13 5.464275784655189971e-12 0.000000000000000000e+00 3.953619630277629607e-05
1.573000000000000000e+03 3.008421552255295071e-14 7.276574233198397459e-13 5.560356889925322807e-12 0.000000000000000000e+00 4.739514936624069220e-05
1.574000000000000000e+03 2.965186303210220628e-14 7.291249812007231535e-13 5.656437995195455642e-12 0.000000000000000000e+00 3.932755811815609302e-05
1.575000000000000000e+03 2.902633085343436581e-14 7.230868521484507864e-13 5.696624762524081071e-12 0.000000000000000000e+00 4.871940667065849151e-05
1.576000000000000000e+03 2.820761898654942932e-14 7.095430361630226448e-13 5.680917191911199093e-12 0.000000000000000000e+00 3.359604171818914649e-05
1.577000000000000000e+03 2.738890711966449597e-14 6.959992201775945032e-13 5.665209621298317116e-12 0.000000000000000000e+00 3.789931304957450098e-05
1.578000000000000000e+03 2.657019525277955948e-14 6.824554041921662606e-13 5.649502050685435138e-12 0.000000000000000000e+00 4.119964810065251417e-05
1.579000000000000000e+03 2.575148338589462614e-14 6.689115882067381190e-13 5.633794480072553161e-12 0.000000000000000000e+00 4.881476372392605051e-05
1.580000000000000000e+03 2.493277151900969280e-14 6.553677722213099774e-13 5.618086909459671991e-12 0.000000000000000000e+00 4.316430893038467346e-05
1.581000000000000000e+03 2.411405965212475945e-14 6.418239562358818357e-13 5.602379338846790013e-12 0.000000000000000000e+00 4.780288304010381454e-05
1.582000000000000000e+03 2.329534778523982296e-14 6.282801402504535931e-13 5.586671768233908036e-12 0.000000000000000000e+00 3.150186351511058755e-05
1.583000000000000000e+03 2.247663591835488962e-14 6.147363242650254515e-13 5.570964197621026058e-12 0.000000000000000000e+00 3.083452471265559164e-05
1.584000000000000000e+03 2.165792405146995628e-14 6.011925082795973099e-13 5.555256627008144081e-12 0.000000000000000000e+00 7.003455507419282763e-05
1.585000000000000000e+03 2.093606157796435327e-14 5.899762376662780709e-13 5.560653046894838583e-12 0.000000000000000000e+00 4.289937795041231052e-05
1.586000000000000000e+03 2.031104849783808374e-14 5.810875124250677346e-13 5.587153457281109566e-12 0.000000000000000000e+00 2.927706136038400582e-05
1.587000000000000000e+03 1.968603541771181106e-14 5.721987871838573983e-13 5.613653867667380549e-12 0.000000000000000000e+00 2.984144450872450746e-05
1.588000000000000000e+03 1.906102233758554154e-14 5.633100619426470620e-13 5.640154278053651532e-12 0.000000000000000000e+00 5.663610963741087605e-05
1.589000000000000000e+03 1.843600925745927201e-14 5.544213367014367257e-13 5.666654688439922515e-12 0.000000000000000000e+00 3.316499584359240590e-05
1.590000000000000000e+03 1.781099617733300249e-14 5.455326114602263893e-13 5.693155098826192690e-12 0.000000000000000000e+00 3.979457038579148088e-05
1.591000000000000000e+03 1.718598309720673296e-14 5.366438862190160530e-13 5.719655509212463673e-12 0.000000000000000000e+00 4.047071327708855399e-05
1.592000000000000000e+03 1.656097001708046344e-14 5.277551609778057167e-13 5.746155919598734656e-12 0.000000000000000000e+00 6.243722442530472768e-05
1.593000000000000000e+03 1.593595693695419391e-14 5.188664357365953804e-13 5.772656329985005639e-12 0.000000000000000000e+00 3.712477976399101271e-05
1.594000000000000000e+03 1.531094385682792123e-14 5.099777104953850441e-13 5.799156740371276621e-12 0.000000000000000000e+00 3.476836587323091902e-05
1.595000000000000000e+03 1.472212776647013427e-14 4.994674307899444210e-13 5.807041820797007769e-12 0.000000000000000000e+00 4.648683913221708295e-05
1.596000000000000000e+03 1.416950866588082830e-14 4.873355966202734101e-13 5.796311571262200697e-12 0.000000000000000000e+00 2.104203270387256170e-05
1.597000000000000000e+03 1.361688956529152232e-14 4.752037624506022982e-13 5.785581321727393625e-12 0.000000000000000000e+00 4.533020898190740985e-05
1.598000000000000000e+03 1.306427046470221792e-14 4.630719282809312873e-13 5.774851072192586553e-12 0.000000000000000000e+00 6.110503811858782714e-05
1.599000000000000000e+03 1.251165136411291195e-14 4.509400941112602765e-13 5.764120822657779482e-12 0.000000000000000000e+00 3.197967040451225206e-05
1.600000000000000000e+03 1.195903226352360597e-14 4.388082599415892151e-13 5.753390573122971602e-12 0.000000000000000000e+00 4.315160242008021763e-05
1.601000000000000000e+03 1.140641316293430157e-14 4.266764257719182042e-13 5.742660323588164530e-12 0.000000000000000000e+00 5.137788360894567552e-05
1.602000000000000000e+03 1.085379406234499560e-14 4.145445916022471428e-13 5.731930074053357458e-12 0.000000000000000000e+00 3.777043831254564777e-05
1.603000000000000000e+03 1.030117496175568962e-14 4.024127574325761320e-13 5.721199824518550386e-12 0.000000000000000000e+00 3.984861012470064176e-05
1.604000000000000000e+03 9.748555861166385225e-15 3.902809232629050706e-13 5.710469574983743314e-12 0.000000000000000000e+00 3.866059650914610004e-05
1.605000000000000000e+03 9.278166325074625179e-15 3.789819362982942551e-13 5.715729078613260415e-12 0.000000000000000000e+00 2.625103019971853960e-05
1.606000000000000000e+03 8.890006353480411062e-15 3.685157965387435846e-13 5.736978335407101689e-12 0.000000000000000000e+00 6.828360429730200053e-05
1.607000000000000000e+03 8.501846381886198522e-15 3.580496567791929141e-13 5.758227592200942962e-12 0.000000000000000000e+00 3.790628614327414068e-05
1.608000000000000000e+03 8.113686410291985983e-15 3.475835170196422941e-13 5.779476848994785044e-12 0.000000000000000000e+00 2.504007689871661955e-05
1.609000000000000000e+03 7.725526438697771866e-15 3.371173772600916236e-13 5.800726105788626318e-12 0.000000000000000000e+00 3.658166142229322498e-05
1.610000000000000000e+03 7.337366467103559327e-15 3.266512375005410036e-13 5.821975362582467591e-12 0.000000000000000000e+00 6.056891584080963673e-05
1.611000000000000000e+03 6.949206495509345210e-15 3.161850977409903331e-13 5.843224619376308865e-12 0.000000000000000000e+00 3.631388731225228820e-05
1.612000000000000000e+03 6.561046523915132670e-15 3.057189579814397131e-13 5.864473876170150946e-12 0.000000000000000000e+00 5.249880613779784331e-05
1.613000000000000000e+03 6.172886552320919342e-15 2.952528182218890426e-13 5.885723132963992220e-12 0.000000000000000000e+00 3.327710561857111292e-05
1.614000000000000000e+03 5.784726580726706014e-15 2.847866784623383721e-13 5.906972389757833494e-12 0.000000000000000000e+00 5.291643085922863180e-05
1.615000000000000000e+03 5.338980286755010193e-15 2.729767564592732716e-13 5.919832005194959782e-12 0.000000000000000000e+00 3.460636209208228385e-05
1.616000000000000000e+03 4.835647670405831880e-15 2.598230522126937409e-13 5.924301979275371085e-12 0.000000000000000000e+00 4.772404495851247081e-05
1.617000000000000000e+03 4.332315054056652778e-15 2.466693479661141598e-13 5.928771953355782388e-12 0.000000000000000000e+00 2.182016312956680849e-05
1.618000000000000000e+03 3.828982437707474465e-15 2.335156437195346292e-13 5.933241927436193691e-12 0.000000000000000000e+00 3.741965877288596189e-05
1.619000000000000000e+03 3.325649821358296152e-15 2.203619394729550985e-13 5.937711901516604994e-12 0.000000000000000000e+00 4.100282668203363723e-05
1.620000000000000000e+03 2.822317205009117444e-15 2.072082352263755174e-13 5.942181875597016297e-12 0.000000000000000000e+00 6.450468806199933527e-05
1.621000000000000000e+03 2.318984588659938736e-15 1.940545309797959868e-13 5.946651849677427600e-12 0.000000000000000000e+00 3.511460220527763145e-05
1.622000000000000000e+03 1.815651972310760423e-15 1.809008267332164309e-13 5.951121823757838903e-12 0.000000000000000000e+00 3.578482288672651392e-05
1.623000000000000000e+03 1.312319355961581321e-15 1.677471224866368750e-13 5.955591797838250206e-12 0.000000000000000000e+00 4.244076116017132344e-05
1.624000000000000000e+03 8.089867396124030081e-16 1.545934182400573192e-13 5.960061771918661509e-12 0.000000000000000000e+00 4.096396009667504839e-05
1.625000000000000000e+03 4.752900692534715062e-16 1.411781000341003733e-13 5.929048289076982968e-12 0.000000000000000000e+00 3.486543443204063336e-05
1.626000000000000000e+03 3.112293448847873088e-16 1.275011678687660123e-13 5.862551349313215391e-12 0.000000000000000000e+00 4.811128785644828672e-05
1.627000000000000000e+03 1.471686205161032100e-16 1.138242357034316513e-13 5.796054409549448622e-12 0.000000000000000000e+00 2.900891303337688767e-05
1.628000000000000000e+03 -1.689210385258098742e-17 1.001473035380973155e-13 5.729557469785681045e-12 0.000000000000000000e+00 4.655992642384576514e-05
1.629000000000000000e+03 -1.809528282212650862e-16 8.647037137276295447e-14 5.663060530021913468e-12 0.000000000000000000e+00 4.742868573360665117e-05
1.630000000000000000e+03 -3.450135525899491850e-16 7.279343920742859344e-14 5.596563590258146699e-12 0.000000000000000000e+00 4.242329537008966434e-05
1.631000000000000000e+03 -5.090742769586334811e-16 5.911650704209423242e-14 5.530066650494379122e-12 0.000000000000000000e+00 3.160100354607436808e-05
1.632000000000000000e+03 -6.731350013273175799e-16 4.543957487675988401e-14 5.463569710730611545e-12 0.000000000000000000e+00 5.126327606942247676e-05
1.633000000000000000e+03 -8.371957256960016787e-16 3.176264271142553560e-14 5.397072770966844775e-12 0.000000000000000000e+00 2.298402289906756256e-05
1.634000000000000000e+03 -1.001256450064685679e-15 1.808571054609117458e-14 5.330575831203077198e-12 0.000000000000000000e+00 5.527228193851267907e-05
1.635000000000000000e+03 -1.200561614224307780e-15 4.130775099146270803e-15 5.302051358295389237e-12 0.000000000000000000e+00 4.144030279754574775e-05
1.636000000000000000e+03 -1.435111218174867685e-15 -1.010216362940918518e-14 5.311499352243780892e-12 0.000000000000000000e+00 3.359027686994151940e-05
1.637000000000000000e+03 -1.669660822125427787e-15 -2.433510235796463643e-14 5.320947346192172546e-12 0.000000000000000000e+00 3.810619912777723936e-05
1.638000000000000000e+03 -1.904210426075987495e-15 -3.856804108652009873e-14 5.330395340140564201e-12 0.000000000000000000e+00 4.078724627073918117e-05
1.639000000000000000e+03 -2.138760030026547598e-15 -5.280097981507554840e-14 5.339843334088955856e-12 0.000000000000000000e+00 2.908358660718744236e-05
1.640000000000000000e+03 -2.373309633977107700e-15 -6.703391854363101701e-14 5.349291328037347510e-12 0.000000000000000000e+00 4.771079125742261584e-05
1.641000000000000000e+03 -2.607859237927667803e-15 -8.126685727218646668e-14 5.358739321985739165e-12 0.000000000000000000e+00 5.352519142229396364e-05
1.642000000000000000e+03 -2.842408841878227905e-15 -9.549979600074192898e-14 5.368187315934130819e-12 0.000000000000000000e+00 4.809723255440172420e-05
1.643000000000000000e+03 -3.076958445828788008e-15 -1.097327347292973913e-13 5.377635309882522474e-12 0.000000000000000000e+00 3.989382329449471802e-05
1.644000000000000000e+03 -3.311508049779348110e-15 -1.239656734578528409e-13 5.387083303830914129e-12 0.000000000000000000e+00 2.002421025627478638e-05
1.645000000000000000e+03 -3.390564846664438856e-15 -1.375101328443605523e-13 5.362488121754051826e-12 0.000000000000000000e+00 4.170417522500705646e-05
1.646000000000000000e+03 -3.314128836484060639e-15 -1.503661128888205252e-13 5.303849763651934758e-12 0.000000000000000000e+00 4.317034175537705142e-05
1.647000000000000000e+03 -3.237692826303682816e-15 -1.632220929332804981e-13 5.245211405549817690e-12 0.000000000000000000e+00 2.078872884504282602e-05
1.648000000000000000e+03 -3.161256816123304599e-15 -1.760780729777404711e-13 5.186573047447701429e-12 0.000000000000000000e+00 6.872571254409010034e-05
1.649000000000000000e+03 -3.084820805942926382e-15 -1.889340530222004440e-13 5.127934689345584361e-12 0.000000000000000000e+00 2.731575371577732317e-05
1.650000000000000000e+03 -3.008384795762548559e-15 -2.017900330666604422e-13 5.069296331243467293e-12 0.000000000000000000e+00 3.710627835315730979e-05
1.651000000000000000e+03 -2.931948785582170342e-15 -2.146460131111203899e-13 5.010657973141350225e-12 0.000000000000000000e+00 5.506847848952703482e-05
1.652000000000000000e+03 -2.855512775401792125e-15 -2.275019931555803881e-13 4.952019615039233965e-12 0.000000000000000000e+00 3.756956425330981253e-05
1.653000000000000000e+03 -2.779076765221414302e-15 -2.403579732000403862e-13 4.893381256937116897e-12 0.000000000000000000e+00 2.791481106416692591e-05
1.654000000000000000e+03 -2.702640755041036085e-15 -2.532139532445003339e-13 4.834742898834999829e-12 0.000000000000000000e+00 3.436587703701100247e-05
1.655000000000000000e+03 -2.584336561404373108e-15 -2.664885782776389514e-13 4.783493412705703216e-12 0.000000000000000000e+00 5.062053252026253226e-05
1.656000000000000000e+03 -2.424164184311424583e-15 -2.801818482994561880e-13 4.739632798549225444e-12 0.000000000000000000e+00 4.094325798873554932e-05
1.657000000000000000e+03 -2.263991807218476452e-15 -2.938751183212733742e-13 4.695772184392747671e-12 0.000000000000000000e+00 4.355573690525551081e-05
1.658000000000000000e+03 -2.103819430125527926e-15 -3.075683883430906109e-13 4.651911570236270706e-12 0.000000000000000000e+00 2.692483153031060945e-05
1.659000000000000000e+03 -1.943647053032579795e-15 -3.212616583649077971e-13 4.608050956079792934e-12 0.000000000000000000e+00 3.675975623792657394e-05
1.660000000000000000e+03 -1.783474675939631269e-15 -3.349549283867250338e-13 4.564190341923315969e-12 0.000000000000000000e+00 4.743181976225833990e-05
1.661000000000000000e+03 -1.623302298846683138e-15 -3.486481984085422705e-13 4.520329727766838196e-12 0.000000000000000000e+00 3.488907554444469362e-05
1.662000000000000000e+03 -1.463129921753734612e-15 -3.623414684303595072e-13 4.476469113610361232e-12 0.000000000000000000e+00 5.522952044076095827e-05
1.663000000000000000e+03 -1.302957544660786481e-15 -3.760347384521767439e-13 4.432608499453883459e-12 0.000000000000000000e+00 1.653520472288734120e-05
1.664000000000000000e+03 -1.142785167567837956e-15 -3.897280084739939301e-13 4.388747885297405686e-12 0.000000000000000000e+00 6.192443979735497270e-05
1.665000000000000000e+03 -8.970159703733653674e-16 -4.036004662178620474e-13 4.342239696946831236e-12 0.000000000000000000e+00 3.286117766901549555e-05
1.666000000000000000e+03 -5.656499530773683220e-16 -4.176521116837809949e-13 4.293083934402159301e-12 0.000000000000000000e+00 3.009563869671755303e-05
1.667000000000000000e+03 -2.342839357813712766e-16 -4.317037571496999425e-13 4.243928171857488173e-12 0.000000000000000000e+00 3.492459857043325635e-05
1.668000000000000000e+03 9.708208151462576884e-17 -4.457554026156188900e-13 4.194772409312816238e-12 0.000000000000000000e+00 3.264938051290198161e-05
1.669000000000000000e+03 4.284480988106228142e-16 -4.598070480815378880e-13 4.145616646768144302e-12 0.000000000000000000e+00 4.365529991499168729e-05
1.670000000000000000e+03 7.598141161066200568e-16 -4.738586935474567850e-13 4.096460884223473175e-12 0.000000000000000000e+00 5.614762456331434529e-05
1.671000000000000000e+03 1.091180133402616708e-15 -4.879103390133756820e-13 4.047305121678801239e-12 0.000000000000000000e+00 3.101062674960946262e-05
1.672000000000000000e+03 1.422546150698614148e-15 -5.019619844792946800e-13 3.998149359134129304e-12 0.000000000000000000e+00 2.783014602702598437e-05
1.673000000000000000e+03 1.753912167994610799e-15 -5.160136299452136780e-13 3.948993596589457369e-12 0.000000000000000000e+00 4.856096553555367301e-05
1.674000000000000000e+03 2.085278185290608238e-15 -5.300652754111325750e-13 3.899837834044786241e-12 0.000000000000000000e+00 3.700647317772336707e-05
1.675000000000000000e+03 2.568516274304163993e-15 -5.400840049006822722e-13 3.828503704300485559e-12 0.000000000000000000e+00 2.851088821344253360e-05
1.676000000000000000e+03 3.203626435035278851e-15 -5.460698184138627696e-13 3.734991207356556130e-12 0.000000000000000000e+00 4.813745068640635681e-05
1.677000000000000000e+03 3.838736595766393708e-15 -5.520556319270432669e-13 3.641478710412627509e-12 0.000000000000000000e+00 4.153646548585932717e-05
1.678000000000000000e+03 4.473846756497508566e-15 -5.580414454402236633e-13 3.547966213468698080e-12 0.000000000000000000e+00 3.759308627667173766e-05
1.679000000000000000e+03 5.108956917228623424e-15 -5.640272589534041606e-13 3.454453716524769055e-12 0.000000000000000000e+00 3.988366179841454254e-05
1.680000000000000000e+03 5.744067077959738282e-15 -5.700130724665846580e-13 3.360941219580839626e-12 0.000000000000000000e+00 2.707841892416204698e-05
1.681000000000000000e+03 6.379177238690852351e-15 -5.759988859797651553e-13 3.267428722636910602e-12 0.000000000000000000e+00 3.916846905569422351e-05
1.682000000000000000e+03 7.014287399421967997e-15 -5.819846994929455517e-13 3.173916225692981173e-12 0.000000000000000000e+00 4.680197111802211920e-05
1.683000000000000000e+03 7.649397560153082066e-15 -5.879705130061260490e-13 3.080403728749052148e-12 0.000000000000000000e+00 4.042004001922617611e-05
1.684000000000000000e+03 8.284507720884197713e-15 -5.939563265193065464e-13 2.986891231805123123e-12 0.000000000000000000e+00 4.570135866529234615e-05
1.685000000000000000e+03 8.980944318408495569e-15 -6.035227656563945116e-13 2.913211691531347947e-12 0.000000000000000000e+00 1.890139252859636878e-05
1.686000000000000000e+03 9.738707352725977213e-15 -6.166698304173899446e-13 2.859365107927727426e-12 0.000000000000000000e+00 4.403488279685070214e-05
1.687000000000000000e+03 1.049647038704345886e-14 -6.298168951783854786e-13 2.805518524324106906e-12 0.000000000000000000e+00 3.437665788299325135e-05
1.688000000000000000e+03 1.125423342136094050e-14 -6.429639599393809116e-13 2.751671940720485982e-12 0.000000000000000000e+00 3.109726574167974363e-05
1.689000000000000000e+03 1.201199645567842214e-14 -6.561110247003764456e-13 2.697825357116865462e-12 0.000000000000000000e+00 3.266939211313482373e-05
1.690000000000000000e+03 1.276975948999590379e-14 -6.692580894613718787e-13 2.643978773513244942e-12 0.000000000000000000e+00 5.126360741726007896e-05
1.691000000000000000e+03 1.352752252431338543e-14 -6.824051542223674127e-13 2.590132189909624422e-12 0.000000000000000000e+00 4.083379163248015628e-05
1.692000000000000000e+03 1.428528555863086708e-14 -6.955522189833628457e-13 2.536285606306003498e-12 0.000000000000000000e+00 4.693940557271120378e-05
1.693000000000000000e+03 1.504304859294834872e-14 -7.086992837443583797e-13 2.482439022702382978e-12 0.000000000000000000e+00 3.105866311251107476e-05
1.694000000000000000e+03 1.580081162726583036e-14 -7.218463485053538127e-13 2.428592439098762458e-12 0.000000000000000000e+00 2.564979108621218398e-05
1.695000000000000000e+03 1.668798496488637735e-14 -7.303853945707446662e-13 2.358835844505232356e-12 0.000000000000000000e+00 4.980045594046221503e-05
1.696000000000000000e+03 1.770456860580998652e-14 -7.343164219405309401e-13 2.273169238921793075e-12 0.000000000000000000e+00 3.191473884096388013e-05
1.697000000000000000e+03 1.872115224673359885e-14 -7.382474493103171130e-13 2.187502633338354199e-12 0.000000000000000000e+00 2.825101385509129679e-05
1.698000000000000000e+03 1.973773588765720803e-14 -7.421784766801033869e-13 2.101836027754914918e-12 0.000000000000000000e+00 4.889056924798065650e-05
1.699000000000000000e+03 2.075431952858081720e-14 -7.461095040498896608e-13 2.016169422171475638e-12 0.000000000000000000e+00 2.833792302918447761e-05
1.700000000000000000e+03 2.177090316950442953e-14 -7.500405314196758337e-13 1.930502816588036358e-12 0.000000000000000000e+00 4.475310039099074404e-05
1.701000000000000000e+03 2.278748681042803871e-14 -7.539715587894621076e-13 1.844836211004597077e-12 0.000000000000000000e+00 3.896115453993930546e-05
1.702000000000000000e+03 2.380407045135164788e-14 -7.579025861592483815e-13 1.759169605421157999e-12 0.000000000000000000e+00 3.071977629233514401e-05
1.703000000000000000e+03 2.482065409227526021e-14 -7.618336135290345544e-13 1.673502999837718718e-12 0.000000000000000000e+00 3.481312945284567361e-05
1.704000000000000000e+03 2.583723773319886939e-14 -7.657646408988208283e-13 1.587836394254279640e-12 0.000000000000000000e+00 4.574664587470692631e-05
1.705000000000000000e+03 2.694984981928363218e-14 -7.685893917020778242e-13 1.504170780049389435e-12 0.000000000000000000e+00 3.507115029273777867e-05
1.706000000000000000e+03 2.815849035052954860e-14 -7.703078659388055421e-13 1.422506157223048306e-12 0.000000000000000000e+00 3.291216859554580798e-05
1.707000000000000000e+03 2.936713088177546502e-14 -7.720263401755333610e-13 1.340841534396706975e-12 0.000000000000000000e+00 3.340789307788104398e-05
1.708000000000000000e+03 3.057577141302137828e-14 -7.737448144122611799e-13 1.259176911570365846e-12 0.000000000000000000e+00 4.314414911856355185e-05
1.709000000000000000e+03 3.178441194426729785e-14 -7.754632886489888978e-13 1.177512288744024717e-12 0.000000000000000000e+00 2.978736060448604811e-05
1.710000000000000000e+03 3.299305247551321112e-14 -7.771817628857167167e-13 1.095847665917683588e-12 0.000000000000000000e+00 3.981181466238062079e-05
1.711000000000000000e+03 3.420169300675913069e-14 -7.789002371224444347e-13 1.014183043091342459e-12 0.000000000000000000e+00 3.878645423894992522e-05
1.712000000000000000e+03 3.541033353800504395e-14 -7.806187113591722535e-13 9.325184202650011281e-13 0.000000000000000000e+00 4.247280161090514605e-05
1.713000000000000000e+03 3.661897406925096353e-14 -7.823371855959000724e-13 8.508537974386599991e-13 0.000000000000000000e+00 3.649019825737788593e-05
1.714000000000000000e+03 3.782761460049687679e-14 -7.840556598326277904e-13 7.691891746123187691e-13 0.000000000000000000e+00 3.815897892899152815e-05
1.715000000000000000e+03 3.913578346583978232e-14 -7.841019304101622369e-13 6.888275619446577865e-13 0.000000000000000000e+00 3.457668038882708879e-05
1.716000000000000000e+03 4.054348066527967381e-14 -7.824759973285031092e-13 6.097689594356768492e-13 0.000000000000000000e+00 2.403580165807275864e-05
1.717000000000000000e+03 4.195117786471956530e-14 -7.808500642468441834e-13 5.307103569266959120e-13 0.000000000000000000e+00 3.976874428931217157e-05
1.718000000000000000e+03 4.335887506415945679e-14 -7.792241311651850557e-13 4.516517544177149748e-13 0.000000000000000000e+00 4.965735125472168175e-05
1.719000000000000000e+03 4.476657226359934828e-14 -7.775981980835261299e-13 3.725931519087340375e-13 0.000000000000000000e+00 2.000927821511631400e-05
1.720000000000000000e+03 4.617426946303923977e-14 -7.759722650018670021e-13 2.935345493997531003e-13 0.000000000000000000e+00 5.443239588385753909e-05
1.721000000000000000e+03 4.758196666247913757e-14 -7.743463319202080764e-13 2.144759468907721631e-13 0.000000000000000000e+00 1.915031793920752499e-05
1.722000000000000000e+03 4.898966386191902906e-14 -7.727203988385489486e-13 1.354173443817912259e-13 0.000000000000000000e+00 4.908153715410781457e-05
1.723000000000000000e+03 5.039736106135892055e-14 -7.710944657568900228e-13 5.635874187281038961e-14 0.000000000000000000e+00 2.633016855203363841e-05
1.724000000000000000e+03 5.180505826079881204e-14 -7.694685326752308951e-13 -2.269986063617054762e-14 0.000000000000000000e+00 3.809619301441527809e-05
1.725000000000000000e+03 5.317125314737065617e-14 -7.638542093016426790e-13 -9.765160094315098621e-14 0.000000000000000000e+00 3.432709513270635780e-05
1.726000000000000000e+03 5.449594572107444033e-14 -7.542514956361250715e-13 -1.684964790481307621e-13 0.000000000000000000e+00 3.833240578704098442e-05
1.727000000000000000e+03 5.582063829477823079e-14 -7.446487819706074640e-13 -2.393413571531105253e-13 0.000000000000000000e+00 4.495728221597096680e-05
1.728000000000000000e+03 5.714533086848202126e-14 -7.350460683050898566e-13 -3.101862352580903896e-13 0.000000000000000000e+00 3.187495099756218654e-05
1.729000000000000000e+03 5.847002344218581172e-14 -7.254433546395722491e-13 -3.810311133630701528e-13 0.000000000000000000e+00 2.711757479376530669e-05
1.730000000000000000e+03 5.979471601588958957e-14 -7.158406409740547426e-13 -4.518759914680499161e-13 0.000000000000000000e+00 3.534080009368327936e-05
1.731000000000000000e+03 6.111940858959338004e-14 -7.062379273085371352e-13 -5.227208695730296793e-13 0.000000000000000000e+00 4.243570137021902643e-05
1.732000000000000000e+03 6.244410116329717050e-14 -6.966352136430195277e-13 -5.935657476780094426e-13 0.000000000000000000e+00 3.621947088960885406e-05
1.733000000000000000e+03 6.376879373700096097e-14 -6.870324999775019203e-13 -6.644106257829893068e-13 0.000000000000000000e+00 3.657090639456083076e-05
1.734000000000000000e+03 6.509348631070475143e-14 -6.774297863119843128e-13 -7.352555038879690700e-13 0.000000000000000000e+00 4.173132248460584325e-05
1.735000000000000000e+03 6.678174899773829271e-14 -6.692663035744493949e-13 -8.051002712216668907e-13 0.000000000000000000e+00 2.687593503838910902e-05
1.736000000000000000e+03 6.883358179810158479e-14 -6.625420517648970655e-13 -8.739449277840827687e-13 0.000000000000000000e+00 4.018534671470399395e-05
1.737000000000000000e+03 7.088541459846488950e-14 -6.558177999553448372e-13 -9.427895843464985458e-13 0.000000000000000000e+00 3.193007482426959070e-05
1.738000000000000000e+03 7.293724739882818158e-14 -6.490935481457925078e-13 -1.011634240908914525e-12 0.000000000000000000e+00 2.535079092960301043e-05
1.739000000000000000e+03 7.498908019919148629e-14 -6.423692963362401785e-13 -1.080478897471330302e-12 0.000000000000000000e+00 3.008834365479291659e-05
1.740000000000000000e+03 7.704091299955477837e-14 -6.356450445266879501e-13 -1.149323554033746079e-12 0.000000000000000000e+00 6.533922007505035226e-05
1.741000000000000000e+03 7.909274579991808308e-14 -6.289207927171356207e-13 -1.218168210596161856e-12 0.000000000000000000e+00 2.410483864919926188e-05
1.742000000000000000e+03 8.114457860028137516e-14 -6.221965409075832914e-13 -1.287012867158577633e-12 0.000000000000000000e+00 3.862387048595001778e-05
1.743000000000000000e+03 8.319641140064467987e-14 -6.154722890980310630e-13 -1.355857523720993410e-12 0.000000000000000000e+00 3.166440185073988599e-05
1.744000000000000000e+03 8.524824420100797195e-14 -6.087480372884787336e-13 -1.424702180283409389e-12 0.000000000000000000e+00 3.274278427343466021e-05
1.745000000000000000e+03 8.681999990757986103e-14 -5.949976283276803872e-13 -1.477560933121564747e-12 0.000000000000000000e+00 3.675821479217541559e-05
1.746000000000000000e+03 8.791167852036034711e-14 -5.742210622156360236e-13 -1.514433782235459484e-12 0.000000000000000000e+00 3.981040601528808813e-05
1.747000000000000000e+03 8.900335713314082056e-14 -5.534444961035915590e-13 -1.551306631349354221e-12 0.000000000000000000e+00 2.949376016786163794e-05
1.748000000000000000e+03 9.009503574592130664e-14 -5.326679299915471954e-13 -1.588179480463248958e-12 0.000000000000000000e+00 3.547625392743500452e-05
1.749000000000000000e+03 9.118671435870178009e-14 -5.118913638795028318e-13 -1.625052329577143695e-12 0.000000000000000000e+00 4.165581157472191605e-05
1.750000000000000000e+03 9.227839297148226617e-14 -4.911147977674583672e-13 -1.661925178691038634e-12 0.000000000000000000e+00 3.756195458341097593e-05
1.751000000000000000e+03 9.337007158426273963e-14 -4.703382316554140036e-13 -1.698798027804933371e-12 0.000000000000000000e+00 3.202928513379508894e-05
1.752000000000000000e+03 9.446175019704322570e-14 -4.495616655433696400e-13 -1.735670876918828108e-12 0.000000000000000000e+00 2.474574177828827308e-05
1.753000000000000000e+03 9.555342880982369916e-14 -4.287850994313251754e-13 -1.772543726032722845e-12 0.000000000000000000e+00 4.042159788047907097e-05
1.754000000000000000e+03 9.664510742260418523e-14 -4.080085333192808118e-13 -1.809416575146617582e-12 0.000000000000000000e+00 4.715227077861486766e-05
1.755000000000000000e+03 9.781696480565072794e-14 -3.877300485457622432e-13 -1.838246484944490282e-12 0.000000000000000000e+00 2.870696699071686905e-05
1.756000000000000000e+03 9.906900095896335252e-14 -3.679496451107694697e-13 -1.859033455426341147e-12 0.000000000000000000e+00 4.126334519981844504e-05
1.757000000000000000e+03 1.003210371122759771e-13 -3.481692416757766962e-13 -1.879820425908192012e-12 0.000000000000000000e+00 2.120453841040683692e-05
1.758000000000000000e+03 1.015730732655886017e-13 -3.283888382407839731e-13 -1.900607396390042473e-12 0.000000000000000000e+00 3.957203184255976428e-05
1.759000000000000000e+03 1.028251094189012263e-13 -3.086084348057911996e-13 -1.921394366871893338e-12 0.000000000000000000e+00 3.520969936758076911e-05
1.760000000000000000e+03 1.040771455722138508e-13 -2.888280313707984261e-13 -1.942181337353744203e-12 0.000000000000000000e+00 2.754311104768968697e-05
1.761000000000000000e+03 1.053291817255264754e-13 -2.690476279358056525e-13 -1.962968307835595069e-12 0.000000000000000000e+00 4.774746614942564142e-05
1.762000000000000000e+03 1.065812178788391000e-13 -2.492672245008128790e-13 -1.983755278317445530e-12 0.000000000000000000e+00 4.694613207769803600e-05
1.763000000000000000e+03 1.078332540321517246e-13 -2.294868210658201055e-13 -2.004542248799296395e-12 0.000000000000000000e+00 2.625979387421037518e-05
1.764000000000000000e+03 1.090852901854643492e-13 -2.097064176308273319e-13 -2.025329219281147260e-12 0.000000000000000000e+00 3.044628383790171561e-05
1.765000000000000000e+03 1.102919861467023405e-13 -1.884030010605074173e-13 -2.035478015170888438e-12 0.000000000000000000e+00 3.317301611161839627e-05
1.766000000000000000e+03 1.114533419158657239e-13 -1.655765713548603363e-13 -2.034988636468520333e-12 0.000000000000000000e+00 3.305127308827239270e-05
1.767000000000000000e+03 1.126146976850291073e-13 -1.427501416492132553e-13 -2.034499257766152228e-12 0.000000000000000000e+00 3.036550732435891237e-05
1.768000000000000000e+03 1.137760534541925034e-13 -1.199237119435661743e-13 -2.034009879063784124e-12 0.000000000000000000e+00 4.907728580336183008e-05
1.769000000000000000e+03 1.149374092233558742e-13 -9.709728223791910593e-14 -2.033520500361416019e-12 0.000000000000000000e+00 2.355399889377705642e-05
1.770000000000000000e+03 1.160987649925192702e-13 -7.427085253227203756e-14 -2.033031121659048318e-12 0.000000000000000000e+00 4.004031582245939441e-05
1.771000000000000000e+03 1.172601207616826410e-13 -5.144442282662495657e-14 -2.032541742956680213e-12 0.000000000000000000e+00 4.230305742169956825e-05
1.772000000000000000e+03 1.184214765308460117e-13 -2.861799312097787557e-14 -2.032052364254312109e-12 0.000000000000000000e+00 3.534348263619729408e-05
1.773000000000000000e+03 1.195828323000094078e-13 -5.791563415330819824e-15 -2.031562985551944004e-12 0.000000000000000000e+00 3.183956393198358035e-05
1.774000000000000000e+03 1.207441880691727785e-13 1.703486629031626117e-14 -2.031073606849575899e-12 0.000000000000000000e+00 2.127174103522149728e-05
1.775000000000000000e+03 1.218744099420966159e-13 4.102517882392750178e-14 -2.019480253112906764e-12 0.000000000000000000e+00 4.122590953906574612e-05
1.776000000000000000e+03 1.229734979187809197e-13 6.617937418550287677e-14 -1.996782924341936597e-12 0.000000000000000000e+00 4.486236191083560162e-05
1.777000000000000000e+03 1.240725858954652236e-13 9.133356954707822651e-14 -1.974085595570966430e-12 0.000000000000000000e+00 3.463788992307049091e-05
1.778000000000000000e+03 1.251716738721495275e-13 1.164877649086536015e-13 -1.951388266799996264e-12 0.000000000000000000e+00 2.738029608374001003e-05
1.779000000000000000e+03 1.262707618488338313e-13 1.416419602702289765e-13 -1.928690938029026097e-12 0.000000000000000000e+00 3.015622819407906777e-05
1.780000000000000000e+03 1.273698498255181352e-13 1.667961556318043262e-13 -1.905993609258055931e-12 0.000000000000000000e+00 3.787538184838833003e-05
1.781000000000000000e+03 1.284689378022024391e-13 1.919503509933797012e-13 -1.883296280487085764e-12 0.000000000000000000e+00 4.113923213626892071e-05
1.782000000000000000e+03 1.295680257788867429e-13 2.171045463549550510e-13 -1.860598951716115597e-12 0.000000000000000000e+00 4.064037261961497686e-05
1.783000000000000000e+03 1.306671137555710468e-13 2.422587417165304512e-13 -1.837901622945145431e-12 0.000000000000000000e+00 2.511738764419474212e-05
1.784000000000000000e+03 1.317662017322553507e-13 2.674129370781057757e-13 -1.815204294174175264e-12 0.000000000000000000e+00 4.288008684027627861e-05
1.785000000000000000e+03 1.324771458462568442e-13 2.921180750926270335e-13 -1.777761376086462835e-12 0.000000000000000000e+00 4.098067610125875004e-05
1.786000000000000000e+03 1.327999460975755273e-13 3.163741557600941740e-13 -1.725572868682008144e-12 0.000000000000000000e+00 2.684942961930791250e-05
1.787000000000000000e+03 1.331227463488942105e-13 3.406302364275613146e-13 -1.673384361277553453e-12 0.000000000000000000e+00 2.891305082077279400e-05
1.788000000000000000e+03 1.334455466002128937e-13 3.648863170950284552e-13 -1.621195853873098559e-12 0.000000000000000000e+00 2.379796289845800228e-05
1.789000000000000000e+03 1.337683468515315768e-13 3.891423977624955958e-13 -1.569007346468643868e-12 0.000000000000000000e+00 4.873711328647043254e-05
1.790000000000000000e+03 1.340911471028502852e-13 4.133984784299627363e-13 -1.516818839064189177e-12 0.000000000000000000e+00 4.750734282071017179e-05
1.791000000000000000e+03 1.344139473541689684e-13 4.376545590974299274e-13 -1.464630331659734485e-12 0.000000000000000000e+00 2.899608382421815065e-05
1.792000000000000000e+03 1.347367476054876515e-13 4.619106397648970175e-13 -1.412441824255279592e-12 0.000000000000000000e+00 3.233792870698108836e-05
1.793000000000000000e+03 1.350595478568063347e-13 4.861667204323642590e-13 -1.360253316850824900e-12 0.000000000000000000e+00 3.028930006221112239e-05
1.794000000000000000e+03 1.353823481081250178e-13 5.104228010998312986e-13 -1.308064809446370209e-12 0.000000000000000000e+00 4.110210818939480105e-05
1.795000000000000000e+03 1.355870073022728143e-13 5.338381193195495963e-13 -1.246867375037162156e-12 0.000000000000000000e+00 2.659692946609750979e-05
1.796000000000000000e+03 1.356735254392496738e-13 5.564126750915187483e-13 -1.176661013623200539e-12 0.000000000000000000e+00 4.003356786683482803e-05
1.797000000000000000e+03 1.357600435762265332e-13 5.789872308634881022e-13 -1.106454652209238922e-12 0.000000000000000000e+00 3.303197281486171597e-05
1.798000000000000000e+03 1.358465617132033926e-13 6.015617866354572541e-13 -1.036248290795277507e-12 0.000000000000000000e+00 4.149700183865520392e-05
1.799000000000000000e+03 1.359330798501802520e-13 6.241363424074266080e-13 -9.660419293813158899e-13 0.000000000000000000e+00 2.697431476464127171e-05
1.800000000000000000e+03 1.360195979871571114e-13 6.467108981793957600e-13 -8.958355679673542729e-13 0.000000000000000000e+00 3.666468062182954652e-05
1.801000000000000000e+03 1.361061161241339708e-13 6.692854539513651139e-13 -8.256292065533927569e-13 0.000000000000000000e+00 2.781028615886562905e-05
1.802000000000000000e+03 1.361926342611108302e-13 6.918600097233342658e-13 -7.554228451394312409e-13 0.000000000000000000e+00 3.718094320336149690e-05
1.803000000000000000e+03 1.362791523980876896e-13 7.144345654953036197e-13 -6.852164837254696239e-13 0.000000000000000000e+00 4.680080035094732658e-05
1.804000000000000000e+03 1.363656705350645490e-13 7.370091212672727717e-13 -6.150101223115081079e-13 0.000000000000000000e+00 3.579932153455150738e-05
1.805000000000000000e+03 1.362148419897663474e-13 7.573317059616325808e-13 -5.383629557157634326e-13 0.000000000000000000e+00 2.770638099827665141e-05
1.806000000000000000e+03 1.358266667621930595e-13 7.754023195783827442e-13 -4.552749839382355981e-13 0.000000000000000000e+00 3.631164009440026599e-05
1.807000000000000000e+03 1.354384915346197968e-13 7.934729331951329076e-13 -3.721870121607079151e-13 0.000000000000000000e+00 3.075152252924568628e-05
1.808000000000000000e+03 1.350503163070465088e-13 8.115435468118830710e-13 -2.890990403831801311e-13 0.000000000000000000e+00 2.668406942283099636e-05
1.809000000000000000e+03 1.346621410794732209e-13 8.296141604286332343e-13 -2.060110686056523975e-13 0.000000000000000000e+00 3.883365477253797982e-05
1.810000000000000000e+03 1.342739658518999329e-13 8.476847740453833977e-13 -1.229230968281246640e-13 0.000000000000000000e+00 3.823561760909808909e-05
1.811000000000000000e+03 1.338857906243266450e-13 8.657553876621335611e-13 -3.983512505059682948e-14 0.000000000000000000e+00 3.532498807939399592e-05
1.812000000000000000e+03 1.334976153967533571e-13 8.838260012788837245e-13 4.325284672693090405e-14 0.000000000000000000e+00 5.279044658327654478e-05
1.813000000000000000e+03 1.331094401691800944e-13 9.018966148956338879e-13 1.263408185044586376e-13 0.000000000000000000e+00 2.531052027872726613e-05
1.814000000000000000e+03 1.327212649416068064e-13 9.199672285123841523e-13 2.094287902819863711e-13 0.000000000000000000e+00 2.068801908916410338e-05
1.815000000000000000e+03 1.324448480815171243e-13 9.382900874534865230e-13 3.003686119251448841e-13 0.000000000000000000e+00 3.217900870299215526e-05
1.816000000000000000e+03 1.322801895889110734e-13 9.568651917189410000e-13 3.991602834339343281e-13 0.000000000000000000e+00 4.078655858921229836e-05
1.817000000000000000e+03 1.321155310963049971e-13 9.754402959843954770e-13 4.979519549427236711e-13 0.000000000000000000e+00 3.854677276858285468e-05
1.818000000000000000e+03 1.319508726036989462e-13 9.940154002498499540e-13 5.967436264515131656e-13 0.000000000000000000e+00 3.879734444975901366e-05
1.819000000000000000e+03 1.317862141110928952e-13 1.012590504515304431e-12 6.955352979603025591e-13 0.000000000000000000e+00 1.964920201594899375e-05
1.820000000000000000e+03 1.316215556184868190e-13 1.031165608780758908e-12 7.943269694690919526e-13 0.000000000000000000e+00 5.341607533119611994e-05
1.821000000000000000e+03 1.314568971258807680e-13 1.049740713046213385e-12 8.931186409778814471e-13 0.000000000000000000e+00 2.737181835262330942e-05
1.822000000000000000e+03 1.312922386332747170e-13 1.068315817311667862e-12 9.919103124866707396e-13 0.000000000000000000e+00 3.787316740865928356e-05
1.823000000000000000e+03 1.311275801406686408e-13 1.086890921577122339e-12 1.090701983995460234e-12 0.000000000000000000e+00 2.632417768133387003e-05
1.824000000000000000e+03 1.309629216480625898e-13 1.105466025842576816e-12 1.189493655504249729e-12 0.000000000000000000e+00 2.513329574104917799e-05
1.825000000000000000e+03 1.304487436642985767e-13 1.120243042741180966e-12 1.290412677086936781e-12 0.000000000000000000e+00 5.530776993364806425e-05
1.826000000000000000e+03 1.295850461893766267e-13 1.131221972272934790e-12 1.393459048743521796e-12 0.000000000000000000e+00 3.796232260771108019e-05
1.827000000000000000e+03 1.287213487144546767e-13 1.142200901804688412e-12 1.496505420400106609e-12 0.000000000000000000e+00 2.110439909894277713e-05
1.828000000000000000e+03 1.278576512395327267e-13 1.153179831336442235e-12 1.599551792056691423e-12 0.000000000000000000e+00 3.485499068397567967e-05
1.829000000000000000e+03 1.269939537646107768e-13 1.164158760868195857e-12 1.702598163713276236e-12 0.000000000000000000e+00 3.226870289289798940e-05
1.830000000000000000e+03 1.261302562896888520e-13 1.175137690399949680e-12 1.805644535369861251e-12 0.000000000000000000e+00 3.195712085732821335e-05
1.831000000000000000e+03 1.252665588147669021e-13 1.186116619931703302e-12 1.908690907026446266e-12 0.000000000000000000e+00 3.929013630217397283e-05
1.832000000000000000e+03 1.244028613398449521e-13 1.197095549463457125e-12 2.011737278683031079e-12 0.000000000000000000e+00 4.230499092427006836e-05
1.833000000000000000e+03 1.235391638649230021e-13 1.208074478995210747e-12 2.114783650339615892e-12 0.000000000000000000e+00 2.674395556621474238e-05
1.834000000000000000e+03 1.226754663900010521e-13 1.219053408526964571e-12 2.217830021996201109e-12 0.000000000000000000e+00 4.978782642272268420e-05
1.835000000000000000e+03 1.216347972545684142e-13 1.226190609185991347e-12 2.317848897047283115e-12 0.000000000000000000e+00 2.599858673488370179e-05
1.836000000000000000e+03 1.204171564586250631e-13 1.229486080972291279e-12 2.414840275492862315e-12 0.000000000000000000e+00 2.786050176140907481e-05
1.837000000000000000e+03 1.191995156626817120e-13 1.232781552758591211e-12 2.511831653938441918e-12 0.000000000000000000e+00 2.974568181249168247e-05
1.838000000000000000e+03 1.179818748667383610e-13 1.236077024544891345e-12 2.608823032384021118e-12 0.000000000000000000e+00 3.639682247990912568e-05
1.839000000000000000e+03 1.167642340707950099e-13 1.239372496331191277e-12 2.705814410829600722e-12 0.000000000000000000e+00 4.026812500184932700e-05
1.840000000000000000e+03 1.155465932748516588e-13 1.242667968117491209e-12 2.802805789275179921e-12 0.000000000000000000e+00 4.136780884535440827e-05
1.841000000000000000e+03 1.143289524789083077e-13 1.245963439903791141e-12 2.899797167720759525e-12 0.000000000000000000e+00 2.827058401719059083e-05
1.842000000000000000e+03 1.131113116829649566e-13 1.249258911690091275e-12 2.996788546166338724e-12 0.000000000000000000e+00 3.287447701858736774e-05
1.843000000000000000e+03 1.118936708870216182e-13 1.252554383476391206e-12 3.093779924611918328e-12 0.000000000000000000e+00 3.068534530275842076e-05
1.844000000000000000e+03 1.106760300910782671e-13 1.255849855262691138e-12 3.190771303057497527e-12 0.000000000000000000e+00 4.080270319769228882e-05
1.845000000000000000e+03 1.094481864979067528e-13 1.256811004463937272e-12 3.285092616869826735e-12 0.000000000000000000e+00 2.499378261267737428e-05
1.846000000000000000e+03 1.082101401075070879e-13 1.255437831080129808e-12 3.376743866048905142e-12 0.000000000000000000e+00 4.147450013935723243e-05
1.847000000000000000e+03 1.069720937171074230e-13 1.254064657696322143e-12 3.468395115227983549e-12 0.000000000000000000e+00 3.764747459212198388e-05
1.848000000000000000e+03 1.057340473267077582e-13 1.252691484312514679e-12 3.560046364407061956e-12 0.000000000000000000e+00 3.899490631988248522e-05
1.849000000000000000e+03 1.044960009363080933e-13 1.251318310928707215e-12 3.651697613586140363e-12 0.000000000000000000e+00 2.366872888988442113e-05
1.850000000000000000e+03 1.032579545459084284e-13 1.249945137544899550e-12 3.743348862765218367e-12 0.000000000000000000e+00 3.139420128588055295e-05
1.851000000000000000e+03 1.020199081555087636e-13 1.248571964161092086e-12 3.835000111944297178e-12 0.000000000000000000e+00 3.052754908339263938e-05
1.852000000000000000e+03 1.007818617651090987e-13 1.247198790777284623e-12 3.926651361123375989e-12 0.000000000000000000e+00 3.840053482863780979e-05
1.853000000000000000e+03 9.954381537470943381e-14 1.245825617393476957e-12 4.018302610302453992e-12 0.000000000000000000e+00 5.282011407282077533e-05
1.854000000000000000e+03 9.830576898430976894e-14 1.244452444009669494e-12 4.109953859481532803e-12 0.000000000000000000e+00 3.167756900364969381e-05
1.855000000000000000e+03 9.726861585739315393e-14 1.245040821756457590e-12 4.213525318009848283e-12 0.000000000000000000e+00 2.074944675935185475e-05
1.856000000000000000e+03 9.643235599395957617e-14 1.247590750633841247e-12 4.329016985887401242e-12 0.000000000000000000e+00 4.731502973990489179e-05
1.857000000000000000e+03 9.559609613052602365e-14 1.250140679511224905e-12 4.444508653764954200e-12 0.000000000000000000e+00 2.778436926072691879e-05
1.858000000000000000e+03 9.475983626709244589e-14 1.252690608388608562e-12 4.560000321642507965e-12 0.000000000000000000e+00 2.582279029734029313e-05
1.859000000000000000e+03 9.392357640365889337e-14 1.255240537265992219e-12 4.675491989520060923e-12 0.000000000000000000e+00 2.735836179755459725e-05
1.860000000000000000e+03 9.308731654022531560e-14 1.257790466143376078e-12 4.790983657397613881e-12 0.000000000000000000e+00 4.819536881846914824e-05
1.861000000000000000e+03 9.225105667679176308e-14 1.260340395020759735e-12 4.906475325275166839e-12 0.000000000000000000e+00 4.555843644359520588e-05
1.862000000000000000e+03 9.141479681335818532e-14 1.262890323898143392e-12 5.021966993152719797e-12 0.000000000000000000e+00 2.253420685698019548e-05
1.863000000000000000e+03 9.057853694992463280e-14 1.265440252775527049e-12 5.137458661030273563e-12 0.000000000000000000e+00 3.688209223425213380e-05
1.864000000000000000e+03 8.974227708649105504e-14 1.267990181652910706e-12 5.252950328907826521e-12 0.000000000000000000e+00 2.177517466826826330e-05
1.865000000000000000e+03 8.859028748805295379e-14 1.262140524627222668e-12 5.343091051051904952e-12 0.000000000000000000e+00 3.387930959825843279e-05
1.866000000000000000e+03 8.712256815461030383e-14 1.247891281698462734e-12 5.407880827462508855e-12 0.000000000000000000e+00 3.631086730227625143e-05
1.867000000000000000e+03 8.565484882116765386e-14 1.233642038769703002e-12 5.472670603873111950e-12 0.000000000000000000e+00 3.844499020937235643e-05
1.868000000000000000e+03 8.418712948772500390e-14 1.219392795840943067e-12 5.537460380283715853e-12 0.000000000000000000e+00 3.412861324896562885e-05
1.869000000000000000e+03 8.271941015428235393e-14 1.205143552912183133e-12 5.602250156694319756e-12 0.000000000000000000e+00 3.414936754722520029e-05
1.870000000000000000e+03 8.125169082083970396e-14 1.190894309983423401e-12 5.667039933104923659e-12 0.000000000000000000e+00 4.401935914726444541e-05
1.871000000000000000e+03 7.978397148739704138e-14 1.176645067054663467e-12 5.731829709515527562e-12 0.000000000000000000e+00 2.580109720925707504e-05
1.872000000000000000e+03 7.831625215395439141e-14 1.162395824125903533e-12 5.796619485926131466e-12 0.000000000000000000e+00 2.953470169988537709e-05
1.873000000000000000e+03 7.684853282051174144e-14 1.148146581197143599e-12 5.861409262336734561e-12 0.000000000000000000e+00 2.947042618666712130e-05
1.874000000000000000e+03 7.538081348706909148e-14 1.133897338268383866e-12 5.926199038747338464e-12 0.000000000000000000e+00 4.738573531679344451e-05
1.875000000000000000e+03 7.402983794482629077e-14 1.121253235402314743e-12 5.998249855774953901e-12 0.000000000000000000e+00 3.790745588809673803e-05
1.876000000000000000e+03 7.279560619378335195e-14 1.110214272598936430e-12 6.077561713419580872e-12 0.000000000000000000e+00 3.207479804105383819e-05
1.877000000000000000e+03 7.156137444274040050e-14 1.099175309795557915e-12 6.156873571064207842e-12 0.000000000000000000e+00 1.881131586705082776e-05
1.878000000000000000e+03 7.032714269169746168e-14 1.088136346992179603e-12 6.236185428708834813e-12 0.000000000000000000e+00 3.668071003168464639e-05
1.879000000000000000e+03 6.909291094065451023e-14 1.077097384188801290e-12 6.315497286353461784e-12 0.000000000000000000e+00 3.370674720349669986e-05
1.880000000000000000e+03 6.785867918961157141e-14 1.066058421385422977e-12 6.394809143998089562e-12 0.000000000000000000e+00 3.457716945316522219e-05
1.881000000000000000e+03 6.662444743856861996e-14 1.055019458582044665e-12 6.474121001642716533e-12 0.000000000000000000e+00 3.270656490393397561e-05
1.882000000000000000e+03 6.539021568752568114e-14 1.043980495778666352e-12 6.553432859287343504e-12 0.000000000000000000e+00 4.071874273888063147e-05
1.883000000000000000e+03 6.415598393648272969e-14 1.032941532975287837e-12 6.632744716931970474e-12 0.000000000000000000e+00 3.542747035377637215e-05
1.884000000000000000e+03 6.292175218543979087e-14 1.021902570171909525e-12 6.712056574576597445e-12 0.000000000000000000e+00 3.478718375239723382e-05
1.885000000000000000e+03 6.168655768395767245e-14 1.006177525989834336e-12 6.767705402094884801e-12 0.000000000000000000e+00 2.902539806716264117e-05
1.886000000000000000e+03 6.045040043203641231e-14 9.857664004290622703e-13 6.799691199486833349e-12 0.000000000000000000e+00 2.140683013945626184e-05
1.887000000000000000e+03 5.921424318011512693e-14 9.653552748682902050e-13 6.831676996878781898e-12 0.000000000000000000e+00 3.775788441479238259e-05
1.888000000000000000e+03 5.797808592819386679e-14 9.449441493075181397e-13 6.863662794270729638e-12 0.000000000000000000e+00 3.564048138194858252e-05
1.889000000000000000e+03 5.674192867627258771e-14 9.245330237467460745e-13 6.895648591662678187e-12 0.000000000000000000e+00 3.743238859726480297e-05
1.890000000000000000e+03 5.550577142435131495e-14 9.041218981859739082e-13 6.927634389054626735e-12 0.000000000000000000e+00 3.614309594374041587e-05
1.891000000000000000e+03 5.426961417243004219e-14 8.837107726252018429e-13 6.959620186446575284e-12 0.000000000000000000e+00 2.144177552453210863e-05
1.892000000000000000e+03 5.303345692050876943e-14 8.632996470644296766e-13 6.991605983838523024e-12 0.000000000000000000e+00 4.521743171291214771e-05
1.893000000000000000e+03 5.179729966858749666e-14 8.428885215036576113e-13 7.023591781230471573e-12 0.000000000000000000e+00 2.787564340929268863e-05
1.894000000000000000e+03 5.056114241666622390e-14 8.224773959428855460e-13 7.055577578622420121e-12 0.000000000000000000e+00 3.490733616912398756e-05
1.895000000000000000e+03 4.950380798780095362e-14 8.028847473221750525e-13 7.098809899158883801e-12 0.000000000000000000e+00 3.194053856213931164e-05
1.896000000000000000e+03 4.862529638199168581e-14 7.841105756415262318e-13 7.153288742839862612e-12 0.000000000000000000e+00 3.721931107080358705e-05
1.897000000000000000e+03 4.774678477618241800e-14 7.653364039608774110e-13 7.207767586520842230e-12 0.000000000000000000e+00 3.324624595411299917e-05
1.898000000000000000e+03 4.686827317037314388e-14 7.465622322802284893e-13 7.262246430201821849e-12 0.000000000000000000e+00 3.484405881507582982e-05
1.899000000000000000e+03 4.598976156456387607e-14 7.277880605995796685e-13 7.316725273882801467e-12 0.000000000000000000e+00 2.133595796075382493e-05
1.900000000000000000e+03 4.511124995875460827e-14 7.090138889189308477e-13 7.371204117563779470e-12 0.000000000000000000e+00 2.876107543279080652e-05
1.901000000000000000e+03 4.423273835294534046e-14 6.902397172382819260e-13 7.425682961244759089e-12 0.000000000000000000e+00 3.955424203449998710e-05
1.902000000000000000e+03 4.335422674713606634e-14 6.714655455576331052e-13 7.480161804925738708e-12 0.000000000000000000e+00 3.921850771278427952e-05
1.903000000000000000e+03 4.247571514132679853e-14 6.526913738769842845e-13 7.534640648606718326e-12 0.000000000000000000e+00 3.084728359713006439e-05
1.904000000000000000e+03 4.159720353551753072e-14 6.339172021963353627e-13 7.589119492287697945e-12 0.000000000000000000e+00 4.069789476546066477e-05
1.905000000000000000e+03 4.071417927201145429e-14 6.135458008820907284e-13 7.635922777229503810e-12 0.000000000000000000e+00 3.321633270141865606e-05
1.906000000000000000e+03 3.982664235080856922e-14 5.915771699342500785e-13 7.675050503432137538e-12 0.000000000000000000e+00 2.564575623948756183e-05
1.907000000000000000e+03 3.893910542960568415e-14 5.696085389864094286e-13 7.714178229634771266e-12 0.000000000000000000e+00 2.740999000695179197e-05
1.908000000000000000e+03 3.805156850840279908e-14 5.476399080385687788e-13 7.753305955837404993e-12 0.000000000000000000e+00 2.465359384219292790e-05
1.909000000000000000e+03 3.716403158719991401e-14 5.256712770907282299e-13 7.792433682040038721e-12 0.000000000000000000e+00 3.701563446465073624e-05
1.910000000000000000e+03 3.627649466599702894e-14 5.037026461428875800e-13 7.831561408242674064e-12 0.000000000000000000e+00 4.859278271462043786e-05
1.911000000000000000e+03 3.538895774479413756e-14 4.817340151950469301e-13 7.870689134445307792e-12 0.000000000000000000e+00 3.297817757716250996e-05
1.912000000000000000e+03 3.450142082359125249e-14 4.597653842472062803e-13 7.909816860647941519e-12 0.000000000000000000e+00 2.659870191475070998e-05
1.913000000000000000e+03 3.361388390238836742e-14 4.377967532993656809e-13 7.948944586850575247e-12 0.000000000000000000e+00 2.356594169853674470e-05
1.914000000000000000e+03 3.272634698118548235e-14 4.158281223515250815e-13 7.988072313053208975e-12 0.000000000000000000e+00 4.158541550771691303e-05
1.915000000000000000e+03 3.204203779348606697e-14 3.911674712932371634e-13 7.996507432202044247e-12 0.000000000000000000e+00 2.293867164303622761e-05
1.916000000000000000e+03 3.156095633929011498e-14 3.638148001245019771e-13 7.974249944297081063e-12 0.000000000000000000e+00 3.417774493103368925e-05
1.917000000000000000e+03 3.107987488509416929e-14 3.364621289557667402e-13 7.951992456392117879e-12 0.000000000000000000e+00 3.327102723745817964e-05
1.918000000000000000e+03 3.059879343089821729e-14 3.091094577870315538e-13 7.929734968487154696e-12 0.000000000000000000e+00 3.333042252468954687e-05
1.919000000000000000e+03 3.011771197670227160e-14 2.817567866182963170e-13 7.907477480582191512e-12 0.000000000000000000e+00 3.321421331566767172e-05
1.920000000000000000e+03 2.963663052250632592e-14 2.544041154495611306e-13 7.885219992677228328e-12 0.000000000000000000e+00 3.745117901226114823e-05
1.921000000000000000e+03 2.915554906831037392e-14 2.270514442808259190e-13 7.862962504772265144e-12 0.000000000000000000e+00 2.309860026292133352e-05
1.922000000000000000e+03 2.867446761411442823e-14 1.996987731120907074e-13 7.840705016867301961e-12 0.000000000000000000e+00 2.479324834731670498e-05
1.923000000000000000e+03 2.819338615991847624e-14 1.723461019433555211e-13 7.818447528962338777e-12 0.000000000000000000e+00 4.010871565178683042e-05
1.924000000000000000e+03 2.771230470572253055e-14 1.449934307746202842e-13 7.796190041057375593e-12 0.000000000000000000e+00 4.398321771167003748e-05
1.925000000000000000e+03 2.718863573204489150e-14 1.184132855391277933e-13 7.792775407458110022e-12 0.000000000000000000e+00 2.324929447736616777e-05
1.926000000000000000e+03 2.662237923888556225e-14 9.260566623687793483e-14 7.808203628164542065e-12 0.000000000000000000e+00 3.506529018830534852e-05
1.927000000000000000e+03 2.605612274572623300e-14 6.679804693462807632e-14 7.823631848870975723e-12 0.000000000000000000e+00 1.206288937255275860e-05
1.928000000000000000e+03 2.548986625256690375e-14 4.099042763237821781e-14 7.839060069577407765e-12 0.000000000000000000e+00 4.303242004295167828e-05
1.929000000000000000e+03 2.492360975940757450e-14 1.518280833012835930e-14 7.854488290283839808e-12 0.000000000000000000e+00 2.913320483463712333e-05
1.930000000000000000e+03 2.435735326624824841e-14 -1.062481097212148659e-14 7.869916510990271850e-12 0.000000000000000000e+00 3.269864018295556759e-05
1.931000000000000000e+03 2.379109677308891916e-14 -3.643243027437133248e-14 7.885344731696703892e-12 0.000000000000000000e+00 3.737002175478408019e-05
1.932000000000000000e+03 2.322484027992958991e-14 -6.224004957662120362e-14 7.900772952403135935e-12 0.000000000000000000e+00 3.308800239763511541e-05
1.933000000000000000e+03 2.265858378677026066e-14 -8.804766887887104951e-14 7.916201173109569593e-12 0.000000000000000000e+00 3.738037828678163757e-05
1.934000000000000000e+03 2.209232729361093141e-14 -1.138552881811208954e-13 7.931629393816001635e-12 0.000000000000000000e+00 2.567861140141297795e-05
1.935000000000000000e+03 2.188205790187838748e-14 -1.400783787339839254e-13 7.906618028140798485e-12 0.000000000000000000e+00 2.370749072429130590e-05
1.936000000000000000e+03 2.202777561157262889e-14 -1.667169405374601396e-13 7.841167076083956910e-12 0.000000000000000000e+00 2.641176376217516615e-05
1.937000000000000000e+03 2.217349332126687030e-14 -1.933555023409363790e-13 7.775716124027118566e-12 0.000000000000000000e+00 3.370938174386994591e-05
1.938000000000000000e+03 2.231921103096111170e-14 -2.199940641444126184e-13 7.710265171970276991e-12 0.000000000000000000e+00 3.948749323836955069e-05
1.939000000000000000e+03 2.246492874065535311e-14 -2.466326259478888326e-13 7.644814219913438648e-12 0.000000000000000000e+00 2.875054583306733741e-05
1.940000000000000000e+03 2.261064645034959451e-14 -2.732711877513650468e-13 7.579363267856597073e-12 0.000000000000000000e+00 2.914892193686209794e-05
1.941000000000000000e+03 2.275636416004383592e-14 -2.999097495548412610e-13 7.513912315799758729e-12 0.000000000000000000e+00 3.155150291301857214e-05
1.942000000000000000e+03 2.290208186973807732e-14 -3.265483113583174751e-13 7.448461363742917155e-12 0.000000000000000000e+00 3.657516937591465545e-05
1.943000000000000000e+03 2.304779957943231873e-14 -3.531868731617936893e-13 7.383010411686078811e-12 0.000000000000000000e+00 2.100284228703812377e-05
1.944000000000000000e+03 2.319351728912656013e-14 -3.798254349652699540e-13 7.317559459629237236e-12 0.000000000000000000e+00 2.594446598748318308e-05
1.945000000000000000e+03 2.336890823626577549e-14 -4.086754717078267605e-13 7.287456698780133408e-12 0.000000000000000000e+00 4.068230216139695162e-05
1.946000000000000000e+03 2.357397242084997111e-14 -4.397369833894642100e-13 7.292702129138764096e-12 0.000000000000000000e+00 3.533940410881749613e-05
1.947000000000000000e+03 2.377903660543416357e-14 -4.707984950711016594e-13 7.297947559497393168e-12 0.000000000000000000e+00 3.047931143399907028e-05
1.948000000000000000e+03 2.398410079001835918e-14 -5.018600067527390584e-13 7.303192989856023856e-12 0.000000000000000000e+00 2.770311252367622424e-05
1.949000000000000000e+03 2.418916497460255480e-14 -5.329215184343764574e-13 7.308438420214654544e-12 0.000000000000000000e+00 1.720068846547631404e-05
1.950000000000000000e+03 2.439422915918674726e-14 -5.639830301160139573e-13 7.313683850573283616e-12 0.000000000000000000e+00 3.959064070978656857e-05
1.951000000000000000e+03 2.459929334377094288e-14 -5.950445417976513563e-13 7.318929280931914304e-12 0.000000000000000000e+00 2.720425147479533904e-05
1.952000000000000000e+03 2.480435752835513850e-14 -6.261060534792888562e-13 7.324174711290544992e-12 0.000000000000000000e+00 3.850509577752440514e-05
1.953000000000000000e+03 2.500942171293933096e-14 -6.571675651609262552e-13 7.329420141649174064e-12 0.000000000000000000e+00 2.623476138464969084e-05
1.954000000000000000e+03 2.521448589752352657e-14 -6.882290768425636541e-13 7.334665572007804752e-12 0.000000000000000000e+00 3.272378960717016054e-05
1.955000000000000000e+03 2.566879292778173635e-14 -7.160535264056529743e-13 7.290479087250347086e-12 0.000000000000000000e+00 3.250176796241752782e-05
1.956000000000000000e+03 2.637234280371396029e-14 -7.406409138501943166e-13 7.196860687376801873e-12 0.000000000000000000e+00 2.625023255174537869e-05
1.957000000000000000e+03 2.707589267964618738e-14 -7.652283012947356589e-13 7.103242287503256661e-12 0.000000000000000000e+00 2.190772194987466762e-05
1.958000000000000000e+03 2.777944255557841447e-14 -7.898156887392770011e-13 7.009623887629711448e-12 0.000000000000000000e+00 2.587077512408153930e-05
1.959000000000000000e+03 2.848299243151063841e-14 -8.144030761838183434e-13 6.916005487756166236e-12 0.000000000000000000e+00 4.269695674953305920e-05
1.960000000000000000e+03 2.918654230744286550e-14 -8.389904636283596857e-13 6.822387087882621024e-12 0.000000000000000000e+00 3.262272818260372715e-05
1.961000000000000000e+03 2.989009218337509259e-14 -8.635778510729009270e-13 6.728768688009075811e-12 0.000000000000000000e+00 2.814024736274576340e-05
1.962000000000000000e+03 3.059364205930731969e-14 -8.881652385174422693e-13 6.635150288135530599e-12 0.000000000000000000e+00 3.117206892094775110e-05
1.963000000000000000e+03 3.129719193523954047e-14 -9.127526259619836116e-13 6.541531888261985386e-12 0.000000000000000000e+00 2.058945458907278077e-05
1.964000000000000000e+03 3.200074181117176756e-14 -9.373400134065248529e-13 6.447913488388440174e-12 0.000000000000000000e+00 3.280433273037513251e-05
1.965000000000000000e+03 3.295186043268245100e-14 -9.597467721217347687e-13 6.352235026903907599e-12 0.000000000000000000e+00 2.853494316745808278e-05
1.966000000000000000e+03 3.415054779977159078e-14 -9.799729021076133590e-13 6.254496503808388468e-12 0.000000000000000000e+00 2.760412004158750869e-05
1.967000000000000000e+03 3.534923516686073056e-14 -1.000199032093491747e-12 6.156757980712869337e-12 0.000000000000000000e+00 3.428133497542151179e-05
1.968000000000000000e+03 3.654792253394987035e-14 -1.020425162079370338e-12 6.059019457617351014e-12 0.000000000000000000e+00 3.369352359200500959e-05
1.969000000000000000e+03 3.774660990103901013e-14 -1.040651292065248928e-12 5.961280934521831883e-12 0.000000000000000000e+00 2.416564640348989104e-05
1.970000000000000000e+03 3.894529726812814991e-14 -1.060877422051127316e-12 5.863542411426312753e-12 0.000000000000000000e+00 3.114891665151765104e-05
1.971000000000000000e+03 4.014398463521728970e-14 -1.081103552037005906e-12 5.765803888330793622e-12 0.000000000000000000e+00 2.231529607137460993e-05
1.972000000000000000e+03 4.134267200230643579e-14 -1.101329682022884497e-12 5.668065365235275299e-12 0.000000000000000000e+00 2.879670521493968776e-05
1.973000000000000000e+03 4.254135936939557557e-14 -1.121555812008762885e-12 5.570326842139756168e-12 0.000000000000000000e+00 3.954091519465925778e-05
1.974000000000000000e+03 4.374004673648471536e-14 -1.141781941994641475e-12 5.472588319044237038e-12 0.000000000000000000e+00 3.302728773148212797e-05
1.975000000000000000e+03 4.518208672005426684e-14 -1.168838593169542455e-12 5.398818316889054709e-12 0.000000000000000000e+00 2.052453256849911601e-05
1.976000000000000000e+03 4.686747932010423633e-14 -1.202725765533465624e-12 5.349016835674208373e-12 0.000000000000000000e+00 2.954080769371561239e-05
1.977000000000000000e+03 4.855287192015419951e-14 -1.236612937897389196e-12 5.299215354459362846e-12 0.000000000000000000e+00 2.863381385511508059e-05
1.978000000000000000e+03 5.023826452020416900e-14 -1.270500110261312365e-12 5.249413873244516511e-12 0.000000000000000000e+00 2.458225228184929040e-05
1.979000000000000000e+03 5.192365712025413218e-14 -1.304387282625235937e-12 5.199612392029670175e-12 0.000000000000000000e+00 1.739426730968998409e-05
1.980000000000000000e+03 5.360904972030410167e-14 -1.338274454989159106e-12 5.149810910814824648e-12 0.000000000000000000e+00 4.384391328299600926e-05
1.981000000000000000e+03 5.529444232035406485e-14 -1.372161627353082678e-12 5.100009429599978313e-12 0.000000000000000000e+00 3.031422358076933440e-05
1.982000000000000000e+03 5.697983492040403434e-14 -1.406048799717005847e-12 5.050207948385131978e-12 0.000000000000000000e+00 3.245710123715623587e-05
1.983000000000000000e+03 5.866522752045399752e-14 -1.439935972080929419e-12 5.000406467170286450e-12 0.000000000000000000e+00 3.208061919199547187e-05
1.984000000000000000e+03 6.035062012050397333e-14 -1.473823144444852588e-12 4.950604985955440115e-12 0.000000000000000000e+00 2.070522233252339658e-05
1.985000000000000000e+03 6.212624431664086969e-14 -1.496125575428105829e-12 4.859072867477134286e-12 0.000000000000000000e+00 1.671596668631209541e-05
1.986000000000000000e+03 6.399210010886472447e-14 -1.506843265030688740e-12 4.725810111735368155e-12 0.000000000000000000e+00 3.766048741222899468e-05
1.987000000000000000e+03 6.585795590108857925e-14 -1.517560954633271650e-12 4.592547355993602024e-12 0.000000000000000000e+00 3.116959919121128881e-05
1.988000000000000000e+03 6.772381169331243403e-14 -1.528278644235854763e-12 4.459284600251835893e-12 0.000000000000000000e+00 2.757581758147397723e-05
1.989000000000000000e+03 6.958966748553628882e-14 -1.538996333838437673e-12 4.326021844510069762e-12 0.000000000000000000e+00 2.505726212735746923e-05
1.990000000000000000e+03 7.145552327776014360e-14 -1.549714023441020584e-12 4.192759088768302823e-12 0.000000000000000000e+00 3.007084524233037985e-05
1.991000000000000000e+03 7.332137906998399838e-14 -1.560431713043603495e-12 4.059496333026536692e-12 0.000000000000000000e+00 2.952774270680525720e-05
1.992000000000000000e+03 7.518723486220785316e-14 -1.571149402646186607e-12 3.926233577284770561e-12 0.000000000000000000e+00 2.662334139524430806e-05
1.993000000000000000e+03 7.705309065443170795e-14 -1.581867092248769518e-12 3.792970821543004430e-12 0.000000000000000000e+00 2.209115594627303472e-05
1.994000000000000000e+03 7.891894644665555011e-14 -1.592584781851352428e-12 3.659708065801238299e-12 0.000000000000000000e+00 3.186540997643068709e-05
1.995000000000000000e+03 8.111909297925736789e-14 -1.607856163237331535e-12 3.538418784958006819e-12 0.000000000000000000e+00 3.451706412115873568e-05
1.996000000000000000e+03 8.365353025223714867e-14 -1.627681236406706635e-12 3.429102979013309585e-12 0.000000000000000000e+00 3.305804391163807315e-05
1.997000000000000000e+03 8.618796752521692946e-14 -1.647506309576081735e-12 3.319787173068612755e-12 0.000000000000000000e+00 2.106922271714965203e-05
1.998000000000000000e+03 8.872240479819669762e-14 -1.667331382745456835e-12 3.210471367123915926e-12 0.000000000000000000e+00 2.288246651590185256e-05
1.999000000000000000e+03 9.125684207117647840e-14 -1.687156455914831935e-12 3.101155561179219096e-12 0.000000000000000000e+00 2.375998072345096712e-05
2.000000000000000000e+03 9.379127934415624656e-14 -1.706981529084207036e-12 2.991839755234521862e-12 0.000000000000000000e+00 3.171859175773791427e-05
2.001000000000000000e+03 9.632571661713602735e-14 -1.726806602253582136e-12 2.882523949289825032e-12 0.000000000000000000e+00 3.113231492196289634e-05
2.002000000000000000e+03 9.886015389011579551e-14 -1.746631675422957236e-12 2.773208143345128203e-12 0.000000000000000000e+00 3.023339064578057551e-05
2.003000000000000000e+03 1.013945911630955763e-13 -1.766456748592332336e-12 2.663892337400430969e-12 0.000000000000000000e+00 2.270421659599850995e-05
2.004000000000000000e+03 1.039290284360753571e-13 -1.786281821761707437e-12 2.554576531455734139e-12 0.000000000000000000e+00 3.378989843897733995e-05
2.005000000000000000e+03 1.066196065729109007e-13 -1.797288505589519762e-12 2.434530323090220420e-12 0.000000000000000000e+00 1.947230109210704976e-05
2.006000000000000000e+03 1.094663255736022324e-13 -1.799476800075768909e-12 2.303753712303889811e-12 0.000000000000000000e+00 2.795351745464109817e-05
2.007000000000000000e+03 1.123130445742935514e-13 -1.801665094562018258e-12 2.172977101517559202e-12 0.000000000000000000e+00 1.641242089666190899e-05
2.008000000000000000e+03 1.151597635749848705e-13 -1.803853389048267607e-12 2.042200490731228593e-12 0.000000000000000000e+00 3.991889303986692953e-05
2.009000000000000000e+03 1.180064825756761896e-13 -1.806041683534516754e-12 1.911423879944897984e-12 0.000000000000000000e+00 2.922497591428061122e-05
2.010000000000000000e+03 1.208532015763675086e-13 -1.808229978020766103e-12 1.780647269158567375e-12 0.000000000000000000e+00 2.531757141200715629e-05
2.011000000000000000e+03 1.236999205770588277e-13 -1.810418272507015249e-12 1.649870658372236967e-12 0.000000000000000000e+00 2.746043352424021322e-05
2.012000000000000000e+03 1.265466395777501720e-13 -1.812606566993264598e-12 1.519094047585906358e-12 0.000000000000000000e+00 2.860063398571831121e-05
2.013000000000000000e+03 1.293933585784414911e-13 -1.814794861479513947e-12 1.388317436799575749e-12 0.000000000000000000e+00 2.268321721581012711e-05
2.014000000000000000e+03 1.322400775791328101e-13 -1.816983155965763094e-12 1.257540826013245140e-12 0.000000000000000000e+00 2.812785027159028816e-05
2.015000000000000000e+03 1.350991322112570813e-13 -1.814965307194752751e-12 1.131160023173025622e-12 0.000000000000000000e+00 2.377754595907083921e-05
2.016000000000000000e+03 1.379705224748143299e-13 -1.808741315166482717e-12 1.009175028278916789e-12 0.000000000000000000e+00 3.067273145178159044e-05
2.017000000000000000e+03 1.408419127383715533e-13 -1.802517323138212885e-12 8.871900333848082600e-13 0.000000000000000000e+00 2.892265475496621986e-05
2.018000000000000000e+03 1.437133030019288019e-13 -1.796293331109942850e-12 7.652050384906996297e-13 0.000000000000000000e+00 2.688949007884756956e-05
2.019000000000000000e+03 1.465846932654860252e-13 -1.790069339081672816e-12 6.432200435965909995e-13 0.000000000000000000e+00 2.600743198816690764e-05
2.020000000000000000e+03 1.494560835290432738e-13 -1.783845347053402984e-12 5.212350487024823692e-13 0.000000000000000000e+00 1.976924457751191261e-05
2.021000000000000000e+03 1.523274737926004972e-13 -1.777621355025132949e-12 3.992500538083737389e-13 0.000000000000000000e+00 2.521524584540185167e-05
2.022000000000000000e+03 1.551988640561577458e-13 -1.771397362996862915e-12 2.772650589142652096e-13 0.000000000000000000e+00 3.646195929025867409e-05
2.023000000000000000e+03 1.580702543197149691e-13 -1.765173370968593082e-12 1.552800640201563774e-13 0.000000000000000000e+00 2.461156243219157435e-05
2.024000000000000000e+03 1.609416445832722177e-13 -1.758949378940323048e-12 3.329506912604794910e-14 0.000000000000000000e+00 2.984914381352588191e-05
2.025000000000000000e+03 1.644099927101562448e-13 -1.756860558637527759e-12 -8.795879666252125979e-14 0.000000000000000000e+00 2.148805681602296411e-05
2.026000000000000000e+03 1.684752987003670754e-13 -1.758906910060207417e-12 -2.084815333455510473e-13 0.000000000000000000e+00 3.241472679403402559e-05
2.027000000000000000e+03 1.725406046905778809e-13 -1.760953261482887076e-12 -3.290042700285808600e-13 0.000000000000000000e+00 2.024847675867533084e-05
2.028000000000000000e+03 1.766059106807887116e-13 -1.762999612905566734e-12 -4.495270067116105970e-13 0.000000000000000000e+00 2.376298633990798359e-05
2.029000000000000000e+03 1.806712166709995423e-13 -1.765045964328246392e-12 -5.700497433946404350e-13 0.000000000000000000e+00 2.008281074884712511e-05
2.030000000000000000e+03 1.847365226612103477e-13 -1.767092315750926050e-12 -6.905724800776701720e-13 0.000000000000000000e+00 3.881488361850095781e-05
2.031000000000000000e+03 1.888018286514211784e-13 -1.769138667173605709e-12 -8.110952167607000100e-13 0.000000000000000000e+00 2.872404689309821128e-05
2.032000000000000000e+03 1.928671346416320091e-13 -1.771185018596285367e-12 -9.316179534437298480e-13 0.000000000000000000e+00 2.689772584152755840e-05
2.033000000000000000e+03 1.969324406318428145e-13 -1.773231370018965025e-12 -1.052140690126759686e-12 0.000000000000000000e+00 2.267420275915360694e-05
2.034000000000000000e+03 2.009977466220536452e-13 -1.775277721441644684e-12 -1.172663426809789524e-12 0.000000000000000000e+00 2.362256395690384589e-05
2.035000000000000000e+03 2.049112749296319020e-13 -1.765933754132588557e-12 -1.286051918651896152e-12 0.000000000000000000e+00 2.224525010953114348e-05
2.036000000000000000e+03 2.086730255545775849e-13 -1.745199468091796646e-12 -1.392306165653079974e-12 0.000000000000000000e+00 2.382107820668744814e-05
2.037000000000000000e+03 2.124347761795232678e-13 -1.724465182051004736e-12 -1.498560412654263998e-12 0.000000000000000000e+00 3.553348865965812089e-05
2.038000000000000000e+03 2.161965268044689507e-13 -1.703730896010212825e-12 -1.604814659655447820e-12 0.000000000000000000e+00 2.261132937788274045e-05
2.039000000000000000e+03 2.199582774294146336e-13 -1.682996609969420914e-12 -1.711068906656631844e-12 0.000000000000000000e+00 2.342097932146325814e-05
2.040000000000000000e+03 2.237200280543603166e-13 -1.662262323928629003e-12 -1.817323153657815666e-12 0.000000000000000000e+00 3.374780723015312410e-05
2.041000000000000000e+03 2.274817786793059995e-13 -1.641528037887837092e-12 -1.923577400658999489e-12 0.000000000000000000e+00 2.089186568185460050e-05
2.042000000000000000e+03 2.312435293042516824e-13 -1.620793751847045181e-12 -2.029831647660183715e-12 0.000000000000000000e+00 2.287275324785620982e-05
2.043000000000000000e+03 2.350052799291973653e-13 -1.600059465806253270e-12 -2.136085894661367537e-12 0.000000000000000000e+00 1.639198099960821977e-05
2.044000000000000000e+03 2.387670305541430987e-13 -1.579325179765461359e-12 -2.242340141662551359e-12 0.000000000000000000e+00 4.150317494247965030e-05
2.045000000000000000e+03 2.426664345155483324e-13 -1.558190348724084051e-12 -2.345411371798154885e-12 0.000000000000000000e+00 2.459393693047289600e-05
2.046000000000000000e+03 2.467034918134132179e-13 -1.536654972682121142e-12 -2.445299585068178114e-12 0.000000000000000000e+00 2.722458937177827830e-05
2.047000000000000000e+03 2.507405491112780529e-13 -1.515119596640158436e-12 -2.545187798338200940e-12 0.000000000000000000e+00 2.354000535500359902e-05
2.048000000000000000e+03 2.547776064091429384e-13 -1.493584220598195527e-12 -2.645076011608224169e-12 0.000000000000000000e+00 2.485160602130654877e-05
2.049000000000000000e+03 2.588146637070077734e-13 -1.472048844556232619e-12 -2.744964224878247399e-12 0.000000000000000000e+00 2.065368111553362009e-05
2.050000000000000000e+03 2.628517210048726589e-13 -1.450513468514269913e-12 -2.844852438148270628e-12 0.000000000000000000e+00 2.577048238941864812e-05
2.051000000000000000e+03 2.668887783027374940e-13 -1.428978092472307004e-12 -2.944740651418293858e-12 0.000000000000000000e+00 2.961671704752302784e-05
2.052000000000000000e+03 2.709258356006023795e-13 -1.407442716430344096e-12 -3.044628864688317087e-12 0.000000000000000000e+00 2.975788466680398187e-05
2.053000000000000000e+03 2.749628928984672145e-13 -1.385907340388381187e-12 -3.144517077958340317e-12 0.000000000000000000e+00 2.563256863221497162e-05
2.054000000000000000e+03 2.789999501963321000e-13 -1.364371964346418481e-12 -3.244405291228363142e-12 0.000000000000000000e+00 2.523862101333099417e-05
2.055000000000000000e+03 2.822860685018891385e-13 -1.334679234281257764e-12 -3.321003845661147171e-12 0.000000000000000000e+00 2.713892369676443864e-05
2.056000000000000000e+03 2.848212478151383300e-13 -1.296829150192899238e-12 -3.374312741256692403e-12 0.000000000000000000e+00 1.594720112731986159e-05
2.057000000000000000e+03 2.873564271283875720e-13 -1.258979066104540713e-12 -3.427621636852237635e-12 0.000000000000000000e+00 1.757012831655431820e-05
2.058000000000000000e+03 2.898916064416367634e-13 -1.221128982016182389e-12 -3.480930532447782867e-12 0.000000000000000000e+00 3.914130819274100478e-05
2.059000000000000000e+03 2.924267857548859549e-13 -1.183278897927823864e-12 -3.534239428043328099e-12 0.000000000000000000e+00 2.676793181731732023e-05
2.060000000000000000e+03 2.949619650681351969e-13 -1.145428813839465338e-12 -3.587548323638872927e-12 0.000000000000000000e+00 2.561649166620459946e-05
2.061000000000000000e+03 2.974971443813843884e-13 -1.107578729751106812e-12 -3.640857219234418159e-12 0.000000000000000000e+00 1.469483177896101751e-05
2.062000000000000000e+03 3.000323236946335799e-13 -1.069728645662748489e-12 -3.694166114829963795e-12 0.000000000000000000e+00 3.864817597622669361e-05
2.063000000000000000e+03 3.025675030078828219e-13 -1.031878561574389963e-12 -3.747475010425508623e-12 0.000000000000000000e+00 2.129769969765102813e-05
2.064000000000000000e+03 3.051026823211320134e-13 -9.940284774860314376e-13 -3.800783906021053451e-12 0.000000000000000000e+00 1.629255478868816724e-05
2.065000000000000000e+03 3.077222933672512892e-13 -9.555630268561633547e-13 -3.844323812863134814e-12 0.000000000000000000e+00 3.268771897200751342e-05
2.066000000000000000e+03 3.104263361462405485e-13 -9.164822096847855125e-13 -3.878094730951751904e-12 0.000000000000000000e+00 2.735027738476302064e-05
2.067000000000000000e+03 3.131303789252298078e-13 -8.774013925134076703e-13 -3.911865649040368995e-12 0.000000000000000000e+00 2.698770288805008873e-05
2.068000000000000000e+03 3.158344217042190671e-13 -8.383205753420298281e-13 -3.945636567128986893e-12 0.000000000000000000e+00 2.141773778778483691e-05
2.069000000000000000e+03 3.185384644832083264e-13 -7.992397581706519859e-13 -3.979407485217603983e-12 0.000000000000000000e+00 2.353840720221087509e-05
2.070000000000000000e+03 3.212425072621975857e-13 -7.601589409992742447e-13 -4.013178403306221073e-12 0.000000000000000000e+00 1.785621686794393152e-05
2.071000000000000000e+03 3.239465500411868450e-13 -7.210781238278964025e-13 -4.046949321394838163e-12 0.000000000000000000e+00 2.362593506029771678e-05
2.072000000000000000e+03 3.266505928201761043e-13 -6.819973066565186613e-13 -4.080720239483456061e-12 0.000000000000000000e+00 3.883016144401629013e-05
2.073000000000000000e+03 3.293546355991653636e-13 -6.429164894851408191e-13 -4.114491157572073151e-12 0.000000000000000000e+00 2.458086196366254385e-05
2.074000000000000000e+03 3.320586783781546229e-13 -6.038356723137629769e-13 -4.148262075660690242e-12 0.000000000000000000e+00 1.863690379817950474e-05
2.075000000000000000e+03 3.357830697599928426e-13 -5.633779444098166837e-13 -4.182824359013605209e-12 0.000000000000000000e+00 3.277654623789149989e-05
2.076000000000000000e+03 3.405278097446799724e-13 -5.215433057733019394e-13 -4.218178007630818863e-12 0.000000000000000000e+00 2.289678134411432317e-05
2.077000000000000000e+03 3.452725497293671021e-13 -4.797086671367872961e-13 -4.253531656248031708e-12 0.000000000000000000e+00 1.612403851205525287e-05
2.078000000000000000e+03 3.500172897140542319e-13 -4.378740285002725519e-13 -4.288885304865244554e-12 0.000000000000000000e+00 1.960736549478412388e-05
2.079000000000000000e+03 3.547620296987413616e-13 -3.960393898637578581e-13 -4.324238953482458207e-12 0.000000000000000000e+00 2.800648810687287859e-05
2.080000000000000000e+03 3.595067696834284914e-13 -3.542047512272431139e-13 -4.359592602099671053e-12 0.000000000000000000e+00 3.365864005747061559e-05
2.081000000000000000e+03 3.642515096681156211e-13 -3.123701125907284201e-13 -4.394946250716884706e-12 0.000000000000000000e+00 3.059086846140495998e-05
2.082000000000000000e+03 3.689962496528027508e-13 -2.705354739542137263e-13 -4.430299899334097551e-12 0.000000000000000000e+00 1.855770543972406678e-05
2.083000000000000000e+03 3.737409896374898806e-13 -2.287008353176989821e-13 -4.465653547951310397e-12 0.000000000000000000e+00 2.007721748735707038e-05
2.084000000000000000e+03 3.784857296221770103e-13 -1.868661966811842883e-13 -4.501007196568524050e-12 0.000000000000000000e+00 2.814494216184955841e-05
2.085000000000000000e+03 3.805200026471094571e-13 -1.423361973538961784e-13 -4.489440869665697218e-12 0.000000000000000000e+00 2.036856544405985612e-05
2.086000000000000000e+03 3.798438087122871704e-13 -9.511083733583472805e-14 -4.430954567242830707e-12 0.000000000000000000e+00 2.766540233935893569e-05
2.087000000000000000e+03 3.791676147774648836e-13 -4.788547731777327772e-14 -4.372468264819964196e-12 0.000000000000000000e+00 2.663432338519927436e-05
2.088000000000000000e+03 3.784914208426425969e-13 -6.601172997118273945e-16 -4.313981962397097685e-12 0.000000000000000000e+00 2.343154648222337856e-05
2.089000000000000000e+03 3.778152269078203102e-13 4.656524271834964818e-14 -4.255495659974231174e-12 0.000000000000000000e+00 2.931238006532480318e-05
2.090000000000000000e+03 3.771390329729980234e-13 9.379060273641109851e-14 -4.197009357551365471e-12 0.000000000000000000e+00 1.979016964341947862e-05
2.091000000000000000e+03 3.764628390381757367e-13 1.410159627544725741e-13 -4.138523055128498960e-12 0.000000000000000000e+00 2.301272755532781194e-05
2.092000000000000000e+03 3.757866451033534500e-13 1.882413227725339992e-13 -4.080036752705632449e-12 0.000000000000000000e+00 2.032857055946695073e-05
2.093000000000000000e+03 3.751104511685311633e-13 2.354666827905954747e-13 -4.021550450282765939e-12 0.000000000000000000e+00 3.234889160106653265e-05
2.094000000000000000e+03 3.744342572337088765e-13 2.826920428086568998e-13 -3.963064147859899428e-12 0.000000000000000000e+00 2.726416454497432074e-05
2.095000000000000000e+03 3.757406962655689997e-13 3.304604515274273660e-13 -3.920095510257603087e-12 0.000000000000000000e+00 2.311415894196922820e-05
2.096000000000000000e+03 3.790297682641115327e-13 3.787719089469068732e-13 -3.892644537475876109e-12 0.000000000000000000e+00 1.981793336274800815e-05
2.097000000000000000e+03 3.823188402626540656e-13 4.270833663663863299e-13 -3.865193564694149131e-12 0.000000000000000000e+00 2.556305859222696568e-05
2.098000000000000000e+03 3.856079122611965481e-13 4.753948237858657866e-13 -3.837742591912422960e-12 0.000000000000000000e+00 2.462501595531427811e-05
2.099000000000000000e+03 3.888969842597390811e-13 5.237062812053452433e-13 -3.810291619130695982e-12 0.000000000000000000e+00 1.550541364077062735e-05
2.100000000000000000e+03 3.921860562582816141e-13 5.720177386248248010e-13 -3.782840646348969812e-12 0.000000000000000000e+00 3.237148740520775933e-05
2.101000000000000000e+03 3.954751282568241471e-13 6.203291960443041567e-13 -3.755389673567242834e-12 0.000000000000000000e+00 2.455945945913682004e-05
2.102000000000000000e+03 3.987642002553666296e-13 6.686406534637837144e-13 -3.727938700785516663e-12 0.000000000000000000e+00 3.244760224703574584e-05
2.103000000000000000e+03 4.020532722539091626e-13 7.169521108832631711e-13 -3.700487728003789685e-12 0.000000000000000000e+00 2.288508356778098626e-05
2.104000000000000000e+03 4.053423442524516956e-13 7.652635683027426278e-13 -3.673036755222062707e-12 0.000000000000000000e+00 2.374037665648247566e-05
2.105000000000000000e+03 4.071611757209112547e-13 8.126119328894705725e-13 -3.615364912891228625e-12 0.000000000000000000e+00 1.895998870126574826e-05
2.106000000000000000e+03 4.075097666592878904e-13 8.589972046434469041e-13 -3.527472201011286633e-12 0.000000000000000000e+00 2.529724320655960253e-05
2.107000000000000000e+03 4.078583575976645261e-13 9.053824763974232358e-13 -3.439579489131345044e-12 0.000000000000000000e+00 1.887814855266086239e-05
2.108000000000000000e+03 4.082069485360412123e-13 9.517677481513995674e-13 -3.351686777251403051e-12 0.000000000000000000e+00 3.271987124186375177e-05
2.109000000000000000e+03 4.085555394744178481e-13 9.981530199053758991e-13 -3.263794065371461059e-12 0.000000000000000000e+00 1.654429603672730712e-05
2.110000000000000000e+03 4.089041304127944838e-13 1.044538291659352231e-12 -3.175901353491519470e-12 0.000000000000000000e+00 2.897351831129953850e-05
2.111000000000000000e+03 4.092527213511711195e-13 1.090923563413328562e-12 -3.088008641611577477e-12 0.000000000000000000e+00 2.475672165178841779e-05
2.112000000000000000e+03 4.096013122895478057e-13 1.137308835167304894e-12 -3.000115929731635485e-12 0.000000000000000000e+00 2.314425746788535403e-05
2.113000000000000000e+03 4.099499032279244414e-13 1.183694106921281226e-12 -2.912223217851693896e-12 0.000000000000000000e+00 2.089023239347785913e-05
2.114000000000000000e+03 4.102984941663010772e-13 1.230079378675257557e-12 -2.824330505971751903e-12 0.000000000000000000e+00 2.279648647479142951e-05
2.115000000000000000e+03 4.106202900156261173e-13 1.275806829365638925e-12 -2.727674017987178650e-12 0.000000000000000000e+00 3.048446368791130431e-05
2.116000000000000000e+03 4.109152907758995114e-13 1.320876458992425531e-12 -2.622253753897973731e-12 0.000000000000000000e+00 3.104837779672255408e-05
2.117000000000000000e+03 4.112102915361729559e-13 1.365946088619212138e-12 -2.516833489808768813e-12 0.000000000000000000e+00 1.936876401286496491e-05
2.118000000000000000e+03 4.115052922964463500e-13 1.411015718245998542e-12 -2.411413225719564299e-12 0.000000000000000000e+00 1.583046318301087278e-05
2.119000000000000000e+03 4.118002930567197945e-13 1.456085347872785148e-12 -2.305992961630359380e-12 0.000000000000000000e+00 2.410960470784398170e-05
2.120000000000000000e+03 4.120952938169931886e-13 1.501154977499571754e-12 -2.200572697541154462e-12 0.000000000000000000e+00 2.849684473902051708e-05
2.121000000000000000e+03 4.123902945772666332e-13 1.546224607126358158e-12 -2.095152433451949947e-12 0.000000000000000000e+00 2.030478188776405169e-05
2.122000000000000000e+03 4.126852953375400272e-13 1.591294236753144765e-12 -1.989732169362745029e-12 0.000000000000000000e+00 3.647196624676217095e-05
2.123000000000000000e+03 4.129802960978134718e-13 1.636363866379931371e-12 -1.884311905273540111e-12 0.000000000000000000e+00 1.716161514325165828e-05
2.124000000000000000e+03 4.132752968580868658e-13 1.681433496006717775e-12 -1.778891641184335596e-12 0.000000000000000000e+00 2.225302171751225770e-05
2.125000000000000000e+03 4.128736115489821113e-13 1.722581262314543763e-12 -1.661272664701673649e-12 0.000000000000000000e+00 2.756291625571052277e-05
2.126000000000000000e+03 4.117752401704991576e-13 1.759807165303409132e-12 -1.531454975825554672e-12 0.000000000000000000e+00 2.058044254858064627e-05
2.127000000000000000e+03 4.106768687920162039e-13 1.797033068292274501e-12 -1.401637286949435897e-12 0.000000000000000000e+00 1.695609485255428621e-05
2.128000000000000000e+03 4.095784974135332501e-13 1.834258971281139870e-12 -1.271819598073316921e-12 0.000000000000000000e+00 3.002860025690629479e-05
2.129000000000000000e+03 4.084801260350502964e-13 1.871484874270005037e-12 -1.142001909197197944e-12 0.000000000000000000e+00 2.363788875487638259e-05
2.130000000000000000e+03 4.073817546565672922e-13 1.908710777258870608e-12 -1.012184220321078967e-12 0.000000000000000000e+00 3.076925859544629504e-05
2.131000000000000000e+03 4.062833832780843385e-13 1.945936680247735775e-12 -8.823665314449600912e-13 0.000000000000000000e+00 1.674335001862462774e-05
2.132000000000000000e+03 4.051850118996013848e-13 1.983162583236600942e-12 -7.525488425688412154e-13 0.000000000000000000e+00 2.536296988612938208e-05
2.133000000000000000e+03 4.040866405211184311e-13 2.020388486225466513e-12 -6.227311536927222387e-13 0.000000000000000000e+00 1.975454490642143825e-05
2.134000000000000000e+03 4.029882691426354774e-13 2.057614389214331681e-12 -4.929134648166032619e-13 0.000000000000000000e+00 2.408882412890773296e-05
2.135000000000000000e+03 4.008559491356351400e-13 2.085967396782434994e-12 -3.602896060507289870e-13 0.000000000000000000e+00 1.903049753683137100e-05
2.136000000000000000e+03 3.976896805001174190e-13 2.105447508929776454e-12 -2.248595773950989344e-13 0.000000000000000000e+00 3.022851937054152775e-05
2.137000000000000000e+03 3.945234118645996979e-13 2.124927621077117913e-12 -8.942954873946893222e-14 0.000000000000000000e+00 2.099289691178989943e-05
2.138000000000000000e+03 3.913571432290819769e-13 2.144407733224459373e-12 4.600047991616114567e-14 0.000000000000000000e+00 3.298252233516477583e-05
2.139000000000000000e+03 3.881908745935642558e-13 2.163887845371800832e-12 1.814305085717911226e-13 0.000000000000000000e+00 1.855197164202264780e-05
2.140000000000000000e+03 3.850246059580465853e-13 2.183367957519142292e-12 3.168605372274212005e-13 0.000000000000000000e+00 2.210233210899965656e-05
2.141000000000000000e+03 3.818583373225288642e-13 2.202848069666483751e-12 4.522905658830511774e-13 0.000000000000000000e+00 2.051347415041269035e-05
2.142000000000000000e+03 3.786920686870111431e-13 2.222328181813825211e-12 5.877205945386811543e-13 0.000000000000000000e+00 2.641406717547060485e-05
2.143000000000000000e+03 3.755258000514934221e-13 2.241808293961166671e-12 7.231506231943113332e-13 0.000000000000000000e+00 2.522899683303117169e-05
2.144000000000000000e+03 3.723595314159757010e-13 2.261288406108508130e-12 8.585806518499413101e-13 0.000000000000000000e+00 2.813662843792221795e-05
2.145000000000000000e+03 3.706957162451802559e-13 2.289858988768895787e-12 1.002595147264034305e-12 0.000000000000000000e+00 1.602217876322431956e-05
2.146000000000000000e+03 3.705343545391070868e-13 2.327520041942329640e-12 1.155194109436590723e-12 0.000000000000000000e+00 1.920523417867071758e-05
2.147000000000000000e+03 3.703729928330339176e-13 2.365181095115763898e-12 1.307793071609147140e-12 0.000000000000000000e+00 2.917831109599707120e-05
2.148000000000000000e+03 3.702116311269607485e-13 2.402842148289198155e-12 1.460392033781703558e-12 0.000000000000000000e+00 2.151203523563051783e-05
2.149000000000000000e+03 3.700502694208875793e-13 2.440503201462632008e-12 1.612990995954259773e-12 0.000000000000000000e+00 1.470310026508852034e-05
2.150000000000000000e+03 3.698889077148144102e-13 2.478164254636066266e-12 1.765589958126816191e-12 0.000000000000000000e+00 3.023757136597402963e-05
2.151000000000000000e+03 3.697275460087412410e-13 2.515825307809500119e-12 1.918188920299372608e-12 0.000000000000000000e+00 3.291187300260124351e-05
2.152000000000000000e+03 3.695661843026680719e-13 2.553486360982934376e-12 2.070787882471928824e-12 0.000000000000000000e+00 2.693832405745201361e-05
2.153000000000000000e+03 3.694048225965949028e-13 2.591147414156368230e-12 2.223386844644485444e-12 0.000000000000000000e+00 1.413000808415820916e-05
2.154000000000000000e+03 3.692434608905217336e-13 2.628808467329802487e-12 2.375985806817041659e-12 0.000000000000000000e+00 2.405482007897952060e-05
2.155000000000000000e+03 3.679419945966237343e-13 2.654893338086028906e-12 2.531450255871484927e-12 0.000000000000000000e+00 1.710742037400135303e-05
2.156000000000000000e+03 3.655004237149009049e-13 2.669402026425047486e-12 2.689780191807814441e-12 0.000000000000000000e+00 2.604115045666717193e-05
2.157000000000000000e+03 3.630588528331780755e-13 2.683910714764065663e-12 2.848110127744143954e-12 0.000000000000000000e+00 2.717317857907381262e-05
2.158000000000000000e+03 3.606172819514552461e-13 2.698419403103084243e-12 3.006440063680473468e-12 0.000000000000000000e+00 2.311725666194582574e-05
2.159000000000000000e+03 3.581757110697324167e-13 2.712928091442102823e-12 3.164769999616802981e-12 0.000000000000000000e+00 1.842358523762718873e-05
2.160000000000000000e+03 3.557341401880096377e-13 2.727436779781121000e-12 3.323099935553132898e-12 0.000000000000000000e+00 2.583044029130365516e-05
2.161000000000000000e+03 3.532925693062868083e-13 2.741945468120139580e-12 3.481429871489462008e-12 0.000000000000000000e+00 2.683681133569517985e-05
2.162000000000000000e+03 3.508509984245639789e-13 2.756454156459158160e-12 3.639759807425791925e-12 0.000000000000000000e+00 1.682114241765834175e-05
2.163000000000000000e+03 3.484094275428411495e-13 2.770962844798176741e-12 3.798089743362121035e-12 0.000000000000000000e+00 1.917749781352809052e-05
2.164000000000000000e+03 3.459678566611183201e-13 2.785471533137194917e-12 3.956419679298450952e-12 0.000000000000000000e+00 2.773856357031804186e-05
2.165000000000000000e+03 3.427829465107273229e-13 2.792462439459400425e-12 4.104223223016411095e-12 0.000000000000000000e+00 2.884507516208255403e-05
2.166000000000000000e+03 3.388546970916681074e-13 2.791935563764793265e-12 4.241500374516002271e-12 0.000000000000000000e+00 2.334253901279751135e-05
2.167000000000000000e+03 3.349264476726088918e-13 2.791408688070185701e-12 4.378777526015593447e-12 0.000000000000000000e+00 1.874236616922240280e-05
2.168000000000000000e+03 3.309981982535496763e-13 2.790881812375578137e-12 4.516054677515184623e-12 0.000000000000000000e+00 1.914023160841884469e-05
2.169000000000000000e+03 3.270699488344904608e-13 2.790354936680970976e-12 4.653331829014775798e-12 0.000000000000000000e+00 2.639503215150724988e-05
2.170000000000000000e+03 3.231416994154312958e-13 2.789828060986363412e-12 4.790608980514366974e-12 0.000000000000000000e+00 1.968497674081142739e-05
2.171000000000000000e+03 3.192134499963720803e-13 2.789301185291756252e-12 4.927886132013958150e-12 0.000000000000000000e+00 2.476974940650829098e-05
2.172000000000000000e+03 3.152852005773128647e-13 2.788774309597148688e-12 5.065163283513549326e-12 0.000000000000000000e+00 2.444656225379709532e-05
2.173000000000000000e+03 3.113569511582536492e-13 2.788247433902541124e-12 5.202440435013140502e-12 0.000000000000000000e+00 2.690365164920759323e-05
2.174000000000000000e+03 3.074287017391944337e-13 2.787720558207933963e-12 5.339717586512730870e-12 0.000000000000000000e+00 1.999507375228208386e-05
2.175000000000000000e+03 3.038401363156968549e-13 2.785636952643737990e-12 5.476604720262099899e-12 0.000000000000000000e+00 1.840377134654413218e-05
2.176000000000000000e+03 3.005912548877608119e-13 2.781996617209954012e-12 5.613101836261246782e-12 0.000000000000000000e+00 2.242854044442604765e-05
2.177000000000000000e+03 2.973423734598247688e-13 2.778356281776170033e-12 5.749598952260393664e-12 0.000000000000000000e+00 1.697777986444261973e-05
2.178000000000000000e+03 2.940934920318887762e-13 2.774715946342386055e-12 5.886096068259539738e-12 0.000000000000000000e+00 3.294521966537741731e-05
2.179000000000000000e+03 2.908446106039527332e-13 2.771075610908602077e-12 6.022593184258686621e-12 0.000000000000000000e+00 1.940765847007463804e-05
2.180000000000000000e+03 2.875957291760166901e-13 2.767435275474818098e-12 6.159090300257833503e-12 0.000000000000000000e+00 2.861617870656897762e-05
2.181000000000000000e+03 2.843468477480806471e-13 2.763794940041034120e-12 6.295587416256980386e-12 0.000000000000000000e+00 1.353802829469563868e-05
2.182000000000000000e+03 2.810979663201446545e-13 2.760154604607250142e-12 6.432084532256126460e-12 0.000000000000000000e+00 2.549963585330586457e-05
2.183000000000000000e+03 2.778490848922086115e-13 2.756514269173466163e-12 6.568581648255273342e-12 0.000000000000000000e+00 2.526718585969549001e-05
2.184000000000000000e+03 2.746002034642725684e-13 2.752873933739682185e-12 6.705078764254420225e-12 0.000000000000000000e+00 1.820384092080820526e-05
2.185000000000000000e+03 2.712754343367376168e-13 2.744174388457717344e-12 6.832179768553667937e-12 0.000000000000000000e+00 1.876048043638210754e-05
2.186000000000000000e+03 2.678747775096036557e-13 2.730415633327572448e-12 6.949884661153015671e-12 0.000000000000000000e+00 2.468889549133665315e-05
2.187000000000000000e+03 2.644741206824697450e-13 2.716656878197427552e-12 7.067589553752365021e-12 0.000000000000000000e+00 2.235549197256131749e-05
2.188000000000000000e+03 2.610734638553357838e-13 2.702898123067282656e-12 7.185294446351712755e-12 0.000000000000000000e+00 3.070373866387273088e-05
2.189000000000000000e+03 2.576728070282018227e-13 2.689139367937137760e-12 7.302999338951062105e-12 0.000000000000000000e+00 1.475975236066811555e-05
2.190000000000000000e+03 2.542721502010679120e-13 2.675380612806992460e-12 7.420704231550409839e-12 0.000000000000000000e+00 1.993247760400054954e-05
2.191000000000000000e+03 2.508714933739339509e-13 2.661621857676847564e-12 7.538409124149759189e-12 0.000000000000000000e+00 2.250698370229391895e-05
2.192000000000000000e+03 2.474708365467999898e-13 2.647863102546702668e-12 7.656114016749106923e-12 0.000000000000000000e+00 3.043077545301193457e-05
2.193000000000000000e+03 2.440701797196660791e-13 2.634104347416557772e-12 7.773818909348456273e-12 0.000000000000000000e+00 2.131771082064559572e-05
2.194000000000000000e+03 2.406695228925321179e-13 2.620345592286412876e-12 7.891523801947804007e-12 0.000000000000000000e+00 1.910772413519737394e-05
2.195000000000000000e+03 2.374149000986520382e-13 2.606058410132862529e-12 8.011817403107243183e-12 0.000000000000000000e+00 2.152628368485182096e-05
2.196000000000000000e+03 2.343063113380257894e-13 2.591242800955907540e-12 8.134699712826773801e-12 0.000000000000000000e+00 1.870996915884476347e-05
2.197000000000000000e+03 2.311977225773995911e-13 2.576427191778952551e-12 8.257582022546304420e-12 0.000000000000000000e+00 2.368923964475587224e-05
2.198000000000000000e+03 2.280891338167733424e-13 2.561611582601997157e-12 8.380464332265835038e-12 0.000000000000000000e+00 1.633827365762528265e-05
2.199000000000000000e+03 2.249805450561471188e-13 2.546795973425042168e-12 8.503346641985365656e-12 0.000000000000000000e+00 2.255556039060287250e-05
2.200000000000000000e+03 2.218719562955208700e-13 2.531980364248087179e-12 8.626228951704896274e-12 0.000000000000000000e+00 2.543722449178008194e-05
2.201000000000000000e+03 2.187633675348946465e-13 2.517164755071132189e-12 8.749111261424426893e-12 0.000000000000000000e+00 2.622803388346554588e-05
2.202000000000000000e+03 2.156547787742683977e-13 2.502349145894176796e-12 8.871993571143957511e-12 0.000000000000000000e+00 2.587857275669139460e-05
2.203000000000000000e+03 2.125461900136421742e-13 2.487533536717221807e-12 8.994875880863488129e-12 0.000000000000000000e+00 1.403697848824093378e-05
2.204000000000000000e+03 2.094376012530159506e-13 2.472717927540266817e-12 9.117758190583018748e-12 0.000000000000000000e+00 1.766330953371284652e-05
2.205000000000000000e+03 2.064861729443900648e-13 2.452571157198536228e-12 9.229500462699677347e-12 0.000000000000000000e+00 2.471659982936718787e-05
2.206000000000000000e+03 2.036919050877645673e-13 2.427093225692030443e-12 9.330102697213467160e-12 0.000000000000000000e+00 2.368979628389288446e-05
2.207000000000000000e+03 2.008976372311390445e-13 2.401615294185524657e-12 9.430704931727256973e-12 0.000000000000000000e+00 2.039443569691589146e-05
2.208000000000000000e+03 1.981033693745135218e-13 2.376137362679018871e-12 9.531307166241046785e-12 0.000000000000000000e+00 2.195528870314058617e-05
2.209000000000000000e+03 1.953091015178880242e-13 2.350659431172513086e-12 9.631909400754836598e-12 0.000000000000000000e+00 1.785936344187188013e-05
2.210000000000000000e+03 1.925148336612625015e-13 2.325181499666006897e-12 9.732511635268624795e-12 0.000000000000000000e+00 2.226206484971452452e-05
2.211000000000000000e+03 1.897205658046370039e-13 2.299703568159501111e-12 9.833113869782414608e-12 0.000000000000000000e+00 2.361164615923875705e-05
2.212000000000000000e+03 1.869262979480114812e-13 2.274225636652995325e-12 9.933716104296204420e-12 0.000000000000000000e+00 1.643130993316430327e-05
2.213000000000000000e+03 1.841320300913859836e-13 2.248747705146489540e-12 1.003431833880999423e-11 0.000000000000000000e+00 1.680192757197816400e-05
2.214000000000000000e+03 1.813377622347604609e-13 2.223269773639983754e-12 1.013492057332378405e-11 0.000000000000000000e+00 3.422717542696812083e-05
2.215000000000000000e+03 1.782957751631666438e-13 2.193441517880477535e-12 1.021919759796364304e-11 0.000000000000000000e+00 1.751621081480651910e-05
2.216000000000000000e+03 1.750060688766045578e-13 2.159262937867971285e-12 1.028714941272957444e-11 0.000000000000000000e+00 2.013532003650309309e-05
2.217000000000000000e+03 1.717163625900424465e-13 2.125084357855465035e-12 1.035510122749550583e-11 0.000000000000000000e+00 1.918583721157238395e-05
2.218000000000000000e+03 1.684266563034803605e-13 2.090905777842958785e-12 1.042305304226143562e-11 0.000000000000000000e+00 2.269009999617122963e-05
2.219000000000000000e+03 1.651369500169182492e-13 2.056727197830452535e-12 1.049100485702736702e-11 0.000000000000000000e+00 2.061309923462757902e-05
2.220000000000000000e+03 1.618472437303561631e-13 2.022548617817945882e-12 1.055895667179329680e-11 0.000000000000000000e+00 2.417146309915022025e-05
2.221000000000000000e+03 1.585575374437940519e-13 1.988370037805439632e-12 1.062690848655922820e-11 0.000000000000000000e+00 2.020925884019671195e-05
2.222000000000000000e+03 1.552678311572319658e-13 1.954191457792933382e-12 1.069486030132515798e-11 0.000000000000000000e+00 1.692808583733629066e-05
2.223000000000000000e+03 1.519781248706698545e-13 1.920012877780427132e-12 1.076281211609108938e-11 0.000000000000000000e+00 2.648959619328500762e-05
2.224000000000000000e+03 1.486884185841077685e-13 1.885834297767920882e-12 1.083076393085702078e-11 0.000000000000000000e+00 2.308491555463213320e-05
2.225000000000000000e+03 1.456963304809066644e-13 1.847163170534864707e-12 1.087093240851344685e-11 0.000000000000000000e+00 1.349686633412536465e-05
2.226000000000000000e+03 1.430018605610665423e-13 1.803999496081258810e-12 1.088331754906036757e-11 0.000000000000000000e+00 1.891528193154681797e-05
2.227000000000000000e+03 1.403073906412264454e-13 1.760835821627653114e-12 1.089570268960728830e-11 0.000000000000000000e+00 2.286602648251753484e-05
2.228000000000000000e+03 1.376129207213863485e-13 1.717672147174047216e-12 1.090808783015420902e-11 0.000000000000000000e+00 2.553313406100931753e-05
2.229000000000000000e+03 1.349184508015462263e-13 1.674508472720441520e-12 1.092047297070112975e-11 0.000000000000000000e+00 1.885839042664886063e-05
2.230000000000000000e+03 1.322239808817061294e-13 1.631344798266835623e-12 1.093285811124805048e-11 0.000000000000000000e+00 2.250723090384991394e-05
2.231000000000000000e+03 1.295295109618660073e-13 1.588181123813229927e-12 1.094524325179497120e-11 0.000000000000000000e+00 1.602108909802461378e-05
2.232000000000000000e+03 1.268350410420259104e-13 1.545017449359624029e-12 1.095762839234189193e-11 0.000000000000000000e+00 2.188983879122592639e-05
2.233000000000000000e+03 1.241405711221858135e-13 1.501853774906018333e-12 1.097001353288881266e-11 0.000000000000000000e+00 2.114228493652981698e-05
2.234000000000000000e+03 1.214461012023456913e-13 1.458690100452412436e-12 1.098239867343573338e-11 0.000000000000000000e+00 1.688373201266831947e-05
2.235000000000000000e+03 1.189314076518995408e-13 1.416377547636916513e-12 1.100165477533795216e-11 0.000000000000000000e+00 1.790472639845866338e-05
2.236000000000000000e+03 1.165964904708473114e-13 1.374916116459530162e-12 1.102778183859546899e-11 0.000000000000000000e+00 2.545910492992446816e-05
2.237000000000000000e+03 1.142615732897950820e-13 1.333454685282144013e-12 1.105390890185298582e-11 0.000000000000000000e+00 2.017281701292563558e-05
2.238000000000000000e+03 1.119266561087428525e-13 1.291993254104757864e-12 1.108003596511050103e-11 0.000000000000000000e+00 2.074938217685958392e-05
2.239000000000000000e+03 1.095917389276906357e-13 1.250531822927371513e-12 1.110616302836801786e-11 0.000000000000000000e+00 1.637659855152295854e-05
2.240000000000000000e+03 1.072568217466384063e-13 1.209070391749985364e-12 1.113229009162553469e-11 0.000000000000000000e+00 1.727034909913329415e-05
2.241000000000000000e+03 1.049219045655861895e-13 1.167608960572599012e-12 1.115841715488305152e-11 0.000000000000000000e+00 2.185424653405172274e-05
2.242000000000000000e+03 1.025869873845339601e-13 1.126147529395212863e-12 1.118454421814056674e-11 0.000000000000000000e+00 2.893790035516977428e-05
2.243000000000000000e+03 1.002520702034817307e-13 1.084686098217826512e-12 1.121067128139808357e-11 0.000000000000000000e+00 1.636326757434737584e-05
2.244000000000000000e+03 9.791715302242951391e-14 1.043224667040440363e-12 1.123679834465560040e-11 0.000000000000000000e+00 1.986155181385812498e-05
2.245000000000000000e+03 9.615178377822774188e-14 1.000657207609724481e-12 1.126540971899754854e-11 0.000000000000000000e+00 1.977218095952678191e-05
2.246000000000000000e+03 9.495596247087641462e-14 9.569837199256790683e-13 1.129650540442392960e-11 0.000000000000000000e+00 1.983274398083477612e-05
2.247000000000000000e+03 9.376014116352508735e-14 9.133102322416336555e-13 1.132760108985031066e-11 0.000000000000000000e+00 1.838378542846288587e-05
2.248000000000000000e+03 9.256431985617376009e-14 8.696367445575880406e-13 1.135869677527669173e-11 0.000000000000000000e+00 1.406642392705786483e-05
2.249000000000000000e+03 9.136849854882243282e-14 8.259632568735426278e-13 1.138979246070307279e-11 0.000000000000000000e+00 2.156407675589236148e-05
2.250000000000000000e+03 9.017267724147110556e-14 7.822897691894971139e-13 1.142088814612945547e-11 0.000000000000000000e+00 2.573138638713893340e-05
2.251000000000000000e+03 8.897685593411977829e-14 7.386162815054516001e-13 1.145198383155583653e-11 0.000000000000000000e+00 2.072268762190166119e-05
2.252000000000000000e+03 8.778103462676845103e-14 6.949427938214061872e-13 1.148307951698221759e-11 0.000000000000000000e+00 2.160925747776548035e-05
2.253000000000000000e+03 8.658521331941712376e-14 6.512693061373606734e-13 1.151417520240859866e-11 0.000000000000000000e+00 1.158193235244274461e-05
2.254000000000000000e+03 8.538939201206579650e-14 6.075958184533151596e-13 1.154527088783497972e-11 0.000000000000000000e+00 1.998609182337601195e-05
2.255000000000000000e+03 8.424826490226119163e-14 5.609665080764992922e-13 1.152523343737391930e-11 0.000000000000000000e+00 2.045827140441835497e-05
2.256000000000000000e+03 8.316183199000329654e-14 5.113813750069129702e-13 1.145406285102541739e-11 0.000000000000000000e+00 2.390856228030335093e-05
2.257000000000000000e+03 8.207539907774541407e-14 4.617962419373266483e-13 1.138289226467691387e-11 0.000000000000000000e+00 1.505026255739350371e-05
2.258000000000000000e+03 8.098896616548751898e-14 4.122111088677402759e-13 1.131172167832841196e-11 0.000000000000000000e+00 2.109369587911065144e-05
2.259000000000000000e+03 7.990253325322962389e-14 3.626259757981539539e-13 1.124055109197991005e-11 0.000000000000000000e+00 2.031903812684033144e-05
2.260000000000000000e+03 7.881610034097174142e-14 3.130408427285676320e-13 1.116938050563140653e-11 0.000000000000000000e+00 2.068883804434774976e-05
2.261000000000000000e+03 7.772966742871384633e-14 2.634557096589812596e-13 1.109820991928290462e-11 0.000000000000000000e+00 1.513232306181020698e-05
2.262000000000000000e+03 7.664323451645595124e-14 2.138705765893949376e-13 1.102703933293440272e-11 0.000000000000000000e+00 1.595202547461350997e-05
2.263000000000000000e+03 7.555680160419805614e-14 1.642854435198086157e-13 1.095586874658590081e-11 0.000000000000000000e+00 2.354812451676736558e-05
2.264000000000000000e+03 7.447036869194017368e-14 1.147003104502222937e-13 1.088469816023739729e-11 0.000000000000000000e+00 2.410596998282412394e-05
2.265000000000000000e+03 7.359648502001821501e-14 6.612331497541289958e-14 1.081273526219805113e-11 0.000000000000000000e+00 1.400752395767846970e-05
2.266000000000000000e+03 7.293515058843218016e-14 1.855445709538045843e-14 1.073998005246786233e-11 0.000000000000000000e+00 2.371107984689313592e-05
2.267000000000000000e+03 7.227381615684614530e-14 -2.901440078465200795e-14 1.066722484273767353e-11 0.000000000000000000e+00 1.310353405958977123e-05
2.268000000000000000e+03 7.161248172526011044e-14 -7.658325866468444910e-14 1.059446963300748474e-11 0.000000000000000000e+00 1.886744474909340951e-05
2.269000000000000000e+03 7.095114729367407558e-14 -1.241521165447169155e-13 1.052171442327729594e-11 0.000000000000000000e+00 2.009236185034884162e-05
2.270000000000000000e+03 7.028981286208805335e-14 -1.717209744247493566e-13 1.044895921354710553e-11 0.000000000000000000e+00 1.873755367176904000e-05
2.271000000000000000e+03 6.962847843050201849e-14 -2.192898323047818230e-13 1.037620400381691673e-11 0.000000000000000000e+00 1.970002494997221768e-05
2.272000000000000000e+03 6.896714399891598363e-14 -2.668586901848142894e-13 1.030344879408672794e-11 0.000000000000000000e+00 2.217518676280076794e-05
2.273000000000000000e+03 6.830580956732994878e-14 -3.144275480648467053e-13 1.023069358435653914e-11 0.000000000000000000e+00 1.680275396904742927e-05
2.274000000000000000e+03 6.764447513574391392e-14 -3.619964059448791717e-13 1.015793837462635034e-11 0.000000000000000000e+00 1.927340129017413495e-05
2.275000000000000000e+03 6.772082153757010759e-14 -4.069589071181571422e-13 1.007405515233282100e-11 0.000000000000000000e+00 1.368316582219360169e-05
2.276000000000000000e+03 6.853484877280851718e-14 -4.493150515846805158e-13 9.979043917475951114e-12 0.000000000000000000e+00 1.429964678757370966e-05
2.277000000000000000e+03 6.934887600804693938e-14 -4.916711960512038895e-13 9.884032682619081227e-12 0.000000000000000000e+00 2.674452281031289467e-05
2.278000000000000000e+03 7.016290324328534896e-14 -5.340273405177273136e-13 9.789021447762212955e-12 0.000000000000000000e+00 2.020341636686204560e-05
2.279000000000000000e+03 7.097693047852375855e-14 -5.763834849842506367e-13 9.694010212905343068e-12 0.000000000000000000e+00 1.284435387978870741e-05
2.280000000000000000e+03 7.179095771376218075e-14 -6.187396294507740608e-13 9.598998978048473180e-12 0.000000000000000000e+00 2.346730774433232396e-05
2.281000000000000000e+03 7.260498494900059034e-14 -6.610957739172973840e-13 9.503987743191603293e-12 0.000000000000000000e+00 1.800251823630856361e-05
2.282000000000000000e+03 7.341901218423899992e-14 -7.034519183838208081e-13 9.408976508334735021e-12 0.000000000000000000e+00 1.446247347069572970e-05
2.283000000000000000e+03 7.423303941947742212e-14 -7.458080628503442322e-13 9.313965273477865134e-12 0.000000000000000000e+00 1.815461554017183825e-05
2.284000000000000000e+03 7.504706665471583171e-14 -7.881642073168676563e-13 9.218954038620995247e-12 0.000000000000000000e+00 2.109514261445981655e-05
2.285000000000000000e+03 7.625409227639800286e-14 -8.364285495993787915e-13 9.150475523360661558e-12 0.000000000000000000e+00 1.927334461605385334e-05
2.286000000000000000e+03 7.785411628452393557e-14 -8.906010896978777388e-13 9.108529727696860835e-12 0.000000000000000000e+00 1.914728583632801045e-05
2.287000000000000000e+03 7.945414029264985566e-14 -9.447736297963767870e-13 9.066583932033060113e-12 0.000000000000000000e+00 1.691508152033668790e-05
2.288000000000000000e+03 8.105416430077578837e-14 -9.989461698948758353e-13 9.024638136369261006e-12 0.000000000000000000e+00 1.789878146813405287e-05
2.289000000000000000e+03 8.265418830890172108e-14 -1.053118709993374884e-12 8.982692340705460283e-12 0.000000000000000000e+00 7.921936175377542865e-06
2.290000000000000000e+03 8.425421231702764117e-14 -1.107291250091873730e-12 8.940746545041661176e-12 0.000000000000000000e+00 2.383720013827715563e-05
2.291000000000000000e+03 8.585423632515357389e-14 -1.161463790190372778e-12 8.898800749377860454e-12 0.000000000000000000e+00 2.347882918587801475e-05
2.292000000000000000e+03 8.745426033327950660e-14 -1.215636330288871826e-12 8.856854953714061347e-12 0.000000000000000000e+00 1.697896827733077441e-05
2.293000000000000000e+03 8.905428434140543931e-14 -1.269808870387370875e-12 8.814909158050260624e-12 0.000000000000000000e+00 1.764379417483140413e-05
2.294000000000000000e+03 9.065430834953135940e-14 -1.323981410485869923e-12 8.772963362386459902e-12 0.000000000000000000e+00 1.924053548128856815e-05
2.295000000000000000e+03 9.249803642123989411e-14 -1.365777066100413661e-12 8.661614767146243015e-12 0.000000000000000000e+00 1.818921941478508241e-05
2.296000000000000000e+03 9.458546855653104343e-14 -1.395195837231002695e-12 8.480863372329609964e-12 0.000000000000000000e+00 1.361311667225566977e-05
2.297000000000000000e+03 9.667290069182219275e-14 -1.424614608361591325e-12 8.300111977512975297e-12 0.000000000000000000e+00 1.786953840806121863e-05
2.298000000000000000e+03 9.876033282711332945e-14 -1.454033379492180360e-12 8.119360582696342246e-12 0.000000000000000000e+00 1.642345941686467720e-05
2.299000000000000000e+03 1.008477649624044788e-13 -1.483452150622768990e-12 7.938609187879707579e-12 0.000000000000000000e+00 2.297946073503041392e-05
2.300000000000000000e+03 1.029351970976956155e-13 -1.512870921753358024e-12 7.757857793063074528e-12 0.000000000000000000e+00 1.645932452675519630e-05
2.301000000000000000e+03 1.050226292329867648e-13 -1.542289692883946654e-12 7.577106398246439861e-12 0.000000000000000000e+00 1.563477663221412881e-05
2.302000000000000000e+03 1.071100613682779015e-13 -1.571708464014535688e-12 7.396355003429805194e-12 0.000000000000000000e+00 1.997506913855511833e-05
2.303000000000000000e+03 1.091974935035690508e-13 -1.601127235145124318e-12 7.215603608613172143e-12 0.000000000000000000e+00 1.551736144876902438e-05
2.304000000000000000e+03 1.112849256388602001e-13 -1.630546006275713353e-12 7.034852213796537476e-12 0.000000000000000000e+00 1.456813621775405488e-05
2.305000000000000000e+03 1.137531432912399144e-13 -1.663042081720939550e-12 6.875128461926999640e-12 0.000000000000000000e+00 2.160601496557703894e-05
2.306000000000000000e+03 1.166021464607082314e-13 -1.698615461480803314e-12 6.736432353004556211e-12 0.000000000000000000e+00 1.807670491900385974e-05
2.307000000000000000e+03 1.194511496301765483e-13 -1.734188841240667079e-12 6.597736244082112782e-12 0.000000000000000000e+00 1.417944056564466133e-05
2.308000000000000000e+03 1.223001527996448401e-13 -1.769762221000530843e-12 6.459040135159669353e-12 0.000000000000000000e+00 2.229411243041245689e-05
2.309000000000000000e+03 1.251491559691131571e-13 -1.805335600760394607e-12 6.320344026237225925e-12 0.000000000000000000e+00 1.390528531582636775e-05
2.310000000000000000e+03 1.279981591385814741e-13 -1.840908980520258372e-12 6.181647917314783304e-12 0.000000000000000000e+00 2.024000867675893633e-05
2.311000000000000000e+03 1.308471623080497911e-13 -1.876482360280122136e-12 6.042951808392339875e-12 0.000000000000000000e+00 1.089938059514225856e-05
2.312000000000000000e+03 1.336961654775180828e-13 -1.912055740039985901e-12 5.904255699469896446e-12 0.000000000000000000e+00 2.290832856696294536e-05
2.313000000000000000e+03 1.365451686469863998e-13 -1.947629119799849665e-12 5.765559590547453017e-12 0.000000000000000000e+00 1.571186232690935445e-05
2.314000000000000000e+03 1.393941718164547168e-13 -1.983202499559713429e-12 5.626863481625009588e-12 0.000000000000000000e+00 1.897560193617936462e-05
2.315000000000000000e+03 1.425391315929645561e-13 -2.010333119893271003e-12 5.473973460624560144e-12 0.000000000000000000e+00 1.545478010908500101e-05
2.316000000000000000e+03 1.459800479765159177e-13 -2.029020980800523195e-12 5.306889527546104685e-12 0.000000000000000000e+00 1.769138162211219393e-05
2.317000000000000000e+03 1.494209643600672794e-13 -2.047708841707775386e-12 5.139805594467648418e-12 0.000000000000000000e+00 1.501157859977239702e-05
2.318000000000000000e+03 1.528618807436186663e-13 -2.066396702615027577e-12 4.972721661389192959e-12 0.000000000000000000e+00 1.556852450485003827e-05
2.319000000000000000e+03 1.563027971271700279e-13 -2.085084563522279769e-12 4.805637728310736692e-12 0.000000000000000000e+00 2.127739837938436485e-05
2.320000000000000000e+03 1.597437135107213895e-13 -2.103772424429531556e-12 4.638553795232281232e-12 0.000000000000000000e+00 1.601503031993238121e-05
2.321000000000000000e+03 1.631846298942727512e-13 -2.122460285336783747e-12 4.471469862153824965e-12 0.000000000000000000e+00 1.959188126393125417e-05
2.322000000000000000e+03 1.666255462778241381e-13 -2.141148146244035939e-12 4.304385929075369506e-12 0.000000000000000000e+00 1.966951103936746430e-05
2.323000000000000000e+03 1.700664626613754997e-13 -2.159836007151288130e-12 4.137301995996913239e-12 0.000000000000000000e+00 1.040663719853726629e-05
2.324000000000000000e+03 1.735073790449268613e-13 -2.178523868058540321e-12 3.970218062918457780e-12 0.000000000000000000e+00 1.740610931808710316e-05
2.325000000000000000e+03 1.774552044143191767e-13 -2.195200828543030899e-12 3.807377156287054757e-12 0.000000000000000000e+00 1.049807836990700808e-05
2.326000000000000000e+03 1.819099387695524457e-13 -2.209866888604759459e-12 3.648779276102705785e-12 0.000000000000000000e+00 2.273056701173176402e-05
2.327000000000000000e+03 1.863646731247857148e-13 -2.224532948666488826e-12 3.490181395918356813e-12 0.000000000000000000e+00 1.994837577210816873e-05
2.328000000000000000e+03 1.908194074800189838e-13 -2.239199008728217386e-12 3.331583515734007437e-12 0.000000000000000000e+00 1.641023670757043887e-05
2.329000000000000000e+03 1.952741418352522529e-13 -2.253865068789946754e-12 3.172985635549658465e-12 0.000000000000000000e+00 1.338585326475425563e-05
2.330000000000000000e+03 1.997288761904855219e-13 -2.268531128851675314e-12 3.014387755365309090e-12 0.000000000000000000e+00 1.771302316696006784e-05
2.331000000000000000e+03 2.041836105457187909e-13 -2.283197188913404681e-12 2.855789875180960118e-12 0.000000000000000000e+00 1.783596575824953980e-05
2.332000000000000000e+03 2.086383449009520600e-13 -2.297863248975133241e-12 2.697191994996610742e-12 0.000000000000000000e+00 1.369835248399273839e-05
2.333000000000000000e+03 2.130930792561853290e-13 -2.312529309036862609e-12 2.538594114812261770e-12 0.000000000000000000e+00 1.649365914496740752e-05
2.334000000000000000e+03 2.175478136114185981e-13 -2.327195369098591168e-12 2.379996234627912395e-12 0.000000000000000000e+00 1.853900191904988320e-05
2.335000000000000000e+03 2.220651052389251407e-13 -2.338795086478165454e-12 2.216975243774476944e-12 0.000000000000000000e+00 1.829172995889393673e-05
2.336000000000000000e+03 2.266449541387050073e-13 -2.347328461175584659e-12 2.049531142251954611e-12 0.000000000000000000e+00 1.816298174556486822e-05
2.337000000000000000e+03 2.312248030384848487e-13 -2.355861835873003863e-12 1.882087040729432278e-12 0.000000000000000000e+00 9.879175006791056319e-06
2.338000000000000000e+03 2.358046519382647406e-13 -2.364395210570423068e-12 1.714642939206909945e-12 0.000000000000000000e+00 1.842454722997148968e-05
2.339000000000000000e+03 2.403845008380445820e-13 -2.372928585267842272e-12 1.547198837684387612e-12 0.000000000000000000e+00 1.405466829017817194e-05
2.340000000000000000e+03 2.449643497378244234e-13 -2.381461959965261881e-12 1.379754736161865279e-12 0.000000000000000000e+00 1.532133405082086367e-05
2.341000000000000000e+03 2.495441986376042648e-13 -2.389995334662681085e-12 1.212310634639343148e-12 0.000000000000000000e+00 2.257013264363283531e-05
2.342000000000000000e+03 2.541240475373841567e-13 -2.398528709360100290e-12 1.044866533116820815e-12 0.000000000000000000e+00 1.409928059745419227e-05
2.343000000000000000e+03 2.587038964371639981e-13 -2.407062084057519494e-12 8.774224315942984822e-13 0.000000000000000000e+00 1.379159168874056571e-05
2.344000000000000000e+03 2.632837453369438396e-13 -2.415595458754938699e-12 7.099783300717761492e-13 0.000000000000000000e+00 2.350452920389470583e-05
2.345000000000000000e+03 2.680364913110186167e-13 -2.414290731246816105e-12 5.491114285747615718e-13 0.000000000000000000e+00 1.052869254724267902e-05
2.346000000000000000e+03 2.729621343593882285e-13 -2.403147901533152117e-12 3.948217271032543459e-13 0.000000000000000000e+00 1.582692073746185338e-05
2.347000000000000000e+03 2.778877774077578908e-13 -2.392005071819487725e-12 2.405320256317471200e-13 0.000000000000000000e+00 1.059424440177081666e-05
2.348000000000000000e+03 2.828134204561275531e-13 -2.380862242105823737e-12 8.624232416023989416e-14 0.000000000000000000e+00 2.455523752364537285e-05
2.349000000000000000e+03 2.877390635044971649e-13 -2.369719412392159345e-12 -6.804737731126733171e-14 0.000000000000000000e+00 1.420969803111520308e-05
2.350000000000000000e+03 2.926647065528668272e-13 -2.358576582678495357e-12 -2.223370787827745576e-13 0.000000000000000000e+00 1.557917936127259706e-05
2.351000000000000000e+03 2.975903496012364390e-13 -2.347433752964830965e-12 -3.766267802542816825e-13 0.000000000000000000e+00 1.399362000532263208e-05
2.352000000000000000e+03 3.025159926496061013e-13 -2.336290923251166977e-12 -5.309164817257891103e-13 0.000000000000000000e+00 1.638516403937870922e-05
2.353000000000000000e+03 3.074416356979757131e-13 -2.325148093537502585e-12 -6.852061831972961342e-13 0.000000000000000000e+00 1.697657505162073331e-05
2.354000000000000000e+03 3.123672787463453754e-13 -2.314005263823838597e-12 -8.394958846688035620e-13 0.000000000000000000e+00 1.180240014422517816e-05
2.355000000000000000e+03 3.174518575730772443e-13 -2.301640186388516828e-12 -9.910702971610318326e-13 0.000000000000000000e+00 2.151764479500169788e-05
2.356000000000000000e+03 3.226953721781712692e-13 -2.288052861231537278e-12 -1.139929420673981148e-12 0.000000000000000000e+00 1.660019244571668085e-05
2.357000000000000000e+03 3.279388867832653447e-13 -2.274465536074558131e-12 -1.288788544186930463e-12 0.000000000000000000e+00 1.573240522798071247e-05
2.358000000000000000e+03 3.331824013883593696e-13 -2.260878210917578581e-12 -1.437647667699879779e-12 0.000000000000000000e+00 2.016943986343324363e-05
2.359000000000000000e+03 3.384259159934533946e-13 -2.247290885760599435e-12 -1.586506791212829296e-12 0.000000000000000000e+00 8.083781584966626916e-06
2.360000000000000000e+03 3.436694305985474701e-13 -2.233703560603619885e-12 -1.735365914725778611e-12 0.000000000000000000e+00 1.687110273122266292e-05
2.361000000000000000e+03 3.489129452036414950e-13 -2.220116235446640739e-12 -1.884225038238727926e-12 0.000000000000000000e+00 1.283381891414972710e-05
2.362000000000000000e+03 3.541564598087355200e-13 -2.206528910289661189e-12 -2.033084161751677444e-12 0.000000000000000000e+00 2.298984493028715330e-05
2.363000000000000000e+03 3.593999744138295954e-13 -2.192941585132682042e-12 -2.181943285264626961e-12 0.000000000000000000e+00 1.558891475798190093e-05
2.364000000000000000e+03 3.646434890189236204e-13 -2.179354259975702492e-12 -2.330802408777576074e-12 0.000000000000000000e+00 1.364484157793813276e-05
2.365000000000000000e+03 3.696123970230610358e-13 -2.158379117631412335e-12 -2.467193819610116875e-12 0.000000000000000000e+00 1.163264119645227002e-05
2.366000000000000000e+03 3.743066984262417911e-13 -2.130016158099811168e-12 -2.591117517762249364e-12 0.000000000000000000e+00 1.999932853232078307e-05
2.367000000000000000e+03 3.790009998294224959e-13 -2.101653198568210001e-12 -2.715041215914381853e-12 0.000000000000000000e+00 1.033430619135352657e-05
2.368000000000000000e+03 3.836953012326032513e-13 -2.073290239036609237e-12 -2.838964914066514341e-12 0.000000000000000000e+00 1.271663011797022904e-05
2.369000000000000000e+03 3.883896026357840066e-13 -2.044927279505008070e-12 -2.962888612218646830e-12 0.000000000000000000e+00 2.098422201625353052e-05
2.370000000000000000e+03 3.930839040389647114e-13 -2.016564319973406903e-12 -3.086812310370779319e-12 0.000000000000000000e+00 1.731300849303386383e-05
2.371000000000000000e+03 3.977782054421454668e-13 -1.988201360441805735e-12 -3.210736008522911807e-12 0.000000000000000000e+00 1.433897557759364482e-05
2.372000000000000000e+03 4.024725068453262221e-13 -1.959838400910204972e-12 -3.334659706675044296e-12 0.000000000000000000e+00 1.651056800254378893e-05
2.373000000000000000e+03 4.071668082485069774e-13 -1.931475441378603805e-12 -3.458583404827176381e-12 0.000000000000000000e+00 1.133756018074157444e-05
2.374000000000000000e+03 4.118611096516876823e-13 -1.903112481847002637e-12 -3.582507102979309273e-12 0.000000000000000000e+00 1.431421619575224624e-05
2.375000000000000000e+03 4.163891533476117731e-13 -1.871192937636207229e-12 -3.695301235703665545e-12 0.000000000000000000e+00 2.018815050062830756e-05
2.376000000000000000e+03 4.207509393362791994e-13 -1.835716808746217580e-12 -3.796965803000245196e-12 0.000000000000000000e+00 1.335604232055564673e-05
2.377000000000000000e+03 4.251127253249466258e-13 -1.800240679856227931e-12 -3.898630370296824847e-12 0.000000000000000000e+00 1.664571611918169223e-05
2.378000000000000000e+03 4.294745113136140521e-13 -1.764764550966238081e-12 -4.000294937593404499e-12 0.000000000000000000e+00 1.216210363672106141e-05
2.379000000000000000e+03 4.338362973022814784e-13 -1.729288422076248432e-12 -4.101959504889984150e-12 0.000000000000000000e+00 1.639546503191694014e-05
2.380000000000000000e+03 4.381980832909489048e-13 -1.693812293186258783e-12 -4.203624072186563801e-12 0.000000000000000000e+00 1.701524933733800668e-05
2.381000000000000000e+03 4.425598692796163816e-13 -1.658336164296269134e-12 -4.305288639483143452e-12 0.000000000000000000e+00 1.112446402747031676e-05
2.382000000000000000e+03 4.469216552682838079e-13 -1.622860035406279283e-12 -4.406953206779723103e-12 0.000000000000000000e+00 1.432003441731218408e-05
2.383000000000000000e+03 4.512834412569512343e-13 -1.587383906516289635e-12 -4.508617774076302754e-12 0.000000000000000000e+00 1.709633619585936682e-05
2.384000000000000000e+03 4.556452272456186101e-13 -1.551907777626299986e-12 -4.610282341372883213e-12 0.000000000000000000e+00 1.906754109998794205e-05
2.385000000000000000e+03 4.600084235274029049e-13 -1.513590904264636206e-12 -4.702374479188175025e-12 0.000000000000000000e+00 1.593159035564011626e-05
2.386000000000000000e+03 4.643730301023040681e-13 -1.472433286431298095e-12 -4.784894187522178997e-12 0.000000000000000000e+00 1.168482206926332288e-05
2.387000000000000000e+03 4.687376366772052313e-13 -1.431275668597959983e-12 -4.867413895856182970e-12 0.000000000000000000e+00 9.675550388688109428e-06
2.388000000000000000e+03 4.731022432521063944e-13 -1.390118050764622073e-12 -4.949933604190187751e-12 0.000000000000000000e+00 2.021240938729841995e-05
2.389000000000000000e+03 4.774668498270075576e-13 -1.348960432931283961e-12 -5.032453312524191723e-12 0.000000000000000000e+00 1.369745773753857324e-05
2.390000000000000000e+03 4.818314564019086198e-13 -1.307802815097945849e-12 -5.114973020858195696e-12 0.000000000000000000e+00 1.333135698434707322e-05
2.391000000000000000e+03 4.861960629768097830e-13 -1.266645197264607939e-12 -5.197492729192199669e-12 0.000000000000000000e+00 1.795668319211601426e-05
2.392000000000000000e+03 4.905606695517109462e-13 -1.225487579431269827e-12 -5.280012437526204449e-12 0.000000000000000000e+00 1.150790856562640375e-05
2.393000000000000000e+03 4.949252761266121094e-13 -1.184329961597931715e-12 -5.362532145860208422e-12 0.000000000000000000e+00 1.452429647901823963e-05
2.394000000000000000e+03 4.992898827015132726e-13 -1.143172343764593805e-12 -5.445051854194212394e-12 0.000000000000000000e+00 1.971511635631970747e-05
2.395000000000000000e+03 5.016424933041962967e-13 -1.097459629222275417e-12 -5.491058371552924828e-12 0.000000000000000000e+00 9.216806638847013615e-06
2.396000000000000000e+03 5.019831079346613836e-13 -1.047191817970976954e-12 -5.500551697936344916e-12 0.000000000000000000e+00 1.351160337061273653e-05
2.397000000000000000e+03 5.023237225651263696e-13 -9.969240067196784908e-13 -5.510045024319764195e-12 0.000000000000000000e+00 1.760035937148200259e-05
2.398000000000000000e+03 5.026643371955914565e-13 -9.466561954683800277e-13 -5.519538350703184283e-12 0.000000000000000000e+00 1.723737208040183652e-05
2.399000000000000000e+03 5.030049518260565434e-13 -8.963883842170815646e-13 -5.529031677086604370e-12 0.000000000000000000e+00 1.484475207259210519e-05
2.400000000000000000e+03 5.033455664565215294e-13 -8.461205729657831015e-13 -5.538525003470023649e-12 0.000000000000000000e+00 9.942130494942595987e-06
2.401000000000000000e+03 5.036861810869866163e-13 -7.958527617144846384e-13 -5.548018329853443737e-12 0.000000000000000000e+00 1.283637714996524026e-05
2.402000000000000000e+03 5.040267957174517032e-13 -7.455849504631861753e-13 -5.557511656236863824e-12 0.000000000000000000e+00 1.722841073027203378e-05
2.403000000000000000e+03 5.043674103479166892e-13 -6.953171392118877122e-13 -5.567004982620283104e-12 0.000000000000000000e+00 1.097968391481057663e-05
2.404000000000000000e+03 5.047080249783817761e-13 -6.450493279605892491e-13 -5.576498309003703191e-12 0.000000000000000000e+00 1.655985777908536641e-05
2.405000000000000000e+03 5.075726404020361889e-13 -5.969353252163072317e-13 -5.607587780432040019e-12 0.000000000000000000e+00 1.563496352570463310e-05
2.406000000000000000e+03 5.129612566188801294e-13 -5.509751309790417609e-13 -5.660273396905294394e-12 0.000000000000000000e+00 1.496738330575555672e-05
2.407000000000000000e+03 5.183498728357240700e-13 -5.050149367417761891e-13 -5.712959013378548770e-12 0.000000000000000000e+00 1.325260449762399104e-05
2.408000000000000000e+03 5.237384890525680105e-13 -4.590547425045107184e-13 -5.765644629851803146e-12 0.000000000000000000e+00 1.620383736884016838e-05
2.409000000000000000e+03 5.291271052694119511e-13 -4.130945482672451466e-13 -5.818330246325057522e-12 0.000000000000000000e+00 7.191566820096673796e-06
2.410000000000000000e+03 5.345157214862558916e-13 -3.671343540299796759e-13 -5.871015862798311897e-12 0.000000000000000000e+00 1.625622284975968064e-05
2.411000000000000000e+03 5.399043377030998322e-13 -3.211741597927141041e-13 -5.923701479271566273e-12 0.000000000000000000e+00 1.873200317244044913e-05
2.412000000000000000e+03 5.452929539199437727e-13 -2.752139655554486334e-13 -5.976387095744820649e-12 0.000000000000000000e+00 1.482092798063304798e-05
2.413000000000000000e+03 5.506815701367877133e-13 -2.292537713181830616e-13 -6.029072712218075024e-12 0.000000000000000000e+00 1.127990200294652507e-05
2.414000000000000000e+03 5.560701863536316538e-13 -1.832935770809175909e-13 -6.081758328691328592e-12 0.000000000000000000e+00 1.335440573770691882e-05
2.415000000000000000e+03 5.590749940247474696e-13 -1.356599293479733670e-13 -6.094488370336101742e-12 0.000000000000000000e+00 1.338319842064205926e-05
2.416000000000000000e+03 5.596959931501352616e-13 -8.635282811935056688e-14 -6.067262837152393666e-12 0.000000000000000000e+00 1.638406510754308293e-05
2.417000000000000000e+03 5.603169922755229526e-13 -3.704572689072774148e-14 -6.040037303968684782e-12 0.000000000000000000e+00 7.902146843397516690e-06
2.418000000000000000e+03 5.609379914009107446e-13 1.226137433789505868e-14 -6.012811770784975898e-12 0.000000000000000000e+00 1.452372573354027787e-05
2.419000000000000000e+03 5.615589905262985366e-13 6.156847556651788408e-14 -5.985586237601267822e-12 0.000000000000000000e+00 1.716791886309500736e-05
2.420000000000000000e+03 5.621799896516862276e-13 1.108755767951406842e-13 -5.958360704417558938e-12 0.000000000000000000e+00 1.742328549139306448e-05
2.421000000000000000e+03 5.628009887770740196e-13 1.601826780237635096e-13 -5.931135171233850862e-12 0.000000000000000000e+00 1.090358525565158991e-05
2.422000000000000000e+03 5.634219879024618116e-13 2.094897792523863351e-13 -5.903909638050141978e-12 0.000000000000000000e+00 1.573862260893445461e-05
2.423000000000000000e+03 5.640429870278495026e-13 2.587968804810090847e-13 -5.876684104866433094e-12 0.000000000000000000e+00 8.672052802939271494e-06
2.424000000000000000e+03 5.646639861532372946e-13 3.081039817096319606e-13 -5.849458571682725018e-12 0.000000000000000000e+00 1.661881559550244296e-05
2.425000000000000000e+03 5.645057200034763376e-13 3.553522979706741887e-13 -5.807537812945847584e-12 0.000000000000000000e+00 1.428767665127335164e-05
2.426000000000000000e+03 5.635681885785667325e-13 4.005418292641357690e-13 -5.750921828655802406e-12 0.000000000000000000e+00 1.319712657958026182e-05
2.427000000000000000e+03 5.626306571536571275e-13 4.457313605575973493e-13 -5.694305844365756420e-12 0.000000000000000000e+00 1.375846174868803153e-05
2.428000000000000000e+03 5.616931257287474215e-13 4.909208918510589800e-13 -5.637689860075710434e-12 0.000000000000000000e+00 1.031101459169545654e-05
2.429000000000000000e+03 5.607555943038378165e-13 5.361104231445205603e-13 -5.581073875785665256e-12 0.000000000000000000e+00 1.468368024369002367e-05
2.430000000000000000e+03 5.598180628789282114e-13 5.812999544379821406e-13 -5.524457891495619271e-12 0.000000000000000000e+00 1.449742941070063691e-05
2.431000000000000000e+03 5.588805314540186064e-13 6.264894857314437209e-13 -5.467841907205574093e-12 0.000000000000000000e+00 8.380108162961678213e-06
2.432000000000000000e+03 5.579430000291089004e-13 6.716790170249053012e-13 -5.411225922915528107e-12 0.000000000000000000e+00 1.512568665104972829e-05
2.433000000000000000e+03 5.570054686041992954e-13 7.168685483183668814e-13 -5.354609938625482121e-12 0.000000000000000000e+00 1.809046492318080318e-05
2.434000000000000000e+03 5.560679371792896903e-13 7.620580796118284617e-13 -5.297993954335436943e-12 0.000000000000000000e+00 1.218743222731534920e-05
2.435000000000000000e+03 5.559119358349829769e-13 8.074875606224088919e-13 -5.240895310360184461e-12 0.000000000000000000e+00 1.300796755884939370e-05
2.436000000000000000e+03 5.565374645712791550e-13 8.531569913501079702e-13 -5.183314006699723866e-12 0.000000000000000000e+00 1.067539861258088073e-05
2.437000000000000000e+03 5.571629933075754340e-13 8.988264220778072504e-13 -5.125732703039264887e-12 0.000000000000000000e+00 1.169159162507725069e-05
2.438000000000000000e+03 5.577885220438717131e-13 9.444958528055063286e-13 -5.068151399378804292e-12 0.000000000000000000e+00 1.649183705888474601e-05
2.439000000000000000e+03 5.584140507801678912e-13 9.901652835332056088e-13 -5.010570095718345312e-12 0.000000000000000000e+00 8.525532253417398299e-06
2.440000000000000000e+03 5.590395795164641703e-13 1.035834714260904687e-12 -4.952988792057884717e-12 0.000000000000000000e+00 1.670501039091109314e-05
2.441000000000000000e+03 5.596651082527603484e-13 1.081504144988603967e-12 -4.895407488397425738e-12 0.000000000000000000e+00 1.201156555902015559e-05
2.442000000000000000e+03 5.602906369890566275e-13 1.127173575716303046e-12 -4.837826184736965143e-12 0.000000000000000000e+00 1.711439020064190107e-05
2.443000000000000000e+03 5.609161657253529066e-13 1.172843006444002326e-12 -4.780244881076506163e-12 0.000000000000000000e+00 8.168143987021516531e-06
2.444000000000000000e+03 5.615416944616490847e-13 1.218512437171701404e-12 -4.722663577416045568e-12 0.000000000000000000e+00 1.354037394356749430e-05
2.445000000000000000e+03 5.604802721731309644e-13 1.255820748559330691e-12 -4.644071892075959817e-12 0.000000000000000000e+00 7.842490796965479439e-06
2.446000000000000000e+03 5.577318988597983439e-13 1.284767940606889783e-12 -4.544469825056246486e-12 0.000000000000000000e+00 1.436448959416619169e-05
2.447000000000000000e+03 5.549835255464657234e-13 1.313715132654448875e-12 -4.444867758036533963e-12 0.000000000000000000e+00 1.529042476607598184e-05
2.448000000000000000e+03 5.522351522331331029e-13 1.342662324702007968e-12 -4.345265691016821440e-12 0.000000000000000000e+00 1.325535894947219569e-05
2.449000000000000000e+03 5.494867789198004823e-13 1.371609516749567060e-12 -4.245663623997108109e-12 0.000000000000000000e+00 1.097565087368957100e-05
2.450000000000000000e+03 5.467384056064679628e-13 1.400556708797126152e-12 -4.146061556977395585e-12 0.000000000000000000e+00 9.045738474261361410e-06
2.451000000000000000e+03 5.439900322931353423e-13 1.429503900844685244e-12 -4.046459489957682254e-12 0.000000000000000000e+00 1.428789312178984124e-05
2.452000000000000000e+03 5.412416589798027217e-13 1.458451092892244336e-12 -3.946857422937969731e-12 0.000000000000000000e+00 1.575680491583829982e-05
2.453000000000000000e+03 5.384932856664701012e-13 1.487398284939803428e-12 -3.847255355918256400e-12 0.000000000000000000e+00 7.798402995312697156e-06
2.454000000000000000e+03 5.357449123531374807e-13 1.516345476987362722e-12 -3.747653288898543877e-12 0.000000000000000000e+00 1.372610539248307966e-05
2.455000000000000000e+03 5.342781451310982527e-13 1.550257450143798607e-12 -3.649197268852731631e-12 0.000000000000000000e+00 1.630366973362917064e-05
2.456000000000000000e+03 5.340929840003522153e-13 1.589134204409111687e-12 -3.551887295780820065e-12 0.000000000000000000e+00 1.024933373731976356e-05
2.457000000000000000e+03 5.339078228696062788e-13 1.628010958674424768e-12 -3.454577322708908096e-12 0.000000000000000000e+00 1.300064128880323493e-05
2.458000000000000000e+03 5.337226617388602414e-13 1.666887712939737646e-12 -3.357267349636996127e-12 0.000000000000000000e+00 1.112437757926769274e-05
2.459000000000000000e+03 5.335375006081143050e-13 1.705764467205050727e-12 -3.259957376565084561e-12 0.000000000000000000e+00 6.314665455727970206e-06
2.460000000000000000e+03 5.333523394773682675e-13 1.744641221470363807e-12 -3.162647403493172592e-12 0.000000000000000000e+00 1.472299200584916664e-05
2.461000000000000000e+03 5.331671783466223311e-13 1.783517975735676686e-12 -3.065337430421261026e-12 0.000000000000000000e+00 1.723366784647722630e-05
2.462000000000000000e+03 5.329820172158762937e-13 1.822394730000989968e-12 -2.968027457349349057e-12 0.000000000000000000e+00 9.535273504051291679e-06
2.463000000000000000e+03 5.327968560851303572e-13 1.861271484266302846e-12 -2.870717484277437492e-12 0.000000000000000000e+00 1.310874756815033154e-05
2.464000000000000000e+03 5.326116949543843198e-13 1.900148238531615725e-12 -2.773407511205525522e-12 0.000000000000000000e+00 9.744307960659750681e-06
2.465000000000000000e+03 5.305810455018930528e-13 1.924824885795399130e-12 -2.663979364924283168e-12 0.000000000000000000e+00 1.049614716695402546e-05
2.466000000000000000e+03 5.267049077276565563e-13 1.935301426057653465e-12 -2.542433045433710831e-12 0.000000000000000000e+00 1.163116169217796509e-05
2.467000000000000000e+03 5.228287699534199587e-13 1.945777966319906993e-12 -2.420886725943138495e-12 0.000000000000000000e+00 8.282340466712192426e-06
2.468000000000000000e+03 5.189526321791834622e-13 1.956254506582161328e-12 -2.299340406452566159e-12 0.000000000000000000e+00 1.368635588410588886e-05
2.469000000000000000e+03 5.150764944049469656e-13 1.966731046844414856e-12 -2.177794086961993419e-12 0.000000000000000000e+00 1.335275715282146513e-05
2.470000000000000000e+03 5.112003566307103681e-13 1.977207587106669191e-12 -2.056247767471421083e-12 0.000000000000000000e+00 1.349726546872660606e-05
2.471000000000000000e+03 5.073242188564738716e-13 1.987684127368922718e-12 -1.934701447980848747e-12 0.000000000000000000e+00 1.087211679726259154e-05
2.472000000000000000e+03 5.034480810822373750e-13 1.998160667631177054e-12 -1.813155128490276209e-12 0.000000000000000000e+00 9.069630587429184445e-06
2.473000000000000000e+03 4.995719433080007775e-13 2.008637207893430581e-12 -1.691608808999703873e-12 0.000000000000000000e+00 1.090994167053109400e-05
2.474000000000000000e+03 4.956958055337642809e-13 2.019113748155684916e-12 -1.570062489509131335e-12 0.000000000000000000e+00 1.179964236038252685e-05
2.475000000000000000e+03 4.922237096588073822e-13 2.031451620837318501e-12 -1.444113100487474504e-12 0.000000000000000000e+00 1.241854380095226011e-05
2.476000000000000000e+03 4.891556556831301823e-13 2.045650825938331739e-12 -1.313760641934733381e-12 0.000000000000000000e+00 1.139689957802805124e-05
2.477000000000000000e+03 4.860876017074530834e-13 2.059850031039344977e-12 -1.183408183381992258e-12 0.000000000000000000e+00 1.009819634298164322e-05
2.478000000000000000e+03 4.830195477317758834e-13 2.074049236140358216e-12 -1.053055724829251134e-12 0.000000000000000000e+00 1.188518093806161935e-05
2.479000000000000000e+03 4.799514937560986835e-13 2.088248441241371454e-12 -9.227032662765100113e-13 0.000000000000000000e+00 8.043640919356348712e-06
2.480000000000000000e+03 4.768834397804215846e-13 2.102447646342384692e-12 -7.923508077237688882e-13 0.000000000000000000e+00 1.177679782018767855e-05
2.481000000000000000e+03 4.738153858047443847e-13 2.116646851443397930e-12 -6.619983491710276641e-13 0.000000000000000000e+00 6.401690441411644880e-06
2.482000000000000000e+03 4.707473318290671848e-13 2.130846056544411168e-12 -5.316458906182866419e-13 0.000000000000000000e+00 1.757581496906771850e-05
2.483000000000000000e+03 4.676792778533900858e-13 2.145045261645424406e-12 -4.012934320655453168e-13 0.000000000000000000e+00 1.072610693626686393e-05
2.484000000000000000e+03 4.646112238777128859e-13 2.159244466746437644e-12 -2.709409735128041937e-13 0.000000000000000000e+00 9.148737221527310608e-06
2.485000000000000000e+03 4.608290453645104659e-13 2.162798343141418107e-12 -1.435313539280311886e-13 0.000000000000000000e+00 9.074679377803691711e-06
2.486000000000000000e+03 4.563327423137827248e-13 2.155706890830365391e-12 -1.906457331122615005e-14 0.000000000000000000e+00 1.047895399047872283e-05
2.487000000000000000e+03 4.518364392630550342e-13 2.148615438519312675e-12 1.054022073055789390e-13 0.000000000000000000e+00 1.070377608067966640e-05
2.488000000000000000e+03 4.473401362123272931e-13 2.141523986208259959e-12 2.298689879223839775e-13 0.000000000000000000e+00 1.125541809828452436e-05
2.489000000000000000e+03 4.428438331615996024e-13 2.134432533897207243e-12 3.543357685391890665e-13 0.000000000000000000e+00 1.156768038361411488e-05
2.490000000000000000e+03 4.383475301108719118e-13 2.127341081586154931e-12 4.788025491559941555e-13 0.000000000000000000e+00 8.834371787906117630e-06
2.491000000000000000e+03 4.338512270601442212e-13 2.120249629275102215e-12 6.032693297727991435e-13 0.000000000000000000e+00 1.206804581164964183e-05
2.492000000000000000e+03 4.293549240094164801e-13 2.113158176964049499e-12 7.277361103896042325e-13 0.000000000000000000e+00 1.168901305946983759e-05
2.493000000000000000e+03 4.248586209586887895e-13 2.106066724652996783e-12 8.522028910064093215e-13 0.000000000000000000e+00 6.738764881303913459e-06
2.494000000000000000e+03 4.203623179079610989e-13 2.098975272341944067e-12 9.766696716232144105e-13 0.000000000000000000e+00 1.038615445619035598e-05
2.495000000000000000e+03 4.163090273719512741e-13 2.087626648745613868e-12 1.095204991377388189e-12 0.000000000000000000e+00 5.607828424659630822e-06
2.496000000000000000e+03 4.126987493506594163e-13 2.072020853864005783e-12 1.207808850268930455e-12 0.000000000000000000e+00 1.711146895151395938e-05
2.497000000000000000e+03 4.090884713293675079e-13 2.056415058982397697e-12 1.320412709160472721e-12 0.000000000000000000e+00 9.469086070463409371e-06
2.498000000000000000e+03 4.054781933080756500e-13 2.040809264100790015e-12 1.433016568052014988e-12 0.000000000000000000e+00 8.712192465537302939e-06
2.499000000000000000e+03 4.018679152867837922e-13 2.025203469219181929e-12 1.545620426943557254e-12 0.000000000000000000e+00 9.593631836709293328e-06
2.500000000000000000e+03 3.982576372654918838e-13 2.009597674337573844e-12 1.658224285835099520e-12 0.000000000000000000e+00 1.011023557192616421e-05
2.501000000000000000e+03 3.946473592442000259e-13 1.993991879455965758e-12 1.770828144726641786e-12 0.000000000000000000e+00 7.887042544062081796e-06
2.502000000000000000e+03 3.910370812229081176e-13 1.978386084574358076e-12 1.883432003618184254e-12 0.000000000000000000e+00 1.003433050950621509e-05
2.503000000000000000e+03 3.874268032016162597e-13 1.962780289692749991e-12 1.996035862509726723e-12 0.000000000000000000e+00 9.053456938475275352e-06
2.504000000000000000e+03 3.838165251803244018e-13 1.947174494811141905e-12 2.108639721401268787e-12 0.000000000000000000e+00 1.119667582014390226e-05
2.505000000000000000e+03 3.805839082582310634e-13 1.932887384270015978e-12 2.229443570638440899e-12 0.000000000000000000e+00 1.064904113591683593e-05
2.506000000000000000e+03 3.777289524353363452e-13 1.919918958069372211e-12 2.358447410221243058e-12 0.000000000000000000e+00 8.691386723578170851e-06
2.507000000000000000e+03 3.748739966124416271e-13 1.906950531868728444e-12 2.487451249804045217e-12 0.000000000000000000e+00 7.857715736395542018e-06
2.508000000000000000e+03 3.720190407895469090e-13 1.893982105668084677e-12 2.616455089386847376e-12 0.000000000000000000e+00 8.602100308417427193e-06
2.509000000000000000e+03 3.691640849666521909e-13 1.881013679467440910e-12 2.745458928969649536e-12 0.000000000000000000e+00 8.239706067773281103e-06
2.510000000000000000e+03 3.663091291437574223e-13 1.868045253266797143e-12 2.874462768552451695e-12 0.000000000000000000e+00 1.145795970600947531e-05
2.511000000000000000e+03 3.634541733208627042e-13 1.855076827066153375e-12 3.003466608135253854e-12 0.000000000000000000e+00 1.077381611023184337e-05
2.512000000000000000e+03 3.605992174979679861e-13 1.842108400865509608e-12 3.132470447718056014e-12 0.000000000000000000e+00 7.855480583430068253e-06
2.513000000000000000e+03 3.577442616750732680e-13 1.829139974664865841e-12 3.261474287300858173e-12 0.000000000000000000e+00 9.719850010337222057e-06
2.514000000000000000e+03 3.548893058521785499e-13 1.816171548464221872e-12 3.390478126883660332e-12 0.000000000000000000e+00 8.617095741182088106e-06
2.515000000000000000e+03 3.515500152764702564e-13 1.789450596777763117e-12 3.491263809348198305e-12 0.000000000000000000e+00 6.459490699445503736e-06
2.516000000000000000e+03 3.477263899479483875e-13 1.748977119605489575e-12 3.563831334694472091e-12 0.000000000000000000e+00 9.710037387009792109e-06
2.517000000000000000e+03 3.439027646194265185e-13 1.708503642433215831e-12 3.636398860040745878e-12 0.000000000000000000e+00 6.173391526939646699e-06
2.518000000000000000e+03 3.400791392909046496e-13 1.668030165260942289e-12 3.708966385387019664e-12 0.000000000000000000e+00 1.305776235444259522e-05
2.519000000000000000e+03 3.362555139623827806e-13 1.627556688088668546e-12 3.781533910733293451e-12 0.000000000000000000e+00 8.245171320483829028e-06
2.520000000000000000e+03 3.324318886338609117e-13 1.587083210916395004e-12 3.854101436079567237e-12 0.000000000000000000e+00 7.843790764474939983e-06
2.521000000000000000e+03 3.286082633053390427e-13 1.546609733744121260e-12 3.926668961425841024e-12 0.000000000000000000e+00 7.342500746624619417e-06
2.522000000000000000e+03 3.247846379768171738e-13 1.506136256571847719e-12 3.999236486772114810e-12 0.000000000000000000e+00 8.991831148553150577e-06
2.523000000000000000e+03 3.209610126482953049e-13 1.465662779399573975e-12 4.071804012118388596e-12 0.000000000000000000e+00 5.710271324616357014e-06
2.524000000000000000e+03 3.171373873197734359e-13 1.425189302227300433e-12 4.144371537464662383e-12 0.000000000000000000e+00 1.182297176335418374e-05
2.525000000000000000e+03 3.144124352211721543e-13 1.388859076990086767e-12 4.233815302356626196e-12 0.000000000000000000e+00 8.310580461553262286e-06
2.526000000000000000e+03 3.127861563524914095e-13 1.356672103687932976e-12 4.340135306794280036e-12 0.000000000000000000e+00 6.058400302548828139e-06
2.527000000000000000e+03 3.111598774838106647e-13 1.324485130385779185e-12 4.446455311231933876e-12 0.000000000000000000e+00 1.145181813619545447e-05
2.528000000000000000e+03 3.095335986151299199e-13 1.292298157083625596e-12 4.552775315669586909e-12 0.000000000000000000e+00 7.186806091902916501e-06
2.529000000000000000e+03 3.079073197464491751e-13 1.260111183781471805e-12 4.659095320107240749e-12 0.000000000000000000e+00 5.297814989767377514e-06
2.530000000000000000e+03 3.062810408777684303e-13 1.227924210479318014e-12 4.765415324544893781e-12 0.000000000000000000e+00 8.474365558355433998e-06
2.531000000000000000e+03 3.046547620090876855e-13 1.195737237177164425e-12 4.871735328982547621e-12 0.000000000000000000e+00 6.352359153999350546e-06
2.532000000000000000e+03 3.030284831404069407e-13 1.163550263875010634e-12 4.978055333420200654e-12 0.000000000000000000e+00 1.149444121709643674e-05
2.533000000000000000e+03 3.014022042717261959e-13 1.131363290572856843e-12 5.084375337857854494e-12 0.000000000000000000e+00 9.267728267127692287e-06
2.534000000000000000e+03 2.997759254030454511e-13 1.099176317270703254e-12 5.190695342295508334e-12 0.000000000000000000e+00 5.008195411206701605e-06
2.535000000000000000e+03 2.979131836684452927e-13 1.059123734239633659e-12 5.270715921974567979e-12 0.000000000000000000e+00 6.938447060641805716e-06
2.536000000000000000e+03 2.958139790679257712e-13 1.011205541479648664e-12 5.324437076895035046e-12 0.000000000000000000e+00 8.733940742117586933e-06
2.537000000000000000e+03 2.937147744674062496e-13 9.632873487196634664e-13 5.378158231815502112e-12 0.000000000000000000e+00 6.411021988357837369e-06
2.538000000000000000e+03 2.916155698668866776e-13 9.153691559596782689e-13 5.431879386735968371e-12 0.000000000000000000e+00 7.056445168103400119e-06
2.539000000000000000e+03 2.895163652663671561e-13 8.674509631996932734e-13 5.485600541656435437e-12 0.000000000000000000e+00 9.368599679838317582e-06
2.540000000000000000e+03 2.874171606658476345e-13 8.195327704397080759e-13 5.539321696576902503e-12 0.000000000000000000e+00 8.078115512344436784e-06
2.541000000000000000e+03 2.853179560653281130e-13 7.716145776797230804e-13 5.593042851497369570e-12 0.000000000000000000e+00 7.200881189607153437e-06
2.542000000000000000e+03 2.832187514648085410e-13 7.236963849197378830e-13 5.646764006417835828e-12 0.000000000000000000e+00 6.808339575057776737e-06
2.543000000000000000e+03 2.811195468642890194e-13 6.757781921597527865e-13 5.700485161338302895e-12 0.000000000000000000e+00 6.167430520518271705e-06
2.544000000000000000e+03 2.790203422637694979e-13 6.278599993997676900e-13 5.754206316258769961e-12 0.000000000000000000e+00 5.911659336427623271e-06
2.545000000000000000e+03 2.779640816928663024e-13 5.781283108399613155e-13 5.795324632758258062e-12 0.000000000000000000e+00 6.043416551267836083e-06
2.546000000000000000e+03 2.779507651515795340e-13 5.265831264803337641e-13 5.823840110836768006e-12 0.000000000000000000e+00 1.095615896296132588e-05
2.547000000000000000e+03 2.779374486102927151e-13 4.750379421207062126e-13 5.852355588915277950e-12 0.000000000000000000e+00 6.594127210757243561e-06
2.548000000000000000e+03 2.779241320690059467e-13 4.234927577610787620e-13 5.880871066993787894e-12 0.000000000000000000e+00 6.052282030011248479e-06
2.549000000000000000e+03 2.779108155277191782e-13 3.719475734014512106e-13 5.909386545072297838e-12 0.000000000000000000e+00 8.137545710839037401e-06
2.550000000000000000e+03 2.778974989864323593e-13 3.204023890418236591e-13 5.937902023150807782e-12 0.000000000000000000e+00 7.423565366381204954e-06
2.551000000000000000e+03 2.778841824451455909e-13 2.688572046821961076e-13 5.966417501229317726e-12 0.000000000000000000e+00 2.285220209030423400e-06
2.552000000000000000e+03 2.778708659038588224e-13 2.173120203225686066e-13 5.994932979307827670e-12 0.000000000000000000e+00 8.251957285737802008e-06
2.553000000000000000e+03 2.778575493625720035e-13 1.657668359629410551e-13 6.023448457386337614e-12 0.000000000000000000e+00 7.311517330156985887e-06
2.554000000000000000e+03 2.778442328212852351e-13 1.142216516033135541e-13 6.051963935464847557e-12 0.000000000000000000e+00 8.878224047822121348e-06
2.555000000000000000e+03 2.775029190631184546e-13 6.235875368951643534e-14 6.089942461731472881e-12 0.000000000000000000e+00 7.043250655836293643e-06
2.556000000000000000e+03 2.768336080880717631e-13 1.017814222154966100e-14 6.137384036186212777e-12 0.000000000000000000e+00 5.067577930165475266e-06
2.557000000000000000e+03 2.761642971130250211e-13 -4.200246924641712597e-14 6.184825610640952673e-12 0.000000000000000000e+00 4.909816994502267253e-06
2.558000000000000000e+03 2.754949861379783295e-13 -9.418308071438391293e-14 6.232267185095692569e-12 0.000000000000000000e+00 7.055297147464946496e-06
2.559000000000000000e+03 2.748256751629315875e-13 -1.463636921823506747e-13 6.279708759550432465e-12 0.000000000000000000e+00 5.451190707384568060e-06
2.560000000000000000e+03 2.741563641878848960e-13 -1.985443036503174869e-13 6.327150334005172361e-12 0.000000000000000000e+00 9.002349128928886500e-06
2.561000000000000000e+03 2.734870532128381539e-13 -2.507249151182842486e-13 6.374591908459912257e-12 0.000000000000000000e+00 5.403329318912347074e-06
2.562000000000000000e+03 2.728177422377914624e-13 -3.029055265862510103e-13 6.422033482914652152e-12 0.000000000000000000e+00 4.882854596415132880e-06
2.563000000000000000e+03 2.721484312627447204e-13 -3.550861380542178225e-13 6.469475057369392048e-12 0.000000000000000000e+00 8.146158007241081523e-06
2.564000000000000000e+03 2.714791202876980288e-13 -4.072667495221845842e-13 6.516916631824131944e-12 0.000000000000000000e+00 4.960804666166463776e-06
2.565000000000000000e+03 2.718528475465702137e-13 -4.595128072018030986e-13 6.521863215696579374e-12 0.000000000000000000e+00 4.049182995187403879e-06
2.566000000000000000e+03 2.732696130393612749e-13 -5.118243110930732142e-13 6.484314808986734338e-12 0.000000000000000000e+00 6.909918544195392756e-06
2.567000000000000000e+03 2.746863785321523362e-13 -5.641358149843433298e-13 6.446766402276889302e-12 0.000000000000000000e+00 6.873127690690030059e-06
2.568000000000000000e+03 2.761031440249433974e-13 -6.164473188756134453e-13 6.409217995567044267e-12 0.000000000000000000e+00 8.468314048615986094e-06
2.569000000000000000e+03 2.775199095177344586e-13 -6.687588227668835609e-13 6.371669588857199231e-12 0.000000000000000000e+00 5.292750683245129957e-06
2.570000000000000000e+03 2.789366750105255199e-13 -7.210703266581536765e-13 6.334121182147354195e-12 0.000000000000000000e+00 3.862734814503858144e-06
2.571000000000000000e+03 2.803534405033165811e-13 -7.733818305494237921e-13 6.296572775437509159e-12 0.000000000000000000e+00 4.870639437920338798e-06
2.572000000000000000e+03 2.817702059961076424e-13 -8.256933344406939077e-13 6.259024368727664123e-12 0.000000000000000000e+00 6.666964276200709835e-06
2.573000000000000000e+03 2.831869714888987036e-13 -8.780048383319640232e-13 6.221475962017819087e-12 0.000000000000000000e+00 3.042189607797054148e-06
2.574000000000000000e+03 2.846037369816897649e-13 -9.303163422232341388e-13 6.183927555307974051e-12 0.000000000000000000e+00 9.329515359284844175e-06
2.575000000000000000e+03 2.868491835543979252e-13 -9.847919497856113875e-13 6.163938782443049696e-12 0.000000000000000000e+00 4.600340678489172740e-06
2.576000000000000000e+03 2.899233112070230837e-13 -1.041431661019095769e-12 6.161509643423046828e-12 0.000000000000000000e+00 6.390370457059713842e-06
2.577000000000000000e+03 2.929974388596482421e-13 -1.098071372252580151e-12 6.159080504403043153e-12 0.000000000000000000e+00 5.919493206962369988e-06
2.578000000000000000e+03 2.960715665122734510e-13 -1.154711083486064533e-12 6.156651365383040285e-12 0.000000000000000000e+00 4.491094286911517459e-06
2.579000000000000000e+03 2.991456941648986095e-13 -1.211350794719548914e-12 6.154222226363037418e-12 0.000000000000000000e+00 4.907024523525960773e-06
2.580000000000000000e+03 3.022198218175237679e-13 -1.267990505953033498e-12 6.151793087343033743e-12 0.000000000000000000e+00 4.453527896769035805e-06
2.581000000000000000e+03 3.052939494701489264e-13 -1.324630217186517880e-12 6.149363948323030875e-12 0.000000000000000000e+00 6.881886777813182036e-06
2.582000000000000000e+03 3.083680771227741353e-13 -1.381269928420002262e-12 6.146934809303028007e-12 0.000000000000000000e+00 5.450595439438570825e-06
2.583000000000000000e+03 3.114422047753992938e-13 -1.437909639653486643e-12 6.144505670283024332e-12 0.000000000000000000e+00 4.869438840531876327e-06
2.584000000000000000e+03 3.145163324280244522e-13 -1.494549350886971025e-12 6.142076531263021465e-12 0.000000000000000000e+00 4.072207396483240652e-06
2.585000000000000000e+03 3.181759168759588903e-13 -1.548489629093168949e-12 6.116089717217809961e-12 0.000000000000000000e+00 7.205019071188688326e-06
2.586000000000000000e+03 3.224209581192025071e-13 -1.599730474272080417e-12 6.066545228147389823e-12 0.000000000000000000e+00 4.043980558235696808e-06
2.587000000000000000e+03 3.266659993624461744e-13 -1.650971319450991884e-12 6.017000739076969684e-12 0.000000000000000000e+00 2.563638136462077397e-06
2.588000000000000000e+03 3.309110406056897912e-13 -1.702212164629903351e-12 5.967456250006548738e-12 0.000000000000000000e+00 7.513351689685692984e-06
2.589000000000000000e+03 3.351560818489334080e-13 -1.753453009808814818e-12 5.917911760936128599e-12 0.000000000000000000e+00 5.616338525056529927e-06
2.590000000000000000e+03 3.394011230921770753e-13 -1.804693854987726285e-12 5.868367271865708461e-12 0.000000000000000000e+00 5.769652399685494254e-06
2.591000000000000000e+03 3.436461643354206921e-13 -1.855934700166637752e-12 5.818822782795288322e-12 0.000000000000000000e+00 4.598980246088531941e-06
2.592000000000000000e+03 3.478912055786643089e-13 -1.907175545345549017e-12 5.769278293724867376e-12 0.000000000000000000e+00 2.516184068558671971e-06
2.593000000000000000e+03 3.521362468219079762e-13 -1.958416390524460686e-12 5.719733804654447237e-12 0.000000000000000000e+00 3.541838365726414458e-06
2.594000000000000000e+03 3.563812880651515930e-13 -2.009657235703371951e-12 5.670189315584027099e-12 0.000000000000000000e+00 5.369040183851724175e-06
2.595000000000000000e+03 3.607545033343890561e-13 -2.054489595928907664e-12 5.603975836204981036e-12 0.000000000000000000e+00 5.345535879826668715e-06
2.596000000000000000e+03 3.652558926296202646e-13 -2.092913471201067420e-12 5.521093366517309048e-12 0.000000000000000000e+00 6.918526230476640245e-06
2.597000000000000000e+03 3.697572819248514731e-13 -2.131337346473227176e-12 5.438210896829636253e-12 0.000000000000000000e+00 4.121447322786286679e-06
2.598000000000000000e+03 3.742586712200826817e-13 -2.169761221745387335e-12 5.355328427141964265e-12 0.000000000000000000e+00 3.772542600705984001e-06
2.599000000000000000e+03 3.787600605153138902e-13 -2.208185097017547091e-12 5.272445957454292278e-12 0.000000000000000000e+00 6.146021443364095491e-06
2.600000000000000000e+03 3.832614498105450987e-13 -2.246608972289706847e-12 5.189563487766619483e-12 0.000000000000000000e+00 4.099542010092864477e-06
2.601000000000000000e+03 3.877628391057763072e-13 -2.285032847561866603e-12 5.106681018078947495e-12 0.000000000000000000e+00 3.721379799950903063e-07
2.602000000000000000e+03 3.922642284010075157e-13 -2.323456722834026763e-12 5.023798548391275508e-12 0.000000000000000000e+00 6.955580603600283774e-06
2.603000000000000000e+03 3.967656176962387242e-13 -2.361880598106186519e-12 4.940916078703603520e-12 0.000000000000000000e+00 5.104024452053844127e-06
2.604000000000000000e+03 4.012670069914699328e-13 -2.400304473378346275e-12 4.858033609015930725e-12 0.000000000000000000e+00 5.242293291413436034e-06
2.605000000000000000e+03 4.064794599731269012e-13 -2.441396944315460475e-12 4.780844918098765980e-12 0.000000000000000000e+00 4.092739101435822242e-06
2.606000000000000000e+03 4.124029766412095789e-13 -2.485158010917529523e-12 4.709350005952107670e-12 0.000000000000000000e+00 2.490392226015229523e-06
2.607000000000000000e+03 4.183264933092922567e-13 -2.528919077519598167e-12 4.637855093805449359e-12 0.000000000000000000e+00 4.395532450700660009e-06
2.608000000000000000e+03 4.242500099773749345e-13 -2.572680144121667215e-12 4.566360181658791049e-12 0.000000000000000000e+00 4.191662687680501076e-06
2.609000000000000000e+03 4.301735266454576123e-13 -2.616441210723735859e-12 4.494865269512132739e-12 0.000000000000000000e+00 4.957415267830944159e-06
2.610000000000000000e+03 4.360970433135402901e-13 -2.660202277325804907e-12 4.423370357365474429e-12 0.000000000000000000e+00 5.189471539178203263e-06
2.611000000000000000e+03 4.420205599816229173e-13 -2.703963343927873552e-12 4.351875445218816118e-12 0.000000000000000000e+00 2.875919694837794294e-06
2.612000000000000000e+03 4.479440766497055951e-13 -2.747724410529942600e-12 4.280380533072157808e-12 0.000000000000000000e+00 4.273277227062282226e-06
2.613000000000000000e+03 4.538675933177882729e-13 -2.791485477132011244e-12 4.208885620925499498e-12 0.000000000000000000e+00 4.676914112204242099e-06
2.614000000000000000e+03 4.597911099858710012e-13 -2.835246543734080292e-12 4.137390708778841188e-12 0.000000000000000000e+00 2.274859838242236412e-06
2.615000000000000000e+03 4.661158468926328842e-13 -2.867446363251197717e-12 4.047496358699421933e-12 0.000000000000000000e+00 3.210398457437861839e-06
2.616000000000000000e+03 4.728418040380740735e-13 -2.888084935683364327e-12 3.939202570687240117e-12 0.000000000000000000e+00 5.940217642632596967e-06
2.617000000000000000e+03 4.795677611835152627e-13 -2.908723508115530938e-12 3.830908782675058302e-12 0.000000000000000000e+00 5.214323881416773997e-06
2.618000000000000000e+03 4.862937183289563510e-13 -2.929362080547697548e-12 3.722614994662876486e-12 0.000000000000000000e+00 4.436990669607436939e-06
2.619000000000000000e+03 4.930196754743975403e-13 -2.950000652979864159e-12 3.614321206650694671e-12 0.000000000000000000e+00 3.429398053613520120e-06
2.620000000000000000e+03 4.997456326198387295e-13 -2.970639225412030769e-12 3.506027418638513260e-12 0.000000000000000000e+00 1.322336316865593608e-06
2.621000000000000000e+03 5.064715897652799188e-13 -2.991277797844197379e-12 3.397733630626331444e-12 0.000000000000000000e+00 4.659533240428543093e-06
2.622000000000000000e+03 5.131975469107210070e-13 -3.011916370276363990e-12 3.289439842614149629e-12 0.000000000000000000e+00 3.328734482139898855e-06
2.623000000000000000e+03 5.199235040561621963e-13 -3.032554942708530600e-12 3.181146054601968217e-12 0.000000000000000000e+00 2.488081642351148576e-06
2.624000000000000000e+03 5.266494612016033856e-13 -3.053193515140697211e-12 3.072852266589786402e-12 0.000000000000000000e+00 5.168152035532746973e-06
2.625000000000000000e+03 5.350183935164669383e-13 -3.083022329349494237e-12 2.972857421327896909e-12 0.000000000000000000e+00 4.499569882348142286e-06
2.626000000000000000e+03 5.450303010007527536e-13 -3.122041385334922487e-12 2.881161518816298932e-12 0.000000000000000000e+00 3.863776484058986524e-06
2.627000000000000000e+03 5.550422084850385689e-13 -3.161060441320350333e-12 2.789465616304701762e-12 0.000000000000000000e+00 4.113174551375092840e-06
2.628000000000000000e+03 5.650541159693243843e-13 -3.200079497305778179e-12 2.697769713793103785e-12 0.000000000000000000e+00 2.755527057329143792e-06
2.629000000000000000e+03 5.750660234536101996e-13 -3.239098553291206428e-12 2.606073811281506615e-12 0.000000000000000000e+00 2.784414689305708801e-06
2.630000000000000000e+03 5.850779309378961158e-13 -3.278117609276634274e-12 2.514377908769908638e-12 0.000000000000000000e+00 4.420583702628412934e-06
2.631000000000000000e+03 5.950898384221819312e-13 -3.317136665262062524e-12 2.422682006258311468e-12 0.000000000000000000e+00 3.944573519146414380e-06
2.632000000000000000e+03 6.051017459064677465e-13 -3.356155721247490370e-12 2.330986103746713491e-12 0.000000000000000000e+00 3.346072112475419777e-06
2.633000000000000000e+03 6.151136533907535618e-13 -3.395174777232918216e-12 2.239290201235116321e-12 0.000000000000000000e+00 2.927278294338873474e-06
2.634000000000000000e+03 6.251255608750393771e-13 -3.434193833218346466e-12 2.147594298723518344e-12 0.000000000000000000e+00 3.404433757898881021e-06
2.635000000000000000e+03 6.326589367893384041e-13 -3.447859774142317187e-12 2.039800117037082748e-12 0.000000000000000000e+00 4.235514849143904453e-06
2.636000000000000000e+03 6.377137811336504407e-13 -3.436172600004830782e-12 1.915907656175808323e-12 0.000000000000000000e+00 2.662645548894020175e-06
2.637000000000000000e+03 6.427686254779624774e-13 -3.424485425867343974e-12 1.792015195314534100e-12 0.000000000000000000e+00 1.293968852452177637e-06
2.638000000000000000e+03 6.478234698222746151e-13 -3.412798251729857569e-12 1.668122734453259877e-12 0.000000000000000000e+00 6.621853900419507604e-06
2.639000000000000000e+03 6.528783141665866518e-13 -3.401111077592371165e-12 1.544230273591985452e-12 0.000000000000000000e+00 4.469573487304763741e-06
2.640000000000000000e+03 6.579331585108986885e-13 -3.389423903454884356e-12 1.420337812730711228e-12 0.000000000000000000e+00 1.941208940092051699e-06
2.641000000000000000e+03 6.629880028552107252e-13 -3.377736729317397952e-12 1.296445351869437005e-12 0.000000000000000000e+00 3.100978009413915139e-06
2.642000000000000000e+03 6.680428471995228629e-13 -3.366049555179911547e-12 1.172552891008162782e-12 0.000000000000000000e+00 1.106178491369281485e-06
2.643000000000000000e+03 6.730976915438348995e-13 -3.354362381042424739e-12 1.048660430146888357e-12 0.000000000000000000e+00 4.159197190377112725e-06
2.644000000000000000e+03 6.781525358881469362e-13 -3.342675206904938334e-12 9.247679692856141336e-13 0.000000000000000000e+00 3.000618129888319160e-06
2.645000000000000000e+03 6.857454393435078789e-13 -3.338639425390157498e-12 8.082967294791588102e-13 0.000000000000000000e+00 3.965280864371340097e-06
2.646000000000000000e+03 6.958764019099175256e-13 -3.342255036498082230e-12 6.992467107275219826e-13 0.000000000000000000e+00 4.534002887637715977e-06
2.647000000000000000e+03 7.060073644763272733e-13 -3.345870647606006962e-12 5.901966919758851550e-13 0.000000000000000000e+00 2.211769359938367308e-06
2.648000000000000000e+03 7.161383270427370209e-13 -3.349486258713931290e-12 4.811466732242483274e-13 0.000000000000000000e+00 4.498929568729499430e-06
2.649000000000000000e+03 7.262692896091466676e-13 -3.353101869821856022e-12 3.720966544726114998e-13 0.000000000000000000e+00 2.975439124583099988e-06
2.650000000000000000e+03 7.364002521755564153e-13 -3.356717480929780754e-12 2.630466357209746722e-13 0.000000000000000000e+00 2.079091295063503758e-06
2.651000000000000000e+03 7.465312147419660620e-13 -3.360333092037705486e-12 1.539966169693378446e-13 0.000000000000000000e+00 5.152064639314893317e-07
2.652000000000000000e+03 7.566621773083758097e-13 -3.363948703145630218e-12 4.494659821770101698e-14 0.000000000000000000e+00 6.316900348252388313e-06
2.653000000000000000e+03 7.667931398747854564e-13 -3.367564314253554546e-12 -6.410342053393591160e-14 0.000000000000000000e+00 2.782039288664899695e-06
2.654000000000000000e+03 7.769241024411952040e-13 -3.371179925361479278e-12 -1.731534392855725372e-13 0.000000000000000000e+00 3.215115088107469028e-06
2.655000000000000000e+03 7.864322796844373169e-13 -3.368151621248686314e-12 -2.834893574129411887e-13 0.000000000000000000e+00 2.665028306158642791e-06
2.656000000000000000e+03 7.953176716045117951e-13 -3.358479401915175655e-12 -3.951111749160415126e-13 0.000000000000000000e+00 1.617458580503859312e-06
2.657000000000000000e+03 8.042030635245862733e-13 -3.348807182581664592e-12 -5.067329924191418364e-13 0.000000000000000000e+00 3.362006863647029168e-06
2.658000000000000000e+03 8.130884554446607515e-13 -3.339134963248153933e-12 -6.183548099222421098e-13 0.000000000000000000e+00 3.658469917339948024e-06
2.659000000000000000e+03 8.219738473647352297e-13 -3.329462743914643274e-12 -7.299766274253425851e-13 0.000000000000000000e+00 3.209014479473423028e-06
2.660000000000000000e+03 8.308592392848097079e-13 -3.319790524581132211e-12 -8.415984449284428585e-13 0.000000000000000000e+00 2.887831215526350885e-06
2.661000000000000000e+03 8.397446312048840851e-13 -3.310118305247621551e-12 -9.532202624315431318e-13 0.000000000000000000e+00 3.029225307010502517e-06
2.662000000000000000e+03 8.486300231249585633e-13 -3.300446085914110892e-12 -1.064842079934643607e-12 0.000000000000000000e+00 2.772727598136065357e-06
2.663000000000000000e+03 8.575154150450330415e-13 -3.290773866580599829e-12 -1.176463897437743881e-12 0.000000000000000000e+00 3.007027706628339301e-06
2.664000000000000000e+03 8.664008069651075197e-13 -3.281101647247089170e-12 -1.288085714940844154e-12 0.000000000000000000e+00 1.174570231236114305e-06
2.665000000000000000e+03 8.745070780767932086e-13 -3.261679331952560390e-12 -1.393726044081358434e-12 0.000000000000000000e+00 2.181934950830866649e-06
2.666000000000000000e+03 8.818342283800901083e-13 -3.232506920697013489e-12 -1.493384884859286518e-12 0.000000000000000000e+00 5.656213914976017874e-06
2.667000000000000000e+03 8.891613786833870080e-13 -3.203334509441466589e-12 -1.593043725637214602e-12 0.000000000000000000e+00 3.563139977879583462e-06
2.668000000000000000e+03 8.964885289866839077e-13 -3.174162098185919688e-12 -1.692702566415142887e-12 0.000000000000000000e+00 2.483068176766673410e-06
2.669000000000000000e+03 9.038156792899808074e-13 -3.144989686930372787e-12 -1.792361407193070971e-12 0.000000000000000000e+00 2.500818458532065533e-06
2.670000000000000000e+03 9.111428295932777071e-13 -3.115817275674826290e-12 -1.892020247970999055e-12 0.000000000000000000e+00 1.419877468177403381e-06
2.671000000000000000e+03 9.184699798965746068e-13 -3.086644864419279390e-12 -1.991679088748927341e-12 0.000000000000000000e+00 2.669893675213403258e-06
2.672000000000000000e+03 9.257971301998715064e-13 -3.057472453163732489e-12 -2.091337929526855627e-12 0.000000000000000000e+00 2.309999050288770109e-06
2.673000000000000000e+03 9.331242805031684061e-13 -3.028300041908185588e-12 -2.190996770304783509e-12 0.000000000000000000e+00 2.202354029991519273e-06
2.674000000000000000e+03 9.404514308064653058e-13 -2.999127630652638688e-12 -2.290655611082711795e-12 0.000000000000000000e+00 4.894149779830510424e-06
2.675000000000000000e+03 9.484429969990473640e-13 -2.970036988966707561e-12 -2.389953857098345141e-12 0.000000000000000000e+00 2.231287854489529895e-06
2.676000000000000000e+03 9.570989790809145807e-13 -2.941028116850392208e-12 -2.488891508351683548e-12 0.000000000000000000e+00 2.871974986280017964e-06
2.677000000000000000e+03 9.657549611627819994e-13 -2.912019244734077260e-12 -2.587829159605022358e-12 0.000000000000000000e+00 2.786835000009922203e-06
2.678000000000000000e+03 9.744109432446492161e-13 -2.883010372617761907e-12 -2.686766810858360765e-12 0.000000000000000000e+00 1.398133244241167752e-06
2.679000000000000000e+03 9.830669253265166348e-13 -2.854001500501446554e-12 -2.785704462111699172e-12 0.000000000000000000e+00 3.525920083954890411e-06
2.680000000000000000e+03 9.917229074083838515e-13 -2.824992628385131606e-12 -2.884642113365037578e-12 0.000000000000000000e+00 2.967383688433719274e-06
2.681000000000000000e+03 1.000378889490251270e-12 -2.795983756268816253e-12 -2.983579764618375985e-12 0.000000000000000000e+00 1.747998920298868728e-06
2.682000000000000000e+03 1.009034871572118487e-12 -2.766974884152500901e-12 -3.082517415871714391e-12 0.000000000000000000e+00 3.437167676035652834e-06
2.683000000000000000e+03 1.017690853653985906e-12 -2.737966012036185952e-12 -3.181455067125052798e-12 0.000000000000000000e+00 1.859928146009439974e-06
2.684000000000000000e+03 1.026346835735853122e-12 -2.708957139919870599e-12 -3.280392718378391608e-12 0.000000000000000000e+00 2.629971132850156925e-06
2.685000000000000000e+03 1.033267496770712808e-12 -2.670098155356208779e-12 -3.364822978234028097e-12 0.000000000000000000e+00 2.380206162454549436e-06
2.686000000000000000e+03 1.038452836758564963e-12 -2.621389058345200490e-12 -3.434745846691963072e-12 0.000000000000000000e+00 1.988490898365444228e-06
2.687000000000000000e+03 1.043638176746417118e-12 -2.572679961334191797e-12 -3.504668715149898047e-12 0.000000000000000000e+00 2.218617356022982639e-06
2.688000000000000000e+03 1.048823516734269273e-12 -2.523970864323183508e-12 -3.574591583607833021e-12 0.000000000000000000e+00 5.543845166311470865e-06
2.689000000000000000e+03 1.054008856722121428e-12 -2.475261767312175219e-12 -3.644514452065767996e-12 0.000000000000000000e+00 2.897345399811017344e-06
2.690000000000000000e+03 1.059194196709973381e-12 -2.426552670301166527e-12 -3.714437320523702567e-12 0.000000000000000000e+00 5.826757964958612635e-07
2.691000000000000000e+03 1.064379536697825536e-12 -2.377843573290158238e-12 -3.784360188981637946e-12 0.000000000000000000e+00 2.005776396513824858e-06
2.692000000000000000e+03 1.069564876685677691e-12 -2.329134476279149949e-12 -3.854283057439572517e-12 0.000000000000000000e+00 1.556973327412602663e-06
2.693000000000000000e+03 1.074750216673529846e-12 -2.280425379268141256e-12 -3.924205925897507088e-12 0.000000000000000000e+00 2.346470784904109633e-06
2.694000000000000000e+03 1.079935556661382001e-12 -2.231716282257132968e-12 -3.994128794355442466e-12 0.000000000000000000e+00 3.999812652384301349e-06
2.695000000000000000e+03 1.084558813281902467e-12 -2.181952588404884989e-12 -4.056789712762221464e-12 0.000000000000000000e+00 1.794439312918554304e-06
2.696000000000000000e+03 1.088619986535091648e-12 -2.131134297711397723e-12 -4.112188681117845695e-12 0.000000000000000000e+00 3.076108108944278100e-06
2.697000000000000000e+03 1.092681159788280828e-12 -2.080316007017910054e-12 -4.167587649473469119e-12 0.000000000000000000e+00 3.020570737404200709e-06
2.698000000000000000e+03 1.096742333041469807e-12 -2.029497716324422385e-12 -4.222986617829093351e-12 0.000000000000000000e+00 2.343403851559041295e-06
2.699000000000000000e+03 1.100803506294658988e-12 -1.978679425630934716e-12 -4.278385586184717583e-12 0.000000000000000000e+00 2.600053069777606111e-06
2.700000000000000000e+03 1.104864679547848168e-12 -1.927861134937447450e-12 -4.333784554540341006e-12 0.000000000000000000e+00 9.763664507841264975e-07
2.701000000000000000e+03 1.108925852801037349e-12 -1.877042844243959781e-12 -4.389183522895965238e-12 0.000000000000000000e+00 2.449065800068037932e-06
2.702000000000000000e+03 1.112987026054226328e-12 -1.826224553550472516e-12 -4.444582491251589470e-12 0.000000000000000000e+00 3.796133196392391499e-06
2.703000000000000000e+03 1.117048199307415509e-12 -1.775406262856984847e-12 -4.499981459607212893e-12 0.000000000000000000e+00 1.387929038139306181e-06
2.704000000000000000e+03 1.121109372560604689e-12 -1.724587972163497178e-12 -4.555380427962837125e-12 0.000000000000000000e+00 2.531306208756184305e-06
2.705000000000000000e+03 1.126404747175818023e-12 -1.673478961362628537e-12 -4.610115686382962946e-12 0.000000000000000000e+00 1.578654162875598684e-06
2.706000000000000000e+03 1.132934323153055914e-12 -1.622079230454378722e-12 -4.664187234867591971e-12 0.000000000000000000e+00 2.944867310066570187e-06
2.707000000000000000e+03 1.139463899130293805e-12 -1.570679499546128706e-12 -4.718258783352220997e-12 0.000000000000000000e+00 1.818276623643446281e-06
2.708000000000000000e+03 1.145993475107531494e-12 -1.519279768637878892e-12 -4.772330331836849214e-12 0.000000000000000000e+00 3.681888470010107385e-06
2.709000000000000000e+03 1.152523051084769385e-12 -1.467880037729629077e-12 -4.826401880321478240e-12 0.000000000000000000e+00 1.769967048600864948e-06
2.710000000000000000e+03 1.159052627062007276e-12 -1.416480306821379061e-12 -4.880473428806107265e-12 0.000000000000000000e+00 2.912099777532609627e-06
2.711000000000000000e+03 1.165582203039245167e-12 -1.365080575913129246e-12 -4.934544977290736291e-12 0.000000000000000000e+00 7.805749063450368757e-07
2.712000000000000000e+03 1.172111779016482856e-12 -1.313680845004879432e-12 -4.988616525775364508e-12 0.000000000000000000e+00 2.283051547578584383e-06
2.713000000000000000e+03 1.178641354993720747e-12 -1.262281114096629416e-12 -5.042688074259993534e-12 0.000000000000000000e+00 1.846113335066637544e-06
2.714000000000000000e+03 1.185170930970958638e-12 -1.210881383188379399e-12 -5.096759622744622559e-12 0.000000000000000000e+00 1.371814364278685011e-06
2.715000000000000000e+03 1.189612559192409755e-12 -1.155611348693046688e-12 -5.135926702866780631e-12 0.000000000000000000e+00 3.365268798166369015e-06
2.716000000000000000e+03 1.191966239658074301e-12 -1.096471010610630675e-12 -5.160189314626469364e-12 0.000000000000000000e+00 3.118175547515076904e-06
2.717000000000000000e+03 1.194319920123738847e-12 -1.037330672528214864e-12 -5.184451926386158097e-12 0.000000000000000000e+00 2.229967013674044170e-06
2.718000000000000000e+03 1.196673600589403191e-12 -9.781903344457988514e-13 -5.208714538145846831e-12 0.000000000000000000e+00 2.732771397968626450e-06
2.719000000000000000e+03 1.199027281055067737e-12 -9.190499963633830406e-13 -5.232977149905535564e-12 0.000000000000000000e+00 1.966102084511200529e-06
2.720000000000000000e+03 1.201380961520732282e-12 -8.599096582809670278e-13 -5.257239761665224297e-12 0.000000000000000000e+00 8.594495616199949562e-07
2.721000000000000000e+03 1.203734641986396828e-12 -8.007693201985510150e-13 -5.281502373424913031e-12 0.000000000000000000e+00 1.336118348879710068e-06
2.722000000000000000e+03 1.206088322452061172e-12 -7.416289821161352042e-13 -5.305764985184601764e-12 0.000000000000000000e+00 2.655096437437632163e-06
2.723000000000000000e+03 1.208442002917725718e-12 -6.824886440337191914e-13 -5.330027596944290497e-12 0.000000000000000000e+00 1.590517254053670306e-06
2.724000000000000000e+03 1.210795683383390264e-12 -6.233483059513032796e-13 -5.354290208703979231e-12 0.000000000000000000e+00 3.713324824513987570e-06
2.725000000000000000e+03 1.212398216608112078e-12 -5.631554700133635973e-13 -5.369762622387929458e-12 0.000000000000000000e+00 2.085312624788678961e-06
2.726000000000000000e+03 1.213249602591890959e-12 -5.019101362199001444e-13 -5.376444837996141988e-12 0.000000000000000000e+00 2.055007640772426277e-06
2.727000000000000000e+03 1.214100988575669840e-12 -4.406648024264366915e-13 -5.383127053604354517e-12 0.000000000000000000e+00 1.780750867840441260e-06
2.728000000000000000e+03 1.214952374559448721e-12 -3.794194686329731882e-13 -5.389809269212567047e-12 0.000000000000000000e+00 1.570592466287412502e-06
2.729000000000000000e+03 1.215803760543227602e-12 -3.181741348395097353e-13 -5.396491484820779576e-12 0.000000000000000000e+00 2.814113886112250135e-06
2.730000000000000000e+03 1.216655146527006685e-12 -2.569288010460462319e-13 -5.403173700428992106e-12 0.000000000000000000e+00 2.776620181673356953e-06
2.731000000000000000e+03 1.217506532510785566e-12 -1.956834672525827790e-13 -5.409855916037204635e-12 0.000000000000000000e+00 5.273540468260632503e-07
2.732000000000000000e+03 1.218357918494564447e-12 -1.344381334591193261e-13 -5.416538131645417165e-12 0.000000000000000000e+00 2.637754143561900653e-06
2.733000000000000000e+03 1.219209304478343328e-12 -7.319279966565577229e-14 -5.423220347253629694e-12 0.000000000000000000e+00 1.502568967638599737e-06
2.734000000000000000e+03 1.220060690462122208e-12 -1.194746587219231941e-14 -5.429902562861842224e-12 0.000000000000000000e+00 1.329653990396431662e-06
2.735000000000000000e+03 1.217310729341413425e-12 4.516050395967946784e-14 -5.423719022177077814e-12 0.000000000000000000e+00 2.374542469799358640e-06
2.736000000000000000e+03 1.210959421116216977e-12 9.813110982995952634e-14 -5.404669725199337274e-12 0.000000000000000000e+00 1.422064743306632719e-06
2.737000000000000000e+03 1.204608112891020326e-12 1.511017157002395975e-13 -5.385620428221596734e-12 0.000000000000000000e+00 3.408900428522267336e-06
2.738000000000000000e+03 1.198256804665823676e-12 2.040723215705196686e-13 -5.366571131243855386e-12 0.000000000000000000e+00 2.915485209723554497e-06
2.739000000000000000e+03 1.191905496440627228e-12 2.570429274407997649e-13 -5.347521834266114846e-12 0.000000000000000000e+00 2.176680020592521781e-06
2.740000000000000000e+03 1.185554188215430578e-12 3.100135333110798108e-13 -5.328472537288373498e-12 0.000000000000000000e+00 8.656638971196603829e-07
2.741000000000000000e+03 1.179202879990234130e-12 3.629841391813598567e-13 -5.309423240310632958e-12 0.000000000000000000e+00 1.050107957003325741e-06
2.742000000000000000e+03 1.172851571765037479e-12 4.159547450516399531e-13 -5.290373943332891610e-12 0.000000000000000000e+00 1.119959907660299251e-06
2.743000000000000000e+03 1.166500263539840829e-12 4.689253509219199989e-13 -5.271324646355151070e-12 0.000000000000000000e+00 1.658792906728990435e-06
2.744000000000000000e+03 1.160148955314644381e-12 5.218959567922000448e-13 -5.252275349377410530e-12 0.000000000000000000e+00 3.606699988448852585e-06
2.745000000000000000e+03 1.157649070475277511e-12 5.748545634910078400e-13 -5.257846112968081672e-12 0.000000000000000000e+00 8.845182394345227666e-07
2.746000000000000000e+03 1.159000609021740420e-12 6.278011710183433846e-13 -5.288036937127166112e-12 0.000000000000000000e+00 3.058509885912120007e-06
2.747000000000000000e+03 1.160352147568203330e-12 6.807477785456788282e-13 -5.318227761286249745e-12 0.000000000000000000e+00 1.814461500201367946e-06
2.748000000000000000e+03 1.161703686114666239e-12 7.336943860730143727e-13 -5.348418585445333378e-12 0.000000000000000000e+00 1.390680903108013591e-06
2.749000000000000000e+03 1.163055224661129149e-12 7.866409936003499173e-13 -5.378609409604417818e-12 0.000000000000000000e+00 2.055506802628811380e-06
2.750000000000000000e+03 1.164406763207591856e-12 8.395876011276853608e-13 -5.408800233763501451e-12 0.000000000000000000e+00 5.449126844491995935e-07
2.751000000000000000e+03 1.165758301754054766e-12 8.925342086550209054e-13 -5.438991057922585891e-12 0.000000000000000000e+00 2.543974036298283458e-06
2.752000000000000000e+03 1.167109840300517676e-12 9.454808161823564500e-13 -5.469181882081669523e-12 0.000000000000000000e+00 1.865739961575975622e-06
2.753000000000000000e+03 1.168461378846980585e-12 9.984274237096918935e-13 -5.499372706240753156e-12 0.000000000000000000e+00 1.628117886214145815e-06
2.754000000000000000e+03 1.169812917393443495e-12 1.051374031237027539e-12 -5.529563530399837596e-12 0.000000000000000000e+00 1.693499884772349596e-06
2.755000000000000000e+03 1.168275798785055196e-12 1.098389675426627430e-12 -5.551677424285219173e-12 0.000000000000000000e+00 2.087560925796173867e-06
2.756000000000000000e+03 1.163850023021815486e-12 1.139474356278492173e-12 -5.565714387896898695e-12 0.000000000000000000e+00 1.070894875123750168e-06
2.757000000000000000e+03 1.159424247258575776e-12 1.180559037130356713e-12 -5.579751351508577408e-12 0.000000000000000000e+00 1.536942829345429871e-06
2.758000000000000000e+03 1.154998471495336067e-12 1.221643717982221254e-12 -5.593788315120256929e-12 0.000000000000000000e+00 3.304276734981863602e-06
2.759000000000000000e+03 1.150572695732096357e-12 1.262728398834085996e-12 -5.607825278731936451e-12 0.000000000000000000e+00 2.063572557688710108e-06
2.760000000000000000e+03 1.146146919968856647e-12 1.303813079685950536e-12 -5.621862242343615164e-12 0.000000000000000000e+00 1.173824486349143995e-06
2.761000000000000000e+03 1.141721144205616938e-12 1.344897760537815279e-12 -5.635899205955294686e-12 0.000000000000000000e+00 9.958007929437503166e-07
2.762000000000000000e+03 1.137295368442377228e-12 1.385982441389679819e-12 -5.649936169566974207e-12 0.000000000000000000e+00 6.665801759533475234e-07
2.763000000000000000e+03 1.132869592679137519e-12 1.427067122241544360e-12 -5.663973133178652920e-12 0.000000000000000000e+00 1.937619060642252555e-06
2.764000000000000000e+03 1.128443816915897809e-12 1.468151803093409102e-12 -5.678010096790332442e-12 0.000000000000000000e+00 1.322381352110645526e-06
2.765000000000000000e+03 1.121792894030094002e-12 1.503431105199207607e-12 -5.682639123239494708e-12 0.000000000000000000e+00 2.149883872764589849e-06
2.766000000000000000e+03 1.112916824021725895e-12 1.532905028558939874e-12 -5.677860212526139719e-12 0.000000000000000000e+00 2.764944767092566158e-06
2.767000000000000000e+03 1.104040754013357788e-12 1.562378951918672141e-12 -5.673081301812784729e-12 0.000000000000000000e+00 1.114938304408739499e-06
2.768000000000000000e+03 1.095164684004989681e-12 1.591852875278404610e-12 -5.668302391099429740e-12 0.000000000000000000e+00 2.657743058745186238e-06
2.769000000000000000e+03 1.086288613996621574e-12 1.621326798638136877e-12 -5.663523480386074751e-12 0.000000000000000000e+00 1.498461489502184540e-06
2.770000000000000000e+03 1.077412543988253265e-12 1.650800721997869144e-12 -5.658744569672718954e-12 0.000000000000000000e+00 -2.466960588466956159e-07
2.771000000000000000e+03 1.068536473979885158e-12 1.680274645357601411e-12 -5.653965658959363965e-12 0.000000000000000000e+00 9.758270361376873945e-07
2.772000000000000000e+03 1.059660403971517051e-12 1.709748568717333880e-12 -5.649186748246008976e-12 0.000000000000000000e+00 2.283005775459586822e-06
2.773000000000000000e+03 1.050784333963148944e-12 1.739222492077066147e-12 -5.644407837532653986e-12 0.000000000000000000e+00 1.397019418094896124e-06
2.774000000000000000e+03 1.041908263954780837e-12 1.768696415436798414e-12 -5.639628926819298997e-12 0.000000000000000000e+00 2.496588114677677846e-06
2.775000000000000000e+03 1.034907957552236650e-12 1.796089201174181886e-12 -5.651931686688538540e-12 0.000000000000000000e+00 9.469120138913326082e-07
2.776000000000000000e+03 1.029783414755516584e-12 1.821400849289216362e-12 -5.681316117140373424e-12 0.000000000000000000e+00 1.229298975034748061e-06
2.777000000000000000e+03 1.024658871958796519e-12 1.846712497404251241e-12 -5.710700547592207499e-12 0.000000000000000000e+00 1.889755081590962075e-06
2.778000000000000000e+03 1.019534329162076252e-12 1.872024145519285716e-12 -5.740084978044042383e-12 0.000000000000000000e+00 1.138275419713009523e-06
2.779000000000000000e+03 1.014409786365356187e-12 1.897335793634320192e-12 -5.769469408495876458e-12 0.000000000000000000e+00 2.807443338896833704e-06
2.780000000000000000e+03 1.009285243568635920e-12 1.922647441749354667e-12 -5.798853838947711342e-12 0.000000000000000000e+00 9.883705377528885088e-07
2.781000000000000000e+03 1.004160700771915855e-12 1.947959089864389546e-12 -5.828238269399545417e-12 0.000000000000000000e+00 -7.106712934576779764e-09
2.782000000000000000e+03 9.990361579751955875e-13 1.973270737979424021e-12 -5.857622699851380301e-12 0.000000000000000000e+00 2.447990516913761790e-06
2.783000000000000000e+03 9.939116151784755223e-13 1.998582386094458497e-12 -5.887007130303214376e-12 0.000000000000000000e+00 1.229827087082300120e-08
2.784000000000000000e+03 9.887870723817554571e-13 2.023894034209492972e-12 -5.916391560755049260e-12 0.000000000000000000e+00 1.323330044753141707e-06
2.785000000000000000e+03 9.805473067002172389e-13 2.039754906584257579e-12 -5.927928212443701578e-12 0.000000000000000000e+00 1.385768786588204657e-06
2.786000000000000000e+03 9.691923181338608677e-13 2.046165003218751913e-12 -5.921617085369172948e-12 0.000000000000000000e+00 3.017706971249787381e-06
2.787000000000000000e+03 9.578373295675044965e-13 2.052575099853246247e-12 -5.915305958294644317e-12 0.000000000000000000e+00 1.226178205547647497e-06
2.788000000000000000e+03 9.464823410011483273e-13 2.058985196487740582e-12 -5.908994831220114879e-12 0.000000000000000000e+00 2.152362571102852452e-06
2.789000000000000000e+03 9.351273524347919561e-13 2.065395293122234916e-12 -5.902683704145586248e-12 0.000000000000000000e+00 9.227108786572719878e-07
2.790000000000000000e+03 9.237723638684355849e-13 2.071805389756728846e-12 -5.896372577071056810e-12 0.000000000000000000e+00 6.663462074925879736e-07
2.791000000000000000e+03 9.124173753020792137e-13 2.078215486391223180e-12 -5.890061449996528179e-12 0.000000000000000000e+00 9.628237522489276240e-07
2.792000000000000000e+03 9.010623867357230445e-13 2.084625583025717515e-12 -5.883750322921998741e-12 0.000000000000000000e+00 2.456077030432107168e-07
2.793000000000000000e+03 8.897073981693666733e-13 2.091035679660211849e-12 -5.877439195847470110e-12 0.000000000000000000e+00 1.746472638302437966e-06
2.794000000000000000e+03 8.783524096030104031e-13 2.097445776294706183e-12 -5.871128068772941480e-12 0.000000000000000000e+00 2.173593187605836706e-06
2.795000000000000000e+03 8.700503716660528101e-13 2.110310100306803408e-12 -5.873319689614658641e-12 0.000000000000000000e+00 9.323186600923817373e-07
2.796000000000000000e+03 8.648012843584939955e-13 2.129628651696503121e-12 -5.884014058372621592e-12 0.000000000000000000e+00 2.368586897272211272e-06
2.797000000000000000e+03 8.595521970509350798e-13 2.148947203086202834e-12 -5.894708427130584544e-12 0.000000000000000000e+00 7.157729771043624090e-07
2.798000000000000000e+03 8.543031097433762652e-13 2.168265754475902950e-12 -5.905402795888548304e-12 0.000000000000000000e+00 1.155934396143415026e-06
2.799000000000000000e+03 8.490540224358174505e-13 2.187584305865602663e-12 -5.916097164646511255e-12 0.000000000000000000e+00 1.337885860270217369e-06
2.800000000000000000e+03 8.438049351282586358e-13 2.206902857255302780e-12 -5.926791533404475015e-12 0.000000000000000000e+00 1.324553659472834461e-06
2.801000000000000000e+03 8.385558478206998212e-13 2.226221408645002492e-12 -5.937485902162437967e-12 0.000000000000000000e+00 8.474011508892636480e-07
2.802000000000000000e+03 8.333067605131410065e-13 2.245539960034702609e-12 -5.948180270920401726e-12 0.000000000000000000e+00 1.676751474213857531e-06
2.803000000000000000e+03 8.280576732055820909e-13 2.264858511424402321e-12 -5.958874639678364678e-12 0.000000000000000000e+00 -3.097024094528705104e-08
2.804000000000000000e+03 8.228085858980232762e-13 2.284177062814102034e-12 -5.969569008436327630e-12 0.000000000000000000e+00 2.569195476716597501e-06
2.805000000000000000e+03 8.138620951309044473e-13 2.288926557995404259e-12 -5.953184610559866171e-12 0.000000000000000000e+00 4.687100279100038762e-07
2.806000000000000000e+03 8.012182009042255031e-13 2.279106996968308995e-12 -5.909721446048980301e-12 0.000000000000000000e+00 2.392673669039921793e-07
2.807000000000000000e+03 7.885743066775465589e-13 2.269287435941213731e-12 -5.866258281538093622e-12 0.000000000000000000e+00 2.278586144843523490e-06
2.808000000000000000e+03 7.759304124508676148e-13 2.259467874914118467e-12 -5.822795117027206944e-12 0.000000000000000000e+00 2.178179368846632166e-06
2.809000000000000000e+03 7.632865182241886706e-13 2.249648313887023203e-12 -5.779331952516321074e-12 0.000000000000000000e+00 1.144254898487552454e-06
2.810000000000000000e+03 7.506426239975098274e-13 2.239828752859927939e-12 -5.735868788005434396e-12 0.000000000000000000e+00 1.050891082358009926e-06
2.811000000000000000e+03 7.379987297708308832e-13 2.230009191832832676e-12 -5.692405623494548526e-12 0.000000000000000000e+00 -2.641633510302774943e-07
2.812000000000000000e+03 7.253548355441519390e-13 2.220189630805737412e-12 -5.648942458983661848e-12 0.000000000000000000e+00 3.080975178387526761e-07
2.813000000000000000e+03 7.127109413174729949e-13 2.210370069778642148e-12 -5.605479294472775170e-12 0.000000000000000000e+00 1.325683451290843236e-06
2.814000000000000000e+03 7.000670470907940507e-13 2.200550508751546884e-12 -5.562016129961889299e-12 0.000000000000000000e+00 2.275777821840649493e-06
2.815000000000000000e+03 6.889828792187264423e-13 2.192642250685119129e-12 -5.520389574049231237e-12 0.000000000000000000e+00 8.118925607005829838e-07
2.816000000000000000e+03 6.794584377012700688e-13 2.186645295579359288e-12 -5.480599626734802599e-12 0.000000000000000000e+00 1.535849889649906357e-06
2.817000000000000000e+03 6.699339961838136952e-13 2.180648340473599446e-12 -5.440809679420373960e-12 0.000000000000000000e+00 1.020791642950341530e-06
2.818000000000000000e+03 6.604095546663573216e-13 2.174651385367839605e-12 -5.401019732105944514e-12 0.000000000000000000e+00 1.951578648542255804e-06
2.819000000000000000e+03 6.508851131489009481e-13 2.168654430262079763e-12 -5.361229784791515876e-12 0.000000000000000000e+00 8.065476540652188826e-07
2.820000000000000000e+03 6.413606716314444736e-13 2.162657475156319518e-12 -5.321439837477087237e-12 0.000000000000000000e+00 -5.595764399133151664e-07
2.821000000000000000e+03 6.318362301139881000e-13 2.156660520050559677e-12 -5.281649890162658599e-12 0.000000000000000000e+00 9.273463915133759094e-07
2.822000000000000000e+03 6.223117885965317264e-13 2.150663564944799835e-12 -5.241859942848229153e-12 0.000000000000000000e+00 2.390986249731044540e-06
2.823000000000000000e+03 6.127873470790753529e-13 2.144666609839039994e-12 -5.202069995533800514e-12 0.000000000000000000e+00 7.077634021158459817e-07
2.824000000000000000e+03 6.032629055616189793e-13 2.138669654733280152e-12 -5.162280048219371876e-12 0.000000000000000000e+00 8.318282397562934534e-07
2.825000000000000000e+03 5.939371014282260134e-13 2.128173438686195349e-12 -5.124332447671238621e-12 0.000000000000000000e+00 1.198632857326361074e-06
2.826000000000000000e+03 5.848099346788965561e-13 2.113177961697785180e-12 -5.088227193889401557e-12 0.000000000000000000e+00 9.192741223448485757e-07
2.827000000000000000e+03 5.756827679295669977e-13 2.098182484709375416e-12 -5.052121940107564492e-12 0.000000000000000000e+00 1.349583454644313056e-06
2.828000000000000000e+03 5.665556011802374394e-13 2.083187007720965247e-12 -5.016016686325726620e-12 0.000000000000000000e+00 1.096145227165588194e-06
2.829000000000000000e+03 5.574284344309079821e-13 2.068191530732555078e-12 -4.979911432543889556e-12 0.000000000000000000e+00 1.913721573038746465e-06
2.830000000000000000e+03 5.483012676815784238e-13 2.053196053744145314e-12 -4.943806178762052492e-12 0.000000000000000000e+00 1.947666718829576368e-07
2.831000000000000000e+03 5.391741009322489664e-13 2.038200576755735145e-12 -4.907700924980215428e-12 0.000000000000000000e+00 5.128988668975958472e-07
2.832000000000000000e+03 5.300469341829194081e-13 2.023205099767324977e-12 -4.871595671198377556e-12 0.000000000000000000e+00 1.699201334074659963e-06
2.833000000000000000e+03 5.209197674335899508e-13 2.008209622778915212e-12 -4.835490417416540492e-12 0.000000000000000000e+00 -4.787500098483289623e-08
2.834000000000000000e+03 5.117926006842603925e-13 1.993214145790505043e-12 -4.799385163634703427e-12 0.000000000000000000e+00 -8.329829588535027652e-08
2.835000000000000000e+03 5.035611768606681668e-13 1.977809482195688305e-12 -4.768619584884903324e-12 0.000000000000000000e+00 1.779004879987679220e-06
2.836000000000000000e+03 4.962254959628133746e-13 1.961995631994464190e-12 -4.743193681167140991e-12 0.000000000000000000e+00 2.468553062271489044e-06
2.837000000000000000e+03 4.888898150649584815e-13 1.946181781793240479e-12 -4.717767777449377849e-12 0.000000000000000000e+00 1.569496075738221634e-06
2.838000000000000000e+03 4.815541341671036894e-13 1.930367931592016767e-12 -4.692341873731615515e-12 0.000000000000000000e+00 6.120793788264534141e-07
2.839000000000000000e+03 4.742184532692487963e-13 1.914554081390792652e-12 -4.666915970013853181e-12 0.000000000000000000e+00 9.683780412470225286e-07
2.840000000000000000e+03 4.668827723713940042e-13 1.898740231189568941e-12 -4.641490066296090039e-12 0.000000000000000000e+00 2.897440612455601585e-07
2.841000000000000000e+03 4.595470914735391111e-13 1.882926380988344825e-12 -4.616064162578327706e-12 0.000000000000000000e+00 2.273602368303624139e-08
2.842000000000000000e+03 4.522114105756842685e-13 1.867112530787121114e-12 -4.590638258860565372e-12 0.000000000000000000e+00 2.509096354907534867e-07
2.843000000000000000e+03 4.448757296778294259e-13 1.851298680585897403e-12 -4.565212355142802230e-12 0.000000000000000000e+00 1.848728039563317930e-06
2.844000000000000000e+03 4.375400487799745328e-13 1.835484830384673288e-12 -4.539786451425039896e-12 0.000000000000000000e+00 1.547845187298746553e-06
2.845000000000000000e+03 4.296558377696773680e-13 1.813025113133415580e-12 -4.505694047324636855e-12 0.000000000000000000e+00 1.277176595884030012e-06
2.846000000000000000e+03 4.212230966469378808e-13 1.783919528832124077e-12 -4.462935142841593915e-12 0.000000000000000000e+00 8.409004677899043527e-07
2.847000000000000000e+03 4.127903555241983936e-13 1.754813944530832373e-12 -4.420176238358550975e-12 0.000000000000000000e+00 5.507060866002547973e-07
2.848000000000000000e+03 4.043576144014589065e-13 1.725708360229540668e-12 -4.377417333875508035e-12 0.000000000000000000e+00 2.247308735158374715e-07
2.849000000000000000e+03 3.959248732787194193e-13 1.696602775928249166e-12 -4.334658429392465095e-12 0.000000000000000000e+00 2.421071557488442022e-06
2.850000000000000000e+03 3.874921321559798817e-13 1.667497191626957461e-12 -4.291899524909422155e-12 0.000000000000000000e+00 8.784828517163152042e-07
2.851000000000000000e+03 3.790593910332403945e-13 1.638391607325665959e-12 -4.249140620426379215e-12 0.000000000000000000e+00 -1.917323515092318291e-07
2.852000000000000000e+03 3.706266499105009074e-13 1.609286023024374254e-12 -4.206381715943336275e-12 0.000000000000000000e+00 1.191930045597491123e-06
2.853000000000000000e+03 3.621939087877614202e-13 1.580180438723082752e-12 -4.163622811460293335e-12 0.000000000000000000e+00 3.452010849904975865e-08
2.854000000000000000e+03 3.537611676650219330e-13 1.551074854421791047e-12 -4.120863906977250394e-12 0.000000000000000000e+00 1.548005881485350186e-06
2.855000000000000000e+03 3.466890847740097703e-13 1.521987217981432556e-12 -4.087400686916026365e-12 0.000000000000000000e+00 4.905351319312173981e-07
2.856000000000000000e+03 3.409776601147249319e-13 1.492917529402007479e-12 -4.063233151276620439e-12 0.000000000000000000e+00 1.482800770701203947e-08
2.857000000000000000e+03 3.352662354554400935e-13 1.463847840822582402e-12 -4.039065615637214513e-12 0.000000000000000000e+00 2.380063733072318754e-06
2.858000000000000000e+03 3.295548107961553055e-13 1.434778152243157325e-12 -4.014898079997809395e-12 0.000000000000000000e+00 2.036526690674057751e-06
2.859000000000000000e+03 3.238433861368704671e-13 1.405708463663732248e-12 -3.990730544358403469e-12 0.000000000000000000e+00 6.829753888435970019e-07
2.860000000000000000e+03 3.181319614775856287e-13 1.376638775084307171e-12 -3.966563008718998351e-12 0.000000000000000000e+00 4.426796139867817003e-07
2.861000000000000000e+03 3.124205368183007903e-13 1.347569086504881892e-12 -3.942395473079592425e-12 0.000000000000000000e+00 -9.205297616362927164e-07
2.862000000000000000e+03 3.067091121590160024e-13 1.318499397925456816e-12 -3.918227937440187306e-12 0.000000000000000000e+00 8.204330702105224300e-07
2.863000000000000000e+03 3.009976874997311640e-13 1.289429709346031739e-12 -3.894060401800781380e-12 0.000000000000000000e+00 7.970924934439525628e-07
2.864000000000000000e+03 2.952862628404463256e-13 1.260360020766606662e-12 -3.869892866161375454e-12 0.000000000000000000e+00 2.371922252169455231e-06
2.865000000000000000e+03 2.892862305757790047e-13 1.226222777002617173e-12 -3.837435054155844077e-12 0.000000000000000000e+00 6.288854596155800367e-07
2.866000000000000000e+03 2.829975907057292011e-13 1.187017978054063678e-12 -3.796686965784187250e-12 0.000000000000000000e+00 1.411830878287250226e-06
2.867000000000000000e+03 2.767089508356793471e-13 1.147813179105510182e-12 -3.755938877412530423e-12 0.000000000000000000e+00 4.439983392172257438e-07
2.868000000000000000e+03 2.704203109656294931e-13 1.108608380156956686e-12 -3.715190789040872788e-12 0.000000000000000000e+00 1.931127767781731850e-06
2.869000000000000000e+03 2.641316710955796895e-13 1.069403581208403190e-12 -3.674442700669215960e-12 0.000000000000000000e+00 3.381829381749543293e-07
2.870000000000000000e+03 2.578430312255298355e-13 1.030198782259849694e-12 -3.633694612297559133e-12 0.000000000000000000e+00 -1.291189099755296921e-06
2.871000000000000000e+03 2.515543913554800320e-13 9.909939833112961981e-13 -3.592946523925901902e-12 0.000000000000000000e+00 2.101215904712834959e-06
2.872000000000000000e+03 2.452657514854301779e-13 9.517891843627427022e-13 -3.552198435554244670e-12 0.000000000000000000e+00 8.688046427738975301e-07
2.873000000000000000e+03 2.389771116153803239e-13 9.125843854141892063e-13 -3.511450347182587843e-12 0.000000000000000000e+00 8.775010270604416067e-07
2.874000000000000000e+03 2.326884717453305204e-13 8.733795864656357104e-13 -3.470702258810930612e-12 0.000000000000000000e+00 9.343606117667621261e-07
2.875000000000000000e+03 2.278372147682701218e-13 8.353244971388421304e-13 -3.439529967140942432e-12 0.000000000000000000e+00 -2.476319364727459587e-07
2.876000000000000000e+03 2.244233406841991786e-13 7.984191174338083654e-13 -3.417933472172623707e-12 0.000000000000000000e+00 2.098831427508417017e-06
2.877000000000000000e+03 2.210094666001282354e-13 7.615137377287746004e-13 -3.396336977204304174e-12 0.000000000000000000e+00 2.063301842892269713e-07
2.878000000000000000e+03 2.175955925160572922e-13 7.246083580237408353e-13 -3.374740482235985449e-12 0.000000000000000000e+00 1.783838356412229319e-06
2.879000000000000000e+03 2.141817184319863491e-13 6.877029783187070703e-13 -3.353143987267665916e-12 0.000000000000000000e+00 1.070778485125907392e-06
2.880000000000000000e+03 2.107678443479154059e-13 6.507975986136733052e-13 -3.331547492299347191e-12 0.000000000000000000e+00 7.473512143220457267e-07
2.881000000000000000e+03 2.073539702638444375e-13 6.138922189086395402e-13 -3.309950997331027658e-12 0.000000000000000000e+00 -3.597393853499355253e-07
2.882000000000000000e+03 2.039400961797734943e-13 5.769868392036058761e-13 -3.288354502362708933e-12 0.000000000000000000e+00 7.080704003916778108e-07
2.883000000000000000e+03 2.005262220957025511e-13 5.400814594985720101e-13 -3.266758007394389400e-12 0.000000000000000000e+00 7.630602439938261257e-07
2.884000000000000000e+03 1.971123480116316079e-13 5.031760797935383460e-13 -3.245161512426070675e-12 0.000000000000000000e+00 -5.274782870587658115e-07
2.885000000000000000e+03 1.944074270251970419e-13 4.648874773098992430e-13 -3.228978222185232436e-12 0.000000000000000000e+00 2.676402666914820193e-06
2.886000000000000000e+03 1.924114591363988278e-13 4.252156520476548019e-13 -3.218208136671875492e-12 0.000000000000000000e+00 1.725116426736212964e-06
2.887000000000000000e+03 1.904154912476006388e-13 3.855438267854103608e-13 -3.207438051158518549e-12 0.000000000000000000e+00 2.565203471479517328e-07
2.888000000000000000e+03 1.884195233588024247e-13 3.458720015231659198e-13 -3.196667965645161605e-12 0.000000000000000000e+00 1.463314032607555246e-06
2.889000000000000000e+03 1.864235554700042358e-13 3.062001762609214787e-13 -3.185897880131804661e-12 0.000000000000000000e+00 5.598322978132735742e-07
2.890000000000000000e+03 1.844275875812060216e-13 2.665283509986770881e-13 -3.175127794618447313e-12 0.000000000000000000e+00 2.588877857548886495e-07
2.891000000000000000e+03 1.824316196924078327e-13 2.268565257364326471e-13 -3.164357709105090369e-12 0.000000000000000000e+00 -7.592877261411245048e-07
2.892000000000000000e+03 1.804356518036096186e-13 1.871847004741882565e-13 -3.153587623591733426e-12 0.000000000000000000e+00 1.189510758653832844e-06
2.893000000000000000e+03 1.784396839148114297e-13 1.475128752119438154e-13 -3.142817538078376482e-12 0.000000000000000000e+00 1.249053304005338265e-06
2.894000000000000000e+03 1.764437160260132155e-13 1.078410499496994248e-13 -3.132047452565019538e-12 0.000000000000000000e+00 1.322869398496624972e-06
2.895000000000000000e+03 1.752830727022252356e-13 6.871175885525156885e-14 -3.121417578448352452e-12 0.000000000000000000e+00 8.459991198834398119e-07
2.896000000000000000e+03 1.749577539434474898e-13 3.012500192860027269e-14 -3.110927915728374818e-12 0.000000000000000000e+00 9.668721653049102023e-07
2.897000000000000000e+03 1.746324351846697188e-13 -8.461754998051023461e-15 -3.100438253008397185e-12 0.000000000000000000e+00 6.561620017975957368e-07
2.898000000000000000e+03 1.743071164258919730e-13 -4.704851192470231962e-14 -3.089948590288419956e-12 0.000000000000000000e+00 6.996183522866310969e-07
2.899000000000000000e+03 1.739817976671142020e-13 -8.563526885135361577e-14 -3.079458927568442323e-12 0.000000000000000000e+00 2.207438259325545476e-06
2.900000000000000000e+03 1.736564789083364562e-13 -1.242220257780049245e-13 -3.068969264848465094e-12 0.000000000000000000e+00 6.848753283484279246e-07
2.901000000000000000e+03 1.733311601495586852e-13 -1.628087827046562207e-13 -3.058479602128487461e-12 0.000000000000000000e+00 -7.092975538485328800e-07
2.902000000000000000e+03 1.730058413907809395e-13 -2.013955396313075169e-13 -3.047989939408510232e-12 0.000000000000000000e+00 6.324692848937740732e-07
2.903000000000000000e+03 1.726805226320031684e-13 -2.399822965579588130e-13 -3.037500276688532599e-12 0.000000000000000000e+00 4.078091096208201403e-07
2.904000000000000000e+03 1.723552038732254227e-13 -2.785690534846101092e-13 -3.027010613968554966e-12 0.000000000000000000e+00 1.235135084849514160e-06
2.905000000000000000e+03 1.727105548852355416e-13 -3.156437914665182144e-13 -3.019608720675334529e-12 0.000000000000000000e+00 5.067637601644880812e-07
2.906000000000000000e+03 1.737465756680335757e-13 -3.512065105036831792e-13 -3.015294596808871289e-12 0.000000000000000000e+00 4.612596262685216822e-07
2.907000000000000000e+03 1.747825964508316098e-13 -3.867692295408481440e-13 -3.010980472942407645e-12 0.000000000000000000e+00 2.623964127775534249e-06
2.908000000000000000e+03 1.758186172336296439e-13 -4.223319485780131088e-13 -3.006666349075944405e-12 0.000000000000000000e+00 8.070004046669582390e-07
2.909000000000000000e+03 1.768546380164276780e-13 -4.578946676151780231e-13 -3.002352225209480761e-12 0.000000000000000000e+00 1.064264373870536798e-06
2.910000000000000000e+03 1.778906587992256868e-13 -4.934573866523429374e-13 -2.998038101343017521e-12 0.000000000000000000e+00 -2.253376874495780681e-07
2.911000000000000000e+03 1.789266795820237209e-13 -5.290201056895079527e-13 -2.993723977476553877e-12 0.000000000000000000e+00 -5.950518790097826595e-07
2.912000000000000000e+03 1.799627003648217550e-13 -5.645828247266729679e-13 -2.989409853610090637e-12 0.000000000000000000e+00 1.262207668528298296e-06
2.913000000000000000e+03 1.809987211476197891e-13 -6.001455437638377813e-13 -2.985095729743626993e-12 0.000000000000000000e+00 4.906075774086117335e-07
2.914000000000000000e+03 1.820347419304178232e-13 -6.357082628010027966e-13 -2.980781605877163753e-12 0.000000000000000000e+00 1.777018738190126168e-06
2.915000000000000000e+03 1.839360101640878602e-13 -6.720707814560067765e-13 -2.982983201874237896e-12 0.000000000000000000e+00 5.444244352147381466e-07
2.916000000000000000e+03 1.867025258486299003e-13 -7.092330997288499229e-13 -2.991700517734850229e-12 0.000000000000000000e+00 1.456920533776621666e-06
2.917000000000000000e+03 1.894690415331719403e-13 -7.463954180016928675e-13 -3.000417833595462562e-12 0.000000000000000000e+00 1.258626308475116704e-06
2.918000000000000000e+03 1.922355572177139804e-13 -7.835577362745360140e-13 -3.009135149456074895e-12 0.000000000000000000e+00 6.350370915503981279e-07
2.919000000000000000e+03 1.950020729022560204e-13 -8.207200545473789585e-13 -3.017852465316687228e-12 0.000000000000000000e+00 5.666927274727946203e-07
2.920000000000000000e+03 1.977685885867980857e-13 -8.578823728202221050e-13 -3.026569781177299561e-12 0.000000000000000000e+00 -7.043452879090542155e-07
2.921000000000000000e+03 2.005351042713401257e-13 -8.950446910930650495e-13 -3.035287097037911893e-12 0.000000000000000000e+00 2.081333080061647500e-06
2.922000000000000000e+03 2.033016199558821658e-13 -9.322070093659081960e-13 -3.044004412898524226e-12 0.000000000000000000e+00 5.420971106793488677e-07
2.923000000000000000e+03 2.060681356404242058e-13 -9.693693276387511405e-13 -3.052721728759136559e-12 0.000000000000000000e+00 -2.728132968297059991e-08
2.924000000000000000e+03 2.088346513249662458e-13 -1.006531645911594287e-12 -3.061439044619748892e-12 0.000000000000000000e+00 9.928444679188212061e-07
2.925000000000000000e+03 2.122744405113818173e-13 -1.039223336901298948e-12 -3.072107982328451838e-12 0.000000000000000000e+00 3.398775121002312858e-07
2.926000000000000000e+03 2.163875031996708948e-13 -1.067444400607865728e-12 -3.084728541885245801e-12 0.000000000000000000e+00 9.792444688698636953e-07
2.927000000000000000e+03 2.205005658879599724e-13 -1.095665464314432105e-12 -3.097349101442039360e-12 0.000000000000000000e+00 1.449019166728929747e-06
2.928000000000000000e+03 2.246136285762490500e-13 -1.123886528020998886e-12 -3.109969660998833323e-12 0.000000000000000000e+00 1.763084652230046442e-06
2.929000000000000000e+03 2.287266912645381276e-13 -1.152107591727565263e-12 -3.122590220555627286e-12 0.000000000000000000e+00 1.209811337411886061e-06
2.930000000000000000e+03 2.328397539528272052e-13 -1.180328655434132043e-12 -3.135210780112420845e-12 0.000000000000000000e+00 -1.229850345241425353e-07
2.931000000000000000e+03 2.369528166411162827e-13 -1.208549719140698420e-12 -3.147831339669214808e-12 0.000000000000000000e+00 1.305446096862240265e-07
2.932000000000000000e+03 2.410658793294053603e-13 -1.236770782847265201e-12 -3.160451899226008771e-12 0.000000000000000000e+00 3.058757404707549604e-07
2.933000000000000000e+03 2.451789420176944379e-13 -1.264991846553831578e-12 -3.173072458782802330e-12 0.000000000000000000e+00 1.246913723856094074e-07
2.934000000000000000e+03 2.492920047059835660e-13 -1.293212910260398359e-12 -3.185693018339596293e-12 0.000000000000000000e+00 8.698244462504377553e-07
2.935000000000000000e+03 2.543338464077560319e-13 -1.322891417679717187e-12 -3.205512415182326925e-12 0.000000000000000000e+00 2.405204679261117385e-06
2.936000000000000000e+03 2.603044671230119871e-13 -1.354027368811788466e-12 -3.232530649310994629e-12 0.000000000000000000e+00 1.317125377538343755e-06
2.937000000000000000e+03 2.662750878382678919e-13 -1.385163319943859745e-12 -3.259548883439662334e-12 0.000000000000000000e+00 1.847888033608123463e-07
2.938000000000000000e+03 2.722457085535238471e-13 -1.416299271075931025e-12 -3.286567117568329634e-12 0.000000000000000000e+00 1.912452173067146787e-06
2.939000000000000000e+03 2.782163292687797518e-13 -1.447435222208002304e-12 -3.313585351696997339e-12 0.000000000000000000e+00 4.447261286766126934e-07
2.940000000000000000e+03 2.841869499840357071e-13 -1.478571173340073583e-12 -3.340603585825665043e-12 0.000000000000000000e+00 -3.393528343883514655e-07
2.941000000000000000e+03 2.901575706992916118e-13 -1.509707124472144661e-12 -3.367621819954332747e-12 0.000000000000000000e+00 -7.452561067259535584e-08
2.942000000000000000e+03 2.961281914145475671e-13 -1.540843075604215940e-12 -3.394640054083000048e-12 0.000000000000000000e+00 9.461464773560730276e-07
2.943000000000000000e+03 3.020988121298034718e-13 -1.571979026736287219e-12 -3.421658288211667752e-12 0.000000000000000000e+00 1.492230816401649747e-06
2.944000000000000000e+03 3.080694328450594270e-13 -1.603114977868358499e-12 -3.448676522340335456e-12 0.000000000000000000e+00 1.299463422538537926e-06
2.945000000000000000e+03 3.135926884860387369e-13 -1.625423349841055579e-12 -3.468565131354437862e-12 0.000000000000000000e+00 2.757290624811932566e-07
2.946000000000000000e+03 3.186685790527414012e-13 -1.638904142654378259e-12 -3.481324115253974564e-12 0.000000000000000000e+00 1.141324488600910034e-06
2.947000000000000000e+03 3.237444696194441161e-13 -1.652384935467701140e-12 -3.494083099153512075e-12 0.000000000000000000e+00 7.375203442360453512e-07
2.948000000000000000e+03 3.288203601861468310e-13 -1.665865728281024022e-12 -3.506842083053048777e-12 0.000000000000000000e+00 1.026216564799113716e-06
2.949000000000000000e+03 3.338962507528494954e-13 -1.679346521094346701e-12 -3.519601066952586288e-12 0.000000000000000000e+00 2.303774026685141533e-06
2.950000000000000000e+03 3.389721413195522103e-13 -1.692827313907669583e-12 -3.532360050852122990e-12 0.000000000000000000e+00 2.954419462941837959e-08
2.951000000000000000e+03 3.440480318862548746e-13 -1.706308106720992262e-12 -3.545119034751660501e-12 0.000000000000000000e+00 -2.187494567408322296e-07
2.952000000000000000e+03 3.491239224529575895e-13 -1.719788899534315144e-12 -3.557878018651197203e-12 0.000000000000000000e+00 8.874114611639184869e-07
2.953000000000000000e+03 3.541998130196603044e-13 -1.733269692347638025e-12 -3.570637002550734713e-12 0.000000000000000000e+00 4.544083222324630623e-07
2.954000000000000000e+03 3.592757035863629688e-13 -1.746750485160960705e-12 -3.583395986450271416e-12 0.000000000000000000e+00 4.888078056518497946e-07
2.955000000000000000e+03 3.650029445510488871e-13 -1.759775164304039147e-12 -3.603549290557681536e-12 0.000000000000000000e+00 4.190249069272971126e-07
2.956000000000000000e+03 3.713815359137180090e-13 -1.772343729776873150e-12 -3.631096914872964267e-12 0.000000000000000000e+00 1.716836798288271032e-06
2.957000000000000000e+03 3.777601272763870804e-13 -1.784912295249707154e-12 -3.658644539188246593e-12 0.000000000000000000e+00 2.201704576132189766e-06
2.958000000000000000e+03 3.841387186390562022e-13 -1.797480860722541157e-12 -3.686192163503529323e-12 0.000000000000000000e+00 1.205094375407085876e-06
2.959000000000000000e+03 3.905173100017253240e-13 -1.810049426195375160e-12 -3.713739787818812054e-12 0.000000000000000000e+00 8.478440953860824139e-07
2.960000000000000000e+03 3.968959013643943954e-13 -1.822617991668208961e-12 -3.741287412134094784e-12 0.000000000000000000e+00 -4.626558019451629350e-07
2.961000000000000000e+03 4.032744927270635173e-13 -1.835186557141042964e-12 -3.768835036449377514e-12 0.000000000000000000e+00 2.563140355170430154e-08
2.962000000000000000e+03 4.096530840897326391e-13 -1.847755122613876968e-12 -3.796382660764659437e-12 0.000000000000000000e+00 7.272954293167405026e-07
2.963000000000000000e+03 4.160316754524017105e-13 -1.860323688086710971e-12 -3.823930285079942167e-12 0.000000000000000000e+00 1.539726893445389501e-06
2.964000000000000000e+03 4.224102668150708323e-13 -1.872892253559544974e-12 -3.851477909395224897e-12 0.000000000000000000e+00 8.220496610346502851e-07
2.965000000000000000e+03 4.303613066620131324e-13 -1.888785874971610210e-12 -3.891035931971618777e-12 0.000000000000000000e+00 1.606207841714716803e-06
2.966000000000000000e+03 4.398847949932285604e-13 -1.908004552322906276e-12 -3.942604352809123000e-12 0.000000000000000000e+00 9.355881611549012840e-07
2.967000000000000000e+03 4.494082833244439883e-13 -1.927223229674202746e-12 -3.994172773646628030e-12 0.000000000000000000e+00 3.185240719244135562e-07
2.968000000000000000e+03 4.589317716556594668e-13 -1.946441907025498812e-12 -4.045741194484132253e-12 0.000000000000000000e+00 1.312187883162523067e-06
2.969000000000000000e+03 4.684552599868749452e-13 -1.965660584376795282e-12 -4.097309615321637283e-12 0.000000000000000000e+00 8.197446289617365209e-07
2.970000000000000000e+03 4.779787483180903226e-13 -1.984879261728091348e-12 -4.148878036159141505e-12 0.000000000000000000e+00 1.027870630383250765e-06
2.971000000000000000e+03 4.875022366493058011e-13 -2.004097939079387818e-12 -4.200446456996646536e-12 0.000000000000000000e+00 5.918372772296538260e-07
2.972000000000000000e+03 4.970257249805212795e-13 -2.023316616430683884e-12 -4.252014877834150758e-12 0.000000000000000000e+00 8.392510405855495502e-07
2.973000000000000000e+03 5.065492133117366569e-13 -2.042535293781980354e-12 -4.303583298671655789e-12 0.000000000000000000e+00 7.014650533053062979e-08
2.974000000000000000e+03 5.160727016429521354e-13 -2.061753971133276419e-12 -4.355151719509160011e-12 0.000000000000000000e+00 1.327544489189920370e-06
2.975000000000000000e+03 5.228469684760963923e-13 -2.065624985549881608e-12 -4.385976675765690919e-12 0.000000000000000000e+00 3.243456271800061298e-07
2.976000000000000000e+03 5.268720138111694276e-13 -2.054148337031795918e-12 -4.396058167441246895e-12 0.000000000000000000e+00 1.240059736283383181e-06
2.977000000000000000e+03 5.308970591462424630e-13 -2.042671688513710228e-12 -4.406139659116802872e-12 0.000000000000000000e+00 1.561561729444149760e-06
2.978000000000000000e+03 5.349221044813153974e-13 -2.031195039995624539e-12 -4.416221150792358849e-12 0.000000000000000000e+00 2.021825048326004005e-06
2.979000000000000000e+03 5.389471498163884327e-13 -2.019718391477538849e-12 -4.426302642467914825e-12 0.000000000000000000e+00 9.840340531467323538e-07
2.980000000000000000e+03 5.429721951514614681e-13 -2.008241742959452755e-12 -4.436384134143471610e-12 0.000000000000000000e+00 3.129170629145539226e-07
2.981000000000000000e+03 5.469972404865345034e-13 -1.996765094441367066e-12 -4.446465625819027587e-12 0.000000000000000000e+00 -5.748981108099242412e-07
2.982000000000000000e+03 5.510222858216074378e-13 -1.985288445923281376e-12 -4.456547117494583563e-12 0.000000000000000000e+00 9.086804582165246252e-07
2.983000000000000000e+03 5.550473311566804732e-13 -1.973811797405195686e-12 -4.466628609170139540e-12 0.000000000000000000e+00 4.557765465251598844e-07
2.984000000000000000e+03 5.590723764917535085e-13 -1.962335148887109997e-12 -4.476710100845695517e-12 0.000000000000000000e+00 1.730571168621776201e-06
2.985000000000000000e+03 5.649493536723100917e-13 -1.955708227022033051e-12 -4.500561621418907420e-12 0.000000000000000000e+00 1.654396370098756794e-06
2.986000000000000000e+03 5.726782626983501218e-13 -1.953931031809965252e-12 -4.538183170889774443e-12 0.000000000000000000e+00 1.199402230069342507e-06
2.987000000000000000e+03 5.804071717243901518e-13 -1.952153836597897454e-12 -4.575804720360642274e-12 0.000000000000000000e+00 4.958902533344667286e-07
2.988000000000000000e+03 5.881360807504301819e-13 -1.950376641385830060e-12 -4.613426269831509297e-12 0.000000000000000000e+00 1.797071260357259282e-06
2.989000000000000000e+03 5.958649897764702119e-13 -1.948599446173762261e-12 -4.651047819302376320e-12 0.000000000000000000e+00 3.026039951196222373e-07
2.990000000000000000e+03 6.035938988025103429e-13 -1.946822250961694463e-12 -4.688669368773244151e-12 0.000000000000000000e+00 8.263275029042037598e-08
2.991000000000000000e+03 6.113228078285503730e-13 -1.945045055749626665e-12 -4.726290918244111174e-12 0.000000000000000000e+00 8.076245159306193181e-07
2.992000000000000000e+03 6.190517168545904030e-13 -1.943267860537559270e-12 -4.763912467714978197e-12 0.000000000000000000e+00 1.496064904237378779e-06
2.993000000000000000e+03 6.267806258806304331e-13 -1.941490665325491472e-12 -4.801534017185846028e-12 0.000000000000000000e+00 1.331966425199522618e-06
2.994000000000000000e+03 6.345095349066704631e-13 -1.939713470113423673e-12 -4.839155566656713051e-12 0.000000000000000000e+00 6.431748874998940706e-07
2.995000000000000000e+03 6.423666206996664054e-13 -1.863273790293984839e-12 -4.615068143591245120e-12 0.000000000000000000e+00 7.098950158585826582e-07
2.996000000000000000e+03 6.503518832596182599e-13 -1.712171625867174364e-12 -4.129271747989441428e-12 0.000000000000000000e+00 1.322743345040268643e-06
2.997000000000000000e+03 6.583371458195701144e-13 -1.561069461440364292e-12 -3.643475352387638544e-12 0.000000000000000000e+00 4.790227139516084871e-07
2.998000000000000000e+03 6.663224083795218679e-13 -1.409967297013554018e-12 -3.157678956785834852e-12 0.000000000000000000e+00 2.457135832521816036e-06
2.999000000000000000e+03 6.743076709394737224e-13 -1.258865132586743745e-12 -2.671882561184031160e-12 0.000000000000000000e+00 1.382960623836156542e-06
3.000000000000000000e+03 6.822929334994254759e-13 -1.107762968159933471e-12 -2.186086165582227872e-12 0.000000000000000000e+00 -1.071274674143159921e-08
3.001000000000000000e+03 6.902781960593773304e-13 -9.566608037331233996e-13 -1.700289769980424583e-12 0.000000000000000000e+00 0.000000000000000000e+00
3.002000000000000000e+03 6.982634586193290839e-13 -8.055586393063131259e-13 -1.214493374378620891e-12 0.000000000000000000e+00 0.000000000000000000e+00
3.003000000000000000e+03 7.062487211792809383e-13 -6.544564748795028523e-13 -7.286969787768180070e-13 0.000000000000000000e+00 0.000000000000000000e+00
3.004000000000000000e+03 7.142339837392327928e-13 -5.033543104526925787e-13 -2.429005831750143149e-13 0.000000000000000000e+00 0.000000000000000000e+00
3.005000000000000000e+03 7.215124770949418706e-13 -4.258924956095017055e-13 -1.840517507364563782e-18 0.000000000000000000e+00 0.000000000000000000e+00
3.006000000000000000e+03 7.280842012464081716e-13 -4.220710303499300307e-13 -7.508042957832450879e-19 0.000000000000000000e+00 0.000000000000000000e+00
3.007000000000000000e+03 7.346559253978744725e-13 -4.182495650903584064e-13 3.389089157980732211e-19 0.000000000000000000e+00 0.000000000000000000e+00
3.008000000000000000e+03 7.412276495493408745e-13 -4.144280998307867316e-13 1.428622127379392108e-18 0.000000000000000000e+00 0.000000000000000000e+00
3.009000000000000000e+03 7.477993737008071755e-13 -4.106066345712150568e-13 2.518335338960710224e-18 0.000000000000000000e+00 0.000000000000000000e+00
3.010000000000000000e+03 7.543710978522734765e-13 -4.067851693116433821e-13 3.608048550542029111e-18 0.000000000000000000e+00 0.000000000000000000e+00
3.011000000000000000e+03 7.609428220037397775e-13 -4.029637040520717073e-13 4.697761762123347227e-18 0.000000000000000000e+00 0.000000000000000000e+00
3.012000000000000000e+03 7.675145461552061794e-13 -3.991422387925000325e-13 5.787474973704665344e-18 0.000000000000000000e+00 0.000000000000000000e+00
3.013000000000000000e+03 7.740862703066724804e-13 -3.953207735329284082e-13 6.877188185285985001e-18 0.000000000000000000e+00 0.000000000000000000e+00
3.014000000000000000e+03 7.806579944581387814e-13 -3.914993082733567335e-13 7.966901396867303888e-18 0.000000000000000000e+00 0.000000000000000000e+00
3.015000000000000000e+03 7.855747241163582070e-13 -3.859233305142029935e-13 8.386069491237173470e-18 0.000000000000000000e+00 0.000000000000000000e+00
3.016000000000000000e+03 7.888364592813306561e-13 -3.785928402554671379e-13 8.134692468395596059e-18 0.000000000000000000e+00 0.000000000000000000e+00
3.017000000000000000e+03 7.920981944463031053e-13 -3.712623499967312823e-13 7.883315445554018648e-18 0.000000000000000000e+00 0.000000000000000000e+00
3.018000000000000000e+03 7.953599296112756554e-13 -3.639318597379954772e-13 7.631938422712441237e-18 0.000000000000000000e+00 0.000000000000000000e+00
3.019000000000000000e+03 7.986216647762481045e-13 -3.566013694792596216e-13 7.380561399870863826e-18 0.000000000000000000e+00 0.000000000000000000e+00
3.020000000000000000e+03 8.018833999412205536e-13 -3.492708792205237660e-13 7.129184377029286415e-18 0.000000000000000000e+00 0.000000000000000000e+00
3.021000000000000000e+03 8.051451351061930028e-13 -3.419403889617879609e-13 6.877807354187709004e-18 0.000000000000000000e+00 0.000000000000000000e+00
3.022000000000000000e+03 8.084068702711655529e-13 -3.346098987030521053e-13 6.626430331346131593e-18 0.000000000000000000e+00 0.000000000000000000e+00
3.023000000000000000e+03 8.116686054361380020e-13 -3.272794084443162497e-13 6.375053308504554182e-18 0.000000000000000000e+00 0.000000000000000000e+00
3.024000000000000000e+03 8.149303406011104512e-13 -3.199489181855804446e-13 6.123676285662976771e-18 0.000000000000000000e+00 0.000000000000000000e+00
3.025000000000000000e+03 8.165341974475874605e-13 -3.118013264647966134e-13 6.407903706645225880e-18 0.000000000000000000e+00 0.000000000000000000e+00
3.026000000000000000e+03 8.164801759755689289e-13 -3.028366332819649077e-13 7.227735571451302279e-18 0.000000000000000000e+00 0.000000000000000000e+00
3.027000000000000000e+03 8.164261545035503974e-13 -2.938719400991332020e-13 8.047567436257379449e-18 0.000000000000000000e+00 0.000000000000000000e+00
3.028000000000000000e+03 8.163721330315318659e-13 -2.849072469163014963e-13 8.867399301063455078e-18 0.000000000000000000e+00 0.000000000000000000e+00
3.029000000000000000e+03 8.163181115595133343e-13 -2.759425537334697401e-13 9.687231165869530707e-18 0.000000000000000000e+00 0.000000000000000000e+00
3.030000000000000000e+03 8.162640900874949038e-13 -2.669778605506380344e-13 1.050706303067560788e-17 0.000000000000000000e+00 0.000000000000000000e+00
3.031000000000000000e+03 8.162100686154763722e-13 -2.580131673678063287e-13 1.132689489548168351e-17 0.000000000000000000e+00 0.000000000000000000e+00
3.032000000000000000e+03 8.161560471434578407e-13 -2.490484741849746230e-13 1.214672676028775913e-17 0.000000000000000000e+00 0.000000000000000000e+00
3.033000000000000000e+03 8.161020256714393092e-13 -2.400837810021428668e-13 1.296655862509383630e-17 0.000000000000000000e+00 0.000000000000000000e+00
3.034000000000000000e+03 8.160480041994207776e-13 -2.311190878193111611e-13 1.378639048989991193e-17 0.000000000000000000e+00 0.000000000000000000e+00
3.035000000000000000e+03 8.172200496868798809e-13 -2.215087047244058078e-13 1.338536897897857420e-17 0.000000000000000000e+00 0.000000000000000000e+00
3.036000000000000000e+03 8.196181621338166190e-13 -2.112526317174267817e-13 1.176349409232982155e-17 0.000000000000000000e+00 0.000000000000000000e+00
3.037000000000000000e+03 8.220162745807532562e-13 -2.009965587104477556e-13 1.014161920568106737e-17 0.000000000000000000e+00 0.000000000000000000e+00
3.038000000000000000e+03 8.244143870276899943e-13 -1.907404857034687296e-13 8.519744319032313185e-18 0.000000000000000000e+00 0.000000000000000000e+00
3.039000000000000000e+03 8.268124994746266314e-13 -1.804844126964897035e-13 6.897869432383560541e-18 0.000000000000000000e+00 0.000000000000000000e+00
3.040000000000000000e+03 8.292106119215633695e-13 -1.702283396895107026e-13 5.275994545734807898e-18 0.000000000000000000e+00 0.000000000000000000e+00
3.041000000000000000e+03 8.316087243685000067e-13 -1.599722666825316513e-13 3.654119659086055254e-18 0.000000000000000000e+00 0.000000000000000000e+00
3.042000000000000000e+03 8.340068368154367448e-13 -1.497161936755526505e-13 2.032244772437301070e-18 0.000000000000000000e+00 0.000000000000000000e+00
3.043000000000000000e+03 8.364049492623733819e-13 -1.394601206685736244e-13 4.103698857885484265e-19 0.000000000000000000e+00 0.000000000000000000e+00
3.044000000000000000e+03 8.388030617093101200e-13 -1.292040476615945983e-13 -1.211505000860205758e-18 0.000000000000000000e+00 0.000000000000000000e+00
3.045000000000000000e+03 8.397894721634767115e-13 -1.188493737449601511e-13 -1.316564749661205869e-18 0.000000000000000000e+00 0.000000000000000000e+00
3.046000000000000000e+03 8.393641806248733582e-13 -1.083960989186702450e-13 9.519063938554520453e-20 0.000000000000000000e+00 0.000000000000000000e+00
3.047000000000000000e+03 8.389388890862700049e-13 -9.794282409238033878e-14 1.506946028432295700e-18 0.000000000000000000e+00 0.000000000000000000e+00
3.048000000000000000e+03 8.385135975476666516e-13 -8.748954926609044522e-14 2.918701417479046966e-18 0.000000000000000000e+00 0.000000000000000000e+00
3.049000000000000000e+03 8.380883060090632983e-13 -7.703627443980052642e-14 4.330456806525797462e-18 0.000000000000000000e+00 0.000000000000000000e+00
3.050000000000000000e+03 8.376630144704598440e-13 -6.658299961351063286e-14 5.742212195572547957e-18 0.000000000000000000e+00 0.000000000000000000e+00
3.051000000000000000e+03 8.372377229318564907e-13 -5.612972478722072668e-14 7.153967584619300764e-18 0.000000000000000000e+00 0.000000000000000000e+00
3.052000000000000000e+03 8.368124313932531374e-13 -4.567644996093082050e-14 8.565722973666051259e-18 0.000000000000000000e+00 0.000000000000000000e+00
3.053000000000000000e+03 8.363871398546497841e-13 -3.522317513464092694e-14 9.977478362712801755e-18 0.000000000000000000e+00 0.000000000000000000e+00
3.054000000000000000e+03 8.359618483160464308e-13 -2.476990030835102076e-14 1.138923375175955225e-17 0.000000000000000000e+00 0.000000000000000000e+00
3.055000000000000000e+03 8.333789501827239438e-13 -1.391627999933481808e-14 1.208725303477291651e-17 0.000000000000000000e+00 0.000000000000000000e+00
3.056000000000000000e+03 8.286384454546824240e-13 -2.662314207592326799e-15 1.207153621175289761e-17 0.000000000000000000e+00 0.000000000000000000e+00
3.057000000000000000e+03 8.238979407266409041e-13 8.591651584150169219e-15 1.205581938873288025e-17 0.000000000000000000e+00 0.000000000000000000e+00
3.058000000000000000e+03 8.191574359985993843e-13 1.984561737589265893e-14 1.204010256571286135e-17 0.000000000000000000e+00 0.000000000000000000e+00
3.059000000000000000e+03 8.144169312705578645e-13 3.109958316763515810e-14 1.202438574269284245e-17 0.000000000000000000e+00 0.000000000000000000e+00
3.060000000000000000e+03 8.096764265425163446e-13 4.235354895937765412e-14 1.200866891967282509e-17 0.000000000000000000e+00 0.000000000000000000e+00
3.061000000000000000e+03 8.049359218144748248e-13 5.360751475112013751e-14 1.199295209665280618e-17 0.000000000000000000e+00 0.000000000000000000e+00
3.062000000000000000e+03 8.001954170864333049e-13 6.486148054286263353e-14 1.197723527363278728e-17 0.000000000000000000e+00 0.000000000000000000e+00
3.063000000000000000e+03 7.954549123583917851e-13 7.611544633460512955e-14 1.196151845061276992e-17 0.000000000000000000e+00 0.000000000000000000e+00
3.064000000000000000e+03 7.907144076303502653e-13 8.736941212634762557e-14 1.194580162759275102e-17 0.000000000000000000e+00 0.000000000000000000e+00
3.065000000000000000e+03 7.878043546608307712e-13 9.875209745603708459e-14 1.182457951734061662e-17 0.000000000000000000e+00 0.000000000000000000e+00
3.066000000000000000e+03 7.867247534498331010e-13 1.102635023236734940e-13 1.159785211985636671e-17 0.000000000000000000e+00 0.000000000000000000e+00
3.067000000000000000e+03 7.856451522388356327e-13 1.217749071913099034e-13 1.137112472237211679e-17 0.000000000000000000e+00 0.000000000000000000e+00
3.068000000000000000e+03 7.845655510278379625e-13 1.332863120589463254e-13 1.114439732488786688e-17 0.000000000000000000e+00 0.000000000000000000e+00
3.069000000000000000e+03 7.834859498168404942e-13 1.447977169265827222e-13 1.091766992740361697e-17 0.000000000000000000e+00 0.000000000000000000e+00
3.070000000000000000e+03 7.824063486058428240e-13 1.563091217942191442e-13 1.069094252991936552e-17 0.000000000000000000e+00 0.000000000000000000e+00
3.071000000000000000e+03 7.813267473948453557e-13 1.678205266618555662e-13 1.046421513243511560e-17 0.000000000000000000e+00 0.000000000000000000e+00
3.072000000000000000e+03 7.802471461838476855e-13 1.793319315294919630e-13 1.023748773495086569e-17 0.000000000000000000e+00 0.000000000000000000e+00
3.073000000000000000e+03 7.791675449728502172e-13 1.908433363971283850e-13 1.001076033746661578e-17 0.000000000000000000e+00 0.000000000000000000e+00
3.074000000000000000e+03 7.780879437618525470e-13 2.023547412647647818e-13 9.784032939982365867e-18 0.000000000000000000e+00 0.000000000000000000e+00
3.075000000000000000e+03 7.736355291795274141e-13 2.122667218068808780e-13 9.734672944947638037e-18 0.000000000000000000e+00 0.000000000000000000e+00
3.076000000000000000e+03 7.658103012258747176e-13 2.205792780234765979e-13 9.862680352362433831e-18 0.000000000000000000e+00 0.000000000000000000e+00
3.077000000000000000e+03 7.579850732722220211e-13 2.288918342400723683e-13 9.990687759777229624e-18 0.000000000000000000e+00 0.000000000000000000e+00
3.078000000000000000e+03 7.501598453185693246e-13 2.372043904566680881e-13 1.011869516719202542e-17 0.000000000000000000e+00 0.000000000000000000e+00
3.079000000000000000e+03 7.423346173649166281e-13 2.455169466732638585e-13 1.024670257460682121e-17 0.000000000000000000e+00 0.000000000000000000e+00
3.080000000000000000e+03 7.345093894112639316e-13 2.538295028898595784e-13 1.037470998202161546e-17 0.000000000000000000e+00 0.000000000000000000e+00
3.081000000000000000e+03 7.266841614576112351e-13 2.621420591064553488e-13 1.050271738943641126e-17 0.000000000000000000e+00 0.000000000000000000e+00
3.082000000000000000e+03 7.188589335039585386e-13 2.704546153230510687e-13 1.063072479685120705e-17 0.000000000000000000e+00 0.000000000000000000e+00
3.083000000000000000e+03 7.110337055503058421e-13 2.787671715396468390e-13 1.075873220426600285e-17 0.000000000000000000e+00 0.000000000000000000e+00
3.084000000000000000e+03 7.032084775966531456e-13 2.870797277562425589e-13 1.088673961168079864e-17 0.000000000000000000e+00 0.000000000000000000e+00
3.085000000000000000e+03 6.995107515930672062e-13 2.979586334771301740e-13 1.145817244087173816e-17 0.000000000000000000e+00 0.000000000000000000e+00
3.086000000000000000e+03 6.999405275395482259e-13 3.114038887023095835e-13 1.247303069183882448e-17 0.000000000000000000e+00 0.000000000000000000e+00
3.087000000000000000e+03 7.003703034860292456e-13 3.248491439274889929e-13 1.348788894280590926e-17 0.000000000000000000e+00 0.000000000000000000e+00
3.088000000000000000e+03 7.008000794325101643e-13 3.382943991526684023e-13 1.450274719377299404e-17 0.000000000000000000e+00 0.000000000000000000e+00
3.089000000000000000e+03 7.012298553789911840e-13 3.517396543778478117e-13 1.551760544474007882e-17 0.000000000000000000e+00 0.000000000000000000e+00
3.090000000000000000e+03 7.016596313254721027e-13 3.651849096030272211e-13 1.653246369570716668e-17 0.000000000000000000e+00 0.000000000000000000e+00
3.091000000000000000e+03 7.020894072719531224e-13 3.786301648282066305e-13 1.754732194667425146e-17 0.000000000000000000e+00 0.000000000000000000e+00
3.092000000000000000e+03 7.025191832184340411e-13 3.920754200533860399e-13 1.856218019764133624e-17 0.000000000000000000e+00 0.000000000000000000e+00
3.093000000000000000e+03 7.029489591649150608e-13 4.055206752785654493e-13 1.957703844860842102e-17 0.000000000000000000e+00 0.000000000000000000e+00
3.094000000000000000e+03 7.033787351113960805e-13 4.189659305037449092e-13 2.059189669957550580e-17 0.000000000000000000e+00 0.000000000000000000e+00
3.095000000000000000e+03 6.995714188794842883e-13 4.290528077107119316e-13 2.004435953380609632e-17 0.000000000000000000e+00 0.000000000000000000e+00
3.096000000000000000e+03 6.915270104691797853e-13 4.357813068994666678e-13 1.793442695130019258e-17 0.000000000000000000e+00 0.000000000000000000e+00
3.097000000000000000e+03 6.834826020588753832e-13 4.425098060882214041e-13 1.582449436879428576e-17 0.000000000000000000e+00 0.000000000000000000e+00
3.098000000000000000e+03 6.754381936485708801e-13 4.492383052769761403e-13 1.371456178628838202e-17 0.000000000000000000e+00 0.000000000000000000e+00
3.099000000000000000e+03 6.673937852382663771e-13 4.559668044657308261e-13 1.160462920378247828e-17 0.000000000000000000e+00 0.000000000000000000e+00
3.100000000000000000e+03 6.593493768279619750e-13 4.626953036544856128e-13 9.494696621276572997e-18 0.000000000000000000e+00 0.000000000000000000e+00
3.101000000000000000e+03 6.513049684176574719e-13 4.694238028432402986e-13 7.384764038770667716e-18 0.000000000000000000e+00 0.000000000000000000e+00
3.102000000000000000e+03 6.432605600073529689e-13 4.761523020319950853e-13 5.274831456264763975e-18 0.000000000000000000e+00 0.000000000000000000e+00
3.103000000000000000e+03 6.352161515970484658e-13 4.828808012207497711e-13 3.164898873758857152e-18 0.000000000000000000e+00 0.000000000000000000e+00
3.104000000000000000e+03 6.271717431867440637e-13 4.896093004095044568e-13 1.054966291252953411e-18 0.000000000000000000e+00 0.000000000000000000e+00
3.105000000000000000e+03 6.193807135304414059e-13 4.960305756367795153e-13 6.716485139266023873e-19 0.000000000000000000e+00 0.000000000000000000e+00
3.106000000000000000e+03 6.118430626281405933e-13 5.021446269025748454e-13 2.014945541779806969e-18 0.000000000000000000e+00 0.000000000000000000e+00
3.107000000000000000e+03 6.043054117258397807e-13 5.082586781683701756e-13 3.358242569633012129e-18 0.000000000000000000e+00 0.000000000000000000e+00
3.108000000000000000e+03 5.967677608235390691e-13 5.143727294341655057e-13 4.701539597486216518e-18 0.000000000000000000e+00 0.000000000000000000e+00
3.109000000000000000e+03 5.892301099212382566e-13 5.204867806999608359e-13 6.044836625339421678e-18 0.000000000000000000e+00 0.000000000000000000e+00
3.110000000000000000e+03 5.816924590189374440e-13 5.266008319657560650e-13 7.388133653192626067e-18 0.000000000000000000e+00 0.000000000000000000e+00
3.111000000000000000e+03 5.741548081166366314e-13 5.327148832315513952e-13 8.731430681045831227e-18 0.000000000000000000e+00 0.000000000000000000e+00
3.112000000000000000e+03 5.666171572143359198e-13 5.388289344973467253e-13 1.007472770889903639e-17 0.000000000000000000e+00 0.000000000000000000e+00
3.113000000000000000e+03 5.590795063120351072e-13 5.449429857631420555e-13 1.141802473675224001e-17 0.000000000000000000e+00 0.000000000000000000e+00
3.114000000000000000e+03 5.515418554097342946e-13 5.510570370289373856e-13 1.276132176460544517e-17 0.000000000000000000e+00 0.000000000000000000e+00
3.115000000000000000e+03 5.450349983636886288e-13 5.569809741576584886e-13 1.330501033161479090e-17 0.000000000000000000e+00 0.000000000000000000e+00
3.116000000000000000e+03 5.395589351738981097e-13 5.627147971493053643e-13 1.304909043778027876e-17 0.000000000000000000e+00 0.000000000000000000e+00
3.117000000000000000e+03 5.340828719841074897e-13 5.684486201409522400e-13 1.279317054394576508e-17 0.000000000000000000e+00 0.000000000000000000e+00
3.118000000000000000e+03 5.286068087943169706e-13 5.741824431325991158e-13 1.253725065011125294e-17 0.000000000000000000e+00 0.000000000000000000e+00
3.119000000000000000e+03 5.231307456045264516e-13 5.799162661242459915e-13 1.228133075627674079e-17 0.000000000000000000e+00 0.000000000000000000e+00
3.120000000000000000e+03 5.176546824147358315e-13 5.856500891158928672e-13 1.202541086244222865e-17 0.000000000000000000e+00 0.000000000000000000e+00
3.121000000000000000e+03 5.121786192249453124e-13 5.913839121075397430e-13 1.176949096860771651e-17 0.000000000000000000e+00 0.000000000000000000e+00
3.122000000000000000e+03 5.067025560351547934e-13 5.971177350991866187e-13 1.151357107477320436e-17 0.000000000000000000e+00 0.000000000000000000e+00
3.123000000000000000e+03 5.012264928453641733e-13 6.028515580908334944e-13 1.125765118093869222e-17 0.000000000000000000e+00 0.000000000000000000e+00
3.124000000000000000e+03 4.957504296555736542e-13 6.085853810824803702e-13 1.100173128710417854e-17 0.000000000000000000e+00 0.000000000000000000e+00
3.125000000000000000e+03 4.892440092889765844e-13 6.119560021572214677e-13 1.001917743077006848e-17 0.000000000000000000e+00 0.000000000000000000e+00
3.126000000000000000e+03 4.817072317455728627e-13 6.129634213150567871e-13 8.309989611936358967e-18 0.000000000000000000e+00 0.000000000000000000e+00
3.127000000000000000e+03 4.741704542021692421e-13 6.139708404728921065e-13 6.600801793102650995e-18 0.000000000000000000e+00 0.000000000000000000e+00
3.128000000000000000e+03 4.666336766587655205e-13 6.149782596307273249e-13 4.891613974268942251e-18 0.000000000000000000e+00 0.000000000000000000e+00
3.129000000000000000e+03 4.590968991153618998e-13 6.159856787885626443e-13 3.182426155435233508e-18 0.000000000000000000e+00 0.000000000000000000e+00
3.130000000000000000e+03 4.515601215719581782e-13 6.169930979463979637e-13 1.473238336601525535e-18 0.000000000000000000e+00 0.000000000000000000e+00
3.131000000000000000e+03 4.440233440285545575e-13 6.180005171042332831e-13 -2.359494822321824377e-19 0.000000000000000000e+00 0.000000000000000000e+00
3.132000000000000000e+03 4.364865664851508359e-13 6.190079362620685015e-13 -1.945137301065891951e-18 0.000000000000000000e+00 0.000000000000000000e+00
3.133000000000000000e+03 4.289497889417472152e-13 6.200153554199038209e-13 -3.654325119899601465e-18 0.000000000000000000e+00 0.000000000000000000e+00
3.134000000000000000e+03 4.214130113983434936e-13 6.210227745777391403e-13 -5.363512938733309438e-18 0.000000000000000000e+00 0.000000000000000000e+00
3.135000000000000000e+03 4.157459435238593538e-13 6.243846314428938931e-13 -5.495358924703371461e-18 0.000000000000000000e+00 0.000000000000000000e+00
3.136000000000000000e+03 4.119485853182946444e-13 6.301009260153681801e-13 -4.049863077809791386e-18 0.000000000000000000e+00 0.000000000000000000e+00
3.137000000000000000e+03 4.081512271127299350e-13 6.358172205878423663e-13 -2.604367230916210540e-18 0.000000000000000000e+00 0.000000000000000000e+00
3.138000000000000000e+03 4.043538689071652256e-13 6.415335151603165524e-13 -1.158871384022630465e-18 0.000000000000000000e+00 0.000000000000000000e+00
3.139000000000000000e+03 4.005565107016005162e-13 6.472498097327908395e-13 2.866244628709503801e-19 0.000000000000000000e+00 0.000000000000000000e+00
3.140000000000000000e+03 3.967591524960358573e-13 6.529661043052650256e-13 1.732120309764530455e-18 0.000000000000000000e+00 0.000000000000000000e+00
3.141000000000000000e+03 3.929617942904711479e-13 6.586823988777393127e-13 3.177616156658111301e-18 0.000000000000000000e+00 0.000000000000000000e+00
3.142000000000000000e+03 3.891644360849064385e-13 6.643986934502134988e-13 4.623112003551692146e-18 0.000000000000000000e+00 0.000000000000000000e+00
3.143000000000000000e+03 3.853670778793417291e-13 6.701149880226876849e-13 6.068607850445271451e-18 0.000000000000000000e+00 0.000000000000000000e+00
3.144000000000000000e+03 3.815697196737770197e-13 6.758312825951619720e-13 7.514103697338852296e-18 0.000000000000000000e+00 0.000000000000000000e+00
3.145000000000000000e+03 3.768224519508629186e-13 6.776122977301472242e-13 8.476543870626618580e-18 0.000000000000000000e+00 0.000000000000000000e+00
3.146000000000000000e+03 3.711252747105993250e-13 6.754580334276435425e-13 8.955928370308568761e-18 0.000000000000000000e+00 0.000000000000000000e+00
3.147000000000000000e+03 3.654280974703357313e-13 6.733037691251398609e-13 9.435312869990517401e-18 0.000000000000000000e+00 0.000000000000000000e+00
3.148000000000000000e+03 3.597309202300721882e-13 6.711495048226361792e-13 9.914697369672467583e-18 0.000000000000000000e+00 0.000000000000000000e+00
3.149000000000000000e+03 3.540337429898085945e-13 6.689952405201324976e-13 1.039408186935441776e-17 0.000000000000000000e+00 0.000000000000000000e+00
3.150000000000000000e+03 3.483365657495450009e-13 6.668409762176287150e-13 1.087346636903636794e-17 0.000000000000000000e+00 0.000000000000000000e+00
3.151000000000000000e+03 3.426393885092814072e-13 6.646867119151250333e-13 1.135285086871831813e-17 0.000000000000000000e+00 0.000000000000000000e+00
3.152000000000000000e+03 3.369422112690178641e-13 6.625324476126213517e-13 1.183223536840026831e-17 0.000000000000000000e+00 0.000000000000000000e+00
3.153000000000000000e+03 3.312450340287542704e-13 6.603781833101176700e-13 1.231161986808221849e-17 0.000000000000000000e+00 0.000000000000000000e+00
3.154000000000000000e+03 3.255478567884906768e-13 6.582239190076139884e-13 1.279100436776416713e-17 0.000000000000000000e+00 0.000000000000000000e+00
3.155000000000000000e+03 3.203661060212669922e-13 6.555940095326508389e-13 1.189779101635901971e-17 0.000000000000000000e+00 0.000000000000000000e+00
3.156000000000000000e+03 3.156997817270832166e-13 6.524884548852280198e-13 9.631979813866773154e-18 0.000000000000000000e+00 0.000000000000000000e+00
3.157000000000000000e+03 3.110334574328994410e-13 6.493829002378054026e-13 7.366168611374528138e-18 0.000000000000000000e+00 0.000000000000000000e+00
3.158000000000000000e+03 3.063671331387156655e-13 6.462773455903825835e-13 5.100357408882281581e-18 0.000000000000000000e+00 0.000000000000000000e+00
3.159000000000000000e+03 3.017008088445318899e-13 6.431717909429599663e-13 2.834546206390036564e-18 0.000000000000000000e+00 0.000000000000000000e+00
3.160000000000000000e+03 2.970344845503480639e-13 6.400662362955371472e-13 5.687350038977900070e-19 0.000000000000000000e+00 0.000000000000000000e+00
3.161000000000000000e+03 2.923681602561642883e-13 6.369606816481145300e-13 -1.697076198594456550e-18 0.000000000000000000e+00 0.000000000000000000e+00
3.162000000000000000e+03 2.877018359619805127e-13 6.338551270006917109e-13 -3.962887401086701566e-18 0.000000000000000000e+00 0.000000000000000000e+00
3.163000000000000000e+03 2.830355116677967372e-13 6.307495723532690937e-13 -6.228698603578946583e-18 0.000000000000000000e+00 0.000000000000000000e+00
3.164000000000000000e+03 2.783691873736129616e-13 6.276440177058462746e-13 -8.494509806071191599e-18 0.000000000000000000e+00 0.000000000000000000e+00
3.165000000000000000e+03 2.744547323316859841e-13 6.239792392089870503e-13 -8.628652429239941251e-18 0.000000000000000000e+00 0.000000000000000000e+00
3.166000000000000000e+03 2.712921465420158045e-13 6.197552368626911179e-13 -6.631126473085193996e-18 0.000000000000000000e+00 0.000000000000000000e+00
3.167000000000000000e+03 2.681295607523456249e-13 6.155312345163952865e-13 -4.633600516930446742e-18 0.000000000000000000e+00 0.000000000000000000e+00
3.168000000000000000e+03 2.649669749626754958e-13 6.113072321700993541e-13 -2.636074560775699488e-18 0.000000000000000000e+00 0.000000000000000000e+00
3.169000000000000000e+03 2.618043891730053163e-13 6.070832298238034217e-13 -6.385486046209537745e-19 0.000000000000000000e+00 0.000000000000000000e+00
3.170000000000000000e+03 2.586418033833351367e-13 6.028592274775075903e-13 1.358977351533793480e-18 0.000000000000000000e+00 0.000000000000000000e+00
3.171000000000000000e+03 2.554792175936649571e-13 5.986352251312116579e-13 3.356503307688540734e-18 0.000000000000000000e+00 0.000000000000000000e+00
3.172000000000000000e+03 2.523166318039948280e-13 5.944112227849157255e-13 5.354029263843287988e-18 0.000000000000000000e+00 0.000000000000000000e+00
3.173000000000000000e+03 2.491540460143246484e-13 5.901872204386198941e-13 7.351555219998033702e-18 0.000000000000000000e+00 0.000000000000000000e+00
3.174000000000000000e+03 2.459914602246544689e-13 5.859632180923239617e-13 9.349081176152782497e-18 0.000000000000000000e+00 0.000000000000000000e+00
3.175000000000000000e+03 2.437938607537538444e-13 5.818575709895379080e-13 9.969606473475805072e-18 0.000000000000000000e+00 0.000000000000000000e+00
3.176000000000000000e+03 2.425612476016227245e-13 5.778702791302617330e-13 9.213131111967099886e-18 0.000000000000000000e+00 0.000000000000000000e+00
3.177000000000000000e+03 2.413286344494915541e-13 5.738829872709855581e-13 8.456655750458394700e-18 0.000000000000000000e+00 0.000000000000000000e+00
3.178000000000000000e+03 2.400960212973604341e-13 5.698956954117093831e-13 7.700180388949689514e-18 0.000000000000000000e+00 0.000000000000000000e+00
3.179000000000000000e+03 2.388634081452293142e-13 5.659084035524332081e-13 6.943705027440984328e-18 0.000000000000000000e+00 0.000000000000000000e+00
3.180000000000000000e+03 2.376307949930981438e-13 5.619211116931570332e-13 6.187229665932279913e-18 0.000000000000000000e+00 0.000000000000000000e+00
3.181000000000000000e+03 2.363981818409670239e-13 5.579338198338808582e-13 5.430754304423574727e-18 0.000000000000000000e+00 0.000000000000000000e+00
3.182000000000000000e+03 2.351655686888359040e-13 5.539465279746046832e-13 4.674278942914870311e-18 0.000000000000000000e+00 0.000000000000000000e+00
3.183000000000000000e+03 2.339329555367047336e-13 5.499592361153285083e-13 3.917803581406165125e-18 0.000000000000000000e+00 0.000000000000000000e+00
3.184000000000000000e+03 2.327003423845736137e-13 5.459719442560523333e-13 3.161328219897459939e-18 0.000000000000000000e+00 0.000000000000000000e+00
3.185000000000000000e+03 2.314332932717878617e-13 5.397752206709278664e-13 3.181560513831096045e-18 0.000000000000000000e+00 0.000000000000000000e+00
3.186000000000000000e+03 2.301318081983474272e-13 5.313690653599551077e-13 3.978500463207072671e-18 0.000000000000000000e+00 0.000000000000000000e+00
3.187000000000000000e+03 2.288303231249069928e-13 5.229629100489824499e-13 4.775440412583050067e-18 0.000000000000000000e+00 0.000000000000000000e+00
3.188000000000000000e+03 2.275288380514665583e-13 5.145567547380097922e-13 5.572380361959027464e-18 0.000000000000000000e+00 0.000000000000000000e+00
3.189000000000000000e+03 2.262273529780261238e-13 5.061505994270370334e-13 6.369320311335004090e-18 0.000000000000000000e+00 0.000000000000000000e+00
3.190000000000000000e+03 2.249258679045857145e-13 4.977444441160643756e-13 7.166260260710982257e-18 0.000000000000000000e+00 0.000000000000000000e+00
3.191000000000000000e+03 2.236243828311452801e-13 4.893382888050916169e-13 7.963200210086959654e-18 0.000000000000000000e+00 0.000000000000000000e+00
3.192000000000000000e+03 2.223228977577048456e-13 4.809321334941189591e-13 8.760140159462935509e-18 0.000000000000000000e+00 0.000000000000000000e+00
3.193000000000000000e+03 2.210214126842644363e-13 4.725259781831462004e-13 9.557080108838912906e-18 0.000000000000000000e+00 0.000000000000000000e+00
3.194000000000000000e+03 2.197199276108240018e-13 4.641198228721735426e-13 1.035402005821488876e-17 0.000000000000000000e+00 0.000000000000000000e+00
3.195000000000000000e+03 2.194078346707403769e-13 4.557598408291380955e-13 9.706973198847524473e-18 0.000000000000000000e+00 0.000000000000000000e+00
3.196000000000000000e+03 2.200851338640135615e-13 4.474460320540398592e-13 7.615939530736816959e-18 0.000000000000000000e+00 0.000000000000000000e+00
3.197000000000000000e+03 2.207624330572867461e-13 4.391322232789416733e-13 5.524905862626109445e-18 0.000000000000000000e+00 0.000000000000000000e+00
3.198000000000000000e+03 2.214397322505599307e-13 4.308184145038434369e-13 3.433872194515401931e-18 0.000000000000000000e+00 0.000000000000000000e+00
3.199000000000000000e+03 2.221170314438331153e-13 4.225046057287452005e-13 1.342838526404692876e-18 0.000000000000000000e+00 0.000000000000000000e+00
3.200000000000000000e+03 2.227943306371063251e-13 4.141907969536470146e-13 -7.481951417060146384e-19 0.000000000000000000e+00 0.000000000000000000e+00
3.201000000000000000e+03 2.234716298303795097e-13 4.058769881785487783e-13 -2.839228809816722153e-18 0.000000000000000000e+00 0.000000000000000000e+00
3.202000000000000000e+03 2.241489290236526943e-13 3.975631794034505419e-13 -4.930262477927429667e-18 0.000000000000000000e+00 0.000000000000000000e+00
3.203000000000000000e+03 2.248262282169258789e-13 3.892493706283523560e-13 -7.021296146038138722e-18 0.000000000000000000e+00 0.000000000000000000e+00
3.204000000000000000e+03 2.255035274101990635e-13 3.809355618532541196e-13 -9.112329814148844695e-18 0.000000000000000000e+00 0.000000000000000000e+00
3.205000000000000000e+03 2.268297856100706281e-13 3.716477491678961889e-13 -8.746351820759807836e-18 0.000000000000000000e+00 0.000000000000000000e+00
3.206000000000000000e+03 2.288050028165405981e-13 3.613859325722785639e-13 -5.923362165871026602e-18 0.000000000000000000e+00 0.000000000000000000e+00
3.207000000000000000e+03 2.307802200230105429e-13 3.511241159766609389e-13 -3.100372510982245369e-18 0.000000000000000000e+00 0.000000000000000000e+00
3.208000000000000000e+03 2.327554372294805381e-13 3.408622993810433138e-13 -2.773828560934641355e-19 0.000000000000000000e+00 0.000000000000000000e+00
3.209000000000000000e+03 2.347306544359504829e-13 3.306004827854256888e-13 2.545606798795318639e-18 0.000000000000000000e+00 0.000000000000000000e+00
3.210000000000000000e+03 2.367058716424204782e-13 3.203386661898080133e-13 5.368596453684098331e-18 0.000000000000000000e+00 0.000000000000000000e+00
3.211000000000000000e+03 2.386810888488904229e-13 3.100768495941903883e-13 8.191586108572881105e-18 0.000000000000000000e+00 0.000000000000000000e+00
3.212000000000000000e+03 2.406563060553604182e-13 2.998150329985727632e-13 1.101457576346166388e-17 0.000000000000000000e+00 0.000000000000000000e+00
3.213000000000000000e+03 2.426315232618303629e-13 2.895532164029551382e-13 1.383756541835044357e-17 0.000000000000000000e+00 0.000000000000000000e+00
3.214000000000000000e+03 2.446067404683003077e-13 2.792913998073375132e-13 1.666055507323922789e-17 0.000000000000000000e+00 0.000000000000000000e+00
3.215000000000000000e+03 2.474679649278330468e-13 2.699474857382266556e-13 1.676782381334602971e-17 0.000000000000000000e+00 0.000000000000000000e+00
3.216000000000000000e+03 2.512151966404285803e-13 2.615214741956226159e-13 1.415937163867085676e-17 0.000000000000000000e+00 0.000000000000000000e+00
3.217000000000000000e+03 2.549624283530241137e-13 2.530954626530185763e-13 1.155091946399568380e-17 0.000000000000000000e+00 0.000000000000000000e+00
3.218000000000000000e+03 2.587096600656195967e-13 2.446694511104145366e-13 8.942467289320509306e-18 0.000000000000000000e+00 0.000000000000000000e+00
3.219000000000000000e+03 2.624568917782151302e-13 2.362434395678104465e-13 6.334015114645336351e-18 0.000000000000000000e+00 0.000000000000000000e+00
3.220000000000000000e+03 2.662041234908106131e-13 2.278174280252064068e-13 3.725562939970161854e-18 0.000000000000000000e+00 0.000000000000000000e+00
3.221000000000000000e+03 2.699513552034061466e-13 2.193914164826023672e-13 1.117110765294988898e-18 0.000000000000000000e+00 0.000000000000000000e+00
3.222000000000000000e+03 2.736985869160016296e-13 2.109654049399983023e-13 -1.491341409380184058e-18 0.000000000000000000e+00 0.000000000000000000e+00
3.223000000000000000e+03 2.774458186285971630e-13 2.025393933973942626e-13 -4.099793584055360095e-18 0.000000000000000000e+00 0.000000000000000000e+00
3.224000000000000000e+03 2.811930503411926965e-13 1.941133818547901977e-13 -6.708245758730533051e-18 0.000000000000000000e+00 0.000000000000000000e+00
3.225000000000000000e+03 2.850279578438136942e-13 1.861084070931863509e-13 -7.478771991431228394e-18 0.000000000000000000e+00 0.000000000000000000e+00
3.226000000000000000e+03 2.889505411364602067e-13 1.785244691125827221e-13 -6.411372282157449975e-18 0.000000000000000000e+00 0.000000000000000000e+00
3.227000000000000000e+03 2.928731244291067697e-13 1.709405311319790934e-13 -5.343972572883670786e-18 0.000000000000000000e+00 0.000000000000000000e+00
3.228000000000000000e+03 2.967957077217532822e-13 1.633565931513754393e-13 -4.276572863609892367e-18 0.000000000000000000e+00 0.000000000000000000e+00
3.229000000000000000e+03 3.007182910143997947e-13 1.557726551707718106e-13 -3.209173154336113178e-18 0.000000000000000000e+00 0.000000000000000000e+00
3.230000000000000000e+03 3.046408743070463577e-13 1.481887171901681818e-13 -2.141773445062334760e-18 0.000000000000000000e+00 0.000000000000000000e+00
3.231000000000000000e+03 3.085634575996928702e-13 1.406047792095645530e-13 -1.074373735788555571e-18 0.000000000000000000e+00 0.000000000000000000e+00
3.232000000000000000e+03 3.124860408923393827e-13 1.330208412289608990e-13 -6.974026514777152200e-21 0.000000000000000000e+00 0.000000000000000000e+00
3.233000000000000000e+03 3.164086241849859457e-13 1.254369032483572702e-13 1.060425682759002037e-18 0.000000000000000000e+00 0.000000000000000000e+00
3.234000000000000000e+03 3.203312074776324582e-13 1.178529652677536415e-13 2.127825392032781226e-18 0.000000000000000000e+00 0.000000000000000000e+00
3.235000000000000000e+03 3.187422770625874424e-13 1.111934990575286205e-13 2.924949097468372909e-18 0.000000000000000000e+00 0.000000000000000000e+00
3.236000000000000000e+03 3.116418329398508477e-13 1.054585046176822072e-13 3.451796799065779783e-18 0.000000000000000000e+00 0.000000000000000000e+00
3.237000000000000000e+03 3.045413888171142530e-13 9.972351017783581924e-14 3.978644500663185887e-18 0.000000000000000000e+00 0.000000000000000000e+00
3.238000000000000000e+03 2.974409446943777088e-13 9.398851573798940600e-14 4.505492202260593146e-18 0.000000000000000000e+00 0.000000000000000000e+00
3.239000000000000000e+03 2.903405005716411141e-13 8.825352129814301800e-14 5.032339903857999635e-18 0.000000000000000000e+00 0.000000000000000000e+00
3.240000000000000000e+03 2.832400564489045195e-13 8.251852685829660476e-14 5.559187605455406124e-18 0.000000000000000000e+00 0.000000000000000000e+00
3.241000000000000000e+03 2.761396123261679248e-13 7.678353241845021676e-14 6.086035307052813383e-18 0.000000000000000000e+00 0.000000000000000000e+00
3.242000000000000000e+03 2.690391682034313806e-13 7.104853797860380352e-14 6.612883008650219102e-18 0.000000000000000000e+00 0.000000000000000000e+00
3.243000000000000000e+03 2.619387240806947859e-13 6.531354353875741553e-14 7.139730710247626361e-18 0.000000000000000000e+00 0.000000000000000000e+00
3.244000000000000000e+03 2.548382799579581912e-13 5.957854909891100229e-14 7.666578411845033620e-18 0.000000000000000000e+00 0.000000000000000000e+00
3.245000000000000000e+03 2.410519050866677143e-13 5.473773731091398132e-14 7.609624410878497314e-18 0.000000000000000000e+00 0.000000000000000000e+00
3.246000000000000000e+03 2.205795994668232288e-13 5.079110817476632108e-14 6.968868707348020523e-18 0.000000000000000000e+00 0.000000000000000000e+00
3.247000000000000000e+03 2.001072938469787685e-13 4.684447903861866084e-14 6.328113003817543733e-18 0.000000000000000000e+00 0.000000000000000000e+00
3.248000000000000000e+03 1.796349882271343335e-13 4.289784990247100060e-14 5.687357300287067713e-18 0.000000000000000000e+00 0.000000000000000000e+00
3.249000000000000000e+03 1.591626826072898733e-13 3.895122076632334036e-14 5.046601596756590922e-18 0.000000000000000000e+00 0.000000000000000000e+00
3.250000000000000000e+03 1.386903769874454130e-13 3.500459163017568011e-14 4.405845893226114132e-18 0.000000000000000000e+00 0.000000000000000000e+00
3.251000000000000000e+03 1.182180713676009528e-13 3.105796249402802618e-14 3.765090189695638111e-18 0.000000000000000000e+00 0.000000000000000000e+00
3.252000000000000000e+03 9.774576574775649251e-14 2.711133335788035963e-14 3.124334486165161321e-18 0.000000000000000000e+00 0.000000000000000000e+00
3.253000000000000000e+03 7.727346012791203226e-14 2.316470422173270570e-14 2.483578782634684530e-18 0.000000000000000000e+00 0.000000000000000000e+00
3.254000000000000000e+03 5.680115450806757201e-14 1.921807508558504546e-14 1.842823079104207740e-18 0.000000000000000000e+00 0.000000000000000000e+00
3.255000000000000000e+03 3.265992110559769526e-14 1.637823603983169889e-14 8.867210666675351086e-19 0.000000000000000000e+00 0.000000000000000000e+00
3.256000000000000000e+03 4.849759920502401999e-15 1.464518708447267545e-14 -3.847272546753343267e-19 0.000000000000000000e+00 0.000000000000000000e+00
3.257000000000000000e+03 -2.296040126459289126e-14 1.291213812911365201e-14 -1.656175576018203569e-18 0.000000000000000000e+00 0.000000000000000000e+00
3.258000000000000000e+03 -5.077056244968818452e-14 1.117908917375462858e-14 -2.927623897361073005e-18 0.000000000000000000e+00 0.000000000000000000e+00
3.259000000000000000e+03 -7.858072363478347778e-14 9.446040218395603563e-15 -4.199072218703942247e-18 0.000000000000000000e+00 0.000000000000000000e+00
3.260000000000000000e+03 -1.063908848198787710e-13 7.712991263036580127e-15 -5.470520540046811490e-18 0.000000000000000000e+00 0.000000000000000000e+00
3.261000000000000000e+03 -1.342010460049740643e-13 5.979942307677556691e-15 -6.741968861389680733e-18 0.000000000000000000e+00 0.000000000000000000e+00
3.262000000000000000e+03 -1.620112071900693576e-13 4.246893352318531677e-15 -8.013417182732550746e-18 0.000000000000000000e+00 0.000000000000000000e+00
3.263000000000000000e+03 -1.898213683751646508e-13 2.513844396959508241e-15 -9.284865504075421529e-18 0.000000000000000000e+00 0.000000000000000000e+00
3.264000000000000000e+03 -2.176315295602599441e-13 7.807954416004848053e-16 -1.055631382541829077e-17 0.000000000000000000e+00 0.000000000000000000e+00
3.265000000000000000e+03 -2.487986306414350117e-13 -8.234682332634166114e-17 -9.786511257927265335e-18 0.000000000000000000e+00 0.000000000000000000e+00
3.266000000000000000e+03 -2.833226716186898537e-13 -7.558239782096778054e-17 -6.975457801602346760e-18 0.000000000000000000e+00 0.000000000000000000e+00
3.267000000000000000e+03 -3.178467125959446957e-13 -6.881797231559389994e-17 -4.164404345277428184e-18 0.000000000000000000e+00 0.000000000000000000e+00
3.268000000000000000e+03 -3.523707535731995881e-13 -6.205354681022000702e-17 -1.353350888952509609e-18 0.000000000000000000e+00 0.000000000000000000e+00
3.269000000000000000e+03 -3.868947945504544301e-13 -5.528912130484612642e-17 1.457702567372408967e-18 0.000000000000000000e+00 0.000000000000000000e+00
3.270000000000000000e+03 -4.214188355277092721e-13 -4.852469579947224582e-17 4.268756023697327542e-18 0.000000000000000000e+00 0.000000000000000000e+00
3.271000000000000000e+03 -4.559428765049641646e-13 -4.176027029409836522e-17 7.079809480022246117e-18 0.000000000000000000e+00 0.000000000000000000e+00
3.272000000000000000e+03 -4.904669174822189561e-13 -3.499584478872447846e-17 9.890862936347164693e-18 0.000000000000000000e+00 0.000000000000000000e+00
3.273000000000000000e+03 -5.249909584594738485e-13 -2.823141928335059170e-17 1.270191639267208327e-17 0.000000000000000000e+00 0.000000000000000000e+00
3.274000000000000000e+03 -5.595149994367287410e-13 -2.146699377797671110e-17 1.551296984899700338e-17 0.000000000000000000e+00 0.000000000000000000e+00
3.275000000000000000e+03 -5.943401792241979995e-13 -1.545620290966341733e-17 1.680433178212353495e-17 0.000000000000000000e+00 0.000000000000000000e+00
3.276000000000000000e+03 -6.294664978218816241e-13 -1.019904667841070424e-17 1.657600219205168258e-17 0.000000000000000000e+00 0.000000000000000000e+00
3.277000000000000000e+03 -6.645928164195651477e-13 -4.941890447157991145e-18 1.634767260197982714e-17 0.000000000000000000e+00 0.000000000000000000e+00
3.278000000000000000e+03 -6.997191350172487723e-13 3.152657840947219486e-19 1.611934301190797169e-17 0.000000000000000000e+00 0.000000000000000000e+00
3.279000000000000000e+03 -7.348454536149323969e-13 5.572422015347435042e-18 1.589101342183611933e-17 0.000000000000000000e+00 0.000000000000000000e+00
3.280000000000000000e+03 -7.699717722126160215e-13 1.082957824660014814e-17 1.566268383176426388e-17 0.000000000000000000e+00 0.000000000000000000e+00
3.281000000000000000e+03 -8.050980908102996461e-13 1.608673447785286123e-17 1.543435424169241152e-17 0.000000000000000000e+00 0.000000000000000000e+00
3.282000000000000000e+03 -8.402244094079832707e-13 2.134389070910557432e-17 1.520602465162055607e-17 0.000000000000000000e+00 0.000000000000000000e+00
3.283000000000000000e+03 -8.753507280056668953e-13 2.660104694035828742e-17 1.497769506154870371e-17 0.000000000000000000e+00 0.000000000000000000e+00
3.284000000000000000e+03 -9.104770466033503180e-13 3.185820317161099743e-17 1.474936547147684826e-17 0.000000000000000000e+00 0.000000000000000000e+00
3.285000000000000000e+03 -9.473590848330614533e-13 3.798741734037891246e-17 1.392304654826866874e-17 0.000000000000000000e+00 0.000000000000000000e+00
3.286000000000000000e+03 -9.859968426948000993e-13 4.498868944666202325e-17 1.249873829192416514e-17 0.000000000000000000e+00 0.000000000000000000e+00
3.287000000000000000e+03 -1.024634600556538745e-12 5.198996155294514021e-17 1.107443003557966309e-17 0.000000000000000000e+00 0.000000000000000000e+00
3.288000000000000000e+03 -1.063272358418277391e-12 5.899123365922825100e-17 9.650121779235161029e-18 0.000000000000000000e+00 0.000000000000000000e+00
3.289000000000000000e+03 -1.101910116280016037e-12 6.599250576551136796e-17 8.225813522890657432e-18 0.000000000000000000e+00 0.000000000000000000e+00
3.290000000000000000e+03 -1.140547874141754481e-12 7.299377787179447260e-17 6.801505266546153835e-18 0.000000000000000000e+00 0.000000000000000000e+00
3.291000000000000000e+03 -1.179185632003493127e-12 7.999504997807760188e-17 5.377197010201650238e-18 0.000000000000000000e+00 0.000000000000000000e+00
3.292000000000000000e+03 -1.217823389865231773e-12 8.699632208436070651e-17 3.952888753857148181e-18 0.000000000000000000e+00 0.000000000000000000e+00
3.293000000000000000e+03 -1.256461147726970419e-12 9.399759419064381115e-17 2.528580497512644584e-18 0.000000000000000000e+00 0.000000000000000000e+00
3.294000000000000000e+03 -1.295098905588709065e-12 1.009988662969269404e-16 1.104272241168142528e-18 0.000000000000000000e+00 0.000000000000000000e+00
3.295000000000000000e+03 -1.330558636720116062e-12 1.055751958025988283e-16 1.882070633585479913e-19 0.000000000000000000e+00 0.000000000000000000e+00
3.296000000000000000e+03 -1.362840341121191815e-12 1.077265827076595117e-16 -2.196150359161376287e-19 0.000000000000000000e+00 0.000000000000000000e+00
3.297000000000000000e+03 -1.395122045522267365e-12 1.098779696127201951e-16 -6.274371351908231525e-19 0.000000000000000000e+00 0.000000000000000000e+00
3.298000000000000000e+03 -1.427403749923343117e-12 1.120293565177808662e-16 -1.035259234465508821e-18 0.000000000000000000e+00 0.000000000000000000e+00
3.299000000000000000e+03 -1.459685454324418667e-12 1.141807434228415620e-16 -1.443081333740194296e-18 0.000000000000000000e+00 0.000000000000000000e+00
3.300000000000000000e+03 -1.491967158725494420e-12 1.163321303279022331e-16 -1.850903433014879772e-18 0.000000000000000000e+00 0.000000000000000000e+00
3.301000000000000000e+03 -1.524248863126569970e-12 1.184835172329629288e-16 -2.258725532289565633e-18 0.000000000000000000e+00 0.000000000000000000e+00
3.302000000000000000e+03 -1.556530567527645722e-12 1.206349041380235999e-16 -2.666547631564251108e-18 0.000000000000000000e+00 0.000000000000000000e+00
3.303000000000000000e+03 -1.588812271928721272e-12 1.227862910430842957e-16 -3.074369730838936584e-18 0.000000000000000000e+00 0.000000000000000000e+00
3.304000000000000000e+03 -1.621093976329797025e-12 1.249376779481449668e-16 -3.482191830113622444e-18 0.000000000000000000e+00 0.000000000000000000e+00
3.305000000000000000e+03 -1.643900911984358118e-12 1.288302667389489474e-16 -2.556364742220130879e-18 0.000000000000000000e+00 0.000000000000000000e+00
3.306000000000000000e+03 -1.657233078892404754e-12 1.344640574154962376e-16 -2.968884671584622724e-19 0.000000000000000000e+00 0.000000000000000000e+00
3.307000000000000000e+03 -1.670565245800451593e-12 1.400978480920435524e-16 1.962587807903205564e-18 0.000000000000000000e+00 0.000000000000000000e+00
3.308000000000000000e+03 -1.683897412708498229e-12 1.457316387685908426e-16 4.222064082964874170e-18 0.000000000000000000e+00 0.000000000000000000e+00
3.309000000000000000e+03 -1.697229579616544866e-12 1.513654294451381328e-16 6.481540358026542007e-18 0.000000000000000000e+00 0.000000000000000000e+00
3.310000000000000000e+03 -1.710561746524591704e-12 1.569992201216854230e-16 8.741016633088210613e-18 0.000000000000000000e+00 0.000000000000000000e+00
3.311000000000000000e+03 -1.723893913432638340e-12 1.626330107982327132e-16 1.100049290814987845e-17 0.000000000000000000e+00 0.000000000000000000e+00
3.312000000000000000e+03 -1.737226080340684977e-12 1.682668014747800033e-16 1.325996918321154629e-17 0.000000000000000000e+00 0.000000000000000000e+00
3.313000000000000000e+03 -1.750558247248731815e-12 1.739005921513272935e-16 1.551944545827321412e-17 0.000000000000000000e+00 0.000000000000000000e+00
3.314000000000000000e+03 -1.763890414156778452e-12 1.795343828278746084e-16 1.777892173333488196e-17 0.000000000000000000e+00 0.000000000000000000e+00
3.315000000000000000e+03 -1.776067285885501947e-12 1.875920323042607435e-16 1.792974721642934612e-17 0.000000000000000000e+00 0.000000000000000000e+00
3.316000000000000000e+03 -1.787088862434902099e-12 1.980735405804857481e-16 1.597192190755660660e-17 0.000000000000000000e+00 0.000000000000000000e+00
3.317000000000000000e+03 -1.798110438984302453e-12 2.085550488567107281e-16 1.401409659868386708e-17 0.000000000000000000e+00 0.000000000000000000e+00
3.318000000000000000e+03 -1.809132015533702605e-12 2.190365571329357328e-16 1.205627128981112755e-17 0.000000000000000000e+00 0.000000000000000000e+00
3.319000000000000000e+03 -1.820153592083102958e-12 2.295180654091607374e-16 1.009844598093838803e-17 0.000000000000000000e+00 0.000000000000000000e+00
3.320000000000000000e+03 -1.831175168632503312e-12 2.399995736853857174e-16 8.140620672065648514e-18 0.000000000000000000e+00 0.000000000000000000e+00
3.321000000000000000e+03 -1.842196745181903262e-12 2.504810819616106974e-16 6.182795363192908994e-18 0.000000000000000000e+00 0.000000000000000000e+00
3.322000000000000000e+03 -1.853218321731303616e-12 2.609625902378356774e-16 4.224970054320169474e-18 0.000000000000000000e+00 0.000000000000000000e+00
3.323000000000000000e+03 -1.864239898280703970e-12 2.714440985140606575e-16 2.267144745447429954e-18 0.000000000000000000e+00 0.000000000000000000e+00
3.324000000000000000e+03 -1.875261474830104324e-12 2.819256067902856868e-16 3.093194365746904333e-19 0.000000000000000000e+00 0.000000000000000000e+00
3.325000000000000000e+03 -1.888885436393743506e-12 2.819164442248893868e-16 1.817143522687187705e-19 0.000000000000000000e+00 0.000000000000000000e+00
3.326000000000000000e+03 -1.905111782971622324e-12 2.714166108178718563e-16 1.884329492529517565e-18 0.000000000000000000e+00 0.000000000000000000e+00
3.327000000000000000e+03 -1.921338129549501142e-12 2.609167774108542764e-16 3.586944632790316264e-18 0.000000000000000000e+00 0.000000000000000000e+00
3.328000000000000000e+03 -1.937564476127379960e-12 2.504169440038366966e-16 5.289559773051114962e-18 0.000000000000000000e+00 0.000000000000000000e+00
3.329000000000000000e+03 -1.953790822705258779e-12 2.399171105968191661e-16 6.992174913311913660e-18 0.000000000000000000e+00 0.000000000000000000e+00
3.330000000000000000e+03 -1.970017169283137597e-12 2.294172771898015862e-16 8.694790053572713129e-18 0.000000000000000000e+00 0.000000000000000000e+00
3.331000000000000000e+03 -1.986243515861016415e-12 2.189174437827840557e-16 1.039740519383351260e-17 0.000000000000000000e+00 0.000000000000000000e+00
3.332000000000000000e+03 -2.002469862438895233e-12 2.084176103757664758e-16 1.210002033409431053e-17 0.000000000000000000e+00 0.000000000000000000e+00
3.333000000000000000e+03 -2.018696209016774051e-12 1.979177769687489206e-16 1.380263547435510845e-17 0.000000000000000000e+00 0.000000000000000000e+00
3.334000000000000000e+03 -2.034922555594652870e-12 1.874179435617313654e-16 1.550525061461590946e-17 0.000000000000000000e+00 0.000000000000000000e+00
3.335000000000000000e+03 -2.043356363959959856e-12 1.819782094347713772e-16 1.552819995508239904e-17 0.000000000000000000e+00 0.000000000000000000e+00
3.336000000000000000e+03 -2.043997634112695012e-12 1.815985745878689313e-16 1.387148349575457563e-17 0.000000000000000000e+00 0.000000000000000000e+00
3.337000000000000000e+03 -2.044638904265430167e-12 1.812189397409665347e-16 1.221476703642675376e-17 0.000000000000000000e+00 0.000000000000000000e+00
3.338000000000000000e+03 -2.045280174418165322e-12 1.808393048940640889e-16 1.055805057709893190e-17 0.000000000000000000e+00 0.000000000000000000e+00
3.339000000000000000e+03 -2.045921444570900478e-12 1.804596700471616923e-16 8.901334117771108491e-18 0.000000000000000000e+00 0.000000000000000000e+00
3.340000000000000000e+03 -2.046562714723635633e-12 1.800800352002592464e-16 7.244617658443286626e-18 0.000000000000000000e+00 0.000000000000000000e+00
3.341000000000000000e+03 -2.047203984876370788e-12 1.797004003533568498e-16 5.587901199115464760e-18 0.000000000000000000e+00 0.000000000000000000e+00
3.342000000000000000e+03 -2.047845255029105944e-12 1.793207655064544039e-16 3.931184739787642894e-18 0.000000000000000000e+00 0.000000000000000000e+00
3.343000000000000000e+03 -2.048486525181841099e-12 1.789411306595520073e-16 2.274468280459821029e-18 0.000000000000000000e+00 0.000000000000000000e+00
3.344000000000000000e+03 -2.049127795334576254e-12 1.785614958126495615e-16 6.177518211319976225e-19 0.000000000000000000e+00 0.000000000000000000e+00
3.345000000000000000e+03 -2.058025199084505662e-12 1.804155119325931575e-16 6.282934989081666790e-19 0.000000000000000000e+00 0.000000000000000000e+00
3.346000000000000000e+03 -2.075178736431628513e-12 1.845031790193827709e-16 2.306093313788323384e-18 0.000000000000000000e+00 0.000000000000000000e+00
3.347000000000000000e+03 -2.092332273778751768e-12 1.885908461061723842e-16 3.983893128668479510e-18 0.000000000000000000e+00 0.000000000000000000e+00
3.348000000000000000e+03 -2.109485811125874619e-12 1.926785131929619729e-16 5.661692943548636022e-18 0.000000000000000000e+00 0.000000000000000000e+00
3.349000000000000000e+03 -2.126639348472997874e-12 1.967661802797515863e-16 7.339492758428792534e-18 0.000000000000000000e+00 0.000000000000000000e+00
3.350000000000000000e+03 -2.143792885820120725e-12 2.008538473665411750e-16 9.017292573308950587e-18 0.000000000000000000e+00 0.000000000000000000e+00
3.351000000000000000e+03 -2.160946423167243980e-12 2.049415144533307883e-16 1.069509238818910556e-17 0.000000000000000000e+00 0.000000000000000000e+00
3.352000000000000000e+03 -2.178099960514366831e-12 2.090291815401203770e-16 1.237289220306926361e-17 0.000000000000000000e+00 0.000000000000000000e+00
3.353000000000000000e+03 -2.195253497861490086e-12 2.131168486269099904e-16 1.405069201794941704e-17 0.000000000000000000e+00 0.000000000000000000e+00
3.354000000000000000e+03 -2.212407035208612937e-12 2.172045157136996037e-16 1.572849183282957509e-17 0.000000000000000000e+00 0.000000000000000000e+00
3.355000000000000000e+03 -2.220042931513788801e-12 2.119444636347249723e-16 1.584615170716395435e-17 0.000000000000000000e+00 0.000000000000000000e+00
3.356000000000000000e+03 -2.218161186777017276e-12 1.973366923899860713e-16 1.440367164095256097e-17 0.000000000000000000e+00 0.000000000000000000e+00
3.357000000000000000e+03 -2.216279442040245750e-12 1.827289211452472197e-16 1.296119157474116759e-17 0.000000000000000000e+00 0.000000000000000000e+00
3.358000000000000000e+03 -2.214397697303474225e-12 1.681211499005083188e-16 1.151871150852977421e-17 0.000000000000000000e+00 0.000000000000000000e+00
3.359000000000000000e+03 -2.212515952566702699e-12 1.535133786557694671e-16 1.007623144231838083e-17 0.000000000000000000e+00 0.000000000000000000e+00
3.360000000000000000e+03 -2.210634207829931173e-12 1.389056074110305662e-16 8.633751376106987453e-18 0.000000000000000000e+00 0.000000000000000000e+00
3.361000000000000000e+03 -2.208752463093159648e-12 1.242978361662917146e-16 7.191271309895592533e-18 0.000000000000000000e+00 0.000000000000000000e+00
3.362000000000000000e+03 -2.206870718356388122e-12 1.096900649215528260e-16 5.748791243684199154e-18 0.000000000000000000e+00 0.000000000000000000e+00
3.363000000000000000e+03 -2.204988973619616596e-12 9.508229367681396200e-17 4.306311177472805775e-18 0.000000000000000000e+00 0.000000000000000000e+00
3.364000000000000000e+03 -2.203107228882845071e-12 8.047452243207506107e-17 2.863831111261412396e-18 0.000000000000000000e+00 0.000000000000000000e+00
3.365000000000000000e+03 -2.204155154094747796e-12 7.091838170731213036e-17 1.827497463486589015e-18 0.000000000000000000e+00 0.000000000000000000e+00
3.366000000000000000e+03 -2.208132749255324772e-12 6.641387150252509592e-17 1.197310234148334476e-18 0.000000000000000000e+00 0.000000000000000000e+00
3.367000000000000000e+03 -2.212110344415901748e-12 6.190936129773806148e-17 5.671230048100795527e-19 0.000000000000000000e+00 0.000000000000000000e+00
3.368000000000000000e+03 -2.216087939576478724e-12 5.740485109295101471e-17 -6.306422452817498563e-20 0.000000000000000000e+00 0.000000000000000000e+00
3.369000000000000000e+03 -2.220065534737055700e-12 5.290034088816398027e-17 -6.932514538664299091e-19 0.000000000000000000e+00 0.000000000000000000e+00
3.370000000000000000e+03 -2.224043129897632675e-12 4.839583068337694583e-17 -1.323438683204684447e-18 0.000000000000000000e+00 0.000000000000000000e+00
3.371000000000000000e+03 -2.228020725058209651e-12 4.389132047858991139e-17 -1.953625912542939371e-18 0.000000000000000000e+00 0.000000000000000000e+00
3.372000000000000000e+03 -2.231998320218786627e-12 3.938681027380287078e-17 -2.583813141881194295e-18 0.000000000000000000e+00 0.000000000000000000e+00
3.373000000000000000e+03 -2.235975915379363603e-12 3.488230006901583634e-17 -3.214000371219448448e-18 0.000000000000000000e+00 0.000000000000000000e+00
3.374000000000000000e+03 -2.239953510539940579e-12 3.037778986422879573e-17 -3.844187600557703371e-18 0.000000000000000000e+00 0.000000000000000000e+00
3.375000000000000000e+03 -2.245242128293003038e-12 3.510272288856235923e-17 -3.839062235692363691e-18 0.000000000000000000e+00 0.000000000000000000e+00
3.376000000000000000e+03 -2.251841768638550576e-12 4.905709914201652066e-17 -3.198624276623429023e-18 0.000000000000000000e+00 0.000000000000000000e+00
3.377000000000000000e+03 -2.258441408984098518e-12 6.301147539547068209e-17 -2.558186317554494739e-18 0.000000000000000000e+00 0.000000000000000000e+00
3.378000000000000000e+03 -2.265041049329646460e-12 7.696585164892484352e-17 -1.917748358485560456e-18 0.000000000000000000e+00 0.000000000000000000e+00
3.379000000000000000e+03 -2.271640689675193998e-12 9.092022790237900495e-17 -1.277310399416626172e-18 0.000000000000000000e+00 0.000000000000000000e+00
3.380000000000000000e+03 -2.278240330020741940e-12 1.048746041558331664e-16 -6.368724403476915039e-19 0.000000000000000000e+00 0.000000000000000000e+00
3.381000000000000000e+03 -2.284839970366289478e-12 1.188289804092873278e-16 3.565518721242009171e-21 0.000000000000000000e+00 0.000000000000000000e+00
3.382000000000000000e+03 -2.291439610711837420e-12 1.327833566627414892e-16 6.440034777901770629e-19 0.000000000000000000e+00 0.000000000000000000e+00
3.383000000000000000e+03 -2.298039251057385362e-12 1.467377329161956753e-16 1.284441436859110576e-18 0.000000000000000000e+00 0.000000000000000000e+00
3.384000000000000000e+03 -2.304638891402932901e-12 1.606921091696498121e-16 1.924879395928045630e-18 0.000000000000000000e+00 0.000000000000000000e+00
3.385000000000000000e+03 -2.311757212927106150e-12 1.663517369293756784e-16 2.109522149973894130e-18 0.000000000000000000e+00 0.000000000000000000e+00
3.386000000000000000e+03 -2.319394215629905110e-12 1.637166161953732497e-16 1.838369698996656846e-18 0.000000000000000000e+00 0.000000000000000000e+00
3.387000000000000000e+03 -2.327031218332704070e-12 1.610814954613707963e-16 1.567217248019419562e-18 0.000000000000000000e+00 0.000000000000000000e+00
3.388000000000000000e+03 -2.334668221035503030e-12 1.584463747273683675e-16 1.296064797042182279e-18 0.000000000000000000e+00 0.000000000000000000e+00
3.389000000000000000e+03 -2.342305223738301990e-12 1.558112539933659141e-16 1.024912346064944995e-18 0.000000000000000000e+00 0.000000000000000000e+00
3.390000000000000000e+03 -2.349942226441100546e-12 1.531761332593634853e-16 7.537598950877077111e-19 0.000000000000000000e+00 0.000000000000000000e+00
3.391000000000000000e+03 -2.357579229143899506e-12 1.505410125253610319e-16 4.826074441104704274e-19 0.000000000000000000e+00 0.000000000000000000e+00
3.392000000000000000e+03 -2.365216231846698466e-12 1.479058917913586031e-16 2.114549931332331437e-19 0.000000000000000000e+00 0.000000000000000000e+00
3.393000000000000000e+03 -2.372853234549497427e-12 1.452707710573561497e-16 -5.969745784400413999e-20 0.000000000000000000e+00 0.000000000000000000e+00
3.394000000000000000e+03 -2.380490237252296387e-12 1.426356503233537210e-16 -3.308499088212414237e-19 0.000000000000000000e+00 0.000000000000000000e+00
3.395000000000000000e+03 -2.387218363776655395e-12 1.347132824918067423e-16 2.230151980297135219e-19 0.000000000000000000e+00 0.000000000000000000e+00
3.396000000000000000e+03 -2.393037614122574452e-12 1.215036675627152629e-16 1.601897862708860312e-18 0.000000000000000000e+00 0.000000000000000000e+00
3.397000000000000000e+03 -2.398856864468493509e-12 1.082940526336237713e-16 2.980780527388007487e-18 0.000000000000000000e+00 0.000000000000000000e+00
3.398000000000000000e+03 -2.404676114814412566e-12 9.508443770453227959e-17 4.359663192067155047e-18 0.000000000000000000e+00 0.000000000000000000e+00
3.399000000000000000e+03 -2.410495365160331623e-12 8.187482277544080025e-17 5.738545856746301451e-18 0.000000000000000000e+00 0.000000000000000000e+00
3.400000000000000000e+03 -2.416314615506251083e-12 6.866520784634930858e-17 7.117428521425447856e-18 0.000000000000000000e+00 0.000000000000000000e+00
3.401000000000000000e+03 -2.422133865852170140e-12 5.545559291725781692e-17 8.496311186104594260e-18 0.000000000000000000e+00 0.000000000000000000e+00
3.402000000000000000e+03 -2.427953116198089197e-12 4.224597798816632525e-17 9.875193850783742206e-18 0.000000000000000000e+00 0.000000000000000000e+00
3.403000000000000000e+03 -2.433772366544008254e-12 2.903636305907483358e-17 1.125407651546288861e-17 0.000000000000000000e+00 0.000000000000000000e+00
3.404000000000000000e+03 -2.439591616889927311e-12 1.582674812998335424e-17 1.263295918014203656e-17 0.000000000000000000e+00 0.000000000000000000e+00
3.405000000000000000e+03 -2.442129299674538574e-12 1.572225631999576996e-17 1.336133822191069091e-17 0.000000000000000000e+00 0.000000000000000000e+00
3.406000000000000000e+03 -2.441385414897841639e-12 2.872288762911208690e-17 1.343921364076885475e-17 0.000000000000000000e+00 0.000000000000000000e+00
3.407000000000000000e+03 -2.440641530121144300e-12 4.172351893822840383e-17 1.351708905962701706e-17 0.000000000000000000e+00 0.000000000000000000e+00
3.408000000000000000e+03 -2.439897645344447365e-12 5.472415024734472077e-17 1.359496447848518090e-17 0.000000000000000000e+00 0.000000000000000000e+00
3.409000000000000000e+03 -2.439153760567750430e-12 6.772478155646103154e-17 1.367283989734334474e-17 0.000000000000000000e+00 0.000000000000000000e+00
3.410000000000000000e+03 -2.438409875791053091e-12 8.072541286557735464e-17 1.375071531620150705e-17 0.000000000000000000e+00 0.000000000000000000e+00
3.411000000000000000e+03 -2.437665991014356156e-12 9.372604417469366542e-17 1.382859073505967089e-17 0.000000000000000000e+00 0.000000000000000000e+00
3.412000000000000000e+03 -2.436922106237659221e-12 1.067266754838099762e-16 1.390646615391783474e-17 0.000000000000000000e+00 0.000000000000000000e+00
3.413000000000000000e+03 -2.436178221460961882e-12 1.197273067929262870e-16 1.398434157277599704e-17 0.000000000000000000e+00 0.000000000000000000e+00
3.414000000000000000e+03 -2.435434336684264947e-12 1.327279381020426101e-16 1.406221699163415934e-17 0.000000000000000000e+00 0.000000000000000000e+00
3.415000000000000000e+03 -2.437652690461540605e-12 1.472918699469613874e-16 1.477661009919628533e-17 0.000000000000000000e+00 0.000000000000000000e+00
3.416000000000000000e+03 -2.442833282792788857e-12 1.634191023276826683e-16 1.612752089546237810e-17 0.000000000000000000e+00 0.000000000000000000e+00
3.417000000000000000e+03 -2.448013875124037108e-12 1.795463347084039492e-16 1.747843169172846470e-17 0.000000000000000000e+00 0.000000000000000000e+00
3.418000000000000000e+03 -2.453194467455285359e-12 1.956735670891252301e-16 1.882934248799455746e-17 0.000000000000000000e+00 0.000000000000000000e+00
3.419000000000000000e+03 -2.458375059786533611e-12 2.118007994698464863e-16 2.018025328426064406e-17 0.000000000000000000e+00 0.000000000000000000e+00
3.420000000000000000e+03 -2.463555652117782266e-12 2.279280318505677919e-16 2.153116408052673682e-17 0.000000000000000000e+00 0.000000000000000000e+00
3.421000000000000000e+03 -2.468736244449030517e-12 2.440552642312890481e-16 2.288207487679282342e-17 0.000000000000000000e+00 0.000000000000000000e+00
3.422000000000000000e+03 -2.473916836780278768e-12 2.601824966120103044e-16 2.423298567305891618e-17 0.000000000000000000e+00 0.000000000000000000e+00
3.423000000000000000e+03 -2.479097429111527020e-12 2.763097289927316099e-16 2.558389646932500278e-17 0.000000000000000000e+00 0.000000000000000000e+00
3.424000000000000000e+03 -2.484278021442775271e-12 2.924369613734528661e-16 2.693480726559109554e-17 0.000000000000000000e+00 0.000000000000000000e+00
3.425000000000000000e+03 -2.493993045832320865e-12 3.014146821831736363e-16 2.784155298569648004e-17 0.000000000000000000e+00 0.000000000000000000e+00
3.426000000000000000e+03 -2.508242502280163801e-12 3.032428914218938218e-16 2.830413362964116243e-17 0.000000000000000000e+00 0.000000000000000000e+00
3.427000000000000000e+03 -2.522491958728006738e-12 3.050711006606140073e-16 2.876671427358584481e-17 0.000000000000000000e+00 0.000000000000000000e+00
3.428000000000000000e+03 -2.536741415175849674e-12 3.068993098993342422e-16 2.922929491753052720e-17 0.000000000000000000e+00 0.000000000000000000e+00
3.429000000000000000e+03 -2.550990871623692611e-12 3.087275191380544277e-16 2.969187556147520959e-17 0.000000000000000000e+00 0.000000000000000000e+00
3.430000000000000000e+03 -2.565240328071535951e-12 3.105557283767746132e-16 3.015445620541988582e-17 0.000000000000000000e+00 0.000000000000000000e+00
3.431000000000000000e+03 -2.579489784519378887e-12 3.123839376154947987e-16 3.061703684936456821e-17 0.000000000000000000e+00 0.000000000000000000e+00
3.432000000000000000e+03 -2.593739240967221824e-12 3.142121468542150335e-16 3.107961749330925059e-17 0.000000000000000000e+00 0.000000000000000000e+00
3.433000000000000000e+03 -2.607988697415064760e-12 3.160403560929352190e-16 3.154219813725393298e-17 0.000000000000000000e+00 0.000000000000000000e+00
3.434000000000000000e+03 -2.622238153862907697e-12 3.178685653316554046e-16 3.200477878119861537e-17 0.000000000000000000e+00 0.000000000000000000e+00
3.435000000000000000e+03 -2.629020511570395942e-12 3.095932125015704555e-16 3.054600708689635547e-17 0.000000000000000000e+00 0.000000000000000000e+00
3.436000000000000000e+03 -2.628335770537529900e-12 2.912142976026803227e-16 2.716588305434715636e-17 0.000000000000000000e+00 0.000000000000000000e+00
3.437000000000000000e+03 -2.627651029504663454e-12 2.728353827037902391e-16 2.378575902179795724e-17 0.000000000000000000e+00 0.000000000000000000e+00
3.438000000000000000e+03 -2.626966288471797412e-12 2.544564678049001063e-16 2.040563498924875505e-17 0.000000000000000000e+00 0.000000000000000000e+00
3.439000000000000000e+03 -2.626281547438931370e-12 2.360775529060099734e-16 1.702551095669955594e-17 0.000000000000000000e+00 0.000000000000000000e+00
3.440000000000000000e+03 -2.625596806406064924e-12 2.176986380071198405e-16 1.364538692415035375e-17 0.000000000000000000e+00 0.000000000000000000e+00
3.441000000000000000e+03 -2.624912065373198882e-12 1.993197231082297077e-16 1.026526289160115463e-17 0.000000000000000000e+00 0.000000000000000000e+00
3.442000000000000000e+03 -2.624227324340332840e-12 1.809408082093395995e-16 6.885138859051955521e-18 0.000000000000000000e+00 0.000000000000000000e+00
3.443000000000000000e+03 -2.623542583307466394e-12 1.625618933104494666e-16 3.505014826502756409e-18 0.000000000000000000e+00 0.000000000000000000e+00
3.444000000000000000e+03 -2.622857842274600352e-12 1.441829784115593584e-16 1.248907939535542158e-19 0.000000000000000000e+00 0.000000000000000000e+00
3.445000000000000000e+03 -2.623787448797898778e-12 1.417062619454194404e-16 -1.783997887221060087e-19 0.000000000000000000e+00 0.000000000000000000e+00
3.446000000000000000e+03 -2.626331402877361673e-12 1.551317439120297619e-16 2.595143078475769958e-18 0.000000000000000000e+00 0.000000000000000000e+00
3.447000000000000000e+03 -2.628875356956824973e-12 1.685572258786400835e-16 5.368685945673647465e-18 0.000000000000000000e+00 0.000000000000000000e+00
3.448000000000000000e+03 -2.631419311036287868e-12 1.819827078452504050e-16 8.142228812871523047e-18 0.000000000000000000e+00 0.000000000000000000e+00
3.449000000000000000e+03 -2.633963265115750763e-12 1.954081898118607018e-16 1.091577168006940017e-17 0.000000000000000000e+00 0.000000000000000000e+00
3.450000000000000000e+03 -2.636507219195214062e-12 2.088336717784710480e-16 1.368931454726727575e-17 0.000000000000000000e+00 0.000000000000000000e+00
3.451000000000000000e+03 -2.639051173274676958e-12 2.222591537450813449e-16 1.646285741446515287e-17 0.000000000000000000e+00 0.000000000000000000e+00
3.452000000000000000e+03 -2.641595127354139853e-12 2.356846357116916417e-16 1.923640028166302999e-17 0.000000000000000000e+00 0.000000000000000000e+00
3.453000000000000000e+03 -2.644139081433603152e-12 2.491101176783019879e-16 2.200994314886090404e-17 0.000000000000000000e+00 0.000000000000000000e+00
3.454000000000000000e+03 -2.646683035513066047e-12 2.625355996449123341e-16 2.478348601605878116e-17 0.000000000000000000e+00 0.000000000000000000e+00
3.455000000000000000e+03 -2.650157101680003451e-12 2.611796735008919705e-16 2.481384977189507287e-17 0.000000000000000000e+00 0.000000000000000000e+00
3.456000000000000000e+03 -2.654561279934415363e-12 2.450423392462409958e-16 2.210103441636977917e-17 0.000000000000000000e+00 0.000000000000000000e+00
3.457000000000000000e+03 -2.658965458188826871e-12 2.289050049915900211e-16 1.938821906084448856e-17 0.000000000000000000e+00 0.000000000000000000e+00
3.458000000000000000e+03 -2.663369636443238380e-12 2.127676707369390218e-16 1.667540370531919486e-17 0.000000000000000000e+00 0.000000000000000000e+00
3.459000000000000000e+03 -2.667773814697650292e-12 1.966303364822880471e-16 1.396258834979390425e-17 0.000000000000000000e+00 0.000000000000000000e+00
3.460000000000000000e+03 -2.672177992952061800e-12 1.804930022276370477e-16 1.124977299426861055e-17 0.000000000000000000e+00 0.000000000000000000e+00
3.461000000000000000e+03 -2.676582171206473712e-12 1.643556679729860730e-16 8.536957638743319940e-18 0.000000000000000000e+00 0.000000000000000000e+00
3.462000000000000000e+03 -2.680986349460885220e-12 1.482183337183350983e-16 5.824142283218026244e-18 0.000000000000000000e+00 0.000000000000000000e+00
3.463000000000000000e+03 -2.685390527715296729e-12 1.320809994636841236e-16 3.111326927692735629e-18 0.000000000000000000e+00 0.000000000000000000e+00
3.464000000000000000e+03 -2.689794705969708641e-12 1.159436652090331489e-16 3.985115721674419334e-19 0.000000000000000000e+00 0.000000000000000000e+00
3.465000000000000000e+03 -2.696239621328751526e-12 1.147849563786427116e-16 -9.100013003154437829e-19 0.000000000000000000e+00 0.000000000000000000e+00
3.466000000000000000e+03 -2.704725273792426192e-12 1.286048729725128857e-16 -8.142116897559233492e-19 0.000000000000000000e+00 0.000000000000000000e+00
3.467000000000000000e+03 -2.713210926256100454e-12 1.424247895663830351e-16 -7.184220791964029155e-19 0.000000000000000000e+00 0.000000000000000000e+00
3.468000000000000000e+03 -2.721696578719775120e-12 1.562447061602532091e-16 -6.226324686368825781e-19 0.000000000000000000e+00 0.000000000000000000e+00
3.469000000000000000e+03 -2.730182231183449382e-12 1.700646227541233585e-16 -5.268428580773621445e-19 0.000000000000000000e+00 0.000000000000000000e+00
3.470000000000000000e+03 -2.738667883647124048e-12 1.838845393479935326e-16 -4.310532475178418071e-19 0.000000000000000000e+00 0.000000000000000000e+00
3.471000000000000000e+03 -2.747153536110798310e-12 1.977044559418636820e-16 -3.352636369583213734e-19 0.000000000000000000e+00 0.000000000000000000e+00
3.472000000000000000e+03 -2.755639188574472976e-12 2.115243725357338560e-16 -2.394740263988009397e-19 0.000000000000000000e+00 0.000000000000000000e+00
3.473000000000000000e+03 -2.764124841038147239e-12 2.253442891296040054e-16 -1.436844158392806024e-19 0.000000000000000000e+00 0.000000000000000000e+00
3.474000000000000000e+03 -2.772610493501821905e-12 2.391642057234741548e-16 -4.789480527976016869e-20 0.000000000000000000e+00 0.000000000000000000e+00
3.475000000000000000e+03 -2.780983046826450367e-12 2.435542079903798660e-16 1.078543791429385754e-18 0.000000000000000000e+00 0.000000000000000000e+00
3.476000000000000000e+03 -2.789242501012033030e-12 2.385142959303210897e-16 3.235631374288157263e-18 0.000000000000000000e+00 0.000000000000000000e+00
3.477000000000000000e+03 -2.797501955197616096e-12 2.334743838702623133e-16 5.392718957146928387e-18 0.000000000000000000e+00 0.000000000000000000e+00
3.478000000000000000e+03 -2.805761409383198759e-12 2.284344718102035369e-16 7.549806540005700666e-18 0.000000000000000000e+00 0.000000000000000000e+00
3.479000000000000000e+03 -2.814020863568781422e-12 2.233945597501447606e-16 9.706894122864471405e-18 0.000000000000000000e+00 0.000000000000000000e+00
3.480000000000000000e+03 -2.822280317754364488e-12 2.183546476900859842e-16 1.186398170572324368e-17 0.000000000000000000e+00 0.000000000000000000e+00
3.481000000000000000e+03 -2.830539771939947151e-12 2.133147356300272079e-16 1.402106928858201596e-17 0.000000000000000000e+00 0.000000000000000000e+00
3.482000000000000000e+03 -2.838799226125529814e-12 2.082748235699684315e-16 1.617815687144078670e-17 0.000000000000000000e+00 0.000000000000000000e+00
3.483000000000000000e+03 -2.847058680311112880e-12 2.032349115099096551e-16 1.833524445429955744e-17 0.000000000000000000e+00 0.000000000000000000e+00
3.484000000000000000e+03 -2.855318134496695543e-12 1.981949994498508788e-16 2.049233203715832818e-17 0.000000000000000000e+00 0.000000000000000000e+00
3.485000000000000000e+03 -2.853514095683939958e-12 2.013681575710832876e-16 2.182678616800435637e-17 0.000000000000000000e+00 0.000000000000000000e+00
3.486000000000000000e+03 -2.841646563872845721e-12 2.127543858736068569e-16 2.233860684683763585e-17 0.000000000000000000e+00 0.000000000000000000e+00
3.487000000000000000e+03 -2.829779032061751887e-12 2.241406141761304509e-16 2.285042752567091842e-17 0.000000000000000000e+00 0.000000000000000000e+00
3.488000000000000000e+03 -2.817911500250657650e-12 2.355268424786540449e-16 2.336224820450419790e-17 0.000000000000000000e+00 0.000000000000000000e+00
3.489000000000000000e+03 -2.806043968439563817e-12 2.469130707811776389e-16 2.387406888333747738e-17 0.000000000000000000e+00 0.000000000000000000e+00
3.490000000000000000e+03 -2.794176436628469580e-12 2.582992990837012329e-16 2.438588956217075994e-17 0.000000000000000000e+00 0.000000000000000000e+00
3.491000000000000000e+03 -2.782308904817375747e-12 2.696855273862248269e-16 2.489771024100403943e-17 0.000000000000000000e+00 0.000000000000000000e+00
3.492000000000000000e+03 -2.770441373006281510e-12 2.810717556887483715e-16 2.540953091983731891e-17 0.000000000000000000e+00 0.000000000000000000e+00
3.493000000000000000e+03 -2.758573841195187677e-12 2.924579839912719655e-16 2.592135159867059839e-17 0.000000000000000000e+00 0.000000000000000000e+00
3.494000000000000000e+03 -2.746706309384093439e-12 3.038442122937955595e-16 2.643317227750388095e-17 0.000000000000000000e+00 0.000000000000000000e+00
3.495000000000000000e+03 -2.734838777572999606e-12 3.152304405963191535e-16 2.694499295633716044e-17 0.000000000000000000e+00 0.000000000000000000e+00
3.496000000000000000e+03 -2.734838777572999606e-12 3.152304405963191535e-16 2.694499295633716044e-17 0.000000000000000000e+00 0.000000000000000000e+00
3.497000000000000000e+03 -2.734838777572999606e-12 3.152304405963191535e-16 2.694499295633716044e-17 0.000000000000000000e+00 0.000000000000000000e+00
3.498000000000000000e+03 -2.734838777572999606e-12 3.152304405963191535e-16 2.694499295633716044e-17 0.000000000000000000e+00 0.000000000000000000e+00
3.499000000000000000e+03 -2.734838777572999606e-12 3.152304405963191535e-16 2.694499295633716044e-17 0.000000000000000000e+00 0.000000000000000000e+00
3.500000000000000000e+03 -2.734838777572999606e-12 3.152304405963191535e-16 2.694499295633716044e-17 0.000000000000000000e+00 0.000000000000000000e+00
