0.000000000000000000e+00 0.000000000000000000e+00 0.000000000000000000e+00 0.000000000000000000e+00 0.000000000000000000e+00 0.000000000000000000e+00
1.000000000000000000e+00 0.000000000000000000e+00 0.000000000000000000e+00 0.000000000000000000e+00 0.000000000000000000e+00 0.000000000000000000e+00
2.000000000000000000e+00 0.000000000000000000e+00 0.000000000000000000e+00 0.000000000000000000e+00 0.000000000000000000e+00 0.000000000000000000e+00
3.000000000000000000e+00 0.000000000000000000e+00 0.000000000000000000e+00 0.000000000000000000e+00 0.000000000000000000e+00 0.000000000000000000e+00
4.000000000000000000e+00 0.000000000000000000e+00 0.000000000000000000e+00 0.000000000000000000e+00 0.000000000000000000e+00 0.000000000000000000e+00
5.000000000000000000e+00 0.000000000000000000e+00 0.000000000000000000e+00 0.000000000000000000e+00 0.000000000000000000e+00 0.000000000000000000e+00
6.000000000000000000e+00 0.000000000000000000e+00 0.000000000000000000e+00 0.000000000000000000e+00 0.000000000000000000e+00 0.000000000000000000e+00
7.000000000000000000e+00 0.000000000000000000e+00 0.000000000000000000e+00 0.000000000000000000e+00 0.000000000000000000e+00 0.000000000000000000e+00
8.000000000000000000e+00 0.000000000000000000e+00 0.000000000000000000e+00 0.000000000000000000e+00 0.000000000000000000e+00 0.000000000000000000e+00
9.000000000000000000e+00 0.000000000000000000e+00 0.000000000000000000e+00 0.000000000000000000e+00 0.000000000000000000e+00 0.000000000000000000e+00
1.000000000000000000e+01 0.000000000000000000e+00 0.000000000000000000e+00 0.000000000000000000e+00 0.000000000000000000e+00 2.079008640762146187e-06
1.100000000000000000e+01 0.000000000000000000e+00 0.000000000000000000e+00 0.000000000000000000e+00 0.000000000000000000e+00 0.000000000000000000e+00
1.200000000000000000e+01 0.000000000000000000e+00 0.000000000000000000e+00 0.000000000000000000e+00 0.000000000000000000e+00 0.000000000000000000e+00
1.300000000000000000e+01 0.000000000000000000e+00 0.000000000000000000e+00 0.000000000000000000e+00 0.000000000000000000e+00 0.000000000000000000e+00
1.400000000000000000e+01 0.000000000000000000e+00 0.000000000000000000e+00 0.000000000000000000e+00 0.000000000000000000e+00 1.297550759707803295e-05
1.500000000000000000e+01 0.000000000000000000e+00 0.000000000000000000e+00 0.000000000000000000e+00 0.000000000000000000e+00 0.000000000000000000e+00
1.600000000000000000e+01 0.000000000000000000e+00 0.000000000000000000e+00 0.000000000000000000e+00 0.000000000000000000e+00 0.000000000000000000e+00
1.700000000000000000e+01 0.000000000000000000e+00 0.000000000000000000e+00 0.000000000000000000e+00 0.000000000000000000e+00 0.000000000000000000e+00
1.800000000000000000e+01 0.000000000000000000e+00 0.000000000000000000e+00 0.000000000000000000e+00 0.000000000000000000e+00 0.000000000000000000e+00
1.900000000000000000e+01 0.000000000000000000e+00 0.000000000000000000e+00 0.000000000000000000e+00 0.000000000000000000e+00 0.000000000000000000e+00
2.000000000000000000e+01 0.000000000000000000e+00 0.000000000000000000e+00 0.000000000000000000e+00 0.000000000000000000e+00 2.280697370354168639e-06
2.100000000000000000e+01 0.000000000000000000e+00 0.000000000000000000e+00 0.000000000000000000e+00 0.000000000000000000e+00 0.000000000000000000e+00
2.200000000000000000e+01 0.000000000000000000e+00 0.000000000000000000e+00 0.000000000000000000e+00 0.000000000000000000e+00 1.964087939476492228e-05
2.300000000000000000e+01 0.000000000000000000e+00 0.000000000000000000e+00 0.000000000000000000e+00 0.000000000000000000e+00 0.000000000000000000e+00
2.400000000000000000e+01 0.000000000000000000e+00 0.000000000000000000e+00 0.000000000000000000e+00 0.000000000000000000e+00 0.000000000000000000e+00
2.500000000000000000e+01 0.000000000000000000e+00 0.000000000000000000e+00 0.000000000000000000e+00 0.000000000000000000e+00 0.000000000000000000e+00
2.600000000000000000e+01 0.000000000000000000e+00 0.000000000000000000e+00 0.000000000000000000e+00 0.000000000000000000e+00 0.000000000000000000e+00
2.700000000000000000e+01 0.000000000000000000e+00 0.000000000000000000e+00 0.000000000000000000e+00 0.000000000000000000e+00 0.000000000000000000e+00
2.800000000000000000e+01 0.000000000000000000e+00 0.000000000000000000e+00 0.000000000000000000e+00 0.000000000000000000e+00 1.388436974482679981e-05
2.900000000000000000e+01 0.000000000000000000e+00 0.000000000000000000e+00 0.000000000000000000e+00 0.000000000000000000e+00 0.000000000000000000e+00
3.000000000000000000e+01 0.000000000000000000e+00 0.000000000000000000e+00 0.000000000000000000e+00 0.000000000000000000e+00 2.361405475431708570e-06
3.100000000000000000e+01 0.000000000000000000e+00 0.000000000000000000e+00 0.000000000000000000e+00 0.000000000000000000e+00 0.000000000000000000e+00
3.200000000000000000e+01 0.000000000000000000e+00 0.000000000000000000e+00 0.000000000000000000e+00 0.000000000000000000e+00 1.213296706016812002e-05
3.300000000000000000e+01 0.000000000000000000e+00 0.000000000000000000e+00 0.000000000000000000e+00 0.000000000000000000e+00 0.000000000000000000e+00
3.400000000000000000e+01 0.000000000000000000e+00 0.000000000000000000e+00 0.000000000000000000e+00 0.000000000000000000e+00 0.000000000000000000e+00
3.500000000000000000e+01 0.000000000000000000e+00 0.000000000000000000e+00 0.000000000000000000e+00 0.000000000000000000e+00 0.000000000000000000e+00
3.600000000000000000e+01 0.000000000000000000e+00 0.000000000000000000e+00 0.000000000000000000e+00 0.000000000000000000e+00 2.394840977099356010e-05
3.700000000000000000e+01 0.000000000000000000e+00 0.000000000000000000e+00 0.000000000000000000e+00 0.000000000000000000e+00 0.000000000000000000e+00
3.800000000000000000e+01 0.000000000000000000e+00 0.000000000000000000e+00 0.000000000000000000e+00 0.000000000000000000e+00 0.000000000000000000e+00
3.900000000000000000e+01 0.000000000000000000e+00 0.000000000000000000e+00 0.000000000000000000e+00 0.000000000000000000e+00 0.000000000000000000e+00
4.000000000000000000e+01 0.000000000000000000e+00 0.000000000000000000e+00 0.000000000000000000e+00 0.000000000000000000e+00 2.414318790666850921e-06
4.100000000000000000e+01 0.000000000000000000e+00 0.000000000000000000e+00 0.000000000000000000e+00 0.000000000000000000e+00 1.003623921867268933e-05
4.200000000000000000e+01 0.000000000000000000e+00 0.000000000000000000e+00 0.000000000000000000e+00 0.000000000000000000e+00 1.423403426943591462e-05
4.300000000000000000e+01 0.000000000000000000e+00 0.000000000000000000e+00 0.000000000000000000e+00 0.000000000000000000e+00 0.000000000000000000e+00
4.400000000000000000e+01 0.000000000000000000e+00 0.000000000000000000e+00 0.000000000000000000e+00 0.000000000000000000e+00 0.000000000000000000e+00
4.500000000000000000e+01 0.000000000000000000e+00 0.000000000000000000e+00 0.000000000000000000e+00 0.000000000000000000e+00 1.883967894928430321e-05
4.600000000000000000e+01 0.000000000000000000e+00 0.000000000000000000e+00 0.000000000000000000e+00 0.000000000000000000e+00 0.000000000000000000e+00
4.700000000000000000e+01 0.000000000000000000e+00 0.000000000000000000e+00 0.000000000000000000e+00 0.000000000000000000e+00 0.000000000000000000e+00
4.800000000000000000e+01 0.000000000000000000e+00 0.000000000000000000e+00 0.000000000000000000e+00 0.000000000000000000e+00 0.000000000000000000e+00
4.900000000000000000e+01 0.000000000000000000e+00 0.000000000000000000e+00 0.000000000000000000e+00 0.000000000000000000e+00 0.000000000000000000e+00
5.000000000000000000e+01 0.000000000000000000e+00 0.000000000000000000e+00 0.000000000000000000e+00 0.000000000000000000e+00 2.827151350823055363e-05
5.100000000000000000e+01 0.000000000000000000e+00 0.000000000000000000e+00 0.000000000000000000e+00 0.000000000000000000e+00 8.278990998043940272e-06
5.200000000000000000e+01 0.000000000000000000e+00 0.000000000000000000e+00 0.000000000000000000e+00 0.000000000000000000e+00 0.000000000000000000e+00
5.300000000000000000e+01 0.000000000000000000e+00 0.000000000000000000e+00 0.000000000000000000e+00 0.000000000000000000e+00 0.000000000000000000e+00
5.400000000000000000e+01 0.000000000000000000e+00 0.000000000000000000e+00 0.000000000000000000e+00 0.000000000000000000e+00 1.559905054909202965e-05
5.500000000000000000e+01 0.000000000000000000e+00 0.000000000000000000e+00 0.000000000000000000e+00 0.000000000000000000e+00 0.000000000000000000e+00
5.600000000000000000e+01 0.000000000000000000e+00 0.000000000000000000e+00 0.000000000000000000e+00 0.000000000000000000e+00 0.000000000000000000e+00
5.700000000000000000e+01 0.000000000000000000e+00 0.000000000000000000e+00 0.000000000000000000e+00 0.000000000000000000e+00 1.346865793767644442e-05
5.800000000000000000e+01 0.000000000000000000e+00 0.000000000000000000e+00 0.000000000000000000e+00 0.000000000000000000e+00 2.323908540434485673e-05
5.900000000000000000e+01 0.000000000000000000e+00 0.000000000000000000e+00 0.000000000000000000e+00 0.000000000000000000e+00 0.000000000000000000e+00
6.000000000000000000e+01 0.000000000000000000e+00 0.000000000000000000e+00 0.000000000000000000e+00 0.000000000000000000e+00 2.505670172349740968e-06
6.100000000000000000e+01 0.000000000000000000e+00 0.000000000000000000e+00 0.000000000000000000e+00 0.000000000000000000e+00 7.340084340562668509e-06
6.200000000000000000e+01 0.000000000000000000e+00 0.000000000000000000e+00 0.000000000000000000e+00 0.000000000000000000e+00 0.000000000000000000e+00
6.300000000000000000e+01 0.000000000000000000e+00 0.000000000000000000e+00 0.000000000000000000e+00 0.000000000000000000e+00 1.348696946470435362e-05
6.400000000000000000e+01 0.000000000000000000e+00 0.000000000000000000e+00 0.000000000000000000e+00 0.000000000000000000e+00 2.688481851640870982e-05
6.500000000000000000e+01 0.000000000000000000e+00 0.000000000000000000e+00 0.000000000000000000e+00 0.000000000000000000e+00 0.000000000000000000e+00
6.600000000000000000e+01 0.000000000000000000e+00 0.000000000000000000e+00 0.000000000000000000e+00 0.000000000000000000e+00 0.000000000000000000e+00
6.700000000000000000e+01 0.000000000000000000e+00 0.000000000000000000e+00 0.000000000000000000e+00 0.000000000000000000e+00 1.984972128805274560e-05
6.800000000000000000e+01 0.000000000000000000e+00 0.000000000000000000e+00 0.000000000000000000e+00 0.000000000000000000e+00 0.000000000000000000e+00
6.900000000000000000e+01 0.000000000000000000e+00 0.000000000000000000e+00 0.000000000000000000e+00 0.000000000000000000e+00 0.000000000000000000e+00
7.000000000000000000e+01 0.000000000000000000e+00 0.000000000000000000e+00 0.000000000000000000e+00 0.000000000000000000e+00 2.553881828565623571e-06
7.100000000000000000e+01 0.000000000000000000e+00 0.000000000000000000e+00 0.000000000000000000e+00 0.000000000000000000e+00 2.061838700981087779e-05
7.200000000000000000e+01 0.000000000000000000e+00 0.000000000000000000e+00 0.000000000000000000e+00 0.000000000000000000e+00 2.486173640146989124e-05
7.300000000000000000e+01 0.000000000000000000e+00 0.000000000000000000e+00 0.000000000000000000e+00 0.000000000000000000e+00 1.143255570828894526e-05
7.400000000000000000e+01 0.000000000000000000e+00 0.000000000000000000e+00 0.000000000000000000e+00 0.000000000000000000e+00 0.000000000000000000e+00
7.500000000000000000e+01 0.000000000000000000e+00 0.000000000000000000e+00 0.000000000000000000e+00 0.000000000000000000e+00 0.000000000000000000e+00
7.600000000000000000e+01 0.000000000000000000e+00 0.000000000000000000e+00 0.000000000000000000e+00 0.000000000000000000e+00 1.739156207281087493e-05
7.700000000000000000e+01 0.000000000000000000e+00 0.000000000000000000e+00 0.000000000000000000e+00 0.000000000000000000e+00 0.000000000000000000e+00
7.800000000000000000e+01 0.000000000000000000e+00 0.000000000000000000e+00 0.000000000000000000e+00 0.000000000000000000e+00 2.761923573004654403e-05
7.900000000000000000e+01 0.000000000000000000e+00 0.000000000000000000e+00 0.000000000000000000e+00 0.000000000000000000e+00 0.000000000000000000e+00
8.000000000000000000e+01 0.000000000000000000e+00 0.000000000000000000e+00 0.000000000000000000e+00 0.000000000000000000e+00 2.605801513046098481e-06
8.100000000000000000e+01 0.000000000000000000e+00 0.000000000000000000e+00 0.000000000000000000e+00 0.000000000000000000e+00 2.842394150789316214e-05
8.200000000000000000e+01 0.000000000000000000e+00 0.000000000000000000e+00 0.000000000000000000e+00 0.000000000000000000e+00 1.059051927360921786e-05
8.300000000000000000e+01 0.000000000000000000e+00 0.000000000000000000e+00 0.000000000000000000e+00 0.000000000000000000e+00 0.000000000000000000e+00
8.400000000000000000e+01 0.000000000000000000e+00 0.000000000000000000e+00 0.000000000000000000e+00 0.000000000000000000e+00 0.000000000000000000e+00
8.500000000000000000e+01 0.000000000000000000e+00 0.000000000000000000e+00 0.000000000000000000e+00 0.000000000000000000e+00 2.966356536084860818e-05
8.600000000000000000e+01 0.000000000000000000e+00 0.000000000000000000e+00 0.000000000000000000e+00 0.000000000000000000e+00 2.597497899291039899e-05
8.700000000000000000e+01 0.000000000000000000e+00 0.000000000000000000e+00 0.000000000000000000e+00 0.000000000000000000e+00 0.000000000000000000e+00
8.800000000000000000e+01 0.000000000000000000e+00 0.000000000000000000e+00 0.000000000000000000e+00 0.000000000000000000e+00 0.000000000000000000e+00
8.900000000000000000e+01 0.000000000000000000e+00 0.000000000000000000e+00 0.000000000000000000e+00 0.000000000000000000e+00 2.052905467623835931e-05
9.000000000000000000e+01 0.000000000000000000e+00 0.000000000000000000e+00 0.000000000000000000e+00 0.000000000000000000e+00 2.661822620152265154e-06
9.100000000000000000e+01 0.000000000000000000e+00 0.000000000000000000e+00 0.000000000000000000e+00 0.000000000000000000e+00 6.323150085412366941e-06
9.200000000000000000e+01 0.000000000000000000e+00 0.000000000000000000e+00 0.000000000000000000e+00 0.000000000000000000e+00 3.776801328570414244e-05
9.300000000000000000e+01 0.000000000000000000e+00 0.000000000000000000e+00 0.000000000000000000e+00 0.000000000000000000e+00 0.000000000000000000e+00
9.400000000000000000e+01 0.000000000000000000e+00 0.000000000000000000e+00 0.000000000000000000e+00 0.000000000000000000e+00 2.443448254041003445e-05
9.500000000000000000e+01 0.000000000000000000e+00 0.000000000000000000e+00 0.000000000000000000e+00 0.000000000000000000e+00 1.366000300053708618e-05
9.600000000000000000e+01 0.000000000000000000e+00 0.000000000000000000e+00 0.000000000000000000e+00 0.000000000000000000e+00 0.000000000000000000e+00
9.700000000000000000e+01 0.000000000000000000e+00 0.000000000000000000e+00 0.000000000000000000e+00 0.000000000000000000e+00 0.000000000000000000e+00
9.800000000000000000e+01 0.000000000000000000e+00 0.000000000000000000e+00 0.000000000000000000e+00 0.000000000000000000e+00 1.857697319158120185e-05
9.900000000000000000e+01 0.000000000000000000e+00 0.000000000000000000e+00 0.000000000000000000e+00 0.000000000000000000e+00 1.429273855593417968e-05
1.000000000000000000e+02 0.000000000000000000e+00 0.000000000000000000e+00 0.000000000000000000e+00 0.000000000000000000e+00 3.601250119721415656e-05
1.010000000000000000e+02 0.000000000000000000e+00 0.000000000000000000e+00 0.000000000000000000e+00 0.000000000000000000e+00 0.000000000000000000e+00
1.020000000000000000e+02 0.000000000000000000e+00 0.000000000000000000e+00 0.000000000000000000e+00 0.000000000000000000e+00 8.906116205191142696e-06
1.030000000000000000e+02 0.000000000000000000e+00 0.000000000000000000e+00 0.000000000000000000e+00 0.000000000000000000e+00 2.217643931808560844e-05
1.040000000000000000e+02 0.000000000000000000e+00 0.000000000000000000e+00 0.000000000000000000e+00 0.000000000000000000e+00 1.274747615219352185e-05
1.050000000000000000e+02 0.000000000000000000e+00 0.000000000000000000e+00 0.000000000000000000e+00 0.000000000000000000e+00 0.000000000000000000e+00
1.060000000000000000e+02 0.000000000000000000e+00 0.000000000000000000e+00 0.000000000000000000e+00 0.000000000000000000e+00 2.862228519558543120e-05
1.070000000000000000e+02 0.000000000000000000e+00 0.000000000000000000e+00 0.000000000000000000e+00 0.000000000000000000e+00 0.000000000000000000e+00
1.080000000000000000e+02 0.000000000000000000e+00 0.000000000000000000e+00 0.000000000000000000e+00 0.000000000000000000e+00 4.190915466640581671e-05
1.090000000000000000e+02 0.000000000000000000e+00 0.000000000000000000e+00 0.000000000000000000e+00 0.000000000000000000e+00 0.000000000000000000e+00
1.100000000000000000e+02 0.000000000000000000e+00 0.000000000000000000e+00 0.000000000000000000e+00 0.000000000000000000e+00 9.227970231441214065e-06
1.110000000000000000e+02 0.000000000000000000e+00 0.000000000000000000e+00 0.000000000000000000e+00 0.000000000000000000e+00 0.000000000000000000e+00
1.120000000000000000e+02 0.000000000000000000e+00 0.000000000000000000e+00 0.000000000000000000e+00 0.000000000000000000e+00 2.876782944402670077e-05
1.130000000000000000e+02 0.000000000000000000e+00 0.000000000000000000e+00 0.000000000000000000e+00 0.000000000000000000e+00 1.447351785111973156e-05
1.140000000000000000e+02 0.000000000000000000e+00 0.000000000000000000e+00 0.000000000000000000e+00 0.000000000000000000e+00 3.909076804030057502e-05
1.150000000000000000e+02 0.000000000000000000e+00 0.000000000000000000e+00 0.000000000000000000e+00 0.000000000000000000e+00 0.000000000000000000e+00
1.160000000000000000e+02 0.000000000000000000e+00 0.000000000000000000e+00 0.000000000000000000e+00 0.000000000000000000e+00 0.000000000000000000e+00
1.170000000000000000e+02 0.000000000000000000e+00 0.000000000000000000e+00 0.000000000000000000e+00 0.000000000000000000e+00 3.876190132765312178e-05
1.180000000000000000e+02 0.000000000000000000e+00 0.000000000000000000e+00 0.000000000000000000e+00 0.000000000000000000e+00 0.000000000000000000e+00
1.190000000000000000e+02 0.000000000000000000e+00 0.000000000000000000e+00 0.000000000000000000e+00 0.000000000000000000e+00 0.000000000000000000e+00
1.200000000000000000e+02 0.000000000000000000e+00 0.000000000000000000e+00 0.000000000000000000e+00 0.000000000000000000e+00 3.828591701973205804e-05
1.210000000000000000e+02 0.000000000000000000e+00 0.000000000000000000e+00 0.000000000000000000e+00 0.000000000000000000e+00 1.883715291429395846e-05
1.220000000000000000e+02 0.000000000000000000e+00 0.000000000000000000e+00 0.000000000000000000e+00 0.000000000000000000e+00 3.439449084841631816e-05
1.230000000000000000e+02 0.000000000000000000e+00 0.000000000000000000e+00 0.000000000000000000e+00 0.000000000000000000e+00 0.000000000000000000e+00
1.240000000000000000e+02 0.000000000000000000e+00 0.000000000000000000e+00 0.000000000000000000e+00 0.000000000000000000e+00 1.083080619904426834e-05
1.250000000000000000e+02 0.000000000000000000e+00 0.000000000000000000e+00 0.000000000000000000e+00 0.000000000000000000e+00 2.244136799898414401e-05
1.260000000000000000e+02 0.000000000000000000e+00 0.000000000000000000e+00 0.000000000000000000e+00 0.000000000000000000e+00 1.443011044626405840e-05
1.270000000000000000e+02 0.000000000000000000e+00 0.000000000000000000e+00 0.000000000000000000e+00 0.000000000000000000e+00 1.462599293432708877e-05
1.280000000000000000e+02 0.000000000000000000e+00 0.000000000000000000e+00 0.000000000000000000e+00 0.000000000000000000e+00 2.795659639975225789e-05
1.290000000000000000e+02 0.000000000000000000e+00 0.000000000000000000e+00 0.000000000000000000e+00 0.000000000000000000e+00 0.000000000000000000e+00
1.300000000000000000e+02 0.000000000000000000e+00 0.000000000000000000e+00 0.000000000000000000e+00 0.000000000000000000e+00 5.222658205604229149e-05
1.310000000000000000e+02 0.000000000000000000e+00 0.000000000000000000e+00 0.000000000000000000e+00 0.000000000000000000e+00 0.000000000000000000e+00
1.320000000000000000e+02 0.000000000000000000e+00 0.000000000000000000e+00 0.000000000000000000e+00 0.000000000000000000e+00 7.876900459050775386e-06
1.330000000000000000e+02 0.000000000000000000e+00 0.000000000000000000e+00 0.000000000000000000e+00 0.000000000000000000e+00 1.052708321760055650e-05
1.340000000000000000e+02 0.000000000000000000e+00 0.000000000000000000e+00 0.000000000000000000e+00 0.000000000000000000e+00 2.091237650564231238e-05
1.350000000000000000e+02 0.000000000000000000e+00 0.000000000000000000e+00 0.000000000000000000e+00 0.000000000000000000e+00 2.843923659583379578e-05
1.360000000000000000e+02 0.000000000000000000e+00 0.000000000000000000e+00 0.000000000000000000e+00 0.000000000000000000e+00 4.027479343604539557e-05
1.370000000000000000e+02 0.000000000000000000e+00 0.000000000000000000e+00 0.000000000000000000e+00 0.000000000000000000e+00 0.000000000000000000e+00
1.380000000000000000e+02 0.000000000000000000e+00 0.000000000000000000e+00 0.000000000000000000e+00 0.000000000000000000e+00 0.000000000000000000e+00
1.390000000000000000e+02 0.000000000000000000e+00 0.000000000000000000e+00 0.000000000000000000e+00 0.000000000000000000e+00 4.013661622615865242e-05
1.400000000000000000e+02 0.000000000000000000e+00 0.000000000000000000e+00 0.000000000000000000e+00 0.000000000000000000e+00 9.540505802929667836e-06
1.410000000000000000e+02 0.000000000000000000e+00 0.000000000000000000e+00 0.000000000000000000e+00 0.000000000000000000e+00 2.270630858867930772e-05
1.420000000000000000e+02 0.000000000000000000e+00 0.000000000000000000e+00 0.000000000000000000e+00 0.000000000000000000e+00 2.837340073942149241e-05
1.430000000000000000e+02 0.000000000000000000e+00 0.000000000000000000e+00 0.000000000000000000e+00 0.000000000000000000e+00 2.965830078796132381e-05
1.440000000000000000e+02 0.000000000000000000e+00 0.000000000000000000e+00 0.000000000000000000e+00 0.000000000000000000e+00 2.597274208630484879e-05
1.450000000000000000e+02 0.000000000000000000e+00 0.000000000000000000e+00 0.000000000000000000e+00 0.000000000000000000e+00 0.000000000000000000e+00
1.460000000000000000e+02 0.000000000000000000e+00 0.000000000000000000e+00 0.000000000000000000e+00 0.000000000000000000e+00 1.247611781024767570e-05
1.470000000000000000e+02 0.000000000000000000e+00 0.000000000000000000e+00 0.000000000000000000e+00 0.000000000000000000e+00 0.000000000000000000e+00
1.480000000000000000e+02 0.000000000000000000e+00 0.000000000000000000e+00 0.000000000000000000e+00 0.000000000000000000e+00 2.209264128686135975e-05
1.490000000000000000e+02 0.000000000000000000e+00 0.000000000000000000e+00 0.000000000000000000e+00 0.000000000000000000e+00 4.412067578730701856e-05
1.500000000000000000e+02 0.000000000000000000e+00 0.000000000000000000e+00 0.000000000000000000e+00 0.000000000000000000e+00 3.716332095375694220e-05
1.510000000000000000e+02 0.000000000000000000e+00 0.000000000000000000e+00 0.000000000000000000e+00 0.000000000000000000e+00 7.848961355746902899e-06
1.520000000000000000e+02 0.000000000000000000e+00 0.000000000000000000e+00 0.000000000000000000e+00 0.000000000000000000e+00 1.854680233789437059e-05
1.530000000000000000e+02 0.000000000000000000e+00 0.000000000000000000e+00 0.000000000000000000e+00 0.000000000000000000e+00 3.407787384211735817e-05
1.540000000000000000e+02 0.000000000000000000e+00 0.000000000000000000e+00 0.000000000000000000e+00 0.000000000000000000e+00 0.000000000000000000e+00
1.550000000000000000e+02 0.000000000000000000e+00 0.000000000000000000e+00 0.000000000000000000e+00 0.000000000000000000e+00 1.210641507401964871e-05
1.560000000000000000e+02 0.000000000000000000e+00 0.000000000000000000e+00 0.000000000000000000e+00 0.000000000000000000e+00 4.319743872626817830e-05
1.570000000000000000e+02 0.000000000000000000e+00 0.000000000000000000e+00 0.000000000000000000e+00 0.000000000000000000e+00 2.085330252270337905e-05
1.580000000000000000e+02 0.000000000000000000e+00 0.000000000000000000e+00 0.000000000000000000e+00 0.000000000000000000e+00 4.130470468480355466e-05
1.590000000000000000e+02 0.000000000000000000e+00 0.000000000000000000e+00 0.000000000000000000e+00 0.000000000000000000e+00 0.000000000000000000e+00
1.600000000000000000e+02 0.000000000000000000e+00 0.000000000000000000e+00 0.000000000000000000e+00 0.000000000000000000e+00 9.878938070912212779e-06
1.610000000000000000e+02 0.000000000000000000e+00 0.000000000000000000e+00 0.000000000000000000e+00 0.000000000000000000e+00 3.143585245674746371e-05
1.620000000000000000e+02 0.000000000000000000e+00 0.000000000000000000e+00 0.000000000000000000e+00 0.000000000000000000e+00 1.720541692767238126e-05
1.630000000000000000e+02 0.000000000000000000e+00 0.000000000000000000e+00 0.000000000000000000e+00 0.000000000000000000e+00 3.840742792584413997e-05
1.640000000000000000e+02 0.000000000000000000e+00 0.000000000000000000e+00 0.000000000000000000e+00 0.000000000000000000e+00 2.788684814085523318e-05
1.650000000000000000e+02 0.000000000000000000e+00 0.000000000000000000e+00 0.000000000000000000e+00 0.000000000000000000e+00 1.153911526999331934e-05
1.660000000000000000e+02 0.000000000000000000e+00 0.000000000000000000e+00 0.000000000000000000e+00 0.000000000000000000e+00 4.554405917162499353e-05
1.670000000000000000e+02 0.000000000000000000e+00 0.000000000000000000e+00 0.000000000000000000e+00 0.000000000000000000e+00 0.000000000000000000e+00
1.680000000000000000e+02 0.000000000000000000e+00 0.000000000000000000e+00 0.000000000000000000e+00 0.000000000000000000e+00 1.386144606463732134e-05
1.690000000000000000e+02 0.000000000000000000e+00 0.000000000000000000e+00 0.000000000000000000e+00 0.000000000000000000e+00 0.000000000000000000e+00
1.700000000000000000e+02 0.000000000000000000e+00 0.000000000000000000e+00 0.000000000000000000e+00 0.000000000000000000e+00 7.605795137439257613e-05
1.710000000000000000e+02 0.000000000000000000e+00 0.000000000000000000e+00 0.000000000000000000e+00 0.000000000000000000e+00 2.425358309771474520e-05
1.720000000000000000e+02 0.000000000000000000e+00 0.000000000000000000e+00 0.000000000000000000e+00 0.000000000000000000e+00 2.708552359164297237e-05
1.730000000000000000e+02 0.000000000000000000e+00 0.000000000000000000e+00 0.000000000000000000e+00 0.000000000000000000e+00 9.168451051558707134e-06
1.740000000000000000e+02 0.000000000000000000e+00 0.000000000000000000e+00 0.000000000000000000e+00 0.000000000000000000e+00 0.000000000000000000e+00
1.750000000000000000e+02 0.000000000000000000e+00 0.000000000000000000e+00 0.000000000000000000e+00 0.000000000000000000e+00 5.437557557179874566e-05
1.760000000000000000e+02 0.000000000000000000e+00 0.000000000000000000e+00 0.000000000000000000e+00 0.000000000000000000e+00 0.000000000000000000e+00
1.770000000000000000e+02 0.000000000000000000e+00 0.000000000000000000e+00 0.000000000000000000e+00 0.000000000000000000e+00 4.271335534205125060e-05
1.780000000000000000e+02 0.000000000000000000e+00 0.000000000000000000e+00 0.000000000000000000e+00 0.000000000000000000e+00 2.823357639666783435e-05
1.790000000000000000e+02 0.000000000000000000e+00 0.000000000000000000e+00 0.000000000000000000e+00 0.000000000000000000e+00 2.130577930294611536e-05
1.800000000000000000e+02 0.000000000000000000e+00 0.000000000000000000e+00 0.000000000000000000e+00 0.000000000000000000e+00 5.245530467588728734e-05
1.810000000000000000e+02 0.000000000000000000e+00 0.000000000000000000e+00 0.000000000000000000e+00 0.000000000000000000e+00 7.789543046216372237e-06
1.820000000000000000e+02 0.000000000000000000e+00 0.000000000000000000e+00 0.000000000000000000e+00 0.000000000000000000e+00 9.218087182970013000e-06
1.830000000000000000e+02 0.000000000000000000e+00 0.000000000000000000e+00 0.000000000000000000e+00 0.000000000000000000e+00 0.000000000000000000e+00
1.840000000000000000e+02 0.000000000000000000e+00 0.000000000000000000e+00 0.000000000000000000e+00 0.000000000000000000e+00 9.618795328410785354e-05
1.850000000000000000e+02 0.000000000000000000e+00 0.000000000000000000e+00 0.000000000000000000e+00 0.000000000000000000e+00 0.000000000000000000e+00
1.860000000000000000e+02 0.000000000000000000e+00 0.000000000000000000e+00 0.000000000000000000e+00 0.000000000000000000e+00 2.749513758178069188e-05
1.870000000000000000e+02 0.000000000000000000e+00 0.000000000000000000e+00 0.000000000000000000e+00 0.000000000000000000e+00 1.285672895293452390e-05
1.880000000000000000e+02 0.000000000000000000e+00 0.000000000000000000e+00 0.000000000000000000e+00 0.000000000000000000e+00 2.035172855219357553e-05
1.890000000000000000e+02 0.000000000000000000e+00 0.000000000000000000e+00 0.000000000000000000e+00 0.000000000000000000e+00 2.506314779619149124e-05
1.900000000000000000e+02 0.000000000000000000e+00 0.000000000000000000e+00 0.000000000000000000e+00 0.000000000000000000e+00 2.550510408407963292e-05
1.910000000000000000e+02 0.000000000000000000e+00 0.000000000000000000e+00 0.000000000000000000e+00 0.000000000000000000e+00 3.726120875744890317e-05
1.920000000000000000e+02 0.000000000000000000e+00 0.000000000000000000e+00 0.000000000000000000e+00 0.000000000000000000e+00 6.026497760470770059e-05
1.930000000000000000e+02 0.000000000000000000e+00 0.000000000000000000e+00 0.000000000000000000e+00 0.000000000000000000e+00 1.739052867851206851e-05
1.940000000000000000e+02 0.000000000000000000e+00 0.000000000000000000e+00 0.000000000000000000e+00 0.000000000000000000e+00 3.744714914965120277e-05
1.950000000000000000e+02 0.000000000000000000e+00 0.000000000000000000e+00 0.000000000000000000e+00 0.000000000000000000e+00 0.000000000000000000e+00
1.960000000000000000e+02 0.000000000000000000e+00 0.000000000000000000e+00 0.000000000000000000e+00 0.000000000000000000e+00 1.261275104829298198e-05
1.970000000000000000e+02 0.000000000000000000e+00 0.000000000000000000e+00 0.000000000000000000e+00 0.000000000000000000e+00 4.393755363320503866e-05
1.980000000000000000e+02 0.000000000000000000e+00 0.000000000000000000e+00 0.000000000000000000e+00 0.000000000000000000e+00 4.418162152472571109e-05
1.990000000000000000e+02 0.000000000000000000e+00 0.000000000000000000e+00 0.000000000000000000e+00 0.000000000000000000e+00 1.460372643813869319e-05
2.000000000000000000e+02 0.000000000000000000e+00 0.000000000000000000e+00 0.000000000000000000e+00 0.000000000000000000e+00 3.853397179178869410e-05
2.010000000000000000e+02 0.000000000000000000e+00 0.000000000000000000e+00 0.000000000000000000e+00 0.000000000000000000e+00 2.954819834710821047e-05
2.020000000000000000e+02 0.000000000000000000e+00 0.000000000000000000e+00 0.000000000000000000e+00 0.000000000000000000e+00 5.192997602240050477e-05
2.030000000000000000e+02 0.000000000000000000e+00 0.000000000000000000e+00 0.000000000000000000e+00 0.000000000000000000e+00 0.000000000000000000e+00
2.040000000000000000e+02 0.000000000000000000e+00 0.000000000000000000e+00 0.000000000000000000e+00 0.000000000000000000e+00 1.042197592597376616e-05
2.050000000000000000e+02 0.000000000000000000e+00 0.000000000000000000e+00 0.000000000000000000e+00 0.000000000000000000e+00 2.958839386427106758e-05
2.060000000000000000e+02 0.000000000000000000e+00 0.000000000000000000e+00 0.000000000000000000e+00 0.000000000000000000e+00 8.308071679832194868e-05
2.070000000000000000e+02 0.000000000000000000e+00 0.000000000000000000e+00 0.000000000000000000e+00 0.000000000000000000e+00 0.000000000000000000e+00
2.080000000000000000e+02 0.000000000000000000e+00 0.000000000000000000e+00 0.000000000000000000e+00 0.000000000000000000e+00 2.716964370415342309e-05
2.090000000000000000e+02 0.000000000000000000e+00 0.000000000000000000e+00 0.000000000000000000e+00 0.000000000000000000e+00 1.398247302584228558e-05
2.100000000000000000e+02 0.000000000000000000e+00 0.000000000000000000e+00 0.000000000000000000e+00 0.000000000000000000e+00 3.172279817624977722e-05
2.110000000000000000e+02 0.000000000000000000e+00 0.000000000000000000e+00 0.000000000000000000e+00 0.000000000000000000e+00 3.293568422237418207e-05
2.120000000000000000e+02 0.000000000000000000e+00 0.000000000000000000e+00 0.000000000000000000e+00 0.000000000000000000e+00 3.979892787540122915e-05
2.130000000000000000e+02 0.000000000000000000e+00 0.000000000000000000e+00 0.000000000000000000e+00 0.000000000000000000e+00 2.900987140653969265e-05
2.140000000000000000e+02 0.000000000000000000e+00 0.000000000000000000e+00 0.000000000000000000e+00 0.000000000000000000e+00 3.834575154304231670e-05
2.150000000000000000e+02 0.000000000000000000e+00 0.000000000000000000e+00 0.000000000000000000e+00 0.000000000000000000e+00 4.054891531835514622e-05
2.160000000000000000e+02 0.000000000000000000e+00 0.000000000000000000e+00 0.000000000000000000e+00 0.000000000000000000e+00 3.835450736473740757e-05
2.170000000000000000e+02 0.000000000000000000e+00 0.000000000000000000e+00 0.000000000000000000e+00 0.000000000000000000e+00 0.000000000000000000e+00
2.180000000000000000e+02 0.000000000000000000e+00 0.000000000000000000e+00 0.000000000000000000e+00 0.000000000000000000e+00 1.370347579652612778e-05
2.190000000000000000e+02 0.000000000000000000e+00 0.000000000000000000e+00 0.000000000000000000e+00 0.000000000000000000e+00 4.974483269852331049e-05
2.200000000000000000e+02 0.000000000000000000e+00 0.000000000000000000e+00 0.000000000000000000e+00 0.000000000000000000e+00 6.406497792209851251e-05
2.210000000000000000e+02 0.000000000000000000e+00 0.000000000000000000e+00 0.000000000000000000e+00 0.000000000000000000e+00 2.357772966839531711e-05
2.220000000000000000e+02 0.000000000000000000e+00 0.000000000000000000e+00 0.000000000000000000e+00 0.000000000000000000e+00 3.644147936780008551e-05
2.230000000000000000e+02 0.000000000000000000e+00 0.000000000000000000e+00 0.000000000000000000e+00 0.000000000000000000e+00 0.000000000000000000e+00
2.240000000000000000e+02 0.000000000000000000e+00 0.000000000000000000e+00 0.000000000000000000e+00 0.000000000000000000e+00 3.164603813609971459e-05
2.250000000000000000e+02 0.000000000000000000e+00 0.000000000000000000e+00 0.000000000000000000e+00 0.000000000000000000e+00 4.271623574940455840e-05
2.260000000000000000e+02 0.000000000000000000e+00 0.000000000000000000e+00 0.000000000000000000e+00 0.000000000000000000e+00 2.642245694722838937e-05
2.270000000000000000e+02 0.000000000000000000e+00 0.000000000000000000e+00 0.000000000000000000e+00 0.000000000000000000e+00 2.916932033869631556e-05
2.280000000000000000e+02 0.000000000000000000e+00 0.000000000000000000e+00 0.000000000000000000e+00 0.000000000000000000e+00 8.438011872273775164e-05
2.290000000000000000e+02 0.000000000000000000e+00 0.000000000000000000e+00 0.000000000000000000e+00 0.000000000000000000e+00 0.000000000000000000e+00
2.300000000000000000e+02 0.000000000000000000e+00 0.000000000000000000e+00 0.000000000000000000e+00 0.000000000000000000e+00 3.824373557862168106e-05
2.310000000000000000e+02 0.000000000000000000e+00 0.000000000000000000e+00 0.000000000000000000e+00 0.000000000000000000e+00 2.303202610381634263e-05
2.320000000000000000e+02 0.000000000000000000e+00 0.000000000000000000e+00 0.000000000000000000e+00 0.000000000000000000e+00 8.946834832908391778e-06
2.330000000000000000e+02 0.000000000000000000e+00 0.000000000000000000e+00 0.000000000000000000e+00 0.000000000000000000e+00 8.566283443766228519e-05
2.340000000000000000e+02 0.000000000000000000e+00 0.000000000000000000e+00 0.000000000000000000e+00 0.000000000000000000e+00 4.587577695444300635e-05
2.350000000000000000e+02 0.000000000000000000e+00 0.000000000000000000e+00 0.000000000000000000e+00 0.000000000000000000e+00 1.146638669947968847e-05
2.360000000000000000e+02 0.000000000000000000e+00 0.000000000000000000e+00 0.000000000000000000e+00 0.000000000000000000e+00 2.775703769925017036e-05
2.370000000000000000e+02 0.000000000000000000e+00 0.000000000000000000e+00 0.000000000000000000e+00 0.000000000000000000e+00 2.258882690949078585e-05
2.380000000000000000e+02 0.000000000000000000e+00 0.000000000000000000e+00 0.000000000000000000e+00 0.000000000000000000e+00 3.124048820453115586e-05
2.390000000000000000e+02 0.000000000000000000e+00 0.000000000000000000e+00 0.000000000000000000e+00 0.000000000000000000e+00 2.586731873381889425e-05
2.400000000000000000e+02 0.000000000000000000e+00 0.000000000000000000e+00 0.000000000000000000e+00 0.000000000000000000e+00 4.113696772889881970e-05
2.410000000000000000e+02 0.000000000000000000e+00 0.000000000000000000e+00 0.000000000000000000e+00 0.000000000000000000e+00 3.749850424963682970e-05
2.420000000000000000e+02 0.000000000000000000e+00 0.000000000000000000e+00 0.000000000000000000e+00 0.000000000000000000e+00 8.157351117261164451e-05
2.430000000000000000e+02 0.000000000000000000e+00 0.000000000000000000e+00 0.000000000000000000e+00 0.000000000000000000e+00 1.004073475830607318e-05
2.440000000000000000e+02 0.000000000000000000e+00 0.000000000000000000e+00 0.000000000000000000e+00 0.000000000000000000e+00 4.324705450529874696e-05
2.450000000000000000e+02 0.000000000000000000e+00 0.000000000000000000e+00 0.000000000000000000e+00 0.000000000000000000e+00 1.124571216559392229e-05
2.460000000000000000e+02 0.000000000000000000e+00 0.000000000000000000e+00 0.000000000000000000e+00 0.000000000000000000e+00 2.179408313604064919e-05
2.470000000000000000e+02 0.000000000000000000e+00 0.000000000000000000e+00 0.000000000000000000e+00 0.000000000000000000e+00 5.589137194042756462e-05
2.480000000000000000e+02 0.000000000000000000e+00 0.000000000000000000e+00 0.000000000000000000e+00 0.000000000000000000e+00 5.867786651449993123e-05
2.490000000000000000e+02 0.000000000000000000e+00 0.000000000000000000e+00 0.000000000000000000e+00 0.000000000000000000e+00 0.000000000000000000e+00
2.500000000000000000e+02 0.000000000000000000e+00 0.000000000000000000e+00 0.000000000000000000e+00 0.000000000000000000e+00 5.388469217736199140e-05
2.510000000000000000e+02 0.000000000000000000e+00 0.000000000000000000e+00 0.000000000000000000e+00 0.000000000000000000e+00 5.087215369847908450e-05
2.520000000000000000e+02 0.000000000000000000e+00 0.000000000000000000e+00 0.000000000000000000e+00 0.000000000000000000e+00 3.559815193291466817e-05
2.530000000000000000e+02 0.000000000000000000e+00 0.000000000000000000e+00 0.000000000000000000e+00 0.000000000000000000e+00 2.566069594187166150e-05
2.540000000000000000e+02 0.000000000000000000e+00 0.000000000000000000e+00 0.000000000000000000e+00 0.000000000000000000e+00 0.000000000000000000e+00
2.550000000000000000e+02 0.000000000000000000e+00 0.000000000000000000e+00 0.000000000000000000e+00 0.000000000000000000e+00 7.629099778204978945e-05
2.560000000000000000e+02 0.000000000000000000e+00 0.000000000000000000e+00 0.000000000000000000e+00 0.000000000000000000e+00 7.051833093196795035e-05
2.570000000000000000e+02 0.000000000000000000e+00 0.000000000000000000e+00 0.000000000000000000e+00 0.000000000000000000e+00 1.237954304047491875e-05
2.580000000000000000e+02 0.000000000000000000e+00 0.000000000000000000e+00 0.000000000000000000e+00 0.000000000000000000e+00 2.742782210171599761e-05
2.590000000000000000e+02 0.000000000000000000e+00 0.000000000000000000e+00 0.000000000000000000e+00 0.000000000000000000e+00 2.269118628717465441e-05
2.600000000000000000e+02 0.000000000000000000e+00 0.000000000000000000e+00 0.000000000000000000e+00 0.000000000000000000e+00 4.454614334004314654e-05
2.610000000000000000e+02 0.000000000000000000e+00 0.000000000000000000e+00 0.000000000000000000e+00 0.000000000000000000e+00 3.405953203845783246e-05
2.620000000000000000e+02 0.000000000000000000e+00 0.000000000000000000e+00 0.000000000000000000e+00 0.000000000000000000e+00 8.325356088189447455e-05
2.630000000000000000e+02 0.000000000000000000e+00 0.000000000000000000e+00 0.000000000000000000e+00 0.000000000000000000e+00 9.905038098434720134e-06
2.640000000000000000e+02 0.000000000000000000e+00 0.000000000000000000e+00 0.000000000000000000e+00 0.000000000000000000e+00 7.251529982611806802e-05
2.650000000000000000e+02 0.000000000000000000e+00 0.000000000000000000e+00 0.000000000000000000e+00 0.000000000000000000e+00 1.090129271424108311e-05
2.660000000000000000e+02 0.000000000000000000e+00 0.000000000000000000e+00 0.000000000000000000e+00 0.000000000000000000e+00 4.357982499533131105e-05
2.670000000000000000e+02 0.000000000000000000e+00 0.000000000000000000e+00 0.000000000000000000e+00 0.000000000000000000e+00 1.210769391256918419e-05
2.680000000000000000e+02 0.000000000000000000e+00 0.000000000000000000e+00 0.000000000000000000e+00 0.000000000000000000e+00 2.194130536950492967e-05
2.690000000000000000e+02 0.000000000000000000e+00 0.000000000000000000e+00 0.000000000000000000e+00 0.000000000000000000e+00 1.013214803083064885e-04
2.700000000000000000e+02 0.000000000000000000e+00 0.000000000000000000e+00 0.000000000000000000e+00 0.000000000000000000e+00 4.101191111620063794e-05
2.710000000000000000e+02 0.000000000000000000e+00 0.000000000000000000e+00 0.000000000000000000e+00 0.000000000000000000e+00 8.466645620488362208e-06
2.720000000000000000e+02 0.000000000000000000e+00 0.000000000000000000e+00 0.000000000000000000e+00 0.000000000000000000e+00 5.151812571673296671e-05
2.730000000000000000e+02 0.000000000000000000e+00 0.000000000000000000e+00 0.000000000000000000e+00 0.000000000000000000e+00 5.279333528349176705e-05
2.740000000000000000e+02 0.000000000000000000e+00 0.000000000000000000e+00 0.000000000000000000e+00 0.000000000000000000e+00 0.000000000000000000e+00
2.750000000000000000e+02 0.000000000000000000e+00 0.000000000000000000e+00 0.000000000000000000e+00 0.000000000000000000e+00 5.305130297161559353e-05
2.760000000000000000e+02 0.000000000000000000e+00 0.000000000000000000e+00 0.000000000000000000e+00 0.000000000000000000e+00 2.960024930083023507e-05
2.770000000000000000e+02 0.000000000000000000e+00 0.000000000000000000e+00 0.000000000000000000e+00 0.000000000000000000e+00 6.214091812805363037e-05
2.780000000000000000e+02 0.000000000000000000e+00 0.000000000000000000e+00 0.000000000000000000e+00 0.000000000000000000e+00 5.264854370635776971e-05
2.790000000000000000e+02 0.000000000000000000e+00 0.000000000000000000e+00 0.000000000000000000e+00 0.000000000000000000e+00 3.075694206864341973e-05
2.800000000000000000e+02 0.000000000000000000e+00 0.000000000000000000e+00 0.000000000000000000e+00 0.000000000000000000e+00 3.946224968055746154e-05
2.810000000000000000e+02 0.000000000000000000e+00 0.000000000000000000e+00 0.000000000000000000e+00 0.000000000000000000e+00 8.552455121584545911e-06
2.820000000000000000e+02 0.000000000000000000e+00 0.000000000000000000e+00 0.000000000000000000e+00 0.000000000000000000e+00 6.507969843110027219e-05
2.830000000000000000e+02 0.000000000000000000e+00 0.000000000000000000e+00 0.000000000000000000e+00 0.000000000000000000e+00 7.970105010424443108e-05
2.840000000000000000e+02 0.000000000000000000e+00 0.000000000000000000e+00 0.000000000000000000e+00 0.000000000000000000e+00 3.974231759083870520e-05
2.850000000000000000e+02 0.000000000000000000e+00 0.000000000000000000e+00 0.000000000000000000e+00 0.000000000000000000e+00 1.573505582926937690e-05
2.860000000000000000e+02 0.000000000000000000e+00 0.000000000000000000e+00 0.000000000000000000e+00 0.000000000000000000e+00 6.022504165022693484e-05
2.870000000000000000e+02 0.000000000000000000e+00 0.000000000000000000e+00 0.000000000000000000e+00 0.000000000000000000e+00 2.354126806225191756e-05
2.880000000000000000e+02 0.000000000000000000e+00 0.000000000000000000e+00 0.000000000000000000e+00 0.000000000000000000e+00 4.376394334527747737e-05
2.890000000000000000e+02 0.000000000000000000e+00 0.000000000000000000e+00 0.000000000000000000e+00 0.000000000000000000e+00 1.283578404765289409e-05
2.900000000000000000e+02 0.000000000000000000e+00 0.000000000000000000e+00 0.000000000000000000e+00 0.000000000000000000e+00 4.218060415468602241e-05
2.910000000000000000e+02 0.000000000000000000e+00 0.000000000000000000e+00 0.000000000000000000e+00 0.000000000000000000e+00 7.361798511316748237e-05
2.920000000000000000e+02 0.000000000000000000e+00 0.000000000000000000e+00 0.000000000000000000e+00 0.000000000000000000e+00 8.063306605240406415e-05
2.930000000000000000e+02 0.000000000000000000e+00 0.000000000000000000e+00 0.000000000000000000e+00 0.000000000000000000e+00 9.792628333950054417e-06
2.940000000000000000e+02 0.000000000000000000e+00 0.000000000000000000e+00 0.000000000000000000e+00 0.000000000000000000e+00 5.340116678403998102e-05
2.950000000000000000e+02 0.000000000000000000e+00 0.000000000000000000e+00 0.000000000000000000e+00 0.000000000000000000e+00 4.311497150143933437e-05
2.960000000000000000e+02 0.000000000000000000e+00 0.000000000000000000e+00 0.000000000000000000e+00 0.000000000000000000e+00 1.162544124831232246e-05
2.970000000000000000e+02 0.000000000000000000e+00 0.000000000000000000e+00 0.000000000000000000e+00 0.000000000000000000e+00 8.698098929061532649e-05
2.980000000000000000e+02 0.000000000000000000e+00 0.000000000000000000e+00 0.000000000000000000e+00 0.000000000000000000e+00 4.174606844428285085e-05
2.990000000000000000e+02 0.000000000000000000e+00 0.000000000000000000e+00 0.000000000000000000e+00 0.000000000000000000e+00 0.000000000000000000e+00
3.000000000000000000e+02 0.000000000000000000e+00 0.000000000000000000e+00 0.000000000000000000e+00 0.000000000000000000e+00 8.586313184221297003e-05
3.010000000000000000e+02 0.000000000000000000e+00 0.000000000000000000e+00 0.000000000000000000e+00 0.000000000000000000e+00 4.971302897039471031e-05
3.020000000000000000e+02 0.000000000000000000e+00 0.000000000000000000e+00 0.000000000000000000e+00 0.000000000000000000e+00 2.677924698200960423e-05
3.030000000000000000e+02 0.000000000000000000e+00 0.000000000000000000e+00 0.000000000000000000e+00 0.000000000000000000e+00 9.767099306328322537e-06
3.040000000000000000e+02 0.000000000000000000e+00 0.000000000000000000e+00 0.000000000000000000e+00 0.000000000000000000e+00 7.762346014674233608e-05
3.050000000000000000e+02 0.000000000000000000e+00 0.000000000000000000e+00 0.000000000000000000e+00 0.000000000000000000e+00 7.361428346582710874e-05
3.060000000000000000e+02 0.000000000000000000e+00 0.000000000000000000e+00 0.000000000000000000e+00 0.000000000000000000e+00 3.998085468102448070e-05
3.070000000000000000e+02 0.000000000000000000e+00 0.000000000000000000e+00 0.000000000000000000e+00 0.000000000000000000e+00 1.619636132798261206e-05
3.080000000000000000e+02 0.000000000000000000e+00 0.000000000000000000e+00 0.000000000000000000e+00 0.000000000000000000e+00 3.988901223988098758e-05
3.090000000000000000e+02 0.000000000000000000e+00 0.000000000000000000e+00 0.000000000000000000e+00 0.000000000000000000e+00 4.388852706818072331e-05
3.100000000000000000e+02 0.000000000000000000e+00 0.000000000000000000e+00 0.000000000000000000e+00 0.000000000000000000e+00 4.394940370903367330e-05
3.110000000000000000e+02 0.000000000000000000e+00 0.000000000000000000e+00 0.000000000000000000e+00 0.000000000000000000e+00 8.851399499715435510e-05
3.120000000000000000e+02 0.000000000000000000e+00 0.000000000000000000e+00 0.000000000000000000e+00 0.000000000000000000e+00 2.907973105737139845e-05
3.130000000000000000e+02 0.000000000000000000e+00 0.000000000000000000e+00 0.000000000000000000e+00 0.000000000000000000e+00 4.616049455299289642e-05
3.140000000000000000e+02 0.000000000000000000e+00 0.000000000000000000e+00 0.000000000000000000e+00 0.000000000000000000e+00 8.169004624263753918e-05
3.150000000000000000e+02 0.000000000000000000e+00 0.000000000000000000e+00 0.000000000000000000e+00 0.000000000000000000e+00 0.000000000000000000e+00
3.160000000000000000e+02 0.000000000000000000e+00 0.000000000000000000e+00 0.000000000000000000e+00 0.000000000000000000e+00 5.408618441869504032e-05
3.170000000000000000e+02 0.000000000000000000e+00 0.000000000000000000e+00 0.000000000000000000e+00 0.000000000000000000e+00 0.000000000000000000e+00
3.180000000000000000e+02 0.000000000000000000e+00 0.000000000000000000e+00 0.000000000000000000e+00 0.000000000000000000e+00 8.453267640957469649e-05
3.190000000000000000e+02 0.000000000000000000e+00 0.000000000000000000e+00 0.000000000000000000e+00 0.000000000000000000e+00 5.467185019307455756e-05
3.200000000000000000e+02 0.000000000000000000e+00 0.000000000000000000e+00 0.000000000000000000e+00 0.000000000000000000e+00 7.172123761519131691e-05
3.210000000000000000e+02 0.000000000000000000e+00 0.000000000000000000e+00 0.000000000000000000e+00 0.000000000000000000e+00 1.813919746607972933e-05
3.220000000000000000e+02 0.000000000000000000e+00 0.000000000000000000e+00 0.000000000000000000e+00 0.000000000000000000e+00 8.249567019740225644e-05
3.230000000000000000e+02 0.000000000000000000e+00 0.000000000000000000e+00 0.000000000000000000e+00 0.000000000000000000e+00 3.249597866701362626e-05
3.240000000000000000e+02 0.000000000000000000e+00 0.000000000000000000e+00 0.000000000000000000e+00 0.000000000000000000e+00 3.685515470623166326e-05
3.250000000000000000e+02 0.000000000000000000e+00 0.000000000000000000e+00 0.000000000000000000e+00 0.000000000000000000e+00 1.486113562061017791e-05
3.260000000000000000e+02 0.000000000000000000e+00 0.000000000000000000e+00 0.000000000000000000e+00 0.000000000000000000e+00 1.072475086367862115e-04
3.270000000000000000e+02 0.000000000000000000e+00 0.000000000000000000e+00 0.000000000000000000e+00 0.000000000000000000e+00 1.934740430947680745e-05
3.280000000000000000e+02 0.000000000000000000e+00 0.000000000000000000e+00 0.000000000000000000e+00 0.000000000000000000e+00 6.479645406208032836e-05
3.290000000000000000e+02 0.000000000000000000e+00 0.000000000000000000e+00 0.000000000000000000e+00 0.000000000000000000e+00 1.653909688206197919e-05
3.300000000000000000e+02 0.000000000000000000e+00 0.000000000000000000e+00 0.000000000000000000e+00 0.000000000000000000e+00 5.307253424461378104e-05
3.310000000000000000e+02 0.000000000000000000e+00 0.000000000000000000e+00 0.000000000000000000e+00 0.000000000000000000e+00 6.200210385288472729e-05
3.320000000000000000e+02 0.000000000000000000e+00 0.000000000000000000e+00 0.000000000000000000e+00 0.000000000000000000e+00 7.135929471679440463e-05
3.330000000000000000e+02 0.000000000000000000e+00 0.000000000000000000e+00 0.000000000000000000e+00 0.000000000000000000e+00 5.485992079080599329e-05
3.340000000000000000e+02 0.000000000000000000e+00 0.000000000000000000e+00 0.000000000000000000e+00 0.000000000000000000e+00 3.897588648201932729e-05
3.350000000000000000e+02 0.000000000000000000e+00 0.000000000000000000e+00 0.000000000000000000e+00 0.000000000000000000e+00 4.791313830560094014e-05
3.360000000000000000e+02 0.000000000000000000e+00 0.000000000000000000e+00 0.000000000000000000e+00 0.000000000000000000e+00 7.071467193452984109e-05
3.370000000000000000e+02 0.000000000000000000e+00 0.000000000000000000e+00 0.000000000000000000e+00 0.000000000000000000e+00 1.193149883764384662e-05
3.380000000000000000e+02 0.000000000000000000e+00 0.000000000000000000e+00 0.000000000000000000e+00 0.000000000000000000e+00 4.275836143849332438e-05
3.390000000000000000e+02 0.000000000000000000e+00 0.000000000000000000e+00 0.000000000000000000e+00 0.000000000000000000e+00 1.485026303281448452e-05
3.400000000000000000e+02 0.000000000000000000e+00 0.000000000000000000e+00 0.000000000000000000e+00 0.000000000000000000e+00 9.768672940777862893e-05
3.410000000000000000e+02 0.000000000000000000e+00 0.000000000000000000e+00 0.000000000000000000e+00 0.000000000000000000e+00 7.220026798375259994e-05
3.420000000000000000e+02 0.000000000000000000e+00 0.000000000000000000e+00 0.000000000000000000e+00 0.000000000000000000e+00 6.882101785898363049e-05
3.430000000000000000e+02 0.000000000000000000e+00 0.000000000000000000e+00 0.000000000000000000e+00 0.000000000000000000e+00 0.000000000000000000e+00
3.440000000000000000e+02 0.000000000000000000e+00 0.000000000000000000e+00 0.000000000000000000e+00 0.000000000000000000e+00 5.848102202452800551e-05
3.450000000000000000e+02 0.000000000000000000e+00 0.000000000000000000e+00 0.000000000000000000e+00 0.000000000000000000e+00 6.757549408144494936e-05
3.460000000000000000e+02 0.000000000000000000e+00 0.000000000000000000e+00 0.000000000000000000e+00 0.000000000000000000e+00 0.000000000000000000e+00
3.470000000000000000e+02 0.000000000000000000e+00 0.000000000000000000e+00 0.000000000000000000e+00 0.000000000000000000e+00 9.605018018803272468e-05
3.480000000000000000e+02 0.000000000000000000e+00 0.000000000000000000e+00 0.000000000000000000e+00 0.000000000000000000e+00 4.434221552646709907e-05
3.490000000000000000e+02 0.000000000000000000e+00 0.000000000000000000e+00 0.000000000000000000e+00 0.000000000000000000e+00 5.398331609974791354e-05
3.500000000000000000e+02 0.000000000000000000e+00 0.000000000000000000e+00 0.000000000000000000e+00 0.000000000000000000e+00 6.531492210499508086e-05
3.510000000000000000e+02 0.000000000000000000e+00 0.000000000000000000e+00 0.000000000000000000e+00 0.000000000000000000e+00 3.507585760272147559e-05
3.520000000000000000e+02 0.000000000000000000e+00 0.000000000000000000e+00 0.000000000000000000e+00 0.000000000000000000e+00 4.979743901786111811e-05
3.530000000000000000e+02 0.000000000000000000e+00 0.000000000000000000e+00 0.000000000000000000e+00 0.000000000000000000e+00 2.050540703930881468e-05
3.540000000000000000e+02 0.000000000000000000e+00 0.000000000000000000e+00 0.000000000000000000e+00 0.000000000000000000e+00 9.140156109861314357e-05
3.550000000000000000e+02 0.000000000000000000e+00 0.000000000000000000e+00 0.000000000000000000e+00 0.000000000000000000e+00 8.269896947107916666e-05
3.560000000000000000e+02 0.000000000000000000e+00 0.000000000000000000e+00 0.000000000000000000e+00 0.000000000000000000e+00 2.817659794077514979e-05
3.570000000000000000e+02 0.000000000000000000e+00 0.000000000000000000e+00 0.000000000000000000e+00 0.000000000000000000e+00 2.695731251280246364e-05
3.580000000000000000e+02 0.000000000000000000e+00 0.000000000000000000e+00 0.000000000000000000e+00 0.000000000000000000e+00 9.149820423239142595e-05
3.590000000000000000e+02 0.000000000000000000e+00 0.000000000000000000e+00 0.000000000000000000e+00 0.000000000000000000e+00 1.234234477794493946e-05
3.600000000000000000e+02 0.000000000000000000e+00 0.000000000000000000e+00 0.000000000000000000e+00 0.000000000000000000e+00 1.325805444643612995e-05
3.610000000000000000e+02 0.000000000000000000e+00 0.000000000000000000e+00 0.000000000000000000e+00 0.000000000000000000e+00 1.321331516529320371e-04
3.620000000000000000e+02 0.000000000000000000e+00 0.000000000000000000e+00 0.000000000000000000e+00 0.000000000000000000e+00 8.077575816270753984e-05
3.630000000000000000e+02 0.000000000000000000e+00 0.000000000000000000e+00 0.000000000000000000e+00 0.000000000000000000e+00 1.022812875852292499e-05
3.640000000000000000e+02 0.000000000000000000e+00 0.000000000000000000e+00 0.000000000000000000e+00 0.000000000000000000e+00 8.370441361648781780e-05
3.650000000000000000e+02 0.000000000000000000e+00 0.000000000000000000e+00 0.000000000000000000e+00 0.000000000000000000e+00 1.075045927642533410e-05
3.660000000000000000e+02 0.000000000000000000e+00 0.000000000000000000e+00 0.000000000000000000e+00 0.000000000000000000e+00 2.672371004544459526e-05
3.670000000000000000e+02 0.000000000000000000e+00 0.000000000000000000e+00 0.000000000000000000e+00 0.000000000000000000e+00 7.045852653750167788e-05
3.680000000000000000e+02 0.000000000000000000e+00 0.000000000000000000e+00 0.000000000000000000e+00 0.000000000000000000e+00 6.211870311205236255e-05
3.690000000000000000e+02 0.000000000000000000e+00 0.000000000000000000e+00 0.000000000000000000e+00 0.000000000000000000e+00 6.627999662866190193e-05
3.700000000000000000e+02 0.000000000000000000e+00 0.000000000000000000e+00 0.000000000000000000e+00 0.000000000000000000e+00 5.740146739075354309e-05
3.710000000000000000e+02 0.000000000000000000e+00 0.000000000000000000e+00 0.000000000000000000e+00 0.000000000000000000e+00 5.309761560956819461e-05
3.720000000000000000e+02 0.000000000000000000e+00 0.000000000000000000e+00 0.000000000000000000e+00 0.000000000000000000e+00 8.032005703011457526e-05
3.730000000000000000e+02 0.000000000000000000e+00 0.000000000000000000e+00 0.000000000000000000e+00 0.000000000000000000e+00 2.712348009568716809e-05
3.740000000000000000e+02 0.000000000000000000e+00 0.000000000000000000e+00 0.000000000000000000e+00 0.000000000000000000e+00 3.997675707001425489e-05
3.750000000000000000e+02 0.000000000000000000e+00 0.000000000000000000e+00 0.000000000000000000e+00 0.000000000000000000e+00 6.893460658557475280e-05
3.760000000000000000e+02 0.000000000000000000e+00 0.000000000000000000e+00 0.000000000000000000e+00 0.000000000000000000e+00 8.624153092615358975e-05
3.770000000000000000e+02 0.000000000000000000e+00 0.000000000000000000e+00 0.000000000000000000e+00 0.000000000000000000e+00 5.407448348072507776e-05
3.780000000000000000e+02 0.000000000000000000e+00 0.000000000000000000e+00 0.000000000000000000e+00 0.000000000000000000e+00 2.769902334341476315e-05
3.790000000000000000e+02 0.000000000000000000e+00 0.000000000000000000e+00 0.000000000000000000e+00 0.000000000000000000e+00 2.754969917865945076e-05
3.800000000000000000e+02 0.000000000000000000e+00 0.000000000000000000e+00 0.000000000000000000e+00 0.000000000000000000e+00 6.134593666884441854e-05
3.810000000000000000e+02 0.000000000000000000e+00 0.000000000000000000e+00 0.000000000000000000e+00 0.000000000000000000e+00 7.325585437684219885e-05
3.820000000000000000e+02 0.000000000000000000e+00 0.000000000000000000e+00 0.000000000000000000e+00 0.000000000000000000e+00 5.332601691097950424e-05
3.830000000000000000e+02 0.000000000000000000e+00 0.000000000000000000e+00 0.000000000000000000e+00 0.000000000000000000e+00 9.426084419381594874e-05
3.840000000000000000e+02 0.000000000000000000e+00 0.000000000000000000e+00 0.000000000000000000e+00 0.000000000000000000e+00 2.812681421007456038e-05
3.850000000000000000e+02 0.000000000000000000e+00 0.000000000000000000e+00 0.000000000000000000e+00 0.000000000000000000e+00 5.234136804071464350e-05
3.860000000000000000e+02 0.000000000000000000e+00 0.000000000000000000e+00 0.000000000000000000e+00 0.000000000000000000e+00 9.453939395187047165e-05
3.870000000000000000e+02 0.000000000000000000e+00 0.000000000000000000e+00 0.000000000000000000e+00 0.000000000000000000e+00 0.000000000000000000e+00
3.880000000000000000e+02 0.000000000000000000e+00 0.000000000000000000e+00 0.000000000000000000e+00 0.000000000000000000e+00 3.812545972133014822e-05
3.890000000000000000e+02 0.000000000000000000e+00 0.000000000000000000e+00 0.000000000000000000e+00 0.000000000000000000e+00 1.171316209378556314e-04
3.900000000000000000e+02 0.000000000000000000e+00 0.000000000000000000e+00 0.000000000000000000e+00 0.000000000000000000e+00 3.168594695064945785e-05
3.910000000000000000e+02 0.000000000000000000e+00 0.000000000000000000e+00 0.000000000000000000e+00 0.000000000000000000e+00 8.399140908488172204e-05
3.920000000000000000e+02 0.000000000000000000e+00 0.000000000000000000e+00 0.000000000000000000e+00 0.000000000000000000e+00 5.338372572292909867e-05
3.930000000000000000e+02 0.000000000000000000e+00 0.000000000000000000e+00 0.000000000000000000e+00 0.000000000000000000e+00 2.324279434579295473e-05
3.940000000000000000e+02 0.000000000000000000e+00 0.000000000000000000e+00 0.000000000000000000e+00 0.000000000000000000e+00 9.143444013699365673e-05
3.950000000000000000e+02 0.000000000000000000e+00 0.000000000000000000e+00 0.000000000000000000e+00 0.000000000000000000e+00 1.041159613649230989e-05
3.960000000000000000e+02 0.000000000000000000e+00 0.000000000000000000e+00 0.000000000000000000e+00 0.000000000000000000e+00 8.549345852886344093e-05
3.970000000000000000e+02 0.000000000000000000e+00 0.000000000000000000e+00 0.000000000000000000e+00 0.000000000000000000e+00 5.415150283343378955e-05
3.980000000000000000e+02 0.000000000000000000e+00 0.000000000000000000e+00 0.000000000000000000e+00 0.000000000000000000e+00 9.736631240933260470e-05
3.990000000000000000e+02 0.000000000000000000e+00 0.000000000000000000e+00 0.000000000000000000e+00 0.000000000000000000e+00 1.796594578085127474e-05
4.000000000000000000e+02 0.000000000000000000e+00 0.000000000000000000e+00 0.000000000000000000e+00 0.000000000000000000e+00 8.630644588562518525e-05
4.010000000000000000e+02 0.000000000000000000e+00 0.000000000000000000e+00 0.000000000000000000e+00 0.000000000000000000e+00 9.239589089314661024e-06
4.020000000000000000e+02 0.000000000000000000e+00 0.000000000000000000e+00 0.000000000000000000e+00 0.000000000000000000e+00 7.270521939900021803e-05
4.030000000000000000e+02 0.000000000000000000e+00 0.000000000000000000e+00 0.000000000000000000e+00 0.000000000000000000e+00 9.393862922435844290e-05
4.040000000000000000e+02 0.000000000000000000e+00 0.000000000000000000e+00 0.000000000000000000e+00 0.000000000000000000e+00 3.898923939548792575e-05
4.050000000000000000e+02 0.000000000000000000e+00 0.000000000000000000e+00 0.000000000000000000e+00 0.000000000000000000e+00 8.371044874517213485e-05
4.060000000000000000e+02 0.000000000000000000e+00 0.000000000000000000e+00 0.000000000000000000e+00 0.000000000000000000e+00 3.849054116346104057e-05
4.070000000000000000e+02 0.000000000000000000e+00 0.000000000000000000e+00 0.000000000000000000e+00 0.000000000000000000e+00 4.166143831249660847e-05
4.080000000000000000e+02 0.000000000000000000e+00 0.000000000000000000e+00 0.000000000000000000e+00 0.000000000000000000e+00 7.680146730127480935e-05
4.090000000000000000e+02 0.000000000000000000e+00 0.000000000000000000e+00 0.000000000000000000e+00 0.000000000000000000e+00 1.742148727071698858e-05
4.100000000000000000e+02 0.000000000000000000e+00 0.000000000000000000e+00 0.000000000000000000e+00 0.000000000000000000e+00 1.035810500113470837e-04
4.110000000000000000e+02 0.000000000000000000e+00 0.000000000000000000e+00 0.000000000000000000e+00 0.000000000000000000e+00 7.372221423899893360e-05
4.120000000000000000e+02 0.000000000000000000e+00 0.000000000000000000e+00 0.000000000000000000e+00 0.000000000000000000e+00 9.135609644352716630e-05
4.130000000000000000e+02 0.000000000000000000e+00 0.000000000000000000e+00 0.000000000000000000e+00 0.000000000000000000e+00 3.457087296615367214e-05
4.140000000000000000e+02 0.000000000000000000e+00 0.000000000000000000e+00 0.000000000000000000e+00 0.000000000000000000e+00 5.376142631003477483e-05
4.150000000000000000e+02 0.000000000000000000e+00 0.000000000000000000e+00 0.000000000000000000e+00 0.000000000000000000e+00 1.350987756168381674e-05
4.160000000000000000e+02 0.000000000000000000e+00 0.000000000000000000e+00 0.000000000000000000e+00 0.000000000000000000e+00 7.773987488681415427e-05
4.170000000000000000e+02 0.000000000000000000e+00 0.000000000000000000e+00 0.000000000000000000e+00 0.000000000000000000e+00 5.217043455920811342e-05
4.180000000000000000e+02 0.000000000000000000e+00 0.000000000000000000e+00 0.000000000000000000e+00 0.000000000000000000e+00 7.104168378376959599e-05
4.190000000000000000e+02 0.000000000000000000e+00 0.000000000000000000e+00 0.000000000000000000e+00 0.000000000000000000e+00 5.319700312302714520e-05
4.200000000000000000e+02 0.000000000000000000e+00 0.000000000000000000e+00 0.000000000000000000e+00 0.000000000000000000e+00 8.184632026347948895e-05
4.210000000000000000e+02 0.000000000000000000e+00 0.000000000000000000e+00 0.000000000000000000e+00 0.000000000000000000e+00 4.629619807399970550e-05
4.220000000000000000e+02 0.000000000000000000e+00 0.000000000000000000e+00 0.000000000000000000e+00 0.000000000000000000e+00 9.068859360720834682e-05
4.230000000000000000e+02 0.000000000000000000e+00 0.000000000000000000e+00 0.000000000000000000e+00 0.000000000000000000e+00 9.759833342646695426e-06
4.240000000000000000e+02 0.000000000000000000e+00 0.000000000000000000e+00 0.000000000000000000e+00 0.000000000000000000e+00 1.082999091196641672e-04
4.250000000000000000e+02 0.000000000000000000e+00 0.000000000000000000e+00 0.000000000000000000e+00 0.000000000000000000e+00 9.105948399215399555e-05
4.260000000000000000e+02 0.000000000000000000e+00 0.000000000000000000e+00 0.000000000000000000e+00 0.000000000000000000e+00 3.844588743006725881e-05
4.270000000000000000e+02 0.000000000000000000e+00 0.000000000000000000e+00 0.000000000000000000e+00 0.000000000000000000e+00 5.560917300314302986e-05
4.280000000000000000e+02 0.000000000000000000e+00 0.000000000000000000e+00 0.000000000000000000e+00 0.000000000000000000e+00 3.818991365756478965e-05
4.290000000000000000e+02 0.000000000000000000e+00 0.000000000000000000e+00 0.000000000000000000e+00 0.000000000000000000e+00 2.177675164587201476e-05
4.300000000000000000e+02 0.000000000000000000e+00 0.000000000000000000e+00 0.000000000000000000e+00 0.000000000000000000e+00 1.182377758006210642e-04
4.310000000000000000e+02 0.000000000000000000e+00 0.000000000000000000e+00 0.000000000000000000e+00 0.000000000000000000e+00 5.522851120590802245e-05
4.320000000000000000e+02 0.000000000000000000e+00 0.000000000000000000e+00 0.000000000000000000e+00 0.000000000000000000e+00 4.995783811824777330e-05
4.330000000000000000e+02 0.000000000000000000e+00 0.000000000000000000e+00 0.000000000000000000e+00 0.000000000000000000e+00 7.835661969989390517e-05
4.340000000000000000e+02 0.000000000000000000e+00 0.000000000000000000e+00 0.000000000000000000e+00 0.000000000000000000e+00 9.344127471249896667e-05
4.350000000000000000e+02 0.000000000000000000e+00 0.000000000000000000e+00 0.000000000000000000e+00 0.000000000000000000e+00 1.833023526653666238e-05
4.360000000000000000e+02 0.000000000000000000e+00 0.000000000000000000e+00 0.000000000000000000e+00 0.000000000000000000e+00 6.129162264794373613e-05
4.370000000000000000e+02 0.000000000000000000e+00 0.000000000000000000e+00 0.000000000000000000e+00 0.000000000000000000e+00 4.115749384197982762e-05
4.380000000000000000e+02 0.000000000000000000e+00 0.000000000000000000e+00 0.000000000000000000e+00 0.000000000000000000e+00 6.135178479028050708e-05
4.390000000000000000e+02 0.000000000000000000e+00 0.000000000000000000e+00 0.000000000000000000e+00 0.000000000000000000e+00 1.101731598307137991e-04
4.400000000000000000e+02 0.000000000000000000e+00 0.000000000000000000e+00 0.000000000000000000e+00 0.000000000000000000e+00 8.144233688015595685e-05
4.410000000000000000e+02 0.000000000000000000e+00 0.000000000000000000e+00 0.000000000000000000e+00 0.000000000000000000e+00 4.614137645722267872e-05
4.420000000000000000e+02 0.000000000000000000e+00 0.000000000000000000e+00 0.000000000000000000e+00 0.000000000000000000e+00 3.623844225207083539e-05
4.430000000000000000e+02 0.000000000000000000e+00 0.000000000000000000e+00 0.000000000000000000e+00 0.000000000000000000e+00 6.676543882559119597e-05
4.440000000000000000e+02 0.000000000000000000e+00 0.000000000000000000e+00 0.000000000000000000e+00 0.000000000000000000e+00 9.081268041792322783e-05
4.450000000000000000e+02 0.000000000000000000e+00 0.000000000000000000e+00 0.000000000000000000e+00 0.000000000000000000e+00 0.000000000000000000e+00
4.460000000000000000e+02 0.000000000000000000e+00 0.000000000000000000e+00 0.000000000000000000e+00 0.000000000000000000e+00 9.614401194991320629e-05
4.470000000000000000e+02 0.000000000000000000e+00 0.000000000000000000e+00 0.000000000000000000e+00 0.000000000000000000e+00 8.458966072269263545e-05
4.480000000000000000e+02 0.000000000000000000e+00 0.000000000000000000e+00 0.000000000000000000e+00 0.000000000000000000e+00 6.858623996539837898e-05
4.490000000000000000e+02 0.000000000000000000e+00 0.000000000000000000e+00 0.000000000000000000e+00 0.000000000000000000e+00 6.709544689467337401e-05
4.500000000000000000e+02 0.000000000000000000e+00 0.000000000000000000e+00 0.000000000000000000e+00 0.000000000000000000e+00 4.851473431341616098e-05
4.510000000000000000e+02 0.000000000000000000e+00 0.000000000000000000e+00 0.000000000000000000e+00 0.000000000000000000e+00 2.107787358887013550e-05
4.520000000000000000e+02 0.000000000000000000e+00 0.000000000000000000e+00 0.000000000000000000e+00 0.000000000000000000e+00 9.106158427770720423e-05
4.530000000000000000e+02 0.000000000000000000e+00 0.000000000000000000e+00 0.000000000000000000e+00 0.000000000000000000e+00 1.201869649006332747e-04
4.540000000000000000e+02 0.000000000000000000e+00 0.000000000000000000e+00 0.000000000000000000e+00 0.000000000000000000e+00 2.251698063092812702e-05
4.550000000000000000e+02 0.000000000000000000e+00 0.000000000000000000e+00 0.000000000000000000e+00 0.000000000000000000e+00 7.820824113311204749e-05
4.560000000000000000e+02 0.000000000000000000e+00 0.000000000000000000e+00 0.000000000000000000e+00 0.000000000000000000e+00 6.049737441374269942e-05
4.570000000000000000e+02 0.000000000000000000e+00 0.000000000000000000e+00 0.000000000000000000e+00 0.000000000000000000e+00 5.129445677896046806e-05
4.580000000000000000e+02 0.000000000000000000e+00 0.000000000000000000e+00 0.000000000000000000e+00 0.000000000000000000e+00 4.994796410414434584e-05
4.590000000000000000e+02 0.000000000000000000e+00 0.000000000000000000e+00 0.000000000000000000e+00 0.000000000000000000e+00 4.179123385302551991e-05
4.600000000000000000e+02 0.000000000000000000e+00 0.000000000000000000e+00 0.000000000000000000e+00 0.000000000000000000e+00 1.028769556310428810e-04
4.610000000000000000e+02 0.000000000000000000e+00 0.000000000000000000e+00 0.000000000000000000e+00 0.000000000000000000e+00 1.113461175252664022e-04
4.620000000000000000e+02 0.000000000000000000e+00 0.000000000000000000e+00 0.000000000000000000e+00 0.000000000000000000e+00 6.826173763184198938e-05
4.630000000000000000e+02 0.000000000000000000e+00 0.000000000000000000e+00 0.000000000000000000e+00 0.000000000000000000e+00 4.640011158656173713e-05
4.640000000000000000e+02 0.000000000000000000e+00 0.000000000000000000e+00 0.000000000000000000e+00 0.000000000000000000e+00 3.619209882364256932e-05
4.650000000000000000e+02 0.000000000000000000e+00 0.000000000000000000e+00 0.000000000000000000e+00 0.000000000000000000e+00 6.745903995477160698e-05
4.660000000000000000e+02 0.000000000000000000e+00 0.000000000000000000e+00 0.000000000000000000e+00 0.000000000000000000e+00 8.036621174767681587e-05
4.670000000000000000e+02 0.000000000000000000e+00 0.000000000000000000e+00 0.000000000000000000e+00 0.000000000000000000e+00 5.217952643454202557e-05
4.680000000000000000e+02 0.000000000000000000e+00 0.000000000000000000e+00 0.000000000000000000e+00 0.000000000000000000e+00 5.744025379030393648e-05
4.690000000000000000e+02 0.000000000000000000e+00 0.000000000000000000e+00 0.000000000000000000e+00 0.000000000000000000e+00 6.293843376984091433e-05
4.700000000000000000e+02 0.000000000000000000e+00 0.000000000000000000e+00 0.000000000000000000e+00 0.000000000000000000e+00 1.102049860412616255e-04
4.710000000000000000e+02 0.000000000000000000e+00 0.000000000000000000e+00 0.000000000000000000e+00 0.000000000000000000e+00 3.513963581373162387e-05
4.720000000000000000e+02 0.000000000000000000e+00 0.000000000000000000e+00 0.000000000000000000e+00 0.000000000000000000e+00 7.588275402961755609e-05
4.730000000000000000e+02 0.000000000000000000e+00 0.000000000000000000e+00 0.000000000000000000e+00 0.000000000000000000e+00 2.169244203179954885e-05
4.740000000000000000e+02 0.000000000000000000e+00 0.000000000000000000e+00 0.000000000000000000e+00 0.000000000000000000e+00 1.462256488760992448e-04
4.750000000000000000e+02 0.000000000000000000e+00 0.000000000000000000e+00 0.000000000000000000e+00 0.000000000000000000e+00 9.104735191694081700e-05
4.760000000000000000e+02 0.000000000000000000e+00 0.000000000000000000e+00 0.000000000000000000e+00 0.000000000000000000e+00 2.681915213568412514e-05
4.770000000000000000e+02 0.000000000000000000e+00 0.000000000000000000e+00 0.000000000000000000e+00 0.000000000000000000e+00 3.496404475293392230e-05
4.780000000000000000e+02 0.000000000000000000e+00 0.000000000000000000e+00 0.000000000000000000e+00 0.000000000000000000e+00 5.566369036258223088e-05
4.790000000000000000e+02 0.000000000000000000e+00 0.000000000000000000e+00 0.000000000000000000e+00 0.000000000000000000e+00 7.158388648330975506e-05
4.800000000000000000e+02 0.000000000000000000e+00 0.000000000000000000e+00 0.000000000000000000e+00 0.000000000000000000e+00 7.081950399286323185e-05
4.810000000000000000e+02 0.000000000000000000e+00 0.000000000000000000e+00 0.000000000000000000e+00 0.000000000000000000e+00 9.237285652509866587e-05
4.820000000000000000e+02 0.000000000000000000e+00 0.000000000000000000e+00 0.000000000000000000e+00 0.000000000000000000e+00 3.614679368093400632e-05
4.830000000000000000e+02 0.000000000000000000e+00 0.000000000000000000e+00 0.000000000000000000e+00 0.000000000000000000e+00 1.130487901551656280e-04
4.840000000000000000e+02 0.000000000000000000e+00 0.000000000000000000e+00 0.000000000000000000e+00 0.000000000000000000e+00 7.347944082781781780e-05
4.850000000000000000e+02 0.000000000000000000e+00 0.000000000000000000e+00 0.000000000000000000e+00 0.000000000000000000e+00 6.421527690653153924e-05
4.860000000000000000e+02 0.000000000000000000e+00 0.000000000000000000e+00 0.000000000000000000e+00 0.000000000000000000e+00 2.581140616576667676e-05
4.870000000000000000e+02 0.000000000000000000e+00 0.000000000000000000e+00 0.000000000000000000e+00 0.000000000000000000e+00 2.609519704815721009e-05
4.880000000000000000e+02 0.000000000000000000e+00 0.000000000000000000e+00 0.000000000000000000e+00 0.000000000000000000e+00 1.633597728317972479e-04
4.890000000000000000e+02 0.000000000000000000e+00 0.000000000000000000e+00 0.000000000000000000e+00 0.000000000000000000e+00 4.992887417893280769e-05
4.900000000000000000e+02 0.000000000000000000e+00 0.000000000000000000e+00 0.000000000000000000e+00 0.000000000000000000e+00 9.017359461937640719e-05
4.910000000000000000e+02 0.000000000000000000e+00 0.000000000000000000e+00 0.000000000000000000e+00 0.000000000000000000e+00 3.319535605171435348e-05
4.920000000000000000e+02 0.000000000000000000e+00 0.000000000000000000e+00 0.000000000000000000e+00 0.000000000000000000e+00 1.086472771034791246e-04
4.930000000000000000e+02 0.000000000000000000e+00 0.000000000000000000e+00 0.000000000000000000e+00 0.000000000000000000e+00 2.401293524059466459e-05
4.940000000000000000e+02 0.000000000000000000e+00 0.000000000000000000e+00 0.000000000000000000e+00 0.000000000000000000e+00 7.562178531930399813e-05
4.950000000000000000e+02 0.000000000000000000e+00 0.000000000000000000e+00 0.000000000000000000e+00 0.000000000000000000e+00 6.310992233164600335e-05
4.960000000000000000e+02 0.000000000000000000e+00 0.000000000000000000e+00 0.000000000000000000e+00 0.000000000000000000e+00 9.871638614520432116e-05
4.970000000000000000e+02 0.000000000000000000e+00 0.000000000000000000e+00 0.000000000000000000e+00 0.000000000000000000e+00 8.187541576198488285e-05
4.980000000000000000e+02 0.000000000000000000e+00 0.000000000000000000e+00 0.000000000000000000e+00 0.000000000000000000e+00 5.476222067871929828e-05
4.990000000000000000e+02 0.000000000000000000e+00 0.000000000000000000e+00 0.000000000000000000e+00 0.000000000000000000e+00 2.402569816312080257e-05
5.000000000000000000e+02 2.600468505106809206e-16 -1.181542083317294446e-16 1.190819621942114168e-13 0.000000000000000000e+00 8.838642877681802360e-05
5.010000000000000000e+02 2.600468505106809206e-16 -1.181542083317294446e-16 1.190819621942114168e-13 0.000000000000000000e+00 5.066869251921507901e-05
5.020000000000000000e+02 2.600468505106809206e-16 -1.181542083317294446e-16 1.190819621942114168e-13 0.000000000000000000e+00 1.505889497673488088e-04
5.030000000000000000e+02 2.600468505106809206e-16 -1.181542083317294446e-16 1.190819621942114168e-13 0.000000000000000000e+00 5.790162516479817095e-05
5.040000000000000000e+02 2.600468505106809206e-16 -1.181542083317294446e-16 1.190819621942114168e-13 0.000000000000000000e+00 4.829306546866279210e-05
5.050000000000000000e+02 2.619398450372192471e-16 -1.100919605709499350e-16 1.196321049291344005e-13 0.000000000000000000e+00 5.498377054996903798e-05
5.060000000000000000e+02 2.657258340902959001e-16 -9.396746504939090359e-17 1.207323903989803427e-13 0.000000000000000000e+00 9.261043418045766893e-05
5.070000000000000000e+02 2.695118231433725531e-16 -7.784296952783187213e-17 1.218326758688262849e-13 0.000000000000000000e+00 3.047369744285559218e-05
5.080000000000000000e+02 2.732978121964492553e-16 -6.171847400627284067e-17 1.229329613386722523e-13 0.000000000000000000e+00 5.950012735173545623e-05
5.090000000000000000e+02 2.770838012495259083e-16 -4.559397848471382154e-17 1.240332468085181945e-13 0.000000000000000000e+00 5.594771961208835410e-05
5.100000000000000000e+02 2.808697903026025613e-16 -2.946948296315479008e-17 1.251335322783641619e-13 0.000000000000000000e+00 1.385290249027316793e-04
5.110000000000000000e+02 2.846557793556792142e-16 -1.334498744159575862e-17 1.262338177482101041e-13 0.000000000000000000e+00 7.583449666389327319e-05
5.120000000000000000e+02 2.884417684087559165e-16 2.779508079963272833e-18 1.273341032180560715e-13 0.000000000000000000e+00 7.011172897977681828e-05
5.130000000000000000e+02 2.922277574618325695e-16 1.890400360152229196e-17 1.284343886879020136e-13 0.000000000000000000e+00 4.041107424310540046e-05
5.140000000000000000e+02 2.960137465149092225e-16 3.502849912308133575e-17 1.295346741577479558e-13 0.000000000000000000e+00 6.759106324714517558e-05
5.150000000000000000e+02 2.978495616734718524e-16 5.492577687607089914e-17 1.293893894246092362e-13 0.000000000000000000e+00 6.536891635445617047e-05
5.160000000000000000e+02 2.977352029375204594e-16 7.859583686049099448e-17 1.279985344884858297e-13 0.000000000000000000e+00 1.021007106550335196e-04
5.170000000000000000e+02 2.976208442015690170e-16 1.022658968449111021e-16 1.266076795523624231e-13 0.000000000000000000e+00 6.545118654046862619e-05
5.180000000000000000e+02 2.975064854656176240e-16 1.259359568293311851e-16 1.252168246162390418e-13 0.000000000000000000e+00 1.062127007999615378e-05
5.190000000000000000e+02 2.973921267296662309e-16 1.496060168137513175e-16 1.238259696801156352e-13 0.000000000000000000e+00 1.193672367341562827e-04
5.200000000000000000e+02 2.972777679937147885e-16 1.732760767981714005e-16 1.224351147439922286e-13 0.000000000000000000e+00 9.815441526827202196e-05
5.210000000000000000e+02 2.971634092577633955e-16 1.969461367825915081e-16 1.210442598078688221e-13 0.000000000000000000e+00 8.722881847732419076e-06
5.220000000000000000e+02 2.970490505218120024e-16 2.206161967670116158e-16 1.196534048717454408e-13 0.000000000000000000e+00 1.084518507879364215e-04
5.230000000000000000e+02 2.969346917858605601e-16 2.442862567514316988e-16 1.182625499356220342e-13 0.000000000000000000e+00 6.911714913497076656e-05
5.240000000000000000e+02 2.968203330499091670e-16 2.679563167358518311e-16 1.168716949994986276e-13 0.000000000000000000e+00 1.027096268555822349e-04
5.250000000000000000e+02 2.987670549520468309e-16 2.936434420591191950e-16 1.171252298581840035e-13 0.000000000000000000e+00 7.309011781506885108e-05
5.260000000000000000e+02 3.027748574922735022e-16 3.213476327212337904e-16 1.190231545116781365e-13 0.000000000000000000e+00 6.535065983563022915e-05
5.270000000000000000e+02 3.067826600325002229e-16 3.490518233833483858e-16 1.209210791651722695e-13 0.000000000000000000e+00 2.385438249117183160e-05
5.280000000000000000e+02 3.107904625727268943e-16 3.767560140454629812e-16 1.228190038186664277e-13 0.000000000000000000e+00 1.127292186779754648e-04
5.290000000000000000e+02 3.147982651129536150e-16 4.044602047075775766e-16 1.247169284721605607e-13 0.000000000000000000e+00 3.081529586069759705e-05
5.300000000000000000e+02 3.188060676531802864e-16 4.321643953696921720e-16 1.266148531256546937e-13 0.000000000000000000e+00 1.064026032013607023e-04
5.310000000000000000e+02 3.228138701934070071e-16 4.598685860318067675e-16 1.285127777791488267e-13 0.000000000000000000e+00 5.073603631552003906e-05
5.320000000000000000e+02 3.268216727336336785e-16 4.875727766939214615e-16 1.304107024326429849e-13 0.000000000000000000e+00 1.099229088279734721e-04
5.330000000000000000e+02 3.308294752738603992e-16 5.152769673560359583e-16 1.323086270861371179e-13 0.000000000000000000e+00 9.964215840373846908e-05
5.340000000000000000e+02 3.348372778140870706e-16 5.429811580181506523e-16 1.342065517396312509e-13 0.000000000000000000e+00 3.727135435981384070e-05
5.350000000000000000e+02 3.361996519290556421e-16 5.679415521729859272e-16 1.343330797189977440e-13 0.000000000000000000e+00 6.423637810677597750e-05
5.360000000000000000e+02 3.349165976187661138e-16 5.901581498205420789e-16 1.326882110242365972e-13 0.000000000000000000e+00 4.744835447276422153e-05
5.370000000000000000e+02 3.336335433084765361e-16 6.123747474680982306e-16 1.310433423294754252e-13 0.000000000000000000e+00 7.358988592968650753e-05
5.380000000000000000e+02 3.323504889981869585e-16 6.345913451156542837e-16 1.293984736347142531e-13 0.000000000000000000e+00 1.015725339415089902e-04
5.390000000000000000e+02 3.310674346878974301e-16 6.568079427632104354e-16 1.277536049399531063e-13 0.000000000000000000e+00 8.947077106615761470e-05
5.400000000000000000e+02 3.297843803776078525e-16 6.790245404107665871e-16 1.261087362451919343e-13 0.000000000000000000e+00 4.670977115139475088e-05
5.410000000000000000e+02 3.285013260673183241e-16 7.012411380583227387e-16 1.244638675504307875e-13 0.000000000000000000e+00 1.222393714712863007e-04
5.420000000000000000e+02 3.272182717570287465e-16 7.234577357058787918e-16 1.228189988556696154e-13 0.000000000000000000e+00 7.397276010294949727e-05
5.430000000000000000e+02 3.259352174467391688e-16 7.456743333534349435e-16 1.211741301609084434e-13 0.000000000000000000e+00 2.126582444339194375e-05
5.440000000000000000e+02 3.246521631364496405e-16 7.678909310009910952e-16 1.195292614661472966e-13 0.000000000000000000e+00 7.823509183314216375e-05
5.450000000000000000e+02 3.262123774045204624e-16 7.934574519145203975e-16 1.196928114906055701e-13 0.000000000000000000e+00 6.101383039639740320e-05
5.460000000000000000e+02 3.306158602509516838e-16 8.223738960940227519e-16 1.216647802342832639e-13 0.000000000000000000e+00 1.314029996753789619e-04
5.470000000000000000e+02 3.350193430973828560e-16 8.512903402735253035e-16 1.236367489779609577e-13 0.000000000000000000e+00 7.299539111061997994e-05
5.480000000000000000e+02 3.394228259438140775e-16 8.802067844530276579e-16 1.256087177216386515e-13 0.000000000000000000e+00 5.492580505285310310e-05
5.490000000000000000e+02 3.438263087902452989e-16 9.091232286325302095e-16 1.275806864653163453e-13 0.000000000000000000e+00 3.424412588302399522e-05
5.500000000000000000e+02 3.482297916366764711e-16 9.380396728120325639e-16 1.295526552089940643e-13 0.000000000000000000e+00 1.008765337169251891e-04
5.510000000000000000e+02 3.526332744831076925e-16 9.669561169915351155e-16 1.315246239526717581e-13 0.000000000000000000e+00 6.388333765367131055e-05
5.520000000000000000e+02 3.570367573295389140e-16 9.958725611710374699e-16 1.334965926963494519e-13 0.000000000000000000e+00 1.373768937187864569e-04
5.530000000000000000e+02 3.614402401759700862e-16 1.024789005350540022e-15 1.354685614400271457e-13 0.000000000000000000e+00 4.641349922248654198e-05
5.540000000000000000e+02 3.658437230224013076e-16 1.053705449530042376e-15 1.374405301837048395e-13 0.000000000000000000e+00 6.481865523417413048e-05
5.550000000000000000e+02 3.685419595624434696e-16 1.078602024367619363e-15 1.384271904339408329e-13 0.000000000000000000e+00 9.433189538941999942e-05
5.560000000000000000e+02 3.695349497960965719e-16 1.099478729863270784e-15 1.384285421907351258e-13 0.000000000000000000e+00 5.663059321481086263e-05
5.570000000000000000e+02 3.705279400297496250e-16 1.120355435358922206e-15 1.384298939475293935e-13 0.000000000000000000e+00 4.162994859345762620e-05
5.580000000000000000e+02 3.715209302634027274e-16 1.141232140854573627e-15 1.384312457043236864e-13 0.000000000000000000e+00 6.002719392028866728e-05
5.590000000000000000e+02 3.725139204970558298e-16 1.162108846350225049e-15 1.384325974611179793e-13 0.000000000000000000e+00 1.216150868268741345e-04
5.600000000000000000e+02 3.735069107307089322e-16 1.182985551845876471e-15 1.384339492179122470e-13 0.000000000000000000e+00 9.892295731260575969e-05
5.610000000000000000e+02 3.744999009643620346e-16 1.203862257341527892e-15 1.384353009747065399e-13 0.000000000000000000e+00 9.321839857294194514e-05
5.620000000000000000e+02 3.754928911980151370e-16 1.224738962837179314e-15 1.384366527315008328e-13 0.000000000000000000e+00 3.383489344788424721e-05
5.630000000000000000e+02 3.764858814316681900e-16 1.245615668332830735e-15 1.384380044882951005e-13 0.000000000000000000e+00 7.390248145276583655e-05
5.640000000000000000e+02 3.774788716653212924e-16 1.266492373828482157e-15 1.384393562450893934e-13 0.000000000000000000e+00 9.528628321482268302e-05
5.650000000000000000e+02 3.774304649959222958e-16 1.282830501051757174e-15 1.377968622459763223e-13 0.000000000000000000e+00 2.988572125699815636e-05
5.660000000000000000e+02 3.763406614234711509e-16 1.294630050002655983e-15 1.365105224909558873e-13 0.000000000000000000e+00 1.505044197537907342e-04
5.670000000000000000e+02 3.752508578510200554e-16 1.306429598953554792e-15 1.352241827359354523e-13 0.000000000000000000e+00 3.530524418566447452e-05
5.680000000000000000e+02 3.741610542785689598e-16 1.318229147904453601e-15 1.339378429809150426e-13 0.000000000000000000e+00 5.322015661326605899e-05
5.690000000000000000e+02 3.730712507061178149e-16 1.330028696855352411e-15 1.326515032258946076e-13 0.000000000000000000e+00 1.140981151639752029e-04
5.700000000000000000e+02 3.719814471336667193e-16 1.341828245806251220e-15 1.313651634708741978e-13 0.000000000000000000e+00 7.587248490269621066e-05
5.710000000000000000e+02 3.708916435612155744e-16 1.353627794757150029e-15 1.300788237158537628e-13 0.000000000000000000e+00 5.151498930431149459e-05
5.720000000000000000e+02 3.698018399887644789e-16 1.365427343708048838e-15 1.287924839608333530e-13 0.000000000000000000e+00 6.892217693783255145e-05
5.730000000000000000e+02 3.687120364163133833e-16 1.377226892658947647e-15 1.275061442058129180e-13 0.000000000000000000e+00 1.247137099411020102e-04
5.740000000000000000e+02 3.676222328438622384e-16 1.389026441609846457e-15 1.262198044507924830e-13 0.000000000000000000e+00 7.561378141840866744e-05
5.750000000000000000e+02 3.695711087660438586e-16 1.405260309681342422e-15 1.270041230253853018e-13 0.000000000000000000e+00 5.893674789756018671e-05
5.760000000000000000e+02 3.745586641828581454e-16 1.425928496873435742e-15 1.298590999295913490e-13 0.000000000000000000e+00 6.463677472012990843e-05
5.770000000000000000e+02 3.795462195996724322e-16 1.446596684065528865e-15 1.327140768337973963e-13 0.000000000000000000e+00 8.570089750593191523e-05
5.780000000000000000e+02 3.845337750164867190e-16 1.467264871257622184e-15 1.355690537380034183e-13 0.000000000000000000e+00 6.379604928362489404e-05
5.790000000000000000e+02 3.895213304333010057e-16 1.487933058449715504e-15 1.384240306422094656e-13 0.000000000000000000e+00 4.199241245455552924e-05
5.800000000000000000e+02 3.945088858501153418e-16 1.508601245641808824e-15 1.412790075464155128e-13 0.000000000000000000e+00 1.179815749370821898e-04
5.810000000000000000e+02 3.994964412669296286e-16 1.529269432833902144e-15 1.441339844506215601e-13 0.000000000000000000e+00 9.779010652223022913e-05
5.820000000000000000e+02 4.044839966837439153e-16 1.549937620025995463e-15 1.469889613548275821e-13 0.000000000000000000e+00 1.120761535321193256e-04
5.830000000000000000e+02 4.094715521005582021e-16 1.570605807218088586e-15 1.498439382590336293e-13 0.000000000000000000e+00 7.281497456871175334e-05
5.840000000000000000e+02 4.144591075173724889e-16 1.591273994410181906e-15 1.526989151632396766e-13 0.000000000000000000e+00 3.373040986211048211e-05
5.850000000000000000e+02 4.165284302640756969e-16 1.605097862601083237e-15 1.536067864948602454e-13 0.000000000000000000e+00 7.439302687944654869e-05
5.860000000000000000e+02 4.156795203406677277e-16 1.612077411790792776e-15 1.525675522538953106e-13 0.000000000000000000e+00 6.302937414996521027e-05
5.870000000000000000e+02 4.148306104172597584e-16 1.619056960980502316e-15 1.515283180129303758e-13 0.000000000000000000e+00 1.109881083853177990e-04
5.880000000000000000e+02 4.139817004938518384e-16 1.626036510170211855e-15 1.504890837719654663e-13 0.000000000000000000e+00 8.492761690846119987e-05
5.890000000000000000e+02 4.131327905704438691e-16 1.633016059359921395e-15 1.494498495310005314e-13 0.000000000000000000e+00 6.411798659875752096e-05
5.900000000000000000e+02 4.122838806470359492e-16 1.639995608549630737e-15 1.484106152900356219e-13 0.000000000000000000e+00 7.598637139442438381e-05
5.910000000000000000e+02 4.114349707236279799e-16 1.646975157739340277e-15 1.473713810490706871e-13 0.000000000000000000e+00 9.420753932760408923e-05
5.920000000000000000e+02 4.105860608002200599e-16 1.653954706929049816e-15 1.463321468081057775e-13 0.000000000000000000e+00 9.602172535657675840e-05
5.930000000000000000e+02 4.097371508768120906e-16 1.660934256118759356e-15 1.452929125671408427e-13 0.000000000000000000e+00 9.214575836125437803e-06
5.940000000000000000e+02 4.088882409534041214e-16 1.667913805308468896e-15 1.442536783261759079e-13 0.000000000000000000e+00 1.041799023518284371e-04
5.950000000000000000e+02 4.095912125064649559e-16 1.675675129500973626e-15 1.443037005644607661e-13 0.000000000000000000e+00 1.475680833153608976e-04
5.960000000000000000e+02 4.118460655359944956e-16 1.684218228696273943e-15 1.454429792819954173e-13 0.000000000000000000e+00 4.057345686373553577e-05
5.970000000000000000e+02 4.141009185655240353e-16 1.692761327891574260e-15 1.465822579995300684e-13 0.000000000000000000e+00 6.821424017257558803e-05
5.980000000000000000e+02 4.163557715950535750e-16 1.701304427086874379e-15 1.477215367170647196e-13 0.000000000000000000e+00 6.482372462096644666e-05
5.990000000000000000e+02 4.186106246245831148e-16 1.709847526282174696e-15 1.488608154345993708e-13 0.000000000000000000e+00 7.467943616955765988e-05
6.000000000000000000e+02 4.208654776541127038e-16 1.718390625477475012e-15 1.500000941521340220e-13 0.000000000000000000e+00 9.491906271968096089e-05
6.010000000000000000e+02 4.231203306836422435e-16 1.726933724672775329e-15 1.511393728696686732e-13 0.000000000000000000e+00 8.138123071035591562e-05
6.020000000000000000e+02 4.253751837131717832e-16 1.735476823868075449e-15 1.522786515872033244e-13 0.000000000000000000e+00 1.195714079827764120e-04
6.030000000000000000e+02 4.276300367427013229e-16 1.744019923063375765e-15 1.534179303047379756e-13 0.000000000000000000e+00 3.340657220444264672e-05
6.040000000000000000e+02 4.298848897722308627e-16 1.752563022258676082e-15 1.545572090222726268e-13 0.000000000000000000e+00 1.324000395981843976e-04
6.050000000000000000e+02 4.310437490069915702e-16 1.757112235757300613e-15 1.550681119968112866e-13 0.000000000000000000e+00 7.111951991735388781e-05
6.060000000000000000e+02 4.311066144469833469e-16 1.757667563559249555e-15 1.549506392283540310e-13 0.000000000000000000e+00 3.576056588426888361e-05
6.070000000000000000e+02 4.311694798869751729e-16 1.758222891361198497e-15 1.548331664598967248e-13 0.000000000000000000e+00 6.233021847883770403e-05
6.080000000000000000e+02 4.312323453269669497e-16 1.758778219163147440e-15 1.547156936914394691e-13 0.000000000000000000e+00 1.089757642886230100e-04
6.090000000000000000e+02 4.312952107669587757e-16 1.759333546965096382e-15 1.545982209229821629e-13 0.000000000000000000e+00 7.513947945531285416e-05
6.100000000000000000e+02 4.313580762069505524e-16 1.759888874767045521e-15 1.544807481545249072e-13 0.000000000000000000e+00 9.378082191209945596e-05
6.110000000000000000e+02 4.314209416469423784e-16 1.760444202568994464e-15 1.543632753860676010e-13 0.000000000000000000e+00 9.234542746905978082e-05
6.120000000000000000e+02 4.314838070869341552e-16 1.760999530370943406e-15 1.542458026176103453e-13 0.000000000000000000e+00 4.381359129578037354e-05
6.130000000000000000e+02 4.315466725269259812e-16 1.761554858172892348e-15 1.541283298491530391e-13 0.000000000000000000e+00 8.883917478369213888e-05
6.140000000000000000e+02 4.316095379669177579e-16 1.762110185974841291e-15 1.540108570806957834e-13 0.000000000000000000e+00 9.384433686692474064e-05
6.150000000000000000e+02 4.317325294669556960e-16 1.762484823394557730e-15 1.536912701845290661e-13 0.000000000000000000e+00 5.071055534030993240e-05
6.160000000000000000e+02 4.319156470270397954e-16 1.762678770432041865e-15 1.531695691606529630e-13 0.000000000000000000e+00 1.051562339444444448e-04
6.170000000000000000e+02 4.320987645871238455e-16 1.762872717469525999e-15 1.526478681367768598e-13 0.000000000000000000e+00 1.011972171457080312e-04
6.180000000000000000e+02 4.322818821472078957e-16 1.763066664507009937e-15 1.521261671129007567e-13 0.000000000000000000e+00 8.415510691397419800e-05
6.190000000000000000e+02 4.324649997072919951e-16 1.763260611544494071e-15 1.516044660890246535e-13 0.000000000000000000e+00 4.389596395039748231e-05
6.200000000000000000e+02 4.326481172673760452e-16 1.763454558581978008e-15 1.510827650651485504e-13 0.000000000000000000e+00 8.585521534523952157e-05
6.210000000000000000e+02 4.328312348274601446e-16 1.763648505619462143e-15 1.505610640412724472e-13 0.000000000000000000e+00 5.243005554457909968e-05
6.220000000000000000e+02 4.330143523875441948e-16 1.763842452656946080e-15 1.500393630173963441e-13 0.000000000000000000e+00 1.354784900788630092e-04
6.230000000000000000e+02 4.331974699476282449e-16 1.764036399694430215e-15 1.495176619935202409e-13 0.000000000000000000e+00 6.870200166038078387e-05
6.240000000000000000e+02 4.333805875077123443e-16 1.764230346731914349e-15 1.489959609696441377e-13 0.000000000000000000e+00 1.185846617283430347e-04
6.250000000000000000e+02 4.354252538935350896e-16 1.767156569176628926e-15 1.498415917404426608e-13 0.000000000000000000e+00 3.335398749633428734e-05
6.260000000000000000e+02 4.393314691050965299e-16 1.772815067028573945e-15 1.520545543059158352e-13 0.000000000000000000e+00 1.315338967209690475e-04
6.270000000000000000e+02 4.432376843166579703e-16 1.778473564880519161e-15 1.542675168713890097e-13 0.000000000000000000e+00 2.222587661010743486e-05
6.280000000000000000e+02 4.471438995282193614e-16 1.784132062732464377e-15 1.564804794368622094e-13 0.000000000000000000e+00 8.336483954639968205e-05
6.290000000000000000e+02 4.510501147397808018e-16 1.789790560584409593e-15 1.586934420023353838e-13 0.000000000000000000e+00 3.822598953174030748e-05
6.300000000000000000e+02 4.549563299513422422e-16 1.795449058436354415e-15 1.609064045678085583e-13 0.000000000000000000e+00 1.400491001096662981e-04
6.310000000000000000e+02 4.588625451629036826e-16 1.801107556288299631e-15 1.631193671332817327e-13 0.000000000000000000e+00 1.119844100550677045e-04
6.320000000000000000e+02 4.627687603744651230e-16 1.806766054140244847e-15 1.653323296987549324e-13 0.000000000000000000e+00 7.408692139397702074e-05
6.330000000000000000e+02 4.666749755860265633e-16 1.812424551992190063e-15 1.675452922642281069e-13 0.000000000000000000e+00 9.424034922679395965e-05
6.340000000000000000e+02 4.705811907975880037e-16 1.818083049844135280e-15 1.697582548297012813e-13 0.000000000000000000e+00 3.259017420656985575e-05
6.350000000000000000e+02 4.730715881980729978e-16 1.820304780730720223e-15 1.706859710267752037e-13 0.000000000000000000e+00 7.002835189599636561e-05
6.360000000000000000e+02 4.741461677874816443e-16 1.819089744651945289e-15 1.703284408554498991e-13 0.000000000000000000e+00 1.230356224415549940e-04
6.370000000000000000e+02 4.752207473768902908e-16 1.817874708573170354e-15 1.699709106841245946e-13 0.000000000000000000e+00 6.418585500772310589e-05
6.380000000000000000e+02 4.762953269662989373e-16 1.816659672494395025e-15 1.696133805127992900e-13 0.000000000000000000e+00 8.977355663150684716e-05
6.390000000000000000e+02 4.773699065557075837e-16 1.815444636415620091e-15 1.692558503414739855e-13 0.000000000000000000e+00 5.273680208214908901e-05
6.400000000000000000e+02 4.784444861451161316e-16 1.814229600336845156e-15 1.688983201701486809e-13 0.000000000000000000e+00 1.246724447419957148e-04
6.410000000000000000e+02 4.795190657345247781e-16 1.813014564258070221e-15 1.685407899988233764e-13 0.000000000000000000e+00 8.815915079243145968e-05
6.420000000000000000e+02 4.805936453239334245e-16 1.811799528179294892e-15 1.681832598274980718e-13 0.000000000000000000e+00 4.619024129459455827e-05
6.430000000000000000e+02 4.816682249133420710e-16 1.810584492100519958e-15 1.678257296561727673e-13 0.000000000000000000e+00 4.889717289873494397e-05
6.440000000000000000e+02 4.827428045027507175e-16 1.809369456021745023e-15 1.674681994848474627e-13 0.000000000000000000e+00 1.623176729441332903e-04
6.450000000000000000e+02 4.842215222000701824e-16 1.804000607699686744e-15 1.680719522884648364e-13 0.000000000000000000e+00 9.686563826654472119e-05
6.460000000000000000e+02 4.861043780053006631e-16 1.794477947134344726e-15 1.696369880670249134e-13 0.000000000000000000e+00 6.148546877324390775e-05
6.470000000000000000e+02 4.879872338105310451e-16 1.784955286569002707e-15 1.712020238455849905e-13 0.000000000000000000e+00 4.418084214257855943e-05
6.480000000000000000e+02 4.898700896157615258e-16 1.775432626003660886e-15 1.727670596241450676e-13 0.000000000000000000e+00 9.248194214854093013e-05
6.490000000000000000e+02 4.917529454209920065e-16 1.765909965438319065e-15 1.743320954027051446e-13 0.000000000000000000e+00 6.933600210506919942e-05
6.500000000000000000e+02 4.936358012262223885e-16 1.756387304872977046e-15 1.758971311812651964e-13 0.000000000000000000e+00 9.349231203708787850e-05
6.510000000000000000e+02 4.955186570314528692e-16 1.746864644307635225e-15 1.774621669598252735e-13 0.000000000000000000e+00 1.014817658426614904e-04
6.520000000000000000e+02 4.974015128366833498e-16 1.737341983742293404e-15 1.790272027383853506e-13 0.000000000000000000e+00 9.138656528959988813e-05
6.530000000000000000e+02 4.992843686419137319e-16 1.727819323176951385e-15 1.805922385169454276e-13 0.000000000000000000e+00 9.297313363321907961e-05
6.540000000000000000e+02 5.011672244471442125e-16 1.718296662611609564e-15 1.821572742955055047e-13 0.000000000000000000e+00 6.911466411386935538e-05
6.550000000000000000e+02 5.014802309525906366e-16 1.705122292111367052e-15 1.822123027692661457e-13 0.000000000000000000e+00 9.082123541630243583e-05
6.560000000000000000e+02 5.002233881582530040e-16 1.688296211676224045e-15 1.807573239382273760e-13 0.000000000000000000e+00 4.833864358392005417e-05
6.570000000000000000e+02 4.989665453639153715e-16 1.671470131241081235e-15 1.793023451071886063e-13 0.000000000000000000e+00 5.147563838073809399e-05
6.580000000000000000e+02 4.977097025695777389e-16 1.654644050805938228e-15 1.778473662761498113e-13 0.000000000000000000e+00 1.441570815435302922e-04
6.590000000000000000e+02 4.964528597752401063e-16 1.637817970370795221e-15 1.763923874451110416e-13 0.000000000000000000e+00 9.335675334220303707e-05
6.600000000000000000e+02 4.951960169809024738e-16 1.620991889935652215e-15 1.749374086140722467e-13 0.000000000000000000e+00 7.652381339757295523e-05
6.610000000000000000e+02 4.939391741865648412e-16 1.604165809500509208e-15 1.734824297830334770e-13 0.000000000000000000e+00 8.019187838451271406e-05
6.620000000000000000e+02 4.926823313922272086e-16 1.587339729065366201e-15 1.720274509519946820e-13 0.000000000000000000e+00 9.986767383057382869e-05
6.630000000000000000e+02 4.914254885978895761e-16 1.570513648630223391e-15 1.705724721209559123e-13 0.000000000000000000e+00 5.809630028260274581e-05
6.640000000000000000e+02 4.901686458035519435e-16 1.553687568195080384e-15 1.691174932899171426e-13 0.000000000000000000e+00 6.611795026143616632e-05
6.650000000000000000e+02 4.898280039341053227e-16 1.537016671027669695e-15 1.686716837444758631e-13 0.000000000000000000e+00 1.077803944959266632e-04
6.660000000000000000e+02 4.904035629895496151e-16 1.520500957127991125e-15 1.692350434846320992e-13 0.000000000000000000e+00 1.128356127454016724e-04
6.670000000000000000e+02 4.909791220449939075e-16 1.503985243228312753e-15 1.697984032247883353e-13 0.000000000000000000e+00 8.585980824929155693e-05
6.680000000000000000e+02 4.915546811004381999e-16 1.487469529328634380e-15 1.703617629649445713e-13 0.000000000000000000e+00 4.597507849816472779e-05
6.690000000000000000e+02 4.921302401558824923e-16 1.470953815428955811e-15 1.709251227051008074e-13 0.000000000000000000e+00 8.005330955665118718e-05
6.700000000000000000e+02 4.927057992113267846e-16 1.454438101529277439e-15 1.714884824452570182e-13 0.000000000000000000e+00 4.411372632838589359e-05
6.710000000000000000e+02 4.932813582667710770e-16 1.437922387629598869e-15 1.720518421854132543e-13 0.000000000000000000e+00 1.320804157435866339e-04
6.720000000000000000e+02 4.938569173222153694e-16 1.421406673729920497e-15 1.726152019255694903e-13 0.000000000000000000e+00 1.263113475778698239e-04
6.730000000000000000e+02 4.944324763776596618e-16 1.404890959830241927e-15 1.731785616657257264e-13 0.000000000000000000e+00 4.310750485271149456e-05
6.740000000000000000e+02 4.950080354331039541e-16 1.388375245930563555e-15 1.737419214058819625e-13 0.000000000000000000e+00 1.164361900536049012e-04
6.750000000000000000e+02 4.981850112724179739e-16 1.376950369467355943e-15 1.751292121895635254e-13 0.000000000000000000e+00 7.939241966962538725e-05
6.760000000000000000e+02 5.039634038956017210e-16 1.370616330440618697e-15 1.773404340167704152e-13 0.000000000000000000e+00 6.812388811655696542e-05
6.770000000000000000e+02 5.097417965187854681e-16 1.364282291413881845e-15 1.795516558439773050e-13 0.000000000000000000e+00 8.995600648732337786e-05
6.780000000000000000e+02 5.155201891419692152e-16 1.357948252387144599e-15 1.817628776711841948e-13 0.000000000000000000e+00 3.775320769952654590e-05
6.790000000000000000e+02 5.212985817651529622e-16 1.351614213360407747e-15 1.839740994983910846e-13 0.000000000000000000e+00 8.020984108955838375e-05
6.800000000000000000e+02 5.270769743883368079e-16 1.345280174333670501e-15 1.861853213255979996e-13 0.000000000000000000e+00 1.684815178487517832e-04
6.810000000000000000e+02 5.328553670115205550e-16 1.338946135306933649e-15 1.883965431528048894e-13 0.000000000000000000e+00 7.034680126192660728e-05
6.820000000000000000e+02 5.386337596347043021e-16 1.332612096280196403e-15 1.906077649800117792e-13 0.000000000000000000e+00 9.168875018619421864e-05
6.830000000000000000e+02 5.444121522578880492e-16 1.326278057253459552e-15 1.928189868072186690e-13 0.000000000000000000e+00 4.292369446723393175e-05
6.840000000000000000e+02 5.501905448810717963e-16 1.319944018226722306e-15 1.950302086344255588e-13 0.000000000000000000e+00 1.051095752245944238e-04
6.850000000000000000e+02 5.519242566894569823e-16 1.301201751192195825e-15 1.952252267766465171e-13 0.000000000000000000e+00 6.543253195646925053e-05
6.860000000000000000e+02 5.496132876830437057e-16 1.270051256149879913e-15 1.934040412338815439e-13 0.000000000000000000e+00 1.116760408802291668e-04
6.870000000000000000e+02 5.473023186766303304e-16 1.238900761107564001e-15 1.915828556911165707e-13 0.000000000000000000e+00 7.218451745614272550e-05
6.880000000000000000e+02 5.449913496702170539e-16 1.207750266065248089e-15 1.897616701483515975e-13 0.000000000000000000e+00 6.473663977889381502e-05
6.890000000000000000e+02 5.426803806638036786e-16 1.176599771022932177e-15 1.879404846055866243e-13 0.000000000000000000e+00 1.108019109613440900e-04
6.900000000000000000e+02 5.403694116573904020e-16 1.145449275980616265e-15 1.861192990628216511e-13 0.000000000000000000e+00 7.610679929040029771e-05
6.910000000000000000e+02 5.380584426509770268e-16 1.114298780938300354e-15 1.842981135200566780e-13 0.000000000000000000e+00 9.620659670928288993e-05
6.920000000000000000e+02 5.357474736445637502e-16 1.083148285895984442e-15 1.824769279772917048e-13 0.000000000000000000e+00 4.153590520761258335e-05
6.930000000000000000e+02 5.334365046381503750e-16 1.051997790853668530e-15 1.806557424345267316e-13 0.000000000000000000e+00 1.100202267692241062e-04
6.940000000000000000e+02 5.311255356317370984e-16 1.020847295811352618e-15 1.788345568917617584e-13 0.000000000000000000e+00 1.349528525951500300e-04
6.950000000000000000e+02 5.324293268390355145e-16 9.972129014425660323e-16 1.792918542223235136e-13 0.000000000000000000e+00 6.712252787394706714e-05
6.960000000000000000e+02 5.373478782600455246e-16 9.810946077473089705e-16 1.820276344262119719e-13 0.000000000000000000e+00 1.032716178630853284e-04
6.970000000000000000e+02 5.422664296810557320e-16 9.649763140520519088e-16 1.847634146301004302e-13 0.000000000000000000e+00 3.212393113257226127e-05
6.980000000000000000e+02 5.471849811020657421e-16 9.488580203567948470e-16 1.874991948339888886e-13 0.000000000000000000e+00 7.567004138777738654e-05
6.990000000000000000e+02 5.521035325230759495e-16 9.327397266615377853e-16 1.902349750378773469e-13 0.000000000000000000e+00 8.508871613311741553e-05
7.000000000000000000e+02 5.570220839440859596e-16 9.166214329662807235e-16 1.929707552417658052e-13 0.000000000000000000e+00 1.343657300987182769e-04
7.010000000000000000e+02 5.619406353650961670e-16 9.005031392710236618e-16 1.957065354456542635e-13 0.000000000000000000e+00 5.211670989799167575e-05
7.020000000000000000e+02 5.668591867861061771e-16 8.843848455757665014e-16 1.984423156495427218e-13 0.000000000000000000e+00 1.464358131241373477e-04
7.030000000000000000e+02 5.717777382071163845e-16 8.682665518805094397e-16 2.011780958534311802e-13 0.000000000000000000e+00 8.799322339877294649e-05
7.040000000000000000e+02 5.766962896281263946e-16 8.521482581852523779e-16 2.039138760573196385e-13 0.000000000000000000e+00 4.842104958208851906e-05
7.050000000000000000e+02 5.781023539019444086e-16 8.271020247701002941e-16 2.041808379080223601e-13 0.000000000000000000e+00 6.318485029365811202e-05
7.060000000000000000e+02 5.759959310285701308e-16 7.931278516350531882e-16 2.019789814055393197e-13 0.000000000000000000e+00 6.926682844927197630e-05
7.070000000000000000e+02 5.738895081551959515e-16 7.591536785000060824e-16 1.997771249030562793e-13 0.000000000000000000e+00 1.169743653602981767e-04
7.080000000000000000e+02 5.717830852818217722e-16 7.251795053649588779e-16 1.975752684005732137e-13 0.000000000000000000e+00 1.268767028382648517e-04
7.090000000000000000e+02 5.696766624084474944e-16 6.912053322299117720e-16 1.953734118980901734e-13 0.000000000000000000e+00 5.996830995047536641e-05
7.100000000000000000e+02 5.675702395350733151e-16 6.572311590948646661e-16 1.931715553956071330e-13 0.000000000000000000e+00 7.254137675567315000e-05
7.110000000000000000e+02 5.654638166616990372e-16 6.232569859598175602e-16 1.909696988931240926e-13 0.000000000000000000e+00 8.580513794657872986e-05
7.120000000000000000e+02 5.633573937883248580e-16 5.892828128247703557e-16 1.887678423906410270e-13 0.000000000000000000e+00 1.025873410519963490e-04
7.130000000000000000e+02 5.612509709149506787e-16 5.553086396897232499e-16 1.865659858881579867e-13 0.000000000000000000e+00 8.493593691215603817e-05
7.140000000000000000e+02 5.591445480415764008e-16 5.213344665546761440e-16 1.843641293856749463e-13 0.000000000000000000e+00 8.716191558223591027e-05
7.150000000000000000e+02 5.616260235134117822e-16 4.934997551945308086e-16 1.847668960765913840e-13 0.000000000000000000e+00 5.021028203128876023e-05
7.160000000000000000e+02 5.686953973304568229e-16 4.718045056092873423e-16 1.877742859609072745e-13 0.000000000000000000e+00 1.471356881172526654e-04
7.170000000000000000e+02 5.757647711475018636e-16 4.501092560240438760e-16 1.907816758452231650e-13 0.000000000000000000e+00 6.599143993829670166e-05
7.180000000000000000e+02 5.828341449645468057e-16 4.284140064388003605e-16 1.937890657295390556e-13 0.000000000000000000e+00 8.954199452363036170e-05
7.190000000000000000e+02 5.899035187815918463e-16 4.067187568535568449e-16 1.967964556138549461e-13 0.000000000000000000e+00 3.396994272039610371e-05
7.200000000000000000e+02 5.969728925986368870e-16 3.850235072683133786e-16 1.998038454981708618e-13 0.000000000000000000e+00 9.849466417454142407e-05
7.210000000000000000e+02 6.040422664156819277e-16 3.633282576830698630e-16 2.028112353824867524e-13 0.000000000000000000e+00 1.320379090882201718e-04
7.220000000000000000e+02 6.111116402327268698e-16 3.416330080978263474e-16 2.058186252668026429e-13 0.000000000000000000e+00 1.281410563995336353e-04
7.230000000000000000e+02 6.181810140497719105e-16 3.199377585125828812e-16 2.088260151511185334e-13 0.000000000000000000e+00 4.306166074295429425e-05
7.240000000000000000e+02 6.252503878668169511e-16 2.982425089273393656e-16 2.118334050354344239e-13 0.000000000000000000e+00 1.039486810274452408e-04
7.250000000000000000e+02 6.289015890590154864e-16 2.712312802011351135e-16 2.126955020252707685e-13 0.000000000000000000e+00 6.735017704767981811e-05
7.260000000000000000e+02 6.291346176263675162e-16 2.389040723339700755e-16 2.114123061206275419e-13 0.000000000000000000e+00 7.516719097711184461e-05
7.270000000000000000e+02 6.293676461937196447e-16 2.065768644668050621e-16 2.101291102159843153e-13 0.000000000000000000e+00 6.209264575424983796e-05
7.280000000000000000e+02 6.296006747610716745e-16 1.742496565996400488e-16 2.088459143113410635e-13 0.000000000000000000e+00 9.124470688669133523e-05
7.290000000000000000e+02 6.298337033284238029e-16 1.419224487324750108e-16 2.075627184066978369e-13 0.000000000000000000e+00 1.157440152823238497e-04
7.300000000000000000e+02 6.300667318957758328e-16 1.095952408653099975e-16 2.062795225020546103e-13 0.000000000000000000e+00 1.011390261383214828e-04
7.310000000000000000e+02 6.302997604631279612e-16 7.726803299814495952e-17 2.049963265974113838e-13 0.000000000000000000e+00 8.377636684860991260e-05
7.320000000000000000e+02 6.305327890304799910e-16 4.494082513097994619e-17 2.037131306927681319e-13 0.000000000000000000e+00 1.153301535170644530e-04
7.330000000000000000e+02 6.307658175978321195e-16 1.261361726381490821e-17 2.024299347881249053e-13 0.000000000000000000e+00 3.593517181482939338e-05
7.340000000000000000e+02 6.309988461651841493e-16 -1.971359060335012977e-17 2.011467388834816788e-13 0.000000000000000000e+00 1.077577441907061887e-04
7.350000000000000000e+02 6.321907788270812572e-16 -5.040760210476648939e-17 2.001177295773963349e-13 0.000000000000000000e+00 6.843211552968485648e-05
7.360000000000000000e+02 6.343416155835233445e-16 -7.946841724043418298e-17 1.993429068698688737e-13 0.000000000000000000e+00 9.370202865768040052e-05
7.370000000000000000e+02 6.364924523399653331e-16 -1.085292323761018766e-16 1.985680841623413873e-13 0.000000000000000000e+00 5.874267731863308609e-05
7.380000000000000000e+02 6.386432890964074204e-16 -1.375900475117695825e-16 1.977932614548139261e-13 0.000000000000000000e+00 1.441541063916479491e-04
7.390000000000000000e+02 6.407941258528495077e-16 -1.666508626474372638e-16 1.970184387472864649e-13 0.000000000000000000e+00 5.491031844383686619e-05
7.400000000000000000e+02 6.429449626092915950e-16 -1.957116777831049697e-16 1.962436160397589785e-13 0.000000000000000000e+00 8.933161638019391723e-05
7.410000000000000000e+02 6.450957993657336823e-16 -2.247724929187726263e-16 1.954687933322315173e-13 0.000000000000000000e+00 8.044115772591862730e-05
7.420000000000000000e+02 6.472466361221757696e-16 -2.538333080544403568e-16 1.946939706247040562e-13 0.000000000000000000e+00 1.054529036336771143e-04
7.430000000000000000e+02 6.493974728786177583e-16 -2.828941231901080381e-16 1.939191479171765697e-13 0.000000000000000000e+00 1.423821877558246476e-04
7.440000000000000000e+02 6.515483096350598455e-16 -3.119549383257757194e-16 1.931443252096491086e-13 0.000000000000000000e+00 7.002562396525471682e-05
7.450000000000000000e+02 6.559772842433052507e-16 -3.365609548960473274e-16 1.940186450421518301e-13 0.000000000000000000e+00 6.761328551162153829e-05
7.460000000000000000e+02 6.626843967033540723e-16 -3.567121729009227142e-16 1.965421074146847597e-13 0.000000000000000000e+00 5.195165622814962433e-05
7.470000000000000000e+02 6.693915091634027953e-16 -3.768633909057981504e-16 1.990655697872176640e-13 0.000000000000000000e+00 1.159550351387968035e-04
7.480000000000000000e+02 6.760986216234516169e-16 -3.970146089106735866e-16 2.015890321597505936e-13 0.000000000000000000e+00 6.321345639199824225e-05
7.490000000000000000e+02 6.828057340835003399e-16 -4.171658269155490227e-16 2.041124945322834979e-13 0.000000000000000000e+00 5.117921562286529885e-05
7.500000000000000000e+02 6.895128465435491615e-16 -4.373170449204244096e-16 2.066359569048164275e-13 0.000000000000000000e+00 1.443005187979107837e-04
7.510000000000000000e+02 6.962199590035978845e-16 -4.574682629252997964e-16 2.091594192773493318e-13 0.000000000000000000e+00 6.565575713717060747e-05
7.520000000000000000e+02 7.029270714636467061e-16 -4.776194809301752326e-16 2.116828816498822614e-13 0.000000000000000000e+00 1.376633753059549876e-04
7.530000000000000000e+02 7.096341839236954291e-16 -4.977706989350506688e-16 2.142063440224151657e-13 0.000000000000000000e+00 8.403474170312607032e-05
7.540000000000000000e+02 7.163412963837442507e-16 -5.179219169399261049e-16 2.167298063949480953e-13 0.000000000000000000e+00 5.588879028121912480e-05
7.550000000000000000e+02 7.232077954250991698e-16 -5.434360701715948274e-16 2.176142028442620961e-13 0.000000000000000000e+00 5.785335276258884405e-05
7.560000000000000000e+02 7.302336810477602851e-16 -5.743131586300569349e-16 2.168595333703571682e-13 0.000000000000000000e+00 9.468732616158894463e-05
7.570000000000000000e+02 7.372595666704213017e-16 -6.051902470885189437e-16 2.161048638964522655e-13 0.000000000000000000e+00 1.344018682963015344e-04
7.580000000000000000e+02 7.442854522930824169e-16 -6.360673355469810512e-16 2.153501944225473376e-13 0.000000000000000000e+00 8.413119801142299788e-05
7.590000000000000000e+02 7.513113379157435322e-16 -6.669444240054431586e-16 2.145955249486424349e-13 0.000000000000000000e+00 4.511999616599374197e-05
7.600000000000000000e+02 7.583372235384045488e-16 -6.978215124639051674e-16 2.138408554747375070e-13 0.000000000000000000e+00 1.112869124651349355e-04
7.610000000000000000e+02 7.653631091610656640e-16 -7.286986009223672749e-16 2.130861860008326043e-13 0.000000000000000000e+00 8.032295985459091830e-05
7.620000000000000000e+02 7.723889947837267793e-16 -7.595756893808293823e-16 2.123315165269276763e-13 0.000000000000000000e+00 1.066521363519253507e-04
7.630000000000000000e+02 7.794148804063878945e-16 -7.904527778392913912e-16 2.115768470530227736e-13 0.000000000000000000e+00 7.055158675150225290e-05
7.640000000000000000e+02 7.864407660290489112e-16 -8.213298662977534986e-16 2.108221775791178457e-13 0.000000000000000000e+00 9.553350617648224778e-05
7.650000000000000000e+02 7.917265276466127405e-16 -8.392190697118672992e-16 2.111818034191470169e-13 0.000000000000000000e+00 1.024715485640771131e-04
7.660000000000000000e+02 7.952721652590791853e-16 -8.441203880816328916e-16 2.126557245731102618e-13 0.000000000000000000e+00 8.842027239820510426e-05
7.670000000000000000e+02 7.988178028715456301e-16 -8.490217064513984840e-16 2.141296457270735068e-13 0.000000000000000000e+00 8.419604900077570493e-05
7.680000000000000000e+02 8.023634404840120749e-16 -8.539230248211640764e-16 2.156035668810367517e-13 0.000000000000000000e+00 6.246329256198726522e-05
7.690000000000000000e+02 8.059090780964785197e-16 -8.588243431909296688e-16 2.170774880349999967e-13 0.000000000000000000e+00 9.624930653589578041e-05
7.700000000000000000e+02 8.094547157089450632e-16 -8.637256615606951625e-16 2.185514091889632164e-13 0.000000000000000000e+00 7.393775648783115176e-05
7.710000000000000000e+02 8.130003533214115080e-16 -8.686269799304607549e-16 2.200253303429264614e-13 0.000000000000000000e+00 1.147700703790696111e-04
7.720000000000000000e+02 8.165459909338779528e-16 -8.735282983002263473e-16 2.214992514968897064e-13 0.000000000000000000e+00 1.230722170962273646e-04
7.730000000000000000e+02 8.200916285463443976e-16 -8.784296166699919397e-16 2.229731726508529513e-13 0.000000000000000000e+00 5.364563295687607247e-05
7.740000000000000000e+02 8.236372661588108424e-16 -8.833309350397575321e-16 2.244470938048161963e-13 0.000000000000000000e+00 1.062279247499304375e-04
7.750000000000000000e+02 8.271509277135219388e-16 -8.864807669361434453e-16 2.245152196913863692e-13 0.000000000000000000e+00 9.722167610245105300e-05
7.760000000000000000e+02 8.306326132104776867e-16 -8.878791123591495808e-16 2.231775503105634701e-13 0.000000000000000000e+00 5.501776279176850932e-05
7.770000000000000000e+02 8.341142987074333360e-16 -8.892774577821556177e-16 2.218398809297405711e-13 0.000000000000000000e+00 4.746335956358465203e-05
7.780000000000000000e+02 8.375959842043889853e-16 -8.906758032051618518e-16 2.205022115489176720e-13 0.000000000000000000e+00 1.411124194148296760e-04
7.790000000000000000e+02 8.410776697013447332e-16 -8.920741486281680859e-16 2.191645421680947729e-13 0.000000000000000000e+00 1.033465304974599759e-04
7.800000000000000000e+02 8.445593551983003825e-16 -8.934724940511741228e-16 2.178268727872718990e-13 0.000000000000000000e+00 9.361197387208800263e-05
7.810000000000000000e+02 8.480410406952561304e-16 -8.948708394741803569e-16 2.164892034064490000e-13 0.000000000000000000e+00 7.074638015240094894e-05
7.820000000000000000e+02 8.515227261922117797e-16 -8.962691848971865910e-16 2.151515340256261009e-13 0.000000000000000000e+00 1.005264738044691080e-04
7.830000000000000000e+02 8.550044116891674290e-16 -8.976675303201926279e-16 2.138138646448032018e-13 0.000000000000000000e+00 7.661816885828728787e-05
7.840000000000000000e+02 8.584860971861231769e-16 -8.990658757431988620e-16 2.124761952639803027e-13 0.000000000000000000e+00 9.533811191868398394e-05
7.850000000000000000e+02 8.630229474549460153e-16 -8.930896337677015949e-16 2.120462275285666385e-13 0.000000000000000000e+00 1.023368740503485412e-04
7.860000000000000000e+02 8.686149624956358455e-16 -8.797388043937010239e-16 2.125239614385622343e-13 0.000000000000000000e+00 9.270462567029496420e-05
7.870000000000000000e+02 8.742069775363258730e-16 -8.663879750197004529e-16 2.130016953485578049e-13 0.000000000000000000e+00 6.436905073196873565e-05
7.880000000000000000e+02 8.797989925770157033e-16 -8.530371456456998820e-16 2.134794292585534008e-13 0.000000000000000000e+00 1.024552692965959353e-04
7.890000000000000000e+02 8.853910076177057308e-16 -8.396863162716993110e-16 2.139571631685489966e-13 0.000000000000000000e+00 7.143870021700832076e-05
7.900000000000000000e+02 8.909830226583955610e-16 -8.263354868976987400e-16 2.144348970785445672e-13 0.000000000000000000e+00 4.108020229594088303e-05
7.910000000000000000e+02 8.965750376990855885e-16 -8.129846575236980704e-16 2.149126309885401631e-13 0.000000000000000000e+00 1.108001187643352495e-04
7.920000000000000000e+02 9.021670527397754188e-16 -7.996338281496974994e-16 2.153903648985357589e-13 0.000000000000000000e+00 1.462948490204856356e-04
7.930000000000000000e+02 9.077590677804654463e-16 -7.862829987756969285e-16 2.158680988085313295e-13 0.000000000000000000e+00 8.986467165863699826e-05
7.940000000000000000e+02 9.133510828211552765e-16 -7.729321694016963575e-16 2.163458327185269254e-13 0.000000000000000000e+00 1.007214043513215637e-04
7.950000000000000000e+02 9.188571947597210717e-16 -7.530723284245593803e-16 2.166450519658512318e-13 0.000000000000000000e+00 4.293180073939070046e-05
7.960000000000000000e+02 9.242774035961624373e-16 -7.267034758442858984e-16 2.167657565505042739e-13 0.000000000000000000e+00 1.343463159829350528e-04
7.970000000000000000e+02 9.296976124326038029e-16 -7.003346232640125150e-16 2.168864611351573160e-13 0.000000000000000000e+00 3.921098159636677633e-05
7.980000000000000000e+02 9.351178212690453658e-16 -6.739657706837391317e-16 2.170071657198103582e-13 0.000000000000000000e+00 8.106259738449320888e-05
7.990000000000000000e+02 9.405380301054867314e-16 -6.475969181034656497e-16 2.171278703044634003e-13 0.000000000000000000e+00 8.776869991119650891e-05
8.000000000000000000e+02 9.459582389419280970e-16 -6.212280655231922664e-16 2.172485748891164172e-13 0.000000000000000000e+00 8.382591966088132128e-05
8.010000000000000000e+02 9.513784477783694626e-16 -5.948592129429187844e-16 2.173692794737694594e-13 0.000000000000000000e+00 1.331886527983232500e-04
8.020000000000000000e+02 9.567986566148110254e-16 -5.684903603626454011e-16 2.174899840584225015e-13 0.000000000000000000e+00 9.811594058012442540e-05
8.030000000000000000e+02 9.622188654512523910e-16 -5.421215077823719192e-16 2.176106886430755437e-13 0.000000000000000000e+00 6.890975825499110396e-05
8.040000000000000000e+02 9.676390742876937566e-16 -5.157526552020985358e-16 2.177313932277285858e-13 0.000000000000000000e+00 8.196032319351981993e-05
8.050000000000000000e+02 9.781817685365805139e-16 -4.852853629894835470e-16 2.183426114499365712e-13 0.000000000000000000e+00 8.339230997105617793e-05
8.060000000000000000e+02 9.938469481979124657e-16 -4.507196311445270513e-16 2.194443433096994999e-13 0.000000000000000000e+00 1.006913008453259482e-04
8.070000000000000000e+02 1.009512127859244615e-15 -4.161538992995705557e-16 2.205460751694624286e-13 0.000000000000000000e+00 8.425618524142891369e-05
8.080000000000000000e+02 1.025177307520576566e-15 -3.815881674546140107e-16 2.216478070292253573e-13 0.000000000000000000e+00 1.004645118317745603e-04
8.090000000000000000e+02 1.040842487181908518e-15 -3.470224356096575150e-16 2.227495388889882859e-13 0.000000000000000000e+00 2.941229571901111291e-05
8.100000000000000000e+02 1.056507666843240667e-15 -3.124567037647009701e-16 2.238512707487512146e-13 0.000000000000000000e+00 1.737365658952458021e-04
8.110000000000000000e+02 1.072172846504572619e-15 -2.778909719197444744e-16 2.249530026085141433e-13 0.000000000000000000e+00 5.318379381724447710e-05
8.120000000000000000e+02 1.087838026165904571e-15 -2.433252400747879294e-16 2.260547344682770720e-13 0.000000000000000000e+00 5.947168762916804294e-05
8.130000000000000000e+02 1.103503205827236719e-15 -2.087595082298314337e-16 2.271564663280400006e-13 0.000000000000000000e+00 1.330441007606493855e-04
8.140000000000000000e+02 1.119168385488568671e-15 -1.741937763848748888e-16 2.282581981878029293e-13 0.000000000000000000e+00 1.034165247876690910e-04
8.150000000000000000e+02 1.128043606985029063e-15 -1.275009185523853224e-16 2.294909022315366243e-13 0.000000000000000000e+00 8.793744222021405586e-05
8.160000000000000000e+02 1.130128870316617500e-15 -6.868093473236268544e-17 2.308545784592411361e-13 0.000000000000000000e+00 9.864168059284379416e-05
8.170000000000000000e+02 1.132214133648206332e-15 -9.860950912340048453e-18 2.322182546869455974e-13 0.000000000000000000e+00 5.302234570570198174e-05
8.180000000000000000e+02 1.134299396979794770e-15 4.895903290768258854e-17 2.335819309146501092e-13 0.000000000000000000e+00 8.089944669186864676e-05
8.190000000000000000e+02 1.136384660311383601e-15 1.077790167277052502e-16 2.349456071423545705e-13 0.000000000000000000e+00 7.826467578526159362e-05
8.200000000000000000e+02 1.138469923642972039e-15 1.665990005477278379e-16 2.363092833700590823e-13 0.000000000000000000e+00 1.174564662103666122e-04
8.210000000000000000e+02 1.140555186974560871e-15 2.254189843677505242e-16 2.376729595977635436e-13 0.000000000000000000e+00 8.867872240974523110e-05
8.220000000000000000e+02 1.142640450306149308e-15 2.842389681877731119e-16 2.390366358254680554e-13 0.000000000000000000e+00 1.044015606585031768e-04
8.230000000000000000e+02 1.144725713637738140e-15 3.430589520077957982e-16 2.404003120531725167e-13 0.000000000000000000e+00 9.710625865148463142e-05
8.240000000000000000e+02 1.146810976969326577e-15 4.018789358278183858e-16 2.417639882808770285e-13 0.000000000000000000e+00 7.009868523181001984e-05
8.250000000000000000e+02 1.151564101764378500e-15 4.638001686447819613e-16 2.419109885858200484e-13 0.000000000000000000e+00 8.122975574201479006e-05
8.260000000000000000e+02 1.158985088022893514e-15 5.288226504586865245e-16 2.408413129680016270e-13 0.000000000000000000e+00 6.221191366316441746e-05
8.270000000000000000e+02 1.166406074281408528e-15 5.938451322725909891e-16 2.397716373501832056e-13 0.000000000000000000e+00 9.031278304474087712e-05
8.280000000000000000e+02 1.173827060539923542e-15 6.588676140864955523e-16 2.387019617323647337e-13 0.000000000000000000e+00 9.931328994530379880e-05
8.290000000000000000e+02 1.181248046798438557e-15 7.238900959004001155e-16 2.376322861145463123e-13 0.000000000000000000e+00 1.008298835977359468e-04
8.300000000000000000e+02 1.188669033056953571e-15 7.889125777143046787e-16 2.365626104967278909e-13 0.000000000000000000e+00 1.185658298023998489e-04
8.310000000000000000e+02 1.196090019315468585e-15 8.539350595282091433e-16 2.354929348789094695e-13 0.000000000000000000e+00 3.577543931315309137e-05
8.320000000000000000e+02 1.203511005573983599e-15 9.189575413421136079e-16 2.344232592610909977e-13 0.000000000000000000e+00 1.720660731020236635e-04
8.330000000000000000e+02 1.210931991832498613e-15 9.839800231560181711e-16 2.333535836432725763e-13 0.000000000000000000e+00 2.236973026093219149e-05
8.340000000000000000e+02 1.218352978091013627e-15 1.049002504969922734e-15 2.322839080254541549e-13 0.000000000000000000e+00 8.701731663302590734e-05
8.350000000000000000e+02 1.225351181621126187e-15 1.116282728755968885e-15 2.324214886820719264e-13 0.000000000000000000e+00 1.362999871594350505e-04
8.360000000000000000e+02 1.231926602422836094e-15 1.185820694514157018e-15 2.337663256131259413e-13 0.000000000000000000e+00 9.011134852801503368e-05
8.370000000000000000e+02 1.238502023224546199e-15 1.255358660272345151e-15 2.351111625441799563e-13 0.000000000000000000e+00 7.875898575116935133e-05
8.380000000000000000e+02 1.245077444026256304e-15 1.324896626030533284e-15 2.364559994752339207e-13 0.000000000000000000e+00 7.310437353522946410e-05
8.390000000000000000e+02 1.251652864827966212e-15 1.394434591788721417e-15 2.378008364062879357e-13 0.000000000000000000e+00 6.838343786891045416e-05
8.400000000000000000e+02 1.258228285629676317e-15 1.463972557546909550e-15 2.391456733373419506e-13 0.000000000000000000e+00 5.778921878861134490e-05
8.410000000000000000e+02 1.264803706431386225e-15 1.533510523305097486e-15 2.404905102683959656e-13 0.000000000000000000e+00 1.357220732712961070e-04
8.420000000000000000e+02 1.271379127233096330e-15 1.603048489063285816e-15 2.418353471994499300e-13 0.000000000000000000e+00 1.390128382050725606e-04
8.430000000000000000e+02 1.277954548034806435e-15 1.672586454821473752e-15 2.431801841305039450e-13 0.000000000000000000e+00 6.792591949518154428e-05
8.440000000000000000e+02 1.284529968836516343e-15 1.742124420579662082e-15 2.445250210615579599e-13 0.000000000000000000e+00 8.476874766193405832e-05
8.450000000000000000e+02 1.291680302982352809e-15 1.812597519486715387e-15 2.458816863374057504e-13 0.000000000000000000e+00 9.070850249073108532e-05
8.460000000000000000e+02 1.299405550472315438e-15 1.884005751542633668e-15 2.472501799580473164e-13 0.000000000000000000e+00 1.026647287156684198e-04
8.470000000000000000e+02 1.307130797962278068e-15 1.955413983598552343e-15 2.486186735786888824e-13 0.000000000000000000e+00 4.794825677936871228e-05
8.480000000000000000e+02 1.314856045452240698e-15 2.026822215654471018e-15 2.499871671993304988e-13 0.000000000000000000e+00 4.206614394627393412e-05
8.490000000000000000e+02 1.322581292942203327e-15 2.098230447710389299e-15 2.513556608199720648e-13 0.000000000000000000e+00 1.253829825931841724e-04
8.500000000000000000e+02 1.330306540432166154e-15 2.169638679766307974e-15 2.527241544406136308e-13 0.000000000000000000e+00 1.300713217132385639e-04
8.510000000000000000e+02 1.338031787922128784e-15 2.241046911822226254e-15 2.540926480612551968e-13 0.000000000000000000e+00 1.236788943014060723e-04
8.520000000000000000e+02 1.345757035412091413e-15 2.312455143878144929e-15 2.554611416818968133e-13 0.000000000000000000e+00 7.534111913825063871e-05
8.530000000000000000e+02 1.353482282902054043e-15 2.383863375934063604e-15 2.568296353025383793e-13 0.000000000000000000e+00 3.616211909114595867e-05
8.540000000000000000e+02 1.361207530392016672e-15 2.455271607989981885e-15 2.581981289231799453e-13 0.000000000000000000e+00 1.361205786437527502e-04
8.550000000000000000e+02 1.366392981309853597e-15 2.523492339888790218e-15 2.583700116167243299e-13 0.000000000000000000e+00 4.693178162173200702e-05
8.560000000000000000e+02 1.369038635655564618e-15 2.588525571630488210e-15 2.573452833831714323e-13 0.000000000000000000e+00 1.244898714596706277e-04
8.570000000000000000e+02 1.371684290001275443e-15 2.653558803372186202e-15 2.563205551496185850e-13 0.000000000000000000e+00 7.762479130524745660e-05
8.580000000000000000e+02 1.374329944346986464e-15 2.718592035113884194e-15 2.552958269160656874e-13 0.000000000000000000e+00 7.475271945557435864e-05
8.590000000000000000e+02 1.376975598692697486e-15 2.783625266855582186e-15 2.542710986825128402e-13 0.000000000000000000e+00 8.252838074727891326e-05
8.600000000000000000e+02 1.379621253038408507e-15 2.848658498597280178e-15 2.532463704489599425e-13 0.000000000000000000e+00 1.156151132572658672e-04
8.610000000000000000e+02 1.382266907384119529e-15 2.913691730338977775e-15 2.522216422154070953e-13 0.000000000000000000e+00 8.777696590332350528e-05
8.620000000000000000e+02 1.384912561729830550e-15 2.978724962080675767e-15 2.511969139818541976e-13 0.000000000000000000e+00 3.919507675212813123e-05
8.630000000000000000e+02 1.387558216075541375e-15 3.043758193822373759e-15 2.501721857483013504e-13 0.000000000000000000e+00 1.494895762751647045e-04
8.640000000000000000e+02 1.390203870421252396e-15 3.108791425564071751e-15 2.491474575147484527e-13 0.000000000000000000e+00 9.718471234664240361e-05
8.650000000000000000e+02 1.398053948777459052e-15 3.180174188296543029e-15 2.506947072271475949e-13 0.000000000000000000e+00 8.206345234762428662e-05
8.660000000000000000e+02 1.411108451144161540e-15 3.257906482019787987e-15 2.548139348854986762e-13 0.000000000000000000e+00 8.278900144599574454e-05
8.670000000000000000e+02 1.424162953510864028e-15 3.335638775743032945e-15 2.589331625438497574e-13 0.000000000000000000e+00 5.984228223999086009e-05
8.680000000000000000e+02 1.437217455877566516e-15 3.413371069466277509e-15 2.630523902022008386e-13 0.000000000000000000e+00 1.295662922949502736e-04
8.690000000000000000e+02 1.450271958244269004e-15 3.491103363189522467e-15 2.671716178605519199e-13 0.000000000000000000e+00 2.281094982749794781e-05
8.700000000000000000e+02 1.463326460610971491e-15 3.568835656912767425e-15 2.712908455189030516e-13 0.000000000000000000e+00 1.419629338230567032e-04
8.710000000000000000e+02 1.476380962977673979e-15 3.646567950636011989e-15 2.754100731772541328e-13 0.000000000000000000e+00 1.173889688718672650e-04
8.720000000000000000e+02 1.489435465344376467e-15 3.724300244359256552e-15 2.795293008356052141e-13 0.000000000000000000e+00 8.774890474086255150e-05
8.730000000000000000e+02 1.502489967711078955e-15 3.802032538082501905e-15 2.836485284939562953e-13 0.000000000000000000e+00 9.780271461353655469e-05
8.740000000000000000e+02 1.515544470077781443e-15 3.879764831805746469e-15 2.877677561523073765e-13 0.000000000000000000e+00 5.278732442816194882e-05
8.750000000000000000e+02 1.519826548689084671e-15 3.936969770916577285e-15 2.887336323978151329e-13 0.000000000000000000e+00 6.415336113886190516e-05
8.760000000000000000e+02 1.515336203544988442e-15 3.973647355414994354e-15 2.865461572304795643e-13 0.000000000000000000e+00 5.870502242907490174e-05
8.770000000000000000e+02 1.510845858400892607e-15 4.010324939913411424e-15 2.843586820631439958e-13 0.000000000000000000e+00 1.676473903273343810e-04
8.780000000000000000e+02 1.506355513256796378e-15 4.047002524411829282e-15 2.821712068958084273e-13 0.000000000000000000e+00 8.358855428521120819e-05
8.790000000000000000e+02 1.501865168112700543e-15 4.083680108910246351e-15 2.799837317284728588e-13 0.000000000000000000e+00 6.744168703412667235e-05
8.800000000000000000e+02 1.497374822968604314e-15 4.120357693408663420e-15 2.777962565611372902e-13 0.000000000000000000e+00 9.208018919042475962e-05
8.810000000000000000e+02 1.492884477824508480e-15 4.157035277907080489e-15 2.756087813938017217e-13 0.000000000000000000e+00 1.130268863165260161e-04
8.820000000000000000e+02 1.488394132680412251e-15 4.193712862405498347e-15 2.734213062264661532e-13 0.000000000000000000e+00 9.909897187689820585e-05
8.830000000000000000e+02 1.483903787536316416e-15 4.230390446903915417e-15 2.712338310591305846e-13 0.000000000000000000e+00 6.477563072163415689e-05
8.840000000000000000e+02 1.479413442392220187e-15 4.267068031402332486e-15 2.690463558917950161e-13 0.000000000000000000e+00 7.531002945929471328e-05
8.850000000000000000e+02 1.487782238106376355e-15 4.333237405953858911e-15 2.706036559767550093e-13 0.000000000000000000e+00 1.223973546909520112e-04
8.860000000000000000e+02 1.509010174678784328e-15 4.428898570558494691e-15 2.759057313140106147e-13 0.000000000000000000e+00 1.180462211344418408e-04
8.870000000000000000e+02 1.530238111251192499e-15 4.524559735163131260e-15 2.812078066512661696e-13 0.000000000000000000e+00 4.159255355013242593e-05
8.880000000000000000e+02 1.551466047823600669e-15 4.620220899767767040e-15 2.865098819885217749e-13 0.000000000000000000e+00 8.992505444761462010e-05
8.890000000000000000e+02 1.572693984396008642e-15 4.715882064372402821e-15 2.918119573257773803e-13 0.000000000000000000e+00 4.027004866546964978e-05
8.900000000000000000e+02 1.593921920968416813e-15 4.811543228977039390e-15 2.971140326630329352e-13 0.000000000000000000e+00 1.127309926367717294e-04
8.910000000000000000e+02 1.615149857540824786e-15 4.907204393581675170e-15 3.024161080002885406e-13 0.000000000000000000e+00 1.321922302151711155e-04
8.920000000000000000e+02 1.636377794113232957e-15 5.002865558186310950e-15 3.077181833375441460e-13 0.000000000000000000e+00 9.467079508530732541e-05
8.930000000000000000e+02 1.657605730685640930e-15 5.098526722790947519e-15 3.130202586747997514e-13 0.000000000000000000e+00 8.360495782519026370e-05
8.940000000000000000e+02 1.678833667258049100e-15 5.194187887395583300e-15 3.183223340120553063e-13 0.000000000000000000e+00 8.174952393078067036e-05
8.950000000000000000e+02 1.685142496112133885e-15 5.246848146355386088e-15 3.195213407061979978e-13 0.000000000000000000e+00 8.718793575846510359e-05
8.960000000000000000e+02 1.676532217247895481e-15 5.256507499670356674e-15 3.166172787572278260e-13 0.000000000000000000e+00 1.064923510967334018e-04
8.970000000000000000e+02 1.667921938383657077e-15 5.266166852985326470e-15 3.137132168082576037e-13 0.000000000000000000e+00 4.641603185054337256e-05
8.980000000000000000e+02 1.659311659519418476e-15 5.275826206300296267e-15 3.108091548592873814e-13 0.000000000000000000e+00 9.299627520703489746e-05
8.990000000000000000e+02 1.650701380655180072e-15 5.285485559615266852e-15 3.079050929103172096e-13 0.000000000000000000e+00 1.318457904282637849e-04
9.000000000000000000e+02 1.642091101790941668e-15 5.295144912930236649e-15 3.050010309613469873e-13 0.000000000000000000e+00 1.095059485274482795e-04
9.010000000000000000e+02 1.633480822926703265e-15 5.304804266245207234e-15 3.020969690123768155e-13 0.000000000000000000e+00 9.330463413194000548e-05
9.020000000000000000e+02 1.624870544062464664e-15 5.314463619560177031e-15 2.991929070634065932e-13 0.000000000000000000e+00 7.233422231126035884e-05
9.030000000000000000e+02 1.616260265198226260e-15 5.324122972875146827e-15 2.962888451144363709e-13 0.000000000000000000e+00 4.782919174284841799e-05
9.040000000000000000e+02 1.607649986333987856e-15 5.333782326190117412e-15 2.933847831654661991e-13 0.000000000000000000e+00 1.284273244190979179e-04
9.050000000000000000e+02 1.608284474748997631e-15 5.365948744088210687e-15 2.930840539988504480e-13 0.000000000000000000e+00 7.160756755359791697e-05
9.060000000000000000e+02 1.618163730443255587e-15 5.420622226569428227e-15 2.953866576145891683e-13 0.000000000000000000e+00 9.698838953172504566e-05
9.070000000000000000e+02 1.628042986137513739e-15 5.475295709050645767e-15 2.976892612303279390e-13 0.000000000000000000e+00 6.732864163717869473e-05
9.080000000000000000e+02 1.637922241831771891e-15 5.529969191531863308e-15 2.999918648460666592e-13 0.000000000000000000e+00 1.277988801213857497e-04
9.090000000000000000e+02 1.647801497526029846e-15 5.584642674013080848e-15 3.022944684618053795e-13 0.000000000000000000e+00 5.379026371954928224e-05
9.100000000000000000e+02 1.657680753220287999e-15 5.639316156494298388e-15 3.045970720775441502e-13 0.000000000000000000e+00 1.079552897756682288e-04
9.110000000000000000e+02 1.667560008914545954e-15 5.693989638975515929e-15 3.068996756932828705e-13 0.000000000000000000e+00 6.139293929434961380e-05
9.120000000000000000e+02 1.677439264608804106e-15 5.748663121456733469e-15 3.092022793090215907e-13 0.000000000000000000e+00 1.280418723338097500e-04
9.130000000000000000e+02 1.687318520303062259e-15 5.803336603937951010e-15 3.115048829247603614e-13 0.000000000000000000e+00 8.512434234572214447e-05
9.140000000000000000e+02 1.697197775997320214e-15 5.858010086419167761e-15 3.138074865404990817e-13 0.000000000000000000e+00 1.357264240301224239e-04
9.150000000000000000e+02 1.701453587834557895e-15 5.887782353014732890e-15 3.153307632215673756e-13 0.000000000000000000e+00 6.378404247300334298e-05
9.160000000000000000e+02 1.700085955814775301e-15 5.892653403724644820e-15 3.160747129679652433e-13 0.000000000000000000e+00 4.066518867781746747e-05
9.170000000000000000e+02 1.698718323794992708e-15 5.897524454434555960e-15 3.168186627143631614e-13 0.000000000000000000e+00 8.761875059199842697e-05
9.180000000000000000e+02 1.697350691775209918e-15 5.902395505144467889e-15 3.175626124607610291e-13 0.000000000000000000e+00 1.159035465114221407e-04
9.190000000000000000e+02 1.695983059755427325e-15 5.907266555854379818e-15 3.183065622071588968e-13 0.000000000000000000e+00 7.171795788048575032e-05
9.200000000000000000e+02 1.694615427735644731e-15 5.912137606564290959e-15 3.190505119535567645e-13 0.000000000000000000e+00 1.084144581844865765e-04
9.210000000000000000e+02 1.693247795715862138e-15 5.917008657274202888e-15 3.197944616999546321e-13 0.000000000000000000e+00 1.118229687818564274e-04
9.220000000000000000e+02 1.691880163696079348e-15 5.921879707984114817e-15 3.205384114463524998e-13 0.000000000000000000e+00 9.628344841840883622e-05
9.230000000000000000e+02 1.690512531676296755e-15 5.926750758694025958e-15 3.212823611927504180e-13 0.000000000000000000e+00 7.066642969169143905e-05
9.240000000000000000e+02 1.689144899656514161e-15 5.931621809403937887e-15 3.220263109391482856e-13 0.000000000000000000e+00 9.456846689010487209e-05
9.250000000000000000e+02 1.695745011059196936e-15 5.968691242647141231e-15 3.229908359420402521e-13 0.000000000000000000e+00 3.670055966337080696e-05
9.260000000000000000e+02 1.710312865884345472e-15 6.037959058423635202e-15 3.241759362014262164e-13 0.000000000000000000e+00 1.085375362423676569e-04
9.270000000000000000e+02 1.724880720709494008e-15 6.107226874200129961e-15 3.253610364608122817e-13 0.000000000000000000e+00 1.181109063855229980e-04
9.280000000000000000e+02 1.739448575534642348e-15 6.176494689976624721e-15 3.265461367201982460e-13 0.000000000000000000e+00 9.411858480930526628e-05
9.290000000000000000e+02 1.754016430359790884e-15 6.245762505753118692e-15 3.277312369795843113e-13 0.000000000000000000e+00 3.359618026003421618e-05
9.300000000000000000e+02 1.768584285184939223e-15 6.315030321529613451e-15 3.289163372389702756e-13 0.000000000000000000e+00 1.439522475242284427e-04
9.310000000000000000e+02 1.783152140010087759e-15 6.384298137306107422e-15 3.301014374983563408e-13 0.000000000000000000e+00 7.696623156565814985e-05
9.320000000000000000e+02 1.797719994835236099e-15 6.453565953082602182e-15 3.312865377577423051e-13 0.000000000000000000e+00 1.000338890238754272e-04
9.330000000000000000e+02 1.812287849660384832e-15 6.522833768859096941e-15 3.324716380171283704e-13 0.000000000000000000e+00 7.753168784964631442e-05
9.340000000000000000e+02 1.826855704485533171e-15 6.592101584635590912e-15 3.336567382765143347e-13 0.000000000000000000e+00 9.717278955076601881e-05
9.350000000000000000e+02 1.838490859361386987e-15 6.636238922721437723e-15 3.364207339493029020e-13 0.000000000000000000e+00 1.103494987839880536e-04
9.360000000000000000e+02 1.847193314287946675e-15 6.655245783116636586e-15 3.407636250354939711e-13 0.000000000000000000e+00 1.081436022391581039e-04
9.370000000000000000e+02 1.855895769214505968e-15 6.674252643511836238e-15 3.451065161216850908e-13 0.000000000000000000e+00 5.082556195218803887e-05
9.380000000000000000e+02 1.864598224141065656e-15 6.693259503907035100e-15 3.494494072078761600e-13 0.000000000000000000e+00 5.099344291504919174e-05
9.390000000000000000e+02 1.873300679067624949e-15 6.712266364302233963e-15 3.537922982940672292e-13 0.000000000000000000e+00 9.466915336094115872e-05
9.400000000000000000e+02 1.882003133994184637e-15 6.731273224697433615e-15 3.581351893802583488e-13 0.000000000000000000e+00 1.471521731285773955e-04
9.410000000000000000e+02 1.890705588920743930e-15 6.750280085092632478e-15 3.624780804664494180e-13 0.000000000000000000e+00 6.677729616910497545e-05
9.420000000000000000e+02 1.899408043847303617e-15 6.769286945487831341e-15 3.668209715526404872e-13 0.000000000000000000e+00 8.633661556240690925e-05
9.430000000000000000e+02 1.908110498773862911e-15 6.788293805883030993e-15 3.711638626388315564e-13 0.000000000000000000e+00 8.435929198259533841e-05
9.440000000000000000e+02 1.916812953700422598e-15 6.807300666278229855e-15 3.755067537250226761e-13 0.000000000000000000e+00 1.211420760405412681e-04
9.450000000000000000e+02 1.915127375724114851e-15 6.795682131236048430e-15 3.756687294862568398e-13 0.000000000000000000e+00 5.936557985165682777e-05
9.460000000000000000e+02 1.903053764844940458e-15 6.753438200756487506e-15 3.716497899225340475e-13 0.000000000000000000e+00 9.594816264593451847e-05
9.470000000000000000e+02 1.890980153965765670e-15 6.711194270276926582e-15 3.676308503588112553e-13 0.000000000000000000e+00 3.530837153157499725e-05
9.480000000000000000e+02 1.878906543086591277e-15 6.668950339797364870e-15 3.636119107950884630e-13 0.000000000000000000e+00 1.305337975715417480e-04
9.490000000000000000e+02 1.866832932207416489e-15 6.626706409317803946e-15 3.595929712313656708e-13 0.000000000000000000e+00 1.224852053960877557e-04
9.500000000000000000e+02 1.854759321328242096e-15 6.584462478838242233e-15 3.555740316676429290e-13 0.000000000000000000e+00 8.048296190706027661e-05
9.510000000000000000e+02 1.842685710449067309e-15 6.542218548358681309e-15 3.515550921039201368e-13 0.000000000000000000e+00 7.671129859979413312e-05
9.520000000000000000e+02 1.830612099569892915e-15 6.499974617879119596e-15 3.475361525401973445e-13 0.000000000000000000e+00 6.731444251713414166e-05
9.530000000000000000e+02 1.818538488690718128e-15 6.457730687399558672e-15 3.435172129764745523e-13 0.000000000000000000e+00 1.144618984005520861e-04
9.540000000000000000e+02 1.806464877811543735e-15 6.415486756919997748e-15 3.394982734127517600e-13 0.000000000000000000e+00 7.643011463286340779e-05
9.550000000000000000e+02 1.806742557444090057e-15 6.405841976899652412e-15 3.397348590530502241e-13 0.000000000000000000e+00 1.126950362849127958e-04
9.560000000000000000e+02 1.819371527588357884e-15 6.428796347338522663e-15 3.442269698973699951e-13 0.000000000000000000e+00 7.015086616694803209e-05
9.570000000000000000e+02 1.832000497732625317e-15 6.451750717777393704e-15 3.487190807416896650e-13 0.000000000000000000e+00 8.123070200151841854e-05
9.580000000000000000e+02 1.844629467876893144e-15 6.474705088216263955e-15 3.532111915860094360e-13 0.000000000000000000e+00 8.573967198431766453e-05
9.590000000000000000e+02 1.857258438021160577e-15 6.497659458655134996e-15 3.577033024303291060e-13 0.000000000000000000e+00 8.009543912137023183e-05
9.600000000000000000e+02 1.869887408165428404e-15 6.520613829094005247e-15 3.621954132746488769e-13 0.000000000000000000e+00 1.157697044774202018e-04
9.610000000000000000e+02 1.882516378309695837e-15 6.543568199532876288e-15 3.666875241189685469e-13 0.000000000000000000e+00 3.441798477895139784e-05
9.620000000000000000e+02 1.895145348453963664e-15 6.566522569971746540e-15 3.711796349632883178e-13 0.000000000000000000e+00 1.320665208342921366e-04
9.630000000000000000e+02 1.907774318598231097e-15 6.589476940410617580e-15 3.756717458076079878e-13 0.000000000000000000e+00 1.296526102112624448e-04
9.640000000000000000e+02 1.920403288742498924e-15 6.612431310849487832e-15 3.801638566519277587e-13 0.000000000000000000e+00 6.498990898342606962e-05
9.650000000000000000e+02 1.929245260521550661e-15 6.621696159287530214e-15 3.828564010980239387e-13 0.000000000000000000e+00 7.682151680296056269e-05
9.660000000000000000e+02 1.934300233935386703e-15 6.617271485724743939e-15 3.837493791458966287e-13 0.000000000000000000e+00 9.873028338073029750e-05
9.670000000000000000e+02 1.939355207349223139e-15 6.612846812161957664e-15 3.846423571937693186e-13 0.000000000000000000e+00 5.835800954996291123e-05
9.680000000000000000e+02 1.944410180763059181e-15 6.608422138599171389e-15 3.855353352416420086e-13 0.000000000000000000e+00 9.776424819962940892e-05
9.690000000000000000e+02 1.949465154176895222e-15 6.603997465036385114e-15 3.864283132895146986e-13 0.000000000000000000e+00 8.942599573132231096e-05
9.700000000000000000e+02 1.954520127590731264e-15 6.599572791473599627e-15 3.873212913373873885e-13 0.000000000000000000e+00 8.700060206603918184e-05
9.710000000000000000e+02 1.959575101004567305e-15 6.595148117910813352e-15 3.882142693852600785e-13 0.000000000000000000e+00 1.399086561432787645e-04
9.720000000000000000e+02 1.964630074418403347e-15 6.590723444348027077e-15 3.891072474331327684e-13 0.000000000000000000e+00 7.238975913417770706e-05
9.730000000000000000e+02 1.969685047832239783e-15 6.586298770785240802e-15 3.900002254810054584e-13 0.000000000000000000e+00 8.326175773927623326e-05
9.740000000000000000e+02 1.974740021246075825e-15 6.581874097222454527e-15 3.908932035288781484e-13 0.000000000000000000e+00 5.773221579064379249e-05
9.750000000000000000e+02 1.974767644833465122e-15 6.559891482097573174e-15 3.897138112483551620e-13 0.000000000000000000e+00 1.001921208198790366e-04
9.760000000000000000e+02 1.969767918594408070e-15 6.520350925410595168e-15 3.864620486394364488e-13 0.000000000000000000e+00 1.022480759813662734e-04
9.770000000000000000e+02 1.964768192355351018e-15 6.480810368723618739e-15 3.832102860305177860e-13 0.000000000000000000e+00 1.037442973794397189e-04
9.780000000000000000e+02 1.959768466116293572e-15 6.441269812036640732e-15 3.799585234215990728e-13 0.000000000000000000e+00 5.414392612057562071e-05
9.790000000000000000e+02 1.954768739877236520e-15 6.401729255349664303e-15 3.767067608126804101e-13 0.000000000000000000e+00 9.795344884969427158e-05
9.800000000000000000e+02 1.949769013638179468e-15 6.362188698662686296e-15 3.734549982037616969e-13 0.000000000000000000e+00 9.390393409683870892e-05
9.810000000000000000e+02 1.944769287399122416e-15 6.322648141975709867e-15 3.702032355948430341e-13 0.000000000000000000e+00 8.493501663263573818e-05
9.820000000000000000e+02 1.939769561160064969e-15 6.283107585288731861e-15 3.669514729859243209e-13 0.000000000000000000e+00 8.804911009397799822e-05
9.830000000000000000e+02 1.934769834921007917e-15 6.243567028601755432e-15 3.636997103770056582e-13 0.000000000000000000e+00 6.891799597735738178e-05
9.840000000000000000e+02 1.929770108681950865e-15 6.204026471914777425e-15 3.604479477680869449e-13 0.000000000000000000e+00 1.229724430029648791e-04
9.850000000000000000e+02 1.939013814035977294e-15 6.195255100884881557e-15 3.626053807460251326e-13 0.000000000000000000e+00 1.035733532434990057e-04
9.860000000000000000e+02 1.962500950983087597e-15 6.217252915512066249e-15 3.701720093108202212e-13 0.000000000000000000e+00 6.307206165717004669e-05
9.870000000000000000e+02 1.985988087930197507e-15 6.239250730139251731e-15 3.777386378756153097e-13 0.000000000000000000e+00 7.505527341318067841e-05
9.880000000000000000e+02 2.009475224877307810e-15 6.261248544766436423e-15 3.853052664404103983e-13 0.000000000000000000e+00 8.331286853158297566e-05
9.890000000000000000e+02 2.032962361824418114e-15 6.283246359393621116e-15 3.928718950052054869e-13 0.000000000000000000e+00 4.808240261370694540e-05
9.900000000000000000e+02 2.056449498771528023e-15 6.305244174020806598e-15 4.004385235700005249e-13 0.000000000000000000e+00 1.882212156735557011e-04
9.910000000000000000e+02 2.079936635718638327e-15 6.327241988647991290e-15 4.080051521347956135e-13 0.000000000000000000e+00 5.152021683773909058e-05
9.920000000000000000e+02 2.103423772665748631e-15 6.349239803275175983e-15 4.155717806995907021e-13 0.000000000000000000e+00 8.853812576193779505e-05
9.930000000000000000e+02 2.126910909612858935e-15 6.371237617902361464e-15 4.231384092643857906e-13 0.000000000000000000e+00 1.017419614399981044e-04
9.940000000000000000e+02 2.150398046559968844e-15 6.393235432529546157e-15 4.307050378291808792e-13 0.000000000000000000e+00 7.290861605057397132e-05
9.950000000000000000e+02 2.156484425490937606e-15 6.365961474698162430e-15 4.323616506513320116e-13 0.000000000000000000e+00 7.331624164140787948e-05
9.960000000000000000e+02 2.145170046405764825e-15 6.289415744408211071e-15 4.281082477308391877e-13 0.000000000000000000e+00 9.342971807330169613e-05
9.970000000000000000e+02 2.133855667320592439e-15 6.212870014118259712e-15 4.238548448103464144e-13 0.000000000000000000e+00 9.163407549588055390e-05
9.980000000000000000e+02 2.122541288235419659e-15 6.136324283828308354e-15 4.196014418898535906e-13 0.000000000000000000e+00 9.867657495252073511e-05
9.990000000000000000e+02 2.111226909150246879e-15 6.059778553538356995e-15 4.153480389693608173e-13 0.000000000000000000e+00 7.352669178750663350e-05
1.000000000000000000e+03 2.099912530065074099e-15 5.983232823248404847e-15 4.110946360488679935e-13 0.000000000000000000e+00 1.044586566300131344e-04
1.001000000000000000e+03 2.088598150979901318e-15 5.906687092958453489e-15 4.068412331283752202e-13 0.000000000000000000e+00 6.242475952877586231e-05
1.002000000000000000e+03 2.077283771894728538e-15 5.830141362668502130e-15 4.025878302078823963e-13 0.000000000000000000e+00 1.205449040823577684e-04
1.003000000000000000e+03 2.065969392809556152e-15 5.753595632378550771e-15 3.983344272873896230e-13 0.000000000000000000e+00 7.507474281322173276e-05
1.004000000000000000e+03 2.054655013724383372e-15 5.677049902088599413e-15 3.940810243668967992e-13 0.000000000000000000e+00 1.129901338775603242e-04
1.005000000000000000e+03 2.055589913479504876e-15 5.626360181911892112e-15 3.940444179321707404e-13 0.000000000000000000e+00 4.691758757671235405e-05
1.006000000000000000e+03 2.068774092074921060e-15 5.601526471848431236e-15 3.982246079832114465e-13 0.000000000000000000e+00 1.018800911460529925e-04
1.007000000000000000e+03 2.081958270670337244e-15 5.576692761784968783e-15 4.024047980342521526e-13 0.000000000000000000e+00 1.033849787997398928e-04
1.008000000000000000e+03 2.095142449265753428e-15 5.551859051721507907e-15 4.065849880852928082e-13 0.000000000000000000e+00 6.937166003087433990e-05
1.009000000000000000e+03 2.108326627861169612e-15 5.527025341658045454e-15 4.107651781363335143e-13 0.000000000000000000e+00 4.338778203419197803e-05
1.010000000000000000e+03 2.121510806456585796e-15 5.502191631594584578e-15 4.149453681873742204e-13 0.000000000000000000e+00 1.175913722572452584e-04
1.011000000000000000e+03 2.134694985052001980e-15 5.477357921531122124e-15 4.191255582384149266e-13 0.000000000000000000e+00 1.094509979754230077e-04
1.012000000000000000e+03 2.147879163647418164e-15 5.452524211467661249e-15 4.233057482894555822e-13 0.000000000000000000e+00 1.344319576536400233e-04
1.013000000000000000e+03 2.161063342242834348e-15 5.427690501404198795e-15 4.274859383404962883e-13 0.000000000000000000e+00 4.378516946858150365e-05
1.014000000000000000e+03 2.174247520838250532e-15 5.402856791340737920e-15 4.316661283915369944e-13 0.000000000000000000e+00 8.570466324049844250e-05
1.015000000000000000e+03 2.186155237563998391e-15 5.370791064365669507e-15 4.344358970832902972e-13 0.000000000000000000e+00 9.351198801519325268e-05
1.016000000000000000e+03 2.196786492420078319e-15 5.331493320478994346e-15 4.357952444157562472e-13 0.000000000000000000e+00 8.463318150610280542e-05
1.017000000000000000e+03 2.207417747276158248e-15 5.292195576592319974e-15 4.371545917482222476e-13 0.000000000000000000e+00 4.400003135300679176e-05
1.018000000000000000e+03 2.218049002132238571e-15 5.252897832705645603e-15 4.385139390806881976e-13 0.000000000000000000e+00 1.101154597363670297e-04
1.019000000000000000e+03 2.228680256988318499e-15 5.213600088818970442e-15 4.398732864131541476e-13 0.000000000000000000e+00 5.994216341391814251e-05
1.020000000000000000e+03 2.239311511844398428e-15 5.174302344932296070e-15 4.412326337456201481e-13 0.000000000000000000e+00 1.280505741376009011e-04
1.021000000000000000e+03 2.249942766700478357e-15 5.135004601045620909e-15 4.425919810780860981e-13 0.000000000000000000e+00 9.509921699317039942e-05
1.022000000000000000e+03 2.260574021556558680e-15 5.095706857158946538e-15 4.439513284105520480e-13 0.000000000000000000e+00 9.469772370674313833e-05
1.023000000000000000e+03 2.271205276412638608e-15 5.056409113272272166e-15 4.453106757430180485e-13 0.000000000000000000e+00 5.369595733319347232e-05
1.024000000000000000e+03 2.281836531268718537e-15 5.017111369385597005e-15 4.466700230754839985e-13 0.000000000000000000e+00 9.788967013279593172e-05
1.025000000000000000e+03 2.288693436309929855e-15 4.963428079300113754e-15 4.464249508049859896e-13 0.000000000000000000e+00 7.517109748816809404e-05
1.026000000000000000e+03 2.291775991536272169e-15 4.895359243015820834e-15 4.445754589315240218e-13 0.000000000000000000e+00 1.408354321799602923e-04
1.027000000000000000e+03 2.294858546762614483e-15 4.827290406731528703e-15 4.427259670580621044e-13 0.000000000000000000e+00 4.554327738532783589e-05
1.028000000000000000e+03 2.297941101988956797e-15 4.759221570447235784e-15 4.408764751846001366e-13 0.000000000000000000e+00 7.159192900458700266e-05
1.029000000000000000e+03 2.301023657215299112e-15 4.691152734162943653e-15 4.390269833111381688e-13 0.000000000000000000e+00 9.606437473793143450e-05
1.030000000000000000e+03 2.304106212441641820e-15 4.623083897878650733e-15 4.371774914376762515e-13 0.000000000000000000e+00 7.825933268475189595e-05
1.031000000000000000e+03 2.307188767667984134e-15 4.555015061594358602e-15 4.353279995642142837e-13 0.000000000000000000e+00 8.782297087447377951e-05
1.032000000000000000e+03 2.310271322894326448e-15 4.486946225310065682e-15 4.334785076907523158e-13 0.000000000000000000e+00 1.253727578670819486e-04
1.033000000000000000e+03 2.313353878120668762e-15 4.418877389025773552e-15 4.316290158172903985e-13 0.000000000000000000e+00 6.782827774599466228e-05
1.034000000000000000e+03 2.316436433347011076e-15 4.350808552741480632e-15 4.297795239438284307e-13 0.000000000000000000e+00 1.062063788949801213e-04
1.035000000000000000e+03 2.321267964133148678e-15 4.285965555623731529e-15 4.302952874931810107e-13 0.000000000000000000e+00 6.905702952087479872e-05
1.036000000000000000e+03 2.327848470479080779e-15 4.224348397672526241e-15 4.331763064653481889e-13 0.000000000000000000e+00 8.342977925823887291e-05
1.037000000000000000e+03 2.334428976825013274e-15 4.162731239721320954e-15 4.360573254375153671e-13 0.000000000000000000e+00 5.379718460149675438e-05
1.038000000000000000e+03 2.341009483170945769e-15 4.101114081770115667e-15 4.389383444096825453e-13 0.000000000000000000e+00 1.167074411158499758e-04
1.039000000000000000e+03 2.347589989516877870e-15 4.039496923818910380e-15 4.418193633818497235e-13 0.000000000000000000e+00 6.697109948605793443e-05
1.040000000000000000e+03 2.354170495862810365e-15 3.977879765867704304e-15 4.447003823540168512e-13 0.000000000000000000e+00 1.218622604969769960e-04
1.041000000000000000e+03 2.360751002208742466e-15 3.916262607916499017e-15 4.475814013261840295e-13 0.000000000000000000e+00 8.941861543551624613e-05
1.042000000000000000e+03 2.367331508554674961e-15 3.854645449965293730e-15 4.504624202983512077e-13 0.000000000000000000e+00 9.490098121004732473e-05
1.043000000000000000e+03 2.373912014900607456e-15 3.793028292014088443e-15 4.533434392705183859e-13 0.000000000000000000e+00 7.357620268030088892e-05
1.044000000000000000e+03 2.380492521246539556e-15 3.731411134062883156e-15 4.562244582426855641e-13 0.000000000000000000e+00 9.389721394125007711e-05
1.045000000000000000e+03 2.387118880517200707e-15 3.667347123659565625e-15 4.568583944790684452e-13 0.000000000000000000e+00 4.003774008954274019e-05
1.046000000000000000e+03 2.393791092712590513e-15 3.600836260804136641e-15 4.552452479796669788e-13 0.000000000000000000e+00 7.636511974644869655e-05
1.047000000000000000e+03 2.400463304907980319e-15 3.534325397948708051e-15 4.536321014802654619e-13 0.000000000000000000e+00 1.285488262245051299e-04
1.048000000000000000e+03 2.407135517103370125e-15 3.467814535093279066e-15 4.520189549808639955e-13 0.000000000000000000e+00 9.778314684754383160e-05
1.049000000000000000e+03 2.413807729298759932e-15 3.401303672237850082e-15 4.504058084814625291e-13 0.000000000000000000e+00 5.280889487683271705e-05
1.050000000000000000e+03 2.420479941494149738e-15 3.334792809382421491e-15 4.487926619820611132e-13 0.000000000000000000e+00 9.165964644646562337e-05
1.051000000000000000e+03 2.427152153689539544e-15 3.268281946526992507e-15 4.471795154826596468e-13 0.000000000000000000e+00 1.096016741519728491e-04
1.052000000000000000e+03 2.433824365884929350e-15 3.201771083671563522e-15 4.455663689832581804e-13 0.000000000000000000e+00 7.072746424204999667e-05
1.053000000000000000e+03 2.440496578080319156e-15 3.135260220816134932e-15 4.439532224838567139e-13 0.000000000000000000e+00 7.894625081536938175e-05
1.054000000000000000e+03 2.447168790275708962e-15 3.068749357960705947e-15 4.423400759844552475e-13 0.000000000000000000e+00 1.045916706894949104e-04
1.055000000000000000e+03 2.460247751471772370e-15 3.009576425442904120e-15 4.440251879044874582e-13 0.000000000000000000e+00 7.938730729503843200e-05
1.056000000000000000e+03 2.479733461668509774e-15 2.957741423262729056e-15 4.490085582439533965e-13 0.000000000000000000e+00 9.098792913916495457e-05
1.057000000000000000e+03 2.499219171865247178e-15 2.905906421082554386e-15 4.539919285834193348e-13 0.000000000000000000e+00 8.202590208303689185e-05
1.058000000000000000e+03 2.518704882061984187e-15 2.854071418902379716e-15 4.589752989228852731e-13 0.000000000000000000e+00 7.342486069368036933e-05
1.059000000000000000e+03 2.538190592258721591e-15 2.802236416722204651e-15 4.639586692623511610e-13 0.000000000000000000e+00 6.014935460565936010e-05
1.060000000000000000e+03 2.557676302455458601e-15 2.750401414542029982e-15 4.689420396018170488e-13 0.000000000000000000e+00 1.239563243430541408e-04
1.061000000000000000e+03 2.577162012652196004e-15 2.698566412361854917e-15 4.739254099412830376e-13 0.000000000000000000e+00 8.577937533210414837e-05
1.062000000000000000e+03 2.596647722848933014e-15 2.646731410181680247e-15 4.789087802807489254e-13 0.000000000000000000e+00 1.054306176366596429e-04
1.063000000000000000e+03 2.616133433045670418e-15 2.594896408001505577e-15 4.838921506202149142e-13 0.000000000000000000e+00 8.120245117324596600e-05
1.064000000000000000e+03 2.635619143242407821e-15 2.543061405821330513e-15 4.888755209596808020e-13 0.000000000000000000e+00 6.247829964589017972e-05
1.065000000000000000e+03 2.651080303043570152e-15 2.488940361629877058e-15 4.906883445866731517e-13 0.000000000000000000e+00 1.029186386928347783e-04
1.066000000000000000e+03 2.662516912449157409e-15 2.432533275427144819e-15 4.893306215011920644e-13 0.000000000000000000e+00 6.985984023906748801e-05
1.067000000000000000e+03 2.673953521854744666e-15 2.376126189224412580e-15 4.879728984157109770e-13 0.000000000000000000e+00 5.689522274614427306e-05
1.068000000000000000e+03 2.685390131260331922e-15 2.319719103021680341e-15 4.866151753302298897e-13 0.000000000000000000e+00 9.651889803744292506e-05
1.069000000000000000e+03 2.696826740665919179e-15 2.263312016818948102e-15 4.852574522447488023e-13 0.000000000000000000e+00 1.032018862898523710e-04
1.070000000000000000e+03 2.708263350071506830e-15 2.206904930616215863e-15 4.838997291592676140e-13 0.000000000000000000e+00 9.935268809125638427e-05
1.071000000000000000e+03 2.719699959477094087e-15 2.150497844413483230e-15 4.825420060737865266e-13 0.000000000000000000e+00 6.772929965183039573e-05
1.072000000000000000e+03 2.731136568882681344e-15 2.094090758210750991e-15 4.811842829883054393e-13 0.000000000000000000e+00 9.631692422483924276e-05
1.073000000000000000e+03 2.742573178288268601e-15 2.037683672008018751e-15 4.798265599028243519e-13 0.000000000000000000e+00 7.005009229628165579e-05
1.074000000000000000e+03 2.754009787693855858e-15 1.981276585805286512e-15 4.784688368173432646e-13 0.000000000000000000e+00 1.048865206893024774e-04
1.075000000000000000e+03 2.760766890248927287e-15 1.930685311598972025e-15 4.767717130801830641e-13 0.000000000000000000e+00 8.694082071360213152e-05
1.076000000000000000e+03 2.762844485953482889e-15 1.885909849389075289e-15 4.747351886913438514e-13 0.000000000000000000e+00 9.004207432444900981e-05
1.077000000000000000e+03 2.764922081658038491e-15 1.841134387179178159e-15 4.726986643025046387e-13 0.000000000000000000e+00 6.619614410005687994e-05
1.078000000000000000e+03 2.766999677362594093e-15 1.796358924969281423e-15 4.706621399136654260e-13 0.000000000000000000e+00 8.578935915359854581e-05
1.079000000000000000e+03 2.769077273067149695e-15 1.751583462759384490e-15 4.686256155248262133e-13 0.000000000000000000e+00 1.007326031880312990e-04
1.080000000000000000e+03 2.771154868771704903e-15 1.706808000549487754e-15 4.665890911359868997e-13 0.000000000000000000e+00 6.460191667869849758e-05
1.081000000000000000e+03 2.773232464476260505e-15 1.662032538339590821e-15 4.645525667471476870e-13 0.000000000000000000e+00 4.443707355818837096e-05
1.082000000000000000e+03 2.775310060180816107e-15 1.617257076129694086e-15 4.625160423583084743e-13 0.000000000000000000e+00 1.674081461793210015e-04
1.083000000000000000e+03 2.777387655885371709e-15 1.572481613919797153e-15 4.604795179694692617e-13 0.000000000000000000e+00 7.672821995830474530e-05
1.084000000000000000e+03 2.779465251589927311e-15 1.527706151709900220e-15 4.584429935806300490e-13 0.000000000000000000e+00 5.277789083957485023e-05
1.085000000000000000e+03 2.789961580768658760e-15 1.495800820298408350e-15 4.585855712766684523e-13 0.000000000000000000e+00 9.656824988596394575e-05
1.086000000000000000e+03 2.808876643421566846e-15 1.476765619685321544e-15 4.609072510575845726e-13 0.000000000000000000e+00 5.415730431071536974e-05
1.087000000000000000e+03 2.827791706074474537e-15 1.457730419072234541e-15 4.632289308385006928e-13 0.000000000000000000e+00 9.848950866550218713e-05
1.088000000000000000e+03 2.846706768727382228e-15 1.438695218459147735e-15 4.655506106194168131e-13 0.000000000000000000e+00 6.980819857651107609e-05
1.089000000000000000e+03 2.865621831380290314e-15 1.419660017846060929e-15 4.678722904003329334e-13 0.000000000000000000e+00 9.820990165583360861e-05
1.090000000000000000e+03 2.884536894033198005e-15 1.400624817232973925e-15 4.701939701812489527e-13 0.000000000000000000e+00 1.121410937209597945e-04
1.091000000000000000e+03 2.903451956686106091e-15 1.381589616619887119e-15 4.725156499621650729e-13 0.000000000000000000e+00 8.550403568834169965e-05
1.092000000000000000e+03 2.922367019339013782e-15 1.362554416006800313e-15 4.748373297430811932e-13 0.000000000000000000e+00 9.340712322140398217e-05
1.093000000000000000e+03 2.941282081991921473e-15 1.343519215393713310e-15 4.771590095239973135e-13 0.000000000000000000e+00 7.259608837023572437e-05
1.094000000000000000e+03 2.960197144644829559e-15 1.324484014780626504e-15 4.794806893049134338e-13 0.000000000000000000e+00 7.431756084048239967e-05
1.095000000000000000e+03 2.976226888546216535e-15 1.314789084699889287e-15 4.802583477761086381e-13 0.000000000000000000e+00 3.564956006850771535e-05
1.096000000000000000e+03 2.989371313696083191e-15 1.314434425151501855e-15 4.794919849375829264e-13 0.000000000000000000e+00 1.309893433923503103e-04
1.097000000000000000e+03 3.002515738845949846e-15 1.314079765603114424e-15 4.787256220990573158e-13 0.000000000000000000e+00 7.803787267903068128e-05
1.098000000000000000e+03 3.015660163995816107e-15 1.313725106054727190e-15 4.779592592605317051e-13 0.000000000000000000e+00 9.057546977480676186e-05
1.099000000000000000e+03 3.028804589145682763e-15 1.313370446506339759e-15 4.771928964220059935e-13 0.000000000000000000e+00 6.923056041599885777e-05
1.100000000000000000e+03 3.041949014295549418e-15 1.313015786957952328e-15 4.764265335834803828e-13 0.000000000000000000e+00 8.469430696519211516e-05
1.101000000000000000e+03 3.055093439445416073e-15 1.312661127409564896e-15 4.756601707449546712e-13 0.000000000000000000e+00 1.164172540268466839e-04
1.102000000000000000e+03 3.068237864595282335e-15 1.312306467861177662e-15 4.748938079064290605e-13 0.000000000000000000e+00 5.889495283338382422e-05
1.103000000000000000e+03 3.081382289745148990e-15 1.311951808312790231e-15 4.741274450679034499e-13 0.000000000000000000e+00 7.980267761594087635e-05
1.104000000000000000e+03 3.094526714895015645e-15 1.311597148764402800e-15 4.733610822293777382e-13 0.000000000000000000e+00 9.783912025230791763e-05
1.105000000000000000e+03 3.116306133975959792e-15 1.335359947515787945e-15 4.750480800751918715e-13 0.000000000000000000e+00 1.091521321912906027e-04
1.106000000000000000e+03 3.146720546987981825e-15 1.383240204566945865e-15 4.791884386053457486e-13 0.000000000000000000e+00 6.912022559724703523e-05
1.107000000000000000e+03 3.177134960000004252e-15 1.431120461618103785e-15 4.833287971354996258e-13 0.000000000000000000e+00 6.614123676898223038e-05
1.108000000000000000e+03 3.207549373012026284e-15 1.479000718669261704e-15 4.874691556656535029e-13 0.000000000000000000e+00 5.063762242489695911e-05
1.109000000000000000e+03 3.237963786024048317e-15 1.526880975720419624e-15 4.916095141958073801e-13 0.000000000000000000e+00 8.751246650419003935e-05
1.110000000000000000e+03 3.268378199036070349e-15 1.574761232771577347e-15 4.957498727259612572e-13 0.000000000000000000e+00 1.376418288610119223e-04
1.111000000000000000e+03 3.298792612048092382e-15 1.622641489822735266e-15 4.998902312561151343e-13 0.000000000000000000e+00 8.458042267525702471e-05
1.112000000000000000e+03 3.329207025060114414e-15 1.670521746873893186e-15 5.040305897862690115e-13 0.000000000000000000e+00 7.427545374836675015e-05
1.113000000000000000e+03 3.359621438072136841e-15 1.718402003925051106e-15 5.081709483164228886e-13 0.000000000000000000e+00 7.502162753332761451e-05
1.114000000000000000e+03 3.390035851084158874e-15 1.766282260976209025e-15 5.123113068465767658e-13 0.000000000000000000e+00 1.041356889016682328e-04
1.115000000000000000e+03 3.412435895455957500e-15 1.826427910708015246e-15 5.130424731952156149e-13 0.000000000000000000e+00 7.028277365439556800e-05
1.116000000000000000e+03 3.426821571187533113e-15 1.898838953120469964e-15 5.103644473623393352e-13 0.000000000000000000e+00 7.086351692288030298e-05
1.117000000000000000e+03 3.441207246919108333e-15 1.971249995532924682e-15 5.076864215294631564e-13 0.000000000000000000e+00 4.842985093195329094e-05
1.118000000000000000e+03 3.455592922650683552e-15 2.043661037945379401e-15 5.050083956965868766e-13 0.000000000000000000e+00 1.417421079828515144e-04
1.119000000000000000e+03 3.469978598382259166e-15 2.116072080357834119e-15 5.023303698637105969e-13 0.000000000000000000e+00 6.090771915291640120e-05
1.120000000000000000e+03 3.484364274113834386e-15 2.188483122770288443e-15 4.996523440308344181e-13 0.000000000000000000e+00 9.984455966545772391e-05
1.121000000000000000e+03 3.498749949845409999e-15 2.260894165182743161e-15 4.969743181979581383e-13 0.000000000000000000e+00 5.945564680074394475e-05
1.122000000000000000e+03 3.513135625576985219e-15 2.333305207595197879e-15 4.942962923650818585e-13 0.000000000000000000e+00 6.542625521693780019e-05
1.123000000000000000e+03 3.527521301308560438e-15 2.405716250007652598e-15 4.916182665322056798e-13 0.000000000000000000e+00 1.025306497722050042e-04
1.124000000000000000e+03 3.541906977040136052e-15 2.478127292420107316e-15 4.889402406993294000e-13 0.000000000000000000e+00 1.256885620524814812e-04
1.125000000000000000e+03 3.551342907775120079e-15 2.565376382630583446e-15 4.872531013947379288e-13 0.000000000000000000e+00 5.971537354255788130e-05
1.126000000000000000e+03 3.555829093513512520e-15 2.667463520639080199e-15 4.865568486184312662e-13 0.000000000000000000e+00 9.457595584662001603e-05
1.127000000000000000e+03 3.560315279251905355e-15 2.769550658647577740e-15 4.858605958421245026e-13 0.000000000000000000e+00 6.203699052941721013e-05
1.128000000000000000e+03 3.564801464990297402e-15 2.871637796656074493e-15 4.851643430658178400e-13 0.000000000000000000e+00 7.374605096279981172e-05
1.129000000000000000e+03 3.569287650728690237e-15 2.973724934664572034e-15 4.844680902895110764e-13 0.000000000000000000e+00 8.709971590403292824e-05
1.130000000000000000e+03 3.573773836467082283e-15 3.075812072673068787e-15 4.837718375132044138e-13 0.000000000000000000e+00 6.778506978824941408e-05
1.131000000000000000e+03 3.578260022205475118e-15 3.177899210681566328e-15 4.830755847368976502e-13 0.000000000000000000e+00 7.794688452542909967e-05
1.132000000000000000e+03 3.582746207943867164e-15 3.279986348690063081e-15 4.823793319605909876e-13 0.000000000000000000e+00 1.375704483765149250e-04
1.133000000000000000e+03 3.587232393682260000e-15 3.382073486698560623e-15 4.816830791842842240e-13 0.000000000000000000e+00 7.017545861471289519e-05
1.134000000000000000e+03 3.591718579420652835e-15 3.484160624707057375e-15 4.809868264079775614e-13 0.000000000000000000e+00 7.393669337977432402e-05
1.135000000000000000e+03 3.614322673088648638e-15 3.614359773944137945e-15 4.828047333130187677e-13 0.000000000000000000e+00 7.491629221244683844e-05
1.136000000000000000e+03 3.655044674686248988e-15 3.772670934409801542e-15 4.871367998994081458e-13 0.000000000000000000e+00 9.272852047934492306e-05
1.137000000000000000e+03 3.695766676283849338e-15 3.930982094875465139e-15 4.914688664857973220e-13 0.000000000000000000e+00 6.968213572332922386e-05
1.138000000000000000e+03 3.736488677881448899e-15 4.089293255341128737e-15 4.958009330721867002e-13 0.000000000000000000e+00 6.388044805348121690e-05
1.139000000000000000e+03 3.777210679479049249e-15 4.247604415806792334e-15 5.001329996585758764e-13 0.000000000000000000e+00 7.058915953638774689e-05
1.140000000000000000e+03 3.817932681076648809e-15 4.405915576272455931e-15 5.044650662449652545e-13 0.000000000000000000e+00 1.299647617589745478e-04
1.141000000000000000e+03 3.858654682674249159e-15 4.564226736738119529e-15 5.087971328313544307e-13 0.000000000000000000e+00 8.926372004558289365e-05
1.142000000000000000e+03 3.899376684271848720e-15 4.722537897203782337e-15 5.131291994177438088e-13 0.000000000000000000e+00 8.925914144667852800e-05
1.143000000000000000e+03 3.940098685869449070e-15 4.880849057669445935e-15 5.174612660041329850e-13 0.000000000000000000e+00 6.308054547600691901e-05
1.144000000000000000e+03 3.980820687467049420e-15 5.039160218135109532e-15 5.217933325905223632e-13 0.000000000000000000e+00 5.139908028837953535e-05
1.145000000000000000e+03 4.002612519450078074e-15 5.191369384279653141e-15 5.226301862306522455e-13 0.000000000000000000e+00 1.000410290434920713e-04
1.146000000000000000e+03 4.005474181818536610e-15 5.337476556103076763e-15 5.199718269245228339e-13 0.000000000000000000e+00 1.261877202173079826e-04
1.147000000000000000e+03 4.008335844186994357e-15 5.483583727926501173e-15 5.173134676183934224e-13 0.000000000000000000e+00 3.698264312628702700e-05
1.148000000000000000e+03 4.011197506555452894e-15 5.629690899749924794e-15 5.146551083122640108e-13 0.000000000000000000e+00 8.277765373429615868e-05
1.149000000000000000e+03 4.014059168923910641e-15 5.775798071573348416e-15 5.119967490061345992e-13 0.000000000000000000e+00 7.582576590064718438e-05
1.150000000000000000e+03 4.016920831292369177e-15 5.921905243396772826e-15 5.093383897000052886e-13 0.000000000000000000e+00 9.666483630905276609e-05
1.151000000000000000e+03 4.019782493660826924e-15 6.068012415220196447e-15 5.066800303938758771e-13 0.000000000000000000e+00 8.727843483852796473e-05
1.152000000000000000e+03 4.022644156029285461e-15 6.214119587043620068e-15 5.040216710877464655e-13 0.000000000000000000e+00 6.764988424137300955e-05
1.153000000000000000e+03 4.025505818397743208e-15 6.360226758867044479e-15 5.013633117816170540e-13 0.000000000000000000e+00 7.719129702531250814e-05
1.154000000000000000e+03 4.028367480766201744e-15 6.506333930690468100e-15 4.987049524754876424e-13 0.000000000000000000e+00 1.410975067013388133e-04
1.155000000000000000e+03 4.046409238217175491e-15 6.677017937669119702e-15 5.003799095409636951e-13 0.000000000000000000e+00 6.143084111335854155e-05
1.156000000000000000e+03 4.079631090750666026e-15 6.872278779802999286e-15 5.063881829780452122e-13 0.000000000000000000e+00 5.604897358493531642e-05
1.157000000000000000e+03 4.112852943284155772e-15 7.067539621936878870e-15 5.123964564151266283e-13 0.000000000000000000e+00 7.916021360465274519e-05
1.158000000000000000e+03 4.146074795817646306e-15 7.262800464070758454e-15 5.184047298522081453e-13 0.000000000000000000e+00 6.372604529548019558e-05
1.159000000000000000e+03 4.179296648351136841e-15 7.458061306204638038e-15 5.244130032892896624e-13 0.000000000000000000e+00 6.486126186318013471e-05
1.160000000000000000e+03 4.212518500884626587e-15 7.653322148338517622e-15 5.304212767263710785e-13 0.000000000000000000e+00 1.303695361466198016e-04
1.161000000000000000e+03 4.245740353418117122e-15 7.848582990472397206e-15 5.364295501634525956e-13 0.000000000000000000e+00 8.219495418174277976e-05
1.162000000000000000e+03 4.278962205951607656e-15 8.043843832606276790e-15 5.424378236005341126e-13 0.000000000000000000e+00 8.843392461786474723e-05
1.163000000000000000e+03 4.312184058485097402e-15 8.239104674740156374e-15 5.484460970376155287e-13 0.000000000000000000e+00 7.052214132444726202e-05
1.164000000000000000e+03 4.345405911018587937e-15 8.434365516874035958e-15 5.544543704746970458e-13 0.000000000000000000e+00 7.883567970059558467e-05
1.165000000000000000e+03 4.361383203733271709e-15 8.600092825364369300e-15 5.560747183414579694e-13 0.000000000000000000e+00 8.172551909027864930e-05
1.166000000000000000e+03 4.360115936629149506e-15 8.736286600211156401e-15 5.533071406378984007e-13 0.000000000000000000e+00 4.348159168551292837e-05
1.167000000000000000e+03 4.358848669525027304e-15 8.872480375057943501e-15 5.505395629343387311e-13 0.000000000000000000e+00 1.101073352979014988e-04
1.168000000000000000e+03 4.357581402420905102e-15 9.008674149904730602e-15 5.477719852307791624e-13 0.000000000000000000e+00 1.180947471027361871e-04
1.169000000000000000e+03 4.356314135316782899e-15 9.144867924751517703e-15 5.450044075272194927e-13 0.000000000000000000e+00 4.241538425725377578e-05
1.170000000000000000e+03 4.355046868212659908e-15 9.281061699598306381e-15 5.422368298236599240e-13 0.000000000000000000e+00 1.051216857462129321e-04
1.171000000000000000e+03 4.353779601108537705e-15 9.417255474445093482e-15 5.394692521201002543e-13 0.000000000000000000e+00 4.748688712761711997e-05
1.172000000000000000e+03 4.352512334004415503e-15 9.553449249291880583e-15 5.367016744165406856e-13 0.000000000000000000e+00 1.030251019074124237e-04
1.173000000000000000e+03 4.351245066900293301e-15 9.689643024138667683e-15 5.339340967129810160e-13 0.000000000000000000e+00 8.709053606594031644e-05
1.174000000000000000e+03 4.349977799796171098e-15 9.825836798985454784e-15 5.311665190094214473e-13 0.000000000000000000e+00 9.662467984978309306e-05
1.175000000000000000e+03 4.364115438628991731e-15 9.991249022677014641e-15 5.314453206536781733e-13 0.000000000000000000e+00 6.214908459775722973e-05
1.176000000000000000e+03 4.393657983398756777e-15 1.018587969521334410e-14 5.347705016457513959e-13 0.000000000000000000e+00 9.369132619391600252e-05
1.177000000000000000e+03 4.423200528168520246e-15 1.038051036774967355e-14 5.380956826378246186e-13 0.000000000000000000e+00 8.509626789701551120e-05
1.178000000000000000e+03 4.452743072938285292e-15 1.057514104028600301e-14 5.414208636298978412e-13 0.000000000000000000e+00 4.747999887242906918e-05
1.179000000000000000e+03 4.482285617708048761e-15 1.076977171282233247e-14 5.447460446219710638e-13 0.000000000000000000e+00 6.239867513121483036e-05
1.180000000000000000e+03 4.511828162477813807e-15 1.096440238535866193e-14 5.480712256140441855e-13 0.000000000000000000e+00 7.341754203486514454e-05
1.181000000000000000e+03 4.541370707247577275e-15 1.115903305789499138e-14 5.513964066061174082e-13 0.000000000000000000e+00 1.319410843105292097e-04
1.182000000000000000e+03 4.570913252017342321e-15 1.135366373043132084e-14 5.547215875981906308e-13 0.000000000000000000e+00 9.148349481263275335e-05
1.183000000000000000e+03 4.600455796787105790e-15 1.154829440296765030e-14 5.580467685902638535e-13 0.000000000000000000e+00 8.497707134869832168e-05
1.184000000000000000e+03 4.629998341556870836e-15 1.174292507550398133e-14 5.613719495823370761e-13 0.000000000000000000e+00 6.047615480163069001e-05
1.185000000000000000e+03 4.654137788513209332e-15 1.191897909011033366e-14 5.644436250088972792e-13 0.000000000000000000e+00 7.674670855383638568e-05
1.186000000000000000e+03 4.672874137656122067e-15 1.207645644678670729e-14 5.672617948699446646e-13 0.000000000000000000e+00 6.998776035954327849e-05
1.187000000000000000e+03 4.691610486799034802e-15 1.223393380346308408e-14 5.700799647309920501e-13 0.000000000000000000e+00 8.620605131872824606e-05
1.188000000000000000e+03 4.710346835941947537e-15 1.239141116013945771e-14 5.728981345920394355e-13 0.000000000000000000e+00 8.217746347281483738e-05
1.189000000000000000e+03 4.729083185084860272e-15 1.254888851681583449e-14 5.757163044530868209e-13 0.000000000000000000e+00 5.909604880631919325e-05
1.190000000000000000e+03 4.747819534227773796e-15 1.270636587349220812e-14 5.785344743141342064e-13 0.000000000000000000e+00 1.268767061853915182e-04
1.191000000000000000e+03 4.766555883370686531e-15 1.286384323016858491e-14 5.813526441751815918e-13 0.000000000000000000e+00 6.990308208988402845e-05
1.192000000000000000e+03 4.785292232513599266e-15 1.302132058684495854e-14 5.841708140362289772e-13 0.000000000000000000e+00 7.396659757117445813e-05
1.193000000000000000e+03 4.804028581656512001e-15 1.317879794352133532e-14 5.869889838972763627e-13 0.000000000000000000e+00 6.710327797401310869e-05
1.194000000000000000e+03 4.822764930799424736e-15 1.333627530019770895e-14 5.898071537583237481e-13 0.000000000000000000e+00 8.332527939348483492e-05
1.195000000000000000e+03 4.835079759328637276e-15 1.346720013292146509e-14 5.916897288282729763e-13 0.000000000000000000e+00 9.030082148096567546e-05
1.196000000000000000e+03 4.840973067244149622e-15 1.357157244169259901e-14 5.926367091071240471e-13 0.000000000000000000e+00 1.078671720180380948e-04
1.197000000000000000e+03 4.846866375159661967e-15 1.367594475046373292e-14 5.935836893859752189e-13 0.000000000000000000e+00 3.383929790324018155e-05
1.198000000000000000e+03 4.852759683075173523e-15 1.378031705923486684e-14 5.945306696648262897e-13 0.000000000000000000e+00 5.383685196815006518e-05
1.199000000000000000e+03 4.858652990990685869e-15 1.388468936800600075e-14 5.954776499436774616e-13 0.000000000000000000e+00 1.105626652557492677e-04
1.200000000000000000e+03 4.864546298906197425e-15 1.398906167677713467e-14 5.964246302225285324e-13 0.000000000000000000e+00 7.585237023471028551e-05
1.201000000000000000e+03 4.870439606821709770e-15 1.409343398554826858e-14 5.973716105013797042e-13 0.000000000000000000e+00 7.984833901145119346e-05
1.202000000000000000e+03 4.876332914737221327e-15 1.419780629431940250e-14 5.983185907802307750e-13 0.000000000000000000e+00 9.915044795139788295e-05
1.203000000000000000e+03 4.882226222652733672e-15 1.430217860309053799e-14 5.992655710590819469e-13 0.000000000000000000e+00 9.462066854253655540e-05
1.204000000000000000e+03 4.888119530568246018e-15 1.440655091186167033e-14 6.002125513379330177e-13 0.000000000000000000e+00 9.837477234059569756e-05
1.205000000000000000e+03 4.891816966702206855e-15 1.449066393404277523e-14 6.009096661752579919e-13 0.000000000000000000e+00 5.496971978465305190e-05
1.206000000000000000e+03 4.893318531054616186e-15 1.455451766963384953e-14 6.013569155710568694e-13 0.000000000000000000e+00 5.946816397185568620e-05
1.207000000000000000e+03 4.894820095407026305e-15 1.461837140522492384e-14 6.018041649668556459e-13 0.000000000000000000e+00 7.047741375392608219e-05
1.208000000000000000e+03 4.896321659759435635e-15 1.468222514081600130e-14 6.022514143626544224e-13 0.000000000000000000e+00 8.896212635103158616e-05
1.209000000000000000e+03 4.897823224111844965e-15 1.474607887640707561e-14 6.026986637584532999e-13 0.000000000000000000e+00 8.216326197459493668e-05
1.210000000000000000e+03 4.899324788464255084e-15 1.480993261199814992e-14 6.031459131542520764e-13 0.000000000000000000e+00 9.442972735070767165e-05
1.211000000000000000e+03 4.900826352816664414e-15 1.487378634758922423e-14 6.035931625500509539e-13 0.000000000000000000e+00 6.905127031921755819e-05
1.212000000000000000e+03 4.902327917169073744e-15 1.493764008318030169e-14 6.040404119458497304e-13 0.000000000000000000e+00 1.033475116078878342e-04
1.213000000000000000e+03 4.903829481521483863e-15 1.500149381877137600e-14 6.044876613416485070e-13 0.000000000000000000e+00 7.931795378651825717e-05
1.214000000000000000e+03 4.905331045873893194e-15 1.506534755436245030e-14 6.049349107374473845e-13 0.000000000000000000e+00 5.095597644298021235e-05
1.215000000000000000e+03 4.907811125321971373e-15 1.512998835739252426e-14 6.045900477637413269e-13 0.000000000000000000e+00 7.388179833577675128e-05
1.216000000000000000e+03 4.911269719865718402e-15 1.519541622786159786e-14 6.034530724205304352e-13 0.000000000000000000e+00 7.314047471813999552e-05
1.217000000000000000e+03 4.914728314409464641e-15 1.526084409833067462e-14 6.023160970773196444e-13 0.000000000000000000e+00 7.971266406753175647e-05
1.218000000000000000e+03 4.918186908953210881e-15 1.532627196879974823e-14 6.011791217341087527e-13 0.000000000000000000e+00 1.279052893725423831e-04
1.219000000000000000e+03 4.921645503496957910e-15 1.539169983926882183e-14 6.000421463908978610e-13 0.000000000000000000e+00 3.454195447351690623e-05
1.220000000000000000e+03 4.925104098040704149e-15 1.545712770973789859e-14 5.989051710476870703e-13 0.000000000000000000e+00 8.044190207067169779e-05
1.221000000000000000e+03 4.928562692584451178e-15 1.552255558020697220e-14 5.977681957044761786e-13 0.000000000000000000e+00 1.036206549036745313e-04
1.222000000000000000e+03 4.932021287128197418e-15 1.558798345067604580e-14 5.966312203612652869e-13 0.000000000000000000e+00 7.026048124670037601e-05
1.223000000000000000e+03 4.935479881671943657e-15 1.565341132114512256e-14 5.954942450180544961e-13 0.000000000000000000e+00 8.576801143524788625e-05
1.224000000000000000e+03 4.938938476215690686e-15 1.571883919161419617e-14 5.943572696748436044e-13 0.000000000000000000e+00 9.466817132808794273e-05
1.225000000000000000e+03 4.961821439189934878e-15 1.582298839815149445e-14 5.974856502578348069e-13 0.000000000000000000e+00 5.488887964650742253e-05
1.226000000000000000e+03 5.004128770594677812e-15 1.596585894075702056e-14 6.048793867670282044e-13 0.000000000000000000e+00 9.435486719081359543e-05
1.227000000000000000e+03 5.046436101999420746e-15 1.610872948336254352e-14 6.122731232762215010e-13 0.000000000000000000e+00 5.631171190551047056e-05
1.228000000000000000e+03 5.088743433404162891e-15 1.625160002596806648e-14 6.196668597854147976e-13 0.000000000000000000e+00 7.248294382721107642e-05
1.229000000000000000e+03 5.131050764808905825e-15 1.639447056857359259e-14 6.270605962946081952e-13 0.000000000000000000e+00 4.375342467005151077e-05
1.230000000000000000e+03 5.173358096213648759e-15 1.653734111117911555e-14 6.344543328038014918e-13 0.000000000000000000e+00 1.239100365106959130e-04
1.231000000000000000e+03 5.215665427618391693e-15 1.668021165378464166e-14 6.418480693129948894e-13 0.000000000000000000e+00 9.104332199871342107e-05
1.232000000000000000e+03 5.257972759023133838e-15 1.682308219639016462e-14 6.492418058221881859e-13 0.000000000000000000e+00 1.000209442151332533e-04
1.233000000000000000e+03 5.300280090427876772e-15 1.696595273899568758e-14 6.566355423313815835e-13 0.000000000000000000e+00 5.356671786165000825e-05
1.234000000000000000e+03 5.342587421832619706e-15 1.710882328160121370e-14 6.640292788405748801e-13 0.000000000000000000e+00 7.469413978767416612e-05
1.235000000000000000e+03 5.363729258303976097e-15 1.718849200738635769e-14 6.670097245276736553e-13 0.000000000000000000e+00 7.961926404694327070e-05
1.236000000000000000e+03 5.363705599841947522e-15 1.720495891635111641e-14 6.655768793926777072e-13 0.000000000000000000e+00 5.500223369647492486e-05
1.237000000000000000e+03 5.363681941379918158e-15 1.722142582531588144e-14 6.641440342576819611e-13 0.000000000000000000e+00 8.465152912623767070e-05
1.238000000000000000e+03 5.363658282917888794e-15 1.723789273428064015e-14 6.627111891226860130e-13 0.000000000000000000e+00 8.590174658438681787e-05
1.239000000000000000e+03 5.363634624455860219e-15 1.725435964324540518e-14 6.612783439876902668e-13 0.000000000000000000e+00 6.587535316684901170e-05
1.240000000000000000e+03 5.363610965993830855e-15 1.727082655221016390e-14 6.598454988526943187e-13 0.000000000000000000e+00 1.279380214854977551e-04
1.241000000000000000e+03 5.363587307531802280e-15 1.728729346117492893e-14 6.584126537176985725e-13 0.000000000000000000e+00 5.039871617229659087e-05
1.242000000000000000e+03 5.363563649069772916e-15 1.730376037013968765e-14 6.569798085827026244e-13 0.000000000000000000e+00 6.277128515407691823e-05
1.243000000000000000e+03 5.363539990607743552e-15 1.732022727910445267e-14 6.555469634477068783e-13 0.000000000000000000e+00 1.021168276551398811e-04
1.244000000000000000e+03 5.363516332145714977e-15 1.733669418806921139e-14 6.541141183127109302e-13 0.000000000000000000e+00 5.616377964796521056e-05
1.245000000000000000e+03 5.376902818288562075e-15 1.736927692797200137e-14 6.552653284973867991e-13 0.000000000000000000e+00 9.745970372175945728e-05
1.246000000000000000e+03 5.403699449036286425e-15 1.741797549881281946e-14 6.590005940017342830e-13 0.000000000000000000e+00 7.372086090551029753e-05
1.247000000000000000e+03 5.430496079784010775e-15 1.746667406965363439e-14 6.627358595060817669e-13 0.000000000000000000e+00 6.325965318702473066e-05
1.248000000000000000e+03 5.457292710531735126e-15 1.751537264049445248e-14 6.664711250104292508e-13 0.000000000000000000e+00 8.315765353708714906e-05
1.249000000000000000e+03 5.484089341279459476e-15 1.756407121133526741e-14 6.702063905147767347e-13 0.000000000000000000e+00 6.340848890217526813e-05
1.250000000000000000e+03 5.510885972027183037e-15 1.761276978217608550e-14 6.739416560191241176e-13 0.000000000000000000e+00 9.091737912408600405e-05
1.251000000000000000e+03 5.537682602774907387e-15 1.766146835301690044e-14 6.776769215234716016e-13 0.000000000000000000e+00 5.226436552386223562e-05
1.252000000000000000e+03 5.564479233522631737e-15 1.771016692385771852e-14 6.814121870278190855e-13 0.000000000000000000e+00 1.145159859905418414e-04
1.253000000000000000e+03 5.591275864270356087e-15 1.775886549469853346e-14 6.851474525321665694e-13 0.000000000000000000e+00 8.547042809271883259e-05
1.254000000000000000e+03 5.618072495018080437e-15 1.780756406553935155e-14 6.888827180365140533e-13 0.000000000000000000e+00 9.743920553586773092e-05
1.255000000000000000e+03 5.620320000102608503e-15 1.777685031734219831e-14 6.888558210076219301e-13 0.000000000000000000e+00 4.644662364608024847e-05
1.256000000000000000e+03 5.598018379523941073e-15 1.766672425010708006e-14 6.850667614454903008e-13 0.000000000000000000e+00 6.209668451942615061e-05
1.257000000000000000e+03 5.575716758945272855e-15 1.755659818287195865e-14 6.812777018833586714e-13 0.000000000000000000e+00 8.870377826832057881e-05
1.258000000000000000e+03 5.553415138366605425e-15 1.744647211563683724e-14 6.774886423212270421e-13 0.000000000000000000e+00 3.842525060512099762e-05
1.259000000000000000e+03 5.531113517787937995e-15 1.733634604840171899e-14 6.736995827590954128e-13 0.000000000000000000e+00 1.265914227443171538e-04
1.260000000000000000e+03 5.508811897209269776e-15 1.722621998116659758e-14 6.699105231969637834e-13 0.000000000000000000e+00 6.191223043054427412e-05
1.261000000000000000e+03 5.486510276630602347e-15 1.711609391393147933e-14 6.661214636348321541e-13 0.000000000000000000e+00 8.861824043752204901e-05
1.262000000000000000e+03 5.464208656051934917e-15 1.700596784669635792e-14 6.623324040727005248e-13 0.000000000000000000e+00 9.652726629346830708e-05
1.263000000000000000e+03 5.441907035473266698e-15 1.689584177946123651e-14 6.585433445105688954e-13 0.000000000000000000e+00 5.804581462263614955e-05
1.264000000000000000e+03 5.419605414894599269e-15 1.678571571222611826e-14 6.547542849484372661e-13 0.000000000000000000e+00 5.306691579479131554e-05
1.265000000000000000e+03 5.421002720200950320e-15 1.674147041865073880e-14 6.546176262738773625e-13 0.000000000000000000e+00 6.952311350699750734e-05
1.266000000000000000e+03 5.446098951392319063e-15 1.676310589873509812e-14 6.581333684868891848e-13 0.000000000000000000e+00 1.132294541012077095e-04
1.267000000000000000e+03 5.471195182583687806e-15 1.678474137881946060e-14 6.616491106999010070e-13 0.000000000000000000e+00 5.730670530990190990e-05
1.268000000000000000e+03 5.496291413775056550e-15 1.680637685890381992e-14 6.651648529129128292e-13 0.000000000000000000e+00 9.553456479004326268e-05
1.269000000000000000e+03 5.521387644966425293e-15 1.682801233898818240e-14 6.686805951259246515e-13 0.000000000000000000e+00 5.131220412046670360e-05
1.270000000000000000e+03 5.546483876157794036e-15 1.684964781907254173e-14 6.721963373389364737e-13 0.000000000000000000e+00 8.604029488707815824e-05
1.271000000000000000e+03 5.571580107349162779e-15 1.687128329915690421e-14 6.757120795519482959e-13 0.000000000000000000e+00 1.094718362795694613e-04
1.272000000000000000e+03 5.596676338540531523e-15 1.689291877924126353e-14 6.792278217649601182e-13 0.000000000000000000e+00 3.728451076806491861e-05
1.273000000000000000e+03 5.621772569731900266e-15 1.691455425932562601e-14 6.827435639779719404e-13 0.000000000000000000e+00 1.059403925214967974e-04
1.274000000000000000e+03 5.646868800923269009e-15 1.693618973940998533e-14 6.862593061909837626e-13 0.000000000000000000e+00 6.311769028494485802e-05
1.275000000000000000e+03 5.664478911156310239e-15 1.690588300628403161e-14 6.887695054632313005e-13 0.000000000000000000e+00 7.688213497916861661e-05
1.276000000000000000e+03 5.674602900431023167e-15 1.682363405994776484e-14 6.902741617947145540e-13 0.000000000000000000e+00 9.418689409392976171e-05
1.277000000000000000e+03 5.684726889705736884e-15 1.674138511361149807e-14 6.917788181261978075e-13 0.000000000000000000e+00 2.764949563449556189e-05
1.278000000000000000e+03 5.694850878980449812e-15 1.665913616727522814e-14 6.932834744576809600e-13 0.000000000000000000e+00 6.863322926363290427e-05
1.279000000000000000e+03 5.704974868255162740e-15 1.657688722093896138e-14 6.947881307891642135e-13 0.000000000000000000e+00 9.287681210543046644e-05
1.280000000000000000e+03 5.715098857529876457e-15 1.649463827460269145e-14 6.962927871206473660e-13 0.000000000000000000e+00 8.700720234446811469e-05
1.281000000000000000e+03 5.725222846804589385e-15 1.641238932826642468e-14 6.977974434521306195e-13 0.000000000000000000e+00 1.015201978198873193e-04
1.282000000000000000e+03 5.735346836079302313e-15 1.633014038193015476e-14 6.993020997836137720e-13 0.000000000000000000e+00 6.923695126222725903e-05
1.283000000000000000e+03 5.745470825354016030e-15 1.624789143559388799e-14 7.008067561150970255e-13 0.000000000000000000e+00 5.635595552478709318e-05
1.284000000000000000e+03 5.755594814628728957e-15 1.616564248925762122e-14 7.023114124465802790e-13 0.000000000000000000e+00 1.001382569339173478e-04
1.285000000000000000e+03 5.758202560462247938e-15 1.606955975453629730e-14 7.018873802585378584e-13 0.000000000000000000e+00 6.845644872680534349e-05
1.286000000000000000e+03 5.753294062854572182e-15 1.595964323142992570e-14 6.995346595509697635e-13 0.000000000000000000e+00 3.583737018298583006e-05
1.287000000000000000e+03 5.748385565246896426e-15 1.584972670832354780e-14 6.971819388434016687e-13 0.000000000000000000e+00 8.894944618525584814e-05
1.288000000000000000e+03 5.743477067639221459e-15 1.573981018521717620e-14 6.948292181358336748e-13 0.000000000000000000e+00 9.498387088092242548e-05
1.289000000000000000e+03 5.738568570031545703e-15 1.562989366211079829e-14 6.924764974282655800e-13 0.000000000000000000e+00 5.857862189135566668e-05
1.290000000000000000e+03 5.733660072423869948e-15 1.551997713900442670e-14 6.901237767206974852e-13 0.000000000000000000e+00 9.842528879755736812e-05
1.291000000000000000e+03 5.728751574816194192e-15 1.541006061589804879e-14 6.877710560131293903e-13 0.000000000000000000e+00 7.438845539742162938e-05
1.292000000000000000e+03 5.723843077208519225e-15 1.530014409279167719e-14 6.854183353055613965e-13 0.000000000000000000e+00 5.928680496337970616e-05
1.293000000000000000e+03 5.718934579600843469e-15 1.519022756968529929e-14 6.830656145979933016e-13 0.000000000000000000e+00 8.151536620357584012e-05
1.294000000000000000e+03 5.714026081993167713e-15 1.508031104657892769e-14 6.807128938904252068e-13 0.000000000000000000e+00 9.072542035508408397e-05
1.295000000000000000e+03 5.733397122435099393e-15 1.500917259513659168e-14 6.823144456081375408e-13 0.000000000000000000e+00 6.943855860558359135e-05
1.296000000000000000e+03 5.777047700926636930e-15 1.497681221535829756e-14 6.878702697511303036e-13 0.000000000000000000e+00 6.067019378639268776e-05
1.297000000000000000e+03 5.820698279418174468e-15 1.494445183558000343e-14 6.934260938941229654e-13 0.000000000000000000e+00 7.367617986153226107e-05
1.298000000000000000e+03 5.864348857909712006e-15 1.491209145580170616e-14 6.989819180371156273e-13 0.000000000000000000e+00 9.119753619465303734e-05
1.299000000000000000e+03 5.907999436401249544e-15 1.487973107602341204e-14 7.045377421801083901e-13 0.000000000000000000e+00 2.758281360660672633e-05
1.300000000000000000e+03 5.951650014892787081e-15 1.484737069624511792e-14 7.100935663231010519e-13 0.000000000000000000e+00 9.832225738166890019e-05
1.301000000000000000e+03 5.995300593384324619e-15 1.481501031646682379e-14 7.156493904660938148e-13 0.000000000000000000e+00 9.295023669859379955e-05
1.302000000000000000e+03 6.038951171875862157e-15 1.478264993668852652e-14 7.212052146090864766e-13 0.000000000000000000e+00 1.040606046209288746e-04
1.303000000000000000e+03 6.082601750367399694e-15 1.475028955691023240e-14 7.267610387520791384e-13 0.000000000000000000e+00 4.213025359789296815e-05
1.304000000000000000e+03 6.126252328858937232e-15 1.471792917713193827e-14 7.323168628950719013e-13 0.000000000000000000e+00 8.971225424398148341e-05
1.305000000000000000e+03 6.151245133333197653e-15 1.463339696803846783e-14 7.343214738662934231e-13 0.000000000000000000e+00 4.861695957372436344e-05
1.306000000000000000e+03 6.157580163790180168e-15 1.449669292962982106e-14 7.327748716657439058e-13 0.000000000000000000e+00 9.509785271176126892e-05
1.307000000000000000e+03 6.163915194247162684e-15 1.435998889122117114e-14 7.312282694651943885e-13 0.000000000000000000e+00 6.039773629754676158e-05
1.308000000000000000e+03 6.170250224704145199e-15 1.422328485281252437e-14 7.296816672646448712e-13 0.000000000000000000e+00 5.177660070899146091e-05
1.309000000000000000e+03 6.176585255161127714e-15 1.408658081440387761e-14 7.281350650640953539e-13 0.000000000000000000e+00 8.332169226898169254e-05
1.310000000000000000e+03 6.182920285618109441e-15 1.394987677599522926e-14 7.265884628635458367e-13 0.000000000000000000e+00 1.152413714878391780e-04
1.311000000000000000e+03 6.189255316075091956e-15 1.381317273758658250e-14 7.250418606629963194e-13 0.000000000000000000e+00 6.173593257110354226e-05
1.312000000000000000e+03 6.195590346532074472e-15 1.367646869917793415e-14 7.234952584624468021e-13 0.000000000000000000e+00 1.065598377349785897e-04
1.313000000000000000e+03 6.201925376989056987e-15 1.353976466076928738e-14 7.219486562618972848e-13 0.000000000000000000e+00 2.652101164314312045e-05
1.314000000000000000e+03 6.208260407446039502e-15 1.340306062236063904e-14 7.204020540613477676e-13 0.000000000000000000e+00 4.245377967291014533e-05
1.315000000000000000e+03 6.213332065845837127e-15 1.324998623608366972e-14 7.193218700521826946e-13 0.000000000000000000e+00 1.137503943714192426e-04
1.316000000000000000e+03 6.217140352188449860e-15 1.308054150193837627e-14 7.187081042344021669e-13 0.000000000000000000e+00 8.128738132658856058e-05
1.317000000000000000e+03 6.220948638531062594e-15 1.291109676779308282e-14 7.180943384166216392e-13 0.000000000000000000e+00 7.170948176306737398e-05
1.318000000000000000e+03 6.224756924873675327e-15 1.274165203364779095e-14 7.174805725988410106e-13 0.000000000000000000e+00 5.247180607045579166e-05
1.319000000000000000e+03 6.228565211216288060e-15 1.257220729950249750e-14 7.168668067810604829e-13 0.000000000000000000e+00 7.158314862367227038e-05
1.320000000000000000e+03 6.232373497558901583e-15 1.240276256535720405e-14 7.162530409632799552e-13 0.000000000000000000e+00 9.066501577320380172e-05
1.321000000000000000e+03 6.236181783901514316e-15 1.223331783121191060e-14 7.156392751454994275e-13 0.000000000000000000e+00 6.220291617342015424e-05
1.322000000000000000e+03 6.239990070244127050e-15 1.206387309706661872e-14 7.150255093277187988e-13 0.000000000000000000e+00 8.878302189333022755e-05
1.323000000000000000e+03 6.243798356586739783e-15 1.189442836292132527e-14 7.144117435099382711e-13 0.000000000000000000e+00 6.037299165680578129e-05
1.324000000000000000e+03 6.247606642929352516e-15 1.172498362877603182e-14 7.137979776921577434e-13 0.000000000000000000e+00 9.991298264554856394e-05
1.325000000000000000e+03 6.261380814870480718e-15 1.156580113253349790e-14 7.136100495740600994e-13 0.000000000000000000e+00 6.217189465976879288e-05
1.326000000000000000e+03 6.285120872410125176e-15 1.141688087419372192e-14 7.138479591556453391e-13 0.000000000000000000e+00 7.247155989689350137e-05
1.327000000000000000e+03 6.308860929949768845e-15 1.126796061585394595e-14 7.140858687372306798e-13 0.000000000000000000e+00 4.003327223551576114e-05
1.328000000000000000e+03 6.332600987489412514e-15 1.111904035751416997e-14 7.143237783188159195e-13 0.000000000000000000e+00 7.012196140117904638e-05
1.329000000000000000e+03 6.356341045029056972e-15 1.097012009917439400e-14 7.145616879004011592e-13 0.000000000000000000e+00 7.915436780238577826e-05
1.330000000000000000e+03 6.380081102568700641e-15 1.082119984083461802e-14 7.147995974819864998e-13 0.000000000000000000e+00 8.952170736568216809e-05
1.331000000000000000e+03 6.403821160108345099e-15 1.067227958249484363e-14 7.150375070635717395e-13 0.000000000000000000e+00 7.734408088257663401e-05
1.332000000000000000e+03 6.427561217647988768e-15 1.052335932415506765e-14 7.152754166451569792e-13 0.000000000000000000e+00 8.576807018987712701e-05
1.333000000000000000e+03 6.451301275187632437e-15 1.037443906581529168e-14 7.155133262267423198e-13 0.000000000000000000e+00 5.823954472159172899e-05
1.334000000000000000e+03 6.475041332727276895e-15 1.022551880747551570e-14 7.157512358083275595e-13 0.000000000000000000e+00 6.834278165449193679e-05
1.335000000000000000e+03 6.490366498326598464e-15 1.005940598200554616e-14 7.148258489306346183e-13 0.000000000000000000e+00 8.180713322539128808e-05
1.336000000000000000e+03 6.497276771985598722e-15 9.876100589405383055e-15 7.127371655936633953e-13 0.000000000000000000e+00 4.152423917256473958e-05
1.337000000000000000e+03 6.504187045644598980e-15 9.692795196805219951e-15 7.106484822566921723e-13 0.000000000000000000e+00 8.784808071445526431e-05
1.338000000000000000e+03 6.511097319303599238e-15 9.509489804205056846e-15 7.085597989197209493e-13 0.000000000000000000e+00 9.832263654319613514e-05
1.339000000000000000e+03 6.518007592962599496e-15 9.326184411604893741e-15 7.064711155827497262e-13 0.000000000000000000e+00 3.420020351961919179e-05
1.340000000000000000e+03 6.524917866621598965e-15 9.142879019004730636e-15 7.043824322457786042e-13 0.000000000000000000e+00 8.373483387464070572e-05
1.341000000000000000e+03 6.531828140280599223e-15 8.959573626404567531e-15 7.022937489088073812e-13 0.000000000000000000e+00 7.014340945622650210e-05
1.342000000000000000e+03 6.538738413939599481e-15 8.776268233804404426e-15 7.002050655718361581e-13 0.000000000000000000e+00 9.499190665176851284e-05
1.343000000000000000e+03 6.545648687598599738e-15 8.592962841204241321e-15 6.981163822348649351e-13 0.000000000000000000e+00 5.632389049836368337e-05
1.344000000000000000e+03 6.552558961257599996e-15 8.409657448604078217e-15 6.960276988978937121e-13 0.000000000000000000e+00 7.222595604774140166e-05
1.345000000000000000e+03 6.582498051772842145e-15 8.254270423439893297e-15 6.973153225481169380e-13 0.000000000000000000e+00 8.954399072549749667e-05
1.346000000000000000e+03 6.635465959144326185e-15 8.126801765711686562e-15 7.019792531855345118e-13 0.000000000000000000e+00 8.353354643276187372e-05
1.347000000000000000e+03 6.688433866515810225e-15 7.999333107983479827e-15 7.066431838229520856e-13 0.000000000000000000e+00 5.384224250557165790e-05
1.348000000000000000e+03 6.741401773887295054e-15 7.871864450255273092e-15 7.113071144603696594e-13 0.000000000000000000e+00 7.085583750670222550e-05
1.349000000000000000e+03 6.794369681258779094e-15 7.744395792527066357e-15 7.159710450977872332e-13 0.000000000000000000e+00 2.472079463231446493e-05
1.350000000000000000e+03 6.847337588630263923e-15 7.616927134798859622e-15 7.206349757352048071e-13 0.000000000000000000e+00 6.654480790152762445e-05
1.351000000000000000e+03 6.900305496001747963e-15 7.489458477070652887e-15 7.252989063726223809e-13 0.000000000000000000e+00 1.432502695555418811e-04
1.352000000000000000e+03 6.953273403373232792e-15 7.361989819342446152e-15 7.299628370100399547e-13 0.000000000000000000e+00 7.472125833518580851e-05
1.353000000000000000e+03 7.006241310744716832e-15 7.234521161614239417e-15 7.346267676474575285e-13 0.000000000000000000e+00 3.811488186426381793e-05
1.354000000000000000e+03 7.059209218116200872e-15 7.107052503886031104e-15 7.392906982848751023e-13 0.000000000000000000e+00 8.755410585460223307e-05
1.355000000000000000e+03 7.094656231545354733e-15 6.948639861342757289e-15 7.399591882848646948e-13 0.000000000000000000e+00 5.371449778883486580e-05
1.356000000000000000e+03 7.112582351032178415e-15 6.759283233984414817e-15 7.366322376474263060e-13 0.000000000000000000e+00 6.714740604801502141e-05
1.357000000000000000e+03 7.130508470519002886e-15 6.569926606626073133e-15 7.333052870099880182e-13 0.000000000000000000e+00 6.729119987085259219e-05
1.358000000000000000e+03 7.148434590005825779e-15 6.380569979267730661e-15 7.299783363725496294e-13 0.000000000000000000e+00 7.302255809227205545e-05
1.359000000000000000e+03 7.166360709492648672e-15 6.191213351909388188e-15 7.266513857351112405e-13 0.000000000000000000e+00 6.262727251967128040e-05
1.360000000000000000e+03 7.184286828979473143e-15 6.001856724551045716e-15 7.233244350976729527e-13 0.000000000000000000e+00 1.021712908996762767e-04
1.361000000000000000e+03 7.202212948466296036e-15 5.812500097192703243e-15 7.199974844602345639e-13 0.000000000000000000e+00 7.318447565482373823e-05
1.362000000000000000e+03 7.220139067953118929e-15 5.623143469834360771e-15 7.166705338227961751e-13 0.000000000000000000e+00 6.859498591579906161e-05
1.363000000000000000e+03 7.238065187439943399e-15 5.433786842476018298e-15 7.133435831853578872e-13 0.000000000000000000e+00 5.456239044742886143e-05
1.364000000000000000e+03 7.255991306926766293e-15 5.244430215117676614e-15 7.100166325479194984e-13 0.000000000000000000e+00 5.968005007404722175e-05
1.365000000000000000e+03 7.288048651148178385e-15 5.082230887290159044e-15 7.095719640265244566e-13 0.000000000000000000e+00 9.075055535217187955e-05
1.366000000000000000e+03 7.334237220104179676e-15 4.947188858993466376e-15 7.120095776211728628e-13 0.000000000000000000e+00 7.211798870454893770e-05
1.367000000000000000e+03 7.380425789060179390e-15 4.812146830696773708e-15 7.144471912158211680e-13 0.000000000000000000e+00 6.034666859129098157e-05
1.368000000000000000e+03 7.426614358016180681e-15 4.677104802400081040e-15 7.168848048104694733e-13 0.000000000000000000e+00 5.304703240635216040e-05
1.369000000000000000e+03 7.472802926972180395e-15 4.542062774103388372e-15 7.193224184051178795e-13 0.000000000000000000e+00 7.214740596724652632e-05
1.370000000000000000e+03 7.518991495928181686e-15 4.407020745806696493e-15 7.217600319997661847e-13 0.000000000000000000e+00 7.309512458164044515e-05
1.371000000000000000e+03 7.565180064884181399e-15 4.271978717510003824e-15 7.241976455944145909e-13 0.000000000000000000e+00 8.113034453707449302e-05
1.372000000000000000e+03 7.611368633840182691e-15 4.136936689213311156e-15 7.266352591890628961e-13 0.000000000000000000e+00 7.048100926828520033e-05
1.373000000000000000e+03 7.657557202796182404e-15 4.001894660916618488e-15 7.290728727837112013e-13 0.000000000000000000e+00 9.091819687909133039e-05
1.374000000000000000e+03 7.703745771752183696e-15 3.866852632619925820e-15 7.315104863783596075e-13 0.000000000000000000e+00 8.153584937703255934e-05
1.375000000000000000e+03 7.729848454856757306e-15 3.732135867380167583e-15 7.303698625112509168e-13 0.000000000000000000e+00 4.207391869259563874e-05
1.376000000000000000e+03 7.735865252109906392e-15 3.597744365197344565e-15 7.256510011823853310e-13 0.000000000000000000e+00 8.617098863103991771e-05
1.377000000000000000e+03 7.741882049363055477e-15 3.463352863014520759e-15 7.209321398535197453e-13 0.000000000000000000e+00 2.503763435509943574e-05
1.378000000000000000e+03 7.747898846616204563e-15 3.328961360831697347e-15 7.162132785246541595e-13 0.000000000000000000e+00 7.854602601955471876e-05
1.379000000000000000e+03 7.753915643869353648e-15 3.194569858648873935e-15 7.114944171957885738e-13 0.000000000000000000e+00 9.323805787057640421e-05
1.380000000000000000e+03 7.759932441122502733e-15 3.060178356466050523e-15 7.067755558669229880e-13 0.000000000000000000e+00 5.929869576453261068e-05
1.381000000000000000e+03 7.765949238375651819e-15 2.925786854283227111e-15 7.020566945380574022e-13 0.000000000000000000e+00 7.478259080543245263e-05
1.382000000000000000e+03 7.771966035628800904e-15 2.791395352100403305e-15 6.973378332091918165e-13 0.000000000000000000e+00 1.028500340751118113e-04
1.383000000000000000e+03 7.777982832881949989e-15 2.657003849917580287e-15 6.926189718803262307e-13 0.000000000000000000e+00 4.863524669277339126e-05
1.384000000000000000e+03 7.783999630135099075e-15 2.522612347734756481e-15 6.879001105514606450e-13 0.000000000000000000e+00 5.974395888240689408e-05
1.385000000000000000e+03 7.802838061766572697e-15 2.412608314831947264e-15 6.844442470863940104e-13 0.000000000000000000e+00 6.061866420295353706e-05
1.386000000000000000e+03 7.834498127776370856e-15 2.326991751209151848e-15 6.822513814851263270e-13 0.000000000000000000e+00 6.267963872561702131e-05
1.387000000000000000e+03 7.866158193786170593e-15 2.241375187586356826e-15 6.800585158838587446e-13 0.000000000000000000e+00 8.652537169634108051e-05
1.388000000000000000e+03 7.897818259795970329e-15 2.155758623963561410e-15 6.778656502825911622e-13 0.000000000000000000e+00 7.114061156240716085e-05
1.389000000000000000e+03 7.929478325805768488e-15 2.070142060340765994e-15 6.756727846813234788e-13 0.000000000000000000e+00 5.647625152996250031e-05
1.390000000000000000e+03 7.961138391815568225e-15 1.984525496717970972e-15 6.734799190800558964e-13 0.000000000000000000e+00 6.377190367860760816e-05
1.391000000000000000e+03 7.992798457825366384e-15 1.898908933095175556e-15 6.712870534787882131e-13 0.000000000000000000e+00 7.974264527921903843e-05
1.392000000000000000e+03 8.024458523835166121e-15 1.813292369472380140e-15 6.690941878775206306e-13 0.000000000000000000e+00 6.835765569291246463e-05
1.393000000000000000e+03 8.056118589844965857e-15 1.727675805849585118e-15 6.669013222762530482e-13 0.000000000000000000e+00 9.059642825539464554e-05
1.394000000000000000e+03 8.087778655854764016e-15 1.642059242226789702e-15 6.647084566749853649e-13 0.000000000000000000e+00 5.031876902101488602e-05
1.395000000000000000e+03 8.155515975496578844e-15 1.598387268739781120e-15 6.668456165774281210e-13 0.000000000000000000e+00 8.267930763164384493e-05
1.396000000000000000e+03 8.259330548770405609e-15 1.596659885388559371e-15 6.733128019835812157e-13 0.000000000000000000e+00 7.648863993281559048e-05
1.397000000000000000e+03 8.363145122044235528e-15 1.594932502037337425e-15 6.797799873897343103e-13 0.000000000000000000e+00 4.225878854789250446e-05
1.398000000000000000e+03 8.466959695318062293e-15 1.593205118686115677e-15 6.862471727958874050e-13 0.000000000000000000e+00 7.722322056676984771e-05
1.399000000000000000e+03 8.570774268591892213e-15 1.591477735334893928e-15 6.927143582020404997e-13 0.000000000000000000e+00 3.641698872429020346e-05
1.400000000000000000e+03 8.674588841865718977e-15 1.589750351983671982e-15 6.991815436081936953e-13 0.000000000000000000e+00 9.211084468300786250e-05
1.401000000000000000e+03 8.778403415139548897e-15 1.588022968632450234e-15 7.056487290143467900e-13 0.000000000000000000e+00 9.431343747587098906e-05
1.402000000000000000e+03 8.882217988413375661e-15 1.586295585281228485e-15 7.121159144204998846e-13 0.000000000000000000e+00 7.830853053398690992e-05
1.403000000000000000e+03 8.986032561687205581e-15 1.584568201930006539e-15 7.185830998266529793e-13 0.000000000000000000e+00 3.162958619734441393e-05
1.404000000000000000e+03 9.089847134961032345e-15 1.582840818578784791e-15 7.250502852328060740e-13 0.000000000000000000e+00 8.580745865181654537e-05
1.405000000000000000e+03 9.131886728768233895e-15 1.589737351721244557e-15 7.238513371749388755e-13 0.000000000000000000e+00 6.229288777219136469e-05
1.406000000000000000e+03 9.112151343108807074e-15 1.605257801357386233e-15 7.149862556530513840e-13 0.000000000000000000e+00 4.944989114046034067e-05
1.407000000000000000e+03 9.092415957449380253e-15 1.620778250993527514e-15 7.061211741311637915e-13 0.000000000000000000e+00 7.554265769596789403e-05
1.408000000000000000e+03 9.072680571789953433e-15 1.636298700629669190e-15 6.972560926092763000e-13 0.000000000000000000e+00 5.666611279378755048e-05
1.409000000000000000e+03 9.052945186130526612e-15 1.651819150265810472e-15 6.883910110873888085e-13 0.000000000000000000e+00 9.537113658489681351e-05
1.410000000000000000e+03 9.033209800471099792e-15 1.667339599901952148e-15 6.795259295655013170e-13 0.000000000000000000e+00 7.515544901906683647e-05
1.411000000000000000e+03 9.013474414811672971e-15 1.682860049538093429e-15 6.706608480436138255e-13 0.000000000000000000e+00 3.911533395308266993e-05
1.412000000000000000e+03 8.993739029152246151e-15 1.698380499174235105e-15 6.617957665217263340e-13 0.000000000000000000e+00 9.088284242489840946e-05
1.413000000000000000e+03 8.974003643492819330e-15 1.713900948810376386e-15 6.529306849998387415e-13 0.000000000000000000e+00 3.582198002737652722e-05
1.414000000000000000e+03 8.954268257833392509e-15 1.729421398446518062e-15 6.440656034779512500e-13 0.000000000000000000e+00 1.133779350581756728e-04
1.415000000000000000e+03 8.991552502389127851e-15 1.807156388773091165e-15 6.418723766557726708e-13 0.000000000000000000e+00 6.454703087675401122e-05
1.416000000000000000e+03 9.085856377160028510e-15 1.947105919790096089e-15 6.463510045333029031e-13 0.000000000000000000e+00 2.981981429107574062e-05
1.417000000000000000e+03 9.180160251930926014e-15 2.087055450807101013e-15 6.508296324108332363e-13 0.000000000000000000e+00 7.899716074828224170e-05
1.418000000000000000e+03 9.274464126701826673e-15 2.227004981824105937e-15 6.553082602883634686e-13 0.000000000000000000e+00 6.929527605214143879e-05
1.419000000000000000e+03 9.368768001472724177e-15 2.366954512841110467e-15 6.597868881658937008e-13 0.000000000000000000e+00 5.298565214194056217e-05
1.420000000000000000e+03 9.463071876243624836e-15 2.506904043858115391e-15 6.642655160434240341e-13 0.000000000000000000e+00 8.440496865478722729e-05
1.421000000000000000e+03 9.557375751014522340e-15 2.646853574875120315e-15 6.687441439209542663e-13 0.000000000000000000e+00 6.558490844235188909e-05
1.422000000000000000e+03 9.651679625785422999e-15 2.786803105892125239e-15 6.732227717984844986e-13 0.000000000000000000e+00 7.870830980209282603e-05
1.423000000000000000e+03 9.745983500556320502e-15 2.926752636909130164e-15 6.777013996760148318e-13 0.000000000000000000e+00 7.452255662614345468e-05
1.424000000000000000e+03 9.840287375327221162e-15 3.066702167926135088e-15 6.821800275535450641e-13 0.000000000000000000e+00 8.267010277569133839e-05
1.425000000000000000e+03 9.890357442769034023e-15 3.213743276207708414e-15 6.815610624910498324e-13 0.000000000000000000e+00 2.461810659263797253e-05
1.426000000000000000e+03 9.896193702881762241e-15 3.367875961753851325e-15 6.758445044885288338e-13 0.000000000000000000e+00 7.761146144347427799e-05
1.427000000000000000e+03 9.902029962994488882e-15 3.522008647299993448e-15 6.701279464860080371e-13 0.000000000000000000e+00 5.294916234325053436e-05
1.428000000000000000e+03 9.907866223107217101e-15 3.676141332846136359e-15 6.644113884834870385e-13 0.000000000000000000e+00 5.979524545493349768e-05
1.429000000000000000e+03 9.913702483219945319e-15 3.830274018392278482e-15 6.586948304809662419e-13 0.000000000000000000e+00 8.613462617592676930e-05
1.430000000000000000e+03 9.919538743332671960e-15 3.984406703938421394e-15 6.529782724784452433e-13 0.000000000000000000e+00 7.026752399312526716e-05
1.431000000000000000e+03 9.925375003445400178e-15 4.138539389484563516e-15 6.472617144759244466e-13 0.000000000000000000e+00 7.655845913538071026e-05
1.432000000000000000e+03 9.931211263558128397e-15 4.292672075030706428e-15 6.415451564734034480e-13 0.000000000000000000e+00 6.571443078003615557e-05
1.433000000000000000e+03 9.937047523670855038e-15 4.446804760576848550e-15 6.358285984708826514e-13 0.000000000000000000e+00 5.626863726249833588e-05
1.434000000000000000e+03 9.942883783783583256e-15 4.600937446122991462e-15 6.301120404683616528e-13 0.000000000000000000e+00 7.097372641544850405e-05
1.435000000000000000e+03 1.000434839497751948e-14 4.810964663631641411e-15 6.291178680683430257e-13 0.000000000000000000e+00 4.301788151868411665e-05
1.436000000000000000e+03 1.012144135725266213e-14 5.076886413102798399e-15 6.328460812708264672e-13 0.000000000000000000e+00 8.965840876596434261e-05
1.437000000000000000e+03 1.023853431952780478e-14 5.342808162573955387e-15 6.365742944733099087e-13 0.000000000000000000e+00 6.709089559140645192e-05
1.438000000000000000e+03 1.035562728180294742e-14 5.608729912045113164e-15 6.403025076757933502e-13 0.000000000000000000e+00 6.046094414049853010e-05
1.439000000000000000e+03 1.047272024407809007e-14 5.874651661516270151e-15 6.440307208782767918e-13 0.000000000000000000e+00 4.021230844141857231e-05
1.440000000000000000e+03 1.058981320635323272e-14 6.140573410987427139e-15 6.477589340807603342e-13 0.000000000000000000e+00 9.519381450658961094e-05
1.441000000000000000e+03 1.070690616862837537e-14 6.406495160458584916e-15 6.514871472832437758e-13 0.000000000000000000e+00 6.077694476692617964e-05
1.442000000000000000e+03 1.082399913090351802e-14 6.672416909929741904e-15 6.552153604857272173e-13 0.000000000000000000e+00 6.600668754777511995e-05
1.443000000000000000e+03 1.094109209317866067e-14 6.938338659400898892e-15 6.589435736882106588e-13 0.000000000000000000e+00 7.845899665158375844e-05
1.444000000000000000e+03 1.105818505545380331e-14 7.204260408872056668e-15 6.626717868906941003e-13 0.000000000000000000e+00 5.239976384320571844e-05
1.445000000000000000e+03 1.112913493845094555e-14 7.498892980263175155e-15 6.647023277785246325e-13 0.000000000000000000e+00 8.864092618864245505e-05
1.446000000000000000e+03 1.115394174217008421e-14 7.822236373574255930e-15 6.650351963517021545e-13 0.000000000000000000e+00 6.500215983427999242e-05
1.447000000000000000e+03 1.117874854588922287e-14 8.145579766885336705e-15 6.653680649248796764e-13 0.000000000000000000e+00 3.325185948530129338e-05
1.448000000000000000e+03 1.120355534960836312e-14 8.468923160196417480e-15 6.657009334980570974e-13 0.000000000000000000e+00 7.639960292115207567e-05
1.449000000000000000e+03 1.122836215332750178e-14 8.792266553507498254e-15 6.660338020712346194e-13 0.000000000000000000e+00 5.806419108068637400e-05
1.450000000000000000e+03 1.125316895704664202e-14 9.115609946818580607e-15 6.663666706444121413e-13 0.000000000000000000e+00 8.366085870030153383e-05
1.451000000000000000e+03 1.127797576076578068e-14 9.438953340129661382e-15 6.666995392175896633e-13 0.000000000000000000e+00 7.467695370879910981e-05
1.452000000000000000e+03 1.130278256448492092e-14 9.762296733440742157e-15 6.670324077907670842e-13 0.000000000000000000e+00 7.398169663226628577e-05
1.453000000000000000e+03 1.132758936820405959e-14 1.008564012675182293e-14 6.673652763639446062e-13 0.000000000000000000e+00 6.220400737220697365e-05
1.454000000000000000e+03 1.135239617192319825e-14 1.040898352006290371e-14 6.676981449371221281e-13 0.000000000000000000e+00 5.869395541086987975e-05
1.455000000000000000e+03 1.137656439478145596e-14 1.071566822235437387e-14 6.658631242029842558e-13 0.000000000000000000e+00 5.486763927499351841e-05
1.456000000000000000e+03 1.140009403677883114e-14 1.100569423362623344e-14 6.618602141615309893e-13 0.000000000000000000e+00 5.873139820210334803e-05
1.457000000000000000e+03 1.142362367877620790e-14 1.129572024489809300e-14 6.578573041200777227e-13 0.000000000000000000e+00 5.174392916585421836e-05
1.458000000000000000e+03 1.144715332077358307e-14 1.158574625616995256e-14 6.538543940786244561e-13 0.000000000000000000e+00 9.186636784374400803e-05
1.459000000000000000e+03 1.147068296277095825e-14 1.187577226744181212e-14 6.498514840371711896e-13 0.000000000000000000e+00 5.314299864003660476e-05
1.460000000000000000e+03 1.149421260476833501e-14 1.216579827871367169e-14 6.458485739957180240e-13 0.000000000000000000e+00 8.016534622708327412e-05
1.461000000000000000e+03 1.151774224676571019e-14 1.245582428998553125e-14 6.418456639542647574e-13 0.000000000000000000e+00 4.774318106447393405e-05
1.462000000000000000e+03 1.154127188876308537e-14 1.274585030125739081e-14 6.378427539128114908e-13 0.000000000000000000e+00 8.495864692682915907e-05
1.463000000000000000e+03 1.156480153076046212e-14 1.303587631252925037e-14 6.338398438713582243e-13 0.000000000000000000e+00 6.060656686481557430e-05
1.464000000000000000e+03 1.158833117275783730e-14 1.332590232380110993e-14 6.298369338299049577e-13 0.000000000000000000e+00 6.504380727372256754e-05
1.465000000000000000e+03 1.163508288386792070e-14 1.367023316781736771e-14 6.300944158245822820e-13 0.000000000000000000e+00 7.983627266983179464e-05
1.466000000000000000e+03 1.170505666409071074e-14 1.406886884457802527e-14 6.346122898553900964e-13 0.000000000000000000e+00 3.578280514695372403e-05
1.467000000000000000e+03 1.177503044431350078e-14 1.446750452133867968e-14 6.391301638861980117e-13 0.000000000000000000e+00 7.312917270097255213e-05
1.468000000000000000e+03 1.184500422453629239e-14 1.486614019809933882e-14 6.436480379170058260e-13 0.000000000000000000e+00 6.791817194121717359e-05
1.469000000000000000e+03 1.191497800475908243e-14 1.526477587485999481e-14 6.481659119478136403e-13 0.000000000000000000e+00 3.339981855059069506e-05
1.470000000000000000e+03 1.198495178498187405e-14 1.566341155162065080e-14 6.526837859786215556e-13 0.000000000000000000e+00 6.781359574707334606e-05
1.471000000000000000e+03 1.205492556520466409e-14 1.606204722838130678e-14 6.572016600094293699e-13 0.000000000000000000e+00 1.092682507922477527e-04
1.472000000000000000e+03 1.212489934542745570e-14 1.646068290514196593e-14 6.617195340402371843e-13 0.000000000000000000e+00 6.202740597996733013e-05
1.473000000000000000e+03 1.219487312565024574e-14 1.685931858190262191e-14 6.662374080710450996e-13 0.000000000000000000e+00 6.718969773018613784e-05
1.474000000000000000e+03 1.226484690587303578e-14 1.725795425866327790e-14 6.707552821018529139e-13 0.000000000000000000e+00 5.067709614211338414e-05
1.475000000000000000e+03 1.235553861111178807e-14 1.768805129859727486e-14 6.738866486416676058e-13 0.000000000000000000e+00 5.309725100328044676e-05
1.476000000000000000e+03 1.246694824136649946e-14 1.814960970170461596e-14 6.756315076904892763e-13 0.000000000000000000e+00 7.533872183329413550e-05
1.477000000000000000e+03 1.257835787162121085e-14 1.861116810481195390e-14 6.773763667393107448e-13 0.000000000000000000e+00 5.305718776571234494e-05
1.478000000000000000e+03 1.268976750187592224e-14 1.907272650791929183e-14 6.791212257881324153e-13 0.000000000000000000e+00 5.880354950307430854e-05
1.479000000000000000e+03 1.280117713213063363e-14 1.953428491102663293e-14 6.808660848369538838e-13 0.000000000000000000e+00 5.294194252709820523e-05
1.480000000000000000e+03 1.291258676238534660e-14 1.999584331413397087e-14 6.826109438857755543e-13 0.000000000000000000e+00 8.190548318098871865e-05
1.481000000000000000e+03 1.302399639264005799e-14 2.045740171724131196e-14 6.843558029345970228e-13 0.000000000000000000e+00 8.677513546852356021e-05
1.482000000000000000e+03 1.313540602289476938e-14 2.091896012034864990e-14 6.861006619834186932e-13 0.000000000000000000e+00 6.595973509379259568e-05
1.483000000000000000e+03 1.324681565314948077e-14 2.138051852345598784e-14 6.878455210322401618e-13 0.000000000000000000e+00 3.593515825057934197e-05
1.484000000000000000e+03 1.335822528340419216e-14 2.184207692656332893e-14 6.895903800810618322e-13 0.000000000000000000e+00 6.736628760306361636e-05
1.485000000000000000e+03 1.340799106438403944e-14 2.220840353029219041e-14 6.898059931487996133e-13 0.000000000000000000e+00 7.554844585308911052e-05
1.486000000000000000e+03 1.339611299608901944e-14 2.247949833464257545e-14 6.884923602354539087e-13 0.000000000000000000e+00 5.603759457949954636e-05
1.487000000000000000e+03 1.338423492779399945e-14 2.275059313899296048e-14 6.871787273221080023e-13 0.000000000000000000e+00 7.316820366189979194e-05
1.488000000000000000e+03 1.337235685949898103e-14 2.302168794334334866e-14 6.858650944087622977e-13 0.000000000000000000e+00 4.417501620248331430e-05
1.489000000000000000e+03 1.336047879120396103e-14 2.329278274769373369e-14 6.845514614954163913e-13 0.000000000000000000e+00 7.617813218969682581e-05
1.490000000000000000e+03 1.334860072290894103e-14 2.356387755204411873e-14 6.832378285820706868e-13 0.000000000000000000e+00 7.204512411999373467e-05
1.491000000000000000e+03 1.333672265461392104e-14 2.383497235639450376e-14 6.819241956687247803e-13 0.000000000000000000e+00 4.445014377589623448e-05
1.492000000000000000e+03 1.332484458631890262e-14 2.410606716074489194e-14 6.806105627553790758e-13 0.000000000000000000e+00 7.282230761762264700e-05
1.493000000000000000e+03 1.331296651802388262e-14 2.437716196509527697e-14 6.792969298420331693e-13 0.000000000000000000e+00 8.063359502252509254e-05
1.494000000000000000e+03 1.330108844972886262e-14 2.464825676944566201e-14 6.779832969286874648e-13 0.000000000000000000e+00 5.030527627817773785e-05
1.495000000000000000e+03 1.331063574171539348e-14 2.493264378621568880e-14 6.781418679786544268e-13 0.000000000000000000e+00 6.501578094312031103e-05
1.496000000000000000e+03 1.334160839398347360e-14 2.523032301540535419e-14 6.797726429919343584e-13 0.000000000000000000e+00 7.016066542380109522e-05
1.497000000000000000e+03 1.337258104625155373e-14 2.552800224459501958e-14 6.814034180052142899e-13 0.000000000000000000e+00 3.718062080881468764e-05
1.498000000000000000e+03 1.340355369851963385e-14 2.582568147378468497e-14 6.830341930184941205e-13 0.000000000000000000e+00 6.117726355631673179e-05
1.499000000000000000e+03 1.343452635078771397e-14 2.612336070297435036e-14 6.846649680317740520e-13 0.000000000000000000e+00 7.890354263488532185e-05
1.500000000000000000e+03 1.346549900305579568e-14 2.642103993216401891e-14 6.862957430450539836e-13 0.000000000000000000e+00 6.585367503994936128e-05
1.501000000000000000e+03 1.349647165532387580e-14 2.671871916135368430e-14 6.879265180583339151e-13 0.000000000000000000e+00 7.457258639567595744e-05
1.502000000000000000e+03 1.352744430759195592e-14 2.701639839054334969e-14 6.895572930716137457e-13 0.000000000000000000e+00 6.312858362839197566e-05
1.503000000000000000e+03 1.355841695986003605e-14 2.731407761973301509e-14 6.911880680848936772e-13 0.000000000000000000e+00 6.865225439593928398e-05
1.504000000000000000e+03 1.358938961212811617e-14 2.761175684892268048e-14 6.928188430981736088e-13 0.000000000000000000e+00 6.429641591924164297e-05
1.505000000000000000e+03 1.361322710565896890e-14 2.788292427460362728e-14 6.925185646424062076e-13 0.000000000000000000e+00 3.033071655434980396e-05
1.506000000000000000e+03 1.362992944045259582e-14 2.812757989677585233e-14 6.902872327175914736e-13 0.000000000000000000e+00 7.647846965527939746e-05
1.507000000000000000e+03 1.364663177524622273e-14 2.837223551894808054e-14 6.880559007927767396e-13 0.000000000000000000e+00 7.183119646360769503e-05
1.508000000000000000e+03 1.366333411003984807e-14 2.861689114112030560e-14 6.858245688679621065e-13 0.000000000000000000e+00 4.847952221061680480e-05
1.509000000000000000e+03 1.368003644483347499e-14 2.886154676329253065e-14 6.835932369431473725e-13 0.000000000000000000e+00 6.416404181769980641e-05
1.510000000000000000e+03 1.369673877962710190e-14 2.910620238546475571e-14 6.813619050183327395e-13 0.000000000000000000e+00 6.392584628610675323e-05
1.511000000000000000e+03 1.371344111442072882e-14 2.935085800763698076e-14 6.791305730935180055e-13 0.000000000000000000e+00 4.385488834221451732e-05
1.512000000000000000e+03 1.373014344921435416e-14 2.959551362980920582e-14 6.768992411687033725e-13 0.000000000000000000e+00 1.005598486861195338e-04
1.513000000000000000e+03 1.374684578400798107e-14 2.984016925198143087e-14 6.746679092438886384e-13 0.000000000000000000e+00 6.619733584875411110e-05
1.514000000000000000e+03 1.376354811880160799e-14 3.008482487415365592e-14 6.724365773190739044e-13 0.000000000000000000e+00 5.373885110648063450e-05
1.515000000000000000e+03 1.381517211522903514e-14 3.037787368688669581e-14 6.748790640173466246e-13 0.000000000000000000e+00 5.306461688370654370e-05
1.516000000000000000e+03 1.390171777329026569e-14 3.071931569018054420e-14 6.819953693387065971e-13 0.000000000000000000e+00 8.919081638138833153e-05
1.517000000000000000e+03 1.398826343135149465e-14 3.106075769347439260e-14 6.891116746600666705e-13 0.000000000000000000e+00 3.816234172944950488e-05
1.518000000000000000e+03 1.407480908941272362e-14 3.140219969676824099e-14 6.962279799814266430e-13 0.000000000000000000e+00 6.189834187859467093e-05
1.519000000000000000e+03 1.416135474747395416e-14 3.174364170006208939e-14 7.033442853027867164e-13 0.000000000000000000e+00 3.058569298800442284e-05
1.520000000000000000e+03 1.424790040553518313e-14 3.208508370335593148e-14 7.104605906241466889e-13 0.000000000000000000e+00 6.551326303835678299e-05
1.521000000000000000e+03 1.433444606359641210e-14 3.242652570664977987e-14 7.175768959455067623e-13 0.000000000000000000e+00 1.032894554966269955e-04
1.522000000000000000e+03 1.442099172165764422e-14 3.276796770994362827e-14 7.246932012668667347e-13 0.000000000000000000e+00 6.109733387377747614e-05
1.523000000000000000e+03 1.450753737971887319e-14 3.310940971323747667e-14 7.318095065882268082e-13 0.000000000000000000e+00 6.776237585524248395e-05
1.524000000000000000e+03 1.459408303778010215e-14 3.345085171653132506e-14 7.389258119095867806e-13 0.000000000000000000e+00 4.134751356644113940e-05
1.525000000000000000e+03 1.465266479707593171e-14 3.372239351344825641e-14 7.425089547268230738e-13 0.000000000000000000e+00 5.690916310293620678e-05
1.526000000000000000e+03 1.468328265760636187e-14 3.392403510398826441e-14 7.425589350399355869e-13 0.000000000000000000e+00 8.244901881983416920e-05
1.527000000000000000e+03 1.471390051813678887e-14 3.412567669452827872e-14 7.426089153530480999e-13 0.000000000000000000e+00 3.355097744010213247e-05
1.528000000000000000e+03 1.474451837866721902e-14 3.432731828506828671e-14 7.426588956661606130e-13 0.000000000000000000e+00 7.446123764872947552e-05
1.529000000000000000e+03 1.477513623919764918e-14 3.452895987560830102e-14 7.427088759792731260e-13 0.000000000000000000e+00 4.730927506018046047e-05
1.530000000000000000e+03 1.480575409972807618e-14 3.473060146614830902e-14 7.427588562923855381e-13 0.000000000000000000e+00 6.317191854396098083e-05
1.531000000000000000e+03 1.483637196025850633e-14 3.493224305668832332e-14 7.428088366054980511e-13 0.000000000000000000e+00 7.966974175853848829e-05
1.532000000000000000e+03 1.486698982078893649e-14 3.513388464722833132e-14 7.428588169186105642e-13 0.000000000000000000e+00 6.554194040336713139e-05
1.533000000000000000e+03 1.489760768131936349e-14 3.533552623776834563e-14 7.429087972317230772e-13 0.000000000000000000e+00 3.375765894540343925e-05
1.534000000000000000e+03 1.492822554184979364e-14 3.553716782830835362e-14 7.429587775448355902e-13 0.000000000000000000e+00 9.822172111394994573e-05
1.535000000000000000e+03 1.495676483015900952e-14 3.570435682139677291e-14 7.436612211108368604e-13 0.000000000000000000e+00 4.869081473853107236e-05
1.536000000000000000e+03 1.498322554624701113e-14 3.583709321703359085e-14 7.450161279297268877e-13 0.000000000000000000e+00 5.996798688838441896e-05
1.537000000000000000e+03 1.500968626233501273e-14 3.596982961267040880e-14 7.463710347486169150e-13 0.000000000000000000e+00 5.727223719439707497e-05
1.538000000000000000e+03 1.503614697842301433e-14 3.610256600830723306e-14 7.477259415675070432e-13 0.000000000000000000e+00 6.626582623087133486e-05
1.539000000000000000e+03 1.506260769451101594e-14 3.623530240394405100e-14 7.490808483863970705e-13 0.000000000000000000e+00 4.645638977124278492e-05
1.540000000000000000e+03 1.508906841059901439e-14 3.636803879958086895e-14 7.504357552052870978e-13 0.000000000000000000e+00 8.074953905961165465e-05
1.541000000000000000e+03 1.511552912668701599e-14 3.650077519521768689e-14 7.517906620241771251e-13 0.000000000000000000e+00 3.950136321969681906e-05
1.542000000000000000e+03 1.514198984277501760e-14 3.663351159085451115e-14 7.531455688430672534e-13 0.000000000000000000e+00 6.773467313504753816e-05
1.543000000000000000e+03 1.516845055886301920e-14 3.676624798649132910e-14 7.545004756619572807e-13 0.000000000000000000e+00 7.548695702135707500e-05
1.544000000000000000e+03 1.519491127495102080e-14 3.689898438212814705e-14 7.558553824808473080e-13 0.000000000000000000e+00 6.492646889360029281e-05
1.545000000000000000e+03 1.522250695896215278e-14 3.701860163994534354e-14 7.567368472886126842e-13 0.000000000000000000e+00 6.118570646569908278e-05
1.546000000000000000e+03 1.525123761089641512e-14 3.712509975994291227e-14 7.571448700852533083e-13 0.000000000000000000e+00 3.937932541589777067e-05
1.547000000000000000e+03 1.527996826283068062e-14 3.723159787994048100e-14 7.575528928818940335e-13 0.000000000000000000e+00 5.870990207004858516e-05
1.548000000000000000e+03 1.530869891476494297e-14 3.733809599993804973e-14 7.579609156785346576e-13 0.000000000000000000e+00 6.209810922807638641e-05
1.549000000000000000e+03 1.533742956669920531e-14 3.744459411993561845e-14 7.583689384751753828e-13 0.000000000000000000e+00 6.254704744436268417e-05
1.550000000000000000e+03 1.536616021863346765e-14 3.755109223993319349e-14 7.587769612718160069e-13 0.000000000000000000e+00 6.884178783500192154e-05
1.551000000000000000e+03 1.539489087056773000e-14 3.765759035993076222e-14 7.591849840684567321e-13 0.000000000000000000e+00 5.953738437839869427e-05
1.552000000000000000e+03 1.542362152250199234e-14 3.776408847992833095e-14 7.595930068650973562e-13 0.000000000000000000e+00 7.393309547604635175e-05
1.553000000000000000e+03 1.545235217443625784e-14 3.787058659992589968e-14 7.600010296617380813e-13 0.000000000000000000e+00 6.340272111686514190e-05
1.554000000000000000e+03 1.548108282637052018e-14 3.797708471992346841e-14 7.604090524583787055e-13 0.000000000000000000e+00 4.976996919485173843e-05
1.555000000000000000e+03 1.548195356745422359e-14 3.799616553197024944e-14 7.591213836045881830e-13 0.000000000000000000e+00 3.126975135055091017e-05
1.556000000000000000e+03 1.545496439768736805e-14 3.792782903606623645e-14 7.561380231003665139e-13 0.000000000000000000e+00 8.508231592039642026e-05
1.557000000000000000e+03 1.542797522792051567e-14 3.785949254016222347e-14 7.531546625961447438e-13 0.000000000000000000e+00 6.534074717605496251e-05
1.558000000000000000e+03 1.540098605815366014e-14 3.779115604425821679e-14 7.501713020919230746e-13 0.000000000000000000e+00 3.953549703041935157e-05
1.559000000000000000e+03 1.537399688838680461e-14 3.772281954835420381e-14 7.471879415877014055e-13 0.000000000000000000e+00 6.460649743708613522e-05
1.560000000000000000e+03 1.534700771861995223e-14 3.765448305245019714e-14 7.442045810834796354e-13 0.000000000000000000e+00 6.278623291791449342e-05
1.561000000000000000e+03 1.532001854885309669e-14 3.758614655654618415e-14 7.412212205792579662e-13 0.000000000000000000e+00 4.787230725627924214e-05
1.562000000000000000e+03 1.529302937908624116e-14 3.751781006064217748e-14 7.382378600750362971e-13 0.000000000000000000e+00 8.262214691039072249e-05
1.563000000000000000e+03 1.526604020931938878e-14 3.744947356473816449e-14 7.352544995708145270e-13 0.000000000000000000e+00 6.859382929569062968e-05
1.564000000000000000e+03 1.523905103955253325e-14 3.738113706883415151e-14 7.322711390665928578e-13 0.000000000000000000e+00 4.413561244219179258e-05
1.565000000000000000e+03 1.530371778509124648e-14 3.748578049165905712e-14 7.362577578469337186e-13 0.000000000000000000e+00 7.822099650225929686e-05
1.566000000000000000e+03 1.546004044593552847e-14 3.776340383321287502e-14 7.472143559118371093e-13 0.000000000000000000e+00 4.948555467962688039e-05
1.567000000000000000e+03 1.561636310677981361e-14 3.804102717476669292e-14 7.581709539767405001e-13 0.000000000000000000e+00 5.707492265378537360e-05
1.568000000000000000e+03 1.577268576762409560e-14 3.831865051632051081e-14 7.691275520416439917e-13 0.000000000000000000e+00 3.997274265633741038e-05
1.569000000000000000e+03 1.592900842846837760e-14 3.859627385787432871e-14 7.800841501065473825e-13 0.000000000000000000e+00 3.691993872174688368e-05
1.570000000000000000e+03 1.608533108931265959e-14 3.887389719942814661e-14 7.910407481714507732e-13 0.000000000000000000e+00 9.703015473877624696e-05
1.571000000000000000e+03 1.624165375015694158e-14 3.915152054098196451e-14 8.019973462363541639e-13 0.000000000000000000e+00 5.825527545307453809e-05
1.572000000000000000e+03 1.639797641100122357e-14 3.942914388253578241e-14 8.129539443012576556e-13 0.000000000000000000e+00 6.008045788386167979e-05
1.573000000000000000e+03 1.655429907184550872e-14 3.970676722408960031e-14 8.239105423661610463e-13 0.000000000000000000e+00 6.665771230905666409e-05
1.574000000000000000e+03 1.671062173268979071e-14 3.998439056564341820e-14 8.348671404310644370e-13 0.000000000000000000e+00 5.332099274261656465e-05
1.575000000000000000e+03 1.676172278883673312e-14 4.001487384935314928e-14 8.377615660230557815e-13 0.000000000000000000e+00 7.047436059604395388e-05
1.576000000000000000e+03 1.670760224028633911e-14 3.979821707521878721e-14 8.325938191421348777e-13 0.000000000000000000e+00 4.416967769197419676e-05
1.577000000000000000e+03 1.665348169173594509e-14 3.958156030108443145e-14 8.274260722612140749e-13 0.000000000000000000e+00 5.248997870944597079e-05
1.578000000000000000e+03 1.659936114318555108e-14 3.936490352695006939e-14 8.222583253802932721e-13 0.000000000000000000e+00 5.392381604341173694e-05
1.579000000000000000e+03 1.654524059463515707e-14 3.914824675281571363e-14 8.170905784993723683e-13 0.000000000000000000e+00 6.701077097975139231e-05
1.580000000000000000e+03 1.649112004608475990e-14 3.893158997868135156e-14 8.119228316184515655e-13 0.000000000000000000e+00 6.245457254084570218e-05
1.581000000000000000e+03 1.643699949753436589e-14 3.871493320454699581e-14 8.067550847375306617e-13 0.000000000000000000e+00 6.936984279384124602e-05
1.582000000000000000e+03 1.638287894898397188e-14 3.849827643041263374e-14 8.015873378566098589e-13 0.000000000000000000e+00 4.601909232588225130e-05
1.583000000000000000e+03 1.632875840043357787e-14 3.828161965627827799e-14 7.964195909756890561e-13 0.000000000000000000e+00 4.557064788857441331e-05
1.584000000000000000e+03 1.627463785188318385e-14 3.806496288214391592e-14 7.912518440947681524e-13 0.000000000000000000e+00 9.026783041865392042e-05
1.585000000000000000e+03 1.626756362208212554e-14 3.791293766523624170e-14 7.898074475992258931e-13 0.000000000000000000e+00 6.040862474334753772e-05
1.586000000000000000e+03 1.630753571103040292e-14 3.782554400555525531e-14 7.920864014890620765e-13 0.000000000000000000e+00 3.848514172615063989e-05
1.587000000000000000e+03 1.634750779997868346e-14 3.773815034587426893e-14 7.943653553788982598e-13 0.000000000000000000e+00 4.165261126837426295e-05
1.588000000000000000e+03 1.638747988892696085e-14 3.765075668619327624e-14 7.966443092687344431e-13 0.000000000000000000e+00 7.612988220865450661e-05
1.589000000000000000e+03 1.642745197787523823e-14 3.756336302651228985e-14 7.989232631585706265e-13 0.000000000000000000e+00 4.632040378034599530e-05
1.590000000000000000e+03 1.646742406682351877e-14 3.747596936683130347e-14 8.012022170484068098e-13 0.000000000000000000e+00 5.696168692635457631e-05
1.591000000000000000e+03 1.650739615577179615e-14 3.738857570715031709e-14 8.034811709382429932e-13 0.000000000000000000e+00 6.195443118106810107e-05
1.592000000000000000e+03 1.654736824472007354e-14 3.730118204746932439e-14 8.057601248280791765e-13 0.000000000000000000e+00 8.121371461049654676e-05
1.593000000000000000e+03 1.658734033366835407e-14 3.721378838778833801e-14 8.080390787179153599e-13 0.000000000000000000e+00 5.089792980519731102e-05
1.594000000000000000e+03 1.662731242261663146e-14 3.712639472810735162e-14 8.103180326077515432e-13 0.000000000000000000e+00 4.998750604191453615e-05
1.595000000000000000e+03 1.664370646784378348e-14 3.698447321082442103e-14 8.105929943279679101e-13 0.000000000000000000e+00 6.429121801633885347e-05
1.596000000000000000e+03 1.663652246934980698e-14 3.678802383593954623e-14 8.088639638785642587e-13 0.000000000000000000e+00 2.794834920620725257e-05
1.597000000000000000e+03 1.662933847085583364e-14 3.659157446105467142e-14 8.071349334291607082e-13 0.000000000000000000e+00 6.390404572435884583e-05
1.598000000000000000e+03 1.662215447236185715e-14 3.639512508616980293e-14 8.054059029797571577e-13 0.000000000000000000e+00 7.820075778765311957e-05
1.599000000000000000e+03 1.661497047386788065e-14 3.619867571128492812e-14 8.036768725303535062e-13 0.000000000000000000e+00 4.207570877960981878e-05
1.600000000000000000e+03 1.660778647537390732e-14 3.600222633640005332e-14 8.019478420809499557e-13 0.000000000000000000e+00 6.389133336850055843e-05
1.601000000000000000e+03 1.660060247687993082e-14 3.580577696151517852e-14 8.002188116315463043e-13 0.000000000000000000e+00 7.228716014290121272e-05
1.602000000000000000e+03 1.659341847838595433e-14 3.560932758663031002e-14 7.984897811821427538e-13 0.000000000000000000e+00 5.064241494023115554e-05
1.603000000000000000e+03 1.658623447989198099e-14 3.541287821174543522e-14 7.967607507327392033e-13 0.000000000000000000e+00 5.772278314062260319e-05
1.604000000000000000e+03 1.657905048139800449e-14 3.521642883686056041e-14 7.950317202833355519e-13 0.000000000000000000e+00 5.394912027891668357e-05
1.605000000000000000e+03 1.663412422077500834e-14 3.512571040006065405e-14 7.962155738438103024e-13 0.000000000000000000e+00 3.611524619687727934e-05
1.606000000000000000e+03 1.675145569802299568e-14 3.514072290134571612e-14 8.003123114141632530e-13 0.000000000000000000e+00 8.833747417389131858e-05
1.607000000000000000e+03 1.686878717527098303e-14 3.515573540263077188e-14 8.044090489845162036e-13 0.000000000000000000e+00 5.039753569464760238e-05
1.608000000000000000e+03 1.698611865251896722e-14 3.517074790391583395e-14 8.085057865548692552e-13 0.000000000000000000e+00 3.542859760746791987e-05
1.609000000000000000e+03 1.710345012976695456e-14 3.518576040520088971e-14 8.126025241252222058e-13 0.000000000000000000e+00 4.649831484039411981e-05
1.610000000000000000e+03 1.722078160701493875e-14 3.520077290648595178e-14 8.166992616955751564e-13 0.000000000000000000e+00 8.937544382602809797e-05
1.611000000000000000e+03 1.733811308426292610e-14 3.521578540777100754e-14 8.207959992659281070e-13 0.000000000000000000e+00 5.257459866429537815e-05
1.612000000000000000e+03 1.745544456151091029e-14 3.523079790905606961e-14 8.248927368362811585e-13 0.000000000000000000e+00 6.686471087135585514e-05
1.613000000000000000e+03 1.757277603875889763e-14 3.524581041034112537e-14 8.289894744066341091e-13 0.000000000000000000e+00 4.792101886823862039e-05
1.614000000000000000e+03 1.769010751600688498e-14 3.526082291162618745e-14 8.330862119769870597e-13 0.000000000000000000e+00 7.163463860081595747e-05
1.615000000000000000e+03 1.776867562688379416e-14 3.514375097839162522e-14 8.363375256371972932e-13 0.000000000000000000e+00 4.537592664966322336e-05
1.616000000000000000e+03 1.780848037138962833e-14 3.489459461063744502e-14 8.387434153872646077e-13 0.000000000000000000e+00 6.623986087388584977e-05
1.617000000000000000e+03 1.784828511589546250e-14 3.464543824288326481e-14 8.411493051373319222e-13 0.000000000000000000e+00 2.754535754426882442e-05
1.618000000000000000e+03 1.788808986040129666e-14 3.439628187512909091e-14 8.435551948873992366e-13 0.000000000000000000e+00 5.242128711297706830e-05
1.619000000000000000e+03 1.792789460490713083e-14 3.414712550737491071e-14 8.459610846374665511e-13 0.000000000000000000e+00 5.403618232061380887e-05
1.620000000000000000e+03 1.796769934941296816e-14 3.389796913962073050e-14 8.483669743875339665e-13 0.000000000000000000e+00 8.970967663511671543e-05
1.621000000000000000e+03 1.800750409391880232e-14 3.364881277186655029e-14 8.507728641376012810e-13 0.000000000000000000e+00 4.821710628333089382e-05
1.622000000000000000e+03 1.804730883842463649e-14 3.339965640411237640e-14 8.531787538876685955e-13 0.000000000000000000e+00 5.161905249806686944e-05
1.623000000000000000e+03 1.808711358293047066e-14 3.315050003635819619e-14 8.555846436377359099e-13 0.000000000000000000e+00 5.732552026406090176e-05
1.624000000000000000e+03 1.812691832743630483e-14 3.290134366860401599e-14 8.579905333878032244e-13 0.000000000000000000e+00 5.660922880066959935e-05
1.625000000000000000e+03 1.811646003626739037e-14 3.257698618877141536e-14 8.559886197635618944e-13 0.000000000000000000e+00 4.797081646531900170e-05
1.626000000000000000e+03 1.805573870942373045e-14 3.217742759686040062e-14 8.495789027650118191e-13 0.000000000000000000e+00 6.385114243016357907e-05
1.627000000000000000e+03 1.799501738258006737e-14 3.177786900494938588e-14 8.431691857664617438e-13 0.000000000000000000e+00 3.608895776940445992e-05
1.628000000000000000e+03 1.793429605573640429e-14 3.137831041303837114e-14 8.367594687679117694e-13 0.000000000000000000e+00 6.166758747354167370e-05
1.629000000000000000e+03 1.787357472889274437e-14 3.097875182112735640e-14 8.303497517693616941e-13 0.000000000000000000e+00 6.190393755870530698e-05
1.630000000000000000e+03 1.781285340204908129e-14 3.057919322921633535e-14 8.239400347708116187e-13 0.000000000000000000e+00 6.451995068939807829e-05
1.631000000000000000e+03 1.775213207520542137e-14 3.017963463730532061e-14 8.175303177722615434e-13 0.000000000000000000e+00 4.328419334001698440e-05
1.632000000000000000e+03 1.769141074836175829e-14 2.978007604539430587e-14 8.111206007737115691e-13 0.000000000000000000e+00 7.550183611087779307e-05
1.633000000000000000e+03 1.763068942151809521e-14 2.938051745348329113e-14 8.047108837751614937e-13 0.000000000000000000e+00 3.056537379994083250e-05
1.634000000000000000e+03 1.756996809467443529e-14 2.898095886157227639e-14 7.983011667766114184e-13 0.000000000000000000e+00 7.057629349879531865e-05
1.635000000000000000e+03 1.761152514623412804e-14 2.870727559308016552e-14 7.979872729066798709e-13 0.000000000000000000e+00 5.591685779895857143e-05
1.636000000000000000e+03 1.775536057619717033e-14 2.855946764800696485e-14 8.037692021653669521e-13 0.000000000000000000e+00 4.671008044244221580e-05
1.637000000000000000e+03 1.789919600616021892e-14 2.841165970293377048e-14 8.095511314240540333e-13 0.000000000000000000e+00 4.849698960023498683e-05
1.638000000000000000e+03 1.804303143612326120e-14 2.826385175786056980e-14 8.153330606827410136e-13 0.000000000000000000e+00 5.550227690864337253e-05
1.639000000000000000e+03 1.818686686608630979e-14 2.811604381278737228e-14 8.211149899414280948e-13 0.000000000000000000e+00 3.875068339820804565e-05
1.640000000000000000e+03 1.833070229604935207e-14 2.796823586771417161e-14 8.268969192001151761e-13 0.000000000000000000e+00 7.041782154242801322e-05
1.641000000000000000e+03 1.847453772601240067e-14 2.782042792264097409e-14 8.326788484588022573e-13 0.000000000000000000e+00 7.240490799862239627e-05
1.642000000000000000e+03 1.861837315597544295e-14 2.767261997756777341e-14 8.384607777174892376e-13 0.000000000000000000e+00 6.727487111711612439e-05
1.643000000000000000e+03 1.876220858593849154e-14 2.752481203249457589e-14 8.442427069761763188e-13 0.000000000000000000e+00 5.176156697807871173e-05
1.644000000000000000e+03 1.890604401590153382e-14 2.737700408742137837e-14 8.500246362348634001e-13 0.000000000000000000e+00 2.895877402766106724e-05
1.645000000000000000e+03 1.897777202531476611e-14 2.712813156268407933e-14 8.514148304491918947e-13 0.000000000000000000e+00 5.535376230304678025e-05
1.646000000000000000e+03 1.897739261417818210e-14 2.677819445828268508e-14 8.484132896191618027e-13 0.000000000000000000e+00 5.900501509481008108e-05
1.647000000000000000e+03 1.897701320304160124e-14 2.642825735388128767e-14 8.454117487891317107e-13 0.000000000000000000e+00 2.909938697123249686e-05
1.648000000000000000e+03 1.897663379190501722e-14 2.607832024947989026e-14 8.424102079591017197e-13 0.000000000000000000e+00 8.634172140240941326e-05
1.649000000000000000e+03 1.897625438076843321e-14 2.572838314507849601e-14 8.394086671290716277e-13 0.000000000000000000e+00 3.741117469431567234e-05
1.650000000000000000e+03 1.897587496963184920e-14 2.537844604067709860e-14 8.364071262990415357e-13 0.000000000000000000e+00 5.515617358842251109e-05
1.651000000000000000e+03 1.897549555849526518e-14 2.502850893627570435e-14 8.334055854690114437e-13 0.000000000000000000e+00 7.828832521313076453e-05
1.652000000000000000e+03 1.897511614735868117e-14 2.467857183187430694e-14 8.304040446389814527e-13 0.000000000000000000e+00 5.339269423462055544e-05
1.653000000000000000e+03 1.897473673622210031e-14 2.432863472747291269e-14 8.274025038089513607e-13 0.000000000000000000e+00 3.766934908009933458e-05
1.654000000000000000e+03 1.897435732508551630e-14 2.397869762307151528e-14 8.244009629789212687e-13 0.000000000000000000e+00 4.893769877913210813e-05
1.655000000000000000e+03 1.900979924145147006e-14 2.364921660474678862e-14 8.230837789444839783e-13 0.000000000000000000e+00 6.544484063522675824e-05
1.656000000000000000e+03 1.908106248531995846e-14 2.334019167249872956e-14 8.234509517056394894e-13 0.000000000000000000e+00 5.129315745350756009e-05
1.657000000000000000e+03 1.915232572918844685e-14 2.303116674025067049e-14 8.238181244667948996e-13 0.000000000000000000e+00 6.107752641147781497e-05
1.658000000000000000e+03 1.922358897305693840e-14 2.272214180800261142e-14 8.241852972279504107e-13 0.000000000000000000e+00 3.391039496120663583e-05
1.659000000000000000e+03 1.929485221692542679e-14 2.241311687575455236e-14 8.245524699891058209e-13 0.000000000000000000e+00 4.960835023566362160e-05
1.660000000000000000e+03 1.936611546079391518e-14 2.210409194350649645e-14 8.249196427502613320e-13 0.000000000000000000e+00 7.030096705028631289e-05
1.661000000000000000e+03 1.943737870466240358e-14 2.179506701125843738e-14 8.252868155114167421e-13 0.000000000000000000e+00 5.196269828071003663e-05
1.662000000000000000e+03 1.950864194853089513e-14 2.148604207901037831e-14 8.256539882725722533e-13 0.000000000000000000e+00 7.103856160379421034e-05
1.663000000000000000e+03 1.957990519239938352e-14 2.117701714676231925e-14 8.260211610337276634e-13 0.000000000000000000e+00 2.397572297684028735e-05
1.664000000000000000e+03 1.965116843626787191e-14 2.086799221451426018e-14 8.263883337948831746e-13 0.000000000000000000e+00 8.229198976202139429e-05
1.665000000000000000e+03 1.973390368001424917e-14 2.056940253143501653e-14 8.273535047819689911e-13 0.000000000000000000e+00 4.481119873594121861e-05
1.666000000000000000e+03 1.982811092363850900e-14 2.028124809752458831e-14 8.289166739949852141e-13 0.000000000000000000e+00 4.069867083084921229e-05
1.667000000000000000e+03 1.992231816726277197e-14 1.999309366361416008e-14 8.304798432080015380e-13 0.000000000000000000e+00 4.837726372611858127e-05
1.668000000000000000e+03 2.001652541088703179e-14 1.970493922970373186e-14 8.320430124210177609e-13 0.000000000000000000e+00 4.151467910014778180e-05
1.669000000000000000e+03 2.011073265451129477e-14 1.941678479579330363e-14 8.336061816340339839e-13 0.000000000000000000e+00 5.864037745282783760e-05
1.670000000000000000e+03 2.020493989813555459e-14 1.912863036188287225e-14 8.351693508470503078e-13 0.000000000000000000e+00 7.847269889290477498e-05
1.671000000000000000e+03 2.029914714175981757e-14 1.884047592797244403e-14 8.367325200600665307e-13 0.000000000000000000e+00 4.699078502876649562e-05
1.672000000000000000e+03 2.039335438538407739e-14 1.855232149406201580e-14 8.382956892730827537e-13 0.000000000000000000e+00 3.982163086187727463e-05
1.673000000000000000e+03 2.048756162900834037e-14 1.826416706015158758e-14 8.398588584860990776e-13 0.000000000000000000e+00 6.467403195968524868e-05
1.674000000000000000e+03 2.058176887263260019e-14 1.797601262624115935e-14 8.414220276991153006e-13 0.000000000000000000e+00 5.167486505564938002e-05
1.675000000000000000e+03 2.060632129447310767e-14 1.763757504703105320e-14 8.385415751459287963e-13 0.000000000000000000e+00 3.978640691784258976e-05
1.676000000000000000e+03 2.056121889452985651e-14 1.724885432252126911e-14 8.312175008265396658e-13 0.000000000000000000e+00 6.119413707962186142e-05
1.677000000000000000e+03 2.051611649458660850e-14 1.686013359801148503e-14 8.238934265071504343e-13 0.000000000000000000e+00 5.590132705419078961e-05
1.678000000000000000e+03 2.047101409464335733e-14 1.647141287350170410e-14 8.165693521877613038e-13 0.000000000000000000e+00 4.571468497770301323e-05
1.679000000000000000e+03 2.042591169470010616e-14 1.608269214899192001e-14 8.092452778683720724e-13 0.000000000000000000e+00 5.514412302175423440e-05
1.680000000000000000e+03 2.038080929475685815e-14 1.569397142448213593e-14 8.019212035489829419e-13 0.000000000000000000e+00 4.390314062608167815e-05
1.681000000000000000e+03 2.033570689481360699e-14 1.530525069997235184e-14 7.945971292295937104e-13 0.000000000000000000e+00 5.810501150600347304e-05
1.682000000000000000e+03 2.029060449487035582e-14 1.491652997546257091e-14 7.872730549102045799e-13 0.000000000000000000e+00 6.350925077297084797e-05
1.683000000000000000e+03 2.024550209492710781e-14 1.452780925095278682e-14 7.799489805908153485e-13 0.000000000000000000e+00 5.648037234587449846e-05
1.684000000000000000e+03 2.020039969498385665e-14 1.413908852644300274e-14 7.726249062714262180e-13 0.000000000000000000e+00 5.717132845794389319e-05
1.685000000000000000e+03 2.026461553179519256e-14 1.385099008109480864e-14 7.710910218132473961e-13 0.000000000000000000e+00 2.703811546938811775e-05
1.686000000000000000e+03 2.043814960536111555e-14 1.366351391490820294e-14 7.753473272162790848e-13 0.000000000000000000e+00 5.902209243878669894e-05
1.687000000000000000e+03 2.061168367892703539e-14 1.347603774872159566e-14 7.796036326193106725e-13 0.000000000000000000e+00 4.697577709526050551e-05
1.688000000000000000e+03 2.078521775249295838e-14 1.328856158253498996e-14 7.838599380223423611e-13 0.000000000000000000e+00 3.987833692835909366e-05
1.689000000000000000e+03 2.095875182605888138e-14 1.310108541634838268e-14 7.881162434253739488e-13 0.000000000000000000e+00 4.616536255479295294e-05
1.690000000000000000e+03 2.113228589962480122e-14 1.291360925016177698e-14 7.923725488284056375e-13 0.000000000000000000e+00 7.200476046036778318e-05
1.691000000000000000e+03 2.130581997319072421e-14 1.272613308397516971e-14 7.966288542314372252e-13 0.000000000000000000e+00 5.796232932247802485e-05
1.692000000000000000e+03 2.147935404675664720e-14 1.253865691778856401e-14 8.008851596344689139e-13 0.000000000000000000e+00 6.551262610352082756e-05
1.693000000000000000e+03 2.165288812032256704e-14 1.235118075160195673e-14 8.051414650375005016e-13 0.000000000000000000e+00 4.269660470766663003e-05
1.694000000000000000e+03 2.182642219388849003e-14 1.216370458541535103e-14 8.093977704405321902e-13 0.000000000000000000e+00 3.788611938756067886e-05
1.695000000000000000e+03 2.193764603717373555e-14 1.194790616419713171e-14 8.099816416911560257e-13 0.000000000000000000e+00 6.598179407908447386e-05
1.696000000000000000e+03 2.198655965017830674e-14 1.170378548794730192e-14 8.068930787893721090e-13 0.000000000000000000e+00 4.271063342353489245e-05
1.697000000000000000e+03 2.203547326318287794e-14 1.145966481169747213e-14 8.038045158875881922e-13 0.000000000000000000e+00 3.709391624487166629e-05
1.698000000000000000e+03 2.208438687618744913e-14 1.121554413544764233e-14 8.007159529858043764e-13 0.000000000000000000e+00 6.262384193135895369e-05
1.699000000000000000e+03 2.213330048919202032e-14 1.097142345919781254e-14 7.976273900840204597e-13 0.000000000000000000e+00 3.827777833784180270e-05
1.700000000000000000e+03 2.218221410219659467e-14 1.072730278294798275e-14 7.945388271822365429e-13 0.000000000000000000e+00 6.620718421967525203e-05
1.701000000000000000e+03 2.223112771520116586e-14 1.048318210669815296e-14 7.914502642804526262e-13 0.000000000000000000e+00 5.647378676644135000e-05
1.702000000000000000e+03 2.228004132820573706e-14 1.023906143044832317e-14 7.883617013786688104e-13 0.000000000000000000e+00 4.503634432641914358e-05
1.703000000000000000e+03 2.232895494121030825e-14 9.994940754198493381e-15 7.852731384768848937e-13 0.000000000000000000e+00 4.904680463213476304e-05
1.704000000000000000e+03 2.237786855421487944e-14 9.750820077948662013e-15 7.821845755751009769e-13 0.000000000000000000e+00 5.849699988356032467e-05
1.705000000000000000e+03 2.244729894804812177e-14 9.567476670272999931e-15 7.796419565204772726e-13 0.000000000000000000e+00 4.866559229569225131e-05
1.706000000000000000e+03 2.253724612271003525e-14 9.444910531171502402e-15 7.776452813130138816e-13 0.000000000000000000e+00 4.258389321678101159e-05
1.707000000000000000e+03 2.262719329737195187e-14 9.322344392070006450e-15 7.756486061055504907e-13 0.000000000000000000e+00 4.268238796612950075e-05
1.708000000000000000e+03 2.271714047203386535e-14 9.199778252968508921e-15 7.736519308980870997e-13 0.000000000000000000e+00 6.272813100097192438e-05
1.709000000000000000e+03 2.280708764669577882e-14 9.077212113867012970e-15 7.716552556906237088e-13 0.000000000000000000e+00 3.535951138245845829e-05
1.710000000000000000e+03 2.289703482135769545e-14 8.954645974765515441e-15 7.696585804831602169e-13 0.000000000000000000e+00 6.359370974367982877e-05
1.711000000000000000e+03 2.298698199601960892e-14 8.832079835664019490e-15 7.676619052756968259e-13 0.000000000000000000e+00 5.439187927888386247e-05
1.712000000000000000e+03 2.307692917068152239e-14 8.709513696562521961e-15 7.656652300682334350e-13 0.000000000000000000e+00 5.683544619490850906e-05
1.713000000000000000e+03 2.316687634534343902e-14 8.586947557461026010e-15 7.636685548607700440e-13 0.000000000000000000e+00 4.895600165217853998e-05
1.714000000000000000e+03 2.325682352000535249e-14 8.464381418359528481e-15 7.616718796533066531e-13 0.000000000000000000e+00 5.228892226776974761e-05
1.715000000000000000e+03 2.336031585614732095e-14 8.382404879403066390e-15 7.602632872744504179e-13 0.000000000000000000e+00 4.814381125818250143e-05
1.716000000000000000e+03 2.347735335376934756e-14 8.341017940591636582e-15 7.594427777242013386e-13 0.000000000000000000e+00 3.331818254131463955e-05
1.717000000000000000e+03 2.359439085139137101e-14 8.299631001780206773e-15 7.586222681739522592e-13 0.000000000000000000e+00 5.532104880922594916e-05
1.718000000000000000e+03 2.371142834901339762e-14 8.258244062968776964e-15 7.578017586237031799e-13 0.000000000000000000e+00 6.406730226396079042e-05
1.719000000000000000e+03 2.382846584663542107e-14 8.216857124157347156e-15 7.569812490734541005e-13 0.000000000000000000e+00 2.350906853231571854e-05
1.720000000000000000e+03 2.394550334425744768e-14 8.175470185345918925e-15 7.561607395232051221e-13 0.000000000000000000e+00 7.863487474340504976e-05
1.721000000000000000e+03 2.406254084187947113e-14 8.134083246534489116e-15 7.553402299729560428e-13 0.000000000000000000e+00 3.194355637234983219e-05
1.722000000000000000e+03 2.417957833950149774e-14 8.092696307723059308e-15 7.545197204227069634e-13 0.000000000000000000e+00 6.642691950655109096e-05
1.723000000000000000e+03 2.429661583712352119e-14 8.051309368911629499e-15 7.536992108724578841e-13 0.000000000000000000e+00 3.663374489176682563e-05
1.724000000000000000e+03 2.441365333474554780e-14 8.009922430100199690e-15 7.528787013222088047e-13 0.000000000000000000e+00 5.425967957406441743e-05
1.725000000000000000e+03 2.449484392580833270e-14 8.010312203436304326e-15 7.503044564815158490e-13 0.000000000000000000e+00 4.611692655648786971e-05
1.726000000000000000e+03 2.454018761031187905e-14 8.052478688919940249e-15 7.459764763503789161e-13 0.000000000000000000e+00 4.612778547410946835e-05
1.727000000000000000e+03 2.458553129481542856e-14 8.094645174403577750e-15 7.416484962192418823e-13 0.000000000000000000e+00 6.162451604352420155e-05
1.728000000000000000e+03 2.463087497931897492e-14 8.136811659887213673e-15 7.373205160881049493e-13 0.000000000000000000e+00 4.369528009089904954e-05
1.729000000000000000e+03 2.467621866382252127e-14 8.178978145370851174e-15 7.329925359569680164e-13 0.000000000000000000e+00 3.372206168648605160e-05
1.730000000000000000e+03 2.472156234832606763e-14 8.221144630854487097e-15 7.286645558258309826e-13 0.000000000000000000e+00 5.768186499210325248e-05
1.731000000000000000e+03 2.476690603282961398e-14 8.263311116338124598e-15 7.243365756946940496e-13 0.000000000000000000e+00 5.794006688528038603e-05
1.732000000000000000e+03 2.481224971733316033e-14 8.305477601821760521e-15 7.200085955635571167e-13 0.000000000000000000e+00 5.063678854293953698e-05
1.733000000000000000e+03 2.485759340183670984e-14 8.347644087305398022e-15 7.156806154324200829e-13 0.000000000000000000e+00 5.042997530823871991e-05
1.734000000000000000e+03 2.490293708634025620e-14 8.389810572789033945e-15 7.113526353012831499e-13 0.000000000000000000e+00 5.507093584622589150e-05
1.735000000000000000e+03 2.506333877589133567e-14 8.541618492377992424e-15 7.115837692992687656e-13 0.000000000000000000e+00 3.598666417334868797e-05
1.736000000000000000e+03 2.533879847048994509e-14 8.803067846072273459e-15 7.163740174263770307e-13 0.000000000000000000e+00 5.398129816501253374e-05
1.737000000000000000e+03 2.561425816508855767e-14 9.064517199766552917e-15 7.211642655534852958e-13 0.000000000000000000e+00 4.307389598162562948e-05
1.738000000000000000e+03 2.588971785968716710e-14 9.325966553460833952e-15 7.259545136805935609e-13 0.000000000000000000e+00 3.563357022861951361e-05
1.739000000000000000e+03 2.616517755428577653e-14 9.587415907155114986e-15 7.307447618077018260e-13 0.000000000000000000e+00 3.828418140382513601e-05
1.740000000000000000e+03 2.644063724888438911e-14 9.848865260849394444e-15 7.355350099348100911e-13 0.000000000000000000e+00 9.079590542296384515e-05
1.741000000000000000e+03 2.671609694348299854e-14 1.011031461454367548e-14 7.403252580619183562e-13 0.000000000000000000e+00 3.529247635961387777e-05
1.742000000000000000e+03 2.699155663808160796e-14 1.037176396823795651e-14 7.451155061890266214e-13 0.000000000000000000e+00 5.328995627812330822e-05
1.743000000000000000e+03 2.726701633268022054e-14 1.063321332193223597e-14 7.499057543161348865e-13 0.000000000000000000e+00 4.564130694786751281e-05
1.744000000000000000e+03 2.754247602727882997e-14 1.089466267562651701e-14 7.546960024432431516e-13 0.000000000000000000e+00 4.556001255199385204e-05
1.745000000000000000e+03 2.767723080628809719e-14 1.115424996107934016e-14 7.540137791299319469e-13 0.000000000000000000e+00 4.692893224251253075e-05
1.746000000000000000e+03 2.767128066970801905e-14 1.141197517829070703e-14 7.478590843762013734e-13 0.000000000000000000e+00 5.568699981294558476e-05
1.747000000000000000e+03 2.766533053312794091e-14 1.166970039550207389e-14 7.417043896224708000e-13 0.000000000000000000e+00 3.676467358923169013e-05
1.748000000000000000e+03 2.765938039654786277e-14 1.192742561271344075e-14 7.355496948687402265e-13 0.000000000000000000e+00 4.382807480612829331e-05
1.749000000000000000e+03 2.765343025996778463e-14 1.218515082992480761e-14 7.293950001150096530e-13 0.000000000000000000e+00 5.579526707958737901e-05
1.750000000000000000e+03 2.764748012338770649e-14 1.244287604713617289e-14 7.232403053612789786e-13 0.000000000000000000e+00 5.659496035523981080e-05
1.751000000000000000e+03 2.764152998680762834e-14 1.270060126434753975e-14 7.170856106075484051e-13 0.000000000000000000e+00 4.810383958432322410e-05
1.752000000000000000e+03 2.763557985022755020e-14 1.295832648155890661e-14 7.109309158538178316e-13 0.000000000000000000e+00 3.462593056455709386e-05
1.753000000000000000e+03 2.762962971364747206e-14 1.321605169877027347e-14 7.047762211000872582e-13 0.000000000000000000e+00 5.549868000405519026e-05
1.754000000000000000e+03 2.762367957706739392e-14 1.347377691598164033e-14 6.986215263463566847e-13 0.000000000000000000e+00 5.925696363723864521e-05
1.755000000000000000e+03 2.766024575195801325e-14 1.380870580873461610e-14 6.952938476325426054e-13 0.000000000000000000e+00 3.836986306033370839e-05
1.756000000000000000e+03 2.773932823831933320e-14 1.422083837702920234e-14 6.947931849586449194e-13 0.000000000000000000e+00 5.574204037162551278e-05
1.757000000000000000e+03 2.781841072468064999e-14 1.463297094532378701e-14 6.942925222847473343e-13 0.000000000000000000e+00 2.794693834398225064e-05
1.758000000000000000e+03 2.789749321104196679e-14 1.504510351361837168e-14 6.937918596108496483e-13 0.000000000000000000e+00 5.198729711943299531e-05
1.759000000000000000e+03 2.797657569740328674e-14 1.545723608191295950e-14 6.932911969369520632e-13 0.000000000000000000e+00 4.803765656225583762e-05
1.760000000000000000e+03 2.805565818376460353e-14 1.586936865020754417e-14 6.927905342630543771e-13 0.000000000000000000e+00 4.198599185726319051e-05
1.761000000000000000e+03 2.813474067012592348e-14 1.628150121850212884e-14 6.922898715891567921e-13 0.000000000000000000e+00 6.571315140183919855e-05
1.762000000000000000e+03 2.821382315648724028e-14 1.669363378679671350e-14 6.917892089152591060e-13 0.000000000000000000e+00 5.945030912469110381e-05
1.763000000000000000e+03 2.829290564284855707e-14 1.710576635509130133e-14 6.912885462413615209e-13 0.000000000000000000e+00 3.728398959168275007e-05
1.764000000000000000e+03 2.837198812920987702e-14 1.751789892338588600e-14 6.907878835674638349e-13 0.000000000000000000e+00 4.109477774623756683e-05
1.765000000000000000e+03 2.847109298102437650e-14 1.796362310200979122e-14 6.906263274792052499e-13 0.000000000000000000e+00 4.434670486760473927e-05
1.766000000000000000e+03 2.859022019829206499e-14 1.844293889096301701e-14 6.908038779765855642e-13 0.000000000000000000e+00 4.702866961651100050e-05
1.767000000000000000e+03 2.870934741555974716e-14 1.892225467991624280e-14 6.909814284739658784e-13 0.000000000000000000e+00 3.814705161279877116e-05
1.768000000000000000e+03 2.882847463282743564e-14 1.940157046886946859e-14 6.911589789713462936e-13 0.000000000000000000e+00 6.106235741494610183e-05
1.769000000000000000e+03 2.894760185009511781e-14 1.988088625782269438e-14 6.913365294687266078e-13 0.000000000000000000e+00 3.345065471566395347e-05
1.770000000000000000e+03 2.906672906736280630e-14 2.036020204677592017e-14 6.915140799661070230e-13 0.000000000000000000e+00 5.318080204987503086e-05
1.771000000000000000e+03 2.918585628463048847e-14 2.083951783572914281e-14 6.916916304634873373e-13 0.000000000000000000e+00 6.251960489033430270e-05
1.772000000000000000e+03 2.930498350189817695e-14 2.131883362468236860e-14 6.918691809608677525e-13 0.000000000000000000e+00 4.723605140788645848e-05
1.773000000000000000e+03 2.942411071916585913e-14 2.179814941363559439e-14 6.920467314582480667e-13 0.000000000000000000e+00 4.354252719880648552e-05
1.774000000000000000e+03 2.954323793643354761e-14 2.227746520258882018e-14 6.922242819556283809e-13 0.000000000000000000e+00 2.982807960731137371e-05
1.775000000000000000e+03 2.968069031349445487e-14 2.281095162024924704e-14 6.932966099141161213e-13 0.000000000000000000e+00 5.162616060507406348e-05
1.776000000000000000e+03 2.983646785034859984e-14 2.339860866661687183e-14 6.952637153337111870e-13 0.000000000000000000e+00 5.776467492425501146e-05
1.777000000000000000e+03 2.999224538720273219e-14 2.398626571298449662e-14 6.972308207533061516e-13 0.000000000000000000e+00 4.404063378546877329e-05
1.778000000000000000e+03 3.014802292405687716e-14 2.457392275935212141e-14 6.991979261729012172e-13 0.000000000000000000e+00 3.667828950777141762e-05
1.779000000000000000e+03 3.030380046091100951e-14 2.516157980571974620e-14 7.011650315924962829e-13 0.000000000000000000e+00 4.008126727968164792e-05
1.780000000000000000e+03 3.045957799776515449e-14 2.574923685208737099e-14 7.031321370120913485e-13 0.000000000000000000e+00 5.392448842792557385e-05
1.781000000000000000e+03 3.061535553461928684e-14 2.633689389845499893e-14 7.050992424316864141e-13 0.000000000000000000e+00 5.850506653114413599e-05
1.782000000000000000e+03 3.077113307147343181e-14 2.692455094482262372e-14 7.070663478512814798e-13 0.000000000000000000e+00 4.996387896422519793e-05
1.783000000000000000e+03 3.092691060832756416e-14 2.751220799119024851e-14 7.090334532708764444e-13 0.000000000000000000e+00 3.582166321807180530e-05
1.784000000000000000e+03 3.108268814518170913e-14 2.809986503755787330e-14 7.110005586904715101e-13 0.000000000000000000e+00 5.375112736963640455e-05
1.785000000000000000e+03 3.119705158872532509e-14 2.867723738582877906e-14 7.115937320016696181e-13 0.000000000000000000e+00 5.561968037382030935e-05
1.786000000000000000e+03 3.127000093895841835e-14 2.924432503600296265e-14 7.108129732044706677e-13 0.000000000000000000e+00 3.350322895681248766e-05
1.787000000000000000e+03 3.134295028919151162e-14 2.981141268617713992e-14 7.100322144072718182e-13 0.000000000000000000e+00 3.895657411601250006e-05
1.788000000000000000e+03 3.141589963942461119e-14 3.037850033635132350e-14 7.092514556100729687e-13 0.000000000000000000e+00 3.254820205721924397e-05
1.789000000000000000e+03 3.148884898965770445e-14 3.094558798652550709e-14 7.084706968128740182e-13 0.000000000000000000e+00 5.780833660962604316e-05
1.790000000000000000e+03 3.156179833989079771e-14 3.151267563669969067e-14 7.076899380156751687e-13 0.000000000000000000e+00 6.619077509528447929e-05
1.791000000000000000e+03 3.163474769012389097e-14 3.207976328687386795e-14 7.069091792184762182e-13 0.000000000000000000e+00 4.166550973894226723e-05
1.792000000000000000e+03 3.170769704035699055e-14 3.264685093704805153e-14 7.061284204212773687e-13 0.000000000000000000e+00 4.245172507477877963e-05
1.793000000000000000e+03 3.178064639059008381e-14 3.321393858722223511e-14 7.053476616240785192e-13 0.000000000000000000e+00 4.166394179931302681e-05
1.794000000000000000e+03 3.185359574082317707e-14 3.378102623739641870e-14 7.045669028268795687e-13 0.000000000000000000e+00 5.222893307594821404e-05
1.795000000000000000e+03 3.193870837629838356e-14 3.434469254742770553e-14 7.044653725713920489e-13 0.000000000000000000e+00 3.801033109414939505e-05
1.796000000000000000e+03 3.203598429701569066e-14 3.490493751731610824e-14 7.050430708576157578e-13 0.000000000000000000e+00 4.839487424385308968e-05
1.797000000000000000e+03 3.213326021773300407e-14 3.546518248720450464e-14 7.056207691438395676e-13 0.000000000000000000e+00 4.253504621835909444e-05
1.798000000000000000e+03 3.223053613845031748e-14 3.602542745709290104e-14 7.061984674300632765e-13 0.000000000000000000e+00 4.949190961997511774e-05
1.799000000000000000e+03 3.232781205916762458e-14 3.658567242698130374e-14 7.067761657162870863e-13 0.000000000000000000e+00 3.527236669402132927e-05
1.800000000000000000e+03 3.242508797988493799e-14 3.714591739686970014e-14 7.073538640025107951e-13 0.000000000000000000e+00 5.431207769695126038e-05
1.801000000000000000e+03 3.252236390060224509e-14 3.770616236675810285e-14 7.079315622887346050e-13 0.000000000000000000e+00 3.805388657896297081e-05
1.802000000000000000e+03 3.261963982131955850e-14 3.826640733664649925e-14 7.085092605749583138e-13 0.000000000000000000e+00 5.046573838670587620e-05
1.803000000000000000e+03 3.271691574203687191e-14 3.882665230653489564e-14 7.090869588611821237e-13 0.000000000000000000e+00 5.842607931783393675e-05
1.804000000000000000e+03 3.281419166275417901e-14 3.938689727642329835e-14 7.096646571474058325e-13 0.000000000000000000e+00 4.278580269897220981e-05
1.805000000000000000e+03 3.286892947383308926e-14 3.988410675853689194e-14 7.104606048887853746e-13 0.000000000000000000e+00 3.784063713295151052e-05
1.806000000000000000e+03 3.288112917527359003e-14 4.031828075287568902e-14 7.114748020853205479e-13 0.000000000000000000e+00 4.505430135306430088e-05
1.807000000000000000e+03 3.289332887671409712e-14 4.075245474721448611e-14 7.124889992818557212e-13 0.000000000000000000e+00 4.073684694015811965e-05
1.808000000000000000e+03 3.290552857815460420e-14 4.118662874155327688e-14 7.135031964783908945e-13 0.000000000000000000e+00 3.222208999313195567e-05
1.809000000000000000e+03 3.291772827959510497e-14 4.162080273589207397e-14 7.145173936749260679e-13 0.000000000000000000e+00 5.033232585052958152e-05
1.810000000000000000e+03 3.292992798103561206e-14 4.205497673023087105e-14 7.155315908714613422e-13 0.000000000000000000e+00 5.301298264752520522e-05
1.811000000000000000e+03 3.294212768247611283e-14 4.248915072456966814e-14 7.165457880679965155e-13 0.000000000000000000e+00 4.430292759633779797e-05
1.812000000000000000e+03 3.295432738391661991e-14 4.292332471890845892e-14 7.175599852645316888e-13 0.000000000000000000e+00 6.882802121921664969e-05
1.813000000000000000e+03 3.296652708535712700e-14 4.335749871324725600e-14 7.185741824610668621e-13 0.000000000000000000e+00 3.403228504627339132e-05
1.814000000000000000e+03 3.297872678679762777e-14 4.379167270758605309e-14 7.195883796576020354e-13 0.000000000000000000e+00 2.547267213739430836e-05
1.815000000000000000e+03 3.307603353382722705e-14 4.429032549681932665e-14 7.220653522655749091e-13 0.000000000000000000e+00 4.316929415682519279e-05
1.816000000000000000e+03 3.325844732644592483e-14 4.485345708094708931e-14 7.260051002849852810e-13 0.000000000000000000e+00 5.014736823554620792e-05
1.817000000000000000e+03 3.344086111906461629e-14 4.541658866507485197e-14 7.299448483043956530e-13 0.000000000000000000e+00 4.743998591198611580e-05
1.818000000000000000e+03 3.362327491168331407e-14 4.597972024920260833e-14 7.338845963238060250e-13 0.000000000000000000e+00 4.521892614207632548e-05
1.819000000000000000e+03 3.380568870430201185e-14 4.654285183333037099e-14 7.378243443432163969e-13 0.000000000000000000e+00 2.724198390530254723e-05
1.820000000000000000e+03 3.398810249692070331e-14 4.710598341745813365e-14 7.417640923626267689e-13 0.000000000000000000e+00 6.922893897750772164e-05
1.821000000000000000e+03 3.417051628953940109e-14 4.766911500158589631e-14 7.457038403820371408e-13 0.000000000000000000e+00 3.645120506085719757e-05
1.822000000000000000e+03 3.435293008215809887e-14 4.823224658571365266e-14 7.496435884014475128e-13 0.000000000000000000e+00 5.128009966859115335e-05
1.823000000000000000e+03 3.453534387477679034e-14 4.879537816984141533e-14 7.535833364208578848e-13 0.000000000000000000e+00 3.375000953037778269e-05
1.824000000000000000e+03 3.471775766739548811e-14 4.935850975396917799e-14 7.575230844402682567e-13 0.000000000000000000e+00 3.231508171886764629e-05
1.825000000000000000e+03 3.483171939499260879e-14 4.980719466293842623e-14 7.604077507658598940e-13 0.000000000000000000e+00 6.563184305510568839e-05
1.826000000000000000e+03 3.487722905756815868e-14 5.014143289674916004e-14 7.622373353976327966e-13 0.000000000000000000e+00 4.655163557996884515e-05
1.827000000000000000e+03 3.492273872014370856e-14 5.047567113055989386e-14 7.640669200294055982e-13 0.000000000000000000e+00 2.731316946946085175e-05
1.828000000000000000e+03 3.496824838271925845e-14 5.080990936437062768e-14 7.658965046611785007e-13 0.000000000000000000e+00 4.287489282389718068e-05
1.829000000000000000e+03 3.501375804529480833e-14 5.114414759818136149e-14 7.677260892929513023e-13 0.000000000000000000e+00 3.967459142342190067e-05
1.830000000000000000e+03 3.505926770787035190e-14 5.147838583199210162e-14 7.695556739247242049e-13 0.000000000000000000e+00 4.538814730567432461e-05
1.831000000000000000e+03 3.510477737044590179e-14 5.181262406580283543e-14 7.713852585564970064e-13 0.000000000000000000e+00 5.090588294591047170e-05
1.832000000000000000e+03 3.515028703302145167e-14 5.214686229961356925e-14 7.732148431882699090e-13 0.000000000000000000e+00 5.207165170548078300e-05
1.833000000000000000e+03 3.519579669559700156e-14 5.248110053342430307e-14 7.750444278200427106e-13 0.000000000000000000e+00 3.330462575711718928e-05
1.834000000000000000e+03 3.524130635817255144e-14 5.281533876723503688e-14 7.768740124518156132e-13 0.000000000000000000e+00 6.068801184550475999e-05
1.835000000000000000e+03 3.527740416317419576e-14 5.308064895901260746e-14 7.778962657502637532e-13 0.000000000000000000e+00 3.284666053145396581e-05
1.836000000000000000e+03 3.530409011060193451e-14 5.327703110875700850e-14 7.781111877153872316e-13 0.000000000000000000e+00 3.571254516965849412e-05
1.837000000000000000e+03 3.533077605802967326e-14 5.347341325850140953e-14 7.783261096805107100e-13 0.000000000000000000e+00 3.612851212801919518e-05
1.838000000000000000e+03 3.535746200545741201e-14 5.366979540824581057e-14 7.785410316456341884e-13 0.000000000000000000e+00 4.590567095067995889e-05
1.839000000000000000e+03 3.538414795288515076e-14 5.386617755799021160e-14 7.787559536107576668e-13 0.000000000000000000e+00 4.399879641656351086e-05
1.840000000000000000e+03 3.541083390031288320e-14 5.406255970773461895e-14 7.789708755758811452e-13 0.000000000000000000e+00 5.419750526354792278e-05
1.841000000000000000e+03 3.543751984774062195e-14 5.425894185747901999e-14 7.791857975410046236e-13 0.000000000000000000e+00 3.998988321357212900e-05
1.842000000000000000e+03 3.546420579516836070e-14 5.445532400722342102e-14 7.794007195061281021e-13 0.000000000000000000e+00 4.120976186621569534e-05
1.843000000000000000e+03 3.549089174259609944e-14 5.465170615696782206e-14 7.796156414712515805e-13 0.000000000000000000e+00 3.820035839696697753e-05
1.844000000000000000e+03 3.551757769002383819e-14 5.484808830671222309e-14 7.798305634363750589e-13 0.000000000000000000e+00 5.009990285306436733e-05
1.845000000000000000e+03 3.555391178496763066e-14 5.501225849261217655e-14 7.803362034617849045e-13 0.000000000000000000e+00 3.194877751553303578e-05
1.846000000000000000e+03 3.559989402742747686e-14 5.514421671466768873e-14 7.811325615474811174e-13 0.000000000000000000e+00 4.837471797905731240e-05
1.847000000000000000e+03 3.564587626988732936e-14 5.527617493672320092e-14 7.819289196331773303e-13 0.000000000000000000e+00 4.443560377960789149e-05
1.848000000000000000e+03 3.569185851234717555e-14 5.540813315877870679e-14 7.827252777188735432e-13 0.000000000000000000e+00 4.704716475714849493e-05
1.849000000000000000e+03 3.573784075480702174e-14 5.554009138083421898e-14 7.835216358045697561e-13 0.000000000000000000e+00 2.701585510080296536e-05
1.850000000000000000e+03 3.578382299726686793e-14 5.567204960288972485e-14 7.843179938902658680e-13 0.000000000000000000e+00 4.343297624912383157e-05
1.851000000000000000e+03 3.582980523972671412e-14 5.580400782494523703e-14 7.851143519759620808e-13 0.000000000000000000e+00 4.198714771931105663e-05
1.852000000000000000e+03 3.587578748218656031e-14 5.593596604700074291e-14 7.859107100616582937e-13 0.000000000000000000e+00 4.631821987542143786e-05
1.853000000000000000e+03 3.592176972464641282e-14 5.606792426905625509e-14 7.867070681473545066e-13 0.000000000000000000e+00 6.303401824530123195e-05
1.854000000000000000e+03 3.596775196710625901e-14 5.619988249111176728e-14 7.875034262330507195e-13 0.000000000000000000e+00 3.783629563843712005e-05
1.855000000000000000e+03 3.608504898944563657e-14 5.638627230464264113e-14 7.910765709991476418e-13 0.000000000000000000e+00 2.591995064011822346e-05
1.856000000000000000e+03 3.627366079166454550e-14 5.662709370964888929e-14 7.974265024456452737e-13 0.000000000000000000e+00 5.510214782810490244e-05
1.857000000000000000e+03 3.646227259388345444e-14 5.686791511465514375e-14 8.037764338921429056e-13 0.000000000000000000e+00 3.421702811388771103e-05
1.858000000000000000e+03 3.665088439610235706e-14 5.710873651966138559e-14 8.101263653386405375e-13 0.000000000000000000e+00 3.142302984944780414e-05
1.859000000000000000e+03 3.683949619832126599e-14 5.734955792466764006e-14 8.164762967851381693e-13 0.000000000000000000e+00 3.178521242855985825e-05
1.860000000000000000e+03 3.702810800054017493e-14 5.759037932967388190e-14 8.228262282316359022e-13 0.000000000000000000e+00 6.081010564680587420e-05
1.861000000000000000e+03 3.721671980275908386e-14 5.783120073468012374e-14 8.291761596781335341e-13 0.000000000000000000e+00 5.626761928689805702e-05
1.862000000000000000e+03 3.740533160497798649e-14 5.807202213968637820e-14 8.355260911246311659e-13 0.000000000000000000e+00 2.593605390814952402e-05
1.863000000000000000e+03 3.759394340719689542e-14 5.831284354469262005e-14 8.418760225711287978e-13 0.000000000000000000e+00 4.940730689517488491e-05
1.864000000000000000e+03 3.778255520941580435e-14 5.855366494969887451e-14 8.482259540176264297e-13 0.000000000000000000e+00 2.558642232038115891e-05
1.865000000000000000e+03 3.788469324217259798e-14 5.862361396003629365e-14 8.507937167711613052e-13 0.000000000000000000e+00 3.961794424595187875e-05
1.866000000000000000e+03 3.790035750546727631e-14 5.852269057570487748e-14 8.495793108317334243e-13 0.000000000000000000e+00 4.460013636663780998e-05
1.867000000000000000e+03 3.791602176876195463e-14 5.842176719137347392e-14 8.483649048923055434e-13 0.000000000000000000e+00 4.213272975506920795e-05
1.868000000000000000e+03 3.793168603205663295e-14 5.832084380704205774e-14 8.471504989528776625e-13 0.000000000000000000e+00 3.972094091296020889e-05
1.869000000000000000e+03 3.794735029535131128e-14 5.821992042271065419e-14 8.459360930134497817e-13 0.000000000000000000e+00 3.951997937810643115e-05
1.870000000000000000e+03 3.796301455864598329e-14 5.811899703837923801e-14 8.447216870740219008e-13 0.000000000000000000e+00 5.583365311914540791e-05
1.871000000000000000e+03 3.797867882194066162e-14 5.801807365404783445e-14 8.435072811345940199e-13 0.000000000000000000e+00 3.483816921606556517e-05
1.872000000000000000e+03 3.799434308523533994e-14 5.791715026971641828e-14 8.422928751951661390e-13 0.000000000000000000e+00 3.574758614442559370e-05
1.873000000000000000e+03 3.801000734853001827e-14 5.781622688538501472e-14 8.410784692557382581e-13 0.000000000000000000e+00 3.786333887196703354e-05
1.874000000000000000e+03 3.802567161182469659e-14 5.771530350105359854e-14 8.398640633163103772e-13 0.000000000000000000e+00 5.136463841426485122e-05
1.875000000000000000e+03 3.805845800241842422e-14 5.756746194172152217e-14 8.407140725870893024e-13 0.000000000000000000e+00 4.637129635800565469e-05
1.876000000000000000e+03 3.810836652031120114e-14 5.737270220738877299e-14 8.436284970680749325e-13 0.000000000000000000e+00 3.623606651644343223e-05
1.877000000000000000e+03 3.815827503820397807e-14 5.717794247305602381e-14 8.465429215490605626e-13 0.000000000000000000e+00 2.416935414975057348e-05
1.878000000000000000e+03 3.820818355609675500e-14 5.698318273872327462e-14 8.494573460300462938e-13 0.000000000000000000e+00 4.140074051550025468e-05
1.879000000000000000e+03 3.825809207398953193e-14 5.678842300439052544e-14 8.523717705110319239e-13 0.000000000000000000e+00 4.060246712585832105e-05
1.880000000000000000e+03 3.830800059188231517e-14 5.659366327005776994e-14 8.552861949920175541e-13 0.000000000000000000e+00 4.382886888212963772e-05
1.881000000000000000e+03 3.835790910977509210e-14 5.639890353572502076e-14 8.582006194730031842e-13 0.000000000000000000e+00 3.935694873152724573e-05
1.882000000000000000e+03 3.840781762766786902e-14 5.620414380139227158e-14 8.611150439539889153e-13 0.000000000000000000e+00 4.861110122239189747e-05
1.883000000000000000e+03 3.845772614556064595e-14 5.600938406705952239e-14 8.640294684349745455e-13 0.000000000000000000e+00 4.269468425633224715e-05
1.884000000000000000e+03 3.850763466345342288e-14 5.581462433272677321e-14 8.669438929159601756e-13 0.000000000000000000e+00 3.841372770755815253e-05
1.885000000000000000e+03 3.852374028954691917e-14 5.554105563232352047e-14 8.676256000007007551e-13 0.000000000000000000e+00 3.681611471564535682e-05
1.886000000000000000e+03 3.850604302384112850e-14 5.518867796584976417e-14 8.660745896891960819e-13 0.000000000000000000e+00 2.431879796277065854e-05
1.887000000000000000e+03 3.848834575813534414e-14 5.483630029937600156e-14 8.645235793776914087e-13 0.000000000000000000e+00 4.507119009056934588e-05
1.888000000000000000e+03 3.847064849242955979e-14 5.448392263290224526e-14 8.629725690661867356e-13 0.000000000000000000e+00 3.837633546997586782e-05
1.889000000000000000e+03 3.845295122672376912e-14 5.413154496642848896e-14 8.614215587546820624e-13 0.000000000000000000e+00 4.285649651426229247e-05
1.890000000000000000e+03 3.843525396101798476e-14 5.377916729995473266e-14 8.598705484431773892e-13 0.000000000000000000e+00 4.342813520614625142e-05
1.891000000000000000e+03 3.841755669531219409e-14 5.342678963348097637e-14 8.583195381316727161e-13 0.000000000000000000e+00 3.029090585506860175e-05
1.892000000000000000e+03 3.839985942960640974e-14 5.307441196700722007e-14 8.567685278201680429e-13 0.000000000000000000e+00 5.255487148853385656e-05
1.893000000000000000e+03 3.838216216390062538e-14 5.272203430053345746e-14 8.552175175086633697e-13 0.000000000000000000e+00 3.379543265597734008e-05
1.894000000000000000e+03 3.836446489819483471e-14 5.236965663405970116e-14 8.536665071971586966e-13 0.000000000000000000e+00 4.163300174890998968e-05
1.895000000000000000e+03 3.843234533330672728e-14 5.208718466942562644e-14 8.543159310064351063e-13 0.000000000000000000e+00 3.582451478913688389e-05
1.896000000000000000e+03 3.858580346923629679e-14 5.187461840663123331e-14 8.571657889364924980e-13 0.000000000000000000e+00 4.015658270292425561e-05
1.897000000000000000e+03 3.873926160516586630e-14 5.166205214383684018e-14 8.600156468665498897e-13 0.000000000000000000e+00 3.884366172324281110e-05
1.898000000000000000e+03 3.889271974109543580e-14 5.144948588104244705e-14 8.628655047966072814e-13 0.000000000000000000e+00 3.930457202877921813e-05
1.899000000000000000e+03 3.904617787702500531e-14 5.123691961824805392e-14 8.657153627266646731e-13 0.000000000000000000e+00 2.564688575697885630e-05
1.900000000000000000e+03 3.919963601295458112e-14 5.102435335545366710e-14 8.685652206567219639e-13 0.000000000000000000e+00 3.650027171171505054e-05
1.901000000000000000e+03 3.935309414888415063e-14 5.081178709265927397e-14 8.714150785867793556e-13 0.000000000000000000e+00 4.812959905641365946e-05
1.902000000000000000e+03 3.950655228481372013e-14 5.059922082986488084e-14 8.742649365168367473e-13 0.000000000000000000e+00 4.612310237320091177e-05
1.903000000000000000e+03 3.966001042074328964e-14 5.038665456707048771e-14 8.771147944468941390e-13 0.000000000000000000e+00 3.383611608358317490e-05
1.904000000000000000e+03 3.981346855667285915e-14 5.017408830427609458e-14 8.799646523769515307e-13 0.000000000000000000e+00 4.823870794076226093e-05
1.905000000000000000e+03 3.993701914979323011e-14 4.987377842487167473e-14 8.825999530644344340e-13 0.000000000000000000e+00 3.811816979542770101e-05
1.906000000000000000e+03 4.003066220010440253e-14 4.948572492885722187e-14 8.850206965093428490e-13 0.000000000000000000e+00 2.825828057564991195e-05
1.907000000000000000e+03 4.012430525041557494e-14 4.909767143284276900e-14 8.874414399542512639e-13 0.000000000000000000e+00 3.257796419334705446e-05
1.908000000000000000e+03 4.021794830072674736e-14 4.870961793682831614e-14 8.898621833991597799e-13 0.000000000000000000e+00 2.786057746854423277e-05
1.909000000000000000e+03 4.031159135103791978e-14 4.832156444081386327e-14 8.922829268440681948e-13 0.000000000000000000e+00 4.186963933682947154e-05
1.910000000000000000e+03 4.040523440134909851e-14 4.793351094479941041e-14 8.947036702889766098e-13 0.000000000000000000e+00 5.642041584793164966e-05
1.911000000000000000e+03 4.049887745166027093e-14 4.754545744878495754e-14 8.971244137338850248e-13 0.000000000000000000e+00 3.952038962047393981e-05
1.912000000000000000e+03 4.059252050197144335e-14 4.715740395277050468e-14 8.995451571787935407e-13 0.000000000000000000e+00 3.213974990398593896e-05
1.913000000000000000e+03 4.068616355228261576e-14 4.676935045675605181e-14 9.019659006237019557e-13 0.000000000000000000e+00 2.735398801545448188e-05
1.914000000000000000e+03 4.077980660259378818e-14 4.638129696074159895e-14 9.043866440686103706e-13 0.000000000000000000e+00 4.911793760453295134e-05
1.915000000000000000e+03 4.083697129243922141e-14 4.591345654713954089e-14 9.043108191198242315e-13 0.000000000000000000e+00 2.695437710663642792e-05
1.916000000000000000e+03 4.085765762181891544e-14 4.536582921594987132e-14 9.017384257773435383e-13 0.000000000000000000e+00 3.749434311696586702e-05
1.917000000000000000e+03 4.087834395119860948e-14 4.481820188476019544e-14 8.991660324348628451e-13 0.000000000000000000e+00 3.526286744685131028e-05
1.918000000000000000e+03 4.089903028057829720e-14 4.427057455357052587e-14 8.965936390923821520e-13 0.000000000000000000e+00 3.713038741179411757e-05
1.919000000000000000e+03 4.091971660995799124e-14 4.372294722238085631e-14 8.940212457499014588e-13 0.000000000000000000e+00 3.682836244109549456e-05
1.920000000000000000e+03 4.094040293933768527e-14 4.317531989119118674e-14 8.914488524074207656e-13 0.000000000000000000e+00 4.661602209674723833e-05
1.921000000000000000e+03 4.096108926871737931e-14 4.262769256000151717e-14 8.888764590649400724e-13 0.000000000000000000e+00 2.865819095249713349e-05
1.922000000000000000e+03 4.098177559809706703e-14 4.208006522881184760e-14 8.863040657224593792e-13 0.000000000000000000e+00 3.092318136575602675e-05
1.923000000000000000e+03 4.100246192747676107e-14 4.153243789762217172e-14 8.837316723799786860e-13 0.000000000000000000e+00 4.487022360103864061e-05
1.924000000000000000e+03 4.102314825685645510e-14 4.098481056643250215e-14 8.811592790374979928e-13 0.000000000000000000e+00 4.864155341902247262e-05
1.925000000000000000e+03 4.108628908286848508e-14 4.042467474950607105e-14 8.810618341576402527e-13 0.000000000000000000e+00 2.456955748984598225e-05
1.926000000000000000e+03 4.119188440551284469e-14 3.985203044684287212e-14 8.834393377404054656e-13 0.000000000000000000e+00 4.049318467744803034e-05
1.927000000000000000e+03 4.129747972815720429e-14 3.927938614417967318e-14 8.858168413231707794e-13 0.000000000000000000e+00 1.426702999270623267e-05
1.928000000000000000e+03 4.140307505080156390e-14 3.870674184151647424e-14 8.881943449059359923e-13 0.000000000000000000e+00 4.770621216762874884e-05
1.929000000000000000e+03 4.150867037344592351e-14 3.813409753885327530e-14 8.905718484887012052e-13 0.000000000000000000e+00 3.309573342946851913e-05
1.930000000000000000e+03 4.161426569609028943e-14 3.756145323619007636e-14 8.929493520714664181e-13 0.000000000000000000e+00 4.082323187388817821e-05
1.931000000000000000e+03 4.171986101873464903e-14 3.698880893352687742e-14 8.953268556542316310e-13 0.000000000000000000e+00 4.077919714233440267e-05
1.932000000000000000e+03 4.182545634137900864e-14 3.641616463086367848e-14 8.977043592369968439e-13 0.000000000000000000e+00 3.759088839416523028e-05
1.933000000000000000e+03 4.193105166402336825e-14 3.584352032820047954e-14 9.000818628197621578e-13 0.000000000000000000e+00 4.222249721327984967e-05
1.934000000000000000e+03 4.203664698666772786e-14 3.527087602553728060e-14 9.024593664025273707e-13 0.000000000000000000e+00 3.018728277825308138e-05
1.935000000000000000e+03 4.207965800307121918e-14 3.465248810177055048e-14 9.014362459945723602e-13 0.000000000000000000e+00 2.770181496697042523e-05
1.936000000000000000e+03 4.206008471323383592e-14 3.398835655690028287e-14 8.970125015958972272e-13 0.000000000000000000e+00 3.010569454512538251e-05
1.937000000000000000e+03 4.204051142339644634e-14 3.332422501203002158e-14 8.925887571972219933e-13 0.000000000000000000e+00 3.620314425370986717e-05
1.938000000000000000e+03 4.202093813355906307e-14 3.266009346715975397e-14 8.881650127985467594e-13 0.000000000000000000e+00 4.226973583817872408e-05
1.939000000000000000e+03 4.200136484372167981e-14 3.199596192228948636e-14 8.837412683998716265e-13 0.000000000000000000e+00 3.031373901738557231e-05
1.940000000000000000e+03 4.198179155388429654e-14 3.133183037741921875e-14 8.793175240011963926e-13 0.000000000000000000e+00 3.729974642555032561e-05
1.941000000000000000e+03 4.196221826404691327e-14 3.066769883254895115e-14 8.748937796025212597e-13 0.000000000000000000e+00 3.639958167517448639e-05
1.942000000000000000e+03 4.194264497420953001e-14 3.000356728767868354e-14 8.704700352038460257e-13 0.000000000000000000e+00 4.287602124877476744e-05
1.943000000000000000e+03 4.192307168437214043e-14 2.933943574280842224e-14 8.660462908051707918e-13 0.000000000000000000e+00 2.479208340388255774e-05
1.944000000000000000e+03 4.190349839453475716e-14 2.867530419793815463e-14 8.616225464064956589e-13 0.000000000000000000e+00 2.953657288394377113e-05
1.945000000000000000e+03 4.204906907786529674e-14 2.809708528580437152e-14 8.621074002467765550e-13 0.000000000000000000e+00 4.342861102232033763e-05
1.946000000000000000e+03 4.235978373436375915e-14 2.760477900640707606e-14 8.675008523260136821e-13 0.000000000000000000e+00 3.851480916541098992e-05
1.947000000000000000e+03 4.267049839086222788e-14 2.711247272700977744e-14 8.728943044052507081e-13 0.000000000000000000e+00 3.197960047623761478e-05
1.948000000000000000e+03 4.298121304736069030e-14 2.662016644761248198e-14 8.782877564844878352e-13 0.000000000000000000e+00 3.120482182218271556e-05
1.949000000000000000e+03 4.329192770385915271e-14 2.612786016821518336e-14 8.836812085637248613e-13 0.000000000000000000e+00 1.992988653657653620e-05
1.950000000000000000e+03 4.360264236035762144e-14 2.563555388881788789e-14 8.890746606429619884e-13 0.000000000000000000e+00 4.735438557405448340e-05
1.951000000000000000e+03 4.391335701685608385e-14 2.514324760942058927e-14 8.944681127221990144e-13 0.000000000000000000e+00 3.281751523289060075e-05
1.952000000000000000e+03 4.422407167335454627e-14 2.465094133002329381e-14 8.998615648014361415e-13 0.000000000000000000e+00 4.147142423696403629e-05
1.953000000000000000e+03 4.453478632985300868e-14 2.415863505062599519e-14 9.052550168806731676e-13 0.000000000000000000e+00 2.896141326256448166e-05
1.954000000000000000e+03 4.484550098635147741e-14 2.366632877122869973e-14 9.106484689599102946e-13 0.000000000000000000e+00 3.534975382715209094e-05
1.955000000000000000e+03 4.498405478736361273e-14 2.304262585997342429e-14 9.108773952128523153e-13 0.000000000000000000e+00 3.686904521874982156e-05
1.956000000000000000e+03 4.495044773288942096e-14 2.228752631686016889e-14 9.059417956394993306e-13 0.000000000000000000e+00 2.855104109374327796e-05
1.957000000000000000e+03 4.491684067841523550e-14 2.153242677374691664e-14 9.010061960661463459e-13 0.000000000000000000e+00 2.582445810766823997e-05
1.958000000000000000e+03 4.488323362394104373e-14 2.077732723063366123e-14 8.960705964927934622e-13 0.000000000000000000e+00 2.820706589016285927e-05
1.959000000000000000e+03 4.484962656946685196e-14 2.002222768752040898e-14 8.911349969194404775e-13 0.000000000000000000e+00 4.206294605745598554e-05
1.960000000000000000e+03 4.481601951499266650e-14 1.926712814440715358e-14 8.861993973460874928e-13 0.000000000000000000e+00 3.974366511308842037e-05
1.961000000000000000e+03 4.478241246051847473e-14 1.851202860129390133e-14 8.812637977727345081e-13 0.000000000000000000e+00 3.390526141503794023e-05
1.962000000000000000e+03 4.474880540604428296e-14 1.775692905818064592e-14 8.763281981993816244e-13 0.000000000000000000e+00 3.448359044800301939e-05
1.963000000000000000e+03 4.471519835157009750e-14 1.700182951506739367e-14 8.713925986260286397e-13 0.000000000000000000e+00 2.514381879854059966e-05
1.964000000000000000e+03 4.468159129709590573e-14 1.624672997195413826e-14 8.664569990526756550e-13 0.000000000000000000e+00 3.432110169177248751e-05
1.965000000000000000e+03 4.467683833588097535e-14 1.554447970474922404e-14 8.617864039173852581e-13 0.000000000000000000e+00 3.342949909615592518e-05
1.966000000000000000e+03 4.470093946792530003e-14 1.489507871345265099e-14 8.573808132201574489e-13 0.000000000000000000e+00 2.734293870671347193e-05
1.967000000000000000e+03 4.472504059996963103e-14 1.424567772215607479e-14 8.529752225229295387e-13 0.000000000000000000e+00 3.784701730339536205e-05
1.968000000000000000e+03 4.474914173201396202e-14 1.359627673085950174e-14 8.485696318257017295e-13 0.000000000000000000e+00 3.400418182413929009e-05
1.969000000000000000e+03 4.477324286405828671e-14 1.294687573956292554e-14 8.441640411284739203e-13 0.000000000000000000e+00 2.536288619760263820e-05
1.970000000000000000e+03 4.479734399610261770e-14 1.229747474826635249e-14 8.397584504312460101e-13 0.000000000000000000e+00 3.989489269672930342e-05
1.971000000000000000e+03 4.482144512814694239e-14 1.164807375696977629e-14 8.353528597340182009e-13 0.000000000000000000e+00 2.863148864276125763e-05
1.972000000000000000e+03 4.484554626019127338e-14 1.099867276567320324e-14 8.309472690367903917e-13 0.000000000000000000e+00 3.114053137110959910e-05
1.973000000000000000e+03 4.486964739223560438e-14 1.034927177437662704e-14 8.265416783395625825e-13 0.000000000000000000e+00 4.189577357216672305e-05
1.974000000000000000e+03 4.489374852427992906e-14 9.699870783080053996e-15 8.221360876423346723e-13 0.000000000000000000e+00 3.515592731415972304e-05
1.975000000000000000e+03 4.513505224052671773e-14 9.076288951668849449e-15 8.226065791583513507e-13 0.000000000000000000e+00 2.263161809333335550e-05
1.976000000000000000e+03 4.559355854097595775e-14 8.478526280143019710e-15 8.279531528876125168e-13 0.000000000000000000e+00 3.108704042177419980e-05
1.977000000000000000e+03 4.605206484142519777e-14 7.880763608617186817e-15 8.332997266168737838e-13 0.000000000000000000e+00 3.209371751644445205e-05
1.978000000000000000e+03 4.651057114187444410e-14 7.283000937091357078e-15 8.386463003461349498e-13 0.000000000000000000e+00 2.466975815969106120e-05
1.979000000000000000e+03 4.696907744232368412e-14 6.685238265565524973e-15 8.439928740753961158e-13 0.000000000000000000e+00 2.011091448203731162e-05
1.980000000000000000e+03 4.742758374277292414e-14 6.087475594039693657e-15 8.493394478046573828e-13 0.000000000000000000e+00 4.876845690078867218e-05
1.981000000000000000e+03 4.788609004322216416e-14 5.489712922513862341e-15 8.546860215339185489e-13 0.000000000000000000e+00 3.438928136499897300e-05
1.982000000000000000e+03 4.834459634367141049e-14 4.891950250988031025e-15 8.600325952631797149e-13 0.000000000000000000e+00 3.429080083449173718e-05
1.983000000000000000e+03 4.880310264412065051e-14 4.294187579462199709e-15 8.653791689924408809e-13 0.000000000000000000e+00 3.581801794530553508e-05
1.984000000000000000e+03 4.926160894456989053e-14 3.696424907936368393e-15 8.707257427217021480e-13 0.000000000000000000e+00 2.373477060667359242e-05
1.985000000000000000e+03 4.945673348079721598e-14 3.113554038656404553e-15 8.701425778242627363e-13 0.000000000000000000e+00 1.958972358164434444e-05
1.986000000000000000e+03 4.938847625280261424e-14 2.545574971622309371e-15 8.636296743001227470e-13 0.000000000000000000e+00 3.949510671205457143e-05
1.987000000000000000e+03 4.932021902480801881e-14 1.977595904588214190e-15 8.571167707759827577e-13 0.000000000000000000e+00 3.192726630885662755e-05
1.988000000000000000e+03 4.925196179681341707e-14 1.409616837554119008e-15 8.506038672518427684e-13 0.000000000000000000e+00 2.650890456888652506e-05
1.989000000000000000e+03 4.918370456881882164e-14 8.416377705200234318e-16 8.440909637277027791e-13 0.000000000000000000e+00 2.871716013787694064e-05
1.990000000000000000e+03 4.911544734082421990e-14 2.736587034859282502e-16 8.375780602035627898e-13 0.000000000000000000e+00 3.440025437518688526e-05
1.991000000000000000e+03 4.904719011282962447e-14 -2.943203635481669315e-16 8.310651566794228005e-13 0.000000000000000000e+00 3.465133623990177713e-05
1.992000000000000000e+03 4.897893288483502273e-14 -8.622994305822625075e-16 8.245522531552828112e-13 0.000000000000000000e+00 2.904845103990327568e-05
1.993000000000000000e+03 4.891067565684042730e-14 -1.430278497616357295e-15 8.180393496311428219e-13 0.000000000000000000e+00 2.662542345666027703e-05
1.994000000000000000e+03 4.884241842884582556e-14 -1.998257564650452871e-15 8.115264461070028326e-13 0.000000000000000000e+00 3.266476184959890078e-05
1.995000000000000000e+03 4.894480443882299790e-14 -2.522198997505522446e-15 8.085057651276030644e-13 0.000000000000000000e+00 3.301017207458355619e-05
1.996000000000000000e+03 4.921783368677193169e-14 -3.002102796181566416e-15 8.089773066929434163e-13 0.000000000000000000e+00 3.622170534711084867e-05
1.997000000000000000e+03 4.949086293472087180e-14 -3.482006594857610385e-15 8.094488482582837683e-13 0.000000000000000000e+00 2.282568568802664471e-05
1.998000000000000000e+03 4.976389218266981191e-14 -3.961910393533653960e-15 8.099203898236242212e-13 0.000000000000000000e+00 2.315059554480716124e-05
1.999000000000000000e+03 5.003692143061874571e-14 -4.441814192209698323e-15 8.103919313889645731e-13 0.000000000000000000e+00 2.587342034583347270e-05
2.000000000000000000e+03 5.030995067856768582e-14 -4.921717990885741898e-15 8.108634729543049251e-13 0.000000000000000000e+00 3.671952073063879682e-05
2.001000000000000000e+03 5.058297992651661962e-14 -5.401621789561785473e-15 8.113350145196452770e-13 0.000000000000000000e+00 3.437840765418335407e-05
2.002000000000000000e+03 5.085600917446555972e-14 -5.881525588237829837e-15 8.118065560849857300e-13 0.000000000000000000e+00 3.219401350894391983e-05
2.003000000000000000e+03 5.112903842241449983e-14 -6.361429386913873411e-15 8.122780976503260819e-13 0.000000000000000000e+00 2.445709191052107740e-05
2.004000000000000000e+03 5.140206767036343363e-14 -6.841333185589917775e-15 8.127496392156664339e-13 0.000000000000000000e+00 3.684930390594142016e-05
2.005000000000000000e+03 5.159043404286992182e-14 -7.260108167698472953e-15 8.106380552173410953e-13 0.000000000000000000e+00 1.870204302352055230e-05
2.006000000000000000e+03 5.169413753993395809e-14 -7.617754333239538156e-15 8.059433456553500662e-13 0.000000000000000000e+00 3.118057787545731435e-05
2.007000000000000000e+03 5.179784103699800066e-14 -7.975400498780603360e-15 8.012486360933590371e-13 0.000000000000000000e+00 1.836782104183758103e-05
2.008000000000000000e+03 5.190154453406203693e-14 -8.333046664321668563e-15 7.965539265313680079e-13 0.000000000000000000e+00 3.819215427703866373e-05
2.009000000000000000e+03 5.200524803112607320e-14 -8.690692829862733767e-15 7.918592169693769788e-13 0.000000000000000000e+00 2.787735171742896563e-05
2.010000000000000000e+03 5.210895152819010947e-14 -9.048338995403798970e-15 7.871645074073858487e-13 0.000000000000000000e+00 3.025441993032081082e-05
2.011000000000000000e+03 5.221265502525414573e-14 -9.405985160944864173e-15 7.824697978453948196e-13 0.000000000000000000e+00 3.245481294472370924e-05
2.012000000000000000e+03 5.231635852231818200e-14 -9.763631326485929377e-15 7.777750882834037905e-13 0.000000000000000000e+00 3.250998636537578024e-05
2.013000000000000000e+03 5.242006201938222458e-14 -1.012127749202699458e-14 7.730803787214127614e-13 0.000000000000000000e+00 2.323403764122804359e-05
2.014000000000000000e+03 5.252376551644626085e-14 -1.047892365756805978e-14 7.683856691594217323e-13 0.000000000000000000e+00 3.049351206448002211e-05
2.015000000000000000e+03 5.261309673634166419e-14 -1.075753040892601737e-14 7.634729686103153009e-13 0.000000000000000000e+00 2.200969653185581558e-05
2.016000000000000000e+03 5.268805567906843462e-14 -1.095709774610086576e-14 7.583422770740935680e-13 0.000000000000000000e+00 3.257533409904136631e-05
2.017000000000000000e+03 5.276301462179521136e-14 -1.115666508327571573e-14 7.532115855378717342e-13 0.000000000000000000e+00 2.714559198893278733e-05
2.018000000000000000e+03 5.283797356452198178e-14 -1.135623242045056412e-14 7.480808940016500014e-13 0.000000000000000000e+00 2.809162857120843203e-05
2.019000000000000000e+03 5.291293250724875221e-14 -1.155579975762541408e-14 7.429502024654282686e-13 0.000000000000000000e+00 2.498137777780078196e-05
2.020000000000000000e+03 5.298789144997552894e-14 -1.175536709480026247e-14 7.378195109292064348e-13 0.000000000000000000e+00 2.548718441692074505e-05
2.021000000000000000e+03 5.306285039270229937e-14 -1.195493443197511244e-14 7.326888193929847020e-13 0.000000000000000000e+00 3.072855462201542272e-05
2.022000000000000000e+03 5.313780933542906979e-14 -1.215450176914996083e-14 7.275581278567629692e-13 0.000000000000000000e+00 3.786114264808230665e-05
2.023000000000000000e+03 5.321276827815584653e-14 -1.235406910632481080e-14 7.224274363205411354e-13 0.000000000000000000e+00 2.347955751038881001e-05
2.024000000000000000e+03 5.328772722088261695e-14 -1.255363644349965919e-14 7.172967447843194026e-13 0.000000000000000000e+00 3.140146736508984569e-05
2.025000000000000000e+03 5.352908830931427967e-14 -1.270001299325576909e-14 7.156155837003207253e-13 0.000000000000000000e+00 2.256072276293309153e-05
2.026000000000000000e+03 5.393685154345082837e-14 -1.279319875559313734e-14 7.173839530685451036e-13 0.000000000000000000e+00 3.117848838774798690e-05
2.027000000000000000e+03 5.434461477758737707e-14 -1.288638451793050559e-14 7.191523224367693810e-13 0.000000000000000000e+00 2.057995495049027003e-05
2.028000000000000000e+03 5.475237801172392577e-14 -1.297957028026787385e-14 7.209206918049937593e-13 0.000000000000000000e+00 2.529316319468187893e-05
2.029000000000000000e+03 5.516014124586047447e-14 -1.307275604260524210e-14 7.226890611732181376e-13 0.000000000000000000e+00 1.932984058703094798e-05
2.030000000000000000e+03 5.556790447999702317e-14 -1.316594180494261035e-14 7.244574305414425160e-13 0.000000000000000000e+00 4.197945010352043324e-05
2.031000000000000000e+03 5.597566771413357187e-14 -1.325912756727997861e-14 7.262257999096668943e-13 0.000000000000000000e+00 2.923511898478156840e-05
2.032000000000000000e+03 5.638343094827012057e-14 -1.335231332961734686e-14 7.279941692778912726e-13 0.000000000000000000e+00 3.027900019370262767e-05
2.033000000000000000e+03 5.679119418240666927e-14 -1.344549909195471512e-14 7.297625386461155500e-13 0.000000000000000000e+00 2.208276555634198249e-05
2.034000000000000000e+03 5.719895741654322428e-14 -1.353868485429208337e-14 7.315309080143399283e-13 0.000000000000000000e+00 2.646026844429870197e-05
2.035000000000000000e+03 5.751837395810082679e-14 -1.354684762432096910e-14 7.303890956632328733e-13 0.000000000000000000e+00 2.293120026400704905e-05
2.036000000000000000e+03 5.774944380707948941e-14 -1.346998740204137074e-14 7.263371015927943852e-13 0.000000000000000000e+00 2.298606557117644181e-05
2.037000000000000000e+03 5.798051365605815204e-14 -1.339312717976177079e-14 7.222851075223558970e-13 0.000000000000000000e+00 3.373313008718350142e-05
2.038000000000000000e+03 5.821158350503681467e-14 -1.331626695748217242e-14 7.182331134519174088e-13 0.000000000000000000e+00 2.197407760001952271e-05
2.039000000000000000e+03 5.844265335401547730e-14 -1.323940673520257406e-14 7.141811193814789206e-13 0.000000000000000000e+00 2.171311487187782170e-05
2.040000000000000000e+03 5.867372320299412730e-14 -1.316254651292297411e-14 7.101291253110403314e-13 0.000000000000000000e+00 3.818558624488804418e-05
2.041000000000000000e+03 5.890479305197278993e-14 -1.308568629064337575e-14 7.060771312406018432e-13 0.000000000000000000e+00 2.288618422115512962e-05
2.042000000000000000e+03 5.913586290095145256e-14 -1.300882606836377738e-14 7.020251371701633550e-13 0.000000000000000000e+00 2.617144856770205007e-05
2.043000000000000000e+03 5.936693274993011518e-14 -1.293196584608417901e-14 6.979731430997248668e-13 0.000000000000000000e+00 1.731867982361863227e-05
2.044000000000000000e+03 5.959800259890877781e-14 -1.285510562380457907e-14 6.939211490292863787e-13 0.000000000000000000e+00 3.838831898117470463e-05
2.045000000000000000e+03 5.985700564767591908e-14 -1.265520906202341498e-14 6.917424692821205325e-13 0.000000000000000000e+00 2.431652836644499958e-05
2.046000000000000000e+03 6.014394189623155161e-14 -1.233227616074068516e-14 6.914371038582273283e-13 0.000000000000000000e+00 2.604621240233616160e-05
2.047000000000000000e+03 6.043087814478717152e-14 -1.200934325945795535e-14 6.911317384343341241e-13 0.000000000000000000e+00 2.399744202400927074e-05
2.048000000000000000e+03 6.071781439334280405e-14 -1.168641035817522554e-14 6.908263730104408189e-13 0.000000000000000000e+00 2.388076091194574817e-05
2.049000000000000000e+03 6.100475064189842396e-14 -1.136347745689249572e-14 6.905210075865476147e-13 0.000000000000000000e+00 2.040066311615295870e-05
2.050000000000000000e+03 6.129168689045405649e-14 -1.104054455560976749e-14 6.902156421626544105e-13 0.000000000000000000e+00 2.913037112071791809e-05
2.051000000000000000e+03 6.157862313900967640e-14 -1.071761165432703768e-14 6.899102767387612063e-13 0.000000000000000000e+00 2.891362165071234455e-05
2.052000000000000000e+03 6.186555938756530893e-14 -1.039467875304430786e-14 6.896049113148679012e-13 0.000000000000000000e+00 3.158107384672851790e-05
2.053000000000000000e+03 6.215249563612092884e-14 -1.007174585176157805e-14 6.892995458909746970e-13 0.000000000000000000e+00 2.350034495224198771e-05
2.054000000000000000e+03 6.243943188467656137e-14 -9.748812950478848237e-15 6.889941804670814928e-13 0.000000000000000000e+00 2.638881401306265967e-05
2.055000000000000000e+03 6.259528593344994855e-14 -9.355620160903915014e-15 6.866127078828783457e-13 0.000000000000000000e+00 2.687792998754805427e-05
2.056000000000000000e+03 6.262005778244109038e-14 -8.892167483036776804e-15 6.821551281383651547e-13 0.000000000000000000e+00 1.516916115582754714e-05
2.057000000000000000e+03 6.264482963143223221e-14 -8.428714805169640171e-15 6.776975483938520647e-13 0.000000000000000000e+00 1.833919161334695620e-05
2.058000000000000000e+03 6.266960148042337404e-14 -7.965262127302501961e-15 6.732399686493389747e-13 0.000000000000000000e+00 3.367460892377115714e-05
2.059000000000000000e+03 6.269437332941451588e-14 -7.501809449435365328e-15 6.687823889048257837e-13 0.000000000000000000e+00 2.591806003629826440e-05
2.060000000000000000e+03 6.271914517840565771e-14 -7.038356771568227118e-15 6.643248091603126937e-13 0.000000000000000000e+00 2.726906373310830501e-05
2.061000000000000000e+03 6.274391702739679954e-14 -6.574904093701088907e-15 6.598672294157995028e-13 0.000000000000000000e+00 1.694109399552101486e-05
2.062000000000000000e+03 6.276868887638794137e-14 -6.111451415833952274e-15 6.554096496712864128e-13 0.000000000000000000e+00 3.882702278961856681e-05
2.063000000000000000e+03 6.279346072537908320e-14 -5.647998737966814064e-15 6.509520699267733228e-13 0.000000000000000000e+00 2.242915520722393280e-05
2.064000000000000000e+03 6.281823257437022503e-14 -5.184546060099676643e-15 6.464944901822601318e-13 0.000000000000000000e+00 1.537221219451101069e-05
2.065000000000000000e+03 6.290527618791936395e-14 -4.650722595655832424e-15 6.431489380204373972e-13 0.000000000000000000e+00 3.133665935302578411e-05
2.066000000000000000e+03 6.305459156602648735e-14 -4.046528344635281408e-15 6.409154134413049170e-13 0.000000000000000000e+00 2.338452455887796811e-05
2.067000000000000000e+03 6.320390694413361075e-14 -3.442334093614729209e-15 6.386818888621725377e-13 0.000000000000000000e+00 2.516626466447619649e-05
2.068000000000000000e+03 6.335322232224072153e-14 -2.838139842594177798e-15 6.364483642830400575e-13 0.000000000000000000e+00 1.962811439769999796e-05
2.069000000000000000e+03 6.350253770034784492e-14 -2.233945591573625993e-15 6.342148397039075773e-13 0.000000000000000000e+00 2.218296912609687608e-05
2.070000000000000000e+03 6.365185307845496832e-14 -1.629751340553074583e-15 6.319813151247751981e-13 0.000000000000000000e+00 2.144062285331951349e-05
2.071000000000000000e+03 6.380116845656209172e-14 -1.025557089532523173e-15 6.297477905456427179e-13 0.000000000000000000e+00 2.432855070968947478e-05
2.072000000000000000e+03 6.395048383466920250e-14 -4.213628385119713678e-16 6.275142659665102376e-13 0.000000000000000000e+00 3.607979647823847689e-05
2.073000000000000000e+03 6.409979921277632590e-14 1.828314125085804370e-16 6.252807413873778584e-13 0.000000000000000000e+00 2.385019220122501168e-05
2.074000000000000000e+03 6.424911459088344930e-14 7.870256635291322418e-16 6.230472168082453782e-13 0.000000000000000000e+00 1.769345695753351356e-05
2.075000000000000000e+03 6.461646421241685291e-14 1.448231602689604666e-15 6.237139238782982759e-13 0.000000000000000000e+00 3.040167957497255777e-05
2.076000000000000000e+03 6.520184807737653675e-14 2.166449229989998497e-15 6.272808625975364506e-13 0.000000000000000000e+00 2.157585925957815513e-05
2.077000000000000000e+03 6.578723194233622059e-14 2.884666857290392329e-15 6.308478013167746253e-13 0.000000000000000000e+00 1.461422072996993224e-05
2.078000000000000000e+03 6.637261580729590442e-14 3.602884484590785371e-15 6.344147400360129010e-13 0.000000000000000000e+00 1.852328616935412190e-05
2.079000000000000000e+03 6.695799967225558826e-14 4.321102111891179203e-15 6.379816787552510757e-13 0.000000000000000000e+00 2.460817484784349156e-05
2.080000000000000000e+03 6.754338353721528472e-14 5.039319739191573034e-15 6.415486174744892504e-13 0.000000000000000000e+00 3.231967538738591720e-05
2.081000000000000000e+03 6.812876740217496855e-14 5.757537366491966866e-15 6.451155561937274251e-13 0.000000000000000000e+00 3.077324052741975706e-05
2.082000000000000000e+03 6.871415126713465239e-14 6.475754993792360697e-15 6.486824949129657008e-13 0.000000000000000000e+00 1.868419117245027883e-05
2.083000000000000000e+03 6.929953513209433623e-14 7.193972621092753740e-15 6.522494336322038755e-13 0.000000000000000000e+00 1.992924452824434812e-05
2.084000000000000000e+03 6.988491899705402006e-14 7.912190248393146783e-15 6.558163723514420502e-13 0.000000000000000000e+00 2.492720280042213661e-05
2.085000000000000000e+03 7.005910179520306710e-14 8.631601816864917418e-15 6.545085159765950343e-13 0.000000000000000000e+00 2.052567031547165827e-05
2.086000000000000000e+03 6.982208352654146471e-14 9.352207326508062489e-15 6.483258645076627266e-13 0.000000000000000000e+00 2.344072890230971157e-05
2.087000000000000000e+03 6.958506525787986232e-14 1.007281283615120756e-14 6.421432130387304189e-13 0.000000000000000000e+00 2.290378136748590876e-05
2.088000000000000000e+03 6.934804698921827256e-14 1.079341834579435263e-14 6.359605615697982123e-13 0.000000000000000000e+00 2.101899806397149355e-05
2.089000000000000000e+03 6.911102872055667017e-14 1.151402385543749770e-14 6.297779101008659046e-13 0.000000000000000000e+00 2.494608134225664186e-05
2.090000000000000000e+03 6.887401045189506779e-14 1.223462936508064435e-14 6.235952586319336979e-13 0.000000000000000000e+00 2.128692986619308368e-05
2.091000000000000000e+03 6.863699218323346540e-14 1.295523487472378785e-14 6.174126071630013903e-13 0.000000000000000000e+00 2.399619456765059096e-05
2.092000000000000000e+03 6.839997391457187563e-14 1.367584038436693450e-14 6.112299556940691836e-13 0.000000000000000000e+00 1.937747603132715076e-05
2.093000000000000000e+03 6.816295564591027325e-14 1.439644589401007799e-14 6.050473042251368759e-13 0.000000000000000000e+00 2.951425291657763702e-05
2.094000000000000000e+03 6.792593737724867086e-14 1.511705140365322464e-14 5.988646527562045683e-13 0.000000000000000000e+00 2.237081607775811222e-05
2.095000000000000000e+03 6.804323739793549157e-14 1.594961215109305164e-14 5.980337282868945119e-13 0.000000000000000000e+00 2.170925419777671779e-05
2.096000000000000000e+03 6.851485570797073538e-14 1.689412813632955899e-14 6.025545308172066057e-13 0.000000000000000000e+00 1.781540672049325392e-05
2.097000000000000000e+03 6.898647401800596657e-14 1.783864412156606633e-14 6.070753333475188005e-13 0.000000000000000000e+00 2.255725641349312413e-05
2.098000000000000000e+03 6.945809232804119776e-14 1.878316010680257053e-14 6.115961358778308944e-13 0.000000000000000000e+00 2.127316213579348380e-05
2.099000000000000000e+03 6.992971063807644156e-14 1.972767609203907788e-14 6.161169384081429882e-13 0.000000000000000000e+00 1.447493175599350971e-05
2.100000000000000000e+03 7.040132894811167275e-14 2.067219207727558522e-14 6.206377409384551830e-13 0.000000000000000000e+00 3.027791269266031483e-05
2.101000000000000000e+03 7.087294725814691656e-14 2.161670806251209257e-14 6.251585434687672769e-13 0.000000000000000000e+00 2.282955983315444482e-05
2.102000000000000000e+03 7.134456556818214775e-14 2.256122404774859677e-14 6.296793459990793707e-13 0.000000000000000000e+00 2.813907813637011863e-05
2.103000000000000000e+03 7.181618387821737893e-14 2.350574003298510411e-14 6.342001485293915655e-13 0.000000000000000000e+00 2.270324986686594296e-05
2.104000000000000000e+03 7.228780218825262274e-14 2.445025601822161146e-14 6.387209510597036594e-13 0.000000000000000000e+00 2.012727580146115626e-05
2.105000000000000000e+03 7.260588824106953255e-14 2.531581515799556965e-14 6.407735745352973119e-13 0.000000000000000000e+00 1.713797326067870977e-05
2.106000000000000000e+03 7.277044203666810836e-14 2.610241745230697866e-14 6.403580189561726241e-13 0.000000000000000000e+00 2.280186298076455071e-05
2.107000000000000000e+03 7.293499583226669680e-14 2.688901974661839084e-14 6.399424633770478353e-13 0.000000000000000000e+00 1.534256091812893723e-05
2.108000000000000000e+03 7.309954962786527261e-14 2.767562204092979986e-14 6.395269077979231474e-13 0.000000000000000000e+00 2.579310513387036817e-05
2.109000000000000000e+03 7.326410342346384842e-14 2.846222433524121203e-14 6.391113522187983586e-13 0.000000000000000000e+00 1.523805704188650910e-05
2.110000000000000000e+03 7.342865721906243685e-14 2.924882662955262105e-14 6.386957966396736708e-13 0.000000000000000000e+00 2.840736587282613324e-05
2.111000000000000000e+03 7.359321101466101266e-14 3.003542892386403007e-14 6.382802410605488820e-13 0.000000000000000000e+00 2.259419603843515031e-05
2.112000000000000000e+03 7.375776481025958847e-14 3.082203121817543909e-14 6.378646854814241942e-13 0.000000000000000000e+00 2.029681105588942460e-05
2.113000000000000000e+03 7.392231860585817690e-14 3.160863351248684810e-14 6.374491299022994054e-13 0.000000000000000000e+00 1.970354800254789200e-05
2.114000000000000000e+03 7.408687240145675271e-14 3.239523580679826343e-14 6.370335743231747175e-13 0.000000000000000000e+00 1.941936630120036182e-05
2.115000000000000000e+03 7.428349117629464402e-14 3.317946042990744579e-14 6.376163471730929664e-13 0.000000000000000000e+00 2.467315365453558334e-05
2.116000000000000000e+03 7.451217493037185082e-14 3.396130738181441412e-14 6.391974484520542529e-13 0.000000000000000000e+00 2.550257375881370166e-05
2.117000000000000000e+03 7.474085868444904499e-14 3.474315433372138244e-14 6.407785497310155394e-13 0.000000000000000000e+00 1.701628441764641123e-05
2.118000000000000000e+03 7.496954243852625179e-14 3.552500128562834445e-14 6.423596510099768259e-13 0.000000000000000000e+00 1.291608133304487563e-05
2.119000000000000000e+03 7.519822619260345859e-14 3.630684823753531277e-14 6.439407522889381124e-13 0.000000000000000000e+00 2.007434886092002518e-05
2.120000000000000000e+03 7.542690994668065277e-14 3.708869518944227478e-14 6.455218535678992979e-13 0.000000000000000000e+00 2.680133423572531192e-05
2.121000000000000000e+03 7.565559370075785956e-14 3.787054214134924311e-14 6.471029548468605844e-13 0.000000000000000000e+00 1.869302290884114362e-05
2.122000000000000000e+03 7.588427745483506636e-14 3.865238909325620512e-14 6.486840561258218709e-13 0.000000000000000000e+00 3.027630368712949318e-05
2.123000000000000000e+03 7.611296120891226054e-14 3.943423604516317344e-14 6.502651574047831574e-13 0.000000000000000000e+00 1.469488302079752592e-05
2.124000000000000000e+03 7.634164496298946733e-14 4.021608299707014176e-14 6.518462586837444439e-13 0.000000000000000000e+00 1.857440316530852999e-05
2.125000000000000000e+03 7.652438986756689288e-14 4.091715113495923805e-14 6.527023709856129130e-13 0.000000000000000000e+00 2.268889010069331661e-05
2.126000000000000000e+03 7.666119592264456242e-14 4.153744045883046229e-14 6.528334943103885647e-13 0.000000000000000000e+00 1.787801571853296523e-05
2.127000000000000000e+03 7.679800197772221933e-14 4.215772978270168654e-14 6.529646176351642165e-13 0.000000000000000000e+00 1.434678684670580243e-05
2.128000000000000000e+03 7.693480803279988887e-14 4.277801910657291079e-14 6.530957409599397673e-13 0.000000000000000000e+00 2.434513180562112347e-05
2.129000000000000000e+03 7.707161408787755841e-14 4.339830843044413503e-14 6.532268642847154190e-13 0.000000000000000000e+00 1.762343971337745828e-05
2.130000000000000000e+03 7.720842014295521533e-14 4.401859775431536559e-14 6.533579876094910707e-13 0.000000000000000000e+00 2.744496203981121093e-05
2.131000000000000000e+03 7.734522619803288486e-14 4.463888707818658984e-14 6.534891109342667225e-13 0.000000000000000000e+00 1.522864204959183097e-05
2.132000000000000000e+03 7.748203225311055440e-14 4.525917640205781408e-14 6.536202342590422733e-13 0.000000000000000000e+00 2.288220315560396135e-05
2.133000000000000000e+03 7.761883830818821132e-14 4.587946572592903833e-14 6.537513575838179250e-13 0.000000000000000000e+00 1.553480084347276858e-05
2.134000000000000000e+03 7.775564436326588085e-14 4.649975504980026258e-14 6.538824809085935768e-13 0.000000000000000000e+00 1.963095586547338559e-05
2.135000000000000000e+03 7.774199097019607132e-14 4.694060974452896463e-14 6.524529589988869770e-13 0.000000000000000000e+00 1.644843307805088451e-05
2.136000000000000000e+03 7.757787812897880797e-14 4.720202981011512556e-14 6.494627918546982266e-13 0.000000000000000000e+00 2.321708608515839881e-05
2.137000000000000000e+03 7.741376528776154461e-14 4.746344987570129911e-14 6.464726247105093752e-13 0.000000000000000000e+00 1.672956087723791223e-05
2.138000000000000000e+03 7.724965244654426863e-14 4.772486994128746004e-14 6.434824575663206248e-13 0.000000000000000000e+00 2.561352497390467642e-05
2.139000000000000000e+03 7.708553960532700527e-14 4.798629000687363360e-14 6.404922904221317735e-13 0.000000000000000000e+00 1.469088172906816109e-05
2.140000000000000000e+03 7.692142676410974192e-14 4.824771007245979453e-14 6.375021232779430231e-13 0.000000000000000000e+00 2.046768664299280241e-05
2.141000000000000000e+03 7.675731392289247856e-14 4.850913013804596808e-14 6.345119561337541717e-13 0.000000000000000000e+00 1.784470963624670790e-05
2.142000000000000000e+03 7.659320108167520258e-14 4.877055020363212901e-14 6.315217889895654213e-13 0.000000000000000000e+00 2.195966606709544774e-05
2.143000000000000000e+03 7.642908824045793923e-14 4.903197026921830256e-14 6.285316218453765700e-13 0.000000000000000000e+00 1.930467305319607583e-05
2.144000000000000000e+03 7.626497539924067587e-14 4.929339033480446349e-14 6.255414547011878196e-13 0.000000000000000000e+00 2.228168315600104009e-05
2.145000000000000000e+03 7.639581977571033830e-14 4.971247688242933120e-14 6.267140642733740419e-13 0.000000000000000000e+00 1.267250827840419477e-05
2.146000000000000000e+03 7.682162136986693915e-14 5.028922991209289307e-14 6.320494505619352369e-13 0.000000000000000000e+00 1.566077951025594757e-05
2.147000000000000000e+03 7.724742296402354000e-14 5.086598294175645494e-14 6.373848368504964319e-13 0.000000000000000000e+00 2.210081640740103550e-05
2.148000000000000000e+03 7.767322455818014084e-14 5.144273597142001681e-14 6.427202231390577278e-13 0.000000000000000000e+00 1.733859040567322616e-05
2.149000000000000000e+03 7.809902615233674169e-14 5.201948900108357868e-14 6.480556094276189229e-13 0.000000000000000000e+00 1.195524773360418579e-05
2.150000000000000000e+03 7.852482774649332991e-14 5.259624203074714055e-14 6.533909957161801179e-13 0.000000000000000000e+00 2.466819744333761773e-05
2.151000000000000000e+03 7.895062934064993076e-14 5.317299506041070872e-14 6.587263820047413129e-13 0.000000000000000000e+00 2.681766625199713606e-05
2.152000000000000000e+03 7.937643093480653161e-14 5.374974809007427059e-14 6.640617682933026088e-13 0.000000000000000000e+00 2.080452677076085068e-05
2.153000000000000000e+03 7.980223252896313245e-14 5.432650111973783246e-14 6.693971545818638038e-13 0.000000000000000000e+00 1.107472475907078629e-05
2.154000000000000000e+03 8.022803412311973330e-14 5.490325414940139433e-14 6.747325408704249988e-13 0.000000000000000000e+00 1.905849107456755205e-05
2.155000000000000000e+03 8.056993786374105554e-14 5.529346600861753337e-14 6.772133140531549834e-13 0.000000000000000000e+00 1.384258146012002998e-05
2.156000000000000000e+03 8.082794375082711180e-14 5.549713669738626220e-14 6.768394741300536567e-13 0.000000000000000000e+00 1.917943491191327667e-05
2.157000000000000000e+03 8.108594963791316806e-14 5.570080738615497840e-14 6.764656342069524309e-13 0.000000000000000000e+00 2.079122448721971493e-05
2.158000000000000000e+03 8.134395552499922433e-14 5.590447807492370723e-14 6.760917942838511041e-13 0.000000000000000000e+00 1.663533012722695264e-05
2.159000000000000000e+03 8.160196141208528059e-14 5.610814876369242344e-14 6.757179543607497773e-13 0.000000000000000000e+00 1.401788449661249265e-05
2.160000000000000000e+03 8.185996729917133685e-14 5.631181945246115227e-14 6.753441144376485515e-13 0.000000000000000000e+00 2.164461950865620858e-05
2.161000000000000000e+03 8.211797318625739311e-14 5.651549014122986847e-14 6.749702745145472248e-13 0.000000000000000000e+00 2.147805929649298162e-05
2.162000000000000000e+03 8.237597907334344937e-14 5.671916082999859730e-14 6.745964345914458980e-13 0.000000000000000000e+00 1.401297565463564350e-05
2.163000000000000000e+03 8.263398496042950563e-14 5.692283151876731351e-14 6.742225946683446722e-13 0.000000000000000000e+00 1.511154903966395078e-05
2.164000000000000000e+03 8.289199084751556189e-14 5.712650220753604234e-14 6.738487547452433454e-13 0.000000000000000000e+00 2.023610234880025613e-05
2.165000000000000000e+03 8.293978913736114791e-14 5.713555108296887752e-14 6.730103935942142864e-13 0.000000000000000000e+00 2.093045742150673004e-05
2.166000000000000000e+03 8.277737982996627631e-14 5.694997814506583168e-14 6.717075112152573941e-13 0.000000000000000000e+00 1.681081340232550223e-05
2.167000000000000000e+03 8.261497052257139209e-14 5.676440520716279216e-14 6.704046288363005017e-13 0.000000000000000000e+00 1.491102713436833525e-05
2.168000000000000000e+03 8.245256121517652049e-14 5.657883226925974632e-14 6.691017464573437104e-13 0.000000000000000000e+00 1.429757044274515124e-05
2.169000000000000000e+03 8.229015190778164889e-14 5.639325933135670048e-14 6.677988640783868180e-13 0.000000000000000000e+00 1.905942986384695631e-05
2.170000000000000000e+03 8.212774260038677729e-14 5.620768639345366095e-14 6.664959816994299257e-13 0.000000000000000000e+00 1.595054967708874248e-05
2.171000000000000000e+03 8.196533329299190569e-14 5.602211345555061511e-14 6.651930993204730334e-13 0.000000000000000000e+00 1.984064199868285967e-05
2.172000000000000000e+03 8.180292398559703409e-14 5.583654051764756927e-14 6.638902169415162420e-13 0.000000000000000000e+00 1.765213651671773660e-05
2.173000000000000000e+03 8.164051467820214986e-14 5.565096757974452974e-14 6.625873345625593497e-13 0.000000000000000000e+00 2.039164889952118124e-05
2.174000000000000000e+03 8.147810537080727826e-14 5.546539464184148391e-14 6.612844521836024574e-13 0.000000000000000000e+00 1.420886743625244934e-05
2.175000000000000000e+03 8.143677865654944726e-14 5.526838177055831181e-14 6.604782568182164665e-13 0.000000000000000000e+00 1.358594467707857669e-05
2.176000000000000000e+03 8.151653453542866947e-14 5.505992896589500716e-14 6.601687484664011753e-13 0.000000000000000000e+00 1.644669121276398847e-05
2.177000000000000000e+03 8.159629041430787906e-14 5.485147616123170251e-14 6.598592401145859849e-13 0.000000000000000000e+00 1.322484191646309579e-05
2.178000000000000000e+03 8.167604629318710127e-14 5.464302335656839786e-14 6.595497317627707946e-13 0.000000000000000000e+00 2.212787124036146814e-05
2.179000000000000000e+03 8.175580217206632348e-14 5.443457055190509320e-14 6.592402234109555033e-13 0.000000000000000000e+00 1.443507595235276136e-05
2.180000000000000000e+03 8.183555805094553307e-14 5.422611774724179486e-14 6.589307150591403130e-13 0.000000000000000000e+00 2.088981963834003096e-05
2.181000000000000000e+03 8.191531392982475528e-14 5.401766494257849021e-14 6.586212067073250217e-13 0.000000000000000000e+00 1.216340090041315278e-05
2.182000000000000000e+03 8.199506980870397749e-14 5.380921213791518556e-14 6.583116983555098314e-13 0.000000000000000000e+00 1.822272945434170701e-05
2.183000000000000000e+03 8.207482568758318708e-14 5.360075933325188090e-14 6.580021900036946411e-13 0.000000000000000000e+00 1.851998153722582573e-05
2.184000000000000000e+03 8.215458156646240929e-14 5.339230652858857625e-14 6.576926816518793498e-13 0.000000000000000000e+00 1.308242093423994941e-05
2.185000000000000000e+03 8.221574349851809171e-14 5.308372991723723563e-14 6.567915745680039879e-13 0.000000000000000000e+00 1.344450013070807638e-05
2.186000000000000000e+03 8.225831148375024695e-14 5.267502949919785274e-14 6.552988687520684543e-13 0.000000000000000000e+00 1.673081077182680937e-05
2.187000000000000000e+03 8.230087946898241482e-14 5.226632908115847616e-14 6.538061629361328198e-13 0.000000000000000000e+00 1.588093838824413415e-05
2.188000000000000000e+03 8.234344745421457006e-14 5.185762866311909326e-14 6.523134571201972863e-13 0.000000000000000000e+00 2.082019106424274940e-05
2.189000000000000000e+03 8.238601543944672531e-14 5.144892824507971037e-14 6.508207513042617528e-13 0.000000000000000000e+00 1.071518335061187064e-05
2.190000000000000000e+03 8.242858342467888055e-14 5.104022782704033379e-14 6.493280454883262192e-13 0.000000000000000000e+00 1.539308786717953560e-05
2.191000000000000000e+03 8.247115140991103580e-14 5.063152740900095089e-14 6.478353396723906857e-13 0.000000000000000000e+00 1.730336718560787412e-05
2.192000000000000000e+03 8.251371939514319104e-14 5.022282699096156800e-14 6.463426338564551522e-13 0.000000000000000000e+00 2.036457078714288581e-05
2.193000000000000000e+03 8.255628738037535891e-14 4.981412657292219142e-14 6.448499280405195177e-13 0.000000000000000000e+00 1.587975241270962615e-05
2.194000000000000000e+03 8.259885536560751415e-14 4.940542615488280853e-14 6.433572222245839841e-13 0.000000000000000000e+00 1.252923855352104789e-05
2.195000000000000000e+03 8.270044271038378514e-14 4.897642901098807110e-14 6.428530542382282690e-13 0.000000000000000000e+00 1.606468070832976476e-05
2.196000000000000000e+03 8.286104941470419711e-14 4.852713514123798544e-14 6.433374240814522714e-13 0.000000000000000000e+00 1.208729395584464397e-05
2.197000000000000000e+03 8.302165611902458383e-14 4.807784127148789348e-14 6.438217939246762738e-13 0.000000000000000000e+00 1.603202658100942214e-05
2.198000000000000000e+03 8.318226282334499581e-14 4.762854740173780783e-14 6.443061637679002762e-13 0.000000000000000000e+00 1.181601047307868620e-05
2.199000000000000000e+03 8.334286952766538253e-14 4.717925353198771586e-14 6.447905336111242786e-13 0.000000000000000000e+00 1.486480789517801659e-05
2.200000000000000000e+03 8.350347623198579451e-14 4.672995966223763021e-14 6.452749034543483819e-13 0.000000000000000000e+00 1.803106108880829847e-05
2.201000000000000000e+03 8.366408293630618123e-14 4.628066579248753824e-14 6.457592732975723843e-13 0.000000000000000000e+00 1.906821755467887633e-05
2.202000000000000000e+03 8.382468964062659321e-14 4.583137192273745259e-14 6.462436431407963867e-13 0.000000000000000000e+00 1.753913465215595766e-05
2.203000000000000000e+03 8.398529634494697993e-14 4.538207805298736062e-14 6.467280129840203891e-13 0.000000000000000000e+00 1.050225417281403551e-05
2.204000000000000000e+03 8.414590304926739190e-14 4.493278418323727497e-14 6.472123828272443915e-13 0.000000000000000000e+00 1.201156169698610758e-05
2.205000000000000000e+03 8.436381420082301004e-14 4.439577868912196626e-14 6.466159437712855689e-13 0.000000000000000000e+00 1.669191400909675118e-05
2.206000000000000000e+03 8.463902979961387222e-14 4.377106157064143449e-14 6.449386958161438203e-13 0.000000000000000000e+00 1.491077193869972046e-05
2.207000000000000000e+03 8.491424539840472177e-14 4.314634445216090272e-14 6.432614478610020717e-13 0.000000000000000000e+00 1.382980132979359637e-05
2.208000000000000000e+03 8.518946099719557132e-14 4.252162733368037095e-14 6.415841999058602221e-13 0.000000000000000000e+00 1.455455688113244644e-05
2.209000000000000000e+03 8.546467659598643349e-14 4.189691021519983918e-14 6.399069519507184735e-13 0.000000000000000000e+00 1.121273730822545353e-05
2.210000000000000000e+03 8.573989219477728305e-14 4.127219309671930741e-14 6.382297039955767249e-13 0.000000000000000000e+00 1.660067782209874240e-05
2.211000000000000000e+03 8.601510779356814522e-14 4.064747597823877564e-14 6.365524560404349763e-13 0.000000000000000000e+00 1.612982797386781306e-05
2.212000000000000000e+03 8.629032339235899477e-14 4.002275885975824387e-14 6.348752080852931267e-13 0.000000000000000000e+00 1.170166964083881599e-05
2.213000000000000000e+03 8.656553899114984432e-14 3.939804174127771210e-14 6.331979601301513781e-13 0.000000000000000000e+00 1.159486015369327140e-05
2.214000000000000000e+03 8.684075458994070650e-14 3.877332462279718033e-14 6.315207121750096295e-13 0.000000000000000000e+00 2.164643162878627012e-05
2.215000000000000000e+03 8.697403987543011531e-14 3.803361398799997021e-14 6.298121423525661469e-13 0.000000000000000000e+00 1.163051552736265288e-05
2.216000000000000000e+03 8.696539484761807077e-14 3.717890983688608175e-14 6.280722506628209304e-13 0.000000000000000000e+00 1.265116618574390048e-05
2.217000000000000000e+03 8.695674981980602623e-14 3.632420568577218697e-14 6.263323589730758149e-13 0.000000000000000000e+00 1.302758833164197868e-05
2.218000000000000000e+03 8.694810479199399431e-14 3.546950153465829219e-14 6.245924672833305984e-13 0.000000000000000000e+00 1.445116886487889869e-05
2.219000000000000000e+03 8.693945976418194977e-14 3.461479738354440373e-14 6.228525755935853818e-13 0.000000000000000000e+00 1.291001122569485968e-05
2.220000000000000000e+03 8.693081473636991785e-14 3.376009323243050895e-14 6.211126839038402663e-13 0.000000000000000000e+00 1.682446583649817033e-05
2.221000000000000000e+03 8.692216970855787331e-14 3.290538908131662048e-14 6.193727922140950498e-13 0.000000000000000000e+00 1.353875901400903494e-05
2.222000000000000000e+03 8.691352468074584139e-14 3.205068493020272570e-14 6.176329005243498333e-13 0.000000000000000000e+00 1.151908482560399534e-05
2.223000000000000000e+03 8.690487965293379684e-14 3.119598077908883724e-14 6.158930088346047177e-13 0.000000000000000000e+00 1.691279204844826513e-05
2.224000000000000000e+03 8.689623462512175230e-14 3.034127662797494246e-14 6.141531171448595012e-13 0.000000000000000000e+00 1.477251245016894884e-05
2.225000000000000000e+03 8.686600811022384793e-14 2.942579560253020531e-14 6.107875100516060152e-13 0.000000000000000000e+00 8.877335727614874147e-06
2.226000000000000000e+03 8.681420010824007110e-14 2.844953770275463210e-14 6.057961875548442597e-13 0.000000000000000000e+00 1.260400266378864355e-05
2.227000000000000000e+03 8.676239210625628164e-14 2.747327980297906205e-14 6.008048650580825041e-13 0.000000000000000000e+00 1.365147063888518255e-05
2.228000000000000000e+03 8.671058410427250481e-14 2.649702190320348568e-14 5.958135425613207486e-13 0.000000000000000000e+00 1.551581439516677526e-05
2.229000000000000000e+03 8.665877610228872798e-14 2.552076400342791248e-14 5.908222200645589931e-13 0.000000000000000000e+00 1.205759231446395578e-05
2.230000000000000000e+03 8.660696810030493853e-14 2.454450610365233927e-14 5.858308975677973385e-13 0.000000000000000000e+00 1.501423828965348724e-05
2.231000000000000000e+03 8.655516009832116169e-14 2.356824820387676606e-14 5.808395750710355830e-13 0.000000000000000000e+00 1.117388221155938799e-05
2.232000000000000000e+03 8.650335209633738486e-14 2.259199030410119285e-14 5.758482525742738275e-13 0.000000000000000000e+00 1.384816280910399268e-05
2.233000000000000000e+03 8.645154409435359541e-14 2.161573240432561964e-14 5.708569300775120719e-13 0.000000000000000000e+00 1.324184082765718065e-05
2.234000000000000000e+03 8.639973609236981858e-14 2.063947450455004643e-14 5.658656075807503164e-13 0.000000000000000000e+00 1.135389506538181030e-05
2.235000000000000000e+03 8.641323316531173457e-14 1.966576730165692479e-14 5.622796207153557760e-13 0.000000000000000000e+00 1.075257671101514504e-05
2.236000000000000000e+03 8.649203531317934338e-14 1.869461079564626102e-14 5.600989694813286527e-13 0.000000000000000000e+00 1.590320691190883059e-05
2.237000000000000000e+03 8.657083746104695220e-14 1.772345428963559094e-14 5.579183182473013275e-13 0.000000000000000000e+00 1.174063749596258861e-05
2.238000000000000000e+03 8.664963960891456101e-14 1.675229778362492717e-14 5.557376670132742042e-13 0.000000000000000000e+00 1.263533277433292593e-05
2.239000000000000000e+03 8.672844175678216982e-14 1.578114127761425709e-14 5.535570157792468789e-13 0.000000000000000000e+00 1.052170525976917041e-05
2.240000000000000000e+03 8.680724390464979126e-14 1.480998477160359332e-14 5.513763645452197556e-13 0.000000000000000000e+00 1.179028058609322624e-05
2.241000000000000000e+03 8.688604605251740007e-14 1.383882826559292482e-14 5.491957133111924303e-13 0.000000000000000000e+00 1.376848564611179331e-05
2.242000000000000000e+03 8.696484820038500888e-14 1.286767175958225790e-14 5.470150620771653070e-13 0.000000000000000000e+00 1.780442955268500465e-05
2.243000000000000000e+03 8.704365034825261770e-14 1.189651525357159098e-14 5.448344108431379818e-13 0.000000000000000000e+00 1.012434220235384736e-05
2.244000000000000000e+03 8.712245249612022651e-14 1.092535874756092405e-14 5.426537596091108585e-13 0.000000000000000000e+00 1.277798435380261092e-05
2.245000000000000000e+03 8.739711860366139371e-14 9.923616411665219869e-15 5.404986479221719779e-13 0.000000000000000000e+00 1.135219771342857663e-05
2.246000000000000000e+03 8.786764867087610666e-14 8.891288245884476846e-15 5.383690757823216429e-13 0.000000000000000000e+00 1.270541856867383753e-05
2.247000000000000000e+03 8.833817873809081961e-14 7.858960080103735402e-15 5.362395036424713080e-13 0.000000000000000000e+00 1.042714703984936201e-05
2.248000000000000000e+03 8.880870880530553257e-14 6.826631914322992380e-15 5.341099315026208720e-13 0.000000000000000000e+00 8.685775501333274309e-06
2.249000000000000000e+03 8.927923887252024552e-14 5.794303748542250935e-15 5.319803593627705371e-13 0.000000000000000000e+00 1.279358129076956532e-05
2.250000000000000000e+03 8.974976893973495847e-14 4.761975582761507913e-15 5.298507872229201011e-13 0.000000000000000000e+00 1.592965437073691400e-05
2.251000000000000000e+03 9.022029900694967143e-14 3.729647416980766468e-15 5.277212150830697662e-13 0.000000000000000000e+00 1.349275891429536171e-05
2.252000000000000000e+03 9.069082907416438438e-14 2.697319251200023446e-15 5.255916429432193302e-13 0.000000000000000000e+00 1.289732932297144389e-05
2.253000000000000000e+03 9.116135914137909733e-14 1.664991085419282002e-15 5.234620708033689953e-13 0.000000000000000000e+00 7.728486177210458819e-06
2.254000000000000000e+03 9.163188920859381029e-14 6.326629196385389795e-16 5.213324986635186603e-13 0.000000000000000000e+00 1.201701060719057345e-05
2.255000000000000000e+03 9.180725801219540183e-14 -4.389636893406430012e-16 5.171411620626983477e-13 0.000000000000000000e+00 1.161269509775846899e-05
2.256000000000000000e+03 9.168746555218384673e-14 -1.549888741518266406e-15 5.108880610009081585e-13 0.000000000000000000e+00 1.444947264035496118e-05
2.257000000000000000e+03 9.156767309217229162e-14 -2.660813793695890303e-15 5.046349599391179692e-13 0.000000000000000000e+00 8.987283462195273974e-06
2.258000000000000000e+03 9.144788063216073651e-14 -3.771738845873513017e-15 4.983818588773278809e-13 0.000000000000000000e+00 1.211278576122530040e-05
2.259000000000000000e+03 9.132808817214918140e-14 -4.882663898051136915e-15 4.921287578155376917e-13 0.000000000000000000e+00 1.172768934043013036e-05
2.260000000000000000e+03 9.120829571213762630e-14 -5.993588950228760024e-15 4.858756567537475024e-13 0.000000000000000000e+00 1.292074877842874810e-05
2.261000000000000000e+03 9.108850325212607119e-14 -7.104514002406383921e-15 4.796225556919573131e-13 0.000000000000000000e+00 9.905693279147422437e-06
2.262000000000000000e+03 9.096871079211451608e-14 -8.215439054584008607e-15 4.733694546301672249e-13 0.000000000000000000e+00 9.616914874362036015e-06
2.263000000000000000e+03 9.084891833210296098e-14 -9.326364106761630927e-15 4.671163535683770356e-13 0.000000000000000000e+00 1.383890144414510724e-05
2.264000000000000000e+03 9.072912587209140587e-14 -1.043728915893925482e-14 4.608632525065868463e-13 0.000000000000000000e+00 1.402968184483802762e-05
2.265000000000000000e+03 9.065488405928019761e-14 -1.151784660887676838e-14 4.555896351569537365e-13 0.000000000000000000e+00 8.241466516801571710e-06
2.266000000000000000e+03 9.062619289366932358e-14 -1.256803645657417159e-14 4.512955015194777566e-13 0.000000000000000000e+00 1.383817426565136670e-05
2.267000000000000000e+03 9.059750172805843693e-14 -1.361822630427157480e-14 4.470013678820017766e-13 0.000000000000000000e+00 7.775183685310218734e-06
2.268000000000000000e+03 9.056881056244756289e-14 -1.466841615196897959e-14 4.427072342445257967e-13 0.000000000000000000e+00 1.048631662940299027e-05
2.269000000000000000e+03 9.054011939683668886e-14 -1.571860599966638123e-14 4.384131006070498168e-13 0.000000000000000000e+00 1.141875684908469092e-05
2.270000000000000000e+03 9.051142823122580221e-14 -1.676879584736378601e-14 4.341189669695738368e-13 0.000000000000000000e+00 1.185984959215646291e-05
2.271000000000000000e+03 9.048273706561492818e-14 -1.781898569506119080e-14 4.298248333320978569e-13 0.000000000000000000e+00 1.214760977329407051e-05
2.272000000000000000e+03 9.045404590000405415e-14 -1.886917554275859244e-14 4.255306996946218770e-13 0.000000000000000000e+00 1.243636580553754616e-05
2.273000000000000000e+03 9.042535473439316749e-14 -1.991936539045599723e-14 4.212365660571458970e-13 0.000000000000000000e+00 1.005535106580254185e-05
2.274000000000000000e+03 9.039666356878229346e-14 -2.096955523815339886e-14 4.169424324196699171e-13 0.000000000000000000e+00 1.113576006087292561e-05
2.275000000000000000e+03 9.045272999689260398e-14 -2.198810689537755871e-14 4.115459899920554268e-13 0.000000000000000000e+00 8.036049983461928103e-06
2.276000000000000000e+03 9.059355401872408642e-14 -2.297502036212847046e-14 4.050472387743024262e-13 0.000000000000000000e+00 8.362475572883937207e-06
2.277000000000000000e+03 9.073437804055556886e-14 -2.396193382887938536e-14 3.985484875565494760e-13 0.000000000000000000e+00 1.495850780421280935e-05
2.278000000000000000e+03 9.087520206238705131e-14 -2.494884729563029711e-14 3.920497363387964754e-13 0.000000000000000000e+00 1.103040624224221232e-05
2.279000000000000000e+03 9.101602608421853375e-14 -2.593576076238121202e-14 3.855509851210434748e-13 0.000000000000000000e+00 7.537247736079495700e-06
2.280000000000000000e+03 9.115685010605002882e-14 -2.692267422913212377e-14 3.790522339032905246e-13 0.000000000000000000e+00 1.400195745058946247e-05
2.281000000000000000e+03 9.129767412788151126e-14 -2.790958769588303867e-14 3.725534826855375240e-13 0.000000000000000000e+00 1.063513106284131067e-05
2.282000000000000000e+03 9.143849814971299370e-14 -2.889650116263395042e-14 3.660547314677845234e-13 0.000000000000000000e+00 8.433216325195824517e-06
2.283000000000000000e+03 9.157932217154447614e-14 -2.988341462938486533e-14 3.595559802500315732e-13 0.000000000000000000e+00 1.044574294522026841e-05
2.284000000000000000e+03 9.172014619337595859e-14 -3.087032809613578023e-14 3.530572290322785726e-13 0.000000000000000000e+00 1.206103479037928400e-05
2.285000000000000000e+03 9.221991699495866727e-14 -3.198640802450965687e-14 3.491522947672839162e-13 0.000000000000000000e+00 1.096293563762991140e-05
2.286000000000000000e+03 9.307863457629257694e-14 -3.323165441450650156e-14 3.478411774550476040e-13 0.000000000000000000e+00 1.047718764231235112e-05
2.287000000000000000e+03 9.393735215762649924e-14 -3.447690080450334624e-14 3.465300601428112918e-13 0.000000000000000000e+00 9.586795857038570449e-06
2.288000000000000000e+03 9.479606973896040892e-14 -3.572214719450018461e-14 3.452189428305749292e-13 0.000000000000000000e+00 9.892881380736662415e-06
2.289000000000000000e+03 9.565478732029433121e-14 -3.696739358449702930e-14 3.439078255183386170e-13 0.000000000000000000e+00 4.493923525199831137e-06
2.290000000000000000e+03 9.651350490162824089e-14 -3.821263997449387398e-14 3.425967082061022543e-13 0.000000000000000000e+00 1.363811389213685841e-05
2.291000000000000000e+03 9.737222248296216319e-14 -3.945788636449071867e-14 3.412855908938659421e-13 0.000000000000000000e+00 1.363748035364152716e-05
2.292000000000000000e+03 9.823094006429607286e-14 -4.070313275448755704e-14 3.399744735816295795e-13 0.000000000000000000e+00 9.759496931487638872e-06
2.293000000000000000e+03 9.908965764562999516e-14 -4.194837914448440172e-14 3.386633562693932673e-13 0.000000000000000000e+00 9.958563039776350699e-06
2.294000000000000000e+03 9.994837522696390483e-14 -4.319362553448124641e-14 3.373522389571569551e-13 0.000000000000000000e+00 1.067482729670259750e-05
2.295000000000000000e+03 1.002574115282010287e-13 -4.418019447977491957e-14 3.321270756478822448e-13 0.000000000000000000e+00 1.002068791226662377e-05
2.296000000000000000e+03 1.000167665493413542e-13 -4.490808598036542121e-14 3.229878663415691363e-13 0.000000000000000000e+00 7.562932536027220583e-06
2.297000000000000000e+03 9.977612157048166702e-14 -4.563597748095592285e-14 3.138486570352560278e-13 0.000000000000000000e+00 9.916166391217598296e-06
2.298000000000000000e+03 9.953547659162199249e-14 -4.636386898154642449e-14 3.047094477289429194e-13 0.000000000000000000e+00 9.126920545419402549e-06
2.299000000000000000e+03 9.929483161276231795e-14 -4.709176048213692613e-14 2.955702384226298109e-13 0.000000000000000000e+00 1.207460307698263288e-05
2.300000000000000000e+03 9.905418663390263079e-14 -4.781965198272743408e-14 2.864310291163167025e-13 0.000000000000000000e+00 9.733620882068771889e-06
2.301000000000000000e+03 9.881354165504295626e-14 -4.854754348331793572e-14 2.772918198100036445e-13 0.000000000000000000e+00 9.225480814121606068e-06
2.302000000000000000e+03 9.857289667618328172e-14 -4.927543498390843736e-14 2.681526105036905360e-13 0.000000000000000000e+00 1.121140346847394057e-05
2.303000000000000000e+03 9.833225169732359457e-14 -5.000332648449893900e-14 2.590134011973774276e-13 0.000000000000000000e+00 8.339032399800952252e-06
2.304000000000000000e+03 9.809160671846392003e-14 -5.073121798508944064e-14 2.498741918910643191e-13 0.000000000000000000e+00 8.180336675907941819e-06
2.305000000000000000e+03 9.812250359216699596e-14 -5.146567997320066165e-14 2.435915504506117997e-13 0.000000000000000000e+00 1.174185974776273873e-05
2.306000000000000000e+03 9.842494231843282236e-14 -5.220671244883260203e-14 2.401654768760198693e-13 0.000000000000000000e+00 9.941250058805798433e-06
2.307000000000000000e+03 9.872738104469866138e-14 -5.294774492446454872e-14 2.367394033014278885e-13 0.000000000000000000e+00 7.907525241626815892e-06
2.308000000000000000e+03 9.902981977096448777e-14 -5.368877740009648910e-14 2.333133297268359076e-13 0.000000000000000000e+00 1.168398654588725777e-05
2.309000000000000000e+03 9.933225849723031417e-14 -5.442980987572842948e-14 2.298872561522439773e-13 0.000000000000000000e+00 7.315454363602925921e-06
2.310000000000000000e+03 9.963469722349615319e-14 -5.517084235136036986e-14 2.264611825776519964e-13 0.000000000000000000e+00 1.173240456902092897e-05
2.311000000000000000e+03 9.993713594976197958e-14 -5.591187482699231024e-14 2.230351090030600408e-13 0.000000000000000000e+00 6.564585618324267857e-06
2.312000000000000000e+03 1.002395746760278060e-13 -5.665290730262425062e-14 2.196090354284680600e-13 0.000000000000000000e+00 1.219161420466265732e-05
2.313000000000000000e+03 1.005420134022936450e-13 -5.739393977825619100e-14 2.161829618538761043e-13 0.000000000000000000e+00 8.581101568085020576e-06
2.314000000000000000e+03 1.008444521285594714e-13 -5.813497225388813138e-14 2.127568882792841487e-13 0.000000000000000000e+00 1.041736045313833573e-05
2.315000000000000000e+03 1.010359938097756524e-13 -5.874202690499632498e-14 2.084084351796210814e-13 0.000000000000000000e+00 8.328179299851255960e-06
2.316000000000000000e+03 1.011166384459421880e-13 -5.921510373158074655e-14 2.031376025548869275e-13 0.000000000000000000e+00 9.566232444095546531e-06
2.317000000000000000e+03 1.011972830821087235e-13 -5.968818055816518075e-14 1.978667699301527988e-13 0.000000000000000000e+00 7.872777476254459988e-06
2.318000000000000000e+03 1.012779277182752591e-13 -6.016125738474960232e-14 1.925959373054186449e-13 0.000000000000000000e+00 8.202909954256412287e-06
2.319000000000000000e+03 1.013585723544417947e-13 -6.063433421133403652e-14 1.873251046806844910e-13 0.000000000000000000e+00 1.134927249282224418e-05
2.320000000000000000e+03 1.014392169906083303e-13 -6.110741103791845809e-14 1.820542720559503624e-13 0.000000000000000000e+00 9.368793708867440118e-06
2.321000000000000000e+03 1.015198616267748658e-13 -6.158048786450289229e-14 1.767834394312162085e-13 0.000000000000000000e+00 1.066963850077242522e-05
2.322000000000000000e+03 1.016005062629414014e-13 -6.205356469108731386e-14 1.715126068064820546e-13 0.000000000000000000e+00 1.043507892751573861e-05
2.323000000000000000e+03 1.016811508991079370e-13 -6.252664151767174806e-14 1.662417741817479259e-13 0.000000000000000000e+00 5.649010671307261093e-06
2.324000000000000000e+03 1.017617955352744726e-13 -6.299971834425616963e-14 1.609709415570137721e-13 0.000000000000000000e+00 9.333876872111697038e-06
2.325000000000000000e+03 1.019899867382369672e-13 -6.345612017423595403e-14 1.559084259573936929e-13 0.000000000000000000e+00 5.636197285266107817e-06
2.326000000000000000e+03 1.023657245079954208e-13 -6.389584700761111388e-14 1.510542273828876885e-13 0.000000000000000000e+00 1.195048719925767506e-05
2.327000000000000000e+03 1.027414622777538744e-13 -6.433557384098624849e-14 1.462000288083816841e-13 0.000000000000000000e+00 1.064628903603012861e-05
2.328000000000000000e+03 1.031172000475123280e-13 -6.477530067436140834e-14 1.413458302338756798e-13 0.000000000000000000e+00 8.711490346537025526e-06
2.329000000000000000e+03 1.034929378172707817e-13 -6.521502750773654294e-14 1.364916316593696754e-13 0.000000000000000000e+00 7.182307227743113754e-06
2.330000000000000000e+03 1.038686755870292353e-13 -6.565475434111170279e-14 1.316374330848636710e-13 0.000000000000000000e+00 9.829613955380140544e-06
2.331000000000000000e+03 1.042444133567876889e-13 -6.609448117448683740e-14 1.267832345103576666e-13 0.000000000000000000e+00 9.176938058338149907e-06
2.332000000000000000e+03 1.046201511265461425e-13 -6.653420800786199725e-14 1.219290359358516622e-13 0.000000000000000000e+00 7.351191490413720818e-06
2.333000000000000000e+03 1.049958888963045962e-13 -6.697393484123713185e-14 1.170748373613456578e-13 0.000000000000000000e+00 9.010608889135907412e-06
2.334000000000000000e+03 1.053716266660630498e-13 -6.741366167461229170e-14 1.122206387868396534e-13 0.000000000000000000e+00 9.792247712273170976e-06
2.335000000000000000e+03 1.057002088691405349e-13 -6.774262705032442597e-14 1.086781795917538509e-13 0.000000000000000000e+00 9.660818224390776046e-06
2.336000000000000000e+03 1.059816355055370390e-13 -6.796083096837355989e-14 1.064474597760882375e-13 0.000000000000000000e+00 9.502020735139160923e-06
2.337000000000000000e+03 1.062630621419335430e-13 -6.817903488642268120e-14 1.042167399604226368e-13 0.000000000000000000e+00 5.102709780856950624e-06
2.338000000000000000e+03 1.065444887783300470e-13 -6.839723880447181512e-14 1.019860201447570361e-13 0.000000000000000000e+00 9.659481483031730141e-06
2.339000000000000000e+03 1.068259154147265510e-13 -6.861544272252094905e-14 9.975530032909142275e-14 0.000000000000000000e+00 7.147970216508859660e-06
2.340000000000000000e+03 1.071073420511230551e-13 -6.883364664057008297e-14 9.752458051342582204e-14 0.000000000000000000e+00 7.998596216715523241e-06
2.341000000000000000e+03 1.073887686875195591e-13 -6.905185055861921690e-14 9.529386069776020869e-14 0.000000000000000000e+00 1.249802568216450927e-05
2.342000000000000000e+03 1.076701953239160631e-13 -6.927005447666835083e-14 9.306314088209460797e-14 0.000000000000000000e+00 7.645247018218829447e-06
2.343000000000000000e+03 1.079516219603125671e-13 -6.948825839471747213e-14 9.083242106642899463e-14 0.000000000000000000e+00 7.150333005944544379e-06
2.344000000000000000e+03 1.082330485967090712e-13 -6.970646231276660606e-14 8.860170125076339391e-14 0.000000000000000000e+00 1.216689118575418885e-05
2.345000000000000000e+03 1.085072940775820886e-13 -6.982862334496980090e-14 8.480635131763839121e-14 0.000000000000000000e+00 5.313329872081424812e-06
2.346000000000000000e+03 1.087743584029315943e-13 -6.985474149132705665e-14 7.944637126705398651e-14 0.000000000000000000e+00 8.296442619099668255e-06
2.347000000000000000e+03 1.090414227282811126e-13 -6.988085963768431240e-14 7.408639121646959444e-14 0.000000000000000000e+00 5.492212717559455924e-06
2.348000000000000000e+03 1.093084870536306309e-13 -6.990697778404158078e-14 6.872641116588518975e-14 0.000000000000000000e+00 1.283632244835381872e-05
2.349000000000000000e+03 1.095755513789801366e-13 -6.993309593039883653e-14 6.336643111530079767e-14 0.000000000000000000e+00 7.568013442415952107e-06
2.350000000000000000e+03 1.098426157043296548e-13 -6.995921407675609229e-14 5.800645106471639298e-14 0.000000000000000000e+00 8.129390361465509525e-06
2.351000000000000000e+03 1.101096800296791605e-13 -6.998533222311334804e-14 5.264647101413199460e-14 0.000000000000000000e+00 7.335068947436884759e-06
2.352000000000000000e+03 1.103767443550286788e-13 -7.001145036947061642e-14 4.728649096354759621e-14 0.000000000000000000e+00 8.727149392715310294e-06
2.353000000000000000e+03 1.106438086803781971e-13 -7.003756851582787217e-14 4.192651091296319152e-14 0.000000000000000000e+00 8.130780244782508575e-06
2.354000000000000000e+03 1.109108730057277028e-13 -7.006368666218512793e-14 3.656653086237879314e-14 0.000000000000000000e+00 6.185947590244289788e-06
2.355000000000000000e+03 1.112171466717342091e-13 -7.002468211463795206e-14 3.269427034340208749e-14 0.000000000000000000e+00 1.163590783099511091e-05
2.356000000000000000e+03 1.115626296783977034e-13 -6.992055487318634457e-14 3.030972935603307458e-14 0.000000000000000000e+00 8.609982139589955323e-06
2.357000000000000000e+03 1.119081126850611978e-13 -6.981642763173473709e-14 2.792518836866406798e-14 0.000000000000000000e+00 7.925862131037554644e-06
2.358000000000000000e+03 1.122535956917246922e-13 -6.971230039028312960e-14 2.554064738129506138e-14 0.000000000000000000e+00 1.055574802797650982e-05
2.359000000000000000e+03 1.125990786983881865e-13 -6.960817314883152211e-14 2.315610639392604847e-14 0.000000000000000000e+00 3.949700851255589942e-06
2.360000000000000000e+03 1.129445617050516682e-13 -6.950404590737991462e-14 2.077156540655704187e-14 0.000000000000000000e+00 8.737665418487988305e-06
2.361000000000000000e+03 1.132900447117151626e-13 -6.939991866592830714e-14 1.838702441918803211e-14 0.000000000000000000e+00 6.489386630475060190e-06
2.362000000000000000e+03 1.136355277183786570e-13 -6.929579142447669965e-14 1.600248343181902236e-14 0.000000000000000000e+00 1.207611885000646357e-05
2.363000000000000000e+03 1.139810107250421513e-13 -6.919166418302509216e-14 1.361794244445001576e-14 0.000000000000000000e+00 8.074701888413002282e-06
2.364000000000000000e+03 1.143264937317056457e-13 -6.908753694157348468e-14 1.123340145708100600e-14 0.000000000000000000e+00 7.246308175685442869e-06
2.365000000000000000e+03 1.146282271685802163e-13 -6.888458078777362891e-14 8.270035924108864580e-15 0.000000000000000000e+00 5.803613800753224776e-06
2.366000000000000000e+03 1.148862110356658884e-13 -6.858279572162552487e-14 4.727845845533589912e-15 0.000000000000000000e+00 1.019461626149661731e-05
2.367000000000000000e+03 1.151441949027515605e-13 -6.828101065547742083e-14 1.185655766958313666e-15 0.000000000000000000e+00 5.092404424789224325e-06
2.368000000000000000e+03 1.154021787698372326e-13 -6.797922558932931679e-14 -2.356534311616961002e-15 0.000000000000000000e+00 6.476840189678688925e-06
2.369000000000000000e+03 1.156601626369229047e-13 -6.767744052318121275e-14 -5.898724390192235670e-15 0.000000000000000000e+00 1.117511833780874524e-05
2.370000000000000000e+03 1.159181465040085516e-13 -6.737565545703309609e-14 -9.440914468767511916e-15 0.000000000000000000e+00 8.853735398750348700e-06
2.371000000000000000e+03 1.161761303710942237e-13 -6.707387039088499205e-14 -1.298310454734278816e-14 0.000000000000000000e+00 7.379318854420034967e-06
2.372000000000000000e+03 1.164341142381798958e-13 -6.677208532473688801e-14 -1.652529462591806441e-14 0.000000000000000000e+00 8.243820556148443566e-06
2.373000000000000000e+03 1.166920981052655679e-13 -6.647030025858878397e-14 -2.006748470449334065e-14 0.000000000000000000e+00 5.758783784269015410e-06
2.374000000000000000e+03 1.169500819723512400e-13 -6.616851519244067993e-14 -2.360967478306861374e-14 0.000000000000000000e+00 7.506343873156954187e-06
2.375000000000000000e+03 1.171995462091978481e-13 -6.579619099633441479e-14 -2.655642269228912410e-14 0.000000000000000000e+00 9.706129051939529526e-06
2.376000000000000000e+03 1.174404908158054176e-13 -6.535332767026998854e-14 -2.890772843215485911e-14 0.000000000000000000e+00 7.380366321091293006e-06
2.377000000000000000e+03 1.176814354224129870e-13 -6.491046434420556230e-14 -3.125903417202060042e-14 0.000000000000000000e+00 8.733503572837697949e-06
2.378000000000000000e+03 1.179223800290205564e-13 -6.446760101814113605e-14 -3.361033991188634174e-14 0.000000000000000000e+00 6.197103091724525534e-06
2.379000000000000000e+03 1.181633246356281259e-13 -6.402473769207670981e-14 -3.596164565175207674e-14 0.000000000000000000e+00 8.148405880277969038e-06
2.380000000000000000e+03 1.184042692422357205e-13 -6.358187436601229619e-14 -3.831295139161781175e-14 0.000000000000000000e+00 8.823407743621384971e-06
2.381000000000000000e+03 1.186452138488432900e-13 -6.313901103994786994e-14 -4.066425713148355306e-14 0.000000000000000000e+00 5.086169735028995328e-06
2.382000000000000000e+03 1.188861584554508594e-13 -6.269614771388344370e-14 -4.301556287134929438e-14 0.000000000000000000e+00 7.152686002046321667e-06
2.383000000000000000e+03 1.191271030620584288e-13 -6.225328438781901745e-14 -4.536686861121502939e-14 0.000000000000000000e+00 9.378451868784632421e-06
2.384000000000000000e+03 1.193680476686659983e-13 -6.181042106175459121e-14 -4.771817435108077070e-14 0.000000000000000000e+00 9.628161532363309580e-06
2.385000000000000000e+03 1.196622221499284130e-13 -6.131840393536518767e-14 -4.976471500475099123e-14 0.000000000000000000e+00 8.059952864195597721e-06
2.386000000000000000e+03 1.200096265058456982e-13 -6.077723300865080684e-14 -5.150649057222570358e-14 0.000000000000000000e+00 6.190419102361041122e-06
2.387000000000000000e+03 1.203570308617629833e-13 -6.023606208193641340e-14 -5.324826613970041594e-14 0.000000000000000000e+00 4.649725573191765766e-06
2.388000000000000000e+03 1.207044352176802433e-13 -5.969489115522203257e-14 -5.499004170717512830e-14 0.000000000000000000e+00 1.055669801289205959e-05
2.389000000000000000e+03 1.210518395735975285e-13 -5.915372022850765174e-14 -5.673181727464984066e-14 0.000000000000000000e+00 6.681337852763775083e-06
2.390000000000000000e+03 1.213992439295148136e-13 -5.861254930179325829e-14 -5.847359284212455301e-14 0.000000000000000000e+00 6.816650896415063149e-06
2.391000000000000000e+03 1.217466482854320988e-13 -5.807137837507887747e-14 -6.021536840959925906e-14 0.000000000000000000e+00 9.262295881882082340e-06
2.392000000000000000e+03 1.220940526413493588e-13 -5.753020744836449664e-14 -6.195714397707396511e-14 0.000000000000000000e+00 5.814053866017824214e-06
2.393000000000000000e+03 1.224414569972666439e-13 -5.698903652165010319e-14 -6.369891954454868377e-14 0.000000000000000000e+00 7.477153470103733739e-06
2.394000000000000000e+03 1.227888613531839291e-13 -5.644786559493572237e-14 -6.544069511202338982e-14 0.000000000000000000e+00 9.851258411179445660e-06
2.395000000000000000e+03 1.228019979630603050e-13 -5.576581856384215067e-14 -6.758469584590431568e-14 0.000000000000000000e+00 4.283317750691597683e-06
2.396000000000000000e+03 1.224808668268957969e-13 -5.494289542836938811e-14 -7.013092174619146136e-14 0.000000000000000000e+00 7.133094607125959695e-06
2.397000000000000000e+03 1.221597356907312635e-13 -5.411997229289662555e-14 -7.267714764647859441e-14 0.000000000000000000e+00 9.149898318117673511e-06
2.398000000000000000e+03 1.218386045545667554e-13 -5.329704915742386299e-14 -7.522337354676572746e-14 0.000000000000000000e+00 9.277428655806692763e-06
2.399000000000000000e+03 1.215174734184022473e-13 -5.247412602195110042e-14 -7.776959944705287314e-14 0.000000000000000000e+00 7.625183969807643416e-06
2.400000000000000000e+03 1.211963422822377139e-13 -5.165120288647833786e-14 -8.031582534734000619e-14 0.000000000000000000e+00 4.633103475125546967e-06
2.401000000000000000e+03 1.208752111460732057e-13 -5.082827975100556899e-14 -8.286205124762715186e-14 0.000000000000000000e+00 5.951708523918889099e-06
2.402000000000000000e+03 1.205540800099086976e-13 -5.000535661553280643e-14 -8.540827714791428492e-14 0.000000000000000000e+00 9.057893598056781690e-06
2.403000000000000000e+03 1.202329488737441642e-13 -4.918243348006004387e-14 -8.795450304820141797e-14 0.000000000000000000e+00 5.164798691334512470e-06
2.404000000000000000e+03 1.199118177375796561e-13 -4.835951034458728130e-14 -9.050072894848856364e-14 0.000000000000000000e+00 8.453442730425945792e-06
2.405000000000000000e+03 1.201831738795197306e-13 -4.775137174119985192e-14 -9.209579483566217368e-14 0.000000000000000000e+00 8.688208385436665303e-06
2.406000000000000000e+03 1.210470172995644129e-13 -4.735801766989774940e-14 -9.273970070972226070e-14 0.000000000000000000e+00 7.920243057540430538e-06
2.407000000000000000e+03 1.219108607196090951e-13 -4.696466359859565320e-14 -9.338360658378233510e-14 0.000000000000000000e+00 6.443409367580375750e-06
2.408000000000000000e+03 1.227747041396537522e-13 -4.657130952729355699e-14 -9.402751245784242212e-14 0.000000000000000000e+00 8.798873130697333731e-06
2.409000000000000000e+03 1.236385475596984345e-13 -4.617795545599145448e-14 -9.467141833190250914e-14 0.000000000000000000e+00 3.187974315498513949e-06
2.410000000000000000e+03 1.245023909797431168e-13 -4.578460138468935827e-14 -9.531532420596259616e-14 0.000000000000000000e+00 7.857725738699309704e-06
2.411000000000000000e+03 1.253662343997877991e-13 -4.539124731338725576e-14 -9.595923008002268318e-14 0.000000000000000000e+00 9.665179058082644441e-06
2.412000000000000000e+03 1.262300778198324561e-13 -4.499789324208515955e-14 -9.660313595408277020e-14 0.000000000000000000e+00 7.890417876920440132e-06
2.413000000000000000e+03 1.270939212398771384e-13 -4.460453917078306335e-14 -9.724704182814284460e-14 0.000000000000000000e+00 5.693685331092484618e-06
2.414000000000000000e+03 1.279577646599218207e-13 -4.421118509948096083e-14 -9.789094770220293162e-14 0.000000000000000000e+00 6.746143628093248965e-06
2.415000000000000000e+03 1.284455436434503375e-13 -4.368168103227504178e-14 -9.905641542248808117e-14 0.000000000000000000e+00 6.725752827110588755e-06
2.416000000000000000e+03 1.285572581904627142e-13 -4.301602696916529989e-14 -1.007434449889983059e-13 0.000000000000000000e+00 8.507126126947810757e-06
2.417000000000000000e+03 1.286689727374750908e-13 -4.235037290605555801e-14 -1.024304745555085306e-13 0.000000000000000000e+00 3.610777913404132591e-06
2.418000000000000000e+03 1.287806872844874675e-13 -4.168471884294581612e-14 -1.041175041220187553e-13 0.000000000000000000e+00 8.048353981870686054e-06
2.419000000000000000e+03 1.288924018314998441e-13 -4.101906477983607423e-14 -1.058045336885289800e-13 0.000000000000000000e+00 9.630764146067004051e-06
2.420000000000000000e+03 1.290041163785122207e-13 -4.035341071672633234e-14 -1.074915632550391921e-13 0.000000000000000000e+00 8.450641757713936748e-06
2.421000000000000000e+03 1.291158309255245974e-13 -3.968775665361658414e-14 -1.091785928215494168e-13 0.000000000000000000e+00 5.413331092051323459e-06
2.422000000000000000e+03 1.292275454725369740e-13 -3.902210259050684225e-14 -1.108656223880596415e-13 0.000000000000000000e+00 8.166690930526565668e-06
2.423000000000000000e+03 1.293392600195493507e-13 -3.835644852739710036e-14 -1.125526519545698662e-13 0.000000000000000000e+00 3.590700133845077298e-06
2.424000000000000000e+03 1.294509745665617273e-13 -3.769079446428735847e-14 -1.142396815210800909e-13 0.000000000000000000e+00 8.900991265521188652e-06
2.425000000000000000e+03 1.294460057716938276e-13 -3.702232453156912562e-14 -1.152542465713613454e-13 0.000000000000000000e+00 7.650760751225760655e-06
2.426000000000000000e+03 1.293243536349456263e-13 -3.635103872924240811e-14 -1.155963471054136423e-13 0.000000000000000000e+00 7.052749120515775862e-06
2.427000000000000000e+03 1.292027014981974503e-13 -3.567975292691569060e-14 -1.159384476394659644e-13 0.000000000000000000e+00 7.492275038382005625e-06
2.428000000000000000e+03 1.290810493614492490e-13 -3.500846712458896679e-14 -1.162805481735182613e-13 0.000000000000000000e+00 5.580531327110585239e-06
2.429000000000000000e+03 1.289593972247010730e-13 -3.433718132226224928e-14 -1.166226487075705582e-13 0.000000000000000000e+00 7.479774487501552176e-06
2.430000000000000000e+03 1.288377450879528717e-13 -3.366589551993553177e-14 -1.169647492416228551e-13 0.000000000000000000e+00 7.127024217685746631e-06
2.431000000000000000e+03 1.287160929512046956e-13 -3.299460971760881427e-14 -1.173068497756751520e-13 0.000000000000000000e+00 3.538955017747640092e-06
2.432000000000000000e+03 1.285944408144564944e-13 -3.232332391528209045e-14 -1.176489503097274489e-13 0.000000000000000000e+00 8.123921467958606136e-06
2.433000000000000000e+03 1.284727886777083183e-13 -3.165203811295537294e-14 -1.179910508437797711e-13 0.000000000000000000e+00 9.948697511293158214e-06
2.434000000000000000e+03 1.283511365409601170e-13 -3.098075231062865544e-14 -1.183331513778320680e-13 0.000000000000000000e+00 6.850992831672657733e-06
2.435000000000000000e+03 1.284841624848758360e-13 -3.038697933007936879e-14 -1.186283276944996356e-13 0.000000000000000000e+00 6.505371275014389916e-06
2.436000000000000000e+03 1.288718665094554754e-13 -2.987071917130751300e-14 -1.188765797937824487e-13 0.000000000000000000e+00 5.472166356182128416e-06
2.437000000000000000e+03 1.292595705340351147e-13 -2.935445901253566352e-14 -1.191248318930652618e-13 0.000000000000000000e+00 6.377635472036481356e-06
2.438000000000000000e+03 1.296472745586147288e-13 -2.883819885376381405e-14 -1.193730839923480748e-13 0.000000000000000000e+00 8.534628429083437924e-06
2.439000000000000000e+03 1.300349785831943681e-13 -2.832193869499196141e-14 -1.196213360916308879e-13 0.000000000000000000e+00 4.832516222552295635e-06
2.440000000000000000e+03 1.304226826077739822e-13 -2.780567853622010878e-14 -1.198695881909137263e-13 0.000000000000000000e+00 8.823438949935935647e-06
2.441000000000000000e+03 1.308103866323536215e-13 -2.728941837744825930e-14 -1.201178402901965393e-13 0.000000000000000000e+00 6.295492939018292545e-06
2.442000000000000000e+03 1.311980906569332356e-13 -2.677315821867640667e-14 -1.203660923894793524e-13 0.000000000000000000e+00 8.845789500891462049e-06
2.443000000000000000e+03 1.315857946815128749e-13 -2.625689805990455404e-14 -1.206143444887621655e-13 0.000000000000000000e+00 4.253838331685659685e-06
2.444000000000000000e+03 1.319734987060925143e-13 -2.574063790113270456e-14 -1.208625965880449786e-13 0.000000000000000000e+00 7.514529441930555664e-06
2.445000000000000000e+03 1.321383618358816260e-13 -2.527613174471865637e-14 -1.214944804808837983e-13 0.000000000000000000e+00 3.127573779196150163e-06
2.446000000000000000e+03 1.320803840708802354e-13 -2.486337959066241262e-14 -1.225099961672786246e-13 0.000000000000000000e+00 7.994281608022454040e-06
2.447000000000000000e+03 1.320224063058788701e-13 -2.445062743660616887e-14 -1.235255118536734510e-13 0.000000000000000000e+00 9.346096141328649263e-06
2.448000000000000000e+03 1.319644285408774795e-13 -2.403787528254992828e-14 -1.245410275400682773e-13 0.000000000000000000e+00 6.900973170880929887e-06
2.449000000000000000e+03 1.319064507758760890e-13 -2.362512312849368453e-14 -1.255565432264631037e-13 0.000000000000000000e+00 6.874694495583597706e-06
2.450000000000000000e+03 1.318484730108746984e-13 -2.321237097443744078e-14 -1.265720589128579048e-13 0.000000000000000000e+00 3.676084710181644163e-06
2.451000000000000000e+03 1.317904952458733078e-13 -2.279961882038119703e-14 -1.275875745992527312e-13 0.000000000000000000e+00 7.186706503650309258e-06
2.452000000000000000e+03 1.317325174808719425e-13 -2.238686666632495643e-14 -1.286030902856475575e-13 0.000000000000000000e+00 8.478880769245130756e-06
2.453000000000000000e+03 1.316745397158705519e-13 -2.197411451226871269e-14 -1.296186059720423839e-13 0.000000000000000000e+00 3.978571936501425041e-06
2.454000000000000000e+03 1.316165619508691613e-13 -2.156136235821246894e-14 -1.306341216584372102e-13 0.000000000000000000e+00 8.154850889114227149e-06
2.455000000000000000e+03 1.318545054476018022e-13 -2.122996250529722809e-14 -1.308324460921477993e-13 0.000000000000000000e+00 9.272598285940355207e-06
2.456000000000000000e+03 1.323883702060684494e-13 -2.097991495352298383e-14 -1.302135792731741512e-13 0.000000000000000000e+00 5.893300880524113269e-06
2.457000000000000000e+03 1.329222349645351218e-13 -2.072986740174873957e-14 -1.295947124542005032e-13 0.000000000000000000e+00 7.033480659627719086e-06
2.458000000000000000e+03 1.334560997230017690e-13 -2.047981984997449532e-14 -1.289758456352268551e-13 0.000000000000000000e+00 6.342444943926430128e-06
2.459000000000000000e+03 1.339899644814684414e-13 -2.022977229820025106e-14 -1.283569788162532070e-13 0.000000000000000000e+00 3.187371678213718839e-06
2.460000000000000000e+03 1.345238292399350886e-13 -1.997972474642600680e-14 -1.277381119972795841e-13 0.000000000000000000e+00 7.754169983000544088e-06
2.461000000000000000e+03 1.350576939984017610e-13 -1.972967719465176255e-14 -1.271192451783059360e-13 0.000000000000000000e+00 9.873748149938707400e-06
2.462000000000000000e+03 1.355915587568684081e-13 -1.947962964287751829e-14 -1.265003783593322879e-13 0.000000000000000000e+00 5.115227285614923411e-06
2.463000000000000000e+03 1.361254235153350806e-13 -1.922958209110327403e-14 -1.258815115403586398e-13 0.000000000000000000e+00 7.786324018256080064e-06
2.464000000000000000e+03 1.366592882738017277e-13 -1.897953453932902977e-14 -1.252626447213849917e-13 0.000000000000000000e+00 4.814979908278208842e-06
2.465000000000000000e+03 1.368894797577205233e-13 -1.877634563923929028e-14 -1.253826434379904702e-13 0.000000000000000000e+00 5.658266132066545516e-06
2.466000000000000000e+03 1.368159979670914420e-13 -1.862001539083405872e-14 -1.262415076901750500e-13 0.000000000000000000e+00 7.143860468874417175e-06
2.467000000000000000e+03 1.367425161764623607e-13 -1.846368514242882084e-14 -1.271003719423596298e-13 0.000000000000000000e+00 3.760474055797483474e-06
2.468000000000000000e+03 1.366690343858332794e-13 -1.830735489402358927e-14 -1.279592361945442349e-13 0.000000000000000000e+00 9.020687311971806947e-06
2.469000000000000000e+03 1.365955525952041981e-13 -1.815102464561835139e-14 -1.288181004467288147e-13 0.000000000000000000e+00 8.425856304935094699e-06
2.470000000000000000e+03 1.365220708045750915e-13 -1.799469439721311982e-14 -1.296769646989133946e-13 0.000000000000000000e+00 7.088072633220458208e-06
2.471000000000000000e+03 1.364485890139460102e-13 -1.783836414880788194e-14 -1.305358289510979744e-13 0.000000000000000000e+00 5.789744957154051732e-06
2.472000000000000000e+03 1.363751072233169289e-13 -1.768203390040265037e-14 -1.313946932032825795e-13 0.000000000000000000e+00 5.234341505423697856e-06
2.473000000000000000e+03 1.363016254326878476e-13 -1.752570365199741249e-14 -1.322535574554671593e-13 0.000000000000000000e+00 5.267710600712645133e-06
2.474000000000000000e+03 1.362281436420587663e-13 -1.736937340359218092e-14 -1.331124217076517391e-13 0.000000000000000000e+00 7.135595455218920802e-06
2.475000000000000000e+03 1.362661020637625203e-13 -1.729977227457735698e-14 -1.331427641869765775e-13 0.000000000000000000e+00 7.915656344778888626e-06
2.476000000000000000e+03 1.364155006977990843e-13 -1.731690026495295014e-14 -1.323445848934416996e-13 0.000000000000000000e+00 6.971226518183810501e-06
2.477000000000000000e+03 1.365648993318356736e-13 -1.733402825532854330e-14 -1.315464055999068218e-13 0.000000000000000000e+00 6.158595515997134524e-06
2.478000000000000000e+03 1.367142979658722377e-13 -1.735115624570413330e-14 -1.307482263063719439e-13 0.000000000000000000e+00 7.338325390225900822e-06
2.479000000000000000e+03 1.368636965999088270e-13 -1.736828423607972645e-14 -1.299500470128370661e-13 0.000000000000000000e+00 3.998803302814503554e-06
2.480000000000000000e+03 1.370130952339453910e-13 -1.738541222645531961e-14 -1.291518677193021630e-13 0.000000000000000000e+00 7.218737626241959121e-06
2.481000000000000000e+03 1.371624938679819803e-13 -1.740254021683091276e-14 -1.283536884257672852e-13 0.000000000000000000e+00 2.222076368758228011e-06
2.482000000000000000e+03 1.373118925020185443e-13 -1.741966820720650276e-14 -1.275555091322324073e-13 0.000000000000000000e+00 1.158636469055645593e-05
2.483000000000000000e+03 1.374612911360551336e-13 -1.743679619758209592e-14 -1.267573298386975295e-13 0.000000000000000000e+00 6.609690402921544025e-06
2.484000000000000000e+03 1.376106897700916977e-13 -1.745392418795768907e-14 -1.259591505451626516e-13 0.000000000000000000e+00 5.741787157733273586e-06
2.485000000000000000e+03 1.375792347923495682e-13 -1.752731143657684870e-14 -1.255057822226427270e-13 0.000000000000000000e+00 5.419619509538299707e-06
2.486000000000000000e+03 1.373669262028287200e-13 -1.765695794343958111e-14 -1.253972248711378060e-13 0.000000000000000000e+00 6.159384860056619476e-06
2.487000000000000000e+03 1.371546176133078718e-13 -1.778660445030231352e-14 -1.252886675196328597e-13 0.000000000000000000e+00 6.335302772963317476e-06
2.488000000000000000e+03 1.369423090237870236e-13 -1.791625095716504277e-14 -1.251801101681279387e-13 0.000000000000000000e+00 7.596370681833893424e-06
2.489000000000000000e+03 1.367300004342661754e-13 -1.804589746402777518e-14 -1.250715528166229925e-13 0.000000000000000000e+00 7.283692990910116165e-06
2.490000000000000000e+03 1.365176918447453020e-13 -1.817554397089050443e-14 -1.249629954651180714e-13 0.000000000000000000e+00 5.782970707693006026e-06
2.491000000000000000e+03 1.363053832552244538e-13 -1.830519047775323684e-14 -1.248544381136131252e-13 0.000000000000000000e+00 6.701560120264136738e-06
2.492000000000000000e+03 1.360930746657036056e-13 -1.843483698461596609e-14 -1.247458807621082042e-13 0.000000000000000000e+00 7.135558903365364720e-06
2.493000000000000000e+03 1.358807660761827574e-13 -1.856448349147869850e-14 -1.246373234106032579e-13 0.000000000000000000e+00 3.795499170985790999e-06
2.494000000000000000e+03 1.356684574866619092e-13 -1.869412999834143091e-14 -1.245287660590983369e-13 0.000000000000000000e+00 7.021210917618874784e-06
2.495000000000000000e+03 1.355738405733366209e-13 -1.892253218595221570e-14 -1.246122349318611676e-13 0.000000000000000000e+00 2.782817115533229472e-06
2.496000000000000000e+03 1.355969153362068926e-13 -1.924969005431105918e-14 -1.248877300288918004e-13 0.000000000000000000e+00 1.168885584807400944e-05
2.497000000000000000e+03 1.356199900990771896e-13 -1.957684792266989951e-14 -1.251632251259224332e-13 0.000000000000000000e+00 6.832567482983134216e-06
2.498000000000000000e+03 1.356430648619474613e-13 -1.990400579102874299e-14 -1.254387202229530661e-13 0.000000000000000000e+00 5.664568373439501137e-06
2.499000000000000000e+03 1.356661396248177330e-13 -2.023116365938758647e-14 -1.257142153199836989e-13 0.000000000000000000e+00 6.198527473960336366e-06
2.500000000000000000e+03 1.356892143876880047e-13 -2.055832152774642680e-14 -1.259897104170143065e-13 0.000000000000000000e+00 6.385927333518852648e-06
2.501000000000000000e+03 1.357122891505582764e-13 -2.088547939610527028e-14 -1.262652055140449393e-13 0.000000000000000000e+00 3.921565710585050936e-06
2.502000000000000000e+03 1.357353639134285482e-13 -2.121263726446411377e-14 -1.265407006110755721e-13 0.000000000000000000e+00 6.719534380352113699e-06
2.503000000000000000e+03 1.357584386762988451e-13 -2.153979513282295409e-14 -1.268161957081062049e-13 0.000000000000000000e+00 5.872254020436201800e-06
2.504000000000000000e+03 1.357815134391691168e-13 -2.186695300118179757e-14 -1.270916908051368378e-13 0.000000000000000000e+00 8.220782462946689168e-06
2.505000000000000000e+03 1.359604877187732797e-13 -2.226856870743687724e-14 -1.270913069473677960e-13 0.000000000000000000e+00 6.999954637249564265e-06
2.506000000000000000e+03 1.362953615151113337e-13 -2.274464225158819939e-14 -1.268150441347990798e-13 0.000000000000000000e+00 5.913008452197408363e-06
2.507000000000000000e+03 1.366302353114493624e-13 -2.322071579573952155e-14 -1.265387813222303888e-13 0.000000000000000000e+00 5.397426374047551100e-06
2.508000000000000000e+03 1.369651091077874164e-13 -2.369678933989084055e-14 -1.262625185096616978e-13 0.000000000000000000e+00 5.810594576075054447e-06
2.509000000000000000e+03 1.372999829041254704e-13 -2.417286288404216270e-14 -1.259862556970929815e-13 0.000000000000000000e+00 5.325690134657306562e-06
2.510000000000000000e+03 1.376348567004634992e-13 -2.464893642819348485e-14 -1.257099928845242905e-13 0.000000000000000000e+00 7.958047912708831928e-06
2.511000000000000000e+03 1.379697304968015532e-13 -2.512500997234480701e-14 -1.254337300719555742e-13 0.000000000000000000e+00 7.340897173025145978e-06
2.512000000000000000e+03 1.383046042931396072e-13 -2.560108351649612601e-14 -1.251574672593868832e-13 0.000000000000000000e+00 5.161112421743246501e-06
2.513000000000000000e+03 1.386394780894776359e-13 -2.607715706064744816e-14 -1.248812044468181922e-13 0.000000000000000000e+00 7.030766590879756182e-06
2.514000000000000000e+03 1.389743518858156899e-13 -2.655323060479877032e-14 -1.246049416342494760e-13 0.000000000000000000e+00 5.464418615757499887e-06
2.515000000000000000e+03 1.389661272689022700e-13 -2.704970845392697107e-14 -1.247934818017019598e-13 0.000000000000000000e+00 4.419728649773102496e-06
2.516000000000000000e+03 1.386148042387374014e-13 -2.756659060803205357e-14 -1.254468249491756437e-13 0.000000000000000000e+00 7.250387684377065899e-06
2.517000000000000000e+03 1.382634812085725076e-13 -2.808347276213713922e-14 -1.261001680966493276e-13 0.000000000000000000e+00 4.585865125883461313e-06
2.518000000000000000e+03 1.379121581784076390e-13 -2.860035491624222488e-14 -1.267535112441229862e-13 0.000000000000000000e+00 1.023270594945150050e-05
2.519000000000000000e+03 1.375608351482427452e-13 -2.911723707034730738e-14 -1.274068543915966702e-13 0.000000000000000000e+00 6.362621384392002968e-06
2.520000000000000000e+03 1.372095121180778766e-13 -2.963411922445238988e-14 -1.280601975390703288e-13 0.000000000000000000e+00 4.487594001149411291e-06
2.521000000000000000e+03 1.368581890879129828e-13 -3.015100137855747238e-14 -1.287135406865440127e-13 0.000000000000000000e+00 5.277621958143217510e-06
2.522000000000000000e+03 1.365068660577481142e-13 -3.066788353266255488e-14 -1.293668838340176714e-13 0.000000000000000000e+00 6.220423278450112180e-06
2.523000000000000000e+03 1.361555430275832204e-13 -3.118476568676763738e-14 -1.300202269814913553e-13 0.000000000000000000e+00 3.868538026996695175e-06
2.524000000000000000e+03 1.358042199974183518e-13 -3.170164784087271989e-14 -1.306735701289650392e-13 0.000000000000000000e+00 9.212816901256548830e-06
2.525000000000000000e+03 1.359115612537352435e-13 -3.236601426916111737e-14 -1.312367522491966750e-13 0.000000000000000000e+00 6.824981033278347733e-06
2.526000000000000000e+03 1.364775667965339460e-13 -3.317786497163282985e-14 -1.317097733421863132e-13 0.000000000000000000e+00 4.616706618046481211e-06
2.527000000000000000e+03 1.370435723393326233e-13 -3.398971567410454232e-14 -1.321827944351759514e-13 0.000000000000000000e+00 9.085770030845612710e-06
2.528000000000000000e+03 1.376095778821313005e-13 -3.480156637657624848e-14 -1.326558155281655896e-13 0.000000000000000000e+00 5.458915490113892493e-06
2.529000000000000000e+03 1.381755834249300030e-13 -3.561341707904796096e-14 -1.331288366211552279e-13 0.000000000000000000e+00 4.090508348898612438e-06
2.530000000000000000e+03 1.387415889677286803e-13 -3.642526778151967343e-14 -1.336018577141448408e-13 0.000000000000000000e+00 5.325548530215755968e-06
2.531000000000000000e+03 1.393075945105273828e-13 -3.723711848399138590e-14 -1.340748788071344791e-13 0.000000000000000000e+00 5.049265012067520186e-06
2.532000000000000000e+03 1.398736000533260600e-13 -3.804896918646309207e-14 -1.345478999001241173e-13 0.000000000000000000e+00 9.546380094330772070e-06
2.533000000000000000e+03 1.404396055961247373e-13 -3.886081988893480454e-14 -1.350209209931137555e-13 0.000000000000000000e+00 7.375288315269465318e-06
2.534000000000000000e+03 1.410056111389234398e-13 -3.967267059140651701e-14 -1.354939420861033937e-13 0.000000000000000000e+00 3.663816162238377883e-06
2.535000000000000000e+03 1.412338207185142922e-13 -4.044980506703376877e-14 -1.360261993878201879e-13 0.000000000000000000e+00 6.063989117784062929e-06
2.536000000000000000e+03 1.411242343348972946e-13 -4.119222331581655980e-14 -1.366176928982641887e-13 0.000000000000000000e+00 7.069375102047560183e-06
2.537000000000000000e+03 1.410146479512802970e-13 -4.193464156459935715e-14 -1.372091864087081894e-13 0.000000000000000000e+00 4.452275804432752125e-06
2.538000000000000000e+03 1.409050615676632994e-13 -4.267705981338214819e-14 -1.378006799191521649e-13 0.000000000000000000e+00 6.233530181670468733e-06
2.539000000000000000e+03 1.407954751840463018e-13 -4.341947806216493923e-14 -1.383921734295961656e-13 0.000000000000000000e+00 8.633048380109582270e-06
2.540000000000000000e+03 1.406858888004293295e-13 -4.416189631094773657e-14 -1.389836669400401663e-13 0.000000000000000000e+00 5.746216381718279023e-06
2.541000000000000000e+03 1.405763024168123319e-13 -4.490431455973052761e-14 -1.395751604504841671e-13 0.000000000000000000e+00 6.444428629668807116e-06
2.542000000000000000e+03 1.404667160331953343e-13 -4.564673280851331865e-14 -1.401666539609281425e-13 0.000000000000000000e+00 5.041230296230730828e-06
2.543000000000000000e+03 1.403571296495783367e-13 -4.638915105729611599e-14 -1.407581474713721433e-13 0.000000000000000000e+00 5.050579965650417579e-06
2.544000000000000000e+03 1.402475432659613391e-13 -4.713156930607890703e-14 -1.413496409818161440e-13 0.000000000000000000e+00 4.848111525837173053e-06
2.545000000000000000e+03 1.402783028861652185e-13 -4.792649327091521049e-14 -1.424223263647415508e-13 0.000000000000000000e+00 5.174463734568552357e-06
2.546000000000000000e+03 1.404494085101899495e-13 -4.877392295180502637e-14 -1.439762036201484141e-13 0.000000000000000000e+00 1.049213163151763365e-05
2.547000000000000000e+03 1.406205141342146552e-13 -4.962135263269484224e-14 -1.455300808755552522e-13 0.000000000000000000e+00 5.878493565614590140e-06
2.548000000000000000e+03 1.407916197582393862e-13 -5.046878231358465812e-14 -1.470839581309620902e-13 0.000000000000000000e+00 5.407242089830597311e-06
2.549000000000000000e+03 1.409627253822641172e-13 -5.131621199447447400e-14 -1.486378353863689536e-13 0.000000000000000000e+00 7.523549416696852047e-06
2.550000000000000000e+03 1.411338310062888230e-13 -5.216364167536428357e-14 -1.501917126417757916e-13 0.000000000000000000e+00 5.803046251104521668e-06
2.551000000000000000e+03 1.413049366303135540e-13 -5.301107135625409944e-14 -1.517455898971826549e-13 0.000000000000000000e+00 1.616985407056135458e-06
2.552000000000000000e+03 1.414760422543382850e-13 -5.385850103714391532e-14 -1.532994671525894930e-13 0.000000000000000000e+00 7.185174349504254235e-06
2.553000000000000000e+03 1.416471478783629907e-13 -5.470593071803373120e-14 -1.548533444079963311e-13 0.000000000000000000e+00 7.392686601690916686e-06
2.554000000000000000e+03 1.418182535023877217e-13 -5.555336039892354077e-14 -1.564072216634031944e-13 0.000000000000000000e+00 8.165983985959499513e-06
2.555000000000000000e+03 1.419999529295502307e-13 -5.641967514389288918e-14 -1.571342980873926658e-13 0.000000000000000000e+00 6.634399044210014920e-06
2.556000000000000000e+03 1.421922461598505430e-13 -5.730487495294176383e-14 -1.570345736799647704e-13 0.000000000000000000e+00 4.626014570212003417e-06
2.557000000000000000e+03 1.423845393901508553e-13 -5.819007476199063848e-14 -1.569348492725368751e-13 0.000000000000000000e+00 4.639608969068695475e-06
2.558000000000000000e+03 1.425768326204511423e-13 -5.907527457103951313e-14 -1.568351248651089798e-13 0.000000000000000000e+00 6.819387913505208540e-06
2.559000000000000000e+03 1.427691258507514546e-13 -5.996047438008838778e-14 -1.567354004576810845e-13 0.000000000000000000e+00 4.665233291123469862e-06
2.560000000000000000e+03 1.429614190810517669e-13 -6.084567418913724980e-14 -1.566356760502531639e-13 0.000000000000000000e+00 9.221935378413046266e-06
2.561000000000000000e+03 1.431537123113520791e-13 -6.173087399818612445e-14 -1.565359516428252686e-13 0.000000000000000000e+00 5.068796493186436561e-06
2.562000000000000000e+03 1.433460055416523662e-13 -6.261607380723499910e-14 -1.564362272353973733e-13 0.000000000000000000e+00 4.600031456899481835e-06
2.563000000000000000e+03 1.435382987719526784e-13 -6.350127361628387375e-14 -1.563365028279694780e-13 0.000000000000000000e+00 8.066032017563327662e-06
2.564000000000000000e+03 1.437305920022529907e-13 -6.438647342533274840e-14 -1.562367784205415826e-13 0.000000000000000000e+00 5.016632650687881413e-06
2.565000000000000000e+03 1.437046192365952044e-13 -6.516061741659097490e-14 -1.569747959311301271e-13 0.000000000000000000e+00 3.504990055533605275e-06
2.566000000000000000e+03 1.434603804749793699e-13 -6.582370559005856588e-14 -1.585505553597350860e-13 0.000000000000000000e+00 7.129520851301581451e-06
2.567000000000000000e+03 1.432161417133635102e-13 -6.648679376352615685e-14 -1.601263147883400702e-13 0.000000000000000000e+00 7.489565987042639438e-06
2.568000000000000000e+03 1.429719029517476757e-13 -6.714988193699374783e-14 -1.617020742169450292e-13 0.000000000000000000e+00 8.994170508595665292e-06
2.569000000000000000e+03 1.427276641901318412e-13 -6.781297011046133881e-14 -1.632778336455499881e-13 0.000000000000000000e+00 5.564224409600705546e-06
2.570000000000000000e+03 1.424834254285159815e-13 -6.847605828392891716e-14 -1.648535930741549723e-13 0.000000000000000000e+00 3.681615641596264527e-06
2.571000000000000000e+03 1.422391866669001471e-13 -6.913914645739650814e-14 -1.664293525027599312e-13 0.000000000000000000e+00 4.758422965770448699e-06
2.572000000000000000e+03 1.419949479052843126e-13 -6.980223463086409912e-14 -1.680051119313648902e-13 0.000000000000000000e+00 7.043473347368889172e-06
2.573000000000000000e+03 1.417507091436684529e-13 -7.046532280433169010e-14 -1.695808713599698744e-13 0.000000000000000000e+00 2.790273634608075699e-06
2.574000000000000000e+03 1.415064703820526184e-13 -7.112841097779928107e-14 -1.711566307885748333e-13 0.000000000000000000e+00 1.064878733312820533e-05
2.575000000000000000e+03 1.416599162829245362e-13 -7.198473284925995184e-14 -1.726302516567052254e-13 0.000000000000000000e+00 5.196681050552432580e-06
2.576000000000000000e+03 1.422110468462842568e-13 -7.303428841871372764e-14 -1.740017339643610506e-13 0.000000000000000000e+00 6.984693523430036642e-06
2.577000000000000000e+03 1.427621774096439521e-13 -7.408384398816750343e-14 -1.753732162720168506e-13 0.000000000000000000e+00 6.691242122862583310e-06
2.578000000000000000e+03 1.433133079730036727e-13 -7.513339955762126661e-14 -1.767446985796726758e-13 0.000000000000000000e+00 4.671110796178282474e-06
2.579000000000000000e+03 1.438644385363633680e-13 -7.618295512707504240e-14 -1.781161808873284757e-13 0.000000000000000000e+00 5.711311781719557158e-06
2.580000000000000000e+03 1.444155690997230886e-13 -7.723251069652880558e-14 -1.794876631949843009e-13 0.000000000000000000e+00 4.870060424616409358e-06
2.581000000000000000e+03 1.449666996630827839e-13 -7.828206626598258137e-14 -1.808591455026401009e-13 0.000000000000000000e+00 7.622952878696084967e-06
2.582000000000000000e+03 1.455178302264425045e-13 -7.933162183543634455e-14 -1.822306278102959261e-13 0.000000000000000000e+00 6.535650662124529852e-06
2.583000000000000000e+03 1.460689607898021998e-13 -8.038117740489012034e-14 -1.836021101179517260e-13 0.000000000000000000e+00 5.704625677314733995e-06
2.584000000000000000e+03 1.466200913531619204e-13 -8.143073297434389614e-14 -1.849735924256075513e-13 0.000000000000000000e+00 4.609722822228368639e-06
2.585000000000000000e+03 1.470218588815633654e-13 -8.234351314737747868e-14 -1.865634029050875771e-13 0.000000000000000000e+00 8.513066554494240631e-06
2.586000000000000000e+03 1.472742633750065854e-13 -8.311951792399088059e-14 -1.883715415563918037e-13 0.000000000000000000e+00 4.909446038199891609e-06
2.587000000000000000e+03 1.475266678684497802e-13 -8.389552270060426987e-14 -1.901796802076960303e-13 0.000000000000000000e+00 2.657306437209714673e-06
2.588000000000000000e+03 1.477790723618930001e-13 -8.467152747721767178e-14 -1.919878188590002821e-13 0.000000000000000000e+00 9.505773959009910907e-06
2.589000000000000000e+03 1.480314768553361949e-13 -8.544753225383107368e-14 -1.937959575103045087e-13 0.000000000000000000e+00 6.988450995819289537e-06
2.590000000000000000e+03 1.482838813487794149e-13 -8.622353703044447559e-14 -1.956040961616087352e-13 0.000000000000000000e+00 6.942550039335596950e-06
2.591000000000000000e+03 1.485362858422226096e-13 -8.699954180705787750e-14 -1.974122348129129618e-13 0.000000000000000000e+00 5.631768658778203513e-06
2.592000000000000000e+03 1.487886903356658296e-13 -8.777554658367127940e-14 -1.992203734642172136e-13 0.000000000000000000e+00 3.164832354601256610e-06
2.593000000000000000e+03 1.490410948291090243e-13 -8.855155136028466869e-14 -2.010285121155214402e-13 0.000000000000000000e+00 4.255840049665373063e-06
2.594000000000000000e+03 1.492934993225522443e-13 -8.932755613689807059e-14 -2.028366507668256668e-13 0.000000000000000000e+00 6.812046687795937182e-06
2.595000000000000000e+03 1.493613494629953748e-13 -8.995525087892581042e-14 -2.044518335582520928e-13 0.000000000000000000e+00 6.839733194942739043e-06
2.596000000000000000e+03 1.492446452504384662e-13 -9.043463558636788816e-14 -2.058740604898007183e-13 0.000000000000000000e+00 9.109672977147020267e-06
2.597000000000000000e+03 1.491279410378815576e-13 -9.091402029380996590e-14 -2.072962874213493185e-13 0.000000000000000000e+00 5.430228670300878107e-06
2.598000000000000000e+03 1.490112368253246491e-13 -9.139340500125203102e-14 -2.087185143528979187e-13 0.000000000000000000e+00 4.862137036116321012e-06
2.599000000000000000e+03 1.488945326127677405e-13 -9.187278970869410876e-14 -2.101407412844465442e-13 0.000000000000000000e+00 8.104491431624680038e-06
2.600000000000000000e+03 1.487778284002108067e-13 -9.235217441613618651e-14 -2.115629682159951444e-13 0.000000000000000000e+00 5.413245962775623596e-06
2.601000000000000000e+03 1.486611241876538982e-13 -9.283155912357826425e-14 -2.129851951475437699e-13 0.000000000000000000e+00 5.580285710326414527e-07
2.602000000000000000e+03 1.485444199750969896e-13 -9.331094383102032937e-14 -2.144074220790923701e-13 0.000000000000000000e+00 9.658657093416558577e-06
2.603000000000000000e+03 1.484277157625400810e-13 -9.379032853846240711e-14 -2.158296490106409703e-13 0.000000000000000000e+00 6.791221746424545818e-06
2.604000000000000000e+03 1.483110115499831725e-13 -9.426971324590448485e-14 -2.172518759421895958e-13 0.000000000000000000e+00 7.246277216249672192e-06
2.605000000000000000e+03 1.484202975632916738e-13 -9.483155044558758699e-14 -2.186018910509529844e-13 0.000000000000000000e+00 5.669303989019840100e-06
2.606000000000000000e+03 1.487555738024656608e-13 -9.547584013751170090e-14 -2.198796943369311614e-13 0.000000000000000000e+00 3.509099703370175292e-06
2.607000000000000000e+03 1.490908500416395973e-13 -9.612012982943581480e-14 -2.211574976229093637e-13 0.000000000000000000e+00 6.086008907718782060e-06
2.608000000000000000e+03 1.494261262808135843e-13 -9.676441952135992871e-14 -2.224353009088875408e-13 0.000000000000000000e+00 5.907482717885993569e-06
2.609000000000000000e+03 1.497614025199875208e-13 -9.740870921328404262e-14 -2.237131041948657178e-13 0.000000000000000000e+00 6.918551090414673826e-06
2.610000000000000000e+03 1.500966787591615078e-13 -9.805299890520816915e-14 -2.249909074808438949e-13 0.000000000000000000e+00 7.812789506438169108e-06
2.611000000000000000e+03 1.504319549983354443e-13 -9.869728859713228306e-14 -2.262687107668220719e-13 0.000000000000000000e+00 4.445965120459480619e-06
2.612000000000000000e+03 1.507672312375094313e-13 -9.934157828905639696e-14 -2.275465140528002490e-13 0.000000000000000000e+00 6.204594833417031652e-06
2.613000000000000000e+03 1.511025074766833678e-13 -9.998586798098051087e-14 -2.288243173387784260e-13 0.000000000000000000e+00 6.847576903061170237e-06
2.614000000000000000e+03 1.514377837158573547e-13 -1.006301576729046248e-13 -2.301021206247566031e-13 0.000000000000000000e+00 3.540677385684078481e-06
2.615000000000000000e+03 1.515082765102659145e-13 -1.010549075564443980e-13 -2.318205503666774224e-13 0.000000000000000000e+00 4.710345581325487332e-06
2.616000000000000000e+03 1.513139858599091229e-13 -1.012601176315998178e-13 -2.339796065645408336e-13 0.000000000000000000e+00 8.920740923427130227e-06
2.617000000000000000e+03 1.511196952095523312e-13 -1.014653277067552502e-13 -2.361386627624042953e-13 0.000000000000000000e+00 7.754782749829116354e-06
2.618000000000000000e+03 1.509254045591955143e-13 -1.016705377819106700e-13 -2.382977189602677064e-13 0.000000000000000000e+00 6.786662407222236320e-06
2.619000000000000000e+03 1.507311139088387227e-13 -1.018757478570660899e-13 -2.404567751581311176e-13 0.000000000000000000e+00 5.182725228968195910e-06
2.620000000000000000e+03 1.505368232584819310e-13 -1.020809579322215223e-13 -2.426158313559945793e-13 0.000000000000000000e+00 2.628536614421392489e-06
2.621000000000000000e+03 1.503425326081251393e-13 -1.022861680073769421e-13 -2.447748875538579905e-13 0.000000000000000000e+00 7.259904464220382553e-06
2.622000000000000000e+03 1.501482419577683224e-13 -1.024913780825323619e-13 -2.469339437517214016e-13 0.000000000000000000e+00 5.478211395446375625e-06
2.623000000000000000e+03 1.499539513074115308e-13 -1.026965881576877944e-13 -2.490929999495848128e-13 0.000000000000000000e+00 4.083302649150840597e-06
2.624000000000000000e+03 1.497596606570547391e-13 -1.029017982328432142e-13 -2.512520561474482745e-13 0.000000000000000000e+00 8.284595566609782895e-06
2.625000000000000000e+03 1.499781091437891876e-13 -1.033469361931810221e-13 -2.533325927459204468e-13 0.000000000000000000e+00 7.043990582344878524e-06
2.626000000000000000e+03 1.506092967676149267e-13 -1.040320020387012182e-13 -2.553346097450014309e-13 0.000000000000000000e+00 6.225453057715951438e-06
2.627000000000000000e+03 1.512404843914406657e-13 -1.047170678842214268e-13 -2.573366267440823644e-13 0.000000000000000000e+00 6.554156275414845147e-06
2.628000000000000000e+03 1.518716720152664048e-13 -1.054021337297416229e-13 -2.593386437431632980e-13 0.000000000000000000e+00 4.648742114690520046e-06
2.629000000000000000e+03 1.525028596390921439e-13 -1.060871995752618189e-13 -2.613406607422442820e-13 0.000000000000000000e+00 4.601824214271959928e-06
2.630000000000000000e+03 1.531340472629178577e-13 -1.067722654207820276e-13 -2.633426777413252155e-13 0.000000000000000000e+00 7.612695896180300614e-06
2.631000000000000000e+03 1.537652348867435968e-13 -1.074573312663022237e-13 -2.653446947404061996e-13 0.000000000000000000e+00 6.783168140759365633e-06
2.632000000000000000e+03 1.543964225105693358e-13 -1.081423971118224197e-13 -2.673467117394871331e-13 0.000000000000000000e+00 6.116309450162042879e-06
2.633000000000000000e+03 1.550276101343950749e-13 -1.088274629573426284e-13 -2.693487287385680667e-13 0.000000000000000000e+00 4.958106182091860504e-06
2.634000000000000000e+03 1.556587977582208140e-13 -1.095125288028628244e-13 -2.713507457376490507e-13 0.000000000000000000e+00 5.928825637666513736e-06
2.635000000000000000e+03 1.554759373891797218e-13 -1.095683959211761400e-13 -2.726706952282926561e-13 0.000000000000000000e+00 7.152830861517174998e-06
2.636000000000000000e+03 1.544790290272718489e-13 -1.089950643122825625e-13 -2.733085772104989837e-13 0.000000000000000000e+00 4.711362517898131680e-06
2.637000000000000000e+03 1.534821206653639761e-13 -1.084217327033889976e-13 -2.739464591927053114e-13 0.000000000000000000e+00 2.477540252094168785e-06
2.638000000000000000e+03 1.524852123034561032e-13 -1.078484010944954327e-13 -2.745843411749116390e-13 0.000000000000000000e+00 1.115346417851025126e-05
2.639000000000000000e+03 1.514883039415482303e-13 -1.072750694856018552e-13 -2.752222231571179667e-13 0.000000000000000000e+00 7.579177321512280867e-06
2.640000000000000000e+03 1.504913955796403322e-13 -1.067017378767082903e-13 -2.758601051393242943e-13 0.000000000000000000e+00 4.362859083384809710e-06
2.641000000000000000e+03 1.494944872177324593e-13 -1.061284062678147128e-13 -2.764979871215306220e-13 0.000000000000000000e+00 5.734727065498738659e-06
2.642000000000000000e+03 1.484975788558245864e-13 -1.055550746589211479e-13 -2.771358691037369496e-13 0.000000000000000000e+00 2.849420086286208199e-06
2.643000000000000000e+03 1.475006704939167135e-13 -1.049817430500275830e-13 -2.777737510859432773e-13 0.000000000000000000e+00 7.162862601589031612e-06
2.644000000000000000e+03 1.465037621320088406e-13 -1.044084114411340055e-13 -2.784116330681496050e-13 0.000000000000000000e+00 5.798379178119032588e-06
2.645000000000000000e+03 1.460538172037669692e-13 -1.041623320164864777e-13 -2.799566501027122500e-13 0.000000000000000000e+00 7.104116865203992605e-06
2.646000000000000000e+03 1.461508357091911243e-13 -1.042435047760849995e-13 -2.824088021896312123e-13 0.000000000000000000e+00 8.099828306680621379e-06
2.647000000000000000e+03 1.462478542146152542e-13 -1.043246775356835214e-13 -2.848609542765502252e-13 0.000000000000000000e+00 4.294526949729603217e-06
2.648000000000000000e+03 1.463448727200394094e-13 -1.044058502952820306e-13 -2.873131063634691876e-13 0.000000000000000000e+00 7.997138900016966204e-06
2.649000000000000000e+03 1.464418912254635645e-13 -1.044870230548805525e-13 -2.897652584503882004e-13 0.000000000000000000e+00 5.511205679153462694e-06
2.650000000000000000e+03 1.465389097308877196e-13 -1.045681958144790617e-13 -2.922174105373071628e-13 0.000000000000000000e+00 4.999896086084182973e-06
2.651000000000000000e+03 1.466359282363118748e-13 -1.046493685740775836e-13 -2.946695626242261756e-13 0.000000000000000000e+00 1.955141773471057411e-06
2.652000000000000000e+03 1.467329467417360299e-13 -1.047305413336760928e-13 -2.971217147111451380e-13 0.000000000000000000e+00 1.156854528616679563e-05
2.653000000000000000e+03 1.468299652471601598e-13 -1.048117140932746146e-13 -2.995738667980641509e-13 0.000000000000000000e+00 5.671561241588088570e-06
2.654000000000000000e+03 1.469269837525843150e-13 -1.048928868528731365e-13 -3.020260188849831132e-13 0.000000000000000000e+00 6.159144069158416037e-06
2.655000000000000000e+03 1.468690294985104644e-13 -1.047901930440927658e-13 -3.038894234519028088e-13 0.000000000000000000e+00 5.331561618729127884e-06
2.656000000000000000e+03 1.466561024849386081e-13 -1.045036326669335024e-13 -3.051640804988232377e-13 0.000000000000000000e+00 3.531050815400364041e-06
2.657000000000000000e+03 1.464431754713667265e-13 -1.042170722897742390e-13 -3.064387375457436161e-13 0.000000000000000000e+00 6.468145507454796520e-06
2.658000000000000000e+03 1.462302484577948702e-13 -1.039305119126149883e-13 -3.077133945926640449e-13 0.000000000000000000e+00 7.038091358999916249e-06
2.659000000000000000e+03 1.460173214442230139e-13 -1.036439515354557249e-13 -3.089880516395844233e-13 0.000000000000000000e+00 6.231235647069230521e-06
2.660000000000000000e+03 1.458043944306511576e-13 -1.033573911582964616e-13 -3.102627086865048521e-13 0.000000000000000000e+00 6.551450532185616678e-06
2.661000000000000000e+03 1.455914674170793013e-13 -1.030708307811371982e-13 -3.115373657334252305e-13 0.000000000000000000e+00 6.377553062290384837e-06
2.662000000000000000e+03 1.453785404035074450e-13 -1.027842704039779475e-13 -3.128120227803456593e-13 0.000000000000000000e+00 5.999652732522056453e-06
2.663000000000000000e+03 1.451656133899355634e-13 -1.024977100268186841e-13 -3.140866798272660377e-13 0.000000000000000000e+00 6.394128980646701180e-06
2.664000000000000000e+03 1.449526863763637071e-13 -1.022111496496594207e-13 -3.153613368741864665e-13 0.000000000000000000e+00 3.069261048252656520e-06
2.665000000000000000e+03 1.446016175794299371e-13 -1.017669062328282761e-13 -3.166663513409910555e-13 0.000000000000000000e+00 4.729484096526323514e-06
2.666000000000000000e+03 1.441124069991342532e-13 -1.011649797763252376e-13 -3.180017232276798552e-13 0.000000000000000000e+00 1.074331387781825962e-05
2.667000000000000000e+03 1.436231964188385442e-13 -1.005630533198221991e-13 -3.193370951143686548e-13 0.000000000000000000e+00 7.141987194490528958e-06
2.668000000000000000e+03 1.431339858385428604e-13 -9.996112686331916053e-14 -3.206724670010574545e-13 0.000000000000000000e+00 5.316986898538080847e-06
2.669000000000000000e+03 1.426447752582471766e-13 -9.935920040681612201e-14 -3.220078388877462541e-13 0.000000000000000000e+00 5.320618203582468559e-06
2.670000000000000000e+03 1.421555646779514927e-13 -9.875727395031308349e-14 -3.233432107744350032e-13 0.000000000000000000e+00 4.415659624013902346e-06
2.671000000000000000e+03 1.416663540976558089e-13 -9.815534749381004497e-14 -3.246785826611238029e-13 0.000000000000000000e+00 5.742790051764654660e-06
2.672000000000000000e+03 1.411771435173601251e-13 -9.755342103730700644e-14 -3.260139545478126025e-13 0.000000000000000000e+00 5.581010309532331018e-06
2.673000000000000000e+03 1.406879329370644161e-13 -9.695149458080396792e-14 -3.273493264345014022e-13 0.000000000000000000e+00 5.545895467668416030e-06
2.674000000000000000e+03 1.401987223567687323e-13 -9.634956812430092940e-14 -3.286846983211902018e-13 0.000000000000000000e+00 9.558722983695798286e-06
2.675000000000000000e+03 1.398379348782252837e-13 -9.582625338650158612e-14 -3.298498946705678520e-13 0.000000000000000000e+00 5.236670715065435783e-06
2.676000000000000000e+03 1.396055705014340452e-13 -9.538155036740592545e-14 -3.308449154826343528e-13 0.000000000000000000e+00 6.171008296251758838e-06
2.677000000000000000e+03 1.393732061246428319e-13 -9.493684734831026479e-14 -3.318399362947008536e-13 0.000000000000000000e+00 6.055936960343756609e-06
2.678000000000000000e+03 1.391408417478515933e-13 -9.449214432921460413e-14 -3.328349571067673545e-13 0.000000000000000000e+00 3.423798441757278692e-06
2.679000000000000000e+03 1.389084773710603548e-13 -9.404744131011894347e-14 -3.338299779188338553e-13 0.000000000000000000e+00 7.372146607470134078e-06
2.680000000000000000e+03 1.386761129942691415e-13 -9.360273829102328280e-14 -3.348249987309004066e-13 0.000000000000000000e+00 7.633820509522538266e-06
2.681000000000000000e+03 1.384437486174779029e-13 -9.315803527192762214e-14 -3.358200195429669074e-13 0.000000000000000000e+00 4.300989924773742856e-06
2.682000000000000000e+03 1.382113842406866644e-13 -9.271333225283196148e-14 -3.368150403550334082e-13 0.000000000000000000e+00 7.881773381480260452e-06
2.683000000000000000e+03 1.379790198638954511e-13 -9.226862923373630082e-14 -3.378100611670999090e-13 0.000000000000000000e+00 5.078323541743666865e-06
2.684000000000000000e+03 1.377466554871042125e-13 -9.182392621464064016e-14 -3.388050819791664098e-13 0.000000000000000000e+00 5.665779694331326530e-06
2.685000000000000000e+03 1.372403486379503164e-13 -9.116333276029613138e-14 -3.399793459258728591e-13 0.000000000000000000e+00 5.876177871515099840e-06
2.686000000000000000e+03 1.364600993164337627e-13 -9.028684887070277450e-14 -3.413328530072193073e-13 0.000000000000000000e+00 4.696387563463072418e-06
2.687000000000000000e+03 1.356798499949172091e-13 -8.941036498110941762e-14 -3.426863600885657050e-13 0.000000000000000000e+00 5.501195945295433188e-06
2.688000000000000000e+03 1.348996006734006554e-13 -8.853388109151606074e-14 -3.440398671699121028e-13 0.000000000000000000e+00 1.129299302680196320e-05
2.689000000000000000e+03 1.341193513518841017e-13 -8.765739720192270386e-14 -3.453933742512585510e-13 0.000000000000000000e+00 6.177949396449075482e-06
2.690000000000000000e+03 1.333391020303675228e-13 -8.678091331232934698e-14 -3.467468813326049487e-13 0.000000000000000000e+00 3.487982413756734094e-06
2.691000000000000000e+03 1.325588527088509692e-13 -8.590442942273599010e-14 -3.481003884139513969e-13 0.000000000000000000e+00 5.529195553616160354e-06
2.692000000000000000e+03 1.317786033873344155e-13 -8.502794553314263321e-14 -3.494538954952977947e-13 0.000000000000000000e+00 4.406326889164549790e-06
2.693000000000000000e+03 1.309983540658178618e-13 -8.415146164354927633e-14 -3.508074025766441924e-13 0.000000000000000000e+00 5.992534759222786816e-06
2.694000000000000000e+03 1.302181047443013082e-13 -8.327497775395590683e-14 -3.521609096579906406e-13 0.000000000000000000e+00 8.498214501500770315e-06
2.695000000000000000e+03 1.294761013505233468e-13 -8.241162735689304577e-14 -3.529301321082991095e-13 0.000000000000000000e+00 5.244923572710745265e-06
2.696000000000000000e+03 1.287723438844839777e-13 -8.156141045236068054e-14 -3.531150699275695992e-13 0.000000000000000000e+00 6.712946173988203080e-06
2.697000000000000000e+03 1.280685864184446086e-13 -8.071119354782831531e-14 -3.533000077468400888e-13 0.000000000000000000e+00 7.180677537650001080e-06
2.698000000000000000e+03 1.273648289524052395e-13 -7.986097664329593746e-14 -3.534849455661105784e-13 0.000000000000000000e+00 5.771737216174429123e-06
2.699000000000000000e+03 1.266610714863658704e-13 -7.901075973876357223e-14 -3.536698833853810681e-13 0.000000000000000000e+00 6.057218811439839593e-06
2.700000000000000000e+03 1.259573140203265013e-13 -7.816054283423120700e-14 -3.538548212046516082e-13 0.000000000000000000e+00 4.050054648329252088e-06
2.701000000000000000e+03 1.252535565542871322e-13 -7.731032592969884177e-14 -3.540397590239220978e-13 0.000000000000000000e+00 7.130870524360483672e-06
2.702000000000000000e+03 1.245497990882477631e-13 -7.646010902516646391e-14 -3.542246968431925875e-13 0.000000000000000000e+00 8.655341190907121969e-06
2.703000000000000000e+03 1.238460416222083941e-13 -7.560989212063409868e-14 -3.544096346624630771e-13 0.000000000000000000e+00 4.118884005661020241e-06
2.704000000000000000e+03 1.231422841561690250e-13 -7.475967521610173345e-14 -3.545945724817335668e-13 0.000000000000000000e+00 6.689855924896890037e-06
2.705000000000000000e+03 1.226433307488229596e-13 -7.399787342316316313e-14 -3.552905364933432584e-13 0.000000000000000000e+00 4.478601334783954996e-06
2.706000000000000000e+03 1.223491814001701475e-13 -7.332448674181838771e-14 -3.564975266972921015e-13 0.000000000000000000e+00 6.705744868872994231e-06
2.707000000000000000e+03 1.220550320515173354e-13 -7.265110006047362492e-14 -3.577045169012409446e-13 0.000000000000000000e+00 5.331362981848098273e-06
2.708000000000000000e+03 1.217608827028645232e-13 -7.197771337912886213e-14 -3.589115071051897877e-13 0.000000000000000000e+00 8.356018349153559115e-06
2.709000000000000000e+03 1.214667333542117111e-13 -7.130432669778408671e-14 -3.601184973091386309e-13 0.000000000000000000e+00 4.621218476868292212e-06
2.710000000000000000e+03 1.211725840055589243e-13 -7.063094001643932392e-14 -3.613254875130874235e-13 0.000000000000000000e+00 8.363567499274823024e-06
2.711000000000000000e+03 1.208784346569061121e-13 -6.995755333509454851e-14 -3.625324777170362666e-13 0.000000000000000000e+00 3.677562281697717582e-06
2.712000000000000000e+03 1.205842853082533000e-13 -6.928416665374978571e-14 -3.637394679209851097e-13 0.000000000000000000e+00 6.155568811382013160e-06
2.713000000000000000e+03 1.202901359596004879e-13 -6.861077997240502292e-14 -3.649464581249339528e-13 0.000000000000000000e+00 5.432067939572644992e-06
2.714000000000000000e+03 1.199959866109476758e-13 -6.793739329106024751e-14 -3.661534483288827960e-13 0.000000000000000000e+00 4.711526725877969107e-06
2.715000000000000000e+03 1.194236599239877184e-13 -6.717100295148089718e-14 -3.671963073711929127e-13 0.000000000000000000e+00 7.833006568667746894e-06
2.716000000000000000e+03 1.185731558987205651e-13 -6.631160895366697194e-14 -3.680750352518642527e-13 0.000000000000000000e+00 7.734366981405566561e-06
2.717000000000000000e+03 1.177226518734534119e-13 -6.545221495585304669e-14 -3.689537631325356431e-13 0.000000000000000000e+00 5.974546650052653855e-06
2.718000000000000000e+03 1.168721478481862586e-13 -6.459282095803912145e-14 -3.698324910132069830e-13 0.000000000000000000e+00 6.806126157979247017e-06
2.719000000000000000e+03 1.160216438229191054e-13 -6.373342696022519621e-14 -3.707112188938783734e-13 0.000000000000000000e+00 5.178739374269713888e-06
2.720000000000000000e+03 1.151711397976519774e-13 -6.287403296241127097e-14 -3.715899467745497133e-13 0.000000000000000000e+00 4.756943600835871502e-06
2.721000000000000000e+03 1.143206357723848241e-13 -6.201463896459734572e-14 -3.724686746552211038e-13 0.000000000000000000e+00 4.891130774180102596e-06
2.722000000000000000e+03 1.134701317471176709e-13 -6.115524496678342048e-14 -3.733474025358924437e-13 0.000000000000000000e+00 7.171138578224256857e-06
2.723000000000000000e+03 1.126196277218505176e-13 -6.029585096896949524e-14 -3.742261304165638341e-13 0.000000000000000000e+00 4.932141936376291257e-06
2.724000000000000000e+03 1.117691236965833770e-13 -5.943645697115555737e-14 -3.751048582972351740e-13 0.000000000000000000e+00 9.735465318044489539e-06
2.725000000000000000e+03 1.109713764414517606e-13 -5.859298795971505510e-14 -3.754686273558380802e-13 0.000000000000000000e+00 5.618774470402293457e-06
2.726000000000000000e+03 1.102263859564556810e-13 -5.776544393464795055e-14 -3.753174375923725527e-13 0.000000000000000000e+00 5.788872822443591632e-06
2.727000000000000000e+03 1.094813954714596014e-13 -5.693789990958085862e-14 -3.751662478289070252e-13 0.000000000000000000e+00 5.262519705750170307e-06
2.728000000000000000e+03 1.087364049864635219e-13 -5.611035588451376669e-14 -3.750150580654414472e-13 0.000000000000000000e+00 4.588007439667829933e-06
2.729000000000000000e+03 1.079914145014674423e-13 -5.528281185944666846e-14 -3.748638683019759196e-13 0.000000000000000000e+00 7.637681196829422843e-06
2.730000000000000000e+03 1.072464240164713627e-13 -5.445526783437957022e-14 -3.747126785385103921e-13 0.000000000000000000e+00 8.292138891997229177e-06
2.731000000000000000e+03 1.065014335314752831e-13 -5.362772380931247198e-14 -3.745614887750448646e-13 0.000000000000000000e+00 3.925035210858573072e-06
2.732000000000000000e+03 1.057564430464792036e-13 -5.280017978424538005e-14 -3.744102990115792865e-13 0.000000000000000000e+00 7.583371732675397443e-06
2.733000000000000000e+03 1.050114525614831240e-13 -5.197263575917828181e-14 -3.742591092481137590e-13 0.000000000000000000e+00 4.610337169646315973e-06
2.734000000000000000e+03 1.042664620764870444e-13 -5.114509173411118357e-14 -3.741079194846482315e-13 0.000000000000000000e+00 5.145759835848711792e-06
2.735000000000000000e+03 1.031590696625784576e-13 -5.024719090897855426e-14 -3.735042494436116866e-13 0.000000000000000000e+00 6.433494848066190810e-06
2.736000000000000000e+03 1.016892753197573634e-13 -4.927893328378038755e-14 -3.724480991250041244e-13 0.000000000000000000e+00 4.759545517118329407e-06
2.737000000000000000e+03 1.002194809769362692e-13 -4.831067565858221454e-14 -3.713919488063965621e-13 0.000000000000000000e+00 8.636565756610290105e-06
2.738000000000000000e+03 9.874968663411517505e-14 -4.734241803338404783e-14 -3.703357984877890504e-13 0.000000000000000000e+00 7.837990923519024060e-06
2.739000000000000000e+03 9.727989229129408088e-14 -4.637416040818588113e-14 -3.692796481691814881e-13 0.000000000000000000e+00 6.586712502256882019e-06
2.740000000000000000e+03 9.581009794847298671e-14 -4.540590278298771442e-14 -3.682234978505739764e-13 0.000000000000000000e+00 4.458025898564844827e-06
2.741000000000000000e+03 9.434030360565189254e-14 -4.443764515778954772e-14 -3.671673475319664141e-13 0.000000000000000000e+00 5.164769172722587355e-06
2.742000000000000000e+03 9.287050926283079837e-14 -4.346938753259138102e-14 -3.661111972133589023e-13 0.000000000000000000e+00 5.096861403706165572e-06
2.743000000000000000e+03 9.140071492000970420e-14 -4.250112990739321431e-14 -3.650550468947513401e-13 0.000000000000000000e+00 5.219816986383417911e-06
2.744000000000000000e+03 8.993092057718861003e-14 -4.153287228219504130e-14 -3.639988965761437779e-13 0.000000000000000000e+00 9.759299933079592683e-06
2.745000000000000000e+03 8.892256564372257786e-14 -4.076458768802084940e-14 -3.639292753318439508e-13 0.000000000000000000e+00 3.739556873343762705e-06
2.746000000000000000e+03 8.837565011961159508e-14 -4.019627612487063861e-14 -3.648461831618517579e-13 0.000000000000000000e+00 8.923172643969813273e-06
2.747000000000000000e+03 8.782873459550061229e-14 -3.962796456172042783e-14 -3.657630909918595650e-13 0.000000000000000000e+00 5.035872954066998053e-06
2.748000000000000000e+03 8.728181907138964212e-14 -3.905965299857021704e-14 -3.666799988218674226e-13 0.000000000000000000e+00 5.071661078793074963e-06
2.749000000000000000e+03 8.673490354727865934e-14 -3.849134143542000626e-14 -3.675969066518752297e-13 0.000000000000000000e+00 6.165346877220332515e-06
2.750000000000000000e+03 8.618798802316767655e-14 -3.792302987226979547e-14 -3.685138144818830368e-13 0.000000000000000000e+00 4.708366058573235484e-06
2.751000000000000000e+03 8.564107249905669376e-14 -3.735471830911958468e-14 -3.694307223118908439e-13 0.000000000000000000e+00 8.575742709583750260e-06
2.752000000000000000e+03 8.509415697494572360e-14 -3.678640674596937390e-14 -3.703476301418987014e-13 0.000000000000000000e+00 6.459605658435919514e-06
2.753000000000000000e+03 8.454724145083474081e-14 -3.621809518281916311e-14 -3.712645379719065085e-13 0.000000000000000000e+00 5.442925046655830106e-06
2.754000000000000000e+03 8.400032592672375802e-14 -3.564978361966895233e-14 -3.721814458019143156e-13 0.000000000000000000e+00 6.107628305730325628e-06
2.755000000000000000e+03 8.312785530184584564e-14 -3.507080267316044634e-14 -3.726756332510123904e-13 0.000000000000000000e+00 7.133197624635685111e-06
2.756000000000000000e+03 8.192982957620099105e-14 -3.448115234329365776e-14 -3.727471003192006823e-13 0.000000000000000000e+00 4.242180893422047563e-06
2.757000000000000000e+03 8.073180385055613647e-14 -3.389150201342686919e-14 -3.728185673873889741e-13 0.000000000000000000e+00 4.925193160368039674e-06
2.758000000000000000e+03 7.953377812491128188e-14 -3.330185168356008061e-14 -3.728900344555772660e-13 0.000000000000000000e+00 9.538471332801934380e-06
2.759000000000000000e+03 7.833575239926642729e-14 -3.271220135369329203e-14 -3.729615015237655579e-13 0.000000000000000000e+00 6.387137596201145568e-06
2.760000000000000000e+03 7.713772667362156008e-14 -3.212255102382649715e-14 -3.730329685919539003e-13 0.000000000000000000e+00 6.408241563499307294e-06
2.761000000000000000e+03 7.593970094797670549e-14 -3.153290069395970857e-14 -3.731044356601421921e-13 0.000000000000000000e+00 5.669386983684709446e-06
2.762000000000000000e+03 7.474167522233185090e-14 -3.094325036409292000e-14 -3.731759027283304840e-13 0.000000000000000000e+00 3.933297588338896434e-06
2.763000000000000000e+03 7.354364949668699632e-14 -3.035360003422613142e-14 -3.732473697965187759e-13 0.000000000000000000e+00 6.135376341667938200e-06
2.764000000000000000e+03 7.234562377104214173e-14 -2.976394970435934284e-14 -3.733188368647070678e-13 0.000000000000000000e+00 5.871493976336294724e-06
2.765000000000000000e+03 7.109172509191476747e-14 -2.917515519876751827e-14 -3.728009093780737623e-13 0.000000000000000000e+00 7.618146948264290804e-06
2.766000000000000000e+03 6.978195345930488616e-14 -2.858721651745065768e-14 -3.716935873366189098e-13 0.000000000000000000e+00 7.913837440085166424e-06
2.767000000000000000e+03 6.847218182669499223e-14 -2.799927783613379710e-14 -3.705862652951640574e-13 0.000000000000000000e+00 5.334307742395964432e-06
2.768000000000000000e+03 6.716241019408511093e-14 -2.741133915481693968e-14 -3.694789432537091545e-13 0.000000000000000000e+00 7.851927905137637829e-06
2.769000000000000000e+03 6.585263856147522962e-14 -2.682340047350007909e-14 -3.683716212122543021e-13 0.000000000000000000e+00 5.379864186114995143e-06
2.770000000000000000e+03 6.454286692886533569e-14 -2.623546179218322167e-14 -3.672642991707994496e-13 0.000000000000000000e+00 3.419213542204068885e-06
2.771000000000000000e+03 6.323309529625545439e-14 -2.564752311086636109e-14 -3.661569771293445972e-13 0.000000000000000000e+00 5.582790149261866895e-06
2.772000000000000000e+03 6.192332366364557308e-14 -2.505958442954950366e-14 -3.650496550878896943e-13 0.000000000000000000e+00 7.814326443436023949e-06
2.773000000000000000e+03 6.061355203103567915e-14 -2.447164574823264308e-14 -3.639423330464348419e-13 0.000000000000000000e+00 6.059677519542353564e-06
2.774000000000000000e+03 5.930378039842579784e-14 -2.388370706691578565e-14 -3.628350110049799894e-13 0.000000000000000000e+00 7.967171164534358926e-06
2.775000000000000000e+03 5.804624541423956108e-14 -2.341444644144708558e-14 -3.626474299315344923e-13 0.000000000000000000e+00 5.254078216097124168e-06
2.776000000000000000e+03 5.684094707847696886e-14 -2.306386387182654602e-14 -3.633795898260984010e-13 0.000000000000000000e+00 4.473740291652201585e-06
2.777000000000000000e+03 5.563564874271437665e-14 -2.271328130220600645e-14 -3.641117497206623097e-13 0.000000000000000000e+00 7.474457571693567206e-06
2.778000000000000000e+03 5.443035040695179074e-14 -2.236269873258546689e-14 -3.648439096152261679e-13 0.000000000000000000e+00 5.007526808981020605e-06
2.779000000000000000e+03 5.322505207118920483e-14 -2.201211616296492732e-14 -3.655760695097900766e-13 0.000000000000000000e+00 8.264609358890617763e-06
2.780000000000000000e+03 5.201975373542661262e-14 -2.166153359334438776e-14 -3.663082294043539853e-13 0.000000000000000000e+00 7.165794445883325062e-06
2.781000000000000000e+03 5.081445539966402671e-14 -2.131095102372384820e-14 -3.670403892989178940e-13 0.000000000000000000e+00 2.799223933608179947e-06
2.782000000000000000e+03 4.960915706390144080e-14 -2.096036845410330863e-14 -3.677725491934817522e-13 0.000000000000000000e+00 9.145151443333428864e-06
2.783000000000000000e+03 4.840385872813884859e-14 -2.060978588448276907e-14 -3.685047090880456608e-13 0.000000000000000000e+00 3.195136522653428577e-06
2.784000000000000000e+03 4.719856039237626268e-14 -2.025920331486222951e-14 -3.692368689826095695e-13 0.000000000000000000e+00 5.345463536019868612e-06
2.785000000000000000e+03 4.588513786618549184e-14 -1.995133408107840044e-14 -3.688336995293969060e-13 0.000000000000000000e+00 6.283954099851741535e-06
2.786000000000000000e+03 4.446359114956654239e-14 -1.968617818313128502e-14 -3.672952007284076702e-13 0.000000000000000000e+00 9.783873394970554369e-06
2.787000000000000000e+03 4.304204443294759925e-14 -1.942102228518416960e-14 -3.657567019274184344e-13 0.000000000000000000e+00 6.062040222447687561e-06
2.788000000000000000e+03 4.162049771632864980e-14 -1.915586638723705418e-14 -3.642182031264291986e-13 0.000000000000000000e+00 6.852136645666568189e-06
2.789000000000000000e+03 4.019895099970970035e-14 -1.889071048928993877e-14 -3.626797043254399628e-13 0.000000000000000000e+00 5.043827887647245760e-06
2.790000000000000000e+03 3.877740428309075090e-14 -1.862555459134282019e-14 -3.611412055244507775e-13 0.000000000000000000e+00 5.803652553067988114e-06
2.791000000000000000e+03 3.735585756647180145e-14 -1.836039869339570477e-14 -3.596027067234615417e-13 0.000000000000000000e+00 5.739486032862525184e-06
2.792000000000000000e+03 3.593431084985285199e-14 -1.809524279544858936e-14 -3.580642079224723060e-13 0.000000000000000000e+00 3.896079912029511299e-06
2.793000000000000000e+03 3.451276413323390254e-14 -1.783008689750147394e-14 -3.565257091214830702e-13 0.000000000000000000e+00 7.775899173096253249e-06
2.794000000000000000e+03 3.309121741661495940e-14 -1.756493099955435852e-14 -3.549872103204938344e-13 0.000000000000000000e+00 7.400598471488182344e-06
2.795000000000000000e+03 3.187092905087577045e-14 -1.737684858947475925e-14 -3.547775032090560717e-13 0.000000000000000000e+00 5.706214526782575501e-06
2.796000000000000000e+03 3.085189903601634200e-14 -1.726583966726267612e-14 -3.558965877871697823e-13 0.000000000000000000e+00 8.573389092316546984e-06
2.797000000000000000e+03 2.983286902115691355e-14 -1.715483074505059616e-14 -3.570156723652834928e-13 0.000000000000000000e+00 4.915964802343343148e-06
2.798000000000000000e+03 2.881383900629748510e-14 -1.704382182283851303e-14 -3.581347569433971528e-13 0.000000000000000000e+00 4.120134626911379268e-06
2.799000000000000000e+03 2.779480899143805665e-14 -1.693281290062643306e-14 -3.592538415215108633e-13 0.000000000000000000e+00 6.464551162150908648e-06
2.800000000000000000e+03 2.677577897657862505e-14 -1.682180397841434994e-14 -3.603729260996245738e-13 0.000000000000000000e+00 7.826185667672963780e-06
2.801000000000000000e+03 2.575674896171919660e-14 -1.671079505620226997e-14 -3.614920106777382843e-13 0.000000000000000000e+00 6.314717197422291126e-06
2.802000000000000000e+03 2.473771894685976815e-14 -1.659978613399018684e-14 -3.626110952558519443e-13 0.000000000000000000e+00 7.426168392522996948e-06
2.803000000000000000e+03 2.371868893200033970e-14 -1.648877721177810687e-14 -3.637301798339656549e-13 0.000000000000000000e+00 3.333383325338537151e-06
2.804000000000000000e+03 2.269965891714091125e-14 -1.637776828956602375e-14 -3.648492644120793654e-13 0.000000000000000000e+00 8.970019116401921347e-06
2.805000000000000000e+03 2.154361273344663124e-14 -1.630767335718100040e-14 -3.646623521738512754e-13 0.000000000000000000e+00 4.513257728914945957e-06
2.806000000000000000e+03 2.025055038091749651e-14 -1.627849241462303368e-14 -3.631694431192813851e-13 0.000000000000000000e+00 4.225962717057756669e-06
2.807000000000000000e+03 1.895748802838836494e-14 -1.624931147206506696e-14 -3.616765340647114947e-13 0.000000000000000000e+00 7.758683031949136733e-06
2.808000000000000000e+03 1.766442567585923337e-14 -1.622013052950710023e-14 -3.601836250101416548e-13 0.000000000000000000e+00 7.732419563275762369e-06
2.809000000000000000e+03 1.637136332333009865e-14 -1.619094958694913351e-14 -3.586907159555717645e-13 0.000000000000000000e+00 6.786877560926072237e-06
2.810000000000000000e+03 1.507830097080096708e-14 -1.616176864439116679e-14 -3.571978069010018741e-13 0.000000000000000000e+00 7.046575154164757949e-06
2.811000000000000000e+03 1.378523861827183393e-14 -1.613258770183320007e-14 -3.557048978464319837e-13 0.000000000000000000e+00 3.324849852041686637e-06
2.812000000000000000e+03 1.249217626574270078e-14 -1.610340675927523334e-14 -3.542119887918621439e-13 0.000000000000000000e+00 3.977961298153074812e-06
2.813000000000000000e+03 1.119911391321356921e-14 -1.607422581671726662e-14 -3.527190797372922535e-13 0.000000000000000000e+00 7.451198176060390133e-06
2.814000000000000000e+03 9.906051560684436059e-15 -1.604504487415929990e-14 -3.512261706827223631e-13 0.000000000000000000e+00 8.251498003915657187e-06
2.815000000000000000e+03 8.868780174528717620e-15 -1.608000344633370933e-14 -3.502064002373537526e-13 0.000000000000000000e+00 5.469102060086672784e-06
2.816000000000000000e+03 8.087299754746415469e-15 -1.617910153324049177e-14 -3.496597684011864218e-13 0.000000000000000000e+00 7.246778932051420864e-06
2.817000000000000000e+03 7.305819334964113318e-15 -1.627819962014727737e-14 -3.491131365650191415e-13 0.000000000000000000e+00 4.942193259285356178e-06
2.818000000000000000e+03 6.524338915181810378e-15 -1.637729770705405981e-14 -3.485665047288518108e-13 0.000000000000000000e+00 8.556085814573087791e-06
2.819000000000000000e+03 5.742858495399508226e-15 -1.647639579396084540e-14 -3.480198728926844800e-13 0.000000000000000000e+00 5.134550403361227062e-06
2.820000000000000000e+03 4.961378075617206075e-15 -1.657549388086762784e-14 -3.474732410565171493e-13 0.000000000000000000e+00 2.687178293711404980e-06
2.821000000000000000e+03 4.179897655834903135e-15 -1.667459196777441343e-14 -3.469266092203498185e-13 0.000000000000000000e+00 7.367470183784257771e-06
2.822000000000000000e+03 3.398417236052600983e-15 -1.677369005468119587e-14 -3.463799773841824877e-13 0.000000000000000000e+00 9.265660470479009875e-06
2.823000000000000000e+03 2.616936816270298832e-15 -1.687278814158798147e-14 -3.458333455480152074e-13 0.000000000000000000e+00 6.151171976890294795e-06
2.824000000000000000e+03 1.835456396487996681e-15 -1.697188622849476391e-14 -3.452867137118478767e-13 0.000000000000000000e+00 5.377347684462174133e-06
2.825000000000000000e+03 9.993317355202181627e-16 -1.711809056557787172e-14 -3.449348259909317119e-13 0.000000000000000000e+00 5.345473372422607049e-06
2.826000000000000000e+03 1.085628333669632780e-16 -1.731140115283729860e-14 -3.447776823852667635e-13 0.000000000000000000e+00 6.355666258910381886e-06
2.827000000000000000e+03 -7.822060687862914095e-16 -1.750471174009672548e-14 -3.446205387796018151e-13 0.000000000000000000e+00 6.433680353515221455e-06
2.828000000000000000e+03 -1.672974970939546689e-15 -1.769802232735615552e-14 -3.444633951739368667e-13 0.000000000000000000e+00 6.575242785438127625e-06
2.829000000000000000e+03 -2.563743873092801179e-15 -1.789133291461558240e-14 -3.443062515682719184e-13 0.000000000000000000e+00 7.171383061363785329e-06
2.830000000000000000e+03 -3.454512775246056458e-15 -1.808464350187500928e-14 -3.441491079626069700e-13 0.000000000000000000e+00 6.142508801370233133e-06
2.831000000000000000e+03 -4.345281677399310948e-15 -1.827795408913443616e-14 -3.439919643569420216e-13 0.000000000000000000e+00 5.899239376434994507e-06
2.832000000000000000e+03 -5.236050579552566228e-15 -1.847126467639386619e-14 -3.438348207512770732e-13 0.000000000000000000e+00 7.623397527169608779e-06
2.833000000000000000e+03 -6.126819481705821507e-15 -1.866457526365329307e-14 -3.436776771456121249e-13 0.000000000000000000e+00 3.781626250765002959e-06
2.834000000000000000e+03 -7.017588383859075997e-15 -1.885788585091271996e-14 -3.435205335399471765e-13 0.000000000000000000e+00 3.785110949475937005e-06
2.835000000000000000e+03 -7.935539698572413032e-15 -1.915115454061524166e-14 -3.439326476317080382e-13 0.000000000000000000e+00 6.819443329572030396e-06
2.836000000000000000e+03 -8.880673425845834191e-15 -1.954438133276085188e-14 -3.449140194208947606e-13 0.000000000000000000e+00 1.058517446039302244e-05
2.837000000000000000e+03 -9.825807153119255349e-15 -1.993760812490646526e-14 -3.458953912100814829e-13 0.000000000000000000e+00 6.820695520357539838e-06
2.838000000000000000e+03 -1.077094088039267808e-14 -2.033083491705207548e-14 -3.468767629992682558e-13 0.000000000000000000e+00 5.304406412070635299e-06
2.839000000000000000e+03 -1.171607460766609924e-14 -2.072406170919768886e-14 -3.478581347884549781e-13 0.000000000000000000e+00 4.859803094403891608e-06
2.840000000000000000e+03 -1.266120833493952040e-14 -2.111728850134329908e-14 -3.488395065776417005e-13 0.000000000000000000e+00 7.075392781654006016e-06
2.841000000000000000e+03 -1.360634206221294156e-14 -2.151051529348891246e-14 -3.498208783668284228e-13 0.000000000000000000e+00 4.329154552025080942e-06
2.842000000000000000e+03 -1.455147578948636272e-14 -2.190374208563452268e-14 -3.508022501560151957e-13 0.000000000000000000e+00 3.701271482478019369e-06
2.843000000000000000e+03 -1.549660951675978387e-14 -2.229696887778013605e-14 -3.517836219452019180e-13 0.000000000000000000e+00 9.872420522964736887e-06
2.844000000000000000e+03 -1.644174324403320503e-14 -2.269019566992574628e-14 -3.527649937343886404e-13 0.000000000000000000e+00 7.334199291723799061e-06
2.845000000000000000e+03 -1.714879614829267033e-14 -2.301279146251896570e-14 -3.529191450714677647e-13 0.000000000000000000e+00 6.939489773583707630e-06
2.846000000000000000e+03 -1.761776822953818292e-14 -2.326475625555979116e-14 -3.522460759564392908e-13 0.000000000000000000e+00 5.826804719514178350e-06
2.847000000000000000e+03 -1.808674031078369551e-14 -2.351672104860061978e-14 -3.515730068414107666e-13 0.000000000000000000e+00 4.212217670986809503e-06
2.848000000000000000e+03 -1.855571239202920810e-14 -2.376868584164144525e-14 -3.508999377263822927e-13 0.000000000000000000e+00 3.891831352177822672e-06
2.849000000000000000e+03 -1.902468447327472069e-14 -2.402065063468227072e-14 -3.502268686113538189e-13 0.000000000000000000e+00 9.592807902921480316e-06
2.850000000000000000e+03 -1.949365655452023328e-14 -2.427261542772309934e-14 -3.495537994963252946e-13 0.000000000000000000e+00 8.877700992804247551e-06
2.851000000000000000e+03 -1.996262863576574587e-14 -2.452458022076392480e-14 -3.488807303812968208e-13 0.000000000000000000e+00 2.853576082740313931e-06
2.852000000000000000e+03 -2.043160071701125846e-14 -2.477654501380475027e-14 -3.482076612662683470e-13 0.000000000000000000e+00 7.537766379581561147e-06
2.853000000000000000e+03 -2.090057279825677105e-14 -2.502850980684557573e-14 -3.475345921512398227e-13 0.000000000000000000e+00 4.192349081246607003e-06
2.854000000000000000e+03 -2.136954487950228049e-14 -2.528047459988640436e-14 -3.468615230362113489e-13 0.000000000000000000e+00 8.174576015787281944e-06
2.855000000000000000e+03 -2.202413480684372562e-14 -2.565460792824347039e-14 -3.471368743033046921e-13 0.000000000000000000e+00 4.191359376175197150e-06
2.856000000000000000e+03 -2.286434258028109700e-14 -2.615090979191678331e-14 -3.483606459525198018e-13 0.000000000000000000e+00 4.243450368820029182e-06
2.857000000000000000e+03 -2.370455035371846837e-14 -2.664721165559008991e-14 -3.495844176017349620e-13 0.000000000000000000e+00 9.538905778487840844e-06
2.858000000000000000e+03 -2.454475812715584290e-14 -2.714351351926340283e-14 -3.508081892509501222e-13 0.000000000000000000e+00 8.699008087882771241e-06
2.859000000000000000e+03 -2.538496590059321427e-14 -2.763981538293670944e-14 -3.520319609001652319e-13 0.000000000000000000e+00 4.668763529904054605e-06
2.860000000000000000e+03 -2.622517367403058564e-14 -2.813611724661002235e-14 -3.532557325493803920e-13 0.000000000000000000e+00 7.450839312146929060e-06
2.861000000000000000e+03 -2.706538144746796017e-14 -2.863241911028332896e-14 -3.544795041985955017e-13 0.000000000000000000e+00 2.016110690473751967e-06
2.862000000000000000e+03 -2.790558922090533154e-14 -2.912872097395664187e-14 -3.557032758478106619e-13 0.000000000000000000e+00 6.770705541657859906e-06
2.863000000000000000e+03 -2.874579699434270292e-14 -2.962502283762994848e-14 -3.569270474970258221e-13 0.000000000000000000e+00 5.819074203560230582e-06
2.864000000000000000e+03 -2.958600476778007744e-14 -3.012132470130326140e-14 -3.581508191462409318e-13 0.000000000000000000e+00 1.010042102658790665e-05
2.865000000000000000e+03 -3.018411026893740166e-14 -3.052108225920757633e-14 -3.582532048741479691e-13 0.000000000000000000e+00 5.258173110116467010e-06
2.866000000000000000e+03 -3.054011349781468819e-14 -3.082429551134289960e-14 -3.572342046807468330e-13 0.000000000000000000e+00 6.827827876524941032e-06
2.867000000000000000e+03 -3.089611672669196841e-14 -3.112750876347822287e-14 -3.562152044873456969e-13 0.000000000000000000e+00 4.920611204566601872e-06
2.868000000000000000e+03 -3.125211995556925494e-14 -3.143072201561355245e-14 -3.551962042939446113e-13 0.000000000000000000e+00 9.090800822784160312e-06
2.869000000000000000e+03 -3.160812318444654147e-14 -3.173393526774887571e-14 -3.541772041005434752e-13 0.000000000000000000e+00 4.755986159315094724e-06
2.870000000000000000e+03 -3.196412641332382169e-14 -3.203714851988419898e-14 -3.531582039071423896e-13 0.000000000000000000e+00 1.454263548054894200e-06
2.871000000000000000e+03 -3.232012964220110822e-14 -3.234036177201952225e-14 -3.521392037137412535e-13 0.000000000000000000e+00 1.057064890057805340e-05
2.872000000000000000e+03 -3.267613287107839475e-14 -3.264357502415485183e-14 -3.511202035203401679e-13 0.000000000000000000e+00 6.607179309386607267e-06
2.873000000000000000e+03 -3.303213609995567497e-14 -3.294678827629017509e-14 -3.501012033269390319e-13 0.000000000000000000e+00 6.233127325267509523e-06
2.874000000000000000e+03 -3.338813932883296150e-14 -3.325000152842549836e-14 -3.490822031335378958e-13 0.000000000000000000e+00 6.239158895672450127e-06
2.875000000000000000e+03 -3.388294026674580269e-14 -3.361096454872274559e-14 -3.489147520623901657e-13 0.000000000000000000e+00 3.452111902089877955e-06
2.876000000000000000e+03 -3.451653891369421115e-14 -3.402967733718190415e-14 -3.495988501134957911e-13 0.000000000000000000e+00 8.945111566892548205e-06
2.877000000000000000e+03 -3.515013756064261962e-14 -3.444839012564107534e-14 -3.502829481646014165e-13 0.000000000000000000e+00 3.970325244068173880e-06
2.878000000000000000e+03 -3.578373620759102177e-14 -3.486710291410023391e-14 -3.509670462157070419e-13 0.000000000000000000e+00 8.528825549633188270e-06
2.879000000000000000e+03 -3.641733485453943024e-14 -3.528581570255940509e-14 -3.516511442668126673e-13 0.000000000000000000e+00 6.649645789007195348e-06
2.880000000000000000e+03 -3.705093350148783870e-14 -3.570452849101856366e-14 -3.523352423179182422e-13 0.000000000000000000e+00 7.063927194235720379e-06
2.881000000000000000e+03 -3.768453214843624717e-14 -3.612324127947773484e-14 -3.530193403690238676e-13 0.000000000000000000e+00 4.812036474883571205e-06
2.882000000000000000e+03 -3.831813079538464932e-14 -3.654195406793689341e-14 -3.537034384201294930e-13 0.000000000000000000e+00 5.955644475595796059e-06
2.883000000000000000e+03 -3.895172944233305779e-14 -3.696066685639606460e-14 -3.543875364712351185e-13 0.000000000000000000e+00 5.060932870330435306e-06
2.884000000000000000e+03 -3.958532808928146625e-14 -3.737937964485522316e-14 -3.550716345223407439e-13 0.000000000000000000e+00 3.398484480498598084e-06
2.885000000000000000e+03 -4.015541706736742853e-14 -3.781634770225153650e-14 -3.559141440565638828e-13 0.000000000000000000e+00 1.130131217324834044e-05
2.886000000000000000e+03 -4.066199637659095093e-14 -3.827157102858499199e-14 -3.569150650739045351e-13 0.000000000000000000e+00 8.062387374910963848e-06
2.887000000000000000e+03 -4.116857568581447333e-14 -3.872679435491844748e-14 -3.579159860912451370e-13 0.000000000000000000e+00 4.066862738264020290e-06
2.888000000000000000e+03 -4.167515499503799574e-14 -3.918201768125190297e-14 -3.589169071085857894e-13 0.000000000000000000e+00 6.921595566281376877e-06
2.889000000000000000e+03 -4.218173430426151814e-14 -3.963724100758535846e-14 -3.599178281259264418e-13 0.000000000000000000e+00 5.549543831244048240e-06
2.890000000000000000e+03 -4.268831361348504685e-14 -4.009246433391880764e-14 -3.609187491432670942e-13 0.000000000000000000e+00 6.124258952729314987e-06
2.891000000000000000e+03 -4.319489292270856925e-14 -4.054768766025226313e-14 -3.619196701606077466e-13 0.000000000000000000e+00 3.320819524506634679e-06
2.892000000000000000e+03 -4.370147223193209166e-14 -4.100291098658571862e-14 -3.629205911779483989e-13 0.000000000000000000e+00 7.412208070599600857e-06
2.893000000000000000e+03 -4.420805154115561406e-14 -4.145813431291917412e-14 -3.639215121952890008e-13 0.000000000000000000e+00 6.525033525893897327e-06
2.894000000000000000e+03 -4.471463085037913646e-14 -4.191335763925262961e-14 -3.649224332126296532e-13 0.000000000000000000e+00 8.473807677708971532e-06
2.895000000000000000e+03 -4.517280818859489912e-14 -4.229399246575313057e-14 -3.655914283734528924e-13 0.000000000000000000e+00 5.985247363251378057e-06
2.896000000000000000e+03 -4.558258355580290834e-14 -4.260003879242067699e-14 -3.659284976777586679e-13 0.000000000000000000e+00 5.820866630259524867e-06
2.897000000000000000e+03 -4.599235892301091125e-14 -4.290608511908822342e-14 -3.662655669820644938e-13 0.000000000000000000e+00 5.969178716395722610e-06
2.898000000000000000e+03 -4.640213429021892047e-14 -4.321213144575576985e-14 -3.666026362863703198e-13 0.000000000000000000e+00 5.643973937264590529e-06
2.899000000000000000e+03 -4.681190965742692969e-14 -4.351817777242331628e-14 -3.669397055906760953e-13 0.000000000000000000e+00 9.246617495248775432e-06
2.900000000000000000e+03 -4.722168502463493260e-14 -4.382422409909086902e-14 -3.672767748949819213e-13 0.000000000000000000e+00 6.825404777924778478e-06
2.901000000000000000e+03 -4.763146039184294182e-14 -4.413027042575841544e-14 -3.676138441992876967e-13 0.000000000000000000e+00 4.225217250165649478e-06
2.902000000000000000e+03 -4.804123575905095104e-14 -4.443631675242596187e-14 -3.679509135035935227e-13 0.000000000000000000e+00 5.445324959812536466e-06
2.903000000000000000e+03 -4.845101112625895395e-14 -4.474236307909350830e-14 -3.682879828078993487e-13 0.000000000000000000e+00 5.715245864032544984e-06
2.904000000000000000e+03 -4.886078649346696317e-14 -4.504840940576105473e-14 -3.686250521122051242e-13 0.000000000000000000e+00 7.321272753598986389e-06
2.905000000000000000e+03 -4.925848451643645462e-14 -4.530013718223585017e-14 -3.689855987542717636e-13 0.000000000000000000e+00 4.529851418734499733e-06
2.906000000000000000e+03 -4.964410519516742830e-14 -4.549754640851789461e-14 -3.693696227340991659e-13 0.000000000000000000e+00 5.301561312776220611e-06
2.907000000000000000e+03 -5.002972587389840829e-14 -4.569495563479993906e-14 -3.697536467139266187e-13 0.000000000000000000e+00 1.046318898150903524e-05
2.908000000000000000e+03 -5.041534655262938828e-14 -4.589236486108198350e-14 -3.701376706937540715e-13 0.000000000000000000e+00 6.532782677177999844e-06
2.909000000000000000e+03 -5.080096723136036196e-14 -4.608977408736402795e-14 -3.705216946735814738e-13 0.000000000000000000e+00 5.950266613428414368e-06
2.910000000000000000e+03 -5.118658791009134195e-14 -4.628718331364607870e-14 -3.709057186534089266e-13 0.000000000000000000e+00 5.086729324129338548e-06
2.911000000000000000e+03 -5.157220858882231563e-14 -4.648459253992812315e-14 -3.712897426332363289e-13 0.000000000000000000e+00 3.154141600428996068e-06
2.912000000000000000e+03 -5.195782926755329562e-14 -4.668200176621016759e-14 -3.716737666130637817e-13 0.000000000000000000e+00 8.587897988961955287e-06
2.913000000000000000e+03 -5.234344994628427561e-14 -4.687941099249221204e-14 -3.720577905928912345e-13 0.000000000000000000e+00 5.718061955011774283e-06
2.914000000000000000e+03 -5.272907062501524929e-14 -4.707682021877425648e-14 -3.724418145727186368e-13 0.000000000000000000e+00 7.962640598861187605e-06
2.915000000000000000e+03 -5.308516305017134296e-14 -4.733062235879335235e-14 -3.730935744266373375e-13 0.000000000000000000e+00 5.038681480242336424e-06
2.916000000000000000e+03 -5.341172722175255663e-14 -4.764081741254949333e-14 -3.740130701546472355e-13 0.000000000000000000e+00 7.790801210087392581e-06
2.917000000000000000e+03 -5.373829139333377030e-14 -4.795101246630564063e-14 -3.749325658826571335e-13 0.000000000000000000e+00 6.277952674899803023e-06
2.918000000000000000e+03 -5.406485556491497765e-14 -4.826120752006178161e-14 -3.758520616106670820e-13 0.000000000000000000e+00 5.801782637480327495e-06
2.919000000000000000e+03 -5.439141973649619132e-14 -4.857140257381792890e-14 -3.767715573386769801e-13 0.000000000000000000e+00 5.137982542623291064e-06
2.920000000000000000e+03 -5.471798390807740499e-14 -4.888159762757406988e-14 -3.776910530666868781e-13 0.000000000000000000e+00 4.591904678369227862e-06
2.921000000000000000e+03 -5.504454807965861866e-14 -4.919179268133021717e-14 -3.786105487946967761e-13 0.000000000000000000e+00 9.828861250614077575e-06
2.922000000000000000e+03 -5.537111225123982601e-14 -4.950198773508635815e-14 -3.795300445227067246e-13 0.000000000000000000e+00 6.706391428935085092e-06
2.923000000000000000e+03 -5.569767642282103968e-14 -4.981218278884250545e-14 -3.804495402507166226e-13 0.000000000000000000e+00 4.123258233490966958e-06
2.924000000000000000e+03 -5.602424059440225335e-14 -5.012237784259864643e-14 -3.813690359787265207e-13 0.000000000000000000e+00 5.671427096694867353e-06
2.925000000000000000e+03 -5.639092119325141944e-14 -5.033040878330745785e-14 -3.823001205158759806e-13 0.000000000000000000e+00 5.655929295781382382e-06
2.926000000000000000e+03 -5.679771821936853796e-14 -5.043627561096893971e-14 -3.832427938621648509e-13 0.000000000000000000e+00 6.592394667757390611e-06
2.927000000000000000e+03 -5.720451524548566279e-14 -5.054214243863042157e-14 -3.841854672084538222e-13 0.000000000000000000e+00 6.299806287826530363e-06
2.928000000000000000e+03 -5.761131227160278761e-14 -5.064800926629189712e-14 -3.851281405547426925e-13 0.000000000000000000e+00 8.187837926600958358e-06
2.929000000000000000e+03 -5.801810929771991244e-14 -5.075387609395337898e-14 -3.860708139010316638e-13 0.000000000000000000e+00 6.493630982088120982e-06
2.930000000000000000e+03 -5.842490632383702465e-14 -5.085974292161486084e-14 -3.870134872473205341e-13 0.000000000000000000e+00 6.242137828519382311e-06
2.931000000000000000e+03 -5.883170334995414948e-14 -5.096560974927634270e-14 -3.879561605936095054e-13 0.000000000000000000e+00 4.830244719986513914e-06
2.932000000000000000e+03 -5.923850037607127430e-14 -5.107147657693781825e-14 -3.888988339398983757e-13 0.000000000000000000e+00 6.418450066658872584e-06
2.933000000000000000e+03 -5.964529740218839913e-14 -5.117734340459930011e-14 -3.898415072861873470e-13 0.000000000000000000e+00 4.019780243500075171e-06
2.934000000000000000e+03 -6.005209442830552396e-14 -5.128321023226078197e-14 -3.907841806324762173e-13 0.000000000000000000e+00 5.449268113832933576e-06
2.935000000000000000e+03 -6.047577745018290806e-14 -5.144165448147866454e-14 -3.920526737972789449e-13 0.000000000000000000e+00 1.050481278509061293e-05
2.936000000000000000e+03 -6.091634646782056405e-14 -5.165267615225295412e-14 -3.936469867805954289e-13 0.000000000000000000e+00 7.868028683686963056e-06
2.937000000000000000e+03 -6.135691548545820741e-14 -5.186369782302724370e-14 -3.952412997639119129e-13 0.000000000000000000e+00 3.233023068006798750e-06
2.938000000000000000e+03 -6.179748450309586340e-14 -5.207471949380153959e-14 -3.968356127472283969e-13 0.000000000000000000e+00 9.216048237449604141e-06
2.939000000000000000e+03 -6.223805352073351939e-14 -5.228574116457582917e-14 -3.984299257305448808e-13 0.000000000000000000e+00 3.664854597395149549e-06
2.940000000000000000e+03 -6.267862253837116276e-14 -5.249676283535011875e-14 -4.000242387138613143e-13 0.000000000000000000e+00 5.707553361797232394e-06
2.941000000000000000e+03 -6.311919155600881875e-14 -5.270778450612440833e-14 -4.016185516971777983e-13 0.000000000000000000e+00 3.840975980846599957e-06
2.942000000000000000e+03 -6.355976057364647473e-14 -5.291880617689870422e-14 -4.032128646804942823e-13 0.000000000000000000e+00 7.785594373056544813e-06
2.943000000000000000e+03 -6.400032959128411810e-14 -5.312982784767299380e-14 -4.048071776638107662e-13 0.000000000000000000e+00 7.864257007387429304e-06
2.944000000000000000e+03 -6.444089860892177409e-14 -5.334084951844728338e-14 -4.064014906471272502e-13 0.000000000000000000e+00 7.102383034202868669e-06
2.945000000000000000e+03 -6.472361492483501061e-14 -5.334364781022056013e-14 -4.070081439089406426e-13 0.000000000000000000e+00 4.757840826587248020e-06
2.946000000000000000e+03 -6.484847853902384029e-14 -5.313822272299281776e-14 -4.066271374492509433e-13 0.000000000000000000e+00 6.716870235574355821e-06
2.947000000000000000e+03 -6.497334215321266996e-14 -5.293279763576507539e-14 -4.062461309895612440e-13 0.000000000000000000e+00 5.752475537539582084e-06
2.948000000000000000e+03 -6.509820576740149964e-14 -5.272737254853733933e-14 -4.058651245298715447e-13 0.000000000000000000e+00 6.242638347372803380e-06
2.949000000000000000e+03 -6.522306938159032932e-14 -5.252194746130959695e-14 -4.054841180701818454e-13 0.000000000000000000e+00 9.060906177413987988e-06
2.950000000000000000e+03 -6.534793299577914637e-14 -5.231652237408185458e-14 -4.051031116104921966e-13 0.000000000000000000e+00 5.263563230318631469e-06
2.951000000000000000e+03 -6.547279660996797605e-14 -5.211109728685411221e-14 -4.047221051508024973e-13 0.000000000000000000e+00 4.717940807129387329e-06
2.952000000000000000e+03 -6.559766022415680572e-14 -5.190567219962637615e-14 -4.043410986911127980e-13 0.000000000000000000e+00 7.474583031566365552e-06
2.953000000000000000e+03 -6.572252383834563540e-14 -5.170024711239863378e-14 -4.039600922314230987e-13 0.000000000000000000e+00 4.507706188927272436e-06
2.954000000000000000e+03 -6.584738745253446507e-14 -5.149482202517089140e-14 -4.035790857717333994e-13 0.000000000000000000e+00 5.930886290272908371e-06
2.955000000000000000e+03 -6.603249017143907973e-14 -5.132658911484010128e-14 -4.039285040070865641e-13 0.000000000000000000e+00 4.422541858030625765e-06
2.956000000000000000e+03 -6.627783199505950462e-14 -5.119554838140625077e-14 -4.050083469374825424e-13 0.000000000000000000e+00 7.591886477972902117e-06
2.957000000000000000e+03 -6.652317381867992951e-14 -5.106450764797240658e-14 -4.060881898678785207e-13 0.000000000000000000e+00 1.047370635455501088e-05
2.958000000000000000e+03 -6.676851564230034178e-14 -5.093346691453855607e-14 -4.071680327982744990e-13 0.000000000000000000e+00 5.882936189109988838e-06
2.959000000000000000e+03 -6.701385746592076667e-14 -5.080242618110471188e-14 -4.082478757286704772e-13 0.000000000000000000e+00 5.200239014256626479e-06
2.960000000000000000e+03 -6.725919928954119156e-14 -5.067138544767086138e-14 -4.093277186590665060e-13 0.000000000000000000e+00 4.506991878541740862e-06
2.961000000000000000e+03 -6.750454111316161644e-14 -5.054034471423701718e-14 -4.104075615894624843e-13 0.000000000000000000e+00 5.451935992239842846e-06
2.962000000000000000e+03 -6.774988293678202871e-14 -5.040930398080316668e-14 -4.114874045198584625e-13 0.000000000000000000e+00 6.548853990278837591e-06
2.963000000000000000e+03 -6.799522476040245360e-14 -5.027826324736932249e-14 -4.125672474502544408e-13 0.000000000000000000e+00 7.620673697668458421e-06
2.964000000000000000e+03 -6.824056658402287849e-14 -5.014722251393547198e-14 -4.136470903806504191e-13 0.000000000000000000e+00 6.739115892657060435e-06
2.965000000000000000e+03 -6.868020756421651623e-14 -5.011152605302865348e-14 -4.153528937651146220e-13 0.000000000000000000e+00 6.545963937879816121e-06
2.966000000000000000e+03 -6.931414770098339208e-14 -5.017117386464885436e-14 -4.176846576036469486e-13 0.000000000000000000e+00 6.645089502493791781e-06
2.967000000000000000e+03 -6.994808783775025530e-14 -5.023082167626905524e-14 -4.200164214421792752e-13 0.000000000000000000e+00 4.913204003382764916e-06
2.968000000000000000e+03 -7.058202797451713114e-14 -5.029046948788926243e-14 -4.223481852807116523e-13 0.000000000000000000e+00 6.031300475168178701e-06
2.969000000000000000e+03 -7.121596811128399436e-14 -5.035011729950946330e-14 -4.246799491192439789e-13 0.000000000000000000e+00 5.014999002412936854e-06
2.970000000000000000e+03 -7.184990824805087020e-14 -5.040976511112966418e-14 -4.270117129577763055e-13 0.000000000000000000e+00 8.312822967779229908e-06
2.971000000000000000e+03 -7.248384838481773342e-14 -5.046941292274986506e-14 -4.293434767963086321e-13 0.000000000000000000e+00 7.357391741722468774e-06
2.972000000000000000e+03 -7.311778852158460927e-14 -5.052906073437007225e-14 -4.316752406348410092e-13 0.000000000000000000e+00 5.582551087399770590e-06
2.973000000000000000e+03 -7.375172865835147249e-14 -5.058870854599027313e-14 -4.340070044733733358e-13 0.000000000000000000e+00 4.225450155731735836e-06
2.974000000000000000e+03 -7.438566879511834833e-14 -5.064835635761047401e-14 -4.363387683119056624e-13 0.000000000000000000e+00 7.922231771914350348e-06
2.975000000000000000e+03 -7.465645407022758019e-14 -5.041368667197160674e-14 -4.369481158385022064e-13 0.000000000000000000e+00 3.673879879058160304e-06
2.976000000000000000e+03 -7.456408448367919332e-14 -4.988469948907366501e-14 -4.358350470531629173e-13 0.000000000000000000e+00 7.004669726231890213e-06
2.977000000000000000e+03 -7.447171489713079383e-14 -4.935571230617572328e-14 -4.347219782678236283e-13 0.000000000000000000e+00 7.686659306494325047e-06
2.978000000000000000e+03 -7.437934531058239434e-14 -4.882672512327778155e-14 -4.336089094824843392e-13 0.000000000000000000e+00 7.742075092553490949e-06
2.979000000000000000e+03 -7.428697572403400747e-14 -4.829773794037983982e-14 -4.324958406971450502e-13 0.000000000000000000e+00 6.880961749283205367e-06
2.980000000000000000e+03 -7.419460613748560798e-14 -4.776875075748189809e-14 -4.313827719118058116e-13 0.000000000000000000e+00 4.862865552281744373e-06
2.981000000000000000e+03 -7.410223655093722111e-14 -4.723976357458395636e-14 -4.302697031264665225e-13 0.000000000000000000e+00 4.064394764178899775e-06
2.982000000000000000e+03 -7.400986696438882162e-14 -4.671077639168601463e-14 -4.291566343411272335e-13 0.000000000000000000e+00 6.336251911557018554e-06
2.983000000000000000e+03 -7.391749737784042213e-14 -4.618178920878807290e-14 -4.280435655557879444e-13 0.000000000000000000e+00 5.406604808992566453e-06
2.984000000000000000e+03 -7.382512779129203526e-14 -4.565280202589013117e-14 -4.269304967704486554e-13 0.000000000000000000e+00 8.018493668720082907e-06
2.985000000000000000e+03 -7.395195661000296864e-14 -4.524653236344394189e-14 -4.265871888673439867e-13 0.000000000000000000e+00 7.353162962108749997e-06
2.986000000000000000e+03 -7.429798383397322229e-14 -4.496298022144949873e-14 -4.270136418464739890e-13 0.000000000000000000e+00 6.855293173964737433e-06
2.987000000000000000e+03 -7.464401105794348855e-14 -4.467942807945505557e-14 -4.274400948256039913e-13 0.000000000000000000e+00 4.784819363625122550e-06
2.988000000000000000e+03 -7.499003828191374220e-14 -4.439587593746061242e-14 -4.278665478047339936e-13 0.000000000000000000e+00 8.026165504306529081e-06
2.989000000000000000e+03 -7.533606550588400846e-14 -4.411232379546616926e-14 -4.282930007838639959e-13 0.000000000000000000e+00 4.270917975125725667e-06
2.990000000000000000e+03 -7.568209272985426211e-14 -4.382877165347172610e-14 -4.287194537629939477e-13 0.000000000000000000e+00 4.915758922661250962e-06
2.991000000000000000e+03 -7.602811995382452837e-14 -4.354521951147728295e-14 -4.291459067421239500e-13 0.000000000000000000e+00 6.286700764706932114e-06
2.992000000000000000e+03 -7.637414717779478202e-14 -4.326166736948283979e-14 -4.295723597212539523e-13 0.000000000000000000e+00 8.212047785939036306e-06
2.993000000000000000e+03 -7.672017440176504828e-14 -4.297811522748839663e-14 -4.299988127003839546e-13 0.000000000000000000e+00 7.601227423329668837e-06
2.994000000000000000e+03 -7.706620162573530193e-14 -4.269456308549395348e-14 -4.304252656795139569e-13 0.000000000000000000e+00 4.828714464411725760e-06
2.995000000000000000e+03 -7.725117641618304779e-14 -4.051600407440916656e-14 -4.091065675606249963e-13 0.000000000000000000e+00 6.181381207163907576e-06
2.996000000000000000e+03 -7.727509877310828588e-14 -3.644243819423402327e-14 -3.660427183437170727e-13 0.000000000000000000e+00 5.826443569713155786e-06
2.997000000000000000e+03 -7.729902113003352396e-14 -3.236887231405888629e-14 -3.229788691268091996e-13 0.000000000000000000e+00 4.812617494076816173e-06
2.998000000000000000e+03 -7.732294348695874943e-14 -2.829530643388374616e-14 -2.799150199099013265e-13 0.000000000000000000e+00 9.530005431431605776e-06
2.999000000000000000e+03 -7.734686584388398751e-14 -2.422174055370860918e-14 -2.368511706929934535e-13 0.000000000000000000e+00 6.550380348966685107e-06
3.000000000000000000e+03 -7.737078820080922560e-14 -2.014817467353346904e-14 -1.937873214760855299e-13 0.000000000000000000e+00 5.090367761451430283e-06
3.001000000000000000e+03 -7.739471055773446368e-14 -1.607460879335832891e-14 -1.507234722591776568e-13 0.000000000000000000e+00 0.000000000000000000e+00
3.002000000000000000e+03 -7.741863291465968915e-14 -1.200104291318318877e-14 -1.076596230422697332e-13 0.000000000000000000e+00 0.000000000000000000e+00
3.003000000000000000e+03 -7.744255527158492723e-14 -7.927477033008051794e-15 -6.459577382536186012e-14 0.000000000000000000e+00 0.000000000000000000e+00
3.004000000000000000e+03 -7.746647762851016532e-14 -3.853911152832908503e-15 -2.153192460845393654e-14 0.000000000000000000e+00 0.000000000000000000e+00
3.005000000000000000e+03 -7.769564162021248616e-14 -1.721068021402474527e-15 -3.585068655027953995e-22 0.000000000000000000e+00 0.000000000000000000e+00
3.006000000000000000e+03 -7.813004724669191501e-14 -1.528947638716739609e-15 -1.075520596508386292e-21 0.000000000000000000e+00 0.000000000000000000e+00
3.007000000000000000e+03 -7.856445287317133123e-14 -1.336827256031004888e-15 -1.792534327513976903e-21 0.000000000000000000e+00 0.000000000000000000e+00
3.008000000000000000e+03 -7.899885849965074746e-14 -1.144706873345270168e-15 -2.509548058519567890e-21 0.000000000000000000e+00 0.000000000000000000e+00
3.009000000000000000e+03 -7.943326412613017630e-14 -9.525864906595352500e-16 -3.226561789525158501e-21 0.000000000000000000e+00 0.000000000000000000e+00
3.010000000000000000e+03 -7.986766975260959253e-14 -7.604661079738003321e-16 -3.943575520530749112e-21 0.000000000000000000e+00 0.000000000000000000e+00
3.011000000000000000e+03 -8.030207537908902137e-14 -5.683457252880654143e-16 -4.660589251536340475e-21 0.000000000000000000e+00 0.000000000000000000e+00
3.012000000000000000e+03 -8.073648100556843760e-14 -3.762253426023306937e-16 -5.377602982541931086e-21 0.000000000000000000e+00 0.000000000000000000e+00
3.013000000000000000e+03 -8.117088663204785382e-14 -1.841049599165957758e-16 -6.094616713547521697e-21 0.000000000000000000e+00 0.000000000000000000e+00
3.014000000000000000e+03 -8.160529225852728267e-14 8.015422769138944800e-18 -6.811630444553113060e-21 0.000000000000000000e+00 0.000000000000000000e+00
3.015000000000000000e+03 -8.198229923702208551e-14 1.930128768869688731e-16 -6.852728677739504341e-21 0.000000000000000000e+00 0.000000000000000000e+00
3.016000000000000000e+03 -8.230190756753227498e-14 3.708874024368935159e-16 -6.217911413106696294e-21 0.000000000000000000e+00 0.000000000000000000e+00
3.017000000000000000e+03 -8.262151589804246444e-14 5.487619279868182081e-16 -5.583094148473888246e-21 0.000000000000000000e+00 0.000000000000000000e+00
3.018000000000000000e+03 -8.294112422855265391e-14 7.266364535367428510e-16 -4.948276883841080198e-21 0.000000000000000000e+00 0.000000000000000000e+00
3.019000000000000000e+03 -8.326073255906284337e-14 9.045109790866674939e-16 -4.313459619208272150e-21 0.000000000000000000e+00 0.000000000000000000e+00
3.020000000000000000e+03 -8.358034088957302022e-14 1.082385504636592137e-15 -3.678642354575464855e-21 0.000000000000000000e+00 0.000000000000000000e+00
3.021000000000000000e+03 -8.389994922008320968e-14 1.260260030186516780e-15 -3.043825089942656807e-21 0.000000000000000000e+00 0.000000000000000000e+00
3.022000000000000000e+03 -8.421955755059339915e-14 1.438134555736441422e-15 -2.409007825309849512e-21 0.000000000000000000e+00 0.000000000000000000e+00
3.023000000000000000e+03 -8.453916588110358861e-14 1.616009081286366065e-15 -1.774190560677041464e-21 0.000000000000000000e+00 0.000000000000000000e+00
3.024000000000000000e+03 -8.485877421161377808e-14 1.793883606836290708e-15 -1.139373296044234168e-21 0.000000000000000000e+00 0.000000000000000000e+00
3.025000000000000000e+03 -8.510077408806904778e-14 1.989800733497552062e-15 2.215879168472517213e-21 0.000000000000000000e+00 0.000000000000000000e+00
3.026000000000000000e+03 -8.526516551046941035e-14 2.203760461270150126e-15 8.291566832873211929e-21 0.000000000000000000e+00 0.000000000000000000e+00
3.027000000000000000e+03 -8.542955693286977291e-14 2.417720189042748190e-15 1.436725449727390815e-20 0.000000000000000000e+00 0.000000000000000000e+00
3.028000000000000000e+03 -8.559394835527013547e-14 2.631679916815346648e-15 2.044294216167460286e-20 0.000000000000000000e+00 0.000000000000000000e+00
3.029000000000000000e+03 -8.575833977767049804e-14 2.845639644587944712e-15 2.651862982607529156e-20 0.000000000000000000e+00 0.000000000000000000e+00
3.030000000000000000e+03 -8.592273120007084798e-14 3.059599372360542776e-15 3.259431749047599230e-20 0.000000000000000000e+00 0.000000000000000000e+00
3.031000000000000000e+03 -8.608712262247121054e-14 3.273559100133141235e-15 3.867000515487668099e-20 0.000000000000000000e+00 0.000000000000000000e+00
3.032000000000000000e+03 -8.625151404487157311e-14 3.487518827905739299e-15 4.474569281927738173e-20 0.000000000000000000e+00 0.000000000000000000e+00
3.033000000000000000e+03 -8.641590546727193567e-14 3.701478555678337363e-15 5.082138048367807042e-20 0.000000000000000000e+00 0.000000000000000000e+00
3.034000000000000000e+03 -8.658029688967229823e-14 3.915438283450935032e-15 5.689706814807877718e-20 0.000000000000000000e+00 0.000000000000000000e+00
3.035000000000000000e+03 -8.683670751401872899e-14 4.110473991603899356e-15 5.781810599951752209e-20 0.000000000000000000e+00 0.000000000000000000e+00
3.036000000000000000e+03 -8.718513734031124056e-14 4.286585680137229546e-15 5.358449403799433527e-20 0.000000000000000000e+00 0.000000000000000000e+00
3.037000000000000000e+03 -8.753356716660373951e-14 4.462697368670559735e-15 4.935088207647114242e-20 0.000000000000000000e+00 0.000000000000000000e+00
3.038000000000000000e+03 -8.788199699289625108e-14 4.638809057203889925e-15 4.511727011494794958e-20 0.000000000000000000e+00 0.000000000000000000e+00
3.039000000000000000e+03 -8.823042681918876266e-14 4.814920745737220114e-15 4.088365815342476275e-20 0.000000000000000000e+00 0.000000000000000000e+00
3.040000000000000000e+03 -8.857885664548127423e-14 4.991032434270550304e-15 3.665004619190156990e-20 0.000000000000000000e+00 0.000000000000000000e+00
3.041000000000000000e+03 -8.892728647177378580e-14 5.167144122803880493e-15 3.241643423037837706e-20 0.000000000000000000e+00 0.000000000000000000e+00
3.042000000000000000e+03 -8.927571629806629737e-14 5.343255811337210683e-15 2.818282226885518421e-20 0.000000000000000000e+00 0.000000000000000000e+00
3.043000000000000000e+03 -8.962414612435879632e-14 5.519367499870540872e-15 2.394921030733199739e-20 0.000000000000000000e+00 0.000000000000000000e+00
3.044000000000000000e+03 -8.997257595065130789e-14 5.695479188403871062e-15 1.971559834580880454e-20 0.000000000000000000e+00 0.000000000000000000e+00
3.045000000000000000e+03 -9.035379789490505884e-14 5.888816226379245194e-15 1.300447445310298448e-20 0.000000000000000000e+00 0.000000000000000000e+00
3.046000000000000000e+03 -9.076781195712004917e-14 6.099378613796664846e-15 3.815838629214534179e-21 0.000000000000000000e+00 0.000000000000000000e+00
3.047000000000000000e+03 -9.118182601933505212e-14 6.309941001214084498e-15 -5.372797194673919127e-21 0.000000000000000000e+00 0.000000000000000000e+00
3.048000000000000000e+03 -9.159584008155004245e-14 6.520503388631504150e-15 -1.456143301856237243e-20 0.000000000000000000e+00 0.000000000000000000e+00
3.049000000000000000e+03 -9.200985414376503278e-14 6.731065776048923802e-15 -2.375006884245081972e-20 0.000000000000000000e+00 0.000000000000000000e+00
3.050000000000000000e+03 -9.242386820598003573e-14 6.941628163466343454e-15 -3.293870466633927303e-20 0.000000000000000000e+00 0.000000000000000000e+00
3.051000000000000000e+03 -9.283788226819502605e-14 7.152190550883762317e-15 -4.212734049022772633e-20 0.000000000000000000e+00 0.000000000000000000e+00
3.052000000000000000e+03 -9.325189633041001638e-14 7.362752938301182758e-15 -5.131597631411617362e-20 0.000000000000000000e+00 0.000000000000000000e+00
3.053000000000000000e+03 -9.366591039262501933e-14 7.573315325718601621e-15 -6.050461213800462693e-20 0.000000000000000000e+00 0.000000000000000000e+00
3.054000000000000000e+03 -9.407992445484000966e-14 7.783877713136022062e-15 -6.969324796189308625e-20 0.000000000000000000e+00 0.000000000000000000e+00
3.055000000000000000e+03 -9.425671351758622974e-14 7.952413749857329275e-15 -6.952731301073784292e-20 0.000000000000000000e+00 0.000000000000000000e+00
3.056000000000000000e+03 -9.419627758086370483e-14 8.078923435882524837e-15 -6.000680728453890898e-20 0.000000000000000000e+00 0.000000000000000000e+00
3.057000000000000000e+03 -9.413584164414115467e-14 8.205433121907720400e-15 -5.048630155833997503e-20 0.000000000000000000e+00 0.000000000000000000e+00
3.058000000000000000e+03 -9.407540570741862975e-14 8.331942807932915963e-15 -4.096579583214104711e-20 0.000000000000000000e+00 0.000000000000000000e+00
3.059000000000000000e+03 -9.401496977069607960e-14 8.458452493958111525e-15 -3.144529010594211316e-20 0.000000000000000000e+00 0.000000000000000000e+00
3.060000000000000000e+03 -9.395453383397355468e-14 8.584962179983307088e-15 -2.192478437974318524e-20 0.000000000000000000e+00 0.000000000000000000e+00
3.061000000000000000e+03 -9.389409789725100452e-14 8.711471866008502650e-15 -1.240427865354425130e-20 0.000000000000000000e+00 0.000000000000000000e+00
3.062000000000000000e+03 -9.383366196052847961e-14 8.837981552033698213e-15 -2.883772927345317351e-21 0.000000000000000000e+00 0.000000000000000000e+00
3.063000000000000000e+03 -9.377322602380592945e-14 8.964491238058893776e-15 6.636732798853604556e-21 0.000000000000000000e+00 0.000000000000000000e+00
3.064000000000000000e+03 -9.371279008708340453e-14 9.091000924084089338e-15 1.615723852505253850e-20 0.000000000000000000e+00 0.000000000000000000e+00
3.065000000000000000e+03 -9.394293574311232133e-14 9.238557480140858653e-15 2.002578983123376941e-20 0.000000000000000000e+00 0.000000000000000000e+00
3.066000000000000000e+03 -9.446366299189270508e-14 9.407160906229201719e-15 1.824238671739730031e-20 0.000000000000000000e+00 0.000000000000000000e+00
3.067000000000000000e+03 -9.498439024067307621e-14 9.575764332317544785e-15 1.645898360356083120e-20 0.000000000000000000e+00 0.000000000000000000e+00
3.068000000000000000e+03 -9.550511748945345996e-14 9.744367758405887852e-15 1.467558048972436209e-20 0.000000000000000000e+00 0.000000000000000000e+00
3.069000000000000000e+03 -9.602584473823384372e-14 9.912971184494230918e-15 1.289217737588789299e-20 0.000000000000000000e+00 0.000000000000000000e+00
3.070000000000000000e+03 -9.654657198701422747e-14 1.008157461058257241e-14 1.110877426205142388e-20 0.000000000000000000e+00 0.000000000000000000e+00
3.071000000000000000e+03 -9.706729923579461122e-14 1.025017803667091547e-14 9.325371148214953271e-21 0.000000000000000000e+00 0.000000000000000000e+00
3.072000000000000000e+03 -9.758802648457499497e-14 1.041878146275925854e-14 7.541968034378484164e-21 0.000000000000000000e+00 0.000000000000000000e+00
3.073000000000000000e+03 -9.810875373335536610e-14 1.058738488884760161e-14 5.758564920542013553e-21 0.000000000000000000e+00 0.000000000000000000e+00
3.074000000000000000e+03 -9.862948098213574986e-14 1.075598831493594467e-14 3.975161806705544447e-21 0.000000000000000000e+00 0.000000000000000000e+00
3.075000000000000000e+03 -9.885363681387388420e-14 1.088585459206028374e-14 6.177166087511261970e-22 0.000000000000000000e+00 0.000000000000000000e+00
3.076000000000000000e+03 -9.878122122856976915e-14 1.097698372022061724e-14 -4.313770673321246086e-21 0.000000000000000000e+00 0.000000000000000000e+00
3.077000000000000000e+03 -9.870880564326564147e-14 1.106811284838095074e-14 -9.245257955393617994e-21 0.000000000000000000e+00 0.000000000000000000e+00
3.078000000000000000e+03 -9.863639005796152641e-14 1.115924197654128581e-14 -1.417674523746598915e-20 0.000000000000000000e+00 0.000000000000000000e+00
3.079000000000000000e+03 -9.856397447265741135e-14 1.125037110470161931e-14 -1.910823251953836331e-20 0.000000000000000000e+00 0.000000000000000000e+00
3.080000000000000000e+03 -9.849155888735328368e-14 1.134150023286195280e-14 -2.403971980161073146e-20 0.000000000000000000e+00 0.000000000000000000e+00
3.081000000000000000e+03 -9.841914330204916862e-14 1.143262936102228630e-14 -2.897120708368310261e-20 0.000000000000000000e+00 0.000000000000000000e+00
3.082000000000000000e+03 -9.834672771674505356e-14 1.152375848918262138e-14 -3.390269436575547678e-20 0.000000000000000000e+00 0.000000000000000000e+00
3.083000000000000000e+03 -9.827431213144092588e-14 1.161488761734295487e-14 -3.883418164782784492e-20 0.000000000000000000e+00 0.000000000000000000e+00
3.084000000000000000e+03 -9.820189654613681083e-14 1.170601674550328837e-14 -4.376566892990021909e-20 0.000000000000000000e+00 0.000000000000000000e+00
3.085000000000000000e+03 -9.862911354690659433e-14 1.183378005415749534e-14 -4.263998155252094405e-20 0.000000000000000000e+00 0.000000000000000000e+00
3.086000000000000000e+03 -9.955596313375027639e-14 1.199817754330557420e-14 -3.545711951569003186e-20 0.000000000000000000e+00 0.000000000000000000e+00
3.087000000000000000e+03 -1.004828127205939585e-13 1.216257503245365464e-14 -2.827425747885911364e-20 0.000000000000000000e+00 0.000000000000000000e+00
3.088000000000000000e+03 -1.014096623074376405e-13 1.232697252160173351e-14 -2.109139544202820144e-20 0.000000000000000000e+00 0.000000000000000000e+00
3.089000000000000000e+03 -1.023365118942813226e-13 1.249137001074981237e-14 -1.390853340519728323e-20 0.000000000000000000e+00 0.000000000000000000e+00
3.090000000000000000e+03 -1.032633614811250046e-13 1.265576749989789123e-14 -6.725671368366371028e-21 0.000000000000000000e+00 0.000000000000000000e+00
3.091000000000000000e+03 -1.041902110679686993e-13 1.282016498904597009e-14 4.571906684645471881e-22 0.000000000000000000e+00 0.000000000000000000e+00
3.092000000000000000e+03 -1.051170606548123814e-13 1.298456247819404896e-14 7.640052705295459386e-21 0.000000000000000000e+00 0.000000000000000000e+00
3.093000000000000000e+03 -1.060439102416560635e-13 1.314895996734212940e-14 1.482291474212637760e-20 0.000000000000000000e+00 0.000000000000000000e+00
3.094000000000000000e+03 -1.069707598284997455e-13 1.331335745649020826e-14 2.200577677895729582e-20 0.000000000000000000e+00 0.000000000000000000e+00
3.095000000000000000e+03 -1.074713929785025087e-13 1.341220559435497790e-14 2.715137242267607884e-20 0.000000000000000000e+00 0.000000000000000000e+00
3.096000000000000000e+03 -1.075458096916643405e-13 1.344550438093643673e-14 3.025970167328273269e-20 0.000000000000000000e+00 0.000000000000000000e+00
3.097000000000000000e+03 -1.076202264048261849e-13 1.347880316751789556e-14 3.336803092388939256e-20 0.000000000000000000e+00 0.000000000000000000e+00
3.098000000000000000e+03 -1.076946431179880292e-13 1.351210195409935439e-14 3.647636017449604642e-20 0.000000000000000000e+00 0.000000000000000000e+00
3.099000000000000000e+03 -1.077690598311498610e-13 1.354540074068081323e-14 3.958468942510270629e-20 0.000000000000000000e+00 0.000000000000000000e+00
3.100000000000000000e+03 -1.078434765443117054e-13 1.357869952726227364e-14 4.269301867570936014e-20 0.000000000000000000e+00 0.000000000000000000e+00
3.101000000000000000e+03 -1.079178932574735371e-13 1.361199831384373247e-14 4.580134792631602001e-20 0.000000000000000000e+00 0.000000000000000000e+00
3.102000000000000000e+03 -1.079923099706353815e-13 1.364529710042519130e-14 4.890967717692267386e-20 0.000000000000000000e+00 0.000000000000000000e+00
3.103000000000000000e+03 -1.080667266837972259e-13 1.367859588700665013e-14 5.201800642752933373e-20 0.000000000000000000e+00 0.000000000000000000e+00
3.104000000000000000e+03 -1.081411433969590576e-13 1.371189467358810897e-14 5.512633567813598758e-20 0.000000000000000000e+00 0.000000000000000000e+00
3.105000000000000000e+03 -1.081870584612421533e-13 1.374411152334419094e-14 5.497400270122763453e-20 0.000000000000000000e+00 0.000000000000000000e+00
3.106000000000000000e+03 -1.082044718766465003e-13 1.377524643627489606e-14 5.156100749680427457e-20 0.000000000000000000e+00 0.000000000000000000e+00
3.107000000000000000e+03 -1.082218852920508474e-13 1.380638134920559959e-14 4.814801229238090859e-20 0.000000000000000000e+00 0.000000000000000000e+00
3.108000000000000000e+03 -1.082392987074551818e-13 1.383751626213630313e-14 4.473501708795754863e-20 0.000000000000000000e+00 0.000000000000000000e+00
3.109000000000000000e+03 -1.082567121228595288e-13 1.386865117506700825e-14 4.132202188353418265e-20 0.000000000000000000e+00 0.000000000000000000e+00
3.110000000000000000e+03 -1.082741255382638758e-13 1.389978608799771178e-14 3.790902667911082269e-20 0.000000000000000000e+00 0.000000000000000000e+00
3.111000000000000000e+03 -1.082915389536682228e-13 1.393092100092841690e-14 3.449603147468745672e-20 0.000000000000000000e+00 0.000000000000000000e+00
3.112000000000000000e+03 -1.083089523690725572e-13 1.396205591385912044e-14 3.108303627026409676e-20 0.000000000000000000e+00 0.000000000000000000e+00
3.113000000000000000e+03 -1.083263657844769043e-13 1.399319082678982397e-14 2.767004106584073078e-20 0.000000000000000000e+00 0.000000000000000000e+00
3.114000000000000000e+03 -1.083437791998812513e-13 1.402432573972052909e-14 2.425704586141737082e-20 0.000000000000000000e+00 0.000000000000000000e+00
3.115000000000000000e+03 -1.085936414375819537e-13 1.404732466523456187e-14 2.500337047881759791e-20 0.000000000000000000e+00 0.000000000000000000e+00
3.116000000000000000e+03 -1.090759524975790116e-13 1.406218760333192391e-14 2.990901491804141805e-20 0.000000000000000000e+00 0.000000000000000000e+00
3.117000000000000000e+03 -1.095582635575760695e-13 1.407705054142928436e-14 3.481465935726523820e-20 0.000000000000000000e+00 0.000000000000000000e+00
3.118000000000000000e+03 -1.100405746175731274e-13 1.409191347952664640e-14 3.972030379648905835e-20 0.000000000000000000e+00 0.000000000000000000e+00
3.119000000000000000e+03 -1.105228856775701853e-13 1.410677641762400843e-14 4.462594823571287850e-20 0.000000000000000000e+00 0.000000000000000000e+00
3.120000000000000000e+03 -1.110051967375672306e-13 1.412163935572136889e-14 4.953159267493669865e-20 0.000000000000000000e+00 0.000000000000000000e+00
3.121000000000000000e+03 -1.114875077975642885e-13 1.413650229381873092e-14 5.443723711416050676e-20 0.000000000000000000e+00 0.000000000000000000e+00
3.122000000000000000e+03 -1.119698188575613464e-13 1.415136523191609295e-14 5.934288155338433895e-20 0.000000000000000000e+00 0.000000000000000000e+00
3.123000000000000000e+03 -1.124521299175584043e-13 1.416622817001345341e-14 6.424852599260814706e-20 0.000000000000000000e+00 0.000000000000000000e+00
3.124000000000000000e+03 -1.129344409775554621e-13 1.418109110811081544e-14 6.915417043183197925e-20 0.000000000000000000e+00 0.000000000000000000e+00
3.125000000000000000e+03 -1.131352194611541324e-13 1.415637751078257876e-14 7.093912362049063514e-20 0.000000000000000000e+00 0.000000000000000000e+00
3.126000000000000000e+03 -1.130544653683544275e-13 1.409208737802874336e-14 6.960338555858413881e-20 0.000000000000000000e+00 0.000000000000000000e+00
3.127000000000000000e+03 -1.129737112755547226e-13 1.402779724527490637e-14 6.826764749667764248e-20 0.000000000000000000e+00 0.000000000000000000e+00
3.128000000000000000e+03 -1.128929571827550052e-13 1.396350711252107097e-14 6.693190943477114615e-20 0.000000000000000000e+00 0.000000000000000000e+00
3.129000000000000000e+03 -1.128122030899553003e-13 1.389921697976723557e-14 6.559617137286464982e-20 0.000000000000000000e+00 0.000000000000000000e+00
3.130000000000000000e+03 -1.127314489971555954e-13 1.383492684701339859e-14 6.426043331095815349e-20 0.000000000000000000e+00 0.000000000000000000e+00
3.131000000000000000e+03 -1.126506949043558906e-13 1.377063671425956318e-14 6.292469524905165716e-20 0.000000000000000000e+00 0.000000000000000000e+00
3.132000000000000000e+03 -1.125699408115561731e-13 1.370634658150572778e-14 6.158895718714516083e-20 0.000000000000000000e+00 0.000000000000000000e+00
3.133000000000000000e+03 -1.124891867187564683e-13 1.364205644875189238e-14 6.025321912523866450e-20 0.000000000000000000e+00 0.000000000000000000e+00
3.134000000000000000e+03 -1.124084326259567634e-13 1.357776631599805539e-14 5.891748106333216817e-20 0.000000000000000000e+00 0.000000000000000000e+00
3.135000000000000000e+03 -1.128260036289267190e-13 1.356972637197813299e-14 5.736860271062411466e-20 0.000000000000000000e+00 0.000000000000000000e+00
3.136000000000000000e+03 -1.137418997276663225e-13 1.361793661669212516e-14 5.560658406711449192e-20 0.000000000000000000e+00 0.000000000000000000e+00
3.137000000000000000e+03 -1.146577958264059512e-13 1.366614686140611733e-14 5.384456542360486918e-20 0.000000000000000000e+00 0.000000000000000000e+00
3.138000000000000000e+03 -1.155736919251455799e-13 1.371435710612010793e-14 5.208254678009524644e-20 0.000000000000000000e+00 0.000000000000000000e+00
3.139000000000000000e+03 -1.164895880238851834e-13 1.376256735083410010e-14 5.032052813658562370e-20 0.000000000000000000e+00 0.000000000000000000e+00
3.140000000000000000e+03 -1.174054841226248121e-13 1.381077759554809227e-14 4.855850949307600096e-20 0.000000000000000000e+00 0.000000000000000000e+00
3.141000000000000000e+03 -1.183213802213644156e-13 1.385898784026208444e-14 4.679649084956637822e-20 0.000000000000000000e+00 0.000000000000000000e+00
3.142000000000000000e+03 -1.192372763201040443e-13 1.390719808497607504e-14 4.503447220605675548e-20 0.000000000000000000e+00 0.000000000000000000e+00
3.143000000000000000e+03 -1.201531724188436730e-13 1.395540832969006721e-14 4.327245356254713274e-20 0.000000000000000000e+00 0.000000000000000000e+00
3.144000000000000000e+03 -1.210690685175832765e-13 1.400361857440405938e-14 4.151043491903751601e-20 0.000000000000000000e+00 0.000000000000000000e+00
3.145000000000000000e+03 -1.215482551450348562e-13 1.398295296855292224e-14 3.631351797532189001e-20 0.000000000000000000e+00 0.000000000000000000e+00
3.146000000000000000e+03 -1.215907323011983870e-13 1.389341151213665738e-14 2.768170273140025473e-20 0.000000000000000000e+00 0.000000000000000000e+00
3.147000000000000000e+03 -1.216332094573619177e-13 1.380387005572039409e-14 1.904988748747862848e-20 0.000000000000000000e+00 0.000000000000000000e+00
3.148000000000000000e+03 -1.216756866135254485e-13 1.371432859930412922e-14 1.041807224355699620e-20 0.000000000000000000e+00 0.000000000000000000e+00
3.149000000000000000e+03 -1.217181637696889792e-13 1.362478714288786436e-14 1.786256999635366939e-21 0.000000000000000000e+00 0.000000000000000000e+00
3.150000000000000000e+03 -1.217606409258524847e-13 1.353524568647160107e-14 -6.845558244286262324e-21 0.000000000000000000e+00 0.000000000000000000e+00
3.151000000000000000e+03 -1.218031180820160155e-13 1.344570423005533620e-14 -1.547737348820789159e-20 0.000000000000000000e+00 0.000000000000000000e+00
3.152000000000000000e+03 -1.218455952381795463e-13 1.335616277363907134e-14 -2.410918873212952085e-20 0.000000000000000000e+00 0.000000000000000000e+00
3.153000000000000000e+03 -1.218880723943430770e-13 1.326662131722280805e-14 -3.274100397605116215e-20 0.000000000000000000e+00 0.000000000000000000e+00
3.154000000000000000e+03 -1.219305495505066078e-13 1.317707986080654318e-14 -4.137281921997279142e-20 0.000000000000000000e+00 0.000000000000000000e+00
3.155000000000000000e+03 -1.220476401946607213e-13 1.310454954093488419e-14 -4.799809514068372992e-20 0.000000000000000000e+00 0.000000000000000000e+00
3.156000000000000000e+03 -1.222393443268054428e-13 1.304903035760783106e-14 -5.261683173818399573e-20 0.000000000000000000e+00 0.000000000000000000e+00
3.157000000000000000e+03 -1.224310484589501390e-13 1.299351117428077794e-14 -5.723556833568425552e-20 0.000000000000000000e+00 0.000000000000000000e+00
3.158000000000000000e+03 -1.226227525910948605e-13 1.293799199095372481e-14 -6.185430493318451531e-20 0.000000000000000000e+00 0.000000000000000000e+00
3.159000000000000000e+03 -1.228144567232395567e-13 1.288247280762667169e-14 -6.647304153068477510e-20 0.000000000000000000e+00 0.000000000000000000e+00
3.160000000000000000e+03 -1.230061608553842782e-13 1.282695362429962014e-14 -7.109177812818503489e-20 0.000000000000000000e+00 0.000000000000000000e+00
3.161000000000000000e+03 -1.231978649875289745e-13 1.277143444097256702e-14 -7.571051472568530672e-20 0.000000000000000000e+00 0.000000000000000000e+00
3.162000000000000000e+03 -1.233895691196736960e-13 1.271591525764551389e-14 -8.032925132318556650e-20 0.000000000000000000e+00 0.000000000000000000e+00
3.163000000000000000e+03 -1.235812732518183922e-13 1.266039607431846077e-14 -8.494798792068582629e-20 0.000000000000000000e+00 0.000000000000000000e+00
3.164000000000000000e+03 -1.237729773839631137e-13 1.260487689099140764e-14 -8.956672451818609812e-20 0.000000000000000000e+00 0.000000000000000000e+00
3.165000000000000000e+03 -1.239027036847027975e-13 1.252042527466452730e-14 -8.305420119229111419e-20 0.000000000000000000e+00 0.000000000000000000e+00
3.166000000000000000e+03 -1.239704521540374437e-13 1.240704122533782133e-14 -6.541041794300091062e-20 0.000000000000000000e+00 0.000000000000000000e+00
3.167000000000000000e+03 -1.240382006233720898e-13 1.229365717601111377e-14 -4.776663469371070704e-20 0.000000000000000000e+00 0.000000000000000000e+00
3.168000000000000000e+03 -1.241059490927067360e-13 1.218027312668440622e-14 -3.012285144442050347e-20 0.000000000000000000e+00 0.000000000000000000e+00
3.169000000000000000e+03 -1.241736975620413822e-13 1.206688907735770024e-14 -1.247906819513028786e-20 0.000000000000000000e+00 0.000000000000000000e+00
3.170000000000000000e+03 -1.242414460313760536e-13 1.195350502803099269e-14 5.164715054159915715e-21 0.000000000000000000e+00 0.000000000000000000e+00
3.171000000000000000e+03 -1.243091945007106997e-13 1.184012097870428671e-14 2.280849830345013133e-20 0.000000000000000000e+00 0.000000000000000000e+00
3.172000000000000000e+03 -1.243769429700453459e-13 1.172673692937757916e-14 4.045228155274032286e-20 0.000000000000000000e+00 0.000000000000000000e+00
3.173000000000000000e+03 -1.244446914393799921e-13 1.161335288005087161e-14 5.809606480203053847e-20 0.000000000000000000e+00 0.000000000000000000e+00
3.174000000000000000e+03 -1.245124399087146382e-13 1.149996883072416563e-14 7.573984805132073001e-20 0.000000000000000000e+00 0.000000000000000000e+00
3.175000000000000000e+03 -1.248422666772523945e-13 1.141847559134939245e-14 8.714463990891088394e-20 0.000000000000000000e+00 0.000000000000000000e+00
3.176000000000000000e+03 -1.254341717449932103e-13 1.136887316192655522e-14 9.231044037480097620e-20 0.000000000000000000e+00 0.000000000000000000e+00
3.177000000000000000e+03 -1.260260768127340262e-13 1.131927073250371799e-14 9.747624084069104438e-20 0.000000000000000000e+00 0.000000000000000000e+00
3.178000000000000000e+03 -1.266179818804748420e-13 1.126966830308087919e-14 1.026420413065811366e-19 0.000000000000000000e+00 0.000000000000000000e+00
3.179000000000000000e+03 -1.272098869482156579e-13 1.122006587365804196e-14 1.078078417724712048e-19 0.000000000000000000e+00 0.000000000000000000e+00
3.180000000000000000e+03 -1.278017920159564990e-13 1.117046344423520315e-14 1.129736422383612971e-19 0.000000000000000000e+00 0.000000000000000000e+00
3.181000000000000000e+03 -1.283936970836973148e-13 1.112086101481236592e-14 1.181394427042513652e-19 0.000000000000000000e+00 0.000000000000000000e+00
3.182000000000000000e+03 -1.289856021514381307e-13 1.107125858538952711e-14 1.233052431701414575e-19 0.000000000000000000e+00 0.000000000000000000e+00
3.183000000000000000e+03 -1.295775072191789465e-13 1.102165615596668988e-14 1.284710436360315257e-19 0.000000000000000000e+00 0.000000000000000000e+00
3.184000000000000000e+03 -1.301694122869197624e-13 1.097205372654385266e-14 1.336368441019216179e-19 0.000000000000000000e+00 0.000000000000000000e+00
3.185000000000000000e+03 -1.304433182508620526e-13 1.090262309815548768e-14 1.364707507566247952e-19 0.000000000000000000e+00 0.000000000000000000e+00
3.186000000000000000e+03 -1.303992251110057668e-13 1.081336427080159497e-14 1.369727636001410817e-19 0.000000000000000000e+00 0.000000000000000000e+00
3.187000000000000000e+03 -1.303551319711495062e-13 1.072410544344770383e-14 1.374747764436573440e-19 0.000000000000000000e+00 0.000000000000000000e+00
3.188000000000000000e+03 -1.303110388312932456e-13 1.063484661609381112e-14 1.379767892871736304e-19 0.000000000000000000e+00 0.000000000000000000e+00
3.189000000000000000e+03 -1.302669456914369598e-13 1.054558778873991841e-14 1.384788021306899169e-19 0.000000000000000000e+00 0.000000000000000000e+00
3.190000000000000000e+03 -1.302228525515806992e-13 1.045632896138602727e-14 1.389808149742062033e-19 0.000000000000000000e+00 0.000000000000000000e+00
3.191000000000000000e+03 -1.301787594117244134e-13 1.036707013403213456e-14 1.394828278177224897e-19 0.000000000000000000e+00 0.000000000000000000e+00
3.192000000000000000e+03 -1.301346662718681528e-13 1.027781130667824184e-14 1.399848406612387761e-19 0.000000000000000000e+00 0.000000000000000000e+00
3.193000000000000000e+03 -1.300905731320118922e-13 1.018855247932435070e-14 1.404868535047550385e-19 0.000000000000000000e+00 0.000000000000000000e+00
3.194000000000000000e+03 -1.300464799921556064e-13 1.009929365197045799e-14 1.409888663482713249e-19 0.000000000000000000e+00 0.000000000000000000e+00
3.195000000000000000e+03 -1.300749430527085757e-13 1.001528361720188813e-14 1.387327567515528238e-19 0.000000000000000000e+00 0.000000000000000000e+00
3.196000000000000000e+03 -1.301759623136707749e-13 9.936522375018639557e-15 1.337185247145995593e-19 0.000000000000000000e+00 0.000000000000000000e+00
3.197000000000000000e+03 -1.302769815746329489e-13 9.857761132835389402e-15 1.287042926776462707e-19 0.000000000000000000e+00 0.000000000000000000e+00
3.198000000000000000e+03 -1.303780008355951481e-13 9.778999890652140825e-15 1.236900606406930062e-19 0.000000000000000000e+00 0.000000000000000000e+00
3.199000000000000000e+03 -1.304790200965573474e-13 9.700238648468892248e-15 1.186758286037397177e-19 0.000000000000000000e+00 0.000000000000000000e+00
3.200000000000000000e+03 -1.305800393575195214e-13 9.621477406285642093e-15 1.136615965667864532e-19 0.000000000000000000e+00 0.000000000000000000e+00
3.201000000000000000e+03 -1.306810586184817206e-13 9.542716164102393515e-15 1.086473645298331646e-19 0.000000000000000000e+00 0.000000000000000000e+00
3.202000000000000000e+03 -1.307820778794439198e-13 9.463954921919144938e-15 1.036331324928799001e-19 0.000000000000000000e+00 0.000000000000000000e+00
3.203000000000000000e+03 -1.308830971404060938e-13 9.385193679735894783e-15 9.861890045592661149e-20 0.000000000000000000e+00 0.000000000000000000e+00
3.204000000000000000e+03 -1.309841164013682931e-13 9.306432437552646206e-15 9.360466841897334699e-20 0.000000000000000000e+00 0.000000000000000000e+00
3.205000000000000000e+03 -1.311913639666898509e-13 9.243970488618764625e-15 8.780666827739841600e-20 0.000000000000000000e+00 0.000000000000000000e+00
3.206000000000000000e+03 -1.315048398363707422e-13 9.197807832934253195e-15 8.122490003120186668e-20 0.000000000000000000e+00 0.000000000000000000e+00
3.207000000000000000e+03 -1.318183157060516334e-13 9.151645177249738610e-15 7.464313178500529329e-20 0.000000000000000000e+00 0.000000000000000000e+00
3.208000000000000000e+03 -1.321317915757325499e-13 9.105482521565227180e-15 6.806136353880874396e-20 0.000000000000000000e+00 0.000000000000000000e+00
3.209000000000000000e+03 -1.324452674454134411e-13 9.059319865880712595e-15 6.147959529261217057e-20 0.000000000000000000e+00 0.000000000000000000e+00
3.210000000000000000e+03 -1.327587433150943324e-13 9.013157210196201165e-15 5.489782704641562124e-20 0.000000000000000000e+00 0.000000000000000000e+00
3.211000000000000000e+03 -1.330722191847752236e-13 8.966994554511686580e-15 4.831605880021905387e-20 0.000000000000000000e+00 0.000000000000000000e+00
3.212000000000000000e+03 -1.333856950544561401e-13 8.920831898827175150e-15 4.173429055402249251e-20 0.000000000000000000e+00 0.000000000000000000e+00
3.213000000000000000e+03 -1.336991709241370313e-13 8.874669243142660564e-15 3.515252230782592513e-20 0.000000000000000000e+00 0.000000000000000000e+00
3.214000000000000000e+03 -1.340126467938179226e-13 8.828506587458149135e-15 2.857075406162937581e-20 0.000000000000000000e+00 0.000000000000000000e+00
3.215000000000000000e+03 -1.343551804024281688e-13 8.798589845039192271e-15 2.109745695283615145e-20 0.000000000000000000e+00 0.000000000000000000e+00
3.216000000000000000e+03 -1.347267717499677699e-13 8.784919015885793128e-15 1.273263098144628066e-20 0.000000000000000000e+00 0.000000000000000000e+00
3.217000000000000000e+03 -1.350983630975073458e-13 8.771248186732393986e-15 4.367805010056406853e-21 0.000000000000000000e+00 0.000000000000000000e+00
3.218000000000000000e+03 -1.354699544450469470e-13 8.757577357578994844e-15 -3.997020961333462438e-21 0.000000000000000000e+00 0.000000000000000000e+00
3.219000000000000000e+03 -1.358415457925865481e-13 8.743906528425595701e-15 -1.236184693272333775e-20 0.000000000000000000e+00 0.000000000000000000e+00
3.220000000000000000e+03 -1.362131371401261241e-13 8.730235699272194981e-15 -2.072667290411320704e-20 0.000000000000000000e+00 0.000000000000000000e+00
3.221000000000000000e+03 -1.365847284876657252e-13 8.716564870118795839e-15 -2.909149887550308235e-20 0.000000000000000000e+00 0.000000000000000000e+00
3.222000000000000000e+03 -1.369563198352053264e-13 8.702894040965396697e-15 -3.745632484689295766e-20 0.000000000000000000e+00 0.000000000000000000e+00
3.223000000000000000e+03 -1.373279111827449023e-13 8.689223211811997554e-15 -4.582115081828282093e-20 0.000000000000000000e+00 0.000000000000000000e+00
3.224000000000000000e+03 -1.376995025302845034e-13 8.675552382658598412e-15 -5.418597678967269624e-20 0.000000000000000000e+00 0.000000000000000000e+00
3.225000000000000000e+03 -1.378607730453959650e-13 8.649960246001681181e-15 -5.239381855119594903e-20 0.000000000000000000e+00 0.000000000000000000e+00
3.226000000000000000e+03 -1.378117227280793375e-13 8.612446801841245861e-15 -4.044467610285258531e-20 0.000000000000000000e+00 0.000000000000000000e+00
3.227000000000000000e+03 -1.377626724107627100e-13 8.574933357680808964e-15 -2.849553365450922761e-20 0.000000000000000000e+00 0.000000000000000000e+00
3.228000000000000000e+03 -1.377136220934460824e-13 8.537419913520373645e-15 -1.654639120616586390e-20 0.000000000000000000e+00 0.000000000000000000e+00
3.229000000000000000e+03 -1.376645717761294549e-13 8.499906469359938325e-15 -4.597248757822506197e-21 0.000000000000000000e+00 0.000000000000000000e+00
3.230000000000000000e+03 -1.376155214588128021e-13 8.462393025199503006e-15 7.351893690520851501e-21 0.000000000000000000e+00 0.000000000000000000e+00
3.231000000000000000e+03 -1.375664711414961746e-13 8.424879581039067686e-15 1.930103613886422124e-20 0.000000000000000000e+00 0.000000000000000000e+00
3.232000000000000000e+03 -1.375174208241795471e-13 8.387366136878632366e-15 3.125017858720757893e-20 0.000000000000000000e+00 0.000000000000000000e+00
3.233000000000000000e+03 -1.374683705068629195e-13 8.349852692718195469e-15 4.319932103555093663e-20 0.000000000000000000e+00 0.000000000000000000e+00
3.234000000000000000e+03 -1.374193201895462920e-13 8.312339248557760150e-15 5.514846348389430637e-20 0.000000000000000000e+00 0.000000000000000000e+00
3.235000000000000000e+03 -1.373631754643923402e-13 8.298678534526303671e-15 6.304831996684394004e-20 0.000000000000000000e+00 0.000000000000000000e+00
3.236000000000000000e+03 -1.372999363314011146e-13 8.308870550623824457e-15 6.689889048439986173e-20 0.000000000000000000e+00 0.000000000000000000e+00
3.237000000000000000e+03 -1.372366971984098637e-13 8.319062566721345242e-15 7.074946100195578341e-20 0.000000000000000000e+00 0.000000000000000000e+00
3.238000000000000000e+03 -1.371734580654186380e-13 8.329254582818866028e-15 7.460003151951170509e-20 0.000000000000000000e+00 0.000000000000000000e+00
3.239000000000000000e+03 -1.371102189324273872e-13 8.339446598916386813e-15 7.845060203706762678e-20 0.000000000000000000e+00 0.000000000000000000e+00
3.240000000000000000e+03 -1.370469797994361615e-13 8.349638615013907599e-15 8.230117255462354846e-20 0.000000000000000000e+00 0.000000000000000000e+00
3.241000000000000000e+03 -1.369837406664449107e-13 8.359830631111428384e-15 8.615174307217948218e-20 0.000000000000000000e+00 0.000000000000000000e+00
3.242000000000000000e+03 -1.369205015334536850e-13 8.370022647208949170e-15 9.000231358973540387e-20 0.000000000000000000e+00 0.000000000000000000e+00
3.243000000000000000e+03 -1.368572624004624341e-13 8.380214663306469956e-15 9.385288410729132555e-20 0.000000000000000000e+00 0.000000000000000000e+00
3.244000000000000000e+03 -1.367940232674712085e-13 8.390406679403990741e-15 9.770345462484725928e-20 0.000000000000000000e+00 0.000000000000000000e+00
3.245000000000000000e+03 -1.367951560249227251e-13 8.415737932330434876e-15 9.899381677836958128e-20 0.000000000000000000e+00 0.000000000000000000e+00
3.246000000000000000e+03 -1.368606606728169839e-13 8.456208422085799204e-15 9.772397056785831564e-20 0.000000000000000000e+00 0.000000000000000000e+00
3.247000000000000000e+03 -1.369261653207112427e-13 8.496678911841165111e-15 9.645412435734705000e-20 0.000000000000000000e+00 0.000000000000000000e+00
3.248000000000000000e+03 -1.369916699686055015e-13 8.537149401596529439e-15 9.518427814683578435e-20 0.000000000000000000e+00 0.000000000000000000e+00
3.249000000000000000e+03 -1.370571746164997603e-13 8.577619891351895346e-15 9.391443193632451871e-20 0.000000000000000000e+00 0.000000000000000000e+00
3.250000000000000000e+03 -1.371226792643940191e-13 8.618090381107259674e-15 9.264458572581324103e-20 0.000000000000000000e+00 0.000000000000000000e+00
3.251000000000000000e+03 -1.371881839122882779e-13 8.658560870862625580e-15 9.137473951530197539e-20 0.000000000000000000e+00 0.000000000000000000e+00
3.252000000000000000e+03 -1.372536885601825367e-13 8.699031360617989909e-15 9.010489330479070975e-20 0.000000000000000000e+00 0.000000000000000000e+00
3.253000000000000000e+03 -1.373191932080767955e-13 8.739501850373355815e-15 8.883504709427944411e-20 0.000000000000000000e+00 0.000000000000000000e+00
3.254000000000000000e+03 -1.373846978559710544e-13 8.779972340128720144e-15 8.756520088376817847e-20 0.000000000000000000e+00 0.000000000000000000e+00
3.255000000000000000e+03 -1.378108756043035726e-13 8.832778664353846566e-15 8.174574790807997760e-20 0.000000000000000000e+00 0.000000000000000000e+00
3.256000000000000000e+03 -1.385977264530743502e-13 8.897920823048731927e-15 7.137668816721485354e-20 0.000000000000000000e+00 0.000000000000000000e+00
3.257000000000000000e+03 -1.393845773018451025e-13 8.963062981743617287e-15 6.100762842634972948e-20 0.000000000000000000e+00 0.000000000000000000e+00
3.258000000000000000e+03 -1.401714281506158549e-13 9.028205140438504225e-15 5.063856868548459940e-20 0.000000000000000000e+00 0.000000000000000000e+00
3.259000000000000000e+03 -1.409582789993866325e-13 9.093347299133389586e-15 4.026950894461947533e-20 0.000000000000000000e+00 0.000000000000000000e+00
3.260000000000000000e+03 -1.417451298481573849e-13 9.158489457828274946e-15 2.990044920375434525e-20 0.000000000000000000e+00 0.000000000000000000e+00
3.261000000000000000e+03 -1.425319806969281625e-13 9.223631616523160307e-15 1.953138946288922119e-20 0.000000000000000000e+00 0.000000000000000000e+00
3.262000000000000000e+03 -1.433188315456989149e-13 9.288773775218047245e-15 9.162329722024097129e-21 0.000000000000000000e+00 0.000000000000000000e+00
3.263000000000000000e+03 -1.441056823944696672e-13 9.353915933912932605e-15 -1.206730018841038970e-21 0.000000000000000000e+00 0.000000000000000000e+00
3.264000000000000000e+03 -1.448925332432404448e-13 9.419058092607817966e-15 -1.157578975970616303e-20 0.000000000000000000e+00 0.000000000000000000e+00
3.265000000000000000e+03 -1.452916864673164966e-13 9.517886814682615532e-15 -1.047930888947623024e-20 0.000000000000000000e+00 0.000000000000000000e+00
3.266000000000000000e+03 -1.453031420666978226e-13 9.650402100137325304e-15 2.082712591848739860e-21 0.000000000000000000e+00 0.000000000000000000e+00
3.267000000000000000e+03 -1.453145976660791486e-13 9.782917385592035077e-15 1.464473407317371447e-20 0.000000000000000000e+00 0.000000000000000000e+00
3.268000000000000000e+03 -1.453260532654604746e-13 9.915432671046743271e-15 2.720675555449868607e-20 0.000000000000000000e+00 0.000000000000000000e+00
3.269000000000000000e+03 -1.453375088648418005e-13 1.004794795650145304e-14 3.976877703582364864e-20 0.000000000000000000e+00 0.000000000000000000e+00
3.270000000000000000e+03 -1.453489644642231517e-13 1.018046324195616124e-14 5.233079851714862325e-20 0.000000000000000000e+00 0.000000000000000000e+00
3.271000000000000000e+03 -1.453604200636044777e-13 1.031297852741087101e-14 6.489281999847359786e-20 0.000000000000000000e+00 0.000000000000000000e+00
3.272000000000000000e+03 -1.453718756629858037e-13 1.044549381286557921e-14 7.745484147979857247e-20 0.000000000000000000e+00 0.000000000000000000e+00
3.273000000000000000e+03 -1.453833312623671296e-13 1.057800909832028898e-14 9.001686296112353504e-20 0.000000000000000000e+00 0.000000000000000000e+00
3.274000000000000000e+03 -1.453947868617484556e-13 1.071052438377499875e-14 1.025788844424485097e-19 0.000000000000000000e+00 0.000000000000000000e+00
3.275000000000000000e+03 -1.453546656472779610e-13 1.080233081742521047e-14 1.069558458190578230e-19 0.000000000000000000e+00 0.000000000000000000e+00
3.276000000000000000e+03 -1.452629676189556459e-13 1.085342839927092570e-14 1.031477470909514632e-19 0.000000000000000000e+00 0.000000000000000000e+00
3.277000000000000000e+03 -1.451712695906333307e-13 1.090452598111663937e-14 9.933964836284510333e-20 0.000000000000000000e+00 0.000000000000000000e+00
3.278000000000000000e+03 -1.450795715623110155e-13 1.095562356296235460e-14 9.553154963473874347e-20 0.000000000000000000e+00 0.000000000000000000e+00
3.279000000000000000e+03 -1.449878735339887004e-13 1.100672114480806984e-14 9.172345090663238361e-20 0.000000000000000000e+00 0.000000000000000000e+00
3.280000000000000000e+03 -1.448961755056663599e-13 1.105781872665378350e-14 8.791535217852602375e-20 0.000000000000000000e+00 0.000000000000000000e+00
3.281000000000000000e+03 -1.448044774773440448e-13 1.110891630849949874e-14 8.410725345041966389e-20 0.000000000000000000e+00 0.000000000000000000e+00
3.282000000000000000e+03 -1.447127794490217296e-13 1.116001389034521398e-14 8.029915472231330403e-20 0.000000000000000000e+00 0.000000000000000000e+00
3.283000000000000000e+03 -1.446210814206994144e-13 1.121111147219092764e-14 7.649105599420694417e-20 0.000000000000000000e+00 0.000000000000000000e+00
3.284000000000000000e+03 -1.445293833923770993e-13 1.126220905403664288e-14 7.268295726610058431e-20 0.000000000000000000e+00 0.000000000000000000e+00
3.285000000000000000e+03 -1.444880633072180045e-13 1.135380542885547625e-14 6.873310509080661878e-20 0.000000000000000000e+00 0.000000000000000000e+00
3.286000000000000000e+03 -1.444971211652221302e-13 1.148590059664742775e-14 6.464149946832503555e-20 0.000000000000000000e+00 0.000000000000000000e+00
3.287000000000000000e+03 -1.445061790232262812e-13 1.161799576443937926e-14 6.054989384584345232e-20 0.000000000000000000e+00 0.000000000000000000e+00
3.288000000000000000e+03 -1.445152368812304068e-13 1.175009093223133076e-14 5.645828822336188113e-20 0.000000000000000000e+00 0.000000000000000000e+00
3.289000000000000000e+03 -1.445242947392345578e-13 1.188218610002328227e-14 5.236668260088029790e-20 0.000000000000000000e+00 0.000000000000000000e+00
3.290000000000000000e+03 -1.445333525972386835e-13 1.201428126781523535e-14 4.827507697839871467e-20 0.000000000000000000e+00 0.000000000000000000e+00
3.291000000000000000e+03 -1.445424104552428344e-13 1.214637643560718685e-14 4.418347135591713746e-20 0.000000000000000000e+00 0.000000000000000000e+00
3.292000000000000000e+03 -1.445514683132469601e-13 1.227847160339913835e-14 4.009186573343556025e-20 0.000000000000000000e+00 0.000000000000000000e+00
3.293000000000000000e+03 -1.445605261712511110e-13 1.241056677119108986e-14 3.600026011095397702e-20 0.000000000000000000e+00 0.000000000000000000e+00
3.294000000000000000e+03 -1.445695840292552367e-13 1.254266193898304136e-14 3.190865448847239981e-20 0.000000000000000000e+00 0.000000000000000000e+00
3.295000000000000000e+03 -1.448984656070648536e-13 1.271386429625979932e-14 2.982000436765428586e-20 0.000000000000000000e+00 0.000000000000000000e+00
3.296000000000000000e+03 -1.455471709046799112e-13 1.292417384302136373e-14 2.973430974849963516e-20 0.000000000000000000e+00 0.000000000000000000e+00
3.297000000000000000e+03 -1.461958762022949689e-13 1.313448338978292655e-14 2.964861512934499049e-20 0.000000000000000000e+00 0.000000000000000000e+00
3.298000000000000000e+03 -1.468445814999100265e-13 1.334479293654449096e-14 2.956292051019034582e-20 0.000000000000000000e+00 0.000000000000000000e+00
3.299000000000000000e+03 -1.474932867975250841e-13 1.355510248330605537e-14 2.947722589103569513e-20 0.000000000000000000e+00 0.000000000000000000e+00
3.300000000000000000e+03 -1.481419920951401418e-13 1.376541203006761820e-14 2.939153127188105046e-20 0.000000000000000000e+00 0.000000000000000000e+00
3.301000000000000000e+03 -1.487906973927551994e-13 1.397572157682918261e-14 2.930583665272639976e-20 0.000000000000000000e+00 0.000000000000000000e+00
3.302000000000000000e+03 -1.494394026903702570e-13 1.418603112359074701e-14 2.922014203357175509e-20 0.000000000000000000e+00 0.000000000000000000e+00
3.303000000000000000e+03 -1.500881079879853147e-13 1.439634067035230984e-14 2.913444741441711042e-20 0.000000000000000000e+00 0.000000000000000000e+00
3.304000000000000000e+03 -1.507368132856003723e-13 1.460665021711387425e-14 2.904875279526245973e-20 0.000000000000000000e+00 0.000000000000000000e+00
3.305000000000000000e+03 -1.510441010460713380e-13 1.476904995594953418e-14 3.357276127091780578e-20 0.000000000000000000e+00 0.000000000000000000e+00
3.306000000000000000e+03 -1.510099712693981864e-13 1.488353988685928962e-14 4.270647284138313653e-20 0.000000000000000000e+00 0.000000000000000000e+00
3.307000000000000000e+03 -1.509758414927250096e-13 1.499802981776904821e-14 5.184018441184847329e-20 0.000000000000000000e+00 0.000000000000000000e+00
3.308000000000000000e+03 -1.509417117160518580e-13 1.511251974867880366e-14 6.097389598231380404e-20 0.000000000000000000e+00 0.000000000000000000e+00
3.309000000000000000e+03 -1.509075819393787065e-13 1.522700967958855910e-14 7.010760755277914081e-20 0.000000000000000000e+00 0.000000000000000000e+00
3.310000000000000000e+03 -1.508734521627055297e-13 1.534149961049831770e-14 7.924131912324446554e-20 0.000000000000000000e+00 0.000000000000000000e+00
3.311000000000000000e+03 -1.508393223860323781e-13 1.545598954140807314e-14 8.837503069370980231e-20 0.000000000000000000e+00 0.000000000000000000e+00
3.312000000000000000e+03 -1.508051926093592265e-13 1.557047947231782858e-14 9.750874226417513908e-20 0.000000000000000000e+00 0.000000000000000000e+00
3.313000000000000000e+03 -1.507710628326860497e-13 1.568496940322758718e-14 1.066424538346404758e-19 0.000000000000000000e+00 0.000000000000000000e+00
3.314000000000000000e+03 -1.507369330560128982e-13 1.579945933413734262e-14 1.157761654051058126e-19 0.000000000000000000e+00 0.000000000000000000e+00
3.315000000000000000e+03 -1.506512817305699253e-13 1.592851421768349475e-14 1.205421059574370789e-19 0.000000000000000000e+00 0.000000000000000000e+00
3.316000000000000000e+03 -1.505141088563571311e-13 1.607213405386604358e-14 1.209402754916342987e-19 0.000000000000000000e+00 0.000000000000000000e+00
3.317000000000000000e+03 -1.503769359821443369e-13 1.621575389004859241e-14 1.213384450258315185e-19 0.000000000000000000e+00 0.000000000000000000e+00
3.318000000000000000e+03 -1.502397631079315426e-13 1.635937372623114124e-14 1.217366145600287383e-19 0.000000000000000000e+00 0.000000000000000000e+00
3.319000000000000000e+03 -1.501025902337187484e-13 1.650299356241369006e-14 1.221347840942259581e-19 0.000000000000000000e+00 0.000000000000000000e+00
3.320000000000000000e+03 -1.499654173595059794e-13 1.664661339859623573e-14 1.225329536284232020e-19 0.000000000000000000e+00 0.000000000000000000e+00
3.321000000000000000e+03 -1.498282444852931852e-13 1.679023323477878456e-14 1.229311231626204218e-19 0.000000000000000000e+00 0.000000000000000000e+00
3.322000000000000000e+03 -1.496910716110803910e-13 1.693385307096133339e-14 1.233292926968176416e-19 0.000000000000000000e+00 0.000000000000000000e+00
3.323000000000000000e+03 -1.495538987368675968e-13 1.707747290714388222e-14 1.237274622310148614e-19 0.000000000000000000e+00 0.000000000000000000e+00
3.324000000000000000e+03 -1.494167258626548026e-13 1.722109274332643105e-14 1.241256317652120812e-19 0.000000000000000000e+00 0.000000000000000000e+00
3.325000000000000000e+03 -1.497172649304308981e-13 1.739733330799312132e-14 1.134325004387713139e-19 0.000000000000000000e+00 0.000000000000000000e+00
3.326000000000000000e+03 -1.504555159401958833e-13 1.760619460114395618e-14 9.164806825169254768e-20 0.000000000000000000e+00 0.000000000000000000e+00
3.327000000000000000e+03 -1.511937669499608434e-13 1.781505589429479105e-14 6.986363606461378141e-20 0.000000000000000000e+00 0.000000000000000000e+00
3.328000000000000000e+03 -1.519320179597258286e-13 1.802391718744562277e-14 4.807920387753501514e-20 0.000000000000000000e+00 0.000000000000000000e+00
3.329000000000000000e+03 -1.526702689694908139e-13 1.823277848059645764e-14 2.629477169045626091e-20 0.000000000000000000e+00 0.000000000000000000e+00
3.330000000000000000e+03 -1.534085199792557739e-13 1.844163977374729250e-14 4.510339503377494642e-21 0.000000000000000000e+00 0.000000000000000000e+00
3.331000000000000000e+03 -1.541467709890207591e-13 1.865050106689812737e-14 -1.727409268370125959e-20 0.000000000000000000e+00 0.000000000000000000e+00
3.332000000000000000e+03 -1.548850219987857444e-13 1.885936236004895909e-14 -3.905852487078003789e-20 0.000000000000000000e+00 0.000000000000000000e+00
3.333000000000000000e+03 -1.556232730085507044e-13 1.906822365319979396e-14 -6.084295705785879213e-20 0.000000000000000000e+00 0.000000000000000000e+00
3.334000000000000000e+03 -1.563615240183156896e-13 1.927708494635062882e-14 -8.262738924493757043e-20 0.000000000000000000e+00 0.000000000000000000e+00
3.335000000000000000e+03 -1.565070344964080522e-13 1.943246106329813676e-14 -8.532631379431614057e-20 0.000000000000000000e+00 0.000000000000000000e+00
3.336000000000000000e+03 -1.560598044428278425e-13 1.953435200404232092e-14 -6.893973070599456273e-20 0.000000000000000000e+00 0.000000000000000000e+00
3.337000000000000000e+03 -1.556125743892475823e-13 1.963624294478650507e-14 -5.255314761767299692e-20 0.000000000000000000e+00 0.000000000000000000e+00
3.338000000000000000e+03 -1.551653443356673726e-13 1.973813388553068923e-14 -3.616656452935141908e-20 0.000000000000000000e+00 0.000000000000000000e+00
3.339000000000000000e+03 -1.547181142820871125e-13 1.984002482627487338e-14 -1.977998144102985327e-20 0.000000000000000000e+00 0.000000000000000000e+00
3.340000000000000000e+03 -1.542708842285069028e-13 1.994191576701905754e-14 -3.393398352708275430e-21 0.000000000000000000e+00 0.000000000000000000e+00
3.341000000000000000e+03 -1.538236541749266426e-13 2.004380670776324169e-14 1.299318473561329038e-20 0.000000000000000000e+00 0.000000000000000000e+00
3.342000000000000000e+03 -1.533764241213464329e-13 2.014569764850742585e-14 2.937976782393486822e-20 0.000000000000000000e+00 0.000000000000000000e+00
3.343000000000000000e+03 -1.529291940677661728e-13 2.024758858925161001e-14 4.576635091225643402e-20 0.000000000000000000e+00 0.000000000000000000e+00
3.344000000000000000e+03 -1.524819640141859631e-13 2.034947952999579416e-14 6.215293400057799983e-20 0.000000000000000000e+00 0.000000000000000000e+00
3.345000000000000000e+03 -1.527741971924598311e-13 2.053446096552904425e-14 6.874049803739831403e-20 0.000000000000000000e+00 0.000000000000000000e+00
3.346000000000000000e+03 -1.538058936025878526e-13 2.080253289585135712e-14 6.552904302271736460e-20 0.000000000000000000e+00 0.000000000000000000e+00
3.347000000000000000e+03 -1.548375900127158489e-13 2.107060482617367315e-14 6.231758800803641516e-20 0.000000000000000000e+00 0.000000000000000000e+00
3.348000000000000000e+03 -1.558692864228438452e-13 2.133867675649598917e-14 5.910613299335545369e-20 0.000000000000000000e+00 0.000000000000000000e+00
3.349000000000000000e+03 -1.569009828329718667e-13 2.160674868681830205e-14 5.589467797867450425e-20 0.000000000000000000e+00 0.000000000000000000e+00
3.350000000000000000e+03 -1.579326792430998630e-13 2.187482061714061807e-14 5.268322296399354880e-20 0.000000000000000000e+00 0.000000000000000000e+00
3.351000000000000000e+03 -1.589643756532278845e-13 2.214289254746293094e-14 4.947176794931259334e-20 0.000000000000000000e+00 0.000000000000000000e+00
3.352000000000000000e+03 -1.599960720633558807e-13 2.241096447778524697e-14 4.626031293463164391e-20 0.000000000000000000e+00 0.000000000000000000e+00
3.353000000000000000e+03 -1.610277684734838770e-13 2.267903640810755984e-14 4.304885791995068845e-20 0.000000000000000000e+00 0.000000000000000000e+00
3.354000000000000000e+03 -1.620594648836118985e-13 2.294710833842987586e-14 3.983740290526973300e-20 0.000000000000000000e+00 0.000000000000000000e+00
3.355000000000000000e+03 -1.623990791391257460e-13 2.310897190413039774e-14 3.828309686473762660e-20 0.000000000000000000e+00 0.000000000000000000e+00
3.356000000000000000e+03 -1.620466112400254194e-13 2.316462710520912231e-14 3.838593979835436325e-20 0.000000000000000000e+00 0.000000000000000000e+00
3.357000000000000000e+03 -1.616941433409250928e-13 2.322028230628784688e-14 3.848878273197109989e-20 0.000000000000000000e+00 0.000000000000000000e+00
3.358000000000000000e+03 -1.613416754418247662e-13 2.327593750736657145e-14 3.859162566558783654e-20 0.000000000000000000e+00 0.000000000000000000e+00
3.359000000000000000e+03 -1.609892075427244396e-13 2.333159270844529601e-14 3.869446859920457318e-20 0.000000000000000000e+00 0.000000000000000000e+00
3.360000000000000000e+03 -1.606367396436241383e-13 2.338724790952402058e-14 3.879731153282130982e-20 0.000000000000000000e+00 0.000000000000000000e+00
3.361000000000000000e+03 -1.602842717445238117e-13 2.344290311060274515e-14 3.890015446643804647e-20 0.000000000000000000e+00 0.000000000000000000e+00
3.362000000000000000e+03 -1.599318038454234851e-13 2.349855831168146972e-14 3.900299740005478311e-20 0.000000000000000000e+00 0.000000000000000000e+00
3.363000000000000000e+03 -1.595793359463231585e-13 2.355421351276019429e-14 3.910584033367151976e-20 0.000000000000000000e+00 0.000000000000000000e+00
3.364000000000000000e+03 -1.592268680472228319e-13 2.360986871383891886e-14 3.920868326728825640e-20 0.000000000000000000e+00 0.000000000000000000e+00
3.365000000000000000e+03 -1.591255431452497151e-13 2.369435467940815522e-14 3.405900902315727047e-20 0.000000000000000000e+00 0.000000000000000000e+00
3.366000000000000000e+03 -1.592753612404037829e-13 2.380767140946790023e-14 2.365681760127856799e-20 0.000000000000000000e+00 0.000000000000000000e+00
3.367000000000000000e+03 -1.594251793355578759e-13 2.392098813952764523e-14 1.325462617939985948e-20 0.000000000000000000e+00 0.000000000000000000e+00
3.368000000000000000e+03 -1.595749974307119437e-13 2.403430486958739024e-14 2.852434757521156995e-21 0.000000000000000000e+00 0.000000000000000000e+00
3.369000000000000000e+03 -1.597248155258660115e-13 2.414762159964713524e-14 -7.549756664357551511e-21 0.000000000000000000e+00 0.000000000000000000e+00
3.370000000000000000e+03 -1.598746336210201045e-13 2.426093832970688340e-14 -1.795194808623626002e-20 0.000000000000000000e+00 0.000000000000000000e+00
3.371000000000000000e+03 -1.600244517161741723e-13 2.437425505976662840e-14 -2.835413950811495648e-20 0.000000000000000000e+00 0.000000000000000000e+00
3.372000000000000000e+03 -1.601742698113282400e-13 2.448757178982637341e-14 -3.875633092999366499e-20 0.000000000000000000e+00 0.000000000000000000e+00
3.373000000000000000e+03 -1.603240879064823330e-13 2.460088851988611841e-14 -4.915852235187237350e-20 0.000000000000000000e+00 0.000000000000000000e+00
3.374000000000000000e+03 -1.604739060016364008e-13 2.471420524994586342e-14 -5.956071377375107598e-20 0.000000000000000000e+00 0.000000000000000000e+00
3.375000000000000000e+03 -1.607042171069140572e-13 2.482199760559854138e-14 -5.420338671033729876e-20 0.000000000000000000e+00 0.000000000000000000e+00
3.376000000000000000e+03 -1.610150212223152768e-13 2.492426558684415231e-14 -3.308654116163101776e-20 0.000000000000000000e+00 0.000000000000000000e+00
3.377000000000000000e+03 -1.613258253377164965e-13 2.502653356808976639e-14 -1.196969561292473073e-20 0.000000000000000000e+00 0.000000000000000000e+00
3.378000000000000000e+03 -1.616366294531177162e-13 2.512880154933537732e-14 9.147149935781556289e-21 0.000000000000000000e+00 0.000000000000000000e+00
3.379000000000000000e+03 -1.619474335685189359e-13 2.523106953058098825e-14 3.026399548448783127e-20 0.000000000000000000e+00 0.000000000000000000e+00
3.380000000000000000e+03 -1.622582376839201555e-13 2.533333751182660233e-14 5.138084103319411830e-20 0.000000000000000000e+00 0.000000000000000000e+00
3.381000000000000000e+03 -1.625690417993213752e-13 2.543560549307221326e-14 7.249768658190039328e-20 0.000000000000000000e+00 0.000000000000000000e+00
3.382000000000000000e+03 -1.628798459147225949e-13 2.553787347431782419e-14 9.361453213060669234e-20 0.000000000000000000e+00 0.000000000000000000e+00
3.383000000000000000e+03 -1.631906500301238146e-13 2.564014145556343827e-14 1.147313776793129553e-19 0.000000000000000000e+00 0.000000000000000000e+00
3.384000000000000000e+03 -1.635014541455250342e-13 2.574240943680904920e-14 1.358482232280192784e-19 0.000000000000000000e+00 0.000000000000000000e+00
3.385000000000000000e+03 -1.638879667569919057e-13 2.586088612807677245e-14 1.415960418335522968e-19 0.000000000000000000e+00 0.000000000000000000e+00
3.386000000000000000e+03 -1.643501878645244036e-13 2.599557152936660801e-14 1.319748334959120827e-19 0.000000000000000000e+00 0.000000000000000000e+00
3.387000000000000000e+03 -1.648124089720569016e-13 2.613025693065644043e-14 1.223536251582718926e-19 0.000000000000000000e+00 0.000000000000000000e+00
3.388000000000000000e+03 -1.652746300795893996e-13 2.626494233194627599e-14 1.127324168206317026e-19 0.000000000000000000e+00 0.000000000000000000e+00
3.389000000000000000e+03 -1.657368511871218975e-13 2.639962773323611156e-14 1.031112084829914884e-19 0.000000000000000000e+00 0.000000000000000000e+00
3.390000000000000000e+03 -1.661990722946543955e-13 2.653431313452594397e-14 9.349000014535129839e-20 0.000000000000000000e+00 0.000000000000000000e+00
3.391000000000000000e+03 -1.666612934021868934e-13 2.666899853581577954e-14 8.386879180771109630e-20 0.000000000000000000e+00 0.000000000000000000e+00
3.392000000000000000e+03 -1.671235145097193914e-13 2.680368393710561511e-14 7.424758347007089420e-20 0.000000000000000000e+00 0.000000000000000000e+00
3.393000000000000000e+03 -1.675857356172518893e-13 2.693836933839544752e-14 6.462637513243070415e-20 0.000000000000000000e+00 0.000000000000000000e+00
3.394000000000000000e+03 -1.680479567247843873e-13 2.707305473968528309e-14 5.500516679479050205e-20 0.000000000000000000e+00 0.000000000000000000e+00
3.395000000000000000e+03 -1.684212571609110628e-13 2.717215762374975465e-14 4.513932036770610369e-20 0.000000000000000000e+00 0.000000000000000000e+00
3.396000000000000000e+03 -1.687056369256318906e-13 2.723567799058886219e-14 3.502883585117752108e-20 0.000000000000000000e+00 0.000000000000000000e+00
3.397000000000000000e+03 -1.689900166903527184e-13 2.729919835742796974e-14 2.491835133464892944e-20 0.000000000000000000e+00 0.000000000000000000e+00
3.398000000000000000e+03 -1.692743964550735461e-13 2.736271872426707729e-14 1.480786681812033781e-20 0.000000000000000000e+00 0.000000000000000000e+00
3.399000000000000000e+03 -1.695587762197943739e-13 2.742623909110618483e-14 4.697382301591755198e-21 0.000000000000000000e+00 0.000000000000000000e+00
3.400000000000000000e+03 -1.698431559845152270e-13 2.748975945794529553e-14 -5.413102214936839447e-21 0.000000000000000000e+00 0.000000000000000000e+00
3.401000000000000000e+03 -1.701275357492360547e-13 2.755327982478440308e-14 -1.552358673146542206e-20 0.000000000000000000e+00 0.000000000000000000e+00
3.402000000000000000e+03 -1.704119155139568825e-13 2.761680019162351063e-14 -2.563407124799401670e-20 0.000000000000000000e+00 0.000000000000000000e+00
3.403000000000000000e+03 -1.706962952786777103e-13 2.768032055846261817e-14 -3.574455576452259931e-20 0.000000000000000000e+00 0.000000000000000000e+00
3.404000000000000000e+03 -1.709806750433985381e-13 2.774384092530172572e-14 -4.585504028105119395e-20 0.000000000000000000e+00 0.000000000000000000e+00
3.405000000000000000e+03 -1.710568239563755844e-13 2.776930443047995423e-14 -4.643838931149340044e-20 0.000000000000000000e+00 0.000000000000000000e+00
3.406000000000000000e+03 -1.709247420176087989e-13 2.775671107399730371e-14 -3.749460285584923681e-20 0.000000000000000000e+00 0.000000000000000000e+00
3.407000000000000000e+03 -1.707926600788420133e-13 2.774411771751465318e-14 -2.855081640020506717e-20 0.000000000000000000e+00 0.000000000000000000e+00
3.408000000000000000e+03 -1.706605781400752529e-13 2.773152436103200266e-14 -1.960702994456090355e-20 0.000000000000000000e+00 0.000000000000000000e+00
3.409000000000000000e+03 -1.705284962013084673e-13 2.771893100454935214e-14 -1.066324348891673390e-20 0.000000000000000000e+00 0.000000000000000000e+00
3.410000000000000000e+03 -1.703964142625416817e-13 2.770633764806670477e-14 -1.719457033272570280e-21 0.000000000000000000e+00 0.000000000000000000e+00
3.411000000000000000e+03 -1.702643323237748961e-13 2.769374429158405425e-14 7.224329422371599362e-21 0.000000000000000000e+00 0.000000000000000000e+00
3.412000000000000000e+03 -1.701322503850081358e-13 2.768115093510140372e-14 1.616811587801576900e-20 0.000000000000000000e+00 0.000000000000000000e+00
3.413000000000000000e+03 -1.700001684462413502e-13 2.766855757861875320e-14 2.511190233365992661e-20 0.000000000000000000e+00 0.000000000000000000e+00
3.414000000000000000e+03 -1.698680865074745646e-13 2.765596422213610268e-14 3.405568878930409625e-20 0.000000000000000000e+00 0.000000000000000000e+00
3.415000000000000000e+03 -1.699406050835372313e-13 2.764917681071805821e-14 3.463346150167380302e-20 0.000000000000000000e+00 0.000000000000000000e+00
3.416000000000000000e+03 -1.702177241744293504e-13 2.764819534436461981e-14 2.684522047076904090e-20 0.000000000000000000e+00 0.000000000000000000e+00
3.417000000000000000e+03 -1.704948432653214442e-13 2.764721387801118141e-14 1.905697943986427877e-20 0.000000000000000000e+00 0.000000000000000000e+00
3.418000000000000000e+03 -1.707719623562135633e-13 2.764623241165774301e-14 1.126873840895951665e-20 0.000000000000000000e+00 0.000000000000000000e+00
3.419000000000000000e+03 -1.710490814471056571e-13 2.764525094530430461e-14 3.480497378054760547e-21 0.000000000000000000e+00 0.000000000000000000e+00
3.420000000000000000e+03 -1.713262005379977762e-13 2.764426947895086937e-14 -4.307743652850001576e-21 0.000000000000000000e+00 0.000000000000000000e+00
3.421000000000000000e+03 -1.716033196288898700e-13 2.764328801259743097e-14 -1.209598468375476370e-20 0.000000000000000000e+00 0.000000000000000000e+00
3.422000000000000000e+03 -1.718804387197819891e-13 2.764230654624399256e-14 -1.988422571465951980e-20 0.000000000000000000e+00 0.000000000000000000e+00
3.423000000000000000e+03 -1.721575578106740829e-13 2.764132507989055416e-14 -2.767246674556428795e-20 0.000000000000000000e+00 0.000000000000000000e+00
3.424000000000000000e+03 -1.724346769015662020e-13 2.764034361353711576e-14 -3.546070777646904405e-20 0.000000000000000000e+00 0.000000000000000000e+00
3.425000000000000000e+03 -1.729912713624029600e-13 2.768132116387603385e-14 -3.081970194581877336e-20 0.000000000000000000e+00 0.000000000000000000e+00
3.426000000000000000e+03 -1.738273411931843569e-13 2.776425773090730843e-14 -1.374944925361344578e-20 0.000000000000000000e+00 0.000000000000000000e+00
3.427000000000000000e+03 -1.746634110239657538e-13 2.784719429793858616e-14 3.320803438591875783e-21 0.000000000000000000e+00 0.000000000000000000e+00
3.428000000000000000e+03 -1.754994808547471508e-13 2.793013086496986074e-14 2.039105613079720336e-20 0.000000000000000000e+00 0.000000000000000000e+00
3.429000000000000000e+03 -1.763355506855285477e-13 2.801306743200113532e-14 3.746130882300252492e-20 0.000000000000000000e+00 0.000000000000000000e+00
3.430000000000000000e+03 -1.771716205163099699e-13 2.809600399903241305e-14 5.453156151520784047e-20 0.000000000000000000e+00 0.000000000000000000e+00
3.431000000000000000e+03 -1.780076903470913668e-13 2.817894056606368763e-14 7.160181420741316203e-20 0.000000000000000000e+00 0.000000000000000000e+00
3.432000000000000000e+03 -1.788437601778727637e-13 2.826187713309496221e-14 8.867206689961848359e-20 0.000000000000000000e+00 0.000000000000000000e+00
3.433000000000000000e+03 -1.796798300086541606e-13 2.834481370012623994e-14 1.057423195918238292e-19 0.000000000000000000e+00 0.000000000000000000e+00
3.434000000000000000e+03 -1.805158998394355576e-13 2.842775026715751452e-14 1.228125722840291508e-19 0.000000000000000000e+00 0.000000000000000000e+00
3.435000000000000000e+03 -1.808980890344675681e-13 2.843186760856547370e-14 1.270447603087354770e-19 0.000000000000000000e+00 0.000000000000000000e+00
3.436000000000000000e+03 -1.808263975937501670e-13 2.835716572435012064e-14 1.184388836659428319e-19 0.000000000000000000e+00 0.000000000000000000e+00
3.437000000000000000e+03 -1.807547061530327660e-13 2.828246384013476758e-14 1.098330070231501868e-19 0.000000000000000000e+00 0.000000000000000000e+00
3.438000000000000000e+03 -1.806830147123153649e-13 2.820776195591941452e-14 1.012271303803575417e-19 0.000000000000000000e+00 0.000000000000000000e+00
3.439000000000000000e+03 -1.806113232715979638e-13 2.813306007170406146e-14 9.262125373756489666e-20 0.000000000000000000e+00 0.000000000000000000e+00
3.440000000000000000e+03 -1.805396318308805375e-13 2.805835818748870841e-14 8.401537709477225158e-20 0.000000000000000000e+00 0.000000000000000000e+00
3.441000000000000000e+03 -1.804679403901631364e-13 2.798365630327335535e-14 7.540950045197959446e-20 0.000000000000000000e+00 0.000000000000000000e+00
3.442000000000000000e+03 -1.803962489494457353e-13 2.790895441905800229e-14 6.680362380918694938e-20 0.000000000000000000e+00 0.000000000000000000e+00
3.443000000000000000e+03 -1.803245575087283343e-13 2.783425253484264923e-14 5.819774716639430430e-20 0.000000000000000000e+00 0.000000000000000000e+00
3.444000000000000000e+03 -1.802528660680109332e-13 2.775955065062729617e-14 4.959187052360165922e-20 0.000000000000000000e+00 0.000000000000000000e+00
3.445000000000000000e+03 -1.802231932636624701e-13 2.768444217385775255e-14 4.630811811126537028e-20 0.000000000000000000e+00 0.000000000000000000e+00
3.446000000000000000e+03 -1.802355390956829199e-13 2.760892710453401836e-14 4.834648992938544953e-20 0.000000000000000000e+00 0.000000000000000000e+00
3.447000000000000000e+03 -1.802478849277033696e-13 2.753341203521028417e-14 5.038486174750551673e-20 0.000000000000000000e+00 0.000000000000000000e+00
3.448000000000000000e+03 -1.802602307597238446e-13 2.745789696588654998e-14 5.242323356562559598e-20 0.000000000000000000e+00 0.000000000000000000e+00
3.449000000000000000e+03 -1.802725765917442943e-13 2.738238189656281579e-14 5.446160538374566319e-20 0.000000000000000000e+00 0.000000000000000000e+00
3.450000000000000000e+03 -1.802849224237647441e-13 2.730686682723908475e-14 5.649997720186574243e-20 0.000000000000000000e+00 0.000000000000000000e+00
3.451000000000000000e+03 -1.802972682557851938e-13 2.723135175791535056e-14 5.853834901998580964e-20 0.000000000000000000e+00 0.000000000000000000e+00
3.452000000000000000e+03 -1.803096140878056688e-13 2.715583668859161637e-14 6.057672083810588889e-20 0.000000000000000000e+00 0.000000000000000000e+00
3.453000000000000000e+03 -1.803219599198261185e-13 2.708032161926788218e-14 6.261509265622595610e-20 0.000000000000000000e+00 0.000000000000000000e+00
3.454000000000000000e+03 -1.803343057518465682e-13 2.700480654994414799e-14 6.465346447434603534e-20 0.000000000000000000e+00 0.000000000000000000e+00
3.455000000000000000e+03 -1.804774302132038340e-13 2.693767261025158123e-14 6.444723913595192903e-20 0.000000000000000000e+00 0.000000000000000000e+00
3.456000000000000000e+03 -1.807513333038978906e-13 2.687891980019017876e-14 6.199641664104364919e-20 0.000000000000000000e+00 0.000000000000000000e+00
3.457000000000000000e+03 -1.810252363945919220e-13 2.682016699012877944e-14 5.954559414613538138e-20 0.000000000000000000e+00 0.000000000000000000e+00
3.458000000000000000e+03 -1.812991394852859786e-13 2.676141418006737697e-14 5.709477165122710154e-20 0.000000000000000000e+00 0.000000000000000000e+00
3.459000000000000000e+03 -1.815730425759800352e-13 2.670266137000597450e-14 5.464394915631883374e-20 0.000000000000000000e+00 0.000000000000000000e+00
3.460000000000000000e+03 -1.818469456666740918e-13 2.664390855994457518e-14 5.219312666141055390e-20 0.000000000000000000e+00 0.000000000000000000e+00
3.461000000000000000e+03 -1.821208487573681484e-13 2.658515574988317271e-14 4.974230416650227405e-20 0.000000000000000000e+00 0.000000000000000000e+00
3.462000000000000000e+03 -1.823947518480622050e-13 2.652640293982177024e-14 4.729148167159400023e-20 0.000000000000000000e+00 0.000000000000000000e+00
3.463000000000000000e+03 -1.826686549387562363e-13 2.646765012976037092e-14 4.484065917668572641e-20 0.000000000000000000e+00 0.000000000000000000e+00
3.464000000000000000e+03 -1.829425580294502929e-13 2.640889731969896845e-14 4.238983668177744657e-20 0.000000000000000000e+00 0.000000000000000000e+00
3.465000000000000000e+03 -1.833092783239204944e-13 2.635317547302355912e-14 3.910620416260714673e-20 0.000000000000000000e+00 0.000000000000000000e+00
3.466000000000000000e+03 -1.837688158221668409e-13 2.630048458973414294e-14 3.498976161917481486e-20 0.000000000000000000e+00 0.000000000000000000e+00
3.467000000000000000e+03 -1.842283533204132126e-13 2.624779370644472677e-14 3.087331907574248300e-20 0.000000000000000000e+00 0.000000000000000000e+00
3.468000000000000000e+03 -1.846878908186595590e-13 2.619510282315531374e-14 2.675687653231015414e-20 0.000000000000000000e+00 0.000000000000000000e+00
3.469000000000000000e+03 -1.851474283169059055e-13 2.614241193986589757e-14 2.264043398887782227e-20 0.000000000000000000e+00 0.000000000000000000e+00
3.470000000000000000e+03 -1.856069658151522772e-13 2.608972105657648139e-14 1.852399144544549040e-20 0.000000000000000000e+00 0.000000000000000000e+00
3.471000000000000000e+03 -1.860665033133986237e-13 2.603703017328706521e-14 1.440754890201316154e-20 0.000000000000000000e+00 0.000000000000000000e+00
3.472000000000000000e+03 -1.865260408116449701e-13 2.598433928999765219e-14 1.029110635858082967e-20 0.000000000000000000e+00 0.000000000000000000e+00
3.473000000000000000e+03 -1.869855783098913418e-13 2.593164840670823601e-14 6.174663815148497803e-21 0.000000000000000000e+00 0.000000000000000000e+00
3.474000000000000000e+03 -1.874451158081376883e-13 2.587895752341881983e-14 2.058221271716165934e-21 0.000000000000000000e+00 0.000000000000000000e+00
3.475000000000000000e+03 -1.879178637491734350e-13 2.582434262475574085e-14 4.509883437576041953e-21 0.000000000000000000e+00 0.000000000000000000e+00
3.476000000000000000e+03 -1.884038221329985316e-13 2.576780371071900221e-14 1.352965031272812661e-20 0.000000000000000000e+00 0.000000000000000000e+00
3.477000000000000000e+03 -1.888897805168236787e-13 2.571126479668226041e-14 2.254941718788020901e-20 0.000000000000000000e+00 0.000000000000000000e+00
3.478000000000000000e+03 -1.893757389006487753e-13 2.565472588264551862e-14 3.156918406303229141e-20 0.000000000000000000e+00 0.000000000000000000e+00
3.479000000000000000e+03 -1.898616972844739224e-13 2.559818696860877998e-14 4.058895093818437983e-20 0.000000000000000000e+00 0.000000000000000000e+00
3.480000000000000000e+03 -1.903476556682990190e-13 2.554164805457203819e-14 4.960871781333646223e-20 0.000000000000000000e+00 0.000000000000000000e+00
3.481000000000000000e+03 -1.908336140521241661e-13 2.548510914053529955e-14 5.862848468848854463e-20 0.000000000000000000e+00 0.000000000000000000e+00
3.482000000000000000e+03 -1.913195724359492627e-13 2.542857022649855775e-14 6.764825156364063305e-20 0.000000000000000000e+00 0.000000000000000000e+00
3.483000000000000000e+03 -1.918055308197744098e-13 2.537203131246181596e-14 7.666801843879270944e-20 0.000000000000000000e+00 0.000000000000000000e+00
3.484000000000000000e+03 -1.922914892035995064e-13 2.531549239842507732e-14 8.568778531394479785e-20 0.000000000000000000e+00 0.000000000000000000e+00
3.485000000000000000e+03 -1.921384802607927686e-13 2.519061492771670761e-14 9.175295899784739494e-20 0.000000000000000000e+00 0.000000000000000000e+00
3.486000000000000000e+03 -1.913465039913541712e-13 2.499739890033670683e-14 9.486353949050050070e-20 0.000000000000000000e+00 0.000000000000000000e+00
3.487000000000000000e+03 -1.905545277219155737e-13 2.480418287295670920e-14 9.797411998315361850e-20 0.000000000000000000e+00 0.000000000000000000e+00
3.488000000000000000e+03 -1.897625514524769763e-13 2.461096684557670841e-14 1.010847004758067243e-19 0.000000000000000000e+00 0.000000000000000000e+00
3.489000000000000000e+03 -1.889705751830383788e-13 2.441775081819670763e-14 1.041952809684598421e-19 0.000000000000000000e+00 0.000000000000000000e+00
3.490000000000000000e+03 -1.881785989135997814e-13 2.422453479081671000e-14 1.073058614611129478e-19 0.000000000000000000e+00 0.000000000000000000e+00
3.491000000000000000e+03 -1.873866226441611839e-13 2.403131876343670922e-14 1.104164419537660536e-19 0.000000000000000000e+00 0.000000000000000000e+00
3.492000000000000000e+03 -1.865946463747225612e-13 2.383810273605671159e-14 1.135270224464191714e-19 0.000000000000000000e+00 0.000000000000000000e+00
3.493000000000000000e+03 -1.858026701052839637e-13 2.364488670867671081e-14 1.166376029390722892e-19 0.000000000000000000e+00 0.000000000000000000e+00
3.494000000000000000e+03 -1.850106938358453663e-13 2.345167068129671318e-14 1.197481834317253829e-19 0.000000000000000000e+00 0.000000000000000000e+00
3.495000000000000000e+03 -1.842187175664067688e-13 2.325845465391671239e-14 1.228587639243785007e-19 0.000000000000000000e+00 0.000000000000000000e+00
3.496000000000000000e+03 -1.842187175664067688e-13 2.325845465391671239e-14 1.228587639243785007e-19 0.000000000000000000e+00 0.000000000000000000e+00
3.497000000000000000e+03 -1.842187175664067688e-13 2.325845465391671239e-14 1.228587639243785007e-19 0.000000000000000000e+00 0.000000000000000000e+00
3.498000000000000000e+03 -1.842187175664067688e-13 2.325845465391671239e-14 1.228587639243785007e-19 0.000000000000000000e+00 0.000000000000000000e+00
3.499000000000000000e+03 -1.842187175664067688e-13 2.325845465391671239e-14 1.228587639243785007e-19 0.000000000000000000e+00 0.000000000000000000e+00
3.500000000000000000e+03 -1.842187175664067688e-13 2.325845465391671239e-14 1.228587639243785007e-19 0.000000000000000000e+00 0.000000000000000000e+00
