0.000000000000000000e+00 0.000000000000000000e+00 0.000000000000000000e+00 0.000000000000000000e+00 0.000000000000000000e+00 0.000000000000000000e+00
1.000000000000000000e+00 0.000000000000000000e+00 0.000000000000000000e+00 0.000000000000000000e+00 0.000000000000000000e+00 0.000000000000000000e+00
2.000000000000000000e+00 0.000000000000000000e+00 0.000000000000000000e+00 0.000000000000000000e+00 0.000000000000000000e+00 0.000000000000000000e+00
3.000000000000000000e+00 0.000000000000000000e+00 0.000000000000000000e+00 0.000000000000000000e+00 0.000000000000000000e+00 0.000000000000000000e+00
4.000000000000000000e+00 0.000000000000000000e+00 0.000000000000000000e+00 0.000000000000000000e+00 0.000000000000000000e+00 0.000000000000000000e+00
5.000000000000000000e+00 0.000000000000000000e+00 0.000000000000000000e+00 0.000000000000000000e+00 0.000000000000000000e+00 0.000000000000000000e+00
6.000000000000000000e+00 0.000000000000000000e+00 0.000000000000000000e+00 0.000000000000000000e+00 0.000000000000000000e+00 0.000000000000000000e+00
7.000000000000000000e+00 0.000000000000000000e+00 0.000000000000000000e+00 0.000000000000000000e+00 0.000000000000000000e+00 0.000000000000000000e+00
8.000000000000000000e+00 0.000000000000000000e+00 0.000000000000000000e+00 0.000000000000000000e+00 0.000000000000000000e+00 0.000000000000000000e+00
9.000000000000000000e+00 0.000000000000000000e+00 0.000000000000000000e+00 0.000000000000000000e+00 0.000000000000000000e+00 0.000000000000000000e+00
1.000000000000000000e+01 0.000000000000000000e+00 0.000000000000000000e+00 0.000000000000000000e+00 0.000000000000000000e+00 6.031956945018511063e-06
1.100000000000000000e+01 0.000000000000000000e+00 0.000000000000000000e+00 0.000000000000000000e+00 0.000000000000000000e+00 0.000000000000000000e+00
1.200000000000000000e+01 0.000000000000000000e+00 0.000000000000000000e+00 0.000000000000000000e+00 0.000000000000000000e+00 0.000000000000000000e+00
1.300000000000000000e+01 0.000000000000000000e+00 0.000000000000000000e+00 0.000000000000000000e+00 0.000000000000000000e+00 0.000000000000000000e+00
1.400000000000000000e+01 0.000000000000000000e+00 0.000000000000000000e+00 0.000000000000000000e+00 0.000000000000000000e+00 1.937541797308092034e-05
1.500000000000000000e+01 0.000000000000000000e+00 0.000000000000000000e+00 0.000000000000000000e+00 0.000000000000000000e+00 0.000000000000000000e+00
1.600000000000000000e+01 0.000000000000000000e+00 0.000000000000000000e+00 0.000000000000000000e+00 0.000000000000000000e+00 0.000000000000000000e+00
1.700000000000000000e+01 0.000000000000000000e+00 0.000000000000000000e+00 0.000000000000000000e+00 0.000000000000000000e+00 0.000000000000000000e+00
1.800000000000000000e+01 0.000000000000000000e+00 0.000000000000000000e+00 0.000000000000000000e+00 0.000000000000000000e+00 0.000000000000000000e+00
1.900000000000000000e+01 0.000000000000000000e+00 0.000000000000000000e+00 0.000000000000000000e+00 0.000000000000000000e+00 0.000000000000000000e+00
2.000000000000000000e+01 0.000000000000000000e+00 0.000000000000000000e+00 0.000000000000000000e+00 0.000000000000000000e+00 6.600136926387060214e-06
2.100000000000000000e+01 0.000000000000000000e+00 0.000000000000000000e+00 0.000000000000000000e+00 0.000000000000000000e+00 0.000000000000000000e+00
2.200000000000000000e+01 0.000000000000000000e+00 0.000000000000000000e+00 0.000000000000000000e+00 0.000000000000000000e+00 3.168646657531207168e-05
2.300000000000000000e+01 0.000000000000000000e+00 0.000000000000000000e+00 0.000000000000000000e+00 0.000000000000000000e+00 0.000000000000000000e+00
2.400000000000000000e+01 0.000000000000000000e+00 0.000000000000000000e+00 0.000000000000000000e+00 0.000000000000000000e+00 0.000000000000000000e+00
2.500000000000000000e+01 0.000000000000000000e+00 0.000000000000000000e+00 0.000000000000000000e+00 0.000000000000000000e+00 0.000000000000000000e+00
2.600000000000000000e+01 0.000000000000000000e+00 0.000000000000000000e+00 0.000000000000000000e+00 0.000000000000000000e+00 0.000000000000000000e+00
2.700000000000000000e+01 0.000000000000000000e+00 0.000000000000000000e+00 0.000000000000000000e+00 0.000000000000000000e+00 0.000000000000000000e+00
2.800000000000000000e+01 0.000000000000000000e+00 0.000000000000000000e+00 0.000000000000000000e+00 0.000000000000000000e+00 2.055242924935465063e-05
2.900000000000000000e+01 0.000000000000000000e+00 0.000000000000000000e+00 0.000000000000000000e+00 0.000000000000000000e+00 0.000000000000000000e+00
3.000000000000000000e+01 0.000000000000000000e+00 0.000000000000000000e+00 0.000000000000000000e+00 0.000000000000000000e+00 6.789978429859534091e-06
3.100000000000000000e+01 0.000000000000000000e+00 0.000000000000000000e+00 0.000000000000000000e+00 0.000000000000000000e+00 0.000000000000000000e+00
3.200000000000000000e+01 0.000000000000000000e+00 0.000000000000000000e+00 0.000000000000000000e+00 0.000000000000000000e+00 2.195696999102500621e-05
3.300000000000000000e+01 0.000000000000000000e+00 0.000000000000000000e+00 0.000000000000000000e+00 0.000000000000000000e+00 0.000000000000000000e+00
3.400000000000000000e+01 0.000000000000000000e+00 0.000000000000000000e+00 0.000000000000000000e+00 0.000000000000000000e+00 0.000000000000000000e+00
3.500000000000000000e+01 0.000000000000000000e+00 0.000000000000000000e+00 0.000000000000000000e+00 0.000000000000000000e+00 0.000000000000000000e+00
3.600000000000000000e+01 0.000000000000000000e+00 0.000000000000000000e+00 0.000000000000000000e+00 0.000000000000000000e+00 3.619768455717208965e-05
3.700000000000000000e+01 0.000000000000000000e+00 0.000000000000000000e+00 0.000000000000000000e+00 0.000000000000000000e+00 0.000000000000000000e+00
3.800000000000000000e+01 0.000000000000000000e+00 0.000000000000000000e+00 0.000000000000000000e+00 0.000000000000000000e+00 0.000000000000000000e+00
3.900000000000000000e+01 0.000000000000000000e+00 0.000000000000000000e+00 0.000000000000000000e+00 0.000000000000000000e+00 0.000000000000000000e+00
4.000000000000000000e+01 0.000000000000000000e+00 0.000000000000000000e+00 0.000000000000000000e+00 0.000000000000000000e+00 6.871607931074770629e-06
4.100000000000000000e+01 0.000000000000000000e+00 0.000000000000000000e+00 0.000000000000000000e+00 0.000000000000000000e+00 1.999487419896419326e-05
4.200000000000000000e+01 0.000000000000000000e+00 0.000000000000000000e+00 0.000000000000000000e+00 0.000000000000000000e+00 2.078219231007625848e-05
4.300000000000000000e+01 0.000000000000000000e+00 0.000000000000000000e+00 0.000000000000000000e+00 0.000000000000000000e+00 0.000000000000000000e+00
4.400000000000000000e+01 0.000000000000000000e+00 0.000000000000000000e+00 0.000000000000000000e+00 0.000000000000000000e+00 0.000000000000000000e+00
4.500000000000000000e+01 0.000000000000000000e+00 0.000000000000000000e+00 0.000000000000000000e+00 0.000000000000000000e+00 2.978849886960336903e-05
4.600000000000000000e+01 0.000000000000000000e+00 0.000000000000000000e+00 0.000000000000000000e+00 0.000000000000000000e+00 0.000000000000000000e+00
4.700000000000000000e+01 0.000000000000000000e+00 0.000000000000000000e+00 0.000000000000000000e+00 0.000000000000000000e+00 0.000000000000000000e+00
4.800000000000000000e+01 0.000000000000000000e+00 0.000000000000000000e+00 0.000000000000000000e+00 0.000000000000000000e+00 0.000000000000000000e+00
4.900000000000000000e+01 0.000000000000000000e+00 0.000000000000000000e+00 0.000000000000000000e+00 0.000000000000000000e+00 0.000000000000000000e+00
5.000000000000000000e+01 0.000000000000000000e+00 0.000000000000000000e+00 0.000000000000000000e+00 0.000000000000000000e+00 4.476952834657543844e-05
5.100000000000000000e+01 0.000000000000000000e+00 0.000000000000000000e+00 0.000000000000000000e+00 0.000000000000000000e+00 1.766307454672160952e-05
5.200000000000000000e+01 0.000000000000000000e+00 0.000000000000000000e+00 0.000000000000000000e+00 0.000000000000000000e+00 0.000000000000000000e+00
5.300000000000000000e+01 0.000000000000000000e+00 0.000000000000000000e+00 0.000000000000000000e+00 0.000000000000000000e+00 0.000000000000000000e+00
5.400000000000000000e+01 0.000000000000000000e+00 0.000000000000000000e+00 0.000000000000000000e+00 0.000000000000000000e+00 2.592281515450481632e-05
5.500000000000000000e+01 0.000000000000000000e+00 0.000000000000000000e+00 0.000000000000000000e+00 0.000000000000000000e+00 0.000000000000000000e+00
5.600000000000000000e+01 0.000000000000000000e+00 0.000000000000000000e+00 0.000000000000000000e+00 0.000000000000000000e+00 0.000000000000000000e+00
5.700000000000000000e+01 0.000000000000000000e+00 0.000000000000000000e+00 0.000000000000000000e+00 0.000000000000000000e+00 1.930668368300328177e-05
5.800000000000000000e+01 0.000000000000000000e+00 0.000000000000000000e+00 0.000000000000000000e+00 0.000000000000000000e+00 3.474064433586225613e-05
5.900000000000000000e+01 0.000000000000000000e+00 0.000000000000000000e+00 0.000000000000000000e+00 0.000000000000000000e+00 0.000000000000000000e+00
6.000000000000000000e+01 0.000000000000000000e+00 0.000000000000000000e+00 0.000000000000000000e+00 0.000000000000000000e+00 6.914893307073528423e-06
6.100000000000000000e+01 0.000000000000000000e+00 0.000000000000000000e+00 0.000000000000000000e+00 0.000000000000000000e+00 1.636651311222198790e-05
6.200000000000000000e+01 0.000000000000000000e+00 0.000000000000000000e+00 0.000000000000000000e+00 0.000000000000000000e+00 0.000000000000000000e+00
6.300000000000000000e+01 0.000000000000000000e+00 0.000000000000000000e+00 0.000000000000000000e+00 0.000000000000000000e+00 2.347438986431402196e-05
6.400000000000000000e+01 0.000000000000000000e+00 0.000000000000000000e+00 0.000000000000000000e+00 0.000000000000000000e+00 3.842347284767152782e-05
6.500000000000000000e+01 0.000000000000000000e+00 0.000000000000000000e+00 0.000000000000000000e+00 0.000000000000000000e+00 0.000000000000000000e+00
6.600000000000000000e+01 0.000000000000000000e+00 0.000000000000000000e+00 0.000000000000000000e+00 0.000000000000000000e+00 0.000000000000000000e+00
6.700000000000000000e+01 0.000000000000000000e+00 0.000000000000000000e+00 0.000000000000000000e+00 0.000000000000000000e+00 3.039746109346171186e-05
6.800000000000000000e+01 0.000000000000000000e+00 0.000000000000000000e+00 0.000000000000000000e+00 0.000000000000000000e+00 0.000000000000000000e+00
6.900000000000000000e+01 0.000000000000000000e+00 0.000000000000000000e+00 0.000000000000000000e+00 0.000000000000000000e+00 0.000000000000000000e+00
7.000000000000000000e+01 0.000000000000000000e+00 0.000000000000000000e+00 0.000000000000000000e+00 0.000000000000000000e+00 6.908003541961861609e-06
7.100000000000000000e+01 0.000000000000000000e+00 0.000000000000000000e+00 0.000000000000000000e+00 0.000000000000000000e+00 3.492214531779007055e-05
7.200000000000000000e+01 0.000000000000000000e+00 0.000000000000000000e+00 0.000000000000000000e+00 0.000000000000000000e+00 3.574505242099051944e-05
7.300000000000000000e+01 0.000000000000000000e+00 0.000000000000000000e+00 0.000000000000000000e+00 0.000000000000000000e+00 2.068998801320617601e-05
7.400000000000000000e+01 0.000000000000000000e+00 0.000000000000000000e+00 0.000000000000000000e+00 0.000000000000000000e+00 0.000000000000000000e+00
7.500000000000000000e+01 0.000000000000000000e+00 0.000000000000000000e+00 0.000000000000000000e+00 0.000000000000000000e+00 0.000000000000000000e+00
7.600000000000000000e+01 0.000000000000000000e+00 0.000000000000000000e+00 0.000000000000000000e+00 0.000000000000000000e+00 2.730281331855015972e-05
7.700000000000000000e+01 0.000000000000000000e+00 0.000000000000000000e+00 0.000000000000000000e+00 0.000000000000000000e+00 0.000000000000000000e+00
7.800000000000000000e+01 0.000000000000000000e+00 0.000000000000000000e+00 0.000000000000000000e+00 0.000000000000000000e+00 3.841803190142057561e-05
7.900000000000000000e+01 0.000000000000000000e+00 0.000000000000000000e+00 0.000000000000000000e+00 0.000000000000000000e+00 0.000000000000000000e+00
8.000000000000000000e+01 0.000000000000000000e+00 0.000000000000000000e+00 0.000000000000000000e+00 0.000000000000000000e+00 6.890595106962880342e-06
8.100000000000000000e+01 0.000000000000000000e+00 0.000000000000000000e+00 0.000000000000000000e+00 0.000000000000000000e+00 4.686356879420376881e-05
8.200000000000000000e+01 0.000000000000000000e+00 0.000000000000000000e+00 0.000000000000000000e+00 0.000000000000000000e+00 1.975583913349944810e-05
8.300000000000000000e+01 0.000000000000000000e+00 0.000000000000000000e+00 0.000000000000000000e+00 0.000000000000000000e+00 0.000000000000000000e+00
8.400000000000000000e+01 0.000000000000000000e+00 0.000000000000000000e+00 0.000000000000000000e+00 0.000000000000000000e+00 0.000000000000000000e+00
8.500000000000000000e+01 0.000000000000000000e+00 0.000000000000000000e+00 0.000000000000000000e+00 0.000000000000000000e+00 4.426380927693992178e-05
8.600000000000000000e+01 0.000000000000000000e+00 0.000000000000000000e+00 0.000000000000000000e+00 0.000000000000000000e+00 3.607296204499317154e-05
8.700000000000000000e+01 0.000000000000000000e+00 0.000000000000000000e+00 0.000000000000000000e+00 0.000000000000000000e+00 0.000000000000000000e+00
8.800000000000000000e+01 0.000000000000000000e+00 0.000000000000000000e+00 0.000000000000000000e+00 0.000000000000000000e+00 0.000000000000000000e+00
8.900000000000000000e+01 0.000000000000000000e+00 0.000000000000000000e+00 0.000000000000000000e+00 0.000000000000000000e+00 3.015315470024976290e-05
9.000000000000000000e+01 0.000000000000000000e+00 0.000000000000000000e+00 0.000000000000000000e+00 0.000000000000000000e+00 6.865754690435328500e-06
9.100000000000000000e+01 0.000000000000000000e+00 0.000000000000000000e+00 0.000000000000000000e+00 0.000000000000000000e+00 1.462831932446185444e-05
9.200000000000000000e+01 0.000000000000000000e+00 0.000000000000000000e+00 0.000000000000000000e+00 0.000000000000000000e+00 5.635300292181436856e-05
9.300000000000000000e+01 0.000000000000000000e+00 0.000000000000000000e+00 0.000000000000000000e+00 0.000000000000000000e+00 0.000000000000000000e+00
9.400000000000000000e+01 0.000000000000000000e+00 0.000000000000000000e+00 0.000000000000000000e+00 0.000000000000000000e+00 3.398125396613594149e-05
9.500000000000000000e+01 0.000000000000000000e+00 0.000000000000000000e+00 0.000000000000000000e+00 0.000000000000000000e+00 2.238244607690392397e-05
9.600000000000000000e+01 0.000000000000000000e+00 0.000000000000000000e+00 0.000000000000000000e+00 0.000000000000000000e+00 0.000000000000000000e+00
9.700000000000000000e+01 0.000000000000000000e+00 0.000000000000000000e+00 0.000000000000000000e+00 0.000000000000000000e+00 0.000000000000000000e+00
9.800000000000000000e+01 0.000000000000000000e+00 0.000000000000000000e+00 0.000000000000000000e+00 0.000000000000000000e+00 2.759265064266306120e-05
9.900000000000000000e+01 0.000000000000000000e+00 0.000000000000000000e+00 0.000000000000000000e+00 0.000000000000000000e+00 1.896505242202877657e-05
1.000000000000000000e+02 0.000000000000000000e+00 0.000000000000000000e+00 0.000000000000000000e+00 0.000000000000000000e+00 5.771958826937155707e-05
1.010000000000000000e+02 0.000000000000000000e+00 0.000000000000000000e+00 0.000000000000000000e+00 0.000000000000000000e+00 0.000000000000000000e+00
1.020000000000000000e+02 0.000000000000000000e+00 0.000000000000000000e+00 0.000000000000000000e+00 0.000000000000000000e+00 1.720450082567038773e-05
1.030000000000000000e+02 0.000000000000000000e+00 0.000000000000000000e+00 0.000000000000000000e+00 0.000000000000000000e+00 3.092614620782200804e-05
1.040000000000000000e+02 0.000000000000000000e+00 0.000000000000000000e+00 0.000000000000000000e+00 0.000000000000000000e+00 2.121808179974710669e-05
1.050000000000000000e+02 0.000000000000000000e+00 0.000000000000000000e+00 0.000000000000000000e+00 0.000000000000000000e+00 0.000000000000000000e+00
1.060000000000000000e+02 0.000000000000000000e+00 0.000000000000000000e+00 0.000000000000000000e+00 0.000000000000000000e+00 3.749494394856845705e-05
1.070000000000000000e+02 0.000000000000000000e+00 0.000000000000000000e+00 0.000000000000000000e+00 0.000000000000000000e+00 0.000000000000000000e+00
1.080000000000000000e+02 0.000000000000000000e+00 0.000000000000000000e+00 0.000000000000000000e+00 0.000000000000000000e+00 5.871024107983508931e-05
1.090000000000000000e+02 0.000000000000000000e+00 0.000000000000000000e+00 0.000000000000000000e+00 0.000000000000000000e+00 0.000000000000000000e+00
1.100000000000000000e+02 0.000000000000000000e+00 0.000000000000000000e+00 0.000000000000000000e+00 0.000000000000000000e+00 2.140441262249415631e-05
1.110000000000000000e+02 0.000000000000000000e+00 0.000000000000000000e+00 0.000000000000000000e+00 0.000000000000000000e+00 0.000000000000000000e+00
1.120000000000000000e+02 0.000000000000000000e+00 0.000000000000000000e+00 0.000000000000000000e+00 0.000000000000000000e+00 4.483606959233140489e-05
1.130000000000000000e+02 0.000000000000000000e+00 0.000000000000000000e+00 0.000000000000000000e+00 0.000000000000000000e+00 1.861999738874321622e-05
1.140000000000000000e+02 0.000000000000000000e+00 0.000000000000000000e+00 0.000000000000000000e+00 0.000000000000000000e+00 5.521142674257498319e-05
1.150000000000000000e+02 0.000000000000000000e+00 0.000000000000000000e+00 0.000000000000000000e+00 0.000000000000000000e+00 0.000000000000000000e+00
1.160000000000000000e+02 0.000000000000000000e+00 0.000000000000000000e+00 0.000000000000000000e+00 0.000000000000000000e+00 0.000000000000000000e+00
1.170000000000000000e+02 0.000000000000000000e+00 0.000000000000000000e+00 0.000000000000000000e+00 0.000000000000000000e+00 5.441735511121355778e-05
1.180000000000000000e+02 0.000000000000000000e+00 0.000000000000000000e+00 0.000000000000000000e+00 0.000000000000000000e+00 0.000000000000000000e+00
1.190000000000000000e+02 0.000000000000000000e+00 0.000000000000000000e+00 0.000000000000000000e+00 0.000000000000000000e+00 0.000000000000000000e+00
1.200000000000000000e+02 0.000000000000000000e+00 0.000000000000000000e+00 0.000000000000000000e+00 0.000000000000000000e+00 5.788045872488216430e-05
1.210000000000000000e+02 0.000000000000000000e+00 0.000000000000000000e+00 0.000000000000000000e+00 0.000000000000000000e+00 2.642495745881609157e-05
1.220000000000000000e+02 0.000000000000000000e+00 0.000000000000000000e+00 0.000000000000000000e+00 0.000000000000000000e+00 4.958834918366064446e-05
1.230000000000000000e+02 0.000000000000000000e+00 0.000000000000000000e+00 0.000000000000000000e+00 0.000000000000000000e+00 0.000000000000000000e+00
1.240000000000000000e+02 0.000000000000000000e+00 0.000000000000000000e+00 0.000000000000000000e+00 0.000000000000000000e+00 1.836308072135142406e-05
1.250000000000000000e+02 0.000000000000000000e+00 0.000000000000000000e+00 0.000000000000000000e+00 0.000000000000000000e+00 2.984034187085436490e-05
1.260000000000000000e+02 0.000000000000000000e+00 0.000000000000000000e+00 0.000000000000000000e+00 0.000000000000000000e+00 2.196029184341970037e-05
1.270000000000000000e+02 0.000000000000000000e+00 0.000000000000000000e+00 0.000000000000000000e+00 0.000000000000000000e+00 1.821571861463829259e-05
1.280000000000000000e+02 0.000000000000000000e+00 0.000000000000000000e+00 0.000000000000000000e+00 0.000000000000000000e+00 3.503466541452585189e-05
1.290000000000000000e+02 0.000000000000000000e+00 0.000000000000000000e+00 0.000000000000000000e+00 0.000000000000000000e+00 0.000000000000000000e+00
1.300000000000000000e+02 0.000000000000000000e+00 0.000000000000000000e+00 0.000000000000000000e+00 0.000000000000000000e+00 7.784640038092638370e-05
1.310000000000000000e+02 0.000000000000000000e+00 0.000000000000000000e+00 0.000000000000000000e+00 0.000000000000000000e+00 0.000000000000000000e+00
1.320000000000000000e+02 0.000000000000000000e+00 0.000000000000000000e+00 0.000000000000000000e+00 0.000000000000000000e+00 1.523185267319440631e-05
1.330000000000000000e+02 0.000000000000000000e+00 0.000000000000000000e+00 0.000000000000000000e+00 0.000000000000000000e+00 1.790122526252069336e-05
1.340000000000000000e+02 0.000000000000000000e+00 0.000000000000000000e+00 0.000000000000000000e+00 0.000000000000000000e+00 2.774514643858364362e-05
1.350000000000000000e+02 0.000000000000000000e+00 0.000000000000000000e+00 0.000000000000000000e+00 0.000000000000000000e+00 3.488229587051298793e-05
1.360000000000000000e+02 0.000000000000000000e+00 0.000000000000000000e+00 0.000000000000000000e+00 0.000000000000000000e+00 5.378122103251427121e-05
1.370000000000000000e+02 0.000000000000000000e+00 0.000000000000000000e+00 0.000000000000000000e+00 0.000000000000000000e+00 0.000000000000000000e+00
1.380000000000000000e+02 0.000000000000000000e+00 0.000000000000000000e+00 0.000000000000000000e+00 0.000000000000000000e+00 0.000000000000000000e+00
1.390000000000000000e+02 0.000000000000000000e+00 0.000000000000000000e+00 0.000000000000000000e+00 0.000000000000000000e+00 5.326885262454658030e-05
1.400000000000000000e+02 0.000000000000000000e+00 0.000000000000000000e+00 0.000000000000000000e+00 0.000000000000000000e+00 2.062726006621474619e-05
1.410000000000000000e+02 0.000000000000000000e+00 0.000000000000000000e+00 0.000000000000000000e+00 0.000000000000000000e+00 3.300499869077934406e-05
1.420000000000000000e+02 0.000000000000000000e+00 0.000000000000000000e+00 0.000000000000000000e+00 0.000000000000000000e+00 3.433924816189208188e-05
1.430000000000000000e+02 0.000000000000000000e+00 0.000000000000000000e+00 0.000000000000000000e+00 0.000000000000000000e+00 4.302431218217710212e-05
1.440000000000000000e+02 0.000000000000000000e+00 0.000000000000000000e+00 0.000000000000000000e+00 0.000000000000000000e+00 3.191038213058124465e-05
1.450000000000000000e+02 0.000000000000000000e+00 0.000000000000000000e+00 0.000000000000000000e+00 0.000000000000000000e+00 0.000000000000000000e+00
1.460000000000000000e+02 0.000000000000000000e+00 0.000000000000000000e+00 0.000000000000000000e+00 0.000000000000000000e+00 1.908770123282552131e-05
1.470000000000000000e+02 0.000000000000000000e+00 0.000000000000000000e+00 0.000000000000000000e+00 0.000000000000000000e+00 0.000000000000000000e+00
1.480000000000000000e+02 0.000000000000000000e+00 0.000000000000000000e+00 0.000000000000000000e+00 0.000000000000000000e+00 2.791018680103304859e-05
1.490000000000000000e+02 0.000000000000000000e+00 0.000000000000000000e+00 0.000000000000000000e+00 0.000000000000000000e+00 5.572230469424697150e-05
1.500000000000000000e+02 0.000000000000000000e+00 0.000000000000000000e+00 0.000000000000000000e+00 0.000000000000000000e+00 5.325239672170236195e-05
1.510000000000000000e+02 0.000000000000000000e+00 0.000000000000000000e+00 0.000000000000000000e+00 0.000000000000000000e+00 1.484159874443821929e-05
1.520000000000000000e+02 0.000000000000000000e+00 0.000000000000000000e+00 0.000000000000000000e+00 0.000000000000000000e+00 2.448821179730750592e-05
1.530000000000000000e+02 0.000000000000000000e+00 0.000000000000000000e+00 0.000000000000000000e+00 0.000000000000000000e+00 4.608801603143150918e-05
1.540000000000000000e+02 0.000000000000000000e+00 0.000000000000000000e+00 0.000000000000000000e+00 0.000000000000000000e+00 0.000000000000000000e+00
1.550000000000000000e+02 0.000000000000000000e+00 0.000000000000000000e+00 0.000000000000000000e+00 0.000000000000000000e+00 1.850915543579853182e-05
1.560000000000000000e+02 0.000000000000000000e+00 0.000000000000000000e+00 0.000000000000000000e+00 0.000000000000000000e+00 5.043070560490355654e-05
1.570000000000000000e+02 0.000000000000000000e+00 0.000000000000000000e+00 0.000000000000000000e+00 0.000000000000000000e+00 2.620337162685695245e-05
1.580000000000000000e+02 0.000000000000000000e+00 0.000000000000000000e+00 0.000000000000000000e+00 0.000000000000000000e+00 5.214354459139108552e-05
1.590000000000000000e+02 0.000000000000000000e+00 0.000000000000000000e+00 0.000000000000000000e+00 0.000000000000000000e+00 0.000000000000000000e+00
1.600000000000000000e+02 0.000000000000000000e+00 0.000000000000000000e+00 0.000000000000000000e+00 0.000000000000000000e+00 2.021229679327302849e-05
1.610000000000000000e+02 0.000000000000000000e+00 0.000000000000000000e+00 0.000000000000000000e+00 0.000000000000000000e+00 4.307705050505816486e-05
1.620000000000000000e+02 0.000000000000000000e+00 0.000000000000000000e+00 0.000000000000000000e+00 0.000000000000000000e+00 2.265428386788161065e-05
1.630000000000000000e+02 0.000000000000000000e+00 0.000000000000000000e+00 0.000000000000000000e+00 0.000000000000000000e+00 4.902659781572549241e-05
1.640000000000000000e+02 0.000000000000000000e+00 0.000000000000000000e+00 0.000000000000000000e+00 0.000000000000000000e+00 3.217545088740066090e-05
1.650000000000000000e+02 0.000000000000000000e+00 0.000000000000000000e+00 0.000000000000000000e+00 0.000000000000000000e+00 1.759320121201538817e-05
1.660000000000000000e+02 0.000000000000000000e+00 0.000000000000000000e+00 0.000000000000000000e+00 0.000000000000000000e+00 5.489136623207382194e-05
1.670000000000000000e+02 0.000000000000000000e+00 0.000000000000000000e+00 0.000000000000000000e+00 0.000000000000000000e+00 0.000000000000000000e+00
1.680000000000000000e+02 0.000000000000000000e+00 0.000000000000000000e+00 0.000000000000000000e+00 0.000000000000000000e+00 1.945697234656879244e-05
1.690000000000000000e+02 0.000000000000000000e+00 0.000000000000000000e+00 0.000000000000000000e+00 0.000000000000000000e+00 0.000000000000000000e+00
1.700000000000000000e+02 0.000000000000000000e+00 0.000000000000000000e+00 0.000000000000000000e+00 0.000000000000000000e+00 9.606802654925330391e-05
1.710000000000000000e+02 0.000000000000000000e+00 0.000000000000000000e+00 0.000000000000000000e+00 0.000000000000000000e+00 3.584751806583918099e-05
1.720000000000000000e+02 0.000000000000000000e+00 0.000000000000000000e+00 0.000000000000000000e+00 0.000000000000000000e+00 3.087923816021560233e-05
1.730000000000000000e+02 0.000000000000000000e+00 0.000000000000000000e+00 0.000000000000000000e+00 0.000000000000000000e+00 1.526171182820689802e-05
1.740000000000000000e+02 0.000000000000000000e+00 0.000000000000000000e+00 0.000000000000000000e+00 0.000000000000000000e+00 0.000000000000000000e+00
1.750000000000000000e+02 0.000000000000000000e+00 0.000000000000000000e+00 0.000000000000000000e+00 0.000000000000000000e+00 6.862539020455154625e-05
1.760000000000000000e+02 0.000000000000000000e+00 0.000000000000000000e+00 0.000000000000000000e+00 0.000000000000000000e+00 0.000000000000000000e+00
1.770000000000000000e+02 0.000000000000000000e+00 0.000000000000000000e+00 0.000000000000000000e+00 0.000000000000000000e+00 5.125361610481687517e-05
1.780000000000000000e+02 0.000000000000000000e+00 0.000000000000000000e+00 0.000000000000000000e+00 0.000000000000000000e+00 3.146043304509829548e-05
1.790000000000000000e+02 0.000000000000000000e+00 0.000000000000000000e+00 0.000000000000000000e+00 0.000000000000000000e+00 2.538708149943314757e-05
1.800000000000000000e+02 0.000000000000000000e+00 0.000000000000000000e+00 0.000000000000000000e+00 0.000000000000000000e+00 7.026895274541572218e-05
1.810000000000000000e+02 0.000000000000000000e+00 0.000000000000000000e+00 0.000000000000000000e+00 0.000000000000000000e+00 1.396470198423668546e-05
1.820000000000000000e+02 0.000000000000000000e+00 0.000000000000000000e+00 0.000000000000000000e+00 0.000000000000000000e+00 1.516808349824424761e-05
1.830000000000000000e+02 0.000000000000000000e+00 0.000000000000000000e+00 0.000000000000000000e+00 0.000000000000000000e+00 0.000000000000000000e+00
1.840000000000000000e+02 0.000000000000000000e+00 0.000000000000000000e+00 0.000000000000000000e+00 0.000000000000000000e+00 1.135576560820932728e-04
1.850000000000000000e+02 0.000000000000000000e+00 0.000000000000000000e+00 0.000000000000000000e+00 0.000000000000000000e+00 0.000000000000000000e+00
1.860000000000000000e+02 0.000000000000000000e+00 0.000000000000000000e+00 0.000000000000000000e+00 0.000000000000000000e+00 3.026210154091350088e-05
1.870000000000000000e+02 0.000000000000000000e+00 0.000000000000000000e+00 0.000000000000000000e+00 0.000000000000000000e+00 1.792191497745138629e-05
1.880000000000000000e+02 0.000000000000000000e+00 0.000000000000000000e+00 0.000000000000000000e+00 0.000000000000000000e+00 2.410425827657448276e-05
1.890000000000000000e+02 0.000000000000000000e+00 0.000000000000000000e+00 0.000000000000000000e+00 0.000000000000000000e+00 2.798202809069923159e-05
1.900000000000000000e+02 0.000000000000000000e+00 0.000000000000000000e+00 0.000000000000000000e+00 0.000000000000000000e+00 3.924242216752039860e-05
1.910000000000000000e+02 0.000000000000000000e+00 0.000000000000000000e+00 0.000000000000000000e+00 0.000000000000000000e+00 4.530243392663637730e-05
1.920000000000000000e+02 0.000000000000000000e+00 0.000000000000000000e+00 0.000000000000000000e+00 0.000000000000000000e+00 7.135374538106018449e-05
1.930000000000000000e+02 0.000000000000000000e+00 0.000000000000000000e+00 0.000000000000000000e+00 0.000000000000000000e+00 2.144865736638954185e-05
1.940000000000000000e+02 0.000000000000000000e+00 0.000000000000000000e+00 0.000000000000000000e+00 0.000000000000000000e+00 4.510714927288473659e-05
1.950000000000000000e+02 0.000000000000000000e+00 0.000000000000000000e+00 0.000000000000000000e+00 0.000000000000000000e+00 0.000000000000000000e+00
1.960000000000000000e+02 0.000000000000000000e+00 0.000000000000000000e+00 0.000000000000000000e+00 0.000000000000000000e+00 1.749792689145933584e-05
1.970000000000000000e+02 0.000000000000000000e+00 0.000000000000000000e+00 0.000000000000000000e+00 0.000000000000000000e+00 5.001652722800982274e-05
1.980000000000000000e+02 0.000000000000000000e+00 0.000000000000000000e+00 0.000000000000000000e+00 0.000000000000000000e+00 4.666553089513915121e-05
1.990000000000000000e+02 0.000000000000000000e+00 0.000000000000000000e+00 0.000000000000000000e+00 0.000000000000000000e+00 1.896870514865678660e-05
2.000000000000000000e+02 0.000000000000000000e+00 0.000000000000000000e+00 0.000000000000000000e+00 0.000000000000000000e+00 4.910896481529086370e-05
2.010000000000000000e+02 0.000000000000000000e+00 0.000000000000000000e+00 0.000000000000000000e+00 0.000000000000000000e+00 3.810741187135954089e-05
2.020000000000000000e+02 0.000000000000000000e+00 0.000000000000000000e+00 0.000000000000000000e+00 0.000000000000000000e+00 6.321073558859895667e-05
2.030000000000000000e+02 0.000000000000000000e+00 0.000000000000000000e+00 0.000000000000000000e+00 0.000000000000000000e+00 0.000000000000000000e+00
2.040000000000000000e+02 0.000000000000000000e+00 0.000000000000000000e+00 0.000000000000000000e+00 0.000000000000000000e+00 1.545648155815904353e-05
2.050000000000000000e+02 0.000000000000000000e+00 0.000000000000000000e+00 0.000000000000000000e+00 0.000000000000000000e+00 3.073635539199164502e-05
2.060000000000000000e+02 0.000000000000000000e+00 0.000000000000000000e+00 0.000000000000000000e+00 0.000000000000000000e+00 9.448569345925972903e-05
2.070000000000000000e+02 0.000000000000000000e+00 0.000000000000000000e+00 0.000000000000000000e+00 0.000000000000000000e+00 0.000000000000000000e+00
2.080000000000000000e+02 0.000000000000000000e+00 0.000000000000000000e+00 0.000000000000000000e+00 0.000000000000000000e+00 2.860097691376063458e-05
2.090000000000000000e+02 0.000000000000000000e+00 0.000000000000000000e+00 0.000000000000000000e+00 0.000000000000000000e+00 1.809114641634590890e-05
2.100000000000000000e+02 0.000000000000000000e+00 0.000000000000000000e+00 0.000000000000000000e+00 0.000000000000000000e+00 4.277836776377410118e-05
2.110000000000000000e+02 0.000000000000000000e+00 0.000000000000000000e+00 0.000000000000000000e+00 0.000000000000000000e+00 4.003973676047400054e-05
2.120000000000000000e+02 0.000000000000000000e+00 0.000000000000000000e+00 0.000000000000000000e+00 0.000000000000000000e+00 4.888281759498753863e-05
2.130000000000000000e+02 0.000000000000000000e+00 0.000000000000000000e+00 0.000000000000000000e+00 0.000000000000000000e+00 2.972236520565293800e-05
2.140000000000000000e+02 0.000000000000000000e+00 0.000000000000000000e+00 0.000000000000000000e+00 0.000000000000000000e+00 4.401054118322093146e-05
2.150000000000000000e+02 0.000000000000000000e+00 0.000000000000000000e+00 0.000000000000000000e+00 0.000000000000000000e+00 4.564209355786624182e-05
2.160000000000000000e+02 0.000000000000000000e+00 0.000000000000000000e+00 0.000000000000000000e+00 0.000000000000000000e+00 4.387356170751720812e-05
2.170000000000000000e+02 0.000000000000000000e+00 0.000000000000000000e+00 0.000000000000000000e+00 0.000000000000000000e+00 0.000000000000000000e+00
2.180000000000000000e+02 0.000000000000000000e+00 0.000000000000000000e+00 0.000000000000000000e+00 0.000000000000000000e+00 1.765906126104475809e-05
2.190000000000000000e+02 0.000000000000000000e+00 0.000000000000000000e+00 0.000000000000000000e+00 0.000000000000000000e+00 5.243871543252809537e-05
2.200000000000000000e+02 0.000000000000000000e+00 0.000000000000000000e+00 0.000000000000000000e+00 0.000000000000000000e+00 7.386592522153530304e-05
2.210000000000000000e+02 0.000000000000000000e+00 0.000000000000000000e+00 0.000000000000000000e+00 0.000000000000000000e+00 3.216012231559381451e-05
2.220000000000000000e+02 0.000000000000000000e+00 0.000000000000000000e+00 0.000000000000000000e+00 0.000000000000000000e+00 4.192481025431423885e-05
2.230000000000000000e+02 0.000000000000000000e+00 0.000000000000000000e+00 0.000000000000000000e+00 0.000000000000000000e+00 0.000000000000000000e+00
2.240000000000000000e+02 0.000000000000000000e+00 0.000000000000000000e+00 0.000000000000000000e+00 0.000000000000000000e+00 3.805205138633899859e-05
2.250000000000000000e+02 0.000000000000000000e+00 0.000000000000000000e+00 0.000000000000000000e+00 0.000000000000000000e+00 4.642921408101255963e-05
2.260000000000000000e+02 0.000000000000000000e+00 0.000000000000000000e+00 0.000000000000000000e+00 0.000000000000000000e+00 3.048861475685014870e-05
2.270000000000000000e+02 0.000000000000000000e+00 0.000000000000000000e+00 0.000000000000000000e+00 0.000000000000000000e+00 2.901768643580389614e-05
2.280000000000000000e+02 0.000000000000000000e+00 0.000000000000000000e+00 0.000000000000000000e+00 0.000000000000000000e+00 9.172707213211448818e-05
2.290000000000000000e+02 0.000000000000000000e+00 0.000000000000000000e+00 0.000000000000000000e+00 0.000000000000000000e+00 0.000000000000000000e+00
2.300000000000000000e+02 0.000000000000000000e+00 0.000000000000000000e+00 0.000000000000000000e+00 0.000000000000000000e+00 4.617897819297267167e-05
2.310000000000000000e+02 0.000000000000000000e+00 0.000000000000000000e+00 0.000000000000000000e+00 0.000000000000000000e+00 3.118136361755177737e-05
2.320000000000000000e+02 0.000000000000000000e+00 0.000000000000000000e+00 0.000000000000000000e+00 0.000000000000000000e+00 1.363554238571465530e-05
2.330000000000000000e+02 0.000000000000000000e+00 0.000000000000000000e+00 0.000000000000000000e+00 0.000000000000000000e+00 9.184501200439363971e-05
2.340000000000000000e+02 0.000000000000000000e+00 0.000000000000000000e+00 0.000000000000000000e+00 0.000000000000000000e+00 4.811261546393897140e-05
2.350000000000000000e+02 0.000000000000000000e+00 0.000000000000000000e+00 0.000000000000000000e+00 0.000000000000000000e+00 1.550837735397243866e-05
2.360000000000000000e+02 0.000000000000000000e+00 0.000000000000000000e+00 0.000000000000000000e+00 0.000000000000000000e+00 2.751770539876510991e-05
2.370000000000000000e+02 0.000000000000000000e+00 0.000000000000000000e+00 0.000000000000000000e+00 0.000000000000000000e+00 2.370498960347360124e-05
2.380000000000000000e+02 0.000000000000000000e+00 0.000000000000000000e+00 0.000000000000000000e+00 0.000000000000000000e+00 3.695794790750229992e-05
2.390000000000000000e+02 0.000000000000000000e+00 0.000000000000000000e+00 0.000000000000000000e+00 0.000000000000000000e+00 2.597233849738180150e-05
2.400000000000000000e+02 0.000000000000000000e+00 0.000000000000000000e+00 0.000000000000000000e+00 0.000000000000000000e+00 5.101483170690466454e-05
2.410000000000000000e+02 0.000000000000000000e+00 0.000000000000000000e+00 0.000000000000000000e+00 0.000000000000000000e+00 4.122464413705484909e-05
2.420000000000000000e+02 0.000000000000000000e+00 0.000000000000000000e+00 0.000000000000000000e+00 0.000000000000000000e+00 8.739406345001704741e-05
2.430000000000000000e+02 0.000000000000000000e+00 0.000000000000000000e+00 0.000000000000000000e+00 0.000000000000000000e+00 1.425274430037630467e-05
2.440000000000000000e+02 0.000000000000000000e+00 0.000000000000000000e+00 0.000000000000000000e+00 0.000000000000000000e+00 4.538209099858046337e-05
2.450000000000000000e+02 0.000000000000000000e+00 0.000000000000000000e+00 0.000000000000000000e+00 0.000000000000000000e+00 1.509855585399638307e-05
2.460000000000000000e+02 0.000000000000000000e+00 0.000000000000000000e+00 0.000000000000000000e+00 0.000000000000000000e+00 2.280462546399882791e-05
2.470000000000000000e+02 0.000000000000000000e+00 0.000000000000000000e+00 0.000000000000000000e+00 0.000000000000000000e+00 6.137722619587198845e-05
2.480000000000000000e+02 0.000000000000000000e+00 0.000000000000000000e+00 0.000000000000000000e+00 0.000000000000000000e+00 5.608640334413117745e-05
2.490000000000000000e+02 0.000000000000000000e+00 0.000000000000000000e+00 0.000000000000000000e+00 0.000000000000000000e+00 0.000000000000000000e+00
2.500000000000000000e+02 0.000000000000000000e+00 0.000000000000000000e+00 0.000000000000000000e+00 0.000000000000000000e+00 6.280089914683860376e-05
2.510000000000000000e+02 0.000000000000000000e+00 0.000000000000000000e+00 0.000000000000000000e+00 0.000000000000000000e+00 5.724836090673516621e-05
2.520000000000000000e+02 0.000000000000000000e+00 0.000000000000000000e+00 0.000000000000000000e+00 0.000000000000000000e+00 3.925003351340507592e-05
2.530000000000000000e+02 0.000000000000000000e+00 0.000000000000000000e+00 0.000000000000000000e+00 0.000000000000000000e+00 3.217973242039680429e-05
2.540000000000000000e+02 0.000000000000000000e+00 0.000000000000000000e+00 0.000000000000000000e+00 0.000000000000000000e+00 0.000000000000000000e+00
2.550000000000000000e+02 0.000000000000000000e+00 0.000000000000000000e+00 0.000000000000000000e+00 0.000000000000000000e+00 7.839738343500125383e-05
2.560000000000000000e+02 0.000000000000000000e+00 0.000000000000000000e+00 0.000000000000000000e+00 0.000000000000000000e+00 7.093643273913472749e-05
2.570000000000000000e+02 0.000000000000000000e+00 0.000000000000000000e+00 0.000000000000000000e+00 0.000000000000000000e+00 1.569157205574205316e-05
2.580000000000000000e+02 0.000000000000000000e+00 0.000000000000000000e+00 0.000000000000000000e+00 0.000000000000000000e+00 2.630718824405232505e-05
2.590000000000000000e+02 0.000000000000000000e+00 0.000000000000000000e+00 0.000000000000000000e+00 0.000000000000000000e+00 2.307470020559745905e-05
2.600000000000000000e+02 0.000000000000000000e+00 0.000000000000000000e+00 0.000000000000000000e+00 0.000000000000000000e+00 5.541668800199449292e-05
2.610000000000000000e+02 0.000000000000000000e+00 0.000000000000000000e+00 0.000000000000000000e+00 0.000000000000000000e+00 3.759271479879032978e-05
2.620000000000000000e+02 0.000000000000000000e+00 0.000000000000000000e+00 0.000000000000000000e+00 0.000000000000000000e+00 8.580409474514949085e-05
2.630000000000000000e+02 0.000000000000000000e+00 0.000000000000000000e+00 0.000000000000000000e+00 0.000000000000000000e+00 1.373074475857863577e-05
2.640000000000000000e+02 0.000000000000000000e+00 0.000000000000000000e+00 0.000000000000000000e+00 0.000000000000000000e+00 7.163682988786520482e-05
2.650000000000000000e+02 0.000000000000000000e+00 0.000000000000000000e+00 0.000000000000000000e+00 0.000000000000000000e+00 1.441785925128080513e-05
2.660000000000000000e+02 0.000000000000000000e+00 0.000000000000000000e+00 0.000000000000000000e+00 0.000000000000000000e+00 4.429607382132607713e-05
2.670000000000000000e+02 0.000000000000000000e+00 0.000000000000000000e+00 0.000000000000000000e+00 0.000000000000000000e+00 1.528551127498616112e-05
2.680000000000000000e+02 0.000000000000000000e+00 0.000000000000000000e+00 0.000000000000000000e+00 0.000000000000000000e+00 2.230840753962182475e-05
2.690000000000000000e+02 0.000000000000000000e+00 0.000000000000000000e+00 0.000000000000000000e+00 0.000000000000000000e+00 1.013711722491121792e-04
2.700000000000000000e+02 0.000000000000000000e+00 0.000000000000000000e+00 0.000000000000000000e+00 0.000000000000000000e+00 4.513632138134966335e-05
2.710000000000000000e+02 0.000000000000000000e+00 0.000000000000000000e+00 0.000000000000000000e+00 0.000000000000000000e+00 1.247225700887417263e-05
2.720000000000000000e+02 0.000000000000000000e+00 0.000000000000000000e+00 0.000000000000000000e+00 0.000000000000000000e+00 5.601933357355119367e-05
2.730000000000000000e+02 0.000000000000000000e+00 0.000000000000000000e+00 0.000000000000000000e+00 0.000000000000000000e+00 5.717590297505011337e-05
2.740000000000000000e+02 0.000000000000000000e+00 0.000000000000000000e+00 0.000000000000000000e+00 0.000000000000000000e+00 0.000000000000000000e+00
2.750000000000000000e+02 0.000000000000000000e+00 0.000000000000000000e+00 0.000000000000000000e+00 0.000000000000000000e+00 5.708655917420091562e-05
2.760000000000000000e+02 0.000000000000000000e+00 0.000000000000000000e+00 0.000000000000000000e+00 0.000000000000000000e+00 2.697184712244280033e-05
2.770000000000000000e+02 0.000000000000000000e+00 0.000000000000000000e+00 0.000000000000000000e+00 0.000000000000000000e+00 6.311590004365224605e-05
2.780000000000000000e+02 0.000000000000000000e+00 0.000000000000000000e+00 0.000000000000000000e+00 0.000000000000000000e+00 4.973267495921616048e-05
2.790000000000000000e+02 0.000000000000000000e+00 0.000000000000000000e+00 0.000000000000000000e+00 0.000000000000000000e+00 3.490529099176105425e-05
2.800000000000000000e+02 0.000000000000000000e+00 0.000000000000000000e+00 0.000000000000000000e+00 0.000000000000000000e+00 4.356966370601237265e-05
2.810000000000000000e+02 0.000000000000000000e+00 0.000000000000000000e+00 0.000000000000000000e+00 0.000000000000000000e+00 1.235873500624505518e-05
2.820000000000000000e+02 0.000000000000000000e+00 0.000000000000000000e+00 0.000000000000000000e+00 0.000000000000000000e+00 7.184908476985413673e-05
2.830000000000000000e+02 0.000000000000000000e+00 0.000000000000000000e+00 0.000000000000000000e+00 0.000000000000000000e+00 7.762271242809124861e-05
2.840000000000000000e+02 0.000000000000000000e+00 0.000000000000000000e+00 0.000000000000000000e+00 0.000000000000000000e+00 4.039977361359462958e-05
2.850000000000000000e+02 0.000000000000000000e+00 0.000000000000000000e+00 0.000000000000000000e+00 0.000000000000000000e+00 1.763052426260220499e-05
2.860000000000000000e+02 0.000000000000000000e+00 0.000000000000000000e+00 0.000000000000000000e+00 0.000000000000000000e+00 6.139950257988662907e-05
2.870000000000000000e+02 0.000000000000000000e+00 0.000000000000000000e+00 0.000000000000000000e+00 0.000000000000000000e+00 2.285555275539981904e-05
2.880000000000000000e+02 0.000000000000000000e+00 0.000000000000000000e+00 0.000000000000000000e+00 0.000000000000000000e+00 4.343631499714117287e-05
2.890000000000000000e+02 0.000000000000000000e+00 0.000000000000000000e+00 0.000000000000000000e+00 0.000000000000000000e+00 1.547709341890973463e-05
2.900000000000000000e+02 0.000000000000000000e+00 0.000000000000000000e+00 0.000000000000000000e+00 0.000000000000000000e+00 4.462052887961718737e-05
2.910000000000000000e+02 0.000000000000000000e+00 0.000000000000000000e+00 0.000000000000000000e+00 0.000000000000000000e+00 7.647363430326396382e-05
2.920000000000000000e+02 0.000000000000000000e+00 0.000000000000000000e+00 0.000000000000000000e+00 0.000000000000000000e+00 8.121034472795034471e-05
2.930000000000000000e+02 0.000000000000000000e+00 0.000000000000000000e+00 0.000000000000000000e+00 0.000000000000000000e+00 1.313100496094348240e-05
2.940000000000000000e+02 0.000000000000000000e+00 0.000000000000000000e+00 0.000000000000000000e+00 0.000000000000000000e+00 5.620576753219239948e-05
2.950000000000000000e+02 0.000000000000000000e+00 0.000000000000000000e+00 0.000000000000000000e+00 0.000000000000000000e+00 4.299116650282478814e-05
2.960000000000000000e+02 0.000000000000000000e+00 0.000000000000000000e+00 0.000000000000000000e+00 0.000000000000000000e+00 1.451992038442161820e-05
2.970000000000000000e+02 0.000000000000000000e+00 0.000000000000000000e+00 0.000000000000000000e+00 0.000000000000000000e+00 8.173117631190974087e-05
2.980000000000000000e+02 0.000000000000000000e+00 0.000000000000000000e+00 0.000000000000000000e+00 0.000000000000000000e+00 4.126852241520132046e-05
2.990000000000000000e+02 0.000000000000000000e+00 0.000000000000000000e+00 0.000000000000000000e+00 0.000000000000000000e+00 0.000000000000000000e+00
3.000000000000000000e+02 0.000000000000000000e+00 0.000000000000000000e+00 0.000000000000000000e+00 0.000000000000000000e+00 8.732794643555526518e-05
3.010000000000000000e+02 0.000000000000000000e+00 0.000000000000000000e+00 0.000000000000000000e+00 0.000000000000000000e+00 5.985568430653790978e-05
3.020000000000000000e+02 0.000000000000000000e+00 0.000000000000000000e+00 0.000000000000000000e+00 0.000000000000000000e+00 2.455787381530979505e-05
3.030000000000000000e+02 0.000000000000000000e+00 0.000000000000000000e+00 0.000000000000000000e+00 0.000000000000000000e+00 1.297014251318133459e-05
3.040000000000000000e+02 0.000000000000000000e+00 0.000000000000000000e+00 0.000000000000000000e+00 0.000000000000000000e+00 7.846674153136231874e-05
3.050000000000000000e+02 0.000000000000000000e+00 0.000000000000000000e+00 0.000000000000000000e+00 0.000000000000000000e+00 6.913109524721172835e-05
3.060000000000000000e+02 0.000000000000000000e+00 0.000000000000000000e+00 0.000000000000000000e+00 0.000000000000000000e+00 3.967955305647453615e-05
3.070000000000000000e+02 0.000000000000000000e+00 0.000000000000000000e+00 0.000000000000000000e+00 0.000000000000000000e+00 1.771756486382521900e-05
3.080000000000000000e+02 0.000000000000000000e+00 0.000000000000000000e+00 0.000000000000000000e+00 0.000000000000000000e+00 3.977413452940686323e-05
3.090000000000000000e+02 0.000000000000000000e+00 0.000000000000000000e+00 0.000000000000000000e+00 0.000000000000000000e+00 4.295875839874908577e-05
3.100000000000000000e+02 0.000000000000000000e+00 0.000000000000000000e+00 0.000000000000000000e+00 0.000000000000000000e+00 5.240098341107959939e-05
3.110000000000000000e+02 0.000000000000000000e+00 0.000000000000000000e+00 0.000000000000000000e+00 0.000000000000000000e+00 8.731302690087930623e-05
3.120000000000000000e+02 0.000000000000000000e+00 0.000000000000000000e+00 0.000000000000000000e+00 0.000000000000000000e+00 2.559593347438853412e-05
3.130000000000000000e+02 0.000000000000000000e+00 0.000000000000000000e+00 0.000000000000000000e+00 0.000000000000000000e+00 5.078379876077218364e-05
3.140000000000000000e+02 0.000000000000000000e+00 0.000000000000000000e+00 0.000000000000000000e+00 0.000000000000000000e+00 8.068789006141605818e-05
3.150000000000000000e+02 0.000000000000000000e+00 0.000000000000000000e+00 0.000000000000000000e+00 0.000000000000000000e+00 0.000000000000000000e+00
3.160000000000000000e+02 0.000000000000000000e+00 0.000000000000000000e+00 0.000000000000000000e+00 0.000000000000000000e+00 5.580152495507271452e-05
3.170000000000000000e+02 0.000000000000000000e+00 0.000000000000000000e+00 0.000000000000000000e+00 0.000000000000000000e+00 0.000000000000000000e+00
3.180000000000000000e+02 0.000000000000000000e+00 0.000000000000000000e+00 0.000000000000000000e+00 0.000000000000000000e+00 8.241573230667488396e-05
3.190000000000000000e+02 0.000000000000000000e+00 0.000000000000000000e+00 0.000000000000000000e+00 0.000000000000000000e+00 4.888746052444788929e-05
3.200000000000000000e+02 0.000000000000000000e+00 0.000000000000000000e+00 0.000000000000000000e+00 0.000000000000000000e+00 7.653793366397354341e-05
3.210000000000000000e+02 0.000000000000000000e+00 0.000000000000000000e+00 0.000000000000000000e+00 0.000000000000000000e+00 2.442128036459457964e-05
3.220000000000000000e+02 0.000000000000000000e+00 0.000000000000000000e+00 0.000000000000000000e+00 0.000000000000000000e+00 8.083102681109181149e-05
3.230000000000000000e+02 0.000000000000000000e+00 0.000000000000000000e+00 0.000000000000000000e+00 0.000000000000000000e+00 3.522068918977810080e-05
3.240000000000000000e+02 0.000000000000000000e+00 0.000000000000000000e+00 0.000000000000000000e+00 0.000000000000000000e+00 3.721534496555303930e-05
3.250000000000000000e+02 0.000000000000000000e+00 0.000000000000000000e+00 0.000000000000000000e+00 0.000000000000000000e+00 1.280099239797358833e-05
3.260000000000000000e+02 0.000000000000000000e+00 0.000000000000000000e+00 0.000000000000000000e+00 0.000000000000000000e+00 1.029798477963769158e-04
3.270000000000000000e+02 0.000000000000000000e+00 0.000000000000000000e+00 0.000000000000000000e+00 0.000000000000000000e+00 1.968309647259348504e-05
3.280000000000000000e+02 0.000000000000000000e+00 0.000000000000000000e+00 0.000000000000000000e+00 0.000000000000000000e+00 6.199856405210779436e-05
3.290000000000000000e+02 0.000000000000000000e+00 0.000000000000000000e+00 0.000000000000000000e+00 0.000000000000000000e+00 1.780494588135721188e-05
3.300000000000000000e+02 0.000000000000000000e+00 0.000000000000000000e+00 0.000000000000000000e+00 0.000000000000000000e+00 5.706133189304063967e-05
3.310000000000000000e+02 0.000000000000000000e+00 0.000000000000000000e+00 0.000000000000000000e+00 0.000000000000000000e+00 6.671303523604439818e-05
3.320000000000000000e+02 0.000000000000000000e+00 0.000000000000000000e+00 0.000000000000000000e+00 0.000000000000000000e+00 7.291857105386249048e-05
3.330000000000000000e+02 0.000000000000000000e+00 0.000000000000000000e+00 0.000000000000000000e+00 0.000000000000000000e+00 4.846302904879594788e-05
3.340000000000000000e+02 0.000000000000000000e+00 0.000000000000000000e+00 0.000000000000000000e+00 0.000000000000000000e+00 3.799700762008155643e-05
3.350000000000000000e+02 0.000000000000000000e+00 0.000000000000000000e+00 0.000000000000000000e+00 0.000000000000000000e+00 5.167151291992860373e-05
3.360000000000000000e+02 0.000000000000000000e+00 0.000000000000000000e+00 0.000000000000000000e+00 0.000000000000000000e+00 6.615015808084544668e-05
3.370000000000000000e+02 0.000000000000000000e+00 0.000000000000000000e+00 0.000000000000000000e+00 0.000000000000000000e+00 1.440966871509449202e-05
3.380000000000000000e+02 0.000000000000000000e+00 0.000000000000000000e+00 0.000000000000000000e+00 0.000000000000000000e+00 4.132054737357785773e-05
3.390000000000000000e+02 0.000000000000000000e+00 0.000000000000000000e+00 0.000000000000000000e+00 0.000000000000000000e+00 1.265953794884604414e-05
3.400000000000000000e+02 0.000000000000000000e+00 0.000000000000000000e+00 0.000000000000000000e+00 0.000000000000000000e+00 9.914529181044299719e-05
3.410000000000000000e+02 0.000000000000000000e+00 0.000000000000000000e+00 0.000000000000000000e+00 0.000000000000000000e+00 7.186931643675157039e-05
3.420000000000000000e+02 0.000000000000000000e+00 0.000000000000000000e+00 0.000000000000000000e+00 0.000000000000000000e+00 7.099259282269357752e-05
3.430000000000000000e+02 0.000000000000000000e+00 0.000000000000000000e+00 0.000000000000000000e+00 0.000000000000000000e+00 0.000000000000000000e+00
3.440000000000000000e+02 0.000000000000000000e+00 0.000000000000000000e+00 0.000000000000000000e+00 0.000000000000000000e+00 5.759007351077045109e-05
3.450000000000000000e+02 0.000000000000000000e+00 0.000000000000000000e+00 0.000000000000000000e+00 0.000000000000000000e+00 7.099990214036358115e-05
3.460000000000000000e+02 0.000000000000000000e+00 0.000000000000000000e+00 0.000000000000000000e+00 0.000000000000000000e+00 0.000000000000000000e+00
3.470000000000000000e+02 0.000000000000000000e+00 0.000000000000000000e+00 0.000000000000000000e+00 0.000000000000000000e+00 8.718178798128928600e-05
3.480000000000000000e+02 0.000000000000000000e+00 0.000000000000000000e+00 0.000000000000000000e+00 0.000000000000000000e+00 4.176832188019168030e-05
3.490000000000000000e+02 0.000000000000000000e+00 0.000000000000000000e+00 0.000000000000000000e+00 0.000000000000000000e+00 5.555433682627428679e-05
3.500000000000000000e+02 0.000000000000000000e+00 0.000000000000000000e+00 0.000000000000000000e+00 0.000000000000000000e+00 6.414515864811408548e-05
3.510000000000000000e+02 0.000000000000000000e+00 0.000000000000000000e+00 0.000000000000000000e+00 0.000000000000000000e+00 4.190610591567183742e-05
3.520000000000000000e+02 0.000000000000000000e+00 0.000000000000000000e+00 0.000000000000000000e+00 0.000000000000000000e+00 5.158896193617076121e-05
3.530000000000000000e+02 0.000000000000000000e+00 0.000000000000000000e+00 0.000000000000000000e+00 0.000000000000000000e+00 2.024393854438000980e-05
3.540000000000000000e+02 0.000000000000000000e+00 0.000000000000000000e+00 0.000000000000000000e+00 0.000000000000000000e+00 8.782080764501822901e-05
3.550000000000000000e+02 0.000000000000000000e+00 0.000000000000000000e+00 0.000000000000000000e+00 0.000000000000000000e+00 7.932567344441545775e-05
3.560000000000000000e+02 0.000000000000000000e+00 0.000000000000000000e+00 0.000000000000000000e+00 0.000000000000000000e+00 2.427913728445299017e-05
3.570000000000000000e+02 0.000000000000000000e+00 0.000000000000000000e+00 0.000000000000000000e+00 0.000000000000000000e+00 3.092712589252353519e-05
3.580000000000000000e+02 0.000000000000000000e+00 0.000000000000000000e+00 0.000000000000000000e+00 0.000000000000000000e+00 8.586703997485835359e-05
3.590000000000000000e+02 0.000000000000000000e+00 0.000000000000000000e+00 0.000000000000000000e+00 0.000000000000000000e+00 1.463054356174485863e-05
3.600000000000000000e+02 0.000000000000000000e+00 0.000000000000000000e+00 0.000000000000000000e+00 0.000000000000000000e+00 1.755682852235436058e-05
3.610000000000000000e+02 0.000000000000000000e+00 0.000000000000000000e+00 0.000000000000000000e+00 0.000000000000000000e+00 1.291312167355321034e-04
3.620000000000000000e+02 0.000000000000000000e+00 0.000000000000000000e+00 0.000000000000000000e+00 0.000000000000000000e+00 7.806893833752143793e-05
3.630000000000000000e+02 0.000000000000000000e+00 0.000000000000000000e+00 0.000000000000000000e+00 0.000000000000000000e+00 1.291949060256748172e-05
3.640000000000000000e+02 0.000000000000000000e+00 0.000000000000000000e+00 0.000000000000000000e+00 0.000000000000000000e+00 8.038337120366441098e-05
3.650000000000000000e+02 0.000000000000000000e+00 0.000000000000000000e+00 0.000000000000000000e+00 0.000000000000000000e+00 1.333159997135342320e-05
3.660000000000000000e+02 0.000000000000000000e+00 0.000000000000000000e+00 0.000000000000000000e+00 0.000000000000000000e+00 2.345608758296646696e-05
3.670000000000000000e+02 0.000000000000000000e+00 0.000000000000000000e+00 0.000000000000000000e+00 0.000000000000000000e+00 7.233552235756664326e-05
3.680000000000000000e+02 0.000000000000000000e+00 0.000000000000000000e+00 0.000000000000000000e+00 0.000000000000000000e+00 5.561663514816598587e-05
3.690000000000000000e+02 0.000000000000000000e+00 0.000000000000000000e+00 0.000000000000000000e+00 0.000000000000000000e+00 6.150723247254705076e-05
3.700000000000000000e+02 0.000000000000000000e+00 0.000000000000000000e+00 0.000000000000000000e+00 0.000000000000000000e+00 5.885799336347363389e-05
3.710000000000000000e+02 0.000000000000000000e+00 0.000000000000000000e+00 0.000000000000000000e+00 0.000000000000000000e+00 5.981422230459992661e-05
3.720000000000000000e+02 0.000000000000000000e+00 0.000000000000000000e+00 0.000000000000000000e+00 0.000000000000000000e+00 7.741633785350243648e-05
3.730000000000000000e+02 0.000000000000000000e+00 0.000000000000000000e+00 0.000000000000000000e+00 0.000000000000000000e+00 3.075367883860906549e-05
3.740000000000000000e+02 0.000000000000000000e+00 0.000000000000000000e+00 0.000000000000000000e+00 0.000000000000000000e+00 3.878167537875296431e-05
3.750000000000000000e+02 0.000000000000000000e+00 0.000000000000000000e+00 0.000000000000000000e+00 0.000000000000000000e+00 6.219379976344984818e-05
3.760000000000000000e+02 0.000000000000000000e+00 0.000000000000000000e+00 0.000000000000000000e+00 0.000000000000000000e+00 8.176170200288212684e-05
3.770000000000000000e+02 0.000000000000000000e+00 0.000000000000000000e+00 0.000000000000000000e+00 0.000000000000000000e+00 5.461245848276271940e-05
3.780000000000000000e+02 0.000000000000000000e+00 0.000000000000000000e+00 0.000000000000000000e+00 0.000000000000000000e+00 2.376864140591817515e-05
3.790000000000000000e+02 0.000000000000000000e+00 0.000000000000000000e+00 0.000000000000000000e+00 0.000000000000000000e+00 3.125505418275008833e-05
3.800000000000000000e+02 0.000000000000000000e+00 0.000000000000000000e+00 0.000000000000000000e+00 0.000000000000000000e+00 6.129080851765228790e-05
3.810000000000000000e+02 0.000000000000000000e+00 0.000000000000000000e+00 0.000000000000000000e+00 0.000000000000000000e+00 7.928252905603295532e-05
3.820000000000000000e+02 0.000000000000000000e+00 0.000000000000000000e+00 0.000000000000000000e+00 0.000000000000000000e+00 4.895038503468947922e-05
3.830000000000000000e+02 0.000000000000000000e+00 0.000000000000000000e+00 0.000000000000000000e+00 0.000000000000000000e+00 9.255415459995839993e-05
3.840000000000000000e+02 0.000000000000000000e+00 0.000000000000000000e+00 0.000000000000000000e+00 0.000000000000000000e+00 2.392139651495883712e-05
3.850000000000000000e+02 0.000000000000000000e+00 0.000000000000000000e+00 0.000000000000000000e+00 0.000000000000000000e+00 5.344606918442171040e-05
3.860000000000000000e+02 0.000000000000000000e+00 0.000000000000000000e+00 0.000000000000000000e+00 0.000000000000000000e+00 9.338747940683322034e-05
3.870000000000000000e+02 0.000000000000000000e+00 0.000000000000000000e+00 0.000000000000000000e+00 0.000000000000000000e+00 0.000000000000000000e+00
3.880000000000000000e+02 0.000000000000000000e+00 0.000000000000000000e+00 0.000000000000000000e+00 0.000000000000000000e+00 3.721553407792657989e-05
3.890000000000000000e+02 0.000000000000000000e+00 0.000000000000000000e+00 0.000000000000000000e+00 0.000000000000000000e+00 1.067335430412494693e-04
3.900000000000000000e+02 0.000000000000000000e+00 0.000000000000000000e+00 0.000000000000000000e+00 0.000000000000000000e+00 3.622093873825244425e-05
3.910000000000000000e+02 0.000000000000000000e+00 0.000000000000000000e+00 0.000000000000000000e+00 0.000000000000000000e+00 8.463510927097606194e-05
3.920000000000000000e+02 0.000000000000000000e+00 0.000000000000000000e+00 0.000000000000000000e+00 0.000000000000000000e+00 5.320705741284262173e-05
3.930000000000000000e+02 0.000000000000000000e+00 0.000000000000000000e+00 0.000000000000000000e+00 0.000000000000000000e+00 2.795145758031595412e-05
3.940000000000000000e+02 0.000000000000000000e+00 0.000000000000000000e+00 0.000000000000000000e+00 0.000000000000000000e+00 8.449874081637134457e-05
3.950000000000000000e+02 0.000000000000000000e+00 0.000000000000000000e+00 0.000000000000000000e+00 0.000000000000000000e+00 1.301840258845986458e-05
3.960000000000000000e+02 0.000000000000000000e+00 0.000000000000000000e+00 0.000000000000000000e+00 0.000000000000000000e+00 8.340636659079489132e-05
3.970000000000000000e+02 0.000000000000000000e+00 0.000000000000000000e+00 0.000000000000000000e+00 0.000000000000000000e+00 4.647745682830104716e-05
3.980000000000000000e+02 0.000000000000000000e+00 0.000000000000000000e+00 0.000000000000000000e+00 0.000000000000000000e+00 9.495048977524121454e-05
3.990000000000000000e+02 0.000000000000000000e+00 0.000000000000000000e+00 0.000000000000000000e+00 0.000000000000000000e+00 1.839425981925964720e-05
4.000000000000000000e+02 0.000000000000000000e+00 0.000000000000000000e+00 0.000000000000000000e+00 0.000000000000000000e+00 8.920841329528317331e-05
4.010000000000000000e+02 0.000000000000000000e+00 0.000000000000000000e+00 0.000000000000000000e+00 0.000000000000000000e+00 1.203970423489363586e-05
4.020000000000000000e+02 0.000000000000000000e+00 0.000000000000000000e+00 0.000000000000000000e+00 0.000000000000000000e+00 7.228586913518789537e-05
4.030000000000000000e+02 0.000000000000000000e+00 0.000000000000000000e+00 0.000000000000000000e+00 0.000000000000000000e+00 9.195214715666782241e-05
4.040000000000000000e+02 0.000000000000000000e+00 0.000000000000000000e+00 0.000000000000000000e+00 0.000000000000000000e+00 3.695660166032895628e-05
4.050000000000000000e+02 0.000000000000000000e+00 0.000000000000000000e+00 0.000000000000000000e+00 0.000000000000000000e+00 7.905927811431230406e-05
4.060000000000000000e+02 0.000000000000000000e+00 0.000000000000000000e+00 0.000000000000000000e+00 0.000000000000000000e+00 3.688861713478743573e-05
4.070000000000000000e+02 0.000000000000000000e+00 0.000000000000000000e+00 0.000000000000000000e+00 0.000000000000000000e+00 3.989948887892764788e-05
4.080000000000000000e+02 0.000000000000000000e+00 0.000000000000000000e+00 0.000000000000000000e+00 0.000000000000000000e+00 7.470372603786136186e-05
4.090000000000000000e+02 0.000000000000000000e+00 0.000000000000000000e+00 0.000000000000000000e+00 0.000000000000000000e+00 1.794530296838033867e-05
4.100000000000000000e+02 0.000000000000000000e+00 0.000000000000000000e+00 0.000000000000000000e+00 0.000000000000000000e+00 1.025194508061466565e-04
4.110000000000000000e+02 0.000000000000000000e+00 0.000000000000000000e+00 0.000000000000000000e+00 0.000000000000000000e+00 7.240917541530098196e-05
4.120000000000000000e+02 0.000000000000000000e+00 0.000000000000000000e+00 0.000000000000000000e+00 0.000000000000000000e+00 9.023465135198427477e-05
4.130000000000000000e+02 0.000000000000000000e+00 0.000000000000000000e+00 0.000000000000000000e+00 0.000000000000000000e+00 3.455450031169973144e-05
4.140000000000000000e+02 0.000000000000000000e+00 0.000000000000000000e+00 0.000000000000000000e+00 0.000000000000000000e+00 5.341435775773833121e-05
4.150000000000000000e+02 0.000000000000000000e+00 0.000000000000000000e+00 0.000000000000000000e+00 0.000000000000000000e+00 1.540517932453663039e-05
4.160000000000000000e+02 0.000000000000000000e+00 0.000000000000000000e+00 0.000000000000000000e+00 0.000000000000000000e+00 7.522800550792510836e-05
4.170000000000000000e+02 0.000000000000000000e+00 0.000000000000000000e+00 0.000000000000000000e+00 0.000000000000000000e+00 4.512079446395212600e-05
4.180000000000000000e+02 0.000000000000000000e+00 0.000000000000000000e+00 0.000000000000000000e+00 0.000000000000000000e+00 7.105464987469519648e-05
4.190000000000000000e+02 0.000000000000000000e+00 0.000000000000000000e+00 0.000000000000000000e+00 0.000000000000000000e+00 4.557572351424018814e-05
4.200000000000000000e+02 0.000000000000000000e+00 0.000000000000000000e+00 0.000000000000000000e+00 0.000000000000000000e+00 8.653317447721787701e-05
4.210000000000000000e+02 0.000000000000000000e+00 0.000000000000000000e+00 0.000000000000000000e+00 0.000000000000000000e+00 4.887298595708719620e-05
4.220000000000000000e+02 0.000000000000000000e+00 0.000000000000000000e+00 0.000000000000000000e+00 0.000000000000000000e+00 8.944753791604952544e-05
4.230000000000000000e+02 0.000000000000000000e+00 0.000000000000000000e+00 0.000000000000000000e+00 0.000000000000000000e+00 1.255645998550874491e-05
4.240000000000000000e+02 0.000000000000000000e+00 0.000000000000000000e+00 0.000000000000000000e+00 0.000000000000000000e+00 1.033481076916435942e-04
4.250000000000000000e+02 0.000000000000000000e+00 0.000000000000000000e+00 0.000000000000000000e+00 0.000000000000000000e+00 8.304034646732083428e-05
4.260000000000000000e+02 0.000000000000000000e+00 0.000000000000000000e+00 0.000000000000000000e+00 0.000000000000000000e+00 3.665949863087542270e-05
4.270000000000000000e+02 0.000000000000000000e+00 0.000000000000000000e+00 0.000000000000000000e+00 0.000000000000000000e+00 5.501892041818115276e-05
4.280000000000000000e+02 0.000000000000000000e+00 0.000000000000000000e+00 0.000000000000000000e+00 0.000000000000000000e+00 3.660665374174640069e-05
4.290000000000000000e+02 0.000000000000000000e+00 0.000000000000000000e+00 0.000000000000000000e+00 0.000000000000000000e+00 2.023346895781345345e-05
4.300000000000000000e+02 0.000000000000000000e+00 0.000000000000000000e+00 0.000000000000000000e+00 0.000000000000000000e+00 1.226603912268205197e-04
4.310000000000000000e+02 0.000000000000000000e+00 0.000000000000000000e+00 0.000000000000000000e+00 0.000000000000000000e+00 5.364867702131667231e-05
4.320000000000000000e+02 0.000000000000000000e+00 0.000000000000000000e+00 0.000000000000000000e+00 0.000000000000000000e+00 5.034324457091434487e-05
4.330000000000000000e+02 0.000000000000000000e+00 0.000000000000000000e+00 0.000000000000000000e+00 0.000000000000000000e+00 7.448465297555099029e-05
4.340000000000000000e+02 0.000000000000000000e+00 0.000000000000000000e+00 0.000000000000000000e+00 0.000000000000000000e+00 9.096453480176803434e-05
4.350000000000000000e+02 0.000000000000000000e+00 0.000000000000000000e+00 0.000000000000000000e+00 0.000000000000000000e+00 1.823569466606491627e-05
4.360000000000000000e+02 0.000000000000000000e+00 0.000000000000000000e+00 0.000000000000000000e+00 0.000000000000000000e+00 5.719134628773534553e-05
4.370000000000000000e+02 0.000000000000000000e+00 0.000000000000000000e+00 0.000000000000000000e+00 0.000000000000000000e+00 4.620615525296200047e-05
4.380000000000000000e+02 0.000000000000000000e+00 0.000000000000000000e+00 0.000000000000000000e+00 0.000000000000000000e+00 5.392444402841369510e-05
4.390000000000000000e+02 0.000000000000000000e+00 0.000000000000000000e+00 0.000000000000000000e+00 0.000000000000000000e+00 1.003875985778924520e-04
4.400000000000000000e+02 0.000000000000000000e+00 0.000000000000000000e+00 0.000000000000000000e+00 0.000000000000000000e+00 8.640220069706979335e-05
4.410000000000000000e+02 0.000000000000000000e+00 0.000000000000000000e+00 0.000000000000000000e+00 0.000000000000000000e+00 4.822747256776548189e-05
4.420000000000000000e+02 0.000000000000000000e+00 0.000000000000000000e+00 0.000000000000000000e+00 0.000000000000000000e+00 3.503236515983434920e-05
4.430000000000000000e+02 0.000000000000000000e+00 0.000000000000000000e+00 0.000000000000000000e+00 0.000000000000000000e+00 6.803738874882661310e-05
4.440000000000000000e+02 0.000000000000000000e+00 0.000000000000000000e+00 0.000000000000000000e+00 0.000000000000000000e+00 8.909789510057409601e-05
4.450000000000000000e+02 0.000000000000000000e+00 0.000000000000000000e+00 0.000000000000000000e+00 0.000000000000000000e+00 0.000000000000000000e+00
4.460000000000000000e+02 0.000000000000000000e+00 0.000000000000000000e+00 0.000000000000000000e+00 0.000000000000000000e+00 9.203028253942616588e-05
4.470000000000000000e+02 0.000000000000000000e+00 0.000000000000000000e+00 0.000000000000000000e+00 0.000000000000000000e+00 7.790647548293431210e-05
4.480000000000000000e+02 0.000000000000000000e+00 0.000000000000000000e+00 0.000000000000000000e+00 0.000000000000000000e+00 6.160790209697237954e-05
4.490000000000000000e+02 0.000000000000000000e+00 0.000000000000000000e+00 0.000000000000000000e+00 0.000000000000000000e+00 6.841580372637777073e-05
4.500000000000000000e+02 0.000000000000000000e+00 0.000000000000000000e+00 0.000000000000000000e+00 0.000000000000000000e+00 5.224182493851801885e-05
4.510000000000000000e+02 0.000000000000000000e+00 0.000000000000000000e+00 0.000000000000000000e+00 0.000000000000000000e+00 2.641661988325263760e-05
4.520000000000000000e+02 0.000000000000000000e+00 0.000000000000000000e+00 0.000000000000000000e+00 0.000000000000000000e+00 8.894431196703784940e-05
4.530000000000000000e+02 0.000000000000000000e+00 0.000000000000000000e+00 0.000000000000000000e+00 0.000000000000000000e+00 1.089380429115261860e-04
4.540000000000000000e+02 0.000000000000000000e+00 0.000000000000000000e+00 0.000000000000000000e+00 0.000000000000000000e+00 2.744563828066442896e-05
4.550000000000000000e+02 0.000000000000000000e+00 0.000000000000000000e+00 0.000000000000000000e+00 0.000000000000000000e+00 7.409348997992207058e-05
4.560000000000000000e+02 0.000000000000000000e+00 0.000000000000000000e+00 0.000000000000000000e+00 0.000000000000000000e+00 5.683709086087872838e-05
4.570000000000000000e+02 0.000000000000000000e+00 0.000000000000000000e+00 0.000000000000000000e+00 0.000000000000000000e+00 5.144399966617386387e-05
4.580000000000000000e+02 0.000000000000000000e+00 0.000000000000000000e+00 0.000000000000000000e+00 0.000000000000000000e+00 4.310571829070667337e-05
4.590000000000000000e+02 0.000000000000000000e+00 0.000000000000000000e+00 0.000000000000000000e+00 0.000000000000000000e+00 4.624987303343108797e-05
4.600000000000000000e+02 0.000000000000000000e+00 0.000000000000000000e+00 0.000000000000000000e+00 0.000000000000000000e+00 9.792153639396373739e-05
4.610000000000000000e+02 0.000000000000000000e+00 0.000000000000000000e+00 0.000000000000000000e+00 0.000000000000000000e+00 1.073252615223669335e-04
4.620000000000000000e+02 0.000000000000000000e+00 0.000000000000000000e+00 0.000000000000000000e+00 0.000000000000000000e+00 6.826678547021576560e-05
4.630000000000000000e+02 0.000000000000000000e+00 0.000000000000000000e+00 0.000000000000000000e+00 0.000000000000000000e+00 4.826406203621369458e-05
4.640000000000000000e+02 0.000000000000000000e+00 0.000000000000000000e+00 0.000000000000000000e+00 0.000000000000000000e+00 3.503636762980891380e-05
4.650000000000000000e+02 0.000000000000000000e+00 0.000000000000000000e+00 0.000000000000000000e+00 0.000000000000000000e+00 6.788470453848937335e-05
4.660000000000000000e+02 0.000000000000000000e+00 0.000000000000000000e+00 0.000000000000000000e+00 0.000000000000000000e+00 7.519666510592368128e-05
4.670000000000000000e+02 0.000000000000000000e+00 0.000000000000000000e+00 0.000000000000000000e+00 0.000000000000000000e+00 4.794035553010031280e-05
4.680000000000000000e+02 0.000000000000000000e+00 0.000000000000000000e+00 0.000000000000000000e+00 0.000000000000000000e+00 5.495027578463526196e-05
4.690000000000000000e+02 0.000000000000000000e+00 0.000000000000000000e+00 0.000000000000000000e+00 0.000000000000000000e+00 5.759774114604824440e-05
4.700000000000000000e+02 0.000000000000000000e+00 0.000000000000000000e+00 0.000000000000000000e+00 0.000000000000000000e+00 1.093370342998014163e-04
4.710000000000000000e+02 0.000000000000000000e+00 0.000000000000000000e+00 0.000000000000000000e+00 0.000000000000000000e+00 4.187681130311797929e-05
4.720000000000000000e+02 0.000000000000000000e+00 0.000000000000000000e+00 0.000000000000000000e+00 0.000000000000000000e+00 7.200528559671183352e-05
4.730000000000000000e+02 0.000000000000000000e+00 0.000000000000000000e+00 0.000000000000000000e+00 0.000000000000000000e+00 2.685858041271838506e-05
4.740000000000000000e+02 0.000000000000000000e+00 0.000000000000000000e+00 0.000000000000000000e+00 0.000000000000000000e+00 1.340886084408684695e-04
4.750000000000000000e+02 0.000000000000000000e+00 0.000000000000000000e+00 0.000000000000000000e+00 0.000000000000000000e+00 8.826792821225076845e-05
4.760000000000000000e+02 0.000000000000000000e+00 0.000000000000000000e+00 0.000000000000000000e+00 0.000000000000000000e+00 2.250239038303425090e-05
4.770000000000000000e+02 0.000000000000000000e+00 0.000000000000000000e+00 0.000000000000000000e+00 0.000000000000000000e+00 3.429067445193804319e-05
4.780000000000000000e+02 0.000000000000000000e+00 0.000000000000000000e+00 0.000000000000000000e+00 0.000000000000000000e+00 5.360496440503557074e-05
4.790000000000000000e+02 0.000000000000000000e+00 0.000000000000000000e+00 0.000000000000000000e+00 0.000000000000000000e+00 6.954549233639991930e-05
4.800000000000000000e+02 0.000000000000000000e+00 0.000000000000000000e+00 0.000000000000000000e+00 0.000000000000000000e+00 7.214243003415630312e-05
4.810000000000000000e+02 0.000000000000000000e+00 0.000000000000000000e+00 0.000000000000000000e+00 0.000000000000000000e+00 9.251846169148061699e-05
4.820000000000000000e+02 0.000000000000000000e+00 0.000000000000000000e+00 0.000000000000000000e+00 0.000000000000000000e+00 3.487867226600181887e-05
4.830000000000000000e+02 0.000000000000000000e+00 0.000000000000000000e+00 0.000000000000000000e+00 0.000000000000000000e+00 1.072914369511618305e-04
4.840000000000000000e+02 0.000000000000000000e+00 0.000000000000000000e+00 0.000000000000000000e+00 0.000000000000000000e+00 7.049885230834055088e-05
4.850000000000000000e+02 0.000000000000000000e+00 0.000000000000000000e+00 0.000000000000000000e+00 0.000000000000000000e+00 6.538592730706296278e-05
4.860000000000000000e+02 0.000000000000000000e+00 0.000000000000000000e+00 0.000000000000000000e+00 0.000000000000000000e+00 2.178663865590791095e-05
4.870000000000000000e+02 0.000000000000000000e+00 0.000000000000000000e+00 0.000000000000000000e+00 0.000000000000000000e+00 2.936504783148435253e-05
4.880000000000000000e+02 0.000000000000000000e+00 0.000000000000000000e+00 0.000000000000000000e+00 0.000000000000000000e+00 1.502975048465045001e-04
4.890000000000000000e+02 0.000000000000000000e+00 0.000000000000000000e+00 0.000000000000000000e+00 0.000000000000000000e+00 4.257145501126192728e-05
4.900000000000000000e+02 0.000000000000000000e+00 0.000000000000000000e+00 0.000000000000000000e+00 0.000000000000000000e+00 9.805853735707577604e-05
4.910000000000000000e+02 0.000000000000000000e+00 0.000000000000000000e+00 0.000000000000000000e+00 0.000000000000000000e+00 3.296403456767802993e-05
4.920000000000000000e+02 0.000000000000000000e+00 0.000000000000000000e+00 0.000000000000000000e+00 0.000000000000000000e+00 1.043312833949162455e-04
4.930000000000000000e+02 0.000000000000000000e+00 0.000000000000000000e+00 0.000000000000000000e+00 0.000000000000000000e+00 2.806673183562370647e-05
4.940000000000000000e+02 0.000000000000000000e+00 0.000000000000000000e+00 0.000000000000000000e+00 0.000000000000000000e+00 7.124789704355315796e-05
4.950000000000000000e+02 0.000000000000000000e+00 0.000000000000000000e+00 0.000000000000000000e+00 0.000000000000000000e+00 6.125052366242661115e-05
4.960000000000000000e+02 0.000000000000000000e+00 0.000000000000000000e+00 0.000000000000000000e+00 0.000000000000000000e+00 9.170208595257103976e-05
4.970000000000000000e+02 0.000000000000000000e+00 0.000000000000000000e+00 0.000000000000000000e+00 0.000000000000000000e+00 7.478693709628133561e-05
4.980000000000000000e+02 0.000000000000000000e+00 0.000000000000000000e+00 0.000000000000000000e+00 0.000000000000000000e+00 5.251902146381454102e-05
4.990000000000000000e+02 0.000000000000000000e+00 0.000000000000000000e+00 0.000000000000000000e+00 0.000000000000000000e+00 2.055969801474492954e-05
5.000000000000000000e+02 3.329435095342623410e-16 4.808910998439121451e-16 7.370673361519600141e-14 0.000000000000000000e+00 9.666082621677902023e-05
5.010000000000000000e+02 3.329435095342623410e-16 4.808910998439121451e-16 7.370673361519600141e-14 0.000000000000000000e+00 4.962984382920779757e-05
5.020000000000000000e+02 3.329435095342623410e-16 4.808910998439121451e-16 7.370673361519600141e-14 0.000000000000000000e+00 1.423635961336603990e-04
5.030000000000000000e+02 3.329435095342623410e-16 4.808910998439121451e-16 7.370673361519600141e-14 0.000000000000000000e+00 5.425243121895246775e-05
5.040000000000000000e+02 3.329435095342623410e-16 4.808910998439121451e-16 7.370673361519600141e-14 0.000000000000000000e+00 4.900993183033537111e-05
5.050000000000000000e+02 3.348850963855207814e-16 4.848886188819300135e-16 7.409512809886230895e-14 0.000000000000000000e+00 5.212063667867425495e-05
5.060000000000000000e+02 3.387682700880377116e-16 4.928836569579659474e-16 7.487191706619493666e-14 0.000000000000000000e+00 8.757946028823158447e-05
5.070000000000000000e+02 3.426514437905545925e-16 5.008786950340016841e-16 7.564870603352755175e-14 0.000000000000000000e+00 3.142883642737859641e-05
5.080000000000000000e+02 3.465346174930714734e-16 5.088737331100376180e-16 7.642549500086016684e-14 0.000000000000000000e+00 5.475607350524112134e-05
5.090000000000000000e+02 3.504177911955884037e-16 5.168687711860733547e-16 7.720228396819279456e-14 0.000000000000000000e+00 4.960236129521978593e-05
5.100000000000000000e+02 3.543009648981052846e-16 5.248638092621092886e-16 7.797907293552540965e-14 0.000000000000000000e+00 1.384158383325911131e-04
5.110000000000000000e+02 3.581841386006222148e-16 5.328588473381450253e-16 7.875586190285803736e-14 0.000000000000000000e+00 7.086044949637554141e-05
5.120000000000000000e+02 3.620673123031390957e-16 5.408538854141809592e-16 7.953265087019065245e-14 0.000000000000000000e+00 7.554678264209868286e-05
5.130000000000000000e+02 3.659504860056560259e-16 5.488489234902166959e-16 8.030943983752326754e-14 0.000000000000000000e+00 3.661898277534900327e-05
5.140000000000000000e+02 3.698336597081729068e-16 5.568439615662526298e-16 8.108622880485589525e-14 0.000000000000000000e+00 6.639125777076562446e-05
5.150000000000000000e+02 3.712431292204167125e-16 5.625133662302624328e-16 8.113695360038087596e-14 0.000000000000000000e+00 6.473270091021184503e-05
5.160000000000000000e+02 3.701788945423873936e-16 5.658571374822462035e-16 8.046161422409823491e-14 0.000000000000000000e+00 9.278178163009707718e-05
5.170000000000000000e+02 3.691146598643580748e-16 5.692009087342299741e-16 7.978627484781559386e-14 0.000000000000000000e+00 5.851818803984486900e-05
5.180000000000000000e+02 3.680504251863287559e-16 5.725446799862138434e-16 7.911093547153294019e-14 0.000000000000000000e+00 1.323682510608594532e-05
5.190000000000000000e+02 3.669861905082994371e-16 5.758884512381976141e-16 7.843559609525029913e-14 0.000000000000000000e+00 1.087493431662433992e-04
5.200000000000000000e+02 3.659219558302701675e-16 5.792322224901813848e-16 7.776025671896765808e-14 0.000000000000000000e+00 1.011197780520323262e-04
5.210000000000000000e+02 3.648577211522408487e-16 5.825759937421651555e-16 7.708491734268501703e-14 0.000000000000000000e+00 1.212201063021263234e-05
5.220000000000000000e+02 3.637934864742115298e-16 5.859197649941490247e-16 7.640957796640236336e-14 0.000000000000000000e+00 1.104129601999372334e-04
5.230000000000000000e+02 3.627292517961822110e-16 5.892635362461327954e-16 7.573423859011972231e-14 0.000000000000000000e+00 6.379766553132256996e-05
5.240000000000000000e+02 3.616650171181528921e-16 5.926073074981165661e-16 7.505889921383708126e-14 0.000000000000000000e+00 9.245887030654536523e-05
5.250000000000000000e+02 3.633046660139062124e-16 5.989749274504742756e-16 7.515960731418117879e-14 0.000000000000000000e+00 6.919612482435410637e-05
5.260000000000000000e+02 3.676481984834422211e-16 6.083663961032059240e-16 7.603636289115204016e-14 0.000000000000000000e+00 6.505016661831511491e-05
5.270000000000000000e+02 3.719917309529781313e-16 6.177578647559374738e-16 7.691311846812290154e-14 0.000000000000000000e+00 2.019539485901013888e-05
5.280000000000000000e+02 3.763352634225141400e-16 6.271493334086691222e-16 7.778987404509375028e-14 0.000000000000000000e+00 1.044327791512511869e-04
5.290000000000000000e+02 3.806787958920500501e-16 6.365408020614006720e-16 7.866662962206461166e-14 0.000000000000000000e+00 3.112894855379201526e-05
5.300000000000000000e+02 3.850223283615860588e-16 6.459322707141323204e-16 7.954338519903547303e-14 0.000000000000000000e+00 1.059340380897668066e-04
5.310000000000000000e+02 3.893658608311219690e-16 6.553237393668638702e-16 8.042014077600633440e-14 0.000000000000000000e+00 4.979869633883493460e-05
5.320000000000000000e+02 3.937093933006579777e-16 6.647152080195955186e-16 8.129689635297718315e-14 0.000000000000000000e+00 1.107170060550624748e-04
5.330000000000000000e+02 3.980529257701938878e-16 6.741066766723270684e-16 8.217365192994804452e-14 0.000000000000000000e+00 9.039156268361683204e-05
5.340000000000000000e+02 4.023964582397298965e-16 6.834981453250587168e-16 8.305040750691890589e-14 0.000000000000000000e+00 3.507131942145915539e-05
5.350000000000000000e+02 4.035406813616454836e-16 6.889797707133787964e-16 8.306990751458075019e-14 0.000000000000000000e+00 6.363282433015294193e-05
5.360000000000000000e+02 4.014855951359407970e-16 6.905515528372875045e-16 8.223215195293359004e-14 0.000000000000000000e+00 4.785575986334122966e-05
5.370000000000000000e+02 3.994305089102361104e-16 6.921233349611961139e-16 8.139439639128642989e-14 0.000000000000000000e+00 6.461903485259745108e-05
5.380000000000000000e+02 3.973754226845314238e-16 6.936951170851047233e-16 8.055664082963926975e-14 0.000000000000000000e+00 9.225208626389984248e-05
5.390000000000000000e+02 3.953203364588267372e-16 6.952668992090134314e-16 7.971888526799210960e-14 0.000000000000000000e+00 8.473622179640640569e-05
5.400000000000000000e+02 3.932652502331220506e-16 6.968386813329220408e-16 7.888112970634496207e-14 0.000000000000000000e+00 5.134733140291137426e-05
5.410000000000000000e+02 3.912101640074173640e-16 6.984104634568307489e-16 7.804337414469780192e-14 0.000000000000000000e+00 1.236341870140975020e-04
5.420000000000000000e+02 3.891550777817126774e-16 6.999822455807393583e-16 7.720561858305064178e-14 0.000000000000000000e+00 6.881992907624586136e-05
5.430000000000000000e+02 3.870999915560079908e-16 7.015540277046479678e-16 7.636786302140348163e-14 0.000000000000000000e+00 2.626312528254601118e-05
5.440000000000000000e+02 3.850449053303033042e-16 7.031258098285566758e-16 7.553010745975632148e-14 0.000000000000000000e+00 7.086499613411370373e-05
5.450000000000000000e+02 3.865318571826184818e-16 7.092432694151115718e-16 7.565852020521354797e-14 0.000000000000000000e+00 5.578563589595431673e-05
5.460000000000000000e+02 3.915608471129535731e-16 7.199064064643126558e-16 7.675310125777516110e-14 0.000000000000000000e+00 1.211788498423195206e-04
5.470000000000000000e+02 3.965898370432887137e-16 7.305695435135137398e-16 7.784768231033677423e-14 0.000000000000000000e+00 6.846529786921665378e-05
5.480000000000000000e+02 4.016188269736238049e-16 7.412326805627148237e-16 7.894226336289838736e-14 0.000000000000000000e+00 5.129828562771852814e-05
5.490000000000000000e+02 4.066478169039588962e-16 7.518958176119159077e-16 8.003684441546000049e-14 0.000000000000000000e+00 3.296940038325214904e-05
5.500000000000000000e+02 4.116768068342939874e-16 7.625589546611170903e-16 8.113142546802160100e-14 0.000000000000000000e+00 1.010463512954433722e-04
5.510000000000000000e+02 4.167057967646290787e-16 7.732220917103181743e-16 8.222600652058321413e-14 0.000000000000000000e+00 7.062163848056233898e-05
5.520000000000000000e+02 4.217347866949641700e-16 7.838852287595192582e-16 8.332058757314482726e-14 0.000000000000000000e+00 1.219191246926821197e-04
5.530000000000000000e+02 4.267637766252993105e-16 7.945483658087203422e-16 8.441516862570644039e-14 0.000000000000000000e+00 4.732224638441192861e-05
5.540000000000000000e+02 4.317927665556344018e-16 8.052115028579214262e-16 8.550974967826805352e-14 0.000000000000000000e+00 6.387132269173449760e-05
5.550000000000000000e+02 4.348755864711441230e-16 8.129081970127614019e-16 8.601369493061873823e-14 0.000000000000000000e+00 8.569393253410868372e-05
5.560000000000000000e+02 4.360122363718284741e-16 8.176384482732402693e-16 8.592700438275849451e-14 0.000000000000000000e+00 5.219901416235270687e-05
5.570000000000000000e+02 4.371488862725128252e-16 8.223686995337191367e-16 8.584031383489825079e-14 0.000000000000000000e+00 4.365539138174088070e-05
5.580000000000000000e+02 4.382855361731971763e-16 8.270989507941979055e-16 8.575362328703799445e-14 0.000000000000000000e+00 5.381960069887574004e-05
5.590000000000000000e+02 4.394221860738815273e-16 8.318292020546767730e-16 8.566693273917775072e-14 0.000000000000000000e+00 1.086333164100356386e-04
5.600000000000000000e+02 4.405588359745659277e-16 8.365594533151556404e-16 8.558024219131750700e-14 0.000000000000000000e+00 1.005782276771827150e-04
5.610000000000000000e+02 4.416954858752502788e-16 8.412897045756345078e-16 8.549355164345726328e-14 0.000000000000000000e+00 9.347402692046227171e-05
5.620000000000000000e+02 4.428321357759346299e-16 8.460199558361132767e-16 8.540686109559700694e-14 0.000000000000000000e+00 3.304841342353826182e-05
5.630000000000000000e+02 4.439687856766189810e-16 8.507502070965921441e-16 8.532017054773676322e-14 0.000000000000000000e+00 7.534658350180630057e-05
5.640000000000000000e+02 4.451054355773032828e-16 8.554804583570710115e-16 8.523347999987651950e-14 0.000000000000000000e+00 8.635502473289120005e-05
5.650000000000000000e+02 4.450759132163769857e-16 8.582688463142814667e-16 8.485100520891181361e-14 0.000000000000000000e+00 2.999472925524467994e-05
5.660000000000000000e+02 4.438802185938397938e-16 8.591153709682236084e-16 8.417274617484264554e-14 0.000000000000000000e+00 1.354016844350392163e-04
5.670000000000000000e+02 4.426845239713027005e-16 8.599618956221656514e-16 8.349448714077347746e-14 0.000000000000000000e+00 3.385188119842195541e-05
5.680000000000000000e+02 4.414888293487655579e-16 8.608084202761077930e-16 8.281622810670430939e-14 0.000000000000000000e+00 4.922938763940416996e-05
5.690000000000000000e+02 4.402931347262284153e-16 8.616549449300499346e-16 8.213796907263514132e-14 0.000000000000000000e+00 1.036475145843270592e-04
5.700000000000000000e+02 4.390974401036912727e-16 8.625014695839919776e-16 8.145971003856597325e-14 0.000000000000000000e+00 8.034148329600184673e-05
5.710000000000000000e+02 4.379017454811541301e-16 8.633479942379341192e-16 8.078145100449680518e-14 0.000000000000000000e+00 5.659736443047607183e-05
5.720000000000000000e+02 4.367060508586169875e-16 8.641945188918762608e-16 8.010319197042763711e-14 0.000000000000000000e+00 6.524310341957100131e-05
5.730000000000000000e+02 4.355103562360798942e-16 8.650410435458183038e-16 7.942493293635846904e-14 0.000000000000000000e+00 1.171665358825949406e-04
5.740000000000000000e+02 4.343146616135427516e-16 8.658875681997604455e-16 7.874667390228930097e-14 0.000000000000000000e+00 6.936286800849830736e-05
5.750000000000000000e+02 4.367921831531480808e-16 8.711225187265166789e-16 7.903934347602990441e-14 0.000000000000000000e+00 5.312151766457746564e-05
5.760000000000000000e+02 4.429429208548958323e-16 8.807458951260871028e-16 8.030294165758026674e-14 0.000000000000000000e+00 6.301606444651460686e-05
5.770000000000000000e+02 4.490936585566435839e-16 8.903692715256576253e-16 8.156653983913062908e-14 0.000000000000000000e+00 8.079141121064555107e-05
5.780000000000000000e+02 4.552443962583913847e-16 8.999926479252279505e-16 8.283013802068100404e-14 0.000000000000000000e+00 5.505754686715926845e-05
5.790000000000000000e+02 4.613951339601390870e-16 9.096160243247984730e-16 8.409373620223136637e-14 0.000000000000000000e+00 4.328634349626718839e-05
5.800000000000000000e+02 4.675458716618868879e-16 9.192394007243687983e-16 8.535733438378174133e-14 0.000000000000000000e+00 1.140802185048227479e-04
5.810000000000000000e+02 4.736966093636345901e-16 9.288627771239391235e-16 8.662093256533210366e-14 0.000000000000000000e+00 9.593042633137193690e-05
5.820000000000000000e+02 4.798473470653823910e-16 9.384861535235096460e-16 8.788453074688247862e-14 0.000000000000000000e+00 1.087790864143138656e-04
5.830000000000000000e+02 4.859980847671301919e-16 9.481095299230799713e-16 8.914812892843284095e-14 0.000000000000000000e+00 6.727576606219731509e-05
5.840000000000000000e+02 4.921488224688778941e-16 9.577329063226504938e-16 9.041172710998320328e-14 0.000000000000000000e+00 3.267146336974756680e-05
5.850000000000000000e+02 4.949389227280971672e-16 9.628598553947578863e-16 9.081727737441483256e-14 0.000000000000000000e+00 7.476664563563270702e-05
5.860000000000000000e+02 4.943683855447880112e-16 9.634903771394021490e-16 9.036477972172771614e-14 0.000000000000000000e+00 5.438408862423507978e-05
5.870000000000000000e+02 4.937978483614788551e-16 9.641208988840466090e-16 8.991228206904059973e-14 0.000000000000000000e+00 1.021636608772281095e-04
5.880000000000000000e+02 4.932273111781696005e-16 9.647514206286910689e-16 8.945978441635348332e-14 0.000000000000000000e+00 7.385367466328691965e-05
5.890000000000000000e+02 4.926567739948604445e-16 9.653819423733353316e-16 8.900728676366636691e-14 0.000000000000000000e+00 6.250814624352925470e-05
5.900000000000000000e+02 4.920862368115512884e-16 9.660124641179797915e-16 8.855478911097926312e-14 0.000000000000000000e+00 8.001409445391441302e-05
5.910000000000000000e+02 4.915156996282421324e-16 9.666429858626240542e-16 8.810229145829214671e-14 0.000000000000000000e+00 9.209726880775448020e-05
5.920000000000000000e+02 4.909451624449328777e-16 9.672735076072685141e-16 8.764979380560503030e-14 0.000000000000000000e+00 9.332471221402015760e-05
5.930000000000000000e+02 4.903746252616237217e-16 9.679040293519129740e-16 8.719729615291791388e-14 0.000000000000000000e+00 1.214919489363602992e-05
5.940000000000000000e+02 4.898040880783145656e-16 9.685345510965572367e-16 8.674479850023079747e-14 0.000000000000000000e+00 9.531873904095305300e-05
5.950000000000000000e+02 4.910656564964990188e-16 9.711770435473703042e-16 8.672138812397887990e-14 0.000000000000000000e+00 1.346166091315434638e-04
5.960000000000000000e+02 4.941593305161770812e-16 9.758315067043517822e-16 8.712706502416217378e-14 0.000000000000000000e+00 3.545083329790695573e-05
5.970000000000000000e+02 4.972530045358552423e-16 9.804859698613334573e-16 8.753274192434546767e-14 0.000000000000000000e+00 6.471915193606797654e-05
5.980000000000000000e+02 5.003466785555333047e-16 9.851404330183151324e-16 8.793841882452876156e-14 0.000000000000000000e+00 6.247066356858304637e-05
5.990000000000000000e+02 5.034403525752114657e-16 9.897948961752966103e-16 8.834409572471205544e-14 0.000000000000000000e+00 6.721329327914332956e-05
6.000000000000000000e+02 5.065340265948895281e-16 9.944493593322782854e-16 8.874977262489534933e-14 0.000000000000000000e+00 9.646710750403137595e-05
6.010000000000000000e+02 5.096277006145676892e-16 9.991038224892597633e-16 8.915544952507864321e-14 0.000000000000000000e+00 7.949197364905812187e-05
6.020000000000000000e+02 5.127213746342457516e-16 1.003758285646241438e-15 8.956112642526193710e-14 0.000000000000000000e+00 1.129404907352091414e-04
6.030000000000000000e+02 5.158150486539239126e-16 1.008412748803223114e-15 8.996680332544523098e-14 0.000000000000000000e+00 3.234601164099619615e-05
6.040000000000000000e+02 5.189087226736019750e-16 1.013067211960204592e-15 9.037248022562852487e-14 0.000000000000000000e+00 1.256410454109809774e-04
6.050000000000000000e+02 5.208033198917777462e-16 1.015803613130580303e-15 9.048557139272368285e-14 0.000000000000000000e+00 6.562639674889235040e-05
6.060000000000000000e+02 5.214988403084512261e-16 1.016621952314350051e-15 9.030607682673070492e-14 0.000000000000000000e+00 3.321067173705266238e-05
6.070000000000000000e+02 5.221943607251247060e-16 1.017440291498119798e-15 9.012658226073772700e-14 0.000000000000000000e+00 6.071932554854722543e-05
6.080000000000000000e+02 5.228898811417981859e-16 1.018258630681889546e-15 8.994708769474476169e-14 0.000000000000000000e+00 9.682971026132492398e-05
6.090000000000000000e+02 5.235854015584716657e-16 1.019076969865659294e-15 8.976759312875178377e-14 0.000000000000000000e+00 6.770281283268715460e-05
6.100000000000000000e+02 5.242809219751450470e-16 1.019895309049428844e-15 8.958809856275881847e-14 0.000000000000000000e+00 9.598483751150222853e-05
6.110000000000000000e+02 5.249764423918185269e-16 1.020713648233198592e-15 8.940860399676584054e-14 0.000000000000000000e+00 9.108796484087146783e-05
6.120000000000000000e+02 5.256719628084920068e-16 1.021531987416968340e-15 8.922910943077287524e-14 0.000000000000000000e+00 4.463682669501594800e-05
6.130000000000000000e+02 5.263674832251654867e-16 1.022350326600738087e-15 8.904961486477989731e-14 0.000000000000000000e+00 8.151315990432944603e-05
6.140000000000000000e+02 5.270630036418389666e-16 1.023168665784507835e-15 8.887012029878691939e-14 0.000000000000000000e+00 9.135820245094428919e-05
6.150000000000000000e+02 5.278813521671700821e-16 1.024823686811315242e-15 8.865829385609024021e-14 0.000000000000000000e+00 4.803740132511692511e-05
6.160000000000000000e+02 5.288225288011590305e-16 1.027315389681160308e-15 8.841413553668983454e-14 0.000000000000000000e+00 9.149818829351380749e-05
6.170000000000000000e+02 5.297637054351478803e-16 1.029807092551005375e-15 8.816997721728942886e-14 0.000000000000000000e+00 9.489233580674982403e-05
6.180000000000000000e+02 5.307048820691367301e-16 1.032298795420850441e-15 8.792581889788902319e-14 0.000000000000000000e+00 7.927369900260711004e-05
6.190000000000000000e+02 5.316460587031256785e-16 1.034790498290695507e-15 8.768166057848861751e-14 0.000000000000000000e+00 3.726550493680536334e-05
6.200000000000000000e+02 5.325872353371145283e-16 1.037282201160540376e-15 8.743750225908821184e-14 0.000000000000000000e+00 9.082521598711476151e-05
6.210000000000000000e+02 5.335284119711034767e-16 1.039773904030385442e-15 8.719334393968780617e-14 0.000000000000000000e+00 5.577794916747697463e-05
6.220000000000000000e+02 5.344695886050923264e-16 1.042265606900230509e-15 8.694918562028740049e-14 0.000000000000000000e+00 1.241367922786394554e-04
6.230000000000000000e+02 5.354107652390811762e-16 1.044757309770075575e-15 8.670502730088699482e-14 0.000000000000000000e+00 6.429068552595952146e-05
6.240000000000000000e+02 5.363519418730701246e-16 1.047249012639920641e-15 8.646086898148658914e-14 0.000000000000000000e+00 1.114500964535039551e-04
6.250000000000000000e+02 5.395033745707336215e-16 1.051820859605450275e-15 8.678850041282071297e-14 0.000000000000000000e+00 3.190263213770877613e-05
6.260000000000000000e+02 5.448650633320716668e-16 1.058472850666664477e-15 8.768792159488935369e-14 0.000000000000000000e+00 1.244576939763343971e-04
6.270000000000000000e+02 5.502267520934097122e-16 1.065124841727878680e-15 8.858734277695800702e-14 0.000000000000000000e+00 1.880737810525337657e-05
6.280000000000000000e+02 5.555884408547478561e-16 1.071776832789092882e-15 8.948676395902664774e-14 0.000000000000000000e+00 7.859176458125882660e-05
6.290000000000000000e+02 5.609501296160859015e-16 1.078428823850307084e-15 9.038618514109528845e-14 0.000000000000000000e+00 3.420830564323930985e-05
6.300000000000000000e+02 5.663118183774240454e-16 1.085080814911521483e-15 9.128560632316394179e-14 0.000000000000000000e+00 1.338155694738871193e-04
6.310000000000000000e+02 5.716735071387620908e-16 1.091732805972735685e-15 9.218502750523258250e-14 0.000000000000000000e+00 1.076543433621543385e-04
6.320000000000000000e+02 5.770351959001002347e-16 1.098384797033949887e-15 9.308444868730122321e-14 0.000000000000000000e+00 7.349377959545130075e-05
6.330000000000000000e+02 5.823968846614382801e-16 1.105036788095164090e-15 9.398386986936987655e-14 0.000000000000000000e+00 9.118113840579216431e-05
6.340000000000000000e+02 5.877585734227763254e-16 1.111688779156378292e-15 9.488329105143851726e-14 0.000000000000000000e+00 3.133488805664681672e-05
6.350000000000000000e+02 5.917270803452585694e-16 1.117692300653143307e-15 9.533267522421329078e-14 0.000000000000000000e+00 6.464804432462354278e-05
6.360000000000000000e+02 5.943024054288849133e-16 1.123047352585459136e-15 9.533202238769419711e-14 0.000000000000000000e+00 1.164430246997660325e-04
6.370000000000000000e+02 5.968777305125113559e-16 1.128402404517774965e-15 9.533136955117510344e-14 0.000000000000000000e+00 5.494103131291702978e-05
6.380000000000000000e+02 5.994530555961376998e-16 1.133757456450090793e-15 9.533071671465599715e-14 0.000000000000000000e+00 8.227389994964398460e-05
6.390000000000000000e+02 6.020283806797640438e-16 1.139112508382406622e-15 9.533006387813690348e-14 0.000000000000000000e+00 4.834074223977874170e-05
6.400000000000000000e+02 6.046037057633904864e-16 1.144467560314722648e-15 9.532941104161780981e-14 0.000000000000000000e+00 1.244193436185295882e-04
6.410000000000000000e+02 6.071790308470168303e-16 1.149822612247038477e-15 9.532875820509871614e-14 0.000000000000000000e+00 8.798845275066277823e-05
6.420000000000000000e+02 6.097543559306431743e-16 1.155177664179354306e-15 9.532810536857960984e-14 0.000000000000000000e+00 4.507449042766722253e-05
6.430000000000000000e+02 6.123296810142696169e-16 1.160532716111670134e-15 9.532745253206051617e-14 0.000000000000000000e+00 5.287176092675762096e-05
6.440000000000000000e+02 6.149050060978959608e-16 1.165887768043985963e-15 9.532679969554142250e-14 0.000000000000000000e+00 1.415960219368211112e-04
6.450000000000000000e+02 6.175502096847372693e-16 1.169018944112935975e-15 9.548525274195031495e-14 0.000000000000000000e+00 9.220429627978866699e-05
6.460000000000000000e+02 6.202652917747936408e-16 1.169926244318519972e-15 9.580281167128719351e-14 0.000000000000000000e+00 5.974526339604784313e-05
6.470000000000000000e+02 6.229803738648499138e-16 1.170833544524104166e-15 9.612037060062407208e-14 0.000000000000000000e+00 3.733122224285099296e-05
6.480000000000000000e+02 6.256954559549062854e-16 1.171740844729688164e-15 9.643792952996095065e-14 0.000000000000000000e+00 8.961616576047124383e-05
6.490000000000000000e+02 6.284105380449625583e-16 1.172648144935272358e-15 9.675548845929782921e-14 0.000000000000000000e+00 6.409133705773184325e-05
6.500000000000000000e+02 6.311256201350189299e-16 1.173555445140856355e-15 9.707304738863470778e-14 0.000000000000000000e+00 9.397858410417395092e-05
6.510000000000000000e+02 6.338407022250752028e-16 1.174462745346440550e-15 9.739060631797158634e-14 0.000000000000000000e+00 9.823797330874244180e-05
6.520000000000000000e+02 6.365557843151315744e-16 1.175370045552024547e-15 9.770816524730846491e-14 0.000000000000000000e+00 8.277731691499252314e-05
6.530000000000000000e+02 6.392708664051878473e-16 1.176277345757608741e-15 9.802572417664534347e-14 0.000000000000000000e+00 8.997344539299314463e-05
6.540000000000000000e+02 6.419859484952442189e-16 1.177184645963192738e-15 9.834328310598222204e-14 0.000000000000000000e+00 6.397717313612264064e-05
6.550000000000000000e+02 6.431867526785936696e-16 1.177644359656255385e-15 9.821132542813543730e-14 0.000000000000000000e+00 8.870193920708415174e-05
6.560000000000000000e+02 6.428732789552362980e-16 1.177656486836796484e-15 9.762985114310500189e-14 0.000000000000000000e+00 4.597945036045945726e-05
6.570000000000000000e+02 6.425598052318790250e-16 1.177668614017337583e-15 9.704837685807456647e-14 0.000000000000000000e+00 4.773330073864638689e-05
6.580000000000000000e+02 6.422463315085216535e-16 1.177680741197878484e-15 9.646690257304413106e-14 0.000000000000000000e+00 1.306235450991425403e-04
6.590000000000000000e+02 6.419328577851642819e-16 1.177692868378419583e-15 9.588542828801369564e-14 0.000000000000000000e+00 8.353017695992998059e-05
6.600000000000000000e+02 6.416193840618070090e-16 1.177704995558960682e-15 9.530395400298326023e-14 0.000000000000000000e+00 7.802950966622893339e-05
6.610000000000000000e+02 6.413059103384496374e-16 1.177717122739501781e-15 9.472247971795282481e-14 0.000000000000000000e+00 8.284883116559628642e-05
6.620000000000000000e+02 6.409924366150922658e-16 1.177729249920042682e-15 9.414100543292238940e-14 0.000000000000000000e+00 9.374399054453438993e-05
6.630000000000000000e+02 6.406789628917349929e-16 1.177741377100583781e-15 9.355953114789195398e-14 0.000000000000000000e+00 5.782803781476143632e-05
6.640000000000000000e+02 6.403654891683776213e-16 1.177753504281124880e-15 9.297805686286151857e-14 0.000000000000000000e+00 6.217236253406360140e-05
6.650000000000000000e+02 6.407786377341683111e-16 1.177382874312667356e-15 9.264283665051560804e-14 0.000000000000000000e+00 1.006256342567691956e-04
6.660000000000000000e+02 6.419184085891069635e-16 1.176629487195211209e-15 9.255387051085423501e-14 0.000000000000000000e+00 1.008286567867492858e-04
6.670000000000000000e+02 6.430581794440456160e-16 1.175876100077754865e-15 9.246490437119284937e-14 0.000000000000000000e+00 7.926321015005228403e-05
6.680000000000000000e+02 6.441979502989842685e-16 1.175122712960298718e-15 9.237593823153147634e-14 0.000000000000000000e+00 4.441154552841828170e-05
6.690000000000000000e+02 6.453377211539229210e-16 1.174369325842842572e-15 9.228697209187010332e-14 0.000000000000000000e+00 7.617201008388137717e-05
6.700000000000000000e+02 6.464774920088616721e-16 1.173615938725386228e-15 9.219800595220873029e-14 0.000000000000000000e+00 4.697019664464304600e-05
6.710000000000000000e+02 6.476172628638003246e-16 1.172862551607930081e-15 9.210903981254735727e-14 0.000000000000000000e+00 1.307371102975476984e-04
6.720000000000000000e+02 6.487570337187389770e-16 1.172109164490473934e-15 9.202007367288598425e-14 0.000000000000000000e+00 1.140460489519283386e-04
6.730000000000000000e+02 6.498968045736776295e-16 1.171355777373017590e-15 9.193110753322459860e-14 0.000000000000000000e+00 4.275033245190725331e-05
6.740000000000000000e+02 6.510365754286162820e-16 1.170602390255561443e-15 9.184214139356322557e-14 0.000000000000000000e+00 1.086939011551733212e-04
6.750000000000000000e+02 6.559044863442440777e-16 1.176224908951238530e-15 9.240091267118881102e-14 0.000000000000000000e+00 7.576220089068151501e-05
6.760000000000000000e+02 6.645005373205611152e-16 1.188223333460048849e-15 9.360742136610138018e-14 0.000000000000000000e+00 6.320114737189351766e-05
6.770000000000000000e+02 6.730965882968779556e-16 1.200221757968859169e-15 9.481393006101392410e-14 0.000000000000000000e+00 8.787030682397380446e-05
6.780000000000000000e+02 6.816926392731949931e-16 1.212220182477669488e-15 9.602043875592649326e-14 0.000000000000000000e+00 3.348944637195657261e-05
6.790000000000000000e+02 6.902886902495118334e-16 1.224218606986479808e-15 9.722694745083903717e-14 0.000000000000000000e+00 7.208331921746973946e-05
6.800000000000000000e+02 6.988847412258288710e-16 1.236217031495290324e-15 9.843345614575160633e-14 0.000000000000000000e+00 1.600304259715812209e-04
6.810000000000000000e+02 7.074807922021457113e-16 1.248215456004100644e-15 9.963996484066415025e-14 0.000000000000000000e+00 7.060982137360345147e-05
6.820000000000000000e+02 7.160768431784627488e-16 1.260213880512910963e-15 1.008464735355767194e-13 0.000000000000000000e+00 8.854434145753782039e-05
6.830000000000000000e+02 7.246728941547795892e-16 1.272212305021721283e-15 1.020529822304892633e-13 0.000000000000000000e+00 4.283124715105267913e-05
6.840000000000000000e+02 7.332689451310966267e-16 1.284210729530531602e-15 1.032594909254018325e-13 0.000000000000000000e+00 1.025623615031460875e-04
6.850000000000000000e+02 7.364078195871559238e-16 1.287984445557917600e-15 1.033977778098962498e-13 0.000000000000000000e+00 6.183283495813468274e-05
6.860000000000000000e+02 7.340895175229577762e-16 1.283533453103879277e-15 1.024678428839725280e-13 0.000000000000000000e+00 9.895504110213205052e-05
6.870000000000000000e+02 7.317712154587596286e-16 1.279082460649840954e-15 1.015379079580488062e-13 0.000000000000000000e+00 7.110266236340506154e-05
6.880000000000000000e+02 7.294529133945614810e-16 1.274631468195802434e-15 1.006079730321250970e-13 0.000000000000000000e+00 5.444501568086524139e-05
6.890000000000000000e+02 7.271346113303633334e-16 1.270180475741764111e-15 9.967803810620137522e-14 0.000000000000000000e+00 1.056702693388540589e-04
6.900000000000000000e+02 7.248163092661650872e-16 1.265729483287725788e-15 9.874810318027765341e-14 0.000000000000000000e+00 7.680947266971607345e-05
6.910000000000000000e+02 7.224980072019669397e-16 1.261278490833687465e-15 9.781816825435393160e-14 0.000000000000000000e+00 9.754646099687687964e-05
6.920000000000000000e+02 7.201797051377687921e-16 1.256827498379648944e-15 9.688823332843022241e-14 0.000000000000000000e+00 4.168838335196277487e-05
6.930000000000000000e+02 7.178614030735706445e-16 1.252376505925610621e-15 9.595829840250650060e-14 0.000000000000000000e+00 1.014159232675036049e-04
6.940000000000000000e+02 7.155431010093724969e-16 1.247925513471572298e-15 9.502836347658277879e-14 0.000000000000000000e+00 1.242915009561205053e-04
6.950000000000000000e+02 7.175459136957382425e-16 1.248423211113991993e-15 9.491569494524238757e-14 0.000000000000000000e+00 6.222768671030156403e-05
6.960000000000000000e+02 7.238698411326679800e-16 1.253869598852869507e-15 9.562029280848532695e-14 0.000000000000000000e+00 1.012842346867576725e-04
6.970000000000000000e+02 7.301937685695977174e-16 1.259315986591747021e-15 9.632489067172825371e-14 0.000000000000000000e+00 2.999480632093818428e-05
6.980000000000000000e+02 7.365176960065274548e-16 1.264762374330624535e-15 9.702948853497118047e-14 0.000000000000000000e+00 6.742447403237716375e-05
6.990000000000000000e+02 7.428416234434571923e-16 1.270208762069502049e-15 9.773408639821411985e-14 0.000000000000000000e+00 8.487549987990609403e-05
7.000000000000000000e+02 7.491655508803868311e-16 1.275655149808379563e-15 9.843868426145704661e-14 0.000000000000000000e+00 1.267048964560527806e-04
7.010000000000000000e+02 7.554894783173165686e-16 1.281101537547257078e-15 9.914328212469998599e-14 0.000000000000000000e+00 5.334165053933997004e-05
7.020000000000000000e+02 7.618134057542463060e-16 1.286547925286134592e-15 9.984787998794291275e-14 0.000000000000000000e+00 1.375098061134397132e-04
7.030000000000000000e+02 7.681373331911760434e-16 1.291994313025012106e-15 1.005524778511858395e-13 0.000000000000000000e+00 8.625004046937555431e-05
7.040000000000000000e+02 7.744612606281057809e-16 1.297440700763889620e-15 1.012570757144287789e-13 0.000000000000000000e+00 4.538178761024611084e-05
7.050000000000000000e+02 7.764704276973809810e-16 1.297999598467274088e-15 1.011851021026868387e-13 0.000000000000000000e+00 6.007783323798977613e-05
7.060000000000000000e+02 7.741648343990017424e-16 1.293671006135165313e-15 1.003365570159600442e-13 0.000000000000000000e+00 6.935402189111218726e-05
7.070000000000000000e+02 7.718592411006224052e-16 1.289342413803056538e-15 9.948801192923323712e-14 0.000000000000000000e+00 1.052241119960142091e-04
7.080000000000000000e+02 7.695536478022430680e-16 1.285013821470947763e-15 9.863946684250644264e-14 0.000000000000000000e+00 1.130938601023351211e-04
7.090000000000000000e+02 7.672480545038638295e-16 1.280685229138838988e-15 9.779092175577963554e-14 0.000000000000000000e+00 5.780943660477590781e-05
7.100000000000000000e+02 7.649424612054844923e-16 1.276356636806730016e-15 9.694237666905284105e-14 0.000000000000000000e+00 7.435673117105075214e-05
7.110000000000000000e+02 7.626368679071052537e-16 1.272028044474621241e-15 9.609383158232603395e-14 0.000000000000000000e+00 8.492989341206756530e-05
7.120000000000000000e+02 7.603312746087259165e-16 1.267699452142512466e-15 9.524528649559923947e-14 0.000000000000000000e+00 1.005995362442552486e-04
7.130000000000000000e+02 7.580256813103465793e-16 1.263370859810403691e-15 9.439674140887243236e-14 0.000000000000000000e+00 8.463407578839498571e-05
7.140000000000000000e+02 7.557200880119673407e-16 1.259042267478294916e-15 9.354819632214563788e-14 0.000000000000000000e+00 7.763866804160626345e-05
7.150000000000000000e+02 7.591014134059495485e-16 1.261709610191386350e-15 9.364574258701985564e-14 0.000000000000000000e+00 4.605013551645632743e-05
7.160000000000000000e+02 7.681696574922933013e-16 1.271372887949678189e-15 9.468938020349508566e-14 0.000000000000000000e+00 1.374192131055724207e-04
7.170000000000000000e+02 7.772379015786370542e-16 1.281036165707970029e-15 9.573301781997031567e-14 0.000000000000000000e+00 6.129719878079005230e-05
7.180000000000000000e+02 7.863061456649808070e-16 1.290699443466261869e-15 9.677665543644554568e-14 0.000000000000000000e+00 8.635757372308962559e-05
7.190000000000000000e+02 7.953743897513245598e-16 1.300362721224553709e-15 9.782029305292077570e-14 0.000000000000000000e+00 3.153194414226989249e-05
7.200000000000000000e+02 8.044426338376683127e-16 1.310025998982845352e-15 9.886393066939601833e-14 0.000000000000000000e+00 1.011370841929128996e-04
7.210000000000000000e+02 8.135108779240119669e-16 1.319689276741137192e-15 9.990756828587124834e-14 0.000000000000000000e+00 1.252969031304914543e-04
7.220000000000000000e+02 8.225791220103557197e-16 1.329352554499429032e-15 1.009512059023464784e-13 0.000000000000000000e+00 1.190941861677762855e-04
7.230000000000000000e+02 8.316473660966994725e-16 1.339015832257720872e-15 1.019948435188217084e-13 0.000000000000000000e+00 4.173625748034507065e-05
7.240000000000000000e+02 8.407156101830432254e-16 1.348679110016012712e-15 1.030384811352969384e-13 0.000000000000000000e+00 1.012980331523178099e-04
7.250000000000000000e+02 8.450974992104535970e-16 1.352509946880103409e-15 1.032718415019046742e-13 0.000000000000000000e+00 6.214095243337393359e-05
7.260000000000000000e+02 8.447930331789305875e-16 1.350508342849993160e-15 1.026949246186449285e-13 0.000000000000000000e+00 7.246886223549996999e-05
7.270000000000000000e+02 8.444885671474075780e-16 1.348506738819882911e-15 1.021180077353851576e-13 0.000000000000000000e+00 5.920075858682767426e-05
7.280000000000000000e+02 8.441841011158845685e-16 1.346505134789772662e-15 1.015410908521254119e-13 0.000000000000000000e+00 8.655382511978172732e-05
7.290000000000000000e+02 8.438796350843615591e-16 1.344503530759662413e-15 1.009641739688656409e-13 0.000000000000000000e+00 1.005688753318183303e-04
7.300000000000000000e+02 8.435751690528386482e-16 1.342501926729551967e-15 1.003872570856058952e-13 0.000000000000000000e+00 1.013263480467900904e-04
7.310000000000000000e+02 8.432707030213156387e-16 1.340500322699441718e-15 9.981034020234612423e-14 0.000000000000000000e+00 8.297165204906163823e-05
7.320000000000000000e+02 8.429662369897926292e-16 1.338498718669331469e-15 9.923342331908637852e-14 0.000000000000000000e+00 1.125525419043657571e-04
7.330000000000000000e+02 8.426617709582696197e-16 1.336497114639221220e-15 9.865650643582660757e-14 0.000000000000000000e+00 3.862666766549773748e-05
7.340000000000000000e+02 8.423573049267466102e-16 1.334495510609110971e-15 9.807958955256686186e-14 0.000000000000000000e+00 1.034573072035291174e-04
7.350000000000000000e+02 8.430854174739704456e-16 1.334046446069455675e-15 9.766713846333923200e-14 0.000000000000000000e+00 6.535172593201194933e-05
7.360000000000000000e+02 8.448461085999412246e-16 1.335149921020255134e-15 9.741915316814373060e-14 0.000000000000000000e+00 8.057447580486972480e-05
7.370000000000000000e+02 8.466067997259119049e-16 1.336253395971054790e-15 9.717116787294824182e-14 0.000000000000000000e+00 5.660922717826514519e-05
7.380000000000000000e+02 8.483674908518825852e-16 1.337356870921854446e-15 9.692318257775274042e-14 0.000000000000000000e+00 1.350569479645896275e-04
7.390000000000000000e+02 8.501281819778533642e-16 1.338460345872653905e-15 9.667519728255725165e-14 0.000000000000000000e+00 4.873960646329458395e-05
7.400000000000000000e+02 8.518888731038240445e-16 1.339563820823453561e-15 9.642721198736175025e-14 0.000000000000000000e+00 9.483602719818144916e-05
7.410000000000000000e+02 8.536495642297948235e-16 1.340667295774253020e-15 9.617922669216626147e-14 0.000000000000000000e+00 8.123852051479556928e-05
7.420000000000000000e+02 8.554102553557655038e-16 1.341770770725052676e-15 9.593124139697076007e-14 0.000000000000000000e+00 1.004310408883159818e-04
7.430000000000000000e+02 8.571709464817361842e-16 1.342874245675852332e-15 9.568325610177527130e-14 0.000000000000000000e+00 1.329505188189647653e-04
7.440000000000000000e+02 8.589316376077069631e-16 1.343977720626651791e-15 9.543527080657976990e-14 0.000000000000000000e+00 6.217258224435627176e-05
7.450000000000000000e+02 8.632174282811918189e-16 1.347359658774327414e-15 9.549576297624274952e-14 0.000000000000000000e+00 6.748754126020419073e-05
7.460000000000000000e+02 8.700283185021909488e-16 1.353020060118879005e-15 9.586473261076418490e-14 0.000000000000000000e+00 4.702930337961080747e-05
7.470000000000000000e+02 8.768392087231900787e-16 1.358680461463430398e-15 9.623370224528562029e-14 0.000000000000000000e+00 1.136572594130201444e-04
7.480000000000000000e+02 8.836500989441892086e-16 1.364340862807981988e-15 9.660267187980706830e-14 0.000000000000000000e+00 5.937214721431282265e-05
7.490000000000000000e+02 8.904609891651884371e-16 1.370001264152533578e-15 9.697164151432850369e-14 0.000000000000000000e+00 4.678444312900553341e-05
7.500000000000000000e+02 8.972718793861874684e-16 1.375661665497084971e-15 9.734061114884995170e-14 0.000000000000000000e+00 1.380028659684575298e-04
7.510000000000000000e+02 9.040827696071864996e-16 1.381322066841636561e-15 9.770958078337138708e-14 0.000000000000000000e+00 6.599454736353099792e-05
7.520000000000000000e+02 9.108936598281857281e-16 1.386982468186188151e-15 9.807855041789283509e-14 0.000000000000000000e+00 1.305530218781892238e-04
7.530000000000000000e+02 9.177045500491847594e-16 1.392642869530739544e-15 9.844752005241427048e-14 0.000000000000000000e+00 8.263908326704335879e-05
7.540000000000000000e+02 9.245154402701839879e-16 1.398303270875291134e-15 9.881648968693570586e-14 0.000000000000000000e+00 5.488527915710333124e-05
7.550000000000000000e+02 9.313157357440566565e-16 1.406228832918590095e-15 9.915489649386934958e-14 0.000000000000000000e+00 5.596637500302839856e-05
7.560000000000000000e+02 9.381054364708029623e-16 1.416419555660636229e-15 9.946274047321517638e-14 0.000000000000000000e+00 8.976816631997070655e-05
7.570000000000000000e+02 9.448951371975492682e-16 1.426610278402682561e-15 9.977058445256100318e-14 0.000000000000000000e+00 1.200416108972533682e-04
7.580000000000000000e+02 9.516848379242955741e-16 1.436801001144728695e-15 1.000784284319068426e-13 0.000000000000000000e+00 7.593861931465906232e-05
7.590000000000000000e+02 9.584745386510418799e-16 1.446991723886775027e-15 1.003862724112526694e-13 0.000000000000000000e+00 4.254338614749897504e-05
7.600000000000000000e+02 9.652642393777879886e-16 1.457182446628821161e-15 1.006941163905985088e-13 0.000000000000000000e+00 1.130267621099982899e-04
7.610000000000000000e+02 9.720539401045342944e-16 1.467373169370867493e-15 1.010019603699443356e-13 0.000000000000000000e+00 8.036441351258722754e-05
7.620000000000000000e+02 9.788436408312806003e-16 1.477563892112913627e-15 1.013098043492901751e-13 0.000000000000000000e+00 1.074102786225025958e-04
7.630000000000000000e+02 9.856333415580269061e-16 1.487754614854959959e-15 1.016176483286360019e-13 0.000000000000000000e+00 6.922065601800317619e-05
7.640000000000000000e+02 9.924230422847732120e-16 1.497945337597006093e-15 1.019254923079818287e-13 0.000000000000000000e+00 8.297789525287149845e-05
7.650000000000000000e+02 9.966905369270826009e-16 1.502316487705300425e-15 1.020077200958082606e-13 0.000000000000000000e+00 9.895566375352832700e-05
7.660000000000000000e+02 9.984358254849550729e-16 1.500868065179842561e-15 1.018643316921152978e-13 0.000000000000000000e+00 7.821784128215505082e-05
7.670000000000000000e+02 1.000181114042827545e-15 1.499419642654384893e-15 1.017209432884223350e-13 0.000000000000000000e+00 8.231522748364051352e-05
7.680000000000000000e+02 1.001926402600700017e-15 1.497971220128927028e-15 1.015775548847293721e-13 0.000000000000000000e+00 5.776446868146089435e-05
7.690000000000000000e+02 1.003671691158572489e-15 1.496522797603469361e-15 1.014341664810364093e-13 0.000000000000000000e+00 9.625708776733037390e-05
7.700000000000000000e+02 1.005416979716444961e-15 1.495074375078011496e-15 1.012907780773434339e-13 0.000000000000000000e+00 7.362139551653067865e-05
7.710000000000000000e+02 1.007162268274317433e-15 1.493625952552553829e-15 1.011473896736504710e-13 0.000000000000000000e+00 1.093498606565125288e-04
7.720000000000000000e+02 1.008907556832189905e-15 1.492177530027095964e-15 1.010040012699575082e-13 0.000000000000000000e+00 1.138441938963593122e-04
7.730000000000000000e+02 1.010652845390062377e-15 1.490729107501638297e-15 1.008606128662645454e-13 0.000000000000000000e+00 5.297343356381343447e-05
7.740000000000000000e+02 1.012398133947934849e-15 1.489280684976180432e-15 1.007172244625715825e-13 0.000000000000000000e+00 1.009833803127363326e-04
7.750000000000000000e+02 1.013751654351130798e-15 1.490087641157631046e-15 1.004255163043376846e-13 0.000000000000000000e+00 9.564247757102905872e-05
7.760000000000000000e+02 1.014713406599650224e-15 1.493149976045990137e-15 9.998548839156286427e-14 0.000000000000000000e+00 5.402380832842164783e-05
7.770000000000000000e+02 1.015675158848169651e-15 1.496212310934349031e-15 9.954546047878804391e-14 0.000000000000000000e+00 4.381528212196865614e-05
7.780000000000000000e+02 1.016636911096689077e-15 1.499274645822708122e-15 9.910543256601322355e-14 0.000000000000000000e+00 1.266565992655051406e-04
7.790000000000000000e+02 1.017598663345208503e-15 1.502336980711067016e-15 9.866540465323840319e-14 0.000000000000000000e+00 9.832587870961886651e-05
7.800000000000000000e+02 1.018560415593727732e-15 1.505399315599426108e-15 9.822537674046357021e-14 0.000000000000000000e+00 8.927855178219561291e-05
7.810000000000000000e+02 1.019522167842247158e-15 1.508461650487785002e-15 9.778534882768874985e-14 0.000000000000000000e+00 7.404211380589808915e-05
7.820000000000000000e+02 1.020483920090766585e-15 1.511523985376144093e-15 9.734532091491392949e-14 0.000000000000000000e+00 9.623225461468675238e-05
7.830000000000000000e+02 1.021445672339286011e-15 1.514586320264502987e-15 9.690529300213910913e-14 0.000000000000000000e+00 7.878351398323631041e-05
7.840000000000000000e+02 1.022407424587805437e-15 1.517648655152862079e-15 9.646526508936428877e-14 0.000000000000000000e+00 9.439277825697697051e-05
7.850000000000000000e+02 1.024609204119651783e-15 1.522303187923016922e-15 9.617998014860496472e-14 0.000000000000000000e+00 9.007707562207901812e-05
7.860000000000000000e+02 1.028051010934825048e-15 1.528549918574967911e-15 9.604943817986113698e-14 0.000000000000000000e+00 8.444825228625089280e-05
7.870000000000000000e+02 1.031492817749998313e-15 1.534796649226918702e-15 9.591889621111732186e-14 0.000000000000000000e+00 5.916820511385184053e-05
7.880000000000000000e+02 1.034934624565171381e-15 1.541043379878869691e-15 9.578835424237349412e-14 0.000000000000000000e+00 9.816161551342399963e-05
7.890000000000000000e+02 1.038376431380344646e-15 1.547290110530820483e-15 9.565781227362966637e-14 0.000000000000000000e+00 6.858951679776529784e-05
7.900000000000000000e+02 1.041818238195517911e-15 1.553536841182771472e-15 9.552727030488585125e-14 0.000000000000000000e+00 4.250534655011689811e-05
7.910000000000000000e+02 1.045260045010691176e-15 1.559783571834722264e-15 9.539672833614202351e-14 0.000000000000000000e+00 1.142810976893511143e-04
7.920000000000000000e+02 1.048701851825864244e-15 1.566030302486673253e-15 9.526618636739819577e-14 0.000000000000000000e+00 1.343612792130146575e-04
7.930000000000000000e+02 1.052143658641037509e-15 1.572277033138624045e-15 9.513564439865438065e-14 0.000000000000000000e+00 8.418276742609202249e-05
7.940000000000000000e+02 1.055585465456210774e-15 1.578523763790575034e-15 9.500510242991055290e-14 0.000000000000000000e+00 9.573046989344821439e-05
7.950000000000000000e+02 1.058761043702038717e-15 1.585582141726491737e-15 9.484095432465450161e-14 0.000000000000000000e+00 4.077441096003858869e-05
7.960000000000000000e+02 1.061670393378521338e-15 1.593452166946374352e-15 9.464320008288623939e-14 0.000000000000000000e+00 1.264525578749569929e-04
7.970000000000000000e+02 1.064579743055003960e-15 1.601322192166256770e-15 9.444544584111797716e-14 0.000000000000000000e+00 3.993962621920603900e-05
7.980000000000000000e+02 1.067489092731486581e-15 1.609192217386139385e-15 9.424769159934971494e-14 0.000000000000000000e+00 7.970482458691329852e-05
7.990000000000000000e+02 1.070398442407969202e-15 1.617062242606022000e-15 9.404993735758145272e-14 0.000000000000000000e+00 7.536089923268581481e-05
8.000000000000000000e+02 1.073307792084451626e-15 1.624932267825904418e-15 9.385218311581317787e-14 0.000000000000000000e+00 8.295122110903089109e-05
8.010000000000000000e+02 1.076217141760934248e-15 1.632802293045787033e-15 9.365442887404491565e-14 0.000000000000000000e+00 1.320432736742098228e-04
8.020000000000000000e+02 1.079126491437416869e-15 1.640672318265669648e-15 9.345667463227665343e-14 0.000000000000000000e+00 9.365677727123818933e-05
8.030000000000000000e+02 1.082035841113899491e-15 1.648542343485552066e-15 9.325892039050839120e-14 0.000000000000000000e+00 6.662172563514883578e-05
8.040000000000000000e+02 1.084945190790382112e-15 1.656412368705434681e-15 9.306116614874012898e-14 0.000000000000000000e+00 7.950488352877652467e-05
8.050000000000000000e+02 1.093202331795393452e-15 1.673920364993245897e-15 9.347006318837290293e-14 0.000000000000000000e+00 8.136603417088083970e-05
8.060000000000000000e+02 1.106807264128933707e-15 1.701066332348985713e-15 9.448561150940673829e-14 0.000000000000000000e+00 9.165972161853760036e-05
8.070000000000000000e+02 1.120412196462473764e-15 1.728212299704725333e-15 9.550115983044056103e-14 0.000000000000000000e+00 7.379328321991704507e-05
8.080000000000000000e+02 1.134017128796013822e-15 1.755358267060465150e-15 9.651670815147439639e-14 0.000000000000000000e+00 9.496347510584434738e-05
8.090000000000000000e+02 1.147622061129554077e-15 1.782504234416204769e-15 9.753225647250821912e-14 0.000000000000000000e+00 2.707618233345911497e-05
8.100000000000000000e+02 1.161226993463094135e-15 1.809650201771944586e-15 9.854780479354205449e-14 0.000000000000000000e+00 1.744540259288863645e-04
8.110000000000000000e+02 1.174831925796634390e-15 1.836796169127684403e-15 9.956335311457587722e-14 0.000000000000000000e+00 5.166241097063241768e-05
8.120000000000000000e+02 1.188436858130174448e-15 1.863942136483424219e-15 1.005789014356097126e-13 0.000000000000000000e+00 6.127528201524256462e-05
8.130000000000000000e+02 1.202041790463714506e-15 1.891088103839164036e-15 1.015944497566435353e-13 0.000000000000000000e+00 1.235917016800547070e-04
8.140000000000000000e+02 1.215646722797254761e-15 1.918234071194903853e-15 1.026099980776773707e-13 0.000000000000000000e+00 9.645642361872162993e-05
8.150000000000000000e+02 1.222278798639241989e-15 1.934001333270693070e-15 1.028199400248787250e-13 0.000000000000000000e+00 8.223655314813598221e-05
8.160000000000000000e+02 1.221938017989676191e-15 1.938389890066531689e-15 1.022242755982476108e-13 0.000000000000000000e+00 9.368967203663440730e-05
8.170000000000000000e+02 1.221597237340110590e-15 1.942778446862370308e-15 1.016286111716164966e-13 0.000000000000000000e+00 5.186906115545511769e-05
8.180000000000000000e+02 1.221256456690544989e-15 1.947167003658209321e-15 1.010329467449853951e-13 0.000000000000000000e+00 7.218600786456457993e-05
8.190000000000000000e+02 1.220915676040979191e-15 1.951555560454047939e-15 1.004372823183542809e-13 0.000000000000000000e+00 7.826965189087953972e-05
8.200000000000000000e+02 1.220574895391413590e-15 1.955944117249886952e-15 9.984161789172316670e-14 0.000000000000000000e+00 1.146650481135070486e-04
8.210000000000000000e+02 1.220234114741847792e-15 1.960332674045725571e-15 9.924595346509205253e-14 0.000000000000000000e+00 8.146995395722564772e-05
8.220000000000000000e+02 1.219893334092282191e-15 1.964721230841564584e-15 9.865028903846095097e-14 0.000000000000000000e+00 1.021323891384010041e-04
8.230000000000000000e+02 1.219552553442716590e-15 1.969109787637403202e-15 9.805462461182983679e-14 0.000000000000000000e+00 9.340261225457670638e-05
8.240000000000000000e+02 1.219211772793150792e-15 1.973498344433241821e-15 9.745896018519872262e-14 0.000000000000000000e+00 6.641049423902467541e-05
8.250000000000000000e+02 1.221259492253606930e-15 1.983923827039197751e-15 9.710406592063603421e-14 0.000000000000000000e+00 7.857882614546393436e-05
8.260000000000000000e+02 1.225695711824084808e-15 2.000386235455270204e-15 9.698994181814177158e-14 0.000000000000000000e+00 6.253304419794379978e-05
8.270000000000000000e+02 1.230131931394562686e-15 2.016848643871343051e-15 9.687581771564750895e-14 0.000000000000000000e+00 8.265588481710017723e-05
8.280000000000000000e+02 1.234568150965040564e-15 2.033311052287415504e-15 9.676169361315324631e-14 0.000000000000000000e+00 8.689609475397082642e-05
8.290000000000000000e+02 1.239004370535518442e-15 2.049773460703488351e-15 9.664756951065898368e-14 0.000000000000000000e+00 9.452470583933342469e-05
8.300000000000000000e+02 1.243440590105996123e-15 2.066235869119560803e-15 9.653344540816473367e-14 0.000000000000000000e+00 1.182685108062843556e-04
8.310000000000000000e+02 1.247876809676474000e-15 2.082698277535633651e-15 9.641932130567047103e-14 0.000000000000000000e+00 3.612641791177324758e-05
8.320000000000000000e+02 1.252313029246951878e-15 2.099160685951706103e-15 9.630519720317620840e-14 0.000000000000000000e+00 1.675439976429381824e-04
8.330000000000000000e+02 1.256749248817429756e-15 2.115623094367778951e-15 9.619107310068194576e-14 0.000000000000000000e+00 2.374139461841867990e-05
8.340000000000000000e+02 1.261185468387907634e-15 2.132085502783851403e-15 9.607694899818768313e-14 0.000000000000000000e+00 8.383914193360632859e-05
8.350000000000000000e+02 1.265844512685727096e-15 2.147576931466046561e-15 9.600624094103008596e-14 0.000000000000000000e+00 1.234571564978884269e-04
8.360000000000000000e+02 1.270726381710888141e-15 2.162097380414364423e-15 9.597894892920916689e-14 0.000000000000000000e+00 8.240942171355073430e-05
8.370000000000000000e+02 1.275608250736049186e-15 2.176617829362682284e-15 9.595165691738824781e-14 0.000000000000000000e+00 7.666980725607663524e-05
8.380000000000000000e+02 1.280490119761210231e-15 2.191138278311000146e-15 9.592436490556732873e-14 0.000000000000000000e+00 6.783238712504673779e-05
8.390000000000000000e+02 1.285371988786371276e-15 2.205658727259318008e-15 9.589707289374640966e-14 0.000000000000000000e+00 6.516568315623416869e-05
8.400000000000000000e+02 1.290253857811532321e-15 2.220179176207635870e-15 9.586978088192549058e-14 0.000000000000000000e+00 6.243175333392880636e-05
8.410000000000000000e+02 1.295135726836693367e-15 2.234699625155953732e-15 9.584248887010457150e-14 0.000000000000000000e+00 1.294678789606721215e-04
8.420000000000000000e+02 1.300017595861854412e-15 2.249220074104271594e-15 9.581519685828365243e-14 0.000000000000000000e+00 1.309550130819604643e-04
8.430000000000000000e+02 1.304899464887015457e-15 2.263740523052589456e-15 9.578790484646273335e-14 0.000000000000000000e+00 6.458158332071829049e-05
8.440000000000000000e+02 1.309781333912176502e-15 2.278260972000907318e-15 9.576061283464181427e-14 0.000000000000000000e+00 7.908454110609975047e-05
8.450000000000000000e+02 1.315283703025340017e-15 2.293662407019914479e-15 9.588846379701640286e-14 0.000000000000000000e+00 8.857187388858010063e-05
8.460000000000000000e+02 1.321406572226506002e-15 2.309944828109610940e-15 9.617145773358649912e-14 0.000000000000000000e+00 9.420768794804572626e-05
8.470000000000000000e+02 1.327529441427671986e-15 2.326227249199307402e-15 9.645445167015659538e-14 0.000000000000000000e+00 4.858735254027332846e-05
8.480000000000000000e+02 1.333652310628837971e-15 2.342509670289004257e-15 9.673744560672669163e-14 0.000000000000000000e+00 3.947069993186997017e-05
8.490000000000000000e+02 1.339775179830003956e-15 2.358792091378700718e-15 9.702043954329678789e-14 0.000000000000000000e+00 1.143358904944599317e-04
8.500000000000000000e+02 1.345898049031169743e-15 2.375074512468397179e-15 9.730343347986689677e-14 0.000000000000000000e+00 1.227456555088256372e-04
8.510000000000000000e+02 1.352020918232335728e-15 2.391356933558093641e-15 9.758642741643699303e-14 0.000000000000000000e+00 1.227859683745420507e-04
8.520000000000000000e+02 1.358143787433501713e-15 2.407639354647790496e-15 9.786942135300708929e-14 0.000000000000000000e+00 7.417571571871007445e-05
8.530000000000000000e+02 1.364266656634667697e-15 2.423921775737486957e-15 9.815241528957718555e-14 0.000000000000000000e+00 3.617201701461138452e-05
8.540000000000000000e+02 1.370389525835833682e-15 2.440204196827183418e-15 9.843540922614728180e-14 0.000000000000000000e+00 1.289452354869423845e-04
8.550000000000000000e+02 1.373996118760742856e-15 2.451932428054833824e-15 9.839860206897730490e-14 0.000000000000000000e+00 4.775829723422501147e-05
8.560000000000000000e+02 1.375086435409395417e-15 2.459106469420437779e-15 9.804199381806722959e-14 0.000000000000000000e+00 1.105429513114095433e-04
8.570000000000000000e+02 1.376176752058047780e-15 2.466280510786042128e-15 9.768538556715716690e-14 0.000000000000000000e+00 7.513207413917057684e-05
8.580000000000000000e+02 1.377267068706700341e-15 2.473454552151646083e-15 9.732877731624709159e-14 0.000000000000000000e+00 6.750764975744742030e-05
8.590000000000000000e+02 1.378357385355352902e-15 2.480628593517250038e-15 9.697216906533702890e-14 0.000000000000000000e+00 7.756016458763081956e-05
8.600000000000000000e+02 1.379447702004005265e-15 2.487802634882854387e-15 9.661556081442695359e-14 0.000000000000000000e+00 1.149876180776157830e-04
8.610000000000000000e+02 1.380538018652657826e-15 2.494976676248458342e-15 9.625895256351689091e-14 0.000000000000000000e+00 9.189831264558169890e-05
8.620000000000000000e+02 1.381628335301310386e-15 2.502150717614062297e-15 9.590234431260681560e-14 0.000000000000000000e+00 3.762622487731840835e-05
8.630000000000000000e+02 1.382718651949962750e-15 2.509324758979666646e-15 9.554573606169675291e-14 0.000000000000000000e+00 1.377706623733252194e-04
8.640000000000000000e+02 1.383808968598615310e-15 2.516498800345270601e-15 9.518912781078667760e-14 0.000000000000000000e+00 9.060226349788431672e-05
8.650000000000000000e+02 1.390801093496245771e-15 2.532444175904349181e-15 9.534276433908540568e-14 0.000000000000000000e+00 7.688378462321014261e-05
8.660000000000000000e+02 1.403695026642854328e-15 2.557160885656902384e-15 9.600664564659293714e-14 0.000000000000000000e+00 7.725776288350206622e-05
8.670000000000000000e+02 1.416588959789462688e-15 2.581877595409455982e-15 9.667052695410045599e-14 0.000000000000000000e+00 5.988708575398890240e-05
8.680000000000000000e+02 1.429482892936071245e-15 2.606594305162009186e-15 9.733440826160798745e-14 0.000000000000000000e+00 1.183088356074011503e-04
8.690000000000000000e+02 1.442376826082679802e-15 2.631311014914562390e-15 9.799828956911550629e-14 0.000000000000000000e+00 2.334712732519115370e-05
8.700000000000000000e+02 1.455270759229288359e-15 2.656027724667115988e-15 9.866217087662303776e-14 0.000000000000000000e+00 1.337064549097477127e-04
8.710000000000000000e+02 1.468164692375896916e-15 2.680744434419669191e-15 9.932605218413055660e-14 0.000000000000000000e+00 1.181179643833982874e-04
8.720000000000000000e+02 1.481058625522505473e-15 2.705461144172222395e-15 9.998993349163808807e-14 0.000000000000000000e+00 7.942589582814956839e-05
8.730000000000000000e+02 1.493952558669113833e-15 2.730177853924775599e-15 1.006538147991456069e-13 0.000000000000000000e+00 9.636900905400210752e-05
8.740000000000000000e+02 1.506846491815722390e-15 2.754894563677329197e-15 1.013176961066531384e-13 0.000000000000000000e+00 4.999703568666055199e-05
8.750000000000000000e+02 1.510753104970785501e-15 2.763391269964583983e-15 1.012388180884262881e-13 0.000000000000000000e+00 6.159546662064634679e-05
8.760000000000000000e+02 1.505672398134302969e-15 2.755667972786540745e-15 1.004171807444650939e-13 0.000000000000000000e+00 5.898536186163992140e-05
8.770000000000000000e+02 1.500591691297820635e-15 2.747944675608497508e-15 9.959554340050387444e-14 0.000000000000000000e+00 1.516536977727796264e-04
8.780000000000000000e+02 1.495510984461338300e-15 2.740221378430454271e-15 9.877390605654268024e-14 0.000000000000000000e+00 7.725880431751166631e-05
8.790000000000000000e+02 1.490430277624855768e-15 2.732498081252411034e-15 9.795226871258146080e-14 0.000000000000000000e+00 6.327635278081424064e-05
8.800000000000000000e+02 1.485349570788373434e-15 2.724774784074367402e-15 9.713063136862026661e-14 0.000000000000000000e+00 9.019424628427953454e-05
8.810000000000000000e+02 1.480268863951890902e-15 2.717051486896324165e-15 9.630899402465904717e-14 0.000000000000000000e+00 1.150912146711597272e-04
8.820000000000000000e+02 1.475188157115408567e-15 2.709328189718280928e-15 9.548735668069785297e-14 0.000000000000000000e+00 9.048492920237684984e-05
8.830000000000000000e+02 1.470107450278926233e-15 2.701604892540237690e-15 9.466571933673663353e-14 0.000000000000000000e+00 6.740120108870455346e-05
8.840000000000000000e+02 1.465026743442443701e-15 2.693881595362194453e-15 9.384408199277543933e-14 0.000000000000000000e+00 6.744097121400359333e-05
8.850000000000000000e+02 1.473237570853721736e-15 2.708540173943694341e-15 9.408093651417453687e-14 0.000000000000000000e+00 1.140277400569530676e-04
8.860000000000000000e+02 1.494739932512759943e-15 2.745580628284737747e-15 9.537628290093395139e-14 0.000000000000000000e+00 1.114561975368209644e-04
8.870000000000000000e+02 1.516242294171798151e-15 2.782621082625780760e-15 9.667162928769336591e-14 0.000000000000000000e+00 3.837191847799719259e-05
8.880000000000000000e+02 1.537744655830836555e-15 2.819661536966824167e-15 9.796697567445278042e-14 0.000000000000000000e+00 8.553857943524199522e-05
8.890000000000000000e+02 1.559247017489874762e-15 2.856701991307867574e-15 9.926232206121219494e-14 0.000000000000000000e+00 3.768854908068418178e-05
8.900000000000000000e+02 1.580749379148913167e-15 2.893742445648910586e-15 1.005576684479716095e-13 0.000000000000000000e+00 1.112977529542170035e-04
8.910000000000000000e+02 1.602251740807951374e-15 2.930782899989953993e-15 1.018530148347310366e-13 0.000000000000000000e+00 1.275686834983595771e-04
8.920000000000000000e+02 1.623754102466989779e-15 2.967823354330997400e-15 1.031483612214904511e-13 0.000000000000000000e+00 8.798114746545614335e-05
8.930000000000000000e+02 1.645256464126027986e-15 3.004863808672040806e-15 1.044437076082498656e-13 0.000000000000000000e+00 8.248496938760113391e-05
8.940000000000000000e+02 1.666758825785066193e-15 3.041904263013083819e-15 1.057390539950092802e-13 0.000000000000000000e+00 7.568436656029533052e-05
8.950000000000000000e+02 1.673373505597826180e-15 3.051973629048867949e-15 1.058754717514751340e-13 0.000000000000000000e+00 8.378022923810075201e-05
8.960000000000000000e+02 1.665100503564307948e-15 3.035071906779392804e-15 1.048529608776474271e-13 0.000000000000000000e+00 9.929563654760266379e-05
8.970000000000000000e+02 1.656827501530789715e-15 3.018170184509917658e-15 1.038304500038197201e-13 0.000000000000000000e+00 4.598719445352962516e-05
8.980000000000000000e+02 1.648554499497271285e-15 3.001268462240442512e-15 1.028079391299920132e-13 0.000000000000000000e+00 8.767738922080256839e-05
8.990000000000000000e+02 1.640281497463753053e-15 2.984366739970967367e-15 1.017854282561643063e-13 0.000000000000000000e+00 1.176868032937252503e-04
9.000000000000000000e+02 1.632008495430234820e-15 2.967465017701492221e-15 1.007629173823365868e-13 0.000000000000000000e+00 1.095280770260956922e-04
9.010000000000000000e+02 1.623735493396716587e-15 2.950563295432017076e-15 9.974040650850887991e-14 0.000000000000000000e+00 9.260211354874033497e-05
9.020000000000000000e+02 1.615462491363198158e-15 2.933661573162541930e-15 9.871789563468117300e-14 0.000000000000000000e+00 7.038982611713084589e-05
9.030000000000000000e+02 1.607189489329679925e-15 2.916759850893066784e-15 9.769538476085346609e-14 0.000000000000000000e+00 4.690001477216779776e-05
9.040000000000000000e+02 1.598916487296161692e-15 2.899858128623591639e-15 9.667287388702575919e-14 0.000000000000000000e+00 1.210204026609831325e-04
9.050000000000000000e+02 1.600199944812948516e-15 2.898941444357944791e-15 9.634018416603776579e-14 0.000000000000000000e+00 6.749867324879168704e-05
9.060000000000000000e+02 1.611039861880040594e-15 2.914009798096126242e-15 9.669731559788947328e-14 0.000000000000000000e+00 8.920255136519870042e-05
9.070000000000000000e+02 1.621879778947132474e-15 2.929078151834307692e-15 9.705444702974118077e-14 0.000000000000000000e+00 6.248559545285020363e-05
9.080000000000000000e+02 1.632719696014224551e-15 2.944146505572489143e-15 9.741157846159290087e-14 0.000000000000000000e+00 1.203880383973997482e-04
9.090000000000000000e+02 1.643559613081316629e-15 2.959214859310670593e-15 9.776870989344460836e-14 0.000000000000000000e+00 4.961597130201598869e-05
9.100000000000000000e+02 1.654399530148408706e-15 2.974283213048852044e-15 9.812584132529632847e-14 0.000000000000000000e+00 1.081863646436665501e-04
9.110000000000000000e+02 1.665239447215500784e-15 2.989351566787033494e-15 9.848297275714803596e-14 0.000000000000000000e+00 6.440028010052805145e-05
9.120000000000000000e+02 1.676079364282592861e-15 3.004419920525214945e-15 9.884010418899975607e-14 0.000000000000000000e+00 1.213093685364225301e-04
9.130000000000000000e+02 1.686919281349684741e-15 3.019488274263396395e-15 9.919723562085146355e-14 0.000000000000000000e+00 7.657419568015614957e-05
9.140000000000000000e+02 1.697759198416776819e-15 3.034556628001577846e-15 9.955436705270317104e-14 0.000000000000000000e+00 1.305845502598837959e-04
9.150000000000000000e+02 1.703174027981136214e-15 3.039460541009795396e-15 9.956181577372376456e-14 0.000000000000000000e+00 6.036010592679431159e-05
9.160000000000000000e+02 1.703163770042763126e-15 3.034200013288049047e-15 9.921958178391323148e-14 0.000000000000000000e+00 3.733072230886719478e-05
9.170000000000000000e+02 1.703153512104390037e-15 3.028939485566302697e-15 9.887734779410269840e-14 0.000000000000000000e+00 8.271012644588994489e-05
9.180000000000000000e+02 1.703143254166016751e-15 3.023678957844556348e-15 9.853511380429216533e-14 0.000000000000000000e+00 1.083527799894749946e-04
9.190000000000000000e+02 1.703132996227643663e-15 3.018418430122809998e-15 9.819287981448163225e-14 0.000000000000000000e+00 6.723743727719441417e-05
9.200000000000000000e+02 1.703122738289270377e-15 3.013157902401063649e-15 9.785064582467109917e-14 0.000000000000000000e+00 1.087636365514748087e-04
9.210000000000000000e+02 1.703112480350897288e-15 3.007897374679317300e-15 9.750841183486056609e-14 0.000000000000000000e+00 1.062417079211138750e-04
9.220000000000000000e+02 1.703102222412524002e-15 3.002636846957570950e-15 9.716617784505003302e-14 0.000000000000000000e+00 9.311861478227295328e-05
9.230000000000000000e+02 1.703091964474150914e-15 2.997376319235824601e-15 9.682394385523949994e-14 0.000000000000000000e+00 6.884168278137568233e-05
9.240000000000000000e+02 1.703081706535777825e-15 2.992115791514078251e-15 9.648170986542896686e-14 0.000000000000000000e+00 9.183007462640381817e-05
9.250000000000000000e+02 1.711271929527741463e-15 3.000564502178687061e-15 9.663440788392621352e-14 0.000000000000000000e+00 3.530690729095693363e-05
9.260000000000000000e+02 1.727662633450042024e-15 3.022722451229651423e-15 9.728203791073122729e-14 0.000000000000000000e+00 9.901068130909200429e-05
9.270000000000000000e+02 1.744053337372342584e-15 3.044880400280615785e-15 9.792966793753625368e-14 0.000000000000000000e+00 1.096207336022948889e-04
9.280000000000000000e+02 1.760444041294643145e-15 3.067038349331580148e-15 9.857729796434128007e-14 0.000000000000000000e+00 8.708535597949150042e-05
9.290000000000000000e+02 1.776834745216943904e-15 3.089196298382544510e-15 9.922492799114629384e-14 0.000000000000000000e+00 3.349664469036704874e-05
9.300000000000000000e+02 1.793225449139244070e-15 3.111354247433508872e-15 9.987255801795132023e-14 0.000000000000000000e+00 1.410382967253272115e-04
9.310000000000000000e+02 1.809616153061545025e-15 3.133512196484473235e-15 1.005201880447563340e-13 0.000000000000000000e+00 7.717688730568820121e-05
9.320000000000000000e+02 1.826006856983845192e-15 3.155670145535437597e-15 1.011678180715613604e-13 0.000000000000000000e+00 9.453518764260927061e-05
9.330000000000000000e+02 1.842397560906146147e-15 3.177828094586401960e-15 1.018154480983663868e-13 0.000000000000000000e+00 7.530553933162739786e-05
9.340000000000000000e+02 1.858788264828446314e-15 3.199986043637366322e-15 1.024630781251714005e-13 0.000000000000000000e+00 9.411990507946070312e-05
9.350000000000000000e+02 1.872348941932777393e-15 3.216070189818346416e-15 1.029890891584587345e-13 0.000000000000000000e+00 9.903455312646195147e-05
9.360000000000000000e+02 1.883079592219138201e-15 3.226080533129342636e-15 1.033934811982283885e-13 0.000000000000000000e+00 1.037791036348592632e-04
9.370000000000000000e+02 1.893810242505499009e-15 3.236090876440338462e-15 1.037978732379980426e-13 0.000000000000000000e+00 4.798346672646202807e-05
9.380000000000000000e+02 1.904540892791859817e-15 3.246101219751334683e-15 1.042022652777676841e-13 0.000000000000000000e+00 4.745873494517254248e-05
9.390000000000000000e+02 1.915271543078220625e-15 3.256111563062330903e-15 1.046066573175373381e-13 0.000000000000000000e+00 9.069386951676207973e-05
9.400000000000000000e+02 1.926002193364581433e-15 3.266121906373326729e-15 1.050110493573069796e-13 0.000000000000000000e+00 1.428164558405936070e-04
9.410000000000000000e+02 1.936732843650942241e-15 3.276132249684322949e-15 1.054154413970766337e-13 0.000000000000000000e+00 6.754486139196803798e-05
9.420000000000000000e+02 1.947463493937303049e-15 3.286142592995319170e-15 1.058198334368462751e-13 0.000000000000000000e+00 8.198494350088445556e-05
9.430000000000000000e+02 1.958194144223663857e-15 3.296152936306314996e-15 1.062242254766159292e-13 0.000000000000000000e+00 8.086970377434461580e-05
9.440000000000000000e+02 1.968924794510024665e-15 3.306163279617311216e-15 1.066286175163855833e-13 0.000000000000000000e+00 1.148857794028029669e-04
9.450000000000000000e+02 1.969296586388348744e-15 3.299584475492069589e-15 1.062657348992895132e-13 0.000000000000000000e+00 5.708762282451152592e-05
9.460000000000000000e+02 1.959309519858636095e-15 3.276416523930590115e-15 1.051355776253277189e-13 0.000000000000000000e+00 9.197705377339164068e-05
9.470000000000000000e+02 1.949322453328923446e-15 3.253248572369110246e-15 1.040054203513659372e-13 0.000000000000000000e+00 3.362921242206012515e-05
9.480000000000000000e+02 1.939335386799210796e-15 3.230080620807630772e-15 1.028752630774041430e-13 0.000000000000000000e+00 1.191114900120061556e-04
9.490000000000000000e+02 1.929348320269498147e-15 3.206912669246151298e-15 1.017451058034423613e-13 0.000000000000000000e+00 1.154913108643899168e-04
9.500000000000000000e+02 1.919361253739785498e-15 3.183744717684671430e-15 1.006149485294805671e-13 0.000000000000000000e+00 8.186061496992130565e-05
9.510000000000000000e+02 1.909374187210072848e-15 3.160576766123191955e-15 9.948479125551878541e-14 0.000000000000000000e+00 7.666757269057378600e-05
9.520000000000000000e+02 1.899387120680360199e-15 3.137408814561712481e-15 9.835463398155699114e-14 0.000000000000000000e+00 6.611461209227918962e-05
9.530000000000000000e+02 1.889400054150647549e-15 3.114240863000232613e-15 9.722447670759520949e-14 0.000000000000000000e+00 1.103778636020217262e-04
9.540000000000000000e+02 1.879412987620934900e-15 3.091072911438753139e-15 9.609431943363341522e-14 0.000000000000000000e+00 7.140430725462481502e-05
9.550000000000000000e+02 1.882010482155727591e-15 3.087536735439159528e-15 9.585226083511705818e-14 0.000000000000000000e+00 1.064755183764664665e-04
9.560000000000000000e+02 1.897192537755026411e-15 3.103632335001451780e-15 9.649830091204613837e-14 0.000000000000000000e+00 6.819857110915267229e-05
9.570000000000000000e+02 1.912374593354325231e-15 3.119727934563744032e-15 9.714434098897520594e-14 0.000000000000000000e+00 7.338832327238836012e-05
9.580000000000000000e+02 1.927556648953624050e-15 3.135823534126036284e-15 9.779038106590428613e-14 0.000000000000000000e+00 8.087324210176557917e-05
9.590000000000000000e+02 1.942738704552922870e-15 3.151919133688328537e-15 9.843642114283335370e-14 0.000000000000000000e+00 7.746566384333265819e-05
9.600000000000000000e+02 1.957920760152221690e-15 3.168014733250621183e-15 9.908246121976243389e-14 0.000000000000000000e+00 1.149241881530393587e-04
9.610000000000000000e+02 1.973102815751520510e-15 3.184110332812913436e-15 9.972850129669150146e-14 0.000000000000000000e+00 3.832589792460077229e-05
9.620000000000000000e+02 1.988284871350819330e-15 3.200205932375205688e-15 1.003745413736205816e-13 0.000000000000000000e+00 1.235851726042834357e-04
9.630000000000000000e+02 2.003466926950118150e-15 3.216301531937497940e-15 1.010205814505496492e-13 0.000000000000000000e+00 1.248962836508794958e-04
9.640000000000000000e+02 2.018648982549416969e-15 3.232397131499790192e-15 1.016666215274787294e-13 0.000000000000000000e+00 6.010232548120934853e-05
9.650000000000000000e+02 2.030231088442082601e-15 3.242322369115228365e-15 1.020391655916414936e-13 0.000000000000000000e+00 7.621014261505552466e-05
9.660000000000000000e+02 2.038213244628115437e-15 3.246077244783812853e-15 1.021382136430379670e-13 0.000000000000000000e+00 9.146448217037773877e-05
9.670000000000000000e+02 2.046195400814148274e-15 3.249832120452396946e-15 1.022372616944344403e-13 0.000000000000000000e+00 5.600416543279350287e-05
9.680000000000000000e+02 2.054177557000181111e-15 3.253586996120981039e-15 1.023363097458309011e-13 0.000000000000000000e+00 9.179230123858269426e-05
9.690000000000000000e+02 2.062159713186213948e-15 3.257341871789565527e-15 1.024353577972273745e-13 0.000000000000000000e+00 8.399888346063065188e-05
9.700000000000000000e+02 2.070141869372246785e-15 3.261096747458149620e-15 1.025344058486238352e-13 0.000000000000000000e+00 8.940811034749297900e-05
9.710000000000000000e+02 2.078124025558279622e-15 3.264851623126734108e-15 1.026334539000203086e-13 0.000000000000000000e+00 1.335028793456964342e-04
9.720000000000000000e+02 2.086106181744312459e-15 3.268606498795318201e-15 1.027325019514167694e-13 0.000000000000000000e+00 6.881034273542481212e-05
9.730000000000000000e+02 2.094088337930345295e-15 3.272361374463902295e-15 1.028315500028132428e-13 0.000000000000000000e+00 8.432544169926439335e-05
9.740000000000000000e+02 2.102070494116378132e-15 3.276116250132486782e-15 1.029305980542097162e-13 0.000000000000000000e+00 5.544275010629600131e-05
9.750000000000000000e+02 2.105016302891380629e-15 3.273060268305475826e-15 1.026596438573449205e-13 0.000000000000000000e+00 9.712587516040478697e-05
9.760000000000000000e+02 2.102925764255352391e-15 3.263193428982870214e-15 1.020186874122188812e-13 0.000000000000000000e+00 9.317636921489303771e-05
9.770000000000000000e+02 2.100835225619324547e-15 3.253326589660264603e-15 1.013777309670928292e-13 0.000000000000000000e+00 1.004688541584671966e-04
9.780000000000000000e+02 2.098744686983296309e-15 3.243459750337658596e-15 1.007367745219667772e-13 0.000000000000000000e+00 4.936451226719614096e-05
9.790000000000000000e+02 2.096654148347268465e-15 3.233592911015052985e-15 1.000958180768407378e-13 0.000000000000000000e+00 9.151166093140017041e-05
9.800000000000000000e+02 2.094563609711240227e-15 3.223726071692447373e-15 9.945486163171468578e-14 0.000000000000000000e+00 9.642766889713186036e-05
9.810000000000000000e+02 2.092473071075212384e-15 3.213859232369841762e-15 9.881390518658864640e-14 0.000000000000000000e+00 8.430279953888994969e-05
9.820000000000000000e+02 2.090382532439184146e-15 3.203992393047235755e-15 9.817294874146259440e-14 0.000000000000000000e+00 8.680874620762944619e-05
9.830000000000000000e+02 2.088291993803156302e-15 3.194125553724630144e-15 9.753199229633654240e-14 0.000000000000000000e+00 6.736892197173655517e-05
9.840000000000000000e+02 2.086201455167128064e-15 3.184258714402024532e-15 9.689103585121050302e-14 0.000000000000000000e+00 1.148632599522517286e-04
9.850000000000000000e+02 2.098638071573798481e-15 3.194467950549439247e-15 9.717805652384769614e-14 0.000000000000000000e+00 9.955145719486456404e-05
9.860000000000000000e+02 2.125601843023166765e-15 3.224753262166874684e-15 9.839305431424812176e-14 0.000000000000000000e+00 5.870679193121706546e-05
9.870000000000000000e+02 2.152565614472535443e-15 3.255038573784310120e-15 9.960805210464854739e-14 0.000000000000000000e+00 7.452477014434156285e-05
9.880000000000000000e+02 2.179529385921903727e-15 3.285323885401745557e-15 1.008230498950489856e-13 0.000000000000000000e+00 7.805480504633414268e-05
9.890000000000000000e+02 2.206493157371272405e-15 3.315609197019180993e-15 1.020380476854494113e-13 0.000000000000000000e+00 4.515243349518209678e-05
9.900000000000000000e+02 2.233456928820640689e-15 3.345894508636616429e-15 1.032530454758498369e-13 0.000000000000000000e+00 1.846603980806729012e-04
9.910000000000000000e+02 2.260420700270009367e-15 3.376179820254051866e-15 1.044680432662502625e-13 0.000000000000000000e+00 5.236219983692059576e-05
9.920000000000000000e+02 2.287384471719377651e-15 3.406465131871487302e-15 1.056830410566507007e-13 0.000000000000000000e+00 8.735388834033387185e-05
9.930000000000000000e+02 2.314348243168746329e-15 3.436750443488922739e-15 1.068980388470511264e-13 0.000000000000000000e+00 9.721700906942931783e-05
9.940000000000000000e+02 2.341312014618114613e-15 3.467035755106358175e-15 1.081130366374515520e-13 0.000000000000000000e+00 6.829248611667995282e-05
9.950000000000000000e+02 2.350332938039193466e-15 3.471713274461069128e-15 1.082396101150814353e-13 0.000000000000000000e+00 7.304550435628341112e-05
9.960000000000000000e+02 2.341411013431982492e-15 3.450783001553055204e-15 1.072777592799407386e-13 0.000000000000000000e+00 8.931748352036049496e-05
9.970000000000000000e+02 2.332489088824771914e-15 3.429852728645041279e-15 1.063159084448000670e-13 0.000000000000000000e+00 8.794825360481768009e-05
9.980000000000000000e+02 2.323567164217560941e-15 3.408922455737027749e-15 1.053540576096593702e-13 0.000000000000000000e+00 9.240981718960880359e-05
9.990000000000000000e+02 2.314645239610349967e-15 3.387992182829013824e-15 1.043922067745186987e-13 0.000000000000000000e+00 6.876561850279124292e-05
1.000000000000000000e+03 2.305723315003138994e-15 3.367061909920999900e-15 1.034303559393780019e-13 0.000000000000000000e+00 1.068779279877451869e-04
1.001000000000000000e+03 2.296801390395928021e-15 3.346131637012985975e-15 1.024685051042373304e-13 0.000000000000000000e+00 6.270246768409765007e-05
1.002000000000000000e+03 2.287879465788717048e-15 3.325201364104972445e-15 1.015066542690966336e-13 0.000000000000000000e+00 1.166200889593313071e-04
1.003000000000000000e+03 2.278957541181506469e-15 3.304271091196958520e-15 1.005448034339559621e-13 0.000000000000000000e+00 7.357252923253608382e-05
1.004000000000000000e+03 2.270035616574295496e-15 3.283340818288944596e-15 9.958295259881526529e-14 0.000000000000000000e+00 1.082924204951368649e-04
1.005000000000000000e+03 2.273564117356601119e-15 3.279207695738008873e-15 9.938199619082828856e-14 0.000000000000000000e+00 4.460469252817314203e-05
1.006000000000000000e+03 2.289543043528422944e-15 3.291871723544150957e-15 9.994193420999500665e-14 0.000000000000000000e+00 9.764189828161788111e-05
1.007000000000000000e+03 2.305521969700245163e-15 3.304535751350293041e-15 1.005018722291617247e-13 0.000000000000000000e+00 9.859880899122621582e-05
1.008000000000000000e+03 2.321500895872066988e-15 3.317199779156434730e-15 1.010618102483284428e-13 0.000000000000000000e+00 6.643806427140757590e-05
1.009000000000000000e+03 2.337479822043889207e-15 3.329863806962576814e-15 1.016217482674951609e-13 0.000000000000000000e+00 4.243687996243889198e-05
1.010000000000000000e+03 2.353458748215711031e-15 3.342527834768718898e-15 1.021816862866618916e-13 0.000000000000000000e+00 1.183754910644912393e-04
1.011000000000000000e+03 2.369437674387533251e-15 3.355191862574860982e-15 1.027416243058286097e-13 0.000000000000000000e+00 1.063968391976650697e-04
1.012000000000000000e+03 2.385416600559355075e-15 3.367855890381002672e-15 1.033015623249953278e-13 0.000000000000000000e+00 1.299980644351968813e-04
1.013000000000000000e+03 2.401395526731177295e-15 3.380519918187144756e-15 1.038615003441620459e-13 0.000000000000000000e+00 4.321169030228490097e-05
1.014000000000000000e+03 2.417374452902999119e-15 3.393183945993286840e-15 1.044214383633287640e-13 0.000000000000000000e+00 8.442722333190137642e-05
1.015000000000000000e+03 2.432576782990036416e-15 3.403972913534041083e-15 1.048962593669046199e-13 0.000000000000000000e+00 8.839581427257663549e-05
1.016000000000000000e+03 2.447002516992289184e-15 3.412886820809407090e-15 1.052859633548896136e-13 0.000000000000000000e+00 8.281086010722898483e-05
1.017000000000000000e+03 2.461428250994541559e-15 3.421800728084773097e-15 1.056756673428745947e-13 0.000000000000000000e+00 4.285862649465355421e-05
1.018000000000000000e+03 2.475853984996793933e-15 3.430714635360139105e-15 1.060653713308595884e-13 0.000000000000000000e+00 1.052255582211799971e-04
1.019000000000000000e+03 2.490279718999046701e-15 3.439628542635505112e-15 1.064550753188445822e-13 0.000000000000000000e+00 5.669991734876209132e-05
1.020000000000000000e+03 2.504705453001299075e-15 3.448542449910871514e-15 1.068447793068295633e-13 0.000000000000000000e+00 1.274235832080340474e-04
1.021000000000000000e+03 2.519131187003551844e-15 3.457456357186237521e-15 1.072344832948145570e-13 0.000000000000000000e+00 9.399364889777235403e-05
1.022000000000000000e+03 2.533556921005804218e-15 3.466370264461603528e-15 1.076241872827995507e-13 0.000000000000000000e+00 9.346613567508332626e-05
1.023000000000000000e+03 2.547982655008056592e-15 3.475284171736969535e-15 1.080138912707845318e-13 0.000000000000000000e+00 5.278013450786905544e-05
1.024000000000000000e+03 2.562408389010309360e-15 3.484198079012335542e-15 1.084035952587695256e-13 0.000000000000000000e+00 9.528734583145406117e-05
1.025000000000000000e+03 2.572303955150109271e-15 3.489152182317135641e-15 1.083798062720648463e-13 0.000000000000000000e+00 7.297039331209109465e-05
1.026000000000000000e+03 2.577669353427456719e-15 3.490146481651369437e-15 1.079425243106704941e-13 0.000000000000000000e+00 1.338989529074141333e-04
1.027000000000000000e+03 2.583034751704804561e-15 3.491140780985602838e-15 1.075052423492761419e-13 0.000000000000000000e+00 4.354343844341521336e-05
1.028000000000000000e+03 2.588400149982152009e-15 3.492135080319836634e-15 1.070679603878817897e-13 0.000000000000000000e+00 7.159789120179028846e-05
1.029000000000000000e+03 2.593765548259499456e-15 3.493129379654070429e-15 1.066306784264874375e-13 0.000000000000000000e+00 8.943126535299317757e-05
1.030000000000000000e+03 2.599130946536847298e-15 3.494123678988304225e-15 1.061933964650930980e-13 0.000000000000000000e+00 8.147637557481606993e-05
1.031000000000000000e+03 2.604496344814194746e-15 3.495117978322538021e-15 1.057561145036987458e-13 0.000000000000000000e+00 8.890893466013520010e-05
1.032000000000000000e+03 2.609861743091542193e-15 3.496112277656771817e-15 1.053188325423043936e-13 0.000000000000000000e+00 1.223071534391748517e-04
1.033000000000000000e+03 2.615227141368890035e-15 3.497106576991005218e-15 1.048815505809100414e-13 0.000000000000000000e+00 6.489437094130794928e-05
1.034000000000000000e+03 2.620592539646237483e-15 3.498100876325239014e-15 1.044442686195156892e-13 0.000000000000000000e+00 1.038632898628169001e-04
1.035000000000000000e+03 2.626662237205882638e-15 3.496701291860053123e-15 1.043746608407285427e-13 0.000000000000000000e+00 6.564487176383318305e-05
1.036000000000000000e+03 2.633436234047825895e-15 3.492907823595447151e-15 1.046727272445486147e-13 0.000000000000000000e+00 8.244510270073302351e-05
1.037000000000000000e+03 2.640210230889769152e-15 3.489114355330841179e-15 1.049707936483686740e-13 0.000000000000000000e+00 5.255469638773944437e-05
1.038000000000000000e+03 2.646984227731712014e-15 3.485320887066235207e-15 1.052688600521887459e-13 0.000000000000000000e+00 1.136145509437222847e-04
1.039000000000000000e+03 2.653758224573655271e-15 3.481527418801629235e-15 1.055669264560088179e-13 0.000000000000000000e+00 6.440546969616354556e-05
1.040000000000000000e+03 2.660532221415598134e-15 3.477733950537023658e-15 1.058649928598288772e-13 0.000000000000000000e+00 1.199102525722640835e-04
1.041000000000000000e+03 2.667306218257541391e-15 3.473940482272417686e-15 1.061630592636489491e-13 0.000000000000000000e+00 9.001254292824755799e-05
1.042000000000000000e+03 2.674080215099484253e-15 3.470147014007811714e-15 1.064611256674690210e-13 0.000000000000000000e+00 9.286841346498224208e-05
1.043000000000000000e+03 2.680854211941427510e-15 3.466353545743205742e-15 1.067591920712890804e-13 0.000000000000000000e+00 7.212949867158071336e-05
1.044000000000000000e+03 2.687628208783370767e-15 3.462560077478599770e-15 1.070572584751091523e-13 0.000000000000000000e+00 9.226110083711322582e-05
1.045000000000000000e+03 2.695150466068508485e-15 3.462241908037724355e-15 1.071092720614558514e-13 0.000000000000000000e+00 4.004002931576390351e-05
1.046000000000000000e+03 2.703420983796840665e-15 3.465399037420578708e-15 1.069152328303291904e-13 0.000000000000000000e+00 7.429428600075587818e-05
1.047000000000000000e+03 2.711691501525172845e-15 3.468556166803433456e-15 1.067211935992025420e-13 0.000000000000000000e+00 1.226840984003282160e-04
1.048000000000000000e+03 2.719962019253505419e-15 3.471713296186288203e-15 1.065271543680758809e-13 0.000000000000000000e+00 9.457656721029192943e-05
1.049000000000000000e+03 2.728232536981837599e-15 3.474870425569142556e-15 1.063331151369492199e-13 0.000000000000000000e+00 5.175657929338945247e-05
1.050000000000000000e+03 2.736503054710170173e-15 3.478027554951997303e-15 1.061390759058225589e-13 0.000000000000000000e+00 9.310684223666428104e-05
1.051000000000000000e+03 2.744773572438502353e-15 3.481184684334851656e-15 1.059450366746958978e-13 0.000000000000000000e+00 1.093689985550401012e-04
1.052000000000000000e+03 2.753044090166834927e-15 3.484341813717706404e-15 1.057509974435692368e-13 0.000000000000000000e+00 7.039406406090962999e-05
1.053000000000000000e+03 2.761314607895167107e-15 3.487498943100561151e-15 1.055569582124425884e-13 0.000000000000000000e+00 7.895640457343293601e-05
1.054000000000000000e+03 2.769585125623499286e-15 3.490656072483415504e-15 1.053629189813159273e-13 0.000000000000000000e+00 9.902652817134256920e-05
1.055000000000000000e+03 2.783833618182451710e-15 3.498985014262941811e-15 1.056415905182319442e-13 0.000000000000000000e+00 7.923418863838137141e-05
1.056000000000000000e+03 2.804060085572023588e-15 3.512485768439139283e-15 1.063929728231906517e-13 0.000000000000000000e+00 8.624510019402191442e-05
1.057000000000000000e+03 2.824286552961595467e-15 3.525986522615336755e-15 1.071443551281493591e-13 0.000000000000000000e+00 8.082759764099030266e-05
1.058000000000000000e+03 2.844513020351167345e-15 3.539487276791534227e-15 1.078957374331080665e-13 0.000000000000000000e+00 7.186495701501783955e-05
1.059000000000000000e+03 2.864739487740739224e-15 3.552988030967731698e-15 1.086471197380667740e-13 0.000000000000000000e+00 5.991687739524612490e-05
1.060000000000000000e+03 2.884965955130311496e-15 3.566488785143929565e-15 1.093985020430254688e-13 0.000000000000000000e+00 1.238359439106323642e-04
1.061000000000000000e+03 2.905192422519883375e-15 3.579989539320126642e-15 1.101498843479841763e-13 0.000000000000000000e+00 8.494337332411381323e-05
1.062000000000000000e+03 2.925418889909455253e-15 3.593490293496324509e-15 1.109012666529428837e-13 0.000000000000000000e+00 1.029503304257706973e-04
1.063000000000000000e+03 2.945645357299027132e-15 3.606991047672521586e-15 1.116526489579015911e-13 0.000000000000000000e+00 8.028355397466555531e-05
1.064000000000000000e+03 2.965871824688599010e-15 3.620491801848719452e-15 1.124040312628602986e-13 0.000000000000000000e+00 6.116761939287820664e-05
1.065000000000000000e+03 2.981281499982127889e-15 3.630535871659749122e-15 1.127260999852464060e-13 0.000000000000000000e+00 1.011422980983103066e-04
1.066000000000000000e+03 2.991874383179613768e-15 3.637123257105610596e-15 1.126188551250599259e-13 0.000000000000000000e+00 6.925726726474991379e-05
1.067000000000000000e+03 3.002467266377099646e-15 3.643710642551472070e-15 1.125116102648734458e-13 0.000000000000000000e+00 5.775626754575940563e-05
1.068000000000000000e+03 3.013060149574585525e-15 3.650298027997334333e-15 1.124043654046869658e-13 0.000000000000000000e+00 8.952358230682861372e-05
1.069000000000000000e+03 3.023653032772071404e-15 3.656885413443195807e-15 1.122971205445004857e-13 0.000000000000000000e+00 1.008547208475972100e-04
1.070000000000000000e+03 3.034245915969556888e-15 3.663472798889057281e-15 1.121898756843140056e-13 0.000000000000000000e+00 1.007810453299833340e-04
1.071000000000000000e+03 3.044838799167042767e-15 3.670060184334918755e-15 1.120826308241275256e-13 0.000000000000000000e+00 6.836123150044735690e-05
1.072000000000000000e+03 3.055431682364528645e-15 3.676647569780781018e-15 1.119753859639410455e-13 0.000000000000000000e+00 9.690242931190201560e-05
1.073000000000000000e+03 3.066024565562014524e-15 3.683234955226642492e-15 1.118681411037545654e-13 0.000000000000000000e+00 6.939616415775001301e-05
1.074000000000000000e+03 3.076617448759500403e-15 3.689822340672503966e-15 1.117608962435680854e-13 0.000000000000000000e+00 1.021480073052040205e-04
1.075000000000000000e+03 3.081129962675698298e-15 3.690177242941454101e-15 1.114724671066499503e-13 0.000000000000000000e+00 8.501224526632214984e-05
1.076000000000000000e+03 3.079562107310608999e-15 3.684299662033492899e-15 1.110028536930001478e-13 0.000000000000000000e+00 8.536035427412060148e-05
1.077000000000000000e+03 3.077994251945519305e-15 3.678422081125531696e-15 1.105332402793503578e-13 0.000000000000000000e+00 6.684501983402872129e-05
1.078000000000000000e+03 3.076426396580430006e-15 3.672544500217569705e-15 1.100636268657005679e-13 0.000000000000000000e+00 8.254704479462957479e-05
1.079000000000000000e+03 3.074858541215340312e-15 3.666666919309608502e-15 1.095940134520507653e-13 0.000000000000000000e+00 9.936052537152930493e-05
1.080000000000000000e+03 3.073290685850251012e-15 3.660789338401647300e-15 1.091244000384009754e-13 0.000000000000000000e+00 6.821711045095074102e-05
1.081000000000000000e+03 3.071722830485161319e-15 3.654911757493686097e-15 1.086547866247511728e-13 0.000000000000000000e+00 4.606530403344213318e-05
1.082000000000000000e+03 3.070154975120072019e-15 3.649034176585724106e-15 1.081851732111013829e-13 0.000000000000000000e+00 1.624158240024669631e-04
1.083000000000000000e+03 3.068587119754982326e-15 3.643156595677762903e-15 1.077155597974515929e-13 0.000000000000000000e+00 7.675627899650459135e-05
1.084000000000000000e+03 3.067019264389893026e-15 3.637279014769801700e-15 1.072459463838017904e-13 0.000000000000000000e+00 5.108746736327250015e-05
1.085000000000000000e+03 3.074394328633890776e-15 3.641428331082096274e-15 1.072228387986432379e-13 0.000000000000000000e+00 9.645352359580518784e-05
1.086000000000000000e+03 3.090712312486975574e-15 3.655604544614647414e-15 1.076462370419759354e-13 0.000000000000000000e+00 5.194675809733117415e-05
1.087000000000000000e+03 3.107030296340060372e-15 3.669780758147198553e-15 1.080696352853086330e-13 0.000000000000000000e+00 9.764099872666284709e-05
1.088000000000000000e+03 3.123348280193145171e-15 3.683956971679749692e-15 1.084930335286413180e-13 0.000000000000000000e+00 6.895308837136742254e-05
1.089000000000000000e+03 3.139666264046229969e-15 3.698133185212300832e-15 1.089164317719740155e-13 0.000000000000000000e+00 9.506978206711077259e-05
1.090000000000000000e+03 3.155984247899315161e-15 3.712309398744852760e-15 1.093398300153067131e-13 0.000000000000000000e+00 1.117788349056028776e-04
1.091000000000000000e+03 3.172302231752399960e-15 3.726485612277403899e-15 1.097632282586394107e-13 0.000000000000000000e+00 8.584943368244782043e-05
1.092000000000000000e+03 3.188620215605484758e-15 3.740661825809955038e-15 1.101866265019720956e-13 0.000000000000000000e+00 9.436308828268135415e-05
1.093000000000000000e+03 3.204938199458569556e-15 3.754838039342506178e-15 1.106100247453047932e-13 0.000000000000000000e+00 7.073338391957702601e-05
1.094000000000000000e+03 3.221256183311654354e-15 3.769014252875057317e-15 1.110334229886374907e-13 0.000000000000000000e+00 7.513358294636248759e-05
1.095000000000000000e+03 3.233869630698113005e-15 3.783078788309477542e-15 1.111804156600223818e-13 0.000000000000000000e+00 3.661000121774478740e-05
1.096000000000000000e+03 3.242778541617945114e-15 3.797031645645768432e-15 1.110510027594594789e-13 0.000000000000000000e+00 1.245242262110199838e-04
1.097000000000000000e+03 3.251687452537777617e-15 3.810984502982057743e-15 1.109215898588965634e-13 0.000000000000000000e+00 7.695374309018466086e-05
1.098000000000000000e+03 3.260596363457609726e-15 3.824937360318348633e-15 1.107921769583336605e-13 0.000000000000000000e+00 8.862933420223081189e-05
1.099000000000000000e+03 3.269505274377441835e-15 3.838890217654637945e-15 1.106627640577707576e-13 0.000000000000000000e+00 6.817620056081774246e-05
1.100000000000000000e+03 3.278414185297273943e-15 3.852843074990928834e-15 1.105333511572078548e-13 0.000000000000000000e+00 8.729571156854404725e-05
1.101000000000000000e+03 3.287323096217106052e-15 3.866795932327218146e-15 1.104039382566449519e-13 0.000000000000000000e+00 1.156988439941809019e-04
1.102000000000000000e+03 3.296232007136938161e-15 3.880748789663509035e-15 1.102745253560820490e-13 0.000000000000000000e+00 6.194231303249181158e-05
1.103000000000000000e+03 3.305140918056770664e-15 3.894701646999798347e-15 1.101451124555191335e-13 0.000000000000000000e+00 7.603230887755307139e-05
1.104000000000000000e+03 3.314049828976602773e-15 3.908654504336089236e-15 1.100156995549562306e-13 0.000000000000000000e+00 9.637574607891237987e-05
1.105000000000000000e+03 3.331532864515882569e-15 3.931730465633292414e-15 1.103709662556299381e-13 0.000000000000000000e+00 1.071569215401470910e-04
1.106000000000000000e+03 3.357590024674609658e-15 3.963929530891408670e-15 1.112109125575402560e-13 0.000000000000000000e+00 6.781205034472808182e-05
1.107000000000000000e+03 3.383647184833337142e-15 3.996128596149524926e-15 1.120508588594505612e-13 0.000000000000000000e+00 6.608224531017823950e-05
1.108000000000000000e+03 3.409704344992064626e-15 4.028327661407641182e-15 1.128908051613608790e-13 0.000000000000000000e+00 4.938989102762319616e-05
1.109000000000000000e+03 3.435761505150791715e-15 4.060526726665757438e-15 1.137307514632711842e-13 0.000000000000000000e+00 8.641331184025645830e-05
1.110000000000000000e+03 3.461818665309519199e-15 4.092725791923874482e-15 1.145706977651815021e-13 0.000000000000000000e+00 1.372956243048159932e-04
1.111000000000000000e+03 3.487875825468246288e-15 4.124924857181990738e-15 1.154106440670918199e-13 0.000000000000000000e+00 8.427128278230975515e-05
1.112000000000000000e+03 3.513932985626973772e-15 4.157123922440106994e-15 1.162505903690021378e-13 0.000000000000000000e+00 7.471320774939630034e-05
1.113000000000000000e+03 3.539990145785701255e-15 4.189322987698223250e-15 1.170905366709124556e-13 0.000000000000000000e+00 7.493990728039851023e-05
1.114000000000000000e+03 3.566047305944428345e-15 4.221522052956339506e-15 1.179304829728227734e-13 0.000000000000000000e+00 1.036924718877245432e-04
1.115000000000000000e+03 3.583038178479197139e-15 4.250159730879777589e-15 1.181904617708323521e-13 0.000000000000000000e+00 6.871614046953647198e-05
1.116000000000000000e+03 3.590962763390008034e-15 4.275236021468535921e-15 1.178704730649412168e-13 0.000000000000000000e+00 7.229465236530787438e-05
1.117000000000000000e+03 3.598887348300818139e-15 4.300312312057294253e-15 1.175504843590500816e-13 0.000000000000000000e+00 4.535736565198806441e-05
1.118000000000000000e+03 3.606811933211629033e-15 4.325388602646053375e-15 1.172304956531589463e-13 0.000000000000000000e+00 1.371501077899793888e-04
1.119000000000000000e+03 3.614736518122439139e-15 4.350464893234811707e-15 1.169105069472678110e-13 0.000000000000000000e+00 5.861762925829642785e-05
1.120000000000000000e+03 3.622661103033250033e-15 4.375541183823570828e-15 1.165905182413766757e-13 0.000000000000000000e+00 1.029221734231978552e-04
1.121000000000000000e+03 3.630585687944060139e-15 4.400617474412329160e-15 1.162705295354855404e-13 0.000000000000000000e+00 6.197692616535731519e-05
1.122000000000000000e+03 3.638510272854871033e-15 4.425693765001088282e-15 1.159505408295944052e-13 0.000000000000000000e+00 6.544994143797385941e-05
1.123000000000000000e+03 3.646434857765681139e-15 4.450770055589846614e-15 1.156305521237032699e-13 0.000000000000000000e+00 1.022245286944285304e-04
1.124000000000000000e+03 3.654359442676492033e-15 4.475846346178604946e-15 1.153105634178121346e-13 0.000000000000000000e+00 1.233439146083142022e-04
1.125000000000000000e+03 3.657525673290532979e-15 4.494210924111711011e-15 1.150394591137433525e-13 0.000000000000000000e+00 5.773600719499996436e-05
1.126000000000000000e+03 3.655933549607803975e-15 4.505863789389164021e-15 1.148172392114969237e-13 0.000000000000000000e+00 9.338620769660460153e-05
1.127000000000000000e+03 3.654341425925075761e-15 4.517516654666617030e-15 1.145950193092505201e-13 0.000000000000000000e+00 5.936027813635049984e-05
1.128000000000000000e+03 3.652749302242346758e-15 4.529169519944070039e-15 1.143727994070040912e-13 0.000000000000000000e+00 7.350844783251385829e-05
1.129000000000000000e+03 3.651157178559618543e-15 4.540822385221523048e-15 1.141505795047576624e-13 0.000000000000000000e+00 8.525931010161058674e-05
1.130000000000000000e+03 3.649565054876889540e-15 4.552475250498976846e-15 1.139283596025112335e-13 0.000000000000000000e+00 7.255609938268840005e-05
1.131000000000000000e+03 3.647972931194161326e-15 4.564128115776429855e-15 1.137061397002648047e-13 0.000000000000000000e+00 7.783677937448585198e-05
1.132000000000000000e+03 3.646380807511432323e-15 4.575780981053882864e-15 1.134839197980183884e-13 0.000000000000000000e+00 1.338904691593694016e-04
1.133000000000000000e+03 3.644788683828704108e-15 4.587433846331335874e-15 1.132616998957719596e-13 0.000000000000000000e+00 7.100964931136157898e-05
1.134000000000000000e+03 3.643196560145975105e-15 4.599086711608788883e-15 1.130394799935255433e-13 0.000000000000000000e+00 7.392639394939182218e-05
1.135000000000000000e+03 3.659977045504348461e-15 4.636351828275961213e-15 1.134065481544639094e-13 0.000000000000000000e+00 7.387542128474131108e-05
1.136000000000000000e+03 3.695130139903824177e-15 4.699229196332852075e-15 1.143629043785870576e-13 0.000000000000000000e+00 9.199898458485565784e-05
1.137000000000000000e+03 3.730283234303299892e-15 4.762106564389743727e-15 1.153192606027102186e-13 0.000000000000000000e+00 6.751218496296562514e-05
1.138000000000000000e+03 3.765436328702775607e-15 4.824983932446634589e-15 1.162756168268333795e-13 0.000000000000000000e+00 6.317349836550602163e-05
1.139000000000000000e+03 3.800589423102251323e-15 4.887861300503525452e-15 1.172319730509565404e-13 0.000000000000000000e+00 6.738031254975636211e-05
1.140000000000000000e+03 3.835742517501727038e-15 4.950738668560417103e-15 1.181883292750796760e-13 0.000000000000000000e+00 1.309177726770771133e-04
1.141000000000000000e+03 3.870895611901202754e-15 5.013616036617307965e-15 1.191446854992028369e-13 0.000000000000000000e+00 9.019703404059250585e-05
1.142000000000000000e+03 3.906048706300678469e-15 5.076493404674198828e-15 1.201010417233259978e-13 0.000000000000000000e+00 8.944332951880945961e-05
1.143000000000000000e+03 3.941201800700154184e-15 5.139370772731090479e-15 1.210573979474491587e-13 0.000000000000000000e+00 6.325110380633740834e-05
1.144000000000000000e+03 3.976354895099629900e-15 5.202248140787981342e-15 1.220137541715723196e-13 0.000000000000000000e+00 5.280674233822642765e-05
1.145000000000000000e+03 3.992597368496797061e-15 5.243045787354200596e-15 1.222736425866828286e-13 0.000000000000000000e+00 9.927107555390093680e-05
1.146000000000000000e+03 3.989929220891657245e-15 5.261763712429747453e-15 1.218370631927807615e-13 0.000000000000000000e+00 1.203331291246213835e-04
1.147000000000000000e+03 3.987261073286516641e-15 5.280481637505294311e-15 1.214004837988786439e-13 0.000000000000000000e+00 3.652337146322357300e-05
1.148000000000000000e+03 3.984592925681376036e-15 5.299199562580841168e-15 1.209639044049765767e-13 0.000000000000000000e+00 8.120814982916559359e-05
1.149000000000000000e+03 3.981924778076236221e-15 5.317917487656388026e-15 1.205273250110744591e-13 0.000000000000000000e+00 7.420068637192655397e-05
1.150000000000000000e+03 3.979256630471095616e-15 5.336635412731935672e-15 1.200907456171723920e-13 0.000000000000000000e+00 9.964854946454166111e-05
1.151000000000000000e+03 3.976588482865955801e-15 5.355353337807482529e-15 1.196541662232702744e-13 0.000000000000000000e+00 8.839919492914886381e-05
1.152000000000000000e+03 3.973920335260815196e-15 5.374071262883029387e-15 1.192175868293682072e-13 0.000000000000000000e+00 6.904682977623507090e-05
1.153000000000000000e+03 3.971252187655674592e-15 5.392789187958576244e-15 1.187810074354660896e-13 0.000000000000000000e+00 7.462974181358880698e-05
1.154000000000000000e+03 3.968584040050534776e-15 5.411507113034123102e-15 1.183444280415640225e-13 0.000000000000000000e+00 1.380296982764124298e-04
1.155000000000000000e+03 3.982336565733217583e-15 5.448336601859268949e-15 1.187124000523361910e-13 0.000000000000000000e+00 6.132105382842288415e-05
1.156000000000000000e+03 4.012509764703723800e-15 5.503277654434012996e-15 1.198849234677826458e-13 0.000000000000000000e+00 5.503795360016266926e-05
1.157000000000000000e+03 4.042682963674229229e-15 5.558218707008757832e-15 1.210574468832291006e-13 0.000000000000000000e+00 7.898614560592433676e-05
1.158000000000000000e+03 4.072856162644735447e-15 5.613159759583501879e-15 1.222299702986755554e-13 0.000000000000000000e+00 6.277389604153077202e-05
1.159000000000000000e+03 4.103029361615241664e-15 5.668100812158246716e-15 1.234024937141220102e-13 0.000000000000000000e+00 6.327865989969414667e-05
1.160000000000000000e+03 4.133202560585747881e-15 5.723041864732990763e-15 1.245750171295684902e-13 0.000000000000000000e+00 1.285826515410843729e-04
1.161000000000000000e+03 4.163375759556254099e-15 5.777982917307735599e-15 1.257475405450149450e-13 0.000000000000000000e+00 8.423259482885793849e-05
1.162000000000000000e+03 4.193548958526760316e-15 5.832923969882479647e-15 1.269200639604613998e-13 0.000000000000000000e+00 8.841777748808562186e-05
1.163000000000000000e+03 4.223722157497265745e-15 5.887865022457224483e-15 1.280925873759078546e-13 0.000000000000000000e+00 7.069630059871095040e-05
1.164000000000000000e+03 4.253895356467771962e-15 5.942806075031968530e-15 1.292651107913543094e-13 0.000000000000000000e+00 7.840450144350640438e-05
1.165000000000000000e+03 4.266536845562425363e-15 5.976322377195741098e-15 1.296051913301242320e-13 0.000000000000000000e+00 8.026843544159251707e-05
1.166000000000000000e+03 4.261646624781226737e-15 5.988413928948540610e-15 1.291128289922175971e-13 0.000000000000000000e+00 4.365606397681399622e-05
1.167000000000000000e+03 4.256756404000028110e-15 6.000505480701340121e-15 1.286204666543109875e-13 0.000000000000000000e+00 1.073140457012937654e-04
1.168000000000000000e+03 4.251866183218829483e-15 6.012597032454140422e-15 1.281281043164043526e-13 0.000000000000000000e+00 1.126863181239826670e-04
1.169000000000000000e+03 4.246975962437630857e-15 6.024688584206939933e-15 1.276357419784977430e-13 0.000000000000000000e+00 4.233878496937920421e-05
1.170000000000000000e+03 4.242085741656431441e-15 6.036780135959739444e-15 1.271433796405911081e-13 0.000000000000000000e+00 1.069187389463438205e-04
1.171000000000000000e+03 4.237195520875232814e-15 6.048871687712538956e-15 1.266510173026844985e-13 0.000000000000000000e+00 4.998181249923586849e-05
1.172000000000000000e+03 4.232305300094034188e-15 6.060963239465339256e-15 1.261586549647778636e-13 0.000000000000000000e+00 1.032060864036695119e-04
1.173000000000000000e+03 4.227415079312835561e-15 6.073054791218138768e-15 1.256662926268712540e-13 0.000000000000000000e+00 8.677315123906863617e-05
1.174000000000000000e+03 4.222524858531636934e-15 6.085146342970938279e-15 1.251739302889646191e-13 0.000000000000000000e+00 9.401771741328644261e-05
1.175000000000000000e+03 4.234258836167039751e-15 6.117006981207391183e-15 1.253422125082802516e-13 0.000000000000000000e+00 6.151869185850160370e-05
1.176000000000000000e+03 4.262617012219045588e-15 6.168636705927496691e-15 1.261711392848181008e-13 0.000000000000000000e+00 9.048578288472888581e-05
1.177000000000000000e+03 4.290975188271051425e-15 6.220266430647602987e-15 1.270000660613559753e-13 0.000000000000000000e+00 8.460633216982320522e-05
1.178000000000000000e+03 4.319333364323057262e-15 6.271896155367708495e-15 1.278289928378938498e-13 0.000000000000000000e+00 4.581577650222585526e-05
1.179000000000000000e+03 4.347691540375063098e-15 6.323525880087814003e-15 1.286579196144316991e-13 0.000000000000000000e+00 6.102890745516691704e-05
1.180000000000000000e+03 4.376049716427068935e-15 6.375155604807919510e-15 1.294868463909695736e-13 0.000000000000000000e+00 7.698591000953762314e-05
1.181000000000000000e+03 4.404407892479074772e-15 6.426785329528025018e-15 1.303157731675074229e-13 0.000000000000000000e+00 1.305347586660693599e-04
1.182000000000000000e+03 4.432766068531080609e-15 6.478415054248130525e-15 1.311446999440452974e-13 0.000000000000000000e+00 8.989768960605385741e-05
1.183000000000000000e+03 4.461124244583086446e-15 6.530044778968236822e-15 1.319736267205831719e-13 0.000000000000000000e+00 8.464221926487506252e-05
1.184000000000000000e+03 4.489482420635092283e-15 6.581674503688342330e-15 1.328025534971210211e-13 0.000000000000000000e+00 6.021096693318507185e-05
1.185000000000000000e+03 4.512261759248493393e-15 6.623523755272834752e-15 1.334827098749219328e-13 0.000000000000000000e+00 7.617321609805617437e-05
1.186000000000000000e+03 4.529462260423290565e-15 6.655592533721714879e-15 1.340140958539858815e-13 0.000000000000000000e+00 6.846823933279492461e-05
1.187000000000000000e+03 4.546662761598087737e-15 6.687661312170595006e-15 1.345454818330498051e-13 0.000000000000000000e+00 8.499564655016762056e-05
1.188000000000000000e+03 4.563863262772884909e-15 6.719730090619474343e-15 1.350768678121137538e-13 0.000000000000000000e+00 7.853950651054738663e-05
1.189000000000000000e+03 4.581063763947682081e-15 6.751798869068354470e-15 1.356082537911777026e-13 0.000000000000000000e+00 5.879157620106825651e-05
1.190000000000000000e+03 4.598264265122480042e-15 6.783867647517234597e-15 1.361396397702416261e-13 0.000000000000000000e+00 1.254960831652495140e-04
1.191000000000000000e+03 4.615464766297277214e-15 6.815936425966114723e-15 1.366710257493055749e-13 0.000000000000000000e+00 7.228088596324740590e-05
1.192000000000000000e+03 4.632665267472074386e-15 6.848005204414994061e-15 1.372024117283695237e-13 0.000000000000000000e+00 7.482941979983525921e-05
1.193000000000000000e+03 4.649865768646871558e-15 6.880073982863874188e-15 1.377337977074334472e-13 0.000000000000000000e+00 6.704381788349443919e-05
1.194000000000000000e+03 4.667066269821668730e-15 6.912142761312754315e-15 1.382651836864973960e-13 0.000000000000000000e+00 8.264448192762094186e-05
1.195000000000000000e+03 4.679402697819462021e-15 6.933686690364784142e-15 1.386428129297605269e-13 0.000000000000000000e+00 8.771189770688429344e-05
1.196000000000000000e+03 4.686875052640251432e-15 6.944705770019964459e-15 1.388666854372228905e-13 0.000000000000000000e+00 1.045183551251649835e-04
1.197000000000000000e+03 4.694347407461040054e-15 6.955724849675144776e-15 1.390905579446852036e-13 0.000000000000000000e+00 3.404090884259202451e-05
1.198000000000000000e+03 4.701819762281829464e-15 6.966743929330325093e-15 1.393144304521475673e-13 0.000000000000000000e+00 5.231495340163642115e-05
1.199000000000000000e+03 4.709292117102618875e-15 6.977763008985505410e-15 1.395383029596098804e-13 0.000000000000000000e+00 1.079967200544424094e-04
1.200000000000000000e+03 4.716764471923407497e-15 6.988782088640686516e-15 1.397621754670722440e-13 0.000000000000000000e+00 7.775473086251800871e-05
1.201000000000000000e+03 4.724236826744196908e-15 6.999801168295866833e-15 1.399860479745345571e-13 0.000000000000000000e+00 8.180186084879091755e-05
1.202000000000000000e+03 4.731709181564986318e-15 7.010820247951047150e-15 1.402099204819969207e-13 0.000000000000000000e+00 9.743195985334870892e-05
1.203000000000000000e+03 4.739181536385774940e-15 7.021839327606227467e-15 1.404337929894592339e-13 0.000000000000000000e+00 9.306312106560601287e-05
1.204000000000000000e+03 4.746653891206564351e-15 7.032858407261407785e-15 1.406576654969215975e-13 0.000000000000000000e+00 9.563335120215665504e-05
1.205000000000000000e+03 4.752478082348153956e-15 7.038940610338193977e-15 1.408562479647828627e-13 0.000000000000000000e+00 5.524193866051575123e-05
1.206000000000000000e+03 4.756654109810544545e-15 7.040085936836585255e-15 1.410295403930430549e-13 0.000000000000000000e+00 5.843764902911553619e-05
1.207000000000000000e+03 4.760830137272934346e-15 7.041231263334977322e-15 1.412028328213032471e-13 0.000000000000000000e+00 6.848591166247597188e-05
1.208000000000000000e+03 4.765006164735324935e-15 7.042376589833369389e-15 1.413761252495634645e-13 0.000000000000000000e+00 8.759196076436701224e-05
1.209000000000000000e+03 4.769182192197714735e-15 7.043521916331760667e-15 1.415494176778236567e-13 0.000000000000000000e+00 7.897426637369685601e-05
1.210000000000000000e+03 4.773358219660105324e-15 7.044667242830152734e-15 1.417227101060838489e-13 0.000000000000000000e+00 9.602928543676038050e-05
1.211000000000000000e+03 4.777534247122495125e-15 7.045812569328544012e-15 1.418960025343440411e-13 0.000000000000000000e+00 7.094910482332319980e-05
1.212000000000000000e+03 4.781710274584885714e-15 7.046957895826936079e-15 1.420692949626042585e-13 0.000000000000000000e+00 1.007782777057752760e-04
1.213000000000000000e+03 4.785886302047275514e-15 7.048103222325328146e-15 1.422425873908644507e-13 0.000000000000000000e+00 7.955422094033977190e-05
1.214000000000000000e+03 4.790062329509666103e-15 7.049248548823719425e-15 1.424158798191246429e-13 0.000000000000000000e+00 5.017052001807282169e-05
1.215000000000000000e+03 4.794966345484672749e-15 7.050857842669210218e-15 1.424285527341520389e-13 0.000000000000000000e+00 7.265735800741167220e-05
1.216000000000000000e+03 4.800598349972296240e-15 7.052931103861799738e-15 1.422806061359466389e-13 0.000000000000000000e+00 7.132838162967162241e-05
1.217000000000000000e+03 4.806230354459919731e-15 7.055004365054389259e-15 1.421326595377412389e-13 0.000000000000000000e+00 7.737427729114391213e-05
1.218000000000000000e+03 4.811862358947543222e-15 7.057077626246978779e-15 1.419847129395358389e-13 0.000000000000000000e+00 1.243705514726374702e-04
1.219000000000000000e+03 4.817494363435166713e-15 7.059150887439568299e-15 1.418367663413304389e-13 0.000000000000000000e+00 3.370127304548655171e-05
1.220000000000000000e+03 4.823126367922790204e-15 7.061224148632157819e-15 1.416888197431250389e-13 0.000000000000000000e+00 8.274781224432460071e-05
1.221000000000000000e+03 4.828758372410413695e-15 7.063297409824747339e-15 1.415408731449196389e-13 0.000000000000000000e+00 1.032722885095522098e-04
1.222000000000000000e+03 4.834390376898037186e-15 7.065370671017336860e-15 1.413929265467142389e-13 0.000000000000000000e+00 6.982735111599296378e-05
1.223000000000000000e+03 4.840022381385660677e-15 7.067443932209926380e-15 1.412449799485088389e-13 0.000000000000000000e+00 8.513246916914069603e-05
1.224000000000000000e+03 4.845654385873284168e-15 7.069517193402515900e-15 1.410970333503034389e-13 0.000000000000000000e+00 9.189270297543509938e-05
1.225000000000000000e+03 4.871475366866875693e-15 7.096960045635212934e-15 1.418555838335969998e-13 0.000000000000000000e+00 5.483687865815207074e-05
1.226000000000000000e+03 4.917485324366436041e-15 7.149772488908019058e-15 1.435206313983895217e-13 0.000000000000000000e+00 9.151186408814965018e-05
1.227000000000000000e+03 4.963495281865995600e-15 7.202584932180823605e-15 1.451856789631820435e-13 0.000000000000000000e+00 5.497349330016420286e-05
1.228000000000000000e+03 5.009505239365555948e-15 7.255397375453628152e-15 1.468507265279745654e-13 0.000000000000000000e+00 7.122362033455059227e-05
1.229000000000000000e+03 5.055515196865116297e-15 7.308209818726434277e-15 1.485157740927670872e-13 0.000000000000000000e+00 4.223027238749512151e-05
1.230000000000000000e+03 5.101525154364675856e-15 7.361022261999238824e-15 1.501808216575596091e-13 0.000000000000000000e+00 1.248160453049285698e-04
1.231000000000000000e+03 5.147535111864236204e-15 7.413834705272043371e-15 1.518458692223521309e-13 0.000000000000000000e+00 9.050242908662078966e-05
1.232000000000000000e+03 5.193545069363796552e-15 7.466647148544849496e-15 1.535109167871446527e-13 0.000000000000000000e+00 9.851825905564719438e-05
1.233000000000000000e+03 5.239555026863356111e-15 7.519459591817654043e-15 1.551759643519371746e-13 0.000000000000000000e+00 5.418877206673127699e-05
1.234000000000000000e+03 5.285564984362916459e-15 7.572272035090458590e-15 1.568410119167297217e-13 0.000000000000000000e+00 7.245267657732600106e-05
1.235000000000000000e+03 5.310698197213697157e-15 7.594053965044025230e-15 1.575630836245308476e-13 0.000000000000000000e+00 7.740197470549402378e-05
1.236000000000000000e+03 5.314954665415698993e-15 7.584805381678352385e-15 1.573421794753406030e-13 0.000000000000000000e+00 5.468688522652997519e-05
1.237000000000000000e+03 5.319211133617700829e-15 7.575556798312679540e-15 1.571212753261503583e-13 0.000000000000000000e+00 8.161500163856981070e-05
1.238000000000000000e+03 5.323467601819702665e-15 7.566308214947006695e-15 1.569003711769601136e-13 0.000000000000000000e+00 8.488603537828439500e-05
1.239000000000000000e+03 5.327724070021704501e-15 7.557059631581333850e-15 1.566794670277698689e-13 0.000000000000000000e+00 6.321992161506042338e-05
1.240000000000000000e+03 5.331980538223705549e-15 7.547811048215662582e-15 1.564585628785795990e-13 0.000000000000000000e+00 1.279058798668466883e-04
1.241000000000000000e+03 5.336237006425707385e-15 7.538562464849989737e-15 1.562376587293893543e-13 0.000000000000000000e+00 5.227429997976861323e-05
1.242000000000000000e+03 5.340493474627709221e-15 7.529313881484316892e-15 1.560167545801991097e-13 0.000000000000000000e+00 6.231978343183211392e-05
1.243000000000000000e+03 5.344749942829711057e-15 7.520065298118644047e-15 1.557958504310088650e-13 0.000000000000000000e+00 1.001699846193659352e-04
1.244000000000000000e+03 5.349006411031712893e-15 7.510816714752971202e-15 1.555749462818186203e-13 0.000000000000000000e+00 5.404118281883256853e-05
1.245000000000000000e+03 5.367429607304627752e-15 7.518485001643955099e-15 1.559598110359378662e-13 0.000000000000000000e+00 9.627022472640085705e-05
1.246000000000000000e+03 5.400019531648455635e-15 7.543070158791594160e-15 1.569504446933666280e-13 0.000000000000000000e+00 7.190988832865257275e-05
1.247000000000000000e+03 5.432609455992283517e-15 7.567655315939233221e-15 1.579410783507953897e-13 0.000000000000000000e+00 6.253120577447062530e-05
1.248000000000000000e+03 5.465199380336111399e-15 7.592240473086872282e-15 1.589317120082241514e-13 0.000000000000000000e+00 7.970729771908473791e-05
1.249000000000000000e+03 5.497789304679939281e-15 7.616825630234511343e-15 1.599223456656529132e-13 0.000000000000000000e+00 6.071222390410194197e-05
1.250000000000000000e+03 5.530379229023766374e-15 7.641410787382150404e-15 1.609129793230816749e-13 0.000000000000000000e+00 9.261775296018630484e-05
1.251000000000000000e+03 5.562969153367594256e-15 7.665995944529789465e-15 1.619036129805104366e-13 0.000000000000000000e+00 5.380133282340329308e-05
1.252000000000000000e+03 5.595559077711422138e-15 7.690581101677428526e-15 1.628942466379391984e-13 0.000000000000000000e+00 1.117205381430158611e-04
1.253000000000000000e+03 5.628149002055250021e-15 7.715166258825067587e-15 1.638848802953679601e-13 0.000000000000000000e+00 8.539781173744362896e-05
1.254000000000000000e+03 5.660738926399077903e-15 7.739751415972706649e-15 1.648755139527967218e-13 0.000000000000000000e+00 9.442679297383237006e-05
1.255000000000000000e+03 5.668583735882906162e-15 7.730187306639394150e-15 1.650018599848156489e-13 0.000000000000000000e+00 4.556735138324056463e-05
1.256000000000000000e+03 5.651683430506735589e-15 7.686473930825126936e-15 1.642639183914247666e-13 0.000000000000000000e+00 6.121508977857925389e-05
1.257000000000000000e+03 5.634783125130565015e-15 7.642760555010859722e-15 1.635259767980338842e-13 0.000000000000000000e+00 8.453688464726247286e-05
1.258000000000000000e+03 5.617882819754394441e-15 7.599047179196594085e-15 1.627880352046430019e-13 0.000000000000000000e+00 3.765784164277577944e-05
1.259000000000000000e+03 5.600982514378223868e-15 7.555333803382326871e-15 1.620500936112521196e-13 0.000000000000000000e+00 1.236430381524910357e-04
1.260000000000000000e+03 5.584082209002052505e-15 7.511620427568059657e-15 1.613121520178612372e-13 0.000000000000000000e+00 6.456615475484106753e-05
1.261000000000000000e+03 5.567181903625881932e-15 7.467907051753792443e-15 1.605742104244703549e-13 0.000000000000000000e+00 8.802875988885666377e-05
1.262000000000000000e+03 5.550281598249711358e-15 7.424193675939526807e-15 1.598362688310794726e-13 0.000000000000000000e+00 9.305570948787209430e-05
1.263000000000000000e+03 5.533381292873540784e-15 7.380480300125259593e-15 1.590983272376885902e-13 0.000000000000000000e+00 5.831814312860696820e-05
1.264000000000000000e+03 5.516480987497370211e-15 7.336766924310992379e-15 1.583603856442977079e-13 0.000000000000000000e+00 5.291429044329108987e-05
1.265000000000000000e+03 5.523602952575120782e-15 7.323243674105013226e-15 1.584304485977456892e-13 0.000000000000000000e+00 6.712586152099423863e-05
1.266000000000000000e+03 5.554747188106793287e-15 7.339910549507322135e-15 1.593085160980325341e-13 0.000000000000000000e+00 1.099047871067392528e-04
1.267000000000000000e+03 5.585891423638466580e-15 7.356577424909631043e-15 1.601865835983193791e-13 0.000000000000000000e+00 5.658241315287511970e-05
1.268000000000000000e+03 5.617035659170139085e-15 7.373244300311939951e-15 1.610646510986062240e-13 0.000000000000000000e+00 9.221779806251355002e-05
1.269000000000000000e+03 5.648179894701811590e-15 7.389911175714248859e-15 1.619427185988930690e-13 0.000000000000000000e+00 5.085396586668557758e-05
1.270000000000000000e+03 5.679324130233484884e-15 7.406578051116557768e-15 1.628207860991799392e-13 0.000000000000000000e+00 8.552617476342719380e-05
1.271000000000000000e+03 5.710468365765157388e-15 7.423244926518866676e-15 1.636988535994667842e-13 0.000000000000000000e+00 1.082163731697267093e-04
1.272000000000000000e+03 5.741612601296829893e-15 7.439911801921175584e-15 1.645769210997536291e-13 0.000000000000000000e+00 3.607248170404900035e-05
1.273000000000000000e+03 5.772756836828502398e-15 7.456578677323484493e-15 1.654549886000404741e-13 0.000000000000000000e+00 1.065508139338085101e-04
1.274000000000000000e+03 5.803901072360175692e-15 7.473245552725793401e-15 1.663330561003273190e-13 0.000000000000000000e+00 6.185828313001791464e-05
1.275000000000000000e+03 5.827432251592328063e-15 7.478786660897259068e-15 1.670480046459530456e-13 0.000000000000000000e+00 7.328085221431832313e-05
1.276000000000000000e+03 5.843350374524959513e-15 7.473202001837883073e-15 1.675998342369176539e-13 0.000000000000000000e+00 9.090629610734967238e-05
1.277000000000000000e+03 5.859268497457590962e-15 7.467617342778508655e-15 1.681516638278822622e-13 0.000000000000000000e+00 2.875601502996962639e-05
1.278000000000000000e+03 5.875186620390222411e-15 7.462032683719132659e-15 1.687034934188468705e-13 0.000000000000000000e+00 6.594797216325911184e-05
1.279000000000000000e+03 5.891104743322853861e-15 7.456448024659756663e-15 1.692553230098114788e-13 0.000000000000000000e+00 8.870873729852657191e-05
1.280000000000000000e+03 5.907022866255485310e-15 7.450863365600382245e-15 1.698071526007760870e-13 0.000000000000000000e+00 8.824750631233004472e-05
1.281000000000000000e+03 5.922940989188116759e-15 7.445278706541006250e-15 1.703589821917406953e-13 0.000000000000000000e+00 1.023732418038143479e-04
1.282000000000000000e+03 5.938859112120748209e-15 7.439694047481630254e-15 1.709108117827053036e-13 0.000000000000000000e+00 6.777152110609033860e-05
1.283000000000000000e+03 5.954777235053379658e-15 7.434109388422255836e-15 1.714626413736699119e-13 0.000000000000000000e+00 5.624659166558293151e-05
1.284000000000000000e+03 5.970695357986011107e-15 7.428524729362879840e-15 1.720144709646345201e-13 0.000000000000000000e+00 9.518970686116461197e-05
1.285000000000000000e+03 5.979026030313604133e-15 7.412846031674211006e-15 1.721066405881207301e-13 0.000000000000000000e+00 6.589162417417628969e-05
1.286000000000000000e+03 5.979769252036157946e-15 7.387073295356247757e-15 1.717391502441285418e-13 0.000000000000000000e+00 3.550400086544868111e-05
1.287000000000000000e+03 5.980512473758711760e-15 7.361300559038284508e-15 1.713716599001363535e-13 0.000000000000000000e+00 8.790294697933691943e-05
1.288000000000000000e+03 5.981255695481265573e-15 7.335527822720321258e-15 1.710041695561441400e-13 0.000000000000000000e+00 9.151078899003199565e-05
1.289000000000000000e+03 5.981998917203819386e-15 7.309755086402358009e-15 1.706366792121519517e-13 0.000000000000000000e+00 5.673369889818127891e-05
1.290000000000000000e+03 5.982742138926373988e-15 7.283982350084396337e-15 1.702691888681597634e-13 0.000000000000000000e+00 9.767264791206945070e-05
1.291000000000000000e+03 5.983485360648927802e-15 7.258209613766433088e-15 1.699016985241675751e-13 0.000000000000000000e+00 7.486930329252457640e-05
1.292000000000000000e+03 5.984228582371481615e-15 7.232436877448469839e-15 1.695342081801753615e-13 0.000000000000000000e+00 5.832944054743367400e-05
1.293000000000000000e+03 5.984971804094035428e-15 7.206664141130506589e-15 1.691667178361831732e-13 0.000000000000000000e+00 7.838146029558225596e-05
1.294000000000000000e+03 5.985715025816589242e-15 7.180891404812543340e-15 1.687992274921909849e-13 0.000000000000000000e+00 8.948224662317597750e-05
1.295000000000000000e+03 6.011133880902883265e-15 7.182722181393104390e-15 1.693630747906450301e-13 0.000000000000000000e+00 6.724404228608856632e-05
1.296000000000000000e+03 6.061228369352917497e-15 7.212156470872189738e-15 1.708582597315453088e-13 0.000000000000000000e+00 6.069403607476296034e-05
1.297000000000000000e+03 6.111322857802951730e-15 7.241590760351273509e-15 1.723534446724455875e-13 0.000000000000000000e+00 7.020918414759154879e-05
1.298000000000000000e+03 6.161417346252986751e-15 7.271025049830358858e-15 1.738486296133458662e-13 0.000000000000000000e+00 8.733217664499718313e-05
1.299000000000000000e+03 6.211511834703020984e-15 7.300459339309442629e-15 1.753438145542461449e-13 0.000000000000000000e+00 2.678826941548659199e-05
1.300000000000000000e+03 6.261606323153055216e-15 7.329893628788527978e-15 1.768389994951463984e-13 0.000000000000000000e+00 9.782339199304989209e-05
1.301000000000000000e+03 6.311700811603089449e-15 7.359327918267611749e-15 1.783341844360466771e-13 0.000000000000000000e+00 9.287737733680116725e-05
1.302000000000000000e+03 6.361795300053124470e-15 7.388762207746697097e-15 1.798293693769469558e-13 0.000000000000000000e+00 1.018990565852847922e-04
1.303000000000000000e+03 6.411889788503158702e-15 7.418196497225780868e-15 1.813245543178472345e-13 0.000000000000000000e+00 4.124012622553870685e-05
1.304000000000000000e+03 6.461984276953192935e-15 7.447630786704866217e-15 1.828197392587475132e-13 0.000000000000000000e+00 8.657438134855498994e-05
1.305000000000000000e+03 6.493123157506504859e-15 7.453844608592853193e-15 1.835065251917903432e-13 0.000000000000000000e+00 4.789604880345097588e-05
1.306000000000000000e+03 6.505306430163095262e-15 7.436837962889741797e-15 1.833849121169757497e-13 0.000000000000000000e+00 9.083501801889038254e-05
1.307000000000000000e+03 6.517489702819685666e-15 7.419831317186631978e-15 1.832632990421611562e-13 0.000000000000000000e+00 5.721739644125869116e-05
1.308000000000000000e+03 6.529672975476275280e-15 7.402824671483522160e-15 1.831416859673465627e-13 0.000000000000000000e+00 5.169462596904233744e-05
1.309000000000000000e+03 6.541856248132865684e-15 7.385818025780410763e-15 1.830200728925319692e-13 0.000000000000000000e+00 8.099045312952920118e-05
1.310000000000000000e+03 6.554039520789456087e-15 7.368811380077300945e-15 1.828984598177173757e-13 0.000000000000000000e+00 1.143596601631003947e-04
1.311000000000000000e+03 6.566222793446046491e-15 7.351804734374189548e-15 1.827768467429027822e-13 0.000000000000000000e+00 6.078181008630067898e-05
1.312000000000000000e+03 6.578406066102636106e-15 7.334798088671079730e-15 1.826552336680881888e-13 0.000000000000000000e+00 1.035762577415120649e-04
1.313000000000000000e+03 6.590589338759226509e-15 7.317791442967969911e-15 1.825336205932735953e-13 0.000000000000000000e+00 2.543129761936297636e-05
1.314000000000000000e+03 6.602772611415816913e-15 7.300784797264858515e-15 1.824120075184590018e-13 0.000000000000000000e+00 4.223410556990243186e-05
1.315000000000000000e+03 6.612179306219100338e-15 7.279661077377999355e-15 1.824217719888185752e-13 0.000000000000000000e+00 1.094831732789572451e-04
1.316000000000000000e+03 6.618809423169075995e-15 7.254420283307392432e-15 1.825629140043523155e-13 0.000000000000000000e+00 7.953495188783155220e-05
1.317000000000000000e+03 6.625439540119053231e-15 7.229179489236783931e-15 1.827040560198860559e-13 0.000000000000000000e+00 6.945652818636088030e-05
1.318000000000000000e+03 6.632069657069028888e-15 7.203938695166175430e-15 1.828451980354198214e-13 0.000000000000000000e+00 5.087982026713665630e-05
1.319000000000000000e+03 6.638699774019006124e-15 7.178697901095568506e-15 1.829863400509535618e-13 0.000000000000000000e+00 6.753977543407672305e-05
1.320000000000000000e+03 6.645329890968981781e-15 7.153457107024960005e-15 1.831274820664873021e-13 0.000000000000000000e+00 8.953236450300938243e-05
1.321000000000000000e+03 6.651960007918959016e-15 7.128216312954353082e-15 1.832686240820210424e-13 0.000000000000000000e+00 6.111713623343751299e-05
1.322000000000000000e+03 6.658590124868934674e-15 7.102975518883744581e-15 1.834097660975548080e-13 0.000000000000000000e+00 8.793666387379907995e-05
1.323000000000000000e+03 6.665220241818911909e-15 7.077734724813136869e-15 1.835509081130885483e-13 0.000000000000000000e+00 5.922988211328650721e-05
1.324000000000000000e+03 6.671850358768887567e-15 7.052493930742529157e-15 1.836920501286222886e-13 0.000000000000000000e+00 9.561180865261691738e-05
1.325000000000000000e+03 6.688412637540222508e-15 7.038213382290957597e-15 1.839264800450948815e-13 0.000000000000000000e+00 6.096314837460634886e-05
1.326000000000000000e+03 6.714907078132914367e-15 7.034893079458423767e-15 1.842541978625063016e-13 0.000000000000000000e+00 6.856195334350279709e-05
1.327000000000000000e+03 6.741401518725606225e-15 7.031572776625889148e-15 1.845819156799177217e-13 0.000000000000000000e+00 3.956866649481759950e-05
1.328000000000000000e+03 6.767895959318298083e-15 7.028252473793354529e-15 1.849096334973291418e-13 0.000000000000000000e+00 6.684302960609002375e-05
1.329000000000000000e+03 6.794390399910989941e-15 7.024932170960820699e-15 1.852373513147405619e-13 0.000000000000000000e+00 7.524602004097428261e-05
1.330000000000000000e+03 6.820884840503682588e-15 7.021611868128286080e-15 1.855650691321520073e-13 0.000000000000000000e+00 8.917435814252707934e-05
1.331000000000000000e+03 6.847379281096374446e-15 7.018291565295752249e-15 1.858927869495634274e-13 0.000000000000000000e+00 7.655165329209586854e-05
1.332000000000000000e+03 6.873873721689066305e-15 7.014971262463217631e-15 1.862205047669748475e-13 0.000000000000000000e+00 8.426490814793482814e-05
1.333000000000000000e+03 6.900368162281758163e-15 7.011650959630683012e-15 1.865482225843862676e-13 0.000000000000000000e+00 5.423064192442350937e-05
1.334000000000000000e+03 6.926862602874450021e-15 7.008330656798149181e-15 1.868759404017976878e-13 0.000000000000000000e+00 6.631299793464191599e-05
1.335000000000000000e+03 6.943845785102642031e-15 6.994574579602232216e-15 1.869563659526641083e-13 0.000000000000000000e+00 7.815690026589403397e-05
1.336000000000000000e+03 6.951317708966333404e-15 6.970382728042932115e-15 1.867894992369855040e-13 0.000000000000000000e+00 4.093572272549063986e-05
1.337000000000000000e+03 6.958789632830025566e-15 6.946190876483632015e-15 1.866226325213069250e-13 0.000000000000000000e+00 8.524786582339575938e-05
1.338000000000000000e+03 6.966261556693716939e-15 6.921999024924332703e-15 1.864557658056283460e-13 0.000000000000000000e+00 9.326741395197663269e-05
1.339000000000000000e+03 6.973733480557408312e-15 6.897807173365032602e-15 1.862888990899497417e-13 0.000000000000000000e+00 3.270280017446288286e-05
1.340000000000000000e+03 6.981205404421100474e-15 6.873615321805732502e-15 1.861220323742711627e-13 0.000000000000000000e+00 8.251764156939268738e-05
1.341000000000000000e+03 6.988677328284791847e-15 6.849423470246432401e-15 1.859551656585925584e-13 0.000000000000000000e+00 6.846786210226432558e-05
1.342000000000000000e+03 6.996149252148483220e-15 6.825231618687133089e-15 1.857882989429139794e-13 0.000000000000000000e+00 9.069141813237471524e-05
1.343000000000000000e+03 7.003621176012175382e-15 6.801039767127832988e-15 1.856214322272354004e-13 0.000000000000000000e+00 5.322609750466583526e-05
1.344000000000000000e+03 7.011093099875866755e-15 6.776847915568532888e-15 1.854545655115567961e-13 0.000000000000000000e+00 7.186862986672336415e-05
1.345000000000000000e+03 7.040489287929930648e-15 6.772080760868725232e-15 1.861705030161783077e-13 0.000000000000000000e+00 8.673790429261738367e-05
1.346000000000000000e+03 7.091809740174366271e-15 6.786738303028409231e-15 1.877692447410998848e-13 0.000000000000000000e+00 7.924573830124458074e-05
1.347000000000000000e+03 7.143130192418801893e-15 6.801395845188093231e-15 1.893679864660214871e-13 0.000000000000000000e+00 5.090243346252972629e-05
1.348000000000000000e+03 7.194450644663238305e-15 6.816053387347776442e-15 1.909667281909430642e-13 0.000000000000000000e+00 6.729502144257025215e-05
1.349000000000000000e+03 7.245771096907673139e-15 6.830710929507460441e-15 1.925654699158646413e-13 0.000000000000000000e+00 2.366500157023635013e-05
1.350000000000000000e+03 7.297091549152109551e-15 6.845368471667144441e-15 1.941642116407862436e-13 0.000000000000000000e+00 6.542121635491546510e-05
1.351000000000000000e+03 7.348412001396544385e-15 6.860026013826828440e-15 1.957629533657078207e-13 0.000000000000000000e+00 1.385522039001855382e-04
1.352000000000000000e+03 7.399732453640980796e-15 6.874683555986511651e-15 1.973616950906293978e-13 0.000000000000000000e+00 7.167856979028208232e-05
1.353000000000000000e+03 7.451052905885417208e-15 6.889341098146195651e-15 1.989604368155510001e-13 0.000000000000000000e+00 3.754264346328225099e-05
1.354000000000000000e+03 7.502373358129852042e-15 6.903998640305879650e-15 2.005591785404725772e-13 0.000000000000000000e+00 8.347421577103274887e-05
1.355000000000000000e+03 7.535881707588046918e-15 6.904273136414895299e-15 2.011189833824260272e-13 0.000000000000000000e+00 5.086292755370479832e-05
1.356000000000000000e+03 7.551577954260001836e-15 6.890164586473241807e-15 2.006398513414113501e-13 0.000000000000000000e+00 6.379909904327874968e-05
1.357000000000000000e+03 7.567274200931955176e-15 6.876056036531589104e-15 2.001607193003966731e-13 0.000000000000000000e+00 6.333132288769689310e-05
1.358000000000000000e+03 7.582970447603910094e-15 6.861947486589935612e-15 1.996815872593819960e-13 0.000000000000000000e+00 7.091920519208077774e-05
1.359000000000000000e+03 7.598666694275865012e-15 6.847838936648282909e-15 1.992024552183673189e-13 0.000000000000000000e+00 6.032574025230062200e-05
1.360000000000000000e+03 7.614362940947818352e-15 6.833730386706629417e-15 1.987233231773526166e-13 0.000000000000000000e+00 9.712711649965359974e-05
1.361000000000000000e+03 7.630059187619773271e-15 6.819621836764976713e-15 1.982441911363379396e-13 0.000000000000000000e+00 7.122590699372756959e-05
1.362000000000000000e+03 7.645755434291728189e-15 6.805513286823323221e-15 1.977650590953232625e-13 0.000000000000000000e+00 6.523127275072390196e-05
1.363000000000000000e+03 7.661451680963681529e-15 6.791404736881670518e-15 1.972859270543085855e-13 0.000000000000000000e+00 5.227477492530292362e-05
1.364000000000000000e+03 7.677147927635636447e-15 6.777296186940017026e-15 1.968067950132939084e-13 0.000000000000000000e+00 5.622630478945601646e-05
1.365000000000000000e+03 7.704191375250886177e-15 6.771592897420215323e-15 1.970903699240778230e-13 0.000000000000000000e+00 8.659561708966512694e-05
1.366000000000000000e+03 7.742582023809430721e-15 6.774294868322264618e-15 1.981366517866603294e-13 0.000000000000000000e+00 6.899658448101869332e-05
1.367000000000000000e+03 7.780972672367975264e-15 6.776996839224313125e-15 1.991829336492428357e-13 0.000000000000000000e+00 5.706114603045629009e-05
1.368000000000000000e+03 7.819363320926521385e-15 6.779698810126362421e-15 2.002292155118253421e-13 0.000000000000000000e+00 5.099227635473692127e-05
1.369000000000000000e+03 7.857753969485065928e-15 6.782400781028411716e-15 2.012754973744078484e-13 0.000000000000000000e+00 6.712726669456383580e-05
1.370000000000000000e+03 7.896144618043610471e-15 6.785102751930460223e-15 2.023217792369903800e-13 0.000000000000000000e+00 6.991325260090431129e-05
1.371000000000000000e+03 7.934535266602155014e-15 6.787804722832509518e-15 2.033680610995728864e-13 0.000000000000000000e+00 7.766350198254233061e-05
1.372000000000000000e+03 7.972925915160701135e-15 6.790506693734558814e-15 2.044143429621553927e-13 0.000000000000000000e+00 6.817728279923511458e-05
1.373000000000000000e+03 8.011316563719245678e-15 6.793208664636607321e-15 2.054606248247378990e-13 0.000000000000000000e+00 8.572721716731731959e-05
1.374000000000000000e+03 8.049707212277790221e-15 6.795910635538656616e-15 2.065069066873204054e-13 0.000000000000000000e+00 7.657959814541809697e-05
1.375000000000000000e+03 8.065737625133671320e-15 6.784171395355592955e-15 2.066523151571726482e-13 0.000000000000000000e+00 4.073842335550869877e-05
1.376000000000000000e+03 8.059407802286885819e-15 6.757990944087416337e-15 2.058968502342945770e-13 0.000000000000000000e+00 8.042780719987591815e-05
1.377000000000000000e+03 8.053077979440100318e-15 6.731810492819238929e-15 2.051413853114165058e-13 0.000000000000000000e+00 2.348453633263849203e-05
1.378000000000000000e+03 8.046748156593314817e-15 6.705630041551062311e-15 2.043859203885384598e-13 0.000000000000000000e+00 7.296265575690997877e-05
1.379000000000000000e+03 8.040418333746529316e-15 6.679449590282885692e-15 2.036304554656603886e-13 0.000000000000000000e+00 8.812903397869086930e-05
1.380000000000000000e+03 8.034088510899745393e-15 6.653269139014708285e-15 2.028749905427823174e-13 0.000000000000000000e+00 5.736044746555219375e-05
1.381000000000000000e+03 8.027758688052959892e-15 6.627088687746531667e-15 2.021195256199042462e-13 0.000000000000000000e+00 7.185889152837194877e-05
1.382000000000000000e+03 8.021428865206174391e-15 6.600908236478355048e-15 2.013640606970262002e-13 0.000000000000000000e+00 9.565033970070290447e-05
1.383000000000000000e+03 8.015099042359388890e-15 6.574727785210177641e-15 2.006085957741481290e-13 0.000000000000000000e+00 4.627117245962151913e-05
1.384000000000000000e+03 8.008769219512603390e-15 6.548547333942001022e-15 1.998531308512700578e-13 0.000000000000000000e+00 5.553967916817555454e-05
1.385000000000000000e+03 8.014813167906377347e-15 6.535559759245128829e-15 1.994147698364317916e-13 0.000000000000000000e+00 5.746034708958158580e-05
1.386000000000000000e+03 8.033230887540710762e-15 6.535765061119561062e-15 1.992935127296332798e-13 0.000000000000000000e+00 5.902868807336561643e-05
1.387000000000000000e+03 8.051648607175042600e-15 6.535970362993993294e-15 1.991722556228347932e-13 0.000000000000000000e+00 8.014525123383474706e-05
1.388000000000000000e+03 8.070066326809374438e-15 6.536175664868424738e-15 1.990509985160362814e-13 0.000000000000000000e+00 6.619158177813141096e-05
1.389000000000000000e+03 8.088484046443707854e-15 6.536380966742856970e-15 1.989297414092377948e-13 0.000000000000000000e+00 5.305668945301133957e-05
1.390000000000000000e+03 8.106901766078039692e-15 6.536586268617289203e-15 1.988084843024392830e-13 0.000000000000000000e+00 6.098138197217402176e-05
1.391000000000000000e+03 8.125319485712373107e-15 6.536791570491721435e-15 1.986872271956407965e-13 0.000000000000000000e+00 7.428799417168452650e-05
1.392000000000000000e+03 8.143737205346704945e-15 6.536996872366152879e-15 1.985659700888422847e-13 0.000000000000000000e+00 6.396190183278389917e-05
1.393000000000000000e+03 8.162154924981036783e-15 6.537202174240585111e-15 1.984447129820437981e-13 0.000000000000000000e+00 8.484841235455559637e-05
1.394000000000000000e+03 8.180572644615370199e-15 6.537407476115017343e-15 1.983234558752452863e-13 0.000000000000000000e+00 4.796643133087370210e-05
1.395000000000000000e+03 8.233057594782789668e-15 6.564456690517950276e-15 1.994573726131074755e-13 0.000000000000000000e+00 7.605787577668348027e-05
1.396000000000000000e+03 8.319609775483296770e-15 6.618349817449383909e-15 2.018464631956303405e-13 0.000000000000000000e+00 7.047964128286070393e-05
1.397000000000000000e+03 8.406161956183805449e-15 6.672242944380817542e-15 2.042355537781532055e-13 0.000000000000000000e+00 3.954603919139248547e-05
1.398000000000000000e+03 8.492714136884312551e-15 6.726136071312251176e-15 2.066246443606760452e-13 0.000000000000000000e+00 7.089435636844721919e-05
1.399000000000000000e+03 8.579266317584819652e-15 6.780029198243684809e-15 2.090137349431989101e-13 0.000000000000000000e+00 3.403566066370530423e-05
1.400000000000000000e+03 8.665818498285328332e-15 6.833922325175118442e-15 2.114028255257217751e-13 0.000000000000000000e+00 8.610930042454069812e-05
1.401000000000000000e+03 8.752370678985835433e-15 6.887815452106552075e-15 2.137919161082446401e-13 0.000000000000000000e+00 8.754915936456314290e-05
1.402000000000000000e+03 8.838922859686342535e-15 6.941708579037985708e-15 2.161810066907674798e-13 0.000000000000000000e+00 7.325529575187186132e-05
1.403000000000000000e+03 8.925475040386851214e-15 6.995601705969419341e-15 2.185700972732903448e-13 0.000000000000000000e+00 2.950769803319199563e-05
1.404000000000000000e+03 9.012027221087358316e-15 7.049494832900852974e-15 2.209591878558132097e-13 0.000000000000000000e+00 7.923977634761026744e-05
1.405000000000000000e+03 9.035535830846248221e-15 7.063769134172254719e-15 2.211427745322278654e-13 0.000000000000000000e+00 5.647151089085481038e-05
1.406000000000000000e+03 8.996000869663522508e-15 7.038424609783625365e-15 2.191208573025343371e-13 0.000000000000000000e+00 4.566785398272965325e-05
1.407000000000000000e+03 8.956465908480796795e-15 7.013080085394995221e-15 2.170989400728407834e-13 0.000000000000000000e+00 6.961755436507312798e-05
1.408000000000000000e+03 8.916930947298071083e-15 6.987735561006365078e-15 2.150770228431472551e-13 0.000000000000000000e+00 5.196943570741901369e-05
1.409000000000000000e+03 8.877395986115345370e-15 6.962391036617735724e-15 2.130551056134537015e-13 0.000000000000000000e+00 8.635102942836974857e-05
1.410000000000000000e+03 8.837861024932619657e-15 6.937046512229105580e-15 2.110331883837601731e-13 0.000000000000000000e+00 6.998168737916375388e-05
1.411000000000000000e+03 8.798326063749893944e-15 6.911701987840476226e-15 2.090112711540666195e-13 0.000000000000000000e+00 3.725899489826924564e-05
1.412000000000000000e+03 8.758791102567168231e-15 6.886357463451846083e-15 2.069893539243730912e-13 0.000000000000000000e+00 8.366082128142482085e-05
1.413000000000000000e+03 8.719256141384442519e-15 6.861012939063215939e-15 2.049674366946795376e-13 0.000000000000000000e+00 3.248511982459035229e-05
1.414000000000000000e+03 8.679721180201716806e-15 6.835668414674586585e-15 2.029455194649860092e-13 0.000000000000000000e+00 1.034671884606110125e-04
1.415000000000000000e+03 8.695548881984217168e-15 6.853722921694464484e-15 2.028024074896635397e-13 0.000000000000000000e+00 5.818456711417059683e-05
1.416000000000000000e+03 8.766739246731946759e-15 6.915176460122849636e-15 2.045381007687121291e-13 0.000000000000000000e+00 2.789873848305507510e-05
1.417000000000000000e+03 8.837929611479674773e-15 6.976629998551234789e-15 2.062737940477607185e-13 0.000000000000000000e+00 7.164395559322730110e-05
1.418000000000000000e+03 8.909119976227402787e-15 7.038083536979620730e-15 2.080094873268093079e-13 0.000000000000000000e+00 6.205150289077849158e-05
1.419000000000000000e+03 8.980310340975132379e-15 7.099537075408005883e-15 2.097451806058578972e-13 0.000000000000000000e+00 4.795152194656554664e-05
1.420000000000000000e+03 9.051500705722860393e-15 7.160990613836391036e-15 2.114808738849064866e-13 0.000000000000000000e+00 7.806000091509644376e-05
1.421000000000000000e+03 9.122691070470589985e-15 7.222444152264776977e-15 2.132165671639550760e-13 0.000000000000000000e+00 6.052018662498018920e-05
1.422000000000000000e+03 9.193881435218317999e-15 7.283897690693162918e-15 2.149522604430036654e-13 0.000000000000000000e+00 7.114440706633240561e-05
1.423000000000000000e+03 9.265071799966046013e-15 7.345351229121547282e-15 2.166879537220522548e-13 0.000000000000000000e+00 6.688813275803785351e-05
1.424000000000000000e+03 9.336262164713775605e-15 7.406804767549933224e-15 2.184236470011008442e-13 0.000000000000000000e+00 7.519510211948204730e-05
1.425000000000000000e+03 9.364070500272578102e-15 7.442069367292688508e-15 2.187290269355638700e-13 0.000000000000000000e+00 2.208603747468599774e-05
1.426000000000000000e+03 9.348496806642455081e-15 7.451145028349813134e-15 2.176040935254413322e-13 0.000000000000000000e+00 7.011381794570473614e-05
1.427000000000000000e+03 9.332923113012333638e-15 7.460220689406936183e-15 2.164791601153187944e-13 0.000000000000000000e+00 4.701754627405379757e-05
1.428000000000000000e+03 9.317349419382210617e-15 7.469296350464060810e-15 2.153542267051962313e-13 0.000000000000000000e+00 5.315248130299820450e-05
1.429000000000000000e+03 9.301775725752087597e-15 7.478372011521185437e-15 2.142292932950736935e-13 0.000000000000000000e+00 7.680578228875288105e-05
1.430000000000000000e+03 9.286202032121964576e-15 7.487447672578308486e-15 2.131043598849511305e-13 0.000000000000000000e+00 6.470999922755859906e-05
1.431000000000000000e+03 9.270628338491841555e-15 7.496523333635433112e-15 2.119794264748285926e-13 0.000000000000000000e+00 6.923872494568508295e-05
1.432000000000000000e+03 9.255054644861718535e-15 7.505598994692557739e-15 2.108544930647060296e-13 0.000000000000000000e+00 5.896106764627139705e-05
1.433000000000000000e+03 9.239480951231597092e-15 7.514674655749680788e-15 2.097295596545834918e-13 0.000000000000000000e+00 5.083716746837168421e-05
1.434000000000000000e+03 9.223907257601474071e-15 7.523750316806805415e-15 2.086046262444609540e-13 0.000000000000000000e+00 6.342213686867695887e-05
1.435000000000000000e+03 9.259966957234642798e-15 7.577710664502533766e-15 2.089094268340572130e-13 0.000000000000000000e+00 3.829884996500469496e-05
1.436000000000000000e+03 9.347660050131103272e-15 7.676555698836867420e-15 2.106439614233722689e-13 0.000000000000000000e+00 7.884294222469690752e-05
1.437000000000000000e+03 9.435353143027565324e-15 7.775400733171201074e-15 2.123784960126873249e-13 0.000000000000000000e+00 5.905391973210201380e-05
1.438000000000000000e+03 9.523046235924025798e-15 7.874245767505534728e-15 2.141130306020023808e-13 0.000000000000000000e+00 5.349381270703840342e-05
1.439000000000000000e+03 9.610739328820486272e-15 7.973090801839868382e-15 2.158475651913174367e-13 0.000000000000000000e+00 3.563196389892469873e-05
1.440000000000000000e+03 9.698432421716948324e-15 8.071935836174202036e-15 2.175820997806324926e-13 0.000000000000000000e+00 8.542011870510414202e-05
1.441000000000000000e+03 9.786125514613408798e-15 8.170780870508535690e-15 2.193166343699475485e-13 0.000000000000000000e+00 5.474323926274098860e-05
1.442000000000000000e+03 9.873818607509869272e-15 8.269625904842869344e-15 2.210511689592626044e-13 0.000000000000000000e+00 5.879174258930269158e-05
1.443000000000000000e+03 9.961511700406331324e-15 8.368470939177202998e-15 2.227857035485776603e-13 0.000000000000000000e+00 6.907393089514747293e-05
1.444000000000000000e+03 1.004920479330279180e-14 8.467315973511535074e-15 2.245202381378927414e-13 0.000000000000000000e+00 4.671726596948905442e-05
1.445000000000000000e+03 1.009604769599071154e-14 8.533103239106962877e-15 2.255748905673993589e-13 0.000000000000000000e+00 7.694383115902711371e-05
1.446000000000000000e+03 1.010204040847009212e-14 8.565832735963483251e-15 2.259496608370975884e-13 0.000000000000000000e+00 5.664237064435643127e-05
1.447000000000000000e+03 1.010803312094947113e-14 8.598562232820005203e-15 2.263244311067958178e-13 0.000000000000000000e+00 2.957026119124851350e-05
1.448000000000000000e+03 1.011402583342885172e-14 8.631291729676525578e-15 2.266992013764940473e-13 0.000000000000000000e+00 6.664196563947713992e-05
1.449000000000000000e+03 1.012001854590823073e-14 8.664021226533045952e-15 2.270739716461922768e-13 0.000000000000000000e+00 4.997080177789833030e-05
1.450000000000000000e+03 1.012601125838761131e-14 8.696750723389567904e-15 2.274487419158905062e-13 0.000000000000000000e+00 7.411714852308418035e-05
1.451000000000000000e+03 1.013200397086699032e-14 8.729480220246088279e-15 2.278235121855887105e-13 0.000000000000000000e+00 6.622938316923248693e-05
1.452000000000000000e+03 1.013799668334637090e-14 8.762209717102608653e-15 2.281982824552869652e-13 0.000000000000000000e+00 6.488278950800517575e-05
1.453000000000000000e+03 1.014398939582574991e-14 8.794939213959130605e-15 2.285730527249851694e-13 0.000000000000000000e+00 5.478955621220883904e-05
1.454000000000000000e+03 1.014998210830513050e-14 8.827668710815650979e-15 2.289478229946833736e-13 0.000000000000000000e+00 5.036557243996768419e-05
1.455000000000000000e+03 1.015431603981363045e-14 8.862468994844959649e-15 2.287626568602216445e-13 0.000000000000000000e+00 4.781025496604983751e-05
1.456000000000000000e+03 1.015699119035125135e-14 8.899340066047058190e-15 2.280175543215999819e-13 0.000000000000000000e+00 5.040250740822859599e-05
1.457000000000000000e+03 1.015966634088887066e-14 8.936211137249155154e-15 2.272724517829783194e-13 0.000000000000000000e+00 4.465193018700237137e-05
1.458000000000000000e+03 1.016234149142649156e-14 8.973082208451252118e-15 2.265273492443566568e-13 0.000000000000000000e+00 7.803261689259424576e-05
1.459000000000000000e+03 1.016501664196411246e-14 9.009953279653350659e-15 2.257822467057349943e-13 0.000000000000000000e+00 4.544611540667946390e-05
1.460000000000000000e+03 1.016769179250173335e-14 9.046824350855447623e-15 2.250371441671133318e-13 0.000000000000000000e+00 7.072852854277681062e-05
1.461000000000000000e+03 1.017036694303935425e-14 9.083695422057546165e-15 2.242920416284916692e-13 0.000000000000000000e+00 4.275471856735956979e-05
1.462000000000000000e+03 1.017304209357697515e-14 9.120566493259643129e-15 2.235469390898700067e-13 0.000000000000000000e+00 7.331085073663526006e-05
1.463000000000000000e+03 1.017571724411459447e-14 9.157437564461740093e-15 2.228018365512483189e-13 0.000000000000000000e+00 5.221993878628537923e-05
1.464000000000000000e+03 1.017839239465221536e-14 9.194308635663838634e-15 2.220567340126266563e-13 0.000000000000000000e+00 5.488817724075531658e-05
1.465000000000000000e+03 1.020571135617993997e-14 9.250951493805483054e-15 2.224875354574030249e-13 0.000000000000000000e+00 6.802923931430236541e-05
1.466000000000000000e+03 1.025767412869776670e-14 9.327366138886676509e-15 2.240942408855774750e-13 0.000000000000000000e+00 3.043038182901745830e-05
1.467000000000000000e+03 1.030963690121559343e-14 9.403780783967868386e-15 2.257009463137518746e-13 0.000000000000000000e+00 6.167501333036066807e-05
1.468000000000000000e+03 1.036159967373342016e-14 9.480195429049061840e-15 2.273076517419263247e-13 0.000000000000000000e+00 5.742946954159411821e-05
1.469000000000000000e+03 1.041356244625124689e-14 9.556610074130253717e-15 2.289143571701007243e-13 0.000000000000000000e+00 2.822181838851917692e-05
1.470000000000000000e+03 1.046552521876907363e-14 9.633024719211447171e-15 2.305210625982751744e-13 0.000000000000000000e+00 5.990137827366388568e-05
1.471000000000000000e+03 1.051748799128690036e-14 9.709439364292639048e-15 2.321277680264495741e-13 0.000000000000000000e+00 9.269113815874170084e-05
1.472000000000000000e+03 1.056945076380472709e-14 9.785854009373832503e-15 2.337344734546240242e-13 0.000000000000000000e+00 5.258228125685322166e-05
1.473000000000000000e+03 1.062141353632255382e-14 9.862268654455024379e-15 2.353411788827984238e-13 0.000000000000000000e+00 5.716975407887161880e-05
1.474000000000000000e+03 1.067337630884038055e-14 9.938683299536217834e-15 2.369478843109728739e-13 0.000000000000000000e+00 4.272752622871718310e-05
1.475000000000000000e+03 1.074034299277878932e-14 1.002924782101544761e-14 2.383099181295172266e-13 0.000000000000000000e+00 4.520621592353863202e-05
1.476000000000000000e+03 1.082231358813778012e-14 1.013396221889271686e-14 2.394272803384314819e-13 0.000000000000000000e+00 6.222690951131899762e-05
1.477000000000000000e+03 1.090428418349677091e-14 1.023867661676998454e-14 2.405446425473457372e-13 0.000000000000000000e+00 4.435247583705751232e-05
1.478000000000000000e+03 1.098625477885576171e-14 1.034339101464725222e-14 2.416620047562600430e-13 0.000000000000000000e+00 4.869999081620905636e-05
1.479000000000000000e+03 1.106822537421475251e-14 1.044810541252452147e-14 2.427793669651742983e-13 0.000000000000000000e+00 4.374581411125503540e-05
1.480000000000000000e+03 1.115019596957374173e-14 1.055281981040178914e-14 2.438967291740885536e-13 0.000000000000000000e+00 7.003329023963452999e-05
1.481000000000000000e+03 1.123216656493273253e-14 1.065753420827905840e-14 2.450140913830028089e-13 0.000000000000000000e+00 7.344220938490853326e-05
1.482000000000000000e+03 1.131413716029172332e-14 1.076224860615632607e-14 2.461314535919171147e-13 0.000000000000000000e+00 5.544264078573106491e-05
1.483000000000000000e+03 1.139610775565071412e-14 1.086696300403359375e-14 2.472488158008313701e-13 0.000000000000000000e+00 3.099010739533574756e-05
1.484000000000000000e+03 1.147807835100970492e-14 1.097167740191086300e-14 2.483661780097456254e-13 0.000000000000000000e+00 5.573344195358545977e-05
1.485000000000000000e+03 1.151077505078148087e-14 1.102495421006447463e-14 2.487961650139429084e-13 0.000000000000000000e+00 6.191676145348589842e-05
1.486000000000000000e+03 1.149419785496604041e-14 1.102679342849443177e-14 2.485387768134232191e-13 0.000000000000000000e+00 4.554302100360972064e-05
1.487000000000000000e+03 1.147762065915060310e-14 1.102863264692438892e-14 2.482813886129035298e-13 0.000000000000000000e+00 6.000479679819491224e-05
1.488000000000000000e+03 1.146104346333516263e-14 1.103047186535434449e-14 2.480240004123838405e-13 0.000000000000000000e+00 3.638776474020637066e-05
1.489000000000000000e+03 1.144446626751972532e-14 1.103231108378430164e-14 2.477666122118641512e-13 0.000000000000000000e+00 6.206421737034361545e-05
1.490000000000000000e+03 1.142788907170428485e-14 1.103415030221425879e-14 2.475092240113444619e-13 0.000000000000000000e+00 6.067694272588860442e-05
1.491000000000000000e+03 1.141131187588884754e-14 1.103598952064421594e-14 2.472518358108247726e-13 0.000000000000000000e+00 3.867785428630489359e-05
1.492000000000000000e+03 1.139473468007340708e-14 1.103782873907417151e-14 2.469944476103050833e-13 0.000000000000000000e+00 5.992216868898145733e-05
1.493000000000000000e+03 1.137815748425796976e-14 1.103966795750412865e-14 2.467370594097853940e-13 0.000000000000000000e+00 6.634642421232668865e-05
1.494000000000000000e+03 1.136158028844252930e-14 1.104150717593408580e-14 2.464796712092657047e-13 0.000000000000000000e+00 4.021107607839487756e-05
1.495000000000000000e+03 1.136489373606922846e-14 1.105875860615702477e-14 2.466825535970774127e-13 0.000000000000000000e+00 5.314001972709830109e-05
1.496000000000000000e+03 1.138809782713806253e-14 1.109142224817294871e-14 2.473457065732206189e-13 0.000000000000000000e+00 5.685896200171051355e-05
1.497000000000000000e+03 1.141130191820689817e-14 1.112408589018887266e-14 2.480088595493637745e-13 0.000000000000000000e+00 2.993127036919356781e-05
1.498000000000000000e+03 1.143450600927573382e-14 1.115674953220479660e-14 2.486720125255069302e-13 0.000000000000000000e+00 4.949109705107653700e-05
1.499000000000000000e+03 1.145771010034456788e-14 1.118941317422072054e-14 2.493351655016501364e-13 0.000000000000000000e+00 6.255155719517199167e-05
1.500000000000000000e+03 1.148091419141340352e-14 1.122207681623664449e-14 2.499983184777932921e-13 0.000000000000000000e+00 5.518284073693143638e-05
1.501000000000000000e+03 1.150411828248223759e-14 1.125474045825256843e-14 2.506614714539364983e-13 0.000000000000000000e+00 6.171283008766023778e-05
1.502000000000000000e+03 1.152732237355107323e-14 1.128740410026849237e-14 2.513246244300796540e-13 0.000000000000000000e+00 5.163813667332561370e-05
1.503000000000000000e+03 1.155052646461990888e-14 1.132006774228441632e-14 2.519877774062228096e-13 0.000000000000000000e+00 5.542318874475727849e-05
1.504000000000000000e+03 1.157373055568874294e-14 1.135273138430034026e-14 2.526509303823660158e-13 0.000000000000000000e+00 5.140592232138351978e-05
1.505000000000000000e+03 1.159009035735747265e-14 1.137106454763829934e-14 2.527464938130542998e-13 0.000000000000000000e+00 2.439230057405297172e-05
1.506000000000000000e+03 1.159960586962609484e-14 1.137506723229829356e-14 2.522744676982877626e-13 0.000000000000000000e+00 6.077945826258383371e-05
1.507000000000000000e+03 1.160912138189471860e-14 1.137906991695828936e-14 2.518024415835212254e-13 0.000000000000000000e+00 5.678067973457316133e-05
1.508000000000000000e+03 1.161863689416334079e-14 1.138307260161828358e-14 2.513304154687546377e-13 0.000000000000000000e+00 3.771377223505068883e-05
1.509000000000000000e+03 1.162815240643196298e-14 1.138707528627827780e-14 2.508583893539881005e-13 0.000000000000000000e+00 5.083685339549330932e-05
1.510000000000000000e+03 1.163766791870058675e-14 1.139107797093827360e-14 2.503863632392215632e-13 0.000000000000000000e+00 5.289783238902351782e-05
1.511000000000000000e+03 1.164718343096920894e-14 1.139508065559826782e-14 2.499143371244550260e-13 0.000000000000000000e+00 3.743937356940870223e-05
1.512000000000000000e+03 1.165669894323783113e-14 1.139908334025826204e-14 2.494423110096884383e-13 0.000000000000000000e+00 7.872218337799090240e-05
1.513000000000000000e+03 1.166621445550645490e-14 1.140308602491825784e-14 2.489702848949219011e-13 0.000000000000000000e+00 5.289205209582818821e-05
1.514000000000000000e+03 1.167572996777507709e-14 1.140708870957825206e-14 2.484982587801553639e-13 0.000000000000000000e+00 4.241747713602562624e-05
1.515000000000000000e+03 1.171977863137616622e-14 1.144499971857518039e-14 2.494771447591851166e-13 0.000000000000000000e+00 4.159532385599192081e-05
1.516000000000000000e+03 1.179836044630972072e-14 1.151681905190904282e-14 2.519069428320112097e-13 0.000000000000000000e+00 7.000074905023196369e-05
1.517000000000000000e+03 1.187694226124327522e-14 1.158863838524290526e-14 2.543367409048373028e-13 0.000000000000000000e+00 2.939583306128877409e-05
1.518000000000000000e+03 1.195552407617682972e-14 1.166045771857676612e-14 2.567665389776634464e-13 0.000000000000000000e+00 4.820313241486254827e-05
1.519000000000000000e+03 1.203410589111038421e-14 1.173227705191062855e-14 2.591963370504895396e-13 0.000000000000000000e+00 2.354092112116053229e-05
1.520000000000000000e+03 1.211268770604393871e-14 1.180409638524448941e-14 2.616261351233156327e-13 0.000000000000000000e+00 5.371366332442013673e-05
1.521000000000000000e+03 1.219126952097749321e-14 1.187591571857835184e-14 2.640559331961417258e-13 0.000000000000000000e+00 8.067842010581775726e-05
1.522000000000000000e+03 1.226985133591104771e-14 1.194773505191221270e-14 2.664857312689678694e-13 0.000000000000000000e+00 4.864133236602351484e-05
1.523000000000000000e+03 1.234843315084460221e-14 1.201955438524607514e-14 2.689155293417939625e-13 0.000000000000000000e+00 5.315479731063372750e-05
1.524000000000000000e+03 1.242701496577815670e-14 1.209137371857993757e-14 2.713453274146200557e-13 0.000000000000000000e+00 3.254711665616085825e-05
1.525000000000000000e+03 1.247882651579327055e-14 1.212865225968064777e-14 2.727285218994982030e-13 0.000000000000000000e+00 4.278647938272740243e-05
1.526000000000000000e+03 1.250386780088994218e-14 1.213139000854821046e-14 2.730651127964283539e-13 0.000000000000000000e+00 6.426638662299910261e-05
1.527000000000000000e+03 1.252890908598661538e-14 1.213412775741577000e-14 2.734017036933585554e-13 0.000000000000000000e+00 2.584693440032447893e-05
1.528000000000000000e+03 1.255395037108328858e-14 1.213686550628333269e-14 2.737382945902887569e-13 0.000000000000000000e+00 5.677775178532955459e-05
1.529000000000000000e+03 1.257899165617996021e-14 1.213960325515089222e-14 2.740748854872189079e-13 0.000000000000000000e+00 3.627426959312712466e-05
1.530000000000000000e+03 1.260403294127663341e-14 1.214234100401845491e-14 2.744114763841491094e-13 0.000000000000000000e+00 4.932506122019789666e-05
1.531000000000000000e+03 1.262907422637330503e-14 1.214507875288601445e-14 2.747480672810792604e-13 0.000000000000000000e+00 6.248668533974494044e-05
1.532000000000000000e+03 1.265411551146997823e-14 1.214781650175357714e-14 2.750846581780094618e-13 0.000000000000000000e+00 5.123114025777205575e-05
1.533000000000000000e+03 1.267915679656665144e-14 1.215055425062113667e-14 2.754212490749396633e-13 0.000000000000000000e+00 2.729146996029098272e-05
1.534000000000000000e+03 1.270419808166332306e-14 1.215329199948869936e-14 2.757578399718698143e-13 0.000000000000000000e+00 7.340296768236858845e-05
1.535000000000000000e+03 1.273123244526033312e-14 1.215314377431400046e-14 2.761585382829759479e-13 0.000000000000000000e+00 3.668573635955348392e-05
1.536000000000000000e+03 1.276025988735767847e-14 1.215010957509704312e-14 2.766233440082580640e-13 0.000000000000000000e+00 4.640227316419896384e-05
1.537000000000000000e+03 1.278928732945502539e-14 1.214707537588008419e-14 2.770881497335401296e-13 0.000000000000000000e+00 4.318204292558057146e-05
1.538000000000000000e+03 1.281831477155237073e-14 1.214404117666312685e-14 2.775529554588222457e-13 0.000000000000000000e+00 4.927280973127089734e-05
1.539000000000000000e+03 1.284734221364971608e-14 1.214100697744616951e-14 2.780177611841043618e-13 0.000000000000000000e+00 3.443603964974420190e-05
1.540000000000000000e+03 1.287636965574706300e-14 1.213797277822921059e-14 2.784825669093864275e-13 0.000000000000000000e+00 6.236254943185012454e-05
1.541000000000000000e+03 1.290539709784440834e-14 1.213493857901225324e-14 2.789473726346685436e-13 0.000000000000000000e+00 3.177458572907219605e-05
1.542000000000000000e+03 1.293442453994175369e-14 1.213190437979529590e-14 2.794121783599506597e-13 0.000000000000000000e+00 5.231285919670717254e-05
1.543000000000000000e+03 1.296345198203910061e-14 1.212887018057833698e-14 2.798769840852327253e-13 0.000000000000000000e+00 5.646059116979420682e-05
1.544000000000000000e+03 1.299247942413644596e-14 1.212583598136137964e-14 2.803417898105148415e-13 0.000000000000000000e+00 4.810684271076205612e-05
1.545000000000000000e+03 1.302177492633453106e-14 1.211720344323747720e-14 2.807586685250229244e-13 0.000000000000000000e+00 4.564869533507918850e-05
1.546000000000000000e+03 1.305133848863335593e-14 1.210297256620663124e-14 2.811276202287570751e-13 0.000000000000000000e+00 3.059179654601472046e-05
1.547000000000000000e+03 1.308090205093217922e-14 1.208874168917578371e-14 2.814965719324912258e-13 0.000000000000000000e+00 4.277523188018276222e-05
1.548000000000000000e+03 1.311046561323100252e-14 1.207451081214493775e-14 2.818655236362253765e-13 0.000000000000000000e+00 4.516126160948908687e-05
1.549000000000000000e+03 1.314002917552982739e-14 1.206027993511409021e-14 2.822344753399595272e-13 0.000000000000000000e+00 4.649955484092183354e-05
1.550000000000000000e+03 1.316959273782865068e-14 1.204604905808324426e-14 2.826034270436936274e-13 0.000000000000000000e+00 5.327191523147324208e-05
1.551000000000000000e+03 1.319915630012747555e-14 1.203181818105239672e-14 2.829723787474277781e-13 0.000000000000000000e+00 4.543717362971790876e-05
1.552000000000000000e+03 1.322871986242629884e-14 1.201758730402155077e-14 2.833413304511619288e-13 0.000000000000000000e+00 5.477390030086482978e-05
1.553000000000000000e+03 1.325828342472512213e-14 1.200335642699070323e-14 2.837102821548960795e-13 0.000000000000000000e+00 4.661377098401567326e-05
1.554000000000000000e+03 1.328784698702394700e-14 1.198912554995985728e-14 2.840792338586302302e-13 0.000000000000000000e+00 3.711259479705839433e-05
1.555000000000000000e+03 1.329445137547849014e-14 1.194765445896770922e-14 2.837211363625932626e-13 0.000000000000000000e+00 2.402645235729771104e-05
1.556000000000000000e+03 1.327809659008875313e-14 1.187894315401425907e-14 2.826359896667852271e-13 0.000000000000000000e+00 6.145535183454705187e-05
1.557000000000000000e+03 1.326174180469901612e-14 1.181023184906081049e-14 2.815508429709772422e-13 0.000000000000000000e+00 4.758849663396496970e-05
1.558000000000000000e+03 1.324538701930927911e-14 1.174152054410736191e-14 2.804656962751692067e-13 0.000000000000000000e+00 2.845515412941239307e-05
1.559000000000000000e+03 1.322903223391954210e-14 1.167280923915391176e-14 2.793805495793611713e-13 0.000000000000000000e+00 4.660451021546914045e-05
1.560000000000000000e+03 1.321267744852980666e-14 1.160409793420046318e-14 2.782954028835531358e-13 0.000000000000000000e+00 4.826140822713027238e-05
1.561000000000000000e+03 1.319632266314006965e-14 1.153538662924701303e-14 2.772102561877451004e-13 0.000000000000000000e+00 3.534902696055398436e-05
1.562000000000000000e+03 1.317996787775033264e-14 1.146667532429356445e-14 2.761251094919370649e-13 0.000000000000000000e+00 6.013524486389687875e-05
1.563000000000000000e+03 1.316361309236059563e-14 1.139796401934011588e-14 2.750399627961290800e-13 0.000000000000000000e+00 5.122279279583175548e-05
1.564000000000000000e+03 1.314725830697085861e-14 1.132925271438666572e-14 2.739548161003210445e-13 0.000000000000000000e+00 3.202092948142429746e-05
1.565000000000000000e+03 1.321138682677855325e-14 1.133205452401892444e-14 2.753845742135432393e-13 0.000000000000000000e+00 5.598355661947680407e-05
1.566000000000000000e+03 1.335599865178367953e-14 1.140636944823689046e-14 2.793292371357956139e-13 0.000000000000000000e+00 3.537952235143299658e-05
1.567000000000000000e+03 1.350061047678880580e-14 1.148068437245485647e-14 2.832739000580480389e-13 0.000000000000000000e+00 4.096979423285659991e-05
1.568000000000000000e+03 1.364522230179393050e-14 1.155499929667282406e-14 2.872185629803004639e-13 0.000000000000000000e+00 2.892211514499502519e-05
1.569000000000000000e+03 1.378983412679905678e-14 1.162931422089079008e-14 2.911632259025528385e-13 0.000000000000000000e+00 2.565928531261543147e-05
1.570000000000000000e+03 1.393444595180418306e-14 1.170362914510875609e-14 2.951078888248052635e-13 0.000000000000000000e+00 7.111847195802011566e-05
1.571000000000000000e+03 1.407905777680930934e-14 1.177794406932672211e-14 2.990525517470576380e-13 0.000000000000000000e+00 4.283306611458592109e-05
1.572000000000000000e+03 1.422366960181443404e-14 1.185225899354468970e-14 3.029972146693100631e-13 0.000000000000000000e+00 4.347177857998332621e-05
1.573000000000000000e+03 1.436828142681956032e-14 1.192657391776265571e-14 3.069418775915624881e-13 0.000000000000000000e+00 4.824097521661699334e-05
1.574000000000000000e+03 1.451289325182468660e-14 1.200088884198062173e-14 3.108865405138148626e-13 0.000000000000000000e+00 3.764034452812317893e-05
1.575000000000000000e+03 1.456586363649719068e-14 1.198367204546564148e-14 3.119221735768385745e-13 0.000000000000000000e+00 4.942744435233300464e-05
1.576000000000000000e+03 1.452719258083706940e-14 1.187492352821771339e-14 3.100487767806335225e-13 0.000000000000000000e+00 3.091056158641958658e-05
1.577000000000000000e+03 1.448852152517695129e-14 1.176617501096978688e-14 3.081753799844284706e-13 0.000000000000000000e+00 3.818060651143821038e-05
1.578000000000000000e+03 1.444985046951683001e-14 1.165742649372185879e-14 3.063019831882234692e-13 0.000000000000000000e+00 3.786414971507216272e-05
1.579000000000000000e+03 1.441117941385670874e-14 1.154867797647393070e-14 3.044285863920184173e-13 0.000000000000000000e+00 4.572096620826201531e-05
1.580000000000000000e+03 1.437250835819659062e-14 1.143992945922600419e-14 3.025551895958133654e-13 0.000000000000000000e+00 4.581576673570233462e-05
1.581000000000000000e+03 1.433383730253646935e-14 1.133118094197807610e-14 3.006817927996083135e-13 0.000000000000000000e+00 4.964355374859377826e-05
1.582000000000000000e+03 1.429516624687634808e-14 1.122243242473014801e-14 2.988083960034033121e-13 0.000000000000000000e+00 3.275196860169226639e-05
1.583000000000000000e+03 1.425649519121622996e-14 1.111368390748222150e-14 2.969349992071982602e-13 0.000000000000000000e+00 3.253456405271918159e-05
1.584000000000000000e+03 1.421782413555610868e-14 1.100493539023429341e-14 2.950616024109932083e-13 0.000000000000000000e+00 6.273292245872304966e-05
1.585000000000000000e+03 1.422066780643551898e-14 1.093250314791619816e-14 2.945244925688081080e-13 0.000000000000000000e+00 4.304943454496668124e-05
1.586000000000000000e+03 1.426502620385445454e-14 1.089638718052793260e-14 2.953236696806428582e-13 0.000000000000000000e+00 2.639098009638435056e-05
1.587000000000000000e+03 1.430938460127339009e-14 1.086027121313966704e-14 2.961228467924776085e-13 0.000000000000000000e+00 3.007718992837334554e-05
1.588000000000000000e+03 1.435374299869232565e-14 1.082415524575140147e-14 2.969220239043123588e-13 0.000000000000000000e+00 5.030756674334567864e-05
1.589000000000000000e+03 1.439810139611126121e-14 1.078803927836313591e-14 2.977212010161471091e-13 0.000000000000000000e+00 3.179621605991382117e-05
1.590000000000000000e+03 1.444245979353019992e-14 1.075192331097487035e-14 2.985203781279818593e-13 0.000000000000000000e+00 4.111631285461692537e-05
1.591000000000000000e+03 1.448681819094913548e-14 1.071580734358660478e-14 2.993195552398166096e-13 0.000000000000000000e+00 4.530075455741664728e-05
1.592000000000000000e+03 1.453117658836807103e-14 1.067969137619833922e-14 3.001187323516513599e-13 0.000000000000000000e+00 5.494784440844637820e-05
1.593000000000000000e+03 1.457553498578700659e-14 1.064357540881007365e-14 3.009179094634861102e-13 0.000000000000000000e+00 3.571347697843479181e-05
1.594000000000000000e+03 1.461989338320594214e-14 1.060745944142180809e-14 3.017170865753208604e-13 0.000000000000000000e+00 3.387138446339384818e-05
1.595000000000000000e+03 1.464314485986093630e-14 1.054979030911825993e-14 3.017646017382926412e-13 0.000000000000000000e+00 4.446219198884558650e-05
1.596000000000000000e+03 1.464528941575198589e-14 1.047056801189942917e-14 3.010604549524014524e-13 0.000000000000000000e+00 1.984077352993849033e-05
1.597000000000000000e+03 1.464743397164303232e-14 1.039134571468059841e-14 3.003563081665102636e-13 0.000000000000000000e+00 4.178822654772927316e-05
1.598000000000000000e+03 1.464957852753408192e-14 1.031212341746176765e-14 2.996521613806190748e-13 0.000000000000000000e+00 5.347491292934012611e-05
1.599000000000000000e+03 1.465172308342513151e-14 1.023290112024293690e-14 2.989480145947278860e-13 0.000000000000000000e+00 2.872282076863580966e-05
1.600000000000000000e+03 1.465386763931617794e-14 1.015367882302410456e-14 2.982438678088366972e-13 0.000000000000000000e+00 4.626022985194461418e-05
1.601000000000000000e+03 1.465601219520722753e-14 1.007445652580527380e-14 2.975397210229455084e-13 0.000000000000000000e+00 4.877436503806663239e-05
1.602000000000000000e+03 1.465815675109827713e-14 9.995234228586443042e-15 2.968355742370543197e-13 0.000000000000000000e+00 3.427501371972872866e-05
1.603000000000000000e+03 1.466030130698932356e-14 9.916011931367612283e-15 2.961314274511631309e-13 0.000000000000000000e+00 3.914192573739616756e-05
1.604000000000000000e+03 1.466244586288037315e-14 9.836789634148781525e-15 2.954272806652719421e-13 0.000000000000000000e+00 3.685811121659225600e-05
1.605000000000000000e+03 1.471986004266546882e-14 9.789676429320069748e-15 2.959076012164348009e-13 0.000000000000000000e+00 2.498560901591548284e-05
1.606000000000000000e+03 1.483254384634460741e-14 9.774672316881478530e-15 2.975723891046517074e-13 0.000000000000000000e+00 5.837931020911668590e-05
1.607000000000000000e+03 1.494522765002374601e-14 9.759668204442885734e-15 2.992371769928686139e-13 0.000000000000000000e+00 3.329279293235805115e-05
1.608000000000000000e+03 1.505791145370288460e-14 9.744664092004294517e-15 3.009019648810855709e-13 0.000000000000000000e+00 2.421764628478781072e-05
1.609000000000000000e+03 1.517059525738202319e-14 9.729659979565703299e-15 3.025667527693024774e-13 0.000000000000000000e+00 3.073877204126279118e-05
1.610000000000000000e+03 1.528327906106116494e-14 9.714655867127110503e-15 3.042315406575193839e-13 0.000000000000000000e+00 6.009848839864755359e-05
1.611000000000000000e+03 1.539596286474030353e-14 9.699651754688519285e-15 3.058963285457362904e-13 0.000000000000000000e+00 3.501920333171032647e-05
1.612000000000000000e+03 1.550864666841944212e-14 9.684647642249928068e-15 3.075611164339532474e-13 0.000000000000000000e+00 4.564761679346081394e-05
1.613000000000000000e+03 1.562133047209858071e-14 9.669643529811335272e-15 3.092259043221701539e-13 0.000000000000000000e+00 3.303280786565230935e-05
1.614000000000000000e+03 1.573401427577771930e-14 9.654639417372744054e-15 3.108906922103870604e-13 0.000000000000000000e+00 4.739077293318139241e-05
1.615000000000000000e+03 1.581110798352752745e-14 9.616848081141912857e-15 3.121071036410702433e-13 0.000000000000000000e+00 2.964238489101710380e-05
1.616000000000000000e+03 1.585261159534800515e-14 9.556269521118840102e-15 3.128751386142196520e-13 0.000000000000000000e+00 4.294590438064196556e-05
1.617000000000000000e+03 1.589411520716848286e-14 9.495690961095768925e-15 3.136431735873690102e-13 0.000000000000000000e+00 1.805334998013526359e-05
1.618000000000000000e+03 1.593561881898895741e-14 9.435112401072696170e-15 3.144112085605184189e-13 0.000000000000000000e+00 3.463399152247169008e-05
1.619000000000000000e+03 1.597712243080943512e-14 9.374533841049623415e-15 3.151792435336678276e-13 0.000000000000000000e+00 3.422125359566067550e-05
1.620000000000000000e+03 1.601862604262991282e-14 9.313955281026552238e-15 3.159472785068171858e-13 0.000000000000000000e+00 6.029677917243130784e-05
1.621000000000000000e+03 1.606012965445039053e-14 9.253376721003479483e-15 3.167153134799665945e-13 0.000000000000000000e+00 3.278543289529225682e-05
1.622000000000000000e+03 1.610163326627086508e-14 9.192798160980406729e-15 3.174833484531160033e-13 0.000000000000000000e+00 3.437894476542184200e-05
1.623000000000000000e+03 1.614313687809134278e-14 9.132219600957335551e-15 3.182513834262653615e-13 0.000000000000000000e+00 3.652466574582833642e-05
1.624000000000000000e+03 1.618464048991182049e-14 9.071641040934262797e-15 3.190194183994147702e-13 0.000000000000000000e+00 3.706876127205639801e-05
1.625000000000000000e+03 1.618178454413843767e-14 8.978278425557405872e-15 3.181878107853364597e-13 0.000000000000000000e+00 3.040716607879150231e-05
1.626000000000000000e+03 1.613456904077119434e-14 8.852131754826763201e-15 3.157565605840304301e-13 0.000000000000000000e+00 4.160372334315815202e-05
1.627000000000000000e+03 1.608735353740395416e-14 8.725985084096120529e-15 3.133253103827243500e-13 0.000000000000000000e+00 2.441445226600535414e-05
1.628000000000000000e+03 1.604013803403671398e-14 8.599838413365477858e-15 3.108940601814183204e-13 0.000000000000000000e+00 3.881066337164632035e-05
1.629000000000000000e+03 1.599292253066947064e-14 8.473691742634835187e-15 3.084628099801122908e-13 0.000000000000000000e+00 3.907437222708141846e-05
1.630000000000000000e+03 1.594570702730223046e-14 8.347545071904192515e-15 3.060315597788062107e-13 0.000000000000000000e+00 4.300122559713328365e-05
1.631000000000000000e+03 1.589849152393498713e-14 8.221398401173551421e-15 3.036003095775001811e-13 0.000000000000000000e+00 2.813311994375463190e-05
1.632000000000000000e+03 1.585127602056774695e-14 8.095251730442908750e-15 3.011690593761941515e-13 0.000000000000000000e+00 4.831712349416857072e-05
1.633000000000000000e+03 1.580406051720050677e-14 7.969105059712266078e-15 2.987378091748880714e-13 0.000000000000000000e+00 1.891843508459471263e-05
1.634000000000000000e+03 1.575684501383326343e-14 7.842958388981623407e-15 2.963065589735820418e-13 0.000000000000000000e+00 4.639717859266735065e-05
1.635000000000000000e+03 1.579790540963181614e-14 7.767507375221200890e-15 2.961579555691759346e-13 0.000000000000000000e+00 3.552326516449014947e-05
1.636000000000000000e+03 1.592724170459616172e-14 7.742752018431000104e-15 2.982919989616698005e-13 0.000000000000000000e+00 2.966735539531079502e-05
1.637000000000000000e+03 1.605657799956050414e-14 7.717996661640797741e-15 3.004260423541636664e-13 0.000000000000000000e+00 2.978392113549777892e-05
1.638000000000000000e+03 1.618591429452484972e-14 7.693241304850596956e-15 3.025600857466574817e-13 0.000000000000000000e+00 3.464198879870878777e-05
1.639000000000000000e+03 1.631525058948919531e-14 7.668485948060396170e-15 3.046941291391513476e-13 0.000000000000000000e+00 2.390777040010028470e-05
1.640000000000000000e+03 1.644458688445353773e-14 7.643730591270193807e-15 3.068281725316452135e-13 0.000000000000000000e+00 4.555274474514694761e-05
1.641000000000000000e+03 1.657392317941788331e-14 7.618975234479993022e-15 3.089622159241390793e-13 0.000000000000000000e+00 4.716574952616711794e-05
1.642000000000000000e+03 1.670325947438222889e-14 7.594219877689792237e-15 3.110962593166328947e-13 0.000000000000000000e+00 4.166250885750379731e-05
1.643000000000000000e+03 1.683259576934657132e-14 7.569464520899589873e-15 3.132303027091267605e-13 0.000000000000000000e+00 3.259738601553866595e-05
1.644000000000000000e+03 1.696193206431091690e-14 7.544709164109389088e-15 3.153643461016206264e-13 0.000000000000000000e+00 1.868189887514393045e-05
1.645000000000000000e+03 1.702776791805405584e-14 7.482095520219590333e-15 3.159106409854962365e-13 0.000000000000000000e+00 3.398680437616740188e-05
1.646000000000000000e+03 1.703010333057598814e-14 7.381623589230193609e-15 3.148691873607536413e-13 0.000000000000000000e+00 3.528276366435560040e-05
1.647000000000000000e+03 1.703243874309792044e-14 7.281151658240796884e-15 3.138277337360110461e-13 0.000000000000000000e+00 1.764841143724095733e-05
1.648000000000000000e+03 1.703477415561985273e-14 7.180679727251400160e-15 3.127862801112684509e-13 0.000000000000000000e+00 5.421559490363648642e-05
1.649000000000000000e+03 1.703710956814178503e-14 7.080207796262003435e-15 3.117448264865258557e-13 0.000000000000000000e+00 2.408728477136280676e-05
1.650000000000000000e+03 1.703944498066371417e-14 6.979735865272607500e-15 3.107033728617833109e-13 0.000000000000000000e+00 3.482341261602388993e-05
1.651000000000000000e+03 1.704178039318564647e-14 6.879263934283210776e-15 3.096619192370407157e-13 0.000000000000000000e+00 4.752480668638090324e-05
1.652000000000000000e+03 1.704411580570757877e-14 6.778792003293814051e-15 3.086204656122981205e-13 0.000000000000000000e+00 3.322284215472531772e-05
1.653000000000000000e+03 1.704645121822951107e-14 6.678320072304418116e-15 3.075790119875555253e-13 0.000000000000000000e+00 2.282231244797534907e-05
1.654000000000000000e+03 1.704878663075144336e-14 6.577848141315021391e-15 3.065375583628129301e-13 0.000000000000000000e+00 3.014725804019662304e-05
1.655000000000000000e+03 1.707938689518062607e-14 6.492433000156550947e-15 3.061020727698113243e-13 0.000000000000000000e+00 3.955486537444090995e-05
1.656000000000000000e+03 1.713825201151705920e-14 6.422074648829007572e-15 3.062725552085506574e-13 0.000000000000000000e+00 3.167257518980586407e-05
1.657000000000000000e+03 1.719711712785349547e-14 6.351716297501464198e-15 3.064430376472900411e-13 0.000000000000000000e+00 3.683873533651177608e-05
1.658000000000000000e+03 1.725598224418992860e-14 6.281357946173920823e-15 3.066135200860293742e-13 0.000000000000000000e+00 2.058759528311888444e-05
1.659000000000000000e+03 1.731484736052636172e-14 6.210999594846377448e-15 3.067840025247687073e-13 0.000000000000000000e+00 2.925019030124454962e-05
1.660000000000000000e+03 1.737371247686279800e-14 6.140641243518833284e-15 3.069544849635080910e-13 0.000000000000000000e+00 4.263217796417223564e-05
1.661000000000000000e+03 1.743257759319923112e-14 6.070282892191289910e-15 3.071249674022474241e-13 0.000000000000000000e+00 3.137510538287215756e-05
1.662000000000000000e+03 1.749144270953566424e-14 5.999924540863746535e-15 3.072954498409867572e-13 0.000000000000000000e+00 4.431263105292998234e-05
1.663000000000000000e+03 1.755030782587210052e-14 5.929566189536203160e-15 3.074659322797261409e-13 0.000000000000000000e+00 1.527692441381729420e-05
1.664000000000000000e+03 1.760917294220853364e-14 5.859207838208659785e-15 3.076364147184654740e-13 0.000000000000000000e+00 4.782993599153739485e-05
1.665000000000000000e+03 1.767667553075160847e-14 5.790536696032160025e-15 3.080805973040636195e-13 0.000000000000000000e+00 2.687878995780194701e-05
1.666000000000000000e+03 1.775281559150132814e-14 5.723552763006705458e-15 3.087984800365205773e-13 0.000000000000000000e+00 2.426083807966236499e-05
1.667000000000000000e+03 1.782895565225104782e-14 5.656568829981250892e-15 3.095163627689775351e-13 0.000000000000000000e+00 2.836390538688319477e-05
1.668000000000000000e+03 1.790509571300076750e-14 5.589584896955795536e-15 3.102342455014344424e-13 0.000000000000000000e+00 2.376415940428966913e-05
1.669000000000000000e+03 1.798123577375048718e-14 5.522600963930340969e-15 3.109521282338914003e-13 0.000000000000000000e+00 3.527489744206241770e-05
1.670000000000000000e+03 1.805737583450020686e-14 5.455617030904886402e-15 3.116700109663483581e-13 0.000000000000000000e+00 4.706990596639334896e-05
1.671000000000000000e+03 1.813351589524992653e-14 5.388633097879431835e-15 3.123878936988053159e-13 0.000000000000000000e+00 2.837833974020985029e-05
1.672000000000000000e+03 1.820965595599964621e-14 5.321649164853976479e-15 3.131057764312622232e-13 0.000000000000000000e+00 2.373357255679313290e-05
1.673000000000000000e+03 1.828579601674936589e-14 5.254665231828521912e-15 3.138236591637191811e-13 0.000000000000000000e+00 3.662505529490025293e-05
1.674000000000000000e+03 1.836193607749908557e-14 5.187681298803067345e-15 3.145415418961761389e-13 0.000000000000000000e+00 3.011529018746954210e-05
1.675000000000000000e+03 1.837460721659551172e-14 5.103651010886572991e-15 3.135339479647759081e-13 0.000000000000000000e+00 2.301694292316159671e-05
1.676000000000000000e+03 1.832380943403864435e-14 5.002574368079039639e-15 3.108008773695185391e-13 0.000000000000000000e+00 3.643492715044219899e-05
1.677000000000000000e+03 1.827301165148177699e-14 4.901497725271506287e-15 3.080678067742611196e-13 0.000000000000000000e+00 3.238583432030024098e-05
1.678000000000000000e+03 1.822221386892490962e-14 4.800421082463972935e-15 3.053347361790037506e-13 0.000000000000000000e+00 2.604774915451012462e-05
1.679000000000000000e+03 1.817141608636804225e-14 4.699344439656439583e-15 3.026016655837463817e-13 0.000000000000000000e+00 3.154026086608039141e-05
1.680000000000000000e+03 1.812061830381117804e-14 4.598267796848906231e-15 2.998685949884890127e-13 0.000000000000000000e+00 2.645278046737039882e-05
1.681000000000000000e+03 1.806982052125431067e-14 4.497191154041373668e-15 2.971355243932316437e-13 0.000000000000000000e+00 3.334915761270620011e-05
1.682000000000000000e+03 1.801902273869744331e-14 4.396114511233840315e-15 2.944024537979742747e-13 0.000000000000000000e+00 3.544298844940209847e-05
1.683000000000000000e+03 1.796822495614057594e-14 4.295037868426306963e-15 2.916693832027168553e-13 0.000000000000000000e+00 3.317645601022781057e-05
1.684000000000000000e+03 1.791742717358370857e-14 4.193961225618773611e-15 2.889363126074594863e-13 0.000000000000000000e+00 3.295501923321836953e-05
1.685000000000000000e+03 1.795882276725177476e-14 4.123403054256969696e-15 2.884695211905342543e-13 0.000000000000000000e+00 1.585033850482018837e-05
1.686000000000000000e+03 1.809241173714476820e-14 4.083363354340896005e-15 2.902690089519412098e-13 0.000000000000000000e+00 3.248032221187788687e-05
1.687000000000000000e+03 1.822600070703776164e-14 4.043323654424821526e-15 2.920684967133481653e-13 0.000000000000000000e+00 2.653552598877182079e-05
1.688000000000000000e+03 1.835958967693075508e-14 4.003283954508747047e-15 2.938679844747551208e-13 0.000000000000000000e+00 2.218728677699242154e-05
1.689000000000000000e+03 1.849317864682374852e-14 3.963244254592673356e-15 2.956674722361620763e-13 0.000000000000000000e+00 2.566014290573482423e-05
1.690000000000000000e+03 1.862676761671674511e-14 3.923204554676598877e-15 2.974669599975690318e-13 0.000000000000000000e+00 4.174285987609128421e-05
1.691000000000000000e+03 1.876035658660973855e-14 3.883164854760525187e-15 2.992664477589759873e-13 0.000000000000000000e+00 3.288575246019570210e-05
1.692000000000000000e+03 1.889394555650273199e-14 3.843125154844450708e-15 3.010659355203829428e-13 0.000000000000000000e+00 3.655900726290944446e-05
1.693000000000000000e+03 1.902753452639572543e-14 3.803085454928376228e-15 3.028654232817898983e-13 0.000000000000000000e+00 2.395570762775503740e-05
1.694000000000000000e+03 1.916112349628871887e-14 3.763045755012302538e-15 3.046649110431968538e-13 0.000000000000000000e+00 2.119710662404703509e-05
1.695000000000000000e+03 1.924050029354147912e-14 3.710634377069650057e-15 3.050363508689319219e-13 0.000000000000000000e+00 3.555530272715005035e-05
1.696000000000000000e+03 1.926566491815399987e-14 3.645851321100420364e-15 3.039797427589951026e-13 0.000000000000000000e+00 2.340871343183441907e-05
1.697000000000000000e+03 1.929082954276652062e-14 3.581068265131190671e-15 3.029231346490582833e-13 0.000000000000000000e+00 2.092342937886917345e-05
1.698000000000000000e+03 1.931599416737904452e-14 3.516285209161961373e-15 3.018665265391214640e-13 0.000000000000000000e+00 3.454501121290297697e-05
1.699000000000000000e+03 1.934115879199156527e-14 3.451502153192731680e-15 3.008099184291846447e-13 0.000000000000000000e+00 2.141118160631199830e-05
1.700000000000000000e+03 1.936632341660408601e-14 3.386719097223501592e-15 2.997533103192478254e-13 0.000000000000000000e+00 3.617209353326914114e-05
1.701000000000000000e+03 1.939148804121660676e-14 3.321936041254271899e-15 2.986967022093110061e-13 0.000000000000000000e+00 3.074813175644039784e-05
1.702000000000000000e+03 1.941665266582913066e-14 3.257152985285042206e-15 2.976400940993741868e-13 0.000000000000000000e+00 2.478502380334048091e-05
1.703000000000000000e+03 1.944181729044165141e-14 3.192369929315812513e-15 2.965834859894373674e-13 0.000000000000000000e+00 2.635046822501590198e-05
1.704000000000000000e+03 1.946698191505417216e-14 3.127586873346582820e-15 2.955268778795005481e-13 0.000000000000000000e+00 3.233672768117583119e-05
1.705000000000000000e+03 1.950448020094337364e-14 3.075499640524329068e-15 2.946676566614906040e-13 0.000000000000000000e+00 2.616020665259219445e-05
1.706000000000000000e+03 1.955431214810925269e-14 3.036108230849051257e-15 2.940058223354074846e-13 0.000000000000000000e+00 2.305256667308842332e-05
1.707000000000000000e+03 1.960414409527512859e-14 2.996716821173773841e-15 2.933439880093243652e-13 0.000000000000000000e+00 2.315119656833049678e-05
1.708000000000000000e+03 1.965397604244100765e-14 2.957325411498496030e-15 2.926821536832411954e-13 0.000000000000000000e+00 3.329024292353825401e-05
1.709000000000000000e+03 1.970380798960688670e-14 2.917934001823218219e-15 2.920203193571580760e-13 0.000000000000000000e+00 1.833767403111752849e-05
1.710000000000000000e+03 1.975363993677276576e-14 2.878542592147940802e-15 2.913584850310749566e-13 0.000000000000000000e+00 3.393386691826011462e-05
1.711000000000000000e+03 1.980347188393864482e-14 2.839151182472662992e-15 2.906966507049918372e-13 0.000000000000000000e+00 2.963408840749653467e-05
1.712000000000000000e+03 1.985330383110452387e-14 2.799759772797385181e-15 2.900348163789086673e-13 0.000000000000000000e+00 3.057060138113552341e-05
1.713000000000000000e+03 1.990313577827039977e-14 2.760368363122107764e-15 2.893729820528255479e-13 0.000000000000000000e+00 2.600646787168597892e-05
1.714000000000000000e+03 1.995296772543627883e-14 2.720976953446829953e-15 2.887111477267424285e-13 0.000000000000000000e+00 2.721134565770140656e-05
1.715000000000000000e+03 2.001393351574033092e-14 2.689713565316358295e-15 2.883436526404579533e-13 0.000000000000000000e+00 2.529030939932415425e-05
1.716000000000000000e+03 2.008603314918255604e-14 2.666578198730693184e-15 2.882704967939721222e-13 0.000000000000000000e+00 1.765160788184820843e-05
1.717000000000000000e+03 2.015813278262477801e-14 2.643442832145027679e-15 2.881973409474863416e-13 0.000000000000000000e+00 2.847267110775471361e-05
1.718000000000000000e+03 2.023023241606700313e-14 2.620307465559362174e-15 2.881241851010005105e-13 0.000000000000000000e+00 3.340871387556064394e-05
1.719000000000000000e+03 2.030233204950922826e-14 2.597172098973697063e-15 2.880510292545146794e-13 0.000000000000000000e+00 1.275886017376955589e-05
1.720000000000000000e+03 2.037443168295145023e-14 2.574036732388031558e-15 2.879778734080288987e-13 0.000000000000000000e+00 4.089787174056848932e-05
1.721000000000000000e+03 2.044653131639367535e-14 2.550901365802366447e-15 2.879047175615430676e-13 0.000000000000000000e+00 1.709740512313201097e-05
1.722000000000000000e+03 2.051863094983590048e-14 2.527765999216700942e-15 2.878315617150572365e-13 0.000000000000000000e+00 3.389742111636729298e-05
1.723000000000000000e+03 2.059073058327812244e-14 2.504630632631035437e-15 2.877584058685714559e-13 0.000000000000000000e+00 1.863952359002384845e-05
1.724000000000000000e+03 2.066283021672034757e-14 2.481495266045370326e-15 2.876852500220856248e-13 0.000000000000000000e+00 2.770955868816405573e-05
1.725000000000000000e+03 2.070211739769447838e-14 2.462810592330559550e-15 2.868739414127530378e-13 0.000000000000000000e+00 2.384254495993639591e-05
1.726000000000000000e+03 2.070859212620051488e-14 2.448576611486603505e-15 2.853244800405737454e-13 0.000000000000000000e+00 2.421674694383777179e-05
1.727000000000000000e+03 2.071506685470654823e-14 2.434342630642647460e-15 2.837750186683944530e-13 0.000000000000000000e+00 3.118656165883507809e-05
1.728000000000000000e+03 2.072154158321258473e-14 2.420108649798691020e-15 2.822255572962151605e-13 0.000000000000000000e+00 2.213389889339831732e-05
1.729000000000000000e+03 2.072801631171862124e-14 2.405874668954734975e-15 2.806760959240358681e-13 0.000000000000000000e+00 1.697015243535705668e-05
1.730000000000000000e+03 2.073449104022465459e-14 2.391640688110778930e-15 2.791266345518565757e-13 0.000000000000000000e+00 2.955217690007515236e-05
1.731000000000000000e+03 2.074096576873069109e-14 2.377406707266822885e-15 2.775771731796772832e-13 0.000000000000000000e+00 2.857001871604491453e-05
1.732000000000000000e+03 2.074744049723672759e-14 2.363172726422866445e-15 2.760277118074979908e-13 0.000000000000000000e+00 2.578368862711305230e-05
1.733000000000000000e+03 2.075391522574276094e-14 2.348938745578910400e-15 2.744782504353186984e-13 0.000000000000000000e+00 2.553380227296673309e-05
1.734000000000000000e+03 2.076038995424879744e-14 2.334704764734954355e-15 2.729287890631394059e-13 0.000000000000000000e+00 2.806857061943283162e-05
1.735000000000000000e+03 2.086078594875433918e-14 2.342555190655208565e-15 2.731463612474014413e-13 0.000000000000000000e+00 1.773912481521613998e-05
1.736000000000000000e+03 2.105510320925938930e-14 2.372490023339672637e-15 2.751309669881049053e-13 0.000000000000000000e+00 2.645256207111198787e-05
1.737000000000000000e+03 2.124942046976443942e-14 2.402424856024137103e-15 2.771155727288083189e-13 0.000000000000000000e+00 2.127561971880630995e-05
1.738000000000000000e+03 2.144373773026948954e-14 2.432359688708601569e-15 2.791001784695117829e-13 0.000000000000000000e+00 1.780914206616960078e-05
1.739000000000000000e+03 2.163805499077453966e-14 2.462294521393065641e-15 2.810847842102152470e-13 0.000000000000000000e+00 1.878923848219682936e-05
1.740000000000000000e+03 2.183237225127958662e-14 2.492229354077530107e-15 2.830693899509186605e-13 0.000000000000000000e+00 4.512969668943623154e-05
1.741000000000000000e+03 2.202668951178463674e-14 2.522164186761994178e-15 2.850539956916221246e-13 0.000000000000000000e+00 1.754907274095641036e-05
1.742000000000000000e+03 2.222100677228968686e-14 2.552099019446458644e-15 2.870386014323255886e-13 0.000000000000000000e+00 2.621800452835136607e-05
1.743000000000000000e+03 2.241532403279473698e-14 2.582033852130923110e-15 2.890232071730290022e-13 0.000000000000000000e+00 2.243881681873058118e-05
1.744000000000000000e+03 2.260964129329978710e-14 2.611968684815387182e-15 2.910078129137324662e-13 0.000000000000000000e+00 2.189249321541021434e-05
1.745000000000000000e+03 2.268667433423842334e-14 2.635063442378474437e-15 2.907607925154519379e-13 0.000000000000000000e+00 2.267714383987671933e-05
1.746000000000000000e+03 2.264642315561064886e-14 2.651318124820184482e-15 2.882821459781874172e-13 0.000000000000000000e+00 2.661777933850795267e-05
1.747000000000000000e+03 2.260617197698287438e-14 2.667572807261894527e-15 2.858034994409228966e-13 0.000000000000000000e+00 1.862154030299046210e-05
1.748000000000000000e+03 2.256592079835509990e-14 2.683827489703604572e-15 2.833248529036583759e-13 0.000000000000000000e+00 2.153118038413524214e-05
1.749000000000000000e+03 2.252566961972732542e-14 2.700082172145314617e-15 2.808462063663938552e-13 0.000000000000000000e+00 2.624149389240264442e-05
1.750000000000000000e+03 2.248541844109955094e-14 2.716336854587024268e-15 2.783675598291293346e-13 0.000000000000000000e+00 2.717269090740056955e-05
1.751000000000000000e+03 2.244516726247177646e-14 2.732591537028734313e-15 2.758889132918648139e-13 0.000000000000000000e+00 2.325099348800016593e-05
1.752000000000000000e+03 2.240491608384400198e-14 2.748846219470444358e-15 2.734102667546002932e-13 0.000000000000000000e+00 1.650653640448330152e-05
1.753000000000000000e+03 2.236466490521622750e-14 2.765100901912154403e-15 2.709316202173357725e-13 0.000000000000000000e+00 2.611149585981339569e-05
1.754000000000000000e+03 2.232441372658845301e-14 2.781355584353864448e-15 2.684529736800712519e-13 0.000000000000000000e+00 2.884746170426003608e-05
1.755000000000000000e+03 2.232054455940047476e-14 2.810659042036793868e-15 2.670769844148553582e-13 0.000000000000000000e+00 1.824965587754992754e-05
1.756000000000000000e+03 2.235305740365228959e-14 2.853011274960943058e-15 2.668036524216880914e-13 0.000000000000000000e+00 2.652111804866418257e-05
1.757000000000000000e+03 2.238557024790410757e-14 2.895363507885092248e-15 2.665303204285207742e-13 0.000000000000000000e+00 1.322615920145390824e-05
1.758000000000000000e+03 2.241808309215592555e-14 2.937715740809241438e-15 2.662569884353534569e-13 0.000000000000000000e+00 2.408464440662011125e-05
1.759000000000000000e+03 2.245059593640774037e-14 2.980067973733390628e-15 2.659836564421861902e-13 0.000000000000000000e+00 2.234138457594374774e-05
1.760000000000000000e+03 2.248310878065955835e-14 3.022420206657539424e-15 2.657103244490188729e-13 0.000000000000000000e+00 1.967436445925017878e-05
1.761000000000000000e+03 2.251562162491137318e-14 3.064772439581688614e-15 2.654369924558516062e-13 0.000000000000000000e+00 3.143759398008902242e-05
1.762000000000000000e+03 2.254813446916319115e-14 3.107124672505837804e-15 2.651636604626842889e-13 0.000000000000000000e+00 2.772356786670038115e-05
1.763000000000000000e+03 2.258064731341500913e-14 3.149476905429986994e-15 2.648903284695169717e-13 0.000000000000000000e+00 1.735694681099330365e-05
1.764000000000000000e+03 2.261316015766682396e-14 3.191829138354136184e-15 2.646169964763497049e-13 0.000000000000000000e+00 1.907700304356404832e-05
1.765000000000000000e+03 2.266270887062626840e-14 3.240901147086836918e-15 2.643914500361343493e-13 0.000000000000000000e+00 2.034037576575188676e-05
1.766000000000000000e+03 2.272929345229334247e-14 3.296692931628089590e-15 2.642136891488709553e-13 0.000000000000000000e+00 2.157806259484227915e-05
1.767000000000000000e+03 2.279587803396041338e-14 3.352484716169342262e-15 2.640359282616076118e-13 0.000000000000000000e+00 1.757317225955491670e-05
1.768000000000000000e+03 2.286246261562748429e-14 3.408276500710594934e-15 2.638581673743442179e-13 0.000000000000000000e+00 2.840261513413873534e-05
1.769000000000000000e+03 2.292904719729455836e-14 3.464068285251847606e-15 2.636804064870808239e-13 0.000000000000000000e+00 1.525900814785737262e-05
1.770000000000000000e+03 2.299563177896162927e-14 3.519860069793100278e-15 2.635026455998174804e-13 0.000000000000000000e+00 2.496619687402561790e-05
1.771000000000000000e+03 2.306221636062870334e-14 3.575651854334352950e-15 2.633248847125540864e-13 0.000000000000000000e+00 2.813970863797052443e-05
1.772000000000000000e+03 2.312880094229577425e-14 3.631443638875605622e-15 2.631471238252906924e-13 0.000000000000000000e+00 2.147025313548721760e-05
1.773000000000000000e+03 2.319538552396284516e-14 3.687235423416858294e-15 2.629693629380273489e-13 0.000000000000000000e+00 1.971616058281449731e-05
1.774000000000000000e+03 2.326197010562991923e-14 3.743027207958111755e-15 2.627916020507639549e-13 0.000000000000000000e+00 1.336850714930209810e-05
1.775000000000000000e+03 2.334365587957883299e-14 3.805357490233024413e-15 2.629052689611225868e-13 0.000000000000000000e+00 2.373087239819307535e-05
1.776000000000000000e+03 2.344044284580959592e-14 3.874226270241597848e-15 2.633103636691031940e-13 0.000000000000000000e+00 2.632163159429739470e-05
1.777000000000000000e+03 2.353722981204035254e-14 3.943095050250171283e-15 2.637154583770838516e-13 0.000000000000000000e+00 1.976393430215132827e-05
1.778000000000000000e+03 2.363401677827111548e-14 4.011963830258744717e-15 2.641205530850644588e-13 0.000000000000000000e+00 1.639208815353224909e-05
1.779000000000000000e+03 2.373080374450187210e-14 4.080832610267318152e-15 2.645256477930451165e-13 0.000000000000000000e+00 1.797238357244397252e-05
1.780000000000000000e+03 2.382759071073263503e-14 4.149701390275891587e-15 2.649307425010257237e-13 0.000000000000000000e+00 2.407501267688730314e-05
1.781000000000000000e+03 2.392437767696339165e-14 4.218570170284465810e-15 2.653358372090063813e-13 0.000000000000000000e+00 2.572655677636141562e-05
1.782000000000000000e+03 2.402116464319415458e-14 4.287438950293039245e-15 2.657409319169869885e-13 0.000000000000000000e+00 2.327542884027251037e-05
1.783000000000000000e+03 2.411795160942491120e-14 4.356307730301612679e-15 2.661460266249676462e-13 0.000000000000000000e+00 1.574613074303868752e-05
1.784000000000000000e+03 2.421473857565567413e-14 4.425176510310186114e-15 2.665511213329482533e-13 0.000000000000000000e+00 2.402802649293221834e-05
1.785000000000000000e+03 2.428005764352544540e-14 4.482516362154995212e-15 2.663306049888553497e-13 0.000000000000000000e+00 2.431070883146310211e-05
1.786000000000000000e+03 2.431390881303422816e-14 4.528327285836039973e-15 2.654844775926888344e-13 0.000000000000000000e+00 1.497284633494276945e-05
1.787000000000000000e+03 2.434775998254301091e-14 4.574138209517084735e-15 2.646383501965223191e-13 0.000000000000000000e+00 1.668471350005367812e-05
1.788000000000000000e+03 2.438161115205179683e-14 4.619949133198129496e-15 2.637922228003558543e-13 0.000000000000000000e+00 1.409256094016071492e-05
1.789000000000000000e+03 2.441546232156057958e-14 4.665760056879174257e-15 2.629460954041893389e-13 0.000000000000000000e+00 2.619113909475074943e-05
1.790000000000000000e+03 2.444931349106936550e-14 4.711570980560219019e-15 2.620999680080228236e-13 0.000000000000000000e+00 2.895286071517846828e-05
1.791000000000000000e+03 2.448316466057814826e-14 4.757381904241263780e-15 2.612538406118563083e-13 0.000000000000000000e+00 1.816517699992400140e-05
1.792000000000000000e+03 2.451701583008693417e-14 4.803192827922308541e-15 2.604077132156898435e-13 0.000000000000000000e+00 1.882357653686646820e-05
1.793000000000000000e+03 2.455086699959571693e-14 4.849003751603353302e-15 2.595615858195233281e-13 0.000000000000000000e+00 1.769790679849717180e-05
1.794000000000000000e+03 2.458471816910449968e-14 4.894814675284398064e-15 2.587154584233568128e-13 0.000000000000000000e+00 2.260178115529231583e-05
1.795000000000000000e+03 2.463000509202320945e-14 4.939408758222370340e-15 2.580486747834211425e-13 0.000000000000000000e+00 1.627441164868107833e-05
1.796000000000000000e+03 2.468672776835184624e-14 4.982786000417269343e-15 2.575612348997163173e-13 0.000000000000000000e+00 2.143915259768609707e-05
1.797000000000000000e+03 2.474345044468048302e-14 5.026163242612168346e-15 2.570737950160114921e-13 0.000000000000000000e+00 1.861858383644398687e-05
1.798000000000000000e+03 2.480017312100911981e-14 5.069540484807068138e-15 2.565863551323066669e-13 0.000000000000000000e+00 2.142532586966663463e-05
1.799000000000000000e+03 2.485689579733775659e-14 5.112917727001967141e-15 2.560989152486018417e-13 0.000000000000000000e+00 1.486005335929850811e-05
1.800000000000000000e+03 2.491361847366639022e-14 5.156294969196866144e-15 2.556114753648969661e-13 0.000000000000000000e+00 2.299402594886440230e-05
1.801000000000000000e+03 2.497034114999502701e-14 5.199672211391765147e-15 2.551240354811921409e-13 0.000000000000000000e+00 1.657473011047126801e-05
1.802000000000000000e+03 2.502706382632366379e-14 5.243049453586664938e-15 2.546365955974873157e-13 0.000000000000000000e+00 2.121309165835297075e-05
1.803000000000000000e+03 2.508378650265230058e-14 5.286426695781563941e-15 2.541491557137824905e-13 0.000000000000000000e+00 2.534798217733261148e-05
1.804000000000000000e+03 2.514050917898093736e-14 5.329803937976462944e-15 2.536617158300776653e-13 0.000000000000000000e+00 1.876070782117382143e-05
1.805000000000000000e+03 2.516909234811527492e-14 5.365103957058273419e-15 2.532478526366393407e-13 0.000000000000000000e+00 1.593256771617634879e-05
1.806000000000000000e+03 2.516953601005531955e-14 5.392326753026994578e-15 2.529075661334676176e-13 0.000000000000000000e+00 1.941180347487657482e-05
1.807000000000000000e+03 2.516997967199536103e-14 5.419549548995715736e-15 2.525672796302958946e-13 0.000000000000000000e+00 1.661333536861394071e-05
1.808000000000000000e+03 2.517042333393540566e-14 5.446772344964436894e-15 2.522269931271241715e-13 0.000000000000000000e+00 1.386476695810329694e-05
1.809000000000000000e+03 2.517086699587544714e-14 5.473995140933158053e-15 2.518867066239524485e-13 0.000000000000000000e+00 2.075774627821285923e-05
1.810000000000000000e+03 2.517131065781549177e-14 5.501217936901879211e-15 2.515464201207806750e-13 0.000000000000000000e+00 2.278849314788678021e-05
1.811000000000000000e+03 2.517175431975553325e-14 5.528440732870600369e-15 2.512061336176089519e-13 0.000000000000000000e+00 1.908185845125411195e-05
1.812000000000000000e+03 2.517219798169557788e-14 5.555663528839321527e-15 2.508658471144372289e-13 0.000000000000000000e+00 2.841098247323589848e-05
1.813000000000000000e+03 2.517264164363561936e-14 5.582886324808042686e-15 2.505255606112655058e-13 0.000000000000000000e+00 1.413944286226827518e-05
1.814000000000000000e+03 2.517308530557566399e-14 5.610109120776763844e-15 2.501852741080937828e-13 0.000000000000000000e+00 1.102314159135670099e-05
1.815000000000000000e+03 2.523766641846996838e-14 5.640403520683486507e-15 2.503218618638095066e-13 0.000000000000000000e+00 1.773898912105965032e-05
1.816000000000000000e+03 2.536638498231853883e-14 5.673769524528209885e-15 2.509353238784127276e-13 0.000000000000000000e+00 2.061224612116575048e-05
1.817000000000000000e+03 2.549510354616710612e-14 5.707135528372933263e-15 2.515487858930159487e-13 0.000000000000000000e+00 2.013366938195554700e-05
1.818000000000000000e+03 2.562382211001567657e-14 5.740501532217656641e-15 2.521622479076191697e-13 0.000000000000000000e+00 1.972079592672288669e-05
1.819000000000000000e+03 2.575254067386424387e-14 5.773867536062380019e-15 2.527757099222223908e-13 0.000000000000000000e+00 1.056876745023574771e-05
1.820000000000000000e+03 2.588125923771281432e-14 5.807233539907103397e-15 2.533891719368256118e-13 0.000000000000000000e+00 2.914122209068176672e-05
1.821000000000000000e+03 2.600997780156138161e-14 5.840599543751826774e-15 2.540026339514288329e-13 0.000000000000000000e+00 1.507899590253025504e-05
1.822000000000000000e+03 2.613869636540995206e-14 5.873965547596550152e-15 2.546160959660320539e-13 0.000000000000000000e+00 2.032916782062583946e-05
1.823000000000000000e+03 2.626741492925851935e-14 5.907331551441273530e-15 2.552295579806352750e-13 0.000000000000000000e+00 1.428418151399934104e-05
1.824000000000000000e+03 2.639613349310708980e-14 5.940697555285996908e-15 2.558430199952384961e-13 0.000000000000000000e+00 1.304640842246429898e-05
1.825000000000000000e+03 2.647706342793079076e-14 5.955101508253778089e-15 2.560244142606865245e-13 0.000000000000000000e+00 2.767453924570751462e-05
1.826000000000000000e+03 2.651020473372962222e-14 5.950543410344615495e-15 2.557737407769792593e-13 0.000000000000000000e+00 1.947900234136359831e-05
1.827000000000000000e+03 2.654334603952845368e-14 5.945985312435453690e-15 2.555230672932720951e-13 0.000000000000000000e+00 1.088101865523615035e-05
1.828000000000000000e+03 2.657648734532728829e-14 5.941427214526291095e-15 2.552723938095648299e-13 0.000000000000000000e+00 1.743654738395038567e-05
1.829000000000000000e+03 2.660962865112611975e-14 5.936869116617129290e-15 2.550217203258576657e-13 0.000000000000000000e+00 1.592120590753122144e-05
1.830000000000000000e+03 2.664276995692495121e-14 5.932311018707966696e-15 2.547710468421504005e-13 0.000000000000000000e+00 1.826495070851370426e-05
1.831000000000000000e+03 2.667591126272378267e-14 5.927752920798804890e-15 2.545203733584432363e-13 0.000000000000000000e+00 2.039757209922061552e-05
1.832000000000000000e+03 2.670905256852261729e-14 5.923194822889642296e-15 2.542696998747359711e-13 0.000000000000000000e+00 2.193034457892497908e-05
1.833000000000000000e+03 2.674219387432144875e-14 5.918636724980480491e-15 2.540190263910288069e-13 0.000000000000000000e+00 1.400673455908588298e-05
1.834000000000000000e+03 2.677533518012028021e-14 5.914078627071317897e-15 2.537683529073215417e-13 0.000000000000000000e+00 2.444892988146422837e-05
1.835000000000000000e+03 2.680085247715118462e-14 5.892846710089938128e-15 2.531772554083104244e-13 0.000000000000000000e+00 1.306858455574870142e-05
1.836000000000000000e+03 2.681874576541415569e-14 5.854940974036340397e-15 2.522457338939953037e-13 0.000000000000000000e+00 1.436314066559231763e-05
1.837000000000000000e+03 2.683663905367712991e-14 5.817035237982742665e-15 2.513142123796801829e-13 0.000000000000000000e+00 1.457147301943004182e-05
1.838000000000000000e+03 2.685453234194010412e-14 5.779129501929144934e-15 2.503826908653650622e-13 0.000000000000000000e+00 1.771727128978529706e-05
1.839000000000000000e+03 2.687242563020307519e-14 5.741223765875547202e-15 2.494511693510499415e-13 0.000000000000000000e+00 1.950439162349198869e-05
1.840000000000000000e+03 2.689031891846604940e-14 5.703318029821948682e-15 2.485196478367348207e-13 0.000000000000000000e+00 2.202270541548874132e-05
1.841000000000000000e+03 2.690821220672902047e-14 5.665412293768350950e-15 2.475881263224197000e-13 0.000000000000000000e+00 1.481475870217013793e-05
1.842000000000000000e+03 2.692610549499199469e-14 5.627506557714753219e-15 2.466566048081045792e-13 0.000000000000000000e+00 1.668331949268220116e-05
1.843000000000000000e+03 2.694399878325496890e-14 5.589600821661155487e-15 2.457250832937894585e-13 0.000000000000000000e+00 1.531890291038198450e-05
1.844000000000000000e+03 2.696189207151793997e-14 5.551695085607557756e-15 2.447935617794743377e-13 0.000000000000000000e+00 1.968198889504152053e-05
1.845000000000000000e+03 2.698763418859247525e-14 5.505841906110998565e-15 2.439648073228004957e-13 0.000000000000000000e+00 1.256079787471510396e-05
1.846000000000000000e+03 2.702122513447857159e-14 5.452041283171477914e-15 2.432388199237678819e-13 0.000000000000000000e+00 2.040066695922110554e-05
1.847000000000000000e+03 2.705481608036466793e-14 5.398240660231957264e-15 2.425128325247352680e-13 0.000000000000000000e+00 1.782483920896722854e-05
1.848000000000000000e+03 2.708840702625076427e-14 5.344440037292436614e-15 2.417868451257026542e-13 0.000000000000000000e+00 1.869603365112097114e-05
1.849000000000000000e+03 2.712199797213686061e-14 5.290639414352915964e-15 2.410608577266700404e-13 0.000000000000000000e+00 1.144192145537483335e-05
1.850000000000000000e+03 2.715558891802295380e-14 5.236838791413396102e-15 2.403348703276374266e-13 0.000000000000000000e+00 1.652542415840087863e-05
1.851000000000000000e+03 2.718917986390905014e-14 5.183038168473875452e-15 2.396088829286048128e-13 0.000000000000000000e+00 1.556055469792719533e-05
1.852000000000000000e+03 2.722277080979514648e-14 5.129237545534354802e-15 2.388828955295721989e-13 0.000000000000000000e+00 1.826494294121412405e-05
1.853000000000000000e+03 2.725636175568124282e-14 5.075436922594834151e-15 2.381569081305395851e-13 0.000000000000000000e+00 2.566212519099088076e-05
1.854000000000000000e+03 2.728995270156733916e-14 5.021636299655313501e-15 2.374309207315069713e-13 0.000000000000000000e+00 1.538253594356453152e-05
1.855000000000000000e+03 2.738329910383600500e-14 4.978801143271364519e-15 2.376598837561824709e-13 0.000000000000000000e+00 1.024458018691741042e-05
1.856000000000000000e+03 2.753640096248724032e-14 4.946931453442985626e-15 2.388437972045661345e-13 0.000000000000000000e+00 2.216519023999896423e-05
1.857000000000000000e+03 2.768950282113847565e-14 4.915061763614608312e-15 2.400277106529497476e-13 0.000000000000000000e+00 1.290929233484532591e-05
1.858000000000000000e+03 2.784260467978971098e-14 4.883192073786229420e-15 2.412116241013334111e-13 0.000000000000000000e+00 1.249222353804130816e-05
1.859000000000000000e+03 2.799570653844094631e-14 4.851322383957852105e-15 2.423955375497170747e-13 0.000000000000000000e+00 1.276383364723381779e-05
1.860000000000000000e+03 2.814880839709218164e-14 4.819452694129473213e-15 2.435794509981006877e-13 0.000000000000000000e+00 2.411743933691703860e-05
1.861000000000000000e+03 2.830191025574341696e-14 4.787583004301095898e-15 2.447633644464843513e-13 0.000000000000000000e+00 2.181799570341867687e-05
1.862000000000000000e+03 2.845501211439465229e-14 4.755713314472717006e-15 2.459472778948680149e-13 0.000000000000000000e+00 1.130063795665057710e-05
1.863000000000000000e+03 2.860811397304588762e-14 4.723843624644339692e-15 2.471311913432516279e-13 0.000000000000000000e+00 1.718167780075305137e-05
1.864000000000000000e+03 2.876121583169712295e-14 4.691973934815960799e-15 2.483151047916352915e-13 0.000000000000000000e+00 1.070901347126934942e-05
1.865000000000000000e+03 2.884298837806960847e-14 4.627842199275713154e-15 2.481672402205578693e-13 0.000000000000000000e+00 1.566196940538685012e-05
1.866000000000000000e+03 2.885343161216334420e-14 4.531448418023595965e-15 2.466875976300193612e-13 0.000000000000000000e+00 1.654726629052745616e-05
1.867000000000000000e+03 2.886387484625707361e-14 4.435054636771478777e-15 2.452079550394808531e-13 0.000000000000000000e+00 1.837998123943404723e-05
1.868000000000000000e+03 2.887431808035080934e-14 4.338660855519361589e-15 2.437283124489423956e-13 0.000000000000000000e+00 1.630596982186676282e-05
1.869000000000000000e+03 2.888476131444454506e-14 4.242267074267244401e-15 2.422486698584038875e-13 0.000000000000000000e+00 1.559755922033344495e-05
1.870000000000000000e+03 2.889520454853828078e-14 4.145873293015126423e-15 2.407690272678653795e-13 0.000000000000000000e+00 2.093365379153704661e-05
1.871000000000000000e+03 2.890564778263201651e-14 4.049479511763009235e-15 2.392893846773268714e-13 0.000000000000000000e+00 1.260803733395289855e-05
1.872000000000000000e+03 2.891609101672575223e-14 3.953085730510892047e-15 2.378097420867884139e-13 0.000000000000000000e+00 1.379103099235792346e-05
1.873000000000000000e+03 2.892653425081948165e-14 3.856691949258774859e-15 2.363300994962499058e-13 0.000000000000000000e+00 1.401755518126227718e-05
1.874000000000000000e+03 2.893697748491321737e-14 3.760298168006656881e-15 2.348504569057113977e-13 0.000000000000000000e+00 2.220496452290130220e-05
1.875000000000000000e+03 2.896703404321576242e-14 3.679430942094152504e-15 2.342831264176742000e-13 0.000000000000000000e+00 1.741990236445715678e-05
1.876000000000000000e+03 2.901670392572710416e-14 3.614090271521260938e-15 2.346281080321382117e-13 0.000000000000000000e+00 1.468460192737895649e-05
1.877000000000000000e+03 2.906637380823845853e-14 3.548749600948369371e-15 2.349730896466022233e-13 0.000000000000000000e+00 8.813986479501255880e-06
1.878000000000000000e+03 2.911604369074980028e-14 3.483408930375477410e-15 2.353180712610662855e-13 0.000000000000000000e+00 1.656380063138757346e-05
1.879000000000000000e+03 2.916571357326115465e-14 3.418068259802585844e-15 2.356630528755302971e-13 0.000000000000000000e+00 1.493664250408788759e-05
1.880000000000000000e+03 2.921538345577249640e-14 3.352727589229693883e-15 2.360080344899943088e-13 0.000000000000000000e+00 1.650607029573718861e-05
1.881000000000000000e+03 2.926505333828385076e-14 3.287386918656802317e-15 2.363530161044583204e-13 0.000000000000000000e+00 1.624682683510721750e-05
1.882000000000000000e+03 2.931472322079519251e-14 3.222046248083910356e-15 2.366979977189223826e-13 0.000000000000000000e+00 1.887154855137167394e-05
1.883000000000000000e+03 2.936439310330654688e-14 3.156705577511018790e-15 2.370429793333863942e-13 0.000000000000000000e+00 1.578213406600882245e-05
1.884000000000000000e+03 2.941406298581788863e-14 3.091364906938126829e-15 2.373879609478504059e-13 0.000000000000000000e+00 1.649937994589106293e-05
1.885000000000000000e+03 2.943385696055442441e-14 3.008418227605417067e-15 2.369343511023888308e-13 0.000000000000000000e+00 1.279371386064379236e-05
1.886000000000000000e+03 2.942377502751613531e-14 2.907865539512889505e-15 2.356821497970015681e-13 0.000000000000000000e+00 9.858116559284884429e-06
1.887000000000000000e+03 2.941369309447785252e-14 2.807312851420361942e-15 2.344299484916143054e-13 0.000000000000000000e+00 1.667570930433522614e-05
1.888000000000000000e+03 2.940361116143956341e-14 2.706760163327834380e-15 2.331777471862270426e-13 0.000000000000000000e+00 1.648057528349208595e-05
1.889000000000000000e+03 2.939352922840127431e-14 2.606207475235306817e-15 2.319255458808397799e-13 0.000000000000000000e+00 1.705992061868795588e-05
1.890000000000000000e+03 2.938344729536299151e-14 2.505654787142778860e-15 2.306733445754525676e-13 0.000000000000000000e+00 1.732149367327867756e-05
1.891000000000000000e+03 2.937336536232470241e-14 2.405102099050251297e-15 2.294211432700653049e-13 0.000000000000000000e+00 9.906113372741829468e-06
1.892000000000000000e+03 2.936328342928641330e-14 2.304549410957723735e-15 2.281689419646780421e-13 0.000000000000000000e+00 1.997435876419939796e-05
1.893000000000000000e+03 2.935320149624813051e-14 2.203996722865196172e-15 2.269167406592907794e-13 0.000000000000000000e+00 1.268321615978266673e-05
1.894000000000000000e+03 2.934311956320984141e-14 2.103444034772668610e-15 2.256645393539035419e-13 0.000000000000000000e+00 1.570747500449904928e-05
1.895000000000000000e+03 2.939875161322915046e-14 2.007032656248643860e-15 2.251204097065533544e-13 0.000000000000000000e+00 1.484124780588494019e-05
1.896000000000000000e+03 2.952009764630604504e-14 1.914762587293121922e-15 2.252843517172402169e-13 0.000000000000000000e+00 1.722305070013163125e-05
1.897000000000000000e+03 2.964144367938293963e-14 1.822492518337599985e-15 2.254482937279270793e-13 0.000000000000000000e+00 1.464185281972922126e-05
1.898000000000000000e+03 2.976278971245983421e-14 1.730222449382078442e-15 2.256122357386139670e-13 0.000000000000000000e+00 1.571867267119654005e-05
1.899000000000000000e+03 2.988413574553672880e-14 1.637952380426556701e-15 2.257761777493008295e-13 0.000000000000000000e+00 9.597271103542597760e-06
1.900000000000000000e+03 3.000548177861362338e-14 1.545682311471034961e-15 2.259401197599876920e-13 0.000000000000000000e+00 1.327101706597829006e-05
1.901000000000000000e+03 3.012682781169051797e-14 1.453412242515513024e-15 2.261040617706745544e-13 0.000000000000000000e+00 1.730051703991783164e-05
1.902000000000000000e+03 3.024817384476741256e-14 1.361142173559991283e-15 2.262680037813614421e-13 0.000000000000000000e+00 1.791559902526229921e-05
1.903000000000000000e+03 3.036951987784430714e-14 1.268872104604469543e-15 2.264319457920483046e-13 0.000000000000000000e+00 1.451979717050084041e-05
1.904000000000000000e+03 3.049086591092120173e-14 1.176602035648947606e-15 2.265958878027351670e-13 0.000000000000000000e+00 1.830823514780878519e-05
1.905000000000000000e+03 3.058947418337513398e-14 1.081816748270124363e-15 2.268706633614529968e-13 0.000000000000000000e+00 1.438128432002535819e-05
1.906000000000000000e+03 3.066534469520609128e-14 9.845162424679990269e-16 2.272562724682017939e-13 0.000000000000000000e+00 1.179922075693926547e-05
1.907000000000000000e+03 3.074121520703705489e-14 8.872157366658739864e-16 2.276418815749506162e-13 0.000000000000000000e+00 1.167807444801573248e-05
1.908000000000000000e+03 3.081708571886801219e-14 7.899152308637488474e-16 2.280274906816993880e-13 0.000000000000000000e+00 1.102165362851873631e-05
1.909000000000000000e+03 3.089295623069897580e-14 6.926147250616237083e-16 2.284130997884482104e-13 0.000000000000000000e+00 1.713710916882493556e-05
1.910000000000000000e+03 3.096882674252993310e-14 5.953142192594985693e-16 2.287987088951969822e-13 0.000000000000000000e+00 2.215204930576678618e-05
1.911000000000000000e+03 3.104469725436089671e-14 4.980137134573734302e-16 2.291843180019457540e-13 0.000000000000000000e+00 1.432815405193084153e-05
1.912000000000000000e+03 3.112056776619185400e-14 4.007132076552482912e-16 2.295699271086945764e-13 0.000000000000000000e+00 1.226005935904182924e-05
1.913000000000000000e+03 3.119643827802281761e-14 3.034127018531231521e-16 2.299555362154433482e-13 0.000000000000000000e+00 1.067722004191052928e-05
1.914000000000000000e+03 3.127230878985377491e-14 2.061121960509979145e-16 2.303411453221921705e-13 0.000000000000000000e+00 1.791792113915661780e-05
1.915000000000000000e+03 3.131669770829998173e-14 9.373268278498079116e-17 2.297924113782532249e-13 0.000000000000000000e+00 9.751602365286303012e-06
1.916000000000000000e+03 3.132960503336142545e-14 -3.372583794492831636e-17 2.283093343836266123e-13 0.000000000000000000e+00 1.570123479106165152e-05
1.917000000000000000e+03 3.134251235842286917e-14 -1.611843586748374239e-16 2.268262573889999745e-13 0.000000000000000000e+00 1.560597443873950379e-05
1.918000000000000000e+03 3.135541968348431290e-14 -2.886428794047465314e-16 2.253431803943733366e-13 0.000000000000000000e+00 1.537274320460145589e-05
1.919000000000000000e+03 3.136832700854575662e-14 -4.161014001346556389e-16 2.238601033997466988e-13 0.000000000000000000e+00 1.438321390395529300e-05
1.920000000000000000e+03 3.138123433360720665e-14 -5.435599208645647465e-16 2.223770264051200862e-13 0.000000000000000000e+00 1.626395688440137284e-05
1.921000000000000000e+03 3.139414165866865037e-14 -6.710184415944738540e-16 2.208939494104934484e-13 0.000000000000000000e+00 1.012783253072740806e-05
1.922000000000000000e+03 3.140704898373009409e-14 -7.984769623243829615e-16 2.194108724158668105e-13 0.000000000000000000e+00 1.089308409053311283e-05
1.923000000000000000e+03 3.141995630879153781e-14 -9.259354830542921676e-16 2.179277954212401727e-13 0.000000000000000000e+00 1.779862926565503335e-05
1.924000000000000000e+03 3.143286363385298153e-14 -1.053394003784201275e-15 2.164447184266135349e-13 0.000000000000000000e+00 2.007324677098847599e-05
1.925000000000000000e+03 3.147965678179664394e-14 -1.165897235937960722e-15 2.159996980927762825e-13 0.000000000000000000e+00 1.095424778441855518e-05
1.926000000000000000e+03 3.156033575262250612e-14 -1.263445179515570902e-15 2.165927344197283651e-13 0.000000000000000000e+00 1.528603566632197951e-05
1.927000000000000000e+03 3.164101472344838092e-14 -1.360993123093181082e-15 2.171857707466804477e-13 0.000000000000000000e+00 5.536912322682306108e-06
1.928000000000000000e+03 3.172169369427424310e-14 -1.458541066670791064e-15 2.177788070736325303e-13 0.000000000000000000e+00 1.850269684457637616e-05
1.929000000000000000e+03 3.180237266510011790e-14 -1.556089010248401244e-15 2.183718434005846129e-13 0.000000000000000000e+00 1.254324167761743272e-05
1.930000000000000000e+03 3.188305163592598008e-14 -1.653636953826011424e-15 2.189648797275366955e-13 0.000000000000000000e+00 1.468250840818872533e-05
1.931000000000000000e+03 3.196373060675185488e-14 -1.751184897403621604e-15 2.195579160544887781e-13 0.000000000000000000e+00 1.785633169116838709e-05
1.932000000000000000e+03 3.204440957757771706e-14 -1.848732840981231587e-15 2.201509523814408607e-13 0.000000000000000000e+00 1.454869401762528050e-05
1.933000000000000000e+03 3.212508854840359186e-14 -1.946280784558841767e-15 2.207439887083929433e-13 0.000000000000000000e+00 1.655112596208995211e-05
1.934000000000000000e+03 3.220576751922945404e-14 -2.043828728136451947e-15 2.213370250353450259e-13 0.000000000000000000e+00 1.131168417759581921e-05
1.935000000000000000e+03 3.223224820065121831e-14 -2.151172457536885320e-15 2.207277190555917449e-13 0.000000000000000000e+00 1.020406426881992348e-05
1.936000000000000000e+03 3.220453059266887836e-14 -2.268311972760141885e-15 2.189160707691331256e-13 0.000000000000000000e+00 1.157412548361073540e-05
1.937000000000000000e+03 3.217681298468653841e-14 -2.385451487983398450e-15 2.171044224826744559e-13 0.000000000000000000e+00 1.482451455455781034e-05
1.938000000000000000e+03 3.214909537670419215e-14 -2.502591003206655015e-15 2.152927741962158366e-13 0.000000000000000000e+00 1.881712191154858108e-05
1.939000000000000000e+03 3.212137776872185220e-14 -2.619730518429911579e-15 2.134811259097571668e-13 0.000000000000000000e+00 1.297464806229797635e-05
1.940000000000000000e+03 3.209366016073950594e-14 -2.736870033653168144e-15 2.116694776232985476e-13 0.000000000000000000e+00 1.295239961117182088e-05
1.941000000000000000e+03 3.206594255275716599e-14 -2.854009548876424709e-15 2.098578293368398778e-13 0.000000000000000000e+00 1.350458811629897546e-05
1.942000000000000000e+03 3.203822494477481973e-14 -2.971149064099681274e-15 2.080461810503812585e-13 0.000000000000000000e+00 1.561042337667928036e-05
1.943000000000000000e+03 3.201050733679247978e-14 -3.088288579322937839e-15 2.062345327639225888e-13 0.000000000000000000e+00 9.127868770853187801e-06
1.944000000000000000e+03 3.198278972881013983e-14 -3.205428094546194404e-15 2.044228844774639695e-13 0.000000000000000000e+00 1.174489634078332235e-05
1.945000000000000000e+03 3.208233117099944477e-14 -3.332376981531963615e-15 2.042248149789114735e-13 0.000000000000000000e+00 1.892905662254631692e-05
1.946000000000000000e+03 3.230913166336040721e-14 -3.469135240280245472e-15 2.056403242682651512e-13 0.000000000000000000e+00 1.601822018225408019e-05
1.947000000000000000e+03 3.253593215572136334e-14 -3.605893499028527328e-15 2.070558335576188289e-13 0.000000000000000000e+00 1.394635574553809280e-05
1.948000000000000000e+03 3.276273264808231948e-14 -3.742651757776809185e-15 2.084713428469725066e-13 0.000000000000000000e+00 1.233014409966234493e-05
1.949000000000000000e+03 3.298953314044328192e-14 -3.879410016525091041e-15 2.098868521363261843e-13 0.000000000000000000e+00 7.583557180303507794e-06
1.950000000000000000e+03 3.321633363280423806e-14 -4.016168275273372898e-15 2.113023614256798620e-13 0.000000000000000000e+00 1.674490099196553907e-05
1.951000000000000000e+03 3.344313412516520050e-14 -4.152926534021653966e-15 2.127178707150335397e-13 0.000000000000000000e+00 1.155605041155730786e-05
1.952000000000000000e+03 3.366993461752615663e-14 -4.289684792769936611e-15 2.141333800043872175e-13 0.000000000000000000e+00 1.832612351488598220e-05
1.953000000000000000e+03 3.389673510988711277e-14 -4.426443051518217679e-15 2.155488892937408952e-13 0.000000000000000000e+00 1.235461263170848464e-05
1.954000000000000000e+03 3.412353560224807521e-14 -4.563201310266500324e-15 2.169643985830945729e-13 0.000000000000000000e+00 1.466948295728167977e-05
1.955000000000000000e+03 3.421257419078329996e-14 -4.680691380512927306e-15 2.168748396112196856e-13 0.000000000000000000e+00 1.390999308845597238e-05
1.956000000000000000e+03 3.416385087549279333e-14 -4.778913262257500991e-15 2.152802123781162585e-13 0.000000000000000000e+00 1.187083601842700701e-05
1.957000000000000000e+03 3.411512756020228670e-14 -4.877135144002074677e-15 2.136855851450128314e-13 0.000000000000000000e+00 9.492963516038464402e-06
1.958000000000000000e+03 3.406640424491178007e-14 -4.975357025746647573e-15 2.120909579119094044e-13 0.000000000000000000e+00 1.164541145693145627e-05
1.959000000000000000e+03 3.401768092962127343e-14 -5.073578907491221258e-15 2.104963306788059773e-13 0.000000000000000000e+00 2.031684022243800881e-05
1.960000000000000000e+03 3.396895761433076680e-14 -5.171800789235794154e-15 2.089017034457025503e-13 0.000000000000000000e+00 1.468113034966134618e-05
1.961000000000000000e+03 3.392023429904026017e-14 -5.270022670980367839e-15 2.073070762125991232e-13 0.000000000000000000e+00 1.188539632761010478e-05
1.962000000000000000e+03 3.387151098374975354e-14 -5.368244552724940736e-15 2.057124489794956961e-13 0.000000000000000000e+00 1.440225065556695090e-05
1.963000000000000000e+03 3.382278766845924690e-14 -5.466466434469514421e-15 2.041178217463922691e-13 0.000000000000000000e+00 8.754223251653252703e-06
1.964000000000000000e+03 3.377406435316874027e-14 -5.564688316214088106e-15 2.025231945132888420e-13 0.000000000000000000e+00 1.458147517394954818e-05
1.965000000000000000e+03 3.374392923152844422e-14 -5.660684396682685582e-15 2.009904306120836848e-13 0.000000000000000000e+00 1.228045502458515736e-05
1.966000000000000000e+03 3.373238230353835243e-14 -5.754454675875307639e-15 1.995195300427767975e-13 0.000000000000000000e+00 1.393324921549463609e-05
1.967000000000000000e+03 3.372083537554826695e-14 -5.848224955067928906e-15 1.980486294734699103e-13 0.000000000000000000e+00 1.551233562706638819e-05
1.968000000000000000e+03 3.370928844755817516e-14 -5.941995234260550963e-15 1.965777289041630230e-13 0.000000000000000000e+00 1.572177256202105742e-05
1.969000000000000000e+03 3.369774151956808337e-14 -6.035765513453173019e-15 1.951068283348561357e-13 0.000000000000000000e+00 1.113201620819432357e-05
1.970000000000000000e+03 3.368619459157799789e-14 -6.129535792645794286e-15 1.936359277655492737e-13 0.000000000000000000e+00 1.287545125380778133e-05
1.971000000000000000e+03 3.367464766358790610e-14 -6.223306071838416343e-15 1.921650271962423864e-13 0.000000000000000000e+00 9.392721393262038826e-06
1.972000000000000000e+03 3.366310073559781431e-14 -6.317076351031038399e-15 1.906941266269354991e-13 0.000000000000000000e+00 1.273096526813892141e-05
1.973000000000000000e+03 3.365155380760772883e-14 -6.410846630223659667e-15 1.892232260576286118e-13 0.000000000000000000e+00 1.906879440063825572e-05
1.974000000000000000e+03 3.364000687961763704e-14 -6.504616909416281723e-15 1.877523254883217246e-13 0.000000000000000000e+00 1.534970480873137170e-05
1.975000000000000000e+03 3.378922614351352742e-14 -6.625472907790202035e-15 1.877893569991680321e-13 0.000000000000000000e+00 9.286409471370403999e-06
1.976000000000000000e+03 3.409921159929538735e-14 -6.773414625345419814e-15 1.893343205901675346e-13 0.000000000000000000e+00 1.399170833726245006e-05
1.977000000000000000e+03 3.440919705507724727e-14 -6.921356342900638381e-15 1.908792841811670118e-13 0.000000000000000000e+00 1.235762394683704675e-05
1.978000000000000000e+03 3.471918251085910720e-14 -7.069298060455856949e-15 1.924242477721665143e-13 0.000000000000000000e+00 1.137281406182482190e-05
1.979000000000000000e+03 3.502916796664096712e-14 -7.217239778011074728e-15 1.939692113631659915e-13 0.000000000000000000e+00 7.645663016242648690e-06
1.980000000000000000e+03 3.533915342242282705e-14 -7.365181495566293295e-15 1.955141749541654939e-13 0.000000000000000000e+00 2.047073966926362223e-05
1.981000000000000000e+03 3.564913887820468698e-14 -7.513123213121511863e-15 1.970591385451649711e-13 0.000000000000000000e+00 1.385482715303302457e-05
1.982000000000000000e+03 3.595912433398654690e-14 -7.661064930676730430e-15 1.986041021361644736e-13 0.000000000000000000e+00 1.512749145224433038e-05
1.983000000000000000e+03 3.626910978976840683e-14 -7.809006648231947420e-15 2.001490657271639508e-13 0.000000000000000000e+00 1.428128676221829480e-05
1.984000000000000000e+03 3.657909524555026676e-14 -7.956948365787165988e-15 2.016940293181634532e-13 0.000000000000000000e+00 9.258158112910774956e-06
1.985000000000000000e+03 3.668715578584732449e-14 -8.059059837008434025e-15 2.015905374017990449e-13 0.000000000000000000e+00 7.417661397749701009e-06
1.986000000000000000e+03 3.659329141065957370e-14 -8.115341061895749954e-15 1.998385899780707509e-13 0.000000000000000000e+00 1.679526008781927706e-05
1.987000000000000000e+03 3.649942703547181661e-14 -8.171622286783065883e-15 1.980866425543424317e-13 0.000000000000000000e+00 1.528679817631390793e-05
1.988000000000000000e+03 3.640556266028406583e-14 -8.227903511670383390e-15 1.963346951306141377e-13 0.000000000000000000e+00 1.414616999205799186e-05
1.989000000000000000e+03 3.631169828509631505e-14 -8.284184736557699318e-15 1.945827477068858437e-13 0.000000000000000000e+00 1.091858689820427519e-05
1.990000000000000000e+03 3.621783390990855796e-14 -8.340465961445015247e-15 1.928308002831575498e-13 0.000000000000000000e+00 1.350072478144095198e-05
1.991000000000000000e+03 3.612396953472080718e-14 -8.396747186332331176e-15 1.910788528594292558e-13 0.000000000000000000e+00 1.277306285058919047e-05
1.992000000000000000e+03 3.603010515953305640e-14 -8.453028411219648683e-15 1.893269054357009618e-13 0.000000000000000000e+00 1.205878485896843265e-05
1.993000000000000000e+03 3.593624078434529931e-14 -8.509309636106964612e-15 1.875749580119726426e-13 0.000000000000000000e+00 9.537207456970324393e-06
1.994000000000000000e+03 3.584237640915754853e-14 -8.565590860994280541e-15 1.858230105882443486e-13 0.000000000000000000e+00 1.614135622226775470e-05
1.995000000000000000e+03 3.587214903542036654e-14 -8.639419374756121669e-15 1.850969593935654696e-13 0.000000000000000000e+00 1.654317868355433576e-05
1.996000000000000000e+03 3.602555866313375334e-14 -8.730795177392487995e-15 1.853968044279360056e-13 0.000000000000000000e+00 1.536892911587464303e-05
1.997000000000000000e+03 3.617896829084713384e-14 -8.822170980028854321e-15 1.856966494623065163e-13 0.000000000000000000e+00 9.622812482811351443e-06
1.998000000000000000e+03 3.633237791856052065e-14 -8.913546782665219069e-15 1.859964944966770523e-13 0.000000000000000000e+00 1.107257734649453454e-05
1.999000000000000000e+03 3.648578754627390745e-14 -9.004922585301585396e-15 1.862963395310475883e-13 0.000000000000000000e+00 1.053656334865090975e-05
2.000000000000000000e+03 3.663919717398728795e-14 -9.096298387937951722e-15 1.865961845654180990e-13 0.000000000000000000e+00 1.388031165418825650e-05
2.001000000000000000e+03 3.679260680170067475e-14 -9.187674190574318048e-15 1.868960295997886350e-13 0.000000000000000000e+00 1.507148326665731334e-05
2.002000000000000000e+03 3.694601642941406156e-14 -9.279049993210682797e-15 1.871958746341591710e-13 0.000000000000000000e+00 1.445429996145367509e-05
2.003000000000000000e+03 3.709942605712744205e-14 -9.370425795847049123e-15 1.874957196685296817e-13 0.000000000000000000e+00 1.074207223404441068e-05
2.004000000000000000e+03 3.725283568484082886e-14 -9.461801598483415449e-15 1.877955647029002177e-13 0.000000000000000000e+00 1.533680911632706302e-05
2.005000000000000000e+03 3.733701175043174527e-14 -9.525309972615690953e-15 1.873162003924184722e-13 0.000000000000000000e+00 9.380680603911098150e-06
2.006000000000000000e+03 3.735195425390019130e-14 -9.560950918243877212e-15 1.860576267370844704e-13 0.000000000000000000e+00 1.266088587662548321e-05
2.007000000000000000e+03 3.736689675736863101e-14 -9.596591863872061893e-15 1.847990530817504687e-13 0.000000000000000000e+00 7.567741020069510616e-06
2.008000000000000000e+03 3.738183926083707703e-14 -9.632232809500248153e-15 1.835404794264164670e-13 0.000000000000000000e+00 1.979787472594619034e-05
2.009000000000000000e+03 3.739678176430552305e-14 -9.667873755128434412e-15 1.822819057710824653e-13 0.000000000000000000e+00 1.468749870837347669e-05
2.010000000000000000e+03 3.741172426777396907e-14 -9.703514700756619093e-15 1.810233321157484383e-13 0.000000000000000000e+00 1.141081902799412505e-05
2.011000000000000000e+03 3.742666677124241510e-14 -9.739155646384805352e-15 1.797647584604144366e-13 0.000000000000000000e+00 1.226572543055809589e-05
2.012000000000000000e+03 3.744160927471086112e-14 -9.774796592012991611e-15 1.785061848050804348e-13 0.000000000000000000e+00 1.301688920222110890e-05
2.013000000000000000e+03 3.745655177817930083e-14 -9.810437537641176293e-15 1.772476111497464331e-13 0.000000000000000000e+00 1.053402962530080306e-05
2.014000000000000000e+03 3.747149428164774685e-14 -9.846078483269362552e-15 1.759890374944124314e-13 0.000000000000000000e+00 1.290320571954654427e-05
2.015000000000000000e+03 3.747302818347613546e-14 -9.862937139328576628e-15 1.746939182305503927e-13 0.000000000000000000e+00 1.222441556266148331e-05
2.016000000000000000e+03 3.746115348366447297e-14 -9.861013505818816943e-15 1.733622533581603674e-13 0.000000000000000000e+00 1.501397053428581835e-05
2.017000000000000000e+03 3.744927878385280417e-14 -9.859089872309057258e-15 1.720305884857703170e-13 0.000000000000000000e+00 1.439891917309772250e-05
2.018000000000000000e+03 3.743740408404113537e-14 -9.857166238799299151e-15 1.706989236133802665e-13 0.000000000000000000e+00 1.268638793988765217e-05
2.019000000000000000e+03 3.742552938422947288e-14 -9.855242605289539467e-15 1.693672587409902412e-13 0.000000000000000000e+00 1.272181348067467835e-05
2.020000000000000000e+03 3.741365468441780407e-14 -9.853318971779779782e-15 1.680355938686001908e-13 0.000000000000000000e+00 8.477617088295181762e-06
2.021000000000000000e+03 3.740177998460614158e-14 -9.851395338270020097e-15 1.667039289962101655e-13 0.000000000000000000e+00 1.072472179626104017e-05
2.022000000000000000e+03 3.738990528479447278e-14 -9.849471704760261990e-15 1.653722641238201150e-13 0.000000000000000000e+00 1.738495036772453806e-05
2.023000000000000000e+03 3.737803058498280398e-14 -9.847548071250502305e-15 1.640405992514300646e-13 0.000000000000000000e+00 1.289308083029305940e-05
2.024000000000000000e+03 3.736615588517114148e-14 -9.845624437740742620e-15 1.627089343790400393e-13 0.000000000000000000e+00 1.440316089416929587e-05
2.025000000000000000e+03 3.747422054727849541e-14 -9.866825323459620783e-15 1.624313487807836564e-13 0.000000000000000000e+00 1.034525772811237739e-05
2.026000000000000000e+03 3.770222457130487837e-14 -9.911150728407135216e-15 1.632078424566609914e-13 0.000000000000000000e+00 1.582572456086659866e-05
2.027000000000000000e+03 3.793022859533126133e-14 -9.955476133354649649e-15 1.639843361325382760e-13 0.000000000000000000e+00 9.686353053627930063e-06
2.028000000000000000e+03 3.815823261935764430e-14 -9.999801538302164082e-15 1.647608298084156111e-13 0.000000000000000000e+00 1.103607936722323331e-05
2.029000000000000000e+03 3.838623664338402726e-14 -1.004412694324967851e-14 1.655373234842928956e-13 0.000000000000000000e+00 1.025589639003515204e-05
2.030000000000000000e+03 3.861424066741040391e-14 -1.008845234819719295e-14 1.663138171601702307e-13 0.000000000000000000e+00 1.868281693675370316e-05
2.031000000000000000e+03 3.884224469143678687e-14 -1.013277775314470738e-14 1.670903108360475153e-13 0.000000000000000000e+00 1.399333927547426961e-05
2.032000000000000000e+03 3.907024871546316984e-14 -1.017710315809222181e-14 1.678668045119248503e-13 0.000000000000000000e+00 1.241383484071410956e-05
2.033000000000000000e+03 3.929825273948955280e-14 -1.022142856303973625e-14 1.686432981878021349e-13 0.000000000000000000e+00 1.119400313295860394e-05
2.034000000000000000e+03 3.952625676351593576e-14 -1.026575396798725068e-14 1.694197918636794700e-13 0.000000000000000000e+00 1.076359563248501360e-05
2.035000000000000000e+03 3.967994545240055722e-14 -1.027310294163235663e-14 1.692525481398020876e-13 0.000000000000000000e+00 1.043093307223494159e-05
2.036000000000000000e+03 3.975931880614342979e-14 -1.024347548397505568e-14 1.681415670161700131e-13 0.000000000000000000e+00 1.194311095408701546e-05
2.037000000000000000e+03 3.983869215988629606e-14 -1.021384802631775473e-14 1.670305858925379386e-13 0.000000000000000000e+00 1.826935283343591730e-05
2.038000000000000000e+03 3.991806551362916233e-14 -1.018422056866045378e-14 1.659196047689058893e-13 0.000000000000000000e+00 1.158491294693840577e-05
2.039000000000000000e+03 3.999743886737203490e-14 -1.015459311100315283e-14 1.648086236452738148e-13 0.000000000000000000e+00 1.174942420984757817e-05
2.040000000000000000e+03 4.007681222111490117e-14 -1.012496565334585188e-14 1.636976425216417403e-13 0.000000000000000000e+00 1.547403175257187978e-05
2.041000000000000000e+03 4.015618557485777374e-14 -1.009533819568855093e-14 1.625866613980096657e-13 0.000000000000000000e+00 9.704500259731314898e-06
2.042000000000000000e+03 4.023555892860064001e-14 -1.006571073803124999e-14 1.614756802743776165e-13 0.000000000000000000e+00 1.053086697856514261e-05
2.043000000000000000e+03 4.031493228234350627e-14 -1.003608328037394904e-14 1.603646991507455419e-13 0.000000000000000000e+00 7.473347026440637762e-06
2.044000000000000000e+03 4.039430563608637885e-14 -1.000645582271664809e-14 1.592537180271134674e-13 0.000000000000000000e+00 2.165984444478497888e-05
2.045000000000000000e+03 4.049663441030315875e-14 -9.971420492453952744e-15 1.587522265330923792e-13 0.000000000000000000e+00 1.224220547638251016e-05
2.046000000000000000e+03 4.062191860499385227e-14 -9.930977289585866166e-15 1.588602246686822520e-13 0.000000000000000000e+00 1.380482378977718084e-05
2.047000000000000000e+03 4.074720279968454580e-14 -9.890534086717779588e-15 1.589682228042721501e-13 0.000000000000000000e+00 1.142898926542870761e-05
2.048000000000000000e+03 4.087248699437523933e-14 -9.850090883849691431e-15 1.590762209398620229e-13 0.000000000000000000e+00 1.228204024024015985e-05
2.049000000000000000e+03 4.099777118906593285e-14 -9.809647680981604853e-15 1.591842190754518958e-13 0.000000000000000000e+00 1.002184900843557761e-05
2.050000000000000000e+03 4.112305538375662638e-14 -9.769204478113516697e-15 1.592922172110417686e-13 0.000000000000000000e+00 1.172492965236416038e-05
2.051000000000000000e+03 4.124833957844731990e-14 -9.728761275245430118e-15 1.594002153466316414e-13 0.000000000000000000e+00 1.552455544758609115e-05
2.052000000000000000e+03 4.137362377313801343e-14 -9.688318072377341962e-15 1.595082134822215143e-13 0.000000000000000000e+00 1.435076876248927659e-05
2.053000000000000000e+03 4.149890796782870696e-14 -9.647874869509255384e-15 1.596162116178114124e-13 0.000000000000000000e+00 1.290043146163412768e-05
2.054000000000000000e+03 4.162419216251940048e-14 -9.607431666641168805e-15 1.597242097534012852e-13 0.000000000000000000e+00 1.207717688086375608e-05
2.055000000000000000e+03 4.164800072621889795e-14 -9.531062352470076016e-15 1.592085799318645951e-13 0.000000000000000000e+00 1.357570072564417055e-05
2.056000000000000000e+03 4.157033365892719936e-14 -9.418766926995981749e-15 1.580693221532013168e-13 0.000000000000000000e+00 7.774684032063676511e-06
2.057000000000000000e+03 4.149266659163550708e-14 -9.306471501521884326e-15 1.569300643745380386e-13 0.000000000000000000e+00 8.372919432176551411e-06
2.058000000000000000e+03 4.141499952434380850e-14 -9.194176076047790059e-15 1.557908065958747856e-13 0.000000000000000000e+00 2.118824432750718493e-05
2.059000000000000000e+03 4.133733245705210991e-14 -9.081880650573692636e-15 1.546515488172115073e-13 0.000000000000000000e+00 1.331192107998674711e-05
2.060000000000000000e+03 4.125966538976041763e-14 -8.969585225099598369e-15 1.535122910385482543e-13 0.000000000000000000e+00 1.247805542393442026e-05
2.061000000000000000e+03 4.118199832246871904e-14 -8.857289799625500947e-15 1.523730332598849760e-13 0.000000000000000000e+00 6.758598437663474255e-06
2.062000000000000000e+03 4.110433125517702045e-14 -8.744994374151406679e-15 1.512337754812217230e-13 0.000000000000000000e+00 1.857044199043219620e-05
2.063000000000000000e+03 4.102666418788532817e-14 -8.632698948677309257e-15 1.500945177025584448e-13 0.000000000000000000e+00 1.005518202567220048e-05
2.064000000000000000e+03 4.094899712059362958e-14 -8.520403523203214990e-15 1.489552599238951665e-13 0.000000000000000000e+00 8.346579774836205702e-06
2.065000000000000000e+03 4.090864060283379461e-14 -8.412633774340197235e-15 1.480499099272989968e-13 0.000000000000000000e+00 1.672888258556688259e-05
2.066000000000000000e+03 4.090559463460582326e-14 -8.309389702088260725e-15 1.473784677127699356e-13 0.000000000000000000e+00 1.486676717969859822e-05
2.067000000000000000e+03 4.090254866637784560e-14 -8.206145629836324216e-15 1.467070254982408744e-13 0.000000000000000000e+00 1.359028102060774985e-05
2.068000000000000000e+03 4.089950269814987425e-14 -8.102901557584386129e-15 1.460355832837118132e-13 0.000000000000000000e+00 1.109247078678372804e-05
2.069000000000000000e+03 4.089645672992190289e-14 -7.999657485332449620e-15 1.453641410691827520e-13 0.000000000000000000e+00 1.186692020652167708e-05
2.070000000000000000e+03 4.089341076169392523e-14 -7.896413413080513110e-15 1.446926988546536908e-13 0.000000000000000000e+00 7.914194387362269681e-06
2.071000000000000000e+03 4.089036479346595388e-14 -7.793169340828576601e-15 1.440212566401246296e-13 0.000000000000000000e+00 1.108734897094619435e-05
2.072000000000000000e+03 4.088731882523798253e-14 -7.689925268576638514e-15 1.433498144255955684e-13 0.000000000000000000e+00 2.022804630833175907e-05
2.073000000000000000e+03 4.088427285701000487e-14 -7.586681196324702005e-15 1.426783722110665072e-13 0.000000000000000000e+00 1.251220275914800269e-05
2.074000000000000000e+03 4.088122688878203352e-14 -7.483437124072765496e-15 1.420069299965374460e-13 0.000000000000000000e+00 9.521903935539602159e-06
2.075000000000000000e+03 4.101763064156383999e-14 -7.395155156962795714e-15 1.421631353030059109e-13 0.000000000000000000e+00 1.664425805200866082e-05
2.076000000000000000e+03 4.129348411535542431e-14 -7.321835294994794238e-15 1.431469881304719523e-13 0.000000000000000000e+00 1.153268527988627534e-05
2.077000000000000000e+03 4.156933758914700231e-14 -7.248515433026792762e-15 1.441308409579379937e-13 0.000000000000000000e+00 8.413598904246966486e-06
2.078000000000000000e+03 4.184519106293858662e-14 -7.175195571058789708e-15 1.451146937854040098e-13 0.000000000000000000e+00 9.809153587363659535e-06
2.079000000000000000e+03 4.212104453673017093e-14 -7.101875709090789021e-15 1.460985466128700512e-13 0.000000000000000000e+00 1.515148044242321038e-05
2.080000000000000000e+03 4.239689801052174893e-14 -7.028555847122786757e-15 1.470823994403360926e-13 0.000000000000000000e+00 1.700263674938396412e-05
2.081000000000000000e+03 4.267275148431333324e-14 -6.955235985154785281e-15 1.480662522678021340e-13 0.000000000000000000e+00 1.472719245853109618e-05
2.082000000000000000e+03 4.294860495810491755e-14 -6.881916123186783805e-15 1.490501050952681502e-13 0.000000000000000000e+00 9.213284807964614671e-06
2.083000000000000000e+03 4.322445843189649555e-14 -6.808596261218782329e-15 1.500339579227341916e-13 0.000000000000000000e+00 9.988252411532128966e-06
2.084000000000000000e+03 4.350031190568807986e-14 -6.735276399250780064e-15 1.510178107502002330e-13 0.000000000000000000e+00 1.447070684971264097e-05
2.085000000000000000e+03 4.350127363674870217e-14 -6.615362466824755799e-15 1.505448528085983491e-13 0.000000000000000000e+00 9.699974268028681092e-06
2.086000000000000000e+03 4.322734362507837509e-14 -6.448854463940709534e-15 1.486150840979285651e-13 0.000000000000000000e+00 1.526318964828620351e-05
2.087000000000000000e+03 4.295341361340803540e-14 -6.282346461056663269e-15 1.466853153872587559e-13 0.000000000000000000e+00 1.435985620591337489e-05
2.088000000000000000e+03 4.267948360173770833e-14 -6.115838458172617004e-15 1.447555466765889719e-13 0.000000000000000000e+00 1.225529650222398136e-05
2.089000000000000000e+03 4.240555359006736863e-14 -5.949330455288570739e-15 1.428257779659191880e-13 0.000000000000000000e+00 1.562550239678597410e-05
2.090000000000000000e+03 4.213162357839704156e-14 -5.782822452404523686e-15 1.408960092552494040e-13 0.000000000000000000e+00 9.267899881459666693e-06
2.091000000000000000e+03 4.185769356672670186e-14 -5.616314449520477421e-15 1.389662405445796200e-13 0.000000000000000000e+00 1.063457594285485188e-05
2.092000000000000000e+03 4.158376355505637479e-14 -5.449806446636431156e-15 1.370364718339098361e-13 0.000000000000000000e+00 1.037035841286836989e-05
2.093000000000000000e+03 4.130983354338603509e-14 -5.283298443752384891e-15 1.351067031232400269e-13 0.000000000000000000e+00 1.670707360724999602e-05
2.094000000000000000e+03 4.103590353171570802e-14 -5.116790440868338626e-15 1.331769344125702429e-13 0.000000000000000000e+00 1.507354299809525149e-05
2.095000000000000000e+03 4.100016206757393051e-14 -4.986075341877537871e-15 1.326933820060784169e-13 0.000000000000000000e+00 1.171411350975087267e-05
2.096000000000000000e+03 4.120260915096071518e-14 -4.891153146779982627e-15 1.336560459037645236e-13 0.000000000000000000e+00 1.041772167803357668e-05
2.097000000000000000e+03 4.140505623434750616e-14 -4.796230951682427382e-15 1.346187098014506556e-13 0.000000000000000000e+00 1.319708734369229079e-05
2.098000000000000000e+03 4.160750331773429084e-14 -4.701308756584872138e-15 1.355813736991367623e-13 0.000000000000000000e+00 1.295521358648396923e-05
2.099000000000000000e+03 4.180995040112107551e-14 -4.606386561487316893e-15 1.365440375968228943e-13 0.000000000000000000e+00 7.759585745867372391e-06
2.100000000000000000e+03 4.201239748450786649e-14 -4.511464366389762438e-15 1.375067014945090010e-13 0.000000000000000000e+00 1.659470736537254886e-05
2.101000000000000000e+03 4.221484456789465117e-14 -4.416542171292207193e-15 1.384693653921951330e-13 0.000000000000000000e+00 1.264187990720048348e-05
2.102000000000000000e+03 4.241729165128143584e-14 -4.321619976194651949e-15 1.394320292898812397e-13 0.000000000000000000e+00 1.738196860785837125e-05
2.103000000000000000e+03 4.261973873466822683e-14 -4.226697781097096704e-15 1.403946931875673716e-13 0.000000000000000000e+00 1.066004171114698543e-05
2.104000000000000000e+03 4.282218581805501150e-14 -4.131775585999542248e-15 1.413573570852534784e-13 0.000000000000000000e+00 1.289818293189178301e-05
2.105000000000000000e+03 4.291266712970177403e-14 -4.022406193807162354e-15 1.416309084789009326e-13 0.000000000000000000e+00 9.918363482916934415e-06
2.106000000000000000e+03 4.289118266960850809e-14 -3.898589604519958597e-15 1.412153473685096838e-13 0.000000000000000000e+00 1.272732913135971287e-05
2.107000000000000000e+03 4.286969820951524847e-14 -3.774773015232754052e-15 1.407997862581184350e-13 0.000000000000000000e+00 1.046331316988336988e-05
2.108000000000000000e+03 4.284821374942198254e-14 -3.650956425945550296e-15 1.403842251477271863e-13 0.000000000000000000e+00 1.872481702762190080e-05
2.109000000000000000e+03 4.282672928932872292e-14 -3.527139836658346540e-15 1.399686640373359375e-13 0.000000000000000000e+00 8.273283880096161133e-06
2.110000000000000000e+03 4.280524482923545699e-14 -3.403323247371142783e-15 1.395531029269447140e-13 0.000000000000000000e+00 1.397850256874463352e-05
2.111000000000000000e+03 4.278376036914219737e-14 -3.279506658083939027e-15 1.391375418165534652e-13 0.000000000000000000e+00 1.258852746724295070e-05
2.112000000000000000e+03 4.276227590904893143e-14 -3.155690068796734877e-15 1.387219807061622164e-13 0.000000000000000000e+00 1.209246478703525701e-05
2.113000000000000000e+03 4.274079144895567181e-14 -3.031873479509531120e-15 1.383064195957709677e-13 0.000000000000000000e+00 1.016293092221232646e-05
2.114000000000000000e+03 4.271930698886240588e-14 -2.908056890222326970e-15 1.378908584853797189e-13 0.000000000000000000e+00 1.235095885638149160e-05
2.115000000000000000e+03 4.272378055629610962e-14 -2.795644613658951609e-15 1.377942091847236629e-13 0.000000000000000000e+00 1.702628399080429133e-05
2.116000000000000000e+03 4.275421215125678933e-14 -2.694636649819404251e-15 1.380164716938027744e-13 0.000000000000000000e+00 1.704155308734003142e-05
2.117000000000000000e+03 4.278464374621745642e-14 -2.593628685979857287e-15 1.382387342028818607e-13 0.000000000000000000e+00 9.846522294885897637e-06
2.118000000000000000e+03 4.281507534117813614e-14 -2.492620722140309928e-15 1.384609967119609722e-13 0.000000000000000000e+00 8.865971504177315630e-06
2.119000000000000000e+03 4.284550693613880323e-14 -2.391612758300762964e-15 1.386832592210400837e-13 0.000000000000000000e+00 1.310846972454367722e-05
2.120000000000000000e+03 4.287593853109948294e-14 -2.290604794461215605e-15 1.389055217301191952e-13 0.000000000000000000e+00 1.381712389407070257e-05
2.121000000000000000e+03 4.290637012606015003e-14 -2.189596830621668641e-15 1.391277842391983068e-13 0.000000000000000000e+00 1.011608038772960423e-05
2.122000000000000000e+03 4.293680172102082975e-14 -2.088588866782121282e-15 1.393500467482774183e-13 0.000000000000000000e+00 2.006214504802115601e-05
2.123000000000000000e+03 4.296723331598149684e-14 -1.987580902942574318e-15 1.395723092573565045e-13 0.000000000000000000e+00 9.121862084853957402e-06
2.124000000000000000e+03 4.299766491094217655e-14 -1.886572939103026960e-15 1.397945717664356161e-13 0.000000000000000000e+00 1.210806982276078992e-05
2.125000000000000000e+03 4.299233353041477316e-14 -1.790521049091380111e-15 1.397941446252096169e-13 0.000000000000000000e+00 1.478678839055384695e-05
2.126000000000000000e+03 4.295123917439929929e-14 -1.699425232907633772e-15 1.395710278336785324e-13 0.000000000000000000e+00 1.060946936746545156e-05
2.127000000000000000e+03 4.291014481838382542e-14 -1.608329416723887237e-15 1.393479110421474479e-13 0.000000000000000000e+00 8.999831755523842334e-06
2.128000000000000000e+03 4.286905046236835156e-14 -1.517233600540140701e-15 1.391247942506163634e-13 0.000000000000000000e+00 1.657272002008909341e-05
2.129000000000000000e+03 4.282795610635287769e-14 -1.426137784356394165e-15 1.389016774590852789e-13 0.000000000000000000e+00 1.390997270409310236e-05
2.130000000000000000e+03 4.278686175033740382e-14 -1.335041968172647629e-15 1.386785606675541692e-13 0.000000000000000000e+00 1.564066952385929598e-05
2.131000000000000000e+03 4.274576739432192995e-14 -1.243946151988901290e-15 1.384554438760230847e-13 0.000000000000000000e+00 8.515468748988975939e-06
2.132000000000000000e+03 4.270467303830645608e-14 -1.152850335805154755e-15 1.382323270844920002e-13 0.000000000000000000e+00 1.249390709473081287e-05
2.133000000000000000e+03 4.266357868229098221e-14 -1.061754519621408219e-15 1.380092102929609157e-13 0.000000000000000000e+00 1.120317828580655796e-05
2.134000000000000000e+03 4.262248432627550834e-14 -9.706587034376618802e-16 1.377860935014298312e-13 0.000000000000000000e+00 1.298915529695851404e-05
2.135000000000000000e+03 4.249435128898864375e-14 -8.928040538917313770e-16 1.372112920200865167e-13 0.000000000000000000e+00 9.620256941290148179e-06
2.136000000000000000e+03 4.227917957043039474e-14 -8.281905709836170051e-16 1.362848058489309722e-13 0.000000000000000000e+00 1.760942548430818365e-05
2.137000000000000000e+03 4.206400785187214573e-14 -7.635770880755026331e-16 1.353583196777754278e-13 0.000000000000000000e+00 1.185151996551624821e-05
2.138000000000000000e+03 4.184883613331389042e-14 -6.989636051673883598e-16 1.344318335066199086e-13 0.000000000000000000e+00 1.856125610433475130e-05
2.139000000000000000e+03 4.163366441475564141e-14 -6.343501222592738892e-16 1.335053473354643641e-13 0.000000000000000000e+00 1.009676881992215388e-05
2.140000000000000000e+03 4.141849269619739241e-14 -5.697366393511596159e-16 1.325788611643088197e-13 0.000000000000000000e+00 1.075800667749160070e-05
2.141000000000000000e+03 4.120332097763914340e-14 -5.051231564430452440e-16 1.316523749931532752e-13 0.000000000000000000e+00 1.061188137135093027e-05
2.142000000000000000e+03 4.098814925908088808e-14 -4.405096735349308720e-16 1.307258888219977560e-13 0.000000000000000000e+00 1.374469566557400938e-05
2.143000000000000000e+03 4.077297754052263908e-14 -3.758961906268165987e-16 1.297994026508422116e-13 0.000000000000000000e+00 1.485388577845970179e-05
2.144000000000000000e+03 4.055780582196439007e-14 -3.112827077187022267e-16 1.288729164796866671e-13 0.000000000000000000e+00 1.538939953624145394e-05
2.145000000000000000e+03 4.053588962698071391e-14 -2.603457459375418165e-16 1.290163669129794470e-13 0.000000000000000000e+00 9.064341008282241833e-06
2.146000000000000000e+03 4.070722895557161058e-14 -2.230853052833355653e-16 1.302297539507205007e-13 0.000000000000000000e+00 1.047567288667162813e-05
2.147000000000000000e+03 4.087856828416251357e-14 -1.858248646291293386e-16 1.314431409884615797e-13 0.000000000000000000e+00 1.644767836537412456e-05
2.148000000000000000e+03 4.104990761275341656e-14 -1.485644239749231120e-16 1.326565280262026587e-13 0.000000000000000000e+00 1.152520869002138522e-05
2.149000000000000000e+03 4.122124694134431324e-14 -1.113039833207168608e-16 1.338699150639437124e-13 0.000000000000000000e+00 7.854899421502616093e-06
2.150000000000000000e+03 4.139258626993521623e-14 -7.404354266651063418e-17 1.350833021016847914e-13 0.000000000000000000e+00 1.678811080452018416e-05
2.151000000000000000e+03 4.156392559852611290e-14 -3.678310201230440757e-17 1.362966891394258451e-13 0.000000000000000000e+00 1.751423634599906518e-05
2.152000000000000000e+03 4.173526492711701589e-14 4.773386419018436843e-19 1.375100761771669241e-13 0.000000000000000000e+00 1.531226166610082359e-05
2.153000000000000000e+03 4.190660425570791888e-14 3.773777929610809494e-17 1.387234632149080031e-13 0.000000000000000000e+00 8.119950581940754136e-06
2.154000000000000000e+03 4.207794358429881556e-14 7.499821995031434620e-17 1.399368502526490568e-13 0.000000000000000000e+00 1.290046058404217350e-05
2.155000000000000000e+03 4.215666104215169896e-14 1.040944961552646934e-16 1.404409462443886532e-13 0.000000000000000000e+00 9.323566390965487357e-06
2.156000000000000000e+03 4.214275662926656279e-14 1.250266079109590871e-16 1.402357511901267671e-13 0.000000000000000000e+00 1.497804666787704119e-05
2.157000000000000000e+03 4.212885221638142661e-14 1.459587196666534809e-16 1.400305561358648810e-13 0.000000000000000000e+00 1.549432475744901211e-05
2.158000000000000000e+03 4.211494780349629044e-14 1.668908314223478993e-16 1.398253610816029950e-13 0.000000000000000000e+00 1.407271234530803217e-05
2.159000000000000000e+03 4.210104339061115426e-14 1.878229431780422930e-16 1.396201660273411089e-13 0.000000000000000000e+00 1.059315817628105355e-05
2.160000000000000000e+03 4.208713897772601808e-14 2.087550549337366868e-16 1.394149709730792480e-13 0.000000000000000000e+00 1.310623967607937409e-05
2.161000000000000000e+03 4.207323456484088191e-14 2.296871666894310805e-16 1.392097759188173619e-13 0.000000000000000000e+00 1.456556964518879924e-05
2.162000000000000000e+03 4.205933015195574573e-14 2.506192784451254743e-16 1.390045808645554759e-13 0.000000000000000000e+00 8.591135736724180808e-06
2.163000000000000000e+03 4.204542573907060956e-14 2.715513902008198681e-16 1.387993858102935898e-13 0.000000000000000000e+00 1.026876015240576703e-05
2.164000000000000000e+03 4.203152132618547338e-14 2.924835019565142618e-16 1.385941907560317037e-13 0.000000000000000000e+00 1.684374360704096472e-05
2.165000000000000000e+03 4.193547549045075633e-14 2.962137057734655044e-16 1.383364776300623630e-13 0.000000000000000000e+00 1.701122102680589055e-05
2.166000000000000000e+03 4.175728823186645839e-14 2.827420016516736451e-16 1.380262464323855425e-13 0.000000000000000000e+00 1.398463661747576661e-05
2.167000000000000000e+03 4.157910097328216046e-14 2.692702975298817365e-16 1.377160152347087220e-13 0.000000000000000000e+00 1.002473108213667535e-05
2.168000000000000000e+03 4.140091371469786252e-14 2.557985934080898278e-16 1.374057840370319015e-13 0.000000000000000000e+00 1.103256093200417777e-05
2.169000000000000000e+03 4.122272645611356458e-14 2.423268892862979192e-16 1.370955528393550810e-13 0.000000000000000000e+00 1.522717219951936686e-05
2.170000000000000000e+03 4.104453919752926665e-14 2.288551851645060599e-16 1.367853216416782605e-13 0.000000000000000000e+00 1.042270006573842118e-05
2.171000000000000000e+03 4.086635193894496871e-14 2.153834810427141513e-16 1.364750904440014400e-13 0.000000000000000000e+00 1.346310648618977427e-05
2.172000000000000000e+03 4.068816468036067078e-14 2.019117769209222673e-16 1.361648592463246195e-13 0.000000000000000000e+00 1.499526903704733437e-05
2.173000000000000000e+03 4.050997742177637284e-14 1.884400727991303834e-16 1.358546280486477990e-13 0.000000000000000000e+00 1.479961918445400105e-05
2.174000000000000000e+03 4.033179016319207491e-14 1.749683686773384994e-16 1.355443968509709785e-13 0.000000000000000000e+00 1.216878081164865552e-05
2.175000000000000000e+03 4.021013359733368901e-14 1.529683824765401337e-16 1.353905719514409939e-13 0.000000000000000000e+00 1.057096692090478064e-05
2.176000000000000000e+03 4.014500772420122147e-14 1.224401141967353354e-16 1.353931533500578201e-13 0.000000000000000000e+00 1.271523737930666574e-05
2.177000000000000000e+03 4.007988185106875392e-14 9.191184591693051257e-17 1.353957347486746715e-13 0.000000000000000000e+00 9.235718306606083899e-06
2.178000000000000000e+03 4.001475597793628007e-14 6.138357763712571434e-17 1.353983161472914976e-13 0.000000000000000000e+00 2.106745622351076554e-05
2.179000000000000000e+03 3.994963010480381253e-14 3.085530935732089147e-17 1.354008975459083238e-13 0.000000000000000000e+00 1.096551638816191546e-05
2.180000000000000000e+03 3.988450423167133867e-14 3.270410775160932442e-19 1.354034789445251499e-13 0.000000000000000000e+00 1.712027632051888379e-05
2.181000000000000000e+03 3.981937835853887113e-14 -3.020122720228872963e-17 1.354060603431419761e-13 0.000000000000000000e+00 5.977153130185036196e-06
2.182000000000000000e+03 3.975425248540639727e-14 -6.072949548209352786e-17 1.354086417417588023e-13 0.000000000000000000e+00 1.517325306675117916e-05
2.183000000000000000e+03 3.968912661227392973e-14 -9.125776376189835073e-17 1.354112231403756537e-13 0.000000000000000000e+00 1.438004360957435575e-05
2.184000000000000000e+03 3.962400073914146219e-14 -1.217860320417031736e-16 1.354138045389924798e-13 0.000000000000000000e+00 1.068616759387308422e-05
2.185000000000000000e+03 3.953706983713304456e-14 -1.650369636472261856e-16 1.352766037367766399e-13 0.000000000000000000e+00 1.127338339452196800e-05
2.186000000000000000e+03 3.942833390624868315e-14 -2.210105585784674854e-16 1.349996207337281340e-13 0.000000000000000000e+00 1.568511031738759976e-05
2.187000000000000000e+03 3.931959797536431544e-14 -2.769841535097087852e-16 1.347226377306796281e-13 0.000000000000000000e+00 1.342318732150541581e-05
2.188000000000000000e+03 3.921086204447995404e-14 -3.329577484409500850e-16 1.344456547276311222e-13 0.000000000000000000e+00 1.902033982280316814e-05
2.189000000000000000e+03 3.910212611359559263e-14 -3.889313433721913848e-16 1.341686717245826163e-13 0.000000000000000000e+00 8.324325026413878097e-06
2.190000000000000000e+03 3.899339018271122492e-14 -4.449049383034327339e-16 1.338916887215341104e-13 0.000000000000000000e+00 1.094581477007629680e-05
2.191000000000000000e+03 3.888465425182686352e-14 -5.008785332346739844e-16 1.336147057184856045e-13 0.000000000000000000e+00 1.215040505301085914e-05
2.192000000000000000e+03 3.877591832094250211e-14 -5.568521281659153335e-16 1.333377227154370986e-13 0.000000000000000000e+00 1.942765610666111615e-05
2.193000000000000000e+03 3.866718239005813440e-14 -6.128257230971565840e-16 1.330607397123885927e-13 0.000000000000000000e+00 1.205565221690646833e-05
2.194000000000000000e+03 3.855844645917377300e-14 -6.687993180283979331e-16 1.327837567093400868e-13 0.000000000000000000e+00 1.283867858838215441e-05
2.195000000000000000e+03 3.849661738764496467e-14 -7.342144836201744336e-16 1.327971703015687677e-13 0.000000000000000000e+00 1.151756124949920055e-05
2.196000000000000000e+03 3.848169517547170312e-14 -8.090712198724860855e-16 1.331009804890746101e-13 0.000000000000000000e+00 1.215925898530993652e-05
2.197000000000000000e+03 3.846677296329844788e-14 -8.839279561247977373e-16 1.334047906765804777e-13 0.000000000000000000e+00 1.466750760924513614e-05
2.198000000000000000e+03 3.845185075112519263e-14 -9.587846923771093892e-16 1.337086008640863200e-13 0.000000000000000000e+00 9.101992753389995700e-06
2.199000000000000000e+03 3.843692853895193108e-14 -1.033641428629421140e-15 1.340124110515921877e-13 0.000000000000000000e+00 1.481539242027820087e-05
2.200000000000000000e+03 3.842200632677867584e-14 -1.108498164881732890e-15 1.343162212390980300e-13 0.000000000000000000e+00 1.570821898030434787e-05
2.201000000000000000e+03 3.840708411460541428e-14 -1.183354901134044443e-15 1.346200314266038976e-13 0.000000000000000000e+00 1.470664679961798759e-05
2.202000000000000000e+03 3.839216190243215904e-14 -1.258211637386355997e-15 1.349238416141097400e-13 0.000000000000000000e+00 1.629813548777707009e-05
2.203000000000000000e+03 3.837723969025890380e-14 -1.333068373638667944e-15 1.352276518016156076e-13 0.000000000000000000e+00 7.649900257781564708e-06
2.204000000000000000e+03 3.836231747808564224e-14 -1.407925109890979498e-15 1.355314619891214500e-13 0.000000000000000000e+00 1.098123219420900506e-05
2.205000000000000000e+03 3.833495513825376498e-14 -1.493868767394762978e-15 1.356219939381302210e-13 0.000000000000000000e+00 1.487677174531478869e-05
2.206000000000000000e+03 3.829515267076327201e-14 -1.590899346150018384e-15 1.354992476486418701e-13 0.000000000000000000e+00 1.604454389819845312e-05
2.207000000000000000e+03 3.825535020327277904e-14 -1.687929924905273593e-15 1.353765013591535445e-13 0.000000000000000000e+00 1.302649242292590142e-05
2.208000000000000000e+03 3.821554773578227976e-14 -1.784960503660528802e-15 1.352537550696651936e-13 0.000000000000000000e+00 1.413558563592713040e-05
2.209000000000000000e+03 3.817574526829178679e-14 -1.881991082415784209e-15 1.351310087801768427e-13 0.000000000000000000e+00 1.175224570681778860e-05
2.210000000000000000e+03 3.813594280080128751e-14 -1.979021661171039615e-15 1.350082624906885171e-13 0.000000000000000000e+00 1.209521912779306792e-05
2.211000000000000000e+03 3.809614033331079455e-14 -2.076052239926295022e-15 1.348855162012001662e-13 0.000000000000000000e+00 1.439252974106915521e-05
2.212000000000000000e+03 3.805633786582029527e-14 -2.173082818681550428e-15 1.347627699117118153e-13 0.000000000000000000e+00 9.450152956007591728e-06
2.213000000000000000e+03 3.801653539832980230e-14 -2.270113397436805834e-15 1.346400236222234897e-13 0.000000000000000000e+00 1.073259953022118671e-05
2.214000000000000000e+03 3.797673293083930933e-14 -2.367143976192060846e-15 1.345172773327351388e-13 0.000000000000000000e+00 2.236542004803231693e-05
2.215000000000000000e+03 3.790089806087465798e-14 -2.470903430634329514e-15 1.344080480611211478e-13 0.000000000000000000e+00 1.145248807950873105e-05
2.216000000000000000e+03 3.778903078843586089e-14 -2.581391760763611048e-15 1.343123358073815166e-13 0.000000000000000000e+00 1.370043826221577511e-05
2.217000000000000000e+03 3.767716351599706380e-14 -2.691880090892892977e-15 1.342166235536418855e-13 0.000000000000000000e+00 1.133538997941522666e-05
2.218000000000000000e+03 3.756529624355826670e-14 -2.802368421022174511e-15 1.341209112999022544e-13 0.000000000000000000e+00 1.468800308568606354e-05
2.219000000000000000e+03 3.745342897111946961e-14 -2.912856751151456440e-15 1.340251990461626232e-13 0.000000000000000000e+00 1.362626868462025575e-05
2.220000000000000000e+03 3.734156169868066620e-14 -3.023345081280737974e-15 1.339294867924229669e-13 0.000000000000000000e+00 1.475137881114480052e-05
2.221000000000000000e+03 3.722969442624186911e-14 -3.133833411410019903e-15 1.338337745386833357e-13 0.000000000000000000e+00 1.323782886161345779e-05
2.222000000000000000e+03 3.711782715380307202e-14 -3.244321741539301437e-15 1.337380622849437046e-13 0.000000000000000000e+00 1.069754971496094214e-05
2.223000000000000000e+03 3.700595988136427492e-14 -3.354810071668583366e-15 1.336423500312040735e-13 0.000000000000000000e+00 1.686412449428253138e-05
2.224000000000000000e+03 3.689409260892547783e-14 -3.465298401797864900e-15 1.335466377774644423e-13 0.000000000000000000e+00 1.518629045336442721e-05
2.225000000000000000e+03 3.674493508857147660e-14 -3.575128827010106324e-15 1.331669579504924597e-13 0.000000000000000000e+00 8.287632144647810579e-06
2.226000000000000000e+03 3.655848732030227755e-14 -3.684301347305307242e-15 1.325033105502881510e-13 0.000000000000000000e+00 1.178948055168927371e-05
2.227000000000000000e+03 3.637203955203307850e-14 -3.793473867600507371e-15 1.318396631500838169e-13 0.000000000000000000e+00 1.593177324443149426e-05
2.228000000000000000e+03 3.618559178376387945e-14 -3.902646387895708290e-15 1.311760157498795082e-13 0.000000000000000000e+00 1.829852898516040667e-05
2.229000000000000000e+03 3.599914401549468040e-14 -4.011818908190909208e-15 1.305123683496751994e-13 0.000000000000000000e+00 1.236893304154303215e-05
2.230000000000000000e+03 3.581269624722548766e-14 -4.120991428486110126e-15 1.298487209494708906e-13 0.000000000000000000e+00 1.441787030483584228e-05
2.231000000000000000e+03 3.562624847895628861e-14 -4.230163948781311044e-15 1.291850735492665818e-13 0.000000000000000000e+00 9.571345019194118026e-06
2.232000000000000000e+03 3.543980071068708956e-14 -4.339336469076511962e-15 1.285214261490622730e-13 0.000000000000000000e+00 1.413976998640216096e-05
2.233000000000000000e+03 3.525335294241789051e-14 -4.448508989371712091e-15 1.278577787488579390e-13 0.000000000000000000e+00 1.403397929480573869e-05
2.234000000000000000e+03 3.506690517414869146e-14 -4.557681509666913010e-15 1.271941313486536302e-13 0.000000000000000000e+00 1.020349054089590654e-05
2.235000000000000000e+03 3.493565629811974378e-14 -4.675648511223137147e-15 1.268341514778809220e-13 0.000000000000000000e+00 1.361151998198475753e-05
2.236000000000000000e+03 3.485960631433104115e-14 -4.802409994040385293e-15 1.267778391365397892e-13 0.000000000000000000e+00 1.690455377728338444e-05
2.237000000000000000e+03 3.478355633054233853e-14 -4.929171476857632650e-15 1.267215267951986563e-13 0.000000000000000000e+00 1.472401576168109906e-05
2.238000000000000000e+03 3.470750634675363590e-14 -5.055932959674880796e-15 1.266652144538575487e-13 0.000000000000000000e+00 1.449094297434696488e-05
2.239000000000000000e+03 3.463145636296493327e-14 -5.182694442492128943e-15 1.266089021125164158e-13 0.000000000000000000e+00 9.842916769867612859e-06
2.240000000000000000e+03 3.455540637917623696e-14 -5.309455925309376300e-15 1.265525897711752830e-13 0.000000000000000000e+00 1.082084052926193114e-05
2.241000000000000000e+03 3.447935639538753433e-14 -5.436217408126624446e-15 1.264962774298341501e-13 0.000000000000000000e+00 1.428995666263524517e-05
2.242000000000000000e+03 3.440330641159883170e-14 -5.562978890943872592e-15 1.264399650884930425e-13 0.000000000000000000e+00 2.083573631270730793e-05
2.243000000000000000e+03 3.432725642781012908e-14 -5.689740373761119949e-15 1.263836527471519097e-13 0.000000000000000000e+00 1.154359015364331482e-05
2.244000000000000000e+03 3.425120644402142645e-14 -5.816501856578368095e-15 1.263273404058107768e-13 0.000000000000000000e+00 1.297547056710712782e-05
2.245000000000000000e+03 3.422104325075926109e-14 -5.957747846851058781e-15 1.264054201065156650e-13 0.000000000000000000e+00 1.385385095041472405e-05
2.246000000000000000e+03 3.423676684802362669e-14 -6.113478344579192797e-15 1.266178918492665489e-13 0.000000000000000000e+00 1.311390079403192387e-05
2.247000000000000000e+03 3.425249044528799861e-14 -6.269208842307327601e-15 1.268303635920174329e-13 0.000000000000000000e+00 1.367181675084813843e-05
2.248000000000000000e+03 3.426821404255236421e-14 -6.424939340035461617e-15 1.270428353347683421e-13 0.000000000000000000e+00 9.479401155055134528e-06
2.249000000000000000e+03 3.428393763981672981e-14 -6.580669837763595632e-15 1.272553070775192261e-13 0.000000000000000000e+00 1.608973910590440350e-05
2.250000000000000000e+03 3.429966123708109541e-14 -6.736400335491730437e-15 1.274677788202701100e-13 0.000000000000000000e+00 1.784765409855721592e-05
2.251000000000000000e+03 3.431538483434546101e-14 -6.892130833219864452e-15 1.276802505630209940e-13 0.000000000000000000e+00 1.364516830305442624e-05
2.252000000000000000e+03 3.433110843160982661e-14 -7.047861330947998468e-15 1.278927223057719032e-13 0.000000000000000000e+00 1.531532681010274445e-05
2.253000000000000000e+03 3.434683202887419852e-14 -7.203591828676132483e-15 1.281051940485227871e-13 0.000000000000000000e+00 7.000659509298263303e-06
2.254000000000000000e+03 3.436255562613856412e-14 -7.359322326404268077e-15 1.283176657912736711e-13 0.000000000000000000e+00 1.405709389631404968e-05
2.255000000000000000e+03 3.425804371711482264e-14 -7.492986538469335452e-15 1.280193180249118769e-13 0.000000000000000000e+00 1.482114942035714422e-05
2.256000000000000000e+03 3.403329630180298037e-14 -7.604584464871337764e-15 1.272101507494374297e-13 0.000000000000000000e+00 1.775884699351733026e-05
2.257000000000000000e+03 3.380854888649113180e-14 -7.716182391273340076e-15 1.264009834739629825e-13 0.000000000000000000e+00 1.127223116143843199e-05
2.258000000000000000e+03 3.358380147117928954e-14 -7.827780317675342388e-15 1.255918161984885101e-13 0.000000000000000000e+00 1.553975017360719499e-05
2.259000000000000000e+03 3.335905405586744727e-14 -7.939378244077344700e-15 1.247826489230140630e-13 0.000000000000000000e+00 1.444286589144830857e-05
2.260000000000000000e+03 3.313430664055559870e-14 -8.050976170479347012e-15 1.239734816475395905e-13 0.000000000000000000e+00 1.441461267797039414e-05
2.261000000000000000e+03 3.290955922524375644e-14 -8.162574096881350902e-15 1.231643143720651434e-13 0.000000000000000000e+00 9.723308554345509022e-06
2.262000000000000000e+03 3.268481180993191417e-14 -8.274172023283353214e-15 1.223551470965906710e-13 0.000000000000000000e+00 1.081042210849401335e-05
2.263000000000000000e+03 3.246006439462006560e-14 -8.385769949685355526e-15 1.215459798211162238e-13 0.000000000000000000e+00 1.867724934014173521e-05
2.264000000000000000e+03 3.223531697930822334e-14 -8.497367876087357838e-15 1.207368125456417766e-13 0.000000000000000000e+00 1.753493289002663676e-05
2.265000000000000000e+03 3.205396053133275665e-14 -8.609790060051830345e-15 1.200889456565546972e-13 0.000000000000000000e+00 1.030434725626386777e-05
2.266000000000000000e+03 3.191599505069367186e-14 -8.723036501578773047e-15 1.196023791538550107e-13 0.000000000000000000e+00 1.798905405577577900e-05
2.267000000000000000e+03 3.177802957005458076e-14 -8.836282943105717327e-15 1.191158126511553494e-13 0.000000000000000000e+00 9.139715009451113283e-06
2.268000000000000000e+03 3.164006408941549597e-14 -8.949529384632660029e-15 1.186292461484556629e-13 0.000000000000000000e+00 1.378374847681917905e-05
2.269000000000000000e+03 3.150209860877641117e-14 -9.062775826159602731e-15 1.181426796457559764e-13 0.000000000000000000e+00 1.494425563628515683e-05
2.270000000000000000e+03 3.136413312813732007e-14 -9.176022267686547010e-15 1.176561131430563151e-13 0.000000000000000000e+00 1.447046080202330917e-05
2.271000000000000000e+03 3.122616764749823528e-14 -9.289268709213489713e-15 1.171695466403566286e-13 0.000000000000000000e+00 1.394114126727041115e-05
2.272000000000000000e+03 3.108820216685915048e-14 -9.402515150740432415e-15 1.166829801376569421e-13 0.000000000000000000e+00 1.717177785737093786e-05
2.273000000000000000e+03 3.095023668622005938e-14 -9.515761592267376694e-15 1.161964136349572809e-13 0.000000000000000000e+00 1.158082381434319015e-05
2.274000000000000000e+03 3.081227120558097459e-14 -9.629008033794319396e-15 1.157098471322575944e-13 0.000000000000000000e+00 1.462423951925751198e-05
2.275000000000000000e+03 3.065580372224951281e-14 -9.735634633877464290e-15 1.151381374839814660e-13 0.000000000000000000e+00 9.894621523886612608e-06
2.276000000000000000e+03 3.048083423622566774e-14 -9.835641392516811377e-15 1.144812846901288706e-13 0.000000000000000000e+00 1.059374404273077788e-05
2.277000000000000000e+03 3.030586475020182898e-14 -9.935648151156158463e-15 1.138244318962763005e-13 0.000000000000000000e+00 2.119044992632411172e-05
2.278000000000000000e+03 3.013089526417798391e-14 -1.003565490979550555e-14 1.131675791024237050e-13 0.000000000000000000e+00 1.685823391281308640e-05
2.279000000000000000e+03 2.995592577815414515e-14 -1.013566166843485263e-14 1.125107263085711223e-13 0.000000000000000000e+00 9.622849079111387644e-06
2.280000000000000000e+03 2.978095629213030008e-14 -1.023566842707420130e-14 1.118538735147185269e-13 0.000000000000000000e+00 1.750505148988423465e-05
2.281000000000000000e+03 2.960598680610646132e-14 -1.033567518571354838e-14 1.111970207208659441e-13 0.000000000000000000e+00 1.243422050727939917e-05
2.282000000000000000e+03 2.943101732008261624e-14 -1.043568194435289547e-14 1.105401679270133613e-13 0.000000000000000000e+00 1.079027626200701801e-05
2.283000000000000000e+03 2.925604783405877748e-14 -1.053568870299224256e-14 1.098833151331607785e-13 0.000000000000000000e+00 1.381841793480860958e-05
2.284000000000000000e+03 2.908107834803493241e-14 -1.063569546163158964e-14 1.092264623393081957e-13 0.000000000000000000e+00 1.745669684211174764e-05
2.285000000000000000e+03 2.906353924723076677e-14 -1.078788932636498454e-14 1.092880318551753818e-13 0.000000000000000000e+00 1.493232360526948367e-05
2.286000000000000000e+03 2.920343053164627424e-14 -1.099227029719242568e-14 1.100680236807623495e-13 0.000000000000000000e+00 1.535698254945350123e-05
2.287000000000000000e+03 2.934332181606178171e-14 -1.119665126801986682e-14 1.108480155063493298e-13 0.000000000000000000e+00 1.261038094798571768e-05
2.288000000000000000e+03 2.948321310047728918e-14 -1.140103223884730795e-14 1.116280073319362975e-13 0.000000000000000000e+00 1.459934636762667170e-05
2.289000000000000000e+03 2.962310438489279666e-14 -1.160541320967474909e-14 1.124079991575232652e-13 0.000000000000000000e+00 6.159838561745595135e-06
2.290000000000000000e+03 2.976299566930831044e-14 -1.180979418050219023e-14 1.131879909831102329e-13 0.000000000000000000e+00 1.734798512348206519e-05
2.291000000000000000e+03 2.990288695372381791e-14 -1.201417515132963136e-14 1.139679828086972005e-13 0.000000000000000000e+00 1.941991440334297976e-05
2.292000000000000000e+03 3.004277823813932538e-14 -1.221855612215707250e-14 1.147479746342841682e-13 0.000000000000000000e+00 1.367063292610756073e-05
2.293000000000000000e+03 3.018266952255483285e-14 -1.242293709298451364e-14 1.155279664598711359e-13 0.000000000000000000e+00 1.359272511333740397e-05
2.294000000000000000e+03 3.032256080697034032e-14 -1.262731806381195477e-14 1.163079582854581036e-13 0.000000000000000000e+00 1.574107117051122014e-05
2.295000000000000000e+03 3.021966017306522874e-14 -1.273787888129449040e-14 1.159426966234317278e-13 0.000000000000000000e+00 1.396464478117048128e-05
2.296000000000000000e+03 2.987396762083949808e-14 -1.275461954543212050e-14 1.144321814737920084e-13 0.000000000000000000e+00 1.120559838611415610e-05
2.297000000000000000e+03 2.952827506861376743e-14 -1.277136020956975061e-14 1.129216663241522890e-13 0.000000000000000000e+00 1.387386007623295002e-05
2.298000000000000000e+03 2.918258251638803047e-14 -1.278810087370738072e-14 1.114111511745125697e-13 0.000000000000000000e+00 1.460460771079852604e-05
2.299000000000000000e+03 2.883688996416229982e-14 -1.280484153784501083e-14 1.099006360248728503e-13 0.000000000000000000e+00 1.900628924662418767e-05
2.300000000000000000e+03 2.849119741193656917e-14 -1.282158220198264093e-14 1.083901208752331309e-13 0.000000000000000000e+00 1.257890798729140160e-05
2.301000000000000000e+03 2.814550485971083852e-14 -1.283832286612027104e-14 1.068796057255934116e-13 0.000000000000000000e+00 1.236917558571021165e-05
2.302000000000000000e+03 2.779981230748510786e-14 -1.285506353025790115e-14 1.053690905759536922e-13 0.000000000000000000e+00 1.617461833687798493e-05
2.303000000000000000e+03 2.745411975525937721e-14 -1.287180419439553125e-14 1.038585754263139602e-13 0.000000000000000000e+00 1.184886341316644061e-05
2.304000000000000000e+03 2.710842720303364341e-14 -1.288854485853316136e-14 1.023480602766742409e-13 0.000000000000000000e+00 1.161587142891471865e-05
2.305000000000000000e+03 2.690428779306212493e-14 -1.294499829669754330e-14 1.014911509448498816e-13 0.000000000000000000e+00 1.849691554552999767e-05
2.306000000000000000e+03 2.684170152534481862e-14 -1.304116450888868023e-14 1.012878474308408951e-13 0.000000000000000000e+00 1.579831586571639872e-05
2.307000000000000000e+03 2.677911525762750915e-14 -1.313733072107981716e-14 1.010845439168318960e-13 0.000000000000000000e+00 1.187406990639446351e-05
2.308000000000000000e+03 2.671652898991020284e-14 -1.323349693327095251e-14 1.008812404028229095e-13 0.000000000000000000e+00 1.860671354700348066e-05
2.309000000000000000e+03 2.665394272219289653e-14 -1.332966314546208944e-14 1.006779368888139230e-13 0.000000000000000000e+00 1.122538211952424157e-05
2.310000000000000000e+03 2.659135645447558707e-14 -1.342582935765322637e-14 1.004746333748049238e-13 0.000000000000000000e+00 1.645322921320228868e-05
2.311000000000000000e+03 2.652877018675828076e-14 -1.352199556984436330e-14 1.002713298607959373e-13 0.000000000000000000e+00 8.544814014597989303e-06
2.312000000000000000e+03 2.646618391904097445e-14 -1.361816178203549865e-14 1.000680263467869508e-13 0.000000000000000000e+00 1.901708096659902359e-05
2.313000000000000000e+03 2.640359765132366498e-14 -1.371432799422663558e-14 9.986472283277795165e-14 0.000000000000000000e+00 1.391970205042160507e-05
2.314000000000000000e+03 2.634101138360635867e-14 -1.381049420641777251e-14 9.966141931876896514e-14 0.000000000000000000e+00 1.646857396279562859e-05
2.315000000000000000e+03 2.621189432803109867e-14 -1.386888461360673577e-14 9.913257263116454982e-14 0.000000000000000000e+00 1.297633141821325579e-05
2.316000000000000000e+03 2.601624648459788181e-14 -1.388949921579352852e-14 9.827818276996471833e-14 0.000000000000000000e+00 1.526153685064147495e-05
2.317000000000000000e+03 2.582059864116466811e-14 -1.391011381798032127e-14 9.742379290876487421e-14 0.000000000000000000e+00 1.228520703267886114e-05
2.318000000000000000e+03 2.562495079773145125e-14 -1.393072842016711244e-14 9.656940304756504272e-14 0.000000000000000000e+00 1.298272124080963156e-05
2.319000000000000000e+03 2.542930295429823755e-14 -1.395134302235390519e-14 9.571501318636521122e-14 0.000000000000000000e+00 1.933600731577477213e-05
2.320000000000000000e+03 2.523365511086502069e-14 -1.397195762454069794e-14 9.486062332516536711e-14 0.000000000000000000e+00 1.371964165980010259e-05
2.321000000000000000e+03 2.503800726743180699e-14 -1.399257222672749069e-14 9.400623346396553561e-14 0.000000000000000000e+00 1.628213404027952781e-05
2.322000000000000000e+03 2.484235942399859013e-14 -1.401318682891428187e-14 9.315184360276570412e-14 0.000000000000000000e+00 1.671052745045750089e-05
2.323000000000000000e+03 2.464671158056537643e-14 -1.403380143110107462e-14 9.229745374156587263e-14 0.000000000000000000e+00 8.795990126461339153e-06
2.324000000000000000e+03 2.445106373713215957e-14 -1.405441603328786737e-14 9.144306388036602851e-14 0.000000000000000000e+00 1.508038072302878315e-05
2.325000000000000000e+03 2.427170025385820381e-14 -1.408097063891772425e-14 9.076115586731826871e-14 0.000000000000000000e+00 8.972722943161542294e-06
2.326000000000000000e+03 2.410862113074350600e-14 -1.411346524799064527e-14 9.025172970242259322e-14 0.000000000000000000e+00 1.980186168773534120e-05
2.327000000000000000e+03 2.394554200762881135e-14 -1.414595985706356629e-14 8.974230353752691773e-14 0.000000000000000000e+00 1.875040118739100168e-05
2.328000000000000000e+03 2.378246288451411353e-14 -1.417845446613648731e-14 8.923287737263124224e-14 0.000000000000000000e+00 1.452444375979725307e-05
2.329000000000000000e+03 2.361938376139941572e-14 -1.421094907520940833e-14 8.872345120773556675e-14 0.000000000000000000e+00 1.212388959124186784e-05
2.330000000000000000e+03 2.345630463828471791e-14 -1.424344368428233093e-14 8.821402504283989126e-14 0.000000000000000000e+00 1.543824158460216665e-05
2.331000000000000000e+03 2.329322551517002010e-14 -1.427593829335525037e-14 8.770459887794421577e-14 0.000000000000000000e+00 1.407723308389976024e-05
2.332000000000000000e+03 2.313014639205532229e-14 -1.430843290242817297e-14 8.719517271304854028e-14 0.000000000000000000e+00 1.193791885735881648e-05
2.333000000000000000e+03 2.296706726894062763e-14 -1.434092751150109557e-14 8.668574654815286479e-14 0.000000000000000000e+00 1.512358631469576095e-05
2.334000000000000000e+03 2.280398814582592982e-14 -1.437342212057401501e-14 8.617632038325718930e-14 0.000000000000000000e+00 1.719618220985764113e-05
2.335000000000000000e+03 2.269491036256740950e-14 -1.440293369135016783e-14 8.580460655375799136e-14 0.000000000000000000e+00 1.666028248549952695e-05
2.336000000000000000e+03 2.263983391916506351e-14 -1.442946222382954773e-14 8.557060505965527096e-14 0.000000000000000000e+00 1.628138714678282133e-05
2.337000000000000000e+03 2.258475747576271752e-14 -1.445599075630892762e-14 8.533660356555255055e-14 0.000000000000000000e+00 8.886773978653951395e-06
2.338000000000000000e+03 2.252968103236037153e-14 -1.448251928878830751e-14 8.510260207144983015e-14 0.000000000000000000e+00 1.674095680326394351e-05
2.339000000000000000e+03 2.247460458895802554e-14 -1.450904782126768740e-14 8.486860057734710975e-14 0.000000000000000000e+00 1.222605701709023354e-05
2.340000000000000000e+03 2.241952814555568270e-14 -1.453557635374707045e-14 8.463459908324438935e-14 0.000000000000000000e+00 1.293978798907865349e-05
2.341000000000000000e+03 2.236445170215333671e-14 -1.456210488622645035e-14 8.440059758914166895e-14 0.000000000000000000e+00 2.165238841393535540e-05
2.342000000000000000e+03 2.230937525875099072e-14 -1.458863341870583024e-14 8.416659609503894855e-14 0.000000000000000000e+00 1.312284495190483624e-05
2.343000000000000000e+03 2.225429881534864473e-14 -1.461516195118521013e-14 8.393259460093622814e-14 0.000000000000000000e+00 1.218750524411025548e-05
2.344000000000000000e+03 2.219922237194629874e-14 -1.464169048366459003e-14 8.369859310683350774e-14 0.000000000000000000e+00 2.178946538058158946e-05
2.345000000000000000e+03 2.203951357318319339e-14 -1.463040605065872503e-14 8.313102127022458773e-14 0.000000000000000000e+00 9.214337650766342061e-06
2.346000000000000000e+03 2.177517241905932552e-14 -1.458130865216761516e-14 8.222987909110944286e-14 0.000000000000000000e+00 1.463997276906956366e-05
2.347000000000000000e+03 2.151083126493545765e-14 -1.453221125367650528e-14 8.132873691199429800e-14 0.000000000000000000e+00 1.000265926904077904e-05
2.348000000000000000e+03 2.124649011081158979e-14 -1.448311385518539540e-14 8.042759473287915313e-14 0.000000000000000000e+00 2.359427300601018483e-05
2.349000000000000000e+03 2.098214895668772192e-14 -1.443401645669428553e-14 7.952645255376400826e-14 0.000000000000000000e+00 1.372100332598058855e-05
2.350000000000000000e+03 2.071780780256385405e-14 -1.438491905820317565e-14 7.862531037464886339e-14 0.000000000000000000e+00 1.389546867195719525e-05
2.351000000000000000e+03 2.045346664843998618e-14 -1.433582165971206577e-14 7.772416819553371853e-14 0.000000000000000000e+00 1.243689734281315097e-05
2.352000000000000000e+03 2.018912549431611832e-14 -1.428672426122095589e-14 7.682302601641857366e-14 0.000000000000000000e+00 1.562385113428559538e-05
2.353000000000000000e+03 1.992478434019225045e-14 -1.423762686272984602e-14 7.592188383730342879e-14 0.000000000000000000e+00 1.459110830167614605e-05
2.354000000000000000e+03 1.966044318606838258e-14 -1.418852946423873456e-14 7.502074165818828393e-14 0.000000000000000000e+00 1.109583473068048606e-05
2.355000000000000000e+03 1.947126250917330486e-14 -1.415170205676165302e-14 7.442511005958826957e-14 0.000000000000000000e+00 2.174211752711844857e-05
2.356000000000000000e+03 1.935724230950702360e-14 -1.412714464029859981e-14 7.413498904150337311e-14 0.000000000000000000e+00 1.607514557504106362e-05
2.357000000000000000e+03 1.924322210984073603e-14 -1.410258722383554661e-14 7.384486802341848926e-14 0.000000000000000000e+00 1.500596707668213129e-05
2.358000000000000000e+03 1.912920191017445477e-14 -1.407802980737249340e-14 7.355474700533359280e-14 0.000000000000000000e+00 1.963585756101499842e-05
2.359000000000000000e+03 1.901518171050816720e-14 -1.405347239090944019e-14 7.326462598724869634e-14 0.000000000000000000e+00 7.274825994644189157e-06
2.360000000000000000e+03 1.890116151084188594e-14 -1.402891497444638541e-14 7.297450496916379987e-14 0.000000000000000000e+00 1.558202466774136460e-05
2.361000000000000000e+03 1.878714131117559837e-14 -1.400435755798333220e-14 7.268438395107890341e-14 0.000000000000000000e+00 1.155590212801997798e-05
2.362000000000000000e+03 1.867312111150931711e-14 -1.397980014152027900e-14 7.239426293299400694e-14 0.000000000000000000e+00 2.303011736225473588e-05
2.363000000000000000e+03 1.855910091184302954e-14 -1.395524272505722579e-14 7.210414191490912310e-14 0.000000000000000000e+00 1.501570544002448466e-05
2.364000000000000000e+03 1.844508071217674828e-14 -1.393068530859417258e-14 7.181402089682422664e-14 0.000000000000000000e+00 1.368514253301145747e-05
2.365000000000000000e+03 1.829721798907262055e-14 -1.388285665751877523e-14 7.136240782679607801e-14 0.000000000000000000e+00 1.082650314801971258e-05
2.366000000000000000e+03 1.811551274253064951e-14 -1.381175677183103374e-14 7.074930270482466461e-14 0.000000000000000000e+00 1.984059657954141310e-05
2.367000000000000000e+03 1.793380749598868162e-14 -1.374065688614329225e-14 7.013619758285326383e-14 0.000000000000000000e+00 9.769521661085116572e-06
2.368000000000000000e+03 1.775210224944671057e-14 -1.366955700045555075e-14 6.952309246088185042e-14 0.000000000000000000e+00 1.228495006363011281e-05
2.369000000000000000e+03 1.757039700290474269e-14 -1.359845711476780926e-14 6.890998733891044964e-14 0.000000000000000000e+00 2.172810176082547341e-05
2.370000000000000000e+03 1.738869175636277164e-14 -1.352735722908006935e-14 6.829688221693903624e-14 0.000000000000000000e+00 1.673384469927861648e-05
2.371000000000000000e+03 1.720698650982080375e-14 -1.345625734339232785e-14 6.768377709496763545e-14 0.000000000000000000e+00 1.390605385740585875e-05
2.372000000000000000e+03 1.702528126327883271e-14 -1.338515745770458636e-14 6.707067197299622205e-14 0.000000000000000000e+00 1.597428506311619536e-05
2.373000000000000000e+03 1.684357601673686482e-14 -1.331405757201684487e-14 6.645756685102482127e-14 0.000000000000000000e+00 1.108941857379561594e-05
2.374000000000000000e+03 1.666187077019489377e-14 -1.324295768632910338e-14 6.584446172905340786e-14 0.000000000000000000e+00 1.445312424232786380e-05
2.375000000000000000e+03 1.650786115400602716e-14 -1.317150146813173607e-14 6.533435654400428234e-14 0.000000000000000000e+00 1.953011419035174189e-05
2.376000000000000000e+03 1.638154716817026182e-14 -1.309968891742474136e-14 6.492725129587743207e-14 0.000000000000000000e+00 1.447166806898972716e-05
2.377000000000000000e+03 1.625523318233449963e-14 -1.302787636671774823e-14 6.452014604775058181e-14 0.000000000000000000e+00 1.719678083261985465e-05
2.378000000000000000e+03 1.612891919649873429e-14 -1.295606381601075352e-14 6.411304079962373155e-14 0.000000000000000000e+00 1.228513567146468718e-05
2.379000000000000000e+03 1.600260521066296895e-14 -1.288425126530376039e-14 6.370593555149688128e-14 0.000000000000000000e+00 1.647902458705899462e-05
2.380000000000000000e+03 1.587629122482720677e-14 -1.281243871459676569e-14 6.329883030337003102e-14 0.000000000000000000e+00 1.717321122580556700e-05
2.381000000000000000e+03 1.574997723899144143e-14 -1.274062616388977256e-14 6.289172505524318076e-14 0.000000000000000000e+00 1.017750650280772601e-05
2.382000000000000000e+03 1.562366325315567609e-14 -1.266881361318277785e-14 6.248461980711633049e-14 0.000000000000000000e+00 1.430303788305226235e-05
2.383000000000000000e+03 1.549734926731991390e-14 -1.259700106247578472e-14 6.207751455898948023e-14 0.000000000000000000e+00 1.849246491182181747e-05
2.384000000000000000e+03 1.537103528148414856e-14 -1.252518851176879001e-14 6.167040931086262997e-14 0.000000000000000000e+00 1.959172732135571601e-05
2.385000000000000000e+03 1.528315942449888768e-14 -1.245543507295441308e-14 6.133939934969274467e-14 0.000000000000000000e+00 1.639026302549841582e-05
2.386000000000000000e+03 1.523372169636413442e-14 -1.238774074603265391e-14 6.108448467547983697e-14 0.000000000000000000e+00 1.244549765998086731e-05
2.387000000000000000e+03 1.518428396822938115e-14 -1.232004641911089316e-14 6.082957000126692927e-14 0.000000000000000000e+00 9.584825342811371097e-06
2.388000000000000000e+03 1.513484624009462473e-14 -1.225235209218913399e-14 6.057465532705400894e-14 0.000000000000000000e+00 2.165118650402617805e-05
2.389000000000000000e+03 1.508540851195987147e-14 -1.218465776526737324e-14 6.031974065284110124e-14 0.000000000000000000e+00 1.389823478949362292e-05
2.390000000000000000e+03 1.503597078382511505e-14 -1.211696343834561407e-14 6.006482597862819354e-14 0.000000000000000000e+00 1.377073376140333263e-05
2.391000000000000000e+03 1.498653305569036178e-14 -1.204926911142385333e-14 5.980991130441528584e-14 0.000000000000000000e+00 1.889400839534271538e-05
2.392000000000000000e+03 1.493709532755560536e-14 -1.198157478450209416e-14 5.955499663020236551e-14 0.000000000000000000e+00 1.198729085608883963e-05
2.393000000000000000e+03 1.488765759942085210e-14 -1.191388045758033341e-14 5.930008195598945781e-14 0.000000000000000000e+00 1.541547431624346823e-05
2.394000000000000000e+03 1.483821987128609883e-14 -1.184618613065857424e-14 5.904516728177655011e-14 0.000000000000000000e+00 2.070266043793083453e-05
2.395000000000000000e+03 1.468486029281803923e-14 -1.173521709943120007e-14 5.843035240339911616e-14 0.000000000000000000e+00 9.178639721531054162e-06
2.396000000000000000e+03 1.442757886401667960e-14 -1.158097336389821090e-14 5.745563732085715597e-14 0.000000000000000000e+00 1.474407384193959192e-05
2.397000000000000000e+03 1.417029743521531840e-14 -1.142672962836522330e-14 5.648092223831520840e-14 0.000000000000000000e+00 1.923581788016928904e-05
2.398000000000000000e+03 1.391301600641395877e-14 -1.127248589283223413e-14 5.550620715577325452e-14 0.000000000000000000e+00 1.928273631420248350e-05
2.399000000000000000e+03 1.365573457761259756e-14 -1.111824215729924495e-14 5.453149207323130064e-14 0.000000000000000000e+00 1.606723337294902124e-05
2.400000000000000000e+03 1.339845314881123636e-14 -1.096399842176625736e-14 5.355677699068934677e-14 0.000000000000000000e+00 9.955043344764108506e-06
2.401000000000000000e+03 1.314117172000987515e-14 -1.080975468623326819e-14 5.258206190814739289e-14 0.000000000000000000e+00 1.295753981372027397e-05
2.402000000000000000e+03 1.288389029120851552e-14 -1.065551095070027901e-14 5.160734682560543901e-14 0.000000000000000000e+00 1.913049110611262296e-05
2.403000000000000000e+03 1.262660886240715432e-14 -1.050126721516729142e-14 5.063263174306348513e-14 0.000000000000000000e+00 1.139921041584409992e-05
2.404000000000000000e+03 1.236932743360579311e-14 -1.034702347963430225e-14 4.965791666052153756e-14 0.000000000000000000e+00 1.810379552675426618e-05
2.405000000000000000e+03 1.227180918478784638e-14 -1.026229579114831356e-14 4.938962152861735579e-14 0.000000000000000000e+00 1.802220395676336511e-05
2.406000000000000000e+03 1.233405411595331096e-14 -1.024708414970932536e-14 4.982774634735094613e-14 0.000000000000000000e+00 1.686439496173292881e-05
2.407000000000000000e+03 1.239629904711877554e-14 -1.023187250827033716e-14 5.026587116608454278e-14 0.000000000000000000e+00 1.434109538137134335e-05
2.408000000000000000e+03 1.245854397828424012e-14 -1.021666086683134896e-14 5.070399598481813943e-14 0.000000000000000000e+00 1.860452377215443250e-05
2.409000000000000000e+03 1.252078890944970471e-14 -1.020144922539236076e-14 5.114212080355172977e-14 0.000000000000000000e+00 7.377495350981196567e-06
2.410000000000000000e+03 1.258303384061516929e-14 -1.018623758395337256e-14 5.158024562228532642e-14 0.000000000000000000e+00 1.749114376645884692e-05
2.411000000000000000e+03 1.264527877178063387e-14 -1.017102594251438436e-14 5.201837044101891676e-14 0.000000000000000000e+00 2.103915105871230834e-05
2.412000000000000000e+03 1.270752370294609845e-14 -1.015581430107539615e-14 5.245649525975251342e-14 0.000000000000000000e+00 1.702050931661074998e-05
2.413000000000000000e+03 1.276976863411156303e-14 -1.014060265963640795e-14 5.289462007848611007e-14 0.000000000000000000e+00 1.255603439504762790e-05
2.414000000000000000e+03 1.283201356527702762e-14 -1.012539101819741975e-14 5.333274489721970041e-14 0.000000000000000000e+00 1.496368578750478737e-05
2.415000000000000000e+03 1.277291664213048207e-14 -1.006386247428689316e-14 5.329894609310992590e-14 0.000000000000000000e+00 1.506430458815682565e-05
2.416000000000000000e+03 1.259247786467192483e-14 -9.956017027904828186e-15 5.279322366615678024e-14 0.000000000000000000e+00 1.883213123404140729e-05
2.417000000000000000e+03 1.241203908721336916e-14 -9.848171581522763208e-15 5.228750123920363457e-14 0.000000000000000000e+00 8.485210121077866322e-06
2.418000000000000000e+03 1.223160030975481192e-14 -9.740326135140698230e-15 5.178177881225048891e-14 0.000000000000000000e+00 1.736049116424912063e-05
2.419000000000000000e+03 1.205116153229625467e-14 -9.632480688758633252e-15 5.127605638529734324e-14 0.000000000000000000e+00 2.069316469337657822e-05
2.420000000000000000e+03 1.187072275483769743e-14 -9.524635242376568275e-15 5.077033395834419127e-14 0.000000000000000000e+00 1.951752144009612867e-05
2.421000000000000000e+03 1.169028397737914019e-14 -9.416789795994503297e-15 5.026461153139104560e-14 0.000000000000000000e+00 1.232232862695307134e-05
2.422000000000000000e+03 1.150984519992058294e-14 -9.308944349612438319e-15 4.975888910443789994e-14 0.000000000000000000e+00 1.835979219797498948e-05
2.423000000000000000e+03 1.132940642246202728e-14 -9.201098903230373341e-15 4.925316667748475427e-14 0.000000000000000000e+00 9.145303300995932902e-06
2.424000000000000000e+03 1.114896764500347003e-14 -9.093253456848308363e-15 4.874744425053160861e-14 0.000000000000000000e+00 1.987111200484367629e-05
2.425000000000000000e+03 1.101046641251645196e-14 -8.990495663047396937e-15 4.833735390861668243e-14 0.000000000000000000e+00 1.711614553580528356e-05
2.426000000000000000e+03 1.091390272500097149e-14 -8.892825521827635907e-15 4.802289565173997572e-14 0.000000000000000000e+00 1.583896041695816100e-05
2.427000000000000000e+03 1.081733903748549102e-14 -8.795155380607874876e-15 4.770843739486326902e-14 0.000000000000000000e+00 1.670447846384736691e-05
2.428000000000000000e+03 1.072077534997001055e-14 -8.697485239388115423e-15 4.739397913798656231e-14 0.000000000000000000e+00 1.253539927292000164e-05
2.429000000000000000e+03 1.062421166245453008e-14 -8.599815098168354393e-15 4.707952088110985561e-14 0.000000000000000000e+00 1.743058142919799808e-05
2.430000000000000000e+03 1.052764797493905119e-14 -8.502144956948593362e-15 4.676506262423314259e-14 0.000000000000000000e+00 1.689539186054252605e-05
2.431000000000000000e+03 1.043108428742357072e-14 -8.404474815728832332e-15 4.645060436735643589e-14 0.000000000000000000e+00 9.198079404670465021e-06
2.432000000000000000e+03 1.033452059990809025e-14 -8.306804674509072879e-15 4.613614611047972918e-14 0.000000000000000000e+00 1.852304494378627064e-05
2.433000000000000000e+03 1.023795691239260978e-14 -8.209134533289311849e-15 4.582168785360302248e-14 0.000000000000000000e+00 2.249087143861406250e-05
2.434000000000000000e+03 1.014139322487712931e-14 -8.111464392069550818e-15 4.550722959672631577e-14 0.000000000000000000e+00 1.533481903521719686e-05
2.435000000000000000e+03 1.009139027754458053e-14 -8.039001509631240262e-15 4.542851884291864993e-14 0.000000000000000000e+00 1.562210504601836260e-05
2.436000000000000000e+03 1.008794807039496029e-14 -7.991745885974378602e-15 4.558555559218002495e-14 0.000000000000000000e+00 1.300268581827844943e-05
2.437000000000000000e+03 1.008450586324534163e-14 -7.944490262317516942e-15 4.574259234144139996e-14 0.000000000000000000e+00 1.468175652431593908e-05
2.438000000000000000e+03 1.008106365609572297e-14 -7.897234638660655282e-15 4.589962909070277498e-14 0.000000000000000000e+00 2.032025815232290833e-05
2.439000000000000000e+03 1.007762144894610273e-14 -7.849979015003793622e-15 4.605666583996415000e-14 0.000000000000000000e+00 1.094917441765503850e-05
2.440000000000000000e+03 1.007417924179648406e-14 -7.802723391346930385e-15 4.621370258922551870e-14 0.000000000000000000e+00 2.085109033913814847e-05
2.441000000000000000e+03 1.007073703464686382e-14 -7.755467767690068725e-15 4.637073933848689372e-14 0.000000000000000000e+00 1.500315216814486710e-05
2.442000000000000000e+03 1.006729482749724516e-14 -7.708212144033207065e-15 4.652777608774826873e-14 0.000000000000000000e+00 2.136096810701220463e-05
2.443000000000000000e+03 1.006385262034762650e-14 -7.660956520376345405e-15 4.668481283700964375e-14 0.000000000000000000e+00 1.027317185526408564e-05
2.444000000000000000e+03 1.006041041319800626e-14 -7.613700896719483745e-15 4.684184958627101877e-14 0.000000000000000000e+00 1.752780161815495268e-05
2.445000000000000000e+03 9.958040836183768855e-15 -7.549162925779869519e-15 4.661772622641201625e-14 0.000000000000000000e+00 9.022427222397062861e-06
2.446000000000000000e+03 9.756743889304914289e-15 -7.467342607557505882e-15 4.601244275743263619e-14 0.000000000000000000e+00 1.875265514785763195e-05
2.447000000000000000e+03 9.555446942426058145e-15 -7.385522289335139090e-15 4.540715928845326245e-14 0.000000000000000000e+00 2.078552865674952258e-05
2.448000000000000000e+03 9.354149995547202001e-15 -7.303701971112775453e-15 4.480187581947388239e-14 0.000000000000000000e+00 1.697209060872944224e-05
2.449000000000000000e+03 9.152853048668347435e-15 -7.221881652890408660e-15 4.419659235049450233e-14 0.000000000000000000e+00 1.515635903600077621e-05
2.450000000000000000e+03 8.951556101789491291e-15 -7.140061334668045024e-15 4.359130888151512859e-14 0.000000000000000000e+00 1.074892613688267996e-05
2.451000000000000000e+03 8.750259154910636724e-15 -7.058241016445679020e-15 4.298602541253574853e-14 0.000000000000000000e+00 1.824809271330426691e-05
2.452000000000000000e+03 8.548962208031780580e-15 -6.976420698223313805e-15 4.238074194355636848e-14 0.000000000000000000e+00 2.075935197935790044e-05
2.453000000000000000e+03 8.347665261152924436e-15 -6.894600380000948591e-15 4.177545847457698842e-14 0.000000000000000000e+00 1.011279531438142542e-05
2.454000000000000000e+03 8.146368314274069870e-15 -6.812780061778583376e-15 4.117017500559761467e-14 0.000000000000000000e+00 1.891304359303485887e-05
2.455000000000000000e+03 8.062841205976129840e-15 -6.768670943954178921e-15 4.115248025845633652e-14 0.000000000000000000e+00 2.213934873222759363e-05
2.456000000000000000e+03 8.097083936259105923e-15 -6.762273026527734436e-15 4.172237423315316026e-14 0.000000000000000000e+00 1.403674641237466810e-05
2.457000000000000000e+03 8.131326666542080429e-15 -6.755875109101290740e-15 4.229226820784999032e-14 0.000000000000000000e+00 1.749210161619958693e-05
2.458000000000000000e+03 8.165569396825056513e-15 -6.749477191674847044e-15 4.286216218254681407e-14 0.000000000000000000e+00 1.533229433359170781e-05
2.459000000000000000e+03 8.199812127108032597e-15 -6.743079274248402559e-15 4.343205615724363781e-14 0.000000000000000000e+00 8.353544293527610250e-06
2.460000000000000000e+03 8.234054857391008680e-15 -6.736681356821958863e-15 4.400195013194046787e-14 0.000000000000000000e+00 1.989389095346771796e-05
2.461000000000000000e+03 8.268297587673984764e-15 -6.730283439395514378e-15 4.457184410663729161e-14 0.000000000000000000e+00 2.403553258778568091e-05
2.462000000000000000e+03 8.302540317956960847e-15 -6.723885521969070682e-15 4.514173808133411536e-14 0.000000000000000000e+00 1.310353075180410219e-05
2.463000000000000000e+03 8.336783048239935353e-15 -6.717487604542626986e-15 4.571163205603094542e-14 0.000000000000000000e+00 1.868190648507078944e-05
2.464000000000000000e+03 8.371025778522911437e-15 -6.711089687116182501e-15 4.628152603072776916e-14 0.000000000000000000e+00 1.310852296249378380e-05
2.465000000000000000e+03 8.302297388323351589e-15 -6.685164826080594158e-15 4.627670727097570797e-14 0.000000000000000000e+00 1.458144197149086888e-05
2.466000000000000000e+03 8.130597877641255810e-15 -6.639713021435859590e-15 4.569717577677476185e-14 0.000000000000000000e+00 1.696509206473490570e-05
2.467000000000000000e+03 7.958898366959160031e-15 -6.594261216791126600e-15 4.511764428257381573e-14 0.000000000000000000e+00 1.101236243056022938e-05
2.468000000000000000e+03 7.787198856277064252e-15 -6.548809412146392032e-15 4.453811278837286960e-14 0.000000000000000000e+00 2.062852580776782611e-05
2.469000000000000000e+03 7.615499345594968473e-15 -6.503357607501659042e-15 4.395858129417192348e-14 0.000000000000000000e+00 1.980517155122245071e-05
2.470000000000000000e+03 7.443799834912872694e-15 -6.457905802856924474e-15 4.337904979997097736e-14 0.000000000000000000e+00 1.903127850413888732e-05
2.471000000000000000e+03 7.272100324230776915e-15 -6.412453998212191484e-15 4.279951830577003123e-14 0.000000000000000000e+00 1.558003208094073112e-05
2.472000000000000000e+03 7.100400813548680348e-15 -6.367002193567456916e-15 4.221998681156908511e-14 0.000000000000000000e+00 1.335354285934090521e-05
2.473000000000000000e+03 6.928701302866584569e-15 -6.321550388922723926e-15 4.164045531736813898e-14 0.000000000000000000e+00 1.521577254635448182e-05
2.474000000000000000e+03 6.757001792184488790e-15 -6.276098584277989358e-15 4.106092382316719286e-14 0.000000000000000000e+00 1.766061336168870007e-05
2.475000000000000000e+03 6.664923719974258245e-15 -6.256166067714699116e-15 4.093467058727123123e-14 0.000000000000000000e+00 1.902930849652563093e-05
2.476000000000000000e+03 6.652467086235892933e-15 -6.261752839232851621e-15 4.126169560968025409e-14 0.000000000000000000e+00 1.730501963714813028e-05
2.477000000000000000e+03 6.640010452497527622e-15 -6.267339610751004127e-15 4.158872063208928326e-14 0.000000000000000000e+00 1.539619965782303311e-05
2.478000000000000000e+03 6.627553818759162311e-15 -6.272926382269156632e-15 4.191574565449830612e-14 0.000000000000000000e+00 1.815324367987228453e-05
2.479000000000000000e+03 6.615097185020796999e-15 -6.278513153787309138e-15 4.224277067690732898e-14 0.000000000000000000e+00 1.173324668024278896e-05
2.480000000000000000e+03 6.602640551282430899e-15 -6.284099925305460854e-15 4.256979569931635816e-14 0.000000000000000000e+00 1.821937442307089292e-05
2.481000000000000000e+03 6.590183917544065588e-15 -6.289686696823613360e-15 4.289682072172538102e-14 0.000000000000000000e+00 8.875145825493291292e-06
2.482000000000000000e+03 6.577727283805700276e-15 -6.295273468341765865e-15 4.322384574413440388e-14 0.000000000000000000e+00 2.797381056449128455e-05
2.483000000000000000e+03 6.565270650067334965e-15 -6.300860239859918371e-15 4.355087076654343305e-14 0.000000000000000000e+00 1.685801732188354498e-05
2.484000000000000000e+03 6.552814016328969654e-15 -6.306447011378070876e-15 4.387789578895245591e-14 0.000000000000000000e+00 1.451613876642925008e-05
2.485000000000000000e+03 6.497698009843290629e-15 -6.307572490595739477e-15 4.394347089934309023e-14 0.000000000000000000e+00 1.430355290352870832e-05
2.486000000000000000e+03 6.399922630610297103e-15 -6.304236677512924962e-15 4.374759609771533601e-14 0.000000000000000000e+00 1.648281508244715658e-05
2.487000000000000000e+03 6.302147251377304365e-15 -6.300900864430109659e-15 4.355172129608758811e-14 0.000000000000000000e+00 1.686560027807661698e-05
2.488000000000000000e+03 6.204371872144310838e-15 -6.297565051347295144e-15 4.335584649445983389e-14 0.000000000000000000e+00 1.848057138808044156e-05
2.489000000000000000e+03 6.106596492911317312e-15 -6.294229238264480629e-15 4.315997169283207967e-14 0.000000000000000000e+00 1.887541735077951022e-05
2.490000000000000000e+03 6.008821113678324574e-15 -6.290893425181665325e-15 4.296409689120433176e-14 0.000000000000000000e+00 1.470137455070979050e-05
2.491000000000000000e+03 5.911045734445331048e-15 -6.287557612098850811e-15 4.276822208957657754e-14 0.000000000000000000e+00 1.931334897991230967e-05
2.492000000000000000e+03 5.813270355212337521e-15 -6.284221799016036296e-15 4.257234728794882333e-14 0.000000000000000000e+00 1.913686244312384207e-05
2.493000000000000000e+03 5.715494975979344783e-15 -6.280885985933220992e-15 4.237647248632107542e-14 0.000000000000000000e+00 1.103851882102129085e-05
2.494000000000000000e+03 5.617719596746351257e-15 -6.277550172850406477e-15 4.218059768469332120e-14 0.000000000000000000e+00 1.757382494035028247e-05
2.495000000000000000e+03 5.514715524842580263e-15 -6.287082209638745085e-15 4.197230166232769717e-14 0.000000000000000000e+00 9.034369104070375737e-06
2.496000000000000000e+03 5.406482760268030225e-15 -6.309482096298237604e-15 4.175158441922420963e-14 0.000000000000000000e+00 2.926359496003284031e-05
2.497000000000000000e+03 5.298249995693480186e-15 -6.331881982957730123e-15 4.153086717612072210e-14 0.000000000000000000e+00 1.663492092417924472e-05
2.498000000000000000e+03 5.190017231118930148e-15 -6.354281869617223430e-15 4.131014993301722825e-14 0.000000000000000000e+00 1.495762996450111952e-05
2.499000000000000000e+03 5.081784466544380110e-15 -6.376681756276715949e-15 4.108943268991374072e-14 0.000000000000000000e+00 1.657575108782195219e-05
2.500000000000000000e+03 4.973551701969830860e-15 -6.399081642936208468e-15 4.086871544681024687e-14 0.000000000000000000e+00 1.754185633858802587e-05
2.501000000000000000e+03 4.865318937395280822e-15 -6.421481529595700987e-15 4.064799820370675934e-14 0.000000000000000000e+00 1.323961519123451038e-05
2.502000000000000000e+03 4.757086172820730783e-15 -6.443881416255194295e-15 4.042728096060326549e-14 0.000000000000000000e+00 1.776951918917580838e-05
2.503000000000000000e+03 4.648853408246180745e-15 -6.466281302914686814e-15 4.020656371749977796e-14 0.000000000000000000e+00 1.617634117229990672e-05
2.504000000000000000e+03 4.540620643671630706e-15 -6.488681189574179333e-15 3.998584647439629042e-14 0.000000000000000000e+00 2.037071051455957143e-05
2.505000000000000000e+03 4.489344136530946047e-15 -6.534313782609097867e-15 4.004879968072797222e-14 0.000000000000000000e+00 1.896395100860294366e-05
2.506000000000000000e+03 4.495023886824126765e-15 -6.603179082019442416e-15 4.039542333649482334e-14 0.000000000000000000e+00 1.584983421381589154e-05
2.507000000000000000e+03 4.500703637117307484e-15 -6.672044381429786965e-15 4.074204699226167447e-14 0.000000000000000000e+00 1.437505218505426210e-05
2.508000000000000000e+03 4.506383387410487414e-15 -6.740909680840131514e-15 4.108867064802852560e-14 0.000000000000000000e+00 1.574616541732980871e-05
2.509000000000000000e+03 4.512063137703668133e-15 -6.809774980250476063e-15 4.143529430379537672e-14 0.000000000000000000e+00 1.490161031325500373e-05
2.510000000000000000e+03 4.517742887996848063e-15 -6.878640279660821401e-15 4.178191795956222785e-14 0.000000000000000000e+00 2.177007481277261840e-05
2.511000000000000000e+03 4.523422638290028781e-15 -6.947505579071165950e-15 4.212854161532907898e-14 0.000000000000000000e+00 2.024471436797962455e-05
2.512000000000000000e+03 4.529102388583208711e-15 -7.016370878481510500e-15 4.247516527109593010e-14 0.000000000000000000e+00 1.497283229040025616e-05
2.513000000000000000e+03 4.534782138876389430e-15 -7.085236177891855049e-15 4.282178892686278123e-14 0.000000000000000000e+00 1.853752878095514122e-05
2.514000000000000000e+03 4.540461889169570149e-15 -7.154101477302199598e-15 4.316841258262963236e-14 0.000000000000000000e+00 1.619789812502730181e-05
2.515000000000000000e+03 4.476302333512622640e-15 -7.200871714232689480e-15 4.304491181245739286e-14 0.000000000000000000e+00 1.248518650481563987e-05
2.516000000000000000e+03 4.342303471905547694e-15 -7.225546888683326272e-15 4.245128661634605014e-14 0.000000000000000000e+00 1.899566611824980293e-05
2.517000000000000000e+03 4.208304610298473536e-15 -7.250222063133961486e-15 4.185766142023470741e-14 0.000000000000000000e+00 1.227261768520488003e-05
2.518000000000000000e+03 4.074305748691398590e-15 -7.274897237584596700e-15 4.126403622412336468e-14 0.000000000000000000e+00 2.573947791431790749e-05
2.519000000000000000e+03 3.940306887084324432e-15 -7.299572412035233492e-15 4.067041102801202195e-14 0.000000000000000000e+00 1.651433049532627771e-05
2.520000000000000000e+03 3.806308025477249486e-15 -7.324247586485868706e-15 4.007678583190068553e-14 0.000000000000000000e+00 1.577263020073163386e-05
2.521000000000000000e+03 3.672309163870174540e-15 -7.348922760936505498e-15 3.948316063578934280e-14 0.000000000000000000e+00 1.498634321827746666e-05
2.522000000000000000e+03 3.538310302263099988e-15 -7.373597935387140712e-15 3.888953543967800008e-14 0.000000000000000000e+00 1.830723372888720622e-05
2.523000000000000000e+03 3.404311440656025436e-15 -7.398273109837775927e-15 3.829591024356665735e-14 0.000000000000000000e+00 1.160382547462122460e-05
2.524000000000000000e+03 3.270312579048950489e-15 -7.422948284288412719e-15 3.770228504745531462e-14 0.000000000000000000e+00 2.446880466671756907e-05
2.525000000000000000e+03 3.191073769240624856e-15 -7.488361140708376440e-15 3.750855180504295243e-14 0.000000000000000000e+00 1.740818092308626944e-05
2.526000000000000000e+03 3.166595011231047353e-15 -7.594511679097670245e-15 3.771471051632957709e-14 0.000000000000000000e+00 1.297902960883089400e-05
2.527000000000000000e+03 3.142116253221469850e-15 -7.700662217486964051e-15 3.792086922761618912e-14 0.000000000000000000e+00 2.395825859980754265e-05
2.528000000000000000e+03 3.117637495211892347e-15 -7.806812755876256278e-15 3.812702793890281378e-14 0.000000000000000000e+00 1.507112252555869433e-05
2.529000000000000000e+03 3.093158737202314843e-15 -7.912963294265550084e-15 3.833318665018942582e-14 0.000000000000000000e+00 1.141533624159511207e-05
2.530000000000000000e+03 3.068679979192737340e-15 -8.019113832654843890e-15 3.853934536147605048e-14 0.000000000000000000e+00 1.884671029574353323e-05
2.531000000000000000e+03 3.044201221183159837e-15 -8.125264371044137695e-15 3.874550407276266252e-14 0.000000000000000000e+00 1.383440784853164673e-05
2.532000000000000000e+03 3.019722463173582334e-15 -8.231414909433429923e-15 3.895166278404928717e-14 0.000000000000000000e+00 2.557381702423885966e-05
2.533000000000000000e+03 2.995243705164004831e-15 -8.337565447822723728e-15 3.915782149533589921e-14 0.000000000000000000e+00 2.046794234067963891e-05
2.534000000000000000e+03 2.970764947154427327e-15 -8.443715986212017534e-15 3.936398020662252387e-14 0.000000000000000000e+00 1.145319421550082916e-05
2.535000000000000000e+03 2.922906093441890369e-15 -8.531405055714330534e-15 3.933894519173644858e-14 0.000000000000000000e+00 1.556200958727990498e-05
2.536000000000000000e+03 2.851667144026393562e-15 -8.600632656329665885e-15 3.908271645067769227e-14 0.000000000000000000e+00 1.963212533377752705e-05
2.537000000000000000e+03 2.780428194610896754e-15 -8.669860256944999657e-15 3.882648770961892965e-14 0.000000000000000000e+00 1.452463156090814294e-05
2.538000000000000000e+03 2.709189245195399947e-15 -8.739087857560335008e-15 3.857025896856017335e-14 0.000000000000000000e+00 1.622936866588935086e-05
2.539000000000000000e+03 2.637950295779903140e-15 -8.808315458175670358e-15 3.831403022750141073e-14 0.000000000000000000e+00 2.174268407306640435e-05
2.540000000000000000e+03 2.566711346364405938e-15 -8.877543058791004131e-15 3.805780148644265442e-14 0.000000000000000000e+00 1.973760776860852281e-05
2.541000000000000000e+03 2.495472396948909130e-15 -8.946770659406339481e-15 3.780157274538389180e-14 0.000000000000000000e+00 1.687651993983733159e-05
2.542000000000000000e+03 2.424233447533412323e-15 -9.015998260021674832e-15 3.754534400432513550e-14 0.000000000000000000e+00 1.668008729875135386e-05
2.543000000000000000e+03 2.352994498117915515e-15 -9.085225860637008604e-15 3.728911526326637288e-14 0.000000000000000000e+00 1.493903496196794913e-05
2.544000000000000000e+03 2.281755548702418708e-15 -9.154453461252343955e-15 3.703288652220761657e-14 0.000000000000000000e+00 1.467050760434737121e-05
2.545000000000000000e+03 2.201777804294399474e-15 -9.230078210279530317e-15 3.662928323631675212e-14 0.000000000000000000e+00 1.435786085671216125e-05
2.546000000000000000e+03 2.113061264893858207e-15 -9.312100107718569270e-15 3.607830540559379213e-14 0.000000000000000000e+00 2.661007243699248454e-05
2.547000000000000000e+03 2.024344725493316545e-15 -9.394122005157608222e-15 3.552732757487083214e-14 0.000000000000000000e+00 1.645227131614244271e-05
2.548000000000000000e+03 1.935628186092775279e-15 -9.476143902596645597e-15 3.497634974414787216e-14 0.000000000000000000e+00 1.529797918397117270e-05
2.549000000000000000e+03 1.846911646692234012e-15 -9.558165800035684549e-15 3.442537191342491217e-14 0.000000000000000000e+00 1.989937228094741973e-05
2.550000000000000000e+03 1.758195107291692350e-15 -9.640187697474723501e-15 3.387439408270194588e-14 0.000000000000000000e+00 2.002079270404514053e-05
2.551000000000000000e+03 1.669478567891151083e-15 -9.722209594913762454e-15 3.332341625197898589e-14 0.000000000000000000e+00 6.695436902561725692e-06
2.552000000000000000e+03 1.580762028490609422e-15 -9.804231492352799829e-15 3.277243842125602591e-14 0.000000000000000000e+00 2.157046347822072943e-05
2.553000000000000000e+03 1.492045489090068155e-15 -9.886253389791838781e-15 3.222146059053306592e-14 0.000000000000000000e+00 1.913269240284182112e-05
2.554000000000000000e+03 1.403328949689526494e-15 -9.968275287230877733e-15 3.167048275981010594e-14 0.000000000000000000e+00 2.320880573442015828e-05
2.555000000000000000e+03 1.357736838328257040e-15 -1.006601456405908499e-14 3.155751241426540707e-14 0.000000000000000000e+00 1.847568293557976654e-05
2.556000000000000000e+03 1.355269155006259794e-15 -1.017947122027645897e-14 3.188254955389898194e-14 0.000000000000000000e+00 1.369565013630111129e-05
2.557000000000000000e+03 1.352801471684262154e-15 -1.029292787649383452e-14 3.220758669353255681e-14 0.000000000000000000e+00 1.334326354524990607e-05
2.558000000000000000e+03 1.350333788362264908e-15 -1.040638453271121008e-14 3.253262383316613169e-14 0.000000000000000000e+00 1.880162085793838912e-05
2.559000000000000000e+03 1.347866105040267267e-15 -1.051984118892858406e-14 3.285766097279970656e-14 0.000000000000000000e+00 1.515321569722316662e-05
2.560000000000000000e+03 1.345398421718270021e-15 -1.063329784514595962e-14 3.318269811243327512e-14 0.000000000000000000e+00 2.559470642294500134e-05
2.561000000000000000e+03 1.342930738396272381e-15 -1.074675450136333360e-14 3.350773525206685000e-14 0.000000000000000000e+00 1.596790085263223826e-05
2.562000000000000000e+03 1.340463055074275135e-15 -1.086021115758070915e-14 3.383277239170042487e-14 0.000000000000000000e+00 1.449342504585069734e-05
2.563000000000000000e+03 1.337995371752277494e-15 -1.097366781379808471e-14 3.415780953133399974e-14 0.000000000000000000e+00 2.271650242318442374e-05
2.564000000000000000e+03 1.335527688430280248e-15 -1.108712447001545869e-14 3.448284667096757462e-14 0.000000000000000000e+00 1.436872902107891244e-05
2.565000000000000000e+03 1.290624186124578109e-15 -1.116723802284865084e-14 3.426579610398794894e-14 0.000000000000000000e+00 1.263492067638293002e-05
2.566000000000000000e+03 1.203284864835171668e-15 -1.121400847229766117e-14 3.350665783039513533e-14 0.000000000000000000e+00 1.982798193725609338e-05
2.567000000000000000e+03 1.115945543545765226e-15 -1.126077892174667149e-14 3.274751955680231541e-14 0.000000000000000000e+00 1.939454897797142024e-05
2.568000000000000000e+03 1.028606222256358588e-15 -1.130754937119568182e-14 3.198838128320950180e-14 0.000000000000000000e+00 2.413589829712677254e-05
2.569000000000000000e+03 9.412669009669521464e-16 -1.135431982064469214e-14 3.122924300961668188e-14 0.000000000000000000e+00 1.573234398865635061e-05
2.570000000000000000e+03 8.539275796775456065e-16 -1.140109027009370247e-14 3.047010473602386196e-14 0.000000000000000000e+00 1.389288392688419052e-05
2.571000000000000000e+03 7.665882583881390665e-16 -1.144786071954271279e-14 2.971096646243104836e-14 0.000000000000000000e+00 1.625902259936534990e-05
2.572000000000000000e+03 6.792489370987325266e-16 -1.149463116899172312e-14 2.895182818883822844e-14 0.000000000000000000e+00 2.002744952738190817e-05
2.573000000000000000e+03 5.919096158093260853e-16 -1.154140161844073345e-14 2.819268991524541483e-14 0.000000000000000000e+00 1.105361973258876957e-05
2.574000000000000000e+03 5.045702945199195454e-16 -1.158817206788974377e-14 2.743355164165259491e-14 0.000000000000000000e+00 2.807272388853245847e-05
2.575000000000000000e+03 4.404702606513026330e-16 -1.167442245341446575e-14 2.701607519141696089e-14 0.000000000000000000e+00 1.447777739389001495e-05
2.576000000000000000e+03 3.996095142034754961e-16 -1.180015277501490095e-14 2.694026056453850963e-14 0.000000000000000000e+00 2.005033876393740312e-05
2.577000000000000000e+03 3.587487677556483099e-16 -1.192588309661533773e-14 2.686444593766005521e-14 0.000000000000000000e+00 1.805696557775776588e-05
2.578000000000000000e+03 3.178880213078211730e-16 -1.205161341821577293e-14 2.678863131078160079e-14 0.000000000000000000e+00 1.503867920037466262e-05
2.579000000000000000e+03 2.770272748599939868e-16 -1.217734373981620813e-14 2.671281668390314952e-14 0.000000000000000000e+00 1.569223144234366138e-05
2.580000000000000000e+03 2.361665284121668499e-16 -1.230307406141664491e-14 2.663700205702469510e-14 0.000000000000000000e+00 1.665952155051583962e-05
2.581000000000000000e+03 1.953057819643396637e-16 -1.242880438301708011e-14 2.656118743014624384e-14 0.000000000000000000e+00 2.433171559757601549e-05
2.582000000000000000e+03 1.544450355165125268e-16 -1.255453470461751531e-14 2.648537280326778942e-14 0.000000000000000000e+00 1.784739306732454909e-05
2.583000000000000000e+03 1.135842890686853406e-16 -1.268026502621795209e-14 2.640955817638933500e-14 0.000000000000000000e+00 1.687646652079837409e-05
2.584000000000000000e+03 7.272354262085820367e-17 -1.280599534781838730e-14 2.633374354951088373e-14 0.000000000000000000e+00 1.511397294895332136e-05
2.585000000000000000e+03 3.455876349368761813e-17 -1.291445737584284591e-14 2.609493119353123445e-14 0.000000000000000000e+00 2.335503138601701788e-05
2.586000000000000000e+03 -9.100483128264036977e-19 -1.300565111029132951e-14 2.569312110845039031e-14 0.000000000000000000e+00 1.395576658509362052e-05
2.587000000000000000e+03 -3.637886011934043169e-17 -1.309684484473981312e-14 2.529131102336954617e-14 0.000000000000000000e+00 1.061667242242473922e-05
2.588000000000000000e+03 -7.184767192585443504e-17 -1.318803857918829672e-14 2.488950093828870518e-14 0.000000000000000000e+00 2.441412850617678300e-05
2.589000000000000000e+03 -1.073164837323684692e-16 -1.327923231363678032e-14 2.448769085320786104e-14 0.000000000000000000e+00 1.949639888825386975e-05
2.590000000000000000e+03 -1.427852955388824787e-16 -1.337042604808526235e-14 2.408588076812701690e-14 0.000000000000000000e+00 2.257611651353301561e-05
2.591000000000000000e+03 -1.782541073453964882e-16 -1.346161978253374595e-14 2.368407068304617276e-14 0.000000000000000000e+00 1.826061430817302675e-05
2.592000000000000000e+03 -2.137229191519105224e-16 -1.355281351698222955e-14 2.328226059796533177e-14 0.000000000000000000e+00 1.026515336521305390e-05
2.593000000000000000e+03 -2.491917309584245812e-16 -1.364400725143071316e-14 2.288045051288448763e-14 0.000000000000000000e+00 1.532712377273590690e-05
2.594000000000000000e+03 -2.846605427649386153e-16 -1.373520098587919676e-14 2.247864042780364349e-14 0.000000000000000000e+00 1.903908319485895598e-05
2.595000000000000000e+03 -3.330662630936822604e-16 -1.379857825192637525e-14 2.197580472409937189e-14 0.000000000000000000e+00 1.967073660163535568e-05
2.596000000000000000e+03 -3.944088919446555657e-16 -1.383413904957225179e-14 2.137194340177167600e-14 0.000000000000000000e+00 2.469314646329907171e-05
2.597000000000000000e+03 -4.557515207956289203e-16 -1.386969984721812833e-14 2.076808207944398011e-14 0.000000000000000000e+00 1.502506322726840786e-05
2.598000000000000000e+03 -5.170941496466022749e-16 -1.390526064486400329e-14 2.016422075711628422e-14 0.000000000000000000e+00 1.514968353375819472e-05
2.599000000000000000e+03 -5.784367784975755309e-16 -1.394082144250987982e-14 1.956035943478858833e-14 0.000000000000000000e+00 2.249752361070110447e-05
2.600000000000000000e+03 -6.397794073485488855e-16 -1.397638224015575636e-14 1.895649811246088929e-14 0.000000000000000000e+00 1.936331870016373341e-05
2.601000000000000000e+03 -7.011220361995222400e-16 -1.401194303780163290e-14 1.835263679013319340e-14 0.000000000000000000e+00 5.536744889430586194e-06
2.602000000000000000e+03 -7.624646650504955946e-16 -1.404750383544750786e-14 1.774877546780549751e-14 0.000000000000000000e+00 2.664603926052981660e-05
2.603000000000000000e+03 -8.238072939014688506e-16 -1.408306463309338440e-14 1.714491414547780162e-14 0.000000000000000000e+00 2.043293268804327031e-05
2.604000000000000000e+03 -8.851499227524422052e-16 -1.411862543073926094e-14 1.654105282315010573e-14 0.000000000000000000e+00 2.030942222945219527e-05
2.605000000000000000e+03 -9.308662254657517288e-16 -1.417763205111516811e-14 1.617319964281802598e-14 0.000000000000000000e+00 1.653445519445838092e-05
2.606000000000000000e+03 -9.609562020413971256e-16 -1.426008449422110592e-14 1.604135460448156238e-14 0.000000000000000000e+00 1.257536556376107989e-05
2.607000000000000000e+03 -9.910461786170425224e-16 -1.434253693732704531e-14 1.590950956614509878e-14 0.000000000000000000e+00 1.719460191026247182e-05
2.608000000000000000e+03 -1.021136155192687919e-15 -1.442498938043298469e-14 1.577766452780863833e-14 0.000000000000000000e+00 1.767868139315908251e-05
2.609000000000000000e+03 -1.051226131768333316e-15 -1.450744182353892093e-14 1.564581948947217473e-14 0.000000000000000000e+00 1.957009483928693713e-05
2.610000000000000000e+03 -1.081316108343978910e-15 -1.458989426664486031e-14 1.551397445113571429e-14 0.000000000000000000e+00 2.358529523851216444e-05
2.611000000000000000e+03 -1.111406084919624307e-15 -1.467234670975079970e-14 1.538212941279925068e-14 0.000000000000000000e+00 1.455152089555462237e-05
2.612000000000000000e+03 -1.141496061495269704e-15 -1.475479915285673909e-14 1.525028437446279024e-14 0.000000000000000000e+00 2.010868697728202125e-05
2.613000000000000000e+03 -1.171586038070915101e-15 -1.483725159596267532e-14 1.511843933612632664e-14 0.000000000000000000e+00 1.937362477520438320e-05
2.614000000000000000e+03 -1.201676014646560497e-15 -1.491970403906861471e-14 1.498659429778986304e-14 0.000000000000000000e+00 1.212658110976946426e-05
2.615000000000000000e+03 -1.239420377919406246e-15 -1.497094768258285175e-14 1.452908671215995262e-14 0.000000000000000000e+00 1.543020518145660596e-05
2.616000000000000000e+03 -1.284819127889452345e-15 -1.499098252650538960e-14 1.374591657923658908e-14 0.000000000000000000e+00 2.462256457536608455e-05
2.617000000000000000e+03 -1.330217877859498445e-15 -1.501101737042792745e-14 1.296274644631322553e-14 0.000000000000000000e+00 2.137856840889795353e-05
2.618000000000000000e+03 -1.375616627829544545e-15 -1.503105221435046215e-14 1.217957631338986357e-14 0.000000000000000000e+00 1.969661192563468811e-05
2.619000000000000000e+03 -1.421015377799590645e-15 -1.505108705827300000e-14 1.139640618046650160e-14 0.000000000000000000e+00 1.464404220603070738e-05
2.620000000000000000e+03 -1.466414127769636745e-15 -1.507112190219553785e-14 1.061323604754313806e-14 0.000000000000000000e+00 1.167320151494889426e-05
2.621000000000000000e+03 -1.511812877739682845e-15 -1.509115674611807570e-14 9.830065914619776096e-15 0.000000000000000000e+00 2.182170987780826250e-05
2.622000000000000000e+03 -1.557211627709728944e-15 -1.511119159004061039e-14 9.046895781696414130e-15 0.000000000000000000e+00 1.943662744842709265e-05
2.623000000000000000e+03 -1.602610377679775044e-15 -1.513122643396314824e-14 8.263725648773050587e-15 0.000000000000000000e+00 1.242564290622334701e-05
2.624000000000000000e+03 -1.648009127649821144e-15 -1.515126127788568609e-14 7.480555515849688622e-15 0.000000000000000000e+00 2.311103787425797262e-05
2.625000000000000000e+03 -1.684214401490779482e-15 -1.521652727333610783e-14 7.076567472179499021e-15 0.000000000000000000e+00 2.096483393694731728e-05
2.626000000000000000e+03 -1.711226199202650059e-15 -1.532702442031441660e-14 7.051761517762484938e-15 0.000000000000000000e+00 1.833172914306514415e-05
2.627000000000000000e+03 -1.738237996914520833e-15 -1.543752156729272537e-14 7.026955563345470856e-15 0.000000000000000000e+00 1.764548924631269411e-05
2.628000000000000000e+03 -1.765249794626391409e-15 -1.554801871427103414e-14 7.002149608928456773e-15 0.000000000000000000e+00 1.575530494775685613e-05
2.629000000000000000e+03 -1.792261592338261986e-15 -1.565851586124934292e-14 6.977343654511442691e-15 0.000000000000000000e+00 1.409238829948913015e-05
2.630000000000000000e+03 -1.819273390050132760e-15 -1.576901300822765169e-14 6.952537700094429397e-15 0.000000000000000000e+00 2.334394945891746275e-05
2.631000000000000000e+03 -1.846285187762003534e-15 -1.587951015520596046e-14 6.927731745677415315e-15 0.000000000000000000e+00 2.017875850622079679e-05
2.632000000000000000e+03 -1.873296985473873913e-15 -1.599000730218426923e-14 6.902925791260401232e-15 0.000000000000000000e+00 2.057260630521640980e-05
2.633000000000000000e+03 -1.900308783185744687e-15 -1.610050444916257801e-14 6.878119836843387150e-15 0.000000000000000000e+00 1.422105039516257256e-05
2.634000000000000000e+03 -1.927320580897615461e-15 -1.621100159614088678e-14 6.853313882426373067e-15 0.000000000000000000e+00 1.868610385000334483e-05
2.635000000000000000e+03 -1.958755010653747978e-15 -1.622876773516138442e-14 6.498945171361206813e-15 0.000000000000000000e+00 2.100638999033129371e-05
2.636000000000000000e+03 -1.994612072454142238e-15 -1.615380286622406777e-14 5.815013703647889176e-15 0.000000000000000000e+00 1.421804777024429313e-05
2.637000000000000000e+03 -2.030469134254536498e-15 -1.607883799728675427e-14 5.131082235934570750e-15 0.000000000000000000e+00 9.745931420352132126e-06
2.638000000000000000e+03 -2.066326196054931153e-15 -1.600387312834944078e-14 4.447150768221252324e-15 0.000000000000000000e+00 2.879823048572812666e-05
2.639000000000000000e+03 -2.102183257855325413e-15 -1.592890825941212413e-14 3.763219300507933899e-15 0.000000000000000000e+00 2.224486717715731782e-05
2.640000000000000000e+03 -2.138040319655719673e-15 -1.585394339047481064e-14 3.079287832794615473e-15 0.000000000000000000e+00 1.537150532535722753e-05
2.641000000000000000e+03 -2.173897381456113934e-15 -1.577897852153749399e-14 2.395356365081297836e-15 0.000000000000000000e+00 1.834112302437058381e-05
2.642000000000000000e+03 -2.209754443256508588e-15 -1.570401365260018049e-14 1.711424897367979410e-15 0.000000000000000000e+00 1.223590846888662902e-05
2.643000000000000000e+03 -2.245611505056902849e-15 -1.562904878366286700e-14 1.027493429654660984e-15 0.000000000000000000e+00 1.946884492419801403e-05
2.644000000000000000e+03 -2.281468566857297109e-15 -1.555408391472555035e-14 3.435619619413425585e-16 0.000000000000000000e+00 1.965642471596840466e-05
2.645000000000000000e+03 -2.321772565868237854e-15 -1.553107516372919794e-14 -2.612532425633096011e-16 0.000000000000000000e+00 1.938809366231418994e-05
2.646000000000000000e+03 -2.366523502089724690e-15 -1.556002253067380978e-14 -7.869521838592962833e-16 0.000000000000000000e+00 2.237575515654031182e-05
2.647000000000000000e+03 -2.411274438311211526e-15 -1.558896989761842161e-14 -1.312651125155282670e-15 0.000000000000000000e+00 1.359284883802771410e-05
2.648000000000000000e+03 -2.456025374532698362e-15 -1.561791726456303345e-14 -1.838350066451269352e-15 0.000000000000000000e+00 2.331210713356077763e-05
2.649000000000000000e+03 -2.500776310754185198e-15 -1.564686463150764528e-14 -2.364049007747255837e-15 0.000000000000000000e+00 1.553399310252332111e-05
2.650000000000000000e+03 -2.545527246975672034e-15 -1.567581199845225712e-14 -2.889747949043242322e-15 0.000000000000000000e+00 1.883757199054797706e-05
2.651000000000000000e+03 -2.590278183197158871e-15 -1.570475936539686896e-14 -3.415446890339229201e-15 0.000000000000000000e+00 9.567455207384581884e-06
2.652000000000000000e+03 -2.635029119418645707e-15 -1.573370673234148079e-14 -3.941145831635216081e-15 0.000000000000000000e+00 3.138254229086491519e-05
2.653000000000000000e+03 -2.679780055640132543e-15 -1.576265409928609263e-14 -4.466844772931202566e-15 0.000000000000000000e+00 1.787984375396879574e-05
2.654000000000000000e+03 -2.724530991861619379e-15 -1.579160146623070446e-14 -4.992543714227189050e-15 0.000000000000000000e+00 1.791961328497292474e-05
2.655000000000000000e+03 -2.762689986444549009e-15 -1.580376556088987931e-14 -5.394193134014722613e-15 0.000000000000000000e+00 1.599822715621655777e-05
2.656000000000000000e+03 -2.794257039388921039e-15 -1.579914638326361718e-14 -5.671793032293804043e-15 0.000000000000000000e+00 1.224499083816327882e-05
2.657000000000000000e+03 -2.825824092333293463e-15 -1.579452720563735820e-14 -5.949392930572885472e-15 0.000000000000000000e+00 1.952955411030668262e-05
2.658000000000000000e+03 -2.857391145277665493e-15 -1.578990802801109607e-14 -6.226992828851966901e-15 0.000000000000000000e+00 2.044293396609531084e-05
2.659000000000000000e+03 -2.888958198222037918e-15 -1.578528885038483709e-14 -6.504592727131048331e-15 0.000000000000000000e+00 1.760796427517467505e-05
2.660000000000000000e+03 -2.920525251166409948e-15 -1.578066967275857496e-14 -6.782192625410129760e-15 0.000000000000000000e+00 2.065999727297233266e-05
2.661000000000000000e+03 -2.952092304110782372e-15 -1.577605049513231598e-14 -7.059792523689210400e-15 0.000000000000000000e+00 1.977207861778667827e-05
2.662000000000000000e+03 -2.983659357055154402e-15 -1.577143131750605385e-14 -7.337392421968292619e-15 0.000000000000000000e+00 1.868337406566066618e-05
2.663000000000000000e+03 -3.015226409999526826e-15 -1.576681213987979488e-14 -7.614992320247373259e-15 0.000000000000000000e+00 2.019369665998411013e-05
2.664000000000000000e+03 -3.046793462943898856e-15 -1.576219296225353274e-14 -7.892592218526455477e-15 0.000000000000000000e+00 1.102493964770624721e-05
2.665000000000000000e+03 -3.073241724905419427e-15 -1.573631891514176332e-14 -8.292795055218390894e-15 0.000000000000000000e+00 1.457948507253777611e-05
2.666000000000000000e+03 -3.094571195884088540e-15 -1.568918999854448344e-14 -8.815600830323179509e-15 0.000000000000000000e+00 2.927531551758060906e-05
2.667000000000000000e+03 -3.115900666862757652e-15 -1.564206108194720356e-14 -9.338406605427968124e-15 0.000000000000000000e+00 2.034204014855181037e-05
2.668000000000000000e+03 -3.137230137841426370e-15 -1.559493216534992368e-14 -9.861212380532756739e-15 0.000000000000000000e+00 1.559411512662523688e-05
2.669000000000000000e+03 -3.158559608820095483e-15 -1.554780324875264380e-14 -1.038401815563754693e-14 0.000000000000000000e+00 1.647702371616357648e-05
2.670000000000000000e+03 -3.179889079798764595e-15 -1.550067433215536393e-14 -1.090682393074233555e-14 0.000000000000000000e+00 1.692975917136748388e-05
2.671000000000000000e+03 -3.201218550777433708e-15 -1.545354541555808405e-14 -1.142962970584712416e-14 0.000000000000000000e+00 1.702033679905714898e-05
2.672000000000000000e+03 -3.222548021756102426e-15 -1.540641649896080417e-14 -1.195243548095191436e-14 0.000000000000000000e+00 1.834074567118184503e-05
2.673000000000000000e+03 -3.243877492734771538e-15 -1.535928758236352429e-14 -1.247524125605670297e-14 0.000000000000000000e+00 1.836892571326527378e-05
2.674000000000000000e+03 -3.265206963713440651e-15 -1.531215866576624441e-14 -1.299804703116149159e-14 0.000000000000000000e+00 2.502590188280917250e-05
2.675000000000000000e+03 -3.299156970317244262e-15 -1.526924494022198338e-14 -1.333195202858696913e-14 0.000000000000000000e+00 1.668941296842820423e-05
2.676000000000000000e+03 -3.345727512546183161e-15 -1.523054640573074119e-14 -1.347695624833313244e-14 0.000000000000000000e+00 1.860709143405292872e-05
2.677000000000000000e+03 -3.392298054775121666e-15 -1.519184787123949900e-14 -1.362196046807929576e-14 0.000000000000000000e+00 1.718437091783620661e-05
2.678000000000000000e+03 -3.438868597004060565e-15 -1.515314933674825681e-14 -1.376696468782546065e-14 0.000000000000000000e+00 1.124196281934397840e-05
2.679000000000000000e+03 -3.485439139232999070e-15 -1.511445080225701462e-14 -1.391196890757162397e-14 0.000000000000000000e+00 2.174485415816505612e-05
2.680000000000000000e+03 -3.532009681461937970e-15 -1.507575226776577243e-14 -1.405697312731778728e-14 0.000000000000000000e+00 2.401035823661326819e-05
2.681000000000000000e+03 -3.578580223690876474e-15 -1.503705373327453024e-14 -1.420197734706395059e-14 0.000000000000000000e+00 1.305021072397526870e-05
2.682000000000000000e+03 -3.625150765919814979e-15 -1.499835519878328805e-14 -1.434698156681011391e-14 0.000000000000000000e+00 2.338702007416694305e-05
2.683000000000000000e+03 -3.671721308148754273e-15 -1.495965666429204586e-14 -1.449198578655627880e-14 0.000000000000000000e+00 1.748703733748267140e-05
2.684000000000000000e+03 -3.718291850377692778e-15 -1.492095812980080367e-14 -1.463699000630244369e-14 0.000000000000000000e+00 1.606919933630630612e-05
2.685000000000000000e+03 -3.758143076591095571e-15 -1.486351786397715602e-14 -1.504534057511846476e-14 0.000000000000000000e+00 1.884278103260172548e-05
2.686000000000000000e+03 -3.791274986788963441e-15 -1.478733586682109975e-14 -1.571703749300434200e-14 0.000000000000000000e+00 1.409374317065783793e-05
2.687000000000000000e+03 -3.824406896986831310e-15 -1.471115386966504347e-14 -1.638873441089021924e-14 0.000000000000000000e+00 1.692691107170439738e-05
2.688000000000000000e+03 -3.857538807184699180e-15 -1.463497187250898720e-14 -1.706043132877609648e-14 0.000000000000000000e+00 2.986971976763818924e-05
2.689000000000000000e+03 -3.890670717382567050e-15 -1.455878987535293093e-14 -1.773212824666197372e-14 0.000000000000000000e+00 1.701804126923374641e-05
2.690000000000000000e+03 -3.923802627580434920e-15 -1.448260787819687781e-14 -1.840382516454785096e-14 0.000000000000000000e+00 1.446207442629423910e-05
2.691000000000000000e+03 -3.956934537778302790e-15 -1.440642588104082154e-14 -1.907552208243372820e-14 0.000000000000000000e+00 1.816036091139371954e-05
2.692000000000000000e+03 -3.990066447976170660e-15 -1.433024388388476526e-14 -1.974721900031960544e-14 0.000000000000000000e+00 1.473485971256376281e-05
2.693000000000000000e+03 -4.023198358174038530e-15 -1.425406188672870899e-14 -2.041891591820548268e-14 0.000000000000000000e+00 1.885821185713357312e-05
2.694000000000000000e+03 -4.056330268371906400e-15 -1.417787988957265429e-14 -2.109061283609136307e-14 0.000000000000000000e+00 2.201423520105080437e-05
2.695000000000000000e+03 -4.090520376509538182e-15 -1.409344253822635831e-14 -2.151908296970591468e-14 0.000000000000000000e+00 1.780830604907379907e-05
2.696000000000000000e+03 -4.125768682586934667e-15 -1.400074983268982419e-14 -2.170432631904914067e-14 0.000000000000000000e+00 1.779359862663640389e-05
2.697000000000000000e+03 -4.161016988664331152e-15 -1.390805712715328849e-14 -2.188956966839236665e-14 0.000000000000000000e+00 2.127609679190837190e-05
2.698000000000000000e+03 -4.196265294741727636e-15 -1.381536442161675437e-14 -2.207481301773559578e-14 0.000000000000000000e+00 1.780186175184375369e-05
2.699000000000000000e+03 -4.231513600819124121e-15 -1.372267171608021867e-14 -2.226005636707882177e-14 0.000000000000000000e+00 1.702897901727469992e-05
2.700000000000000000e+03 -4.266761906896519817e-15 -1.362997901054368455e-14 -2.244529971642204775e-14 0.000000000000000000e+00 1.451727704200009598e-05
2.701000000000000000e+03 -4.302010212973916301e-15 -1.353728630500714885e-14 -2.263054306576527373e-14 0.000000000000000000e+00 2.328943853891767379e-05
2.702000000000000000e+03 -4.337258519051312786e-15 -1.344459359947061473e-14 -2.281578641510850286e-14 0.000000000000000000e+00 2.376104892809802844e-05
2.703000000000000000e+03 -4.372506825128709271e-15 -1.335190089393407904e-14 -2.300102976445172885e-14 0.000000000000000000e+00 1.295209553058281937e-05
2.704000000000000000e+03 -4.407755131206105755e-15 -1.325920818839754492e-14 -2.318627311379495483e-14 0.000000000000000000e+00 2.041942411136116512e-05
2.705000000000000000e+03 -4.441837913334991512e-15 -1.319178262450537029e-14 -2.342375365977945873e-14 0.000000000000000000e+00 1.396137205868006743e-05
2.706000000000000000e+03 -4.474755171515365752e-15 -1.314962420225755830e-14 -2.371347140240524370e-14 0.000000000000000000e+00 1.883133090831654586e-05
2.707000000000000000e+03 -4.507672429695740782e-15 -1.310746578000974632e-14 -2.400318914503102236e-14 0.000000000000000000e+00 1.731997125785744002e-05
2.708000000000000000e+03 -4.540589687876115811e-15 -1.306530735776193276e-14 -2.429290688765680733e-14 0.000000000000000000e+00 2.201396350473497495e-05
2.709000000000000000e+03 -4.573506946056490051e-15 -1.302314893551412078e-14 -2.458262463028258598e-14 0.000000000000000000e+00 1.351759538434706853e-05
2.710000000000000000e+03 -4.606424204236865080e-15 -1.298099051326630722e-14 -2.487234237290837096e-14 0.000000000000000000e+00 2.580284423453142915e-05
2.711000000000000000e+03 -4.639341462417239320e-15 -1.293883209101849524e-14 -2.516206011553414961e-14 0.000000000000000000e+00 1.365853765909469076e-05
2.712000000000000000e+03 -4.672258720597614349e-15 -1.289667366877068167e-14 -2.545177785815993458e-14 0.000000000000000000e+00 1.821931034698248054e-05
2.713000000000000000e+03 -4.705175978777989378e-15 -1.285451524652286969e-14 -2.574149560078571324e-14 0.000000000000000000e+00 1.698708227114306568e-05
2.714000000000000000e+03 -4.738093236958363619e-15 -1.281235682427505771e-14 -2.603121334341149821e-14 0.000000000000000000e+00 1.582884432124892108e-05
2.715000000000000000e+03 -4.776615421842958084e-15 -1.274872660638974159e-14 -2.637845202457639170e-14 0.000000000000000000e+00 2.115133561029557770e-05
2.716000000000000000e+03 -4.820742533431771986e-15 -1.266362459286692133e-14 -2.678321164428039685e-14 0.000000000000000000e+00 2.126505378339023451e-05
2.717000000000000000e+03 -4.864869645020585099e-15 -1.257852257934410106e-14 -2.718797126398440200e-14 0.000000000000000000e+00 1.753884984863117601e-05
2.718000000000000000e+03 -4.908996756609399000e-15 -1.249342056582128080e-14 -2.759273088368841031e-14 0.000000000000000000e+00 1.844761449204949705e-05
2.719000000000000000e+03 -4.953123868198212902e-15 -1.240831855229846054e-14 -2.799749050339241546e-14 0.000000000000000000e+00 1.538188684891138267e-05
2.720000000000000000e+03 -4.997250979787026804e-15 -1.232321653877564186e-14 -2.840225012309642377e-14 0.000000000000000000e+00 1.816332292870646568e-05
2.721000000000000000e+03 -5.041378091375840705e-15 -1.223811452525282159e-14 -2.880700974280042893e-14 0.000000000000000000e+00 1.588858920859060011e-05
2.722000000000000000e+03 -5.085505202964654607e-15 -1.215301251173000133e-14 -2.921176936250443723e-14 0.000000000000000000e+00 2.016910672107531549e-05
2.723000000000000000e+03 -5.129632314553467720e-15 -1.206791049820718107e-14 -2.961652898220843923e-14 0.000000000000000000e+00 1.497090302550664975e-05
2.724000000000000000e+03 -5.173759426142281621e-15 -1.198280848468436081e-14 -3.002128860191244754e-14 0.000000000000000000e+00 2.732469742251041660e-05
2.725000000000000000e+03 -5.216863291691124836e-15 -1.189553666995879368e-14 -3.023303297687355568e-14 0.000000000000000000e+00 1.599424625207945060e-05
2.726000000000000000e+03 -5.258943911199996575e-15 -1.180609505403047653e-14 -3.025176210709176365e-14 0.000000000000000000e+00 1.714509564572243075e-05
2.727000000000000000e+03 -5.301024530708868314e-15 -1.171665343810215938e-14 -3.027049123730997161e-14 0.000000000000000000e+00 1.537535515396366308e-05
2.728000000000000000e+03 -5.343105150217740842e-15 -1.162721182217384223e-14 -3.028922036752817958e-14 0.000000000000000000e+00 1.389761125412893630e-05
2.729000000000000000e+03 -5.385185769726612581e-15 -1.153777020624552508e-14 -3.030794949774638755e-14 0.000000000000000000e+00 2.177405061729146440e-05
2.730000000000000000e+03 -5.427266389235484321e-15 -1.144832859031720793e-14 -3.032667862796458921e-14 0.000000000000000000e+00 2.344030031483903265e-05
2.731000000000000000e+03 -5.469347008744356060e-15 -1.135888697438889077e-14 -3.034540775818279718e-14 0.000000000000000000e+00 1.456689903709884369e-05
2.732000000000000000e+03 -5.511427628253228588e-15 -1.126944535846057362e-14 -3.036413688840100514e-14 0.000000000000000000e+00 2.175658878054902786e-05
2.733000000000000000e+03 -5.553508247762100327e-15 -1.118000374253225647e-14 -3.038286601861921311e-14 0.000000000000000000e+00 1.384700895570968499e-05
2.734000000000000000e+03 -5.595588867270972066e-15 -1.109056212660393932e-14 -3.040159514883742108e-14 0.000000000000000000e+00 1.694224195790773791e-05
2.735000000000000000e+03 -5.629462419077938480e-15 -1.098441006933686511e-14 -3.054668657357980819e-14 0.000000000000000000e+00 1.755532095772143657e-05
2.736000000000000000e+03 -5.655128903182997993e-15 -1.086154757073103227e-14 -3.081814029284638077e-14 0.000000000000000000e+00 1.447492632536058340e-05
2.737000000000000000e+03 -5.680795387288057505e-15 -1.073868507212519785e-14 -3.108959401211295334e-14 0.000000000000000000e+00 2.231321426376599206e-05
2.738000000000000000e+03 -5.706461871393117017e-15 -1.061582257351936501e-14 -3.136104773137951960e-14 0.000000000000000000e+00 2.095802280921287036e-05
2.739000000000000000e+03 -5.732128355498176529e-15 -1.049296007491353217e-14 -3.163250145064609217e-14 0.000000000000000000e+00 1.932884003917737081e-05
2.740000000000000000e+03 -5.757794839603236830e-15 -1.037009757630769775e-14 -3.190395516991266474e-14 0.000000000000000000e+00 1.464304761592508350e-05
2.741000000000000000e+03 -5.783461323708296342e-15 -1.024723507770186491e-14 -3.217540888917923731e-14 0.000000000000000000e+00 1.712285422428510447e-05
2.742000000000000000e+03 -5.809127807813355855e-15 -1.012437257909603207e-14 -3.244686260844580357e-14 0.000000000000000000e+00 1.745974964329826621e-05
2.743000000000000000e+03 -5.834794291918415367e-15 -1.000151008049019922e-14 -3.271831632771237614e-14 0.000000000000000000e+00 1.508507809819825797e-05
2.744000000000000000e+03 -5.860460776023474879e-15 -9.878647581884364804e-15 -3.298977004697894872e-14 0.000000000000000000e+00 2.487716893516087621e-05
2.745000000000000000e+03 -5.901289310530110010e-15 -9.794270755844927180e-15 -3.316646006688015662e-14 0.000000000000000000e+00 1.196823064719142598e-05
2.746000000000000000e+03 -5.957279895438320760e-15 -9.748379602371883197e-15 -3.324838638741601248e-14 0.000000000000000000e+00 2.471040619724074891e-05
2.747000000000000000e+03 -6.013270480346531511e-15 -9.702488448898839213e-15 -3.333031270795186203e-14 0.000000000000000000e+00 1.326827023064072652e-05
2.748000000000000000e+03 -6.069261065254741472e-15 -9.656597295425795230e-15 -3.341223902848771790e-14 0.000000000000000000e+00 1.553817527859712016e-05
2.749000000000000000e+03 -6.125251650162952222e-15 -9.610706141952751246e-15 -3.349416534902357376e-14 0.000000000000000000e+00 1.689139433615014714e-05
2.750000000000000000e+03 -6.181242235071162183e-15 -9.564814988479708841e-15 -3.357609166955942331e-14 0.000000000000000000e+00 1.667933053748919524e-05
2.751000000000000000e+03 -6.237232819979372933e-15 -9.518923835006664857e-15 -3.365801799009527917e-14 0.000000000000000000e+00 2.435378549730743896e-05
2.752000000000000000e+03 -6.293223404887582895e-15 -9.473032681533620874e-15 -3.373994431063113503e-14 0.000000000000000000e+00 1.839780440203265814e-05
2.753000000000000000e+03 -6.349213989795793645e-15 -9.427141528060576890e-15 -3.382187063116698458e-14 0.000000000000000000e+00 1.528768999652777681e-05
2.754000000000000000e+03 -6.405204574704004395e-15 -9.381250374587532907e-15 -3.390379695170284045e-14 0.000000000000000000e+00 1.775845157132359292e-05
2.755000000000000000e+03 -6.456729491608535895e-15 -9.326196735337183370e-15 -3.407117988644190363e-14 0.000000000000000000e+00 2.047905251470865111e-05
2.756000000000000000e+03 -6.503788740509388934e-15 -9.261980610309525124e-15 -3.432401943538418046e-14 0.000000000000000000e+00 1.293587607723947446e-05
2.757000000000000000e+03 -6.550847989410241974e-15 -9.197764485281866878e-15 -3.457685898432645097e-14 0.000000000000000000e+00 1.325748900493507614e-05
2.758000000000000000e+03 -6.597907238311095013e-15 -9.133548360254210209e-15 -3.482969853326872779e-14 0.000000000000000000e+00 2.462967909254167484e-05
2.759000000000000000e+03 -6.644966487211948052e-15 -9.069332235226551963e-15 -3.508253808221100462e-14 0.000000000000000000e+00 1.708551965321173386e-05
2.760000000000000000e+03 -6.692025736112801092e-15 -9.005116110198893717e-15 -3.533537763115327513e-14 0.000000000000000000e+00 2.025325374865796763e-05
2.761000000000000000e+03 -6.739084985013654131e-15 -8.940899985171235471e-15 -3.558821718009555195e-14 0.000000000000000000e+00 1.830287095794943004e-05
2.762000000000000000e+03 -6.786144233914507170e-15 -8.876683860143578803e-15 -3.584105672903782878e-14 0.000000000000000000e+00 1.268367573390884619e-05
2.763000000000000000e+03 -6.833203482815360210e-15 -8.812467735115920557e-15 -3.609389627798009929e-14 0.000000000000000000e+00 1.616556295642282334e-05
2.764000000000000000e+03 -6.880262731716213249e-15 -8.748251610088262311e-15 -3.634673582692237612e-14 0.000000000000000000e+00 1.789245746706808978e-05
2.765000000000000000e+03 -6.923203144825097302e-15 -8.675549943497128017e-15 -3.648261512806066481e-14 0.000000000000000000e+00 2.104924674684356683e-05
2.766000000000000000e+03 -6.962024722142012369e-15 -8.594362735342516098e-15 -3.650153418139497169e-14 0.000000000000000000e+00 1.940602182569541243e-05
2.767000000000000000e+03 -7.000846299458927436e-15 -8.513175527187904178e-15 -3.652045323472927226e-14 0.000000000000000000e+00 1.633487181800403963e-05
2.768000000000000000e+03 -7.039667876775842502e-15 -8.431988319033292259e-15 -3.653937228806357914e-14 0.000000000000000000e+00 1.988205752888105981e-05
2.769000000000000000e+03 -7.078489454092757569e-15 -8.350801110878680340e-15 -3.655829134139787971e-14 0.000000000000000000e+00 1.489832185171324653e-05
2.770000000000000000e+03 -7.117311031409672636e-15 -8.269613902724069999e-15 -3.657721039473218658e-14 0.000000000000000000e+00 1.352908603823714482e-05
2.771000000000000000e+03 -7.156132608726587703e-15 -8.188426694569458080e-15 -3.659612944806648715e-14 0.000000000000000000e+00 1.717946030334118159e-05
2.772000000000000000e+03 -7.194954186043502770e-15 -8.107239486414846160e-15 -3.661504850140079403e-14 0.000000000000000000e+00 2.037196883131090774e-05
2.773000000000000000e+03 -7.233775763360417837e-15 -8.026052278260234241e-15 -3.663396755473509460e-14 0.000000000000000000e+00 1.760330709010612198e-05
2.774000000000000000e+03 -7.272597340677332904e-15 -7.944865070105622322e-15 -3.665288660806940148e-14 0.000000000000000000e+00 2.028702114437045192e-05
2.775000000000000000e+03 -7.323566540130326757e-15 -7.890453964829144887e-15 -3.679926831274563276e-14 0.000000000000000000e+00 1.599437924647237758e-05
2.776000000000000000e+03 -7.386683361719400975e-15 -7.862818962430801937e-15 -3.707311266876380107e-14 0.000000000000000000e+00 1.196330730373057884e-05
2.777000000000000000e+03 -7.449800183308475193e-15 -7.835183960032460565e-15 -3.734695702478196938e-14 0.000000000000000000e+00 2.078733828897465200e-05
2.778000000000000000e+03 -7.512917004897549410e-15 -7.807548957634117614e-15 -3.762080138080013137e-14 0.000000000000000000e+00 1.444497480457339329e-05
2.779000000000000000e+03 -7.576033826486623628e-15 -7.779913955235774664e-15 -3.789464573681829968e-14 0.000000000000000000e+00 1.973453548573727906e-05
2.780000000000000000e+03 -7.639150648075696268e-15 -7.752278952837431714e-15 -3.816849009283646168e-14 0.000000000000000000e+00 2.209829175119889781e-05
2.781000000000000000e+03 -7.702267469664770486e-15 -7.724643950439088763e-15 -3.844233444885462999e-14 0.000000000000000000e+00 9.855042176159254245e-06
2.782000000000000000e+03 -7.765384291253844704e-15 -7.697008948040745813e-15 -3.871617880487279198e-14 0.000000000000000000e+00 2.428161055333807818e-05
2.783000000000000000e+03 -7.828501112842918921e-15 -7.669373945642404441e-15 -3.899002316089096029e-14 0.000000000000000000e+00 1.151210473025356892e-05
2.784000000000000000e+03 -7.891617934431993139e-15 -7.641738943244061490e-15 -3.926386751690912860e-14 0.000000000000000000e+00 1.454240729046508786e-05
2.785000000000000000e+03 -7.937076912671474053e-15 -7.599771745849849038e-15 -3.936572765229509104e-14 0.000000000000000000e+00 1.739568815823107459e-05
2.786000000000000000e+03 -7.964878047561363242e-15 -7.543472353459765506e-15 -3.929560356704886024e-14 0.000000000000000000e+00 2.411390460681562373e-05
2.787000000000000000e+03 -7.992679182451250852e-15 -7.487172961069683552e-15 -3.922547948180262313e-14 0.000000000000000000e+00 1.732010047709986637e-05
2.788000000000000000e+03 -8.020480317341140041e-15 -7.430873568679600020e-15 -3.915535539655639233e-14 0.000000000000000000e+00 1.659658712822465129e-05
2.789000000000000000e+03 -8.048281452231027652e-15 -7.374574176289518066e-15 -3.908523131131015522e-14 0.000000000000000000e+00 1.469209856619398198e-05
2.790000000000000000e+03 -8.076082587120916840e-15 -7.318274783899434534e-15 -3.901510722606392442e-14 0.000000000000000000e+00 1.760384464885633092e-05
2.791000000000000000e+03 -8.103883722010804451e-15 -7.261975391509351002e-15 -3.894498314081768731e-14 0.000000000000000000e+00 1.656604385696985117e-05
2.792000000000000000e+03 -8.131684856900693639e-15 -7.205675999119269047e-15 -3.887485905557145651e-14 0.000000000000000000e+00 1.274767660797950667e-05
2.793000000000000000e+03 -8.159485991790581250e-15 -7.149376606729185515e-15 -3.880473497032521940e-14 0.000000000000000000e+00 2.094261842196687862e-05
2.794000000000000000e+03 -8.187287126680470438e-15 -7.093077214339103561e-15 -3.873461088507898860e-14 0.000000000000000000e+00 1.803100252091579219e-05
2.795000000000000000e+03 -8.245175070991770625e-15 -7.074578084958245023e-15 -3.877554881783309036e-14 0.000000000000000000e+00 1.653148496847274066e-05
2.796000000000000000e+03 -8.333149824724484967e-15 -7.093879218586612267e-15 -3.892754876858752470e-14 0.000000000000000000e+00 2.141679645174304061e-05
2.797000000000000000e+03 -8.421124578457199308e-15 -7.113180352214978722e-15 -3.907954871934195904e-14 0.000000000000000000e+00 1.459576282862505560e-05
2.798000000000000000e+03 -8.509099332189912072e-15 -7.132481485843345177e-15 -3.923154867009639969e-14 0.000000000000000000e+00 1.011440733156239230e-05
2.799000000000000000e+03 -8.597074085922626414e-15 -7.151782619471713210e-15 -3.938354862085083403e-14 0.000000000000000000e+00 1.768504029952685264e-05
2.800000000000000000e+03 -8.685048839655339177e-15 -7.171083753100079665e-15 -3.953554857160526837e-14 0.000000000000000000e+00 2.171474305895075037e-05
2.801000000000000000e+03 -8.773023593388053519e-15 -7.190384886728446120e-15 -3.968754852235970271e-14 0.000000000000000000e+00 1.830911370532113287e-05
2.802000000000000000e+03 -8.860998347120766283e-15 -7.209686020356812575e-15 -3.983954847311414336e-14 0.000000000000000000e+00 1.947358136558196526e-05
2.803000000000000000e+03 -8.948973100853480624e-15 -7.228987153985180608e-15 -3.999154842386857770e-14 0.000000000000000000e+00 1.109123607466730949e-05
2.804000000000000000e+03 -9.036947854586194966e-15 -7.248288287613547063e-15 -4.014354837462301204e-14 0.000000000000000000e+00 2.173801158440064887e-05
2.805000000000000000e+03 -9.090896892532666370e-15 -7.240042663339741563e-15 -4.023253997461140750e-14 0.000000000000000000e+00 1.352041859160243478e-05
2.806000000000000000e+03 -9.110820214692896414e-15 -7.204250281163765686e-15 -4.025852322383375777e-14 0.000000000000000000e+00 1.333051337723505696e-05
2.807000000000000000e+03 -9.130743536853126459e-15 -7.168457898987788231e-15 -4.028450647305610805e-14 0.000000000000000000e+00 1.833101054186829637e-05
2.808000000000000000e+03 -9.150666859013356503e-15 -7.132665516811812354e-15 -4.031048972227845832e-14 0.000000000000000000e+00 1.861942118725917162e-05
2.809000000000000000e+03 -9.170590181173586548e-15 -7.096873134635834900e-15 -4.033647297150080859e-14 0.000000000000000000e+00 1.881823692521263205e-05
2.810000000000000000e+03 -9.190513503333818170e-15 -7.061080752459858234e-15 -4.036245622072316518e-14 0.000000000000000000e+00 1.943217583701818026e-05
2.811000000000000000e+03 -9.210436825494048215e-15 -7.025288370283881568e-15 -4.038843946994551545e-14 0.000000000000000000e+00 1.147870023827976748e-05
2.812000000000000000e+03 -9.230360147654278259e-15 -6.989495988107904902e-15 -4.041442271916786573e-14 0.000000000000000000e+00 1.194676717580652672e-05
2.813000000000000000e+03 -9.250283469814508304e-15 -6.953703605931928236e-15 -4.044040596839021600e-14 0.000000000000000000e+00 2.002406216920108535e-05
2.814000000000000000e+03 -9.270206791974738348e-15 -6.917911223755951570e-15 -4.046638921761256628e-14 0.000000000000000000e+00 1.969732698977966570e-05
2.815000000000000000e+03 -9.304758300046323949e-15 -6.907574011311109321e-15 -4.046562788949586106e-14 0.000000000000000000e+00 1.518037341465035515e-05
2.816000000000000000e+03 -9.353937994029263529e-15 -6.922691968597402277e-15 -4.043812198404010665e-14 0.000000000000000000e+00 1.859965184171012118e-05
2.817000000000000000e+03 -9.403117688012203109e-15 -6.937809925883694445e-15 -4.041061607858434594e-14 0.000000000000000000e+00 1.276673353121957028e-05
2.818000000000000000e+03 -9.452297381995142688e-15 -6.952927883169987401e-15 -4.038311017312859153e-14 0.000000000000000000e+00 2.162964436803187256e-05
2.819000000000000000e+03 -9.501477075978082268e-15 -6.968045840456280357e-15 -4.035560426767283082e-14 0.000000000000000000e+00 1.396389966712782235e-05
2.820000000000000000e+03 -9.550656769961021847e-15 -6.983163797742572524e-15 -4.032809836221707641e-14 0.000000000000000000e+00 9.854004070413408572e-06
2.821000000000000000e+03 -9.599836463943961427e-15 -6.998281755028865480e-15 -4.030059245676131570e-14 0.000000000000000000e+00 2.045861065254027931e-05
2.822000000000000000e+03 -9.649016157926901007e-15 -7.013399712315158437e-15 -4.027308655130556130e-14 0.000000000000000000e+00 2.215756358814583609e-05
2.823000000000000000e+03 -9.698195851909840586e-15 -7.028517669601450604e-15 -4.024558064584980058e-14 0.000000000000000000e+00 1.722194128885706698e-05
2.824000000000000000e+03 -9.747375545892780166e-15 -7.043635626887743560e-15 -4.021807474039404618e-14 0.000000000000000000e+00 1.450905511242657292e-05
2.825000000000000000e+03 -9.794428183372824908e-15 -7.060821430120301249e-15 -4.027474497847015499e-14 0.000000000000000000e+00 1.323618206791830809e-05
2.826000000000000000e+03 -9.839353764349973233e-15 -7.080075079299124461e-15 -4.041559136007813334e-14 0.000000000000000000e+00 1.720197191040405226e-05
2.827000000000000000e+03 -9.884279345327121559e-15 -7.099328728477946883e-15 -4.055643774168611168e-14 0.000000000000000000e+00 1.625521381033427111e-05
2.828000000000000000e+03 -9.929204926304268307e-15 -7.118582377656770883e-15 -4.069728412329409003e-14 0.000000000000000000e+00 1.737107656565197144e-05
2.829000000000000000e+03 -9.974130507281416633e-15 -7.137836026835593306e-15 -4.083813050490206837e-14 0.000000000000000000e+00 1.673263370060829624e-05
2.830000000000000000e+03 -1.001905608825856496e-14 -7.157089676014415728e-15 -4.097897688651004672e-14 0.000000000000000000e+00 1.818406632536542761e-05
2.831000000000000000e+03 -1.006398166923571328e-14 -7.176343325193238151e-15 -4.111982326811802507e-14 0.000000000000000000e+00 1.660446157939105105e-05
2.832000000000000000e+03 -1.010890725021286003e-14 -7.195596974372062151e-15 -4.126066964972600341e-14 0.000000000000000000e+00 1.862871724212419506e-05
2.833000000000000000e+03 -1.015383283119000836e-14 -7.214850623550884574e-15 -4.140151603133398176e-14 0.000000000000000000e+00 1.160575269995678423e-05
2.834000000000000000e+03 -1.019875841216715668e-14 -7.234104272729706996e-15 -4.154236241294196010e-14 0.000000000000000000e+00 1.188029871753213987e-05
2.835000000000000000e+03 -1.025819056670772791e-14 -7.271830488159895542e-15 -4.170902149480694364e-14 0.000000000000000000e+00 1.585337686371025422e-05
2.836000000000000000e+03 -1.033212929481172203e-14 -7.328029269841450212e-15 -4.190149327692893867e-14 0.000000000000000000e+00 2.544347791966283594e-05
2.837000000000000000e+03 -1.040606802291571772e-14 -7.384228051523004881e-15 -4.209396505905092740e-14 0.000000000000000000e+00 1.645627136595400949e-05
2.838000000000000000e+03 -1.048000675101971184e-14 -7.440426833204559551e-15 -4.228643684117291612e-14 0.000000000000000000e+00 1.446438967883276128e-05
2.839000000000000000e+03 -1.055394547912370596e-14 -7.496625614886114220e-15 -4.247890862329491116e-14 0.000000000000000000e+00 1.203659850139789590e-05
2.840000000000000000e+03 -1.062788420722770166e-14 -7.552824396567668889e-15 -4.267138040541689988e-14 0.000000000000000000e+00 2.033060820996954380e-05
2.841000000000000000e+03 -1.070182293533169578e-14 -7.609023178249223559e-15 -4.286385218753889492e-14 0.000000000000000000e+00 1.280734690962092426e-05
2.842000000000000000e+03 -1.077576166343568990e-14 -7.665221959930778228e-15 -4.305632396966088365e-14 0.000000000000000000e+00 1.036018547446782812e-05
2.843000000000000000e+03 -1.084970039153968402e-14 -7.721420741612332898e-15 -4.324879575178287237e-14 0.000000000000000000e+00 2.462060261177519911e-05
2.844000000000000000e+03 -1.092363911964367972e-14 -7.777619523293887567e-15 -4.344126753390486741e-14 0.000000000000000000e+00 1.780605104516412687e-05
2.845000000000000000e+03 -1.098007538524732917e-14 -7.829409460001576590e-15 -4.356456372679561205e-14 0.000000000000000000e+00 1.729614604110335234e-05
2.846000000000000000e+03 -1.101900918835063552e-14 -7.876790551735399965e-15 -4.361868433045511262e-14 0.000000000000000000e+00 1.512092574661639471e-05
2.847000000000000000e+03 -1.105794299145394187e-14 -7.924171643469223340e-15 -4.367280493411461318e-14 0.000000000000000000e+00 1.106050501531076316e-05
2.848000000000000000e+03 -1.109687679455724665e-14 -7.971552735203046715e-15 -4.372692553777411375e-14 0.000000000000000000e+00 1.098573854164590038e-05
2.849000000000000000e+03 -1.113581059766055300e-14 -8.018933826936870090e-15 -4.378104614143361431e-14 0.000000000000000000e+00 2.205280733670703062e-05
2.850000000000000000e+03 -1.117474440076385778e-14 -8.066314918670695043e-15 -4.383516674509311488e-14 0.000000000000000000e+00 2.375437281920846807e-05
2.851000000000000000e+03 -1.121367820386716413e-14 -8.113696010404518418e-15 -4.388928734875261544e-14 0.000000000000000000e+00 8.700410551209808796e-06
2.852000000000000000e+03 -1.125261200697046891e-14 -8.161077102138341793e-15 -4.394340795241211601e-14 0.000000000000000000e+00 1.907770786607215858e-05
2.853000000000000000e+03 -1.129154581007377526e-14 -8.208458193872165169e-15 -4.399752855607161657e-14 0.000000000000000000e+00 1.210600703259000578e-05
2.854000000000000000e+03 -1.133047961317708162e-14 -8.255839285605988544e-15 -4.405164915973111714e-14 0.000000000000000000e+00 1.992048382280973309e-05
2.855000000000000000e+03 -1.138784048723599703e-14 -8.313700076115318533e-15 -4.422893565561786859e-14 0.000000000000000000e+00 1.100316136385325322e-05
2.856000000000000000e+03 -1.146362843225052309e-14 -8.382040565400153558e-15 -4.452938804373186461e-14 0.000000000000000000e+00 1.232411419629995948e-05
2.857000000000000000e+03 -1.153941637726504914e-14 -8.450381054684988584e-15 -4.482984043184586695e-14 0.000000000000000000e+00 2.180571828355808525e-05
2.858000000000000000e+03 -1.161520432227957362e-14 -8.518721543969823610e-15 -4.513029281995986298e-14 0.000000000000000000e+00 2.012491291031951590e-05
2.859000000000000000e+03 -1.169099226729409968e-14 -8.587062033254658635e-15 -4.543074520807386532e-14 0.000000000000000000e+00 1.182269657237494354e-05
2.860000000000000000e+03 -1.176678021230862573e-14 -8.655402522539492083e-15 -4.573119759618786134e-14 0.000000000000000000e+00 2.027844248575423917e-05
2.861000000000000000e+03 -1.184256815732315179e-14 -8.723743011824327108e-15 -4.603164998430186368e-14 0.000000000000000000e+00 7.925575388801794671e-06
2.862000000000000000e+03 -1.191835610233767627e-14 -8.792083501109162134e-15 -4.633210237241585971e-14 0.000000000000000000e+00 1.744041980811726386e-05
2.863000000000000000e+03 -1.199414404735220232e-14 -8.860423990393997160e-15 -4.663255476052986204e-14 0.000000000000000000e+00 1.466889657471657963e-05
2.864000000000000000e+03 -1.206993199236672838e-14 -8.928764479678832185e-15 -4.693300714864385807e-14 0.000000000000000000e+00 2.318385687598814145e-05
2.865000000000000000e+03 -1.211452344575401579e-14 -8.986461611130684784e-15 -4.706231897153655677e-14 0.000000000000000000e+00 1.353866699356038396e-05
2.866000000000000000e+03 -1.212791840751406455e-14 -9.033515384749554956e-15 -4.702049022920795814e-14 0.000000000000000000e+00 1.609022936179475811e-05
2.867000000000000000e+03 -1.214131336927411490e-14 -9.080569158368425129e-15 -4.697866148687935951e-14 0.000000000000000000e+00 1.295367630019605950e-05
2.868000000000000000e+03 -1.215470833103416367e-14 -9.127622931987295301e-15 -4.693683274455076088e-14 0.000000000000000000e+00 2.121276729425888434e-05
2.869000000000000000e+03 -1.216810329279421243e-14 -9.174676705606165474e-15 -4.689500400222216225e-14 0.000000000000000000e+00 1.271187678725229128e-05
2.870000000000000000e+03 -1.218149825455426278e-14 -9.221730479225034069e-15 -4.685317525989356361e-14 0.000000000000000000e+00 7.026779220732394459e-06
2.871000000000000000e+03 -1.219489321631431155e-14 -9.268784252843904241e-15 -4.681134651756496498e-14 0.000000000000000000e+00 2.485717635477982870e-05
2.872000000000000000e+03 -1.220828817807436031e-14 -9.315838026462774413e-15 -4.676951777523636635e-14 0.000000000000000000e+00 1.661566637228961284e-05
2.873000000000000000e+03 -1.222168313983441066e-14 -9.362891800081644586e-15 -4.672768903290776772e-14 0.000000000000000000e+00 1.543831262236516978e-05
2.874000000000000000e+03 -1.223507810159445943e-14 -9.409945573700514758e-15 -4.668586029057916909e-14 0.000000000000000000e+00 1.536931427365723315e-05
2.875000000000000000e+03 -1.226542186270562733e-14 -9.465241011928624267e-15 -4.675935629688919967e-14 0.000000000000000000e+00 1.028580090915831010e-05
2.876000000000000000e+03 -1.231271442316791595e-14 -9.528778114765971533e-15 -4.694817705183785946e-14 0.000000000000000000e+00 2.013259843448832401e-05
2.877000000000000000e+03 -1.236000698363020299e-14 -9.592315217603320378e-15 -4.713699780678651925e-14 0.000000000000000000e+00 1.064356939131155192e-05
2.878000000000000000e+03 -1.240729954409249004e-14 -9.655852320440667645e-15 -4.732581856173517904e-14 0.000000000000000000e+00 1.978115188331863142e-05
2.879000000000000000e+03 -1.245459210455477866e-14 -9.719389423278016489e-15 -4.751463931668383883e-14 0.000000000000000000e+00 1.613294119122389640e-05
2.880000000000000000e+03 -1.250188466501706570e-14 -9.782926526115363756e-15 -4.770346007163250493e-14 0.000000000000000000e+00 1.784928405879208075e-05
2.881000000000000000e+03 -1.254917722547935432e-14 -9.846463628952712600e-15 -4.789228082658116472e-14 0.000000000000000000e+00 1.410464802285292697e-05
2.882000000000000000e+03 -1.259646978594164136e-14 -9.910000731790059867e-15 -4.808110158152982451e-14 0.000000000000000000e+00 1.488177868022878204e-05
2.883000000000000000e+03 -1.264376234640392841e-14 -9.973537834627408711e-15 -4.826992233647848430e-14 0.000000000000000000e+00 1.228374069313364225e-05
2.884000000000000000e+03 -1.269105490686621703e-14 -1.003707493746475598e-14 -4.845874309142714409e-14 0.000000000000000000e+00 1.057341049076743726e-05
2.885000000000000000e+03 -1.274826505317886892e-14 -1.011456572380537407e-14 -4.866005675538688056e-14 0.000000000000000000e+00 2.520221403083177804e-05
2.886000000000000000e+03 -1.281539278534188567e-14 -1.020601019364926298e-14 -4.887386332835769369e-14 0.000000000000000000e+00 1.841875061016458860e-05
2.887000000000000000e+03 -1.288252051750490084e-14 -1.029745466349315031e-14 -4.908766990132850683e-14 0.000000000000000000e+00 1.064777831426355159e-05
2.888000000000000000e+03 -1.294964824966791759e-14 -1.038889913333703764e-14 -4.930147647429931996e-14 0.000000000000000000e+00 1.577267512630743947e-05
2.889000000000000000e+03 -1.301677598183093433e-14 -1.048034360318092655e-14 -4.951528304727013310e-14 0.000000000000000000e+00 1.397178274158965751e-05
2.890000000000000000e+03 -1.308390371399394950e-14 -1.057178807302481388e-14 -4.972908962024093992e-14 0.000000000000000000e+00 1.610335674031701991e-05
2.891000000000000000e+03 -1.315103144615696625e-14 -1.066323254286870279e-14 -4.994289619321175306e-14 0.000000000000000000e+00 1.070899230036781209e-05
2.892000000000000000e+03 -1.321815917831998300e-14 -1.075467701271259013e-14 -5.015670276618256619e-14 0.000000000000000000e+00 1.769034041705330233e-05
2.893000000000000000e+03 -1.328528691048299817e-14 -1.084612148255647746e-14 -5.037050933915337933e-14 0.000000000000000000e+00 1.506959731567575971e-05
2.894000000000000000e+03 -1.335241464264601492e-14 -1.093756595240036637e-14 -5.058431591212419247e-14 0.000000000000000000e+00 2.019177655526422868e-05
2.895000000000000000e+03 -1.339848138823596550e-14 -1.100902019618925902e-14 -5.082039269232104508e-14 0.000000000000000000e+00 1.444273661304482028e-05
2.896000000000000000e+03 -1.342348714725284835e-14 -1.106048421392315699e-14 -5.107873967974394349e-14 0.000000000000000000e+00 1.371643282873040556e-05
2.897000000000000000e+03 -1.344849290626973120e-14 -1.111194823165705495e-14 -5.133708666716684190e-14 0.000000000000000000e+00 1.479470216421252544e-05
2.898000000000000000e+03 -1.347349866528661562e-14 -1.116341224939095292e-14 -5.159543365458974031e-14 0.000000000000000000e+00 1.370583292442960635e-05
2.899000000000000000e+03 -1.349850442430349847e-14 -1.121487626712485089e-14 -5.185378064201263872e-14 0.000000000000000000e+00 2.033770047415637237e-05
2.900000000000000000e+03 -1.352351018332038131e-14 -1.126634028485874885e-14 -5.211212762943553713e-14 0.000000000000000000e+00 1.699605391098298903e-05
2.901000000000000000e+03 -1.354851594233726416e-14 -1.131780430259264682e-14 -5.237047461685843554e-14 0.000000000000000000e+00 1.287240485589723333e-05
2.902000000000000000e+03 -1.357352170135414858e-14 -1.136926832032654479e-14 -5.262882160428133394e-14 0.000000000000000000e+00 1.326985925999557829e-05
2.903000000000000000e+03 -1.359852746037103143e-14 -1.142073233806044275e-14 -5.288716859170423235e-14 0.000000000000000000e+00 1.450496649414378960e-05
2.904000000000000000e+03 -1.362353321938791428e-14 -1.147219635579434072e-14 -5.314551557912713076e-14 0.000000000000000000e+00 1.700751596263248405e-05
2.905000000000000000e+03 -1.364735702487574248e-14 -1.151593080401741774e-14 -5.337233555483301771e-14 0.000000000000000000e+00 1.106462860976700509e-05
2.906000000000000000e+03 -1.366999887683451287e-14 -1.155193568272967380e-14 -5.356762851882189320e-14 0.000000000000000000e+00 1.329715788377778137e-05
2.907000000000000000e+03 -1.369264072879328484e-14 -1.158794056144192987e-14 -5.376292148281076868e-14 0.000000000000000000e+00 2.253146104558300284e-05
2.908000000000000000e+03 -1.371528258075205523e-14 -1.162394544015418751e-14 -5.395821444679965048e-14 0.000000000000000000e+00 1.578769729710824773e-05
2.909000000000000000e+03 -1.373792443271082562e-14 -1.165995031886644357e-14 -5.415350741078852597e-14 0.000000000000000000e+00 1.366515355757412404e-05
2.910000000000000000e+03 -1.376056628466959759e-14 -1.169595519757869964e-14 -5.434880037477740145e-14 0.000000000000000000e+00 1.399288101585473476e-05
2.911000000000000000e+03 -1.378320813662836799e-14 -1.173196007629095570e-14 -5.454409333876627694e-14 0.000000000000000000e+00 9.565407111003172136e-06
2.912000000000000000e+03 -1.380584998858713838e-14 -1.176796495500321335e-14 -5.473938630275515874e-14 0.000000000000000000e+00 2.014759346630999186e-05
2.913000000000000000e+03 -1.382849184054591035e-14 -1.180396983371546941e-14 -5.493467926674403422e-14 0.000000000000000000e+00 1.422997392044050919e-05
2.914000000000000000e+03 -1.385113369250468074e-14 -1.183997471242772548e-14 -5.512997223073290971e-14 0.000000000000000000e+00 1.755590150897448672e-05
2.915000000000000000e+03 -1.389018845501979378e-14 -1.189807727865795113e-14 -5.532717981723227431e-14 0.000000000000000000e+00 1.222912802333887930e-05
2.916000000000000000e+03 -1.394565612809124632e-14 -1.197827753240614479e-14 -5.552630202624213432e-14 0.000000000000000000e+00 1.760758647301750155e-05
2.917000000000000000e+03 -1.400112380116269885e-14 -1.205847778615433845e-14 -5.572542423525199434e-14 0.000000000000000000e+00 1.402588238557243142e-05
2.918000000000000000e+03 -1.405659147423415296e-14 -1.213867803990253369e-14 -5.592454644426185436e-14 0.000000000000000000e+00 1.399447401316659537e-05
2.919000000000000000e+03 -1.411205914730560549e-14 -1.221887829365072735e-14 -5.612366865327171438e-14 0.000000000000000000e+00 1.236174969781121184e-05
2.920000000000000000e+03 -1.416752682037705803e-14 -1.229907854739892102e-14 -5.632279086228157440e-14 0.000000000000000000e+00 1.348281851909637779e-05
2.921000000000000000e+03 -1.422299449344851214e-14 -1.237927880114711468e-14 -5.652191307129143441e-14 0.000000000000000000e+00 2.173605734978531083e-05
2.922000000000000000e+03 -1.427846216651996309e-14 -1.245947905489530992e-14 -5.672103528030129443e-14 0.000000000000000000e+00 1.653328089851077327e-05
2.923000000000000000e+03 -1.433392983959141720e-14 -1.253967930864350358e-14 -5.692015748931114814e-14 0.000000000000000000e+00 1.086195526543489485e-05
2.924000000000000000e+03 -1.438939751266287131e-14 -1.261987956239169724e-14 -5.711927969832101447e-14 0.000000000000000000e+00 1.289571089782544385e-05
2.925000000000000000e+03 -1.443435593585674442e-14 -1.267582311023598338e-14 -5.739343804014948124e-14 0.000000000000000000e+00 1.399675689934319065e-05
2.926000000000000000e+03 -1.446880510917303969e-14 -1.270750995217635886e-14 -5.774263251479656109e-14 0.000000000000000000e+00 1.522811840127551281e-05
2.927000000000000000e+03 -1.450325428248933812e-14 -1.273919679411673591e-14 -5.809182698944365355e-14 0.000000000000000000e+00 1.362103725513360997e-05
2.928000000000000000e+03 -1.453770345580563338e-14 -1.277088363605711138e-14 -5.844102146409073340e-14 0.000000000000000000e+00 1.800966298228179885e-05
2.929000000000000000e+03 -1.457215262912192865e-14 -1.280257047799748685e-14 -5.879021593873781324e-14 0.000000000000000000e+00 1.450741138557831462e-05
2.930000000000000000e+03 -1.460660180243822392e-14 -1.283425731993786390e-14 -5.913941041338490571e-14 0.000000000000000000e+00 1.647776789343369645e-05
2.931000000000000000e+03 -1.464105097575451919e-14 -1.286594416187823937e-14 -5.948860488803198556e-14 0.000000000000000000e+00 1.225752383392632742e-05
2.932000000000000000e+03 -1.467550014907081445e-14 -1.289763100381861484e-14 -5.983779936267906540e-14 0.000000000000000000e+00 1.604215289108008592e-05
2.933000000000000000e+03 -1.470994932238711288e-14 -1.292931784575899189e-14 -6.018699383732615787e-14 0.000000000000000000e+00 1.014935606384495194e-05
2.934000000000000000e+03 -1.474439849570340814e-14 -1.296100468769936736e-14 -6.053618831197323771e-14 0.000000000000000000e+00 1.233815335171394942e-05
2.935000000000000000e+03 -1.479864725053739697e-14 -1.301371277801424787e-14 -6.087714534361382983e-14 0.000000000000000000e+00 2.265470024723573251e-05
2.936000000000000000e+03 -1.487269558688907936e-14 -1.308744211670363341e-14 -6.120986493224792160e-14 0.000000000000000000e+00 1.783838452500591297e-05
2.937000000000000000e+03 -1.494674392324076175e-14 -1.316117145539301896e-14 -6.154258452088201336e-14 0.000000000000000000e+00 7.969875794131302591e-06
2.938000000000000000e+03 -1.502079225959244730e-14 -1.323490079408240292e-14 -6.187530410951610513e-14 0.000000000000000000e+00 2.006296858373842392e-05
2.939000000000000000e+03 -1.509484059594412969e-14 -1.330863013277178846e-14 -6.220802369815019689e-14 0.000000000000000000e+00 8.531464886182887403e-06
2.940000000000000000e+03 -1.516888893229581208e-14 -1.338235947146117243e-14 -6.254074328678430128e-14 0.000000000000000000e+00 1.526411959737273763e-05
2.941000000000000000e+03 -1.524293726864749447e-14 -1.345608881015055797e-14 -6.287346287541839305e-14 0.000000000000000000e+00 1.000991671468250181e-05
2.942000000000000000e+03 -1.531698560499918001e-14 -1.352981814883994194e-14 -6.320618246405248481e-14 0.000000000000000000e+00 1.837266779445036248e-05
2.943000000000000000e+03 -1.539103394135086240e-14 -1.360354748752932748e-14 -6.353890205268657658e-14 0.000000000000000000e+00 1.728664938854933625e-05
2.944000000000000000e+03 -1.546508227770254479e-14 -1.367727682621871302e-14 -6.387162164132066835e-14 0.000000000000000000e+00 1.577797981139159275e-05
2.945000000000000000e+03 -1.549748896149776711e-14 -1.370024895259922599e-14 -6.411507124645288825e-14 0.000000000000000000e+00 1.159540449239526514e-05
2.946000000000000000e+03 -1.548825399273652934e-14 -1.367246386667086795e-14 -6.426925086808322367e-14 0.000000000000000000e+00 1.502461684136278898e-05
2.947000000000000000e+03 -1.547901902397529473e-14 -1.364467878074250991e-14 -6.442343048971355910e-14 0.000000000000000000e+00 1.321713837551898220e-05
2.948000000000000000e+03 -1.546978405521405697e-14 -1.361689369481415187e-14 -6.457761011134389452e-14 0.000000000000000000e+00 1.388602261406273443e-05
2.949000000000000000e+03 -1.546054908645281920e-14 -1.358910860888579383e-14 -6.473178973297422994e-14 0.000000000000000000e+00 1.898154162305317692e-05
2.950000000000000000e+03 -1.545131411769158459e-14 -1.356132352295743421e-14 -6.488596935460456537e-14 0.000000000000000000e+00 1.343579489781993444e-05
2.951000000000000000e+03 -1.544207914893034683e-14 -1.353353843702907617e-14 -6.504014897623490079e-14 0.000000000000000000e+00 1.237795384031991689e-05
2.952000000000000000e+03 -1.543284418016910907e-14 -1.350575335110071813e-14 -6.519432859786523621e-14 0.000000000000000000e+00 1.727071109991001007e-05
2.953000000000000000e+03 -1.542360921140787446e-14 -1.347796826517236009e-14 -6.534850821949557163e-14 0.000000000000000000e+00 1.056062795597668916e-05
2.954000000000000000e+03 -1.541437424264663669e-14 -1.345018317924400205e-14 -6.550268784112590706e-14 0.000000000000000000e+00 1.406620467347597620e-05
2.955000000000000000e+03 -1.542628902707186924e-14 -1.343942880758215490e-14 -6.575221397471506704e-14 0.000000000000000000e+00 1.039151354517342815e-05
2.956000000000000000e+03 -1.545935356468357210e-14 -1.344570515018681548e-14 -6.609708662026306419e-14 0.000000000000000000e+00 1.616947146115958235e-05
2.957000000000000000e+03 -1.549241810229527812e-14 -1.345198149279147923e-14 -6.644195926581106135e-14 0.000000000000000000e+00 2.245373612275653448e-05
2.958000000000000000e+03 -1.552548263990698098e-14 -1.345825783539613981e-14 -6.678683191135905850e-14 0.000000000000000000e+00 1.269964729343909919e-05
2.959000000000000000e+03 -1.555854717751868385e-14 -1.346453417800080355e-14 -6.713170455690705566e-14 0.000000000000000000e+00 1.155701382372615321e-05
2.960000000000000000e+03 -1.559161171513038671e-14 -1.347081052060546414e-14 -6.747657720245505281e-14 0.000000000000000000e+00 1.216693436019588870e-05
2.961000000000000000e+03 -1.562467625274208957e-14 -1.347708686321012788e-14 -6.782144984800304997e-14 0.000000000000000000e+00 1.356921732028498738e-05
2.962000000000000000e+03 -1.565774079035379243e-14 -1.348336320581478846e-14 -6.816632249355104712e-14 0.000000000000000000e+00 1.507378594748391792e-05
2.963000000000000000e+03 -1.569080532796549845e-14 -1.348963954841945221e-14 -6.851119513909904428e-14 0.000000000000000000e+00 1.658875342275180031e-05
2.964000000000000000e+03 -1.572386986557720131e-14 -1.349591589102411279e-14 -6.885606778464704143e-14 0.000000000000000000e+00 1.545112233335747224e-05
2.965000000000000000e+03 -1.579586818387324272e-14 -1.353152917108603206e-14 -6.926159779283289811e-14 0.000000000000000000e+00 1.352213255323405841e-05
2.966000000000000000e+03 -1.590680028285362583e-14 -1.359647938860520687e-14 -6.972778516365662693e-14 0.000000000000000000e+00 1.490540710093346458e-05
2.967000000000000000e+03 -1.601773238183400578e-14 -1.366142960612438009e-14 -7.019397253448035575e-14 0.000000000000000000e+00 1.163567539324977840e-05
2.968000000000000000e+03 -1.612866448081438573e-14 -1.372637982364355489e-14 -7.066015990530408458e-14 0.000000000000000000e+00 1.272579495234540701e-05
2.969000000000000000e+03 -1.623959657979476884e-14 -1.379133004116272970e-14 -7.112634727612781340e-14 0.000000000000000000e+00 1.102001424401476712e-05
2.970000000000000000e+03 -1.635052867877514879e-14 -1.385628025868190292e-14 -7.159253464695152960e-14 0.000000000000000000e+00 1.902748005319187911e-05
2.971000000000000000e+03 -1.646146077775553189e-14 -1.392123047620107773e-14 -7.205872201777525842e-14 0.000000000000000000e+00 1.735097861154593645e-05
2.972000000000000000e+03 -1.657239287673591185e-14 -1.398618069372025253e-14 -7.252490938859898724e-14 0.000000000000000000e+00 1.245876358636788069e-05
2.973000000000000000e+03 -1.668332497571629180e-14 -1.405113091123942733e-14 -7.299109675942271606e-14 0.000000000000000000e+00 1.034053822325807039e-05
2.974000000000000000e+03 -1.679425707469667490e-14 -1.411608112875860056e-14 -7.345728413024644489e-14 0.000000000000000000e+00 1.726393958368676427e-05
2.975000000000000000e+03 -1.683235503672204130e-14 -1.410593889591302841e-14 -7.372870251630344067e-14 0.000000000000000000e+00 8.471023128388582206e-06
2.976000000000000000e+03 -1.679761886179239098e-14 -1.402070421270270772e-14 -7.380535191759370343e-14 0.000000000000000000e+00 1.518700841608466143e-05
2.977000000000000000e+03 -1.676288268686274066e-14 -1.393546952949238704e-14 -7.388200131888396618e-14 0.000000000000000000e+00 1.647025413769568304e-05
2.978000000000000000e+03 -1.672814651193309034e-14 -1.385023484628206636e-14 -7.395865072017422893e-14 0.000000000000000000e+00 1.579186870457168829e-05
2.979000000000000000e+03 -1.669341033700344003e-14 -1.376500016307174568e-14 -7.403530012146449169e-14 0.000000000000000000e+00 1.513090417621031929e-05
2.980000000000000000e+03 -1.665867416207379286e-14 -1.367976547986142657e-14 -7.411194952275476706e-14 0.000000000000000000e+00 1.154243828226499719e-05
2.981000000000000000e+03 -1.662393798714414254e-14 -1.359453079665110589e-14 -7.418859892404502981e-14 0.000000000000000000e+00 1.099743916650632404e-05
2.982000000000000000e+03 -1.658920181221449223e-14 -1.350929611344078521e-14 -7.426524832533529257e-14 0.000000000000000000e+00 1.402803293436825903e-05
2.983000000000000000e+03 -1.655446563728484191e-14 -1.342406143023046453e-14 -7.434189772662555532e-14 0.000000000000000000e+00 1.240553815619702662e-05
2.984000000000000000e+03 -1.651972946235519159e-14 -1.333882674702014384e-14 -7.441854712791581807e-14 0.000000000000000000e+00 1.686296587877319819e-05
2.985000000000000000e+03 -1.652798102216860449e-14 -1.329053502703065746e-14 -7.452170268156777301e-14 0.000000000000000000e+00 1.538531875444528602e-05
2.986000000000000000e+03 -1.657922031672508061e-14 -1.327918627026200379e-14 -7.465136438758140751e-14 0.000000000000000000e+00 1.482692920412747584e-05
2.987000000000000000e+03 -1.663045961128155357e-14 -1.326783751349335171e-14 -7.478102609359505464e-14 0.000000000000000000e+00 1.085886567130915009e-05
2.988000000000000000e+03 -1.668169890583802654e-14 -1.325648875672469804e-14 -7.491068779960870177e-14 0.000000000000000000e+00 1.656398329025917629e-05
2.989000000000000000e+03 -1.673293820039450266e-14 -1.324513999995604437e-14 -7.504034950562233627e-14 0.000000000000000000e+00 9.812515430179188054e-06
2.990000000000000000e+03 -1.678417749495097562e-14 -1.323379124318739229e-14 -7.517001121163598339e-14 0.000000000000000000e+00 1.189084284577147594e-05
2.991000000000000000e+03 -1.683541678950745174e-14 -1.322244248641873862e-14 -7.529967291764961790e-14 0.000000000000000000e+00 1.423485371126762787e-05
2.992000000000000000e+03 -1.688665608406392470e-14 -1.321109372965008496e-14 -7.542933462366326502e-14 0.000000000000000000e+00 1.755341363240481298e-05
2.993000000000000000e+03 -1.693789537862039767e-14 -1.319974497288143287e-14 -7.555899632967691215e-14 0.000000000000000000e+00 1.630455150669350546e-05
2.994000000000000000e+03 -1.698913467317687379e-14 -1.318839621611277920e-14 -7.568865803569054665e-14 0.000000000000000000e+00 1.069700150797399376e-05
2.995000000000000000e+03 -1.700808475523184622e-14 -1.274308633118187222e-14 -7.196581363556981823e-14 0.000000000000000000e+00 1.383171333159307069e-05
2.996000000000000000e+03 -1.699474562478531811e-14 -1.186381531808871193e-14 -6.439046312931470165e-14 0.000000000000000000e+00 1.196212644306880247e-05
2.997000000000000000e+03 -1.698140649433879317e-14 -1.098454430499555164e-14 -5.681511262305958507e-14 0.000000000000000000e+00 1.080521238802595981e-05
2.998000000000000000e+03 -1.696806736389226506e-14 -1.010527329190238976e-14 -4.923976211680446849e-14 0.000000000000000000e+00 1.918241051898239449e-05
2.999000000000000000e+03 -1.695472823344573696e-14 -9.226002278809229469e-15 -4.166441161054935191e-14 0.000000000000000000e+00 1.373317202740318380e-05
3.000000000000000000e+03 -1.694138910299921201e-14 -8.346731265716069175e-15 -3.408906110429423533e-14 0.000000000000000000e+00 1.246266145181606134e-05
3.001000000000000000e+03 -1.692804997255268391e-14 -7.467460252622908880e-15 -2.651371059803912505e-14 0.000000000000000000e+00 0.000000000000000000e+00
3.002000000000000000e+03 -1.691471084210615580e-14 -6.588189239529748586e-15 -1.893836009178400847e-14 0.000000000000000000e+00 0.000000000000000000e+00
3.003000000000000000e+03 -1.690137171165963086e-14 -5.708918226436588292e-15 -1.136300958552889820e-14 0.000000000000000000e+00 0.000000000000000000e+00
3.004000000000000000e+03 -1.688803258121310275e-14 -4.829647213343427997e-15 -3.787659079273781620e-15 0.000000000000000000e+00 0.000000000000000000e+00
3.005000000000000000e+03 -1.692468240337298453e-14 -4.383576102988001623e-15 1.436111066315266125e-20 0.000000000000000000e+00 0.000000000000000000e+00
3.006000000000000000e+03 -1.701132117813927619e-14 -4.370704895370309956e-15 1.073562441307400089e-20 0.000000000000000000e+00 0.000000000000000000e+00
3.007000000000000000e+03 -1.709795995290557101e-14 -4.357833687752618289e-15 7.110138162995337528e-21 0.000000000000000000e+00 0.000000000000000000e+00
3.008000000000000000e+03 -1.718459872767186267e-14 -4.344962480134925833e-15 3.484651912916677174e-21 0.000000000000000000e+00 0.000000000000000000e+00
3.009000000000000000e+03 -1.727123750243815433e-14 -4.332091272517234167e-15 -1.408343371619861898e-22 0.000000000000000000e+00 0.000000000000000000e+00
3.010000000000000000e+03 -1.735787627720444599e-14 -4.319220064899542500e-15 -3.766320587240646544e-21 0.000000000000000000e+00 0.000000000000000000e+00
3.011000000000000000e+03 -1.744451505197073765e-14 -4.306348857281850833e-15 -7.391806837319309908e-21 0.000000000000000000e+00 0.000000000000000000e+00
3.012000000000000000e+03 -1.753115382673702932e-14 -4.293477649664158377e-15 -1.101729308739797327e-20 0.000000000000000000e+00 0.000000000000000000e+00
3.013000000000000000e+03 -1.761779260150332413e-14 -4.280606442046466711e-15 -1.464277933747663062e-20 0.000000000000000000e+00 0.000000000000000000e+00
3.014000000000000000e+03 -1.770443137626961579e-14 -4.267735234428775044e-15 -1.826826558755529398e-20 0.000000000000000000e+00 0.000000000000000000e+00
3.015000000000000000e+03 -1.776875430279102447e-14 -4.244854060825735024e-15 -2.070859703181801666e-20 0.000000000000000000e+00 0.000000000000000000e+00
3.016000000000000000e+03 -1.781076138106755015e-14 -4.211962921237349017e-15 -2.196377367026479262e-20 0.000000000000000000e+00 0.000000000000000000e+00
3.017000000000000000e+03 -1.785276845934407899e-14 -4.179071781648961432e-15 -2.321895030871157160e-20 0.000000000000000000e+00 0.000000000000000000e+00
3.018000000000000000e+03 -1.789477553762060468e-14 -4.146180642060575425e-15 -2.447412694715834757e-20 0.000000000000000000e+00 0.000000000000000000e+00
3.019000000000000000e+03 -1.793678261589713036e-14 -4.113289502472187840e-15 -2.572930358560512654e-20 0.000000000000000000e+00 0.000000000000000000e+00
3.020000000000000000e+03 -1.797878969417365920e-14 -4.080398362883801833e-15 -2.698448022405190251e-20 0.000000000000000000e+00 0.000000000000000000e+00
3.021000000000000000e+03 -1.802079677245018488e-14 -4.047507223295414248e-15 -2.823965686249867848e-20 0.000000000000000000e+00 0.000000000000000000e+00
3.022000000000000000e+03 -1.806280385072671057e-14 -4.014616083707028241e-15 -2.949483350094545445e-20 0.000000000000000000e+00 0.000000000000000000e+00
3.023000000000000000e+03 -1.810481092900323941e-14 -3.981724944118640656e-15 -3.075001013939223041e-20 0.000000000000000000e+00 0.000000000000000000e+00
3.024000000000000000e+03 -1.814681800727976509e-14 -3.948833804530254649e-15 -3.200518677783901240e-20 0.000000000000000000e+00 0.000000000000000000e+00
3.025000000000000000e+03 -1.818155737825429345e-14 -3.909362201201210810e-15 -2.879766852665569150e-20 0.000000000000000000e+00 0.000000000000000000e+00
3.026000000000000000e+03 -1.820902904192682447e-14 -3.863310134131511507e-15 -2.112745538584227073e-20 0.000000000000000000e+00 0.000000000000000000e+00
3.027000000000000000e+03 -1.823650070559935234e-14 -3.817258067061812203e-15 -1.345724224502885297e-20 0.000000000000000000e+00 0.000000000000000000e+00
3.028000000000000000e+03 -1.826397236927188337e-14 -3.771205999992112899e-15 -5.787029104215432206e-21 0.000000000000000000e+00 0.000000000000000000e+00
3.029000000000000000e+03 -1.829144403294441440e-14 -3.725153932922412806e-15 1.883184036597985553e-21 0.000000000000000000e+00 0.000000000000000000e+00
3.030000000000000000e+03 -1.831891569661694227e-14 -3.679101865852713503e-15 9.553397177411403313e-21 0.000000000000000000e+00 0.000000000000000000e+00
3.031000000000000000e+03 -1.834638736028947329e-14 -3.633049798783014199e-15 1.722361031822482709e-20 0.000000000000000000e+00 0.000000000000000000e+00
3.032000000000000000e+03 -1.837385902396200432e-14 -3.586997731713314895e-15 2.489382345903823883e-20 0.000000000000000000e+00 0.000000000000000000e+00
3.033000000000000000e+03 -1.840133068763453219e-14 -3.540945664643615197e-15 3.256403659985166863e-20 0.000000000000000000e+00 0.000000000000000000e+00
3.034000000000000000e+03 -1.842880235130706322e-14 -3.494893597573915498e-15 4.023424974066508639e-20 0.000000000000000000e+00 0.000000000000000000e+00
3.035000000000000000e+03 -1.847101746106226648e-14 -3.461296690238677225e-15 4.251212359724847309e-20 0.000000000000000000e+00 0.000000000000000000e+00
3.036000000000000000e+03 -1.852797601690013883e-14 -3.440154942637900378e-15 3.939765816960183475e-20 0.000000000000000000e+00 0.000000000000000000e+00
3.037000000000000000e+03 -1.858493457273801433e-14 -3.419013195037123530e-15 3.628319274195519640e-20 0.000000000000000000e+00 0.000000000000000000e+00
3.038000000000000000e+03 -1.864189312857588667e-14 -3.397871447436346288e-15 3.316872731430856408e-20 0.000000000000000000e+00 0.000000000000000000e+00
3.039000000000000000e+03 -1.869885168441376218e-14 -3.376729699835569440e-15 3.005426188666192574e-20 0.000000000000000000e+00 0.000000000000000000e+00
3.040000000000000000e+03 -1.875581024025163452e-14 -3.355587952234792197e-15 2.693979645901528740e-20 0.000000000000000000e+00 0.000000000000000000e+00
3.041000000000000000e+03 -1.881276879608951003e-14 -3.334446204634015350e-15 2.382533103136865207e-20 0.000000000000000000e+00 0.000000000000000000e+00
3.042000000000000000e+03 -1.886972735192738237e-14 -3.313304457033238107e-15 2.071086560372201674e-20 0.000000000000000000e+00 0.000000000000000000e+00
3.043000000000000000e+03 -1.892668590776525787e-14 -3.292162709432461260e-15 1.759640017607537840e-20 0.000000000000000000e+00 0.000000000000000000e+00
3.044000000000000000e+03 -1.898364446360313022e-14 -3.271020961831684412e-15 1.448193474842874006e-20 0.000000000000000000e+00 0.000000000000000000e+00
3.045000000000000000e+03 -1.905449878869807118e-14 -3.242006495252044450e-15 1.327197820127783243e-20 0.000000000000000000e+00 0.000000000000000000e+00
3.046000000000000000e+03 -1.913924888305007759e-14 -3.205119309693541373e-15 1.396653053462264801e-20 0.000000000000000000e+00 0.000000000000000000e+00
3.047000000000000000e+03 -1.922399897740208400e-14 -3.168232124135038692e-15 1.466108286796746509e-20 0.000000000000000000e+00 0.000000000000000000e+00
3.048000000000000000e+03 -1.930874907175409041e-14 -3.131344938576535615e-15 1.535563520131228217e-20 0.000000000000000000e+00 0.000000000000000000e+00
3.049000000000000000e+03 -1.939349916610609682e-14 -3.094457753018032539e-15 1.605018753465709924e-20 0.000000000000000000e+00 0.000000000000000000e+00
3.050000000000000000e+03 -1.947824926045810323e-14 -3.057570567459529857e-15 1.674473986800191331e-20 0.000000000000000000e+00 0.000000000000000000e+00
3.051000000000000000e+03 -1.956299935481010964e-14 -3.020683381901026781e-15 1.743929220134673039e-20 0.000000000000000000e+00 0.000000000000000000e+00
3.052000000000000000e+03 -1.964774944916211605e-14 -2.983796196342523705e-15 1.813384453469154747e-20 0.000000000000000000e+00 0.000000000000000000e+00
3.053000000000000000e+03 -1.973249954351412246e-14 -2.946909010784021023e-15 1.882839686803636455e-20 0.000000000000000000e+00 0.000000000000000000e+00
3.054000000000000000e+03 -1.981724963786612887e-14 -2.910021825225517947e-15 1.952294920138118163e-20 0.000000000000000000e+00 0.000000000000000000e+00
3.055000000000000000e+03 -1.984721540105968467e-14 -2.870587836162608179e-15 1.730751408808889966e-20 0.000000000000000000e+00 0.000000000000000000e+00
3.056000000000000000e+03 -1.982239683309478987e-14 -2.828607043595291327e-15 1.218209152815952465e-20 0.000000000000000000e+00 0.000000000000000000e+00
3.057000000000000000e+03 -1.979757826512989507e-14 -2.786626251027974868e-15 7.056668968230146640e-21 0.000000000000000000e+00 0.000000000000000000e+00
3.058000000000000000e+03 -1.977275969716500027e-14 -2.744645458460658015e-15 1.931246408300771637e-21 0.000000000000000000e+00 0.000000000000000000e+00
3.059000000000000000e+03 -1.974794112920010547e-14 -2.702664665893341163e-15 -3.194176151628606376e-21 0.000000000000000000e+00 0.000000000000000000e+00
3.060000000000000000e+03 -1.972312256123520751e-14 -2.660683873326024310e-15 -8.319598711557981379e-21 0.000000000000000000e+00 0.000000000000000000e+00
3.061000000000000000e+03 -1.969830399327031271e-14 -2.618703080758707457e-15 -1.344502127148735939e-20 0.000000000000000000e+00 0.000000000000000000e+00
3.062000000000000000e+03 -1.967348542530541791e-14 -2.576722288191390604e-15 -1.857044383141673740e-20 0.000000000000000000e+00 0.000000000000000000e+00
3.063000000000000000e+03 -1.964866685734052311e-14 -2.534741495624074146e-15 -2.369586639134610940e-20 0.000000000000000000e+00 0.000000000000000000e+00
3.064000000000000000e+03 -1.962384828937562831e-14 -2.492760703056757293e-15 -2.882128895127548741e-20 0.000000000000000000e+00 0.000000000000000000e+00
3.065000000000000000e+03 -1.966069661986467484e-14 -2.461035898985169296e-15 -3.011904270990985659e-20 0.000000000000000000e+00 0.000000000000000000e+00
3.066000000000000000e+03 -1.975921184880766270e-14 -2.439567083409310156e-15 -2.758912766724921090e-20 0.000000000000000000e+00 0.000000000000000000e+00
3.067000000000000000e+03 -1.985772707775065056e-14 -2.418098267833450621e-15 -2.505921262458856522e-20 0.000000000000000000e+00 0.000000000000000000e+00
3.068000000000000000e+03 -1.995624230669363842e-14 -2.396629452257591480e-15 -2.252929758192792255e-20 0.000000000000000000e+00 0.000000000000000000e+00
3.069000000000000000e+03 -2.005475753563662628e-14 -2.375160636681732340e-15 -1.999938253926727687e-20 0.000000000000000000e+00 0.000000000000000000e+00
3.070000000000000000e+03 -2.015327276457961415e-14 -2.353691821105872805e-15 -1.746946749660663118e-20 0.000000000000000000e+00 0.000000000000000000e+00
3.071000000000000000e+03 -2.025178799352260201e-14 -2.332223005530013664e-15 -1.493955245394598851e-20 0.000000000000000000e+00 0.000000000000000000e+00
3.072000000000000000e+03 -2.035030322246558987e-14 -2.310754189954154524e-15 -1.240963741128534283e-20 0.000000000000000000e+00 0.000000000000000000e+00
3.073000000000000000e+03 -2.044881845140857773e-14 -2.289285374378295383e-15 -9.879722368624697145e-21 0.000000000000000000e+00 0.000000000000000000e+00
3.074000000000000000e+03 -2.054733368035156559e-14 -2.267816558802435848e-15 -7.349807325964051462e-21 0.000000000000000000e+00 0.000000000000000000e+00
3.075000000000000000e+03 -2.058852384974919550e-14 -2.234766704540945693e-15 -5.498845610360136748e-21 0.000000000000000000e+00 0.000000000000000000e+00
3.076000000000000000e+03 -2.057238895960146430e-14 -2.190135811593824130e-15 -4.326837221812950746e-21 0.000000000000000000e+00 0.000000000000000000e+00
3.077000000000000000e+03 -2.055625406945373310e-14 -2.145504918646702961e-15 -3.154828833265763991e-21 0.000000000000000000e+00 0.000000000000000000e+00
3.078000000000000000e+03 -2.054011917930600506e-14 -2.100874025699581398e-15 -1.982820444718577989e-21 0.000000000000000000e+00 0.000000000000000000e+00
3.079000000000000000e+03 -2.052398428915827386e-14 -2.056243132752460229e-15 -8.108120561713912346e-22 0.000000000000000000e+00 0.000000000000000000e+00
3.080000000000000000e+03 -2.050784939901054266e-14 -2.011612239805338665e-15 3.611963323757947676e-22 0.000000000000000000e+00 0.000000000000000000e+00
3.081000000000000000e+03 -2.049171450886281146e-14 -1.966981346858217497e-15 1.533204720922981522e-21 0.000000000000000000e+00 0.000000000000000000e+00
3.082000000000000000e+03 -2.047557961871508341e-14 -1.922350453911095933e-15 2.705213109470168277e-21 0.000000000000000000e+00 0.000000000000000000e+00
3.083000000000000000e+03 -2.045944472856735221e-14 -1.877719560963974764e-15 3.877221498017353527e-21 0.000000000000000000e+00 0.000000000000000000e+00
3.084000000000000000e+03 -2.044330983841962101e-14 -1.833088668016853201e-15 5.049229886564540281e-21 0.000000000000000000e+00 0.000000000000000000e+00
3.085000000000000000e+03 -2.052644599417454424e-14 -1.809813654178901752e-15 6.543652905088080821e-21 0.000000000000000000e+00 0.000000000000000000e+00
3.086000000000000000e+03 -2.070885319583212190e-14 -1.807894519450119627e-15 8.360490553587972137e-21 0.000000000000000000e+00 0.000000000000000000e+00
3.087000000000000000e+03 -2.089126039748969956e-14 -1.805975384721337898e-15 1.017732820208786496e-20 0.000000000000000000e+00 0.000000000000000000e+00
3.088000000000000000e+03 -2.107366759914727406e-14 -1.804056249992556168e-15 1.199416585058775627e-20 0.000000000000000000e+00 0.000000000000000000e+00
3.089000000000000000e+03 -2.125607480080485172e-14 -1.802137115263774044e-15 1.381100349908764909e-20 0.000000000000000000e+00 0.000000000000000000e+00
3.090000000000000000e+03 -2.143848200246242938e-14 -1.800217980534992314e-15 1.562784114758753890e-20 0.000000000000000000e+00 0.000000000000000000e+00
3.091000000000000000e+03 -2.162088920412000704e-14 -1.798298845806210190e-15 1.744467879608743473e-20 0.000000000000000000e+00 0.000000000000000000e+00
3.092000000000000000e+03 -2.180329640577758154e-14 -1.796379711077428460e-15 1.926151644458732454e-20 0.000000000000000000e+00 0.000000000000000000e+00
3.093000000000000000e+03 -2.198570360743515920e-14 -1.794460576348646730e-15 2.107835409308721436e-20 0.000000000000000000e+00 0.000000000000000000e+00
3.094000000000000000e+03 -2.216811080909273686e-14 -1.792541441619864606e-15 2.289519174158711018e-20 0.000000000000000000e+00 0.000000000000000000e+00
3.095000000000000000e+03 -2.226640337304774682e-14 -1.775881462667866356e-15 2.291090582862993820e-20 0.000000000000000000e+00 0.000000000000000000e+00
3.096000000000000000e+03 -2.228058129930019223e-14 -1.744480639492651388e-15 2.112549635421570141e-20 0.000000000000000000e+00 0.000000000000000000e+00
3.097000000000000000e+03 -2.229475922555263449e-14 -1.713079816317436420e-15 1.934008687980146463e-20 0.000000000000000000e+00 0.000000000000000000e+00
3.098000000000000000e+03 -2.230893715180507991e-14 -1.681678993142221453e-15 1.755467740538723085e-20 0.000000000000000000e+00 0.000000000000000000e+00
3.099000000000000000e+03 -2.232311507805752532e-14 -1.650278169967006485e-15 1.576926793097299105e-20 0.000000000000000000e+00 0.000000000000000000e+00
3.100000000000000000e+03 -2.233729300430996758e-14 -1.618877346791791517e-15 1.398385845655875728e-20 0.000000000000000000e+00 0.000000000000000000e+00
3.101000000000000000e+03 -2.235147093056241299e-14 -1.587476523616576550e-15 1.219844898214452049e-20 0.000000000000000000e+00 0.000000000000000000e+00
3.102000000000000000e+03 -2.236564885681485841e-14 -1.556075700441361582e-15 1.041303950773028521e-20 0.000000000000000000e+00 0.000000000000000000e+00
3.103000000000000000e+03 -2.237982678306730066e-14 -1.524674877266146614e-15 8.627630033316049924e-21 0.000000000000000000e+00 0.000000000000000000e+00
3.104000000000000000e+03 -2.239400470931974608e-14 -1.493274054090931647e-15 6.842220558901813137e-21 0.000000000000000000e+00 0.000000000000000000e+00
3.105000000000000000e+03 -2.240107049402652205e-14 -1.467517889108335546e-15 7.734308672113036829e-21 0.000000000000000000e+00 0.000000000000000000e+00
3.106000000000000000e+03 -2.240102413718763172e-14 -1.447406382318357919e-15 1.130389437294971649e-20 0.000000000000000000e+00 0.000000000000000000e+00
3.107000000000000000e+03 -2.240097778034874140e-14 -1.427294875528380490e-15 1.487348007378639464e-20 0.000000000000000000e+00 0.000000000000000000e+00
3.108000000000000000e+03 -2.240093142350985108e-14 -1.407183368738402863e-15 1.844306577462307580e-20 0.000000000000000000e+00 0.000000000000000000e+00
3.109000000000000000e+03 -2.240088506667096076e-14 -1.387071861948425236e-15 2.201265147545975395e-20 0.000000000000000000e+00 0.000000000000000000e+00
3.110000000000000000e+03 -2.240083870983206728e-14 -1.366960355158447806e-15 2.558223717629643512e-20 0.000000000000000000e+00 0.000000000000000000e+00
3.111000000000000000e+03 -2.240079235299317696e-14 -1.346848848368470179e-15 2.915182287713311628e-20 0.000000000000000000e+00 0.000000000000000000e+00
3.112000000000000000e+03 -2.240074599615428664e-14 -1.326737341578492552e-15 3.272140857796979443e-20 0.000000000000000000e+00 0.000000000000000000e+00
3.113000000000000000e+03 -2.240069963931539632e-14 -1.306625834788515122e-15 3.629099427880647258e-20 0.000000000000000000e+00 0.000000000000000000e+00
3.114000000000000000e+03 -2.240065328247650599e-14 -1.286514327998537495e-15 3.986057997964315074e-20 0.000000000000000000e+00 0.000000000000000000e+00
3.115000000000000000e+03 -2.245086755986128980e-14 -1.270392646139180068e-15 3.854456917107785399e-20 0.000000000000000000e+00 0.000000000000000000e+00
3.116000000000000000e+03 -2.255134247146974774e-14 -1.258260789210442643e-15 3.234296185311058835e-20 0.000000000000000000e+00 0.000000000000000000e+00
3.117000000000000000e+03 -2.265181738307820568e-14 -1.246128932281705219e-15 2.614135453514331368e-20 0.000000000000000000e+00 0.000000000000000000e+00
3.118000000000000000e+03 -2.275229229468666362e-14 -1.233997075352967794e-15 1.993974721717604504e-20 0.000000000000000000e+00 0.000000000000000000e+00
3.119000000000000000e+03 -2.285276720629512156e-14 -1.221865218424230370e-15 1.373813989920877338e-20 0.000000000000000000e+00 0.000000000000000000e+00
3.120000000000000000e+03 -2.295324211790357950e-14 -1.209733361495493142e-15 7.536532581241501726e-21 0.000000000000000000e+00 0.000000000000000000e+00
3.121000000000000000e+03 -2.305371702951203743e-14 -1.197601504566755718e-15 1.334925263274236089e-21 0.000000000000000000e+00 0.000000000000000000e+00
3.122000000000000000e+03 -2.315419194112049537e-14 -1.185469647638018293e-15 -4.866682054693035567e-21 0.000000000000000000e+00 0.000000000000000000e+00
3.123000000000000000e+03 -2.325466685272895331e-14 -1.173337790709280868e-15 -1.106828937266030722e-20 0.000000000000000000e+00 0.000000000000000000e+00
3.124000000000000000e+03 -2.335514176433741125e-14 -1.161205933780543444e-15 -1.726989669062757286e-20 0.000000000000000000e+00 0.000000000000000000e+00
3.125000000000000000e+03 -2.339851390960301141e-14 -1.147774108013332856e-15 -1.949570967910459636e-20 0.000000000000000000e+00 0.000000000000000000e+00
3.126000000000000000e+03 -2.338478328852575379e-14 -1.133042313407649301e-15 -1.774572833809136570e-20 0.000000000000000000e+00 0.000000000000000000e+00
3.127000000000000000e+03 -2.337105266744849617e-14 -1.118310518801965746e-15 -1.599574699707813503e-20 0.000000000000000000e+00 0.000000000000000000e+00
3.128000000000000000e+03 -2.335732204637123539e-14 -1.103578724196282192e-15 -1.424576565606490135e-20 0.000000000000000000e+00 0.000000000000000000e+00
3.129000000000000000e+03 -2.334359142529397777e-14 -1.088846929590598637e-15 -1.249578431505167219e-20 0.000000000000000000e+00 0.000000000000000000e+00
3.130000000000000000e+03 -2.332986080421672015e-14 -1.074115134984915083e-15 -1.074580297403844152e-20 0.000000000000000000e+00 0.000000000000000000e+00
3.131000000000000000e+03 -2.331613018313946253e-14 -1.059383340379231528e-15 -8.995821633025209351e-21 0.000000000000000000e+00 0.000000000000000000e+00
3.132000000000000000e+03 -2.330239956206220176e-14 -1.044651545773547974e-15 -7.245840292011978684e-21 0.000000000000000000e+00 0.000000000000000000e+00
3.133000000000000000e+03 -2.328866894098494414e-14 -1.029919751167864419e-15 -5.495858950998748017e-21 0.000000000000000000e+00 0.000000000000000000e+00
3.134000000000000000e+03 -2.327493831990768652e-14 -1.015187956562180865e-15 -3.745877609985517350e-21 0.000000000000000000e+00 0.000000000000000000e+00
3.135000000000000000e+03 -2.336134266344385649e-14 -1.014417866213788340e-15 -2.426725033284835385e-21 0.000000000000000000e+00 0.000000000000000000e+00
3.136000000000000000e+03 -2.354788197159345721e-14 -1.027609480122687043e-15 -1.538401220896703626e-21 0.000000000000000000e+00 0.000000000000000000e+00
3.137000000000000000e+03 -2.373442127974305478e-14 -1.040801094031585745e-15 -6.500774085085718673e-22 0.000000000000000000e+00 0.000000000000000000e+00
3.138000000000000000e+03 -2.392096058789265550e-14 -1.053992707940484448e-15 2.382464038795598914e-22 0.000000000000000000e+00 0.000000000000000000e+00
3.139000000000000000e+03 -2.410749989604225622e-14 -1.067184321849383151e-15 1.126570216267691650e-21 0.000000000000000000e+00 0.000000000000000000e+00
3.140000000000000000e+03 -2.429403920419185379e-14 -1.080375935758281656e-15 2.014894028655823409e-21 0.000000000000000000e+00 0.000000000000000000e+00
3.141000000000000000e+03 -2.448057851234145451e-14 -1.093567549667180359e-15 2.903217841043955167e-21 0.000000000000000000e+00 0.000000000000000000e+00
3.142000000000000000e+03 -2.466711782049105523e-14 -1.106759163576079062e-15 3.791541653432086926e-21 0.000000000000000000e+00 0.000000000000000000e+00
3.143000000000000000e+03 -2.485365712864065280e-14 -1.119950777484977765e-15 4.679865465820218685e-21 0.000000000000000000e+00 0.000000000000000000e+00
3.144000000000000000e+03 -2.504019643679025352e-14 -1.133142391393876467e-15 5.568189278208350443e-21 0.000000000000000000e+00 0.000000000000000000e+00
3.145000000000000000e+03 -2.514406084483230793e-14 -1.129200370495028185e-15 3.861595087133099180e-21 0.000000000000000000e+00 0.000000000000000000e+00
3.146000000000000000e+03 -2.516525035276681285e-14 -1.108124714788432719e-15 -4.399171074055351051e-22 0.000000000000000000e+00 0.000000000000000000e+00
3.147000000000000000e+03 -2.518643986070132094e-14 -1.087049059081837254e-15 -4.741429301944169390e-21 0.000000000000000000e+00 0.000000000000000000e+00
3.148000000000000000e+03 -2.520762936863582902e-14 -1.065973403375241986e-15 -9.042941496482805933e-21 0.000000000000000000e+00 0.000000000000000000e+00
3.149000000000000000e+03 -2.522881887657033394e-14 -1.044897747668646520e-15 -1.334445369102143721e-20 0.000000000000000000e+00 0.000000000000000000e+00
3.150000000000000000e+03 -2.525000838450484203e-14 -1.023822091962051252e-15 -1.764596588556007450e-20 0.000000000000000000e+00 0.000000000000000000e+00
3.151000000000000000e+03 -2.527119789243934695e-14 -1.002746436255455786e-15 -2.194747808009870578e-20 0.000000000000000000e+00 0.000000000000000000e+00
3.152000000000000000e+03 -2.529238740037385504e-14 -9.816707805488605183e-16 -2.624899027463734307e-20 0.000000000000000000e+00 0.000000000000000000e+00
3.153000000000000000e+03 -2.531357690830836312e-14 -9.605951248422650528e-16 -3.055050246917597435e-20 0.000000000000000000e+00 0.000000000000000000e+00
3.154000000000000000e+03 -2.533476641624286805e-14 -9.395194691356695874e-16 -3.485201466371461164e-20 0.000000000000000000e+00 0.000000000000000000e+00
3.155000000000000000e+03 -2.536583172944814557e-14 -9.346767360041280602e-16 -3.501382946600531196e-20 0.000000000000000000e+00 0.000000000000000000e+00
3.156000000000000000e+03 -2.540677284792419255e-14 -9.460669254476402739e-16 -3.103594687604807531e-20 0.000000000000000000e+00 0.000000000000000000e+00
3.157000000000000000e+03 -2.544771396640024268e-14 -9.574571148911524877e-16 -2.705806428609084166e-20 0.000000000000000000e+00 0.000000000000000000e+00
3.158000000000000000e+03 -2.548865508487628965e-14 -9.688473043346647014e-16 -2.308018169613360802e-20 0.000000000000000000e+00 0.000000000000000000e+00
3.159000000000000000e+03 -2.552959620335233663e-14 -9.802374937781769152e-16 -1.910229910617637136e-20 0.000000000000000000e+00 0.000000000000000000e+00
3.160000000000000000e+03 -2.557053732182838676e-14 -9.916276832216893262e-16 -1.512441651621913772e-20 0.000000000000000000e+00 0.000000000000000000e+00
3.161000000000000000e+03 -2.561147844030443373e-14 -1.003017872665201540e-15 -1.114653392626190407e-20 0.000000000000000000e+00 0.000000000000000000e+00
3.162000000000000000e+03 -2.565241955878048071e-14 -1.014408062108713754e-15 -7.168651336304667416e-21 0.000000000000000000e+00 0.000000000000000000e+00
3.163000000000000000e+03 -2.569336067725653084e-14 -1.025798251552225967e-15 -3.190768746347436780e-21 0.000000000000000000e+00 0.000000000000000000e+00
3.164000000000000000e+03 -2.573430179573257781e-14 -1.037188440995738181e-15 7.871138436097998751e-22 0.000000000000000000e+00 0.000000000000000000e+00
3.165000000000000000e+03 -2.576778006912827792e-14 -1.039743209103998594e-15 3.918470305398356028e-21 0.000000000000000000e+00 0.000000000000000000e+00
3.166000000000000000e+03 -2.579379549744363430e-14 -1.033462555877007008e-15 6.203300639018231680e-21 0.000000000000000000e+00 0.000000000000000000e+00
3.167000000000000000e+03 -2.581981092575898754e-14 -1.027181902650015422e-15 8.488130972638107331e-21 0.000000000000000000e+00 0.000000000000000000e+00
3.168000000000000000e+03 -2.584582635407434392e-14 -1.020901249423024033e-15 1.077296130625798298e-20 0.000000000000000000e+00 0.000000000000000000e+00
3.169000000000000000e+03 -2.587184178238970031e-14 -1.014620596196032447e-15 1.305779163987785863e-20 0.000000000000000000e+00 0.000000000000000000e+00
3.170000000000000000e+03 -2.589785721070505354e-14 -1.008339942969040861e-15 1.534262197349773429e-20 0.000000000000000000e+00 0.000000000000000000e+00
3.171000000000000000e+03 -2.592387263902040993e-14 -1.002059289742049274e-15 1.762745230711760994e-20 0.000000000000000000e+00 0.000000000000000000e+00
3.172000000000000000e+03 -2.594988806733576632e-14 -9.957786365150578856e-16 1.991228264073748559e-20 0.000000000000000000e+00 0.000000000000000000e+00
3.173000000000000000e+03 -2.597590349565111955e-14 -9.894979832880662996e-16 2.219711297435736124e-20 0.000000000000000000e+00 0.000000000000000000e+00
3.174000000000000000e+03 -2.600191892396647594e-14 -9.832173300610747135e-16 2.448194330797723689e-20 0.000000000000000000e+00 0.000000000000000000e+00
3.175000000000000000e+03 -2.608090969098226088e-14 -9.874749942733253335e-16 2.556467567527005048e-20 0.000000000000000000e+00 0.000000000000000000e+00
3.176000000000000000e+03 -2.621287579669847436e-14 -1.002270975924817962e-15 2.544531007623580199e-20 0.000000000000000000e+00 0.000000000000000000e+00
3.177000000000000000e+03 -2.634484190241468785e-14 -1.017066957576310591e-15 2.532594447720155351e-20 0.000000000000000000e+00 0.000000000000000000e+00
3.178000000000000000e+03 -2.647680800813090133e-14 -1.031862939227803220e-15 2.520657887816730202e-20 0.000000000000000000e+00 0.000000000000000000e+00
3.179000000000000000e+03 -2.660877411384711482e-14 -1.046658920879295849e-15 2.508721327913305354e-20 0.000000000000000000e+00 0.000000000000000000e+00
3.180000000000000000e+03 -2.674074021956332831e-14 -1.061454902530788478e-15 2.496784768009880505e-20 0.000000000000000000e+00 0.000000000000000000e+00
3.181000000000000000e+03 -2.687270632527954179e-14 -1.076250884182281107e-15 2.484848208106455657e-20 0.000000000000000000e+00 0.000000000000000000e+00
3.182000000000000000e+03 -2.700467243099575528e-14 -1.091046865833773736e-15 2.472911648203030508e-20 0.000000000000000000e+00 0.000000000000000000e+00
3.183000000000000000e+03 -2.713663853671196876e-14 -1.105842847485266365e-15 2.460975088299605660e-20 0.000000000000000000e+00 0.000000000000000000e+00
3.184000000000000000e+03 -2.726860464242818225e-14 -1.120638829136758994e-15 2.449038528396180811e-20 0.000000000000000000e+00 0.000000000000000000e+00
3.185000000000000000e+03 -2.733569947580072432e-14 -1.129334739252312986e-15 2.411887757557530689e-20 0.000000000000000000e+00 0.000000000000000000e+00
3.186000000000000000e+03 -2.733792303682959499e-14 -1.131930577831928145e-15 2.349522775783655293e-20 0.000000000000000000e+00 0.000000000000000000e+00
3.187000000000000000e+03 -2.734014659785846250e-14 -1.134526416411543500e-15 2.287157794009779898e-20 0.000000000000000000e+00 0.000000000000000000e+00
3.188000000000000000e+03 -2.734237015888733001e-14 -1.137122254991158659e-15 2.224792812235904502e-20 0.000000000000000000e+00 0.000000000000000000e+00
3.189000000000000000e+03 -2.734459371991620068e-14 -1.139718093570774014e-15 2.162427830462029106e-20 0.000000000000000000e+00 0.000000000000000000e+00
3.190000000000000000e+03 -2.734681728094506819e-14 -1.142313932150389173e-15 2.100062848688153409e-20 0.000000000000000000e+00 0.000000000000000000e+00
3.191000000000000000e+03 -2.734904084197393886e-14 -1.144909770730004528e-15 2.037697866914278013e-20 0.000000000000000000e+00 0.000000000000000000e+00
3.192000000000000000e+03 -2.735126440300280637e-14 -1.147505609309619687e-15 1.975332885140402617e-20 0.000000000000000000e+00 0.000000000000000000e+00
3.193000000000000000e+03 -2.735348796403167388e-14 -1.150101447889235042e-15 1.912967903366527221e-20 0.000000000000000000e+00 0.000000000000000000e+00
3.194000000000000000e+03 -2.735571152506054455e-14 -1.152697286468850201e-15 1.850602921592651825e-20 0.000000000000000000e+00 0.000000000000000000e+00
3.195000000000000000e+03 -2.737521991293838061e-14 -1.154130591806017933e-15 2.025588954231230947e-20 0.000000000000000000e+00 0.000000000000000000e+00
3.196000000000000000e+03 -2.741201312766518838e-14 -1.154401363900738041e-15 2.437926001282264285e-20 0.000000000000000000e+00 0.000000000000000000e+00
3.197000000000000000e+03 -2.744880634239199615e-14 -1.154672135995458346e-15 2.850263048333297322e-20 0.000000000000000000e+00 0.000000000000000000e+00
3.198000000000000000e+03 -2.748559955711880392e-14 -1.154942908090178454e-15 3.262600095384330961e-20 0.000000000000000000e+00 0.000000000000000000e+00
3.199000000000000000e+03 -2.752239277184561169e-14 -1.155213680184898562e-15 3.674937142435364600e-20 0.000000000000000000e+00 0.000000000000000000e+00
3.200000000000000000e+03 -2.755918598657241946e-14 -1.155484452279618670e-15 4.087274189486397638e-20 0.000000000000000000e+00 0.000000000000000000e+00
3.201000000000000000e+03 -2.759597920129922723e-14 -1.155755224374338778e-15 4.499611236537431277e-20 0.000000000000000000e+00 0.000000000000000000e+00
3.202000000000000000e+03 -2.763277241602603501e-14 -1.156025996469058886e-15 4.911948283588464916e-20 0.000000000000000000e+00 0.000000000000000000e+00
3.203000000000000000e+03 -2.766956563075284278e-14 -1.156296768563779192e-15 5.324285330639497953e-20 0.000000000000000000e+00 0.000000000000000000e+00
3.204000000000000000e+03 -2.770635884547965055e-14 -1.156567540658499300e-15 5.736622377690530990e-20 0.000000000000000000e+00 0.000000000000000000e+00
3.205000000000000000e+03 -2.776255594810102758e-14 -1.163527676041018933e-15 5.678958517415700471e-20 0.000000000000000000e+00 0.000000000000000000e+00
3.206000000000000000e+03 -2.783815693861698019e-14 -1.177177174711338091e-15 5.151293749815005190e-20 0.000000000000000000e+00 0.000000000000000000e+00
3.207000000000000000e+03 -2.791375792913293279e-14 -1.190826673381657446e-15 4.623628982214309910e-20 0.000000000000000000e+00 0.000000000000000000e+00
3.208000000000000000e+03 -2.798935891964888540e-14 -1.204476172051976605e-15 4.095964214613615231e-20 0.000000000000000000e+00 0.000000000000000000e+00
3.209000000000000000e+03 -2.806495991016483801e-14 -1.218125670722295763e-15 3.568299447012919950e-20 0.000000000000000000e+00 0.000000000000000000e+00
3.210000000000000000e+03 -2.814056090068079061e-14 -1.231775169392615118e-15 3.040634679412224670e-20 0.000000000000000000e+00 0.000000000000000000e+00
3.211000000000000000e+03 -2.821616189119674322e-14 -1.245424668062934277e-15 2.512969911811529991e-20 0.000000000000000000e+00 0.000000000000000000e+00
3.212000000000000000e+03 -2.829176288171269583e-14 -1.259074166733253435e-15 1.985305144210834711e-20 0.000000000000000000e+00 0.000000000000000000e+00
3.213000000000000000e+03 -2.836736387222864843e-14 -1.272723665403572593e-15 1.457640376610139430e-20 0.000000000000000000e+00 0.000000000000000000e+00
3.214000000000000000e+03 -2.844296486274460104e-14 -1.286373164073891948e-15 9.299756090094441496e-21 0.000000000000000000e+00 0.000000000000000000e+00
3.215000000000000000e+03 -2.852987720398564967e-14 -1.295796977836181185e-15 4.464668842439052420e-21 0.000000000000000000e+00 0.000000000000000000e+00
3.216000000000000000e+03 -2.862810089595179118e-14 -1.300995106690440304e-15 7.114202313523008279e-23 0.000000000000000000e+00 0.000000000000000000e+00
3.217000000000000000e+03 -2.872632458791793270e-14 -1.306193235544699620e-15 -4.322384796168592255e-21 0.000000000000000000e+00 0.000000000000000000e+00
3.218000000000000000e+03 -2.882454827988407421e-14 -1.311391364398958935e-15 -8.715911615472414592e-21 0.000000000000000000e+00 0.000000000000000000e+00
3.219000000000000000e+03 -2.892277197185021572e-14 -1.316589493253218054e-15 -1.310943843477623693e-20 0.000000000000000000e+00 0.000000000000000000e+00
3.220000000000000000e+03 -2.902099566381635723e-14 -1.321787622107477370e-15 -1.750296525408005776e-20 0.000000000000000000e+00 0.000000000000000000e+00
3.221000000000000000e+03 -2.911921935578249874e-14 -1.326985750961736488e-15 -2.189649207338388010e-20 0.000000000000000000e+00 0.000000000000000000e+00
3.222000000000000000e+03 -2.921744304774864025e-14 -1.332183879815995804e-15 -2.629001889268770244e-20 0.000000000000000000e+00 0.000000000000000000e+00
3.223000000000000000e+03 -2.931566673971478176e-14 -1.337382008670255120e-15 -3.068354571199152478e-20 0.000000000000000000e+00 0.000000000000000000e+00
3.224000000000000000e+03 -2.941389043168092327e-14 -1.342580137524514238e-15 -3.507707253129534711e-20 0.000000000000000000e+00 0.000000000000000000e+00
3.225000000000000000e+03 -2.946473793534199447e-14 -1.346008556306202413e-15 -3.581339604927814132e-20 0.000000000000000000e+00 0.000000000000000000e+00
3.226000000000000000e+03 -2.946820925069799536e-14 -1.347667265015319447e-15 -3.289251626593990137e-20 0.000000000000000000e+00 0.000000000000000000e+00
3.227000000000000000e+03 -2.947168056605399625e-14 -1.349325973724436482e-15 -2.997163648260166142e-20 0.000000000000000000e+00 0.000000000000000000e+00
3.228000000000000000e+03 -2.947515188140999083e-14 -1.350984682433553516e-15 -2.705075669926342748e-20 0.000000000000000000e+00 0.000000000000000000e+00
3.229000000000000000e+03 -2.947862319676599173e-14 -1.352643391142670550e-15 -2.412987691592518754e-20 0.000000000000000000e+00 0.000000000000000000e+00
3.230000000000000000e+03 -2.948209451212198631e-14 -1.354302099851787584e-15 -2.120899713258695059e-20 0.000000000000000000e+00 0.000000000000000000e+00
3.231000000000000000e+03 -2.948556582747798720e-14 -1.355960808560904619e-15 -1.828811734924871365e-20 0.000000000000000000e+00 0.000000000000000000e+00
3.232000000000000000e+03 -2.948903714283398178e-14 -1.357619517270021653e-15 -1.536723756591047671e-20 0.000000000000000000e+00 0.000000000000000000e+00
3.233000000000000000e+03 -2.949250845818998267e-14 -1.359278225979138687e-15 -1.244635778257223676e-20 0.000000000000000000e+00 0.000000000000000000e+00
3.234000000000000000e+03 -2.949597977354598356e-14 -1.360936934688255721e-15 -9.525477999233999824e-21 0.000000000000000000e+00 0.000000000000000000e+00
3.235000000000000000e+03 -2.950036887435156380e-14 -1.359031433546050914e-15 -6.956551342566872759e-21 0.000000000000000000e+00 0.000000000000000000e+00
3.236000000000000000e+03 -2.950567576060672340e-14 -1.353561722552523872e-15 -4.739577812570855569e-21 0.000000000000000000e+00 0.000000000000000000e+00
3.237000000000000000e+03 -2.951098264686188299e-14 -1.348092011558997225e-15 -2.522604282574838380e-21 0.000000000000000000e+00 0.000000000000000000e+00
3.238000000000000000e+03 -2.951628953311704890e-14 -1.342622300565470182e-15 -3.056307525788211909e-22 0.000000000000000000e+00 0.000000000000000000e+00
3.239000000000000000e+03 -2.952159641937220849e-14 -1.337152589571943535e-15 1.911342777417195998e-21 0.000000000000000000e+00 0.000000000000000000e+00
3.240000000000000000e+03 -2.952690330562737440e-14 -1.331682878578416492e-15 4.128316307413213188e-21 0.000000000000000000e+00 0.000000000000000000e+00
3.241000000000000000e+03 -2.953221019188253399e-14 -1.326213167584889845e-15 6.345289837409230377e-21 0.000000000000000000e+00 0.000000000000000000e+00
3.242000000000000000e+03 -2.953751707813769990e-14 -1.320743456591362802e-15 8.562263367405247566e-21 0.000000000000000000e+00 0.000000000000000000e+00
3.243000000000000000e+03 -2.954282396439285949e-14 -1.315273745597836155e-15 1.077923689740126476e-20 0.000000000000000000e+00 0.000000000000000000e+00
3.244000000000000000e+03 -2.954813085064801908e-14 -1.309804034604309113e-15 1.299621042739728194e-20 0.000000000000000000e+00 0.000000000000000000e+00
3.245000000000000000e+03 -2.956770088415016987e-14 -1.303352761507552696e-15 1.218286398858779729e-20 0.000000000000000000e+00 0.000000000000000000e+00
3.246000000000000000e+03 -2.960153406489931815e-14 -1.295919926307566707e-15 8.339197580972807792e-21 0.000000000000000000e+00 0.000000000000000000e+00
3.247000000000000000e+03 -2.963536724564845382e-14 -1.288487091107580521e-15 4.495531173357818291e-21 0.000000000000000000e+00 0.000000000000000000e+00
3.248000000000000000e+03 -2.966920042639760210e-14 -1.281054255907594335e-15 6.518647657428287902e-22 0.000000000000000000e+00 0.000000000000000000e+00
3.249000000000000000e+03 -2.970303360714673777e-14 -1.273621420707608347e-15 -3.191801641872160711e-21 0.000000000000000000e+00 0.000000000000000000e+00
3.250000000000000000e+03 -2.973686678789588605e-14 -1.266188585507622161e-15 -7.035468049487150212e-21 0.000000000000000000e+00 0.000000000000000000e+00
3.251000000000000000e+03 -2.977069996864502171e-14 -1.258755750307636172e-15 -1.087913445710213971e-20 0.000000000000000000e+00 0.000000000000000000e+00
3.252000000000000000e+03 -2.980453314939417000e-14 -1.251322915107649987e-15 -1.472280086471713222e-20 0.000000000000000000e+00 0.000000000000000000e+00
3.253000000000000000e+03 -2.983836633014330566e-14 -1.243890079907663801e-15 -1.856646727233211571e-20 0.000000000000000000e+00 0.000000000000000000e+00
3.254000000000000000e+03 -2.987219951089245395e-14 -1.236457244707677812e-15 -2.241013367994711123e-20 0.000000000000000000e+00 0.000000000000000000e+00
3.255000000000000000e+03 -2.998065751591959841e-14 -1.237571251035277074e-15 -2.338158756530110005e-20 0.000000000000000000e+00 0.000000000000000000e+00
3.256000000000000000e+03 -3.016374034522475167e-14 -1.247232098890461981e-15 -2.148082892839409120e-20 0.000000000000000000e+00 0.000000000000000000e+00
3.257000000000000000e+03 -3.034682317452991125e-14 -1.256892946745646888e-15 -1.958007029148708536e-20 0.000000000000000000e+00 0.000000000000000000e+00
3.258000000000000000e+03 -3.052990600383506451e-14 -1.266553794600831598e-15 -1.767931165458007651e-20 0.000000000000000000e+00 0.000000000000000000e+00
3.259000000000000000e+03 -3.071298883314021777e-14 -1.276214642456016505e-15 -1.577855301767306766e-20 0.000000000000000000e+00 0.000000000000000000e+00
3.260000000000000000e+03 -3.089607166244537103e-14 -1.285875490311201412e-15 -1.387779438076606181e-20 0.000000000000000000e+00 0.000000000000000000e+00
3.261000000000000000e+03 -3.107915449175052429e-14 -1.295536338166386319e-15 -1.197703574385905296e-20 0.000000000000000000e+00 0.000000000000000000e+00
3.262000000000000000e+03 -3.126223732105567756e-14 -1.305197186021571029e-15 -1.007627710695204411e-20 0.000000000000000000e+00 0.000000000000000000e+00
3.263000000000000000e+03 -3.144532015036083713e-14 -1.314858033876755936e-15 -8.175518470045038273e-21 0.000000000000000000e+00 0.000000000000000000e+00
3.264000000000000000e+03 -3.162840297966599039e-14 -1.324518881731940843e-15 -6.274759833138029423e-21 0.000000000000000000e+00 0.000000000000000000e+00
3.265000000000000000e+03 -3.173312012935305753e-14 -1.321010486937972748e-15 -2.509633516451854309e-21 0.000000000000000000e+00 0.000000000000000000e+00
3.266000000000000000e+03 -3.175947159942203854e-14 -1.304332849494851653e-15 3.119860480013487820e-21 0.000000000000000000e+00 0.000000000000000000e+00
3.267000000000000000e+03 -3.178582306949101955e-14 -1.287655212051730557e-15 8.749354476478827693e-21 0.000000000000000000e+00 0.000000000000000000e+00
3.268000000000000000e+03 -3.181217453956000056e-14 -1.270977574608609659e-15 1.437884847294416907e-20 0.000000000000000000e+00 0.000000000000000000e+00
3.269000000000000000e+03 -3.183852600962898157e-14 -1.254299937165488563e-15 2.000834246940950894e-20 0.000000000000000000e+00 0.000000000000000000e+00
3.270000000000000000e+03 -3.186487747969796258e-14 -1.237622299722367467e-15 2.563783646587485483e-20 0.000000000000000000e+00 0.000000000000000000e+00
3.271000000000000000e+03 -3.189122894976694359e-14 -1.220944662279246372e-15 3.126733046234019471e-20 0.000000000000000000e+00 0.000000000000000000e+00
3.272000000000000000e+03 -3.191758041983592460e-14 -1.204267024836125473e-15 3.689682445880553458e-20 0.000000000000000000e+00 0.000000000000000000e+00
3.273000000000000000e+03 -3.194393188990490561e-14 -1.187589387393004377e-15 4.252631845527088047e-20 0.000000000000000000e+00 0.000000000000000000e+00
3.274000000000000000e+03 -3.197028335997388662e-14 -1.170911749949883282e-15 4.815581245173622034e-20 0.000000000000000000e+00 0.000000000000000000e+00
3.275000000000000000e+03 -3.198132286817133508e-14 -1.156722694255388963e-15 4.791671112023974252e-20 0.000000000000000000e+00 0.000000000000000000e+00
3.276000000000000000e+03 -3.197705041449724468e-14 -1.145022220309521223e-15 4.180901446078145903e-20 0.000000000000000000e+00 0.000000000000000000e+00
3.277000000000000000e+03 -3.197277796082316059e-14 -1.133321746363653483e-15 3.570131780132318156e-20 0.000000000000000000e+00 0.000000000000000000e+00
3.278000000000000000e+03 -3.196850550714907019e-14 -1.121621272417785546e-15 2.959362114186490409e-20 0.000000000000000000e+00 0.000000000000000000e+00
3.279000000000000000e+03 -3.196423305347498610e-14 -1.109920798471917806e-15 2.348592448240662061e-20 0.000000000000000000e+00 0.000000000000000000e+00
3.280000000000000000e+03 -3.195996059980089570e-14 -1.098220324526050067e-15 1.737822782294834314e-20 0.000000000000000000e+00 0.000000000000000000e+00
3.281000000000000000e+03 -3.195568814612681162e-14 -1.086519850580182327e-15 1.127053116349006567e-20 0.000000000000000000e+00 0.000000000000000000e+00
3.282000000000000000e+03 -3.195141569245272121e-14 -1.074819376634314390e-15 5.162834504031782184e-21 0.000000000000000000e+00 0.000000000000000000e+00
3.283000000000000000e+03 -3.194714323877863713e-14 -1.063118902688446650e-15 -9.448621554264952842e-22 0.000000000000000000e+00 0.000000000000000000e+00
3.284000000000000000e+03 -3.194287078510454672e-14 -1.051418428742578910e-15 -7.052558814884778771e-21 0.000000000000000000e+00 0.000000000000000000e+00
3.285000000000000000e+03 -3.195227591389002553e-14 -1.034852690557303755e-15 -5.511699937637068223e-21 0.000000000000000000e+00 0.000000000000000000e+00
3.286000000000000000e+03 -3.197535862513506722e-14 -1.013421688132621185e-15 3.677714476316619807e-21 0.000000000000000000e+00 0.000000000000000000e+00
3.287000000000000000e+03 -3.199844133638010260e-14 -9.919906857079384173e-16 1.286712889027030332e-20 0.000000000000000000e+00 0.000000000000000000e+00
3.288000000000000000e+03 -3.202152404762514429e-14 -9.705596832832558470e-16 2.205654330422399286e-20 0.000000000000000000e+00 0.000000000000000000e+00
3.289000000000000000e+03 -3.204460675887018598e-14 -9.491286808585732766e-16 3.124595771817767638e-20 0.000000000000000000e+00 0.000000000000000000e+00
3.290000000000000000e+03 -3.206768947011522136e-14 -9.276976784338905090e-16 4.043537213213136591e-20 0.000000000000000000e+00 0.000000000000000000e+00
3.291000000000000000e+03 -3.209077218136026305e-14 -9.062666760092079386e-16 4.962478654608505545e-20 0.000000000000000000e+00 0.000000000000000000e+00
3.292000000000000000e+03 -3.211385489260530474e-14 -8.848356735845253683e-16 5.881420096003873896e-20 0.000000000000000000e+00 0.000000000000000000e+00
3.293000000000000000e+03 -3.213693760385034012e-14 -8.634046711598426993e-16 6.800361537399242248e-20 0.000000000000000000e+00 0.000000000000000000e+00
3.294000000000000000e+03 -3.216002031509538181e-14 -8.419736687351600303e-16 7.719302978794610600e-20 0.000000000000000000e+00 0.000000000000000000e+00
3.295000000000000000e+03 -3.225206410219949465e-14 -8.244868973314352937e-16 7.853953814823660696e-20 0.000000000000000000e+00 0.000000000000000000e+00
3.296000000000000000e+03 -3.241306896516267232e-14 -8.109443569486684894e-16 7.204314045486392537e-20 0.000000000000000000e+00 0.000000000000000000e+00
3.297000000000000000e+03 -3.257407382812585631e-14 -7.974018165659016851e-16 6.554674276149124379e-20 0.000000000000000000e+00 0.000000000000000000e+00
3.298000000000000000e+03 -3.273507869108903398e-14 -7.838592761831347822e-16 5.905034506811856220e-20 0.000000000000000000e+00 0.000000000000000000e+00
3.299000000000000000e+03 -3.289608355405221797e-14 -7.703167358003679779e-16 5.255394737474588061e-20 0.000000000000000000e+00 0.000000000000000000e+00
3.300000000000000000e+03 -3.305708841701539564e-14 -7.567741954176010750e-16 4.605754968137319903e-20 0.000000000000000000e+00 0.000000000000000000e+00
3.301000000000000000e+03 -3.321809327997857963e-14 -7.432316550348342707e-16 3.956115198800051744e-20 0.000000000000000000e+00 0.000000000000000000e+00
3.302000000000000000e+03 -3.337909814294175730e-14 -7.296891146520673678e-16 3.306475429462783585e-20 0.000000000000000000e+00 0.000000000000000000e+00
3.303000000000000000e+03 -3.354010300590494129e-14 -7.161465742693005636e-16 2.656835660125515426e-20 0.000000000000000000e+00 0.000000000000000000e+00
3.304000000000000000e+03 -3.370110786886811896e-14 -7.026040338865337593e-16 2.007195890788247268e-20 0.000000000000000000e+00 0.000000000000000000e+00
3.305000000000000000e+03 -3.378567035820631069e-14 -6.845462643208036117e-16 1.614777536386689689e-20 0.000000000000000000e+00 0.000000000000000000e+00
3.306000000000000000e+03 -3.379379047391951649e-14 -6.619732655721101207e-16 1.479580596920841187e-20 0.000000000000000000e+00 0.000000000000000000e+00
3.307000000000000000e+03 -3.380191058963271597e-14 -6.394002668234166298e-16 1.344383657454992834e-20 0.000000000000000000e+00 0.000000000000000000e+00
3.308000000000000000e+03 -3.381003070534591545e-14 -6.168272680747232374e-16 1.209186717989144482e-20 0.000000000000000000e+00 0.000000000000000000e+00
3.309000000000000000e+03 -3.381815082105912124e-14 -5.942542693260297465e-16 1.073989778523295979e-20 0.000000000000000000e+00 0.000000000000000000e+00
3.310000000000000000e+03 -3.382627093677232072e-14 -5.716812705773362556e-16 9.387928390574476272e-21 0.000000000000000000e+00 0.000000000000000000e+00
3.311000000000000000e+03 -3.383439105248552652e-14 -5.491082718286427646e-16 8.035958995915992749e-21 0.000000000000000000e+00 0.000000000000000000e+00
3.312000000000000000e+03 -3.384251116819872600e-14 -5.265352730799493723e-16 6.683989601257509226e-21 0.000000000000000000e+00 0.000000000000000000e+00
3.313000000000000000e+03 -3.385063128391192548e-14 -5.039622743312558814e-16 5.332020206599024199e-21 0.000000000000000000e+00 0.000000000000000000e+00
3.314000000000000000e+03 -3.385875139962513127e-14 -4.813892755825623904e-16 3.980050811940540677e-21 0.000000000000000000e+00 0.000000000000000000e+00
3.315000000000000000e+03 -3.385620747564271261e-14 -4.575948358153827281e-16 3.909846834764665906e-21 0.000000000000000000e+00 0.000000000000000000e+00
3.316000000000000000e+03 -3.384299951196466950e-14 -4.325789550297167958e-16 5.121408275071399887e-21 0.000000000000000000e+00 0.000000000000000000e+00
3.317000000000000000e+03 -3.382979154828662640e-14 -4.075630742440509128e-16 6.332969715378133868e-21 0.000000000000000000e+00 0.000000000000000000e+00
3.318000000000000000e+03 -3.381658358460858960e-14 -3.825471934583849804e-16 7.544531155684867849e-21 0.000000000000000000e+00 0.000000000000000000e+00
3.319000000000000000e+03 -3.380337562093054649e-14 -3.575313126727190974e-16 8.756092595991601830e-21 0.000000000000000000e+00 0.000000000000000000e+00
3.320000000000000000e+03 -3.379016765725250969e-14 -3.325154318870531651e-16 9.967654036298335811e-21 0.000000000000000000e+00 0.000000000000000000e+00
3.321000000000000000e+03 -3.377695969357446658e-14 -3.074995511013872328e-16 1.117921547660507130e-20 0.000000000000000000e+00 0.000000000000000000e+00
3.322000000000000000e+03 -3.376375172989642978e-14 -2.824836703157213498e-16 1.239077691691180377e-20 0.000000000000000000e+00 0.000000000000000000e+00
3.323000000000000000e+03 -3.375054376621838667e-14 -2.574677895300554175e-16 1.360233835721853926e-20 0.000000000000000000e+00 0.000000000000000000e+00
3.324000000000000000e+03 -3.373733580254034356e-14 -2.324519087443895345e-16 1.481389979752527173e-20 0.000000000000000000e+00 0.000000000000000000e+00
3.325000000000000000e+03 -3.382246780243545218e-14 -2.065198573961636464e-16 1.310317220701564907e-20 0.000000000000000000e+00 0.000000000000000000e+00
3.326000000000000000e+03 -3.400593976590370621e-14 -1.796716354853777533e-16 8.470155585689668261e-21 0.000000000000000000e+00 0.000000000000000000e+00
3.327000000000000000e+03 -3.418941172937196024e-14 -1.528234135745919095e-16 3.837138964363687450e-21 0.000000000000000000e+00 0.000000000000000000e+00
3.328000000000000000e+03 -3.437288369284020796e-14 -1.259751916638060163e-16 -7.958776569622933605e-22 0.000000000000000000e+00 0.000000000000000000e+00
3.329000000000000000e+03 -3.455635565630846199e-14 -9.912696975302017253e-17 -5.428894278288274171e-21 0.000000000000000000e+00 0.000000000000000000e+00
3.330000000000000000e+03 -3.473982761977671602e-14 -7.227874784223427941e-17 -1.006191089961425498e-20 0.000000000000000000e+00 0.000000000000000000e+00
3.331000000000000000e+03 -3.492329958324497006e-14 -4.543052593144843560e-17 -1.469492752094023278e-20 0.000000000000000000e+00 0.000000000000000000e+00
3.332000000000000000e+03 -3.510677154671321778e-14 -1.858230402066254248e-17 -1.932794414226621961e-20 0.000000000000000000e+00 0.000000000000000000e+00
3.333000000000000000e+03 -3.529024351018147181e-14 8.265917890123301332e-18 -2.396096076359219441e-20 0.000000000000000000e+00 0.000000000000000000e+00
3.334000000000000000e+03 -3.547371547364972584e-14 3.511413980090919445e-17 -2.859397738491817823e-20 0.000000000000000000e+00 0.000000000000000000e+00
3.335000000000000000e+03 -3.552416194369019806e-14 6.219481027419657775e-17 -3.184869978433666228e-20 0.000000000000000000e+00 0.000000000000000000e+00
3.336000000000000000e+03 -3.544158292030288846e-14 8.950792930998546355e-17 -3.372512796184764958e-20 0.000000000000000000e+00 0.000000000000000000e+00
3.337000000000000000e+03 -3.535900389691557887e-14 1.168210483457743617e-16 -3.560155613935864290e-20 0.000000000000000000e+00 0.000000000000000000e+00
3.338000000000000000e+03 -3.527642487352826928e-14 1.441341673815632352e-16 -3.747798431686963020e-20 0.000000000000000000e+00 0.000000000000000000e+00
3.339000000000000000e+03 -3.519384585014095968e-14 1.714472864173521333e-16 -3.935441249438062352e-20 0.000000000000000000e+00 0.000000000000000000e+00
3.340000000000000000e+03 -3.511126682675365009e-14 1.987604054531410314e-16 -4.123084067189161082e-20 0.000000000000000000e+00 0.000000000000000000e+00
3.341000000000000000e+03 -3.502868780336634049e-14 2.260735244889299049e-16 -4.310726884940260414e-20 0.000000000000000000e+00 0.000000000000000000e+00
3.342000000000000000e+03 -3.494610877997903090e-14 2.533866435247188030e-16 -4.498369702691359144e-20 0.000000000000000000e+00 0.000000000000000000e+00
3.343000000000000000e+03 -3.486352975659172131e-14 2.806997625605076519e-16 -4.686012520442458475e-20 0.000000000000000000e+00 0.000000000000000000e+00
3.344000000000000000e+03 -3.478095073320441171e-14 3.080128815962965500e-16 -4.873655338193557205e-20 0.000000000000000000e+00 0.000000000000000000e+00
3.345000000000000000e+03 -3.486149290117900180e-14 3.379238361518308220e-16 -4.263844911253388136e-20 0.000000000000000000e+00 0.000000000000000000e+00
3.346000000000000000e+03 -3.510515626051548526e-14 3.704326262271104186e-16 -2.856581239621950065e-20 0.000000000000000000e+00 0.000000000000000000e+00
3.347000000000000000e+03 -3.534881961985196872e-14 4.029414163023900645e-16 -1.449317567990512595e-20 0.000000000000000000e+00 0.000000000000000000e+00
3.348000000000000000e+03 -3.559248297918845217e-14 4.354502063776696611e-16 -4.205389635907452373e-22 0.000000000000000000e+00 0.000000000000000000e+00
3.349000000000000000e+03 -3.583614633852493563e-14 4.679589964529492577e-16 1.365209775272362946e-20 0.000000000000000000e+00 0.000000000000000000e+00
3.350000000000000000e+03 -3.607980969786141909e-14 5.004677865282289036e-16 2.772473446903800416e-20 0.000000000000000000e+00 0.000000000000000000e+00
3.351000000000000000e+03 -3.632347305719790255e-14 5.329765766035085495e-16 4.179737118535239089e-20 0.000000000000000000e+00 0.000000000000000000e+00
3.352000000000000000e+03 -3.656713641653438601e-14 5.654853666787881954e-16 5.587000790166677161e-20 0.000000000000000000e+00 0.000000000000000000e+00
3.353000000000000000e+03 -3.681079977587086946e-14 5.979941567540678413e-16 6.994264461798114630e-20 0.000000000000000000e+00 0.000000000000000000e+00
3.354000000000000000e+03 -3.705446313520735292e-14 6.305029468293473886e-16 8.401528133429552100e-20 0.000000000000000000e+00 0.000000000000000000e+00
3.355000000000000000e+03 -3.714615369379522999e-14 6.609270968387010618e-16 8.308004912046412830e-20 0.000000000000000000e+00 0.000000000000000000e+00
3.356000000000000000e+03 -3.708587145163450067e-14 6.892666067821286637e-16 6.713694797648696819e-20 0.000000000000000000e+00 0.000000000000000000e+00
3.357000000000000000e+03 -3.702558920947377135e-14 7.176061167255562656e-16 5.119384683250980809e-20 0.000000000000000000e+00 0.000000000000000000e+00
3.358000000000000000e+03 -3.696530696731303572e-14 7.459456266689838675e-16 3.525074568853264799e-20 0.000000000000000000e+00 0.000000000000000000e+00
3.359000000000000000e+03 -3.690502472515230640e-14 7.742851366124114694e-16 1.930764454455548789e-20 0.000000000000000000e+00 0.000000000000000000e+00
3.360000000000000000e+03 -3.684474248299157708e-14 8.026246465558391699e-16 3.364543400578327783e-21 0.000000000000000000e+00 0.000000000000000000e+00
3.361000000000000000e+03 -3.678446024083084775e-14 8.309641564992667719e-16 -1.257855774339883232e-20 0.000000000000000000e+00 0.000000000000000000e+00
3.362000000000000000e+03 -3.672417799867011212e-14 8.593036664426943738e-16 -2.852165888737600446e-20 0.000000000000000000e+00 0.000000000000000000e+00
3.363000000000000000e+03 -3.666389575650938280e-14 8.876431763861219757e-16 -4.446476003135314049e-20 0.000000000000000000e+00 0.000000000000000000e+00
3.364000000000000000e+03 -3.660361351434865348e-14 9.159826863295495776e-16 -6.040786117533032466e-20 0.000000000000000000e+00 0.000000000000000000e+00
3.365000000000000000e+03 -3.659620127603708379e-14 9.429842731759747234e-16 -6.822940976077461962e-20 0.000000000000000000e+00 0.000000000000000000e+00
3.366000000000000000e+03 -3.664165904157468003e-14 9.686479369253971174e-16 -6.792940578768606146e-20 0.000000000000000000e+00 0.000000000000000000e+00
3.367000000000000000e+03 -3.668711680711228259e-14 9.943116006748195114e-16 -6.762940181459750330e-20 0.000000000000000000e+00 0.000000000000000000e+00
3.368000000000000000e+03 -3.673257457264987883e-14 1.019975264424242103e-15 -6.732939784150894514e-20 0.000000000000000000e+00 0.000000000000000000e+00
3.369000000000000000e+03 -3.677803233818747507e-14 1.045638928173664497e-15 -6.702939386842038698e-20 0.000000000000000000e+00 0.000000000000000000e+00
3.370000000000000000e+03 -3.682349010372507763e-14 1.071302591923086891e-15 -6.672938989533181678e-20 0.000000000000000000e+00 0.000000000000000000e+00
3.371000000000000000e+03 -3.686894786926267387e-14 1.096966255672509285e-15 -6.642938592224325862e-20 0.000000000000000000e+00 0.000000000000000000e+00
3.372000000000000000e+03 -3.691440563480027012e-14 1.122629919421931876e-15 -6.612938194915470046e-20 0.000000000000000000e+00 0.000000000000000000e+00
3.373000000000000000e+03 -3.695986340033787267e-14 1.148293583171354270e-15 -6.582937797606614230e-20 0.000000000000000000e+00 0.000000000000000000e+00
3.374000000000000000e+03 -3.700532116587546892e-14 1.173957246920776664e-15 -6.552937400297758415e-20 0.000000000000000000e+00 0.000000000000000000e+00
3.375000000000000000e+03 -3.707170609885232627e-14 1.203452944070008451e-15 -5.745562688383129824e-20 0.000000000000000000e+00 0.000000000000000000e+00
3.376000000000000000e+03 -3.715901819926843841e-14 1.236780674619049237e-15 -4.160813661862728457e-20 0.000000000000000000e+00 0.000000000000000000e+00
3.377000000000000000e+03 -3.724633029968455687e-14 1.270108405168090023e-15 -2.576064635342328295e-20 0.000000000000000000e+00 0.000000000000000000e+00
3.378000000000000000e+03 -3.733364240010067533e-14 1.303436135717131007e-15 -9.913156088219269288e-21 0.000000000000000000e+00 0.000000000000000000e+00
3.379000000000000000e+03 -3.742095450051678747e-14 1.336763866266171793e-15 5.934334176984732337e-21 0.000000000000000000e+00 0.000000000000000000e+00
3.380000000000000000e+03 -3.750826660093290593e-14 1.370091596815212776e-15 2.178182444218874600e-20 0.000000000000000000e+00 0.000000000000000000e+00
3.381000000000000000e+03 -3.759557870134901808e-14 1.403419327364253562e-15 3.762931470739274762e-20 0.000000000000000000e+00 0.000000000000000000e+00
3.382000000000000000e+03 -3.768289080176513653e-14 1.436747057913294546e-15 5.347680497259676128e-20 0.000000000000000000e+00 0.000000000000000000e+00
3.383000000000000000e+03 -3.777020290218125499e-14 1.470074788462335332e-15 6.932429523780076291e-20 0.000000000000000000e+00 0.000000000000000000e+00
3.384000000000000000e+03 -3.785751500259736714e-14 1.503402519011376118e-15 8.517178550300476453e-20 0.000000000000000000e+00 0.000000000000000000e+00
3.385000000000000000e+03 -3.796035845120288044e-14 1.535653509972816814e-15 9.186026341043649563e-20 0.000000000000000000e+00 0.000000000000000000e+00
3.386000000000000000e+03 -3.807873324799778228e-14 1.566827761346657027e-15 8.938972896009596824e-20 0.000000000000000000e+00 0.000000000000000000e+00
3.387000000000000000e+03 -3.819710804479268411e-14 1.598002012720497436e-15 8.691919450975542880e-20 0.000000000000000000e+00 0.000000000000000000e+00
3.388000000000000000e+03 -3.831548284158758595e-14 1.629176264094337648e-15 8.444866005941488937e-20 0.000000000000000000e+00 0.000000000000000000e+00
3.389000000000000000e+03 -3.843385763838248779e-14 1.660350515468178058e-15 8.197812560907436198e-20 0.000000000000000000e+00 0.000000000000000000e+00
3.390000000000000000e+03 -3.855223243517739594e-14 1.691524766842018270e-15 7.950759115873382255e-20 0.000000000000000000e+00 0.000000000000000000e+00
3.391000000000000000e+03 -3.867060723197229777e-14 1.722699018215858679e-15 7.703705670839329515e-20 0.000000000000000000e+00 0.000000000000000000e+00
3.392000000000000000e+03 -3.878898202876719961e-14 1.753873269589698891e-15 7.456652225805275572e-20 0.000000000000000000e+00 0.000000000000000000e+00
3.393000000000000000e+03 -3.890735682556210145e-14 1.785047520963539301e-15 7.209598780771221629e-20 0.000000000000000000e+00 0.000000000000000000e+00
3.394000000000000000e+03 -3.902573162235700329e-14 1.816221772337379710e-15 6.962545335737168890e-20 0.000000000000000000e+00 0.000000000000000000e+00
3.395000000000000000e+03 -3.912620642138099041e-14 1.846384717320569423e-15 6.684352529180444172e-20 0.000000000000000000e+00 0.000000000000000000e+00
3.396000000000000000e+03 -3.920878122263405021e-14 1.875536355913108439e-15 6.375020361101049883e-20 0.000000000000000000e+00 0.000000000000000000e+00
3.397000000000000000e+03 -3.929135602388711632e-14 1.904687994505647454e-15 6.065688193021655594e-20 0.000000000000000000e+00 0.000000000000000000e+00
3.398000000000000000e+03 -3.937393082514017611e-14 1.933839633098186865e-15 5.756356024942261306e-20 0.000000000000000000e+00 0.000000000000000000e+00
3.399000000000000000e+03 -3.945650562639324222e-14 1.962991271690725881e-15 5.447023856862867017e-20 0.000000000000000000e+00 0.000000000000000000e+00
3.400000000000000000e+03 -3.953908042764630202e-14 1.992142910283264896e-15 5.137691688783471524e-20 0.000000000000000000e+00 0.000000000000000000e+00
3.401000000000000000e+03 -3.962165522889936812e-14 2.021294548875803912e-15 4.828359520704077236e-20 0.000000000000000000e+00 0.000000000000000000e+00
3.402000000000000000e+03 -3.970423003015242792e-14 2.050446187468343323e-15 4.519027352624682345e-20 0.000000000000000000e+00 0.000000000000000000e+00
3.403000000000000000e+03 -3.978680483140549403e-14 2.079597826060882338e-15 4.209695184545288056e-20 0.000000000000000000e+00 0.000000000000000000e+00
3.404000000000000000e+03 -3.986937963265855382e-14 2.108749464653421354e-15 3.900363016465893166e-20 0.000000000000000000e+00 0.000000000000000000e+00
3.405000000000000000e+03 -3.990357467184645914e-14 2.133391354477735717e-15 3.503211035633379699e-20 0.000000000000000000e+00 0.000000000000000000e+00
3.406000000000000000e+03 -3.988938994896919735e-14 2.153523495533825820e-15 3.018239242047747054e-20 0.000000000000000000e+00 0.000000000000000000e+00
3.407000000000000000e+03 -3.987520522609194188e-14 2.173655636589915135e-15 2.533267448462114710e-20 0.000000000000000000e+00 0.000000000000000000e+00
3.408000000000000000e+03 -3.986102050321468640e-14 2.193787777646005239e-15 2.048295654876482366e-20 0.000000000000000000e+00 0.000000000000000000e+00
3.409000000000000000e+03 -3.984683578033742462e-14 2.213919918702094553e-15 1.563323861290849721e-20 0.000000000000000000e+00 0.000000000000000000e+00
3.410000000000000000e+03 -3.983265105746016914e-14 2.234052059758184657e-15 1.078352067705217377e-20 0.000000000000000000e+00 0.000000000000000000e+00
3.411000000000000000e+03 -3.981846633458290736e-14 2.254184200814273972e-15 5.933802741195850334e-21 0.000000000000000000e+00 0.000000000000000000e+00
3.412000000000000000e+03 -3.980428161170565188e-14 2.274316341870364075e-15 1.084084805339523886e-21 0.000000000000000000e+00 0.000000000000000000e+00
3.413000000000000000e+03 -3.979009688882839641e-14 2.294448482926453390e-15 -3.765633130516802563e-21 0.000000000000000000e+00 0.000000000000000000e+00
3.414000000000000000e+03 -3.977591216595113462e-14 2.314580623982543494e-15 -8.615351066373129011e-21 0.000000000000000000e+00 0.000000000000000000e+00
3.415000000000000000e+03 -3.980833598554094267e-14 2.335635181113673106e-15 -1.021285163660586959e-20 0.000000000000000000e+00 0.000000000000000000e+00
3.416000000000000000e+03 -3.988736834759781425e-14 2.357612154319843409e-15 -8.558134841215025810e-21 0.000000000000000000e+00 0.000000000000000000e+00
3.417000000000000000e+03 -3.996640070965467952e-14 2.379589127526013712e-15 -6.903418045824180523e-21 0.000000000000000000e+00 0.000000000000000000e+00
3.418000000000000000e+03 -4.004543307171155110e-14 2.401566100732183621e-15 -5.248701250433335236e-21 0.000000000000000000e+00 0.000000000000000000e+00
3.419000000000000000e+03 -4.012446543376842268e-14 2.423543073938353924e-15 -3.593984455042489949e-21 0.000000000000000000e+00 0.000000000000000000e+00
3.420000000000000000e+03 -4.020349779582528795e-14 2.445520047144523833e-15 -1.939267659651644662e-21 0.000000000000000000e+00 0.000000000000000000e+00
3.421000000000000000e+03 -4.028253015788215953e-14 2.467497020350694136e-15 -2.845508642608008794e-22 0.000000000000000000e+00 0.000000000000000000e+00
3.422000000000000000e+03 -4.036156251993903110e-14 2.489473993556864045e-15 1.370165931130044408e-21 0.000000000000000000e+00 0.000000000000000000e+00
3.423000000000000000e+03 -4.044059488199589637e-14 2.511450966763034348e-15 3.024882726520888190e-21 0.000000000000000000e+00 0.000000000000000000e+00
3.424000000000000000e+03 -4.051962724405276795e-14 2.533427939969204651e-15 4.679599521911733477e-21 0.000000000000000000e+00 0.000000000000000000e+00
3.425000000000000000e+03 -4.066489933634566683e-14 2.562127338333075148e-15 1.644706603723360251e-21 0.000000000000000000e+00 0.000000000000000000e+00
3.426000000000000000e+03 -4.087641115887458669e-14 2.597549161854646233e-15 -6.079796028044234498e-21 0.000000000000000000e+00 0.000000000000000000e+00
3.427000000000000000e+03 -4.108792298140350656e-14 2.632970985376216923e-15 -1.380429865981182774e-20 0.000000000000000000e+00 0.000000000000000000e+00
3.428000000000000000e+03 -4.129943480393242642e-14 2.668392808897788007e-15 -2.152880129157942550e-20 0.000000000000000000e+00 0.000000000000000000e+00
3.429000000000000000e+03 -4.151094662646134629e-14 2.703814632419359092e-15 -2.925330392334701423e-20 0.000000000000000000e+00 0.000000000000000000e+00
3.430000000000000000e+03 -4.172245844899026615e-14 2.739236455940929782e-15 -3.697780655511461801e-20 0.000000000000000000e+00 0.000000000000000000e+00
3.431000000000000000e+03 -4.193397027151918601e-14 2.774658279462500867e-15 -4.470230918688220975e-20 0.000000000000000000e+00 0.000000000000000000e+00
3.432000000000000000e+03 -4.214548209404810588e-14 2.810080102984071952e-15 -5.242681181864980149e-20 0.000000000000000000e+00 0.000000000000000000e+00
3.433000000000000000e+03 -4.235699391657702574e-14 2.845501926505642642e-15 -6.015131445041739323e-20 0.000000000000000000e+00 0.000000000000000000e+00
3.434000000000000000e+03 -4.256850573910594561e-14 2.880923750027213727e-15 -6.787581708218498497e-20 0.000000000000000000e+00 0.000000000000000000e+00
3.435000000000000000e+03 -4.267656674965189991e-14 2.905531383648704392e-15 -6.590701440622014755e-20 0.000000000000000000e+00 0.000000000000000000e+00
3.436000000000000000e+03 -4.268117694821488234e-14 2.919324827370115426e-15 -5.424490642252286894e-20 0.000000000000000000e+00 0.000000000000000000e+00
3.437000000000000000e+03 -4.268578714677786477e-14 2.933118271091525672e-15 -4.258279843882559033e-20 0.000000000000000000e+00 0.000000000000000000e+00
3.438000000000000000e+03 -4.269039734534084721e-14 2.946911714812936706e-15 -3.092069045512830571e-20 0.000000000000000000e+00 0.000000000000000000e+00
3.439000000000000000e+03 -4.269500754390382964e-14 2.960705158534346951e-15 -1.925858247143102710e-20 0.000000000000000000e+00 0.000000000000000000e+00
3.440000000000000000e+03 -4.269961774246680576e-14 2.974498602255757986e-15 -7.596474487733742469e-21 0.000000000000000000e+00 0.000000000000000000e+00
3.441000000000000000e+03 -4.270422794102978819e-14 2.988292045977168231e-15 4.065633495963536139e-21 0.000000000000000000e+00 0.000000000000000000e+00
3.442000000000000000e+03 -4.270883813959277062e-14 3.002085489698579266e-15 1.572774147966081475e-20 0.000000000000000000e+00 0.000000000000000000e+00
3.443000000000000000e+03 -4.271344833815575305e-14 3.015878933419989511e-15 2.738984946335810539e-20 0.000000000000000000e+00 0.000000000000000000e+00
3.444000000000000000e+03 -4.271805853671873548e-14 3.029672377141400546e-15 3.905195744705538400e-20 0.000000000000000000e+00 0.000000000000000000e+00
3.445000000000000000e+03 -4.273129368163981338e-14 3.043303840755762736e-15 4.420594083635839716e-20 0.000000000000000000e+00 0.000000000000000000e+00
3.446000000000000000e+03 -4.275315377291899306e-14 3.056773324263076871e-15 4.285179963126715089e-20 0.000000000000000000e+00 0.000000000000000000e+00
3.447000000000000000e+03 -4.277501386419816642e-14 3.070242807770391006e-15 4.149765842617590462e-20 0.000000000000000000e+00 0.000000000000000000e+00
3.448000000000000000e+03 -4.279687395547733979e-14 3.083712291277705142e-15 4.014351722108465233e-20 0.000000000000000000e+00 0.000000000000000000e+00
3.449000000000000000e+03 -4.281873404675651947e-14 3.097181774785019277e-15 3.878937601599340606e-20 0.000000000000000000e+00 0.000000000000000000e+00
3.450000000000000000e+03 -4.284059413803569283e-14 3.110651258292333412e-15 3.743523481090215978e-20 0.000000000000000000e+00 0.000000000000000000e+00
3.451000000000000000e+03 -4.286245422931487251e-14 3.124120741799647547e-15 3.608109360581091351e-20 0.000000000000000000e+00 0.000000000000000000e+00
3.452000000000000000e+03 -4.288431432059404587e-14 3.137590225306961682e-15 3.472695240071966122e-20 0.000000000000000000e+00 0.000000000000000000e+00
3.453000000000000000e+03 -4.290617441187321924e-14 3.151059708814275817e-15 3.337281119562841495e-20 0.000000000000000000e+00 0.000000000000000000e+00
3.454000000000000000e+03 -4.292803450315239892e-14 3.164529192321589953e-15 3.201866999053716868e-20 0.000000000000000000e+00 0.000000000000000000e+00
3.455000000000000000e+03 -4.298129947126869482e-14 3.180746520234119422e-15 3.279832291163618153e-20 0.000000000000000000e+00 0.000000000000000000e+00
3.456000000000000000e+03 -4.306596931622211325e-14 3.199711692551864619e-15 3.571176995892545350e-20 0.000000000000000000e+00 0.000000000000000000e+00
3.457000000000000000e+03 -4.315063916117553169e-14 3.218676864869609816e-15 3.862521700621473149e-20 0.000000000000000000e+00 0.000000000000000000e+00
3.458000000000000000e+03 -4.323530900612895012e-14 3.237642037187355014e-15 4.153866405350400346e-20 0.000000000000000000e+00 0.000000000000000000e+00
3.459000000000000000e+03 -4.331997885108236856e-14 3.256607209505100211e-15 4.445211110079327543e-20 0.000000000000000000e+00 0.000000000000000000e+00
3.460000000000000000e+03 -4.340464869603578700e-14 3.275572381822845014e-15 4.736555814808255342e-20 0.000000000000000000e+00 0.000000000000000000e+00
3.461000000000000000e+03 -4.348931854098920543e-14 3.294537554140590211e-15 5.027900519537182539e-20 0.000000000000000000e+00 0.000000000000000000e+00
3.462000000000000000e+03 -4.357398838594262387e-14 3.313502726458335409e-15 5.319245224266109737e-20 0.000000000000000000e+00 0.000000000000000000e+00
3.463000000000000000e+03 -4.365865823089604230e-14 3.332467898776080606e-15 5.610589928995037536e-20 0.000000000000000000e+00 0.000000000000000000e+00
3.464000000000000000e+03 -4.374332807584946074e-14 3.351433071093825803e-15 5.901934633723964131e-20 0.000000000000000000e+00 0.000000000000000000e+00
3.465000000000000000e+03 -4.385197494071511030e-14 3.368699090658686883e-15 6.352668497855590275e-20 0.000000000000000000e+00 0.000000000000000000e+00
3.466000000000000000e+03 -4.398459882549299731e-14 3.384265957470664240e-15 6.962791521389913560e-20 0.000000000000000000e+00 0.000000000000000000e+00
3.467000000000000000e+03 -4.411722271027088432e-14 3.399832824282641991e-15 7.572914544924238050e-20 0.000000000000000000e+00 0.000000000000000000e+00
3.468000000000000000e+03 -4.424984659504876501e-14 3.415399691094619347e-15 8.183037568458561335e-20 0.000000000000000000e+00 0.000000000000000000e+00
3.469000000000000000e+03 -4.438247047982665202e-14 3.430966557906596704e-15 8.793160591992884620e-20 0.000000000000000000e+00 0.000000000000000000e+00
3.470000000000000000e+03 -4.451509436460453902e-14 3.446533424718574455e-15 9.403283615527207906e-20 0.000000000000000000e+00 0.000000000000000000e+00
3.471000000000000000e+03 -4.464771824938242603e-14 3.462100291530551812e-15 1.001340663906153119e-19 0.000000000000000000e+00 0.000000000000000000e+00
3.472000000000000000e+03 -4.478034213416030672e-14 3.477667158342529168e-15 1.062352966259585448e-19 0.000000000000000000e+00 0.000000000000000000e+00
3.473000000000000000e+03 -4.491296601893819373e-14 3.493234025154506525e-15 1.123365268613017776e-19 0.000000000000000000e+00 0.000000000000000000e+00
3.474000000000000000e+03 -4.504558990371608074e-14 3.508800891966484276e-15 1.184377570966450346e-19 0.000000000000000000e+00 0.000000000000000000e+00
3.475000000000000000e+03 -4.518203166710219043e-14 3.525920345569859163e-15 1.155148996837921531e-19 0.000000000000000000e+00 0.000000000000000000e+00
3.476000000000000000e+03 -4.532229130909653542e-14 3.544592385964631186e-15 1.035679546227431694e-19 0.000000000000000000e+00 0.000000000000000000e+00
3.477000000000000000e+03 -4.546255095109088041e-14 3.563264426359403208e-15 9.162100956169418573e-20 0.000000000000000000e+00 0.000000000000000000e+00
3.478000000000000000e+03 -4.560281059308522540e-14 3.581936466754174836e-15 7.967406450064521408e-20 0.000000000000000000e+00 0.000000000000000000e+00
3.479000000000000000e+03 -4.574307023507957039e-14 3.600608507148947254e-15 6.772711943959621835e-20 0.000000000000000000e+00 0.000000000000000000e+00
3.480000000000000000e+03 -4.588332987707390908e-14 3.619280547543719671e-15 5.578017437854724669e-20 0.000000000000000000e+00 0.000000000000000000e+00
3.481000000000000000e+03 -4.602358951906825407e-14 3.637952587938491299e-15 4.383322931749826300e-20 0.000000000000000000e+00 0.000000000000000000e+00
3.482000000000000000e+03 -4.616384916106259906e-14 3.656624628333263716e-15 3.188628425644927931e-20 0.000000000000000000e+00 0.000000000000000000e+00
3.483000000000000000e+03 -4.630410880305694405e-14 3.675296668728035344e-15 1.993933919540030766e-20 0.000000000000000000e+00 0.000000000000000000e+00
3.484000000000000000e+03 -4.644436844505128904e-14 3.693968709122807761e-15 7.992394134351311929e-21 0.000000000000000000e+00 0.000000000000000000e+00
3.485000000000000000e+03 -4.643288578414300145e-14 3.699332380238944852e-15 1.701175706601301822e-21 0.000000000000000000e+00 0.000000000000000000e+00
3.486000000000000000e+03 -4.626966082033208126e-14 3.691387682076448194e-15 1.065683912150259280e-21 0.000000000000000000e+00 0.000000000000000000e+00
3.487000000000000000e+03 -4.610643585652116107e-14 3.683442983913951535e-15 4.301921176992167385e-22 0.000000000000000000e+00 0.000000000000000000e+00
3.488000000000000000e+03 -4.594321089271024088e-14 3.675498285751454877e-15 -2.052996767518258032e-22 0.000000000000000000e+00 0.000000000000000000e+00
3.489000000000000000e+03 -4.577998592889932069e-14 3.667553587588957430e-15 -8.407914712028683450e-22 0.000000000000000000e+00 0.000000000000000000e+00
3.490000000000000000e+03 -4.561676096508840050e-14 3.659608889426460772e-15 -1.476283265653910511e-21 0.000000000000000000e+00 0.000000000000000000e+00
3.491000000000000000e+03 -4.545353600127748031e-14 3.651664191263964114e-15 -2.111775060104953805e-21 0.000000000000000000e+00 0.000000000000000000e+00
3.492000000000000000e+03 -4.529031103746656643e-14 3.643719493101467456e-15 -2.747266854555995594e-21 0.000000000000000000e+00 0.000000000000000000e+00
3.493000000000000000e+03 -4.512708607365564624e-14 3.635774794938970008e-15 -3.382758649007038888e-21 0.000000000000000000e+00 0.000000000000000000e+00
3.494000000000000000e+03 -4.496386110984472605e-14 3.627830096776473350e-15 -4.018250443458080678e-21 0.000000000000000000e+00 0.000000000000000000e+00
3.495000000000000000e+03 -4.480063614603380587e-14 3.619885398613976692e-15 -4.653742237909123972e-21 0.000000000000000000e+00 0.000000000000000000e+00
3.496000000000000000e+03 -4.480063614603380587e-14 3.619885398613976692e-15 -4.653742237909123972e-21 0.000000000000000000e+00 0.000000000000000000e+00
3.497000000000000000e+03 -4.480063614603380587e-14 3.619885398613976692e-15 -4.653742237909123972e-21 0.000000000000000000e+00 0.000000000000000000e+00
3.498000000000000000e+03 -4.480063614603380587e-14 3.619885398613976692e-15 -4.653742237909123972e-21 0.000000000000000000e+00 0.000000000000000000e+00
3.499000000000000000e+03 -4.480063614603380587e-14 3.619885398613976692e-15 -4.653742237909123972e-21 0.000000000000000000e+00 0.000000000000000000e+00
3.500000000000000000e+03 -4.480063614603380587e-14 3.619885398613976692e-15 -4.653742237909123972e-21 0.000000000000000000e+00 0.000000000000000000e+00
