0.000000000000000000e+00 0.000000000000000000e+00 0.000000000000000000e+00 0.000000000000000000e+00 0.000000000000000000e+00 0.000000000000000000e+00
1.000000000000000000e+00 0.000000000000000000e+00 0.000000000000000000e+00 0.000000000000000000e+00 0.000000000000000000e+00 0.000000000000000000e+00
2.000000000000000000e+00 0.000000000000000000e+00 0.000000000000000000e+00 0.000000000000000000e+00 0.000000000000000000e+00 0.000000000000000000e+00
3.000000000000000000e+00 0.000000000000000000e+00 0.000000000000000000e+00 0.000000000000000000e+00 0.000000000000000000e+00 0.000000000000000000e+00
4.000000000000000000e+00 0.000000000000000000e+00 0.000000000000000000e+00 0.000000000000000000e+00 0.000000000000000000e+00 0.000000000000000000e+00
5.000000000000000000e+00 0.000000000000000000e+00 0.000000000000000000e+00 0.000000000000000000e+00 0.000000000000000000e+00 0.000000000000000000e+00
6.000000000000000000e+00 0.000000000000000000e+00 0.000000000000000000e+00 0.000000000000000000e+00 0.000000000000000000e+00 0.000000000000000000e+00
7.000000000000000000e+00 0.000000000000000000e+00 0.000000000000000000e+00 0.000000000000000000e+00 0.000000000000000000e+00 0.000000000000000000e+00
8.000000000000000000e+00 0.000000000000000000e+00 0.000000000000000000e+00 0.000000000000000000e+00 0.000000000000000000e+00 0.000000000000000000e+00
9.000000000000000000e+00 0.000000000000000000e+00 0.000000000000000000e+00 0.000000000000000000e+00 0.000000000000000000e+00 0.000000000000000000e+00
1.000000000000000000e+01 0.000000000000000000e+00 0.000000000000000000e+00 0.000000000000000000e+00 0.000000000000000000e+00 -1.418493632379209361e-05
1.100000000000000000e+01 0.000000000000000000e+00 0.000000000000000000e+00 0.000000000000000000e+00 0.000000000000000000e+00 0.000000000000000000e+00
1.200000000000000000e+01 0.000000000000000000e+00 0.000000000000000000e+00 0.000000000000000000e+00 0.000000000000000000e+00 0.000000000000000000e+00
1.300000000000000000e+01 0.000000000000000000e+00 0.000000000000000000e+00 0.000000000000000000e+00 0.000000000000000000e+00 0.000000000000000000e+00
1.400000000000000000e+01 0.000000000000000000e+00 0.000000000000000000e+00 0.000000000000000000e+00 0.000000000000000000e+00 6.013333188882249731e-05
1.500000000000000000e+01 0.000000000000000000e+00 0.000000000000000000e+00 0.000000000000000000e+00 0.000000000000000000e+00 0.000000000000000000e+00
1.600000000000000000e+01 0.000000000000000000e+00 0.000000000000000000e+00 0.000000000000000000e+00 0.000000000000000000e+00 0.000000000000000000e+00
1.700000000000000000e+01 0.000000000000000000e+00 0.000000000000000000e+00 0.000000000000000000e+00 0.000000000000000000e+00 0.000000000000000000e+00
1.800000000000000000e+01 0.000000000000000000e+00 0.000000000000000000e+00 0.000000000000000000e+00 0.000000000000000000e+00 0.000000000000000000e+00
1.900000000000000000e+01 0.000000000000000000e+00 0.000000000000000000e+00 0.000000000000000000e+00 0.000000000000000000e+00 0.000000000000000000e+00
2.000000000000000000e+01 0.000000000000000000e+00 0.000000000000000000e+00 0.000000000000000000e+00 0.000000000000000000e+00 -1.547767624456231877e-05
2.100000000000000000e+01 0.000000000000000000e+00 0.000000000000000000e+00 0.000000000000000000e+00 0.000000000000000000e+00 0.000000000000000000e+00
2.200000000000000000e+01 0.000000000000000000e+00 0.000000000000000000e+00 0.000000000000000000e+00 0.000000000000000000e+00 7.050256990915439788e-05
2.300000000000000000e+01 0.000000000000000000e+00 0.000000000000000000e+00 0.000000000000000000e+00 0.000000000000000000e+00 0.000000000000000000e+00
2.400000000000000000e+01 0.000000000000000000e+00 0.000000000000000000e+00 0.000000000000000000e+00 0.000000000000000000e+00 0.000000000000000000e+00
2.500000000000000000e+01 0.000000000000000000e+00 0.000000000000000000e+00 0.000000000000000000e+00 0.000000000000000000e+00 0.000000000000000000e+00
2.600000000000000000e+01 0.000000000000000000e+00 0.000000000000000000e+00 0.000000000000000000e+00 0.000000000000000000e+00 0.000000000000000000e+00
2.700000000000000000e+01 0.000000000000000000e+00 0.000000000000000000e+00 0.000000000000000000e+00 0.000000000000000000e+00 0.000000000000000000e+00
2.800000000000000000e+01 0.000000000000000000e+00 0.000000000000000000e+00 0.000000000000000000e+00 0.000000000000000000e+00 6.376889969571043250e-05
2.900000000000000000e+01 0.000000000000000000e+00 0.000000000000000000e+00 0.000000000000000000e+00 0.000000000000000000e+00 0.000000000000000000e+00
3.000000000000000000e+01 0.000000000000000000e+00 0.000000000000000000e+00 0.000000000000000000e+00 0.000000000000000000e+00 -1.585401071281521167e-05
3.100000000000000000e+01 0.000000000000000000e+00 0.000000000000000000e+00 0.000000000000000000e+00 0.000000000000000000e+00 0.000000000000000000e+00
3.200000000000000000e+01 0.000000000000000000e+00 0.000000000000000000e+00 0.000000000000000000e+00 0.000000000000000000e+00 2.294837100724561406e-05
3.300000000000000000e+01 0.000000000000000000e+00 0.000000000000000000e+00 0.000000000000000000e+00 0.000000000000000000e+00 0.000000000000000000e+00
3.400000000000000000e+01 0.000000000000000000e+00 0.000000000000000000e+00 0.000000000000000000e+00 0.000000000000000000e+00 0.000000000000000000e+00
3.500000000000000000e+01 0.000000000000000000e+00 0.000000000000000000e+00 0.000000000000000000e+00 0.000000000000000000e+00 0.000000000000000000e+00
3.600000000000000000e+01 0.000000000000000000e+00 0.000000000000000000e+00 0.000000000000000000e+00 0.000000000000000000e+00 1.012733212504514293e-04
3.700000000000000000e+01 0.000000000000000000e+00 0.000000000000000000e+00 0.000000000000000000e+00 0.000000000000000000e+00 0.000000000000000000e+00
3.800000000000000000e+01 0.000000000000000000e+00 0.000000000000000000e+00 0.000000000000000000e+00 0.000000000000000000e+00 0.000000000000000000e+00
3.900000000000000000e+01 0.000000000000000000e+00 0.000000000000000000e+00 0.000000000000000000e+00 0.000000000000000000e+00 0.000000000000000000e+00
4.000000000000000000e+01 0.000000000000000000e+00 0.000000000000000000e+00 0.000000000000000000e+00 0.000000000000000000e+00 -1.594695922167939766e-05
4.100000000000000000e+01 0.000000000000000000e+00 0.000000000000000000e+00 0.000000000000000000e+00 0.000000000000000000e+00 2.710307148269800540e-06
4.200000000000000000e+01 0.000000000000000000e+00 0.000000000000000000e+00 0.000000000000000000e+00 0.000000000000000000e+00 6.450234533325359735e-05
4.300000000000000000e+01 0.000000000000000000e+00 0.000000000000000000e+00 0.000000000000000000e+00 0.000000000000000000e+00 0.000000000000000000e+00
4.400000000000000000e+01 0.000000000000000000e+00 0.000000000000000000e+00 0.000000000000000000e+00 0.000000000000000000e+00 0.000000000000000000e+00
4.500000000000000000e+01 0.000000000000000000e+00 0.000000000000000000e+00 0.000000000000000000e+00 0.000000000000000000e+00 6.627318847623996643e-05
4.600000000000000000e+01 0.000000000000000000e+00 0.000000000000000000e+00 0.000000000000000000e+00 0.000000000000000000e+00 0.000000000000000000e+00
4.700000000000000000e+01 0.000000000000000000e+00 0.000000000000000000e+00 0.000000000000000000e+00 0.000000000000000000e+00 0.000000000000000000e+00
4.800000000000000000e+01 0.000000000000000000e+00 0.000000000000000000e+00 0.000000000000000000e+00 0.000000000000000000e+00 0.000000000000000000e+00
4.900000000000000000e+01 0.000000000000000000e+00 0.000000000000000000e+00 0.000000000000000000e+00 0.000000000000000000e+00 0.000000000000000000e+00
5.000000000000000000e+01 0.000000000000000000e+00 0.000000000000000000e+00 0.000000000000000000e+00 0.000000000000000000e+00 9.582220074334399059e-05
5.100000000000000000e+01 0.000000000000000000e+00 0.000000000000000000e+00 0.000000000000000000e+00 0.000000000000000000e+00 -8.709664585590340017e-06
5.200000000000000000e+01 0.000000000000000000e+00 0.000000000000000000e+00 0.000000000000000000e+00 0.000000000000000000e+00 0.000000000000000000e+00
5.300000000000000000e+01 0.000000000000000000e+00 0.000000000000000000e+00 0.000000000000000000e+00 0.000000000000000000e+00 0.000000000000000000e+00
5.400000000000000000e+01 0.000000000000000000e+00 0.000000000000000000e+00 0.000000000000000000e+00 0.000000000000000000e+00 4.183692027202373035e-05
5.500000000000000000e+01 0.000000000000000000e+00 0.000000000000000000e+00 0.000000000000000000e+00 0.000000000000000000e+00 0.000000000000000000e+00
5.600000000000000000e+01 0.000000000000000000e+00 0.000000000000000000e+00 0.000000000000000000e+00 0.000000000000000000e+00 0.000000000000000000e+00
5.700000000000000000e+01 0.000000000000000000e+00 0.000000000000000000e+00 0.000000000000000000e+00 0.000000000000000000e+00 5.997140512277052761e-05
5.800000000000000000e+01 0.000000000000000000e+00 0.000000000000000000e+00 0.000000000000000000e+00 0.000000000000000000e+00 9.109914292383628908e-05
5.900000000000000000e+01 0.000000000000000000e+00 0.000000000000000000e+00 0.000000000000000000e+00 0.000000000000000000e+00 0.000000000000000000e+00
6.000000000000000000e+01 0.000000000000000000e+00 0.000000000000000000e+00 0.000000000000000000e+00 0.000000000000000000e+00 -1.575366843435637481e-05
6.100000000000000000e+01 0.000000000000000000e+00 0.000000000000000000e+00 0.000000000000000000e+00 0.000000000000000000e+00 -1.500199411117222385e-05
6.200000000000000000e+01 0.000000000000000000e+00 0.000000000000000000e+00 0.000000000000000000e+00 0.000000000000000000e+00 0.000000000000000000e+00
6.300000000000000000e+01 0.000000000000000000e+00 0.000000000000000000e+00 0.000000000000000000e+00 0.000000000000000000e+00 2.466741205819970479e-05
6.400000000000000000e+01 0.000000000000000000e+00 0.000000000000000000e+00 0.000000000000000000e+00 0.000000000000000000e+00 1.158419418708493166e-04
6.500000000000000000e+01 0.000000000000000000e+00 0.000000000000000000e+00 0.000000000000000000e+00 0.000000000000000000e+00 0.000000000000000000e+00
6.600000000000000000e+01 0.000000000000000000e+00 0.000000000000000000e+00 0.000000000000000000e+00 0.000000000000000000e+00 0.000000000000000000e+00
6.700000000000000000e+01 0.000000000000000000e+00 0.000000000000000000e+00 0.000000000000000000e+00 0.000000000000000000e+00 6.770365400417472160e-05
6.800000000000000000e+01 0.000000000000000000e+00 0.000000000000000000e+00 0.000000000000000000e+00 0.000000000000000000e+00 0.000000000000000000e+00
6.900000000000000000e+01 0.000000000000000000e+00 0.000000000000000000e+00 0.000000000000000000e+00 0.000000000000000000e+00 0.000000000000000000e+00
7.000000000000000000e+01 0.000000000000000000e+00 0.000000000000000000e+00 0.000000000000000000e+00 0.000000000000000000e+00 -1.553949326581561529e-05
7.100000000000000000e+01 0.000000000000000000e+00 0.000000000000000000e+00 0.000000000000000000e+00 0.000000000000000000e+00 4.151369070127959154e-05
7.200000000000000000e+01 0.000000000000000000e+00 0.000000000000000000e+00 0.000000000000000000e+00 0.000000000000000000e+00 1.001977777232665006e-04
7.300000000000000000e+01 0.000000000000000000e+00 0.000000000000000000e+00 0.000000000000000000e+00 0.000000000000000000e+00 1.170263321774690951e-05
7.400000000000000000e+01 0.000000000000000000e+00 0.000000000000000000e+00 0.000000000000000000e+00 0.000000000000000000e+00 0.000000000000000000e+00
7.500000000000000000e+01 0.000000000000000000e+00 0.000000000000000000e+00 0.000000000000000000e+00 0.000000000000000000e+00 0.000000000000000000e+00
7.600000000000000000e+01 0.000000000000000000e+00 0.000000000000000000e+00 0.000000000000000000e+00 0.000000000000000000e+00 4.966241268026704085e-05
7.700000000000000000e+01 0.000000000000000000e+00 0.000000000000000000e+00 0.000000000000000000e+00 0.000000000000000000e+00 0.000000000000000000e+00
7.800000000000000000e+01 0.000000000000000000e+00 0.000000000000000000e+00 0.000000000000000000e+00 0.000000000000000000e+00 1.171656508827332162e-04
7.900000000000000000e+01 0.000000000000000000e+00 0.000000000000000000e+00 0.000000000000000000e+00 0.000000000000000000e+00 0.000000000000000000e+00
8.000000000000000000e+01 0.000000000000000000e+00 0.000000000000000000e+00 0.000000000000000000e+00 0.000000000000000000e+00 -1.526628236028006405e-05
8.100000000000000000e+01 0.000000000000000000e+00 0.000000000000000000e+00 0.000000000000000000e+00 0.000000000000000000e+00 5.968871826285417716e-05
8.200000000000000000e+01 0.000000000000000000e+00 0.000000000000000000e+00 0.000000000000000000e+00 0.000000000000000000e+00 3.221313726553685533e-06
8.300000000000000000e+01 0.000000000000000000e+00 0.000000000000000000e+00 0.000000000000000000e+00 0.000000000000000000e+00 0.000000000000000000e+00
8.400000000000000000e+01 0.000000000000000000e+00 0.000000000000000000e+00 0.000000000000000000e+00 0.000000000000000000e+00 0.000000000000000000e+00
8.500000000000000000e+01 0.000000000000000000e+00 0.000000000000000000e+00 0.000000000000000000e+00 0.000000000000000000e+00 9.558510592997492949e-05
8.600000000000000000e+01 0.000000000000000000e+00 0.000000000000000000e+00 0.000000000000000000e+00 0.000000000000000000e+00 1.046900629913854661e-04
8.700000000000000000e+01 0.000000000000000000e+00 0.000000000000000000e+00 0.000000000000000000e+00 0.000000000000000000e+00 0.000000000000000000e+00
8.800000000000000000e+01 0.000000000000000000e+00 0.000000000000000000e+00 0.000000000000000000e+00 0.000000000000000000e+00 0.000000000000000000e+00
8.900000000000000000e+01 0.000000000000000000e+00 0.000000000000000000e+00 0.000000000000000000e+00 0.000000000000000000e+00 6.729424798189974095e-05
9.000000000000000000e+01 0.000000000000000000e+00 0.000000000000000000e+00 0.000000000000000000e+00 0.000000000000000000e+00 -1.494235678462222554e-05
9.100000000000000000e+01 0.000000000000000000e+00 0.000000000000000000e+00 0.000000000000000000e+00 0.000000000000000000e+00 -2.219519820612042793e-05
9.200000000000000000e+01 0.000000000000000000e+00 0.000000000000000000e+00 0.000000000000000000e+00 0.000000000000000000e+00 1.139737345228072706e-04
9.300000000000000000e+01 0.000000000000000000e+00 0.000000000000000000e+00 0.000000000000000000e+00 0.000000000000000000e+00 0.000000000000000000e+00
9.400000000000000000e+01 0.000000000000000000e+00 0.000000000000000000e+00 0.000000000000000000e+00 0.000000000000000000e+00 9.188078678091995011e-05
9.500000000000000000e+01 0.000000000000000000e+00 0.000000000000000000e+00 0.000000000000000000e+00 0.000000000000000000e+00 2.383116391349768994e-05
9.600000000000000000e+01 0.000000000000000000e+00 0.000000000000000000e+00 0.000000000000000000e+00 0.000000000000000000e+00 0.000000000000000000e+00
9.700000000000000000e+01 0.000000000000000000e+00 0.000000000000000000e+00 0.000000000000000000e+00 0.000000000000000000e+00 0.000000000000000000e+00
9.800000000000000000e+01 0.000000000000000000e+00 0.000000000000000000e+00 0.000000000000000000e+00 0.000000000000000000e+00 5.315650312349605515e-05
9.900000000000000000e+01 0.000000000000000000e+00 0.000000000000000000e+00 0.000000000000000000e+00 0.000000000000000000e+00 5.915424701003217569e-05
1.000000000000000000e+02 0.000000000000000000e+00 0.000000000000000000e+00 0.000000000000000000e+00 0.000000000000000000e+00 6.823642852333422363e-05
1.010000000000000000e+02 0.000000000000000000e+00 0.000000000000000000e+00 0.000000000000000000e+00 0.000000000000000000e+00 0.000000000000000000e+00
1.020000000000000000e+02 0.000000000000000000e+00 0.000000000000000000e+00 0.000000000000000000e+00 0.000000000000000000e+00 -7.265123708404608302e-06
1.030000000000000000e+02 0.000000000000000000e+00 0.000000000000000000e+00 0.000000000000000000e+00 0.000000000000000000e+00 7.661000529922976435e-05
1.040000000000000000e+02 0.000000000000000000e+00 0.000000000000000000e+00 0.000000000000000000e+00 0.000000000000000000e+00 1.573850253648050151e-05
1.050000000000000000e+02 0.000000000000000000e+00 0.000000000000000000e+00 0.000000000000000000e+00 0.000000000000000000e+00 0.000000000000000000e+00
1.060000000000000000e+02 0.000000000000000000e+00 0.000000000000000000e+00 0.000000000000000000e+00 0.000000000000000000e+00 1.157698387913549455e-04
1.070000000000000000e+02 0.000000000000000000e+00 0.000000000000000000e+00 0.000000000000000000e+00 0.000000000000000000e+00 0.000000000000000000e+00
1.080000000000000000e+02 0.000000000000000000e+00 0.000000000000000000e+00 0.000000000000000000e+00 0.000000000000000000e+00 1.359394580182333263e-04
1.090000000000000000e+02 0.000000000000000000e+00 0.000000000000000000e+00 0.000000000000000000e+00 0.000000000000000000e+00 0.000000000000000000e+00
1.100000000000000000e+02 0.000000000000000000e+00 0.000000000000000000e+00 0.000000000000000000e+00 0.000000000000000000e+00 -3.815174380429727576e-05
1.110000000000000000e+02 0.000000000000000000e+00 0.000000000000000000e+00 0.000000000000000000e+00 0.000000000000000000e+00 0.000000000000000000e+00
1.120000000000000000e+02 0.000000000000000000e+00 0.000000000000000000e+00 0.000000000000000000e+00 0.000000000000000000e+00 5.340129513879493338e-05
1.130000000000000000e+02 0.000000000000000000e+00 0.000000000000000000e+00 0.000000000000000000e+00 0.000000000000000000e+00 5.815396527461081587e-05
1.140000000000000000e+02 0.000000000000000000e+00 0.000000000000000000e+00 0.000000000000000000e+00 0.000000000000000000e+00 1.159576985694266035e-04
1.150000000000000000e+02 0.000000000000000000e+00 0.000000000000000000e+00 0.000000000000000000e+00 0.000000000000000000e+00 0.000000000000000000e+00
1.160000000000000000e+02 0.000000000000000000e+00 0.000000000000000000e+00 0.000000000000000000e+00 0.000000000000000000e+00 0.000000000000000000e+00
1.170000000000000000e+02 0.000000000000000000e+00 0.000000000000000000e+00 0.000000000000000000e+00 0.000000000000000000e+00 1.135527704362506444e-04
1.180000000000000000e+02 0.000000000000000000e+00 0.000000000000000000e+00 0.000000000000000000e+00 0.000000000000000000e+00 0.000000000000000000e+00
1.190000000000000000e+02 0.000000000000000000e+00 0.000000000000000000e+00 0.000000000000000000e+00 0.000000000000000000e+00 0.000000000000000000e+00
1.200000000000000000e+02 0.000000000000000000e+00 0.000000000000000000e+00 0.000000000000000000e+00 0.000000000000000000e+00 7.632585644384439036e-05
1.210000000000000000e+02 0.000000000000000000e+00 0.000000000000000000e+00 0.000000000000000000e+00 0.000000000000000000e+00 5.269479558351268495e-05
1.220000000000000000e+02 0.000000000000000000e+00 0.000000000000000000e+00 0.000000000000000000e+00 0.000000000000000000e+00 8.532748996970005784e-05
1.230000000000000000e+02 0.000000000000000000e+00 0.000000000000000000e+00 0.000000000000000000e+00 0.000000000000000000e+00 0.000000000000000000e+00
1.240000000000000000e+02 0.000000000000000000e+00 0.000000000000000000e+00 0.000000000000000000e+00 0.000000000000000000e+00 4.005335990651433462e-06
1.250000000000000000e+02 0.000000000000000000e+00 0.000000000000000000e+00 0.000000000000000000e+00 0.000000000000000000e+00 7.287107930644694904e-05
1.260000000000000000e+02 0.000000000000000000e+00 0.000000000000000000e+00 0.000000000000000000e+00 0.000000000000000000e+00 2.386882920860553637e-05
1.270000000000000000e+02 0.000000000000000000e+00 0.000000000000000000e+00 0.000000000000000000e+00 0.000000000000000000e+00 5.693875578421961440e-05
1.280000000000000000e+02 0.000000000000000000e+00 0.000000000000000000e+00 0.000000000000000000e+00 0.000000000000000000e+00 1.062065177720415021e-04
1.290000000000000000e+02 0.000000000000000000e+00 0.000000000000000000e+00 0.000000000000000000e+00 0.000000000000000000e+00 0.000000000000000000e+00
1.300000000000000000e+02 0.000000000000000000e+00 0.000000000000000000e+00 0.000000000000000000e+00 0.000000000000000000e+00 9.506284388903698407e-05
1.310000000000000000e+02 0.000000000000000000e+00 0.000000000000000000e+00 0.000000000000000000e+00 0.000000000000000000e+00 0.000000000000000000e+00
1.320000000000000000e+02 0.000000000000000000e+00 0.000000000000000000e+00 0.000000000000000000e+00 0.000000000000000000e+00 -1.368306083312968755e-05
1.330000000000000000e+02 0.000000000000000000e+00 0.000000000000000000e+00 0.000000000000000000e+00 0.000000000000000000e+00 2.599063488369174580e-07
1.340000000000000000e+02 0.000000000000000000e+00 0.000000000000000000e+00 0.000000000000000000e+00 0.000000000000000000e+00 6.220205521973558858e-05
1.350000000000000000e+02 0.000000000000000000e+00 0.000000000000000000e+00 0.000000000000000000e+00 0.000000000000000000e+00 1.083158360706844953e-04
1.360000000000000000e+02 0.000000000000000000e+00 0.000000000000000000e+00 0.000000000000000000e+00 0.000000000000000000e+00 1.153915561174348377e-04
1.370000000000000000e+02 0.000000000000000000e+00 0.000000000000000000e+00 0.000000000000000000e+00 0.000000000000000000e+00 0.000000000000000000e+00
1.380000000000000000e+02 0.000000000000000000e+00 0.000000000000000000e+00 0.000000000000000000e+00 0.000000000000000000e+00 0.000000000000000000e+00
1.390000000000000000e+02 0.000000000000000000e+00 0.000000000000000000e+00 0.000000000000000000e+00 0.000000000000000000e+00 1.129520215659947705e-04
1.400000000000000000e+02 0.000000000000000000e+00 0.000000000000000000e+00 0.000000000000000000e+00 0.000000000000000000e+00 -3.578342024512428255e-05
1.410000000000000000e+02 0.000000000000000000e+00 0.000000000000000000e+00 0.000000000000000000e+00 0.000000000000000000e+00 4.057261914193768749e-05
1.420000000000000000e+02 0.000000000000000000e+00 0.000000000000000000e+00 0.000000000000000000e+00 0.000000000000000000e+00 1.047213085571576508e-04
1.430000000000000000e+02 0.000000000000000000e+00 0.000000000000000000e+00 0.000000000000000000e+00 0.000000000000000000e+00 5.039118333556015880e-05
1.440000000000000000e+02 0.000000000000000000e+00 0.000000000000000000e+00 0.000000000000000000e+00 0.000000000000000000e+00 8.986640633492256052e-05
1.450000000000000000e+02 0.000000000000000000e+00 0.000000000000000000e+00 0.000000000000000000e+00 0.000000000000000000e+00 0.000000000000000000e+00
1.460000000000000000e+02 0.000000000000000000e+00 0.000000000000000000e+00 0.000000000000000000e+00 0.000000000000000000e+00 1.225525065517832547e-05
1.470000000000000000e+02 0.000000000000000000e+00 0.000000000000000000e+00 0.000000000000000000e+00 0.000000000000000000e+00 0.000000000000000000e+00
1.480000000000000000e+02 0.000000000000000000e+00 0.000000000000000000e+00 0.000000000000000000e+00 0.000000000000000000e+00 6.742992255070405071e-05
1.490000000000000000e+02 0.000000000000000000e+00 0.000000000000000000e+00 0.000000000000000000e+00 0.000000000000000000e+00 1.343888197495917629e-04
1.500000000000000000e+02 0.000000000000000000e+00 0.000000000000000000e+00 0.000000000000000000e+00 0.000000000000000000e+00 6.282148786994031561e-05
1.510000000000000000e+02 0.000000000000000000e+00 0.000000000000000000e+00 0.000000000000000000e+00 0.000000000000000000e+00 -1.547669854780236838e-05
1.520000000000000000e+02 0.000000000000000000e+00 0.000000000000000000e+00 0.000000000000000000e+00 0.000000000000000000e+00 4.514434393591985802e-05
1.530000000000000000e+02 0.000000000000000000e+00 0.000000000000000000e+00 0.000000000000000000e+00 0.000000000000000000e+00 7.504643510853478629e-05
1.540000000000000000e+02 0.000000000000000000e+00 0.000000000000000000e+00 0.000000000000000000e+00 0.000000000000000000e+00 0.000000000000000000e+00
1.550000000000000000e+02 0.000000000000000000e+00 0.000000000000000000e+00 0.000000000000000000e+00 0.000000000000000000e+00 8.485185501423066182e-06
1.560000000000000000e+02 0.000000000000000000e+00 0.000000000000000000e+00 0.000000000000000000e+00 0.000000000000000000e+00 1.553638687369085242e-04
1.570000000000000000e+02 0.000000000000000000e+00 0.000000000000000000e+00 0.000000000000000000e+00 0.000000000000000000e+00 5.881874515377579876e-05
1.580000000000000000e+02 0.000000000000000000e+00 0.000000000000000000e+00 0.000000000000000000e+00 0.000000000000000000e+00 1.132921329408752531e-04
1.590000000000000000e+02 0.000000000000000000e+00 0.000000000000000000e+00 0.000000000000000000e+00 0.000000000000000000e+00 0.000000000000000000e+00
1.600000000000000000e+02 0.000000000000000000e+00 0.000000000000000000e+00 0.000000000000000000e+00 0.000000000000000000e+00 -3.342859066858688290e-05
1.610000000000000000e+02 0.000000000000000000e+00 0.000000000000000000e+00 0.000000000000000000e+00 0.000000000000000000e+00 5.690800097546405830e-05
1.620000000000000000e+02 0.000000000000000000e+00 0.000000000000000000e+00 0.000000000000000000e+00 0.000000000000000000e+00 3.746480801529498511e-05
1.630000000000000000e+02 0.000000000000000000e+00 0.000000000000000000e+00 0.000000000000000000e+00 0.000000000000000000e+00 9.696471569305210631e-05
1.640000000000000000e+02 0.000000000000000000e+00 0.000000000000000000e+00 0.000000000000000000e+00 0.000000000000000000e+00 9.618566843550024371e-05
1.650000000000000000e+02 0.000000000000000000e+00 0.000000000000000000e+00 0.000000000000000000e+00 0.000000000000000000e+00 5.272002533546012118e-06
1.660000000000000000e+02 0.000000000000000000e+00 0.000000000000000000e+00 0.000000000000000000e+00 0.000000000000000000e+00 1.343421109087224142e-04
1.670000000000000000e+02 0.000000000000000000e+00 0.000000000000000000e+00 0.000000000000000000e+00 0.000000000000000000e+00 0.000000000000000000e+00
1.680000000000000000e+02 0.000000000000000000e+00 0.000000000000000000e+00 0.000000000000000000e+00 0.000000000000000000e+00 1.823817628657824132e-05
1.690000000000000000e+02 0.000000000000000000e+00 0.000000000000000000e+00 0.000000000000000000e+00 0.000000000000000000e+00 0.000000000000000000e+00
1.700000000000000000e+02 0.000000000000000000e+00 0.000000000000000000e+00 0.000000000000000000e+00 0.000000000000000000e+00 1.836190390314163283e-04
1.710000000000000000e+02 0.000000000000000000e+00 0.000000000000000000e+00 0.000000000000000000e+00 0.000000000000000000e+00 1.621699351297876360e-05
1.720000000000000000e+02 0.000000000000000000e+00 0.000000000000000000e+00 0.000000000000000000e+00 0.000000000000000000e+00 8.962042966429723662e-05
1.730000000000000000e+02 0.000000000000000000e+00 0.000000000000000000e+00 0.000000000000000000e+00 0.000000000000000000e+00 -7.472689409308554258e-06
1.740000000000000000e+02 0.000000000000000000e+00 0.000000000000000000e+00 0.000000000000000000e+00 0.000000000000000000e+00 0.000000000000000000e+00
1.750000000000000000e+02 0.000000000000000000e+00 0.000000000000000000e+00 0.000000000000000000e+00 0.000000000000000000e+00 1.220221541416444675e-04
1.760000000000000000e+02 0.000000000000000000e+00 0.000000000000000000e+00 0.000000000000000000e+00 0.000000000000000000e+00 0.000000000000000000e+00
1.770000000000000000e+02 0.000000000000000000e+00 0.000000000000000000e+00 0.000000000000000000e+00 0.000000000000000000e+00 1.150166171171787945e-04
1.780000000000000000e+02 0.000000000000000000e+00 0.000000000000000000e+00 0.000000000000000000e+00 0.000000000000000000e+00 9.437410067279212555e-05
1.790000000000000000e+02 0.000000000000000000e+00 0.000000000000000000e+00 0.000000000000000000e+00 0.000000000000000000e+00 5.696624407827147256e-05
1.800000000000000000e+02 0.000000000000000000e+00 0.000000000000000000e+00 0.000000000000000000e+00 0.000000000000000000e+00 7.947207641375002990e-05
1.810000000000000000e+02 0.000000000000000000e+00 0.000000000000000000e+00 0.000000000000000000e+00 0.000000000000000000e+00 -1.549487112210896797e-05
1.820000000000000000e+02 0.000000000000000000e+00 0.000000000000000000e+00 0.000000000000000000e+00 0.000000000000000000e+00 -8.441164185565487411e-06
1.830000000000000000e+02 0.000000000000000000e+00 0.000000000000000000e+00 0.000000000000000000e+00 0.000000000000000000e+00 0.000000000000000000e+00
1.840000000000000000e+02 0.000000000000000000e+00 0.000000000000000000e+00 0.000000000000000000e+00 0.000000000000000000e+00 2.539347773379176522e-04
1.850000000000000000e+02 0.000000000000000000e+00 0.000000000000000000e+00 0.000000000000000000e+00 0.000000000000000000e+00 0.000000000000000000e+00
1.860000000000000000e+02 0.000000000000000000e+00 0.000000000000000000e+00 0.000000000000000000e+00 0.000000000000000000e+00 8.843583990932208109e-05
1.870000000000000000e+02 0.000000000000000000e+00 0.000000000000000000e+00 0.000000000000000000e+00 0.000000000000000000e+00 1.135553104879399336e-05
1.880000000000000000e+02 0.000000000000000000e+00 0.000000000000000000e+00 0.000000000000000000e+00 0.000000000000000000e+00 5.051693216001116953e-05
1.890000000000000000e+02 0.000000000000000000e+00 0.000000000000000000e+00 0.000000000000000000e+00 0.000000000000000000e+00 7.538931444309709539e-05
1.900000000000000000e+02 0.000000000000000000e+00 0.000000000000000000e+00 0.000000000000000000e+00 0.000000000000000000e+00 -6.936588934834593092e-06
1.910000000000000000e+02 0.000000000000000000e+00 0.000000000000000000e+00 0.000000000000000000e+00 0.000000000000000000e+00 8.209613875074770232e-05
1.920000000000000000e+02 0.000000000000000000e+00 0.000000000000000000e+00 0.000000000000000000e+00 0.000000000000000000e+00 1.444826934127144038e-04
1.930000000000000000e+02 0.000000000000000000e+00 0.000000000000000000e+00 0.000000000000000000e+00 0.000000000000000000e+00 3.414205095589875415e-05
1.940000000000000000e+02 0.000000000000000000e+00 0.000000000000000000e+00 0.000000000000000000e+00 0.000000000000000000e+00 8.188150151453821540e-05
1.950000000000000000e+02 0.000000000000000000e+00 0.000000000000000000e+00 0.000000000000000000e+00 0.000000000000000000e+00 0.000000000000000000e+00
1.960000000000000000e+02 0.000000000000000000e+00 0.000000000000000000e+00 0.000000000000000000e+00 0.000000000000000000e+00 8.893635763237585216e-06
1.970000000000000000e+02 0.000000000000000000e+00 0.000000000000000000e+00 0.000000000000000000e+00 0.000000000000000000e+00 1.145837932260270825e-04
1.980000000000000000e+02 0.000000000000000000e+00 0.000000000000000000e+00 0.000000000000000000e+00 0.000000000000000000e+00 1.426618019700557206e-04
1.990000000000000000e+02 0.000000000000000000e+00 0.000000000000000000e+00 0.000000000000000000e+00 0.000000000000000000e+00 1.920141628598162582e-05
2.000000000000000000e+02 0.000000000000000000e+00 0.000000000000000000e+00 0.000000000000000000e+00 0.000000000000000000e+00 5.858750018011971416e-05
2.010000000000000000e+02 0.000000000000000000e+00 0.000000000000000000e+00 0.000000000000000000e+00 0.000000000000000000e+00 4.017037981046529490e-05
2.020000000000000000e+02 0.000000000000000000e+00 0.000000000000000000e+00 0.000000000000000000e+00 0.000000000000000000e+00 9.759279312871698266e-05
2.030000000000000000e+02 0.000000000000000000e+00 0.000000000000000000e+00 0.000000000000000000e+00 0.000000000000000000e+00 0.000000000000000000e+00
2.040000000000000000e+02 0.000000000000000000e+00 0.000000000000000000e+00 0.000000000000000000e+00 0.000000000000000000e+00 -1.912217786097089056e-06
2.050000000000000000e+02 0.000000000000000000e+00 0.000000000000000000e+00 0.000000000000000000e+00 0.000000000000000000e+00 9.410045655093924927e-05
2.060000000000000000e+02 0.000000000000000000e+00 0.000000000000000000e+00 0.000000000000000000e+00 0.000000000000000000e+00 1.995295162475976152e-04
2.070000000000000000e+02 0.000000000000000000e+00 0.000000000000000000e+00 0.000000000000000000e+00 0.000000000000000000e+00 0.000000000000000000e+00
2.080000000000000000e+02 0.000000000000000000e+00 0.000000000000000000e+00 0.000000000000000000e+00 0.000000000000000000e+00 8.149488213346055970e-05
2.090000000000000000e+02 0.000000000000000000e+00 0.000000000000000000e+00 0.000000000000000000e+00 0.000000000000000000e+00 1.602085195374537702e-05
2.100000000000000000e+02 0.000000000000000000e+00 0.000000000000000000e+00 0.000000000000000000e+00 0.000000000000000000e+00 2.253102545696294512e-05
2.110000000000000000e+02 0.000000000000000000e+00 0.000000000000000000e+00 0.000000000000000000e+00 0.000000000000000000e+00 5.590814166037741926e-05
2.120000000000000000e+02 0.000000000000000000e+00 0.000000000000000000e+00 0.000000000000000000e+00 0.000000000000000000e+00 6.267218269085858811e-05
2.130000000000000000e+02 0.000000000000000000e+00 0.000000000000000000e+00 0.000000000000000000e+00 0.000000000000000000e+00 8.988538800346629483e-05
2.140000000000000000e+02 0.000000000000000000e+00 0.000000000000000000e+00 0.000000000000000000e+00 0.000000000000000000e+00 8.200082931756015527e-05
2.150000000000000000e+02 0.000000000000000000e+00 0.000000000000000000e+00 0.000000000000000000e+00 0.000000000000000000e+00 9.290962641385695742e-05
2.160000000000000000e+02 0.000000000000000000e+00 0.000000000000000000e+00 0.000000000000000000e+00 0.000000000000000000e+00 8.133435685527664260e-05
2.170000000000000000e+02 0.000000000000000000e+00 0.000000000000000000e+00 0.000000000000000000e+00 0.000000000000000000e+00 0.000000000000000000e+00
2.180000000000000000e+02 0.000000000000000000e+00 0.000000000000000000e+00 0.000000000000000000e+00 0.000000000000000000e+00 1.363547013632312552e-05
2.190000000000000000e+02 0.000000000000000000e+00 0.000000000000000000e+00 0.000000000000000000e+00 0.000000000000000000e+00 1.354270149840058467e-04
2.200000000000000000e+02 0.000000000000000000e+00 0.000000000000000000e+00 0.000000000000000000e+00 0.000000000000000000e+00 1.256807338847974449e-04
2.210000000000000000e+02 0.000000000000000000e+00 0.000000000000000000e+00 0.000000000000000000e+00 0.000000000000000000e+00 8.682333314663466729e-06
2.220000000000000000e+02 0.000000000000000000e+00 0.000000000000000000e+00 0.000000000000000000e+00 0.000000000000000000e+00 7.052980572920013115e-05
2.230000000000000000e+02 0.000000000000000000e+00 0.000000000000000000e+00 0.000000000000000000e+00 0.000000000000000000e+00 0.000000000000000000e+00
2.240000000000000000e+02 0.000000000000000000e+00 0.000000000000000000e+00 0.000000000000000000e+00 0.000000000000000000e+00 4.860877520348530614e-05
2.250000000000000000e+02 0.000000000000000000e+00 0.000000000000000000e+00 0.000000000000000000e+00 0.000000000000000000e+00 1.015137123035710954e-04
2.260000000000000000e+02 0.000000000000000000e+00 0.000000000000000000e+00 0.000000000000000000e+00 0.000000000000000000e+00 4.826208693532805637e-05
2.270000000000000000e+02 0.000000000000000000e+00 0.000000000000000000e+00 0.000000000000000000e+00 0.000000000000000000e+00 8.695885682376825712e-05
2.280000000000000000e+02 0.000000000000000000e+00 0.000000000000000000e+00 0.000000000000000000e+00 0.000000000000000000e+00 1.941696298096596965e-04
2.290000000000000000e+02 0.000000000000000000e+00 0.000000000000000000e+00 0.000000000000000000e+00 0.000000000000000000e+00 0.000000000000000000e+00
2.300000000000000000e+02 0.000000000000000000e+00 0.000000000000000000e+00 0.000000000000000000e+00 0.000000000000000000e+00 5.084206670128414316e-05
2.310000000000000000e+02 0.000000000000000000e+00 0.000000000000000000e+00 0.000000000000000000e+00 0.000000000000000000e+00 6.142428026624794019e-06
2.320000000000000000e+02 0.000000000000000000e+00 0.000000000000000000e+00 0.000000000000000000e+00 0.000000000000000000e+00 -9.432112251150839149e-06
2.330000000000000000e+02 0.000000000000000000e+00 0.000000000000000000e+00 0.000000000000000000e+00 0.000000000000000000e+00 1.968480900510018758e-04
2.340000000000000000e+02 0.000000000000000000e+00 0.000000000000000000e+00 0.000000000000000000e+00 0.000000000000000000e+00 1.124274016209758691e-04
2.350000000000000000e+02 0.000000000000000000e+00 0.000000000000000000e+00 0.000000000000000000e+00 0.000000000000000000e+00 2.408965157166981811e-06
2.360000000000000000e+02 0.000000000000000000e+00 0.000000000000000000e+00 0.000000000000000000e+00 0.000000000000000000e+00 7.826519352560853981e-05
2.370000000000000000e+02 0.000000000000000000e+00 0.000000000000000000e+00 0.000000000000000000e+00 0.000000000000000000e+00 5.486555744762720653e-05
2.380000000000000000e+02 0.000000000000000000e+00 0.000000000000000000e+00 0.000000000000000000e+00 0.000000000000000000e+00 4.540662630799837546e-05
2.390000000000000000e+02 0.000000000000000000e+00 0.000000000000000000e+00 0.000000000000000000e+00 0.000000000000000000e+00 6.977879975645896954e-05
2.400000000000000000e+02 0.000000000000000000e+00 0.000000000000000000e+00 0.000000000000000000e+00 0.000000000000000000e+00 3.706210646811464399e-05
2.410000000000000000e+02 0.000000000000000000e+00 0.000000000000000000e+00 0.000000000000000000e+00 0.000000000000000000e+00 7.104015349509796358e-05
2.420000000000000000e+02 0.000000000000000000e+00 0.000000000000000000e+00 0.000000000000000000e+00 0.000000000000000000e+00 1.750324858499605648e-04
2.430000000000000000e+02 0.000000000000000000e+00 0.000000000000000000e+00 0.000000000000000000e+00 0.000000000000000000e+00 -4.463058457873861932e-06
2.440000000000000000e+02 0.000000000000000000e+00 0.000000000000000000e+00 0.000000000000000000e+00 0.000000000000000000e+00 9.885834488857744894e-05
2.450000000000000000e+02 0.000000000000000000e+00 0.000000000000000000e+00 0.000000000000000000e+00 0.000000000000000000e+00 1.460819534173228380e-06
2.460000000000000000e+02 0.000000000000000000e+00 0.000000000000000000e+00 0.000000000000000000e+00 0.000000000000000000e+00 5.038948908390346440e-05
2.470000000000000000e+02 0.000000000000000000e+00 0.000000000000000000e+00 0.000000000000000000e+00 0.000000000000000000e+00 1.064593727979598522e-04
2.480000000000000000e+02 0.000000000000000000e+00 0.000000000000000000e+00 0.000000000000000000e+00 0.000000000000000000e+00 1.648202018410540811e-04
2.490000000000000000e+02 0.000000000000000000e+00 0.000000000000000000e+00 0.000000000000000000e+00 0.000000000000000000e+00 0.000000000000000000e+00
2.500000000000000000e+02 0.000000000000000000e+00 0.000000000000000000e+00 0.000000000000000000e+00 0.000000000000000000e+00 6.916286068663125863e-05
2.510000000000000000e+02 0.000000000000000000e+00 0.000000000000000000e+00 0.000000000000000000e+00 0.000000000000000000e+00 8.319278417891654378e-05
2.520000000000000000e+02 0.000000000000000000e+00 0.000000000000000000e+00 0.000000000000000000e+00 0.000000000000000000e+00 6.088095821190337131e-05
2.530000000000000000e+02 0.000000000000000000e+00 0.000000000000000000e+00 0.000000000000000000e+00 0.000000000000000000e+00 1.766871735929306905e-05
2.540000000000000000e+02 0.000000000000000000e+00 0.000000000000000000e+00 0.000000000000000000e+00 0.000000000000000000e+00 0.000000000000000000e+00
2.550000000000000000e+02 0.000000000000000000e+00 0.000000000000000000e+00 0.000000000000000000e+00 0.000000000000000000e+00 1.691612116896372300e-04
2.560000000000000000e+02 0.000000000000000000e+00 0.000000000000000000e+00 0.000000000000000000e+00 0.000000000000000000e+00 1.687021537433293860e-04
2.570000000000000000e+02 0.000000000000000000e+00 0.000000000000000000e+00 0.000000000000000000e+00 0.000000000000000000e+00 6.817505154630405339e-06
2.580000000000000000e+02 0.000000000000000000e+00 0.000000000000000000e+00 0.000000000000000000e+00 0.000000000000000000e+00 7.255754874221757595e-05
2.590000000000000000e+02 0.000000000000000000e+00 0.000000000000000000e+00 0.000000000000000000e+00 0.000000000000000000e+00 5.265184540884963672e-05
2.600000000000000000e+02 0.000000000000000000e+00 0.000000000000000000e+00 0.000000000000000000e+00 0.000000000000000000e+00 2.835941653988863822e-05
2.610000000000000000e+02 0.000000000000000000e+00 0.000000000000000000e+00 0.000000000000000000e+00 0.000000000000000000e+00 5.321353731356519610e-05
2.620000000000000000e+02 0.000000000000000000e+00 0.000000000000000000e+00 0.000000000000000000e+00 0.000000000000000000e+00 1.705631414802903873e-04
2.630000000000000000e+02 0.000000000000000000e+00 0.000000000000000000e+00 0.000000000000000000e+00 0.000000000000000000e+00 -4.913675675622965653e-06
2.640000000000000000e+02 0.000000000000000000e+00 0.000000000000000000e+00 0.000000000000000000e+00 0.000000000000000000e+00 1.747768693592714425e-04
2.650000000000000000e+02 0.000000000000000000e+00 0.000000000000000000e+00 0.000000000000000000e+00 0.000000000000000000e+00 7.604531370227421009e-08
2.660000000000000000e+02 0.000000000000000000e+00 0.000000000000000000e+00 0.000000000000000000e+00 0.000000000000000000e+00 9.571668070710284335e-05
2.670000000000000000e+02 0.000000000000000000e+00 0.000000000000000000e+00 0.000000000000000000e+00 0.000000000000000000e+00 5.716354877425693905e-06
2.680000000000000000e+02 0.000000000000000000e+00 0.000000000000000000e+00 0.000000000000000000e+00 0.000000000000000000e+00 4.881245267854806110e-05
2.690000000000000000e+02 0.000000000000000000e+00 0.000000000000000000e+00 0.000000000000000000e+00 0.000000000000000000e+00 2.251595830496430748e-04
2.700000000000000000e+02 0.000000000000000000e+00 0.000000000000000000e+00 0.000000000000000000e+00 0.000000000000000000e+00 5.525226125363250947e-05
2.710000000000000000e+02 0.000000000000000000e+00 0.000000000000000000e+00 0.000000000000000000e+00 0.000000000000000000e+00 -1.161196537059162489e-05
2.720000000000000000e+02 0.000000000000000000e+00 0.000000000000000000e+00 0.000000000000000000e+00 0.000000000000000000e+00 8.036315458215344992e-05
2.730000000000000000e+02 0.000000000000000000e+00 0.000000000000000000e+00 0.000000000000000000e+00 0.000000000000000000e+00 8.818663729699868748e-05
2.740000000000000000e+02 0.000000000000000000e+00 0.000000000000000000e+00 0.000000000000000000e+00 0.000000000000000000e+00 0.000000000000000000e+00
2.750000000000000000e+02 0.000000000000000000e+00 0.000000000000000000e+00 0.000000000000000000e+00 0.000000000000000000e+00 8.874192103442598276e-05
2.760000000000000000e+02 0.000000000000000000e+00 0.000000000000000000e+00 0.000000000000000000e+00 0.000000000000000000e+00 7.746476583405403926e-05
2.770000000000000000e+02 0.000000000000000000e+00 0.000000000000000000e+00 0.000000000000000000e+00 0.000000000000000000e+00 1.255576547354947880e-04
2.780000000000000000e+02 0.000000000000000000e+00 0.000000000000000000e+00 0.000000000000000000e+00 0.000000000000000000e+00 1.302334203179214165e-04
2.790000000000000000e+02 0.000000000000000000e+00 0.000000000000000000e+00 0.000000000000000000e+00 0.000000000000000000e+00 4.105169350781386289e-05
2.800000000000000000e+02 0.000000000000000000e+00 0.000000000000000000e+00 0.000000000000000000e+00 0.000000000000000000e+00 4.814532677358422582e-05
2.810000000000000000e+02 0.000000000000000000e+00 0.000000000000000000e+00 0.000000000000000000e+00 0.000000000000000000e+00 -1.117463332743833955e-05
2.820000000000000000e+02 0.000000000000000000e+00 0.000000000000000000e+00 0.000000000000000000e+00 0.000000000000000000e+00 9.458086328778440388e-05
2.830000000000000000e+02 0.000000000000000000e+00 0.000000000000000000e+00 0.000000000000000000e+00 0.000000000000000000e+00 1.703307546455530824e-04
2.840000000000000000e+02 0.000000000000000000e+00 0.000000000000000000e+00 0.000000000000000000e+00 0.000000000000000000e+00 7.264313437586257158e-05
2.850000000000000000e+02 0.000000000000000000e+00 0.000000000000000000e+00 0.000000000000000000e+00 0.000000000000000000e+00 2.232741050453162401e-05
2.860000000000000000e+02 0.000000000000000000e+00 0.000000000000000000e+00 0.000000000000000000e+00 0.000000000000000000e+00 1.156923806021728144e-04
2.870000000000000000e+02 0.000000000000000000e+00 0.000000000000000000e+00 0.000000000000000000e+00 0.000000000000000000e+00 5.411394937074012523e-05
2.880000000000000000e+02 0.000000000000000000e+00 0.000000000000000000e+00 0.000000000000000000e+00 0.000000000000000000e+00 9.292655581922025032e-05
2.890000000000000000e+02 0.000000000000000000e+00 0.000000000000000000e+00 0.000000000000000000e+00 0.000000000000000000e+00 9.319412647289424285e-06
2.900000000000000000e+02 0.000000000000000000e+00 0.000000000000000000e+00 0.000000000000000000e+00 0.000000000000000000e+00 5.620770182985634894e-05
2.910000000000000000e+02 0.000000000000000000e+00 0.000000000000000000e+00 0.000000000000000000e+00 0.000000000000000000e+00 1.240985440006621204e-04
2.920000000000000000e+02 0.000000000000000000e+00 0.000000000000000000e+00 0.000000000000000000e+00 0.000000000000000000e+00 1.537419720814718670e-04
2.930000000000000000e+02 0.000000000000000000e+00 0.000000000000000000e+00 0.000000000000000000e+00 0.000000000000000000e+00 -5.095093533124435787e-06
2.940000000000000000e+02 0.000000000000000000e+00 0.000000000000000000e+00 0.000000000000000000e+00 0.000000000000000000e+00 8.589720647600898704e-05
2.950000000000000000e+02 0.000000000000000000e+00 0.000000000000000000e+00 0.000000000000000000e+00 0.000000000000000000e+00 9.095562515570094120e-05
2.960000000000000000e+02 0.000000000000000000e+00 0.000000000000000000e+00 0.000000000000000000e+00 0.000000000000000000e+00 3.417334430393757709e-06
2.970000000000000000e+02 0.000000000000000000e+00 0.000000000000000000e+00 0.000000000000000000e+00 0.000000000000000000e+00 1.975541502262495575e-04
2.980000000000000000e+02 0.000000000000000000e+00 0.000000000000000000e+00 0.000000000000000000e+00 0.000000000000000000e+00 7.981058518876918341e-05
2.990000000000000000e+02 0.000000000000000000e+00 0.000000000000000000e+00 0.000000000000000000e+00 0.000000000000000000e+00 0.000000000000000000e+00
3.000000000000000000e+02 0.000000000000000000e+00 0.000000000000000000e+00 0.000000000000000000e+00 0.000000000000000000e+00 1.487998669412043679e-04
3.010000000000000000e+02 0.000000000000000000e+00 0.000000000000000000e+00 0.000000000000000000e+00 0.000000000000000000e+00 2.662395831310306214e-05
3.020000000000000000e+02 0.000000000000000000e+00 0.000000000000000000e+00 0.000000000000000000e+00 0.000000000000000000e+00 6.362737393776469693e-05
3.030000000000000000e+02 0.000000000000000000e+00 0.000000000000000000e+00 0.000000000000000000e+00 0.000000000000000000e+00 -5.061169967414602229e-06
3.040000000000000000e+02 0.000000000000000000e+00 0.000000000000000000e+00 0.000000000000000000e+00 0.000000000000000000e+00 1.384623319986347776e-04
3.050000000000000000e+02 0.000000000000000000e+00 0.000000000000000000e+00 0.000000000000000000e+00 0.000000000000000000e+00 1.657156008598473457e-04
3.060000000000000000e+02 0.000000000000000000e+00 0.000000000000000000e+00 0.000000000000000000e+00 0.000000000000000000e+00 7.164375170450990895e-05
3.070000000000000000e+02 0.000000000000000000e+00 0.000000000000000000e+00 0.000000000000000000e+00 0.000000000000000000e+00 2.420565053850061776e-05
3.080000000000000000e+02 0.000000000000000000e+00 0.000000000000000000e+00 0.000000000000000000e+00 0.000000000000000000e+00 7.266380555101673900e-05
3.090000000000000000e+02 0.000000000000000000e+00 0.000000000000000000e+00 0.000000000000000000e+00 0.000000000000000000e+00 9.310525940801111437e-05
3.100000000000000000e+02 0.000000000000000000e+00 0.000000000000000000e+00 0.000000000000000000e+00 0.000000000000000000e+00 2.496379504234459945e-05
3.110000000000000000e+02 0.000000000000000000e+00 0.000000000000000000e+00 0.000000000000000000e+00 0.000000000000000000e+00 1.495259532698430969e-04
3.120000000000000000e+02 0.000000000000000000e+00 0.000000000000000000e+00 0.000000000000000000e+00 0.000000000000000000e+00 6.947675920223385935e-05
3.130000000000000000e+02 0.000000000000000000e+00 0.000000000000000000e+00 0.000000000000000000e+00 0.000000000000000000e+00 5.815283979170388437e-05
3.140000000000000000e+02 0.000000000000000000e+00 0.000000000000000000e+00 0.000000000000000000e+00 0.000000000000000000e+00 1.540413040424588236e-04
3.150000000000000000e+02 0.000000000000000000e+00 0.000000000000000000e+00 0.000000000000000000e+00 0.000000000000000000e+00 0.000000000000000000e+00
3.160000000000000000e+02 0.000000000000000000e+00 0.000000000000000000e+00 0.000000000000000000e+00 0.000000000000000000e+00 8.767206728407914325e-05
3.170000000000000000e+02 0.000000000000000000e+00 0.000000000000000000e+00 0.000000000000000000e+00 0.000000000000000000e+00 0.000000000000000000e+00
3.180000000000000000e+02 0.000000000000000000e+00 0.000000000000000000e+00 0.000000000000000000e+00 0.000000000000000000e+00 1.650950502176662925e-04
3.190000000000000000e+02 0.000000000000000000e+00 0.000000000000000000e+00 0.000000000000000000e+00 0.000000000000000000e+00 1.268948138305884318e-04
3.200000000000000000e+02 0.000000000000000000e+00 0.000000000000000000e+00 0.000000000000000000e+00 0.000000000000000000e+00 8.965796694279819560e-05
3.210000000000000000e+02 0.000000000000000000e+00 0.000000000000000000e+00 0.000000000000000000e+00 0.000000000000000000e+00 -1.703124179022240275e-05
3.220000000000000000e+02 0.000000000000000000e+00 0.000000000000000000e+00 0.000000000000000000e+00 0.000000000000000000e+00 1.547626103610127827e-04
3.230000000000000000e+02 0.000000000000000000e+00 0.000000000000000000e+00 0.000000000000000000e+00 0.000000000000000000e+00 4.842237358599059161e-05
3.240000000000000000e+02 0.000000000000000000e+00 0.000000000000000000e+00 0.000000000000000000e+00 0.000000000000000000e+00 5.859959043552570655e-05
3.250000000000000000e+02 0.000000000000000000e+00 0.000000000000000000e+00 0.000000000000000000e+00 0.000000000000000000e+00 3.480167499823004756e-05
3.260000000000000000e+02 0.000000000000000000e+00 0.000000000000000000e+00 0.000000000000000000e+00 0.000000000000000000e+00 2.062442733172025150e-04
3.270000000000000000e+02 0.000000000000000000e+00 0.000000000000000000e+00 0.000000000000000000e+00 0.000000000000000000e+00 3.657224847699305840e-05
3.280000000000000000e+02 0.000000000000000000e+00 0.000000000000000000e+00 0.000000000000000000e+00 0.000000000000000000e+00 1.259321343797483361e-04
3.290000000000000000e+02 0.000000000000000000e+00 0.000000000000000000e+00 0.000000000000000000e+00 0.000000000000000000e+00 2.570545757783463360e-05
3.300000000000000000e+02 0.000000000000000000e+00 0.000000000000000000e+00 0.000000000000000000e+00 0.000000000000000000e+00 5.672455660665399091e-05
3.310000000000000000e+02 0.000000000000000000e+00 0.000000000000000000e+00 0.000000000000000000e+00 0.000000000000000000e+00 7.446386463273569722e-05
3.320000000000000000e+02 0.000000000000000000e+00 0.000000000000000000e+00 0.000000000000000000e+00 0.000000000000000000e+00 1.094390120084042336e-04
3.330000000000000000e+02 0.000000000000000000e+00 0.000000000000000000e+00 0.000000000000000000e+00 0.000000000000000000e+00 1.246968969526100724e-04
3.340000000000000000e+02 0.000000000000000000e+00 0.000000000000000000e+00 0.000000000000000000e+00 0.000000000000000000e+00 6.394573063873401544e-05
3.350000000000000000e+02 0.000000000000000000e+00 0.000000000000000000e+00 0.000000000000000000e+00 0.000000000000000000e+00 6.600839611981920599e-05
3.360000000000000000e+02 0.000000000000000000e+00 0.000000000000000000e+00 0.000000000000000000e+00 0.000000000000000000e+00 1.501003271249277753e-04
3.370000000000000000e+02 0.000000000000000000e+00 0.000000000000000000e+00 0.000000000000000000e+00 0.000000000000000000e+00 5.695660208237325949e-06
3.380000000000000000e+02 0.000000000000000000e+00 0.000000000000000000e+00 0.000000000000000000e+00 0.000000000000000000e+00 8.372443259515305867e-05
3.390000000000000000e+02 0.000000000000000000e+00 0.000000000000000000e+00 0.000000000000000000e+00 0.000000000000000000e+00 3.393895308980075890e-05
3.400000000000000000e+02 0.000000000000000000e+00 0.000000000000000000e+00 0.000000000000000000e+00 0.000000000000000000e+00 1.480176772524554132e-04
3.410000000000000000e+02 0.000000000000000000e+00 0.000000000000000000e+00 0.000000000000000000e+00 0.000000000000000000e+00 1.052948080602007818e-04
3.420000000000000000e+02 0.000000000000000000e+00 0.000000000000000000e+00 0.000000000000000000e+00 0.000000000000000000e+00 1.015328795144629847e-04
3.430000000000000000e+02 0.000000000000000000e+00 0.000000000000000000e+00 0.000000000000000000e+00 0.000000000000000000e+00 0.000000000000000000e+00
3.440000000000000000e+02 0.000000000000000000e+00 0.000000000000000000e+00 0.000000000000000000e+00 0.000000000000000000e+00 1.012247573213907032e-04
3.450000000000000000e+02 0.000000000000000000e+00 0.000000000000000000e+00 0.000000000000000000e+00 0.000000000000000000e+00 1.029218790557584413e-04
3.460000000000000000e+02 0.000000000000000000e+00 0.000000000000000000e+00 0.000000000000000000e+00 0.000000000000000000e+00 0.000000000000000000e+00
3.470000000000000000e+02 0.000000000000000000e+00 0.000000000000000000e+00 0.000000000000000000e+00 0.000000000000000000e+00 1.942103104570038808e-04
3.480000000000000000e+02 0.000000000000000000e+00 0.000000000000000000e+00 0.000000000000000000e+00 0.000000000000000000e+00 8.696876599955081523e-05
3.490000000000000000e+02 0.000000000000000000e+00 0.000000000000000000e+00 0.000000000000000000e+00 0.000000000000000000e+00 9.085431734341339622e-05
3.500000000000000000e+02 0.000000000000000000e+00 0.000000000000000000e+00 0.000000000000000000e+00 0.000000000000000000e+00 1.006118414331404518e-04
3.510000000000000000e+02 0.000000000000000000e+00 0.000000000000000000e+00 0.000000000000000000e+00 0.000000000000000000e+00 1.236531873178079866e-05
3.520000000000000000e+02 0.000000000000000000e+00 0.000000000000000000e+00 0.000000000000000000e+00 0.000000000000000000e+00 6.758148115318401592e-05
3.530000000000000000e+02 0.000000000000000000e+00 0.000000000000000000e+00 0.000000000000000000e+00 0.000000000000000000e+00 4.009847028674957405e-05
3.540000000000000000e+02 0.000000000000000000e+00 0.000000000000000000e+00 0.000000000000000000e+00 0.000000000000000000e+00 1.618827682757290249e-04
3.550000000000000000e+02 0.000000000000000000e+00 0.000000000000000000e+00 0.000000000000000000e+00 0.000000000000000000e+00 1.511861313599363414e-04
3.560000000000000000e+02 0.000000000000000000e+00 0.000000000000000000e+00 0.000000000000000000e+00 0.000000000000000000e+00 6.250030782391420049e-05
3.570000000000000000e+02 0.000000000000000000e+00 0.000000000000000000e+00 0.000000000000000000e+00 0.000000000000000000e+00 2.635943274144825541e-05
3.580000000000000000e+02 0.000000000000000000e+00 0.000000000000000000e+00 0.000000000000000000e+00 0.000000000000000000e+00 1.883117766679977712e-04
3.590000000000000000e+02 0.000000000000000000e+00 0.000000000000000000e+00 0.000000000000000000e+00 0.000000000000000000e+00 8.588350195686805309e-06
3.600000000000000000e+02 0.000000000000000000e+00 0.000000000000000000e+00 0.000000000000000000e+00 0.000000000000000000e+00 -1.284327654243095867e-05
3.610000000000000000e+02 0.000000000000000000e+00 0.000000000000000000e+00 0.000000000000000000e+00 0.000000000000000000e+00 2.099292976878943567e-04
3.620000000000000000e+02 0.000000000000000000e+00 0.000000000000000000e+00 0.000000000000000000e+00 0.000000000000000000e+00 1.434185534586182923e-04
3.630000000000000000e+02 0.000000000000000000e+00 0.000000000000000000e+00 0.000000000000000000e+00 0.000000000000000000e+00 -1.489157783339768347e-06
3.640000000000000000e+02 0.000000000000000000e+00 0.000000000000000000e+00 0.000000000000000000e+00 0.000000000000000000e+00 1.586437978437215150e-04
3.650000000000000000e+02 0.000000000000000000e+00 0.000000000000000000e+00 0.000000000000000000e+00 0.000000000000000000e+00 1.426324407551291316e-06
3.660000000000000000e+02 0.000000000000000000e+00 0.000000000000000000e+00 0.000000000000000000e+00 0.000000000000000000e+00 5.802331466839111919e-05
3.670000000000000000e+02 0.000000000000000000e+00 0.000000000000000000e+00 0.000000000000000000e+00 0.000000000000000000e+00 1.142708097346446127e-04
3.680000000000000000e+02 0.000000000000000000e+00 0.000000000000000000e+00 0.000000000000000000e+00 0.000000000000000000e+00 1.290573419134826826e-04
3.690000000000000000e+02 0.000000000000000000e+00 0.000000000000000000e+00 0.000000000000000000e+00 0.000000000000000000e+00 1.255970692308338991e-04
3.700000000000000000e+02 0.000000000000000000e+00 0.000000000000000000e+00 0.000000000000000000e+00 0.000000000000000000e+00 7.358511141814835625e-05
3.710000000000000000e+02 0.000000000000000000e+00 0.000000000000000000e+00 0.000000000000000000e+00 0.000000000000000000e+00 4.324916504424864555e-05
3.720000000000000000e+02 0.000000000000000000e+00 0.000000000000000000e+00 0.000000000000000000e+00 0.000000000000000000e+00 1.420111547465855470e-04
3.730000000000000000e+02 0.000000000000000000e+00 0.000000000000000000e+00 0.000000000000000000e+00 0.000000000000000000e+00 2.642793036752317794e-05
3.740000000000000000e+02 0.000000000000000000e+00 0.000000000000000000e+00 0.000000000000000000e+00 0.000000000000000000e+00 7.165073942643901677e-05
3.750000000000000000e+02 0.000000000000000000e+00 0.000000000000000000e+00 0.000000000000000000e+00 0.000000000000000000e+00 1.287509422613815628e-04
3.760000000000000000e+02 0.000000000000000000e+00 0.000000000000000000e+00 0.000000000000000000e+00 0.000000000000000000e+00 1.667528883069251339e-04
3.770000000000000000e+02 0.000000000000000000e+00 0.000000000000000000e+00 0.000000000000000000e+00 0.000000000000000000e+00 8.826059488607827623e-05
3.780000000000000000e+02 0.000000000000000000e+00 0.000000000000000000e+00 0.000000000000000000e+00 0.000000000000000000e+00 5.988276518164682499e-05
3.790000000000000000e+02 0.000000000000000000e+00 0.000000000000000000e+00 0.000000000000000000e+00 0.000000000000000000e+00 3.055523836751303267e-05
3.800000000000000000e+02 0.000000000000000000e+00 0.000000000000000000e+00 0.000000000000000000e+00 0.000000000000000000e+00 8.844294426457224563e-05
3.810000000000000000e+02 0.000000000000000000e+00 0.000000000000000000e+00 0.000000000000000000e+00 0.000000000000000000e+00 8.253830884797986646e-05
3.820000000000000000e+02 0.000000000000000000e+00 0.000000000000000000e+00 0.000000000000000000e+00 0.000000000000000000e+00 9.162225796860306063e-05
3.830000000000000000e+02 0.000000000000000000e+00 0.000000000000000000e+00 0.000000000000000000e+00 0.000000000000000000e+00 1.558766627115610801e-04
3.840000000000000000e+02 0.000000000000000000e+00 0.000000000000000000e+00 0.000000000000000000e+00 0.000000000000000000e+00 6.062725582725232742e-05
3.850000000000000000e+02 0.000000000000000000e+00 0.000000000000000000e+00 0.000000000000000000e+00 0.000000000000000000e+00 8.307622101097602912e-05
3.860000000000000000e+02 0.000000000000000000e+00 0.000000000000000000e+00 0.000000000000000000e+00 0.000000000000000000e+00 1.609990979604485311e-04
3.870000000000000000e+02 0.000000000000000000e+00 0.000000000000000000e+00 0.000000000000000000e+00 0.000000000000000000e+00 0.000000000000000000e+00
3.880000000000000000e+02 0.000000000000000000e+00 0.000000000000000000e+00 0.000000000000000000e+00 0.000000000000000000e+00 6.320999466854744855e-05
3.890000000000000000e+02 0.000000000000000000e+00 0.000000000000000000e+00 0.000000000000000000e+00 0.000000000000000000e+00 2.340030544482781503e-04
3.900000000000000000e+02 0.000000000000000000e+00 0.000000000000000000e+00 0.000000000000000000e+00 0.000000000000000000e+00 2.281121656524512294e-05
3.910000000000000000e+02 0.000000000000000000e+00 0.000000000000000000e+00 0.000000000000000000e+00 0.000000000000000000e+00 1.134864743002550133e-04
3.920000000000000000e+02 0.000000000000000000e+00 0.000000000000000000e+00 0.000000000000000000e+00 0.000000000000000000e+00 8.126271891424001036e-05
3.930000000000000000e+02 0.000000000000000000e+00 0.000000000000000000e+00 0.000000000000000000e+00 0.000000000000000000e+00 1.322752511203258580e-05
3.940000000000000000e+02 0.000000000000000000e+00 0.000000000000000000e+00 0.000000000000000000e+00 0.000000000000000000e+00 1.835896401707798103e-04
3.950000000000000000e+02 0.000000000000000000e+00 0.000000000000000000e+00 0.000000000000000000e+00 0.000000000000000000e+00 1.664167711892188022e-06
3.960000000000000000e+02 0.000000000000000000e+00 0.000000000000000000e+00 0.000000000000000000e+00 0.000000000000000000e+00 1.431111797614273613e-04
3.970000000000000000e+02 0.000000000000000000e+00 0.000000000000000000e+00 0.000000000000000000e+00 0.000000000000000000e+00 1.147900737731756147e-04
3.980000000000000000e+02 0.000000000000000000e+00 0.000000000000000000e+00 0.000000000000000000e+00 0.000000000000000000e+00 1.710058362279796634e-04
3.990000000000000000e+02 0.000000000000000000e+00 0.000000000000000000e+00 0.000000000000000000e+00 0.000000000000000000e+00 3.119293895319526748e-05
4.000000000000000000e+02 0.000000000000000000e+00 0.000000000000000000e+00 0.000000000000000000e+00 0.000000000000000000e+00 1.043768923698791540e-04
4.010000000000000000e+02 0.000000000000000000e+00 0.000000000000000000e+00 0.000000000000000000e+00 0.000000000000000000e+00 -3.906799624242271675e-06
4.020000000000000000e+02 0.000000000000000000e+00 0.000000000000000000e+00 0.000000000000000000e+00 0.000000000000000000e+00 1.174125236253680340e-04
4.030000000000000000e+02 0.000000000000000000e+00 0.000000000000000000e+00 0.000000000000000000e+00 0.000000000000000000e+00 1.558455710884604532e-04
4.040000000000000000e+02 0.000000000000000000e+00 0.000000000000000000e+00 0.000000000000000000e+00 0.000000000000000000e+00 6.297878327953481238e-05
4.050000000000000000e+02 0.000000000000000000e+00 0.000000000000000000e+00 0.000000000000000000e+00 0.000000000000000000e+00 1.552407539882969120e-04
4.060000000000000000e+02 0.000000000000000000e+00 0.000000000000000000e+00 0.000000000000000000e+00 0.000000000000000000e+00 6.282308156455561083e-05
4.070000000000000000e+02 0.000000000000000000e+00 0.000000000000000000e+00 0.000000000000000000e+00 0.000000000000000000e+00 7.964438723760016554e-05
4.080000000000000000e+02 0.000000000000000000e+00 0.000000000000000000e+00 0.000000000000000000e+00 0.000000000000000000e+00 1.316127274925300026e-04
4.090000000000000000e+02 0.000000000000000000e+00 0.000000000000000000e+00 0.000000000000000000e+00 0.000000000000000000e+00 2.953142780566198148e-05
4.100000000000000000e+02 0.000000000000000000e+00 0.000000000000000000e+00 0.000000000000000000e+00 0.000000000000000000e+00 1.439331163650097833e-04
4.110000000000000000e+02 0.000000000000000000e+00 0.000000000000000000e+00 0.000000000000000000e+00 0.000000000000000000e+00 1.190027717100941665e-04
4.120000000000000000e+02 0.000000000000000000e+00 0.000000000000000000e+00 0.000000000000000000e+00 0.000000000000000000e+00 1.477124072509838698e-04
4.130000000000000000e+02 0.000000000000000000e+00 0.000000000000000000e+00 0.000000000000000000e+00 0.000000000000000000e+00 5.048116402385003742e-05
4.140000000000000000e+02 0.000000000000000000e+00 0.000000000000000000e+00 0.000000000000000000e+00 0.000000000000000000e+00 8.476164683322184217e-05
4.150000000000000000e+02 0.000000000000000000e+00 0.000000000000000000e+00 0.000000000000000000e+00 0.000000000000000000e+00 1.582502170836479641e-05
4.160000000000000000e+02 0.000000000000000000e+00 0.000000000000000000e+00 0.000000000000000000e+00 0.000000000000000000e+00 1.353668964326123494e-04
4.170000000000000000e+02 0.000000000000000000e+00 0.000000000000000000e+00 0.000000000000000000e+00 0.000000000000000000e+00 1.080474984843067743e-04
4.180000000000000000e+02 0.000000000000000000e+00 0.000000000000000000e+00 0.000000000000000000e+00 0.000000000000000000e+00 1.143811477821066760e-04
4.190000000000000000e+02 0.000000000000000000e+00 0.000000000000000000e+00 0.000000000000000000e+00 0.000000000000000000e+00 1.108521322897996136e-04
4.200000000000000000e+02 0.000000000000000000e+00 0.000000000000000000e+00 0.000000000000000000e+00 0.000000000000000000e+00 9.480027056620249967e-05
4.210000000000000000e+02 0.000000000000000000e+00 0.000000000000000000e+00 0.000000000000000000e+00 0.000000000000000000e+00 6.199876683227995120e-05
4.220000000000000000e+02 0.000000000000000000e+00 0.000000000000000000e+00 0.000000000000000000e+00 0.000000000000000000e+00 1.460857428060649836e-04
4.230000000000000000e+02 0.000000000000000000e+00 0.000000000000000000e+00 0.000000000000000000e+00 0.000000000000000000e+00 4.294440780565308554e-07
4.240000000000000000e+02 0.000000000000000000e+00 0.000000000000000000e+00 0.000000000000000000e+00 0.000000000000000000e+00 1.865643898917105086e-04
4.250000000000000000e+02 0.000000000000000000e+00 0.000000000000000000e+00 0.000000000000000000e+00 0.000000000000000000e+00 1.781077037070426640e-04
4.260000000000000000e+02 0.000000000000000000e+00 0.000000000000000000e+00 0.000000000000000000e+00 0.000000000000000000e+00 6.311786739444001854e-05
4.270000000000000000e+02 0.000000000000000000e+00 0.000000000000000000e+00 0.000000000000000000e+00 0.000000000000000000e+00 9.529161308356783326e-05
4.280000000000000000e+02 0.000000000000000000e+00 0.000000000000000000e+00 0.000000000000000000e+00 0.000000000000000000e+00 6.340865568111606423e-05
4.290000000000000000e+02 0.000000000000000000e+00 0.000000000000000000e+00 0.000000000000000000e+00 0.000000000000000000e+00 4.170054124835616938e-05
4.300000000000000000e+02 0.000000000000000000e+00 0.000000000000000000e+00 0.000000000000000000e+00 0.000000000000000000e+00 1.586932720992883931e-04
4.310000000000000000e+02 0.000000000000000000e+00 0.000000000000000000e+00 0.000000000000000000e+00 0.000000000000000000e+00 8.812267955528765959e-05
4.320000000000000000e+02 0.000000000000000000e+00 0.000000000000000000e+00 0.000000000000000000e+00 0.000000000000000000e+00 7.111895937460714710e-05
4.330000000000000000e+02 0.000000000000000000e+00 0.000000000000000000e+00 0.000000000000000000e+00 0.000000000000000000e+00 1.341132270017364404e-04
4.340000000000000000e+02 0.000000000000000000e+00 0.000000000000000000e+00 0.000000000000000000e+00 0.000000000000000000e+00 1.559748479637386898e-04
4.350000000000000000e+02 0.000000000000000000e+00 0.000000000000000000e+00 0.000000000000000000e+00 0.000000000000000000e+00 3.184072333174446992e-05
4.360000000000000000e+02 0.000000000000000000e+00 0.000000000000000000e+00 0.000000000000000000e+00 0.000000000000000000e+00 1.080576576083880174e-04
4.370000000000000000e+02 0.000000000000000000e+00 0.000000000000000000e+00 0.000000000000000000e+00 0.000000000000000000e+00 5.015609672636090816e-05
4.380000000000000000e+02 0.000000000000000000e+00 0.000000000000000000e+00 0.000000000000000000e+00 0.000000000000000000e+00 1.228453637554811472e-04
4.390000000000000000e+02 0.000000000000000000e+00 0.000000000000000000e+00 0.000000000000000000e+00 0.000000000000000000e+00 2.074296287885167198e-04
4.400000000000000000e+02 0.000000000000000000e+00 0.000000000000000000e+00 0.000000000000000000e+00 0.000000000000000000e+00 9.966728313105102720e-05
4.410000000000000000e+02 0.000000000000000000e+00 0.000000000000000000e+00 0.000000000000000000e+00 0.000000000000000000e+00 6.034186512436197022e-05
4.420000000000000000e+02 0.000000000000000000e+00 0.000000000000000000e+00 0.000000000000000000e+00 0.000000000000000000e+00 5.575300463198946667e-05
4.430000000000000000e+02 0.000000000000000000e+00 0.000000000000000000e+00 0.000000000000000000e+00 0.000000000000000000e+00 1.016469605344135727e-04
4.440000000000000000e+02 0.000000000000000000e+00 0.000000000000000000e+00 0.000000000000000000e+00 0.000000000000000000e+00 1.483374673414805504e-04
4.450000000000000000e+02 0.000000000000000000e+00 0.000000000000000000e+00 0.000000000000000000e+00 0.000000000000000000e+00 0.000000000000000000e+00
4.460000000000000000e+02 0.000000000000000000e+00 0.000000000000000000e+00 0.000000000000000000e+00 0.000000000000000000e+00 1.651079766966986732e-04
4.470000000000000000e+02 0.000000000000000000e+00 0.000000000000000000e+00 0.000000000000000000e+00 0.000000000000000000e+00 1.542846576070391375e-04
4.480000000000000000e+02 0.000000000000000000e+00 0.000000000000000000e+00 0.000000000000000000e+00 0.000000000000000000e+00 1.326761810961426136e-04
4.490000000000000000e+02 0.000000000000000000e+00 0.000000000000000000e+00 0.000000000000000000e+00 0.000000000000000000e+00 1.040679946911583840e-04
4.500000000000000000e+02 0.000000000000000000e+00 0.000000000000000000e+00 0.000000000000000000e+00 0.000000000000000000e+00 5.002465141277073746e-05
4.510000000000000000e+02 0.000000000000000000e+00 0.000000000000000000e+00 0.000000000000000000e+00 0.000000000000000000e+00 1.097201770614280193e-05
4.520000000000000000e+02 0.000000000000000000e+00 0.000000000000000000e+00 0.000000000000000000e+00 0.000000000000000000e+00 1.490710627162494806e-04
4.530000000000000000e+02 0.000000000000000000e+00 0.000000000000000000e+00 0.000000000000000000e+00 0.000000000000000000e+00 2.232289804599424941e-04
4.540000000000000000e+02 0.000000000000000000e+00 0.000000000000000000e+00 0.000000000000000000e+00 0.000000000000000000e+00 1.730464189368606420e-05
4.550000000000000000e+02 0.000000000000000000e+00 0.000000000000000000e+00 0.000000000000000000e+00 0.000000000000000000e+00 1.353742908185528147e-04
4.560000000000000000e+02 0.000000000000000000e+00 0.000000000000000000e+00 0.000000000000000000e+00 0.000000000000000000e+00 1.083253894239107518e-04
4.570000000000000000e+02 0.000000000000000000e+00 0.000000000000000000e+00 0.000000000000000000e+00 0.000000000000000000e+00 8.025202577341885722e-05
4.580000000000000000e+02 0.000000000000000000e+00 0.000000000000000000e+00 0.000000000000000000e+00 0.000000000000000000e+00 9.967389793272092764e-05
4.590000000000000000e+02 0.000000000000000000e+00 0.000000000000000000e+00 0.000000000000000000e+00 0.000000000000000000e+00 5.367362911856470383e-05
4.600000000000000000e+02 0.000000000000000000e+00 0.000000000000000000e+00 0.000000000000000000e+00 0.000000000000000000e+00 1.654727915418565591e-04
4.610000000000000000e+02 0.000000000000000000e+00 0.000000000000000000e+00 0.000000000000000000e+00 0.000000000000000000e+00 1.842288974576687666e-04
4.620000000000000000e+02 0.000000000000000000e+00 0.000000000000000000e+00 0.000000000000000000e+00 0.000000000000000000e+00 1.059630195241448352e-04
4.630000000000000000e+02 0.000000000000000000e+00 0.000000000000000000e+00 0.000000000000000000e+00 0.000000000000000000e+00 6.393727486165902169e-05
4.640000000000000000e+02 0.000000000000000000e+00 0.000000000000000000e+00 0.000000000000000000e+00 0.000000000000000000e+00 5.784078989537807115e-05
4.650000000000000000e+02 0.000000000000000000e+00 0.000000000000000000e+00 0.000000000000000000e+00 0.000000000000000000e+00 1.040746456835887559e-04
4.660000000000000000e+02 0.000000000000000000e+00 0.000000000000000000e+00 0.000000000000000000e+00 0.000000000000000000e+00 1.427753311793237526e-04
4.670000000000000000e+02 0.000000000000000000e+00 0.000000000000000000e+00 0.000000000000000000e+00 0.000000000000000000e+00 9.495377892568702266e-05
4.680000000000000000e+02 0.000000000000000000e+00 0.000000000000000000e+00 0.000000000000000000e+00 0.000000000000000000e+00 1.003774581310392809e-04
4.690000000000000000e+02 0.000000000000000000e+00 0.000000000000000000e+00 0.000000000000000000e+00 0.000000000000000000e+00 1.145016821731998800e-04
4.700000000000000000e+02 0.000000000000000000e+00 0.000000000000000000e+00 0.000000000000000000e+00 0.000000000000000000e+00 1.648158908545976778e-04
4.710000000000000000e+02 0.000000000000000000e+00 0.000000000000000000e+00 0.000000000000000000e+00 0.000000000000000000e+00 3.193250223133340380e-05
4.720000000000000000e+02 0.000000000000000000e+00 0.000000000000000000e+00 0.000000000000000000e+00 0.000000000000000000e+00 1.274327971950895322e-04
4.730000000000000000e+02 0.000000000000000000e+00 0.000000000000000000e+00 0.000000000000000000e+00 0.000000000000000000e+00 1.610194940881646059e-05
4.740000000000000000e+02 0.000000000000000000e+00 0.000000000000000000e+00 0.000000000000000000e+00 0.000000000000000000e+00 2.654724177620845782e-04
4.750000000000000000e+02 0.000000000000000000e+00 0.000000000000000000e+00 0.000000000000000000e+00 0.000000000000000000e+00 1.503992318766794864e-04
4.760000000000000000e+02 0.000000000000000000e+00 0.000000000000000000e+00 0.000000000000000000e+00 0.000000000000000000e+00 5.547008964361715077e-05
4.770000000000000000e+02 0.000000000000000000e+00 0.000000000000000000e+00 0.000000000000000000e+00 0.000000000000000000e+00 5.514089446951353003e-05
4.780000000000000000e+02 0.000000000000000000e+00 0.000000000000000000e+00 0.000000000000000000e+00 0.000000000000000000e+00 9.477026644740855913e-05
4.790000000000000000e+02 0.000000000000000000e+00 0.000000000000000000e+00 0.000000000000000000e+00 0.000000000000000000e+00 1.158951401634423497e-04
4.800000000000000000e+02 0.000000000000000000e+00 0.000000000000000000e+00 0.000000000000000000e+00 0.000000000000000000e+00 9.708209371042137044e-05
4.810000000000000000e+02 0.000000000000000000e+00 0.000000000000000000e+00 0.000000000000000000e+00 0.000000000000000000e+00 1.442931846779186645e-04
4.820000000000000000e+02 0.000000000000000000e+00 0.000000000000000000e+00 0.000000000000000000e+00 0.000000000000000000e+00 5.896742452979467964e-05
4.830000000000000000e+02 0.000000000000000000e+00 0.000000000000000000e+00 0.000000000000000000e+00 0.000000000000000000e+00 1.905257414845401185e-04
4.840000000000000000e+02 0.000000000000000000e+00 0.000000000000000000e+00 0.000000000000000000e+00 0.000000000000000000e+00 1.218325390901720472e-04
4.850000000000000000e+02 0.000000000000000000e+00 0.000000000000000000e+00 0.000000000000000000e+00 0.000000000000000000e+00 9.508968383756420868e-05
4.860000000000000000e+02 0.000000000000000000e+00 0.000000000000000000e+00 0.000000000000000000e+00 0.000000000000000000e+00 5.216615165019663374e-05
4.870000000000000000e+02 0.000000000000000000e+00 0.000000000000000000e+00 0.000000000000000000e+00 0.000000000000000000e+00 3.079738709334217905e-05
4.880000000000000000e+02 0.000000000000000000e+00 0.000000000000000000e+00 0.000000000000000000e+00 0.000000000000000000e+00 2.934510769154209924e-04
4.890000000000000000e+02 0.000000000000000000e+00 0.000000000000000000e+00 0.000000000000000000e+00 0.000000000000000000e+00 9.937592421782377608e-05
4.900000000000000000e+02 0.000000000000000000e+00 0.000000000000000000e+00 0.000000000000000000e+00 0.000000000000000000e+00 1.123530861787552397e-04
4.910000000000000000e+02 0.000000000000000000e+00 0.000000000000000000e+00 0.000000000000000000e+00 0.000000000000000000e+00 4.918824517183946547e-05
4.920000000000000000e+02 0.000000000000000000e+00 0.000000000000000000e+00 0.000000000000000000e+00 0.000000000000000000e+00 1.764321351608668135e-04
4.930000000000000000e+02 0.000000000000000000e+00 0.000000000000000000e+00 0.000000000000000000e+00 0.000000000000000000e+00 2.437553080391919322e-05
4.940000000000000000e+02 0.000000000000000000e+00 0.000000000000000000e+00 0.000000000000000000e+00 0.000000000000000000e+00 1.272288424091350524e-04
4.950000000000000000e+02 0.000000000000000000e+00 0.000000000000000000e+00 0.000000000000000000e+00 0.000000000000000000e+00 1.065303239199008828e-04
4.960000000000000000e+02 0.000000000000000000e+00 0.000000000000000000e+00 0.000000000000000000e+00 0.000000000000000000e+00 1.727259165698739646e-04
4.970000000000000000e+02 0.000000000000000000e+00 0.000000000000000000e+00 0.000000000000000000e+00 0.000000000000000000e+00 1.463291482387145718e-04
4.980000000000000000e+02 0.000000000000000000e+00 0.000000000000000000e+00 0.000000000000000000e+00 0.000000000000000000e+00 9.146324649650440270e-05
4.990000000000000000e+02 0.000000000000000000e+00 0.000000000000000000e+00 0.000000000000000000e+00 0.000000000000000000e+00 4.601086518746182972e-05
5.000000000000000000e+02 0.000000000000000000e+00 0.000000000000000000e+00 2.142670239460657798e-13 0.000000000000000000e+00 1.089842269854711349e-04
5.010000000000000000e+02 0.000000000000000000e+00 0.000000000000000000e+00 2.142670239460657798e-13 0.000000000000000000e+00 7.608707657729980433e-05
5.020000000000000000e+02 0.000000000000000000e+00 0.000000000000000000e+00 2.142670239460657798e-13 0.000000000000000000e+00 2.563405685329718151e-04
5.030000000000000000e+02 0.000000000000000000e+00 0.000000000000000000e+00 2.142670239460657798e-13 0.000000000000000000e+00 1.012873931471867971e-04
5.040000000000000000e+02 0.000000000000000000e+00 0.000000000000000000e+00 2.142670239460657798e-13 0.000000000000000000e+00 7.393850587602577098e-05
5.050000000000000000e+02 0.000000000000000000e+00 0.000000000000000000e+00 2.153827769725143551e-13 0.000000000000000000e+00 8.983413240745219755e-05
5.060000000000000000e+02 0.000000000000000000e+00 0.000000000000000000e+00 2.176142830254115057e-13 0.000000000000000000e+00 1.542047817972859696e-04
5.070000000000000000e+02 0.000000000000000000e+00 0.000000000000000000e+00 2.198457890783086311e-13 0.000000000000000000e+00 4.351156106628907485e-05
5.080000000000000000e+02 0.000000000000000000e+00 0.000000000000000000e+00 2.220772951312057817e-13 0.000000000000000000e+00 1.041808498476588075e-04
5.090000000000000000e+02 0.000000000000000000e+00 0.000000000000000000e+00 2.243088011841029323e-13 0.000000000000000000e+00 1.078297288936248469e-04
5.100000000000000000e+02 0.000000000000000000e+00 0.000000000000000000e+00 2.265403072370000829e-13 0.000000000000000000e+00 2.087739514553499604e-04
5.110000000000000000e+02 0.000000000000000000e+00 0.000000000000000000e+00 2.287718132898972335e-13 0.000000000000000000e+00 1.282036097850690836e-04
5.120000000000000000e+02 0.000000000000000000e+00 0.000000000000000000e+00 2.310033193427943841e-13 0.000000000000000000e+00 9.322129193391392652e-05
5.130000000000000000e+02 0.000000000000000000e+00 0.000000000000000000e+00 2.332348253956915347e-13 0.000000000000000000e+00 7.060468184042480936e-05
5.140000000000000000e+02 0.000000000000000000e+00 0.000000000000000000e+00 2.354663314485886853e-13 0.000000000000000000e+00 1.058558201964882370e-04
5.150000000000000000e+02 0.000000000000000000e+00 0.000000000000000000e+00 2.355813675273474611e-13 0.000000000000000000e+00 9.758218479077675786e-05
5.160000000000000000e+02 0.000000000000000000e+00 0.000000000000000000e+00 2.335799336319679126e-13 0.000000000000000000e+00 1.829973977633718375e-04
5.170000000000000000e+02 0.000000000000000000e+00 0.000000000000000000e+00 2.315784997365884145e-13 0.000000000000000000e+00 1.256366685014586584e-04
5.180000000000000000e+02 0.000000000000000000e+00 0.000000000000000000e+00 2.295770658412088660e-13 0.000000000000000000e+00 9.469616262469820220e-06
5.190000000000000000e+02 0.000000000000000000e+00 0.000000000000000000e+00 2.275756319458293174e-13 0.000000000000000000e+00 2.081812887377284876e-04
5.200000000000000000e+02 0.000000000000000000e+00 0.000000000000000000e+00 2.255741980504497941e-13 0.000000000000000000e+00 1.380020600101473482e-04
5.210000000000000000e+02 0.000000000000000000e+00 0.000000000000000000e+00 2.235727641550702456e-13 0.000000000000000000e+00 3.436930202619019881e-06
5.220000000000000000e+02 0.000000000000000000e+00 0.000000000000000000e+00 2.215713302596907223e-13 0.000000000000000000e+00 1.584308099188699664e-04
5.230000000000000000e+02 0.000000000000000000e+00 0.000000000000000000e+00 2.195698963643111737e-13 0.000000000000000000e+00 1.230666088139276745e-04
5.240000000000000000e+02 0.000000000000000000e+00 0.000000000000000000e+00 2.175684624689316504e-13 0.000000000000000000e+00 1.836985944924155974e-04
5.250000000000000000e+02 0.000000000000000000e+00 0.000000000000000000e+00 2.178232583893055138e-13 0.000000000000000000e+00 1.227260503086344864e-04
5.260000000000000000e+02 0.000000000000000000e+00 0.000000000000000000e+00 2.203342841254327890e-13 0.000000000000000000e+00 1.016127873935751346e-04
5.270000000000000000e+02 0.000000000000000000e+00 0.000000000000000000e+00 2.228453098615600894e-13 0.000000000000000000e+00 4.541400835269221128e-05
5.280000000000000000e+02 0.000000000000000000e+00 0.000000000000000000e+00 2.253563355976873646e-13 0.000000000000000000e+00 1.876514364947285416e-04
5.290000000000000000e+02 0.000000000000000000e+00 0.000000000000000000e+00 2.278673613338146399e-13 0.000000000000000000e+00 4.410125876878597738e-05
5.300000000000000000e+02 0.000000000000000000e+00 0.000000000000000000e+00 2.303783870699419151e-13 0.000000000000000000e+00 1.656036483083025024e-04
5.310000000000000000e+02 0.000000000000000000e+00 0.000000000000000000e+00 2.328894128060691903e-13 0.000000000000000000e+00 8.183410173028951909e-05
5.320000000000000000e+02 0.000000000000000000e+00 0.000000000000000000e+00 2.354004385421965160e-13 0.000000000000000000e+00 1.633323342154148114e-04
5.330000000000000000e+02 0.000000000000000000e+00 0.000000000000000000e+00 2.379114642783237912e-13 0.000000000000000000e+00 1.743663586189110604e-04
5.340000000000000000e+02 0.000000000000000000e+00 0.000000000000000000e+00 2.404224900144510664e-13 0.000000000000000000e+00 6.473608416015081107e-05
5.350000000000000000e+02 0.000000000000000000e+00 0.000000000000000000e+00 2.404568689459319222e-13 0.000000000000000000e+00 9.612031433325097802e-05
5.360000000000000000e+02 0.000000000000000000e+00 0.000000000000000000e+00 2.380146010727664090e-13 0.000000000000000000e+00 7.273694807918093411e-05
5.370000000000000000e+02 0.000000000000000000e+00 0.000000000000000000e+00 2.355723331996008454e-13 0.000000000000000000e+00 1.296690567869148597e-04
5.380000000000000000e+02 0.000000000000000000e+00 0.000000000000000000e+00 2.331300653264353322e-13 0.000000000000000000e+00 1.861711148492412862e-04
5.390000000000000000e+02 0.000000000000000000e+00 0.000000000000000000e+00 2.306877974532697685e-13 0.000000000000000000e+00 1.479605796473256482e-04
5.400000000000000000e+02 0.000000000000000000e+00 0.000000000000000000e+00 2.282455295801042049e-13 0.000000000000000000e+00 6.081174897693679030e-05
5.410000000000000000e+02 0.000000000000000000e+00 0.000000000000000000e+00 2.258032617069386917e-13 0.000000000000000000e+00 1.743428341355028762e-04
5.420000000000000000e+02 0.000000000000000000e+00 0.000000000000000000e+00 2.233609938337731533e-13 0.000000000000000000e+00 1.228408984905844604e-04
5.430000000000000000e+02 0.000000000000000000e+00 0.000000000000000000e+00 2.209187259606076149e-13 0.000000000000000000e+00 1.995838806784765659e-05
5.440000000000000000e+02 0.000000000000000000e+00 0.000000000000000000e+00 2.184764580874420765e-13 0.000000000000000000e+00 1.344801561202373162e-04
5.450000000000000000e+02 0.000000000000000000e+00 0.000000000000000000e+00 2.188435261063512619e-13 0.000000000000000000e+00 1.148223712212630994e-04
5.460000000000000000e+02 0.000000000000000000e+00 0.000000000000000000e+00 2.220199300173352217e-13 0.000000000000000000e+00 2.213890510158283932e-04
5.470000000000000000e+02 0.000000000000000000e+00 0.000000000000000000e+00 2.251963339283191816e-13 0.000000000000000000e+00 1.226034461285762116e-04
5.480000000000000000e+02 0.000000000000000000e+00 0.000000000000000000e+00 2.283727378393031666e-13 0.000000000000000000e+00 9.218211422860204723e-05
5.490000000000000000e+02 0.000000000000000000e+00 0.000000000000000000e+00 2.315491417502871012e-13 0.000000000000000000e+00 5.478936112948079118e-05
5.500000000000000000e+02 0.000000000000000000e+00 0.000000000000000000e+00 2.347255456612710862e-13 0.000000000000000000e+00 1.463939616103962157e-04
5.510000000000000000e+02 0.000000000000000000e+00 0.000000000000000000e+00 2.379019495722550208e-13 0.000000000000000000e+00 7.738953108706423279e-05
5.520000000000000000e+02 0.000000000000000000e+00 0.000000000000000000e+00 2.410783534832389553e-13 0.000000000000000000e+00 2.545251896517735269e-04
5.530000000000000000e+02 0.000000000000000000e+00 0.000000000000000000e+00 2.442547573942229404e-13 0.000000000000000000e+00 7.196736429201694603e-05
5.540000000000000000e+02 0.000000000000000000e+00 0.000000000000000000e+00 2.474311613052068749e-13 0.000000000000000000e+00 1.007378148233017078e-04
5.550000000000000000e+02 0.000000000000000000e+00 0.000000000000000000e+00 2.488943064670242174e-13 0.000000000000000000e+00 1.556697449827558672e-04
5.560000000000000000e+02 0.000000000000000000e+00 0.000000000000000000e+00 2.486441928796749173e-13 0.000000000000000000e+00 9.721716799028017563e-05
5.570000000000000000e+02 0.000000000000000000e+00 0.000000000000000000e+00 2.483940792923256171e-13 0.000000000000000000e+00 5.467502913636758161e-05
5.580000000000000000e+02 0.000000000000000000e+00 0.000000000000000000e+00 2.481439657049763170e-13 0.000000000000000000e+00 1.060158079323155259e-04
5.590000000000000000e+02 0.000000000000000000e+00 0.000000000000000000e+00 2.478938521176270169e-13 0.000000000000000000e+00 2.169202643732093358e-04
5.600000000000000000e+02 0.000000000000000000e+00 0.000000000000000000e+00 2.476437385302777167e-13 0.000000000000000000e+00 1.473847762642418752e-04
5.610000000000000000e+02 0.000000000000000000e+00 0.000000000000000000e+00 2.473936249429284166e-13 0.000000000000000000e+00 1.400243437684928519e-04
5.620000000000000000e+02 0.000000000000000000e+00 0.000000000000000000e+00 2.471435113555791165e-13 0.000000000000000000e+00 5.594088125969144475e-05
5.630000000000000000e+02 0.000000000000000000e+00 0.000000000000000000e+00 2.468933977682298163e-13 0.000000000000000000e+00 1.049604321365445907e-04
5.640000000000000000e+02 0.000000000000000000e+00 0.000000000000000000e+00 2.466432841808805162e-13 0.000000000000000000e+00 1.602845886749170118e-04
5.650000000000000000e+02 0.000000000000000000e+00 0.000000000000000000e+00 2.455362173036671967e-13 0.000000000000000000e+00 4.184904422816382741e-05
5.660000000000000000e+02 0.000000000000000000e+00 0.000000000000000000e+00 2.435721971365898578e-13 0.000000000000000000e+00 2.712641774528104315e-04
5.670000000000000000e+02 0.000000000000000000e+00 0.000000000000000000e+00 2.416081769695125695e-13 0.000000000000000000e+00 6.078089983793486813e-05
5.680000000000000000e+02 0.000000000000000000e+00 0.000000000000000000e+00 2.396441568024352306e-13 0.000000000000000000e+00 8.416124380553966357e-05
5.690000000000000000e+02 0.000000000000000000e+00 0.000000000000000000e+00 2.376801366353578917e-13 0.000000000000000000e+00 1.945182788209234316e-04
5.700000000000000000e+02 0.000000000000000000e+00 0.000000000000000000e+00 2.357161164682805529e-13 0.000000000000000000e+00 1.028602717092501388e-04
5.710000000000000000e+02 0.000000000000000000e+00 0.000000000000000000e+00 2.337520963012032645e-13 0.000000000000000000e+00 6.554111213232457242e-05
5.720000000000000000e+02 0.000000000000000000e+00 0.000000000000000000e+00 2.317880761341259256e-13 0.000000000000000000e+00 1.098588138408249901e-04
5.730000000000000000e+02 0.000000000000000000e+00 0.000000000000000000e+00 2.298240559670485868e-13 0.000000000000000000e+00 2.090029832014549734e-04
5.740000000000000000e+02 0.000000000000000000e+00 0.000000000000000000e+00 2.278600357999712479e-13 0.000000000000000000e+00 1.311912014565237564e-04
5.750000000000000000e+02 0.000000000000000000e+00 0.000000000000000000e+00 2.287091569622168048e-13 0.000000000000000000e+00 1.044786474793616012e-04
5.760000000000000000e+02 0.000000000000000000e+00 0.000000000000000000e+00 2.323714194537852576e-13 0.000000000000000000e+00 1.004545725964394039e-04
5.770000000000000000e+02 0.000000000000000000e+00 0.000000000000000000e+00 2.360336819453537103e-13 0.000000000000000000e+00 1.352534466527920099e-04
5.780000000000000000e+02 0.000000000000000000e+00 0.000000000000000000e+00 2.396959444369221125e-13 0.000000000000000000e+00 1.143325901205440536e-04
5.790000000000000000e+02 0.000000000000000000e+00 0.000000000000000000e+00 2.433582069284905652e-13 0.000000000000000000e+00 5.602306714966491324e-05
5.800000000000000000e+02 0.000000000000000000e+00 0.000000000000000000e+00 2.470204694200590179e-13 0.000000000000000000e+00 1.934202709685872506e-04
5.810000000000000000e+02 0.000000000000000000e+00 0.000000000000000000e+00 2.506827319116274202e-13 0.000000000000000000e+00 1.571092165272587452e-04
5.820000000000000000e+02 0.000000000000000000e+00 0.000000000000000000e+00 2.543449944031958729e-13 0.000000000000000000e+00 1.690211422532312960e-04
5.830000000000000000e+02 0.000000000000000000e+00 0.000000000000000000e+00 2.580072568947643256e-13 0.000000000000000000e+00 1.221251804033998743e-04
5.840000000000000000e+02 0.000000000000000000e+00 0.000000000000000000e+00 2.616695193863327278e-13 0.000000000000000000e+00 5.592290418388321308e-05
5.850000000000000000e+02 0.000000000000000000e+00 0.000000000000000000e+00 2.628451816379855534e-13 0.000000000000000000e+00 1.069209121326740648e-04
5.860000000000000000e+02 0.000000000000000000e+00 0.000000000000000000e+00 2.615342436497227518e-13 0.000000000000000000e+00 1.117712037927454398e-04
5.870000000000000000e+02 0.000000000000000000e+00 0.000000000000000000e+00 2.602233056614598997e-13 0.000000000000000000e+00 1.909170053674530388e-04
5.880000000000000000e+02 0.000000000000000000e+00 0.000000000000000000e+00 2.589123676731970981e-13 0.000000000000000000e+00 1.556363479989856244e-04
5.890000000000000000e+02 0.000000000000000000e+00 0.000000000000000000e+00 2.576014296849342965e-13 0.000000000000000000e+00 9.998430191320870433e-05
5.900000000000000000e+02 0.000000000000000000e+00 0.000000000000000000e+00 2.562904916966714444e-13 0.000000000000000000e+00 1.054356571701428033e-04
5.910000000000000000e+02 0.000000000000000000e+00 0.000000000000000000e+00 2.549795537084086428e-13 0.000000000000000000e+00 1.408471560208958439e-04
5.920000000000000000e+02 0.000000000000000000e+00 0.000000000000000000e+00 2.536686157201458412e-13 0.000000000000000000e+00 1.476078462838720663e-04
5.930000000000000000e+02 0.000000000000000000e+00 0.000000000000000000e+00 2.523576777318829891e-13 0.000000000000000000e+00 7.376180069297261353e-06
5.940000000000000000e+02 0.000000000000000000e+00 0.000000000000000000e+00 2.510467397436201875e-13 0.000000000000000000e+00 1.837727189225670822e-04
5.950000000000000000e+02 0.000000000000000000e+00 0.000000000000000000e+00 2.509764236067343297e-13 0.000000000000000000e+00 2.488872561521651705e-04
5.960000000000000000e+02 0.000000000000000000e+00 0.000000000000000000e+00 2.521467293212254661e-13 0.000000000000000000e+00 7.104310789724261753e-05
5.970000000000000000e+02 0.000000000000000000e+00 0.000000000000000000e+00 2.533170350357165521e-13 0.000000000000000000e+00 1.118665059552598689e-04
5.980000000000000000e+02 0.000000000000000000e+00 0.000000000000000000e+00 2.544873407502076886e-13 0.000000000000000000e+00 1.009718078882650139e-04
5.990000000000000000e+02 0.000000000000000000e+00 0.000000000000000000e+00 2.556576464646988250e-13 0.000000000000000000e+00 1.243765747153482179e-04
6.000000000000000000e+02 0.000000000000000000e+00 0.000000000000000000e+00 2.568279521791899110e-13 0.000000000000000000e+00 1.373838502801478405e-04
6.010000000000000000e+02 0.000000000000000000e+00 0.000000000000000000e+00 2.579982578936810475e-13 0.000000000000000000e+00 1.322746528383513724e-04
6.020000000000000000e+02 0.000000000000000000e+00 0.000000000000000000e+00 2.591685636081721839e-13 0.000000000000000000e+00 1.950159147788549764e-04
6.030000000000000000e+02 0.000000000000000000e+00 0.000000000000000000e+00 2.603388693226632699e-13 0.000000000000000000e+00 5.568987750080484935e-05
6.040000000000000000e+02 0.000000000000000000e+00 0.000000000000000000e+00 2.615091750371544063e-13 0.000000000000000000e+00 2.069688540360872667e-04
6.050000000000000000e+02 0.000000000000000000e+00 0.000000000000000000e+00 2.618299810933215668e-13 0.000000000000000000e+00 1.170055219132796250e-04
6.060000000000000000e+02 0.000000000000000000e+00 0.000000000000000000e+00 2.613012874911648522e-13 0.000000000000000000e+00 6.054743544167571969e-05
6.070000000000000000e+02 0.000000000000000000e+00 0.000000000000000000e+00 2.607725938890081375e-13 0.000000000000000000e+00 9.349329342342852010e-05
6.080000000000000000e+02 0.000000000000000000e+00 0.000000000000000000e+00 2.602439002868513724e-13 0.000000000000000000e+00 1.938025777683938635e-04
6.090000000000000000e+02 0.000000000000000000e+00 0.000000000000000000e+00 2.597152066846946578e-13 0.000000000000000000e+00 1.284595527263529796e-04
6.100000000000000000e+02 0.000000000000000000e+00 0.000000000000000000e+00 2.591865130825378927e-13 0.000000000000000000e+00 1.376770703254373985e-04
6.110000000000000000e+02 0.000000000000000000e+00 0.000000000000000000e+00 2.586578194803811781e-13 0.000000000000000000e+00 1.404999768147652077e-04
6.120000000000000000e+02 0.000000000000000000e+00 0.000000000000000000e+00 2.581291258782244130e-13 0.000000000000000000e+00 6.561244044951974636e-05
6.130000000000000000e+02 0.000000000000000000e+00 0.000000000000000000e+00 2.576004322760676984e-13 0.000000000000000000e+00 1.455753855101871695e-04
6.140000000000000000e+02 0.000000000000000000e+00 0.000000000000000000e+00 2.570717386739109838e-13 0.000000000000000000e+00 1.434269049324433162e-04
6.150000000000000000e+02 0.000000000000000000e+00 0.000000000000000000e+00 2.564501808045902875e-13 0.000000000000000000e+00 8.307726107209572252e-05
6.160000000000000000e+02 0.000000000000000000e+00 0.000000000000000000e+00 2.557357586681056601e-13 0.000000000000000000e+00 1.944480507522507965e-04
6.170000000000000000e+02 0.000000000000000000e+00 0.000000000000000000e+00 2.550213365316210326e-13 0.000000000000000000e+00 1.615989287457279681e-04
6.180000000000000000e+02 0.000000000000000000e+00 0.000000000000000000e+00 2.543069143951364557e-13 0.000000000000000000e+00 1.351876221665410159e-04
6.190000000000000000e+02 0.000000000000000000e+00 0.000000000000000000e+00 2.535924922586518282e-13 0.000000000000000000e+00 8.132972724043817825e-05
6.200000000000000000e+02 0.000000000000000000e+00 0.000000000000000000e+00 2.528780701221672008e-13 0.000000000000000000e+00 1.154972565845471973e-04
6.210000000000000000e+02 0.000000000000000000e+00 0.000000000000000000e+00 2.521636479856825734e-13 0.000000000000000000e+00 7.048678944010191476e-05
6.220000000000000000e+02 0.000000000000000000e+00 0.000000000000000000e+00 2.514492258491979964e-13 0.000000000000000000e+00 2.292229271639605243e-04
6.230000000000000000e+02 0.000000000000000000e+00 0.000000000000000000e+00 2.507348037127133690e-13 0.000000000000000000e+00 1.131593765291991012e-04
6.240000000000000000e+02 0.000000000000000000e+00 0.000000000000000000e+00 2.500203815762287415e-13 0.000000000000000000e+00 1.932211811373929391e-04
6.250000000000000000e+02 0.000000000000000000e+00 0.000000000000000000e+00 2.509614869238110202e-13 0.000000000000000000e+00 5.517103123537372777e-05
6.260000000000000000e+02 0.000000000000000000e+00 0.000000000000000000e+00 2.535581197554602050e-13 0.000000000000000000e+00 2.072123231066923016e-04
6.270000000000000000e+02 0.000000000000000000e+00 0.000000000000000000e+00 2.561547525871093392e-13 0.000000000000000000e+00 4.168343396048005941e-05
6.280000000000000000e+02 0.000000000000000000e+00 0.000000000000000000e+00 2.587513854187585240e-13 0.000000000000000000e+00 1.339812096696757764e-04
6.290000000000000000e+02 0.000000000000000000e+00 0.000000000000000000e+00 2.613480182504077087e-13 0.000000000000000000e+00 6.679680804610947762e-05
6.300000000000000000e+02 0.000000000000000000e+00 0.000000000000000000e+00 2.639446510820568430e-13 0.000000000000000000e+00 2.274046325398624278e-04
6.310000000000000000e+02 0.000000000000000000e+00 0.000000000000000000e+00 2.665412839137060277e-13 0.000000000000000000e+00 1.760569620992683730e-04
6.320000000000000000e+02 0.000000000000000000e+00 0.000000000000000000e+00 2.691379167453552125e-13 0.000000000000000000e+00 1.096946679158649333e-04
6.330000000000000000e+02 0.000000000000000000e+00 0.000000000000000000e+00 2.717345495770043468e-13 0.000000000000000000e+00 1.462197466980506171e-04
6.340000000000000000e+02 0.000000000000000000e+00 0.000000000000000000e+00 2.743311824086535315e-13 0.000000000000000000e+00 5.297156000141418257e-05
6.350000000000000000e+02 0.000000000000000000e+00 0.000000000000000000e+00 2.756235020383077207e-13 0.000000000000000000e+00 1.164213415131838236e-04
6.360000000000000000e+02 0.000000000000000000e+00 0.000000000000000000e+00 2.756115084659669142e-13 0.000000000000000000e+00 1.959665000614922150e-04
6.370000000000000000e+02 0.000000000000000000e+00 0.000000000000000000e+00 2.755995148936261077e-13 0.000000000000000000e+00 1.186215130650667110e-04
6.380000000000000000e+02 0.000000000000000000e+00 0.000000000000000000e+00 2.755875213212853013e-13 0.000000000000000000e+00 1.527848335000575131e-04
6.390000000000000000e+02 0.000000000000000000e+00 0.000000000000000000e+00 2.755755277489444948e-13 0.000000000000000000e+00 8.725386211225483462e-05
6.400000000000000000e+02 0.000000000000000000e+00 0.000000000000000000e+00 2.755635341766036884e-13 0.000000000000000000e+00 1.857456148797135696e-04
6.410000000000000000e+02 0.000000000000000000e+00 0.000000000000000000e+00 2.755515406042628819e-13 0.000000000000000000e+00 1.319898769695586034e-04
6.420000000000000000e+02 0.000000000000000000e+00 0.000000000000000000e+00 2.755395470319220754e-13 0.000000000000000000e+00 7.131555012438142347e-05
6.430000000000000000e+02 0.000000000000000000e+00 0.000000000000000000e+00 2.755275534595812690e-13 0.000000000000000000e+00 6.105469696364661497e-05
6.440000000000000000e+02 0.000000000000000000e+00 0.000000000000000000e+00 2.755155598872404625e-13 0.000000000000000000e+00 2.937381419564911978e-04
6.450000000000000000e+02 0.000000000000000000e+00 0.000000000000000000e+00 2.759626085455755987e-13 0.000000000000000000e+00 1.536743780305618162e-04
6.460000000000000000e+02 0.000000000000000000e+00 0.000000000000000000e+00 2.768686994345866775e-13 0.000000000000000000e+00 9.429927746131635971e-05
6.470000000000000000e+02 0.000000000000000000e+00 0.000000000000000000e+00 2.777747903235978067e-13 0.000000000000000000e+00 8.302220113583650752e-05
6.480000000000000000e+02 0.000000000000000000e+00 0.000000000000000000e+00 2.786808812126088855e-13 0.000000000000000000e+00 1.419051650471611094e-04
6.490000000000000000e+02 0.000000000000000000e+00 0.000000000000000000e+00 2.795869721016199643e-13 0.000000000000000000e+00 1.157801168718679161e-04
6.500000000000000000e+02 0.000000000000000000e+00 0.000000000000000000e+00 2.804930629906310935e-13 0.000000000000000000e+00 1.384826595730923439e-04
6.510000000000000000e+02 0.000000000000000000e+00 0.000000000000000000e+00 2.813991538796421723e-13 0.000000000000000000e+00 1.586885393509452626e-04
6.520000000000000000e+02 0.000000000000000000e+00 0.000000000000000000e+00 2.823052447686532511e-13 0.000000000000000000e+00 1.572262787850480816e-04
6.530000000000000000e+02 0.000000000000000000e+00 0.000000000000000000e+00 2.832113356576643804e-13 0.000000000000000000e+00 1.447394707459804836e-04
6.540000000000000000e+02 0.000000000000000000e+00 0.000000000000000000e+00 2.841174265466754591e-13 0.000000000000000000e+00 1.156267370101681121e-04
6.550000000000000000e+02 0.000000000000000000e+00 0.000000000000000000e+00 2.837207294932486126e-13 0.000000000000000000e+00 1.391099365330704136e-04
6.560000000000000000e+02 0.000000000000000000e+00 0.000000000000000000e+00 2.820212444973838408e-13 0.000000000000000000e+00 7.730450040103600058e-05
6.570000000000000000e+02 0.000000000000000000e+00 0.000000000000000000e+00 2.803217595015190184e-13 0.000000000000000000e+00 8.569445465592393548e-05
6.580000000000000000e+02 0.000000000000000000e+00 0.000000000000000000e+00 2.786222745056542466e-13 0.000000000000000000e+00 2.450469021779524731e-04
6.590000000000000000e+02 0.000000000000000000e+00 0.000000000000000000e+00 2.769227895097894747e-13 0.000000000000000000e+00 1.619169228134622143e-04
6.600000000000000000e+02 0.000000000000000000e+00 0.000000000000000000e+00 2.752233045139246524e-13 0.000000000000000000e+00 1.117622499832217228e-04
6.610000000000000000e+02 0.000000000000000000e+00 0.000000000000000000e+00 2.735238195180598805e-13 0.000000000000000000e+00 1.118556958945995597e-04
6.620000000000000000e+02 0.000000000000000000e+00 0.000000000000000000e+00 2.718243345221951087e-13 0.000000000000000000e+00 1.642783192678897559e-04
6.630000000000000000e+02 0.000000000000000000e+00 0.000000000000000000e+00 2.701248495263302863e-13 0.000000000000000000e+00 8.755527485371782678e-05
6.640000000000000000e+02 0.000000000000000000e+00 0.000000000000000000e+00 2.684253645304655145e-13 0.000000000000000000e+00 1.082627251066471989e-04
6.650000000000000000e+02 0.000000000000000000e+00 0.000000000000000000e+00 2.674393911581274681e-13 0.000000000000000000e+00 1.737568331676111642e-04
6.660000000000000000e+02 0.000000000000000000e+00 0.000000000000000000e+00 2.671669294093160967e-13 0.000000000000000000e+00 1.983561583081933327e-04
6.670000000000000000e+02 0.000000000000000000e+00 0.000000000000000000e+00 2.668944676605047253e-13 0.000000000000000000e+00 1.430488058443898371e-04
6.680000000000000000e+02 0.000000000000000000e+00 0.000000000000000000e+00 2.666220059116933540e-13 0.000000000000000000e+00 7.094481434609206888e-05
6.690000000000000000e+02 0.000000000000000000e+00 0.000000000000000000e+00 2.663495441628819826e-13 0.000000000000000000e+00 1.290451613362144842e-04
6.700000000000000000e+02 0.000000000000000000e+00 0.000000000000000000e+00 2.660770824140706112e-13 0.000000000000000000e+00 5.947906534376198791e-05
6.710000000000000000e+02 0.000000000000000000e+00 0.000000000000000000e+00 2.658046206652592398e-13 0.000000000000000000e+00 2.026766995438995008e-04
6.720000000000000000e+02 0.000000000000000000e+00 0.000000000000000000e+00 2.655321589164478684e-13 0.000000000000000000e+00 2.153558352830257439e-04
6.730000000000000000e+02 0.000000000000000000e+00 0.000000000000000000e+00 2.652596971676364971e-13 0.000000000000000000e+00 6.356960431106061155e-05
6.740000000000000000e+02 0.000000000000000000e+00 0.000000000000000000e+00 2.649872354188251257e-13 0.000000000000000000e+00 1.909173290705343327e-04
6.750000000000000000e+02 0.000000000000000000e+00 0.000000000000000000e+00 2.665875719613920476e-13 0.000000000000000000e+00 1.278665607138858567e-04
6.760000000000000000e+02 0.000000000000000000e+00 0.000000000000000000e+00 2.700607067953372124e-13 0.000000000000000000e+00 1.145365564546736015e-04
6.770000000000000000e+02 0.000000000000000000e+00 0.000000000000000000e+00 2.735338416292823267e-13 0.000000000000000000e+00 1.393605249086323958e-04
6.780000000000000000e+02 0.000000000000000000e+00 0.000000000000000000e+00 2.770069764632274915e-13 0.000000000000000000e+00 6.631918008244095666e-05
6.790000000000000000e+02 0.000000000000000000e+00 0.000000000000000000e+00 2.804801112971726563e-13 0.000000000000000000e+00 1.332027966280223538e-04
6.800000000000000000e+02 0.000000000000000000e+00 0.000000000000000000e+00 2.839532461311177706e-13 0.000000000000000000e+00 2.742775413837858544e-04
6.810000000000000000e+02 0.000000000000000000e+00 0.000000000000000000e+00 2.874263809650629354e-13 0.000000000000000000e+00 1.043298691652052321e-04
6.820000000000000000e+02 0.000000000000000000e+00 0.000000000000000000e+00 2.908995157990081002e-13 0.000000000000000000e+00 1.432452406664717112e-04
6.830000000000000000e+02 0.000000000000000000e+00 0.000000000000000000e+00 2.943726506329532145e-13 0.000000000000000000e+00 6.526189793412197923e-05
6.840000000000000000e+02 0.000000000000000000e+00 0.000000000000000000e+00 2.978457854668983793e-13 0.000000000000000000e+00 1.644724866738339435e-04
6.850000000000000000e+02 0.000000000000000000e+00 0.000000000000000000e+00 2.982270851333273339e-13 0.000000000000000000e+00 1.095126891261207554e-04
6.860000000000000000e+02 0.000000000000000000e+00 0.000000000000000000e+00 2.955165496322401289e-13 0.000000000000000000e+00 1.926489275461648913e-04
6.870000000000000000e+02 0.000000000000000000e+00 0.000000000000000000e+00 2.928060141311529239e-13 0.000000000000000000e+00 1.077415301122112729e-04
6.880000000000000000e+02 0.000000000000000000e+00 0.000000000000000000e+00 2.900954786300657188e-13 0.000000000000000000e+00 1.198772437441623364e-04
6.890000000000000000e+02 0.000000000000000000e+00 0.000000000000000000e+00 2.873849431289785138e-13 0.000000000000000000e+00 1.803789961427006345e-04
6.900000000000000000e+02 0.000000000000000000e+00 0.000000000000000000e+00 2.846744076278913088e-13 0.000000000000000000e+00 1.125334489404487690e-04
6.910000000000000000e+02 0.000000000000000000e+00 0.000000000000000000e+00 2.819638721268041038e-13 0.000000000000000000e+00 1.428488945220825711e-04
6.920000000000000000e+02 0.000000000000000000e+00 0.000000000000000000e+00 2.792533366257168987e-13 0.000000000000000000e+00 6.053081835971206598e-05
6.930000000000000000e+02 0.000000000000000000e+00 0.000000000000000000e+00 2.765428011246296937e-13 0.000000000000000000e+00 1.834101936825652192e-04
6.940000000000000000e+02 0.000000000000000000e+00 0.000000000000000000e+00 2.738322656235424887e-13 0.000000000000000000e+00 2.237808704068265588e-04
6.950000000000000000e+02 0.000000000000000000e+00 0.000000000000000000e+00 2.734864713329523027e-13 0.000000000000000000e+00 1.125969325874906344e-04
6.960000000000000000e+02 0.000000000000000000e+00 0.000000000000000000e+00 2.755054182528591863e-13 0.000000000000000000e+00 1.608875946674183008e-04
6.970000000000000000e+02 0.000000000000000000e+00 0.000000000000000000e+00 2.775243651727660700e-13 0.000000000000000000e+00 5.104756528933720506e-05
6.980000000000000000e+02 0.000000000000000000e+00 0.000000000000000000e+00 2.795433120926729536e-13 0.000000000000000000e+00 1.372585444052318792e-04
6.990000000000000000e+02 0.000000000000000000e+00 0.000000000000000000e+00 2.815622590125798372e-13 0.000000000000000000e+00 1.299881721456816778e-04
7.000000000000000000e+02 0.000000000000000000e+00 0.000000000000000000e+00 2.835812059324866703e-13 0.000000000000000000e+00 2.139579635048295214e-04
7.010000000000000000e+02 0.000000000000000000e+00 0.000000000000000000e+00 2.856001528523935539e-13 0.000000000000000000e+00 7.163358781032341598e-05
7.020000000000000000e+02 0.000000000000000000e+00 0.000000000000000000e+00 2.876190997723004375e-13 0.000000000000000000e+00 2.430657232688760697e-04
7.030000000000000000e+02 0.000000000000000000e+00 0.000000000000000000e+00 2.896380466922073211e-13 0.000000000000000000e+00 1.370735701368506879e-04
7.040000000000000000e+02 0.000000000000000000e+00 0.000000000000000000e+00 2.916569936121142047e-13 0.000000000000000000e+00 7.898565005598639252e-05
7.050000000000000000e+02 0.000000000000000000e+00 0.000000000000000000e+00 2.914277734636075127e-13 0.000000000000000000e+00 1.038662478778318651e-04
7.060000000000000000e+02 0.000000000000000000e+00 0.000000000000000000e+00 2.889503862466871946e-13 0.000000000000000000e+00 1.028815591840416473e-04
7.070000000000000000e+02 0.000000000000000000e+00 0.000000000000000000e+00 2.864729990297669270e-13 0.000000000000000000e+00 2.043311362559884858e-04
7.080000000000000000e+02 0.000000000000000000e+00 0.000000000000000000e+00 2.839956118128466594e-13 0.000000000000000000e+00 2.185556914785087806e-04
7.090000000000000000e+02 0.000000000000000000e+00 0.000000000000000000e+00 2.815182245959263413e-13 0.000000000000000000e+00 9.340084693398429565e-05
7.100000000000000000e+02 0.000000000000000000e+00 0.000000000000000000e+00 2.790408373790060737e-13 0.000000000000000000e+00 1.052467490209294020e-04
7.110000000000000000e+02 0.000000000000000000e+00 0.000000000000000000e+00 2.765634501620857556e-13 0.000000000000000000e+00 1.329220560002908021e-04
7.120000000000000000e+02 0.000000000000000000e+00 0.000000000000000000e+00 2.740860629451654879e-13 0.000000000000000000e+00 1.621270935947788741e-04
7.130000000000000000e+02 0.000000000000000000e+00 0.000000000000000000e+00 2.716086757282452203e-13 0.000000000000000000e+00 1.317183397133656888e-04
7.140000000000000000e+02 0.000000000000000000e+00 0.000000000000000000e+00 2.691312885113249022e-13 0.000000000000000000e+00 1.424805581456280547e-04
7.150000000000000000e+02 0.000000000000000000e+00 0.000000000000000000e+00 2.693973217365150638e-13 0.000000000000000000e+00 8.304551462964773637e-05
7.160000000000000000e+02 0.000000000000000000e+00 0.000000000000000000e+00 2.724067754038156545e-13 0.000000000000000000e+00 2.474564748228802436e-04
7.170000000000000000e+02 0.000000000000000000e+00 0.000000000000000000e+00 2.754162290711162452e-13 0.000000000000000000e+00 1.110474390066316073e-04
7.180000000000000000e+02 0.000000000000000000e+00 0.000000000000000000e+00 2.784256827384168359e-13 0.000000000000000000e+00 1.400606810379854299e-04
7.190000000000000000e+02 0.000000000000000000e+00 0.000000000000000000e+00 2.814351364057174266e-13 0.000000000000000000e+00 5.981425033437712247e-05
7.200000000000000000e+02 0.000000000000000000e+00 0.000000000000000000e+00 2.844445900730179668e-13 0.000000000000000000e+00 1.450889672409516704e-04
7.210000000000000000e+02 0.000000000000000000e+00 0.000000000000000000e+00 2.874540437403185575e-13 0.000000000000000000e+00 2.138446328671517584e-04
7.220000000000000000e+02 0.000000000000000000e+00 0.000000000000000000e+00 2.904634974076191482e-13 0.000000000000000000e+00 2.070381682610850430e-04
7.230000000000000000e+02 0.000000000000000000e+00 0.000000000000000000e+00 2.934729510749197389e-13 0.000000000000000000e+00 6.403713792097693648e-05
7.240000000000000000e+02 0.000000000000000000e+00 0.000000000000000000e+00 2.964824047422203296e-13 0.000000000000000000e+00 1.678168713326776346e-04
7.250000000000000000e+02 0.000000000000000000e+00 0.000000000000000000e+00 2.971429516924038296e-13 0.000000000000000000e+00 1.158981590995062820e-04
7.260000000000000000e+02 0.000000000000000000e+00 0.000000000000000000e+00 2.954545919254702387e-13 0.000000000000000000e+00 1.212560230564072397e-04
7.270000000000000000e+02 0.000000000000000000e+00 0.000000000000000000e+00 2.937662321585366478e-13 0.000000000000000000e+00 1.026509145715949039e-04
7.280000000000000000e+02 0.000000000000000000e+00 0.000000000000000000e+00 2.920778723916031073e-13 0.000000000000000000e+00 1.433675506339237226e-04
7.290000000000000000e+02 0.000000000000000000e+00 0.000000000000000000e+00 2.903895126246695165e-13 0.000000000000000000e+00 2.087394030158808351e-04
7.300000000000000000e+02 0.000000000000000000e+00 0.000000000000000000e+00 2.887011528577359256e-13 0.000000000000000000e+00 1.488099819678994815e-04
7.310000000000000000e+02 0.000000000000000000e+00 0.000000000000000000e+00 2.870127930908023347e-13 0.000000000000000000e+00 1.281456197216927458e-04
7.320000000000000000e+02 0.000000000000000000e+00 0.000000000000000000e+00 2.853244333238687942e-13 0.000000000000000000e+00 1.796269840438484997e-04
7.330000000000000000e+02 0.000000000000000000e+00 0.000000000000000000e+00 2.836360735569352034e-13 0.000000000000000000e+00 5.084940292007908338e-05
7.340000000000000000e+02 0.000000000000000000e+00 0.000000000000000000e+00 2.819477137900016125e-13 0.000000000000000000e+00 1.805632549032953969e-04
7.350000000000000000e+02 0.000000000000000000e+00 0.000000000000000000e+00 2.807398457410377536e-13 0.000000000000000000e+00 1.105721406640758304e-04
7.360000000000000000e+02 0.000000000000000000e+00 0.000000000000000000e+00 2.800124694100435764e-13 0.000000000000000000e+00 1.608065998957647824e-04
7.370000000000000000e+02 0.000000000000000000e+00 0.000000000000000000e+00 2.792850930790494497e-13 0.000000000000000000e+00 9.197994517638252222e-05
7.380000000000000000e+02 0.000000000000000000e+00 0.000000000000000000e+00 2.785577167480552725e-13 0.000000000000000000e+00 2.432439705067043810e-04
7.390000000000000000e+02 0.000000000000000000e+00 0.000000000000000000e+00 2.778303404170611458e-13 0.000000000000000000e+00 9.827033366089750141e-05
7.400000000000000000e+02 0.000000000000000000e+00 0.000000000000000000e+00 2.771029640860669686e-13 0.000000000000000000e+00 1.214005508338973578e-04
7.410000000000000000e+02 0.000000000000000000e+00 0.000000000000000000e+00 2.763755877550728419e-13 0.000000000000000000e+00 1.225565906747881173e-04
7.420000000000000000e+02 0.000000000000000000e+00 0.000000000000000000e+00 2.756482114240786646e-13 0.000000000000000000e+00 1.688035826837400199e-04
7.430000000000000000e+02 0.000000000000000000e+00 0.000000000000000000e+00 2.749208350930845379e-13 0.000000000000000000e+00 2.346290122733340209e-04
7.440000000000000000e+02 0.000000000000000000e+00 0.000000000000000000e+00 2.741934587620903607e-13 0.000000000000000000e+00 1.190406730357642040e-04
7.450000000000000000e+02 0.000000000000000000e+00 0.000000000000000000e+00 2.743561722655582090e-13 0.000000000000000000e+00 1.014114495855960690e-04
7.460000000000000000e+02 0.000000000000000000e+00 0.000000000000000000e+00 2.754089756034880324e-13 0.000000000000000000e+00 9.095025867977963826e-05
7.470000000000000000e+02 0.000000000000000000e+00 0.000000000000000000e+00 2.764617789414178052e-13 0.000000000000000000e+00 1.890391430250648857e-04
7.480000000000000000e+02 0.000000000000000000e+00 0.000000000000000000e+00 2.775145822793476286e-13 0.000000000000000000e+00 1.065237599630271698e-04
7.490000000000000000e+02 0.000000000000000000e+00 0.000000000000000000e+00 2.785673856172774519e-13 0.000000000000000000e+00 9.018119322444837329e-05
7.500000000000000000e+02 0.000000000000000000e+00 0.000000000000000000e+00 2.796201889552072753e-13 0.000000000000000000e+00 2.196529971146269538e-04
7.510000000000000000e+02 0.000000000000000000e+00 0.000000000000000000e+00 2.806729922931370986e-13 0.000000000000000000e+00 9.635282695459830625e-05
7.520000000000000000e+02 0.000000000000000000e+00 0.000000000000000000e+00 2.817257956310669220e-13 0.000000000000000000e+00 2.275775400551059886e-04
7.530000000000000000e+02 0.000000000000000000e+00 0.000000000000000000e+00 2.827785989689966948e-13 0.000000000000000000e+00 1.312896624433107463e-04
7.540000000000000000e+02 0.000000000000000000e+00 0.000000000000000000e+00 2.838314023069265182e-13 0.000000000000000000e+00 8.654717192551219412e-05
7.550000000000000000e+02 0.000000000000000000e+00 0.000000000000000000e+00 2.847901772893605701e-13 0.000000000000000000e+00 9.223307270523272653e-05
7.560000000000000000e+02 0.000000000000000000e+00 0.000000000000000000e+00 2.856549239162989010e-13 0.000000000000000000e+00 1.644449469985314856e-04
7.570000000000000000e+02 0.000000000000000000e+00 0.000000000000000000e+00 2.865196705432371815e-13 0.000000000000000000e+00 2.224964984186539297e-04
7.580000000000000000e+02 0.000000000000000000e+00 0.000000000000000000e+00 2.873844171701755125e-13 0.000000000000000000e+00 1.433609964477702262e-04
7.590000000000000000e+02 0.000000000000000000e+00 0.000000000000000000e+00 2.882491637971138434e-13 0.000000000000000000e+00 7.178530264073822620e-05
7.600000000000000000e+02 0.000000000000000000e+00 0.000000000000000000e+00 2.891139104240521239e-13 0.000000000000000000e+00 1.701448560638609150e-04
7.610000000000000000e+02 0.000000000000000000e+00 0.000000000000000000e+00 2.899786570509904548e-13 0.000000000000000000e+00 1.234894595851079900e-04
7.620000000000000000e+02 0.000000000000000000e+00 0.000000000000000000e+00 2.908434036779287858e-13 0.000000000000000000e+00 1.650289741158639874e-04
7.630000000000000000e+02 0.000000000000000000e+00 0.000000000000000000e+00 2.917081503048670662e-13 0.000000000000000000e+00 1.131305502472188109e-04
7.640000000000000000e+02 0.000000000000000000e+00 0.000000000000000000e+00 2.925728969318053972e-13 0.000000000000000000e+00 1.568373226937839690e-04
7.650000000000000000e+02 0.000000000000000000e+00 0.000000000000000000e+00 2.928026607726101940e-13 0.000000000000000000e+00 1.682740211238623659e-04
7.660000000000000000e+02 0.000000000000000000e+00 0.000000000000000000e+00 2.923974418272815576e-13 0.000000000000000000e+00 1.555643019781439236e-04
7.670000000000000000e+02 0.000000000000000000e+00 0.000000000000000000e+00 2.919922228819529212e-13 0.000000000000000000e+00 1.334261274904682078e-04
7.680000000000000000e+02 0.000000000000000000e+00 0.000000000000000000e+00 2.915870039366242848e-13 0.000000000000000000e+00 1.022639961200127621e-04
7.690000000000000000e+02 0.000000000000000000e+00 0.000000000000000000e+00 2.911817849912956484e-13 0.000000000000000000e+00 1.564495823574207152e-04
7.700000000000000000e+02 0.000000000000000000e+00 0.000000000000000000e+00 2.907765660459669615e-13 0.000000000000000000e+00 1.147946641345571624e-04
7.710000000000000000e+02 0.000000000000000000e+00 0.000000000000000000e+00 2.903713471006383251e-13 0.000000000000000000e+00 1.778782588988630619e-04
7.720000000000000000e+02 0.000000000000000000e+00 0.000000000000000000e+00 2.899661281553096887e-13 0.000000000000000000e+00 1.988191846694067552e-04
7.730000000000000000e+02 0.000000000000000000e+00 0.000000000000000000e+00 2.895609092099810523e-13 0.000000000000000000e+00 8.120189415591727415e-05
7.740000000000000000e+02 0.000000000000000000e+00 0.000000000000000000e+00 2.891556902646524160e-13 0.000000000000000000e+00 1.803905751908170129e-04
7.750000000000000000e+02 0.000000000000000000e+00 0.000000000000000000e+00 2.883024788617837769e-13 0.000000000000000000e+00 1.557667159134609183e-04
7.760000000000000000e+02 0.000000000000000000e+00 0.000000000000000000e+00 2.870012750013752360e-13 0.000000000000000000e+00 8.611518271212709652e-05
7.770000000000000000e+02 0.000000000000000000e+00 0.000000000000000000e+00 2.857000711409666952e-13 0.000000000000000000e+00 8.037780189005218280e-05
7.780000000000000000e+02 0.000000000000000000e+00 0.000000000000000000e+00 2.843988672805581039e-13 0.000000000000000000e+00 2.394481002927232249e-04
7.790000000000000000e+02 0.000000000000000000e+00 0.000000000000000000e+00 2.830976634201495631e-13 0.000000000000000000e+00 1.695762035459618007e-04
7.800000000000000000e+02 0.000000000000000000e+00 0.000000000000000000e+00 2.817964595597410222e-13 0.000000000000000000e+00 1.489022000416096521e-04
7.810000000000000000e+02 0.000000000000000000e+00 0.000000000000000000e+00 2.804952556993324814e-13 0.000000000000000000e+00 9.870652475313813207e-05
7.820000000000000000e+02 0.000000000000000000e+00 0.000000000000000000e+00 2.791940518389238901e-13 0.000000000000000000e+00 1.608689014464465602e-04
7.830000000000000000e+02 0.000000000000000000e+00 0.000000000000000000e+00 2.778928479785153493e-13 0.000000000000000000e+00 1.206871702242651493e-04
7.840000000000000000e+02 0.000000000000000000e+00 0.000000000000000000e+00 2.765916441181068085e-13 0.000000000000000000e+00 1.522798963328847422e-04
7.850000000000000000e+02 0.000000000000000000e+00 0.000000000000000000e+00 2.757276354239019985e-13 0.000000000000000000e+00 1.742884024413304323e-04
7.860000000000000000e+02 0.000000000000000000e+00 0.000000000000000000e+00 2.753008218959009195e-13 0.000000000000000000e+00 1.485032310803742614e-04
7.870000000000000000e+02 0.000000000000000000e+00 0.000000000000000000e+00 2.748740083678998405e-13 0.000000000000000000e+00 1.118095673153923493e-04
7.880000000000000000e+02 0.000000000000000000e+00 0.000000000000000000e+00 2.744471948398988120e-13 0.000000000000000000e+00 1.713303435509020832e-04
7.890000000000000000e+02 0.000000000000000000e+00 0.000000000000000000e+00 2.740203813118977330e-13 0.000000000000000000e+00 1.157943492476261901e-04
7.900000000000000000e+02 0.000000000000000000e+00 0.000000000000000000e+00 2.735935677838966540e-13 0.000000000000000000e+00 5.596798873072947295e-05
7.910000000000000000e+02 0.000000000000000000e+00 0.000000000000000000e+00 2.731667542558955750e-13 0.000000000000000000e+00 1.662317201087069049e-04
7.920000000000000000e+02 0.000000000000000000e+00 0.000000000000000000e+00 2.727399407278945465e-13 0.000000000000000000e+00 2.407692293791644509e-04
7.930000000000000000e+02 0.000000000000000000e+00 0.000000000000000000e+00 2.723131271998934675e-13 0.000000000000000000e+00 1.487170702710110756e-04
7.940000000000000000e+02 0.000000000000000000e+00 0.000000000000000000e+00 2.718863136718923885e-13 0.000000000000000000e+00 1.621967971370388080e-04
7.950000000000000000e+02 0.000000000000000000e+00 0.000000000000000000e+00 2.713565372135434132e-13 0.000000000000000000e+00 6.858448493400405067e-05
7.960000000000000000e+02 0.000000000000000000e+00 0.000000000000000000e+00 2.707237978248465418e-13 0.000000000000000000e+00 2.247138485054528043e-04
7.970000000000000000e+02 0.000000000000000000e+00 0.000000000000000000e+00 2.700910584361496704e-13 0.000000000000000000e+00 6.421022148300462213e-05
7.980000000000000000e+02 0.000000000000000000e+00 0.000000000000000000e+00 2.694583190474527990e-13 0.000000000000000000e+00 1.288963394993019153e-04
7.990000000000000000e+02 0.000000000000000000e+00 0.000000000000000000e+00 2.688255796587559276e-13 0.000000000000000000e+00 1.503388424792573058e-04
8.000000000000000000e+02 0.000000000000000000e+00 0.000000000000000000e+00 2.681928402700590057e-13 0.000000000000000000e+00 1.249169992471410129e-04
8.010000000000000000e+02 0.000000000000000000e+00 0.000000000000000000e+00 2.675601008813621343e-13 0.000000000000000000e+00 2.128418352727795082e-04
8.020000000000000000e+02 0.000000000000000000e+00 0.000000000000000000e+00 2.669273614926652628e-13 0.000000000000000000e+00 1.554422050743687212e-04
8.030000000000000000e+02 0.000000000000000000e+00 0.000000000000000000e+00 2.662946221039683914e-13 0.000000000000000000e+00 1.096833842742771258e-04
8.040000000000000000e+02 0.000000000000000000e+00 0.000000000000000000e+00 2.656618827152715200e-13 0.000000000000000000e+00 1.296707356166523057e-04
8.050000000000000000e+02 0.000000000000000000e+00 0.000000000000000000e+00 2.667487171270326791e-13 0.000000000000000000e+00 1.382950913692044691e-04
8.060000000000000000e+02 0.000000000000000000e+00 0.000000000000000000e+00 2.695551253392518688e-13 0.000000000000000000e+00 1.674930827388834296e-04
8.070000000000000000e+02 0.000000000000000000e+00 0.000000000000000000e+00 2.723615335514710585e-13 0.000000000000000000e+00 1.447108718396480714e-04
8.080000000000000000e+02 0.000000000000000000e+00 0.000000000000000000e+00 2.751679417636902987e-13 0.000000000000000000e+00 1.633163337077353473e-04
8.090000000000000000e+02 0.000000000000000000e+00 0.000000000000000000e+00 2.779743499759094884e-13 0.000000000000000000e+00 4.671567021246406792e-05
8.100000000000000000e+02 0.000000000000000000e+00 0.000000000000000000e+00 2.807807581881287285e-13 0.000000000000000000e+00 2.740125056463104856e-04
8.110000000000000000e+02 0.000000000000000000e+00 0.000000000000000000e+00 2.835871664003479182e-13 0.000000000000000000e+00 8.185878968772173649e-05
8.120000000000000000e+02 0.000000000000000000e+00 0.000000000000000000e+00 2.863935746125671584e-13 0.000000000000000000e+00 8.670660078131176343e-05
8.130000000000000000e+02 0.000000000000000000e+00 0.000000000000000000e+00 2.891999828247863481e-13 0.000000000000000000e+00 2.189255083216498231e-04
8.140000000000000000e+02 0.000000000000000000e+00 0.000000000000000000e+00 2.920063910370055378e-13 0.000000000000000000e+00 1.721545309734935994e-04
8.150000000000000000e+02 0.000000000000000000e+00 0.000000000000000000e+00 2.925191121371499261e-13 0.000000000000000000e+00 1.456534178371767332e-04
8.160000000000000000e+02 0.000000000000000000e+00 0.000000000000000000e+00 2.907381461252195131e-13 0.000000000000000000e+00 1.596945861800203145e-04
8.170000000000000000e+02 0.000000000000000000e+00 0.000000000000000000e+00 2.889571801132890496e-13 0.000000000000000000e+00 8.344569872329943229e-05
8.180000000000000000e+02 0.000000000000000000e+00 0.000000000000000000e+00 2.871762141013586366e-13 0.000000000000000000e+00 1.392937395133473104e-04
8.190000000000000000e+02 0.000000000000000000e+00 0.000000000000000000e+00 2.853952480894281731e-13 0.000000000000000000e+00 1.274212175046737349e-04
8.200000000000000000e+02 0.000000000000000000e+00 0.000000000000000000e+00 2.836142820774977601e-13 0.000000000000000000e+00 1.799666912896037848e-04
8.210000000000000000e+02 0.000000000000000000e+00 0.000000000000000000e+00 2.818333160655672967e-13 0.000000000000000000e+00 1.444084835300729185e-04
8.220000000000000000e+02 0.000000000000000000e+00 0.000000000000000000e+00 2.800523500536368837e-13 0.000000000000000000e+00 1.615418334420138258e-04
8.230000000000000000e+02 0.000000000000000000e+00 0.000000000000000000e+00 2.782713840417064202e-13 0.000000000000000000e+00 1.601921989087550814e-04
8.240000000000000000e+02 0.000000000000000000e+00 0.000000000000000000e+00 2.764904180297760072e-13 0.000000000000000000e+00 1.136076408597973026e-04
8.250000000000000000e+02 0.000000000000000000e+00 0.000000000000000000e+00 2.753849156721726141e-13 0.000000000000000000e+00 1.311580057565939119e-04
8.260000000000000000e+02 0.000000000000000000e+00 0.000000000000000000e+00 2.749548769688962913e-13 0.000000000000000000e+00 9.554531591518079586e-05
8.270000000000000000e+02 0.000000000000000000e+00 0.000000000000000000e+00 2.745248382656199685e-13 0.000000000000000000e+00 1.512223001988854541e-04
8.280000000000000000e+02 0.000000000000000000e+00 0.000000000000000000e+00 2.740947995623435953e-13 0.000000000000000000e+00 1.723024213113409490e-04
8.290000000000000000e+02 0.000000000000000000e+00 0.000000000000000000e+00 2.736647608590672725e-13 0.000000000000000000e+00 1.680623450773410961e-04
8.300000000000000000e+02 0.000000000000000000e+00 0.000000000000000000e+00 2.732347221557909497e-13 0.000000000000000000e+00 1.808023263301407335e-04
8.310000000000000000e+02 0.000000000000000000e+00 0.000000000000000000e+00 2.728046834525146270e-13 0.000000000000000000e+00 5.164100594593726035e-05
8.320000000000000000e+02 0.000000000000000000e+00 0.000000000000000000e+00 2.723746447492382537e-13 0.000000000000000000e+00 2.750702574887324103e-04
8.330000000000000000e+02 0.000000000000000000e+00 0.000000000000000000e+00 2.719446060459619309e-13 0.000000000000000000e+00 3.272069490646588498e-05
8.340000000000000000e+02 0.000000000000000000e+00 0.000000000000000000e+00 2.715145673426856082e-13 0.000000000000000000e+00 1.389118867382563619e-04
8.350000000000000000e+02 0.000000000000000000e+00 0.000000000000000000e+00 2.712490785818038828e-13 0.000000000000000000e+00 2.283129356513322018e-04
8.360000000000000000e+02 0.000000000000000000e+00 0.000000000000000000e+00 2.711481397633168054e-13 0.000000000000000000e+00 1.525291609550503025e-04
8.370000000000000000e+02 0.000000000000000000e+00 0.000000000000000000e+00 2.710472009448296775e-13 0.000000000000000000e+00 1.253899847450487169e-04
8.380000000000000000e+02 0.000000000000000000e+00 0.000000000000000000e+00 2.709462621263425496e-13 0.000000000000000000e+00 1.234528305196018450e-04
8.390000000000000000e+02 0.000000000000000000e+00 0.000000000000000000e+00 2.708453233078554721e-13 0.000000000000000000e+00 1.111899726761808870e-04
8.400000000000000000e+02 0.000000000000000000e+00 0.000000000000000000e+00 2.707443844893683442e-13 0.000000000000000000e+00 7.825812187119347060e-05
8.410000000000000000e+02 0.000000000000000000e+00 0.000000000000000000e+00 2.706434456708812668e-13 0.000000000000000000e+00 2.188394061677413367e-04
8.420000000000000000e+02 0.000000000000000000e+00 0.000000000000000000e+00 2.705425068523941389e-13 0.000000000000000000e+00 2.271339332950134788e-04
8.430000000000000000e+02 0.000000000000000000e+00 0.000000000000000000e+00 2.704415680339070110e-13 0.000000000000000000e+00 1.093172332237027985e-04
8.440000000000000000e+02 0.000000000000000000e+00 0.000000000000000000e+00 2.703406292154199335e-13 0.000000000000000000e+00 1.391573985300712446e-04
8.450000000000000000e+02 0.000000000000000000e+00 0.000000000000000000e+00 2.707027322361686836e-13 0.000000000000000000e+00 1.446372087083678669e-04
8.460000000000000000e+02 0.000000000000000000e+00 0.000000000000000000e+00 2.715278770961533116e-13 0.000000000000000000e+00 1.720270098126740546e-04
8.470000000000000000e+02 0.000000000000000000e+00 0.000000000000000000e+00 2.723530219561379396e-13 0.000000000000000000e+00 7.320906078128454298e-05
8.480000000000000000e+02 0.000000000000000000e+00 0.000000000000000000e+00 2.731781668161225676e-13 0.000000000000000000e+00 6.987792448642851379e-05
8.490000000000000000e+02 0.000000000000000000e+00 0.000000000000000000e+00 2.740033116761071956e-13 0.000000000000000000e+00 2.107643590825351398e-04
8.500000000000000000e+02 0.000000000000000000e+00 0.000000000000000000e+00 2.748284565360917731e-13 0.000000000000000000e+00 2.110067203798714425e-04
8.510000000000000000e+02 0.000000000000000000e+00 0.000000000000000000e+00 2.756536013960764011e-13 0.000000000000000000e+00 1.912659393978222047e-04
8.520000000000000000e+02 0.000000000000000000e+00 0.000000000000000000e+00 2.764787462560610291e-13 0.000000000000000000e+00 1.175578617370022440e-04
8.530000000000000000e+02 0.000000000000000000e+00 0.000000000000000000e+00 2.773038911160456571e-13 0.000000000000000000e+00 5.466412486681460515e-05
8.540000000000000000e+02 0.000000000000000000e+00 0.000000000000000000e+00 2.781290359760302851e-13 0.000000000000000000e+00 2.223712975361322771e-04
8.550000000000000000e+02 0.000000000000000000e+00 0.000000000000000000e+00 2.780391813567954356e-13 0.000000000000000000e+00 7.078791224558564257e-05
8.560000000000000000e+02 0.000000000000000000e+00 0.000000000000000000e+00 2.770343272583411086e-13 0.000000000000000000e+00 2.151443239615880368e-04
8.570000000000000000e+02 0.000000000000000000e+00 0.000000000000000000e+00 2.760294731598868320e-13 0.000000000000000000e+00 1.238442409162832764e-04
8.580000000000000000e+02 0.000000000000000000e+00 0.000000000000000000e+00 2.750246190614325050e-13 0.000000000000000000e+00 1.270967745676097492e-04
8.590000000000000000e+02 0.000000000000000000e+00 0.000000000000000000e+00 2.740197649629781779e-13 0.000000000000000000e+00 1.361367303502443655e-04
8.600000000000000000e+02 0.000000000000000000e+00 0.000000000000000000e+00 2.730149108645238509e-13 0.000000000000000000e+00 1.775651467727979067e-04
8.610000000000000000e+02 0.000000000000000000e+00 0.000000000000000000e+00 2.720100567660695238e-13 0.000000000000000000e+00 1.261521907231745660e-04
8.620000000000000000e+02 0.000000000000000000e+00 0.000000000000000000e+00 2.710052026676151968e-13 0.000000000000000000e+00 6.280994521806102209e-05
8.630000000000000000e+02 0.000000000000000000e+00 0.000000000000000000e+00 2.700003485691609202e-13 0.000000000000000000e+00 2.500658653221572432e-04
8.640000000000000000e+02 0.000000000000000000e+00 0.000000000000000000e+00 2.689954944707065932e-13 0.000000000000000000e+00 1.611380715230774331e-04
8.650000000000000000e+02 0.000000000000000000e+00 0.000000000000000000e+00 2.694559525951933232e-13 0.000000000000000000e+00 1.345223366712488329e-04
8.660000000000000000e+02 0.000000000000000000e+00 0.000000000000000000e+00 2.713817229426211101e-13 0.000000000000000000e+00 1.366652291442484776e-04
8.670000000000000000e+02 0.000000000000000000e+00 0.000000000000000000e+00 2.733074932900488971e-13 0.000000000000000000e+00 9.246133336357145608e-05
8.680000000000000000e+02 0.000000000000000000e+00 0.000000000000000000e+00 2.752332636374766840e-13 0.000000000000000000e+00 2.171332170038676166e-04
8.690000000000000000e+02 0.000000000000000000e+00 0.000000000000000000e+00 2.771590339849044710e-13 0.000000000000000000e+00 3.419899336157393324e-05
8.700000000000000000e+02 0.000000000000000000e+00 0.000000000000000000e+00 2.790848043323322074e-13 0.000000000000000000e+00 2.338062700051715453e-04
8.710000000000000000e+02 0.000000000000000000e+00 0.000000000000000000e+00 2.810105746797599944e-13 0.000000000000000000e+00 1.779934163723708687e-04
8.720000000000000000e+02 0.000000000000000000e+00 0.000000000000000000e+00 2.829363450271877813e-13 0.000000000000000000e+00 1.485196246929757662e-04
8.730000000000000000e+02 0.000000000000000000e+00 0.000000000000000000e+00 2.848621153746155683e-13 0.000000000000000000e+00 1.525313225644682393e-04
8.740000000000000000e+02 0.000000000000000000e+00 0.000000000000000000e+00 2.867878857220433552e-13 0.000000000000000000e+00 8.524639972416104162e-05
8.750000000000000000e+02 0.000000000000000000e+00 0.000000000000000000e+00 2.866018526307241118e-13 0.000000000000000000e+00 1.025938499294382696e-04
8.760000000000000000e+02 0.000000000000000000e+00 0.000000000000000000e+00 2.843040161006578379e-13 0.000000000000000000e+00 9.016780056144481923e-05
8.770000000000000000e+02 0.000000000000000000e+00 0.000000000000000000e+00 2.820061795705916145e-13 0.000000000000000000e+00 2.854636808059352960e-04
8.780000000000000000e+02 0.000000000000000000e+00 0.000000000000000000e+00 2.797083430405253406e-13 0.000000000000000000e+00 1.399901613483475987e-04
8.790000000000000000e+02 0.000000000000000000e+00 0.000000000000000000e+00 2.774105065104590667e-13 0.000000000000000000e+00 1.117603617980094803e-04
8.800000000000000000e+02 0.000000000000000000e+00 0.000000000000000000e+00 2.751126699803928433e-13 0.000000000000000000e+00 1.442501431841452142e-04
8.810000000000000000e+02 0.000000000000000000e+00 0.000000000000000000e+00 2.728148334503265694e-13 0.000000000000000000e+00 1.678713454040788662e-04
8.820000000000000000e+02 0.000000000000000000e+00 0.000000000000000000e+00 2.705169969202602955e-13 0.000000000000000000e+00 1.659960510503445219e-04
8.830000000000000000e+02 0.000000000000000000e+00 0.000000000000000000e+00 2.682191603901940216e-13 0.000000000000000000e+00 9.357811421428019547e-05
8.840000000000000000e+02 0.000000000000000000e+00 0.000000000000000000e+00 2.659213238601277982e-13 0.000000000000000000e+00 1.329728953866899223e-04
8.850000000000000000e+02 0.000000000000000000e+00 0.000000000000000000e+00 2.666420804932616145e-13 0.000000000000000000e+00 2.039142717289924153e-04
8.860000000000000000e+02 0.000000000000000000e+00 0.000000000000000000e+00 2.703814302895955210e-13 0.000000000000000000e+00 1.919309363752924765e-04
8.870000000000000000e+02 0.000000000000000000e+00 0.000000000000000000e+00 2.741207800859293771e-13 0.000000000000000000e+00 6.989468543015880345e-05
8.880000000000000000e+02 0.000000000000000000e+00 0.000000000000000000e+00 2.778601298822632836e-13 0.000000000000000000e+00 1.442680968482393299e-04
8.890000000000000000e+02 0.000000000000000000e+00 0.000000000000000000e+00 2.815994796785971902e-13 0.000000000000000000e+00 6.728096131458134342e-05
8.900000000000000000e+02 0.000000000000000000e+00 0.000000000000000000e+00 2.853388294749310967e-13 0.000000000000000000e+00 1.728225740720947315e-04
8.910000000000000000e+02 0.000000000000000000e+00 0.000000000000000000e+00 2.890781792712650033e-13 0.000000000000000000e+00 2.138059253753929207e-04
8.920000000000000000e+02 0.000000000000000000e+00 0.000000000000000000e+00 2.928175290675989098e-13 0.000000000000000000e+00 1.575294742766506157e-04
8.930000000000000000e+02 0.000000000000000000e+00 0.000000000000000000e+00 2.965568788639327659e-13 0.000000000000000000e+00 1.311606054653731619e-04
8.940000000000000000e+02 0.000000000000000000e+00 0.000000000000000000e+00 3.002962286602666724e-13 0.000000000000000000e+00 1.365853394185078068e-04
8.950000000000000000e+02 0.000000000000000000e+00 0.000000000000000000e+00 3.007158675073736734e-13 0.000000000000000000e+00 1.381968387981007368e-04
8.960000000000000000e+02 0.000000000000000000e+00 0.000000000000000000e+00 2.978157954052538698e-13 0.000000000000000000e+00 1.753061450423067157e-04
8.970000000000000000e+02 0.000000000000000000e+00 0.000000000000000000e+00 2.949157233031339653e-13 0.000000000000000000e+00 7.004295912514938349e-05
8.980000000000000000e+02 0.000000000000000000e+00 0.000000000000000000e+00 2.920156512010141617e-13 0.000000000000000000e+00 1.578401356530782546e-04
8.990000000000000000e+02 0.000000000000000000e+00 0.000000000000000000e+00 2.891155790988942572e-13 0.000000000000000000e+00 2.273297470332545016e-04
9.000000000000000000e+02 0.000000000000000000e+00 0.000000000000000000e+00 2.862155069967744536e-13 0.000000000000000000e+00 1.682198652045953564e-04
9.010000000000000000e+02 0.000000000000000000e+00 0.000000000000000000e+00 2.833154348946545490e-13 0.000000000000000000e+00 1.441205145707822742e-04
9.020000000000000000e+02 0.000000000000000000e+00 0.000000000000000000e+00 2.804153627925347454e-13 0.000000000000000000e+00 1.130172896964876973e-04
9.030000000000000000e+02 0.000000000000000000e+00 0.000000000000000000e+00 2.775152906904148409e-13 0.000000000000000000e+00 7.539927062288117460e-05
9.040000000000000000e+02 0.000000000000000000e+00 0.000000000000000000e+00 2.746152185882950373e-13 0.000000000000000000e+00 2.071373239875076992e-04
9.050000000000000000e+02 0.000000000000000000e+00 0.000000000000000000e+00 2.736814202638719512e-13 0.000000000000000000e+00 1.193578095334795061e-04
9.060000000000000000e+02 0.000000000000000000e+00 0.000000000000000000e+00 2.747138957171456835e-13 0.000000000000000000e+00 1.677179611043605196e-04
9.070000000000000000e+02 0.000000000000000000e+00 0.000000000000000000e+00 2.757463711704194663e-13 0.000000000000000000e+00 1.139321628323589173e-04
9.080000000000000000e+02 0.000000000000000000e+00 0.000000000000000000e+00 2.767788466236931987e-13 0.000000000000000000e+00 2.066154768970372409e-04
9.090000000000000000e+02 0.000000000000000000e+00 0.000000000000000000e+00 2.778113220769669310e-13 0.000000000000000000e+00 8.969629886225433764e-05
9.100000000000000000e+02 0.000000000000000000e+00 0.000000000000000000e+00 2.788437975302406633e-13 0.000000000000000000e+00 1.660717350862923219e-04
9.110000000000000000e+02 0.000000000000000000e+00 0.000000000000000000e+00 2.798762729835143956e-13 0.000000000000000000e+00 8.638951995574928940e-05
9.120000000000000000e+02 0.000000000000000000e+00 0.000000000000000000e+00 2.809087484367881280e-13 0.000000000000000000e+00 2.122428900842909859e-04
9.130000000000000000e+02 0.000000000000000000e+00 0.000000000000000000e+00 2.819412238900619108e-13 0.000000000000000000e+00 1.460225105939115444e-04
9.140000000000000000e+02 0.000000000000000000e+00 0.000000000000000000e+00 2.829736993433356431e-13 0.000000000000000000e+00 2.207662328707575691e-04
9.150000000000000000e+02 0.000000000000000000e+00 0.000000000000000000e+00 2.830191654628424214e-13 0.000000000000000000e+00 1.053197220657096185e-04
9.160000000000000000e+02 0.000000000000000000e+00 0.000000000000000000e+00 2.820776222485822458e-13 0.000000000000000000e+00 6.879263168580609478e-05
9.170000000000000000e+02 0.000000000000000000e+00 0.000000000000000000e+00 2.811360790343220198e-13 0.000000000000000000e+00 1.398107758414388144e-04
9.180000000000000000e+02 0.000000000000000000e+00 0.000000000000000000e+00 2.801945358200618442e-13 0.000000000000000000e+00 1.898021252068448478e-04
9.190000000000000000e+02 0.000000000000000000e+00 0.000000000000000000e+00 2.792529926058016686e-13 0.000000000000000000e+00 1.208950303721711278e-04
9.200000000000000000e+02 0.000000000000000000e+00 0.000000000000000000e+00 2.783114493915414425e-13 0.000000000000000000e+00 1.731260133372418560e-04
9.210000000000000000e+02 0.000000000000000000e+00 0.000000000000000000e+00 2.773699061772812669e-13 0.000000000000000000e+00 1.800776643238166099e-04
9.220000000000000000e+02 0.000000000000000000e+00 0.000000000000000000e+00 2.764283629630210913e-13 0.000000000000000000e+00 1.544315345200858122e-04
9.230000000000000000e+02 0.000000000000000000e+00 0.000000000000000000e+00 2.754868197487608652e-13 0.000000000000000000e+00 1.110172699714546133e-04
9.240000000000000000e+02 0.000000000000000000e+00 0.000000000000000000e+00 2.745452765345006896e-13 0.000000000000000000e+00 1.489070482518320437e-04
9.250000000000000000e+02 0.000000000000000000e+00 0.000000000000000000e+00 2.749954744089889970e-13 0.000000000000000000e+00 6.017406994450204386e-05
9.260000000000000000e+02 0.000000000000000000e+00 0.000000000000000000e+00 2.768374133722257370e-13 0.000000000000000000e+00 1.841709648093973800e-04
9.270000000000000000e+02 0.000000000000000000e+00 0.000000000000000000e+00 2.786793523354625275e-13 0.000000000000000000e+00 1.995320705916400501e-04
9.280000000000000000e+02 0.000000000000000000e+00 0.000000000000000000e+00 2.805212912986992674e-13 0.000000000000000000e+00 1.639289922858872808e-04
9.290000000000000000e+02 0.000000000000000000e+00 0.000000000000000000e+00 2.823632302619360579e-13 0.000000000000000000e+00 5.195106843403603041e-05
9.300000000000000000e+02 0.000000000000000000e+00 0.000000000000000000e+00 2.842051692251727979e-13 0.000000000000000000e+00 2.237798148539037939e-04
9.310000000000000000e+02 0.000000000000000000e+00 0.000000000000000000e+00 2.860471081884095883e-13 0.000000000000000000e+00 1.168969454280941432e-04
9.320000000000000000e+02 0.000000000000000000e+00 0.000000000000000000e+00 2.878890471516463283e-13 0.000000000000000000e+00 1.645458790205572884e-04
9.330000000000000000e+02 0.000000000000000000e+00 0.000000000000000000e+00 2.897309861148831188e-13 0.000000000000000000e+00 1.266005275641244807e-04
9.340000000000000000e+02 0.000000000000000000e+00 0.000000000000000000e+00 2.915729250781198588e-13 0.000000000000000000e+00 1.633451477353172138e-04
9.350000000000000000e+02 0.000000000000000000e+00 0.000000000000000000e+00 2.930846350245487748e-13 0.000000000000000000e+00 1.871120314652841476e-04
9.360000000000000000e+02 0.000000000000000000e+00 0.000000000000000000e+00 2.942661159541698671e-13 0.000000000000000000e+00 1.744022588767845804e-04
9.370000000000000000e+02 0.000000000000000000e+00 0.000000000000000000e+00 2.954475968837909088e-13 0.000000000000000000e+00 8.659547149913253655e-05
9.380000000000000000e+02 0.000000000000000000e+00 0.000000000000000000e+00 2.966290778134120010e-13 0.000000000000000000e+00 8.426486791190336187e-05
9.390000000000000000e+02 0.000000000000000000e+00 0.000000000000000000e+00 2.978105587430330427e-13 0.000000000000000000e+00 1.485467153814224730e-04
9.400000000000000000e+02 0.000000000000000000e+00 0.000000000000000000e+00 2.989920396726541349e-13 0.000000000000000000e+00 2.373926008116017568e-04
9.410000000000000000e+02 0.000000000000000000e+00 0.000000000000000000e+00 3.001735206022751767e-13 0.000000000000000000e+00 1.094598077849994638e-04
9.420000000000000000e+02 0.000000000000000000e+00 0.000000000000000000e+00 3.013550015318962689e-13 0.000000000000000000e+00 1.435326539660162213e-04
9.430000000000000000e+02 0.000000000000000000e+00 0.000000000000000000e+00 3.025364824615173106e-13 0.000000000000000000e+00 1.383546280688726369e-04
9.440000000000000000e+02 0.000000000000000000e+00 0.000000000000000000e+00 3.037179633911384028e-13 0.000000000000000000e+00 1.951398796908254088e-04
9.450000000000000000e+02 0.000000000000000000e+00 0.000000000000000000e+00 3.026966657701870162e-13 0.000000000000000000e+00 9.587022158472783618e-05
9.460000000000000000e+02 0.000000000000000000e+00 0.000000000000000000e+00 2.994725895986631506e-13 0.000000000000000000e+00 1.571867346451543302e-04
9.470000000000000000e+02 0.000000000000000000e+00 0.000000000000000000e+00 2.962485134271392851e-13 0.000000000000000000e+00 5.489978295561512045e-05
9.480000000000000000e+02 0.000000000000000000e+00 0.000000000000000000e+00 2.930244372556154196e-13 0.000000000000000000e+00 2.343319598703435581e-04
9.490000000000000000e+02 0.000000000000000000e+00 0.000000000000000000e+00 2.898003610840915541e-13 0.000000000000000000e+00 2.000525641617150808e-04
9.500000000000000000e+02 0.000000000000000000e+00 0.000000000000000000e+00 2.865762849125676886e-13 0.000000000000000000e+00 1.274133429446230252e-04
9.510000000000000000e+02 0.000000000000000000e+00 0.000000000000000000e+00 2.833522087410438231e-13 0.000000000000000000e+00 1.206513081998091463e-04
9.520000000000000000e+02 0.000000000000000000e+00 0.000000000000000000e+00 2.801281325695199576e-13 0.000000000000000000e+00 1.056632392599058951e-04
9.530000000000000000e+02 0.000000000000000000e+00 0.000000000000000000e+00 2.769040563979960921e-13 0.000000000000000000e+00 1.771143494770339533e-04
9.540000000000000000e+02 0.000000000000000000e+00 0.000000000000000000e+00 2.736799802264722266e-13 0.000000000000000000e+00 1.312649241159731929e-04
9.550000000000000000e+02 0.000000000000000000e+00 0.000000000000000000e+00 2.729987934087162131e-13 0.000000000000000000e+00 1.942421899032477643e-04
9.560000000000000000e+02 0.000000000000000000e+00 0.000000000000000000e+00 2.748604959447280012e-13 0.000000000000000000e+00 1.165846491413371398e-04
9.570000000000000000e+02 0.000000000000000000e+00 0.000000000000000000e+00 2.767221984807398397e-13 0.000000000000000000e+00 1.412832442703169412e-04
9.580000000000000000e+02 0.000000000000000000e+00 0.000000000000000000e+00 2.785839010167516278e-13 0.000000000000000000e+00 1.428005797909273470e-04
9.590000000000000000e+02 0.000000000000000000e+00 0.000000000000000000e+00 2.804456035527634158e-13 0.000000000000000000e+00 1.268908104468368650e-04
9.600000000000000000e+02 0.000000000000000000e+00 0.000000000000000000e+00 2.823073060887752544e-13 0.000000000000000000e+00 1.846756375653640589e-04
9.610000000000000000e+02 0.000000000000000000e+00 0.000000000000000000e+00 2.841690086247870425e-13 0.000000000000000000e+00 4.469114894366166735e-05
9.620000000000000000e+02 0.000000000000000000e+00 0.000000000000000000e+00 2.860307111607988305e-13 0.000000000000000000e+00 2.265707461545541257e-04
9.630000000000000000e+02 0.000000000000000000e+00 0.000000000000000000e+00 2.878924136968106691e-13 0.000000000000000000e+00 2.163469204894357778e-04
9.640000000000000000e+02 0.000000000000000000e+00 0.000000000000000000e+00 2.897541162328224571e-13 0.000000000000000000e+00 1.142283179385211777e-04
9.650000000000000000e+02 0.000000000000000000e+00 0.000000000000000000e+00 2.908320827177920350e-13 0.000000000000000000e+00 1.226644001485366776e-04
9.660000000000000000e+02 0.000000000000000000e+00 0.000000000000000000e+00 2.911263131517194026e-13 0.000000000000000000e+00 1.606828369727239200e-04
9.670000000000000000e+02 0.000000000000000000e+00 0.000000000000000000e+00 2.914205435856467198e-13 0.000000000000000000e+00 9.534146103931509032e-05
9.680000000000000000e+02 0.000000000000000000e+00 0.000000000000000000e+00 2.917147740195740875e-13 0.000000000000000000e+00 1.630628633254500609e-04
9.690000000000000000e+02 0.000000000000000000e+00 0.000000000000000000e+00 2.920090044535014551e-13 0.000000000000000000e+00 1.606612866014113170e-04
9.700000000000000000e+02 0.000000000000000000e+00 0.000000000000000000e+00 2.923032348874287723e-13 0.000000000000000000e+00 1.363886503355761720e-04
9.710000000000000000e+02 0.000000000000000000e+00 0.000000000000000000e+00 2.925974653213561399e-13 0.000000000000000000e+00 2.263415334118852932e-04
9.720000000000000000e+02 0.000000000000000000e+00 0.000000000000000000e+00 2.928916957552835076e-13 0.000000000000000000e+00 1.234699331108389693e-04
9.730000000000000000e+02 0.000000000000000000e+00 0.000000000000000000e+00 2.931859261892108248e-13 0.000000000000000000e+00 1.299700422000834112e-04
9.740000000000000000e+02 0.000000000000000000e+00 0.000000000000000000e+00 2.934801566231381924e-13 0.000000000000000000e+00 9.405191656874124513e-05
9.750000000000000000e+02 0.000000000000000000e+00 0.000000000000000000e+00 2.927043385585950261e-13 0.000000000000000000e+00 1.567698760155477428e-04
9.760000000000000000e+02 0.000000000000000000e+00 0.000000000000000000e+00 2.908584719955813763e-13 0.000000000000000000e+00 1.890548845386363973e-04
9.770000000000000000e+02 0.000000000000000000e+00 0.000000000000000000e+00 2.890126054325677265e-13 0.000000000000000000e+00 1.736453406220792571e-04
9.780000000000000000e+02 0.000000000000000000e+00 0.000000000000000000e+00 2.871667388695540262e-13 0.000000000000000000e+00 9.957384514176393525e-05
9.790000000000000000e+02 0.000000000000000000e+00 0.000000000000000000e+00 2.853208723065403764e-13 0.000000000000000000e+00 1.650017975233222995e-04
9.800000000000000000e+02 0.000000000000000000e+00 0.000000000000000000e+00 2.834750057435266761e-13 0.000000000000000000e+00 1.399470629618711974e-04
9.810000000000000000e+02 0.000000000000000000e+00 0.000000000000000000e+00 2.816291391805130263e-13 0.000000000000000000e+00 1.323656909238600738e-04
9.820000000000000000e+02 0.000000000000000000e+00 0.000000000000000000e+00 2.797832726174993260e-13 0.000000000000000000e+00 1.448313202969825093e-04
9.830000000000000000e+02 0.000000000000000000e+00 0.000000000000000000e+00 2.779374060544856762e-13 0.000000000000000000e+00 1.196623017870053322e-04
9.840000000000000000e+02 0.000000000000000000e+00 0.000000000000000000e+00 2.760915394914720264e-13 0.000000000000000000e+00 2.103817628632615106e-04
9.850000000000000000e+02 0.000000000000000000e+00 0.000000000000000000e+00 2.769225055120380445e-13 0.000000000000000000e+00 1.723300239326252213e-04
9.860000000000000000e+02 0.000000000000000000e+00 0.000000000000000000e+00 2.804303041161837809e-13 0.000000000000000000e+00 1.119301987544731193e-04
9.870000000000000000e+02 0.000000000000000000e+00 0.000000000000000000e+00 2.839381027203295677e-13 0.000000000000000000e+00 1.210070566982957051e-04
9.880000000000000000e+02 0.000000000000000000e+00 0.000000000000000000e+00 2.874459013244753041e-13 0.000000000000000000e+00 1.367871728575840171e-04
9.890000000000000000e+02 0.000000000000000000e+00 0.000000000000000000e+00 2.909536999286210405e-13 0.000000000000000000e+00 8.138683699731170647e-05
9.900000000000000000e+02 0.000000000000000000e+00 0.000000000000000000e+00 2.944614985327668274e-13 0.000000000000000000e+00 3.140808729539989650e-04
9.910000000000000000e+02 0.000000000000000000e+00 0.000000000000000000e+00 2.979692971369125638e-13 0.000000000000000000e+00 8.421335287967800817e-05
9.920000000000000000e+02 0.000000000000000000e+00 0.000000000000000000e+00 3.014770957410583002e-13 0.000000000000000000e+00 1.509806125672216867e-04
9.930000000000000000e+02 0.000000000000000000e+00 0.000000000000000000e+00 3.049848943452040871e-13 0.000000000000000000e+00 1.633269093365652088e-04
9.940000000000000000e+02 0.000000000000000000e+00 0.000000000000000000e+00 3.084926929493498235e-13 0.000000000000000000e+00 1.258926394219785885e-04
9.950000000000000000e+02 0.000000000000000000e+00 0.000000000000000000e+00 3.088635916990164887e-13 0.000000000000000000e+00 1.164185462853310266e-04
9.960000000000000000e+02 0.000000000000000000e+00 0.000000000000000000e+00 3.060975905942040323e-13 0.000000000000000000e+00 1.604589392310753614e-04
9.970000000000000000e+02 0.000000000000000000e+00 0.000000000000000000e+00 3.033315894893916264e-13 0.000000000000000000e+00 1.537247893682766836e-04
9.980000000000000000e+02 0.000000000000000000e+00 0.000000000000000000e+00 3.005655883845792205e-13 0.000000000000000000e+00 1.755062360298610983e-04
9.990000000000000000e+02 0.000000000000000000e+00 0.000000000000000000e+00 2.977995872797667641e-13 0.000000000000000000e+00 1.288382693551418578e-04
1.000000000000000000e+03 0.000000000000000000e+00 0.000000000000000000e+00 2.950335861749543582e-13 0.000000000000000000e+00 1.662302099278054307e-04
1.001000000000000000e+03 0.000000000000000000e+00 0.000000000000000000e+00 2.922675850701419019e-13 0.000000000000000000e+00 1.028482092162603392e-04
1.002000000000000000e+03 0.000000000000000000e+00 0.000000000000000000e+00 2.895015839653294960e-13 0.000000000000000000e+00 1.936344484480970261e-04
1.003000000000000000e+03 0.000000000000000000e+00 0.000000000000000000e+00 2.867355828605170901e-13 0.000000000000000000e+00 1.207139005322432250e-04
1.004000000000000000e+03 0.000000000000000000e+00 0.000000000000000000e+00 2.839695817557046337e-13 0.000000000000000000e+00 2.051264085898409713e-04
1.005000000000000000e+03 0.000000000000000000e+00 0.000000000000000000e+00 2.834110348922730263e-13 0.000000000000000000e+00 8.159074165589088603e-05
1.006000000000000000e+03 0.000000000000000000e+00 0.000000000000000000e+00 2.850599422702222174e-13 0.000000000000000000e+00 1.700136630328197014e-04
1.007000000000000000e+03 0.000000000000000000e+00 0.000000000000000000e+00 2.867088496481714085e-13 0.000000000000000000e+00 1.749638047190864363e-04
1.008000000000000000e+03 0.000000000000000000e+00 0.000000000000000000e+00 2.883577570261205996e-13 0.000000000000000000e+00 1.207949838688166948e-04
1.009000000000000000e+03 0.000000000000000000e+00 0.000000000000000000e+00 2.900066644040697906e-13 0.000000000000000000e+00 7.140360549071594995e-05
1.010000000000000000e+03 0.000000000000000000e+00 0.000000000000000000e+00 2.916555717820190322e-13 0.000000000000000000e+00 1.931812331884069308e-04
1.011000000000000000e+03 0.000000000000000000e+00 0.000000000000000000e+00 2.933044791599682233e-13 0.000000000000000000e+00 1.825227345320243279e-04
1.012000000000000000e+03 0.000000000000000000e+00 0.000000000000000000e+00 2.949533865379174144e-13 0.000000000000000000e+00 2.299113335045595958e-04
1.013000000000000000e+03 0.000000000000000000e+00 0.000000000000000000e+00 2.966022939158666055e-13 0.000000000000000000e+00 7.759393818119751153e-05
1.014000000000000000e+03 0.000000000000000000e+00 0.000000000000000000e+00 2.982512012938157966e-13 0.000000000000000000e+00 1.439434494323201907e-04
1.015000000000000000e+03 0.000000000000000000e+00 0.000000000000000000e+00 2.996425194612627037e-13 0.000000000000000000e+00 1.611457331842119543e-04
1.016000000000000000e+03 0.000000000000000000e+00 0.000000000000000000e+00 3.007762484182073774e-13 0.000000000000000000e+00 1.355680205796595860e-04
1.017000000000000000e+03 0.000000000000000000e+00 0.000000000000000000e+00 3.019099773751520510e-13 0.000000000000000000e+00 7.554839620786561792e-05
1.018000000000000000e+03 0.000000000000000000e+00 0.000000000000000000e+00 3.030437063320967247e-13 0.000000000000000000e+00 1.948982715825696552e-04
1.019000000000000000e+03 0.000000000000000000e+00 0.000000000000000000e+00 3.041774352890413983e-13 0.000000000000000000e+00 1.090085296879858394e-04
1.020000000000000000e+03 0.000000000000000000e+00 0.000000000000000000e+00 3.053111642459860215e-13 0.000000000000000000e+00 2.082844720118164192e-04
1.021000000000000000e+03 0.000000000000000000e+00 0.000000000000000000e+00 3.064448932029306951e-13 0.000000000000000000e+00 1.609815881345844459e-04
1.022000000000000000e+03 0.000000000000000000e+00 0.000000000000000000e+00 3.075786221598753688e-13 0.000000000000000000e+00 1.579560565516263681e-04
1.023000000000000000e+03 0.000000000000000000e+00 0.000000000000000000e+00 3.087123511168200424e-13 0.000000000000000000e+00 9.244397065250345121e-05
1.024000000000000000e+03 0.000000000000000000e+00 0.000000000000000000e+00 3.098460800737647161e-13 0.000000000000000000e+00 1.664930809944706043e-04
1.025000000000000000e+03 0.000000000000000000e+00 0.000000000000000000e+00 3.097894921585114144e-13 0.000000000000000000e+00 1.231497531429641954e-04
1.026000000000000000e+03 0.000000000000000000e+00 0.000000000000000000e+00 3.085425873710602385e-13 0.000000000000000000e+00 2.556748017308657834e-04
1.027000000000000000e+03 0.000000000000000000e+00 0.000000000000000000e+00 3.072956825836090625e-13 0.000000000000000000e+00 8.009221671170098464e-05
1.028000000000000000e+03 0.000000000000000000e+00 0.000000000000000000e+00 3.060487777961578866e-13 0.000000000000000000e+00 1.193003547550916082e-04
1.029000000000000000e+03 0.000000000000000000e+00 0.000000000000000000e+00 3.048018730087067106e-13 0.000000000000000000e+00 1.690452806496346271e-04
1.030000000000000000e+03 0.000000000000000000e+00 0.000000000000000000e+00 3.035549682212554842e-13 0.000000000000000000e+00 1.237147383611822014e-04
1.031000000000000000e+03 0.000000000000000000e+00 0.000000000000000000e+00 3.023080634338043082e-13 0.000000000000000000e+00 1.403472869312048733e-04
1.032000000000000000e+03 0.000000000000000000e+00 0.000000000000000000e+00 3.010611586463531323e-13 0.000000000000000000e+00 2.212108267007122586e-04
1.033000000000000000e+03 0.000000000000000000e+00 0.000000000000000000e+00 2.998142538589019563e-13 0.000000000000000000e+00 1.197738009197644223e-04
1.034000000000000000e+03 0.000000000000000000e+00 0.000000000000000000e+00 2.985673490714507804e-13 0.000000000000000000e+00 1.791579834040079038e-04
1.035000000000000000e+03 0.000000000000000000e+00 0.000000000000000000e+00 2.984089650092231002e-13 0.000000000000000000e+00 1.234796444057549819e-04
1.036000000000000000e+03 0.000000000000000000e+00 0.000000000000000000e+00 2.993391016722190168e-13 0.000000000000000000e+00 1.419675876106637450e-04
1.037000000000000000e+03 0.000000000000000000e+00 0.000000000000000000e+00 3.002692383352148829e-13 0.000000000000000000e+00 9.335410390928163850e-05
1.038000000000000000e+03 0.000000000000000000e+00 0.000000000000000000e+00 3.011993749982107490e-13 0.000000000000000000e+00 1.939344869329665401e-04
1.039000000000000000e+03 0.000000000000000000e+00 0.000000000000000000e+00 3.021295116612066656e-13 0.000000000000000000e+00 1.191603940378839640e-04
1.040000000000000000e+03 0.000000000000000000e+00 0.000000000000000000e+00 3.030596483242025317e-13 0.000000000000000000e+00 2.158655766232489938e-04
1.041000000000000000e+03 0.000000000000000000e+00 0.000000000000000000e+00 3.039897849871984483e-13 0.000000000000000000e+00 1.511116117571688182e-04
1.042000000000000000e+03 0.000000000000000000e+00 0.000000000000000000e+00 3.049199216501943144e-13 0.000000000000000000e+00 1.626648497910332771e-04
1.043000000000000000e+03 0.000000000000000000e+00 0.000000000000000000e+00 3.058500583131901805e-13 0.000000000000000000e+00 1.252688743656476416e-04
1.044000000000000000e+03 0.000000000000000000e+00 0.000000000000000000e+00 3.067801949761860971e-13 0.000000000000000000e+00 1.591437929096774142e-04
1.045000000000000000e+03 0.000000000000000000e+00 0.000000000000000000e+00 3.069774703572983373e-13 0.000000000000000000e+00 6.705581861504567834e-05
1.046000000000000000e+03 0.000000000000000000e+00 0.000000000000000000e+00 3.064418844565269516e-13 0.000000000000000000e+00 1.382022224977019331e-04
1.047000000000000000e+03 0.000000000000000000e+00 0.000000000000000000e+00 3.059062985557555659e-13 0.000000000000000000e+00 2.269370835855737914e-04
1.048000000000000000e+03 0.000000000000000000e+00 0.000000000000000000e+00 3.053707126549841802e-13 0.000000000000000000e+00 1.710591477961161014e-04
1.049000000000000000e+03 0.000000000000000000e+00 0.000000000000000000e+00 3.048351267542127945e-13 0.000000000000000000e+00 9.289377817365187932e-05
1.050000000000000000e+03 0.000000000000000000e+00 0.000000000000000000e+00 3.042995408534414593e-13 0.000000000000000000e+00 1.553077489230855301e-04
1.051000000000000000e+03 0.000000000000000000e+00 0.000000000000000000e+00 3.037639549526700736e-13 0.000000000000000000e+00 1.834929727101243318e-04
1.052000000000000000e+03 0.000000000000000000e+00 0.000000000000000000e+00 3.032283690518986879e-13 0.000000000000000000e+00 1.221840853257366371e-04
1.053000000000000000e+03 0.000000000000000000e+00 0.000000000000000000e+00 3.026927831511273022e-13 0.000000000000000000e+00 1.298133008101619887e-04
1.054000000000000000e+03 0.000000000000000000e+00 0.000000000000000000e+00 3.021571972503559165e-13 0.000000000000000000e+00 1.982069814684923404e-04
1.055000000000000000e+03 0.000000000000000000e+00 0.000000000000000000e+00 3.030171856963420623e-13 0.000000000000000000e+00 1.328800868959140635e-04
1.056000000000000000e+03 0.000000000000000000e+00 0.000000000000000000e+00 3.052727484890857397e-13 0.000000000000000000e+00 1.650527380820402605e-04
1.057000000000000000e+03 0.000000000000000000e+00 0.000000000000000000e+00 3.075283112818294170e-13 0.000000000000000000e+00 1.395048054077748813e-04
1.058000000000000000e+03 0.000000000000000000e+00 0.000000000000000000e+00 3.097838740745730944e-13 0.000000000000000000e+00 1.288844116931739988e-04
1.059000000000000000e+03 0.000000000000000000e+00 0.000000000000000000e+00 3.120394368673167717e-13 0.000000000000000000e+00 1.030902345829393270e-04
1.060000000000000000e+03 0.000000000000000000e+00 0.000000000000000000e+00 3.142949996600604996e-13 0.000000000000000000e+00 2.123371316159600164e-04
1.061000000000000000e+03 0.000000000000000000e+00 0.000000000000000000e+00 3.165505624528041769e-13 0.000000000000000000e+00 1.510125534414780406e-04
1.062000000000000000e+03 0.000000000000000000e+00 0.000000000000000000e+00 3.188061252455478543e-13 0.000000000000000000e+00 1.904775726125021592e-04
1.063000000000000000e+03 0.000000000000000000e+00 0.000000000000000000e+00 3.210616880382915317e-13 0.000000000000000000e+00 1.403342194977229371e-04
1.064000000000000000e+03 0.000000000000000000e+00 0.000000000000000000e+00 3.233172508310352090e-13 0.000000000000000000e+00 1.110704860016567167e-04
1.065000000000000000e+03 0.000000000000000000e+00 0.000000000000000000e+00 3.243098956991489253e-13 0.000000000000000000e+00 1.793473548891817650e-04
1.066000000000000000e+03 0.000000000000000000e+00 0.000000000000000000e+00 3.240396226426326804e-13 0.000000000000000000e+00 1.169563942002166548e-04
1.067000000000000000e+03 0.000000000000000000e+00 0.000000000000000000e+00 3.237693495861164355e-13 0.000000000000000000e+00 9.619303578967718983e-05
1.068000000000000000e+03 0.000000000000000000e+00 0.000000000000000000e+00 3.234990765296001906e-13 0.000000000000000000e+00 1.873770334375255808e-04
1.069000000000000000e+03 0.000000000000000000e+00 0.000000000000000000e+00 3.232288034730839457e-13 0.000000000000000000e+00 1.772482552304223760e-04
1.070000000000000000e+03 0.000000000000000000e+00 0.000000000000000000e+00 3.229585304165676503e-13 0.000000000000000000e+00 1.702734187127582599e-04
1.071000000000000000e+03 0.000000000000000000e+00 0.000000000000000000e+00 3.226882573600514055e-13 0.000000000000000000e+00 1.216153675206278024e-04
1.072000000000000000e+03 0.000000000000000000e+00 0.000000000000000000e+00 3.224179843035351606e-13 0.000000000000000000e+00 1.651426455663529641e-04
1.073000000000000000e+03 0.000000000000000000e+00 0.000000000000000000e+00 3.221477112470189157e-13 0.000000000000000000e+00 1.217213348179464890e-04
1.074000000000000000e+03 0.000000000000000000e+00 0.000000000000000000e+00 3.218774381905026708e-13 0.000000000000000000e+00 1.873136601592368874e-04
1.075000000000000000e+03 0.000000000000000000e+00 0.000000000000000000e+00 3.210958969072415850e-13 0.000000000000000000e+00 1.537617485387721519e-04
1.076000000000000000e+03 0.000000000000000000e+00 0.000000000000000000e+00 3.198030873972356080e-13 0.000000000000000000e+00 1.699253156211691981e-04
1.077000000000000000e+03 0.000000000000000000e+00 0.000000000000000000e+00 3.185102778872296309e-13 0.000000000000000000e+00 1.120225275814705008e-04
1.078000000000000000e+03 0.000000000000000000e+00 0.000000000000000000e+00 3.172174683772237043e-13 0.000000000000000000e+00 1.535878111737310554e-04
1.079000000000000000e+03 0.000000000000000000e+00 0.000000000000000000e+00 3.159246588672177272e-13 0.000000000000000000e+00 1.761999773462566714e-04
1.080000000000000000e+03 0.000000000000000000e+00 0.000000000000000000e+00 3.146318493572117501e-13 0.000000000000000000e+00 1.112307965950536641e-04
1.081000000000000000e+03 0.000000000000000000e+00 0.000000000000000000e+00 3.133390398472057730e-13 0.000000000000000000e+00 7.608200575409919061e-05
1.082000000000000000e+03 0.000000000000000000e+00 0.000000000000000000e+00 3.120462303371998464e-13 0.000000000000000000e+00 3.050165045918757918e-04
1.083000000000000000e+03 0.000000000000000000e+00 0.000000000000000000e+00 3.107534208271938693e-13 0.000000000000000000e+00 1.305500951674875806e-04
1.084000000000000000e+03 0.000000000000000000e+00 0.000000000000000000e+00 3.094606113171878922e-13 0.000000000000000000e+00 9.824584336770971274e-05
1.085000000000000000e+03 0.000000000000000000e+00 0.000000000000000000e+00 3.094536330740820716e-13 0.000000000000000000e+00 1.665856110257625034e-04
1.086000000000000000e+03 0.000000000000000000e+00 0.000000000000000000e+00 3.107324860978763065e-13 0.000000000000000000e+00 1.017353289111156702e-04
1.087000000000000000e+03 0.000000000000000000e+00 0.000000000000000000e+00 3.120113391216705414e-13 0.000000000000000000e+00 1.715834489759428499e-04
1.088000000000000000e+03 0.000000000000000000e+00 0.000000000000000000e+00 3.132901921454647763e-13 0.000000000000000000e+00 1.223499290197130232e-04
1.089000000000000000e+03 0.000000000000000000e+00 0.000000000000000000e+00 3.145690451692590112e-13 0.000000000000000000e+00 1.782242399967679761e-04
1.090000000000000000e+03 0.000000000000000000e+00 0.000000000000000000e+00 3.158478981930532461e-13 0.000000000000000000e+00 2.074731295936899295e-04
1.091000000000000000e+03 0.000000000000000000e+00 0.000000000000000000e+00 3.171267512168474810e-13 0.000000000000000000e+00 1.484425172516824710e-04
1.092000000000000000e+03 0.000000000000000000e+00 0.000000000000000000e+00 3.184056042406417159e-13 0.000000000000000000e+00 1.627621039223851266e-04
1.093000000000000000e+03 0.000000000000000000e+00 0.000000000000000000e+00 3.196844572644359508e-13 0.000000000000000000e+00 1.352914223895015249e-04
1.094000000000000000e+03 0.000000000000000000e+00 0.000000000000000000e+00 3.209633102882301857e-13 0.000000000000000000e+00 1.257511186264127659e-04
1.095000000000000000e+03 0.000000000000000000e+00 0.000000000000000000e+00 3.214172342076316116e-13 0.000000000000000000e+00 6.175294306341255974e-05
1.096000000000000000e+03 0.000000000000000000e+00 0.000000000000000000e+00 3.210462290226401781e-13 0.000000000000000000e+00 2.456858364401273286e-04
1.097000000000000000e+03 0.000000000000000000e+00 0.000000000000000000e+00 3.206752238376487445e-13 0.000000000000000000e+00 1.378849049221460700e-04
1.098000000000000000e+03 0.000000000000000000e+00 0.000000000000000000e+00 3.203042186526572605e-13 0.000000000000000000e+00 1.631794973000851219e-04
1.099000000000000000e+03 0.000000000000000000e+00 0.000000000000000000e+00 3.199332134676658270e-13 0.000000000000000000e+00 1.241861448756581619e-04
1.100000000000000000e+03 0.000000000000000000e+00 0.000000000000000000e+00 3.195622082826743935e-13 0.000000000000000000e+00 1.522773003758757355e-04
1.101000000000000000e+03 0.000000000000000000e+00 0.000000000000000000e+00 3.191912030976829599e-13 0.000000000000000000e+00 2.070754487589670037e-04
1.102000000000000000e+03 0.000000000000000000e+00 0.000000000000000000e+00 3.188201979126914759e-13 0.000000000000000000e+00 9.999088621349128667e-05
1.103000000000000000e+03 0.000000000000000000e+00 0.000000000000000000e+00 3.184491927277000424e-13 0.000000000000000000e+00 1.518719778428796220e-04
1.104000000000000000e+03 0.000000000000000000e+00 0.000000000000000000e+00 3.180781875427086088e-13 0.000000000000000000e+00 1.755970282485684348e-04
1.105000000000000000e+03 0.000000000000000000e+00 0.000000000000000000e+00 3.191218109685409245e-13 0.000000000000000000e+00 1.981742874767897049e-04
1.106000000000000000e+03 0.000000000000000000e+00 0.000000000000000000e+00 3.215800630051970399e-13 0.000000000000000000e+00 1.243331448144836641e-04
1.107000000000000000e+03 0.000000000000000000e+00 0.000000000000000000e+00 3.240383150418531047e-13 0.000000000000000000e+00 1.144804375887571149e-04
1.108000000000000000e+03 0.000000000000000000e+00 0.000000000000000000e+00 3.264965670785092201e-13 0.000000000000000000e+00 9.624846256922019573e-05
1.109000000000000000e+03 0.000000000000000000e+00 0.000000000000000000e+00 3.289548191151652849e-13 0.000000000000000000e+00 1.550072472133286671e-04
1.110000000000000000e+03 0.000000000000000000e+00 0.000000000000000000e+00 3.314130711518214003e-13 0.000000000000000000e+00 2.534567277194787463e-04
1.111000000000000000e+03 0.000000000000000000e+00 0.000000000000000000e+00 3.338713231884774651e-13 0.000000000000000000e+00 1.510811780124425541e-04
1.112000000000000000e+03 0.000000000000000000e+00 0.000000000000000000e+00 3.363295752251335805e-13 0.000000000000000000e+00 1.368144064478321457e-04
1.113000000000000000e+03 0.000000000000000000e+00 0.000000000000000000e+00 3.387878272617896453e-13 0.000000000000000000e+00 1.342360191905636146e-04
1.114000000000000000e+03 0.000000000000000000e+00 0.000000000000000000e+00 3.412460792984457607e-13 0.000000000000000000e+00 1.853035886853707931e-04
1.115000000000000000e+03 0.000000000000000000e+00 0.000000000000000000e+00 3.419628830191972456e-13 0.000000000000000000e+00 1.322687372535646499e-04
1.116000000000000000e+03 0.000000000000000000e+00 0.000000000000000000e+00 3.409382384240441001e-13 0.000000000000000000e+00 1.215134674582757558e-04
1.117000000000000000e+03 0.000000000000000000e+00 0.000000000000000000e+00 3.399135938288909546e-13 0.000000000000000000e+00 9.082967793247913649e-05
1.118000000000000000e+03 0.000000000000000000e+00 0.000000000000000000e+00 3.388889492337378596e-13 0.000000000000000000e+00 2.627813209419572180e-04
1.119000000000000000e+03 0.000000000000000000e+00 0.000000000000000000e+00 3.378643046385847141e-13 0.000000000000000000e+00 1.125035782019869710e-04
1.120000000000000000e+03 0.000000000000000000e+00 0.000000000000000000e+00 3.368396600434315686e-13 0.000000000000000000e+00 1.791547680630048791e-04
1.121000000000000000e+03 0.000000000000000000e+00 0.000000000000000000e+00 3.358150154482784231e-13 0.000000000000000000e+00 1.067681943636356512e-04
1.122000000000000000e+03 0.000000000000000000e+00 0.000000000000000000e+00 3.347903708531253281e-13 0.000000000000000000e+00 1.222471254807838551e-04
1.123000000000000000e+03 0.000000000000000000e+00 0.000000000000000000e+00 3.337657262579721826e-13 0.000000000000000000e+00 1.810961743223798027e-04
1.124000000000000000e+03 0.000000000000000000e+00 0.000000000000000000e+00 3.327410816628190371e-13 0.000000000000000000e+00 2.329477843336019770e-04
1.125000000000000000e+03 0.000000000000000000e+00 0.000000000000000000e+00 3.318781834462654053e-13 0.000000000000000000e+00 1.112940447931091856e-04
1.126000000000000000e+03 0.000000000000000000e+00 0.000000000000000000e+00 3.311770316083112873e-13 0.000000000000000000e+00 1.717808136079057503e-04
1.127000000000000000e+03 0.000000000000000000e+00 0.000000000000000000e+00 3.304758797703571187e-13 0.000000000000000000e+00 1.136973784143649534e-04
1.128000000000000000e+03 0.000000000000000000e+00 0.000000000000000000e+00 3.297747279324030006e-13 0.000000000000000000e+00 1.325301591691900420e-04
1.129000000000000000e+03 0.000000000000000000e+00 0.000000000000000000e+00 3.290735760944488826e-13 0.000000000000000000e+00 1.572046690980485135e-04
1.130000000000000000e+03 0.000000000000000000e+00 0.000000000000000000e+00 3.283724242564947140e-13 0.000000000000000000e+00 1.239209886680999362e-04
1.131000000000000000e+03 0.000000000000000000e+00 0.000000000000000000e+00 3.276712724185405960e-13 0.000000000000000000e+00 1.444051999033004396e-04
1.132000000000000000e+03 0.000000000000000000e+00 0.000000000000000000e+00 3.269701205805864779e-13 0.000000000000000000e+00 2.582073025441736767e-04
1.133000000000000000e+03 0.000000000000000000e+00 0.000000000000000000e+00 3.262689687426323094e-13 0.000000000000000000e+00 1.218619346113060625e-04
1.134000000000000000e+03 0.000000000000000000e+00 0.000000000000000000e+00 3.255678169046781913e-13 0.000000000000000000e+00 1.407142251617066436e-04
1.135000000000000000e+03 0.000000000000000000e+00 0.000000000000000000e+00 3.265435382729327937e-13 0.000000000000000000e+00 1.343256194276969595e-04
1.136000000000000000e+03 0.000000000000000000e+00 0.000000000000000000e+00 3.291961328473961166e-13 0.000000000000000000e+00 1.670679512277200370e-04
1.137000000000000000e+03 0.000000000000000000e+00 0.000000000000000000e+00 3.318487274218594395e-13 0.000000000000000000e+00 1.308594428689967802e-04
1.138000000000000000e+03 0.000000000000000000e+00 0.000000000000000000e+00 3.345013219963227623e-13 0.000000000000000000e+00 1.125217128044821082e-04
1.139000000000000000e+03 0.000000000000000000e+00 0.000000000000000000e+00 3.371539165707860852e-13 0.000000000000000000e+00 1.341652890023860149e-04
1.140000000000000000e+03 0.000000000000000000e+00 0.000000000000000000e+00 3.398065111452494586e-13 0.000000000000000000e+00 2.441668440230703265e-04
1.141000000000000000e+03 0.000000000000000000e+00 0.000000000000000000e+00 3.424591057197127815e-13 0.000000000000000000e+00 1.639737736277192424e-04
1.142000000000000000e+03 0.000000000000000000e+00 0.000000000000000000e+00 3.451117002941761044e-13 0.000000000000000000e+00 1.593856431698850327e-04
1.143000000000000000e+03 0.000000000000000000e+00 0.000000000000000000e+00 3.477642948686394272e-13 0.000000000000000000e+00 1.179198599074870476e-04
1.144000000000000000e+03 0.000000000000000000e+00 0.000000000000000000e+00 3.504168894431027501e-13 0.000000000000000000e+00 9.501121979830310922e-05
1.145000000000000000e+03 0.000000000000000000e+00 0.000000000000000000e+00 3.510612461085751404e-13 0.000000000000000000e+00 1.763902419394198433e-04
1.146000000000000000e+03 0.000000000000000000e+00 0.000000000000000000e+00 3.496973648650565477e-13 0.000000000000000000e+00 2.426752505773076588e-04
1.147000000000000000e+03 0.000000000000000000e+00 0.000000000000000000e+00 3.483334836215380054e-13 0.000000000000000000e+00 6.936260870589941040e-05
1.148000000000000000e+03 0.000000000000000000e+00 0.000000000000000000e+00 3.469696023780194127e-13 0.000000000000000000e+00 1.469917342835921979e-04
1.149000000000000000e+03 0.000000000000000000e+00 0.000000000000000000e+00 3.456057211345008200e-13 0.000000000000000000e+00 1.406602867252438607e-04
1.150000000000000000e+03 0.000000000000000000e+00 0.000000000000000000e+00 3.442418398909822272e-13 0.000000000000000000e+00 1.782931662729661483e-04
1.151000000000000000e+03 0.000000000000000000e+00 0.000000000000000000e+00 3.428779586474636345e-13 0.000000000000000000e+00 1.616704904000037157e-04
1.152000000000000000e+03 0.000000000000000000e+00 0.000000000000000000e+00 3.415140774039450417e-13 0.000000000000000000e+00 1.198362899746601920e-04
1.153000000000000000e+03 0.000000000000000000e+00 0.000000000000000000e+00 3.401501961604264995e-13 0.000000000000000000e+00 1.510580668075992776e-04
1.154000000000000000e+03 0.000000000000000000e+00 0.000000000000000000e+00 3.387863149169079067e-13 0.000000000000000000e+00 2.648529039322094028e-04
1.155000000000000000e+03 0.000000000000000000e+00 0.000000000000000000e+00 3.397879782524938095e-13 0.000000000000000000e+00 1.083053423453132042e-04
1.156000000000000000e+03 0.000000000000000000e+00 0.000000000000000000e+00 3.431551861671841068e-13 0.000000000000000000e+00 1.068418697720036222e-04
1.157000000000000000e+03 0.000000000000000000e+00 0.000000000000000000e+00 3.465223940818745050e-13 0.000000000000000000e+00 1.424172261663534831e-04
1.158000000000000000e+03 0.000000000000000000e+00 0.000000000000000000e+00 3.498896019965648023e-13 0.000000000000000000e+00 1.138531741441652160e-04
1.159000000000000000e+03 0.000000000000000000e+00 0.000000000000000000e+00 3.532568099112552005e-13 0.000000000000000000e+00 1.167695282605166760e-04
1.160000000000000000e+03 0.000000000000000000e+00 0.000000000000000000e+00 3.566240178259454978e-13 0.000000000000000000e+00 2.591003473623139440e-04
1.161000000000000000e+03 0.000000000000000000e+00 0.000000000000000000e+00 3.599912257406358960e-13 0.000000000000000000e+00 1.453914163945142237e-04
1.162000000000000000e+03 0.000000000000000000e+00 0.000000000000000000e+00 3.633584336553261933e-13 0.000000000000000000e+00 1.671191835038476122e-04
1.163000000000000000e+03 0.000000000000000000e+00 0.000000000000000000e+00 3.667256415700165916e-13 0.000000000000000000e+00 1.312218237979244850e-04
1.164000000000000000e+03 0.000000000000000000e+00 0.000000000000000000e+00 3.700928494847068888e-13 0.000000000000000000e+00 1.416242055290565811e-04
1.165000000000000000e+03 0.000000000000000000e+00 0.000000000000000000e+00 3.710456136322300306e-13 0.000000000000000000e+00 1.491636233759199024e-04
1.166000000000000000e+03 0.000000000000000000e+00 0.000000000000000000e+00 3.695839340125859665e-13 0.000000000000000000e+00 8.034865234749779487e-05
1.167000000000000000e+03 0.000000000000000000e+00 0.000000000000000000e+00 3.681222543929418518e-13 0.000000000000000000e+00 2.050497738615760651e-04
1.168000000000000000e+03 0.000000000000000000e+00 0.000000000000000000e+00 3.666605747732977876e-13 0.000000000000000000e+00 2.261511071156397463e-04
1.169000000000000000e+03 0.000000000000000000e+00 0.000000000000000000e+00 3.651988951536536730e-13 0.000000000000000000e+00 7.440960213011186912e-05
1.170000000000000000e+03 0.000000000000000000e+00 0.000000000000000000e+00 3.637372155340096088e-13 0.000000000000000000e+00 1.955591912681499075e-04
1.171000000000000000e+03 0.000000000000000000e+00 0.000000000000000000e+00 3.622755359143654941e-13 0.000000000000000000e+00 9.092320232827155160e-05
1.172000000000000000e+03 0.000000000000000000e+00 0.000000000000000000e+00 3.608138562947214300e-13 0.000000000000000000e+00 1.866811574585256395e-04
1.173000000000000000e+03 0.000000000000000000e+00 0.000000000000000000e+00 3.593521766750773153e-13 0.000000000000000000e+00 1.597494399926813321e-04
1.174000000000000000e+03 0.000000000000000000e+00 0.000000000000000000e+00 3.578904970554332511e-13 0.000000000000000000e+00 1.841997493053463566e-04
1.175000000000000000e+03 0.000000000000000000e+00 0.000000000000000000e+00 3.583658234433897531e-13 0.000000000000000000e+00 1.186706197224510776e-04
1.176000000000000000e+03 0.000000000000000000e+00 0.000000000000000000e+00 3.607781558389468213e-13 0.000000000000000000e+00 1.755492348144542536e-04
1.177000000000000000e+03 0.000000000000000000e+00 0.000000000000000000e+00 3.631904882345039400e-13 0.000000000000000000e+00 1.492232396948389326e-04
1.178000000000000000e+03 0.000000000000000000e+00 0.000000000000000000e+00 3.656028206300610587e-13 0.000000000000000000e+00 9.198026247429180974e-05
1.179000000000000000e+03 0.000000000000000000e+00 0.000000000000000000e+00 3.680151530256181269e-13 0.000000000000000000e+00 1.141393850561152069e-04
1.180000000000000000e+03 0.000000000000000000e+00 0.000000000000000000e+00 3.704274854211752455e-13 0.000000000000000000e+00 1.348371711460049846e-04
1.181000000000000000e+03 0.000000000000000000e+00 0.000000000000000000e+00 3.728398178167323137e-13 0.000000000000000000e+00 2.489233788452382902e-04
1.182000000000000000e+03 0.000000000000000000e+00 0.000000000000000000e+00 3.752521502122894324e-13 0.000000000000000000e+00 1.803662317337021608e-04
1.183000000000000000e+03 0.000000000000000000e+00 0.000000000000000000e+00 3.776644826078465511e-13 0.000000000000000000e+00 1.548147484247278170e-04
1.184000000000000000e+03 0.000000000000000000e+00 0.000000000000000000e+00 3.800768150034036193e-13 0.000000000000000000e+00 1.152040875040098061e-04
1.185000000000000000e+03 0.000000000000000000e+00 0.000000000000000000e+00 3.820673760154475117e-13 0.000000000000000000e+00 1.364424677787540380e-04
1.186000000000000000e+03 0.000000000000000000e+00 0.000000000000000000e+00 3.836361656439781274e-13 0.000000000000000000e+00 1.256229032987878308e-04
1.187000000000000000e+03 0.000000000000000000e+00 0.000000000000000000e+00 3.852049552725087430e-13 0.000000000000000000e+00 1.555515399440309757e-04
1.188000000000000000e+03 0.000000000000000000e+00 0.000000000000000000e+00 3.867737449010393587e-13 0.000000000000000000e+00 1.641375229003106881e-04
1.189000000000000000e+03 0.000000000000000000e+00 0.000000000000000000e+00 3.883425345295699744e-13 0.000000000000000000e+00 1.094541791497134824e-04
1.190000000000000000e+03 0.000000000000000000e+00 0.000000000000000000e+00 3.899113241581005901e-13 0.000000000000000000e+00 2.396558248139606161e-04
1.191000000000000000e+03 0.000000000000000000e+00 0.000000000000000000e+00 3.914801137866312057e-13 0.000000000000000000e+00 1.276190885470580448e-04
1.192000000000000000e+03 0.000000000000000000e+00 0.000000000000000000e+00 3.930489034151618214e-13 0.000000000000000000e+00 1.385275432318096571e-04
1.193000000000000000e+03 0.000000000000000000e+00 0.000000000000000000e+00 3.946176930436924371e-13 0.000000000000000000e+00 1.247468676228595042e-04
1.194000000000000000e+03 0.000000000000000000e+00 0.000000000000000000e+00 3.961864826722230528e-13 0.000000000000000000e+00 1.461493170056859018e-04
1.195000000000000000e+03 0.000000000000000000e+00 0.000000000000000000e+00 3.973199062491168936e-13 0.000000000000000000e+00 1.726254135504268759e-04
1.196000000000000000e+03 0.000000000000000000e+00 0.000000000000000000e+00 3.980179637743738585e-13 0.000000000000000000e+00 2.031778444687878352e-04
1.197000000000000000e+03 0.000000000000000000e+00 0.000000000000000000e+00 3.987160212996308234e-13 0.000000000000000000e+00 6.672546867872966483e-05
1.198000000000000000e+03 0.000000000000000000e+00 0.000000000000000000e+00 3.994140788248878388e-13 0.000000000000000000e+00 1.030175451491571054e-04
1.199000000000000000e+03 0.000000000000000000e+00 0.000000000000000000e+00 4.001121363501448038e-13 0.000000000000000000e+00 1.935204347003361422e-04
1.200000000000000000e+03 0.000000000000000000e+00 0.000000000000000000e+00 4.008101938754018192e-13 0.000000000000000000e+00 1.446708366564479617e-04
1.201000000000000000e+03 0.000000000000000000e+00 0.000000000000000000e+00 4.015082514006587841e-13 0.000000000000000000e+00 1.530987217627231053e-04
1.202000000000000000e+03 0.000000000000000000e+00 0.000000000000000000e+00 4.022063089259157995e-13 0.000000000000000000e+00 1.865597515834895232e-04
1.203000000000000000e+03 0.000000000000000000e+00 0.000000000000000000e+00 4.029043664511727645e-13 0.000000000000000000e+00 1.772767234018056361e-04
1.204000000000000000e+03 0.000000000000000000e+00 0.000000000000000000e+00 4.036024239764297294e-13 0.000000000000000000e+00 1.884014506468461886e-04
1.205000000000000000e+03 0.000000000000000000e+00 0.000000000000000000e+00 4.042343035142184628e-13 0.000000000000000000e+00 9.565329117570331365e-05
1.206000000000000000e+03 0.000000000000000000e+00 0.000000000000000000e+00 4.048000050645389140e-13 0.000000000000000000e+00 1.101350990144122174e-04
1.207000000000000000e+03 0.000000000000000000e+00 0.000000000000000000e+00 4.053657066148593149e-13 0.000000000000000000e+00 1.321850590070605181e-04
1.208000000000000000e+03 0.000000000000000000e+00 0.000000000000000000e+00 4.059314081651797661e-13 0.000000000000000000e+00 1.502510796364498412e-04
1.209000000000000000e+03 0.000000000000000000e+00 0.000000000000000000e+00 4.064971097155002174e-13 0.000000000000000000e+00 1.585232783281277028e-04
1.210000000000000000e+03 0.000000000000000000e+00 0.000000000000000000e+00 4.070628112658206687e-13 0.000000000000000000e+00 1.906175852142149457e-04
1.211000000000000000e+03 0.000000000000000000e+00 0.000000000000000000e+00 4.076285128161411200e-13 0.000000000000000000e+00 1.275482572208318254e-04
1.212000000000000000e+03 0.000000000000000000e+00 0.000000000000000000e+00 4.081942143664615713e-13 0.000000000000000000e+00 1.914747450196869647e-04
1.213000000000000000e+03 0.000000000000000000e+00 0.000000000000000000e+00 4.087599159167819721e-13 0.000000000000000000e+00 1.424072697652186748e-04
1.214000000000000000e+03 0.000000000000000000e+00 0.000000000000000000e+00 4.093256174671024234e-13 0.000000000000000000e+00 9.696784708167410034e-05
1.215000000000000000e+03 0.000000000000000000e+00 0.000000000000000000e+00 4.094016112942909310e-13 0.000000000000000000e+00 1.320348110206048711e-04
1.216000000000000000e+03 0.000000000000000000e+00 0.000000000000000000e+00 4.089878973983475454e-13 0.000000000000000000e+00 1.373850013039631631e-04
1.217000000000000000e+03 0.000000000000000000e+00 0.000000000000000000e+00 4.085741835024041598e-13 0.000000000000000000e+00 1.538759972636834846e-04
1.218000000000000000e+03 0.000000000000000000e+00 0.000000000000000000e+00 4.081604696064607742e-13 0.000000000000000000e+00 2.362509389819797043e-04
1.219000000000000000e+03 0.000000000000000000e+00 0.000000000000000000e+00 4.077467557105173886e-13 0.000000000000000000e+00 6.553954391103187940e-05
1.220000000000000000e+03 0.000000000000000000e+00 0.000000000000000000e+00 4.073330418145740030e-13 0.000000000000000000e+00 1.538020116991956781e-04
1.221000000000000000e+03 0.000000000000000000e+00 0.000000000000000000e+00 4.069193279186306174e-13 0.000000000000000000e+00 1.869317754654400065e-04
1.222000000000000000e+03 0.000000000000000000e+00 0.000000000000000000e+00 4.065056140226872318e-13 0.000000000000000000e+00 1.211145107807043870e-04
1.223000000000000000e+03 0.000000000000000000e+00 0.000000000000000000e+00 4.060919001267438462e-13 0.000000000000000000e+00 1.738704912186785675e-04
1.224000000000000000e+03 0.000000000000000000e+00 0.000000000000000000e+00 4.056781862308004606e-13 0.000000000000000000e+00 1.785304452986164077e-04
1.225000000000000000e+03 0.000000000000000000e+00 0.000000000000000000e+00 4.079120414667036224e-13 0.000000000000000000e+00 9.869039515512538279e-05
1.226000000000000000e+03 0.000000000000000000e+00 0.000000000000000000e+00 4.127934658344533315e-13 0.000000000000000000e+00 1.766563739055315610e-04
1.227000000000000000e+03 0.000000000000000000e+00 0.000000000000000000e+00 4.176748902022030406e-13 0.000000000000000000e+00 9.735514671350853507e-05
1.228000000000000000e+03 0.000000000000000000e+00 0.000000000000000000e+00 4.225563145699528003e-13 0.000000000000000000e+00 1.296334098713743999e-04
1.229000000000000000e+03 0.000000000000000000e+00 0.000000000000000000e+00 4.274377389377025094e-13 0.000000000000000000e+00 8.367715484647973300e-05
1.230000000000000000e+03 0.000000000000000000e+00 0.000000000000000000e+00 4.323191633054522185e-13 0.000000000000000000e+00 2.279201690837727532e-04
1.231000000000000000e+03 0.000000000000000000e+00 0.000000000000000000e+00 4.372005876732019277e-13 0.000000000000000000e+00 1.780555149734292040e-04
1.232000000000000000e+03 0.000000000000000000e+00 0.000000000000000000e+00 4.420820120409516873e-13 0.000000000000000000e+00 1.926698029954700792e-04
1.233000000000000000e+03 0.000000000000000000e+00 0.000000000000000000e+00 4.469634364087013964e-13 0.000000000000000000e+00 9.896699507336912240e-05
1.234000000000000000e+03 0.000000000000000000e+00 0.000000000000000000e+00 4.518448607764511056e-13 0.000000000000000000e+00 1.352902383858118642e-04
1.235000000000000000e+03 0.000000000000000000e+00 0.000000000000000000e+00 4.539738431102750849e-13 0.000000000000000000e+00 1.357314167543889659e-04
1.236000000000000000e+03 0.000000000000000000e+00 0.000000000000000000e+00 4.533503834101733343e-13 0.000000000000000000e+00 1.009442852718558351e-04
1.237000000000000000e+03 0.000000000000000000e+00 0.000000000000000000e+00 4.527269237100715837e-13 0.000000000000000000e+00 1.559036873453637732e-04
1.238000000000000000e+03 0.000000000000000000e+00 0.000000000000000000e+00 4.521034640099697827e-13 0.000000000000000000e+00 1.768345244658308258e-04
1.239000000000000000e+03 0.000000000000000000e+00 0.000000000000000000e+00 4.514800043098680321e-13 0.000000000000000000e+00 1.137173925447212925e-04
1.240000000000000000e+03 0.000000000000000000e+00 0.000000000000000000e+00 4.508565446097662311e-13 0.000000000000000000e+00 2.361656085378734257e-04
1.241000000000000000e+03 0.000000000000000000e+00 0.000000000000000000e+00 4.502330849096644805e-13 0.000000000000000000e+00 9.428982452268534829e-05
1.242000000000000000e+03 0.000000000000000000e+00 0.000000000000000000e+00 4.496096252095626794e-13 0.000000000000000000e+00 1.159184128381894531e-04
1.243000000000000000e+03 0.000000000000000000e+00 0.000000000000000000e+00 4.489861655094609289e-13 0.000000000000000000e+00 1.805334729356239322e-04
1.244000000000000000e+03 0.000000000000000000e+00 0.000000000000000000e+00 4.483627058093591783e-13 0.000000000000000000e+00 9.537630301318098306e-05
1.245000000000000000e+03 0.000000000000000000e+00 0.000000000000000000e+00 4.495028901542768334e-13 0.000000000000000000e+00 1.983856792816919633e-04
1.246000000000000000e+03 0.000000000000000000e+00 0.000000000000000000e+00 4.524067185442138941e-13 0.000000000000000000e+00 1.376097597272957663e-04
1.247000000000000000e+03 0.000000000000000000e+00 0.000000000000000000e+00 4.553105469341510053e-13 0.000000000000000000e+00 1.178228425648438881e-04
1.248000000000000000e+03 0.000000000000000000e+00 0.000000000000000000e+00 4.582143753240880155e-13 0.000000000000000000e+00 1.487673525299062073e-04
1.249000000000000000e+03 0.000000000000000000e+00 0.000000000000000000e+00 4.611182037140251268e-13 0.000000000000000000e+00 1.054948332137214511e-04
1.250000000000000000e+03 0.000000000000000000e+00 0.000000000000000000e+00 4.640220321039622380e-13 0.000000000000000000e+00 1.664199952324687366e-04
1.251000000000000000e+03 0.000000000000000000e+00 0.000000000000000000e+00 4.669258604938992482e-13 0.000000000000000000e+00 1.038868052485462023e-04
1.252000000000000000e+03 0.000000000000000000e+00 0.000000000000000000e+00 4.698296888838363594e-13 0.000000000000000000e+00 2.149956280974851255e-04
1.253000000000000000e+03 0.000000000000000000e+00 0.000000000000000000e+00 4.727335172737733696e-13 0.000000000000000000e+00 1.626170551425115067e-04
1.254000000000000000e+03 0.000000000000000000e+00 0.000000000000000000e+00 4.756373456637104808e-13 0.000000000000000000e+00 1.783289368040757235e-04
1.255000000000000000e+03 0.000000000000000000e+00 0.000000000000000000e+00 4.760406659352551718e-13 0.000000000000000000e+00 8.266140938763959255e-05
1.256000000000000000e+03 0.000000000000000000e+00 0.000000000000000000e+00 4.739434780884075436e-13 0.000000000000000000e+00 1.137932201930406262e-04
1.257000000000000000e+03 0.000000000000000000e+00 0.000000000000000000e+00 4.718462902415599153e-13 0.000000000000000000e+00 1.515956049719657263e-04
1.258000000000000000e+03 0.000000000000000000e+00 0.000000000000000000e+00 4.697491023947121861e-13 0.000000000000000000e+00 6.790103031325545860e-05
1.259000000000000000e+03 0.000000000000000000e+00 0.000000000000000000e+00 4.676519145478645578e-13 0.000000000000000000e+00 2.418103925416147906e-04
1.260000000000000000e+03 0.000000000000000000e+00 0.000000000000000000e+00 4.655547267010169296e-13 0.000000000000000000e+00 1.265110445212484726e-04
1.261000000000000000e+03 0.000000000000000000e+00 0.000000000000000000e+00 4.634575388541693013e-13 0.000000000000000000e+00 1.553474028566523496e-04
1.262000000000000000e+03 0.000000000000000000e+00 0.000000000000000000e+00 4.613603510073215721e-13 0.000000000000000000e+00 1.738169569484950320e-04
1.263000000000000000e+03 0.000000000000000000e+00 0.000000000000000000e+00 4.592631631604739438e-13 0.000000000000000000e+00 1.039242796397087446e-04
1.264000000000000000e+03 0.000000000000000000e+00 0.000000000000000000e+00 4.571659753136263155e-13 0.000000000000000000e+00 9.956934567202870197e-05
1.265000000000000000e+03 0.000000000000000000e+00 0.000000000000000000e+00 4.574145530974735959e-13 0.000000000000000000e+00 1.195372591458423626e-04
1.266000000000000000e+03 0.000000000000000000e+00 0.000000000000000000e+00 4.600088965120157848e-13 0.000000000000000000e+00 2.109549724641163269e-04
1.267000000000000000e+03 0.000000000000000000e+00 0.000000000000000000e+00 4.626032399265579738e-13 0.000000000000000000e+00 1.150676369829607096e-04
1.268000000000000000e+03 0.000000000000000000e+00 0.000000000000000000e+00 4.651975833411002637e-13 0.000000000000000000e+00 1.726130369955505123e-04
1.269000000000000000e+03 0.000000000000000000e+00 0.000000000000000000e+00 4.677919267556424527e-13 0.000000000000000000e+00 9.043254537276125148e-05
1.270000000000000000e+03 0.000000000000000000e+00 0.000000000000000000e+00 4.703862701701846416e-13 0.000000000000000000e+00 1.577636641933641271e-04
1.271000000000000000e+03 0.000000000000000000e+00 0.000000000000000000e+00 4.729806135847268306e-13 0.000000000000000000e+00 1.906260807836611198e-04
1.272000000000000000e+03 0.000000000000000000e+00 0.000000000000000000e+00 4.755749569992691205e-13 0.000000000000000000e+00 6.199856731713842845e-05
1.273000000000000000e+03 0.000000000000000000e+00 0.000000000000000000e+00 4.781693004138113095e-13 0.000000000000000000e+00 2.169052732731220515e-04
1.274000000000000000e+03 0.000000000000000000e+00 0.000000000000000000e+00 4.807636438283534984e-13 0.000000000000000000e+00 1.197929920695838256e-04
1.275000000000000000e+03 0.000000000000000000e+00 0.000000000000000000e+00 4.828896461046728815e-13 0.000000000000000000e+00 1.271072923483640513e-04
1.276000000000000000e+03 0.000000000000000000e+00 0.000000000000000000e+00 4.845473072427692568e-13 0.000000000000000000e+00 1.694281635557957292e-04
1.277000000000000000e+03 0.000000000000000000e+00 0.000000000000000000e+00 4.862049683808656321e-13 0.000000000000000000e+00 5.416469023349696399e-05
1.278000000000000000e+03 0.000000000000000000e+00 0.000000000000000000e+00 4.878626295189620074e-13 0.000000000000000000e+00 1.168958533731910798e-04
1.279000000000000000e+03 0.000000000000000000e+00 0.000000000000000000e+00 4.895202906570583827e-13 0.000000000000000000e+00 1.586145008989618579e-04
1.280000000000000000e+03 0.000000000000000000e+00 0.000000000000000000e+00 4.911779517951548589e-13 0.000000000000000000e+00 1.765956411762264642e-04
1.281000000000000000e+03 0.000000000000000000e+00 0.000000000000000000e+00 4.928356129332512342e-13 0.000000000000000000e+00 1.925416566915630649e-04
1.282000000000000000e+03 0.000000000000000000e+00 0.000000000000000000e+00 4.944932740713476095e-13 0.000000000000000000e+00 1.286416149235413168e-04
1.283000000000000000e+03 0.000000000000000000e+00 0.000000000000000000e+00 4.961509352094439848e-13 0.000000000000000000e+00 9.930790262689557981e-05
1.284000000000000000e+03 0.000000000000000000e+00 0.000000000000000000e+00 4.978085963475403601e-13 0.000000000000000000e+00 1.681855811886446043e-04
1.285000000000000000e+03 0.000000000000000000e+00 0.000000000000000000e+00 4.981221394804756912e-13 0.000000000000000000e+00 1.188337991418399474e-04
1.286000000000000000e+03 0.000000000000000000e+00 0.000000000000000000e+00 4.970915646082499781e-13 0.000000000000000000e+00 6.381591620223117320e-05
1.287000000000000000e+03 0.000000000000000000e+00 0.000000000000000000e+00 4.960609897360242651e-13 0.000000000000000000e+00 1.729073984341705067e-04
1.288000000000000000e+03 0.000000000000000000e+00 0.000000000000000000e+00 4.950304148637984510e-13 0.000000000000000000e+00 1.747525937193751468e-04
1.289000000000000000e+03 0.000000000000000000e+00 0.000000000000000000e+00 4.939998399915727379e-13 0.000000000000000000e+00 9.880936940785190522e-05
1.290000000000000000e+03 0.000000000000000000e+00 0.000000000000000000e+00 4.929692651193470249e-13 0.000000000000000000e+00 1.820733715210224864e-04
1.291000000000000000e+03 0.000000000000000000e+00 0.000000000000000000e+00 4.919386902471213118e-13 0.000000000000000000e+00 1.298451582997996883e-04
1.292000000000000000e+03 0.000000000000000000e+00 0.000000000000000000e+00 4.909081153748954977e-13 0.000000000000000000e+00 1.090032117307976214e-04
1.293000000000000000e+03 0.000000000000000000e+00 0.000000000000000000e+00 4.898775405026697847e-13 0.000000000000000000e+00 1.382492149315588624e-04
1.294000000000000000e+03 0.000000000000000000e+00 0.000000000000000000e+00 4.888469656304440716e-13 0.000000000000000000e+00 1.720393540083848594e-04
1.295000000000000000e+03 0.000000000000000000e+00 0.000000000000000000e+00 4.905359268296999055e-13 0.000000000000000000e+00 1.279758011075558420e-04
1.296000000000000000e+03 0.000000000000000000e+00 0.000000000000000000e+00 4.949444241004374883e-13 0.000000000000000000e+00 1.220299906715115878e-04
1.297000000000000000e+03 0.000000000000000000e+00 0.000000000000000000e+00 4.993529213711750711e-13 0.000000000000000000e+00 1.203307571938970824e-04
1.298000000000000000e+03 0.000000000000000000e+00 0.000000000000000000e+00 5.037614186419126539e-13 0.000000000000000000e+00 1.595906432037337726e-04
1.299000000000000000e+03 0.000000000000000000e+00 0.000000000000000000e+00 5.081699159126502368e-13 0.000000000000000000e+00 4.426559338144008421e-05
1.300000000000000000e+03 0.000000000000000000e+00 0.000000000000000000e+00 5.125784131833877186e-13 0.000000000000000000e+00 1.692358639061313126e-04
1.301000000000000000e+03 0.000000000000000000e+00 0.000000000000000000e+00 5.169869104541253014e-13 0.000000000000000000e+00 1.838497646113284158e-04
1.302000000000000000e+03 0.000000000000000000e+00 0.000000000000000000e+00 5.213954077248628843e-13 0.000000000000000000e+00 1.924686996454268812e-04
1.303000000000000000e+03 0.000000000000000000e+00 0.000000000000000000e+00 5.258039049956004671e-13 0.000000000000000000e+00 7.172634128308020347e-05
1.304000000000000000e+03 0.000000000000000000e+00 0.000000000000000000e+00 5.302124022663380499e-13 0.000000000000000000e+00 1.600420821593932991e-04
1.305000000000000000e+03 0.000000000000000000e+00 0.000000000000000000e+00 5.322733566396522846e-13 0.000000000000000000e+00 8.436518406607779186e-05
1.306000000000000000e+03 0.000000000000000000e+00 0.000000000000000000e+00 5.319867681155433732e-13 0.000000000000000000e+00 1.586955537388180478e-04
1.307000000000000000e+03 0.000000000000000000e+00 0.000000000000000000e+00 5.317001795914343607e-13 0.000000000000000000e+00 1.025290689078067004e-04
1.308000000000000000e+03 0.000000000000000000e+00 0.000000000000000000e+00 5.314135910673253483e-13 0.000000000000000000e+00 1.023339037095326195e-04
1.309000000000000000e+03 0.000000000000000000e+00 0.000000000000000000e+00 5.311270025432164368e-13 0.000000000000000000e+00 1.557739702163018309e-04
1.310000000000000000e+03 0.000000000000000000e+00 0.000000000000000000e+00 5.308404140191074244e-13 0.000000000000000000e+00 2.101316999014226641e-04
1.311000000000000000e+03 0.000000000000000000e+00 0.000000000000000000e+00 5.305538254949985130e-13 0.000000000000000000e+00 1.071082163636657584e-04
1.312000000000000000e+03 0.000000000000000000e+00 0.000000000000000000e+00 5.302672369708895005e-13 0.000000000000000000e+00 1.855139568827784686e-04
1.313000000000000000e+03 0.000000000000000000e+00 0.000000000000000000e+00 5.299806484467804881e-13 0.000000000000000000e+00 3.895504172790510976e-05
1.314000000000000000e+03 0.000000000000000000e+00 0.000000000000000000e+00 5.296940599226715766e-13 0.000000000000000000e+00 8.066865705802400460e-05
1.315000000000000000e+03 0.000000000000000000e+00 0.000000000000000000e+00 5.298046379402496907e-13 0.000000000000000000e+00 2.003106659895244996e-04
1.316000000000000000e+03 0.000000000000000000e+00 0.000000000000000000e+00 5.303123824995150322e-13 0.000000000000000000e+00 1.521709040526639223e-04
1.317000000000000000e+03 0.000000000000000000e+00 0.000000000000000000e+00 5.308201270587803738e-13 0.000000000000000000e+00 1.256836274517432006e-04
1.318000000000000000e+03 0.000000000000000000e+00 0.000000000000000000e+00 5.313278716180456144e-13 0.000000000000000000e+00 9.823483369435346993e-05
1.319000000000000000e+03 0.000000000000000000e+00 0.000000000000000000e+00 5.318356161773109559e-13 0.000000000000000000e+00 1.131549425991247110e-04
1.320000000000000000e+03 0.000000000000000000e+00 0.000000000000000000e+00 5.323433607365762974e-13 0.000000000000000000e+00 1.585843705389983541e-04
1.321000000000000000e+03 0.000000000000000000e+00 0.000000000000000000e+00 5.328511052958416390e-13 0.000000000000000000e+00 1.121622286695103844e-04
1.322000000000000000e+03 0.000000000000000000e+00 0.000000000000000000e+00 5.333588498551068795e-13 0.000000000000000000e+00 1.599170976936565571e-04
1.323000000000000000e+03 0.000000000000000000e+00 0.000000000000000000e+00 5.338665944143722211e-13 0.000000000000000000e+00 1.193841143354640506e-04
1.324000000000000000e+03 0.000000000000000000e+00 0.000000000000000000e+00 5.343743389736375626e-13 0.000000000000000000e+00 1.692453819076471862e-04
1.325000000000000000e+03 0.000000000000000000e+00 0.000000000000000000e+00 5.351459791318586379e-13 0.000000000000000000e+00 1.105137543977243608e-04
1.326000000000000000e+03 0.000000000000000000e+00 0.000000000000000000e+00 5.361815148890355479e-13 0.000000000000000000e+00 1.212437623612428914e-04
1.327000000000000000e+03 0.000000000000000000e+00 0.000000000000000000e+00 5.372170506462123570e-13 0.000000000000000000e+00 7.052356047503711110e-05
1.328000000000000000e+03 0.000000000000000000e+00 0.000000000000000000e+00 5.382525864033892670e-13 0.000000000000000000e+00 1.150423414579475161e-04
1.329000000000000000e+03 0.000000000000000000e+00 0.000000000000000000e+00 5.392881221605661770e-13 0.000000000000000000e+00 1.416551066276348881e-04
1.330000000000000000e+03 0.000000000000000000e+00 0.000000000000000000e+00 5.403236579177429861e-13 0.000000000000000000e+00 1.629569187943469906e-04
1.331000000000000000e+03 0.000000000000000000e+00 0.000000000000000000e+00 5.413591936749198961e-13 0.000000000000000000e+00 1.496161492536582729e-04
1.332000000000000000e+03 0.000000000000000000e+00 0.000000000000000000e+00 5.423947294320968061e-13 0.000000000000000000e+00 1.469977786528892929e-04
1.333000000000000000e+03 0.000000000000000000e+00 0.000000000000000000e+00 5.434302651892736152e-13 0.000000000000000000e+00 9.316968685919754497e-05
1.334000000000000000e+03 0.000000000000000000e+00 0.000000000000000000e+00 5.444658009464505252e-13 0.000000000000000000e+00 1.185716867868181172e-04
1.335000000000000000e+03 0.000000000000000000e+00 0.000000000000000000e+00 5.447941709437354177e-13 0.000000000000000000e+00 1.329416623709147899e-04
1.336000000000000000e+03 0.000000000000000000e+00 0.000000000000000000e+00 5.444153751811283935e-13 0.000000000000000000e+00 7.809657364427308006e-05
1.337000000000000000e+03 0.000000000000000000e+00 0.000000000000000000e+00 5.440365794185212685e-13 0.000000000000000000e+00 1.668207155201431677e-04
1.338000000000000000e+03 0.000000000000000000e+00 0.000000000000000000e+00 5.436577836559141434e-13 0.000000000000000000e+00 1.628256236620640091e-04
1.339000000000000000e+03 0.000000000000000000e+00 0.000000000000000000e+00 5.432789878933071193e-13 0.000000000000000000e+00 5.539771846019981964e-05
1.340000000000000000e+03 0.000000000000000000e+00 0.000000000000000000e+00 5.429001921306999942e-13 0.000000000000000000e+00 1.552334781435657117e-04
1.341000000000000000e+03 0.000000000000000000e+00 0.000000000000000000e+00 5.425213963680929701e-13 0.000000000000000000e+00 1.148007901907711724e-04
1.342000000000000000e+03 0.000000000000000000e+00 0.000000000000000000e+00 5.421426006054858450e-13 0.000000000000000000e+00 1.568296989478277961e-04
1.343000000000000000e+03 0.000000000000000000e+00 0.000000000000000000e+00 5.417638048428787199e-13 0.000000000000000000e+00 9.441263134473623240e-05
1.344000000000000000e+03 0.000000000000000000e+00 0.000000000000000000e+00 5.413850090802716958e-13 0.000000000000000000e+00 1.411263448953532069e-04
1.345000000000000000e+03 0.000000000000000000e+00 0.000000000000000000e+00 5.436080059794948783e-13 0.000000000000000000e+00 1.610207265878656657e-04
1.346000000000000000e+03 0.000000000000000000e+00 0.000000000000000000e+00 5.484327955405482673e-13 0.000000000000000000e+00 1.403329149498831481e-04
1.347000000000000000e+03 0.000000000000000000e+00 0.000000000000000000e+00 5.532575851016017572e-13 0.000000000000000000e+00 8.419717263025329338e-05
1.348000000000000000e+03 0.000000000000000000e+00 0.000000000000000000e+00 5.580823746626551462e-13 0.000000000000000000e+00 1.241486280371545674e-04
1.349000000000000000e+03 0.000000000000000000e+00 0.000000000000000000e+00 5.629071642237085352e-13 0.000000000000000000e+00 3.502997103532664989e-05
1.350000000000000000e+03 0.000000000000000000e+00 0.000000000000000000e+00 5.677319537847620251e-13 0.000000000000000000e+00 1.165715700044853088e-04
1.351000000000000000e+03 0.000000000000000000e+00 0.000000000000000000e+00 5.725567433458154141e-13 0.000000000000000000e+00 2.568763770887051625e-04
1.352000000000000000e+03 0.000000000000000000e+00 0.000000000000000000e+00 5.773815329068688031e-13 0.000000000000000000e+00 1.303145680368711476e-04
1.353000000000000000e+03 0.000000000000000000e+00 0.000000000000000000e+00 5.822063224679222930e-13 0.000000000000000000e+00 6.739589412260261830e-05
1.354000000000000000e+03 0.000000000000000000e+00 0.000000000000000000e+00 5.870311120289756820e-13 0.000000000000000000e+00 1.467996475387076875e-04
1.355000000000000000e+03 0.000000000000000000e+00 0.000000000000000000e+00 5.888029316193785033e-13 0.000000000000000000e+00 8.804174409067700617e-05
1.356000000000000000e+03 0.000000000000000000e+00 0.000000000000000000e+00 5.875217812391305550e-13 0.000000000000000000e+00 1.114175556374335862e-04
1.357000000000000000e+03 0.000000000000000000e+00 0.000000000000000000e+00 5.862406308588826067e-13 0.000000000000000000e+00 1.073372659984040545e-04
1.358000000000000000e+03 0.000000000000000000e+00 0.000000000000000000e+00 5.849594804786347593e-13 0.000000000000000000e+00 1.389653675516324760e-04
1.359000000000000000e+03 0.000000000000000000e+00 0.000000000000000000e+00 5.836783300983868110e-13 0.000000000000000000e+00 1.165507042590357869e-04
1.360000000000000000e+03 0.000000000000000000e+00 0.000000000000000000e+00 5.823971797181388627e-13 0.000000000000000000e+00 1.687927864819974946e-04
1.361000000000000000e+03 0.000000000000000000e+00 0.000000000000000000e+00 5.811160293378909144e-13 0.000000000000000000e+00 1.187568709319745421e-04
1.362000000000000000e+03 0.000000000000000000e+00 0.000000000000000000e+00 5.798348789576430671e-13 0.000000000000000000e+00 1.228632637298747367e-04
1.363000000000000000e+03 0.000000000000000000e+00 0.000000000000000000e+00 5.785537285773951188e-13 0.000000000000000000e+00 8.055069151927068515e-05
1.364000000000000000e+03 0.000000000000000000e+00 0.000000000000000000e+00 5.772725781971471705e-13 0.000000000000000000e+00 9.669833555235624750e-05
1.365000000000000000e+03 0.000000000000000000e+00 0.000000000000000000e+00 5.782425553980457010e-13 0.000000000000000000e+00 1.677604418750883110e-04
1.366000000000000000e+03 0.000000000000000000e+00 0.000000000000000000e+00 5.814636601800907102e-13 0.000000000000000000e+00 1.223750277550200228e-04
1.367000000000000000e+03 0.000000000000000000e+00 0.000000000000000000e+00 5.846847649621357194e-13 0.000000000000000000e+00 1.016250372556729427e-04
1.368000000000000000e+03 0.000000000000000000e+00 0.000000000000000000e+00 5.879058697441806277e-13 0.000000000000000000e+00 9.559057807100607303e-05
1.369000000000000000e+03 0.000000000000000000e+00 0.000000000000000000e+00 5.911269745262256369e-13 0.000000000000000000e+00 1.094113200993459146e-04
1.370000000000000000e+03 0.000000000000000000e+00 0.000000000000000000e+00 5.943480793082706462e-13 0.000000000000000000e+00 1.225692611071533395e-04
1.371000000000000000e+03 0.000000000000000000e+00 0.000000000000000000e+00 5.975691840903156554e-13 0.000000000000000000e+00 1.333032522285540228e-04
1.372000000000000000e+03 0.000000000000000000e+00 0.000000000000000000e+00 6.007902888723605637e-13 0.000000000000000000e+00 1.349968846621135232e-04
1.373000000000000000e+03 0.000000000000000000e+00 0.000000000000000000e+00 6.040113936544055729e-13 0.000000000000000000e+00 1.475534145692088519e-04
1.374000000000000000e+03 0.000000000000000000e+00 0.000000000000000000e+00 6.072324984364505821e-13 0.000000000000000000e+00 1.413586928714696009e-04
1.375000000000000000e+03 0.000000000000000000e+00 0.000000000000000000e+00 6.077890725825276521e-13 0.000000000000000000e+00 6.853711343739856473e-05
1.376000000000000000e+03 0.000000000000000000e+00 0.000000000000000000e+00 6.056811160926368838e-13 0.000000000000000000e+00 1.397529707165656818e-04
1.377000000000000000e+03 0.000000000000000000e+00 0.000000000000000000e+00 6.035731596027462165e-13 0.000000000000000000e+00 3.838482434327169384e-05
1.378000000000000000e+03 0.000000000000000000e+00 0.000000000000000000e+00 6.014652031128554482e-13 0.000000000000000000e+00 1.230653767719535089e-04
1.379000000000000000e+03 0.000000000000000000e+00 0.000000000000000000e+00 5.993572466229646800e-13 0.000000000000000000e+00 1.633411678926245062e-04
1.380000000000000000e+03 0.000000000000000000e+00 0.000000000000000000e+00 5.972492901330739117e-13 0.000000000000000000e+00 1.069805354167518779e-04
1.381000000000000000e+03 0.000000000000000000e+00 0.000000000000000000e+00 5.951413336431831434e-13 0.000000000000000000e+00 1.318197642498818915e-04
1.382000000000000000e+03 0.000000000000000000e+00 0.000000000000000000e+00 5.930333771532923751e-13 0.000000000000000000e+00 1.603189102382685536e-04
1.383000000000000000e+03 0.000000000000000000e+00 0.000000000000000000e+00 5.909254206634017078e-13 0.000000000000000000e+00 7.750783266942797099e-05
1.384000000000000000e+03 0.000000000000000000e+00 0.000000000000000000e+00 5.888174641735109395e-13 0.000000000000000000e+00 1.007797874670416933e-04
1.385000000000000000e+03 0.000000000000000000e+00 0.000000000000000000e+00 5.876190600531297107e-13 0.000000000000000000e+00 9.426842223184811725e-05
1.386000000000000000e+03 0.000000000000000000e+00 0.000000000000000000e+00 5.873302083022580213e-13 0.000000000000000000e+00 1.111057961135899965e-04
1.387000000000000000e+03 0.000000000000000000e+00 0.000000000000000000e+00 5.870413565513863320e-13 0.000000000000000000e+00 1.443315578065478162e-04
1.388000000000000000e+03 0.000000000000000000e+00 0.000000000000000000e+00 5.867525048005146426e-13 0.000000000000000000e+00 1.158089644993184653e-04
1.389000000000000000e+03 0.000000000000000000e+00 0.000000000000000000e+00 5.864636530496429532e-13 0.000000000000000000e+00 9.182214998406632066e-05
1.390000000000000000e+03 0.000000000000000000e+00 0.000000000000000000e+00 5.861748012987711629e-13 0.000000000000000000e+00 1.107959689377433524e-04
1.391000000000000000e+03 0.000000000000000000e+00 0.000000000000000000e+00 5.858859495478994736e-13 0.000000000000000000e+00 1.216299878530934582e-04
1.392000000000000000e+03 0.000000000000000000e+00 0.000000000000000000e+00 5.855970977970277842e-13 0.000000000000000000e+00 1.100443952838027251e-04
1.393000000000000000e+03 0.000000000000000000e+00 0.000000000000000000e+00 5.853082460461560948e-13 0.000000000000000000e+00 1.581295466531504703e-04
1.394000000000000000e+03 0.000000000000000000e+00 0.000000000000000000e+00 5.850193942952844055e-13 0.000000000000000000e+00 9.351484720980189202e-05
1.395000000000000000e+03 0.000000000000000000e+00 0.000000000000000000e+00 5.884397970582788170e-13 0.000000000000000000e+00 1.272472947609601434e-04
1.396000000000000000e+03 0.000000000000000000e+00 0.000000000000000000e+00 5.955694543351392283e-13 0.000000000000000000e+00 1.214054151443675256e-04
1.397000000000000000e+03 0.000000000000000000e+00 0.000000000000000000e+00 6.026991116119997407e-13 0.000000000000000000e+00 6.583130799665606598e-05
1.398000000000000000e+03 0.000000000000000000e+00 0.000000000000000000e+00 6.098287688888601520e-13 0.000000000000000000e+00 1.232075923167319184e-04
1.399000000000000000e+03 0.000000000000000000e+00 0.000000000000000000e+00 6.169584261657206644e-13 0.000000000000000000e+00 5.786355640571259228e-05
1.400000000000000000e+03 0.000000000000000000e+00 0.000000000000000000e+00 6.240880834425810758e-13 0.000000000000000000e+00 1.530623487404850637e-04
1.401000000000000000e+03 0.000000000000000000e+00 0.000000000000000000e+00 6.312177407194415881e-13 0.000000000000000000e+00 1.580380323929632511e-04
1.402000000000000000e+03 0.000000000000000000e+00 0.000000000000000000e+00 6.383473979963019995e-13 0.000000000000000000e+00 1.261554990721435842e-04
1.403000000000000000e+03 0.000000000000000000e+00 0.000000000000000000e+00 6.454770552731625118e-13 0.000000000000000000e+00 5.648849177437456441e-05
1.404000000000000000e+03 0.000000000000000000e+00 0.000000000000000000e+00 6.526067125500229232e-13 0.000000000000000000e+00 1.346218254347696054e-04
1.405000000000000000e+03 0.000000000000000000e+00 0.000000000000000000e+00 6.531501965645284920e-13 0.000000000000000000e+00 9.056789957227570794e-05
1.406000000000000000e+03 0.000000000000000000e+00 0.000000000000000000e+00 6.471075073166791172e-13 0.000000000000000000e+00 8.057517477522813760e-05
1.407000000000000000e+03 0.000000000000000000e+00 0.000000000000000000e+00 6.410648180688297424e-13 0.000000000000000000e+00 1.265149384126667621e-04
1.408000000000000000e+03 0.000000000000000000e+00 0.000000000000000000e+00 6.350221288209802666e-13 0.000000000000000000e+00 9.319592216770498168e-05
1.409000000000000000e+03 0.000000000000000000e+00 0.000000000000000000e+00 6.289794395731308919e-13 0.000000000000000000e+00 1.495814959080088609e-04
1.410000000000000000e+03 0.000000000000000000e+00 0.000000000000000000e+00 6.229367503252815171e-13 0.000000000000000000e+00 1.260462697018571124e-04
1.411000000000000000e+03 0.000000000000000000e+00 0.000000000000000000e+00 6.168940610774321423e-13 0.000000000000000000e+00 6.438032535451414001e-05
1.412000000000000000e+03 0.000000000000000000e+00 0.000000000000000000e+00 6.108513718295826666e-13 0.000000000000000000e+00 1.451089021560309444e-04
1.413000000000000000e+03 0.000000000000000000e+00 0.000000000000000000e+00 6.048086825817332918e-13 0.000000000000000000e+00 5.086791206792431146e-05
1.414000000000000000e+03 0.000000000000000000e+00 0.000000000000000000e+00 5.987659933338839170e-13 0.000000000000000000e+00 1.800933795674794827e-04
1.415000000000000000e+03 0.000000000000000000e+00 0.000000000000000000e+00 5.982598628810650423e-13 0.000000000000000000e+00 1.076189647117900111e-04
1.416000000000000000e+03 0.000000000000000000e+00 0.000000000000000000e+00 6.032902912232767688e-13 0.000000000000000000e+00 5.319270623482349238e-05
1.417000000000000000e+03 0.000000000000000000e+00 0.000000000000000000e+00 6.083207195654884952e-13 0.000000000000000000e+00 1.200135260168113169e-04
1.418000000000000000e+03 0.000000000000000000e+00 0.000000000000000000e+00 6.133511479077002217e-13 0.000000000000000000e+00 1.073490850755651823e-04
1.419000000000000000e+03 0.000000000000000000e+00 0.000000000000000000e+00 6.183815762499119481e-13 0.000000000000000000e+00 7.503745599178342880e-05
1.420000000000000000e+03 0.000000000000000000e+00 0.000000000000000000e+00 6.234120045921236745e-13 0.000000000000000000e+00 1.356827205559286509e-04
1.421000000000000000e+03 0.000000000000000000e+00 0.000000000000000000e+00 6.284424329343354010e-13 0.000000000000000000e+00 1.131045279991766273e-04
1.422000000000000000e+03 0.000000000000000000e+00 0.000000000000000000e+00 6.334728612765471274e-13 0.000000000000000000e+00 1.235128226773169412e-04
1.423000000000000000e+03 0.000000000000000000e+00 0.000000000000000000e+00 6.385032896187588539e-13 0.000000000000000000e+00 1.195044028548860736e-04
1.424000000000000000e+03 0.000000000000000000e+00 0.000000000000000000e+00 6.435337179609705803e-13 0.000000000000000000e+00 1.282383148458963713e-04
1.425000000000000000e+03 0.000000000000000000e+00 0.000000000000000000e+00 6.442953121592506725e-13 0.000000000000000000e+00 3.954966799387863276e-05
1.426000000000000000e+03 0.000000000000000000e+00 0.000000000000000000e+00 6.407880722135992314e-13 0.000000000000000000e+00 1.198869457351172508e-04
1.427000000000000000e+03 0.000000000000000000e+00 0.000000000000000000e+00 6.372808322679476893e-13 0.000000000000000000e+00 7.035759823129870407e-05
1.428000000000000000e+03 0.000000000000000000e+00 0.000000000000000000e+00 6.337735923222962481e-13 0.000000000000000000e+00 9.855225350008590046e-05
1.429000000000000000e+03 0.000000000000000000e+00 0.000000000000000000e+00 6.302663523766448070e-13 0.000000000000000000e+00 1.384828356402209126e-04
1.430000000000000000e+03 0.000000000000000000e+00 0.000000000000000000e+00 6.267591124309933659e-13 0.000000000000000000e+00 1.109973528670234508e-04
1.431000000000000000e+03 0.000000000000000000e+00 0.000000000000000000e+00 6.232518724853419248e-13 0.000000000000000000e+00 1.219063643771901178e-04
1.432000000000000000e+03 0.000000000000000000e+00 0.000000000000000000e+00 6.197446325396904837e-13 0.000000000000000000e+00 1.040458577078231384e-04
1.433000000000000000e+03 0.000000000000000000e+00 0.000000000000000000e+00 6.162373925940389416e-13 0.000000000000000000e+00 8.022385926921970915e-05
1.434000000000000000e+03 0.000000000000000000e+00 0.000000000000000000e+00 6.127301526483875005e-13 0.000000000000000000e+00 1.079812029840971363e-04
1.435000000000000000e+03 0.000000000000000000e+00 0.000000000000000000e+00 6.134073373528006112e-13 0.000000000000000000e+00 7.259594067537440557e-05
1.436000000000000000e+03 0.000000000000000000e+00 0.000000000000000000e+00 6.182689467072783749e-13 0.000000000000000000e+00 1.325497258380342700e-04
1.437000000000000000e+03 0.000000000000000000e+00 0.000000000000000000e+00 6.231305560617560376e-13 0.000000000000000000e+00 1.039103341026416296e-04
1.438000000000000000e+03 0.000000000000000000e+00 0.000000000000000000e+00 6.279921654162337003e-13 0.000000000000000000e+00 9.730654754779708066e-05
1.439000000000000000e+03 0.000000000000000000e+00 0.000000000000000000e+00 6.328537747707114640e-13 0.000000000000000000e+00 5.706892361866261351e-05
1.440000000000000000e+03 0.000000000000000000e+00 0.000000000000000000e+00 6.377153841251891267e-13 0.000000000000000000e+00 1.484636354989003206e-04
1.441000000000000000e+03 0.000000000000000000e+00 0.000000000000000000e+00 6.425769934796668904e-13 0.000000000000000000e+00 8.637866428013582704e-05
1.442000000000000000e+03 0.000000000000000000e+00 0.000000000000000000e+00 6.474386028341445531e-13 0.000000000000000000e+00 9.993809235740525661e-05
1.443000000000000000e+03 0.000000000000000000e+00 0.000000000000000000e+00 6.523002121886222158e-13 0.000000000000000000e+00 1.295310944492378497e-04
1.444000000000000000e+03 0.000000000000000000e+00 0.000000000000000000e+00 6.571618215430999794e-13 0.000000000000000000e+00 8.583661917602929212e-05
1.445000000000000000e+03 0.000000000000000000e+00 0.000000000000000000e+00 6.600292520156028095e-13 0.000000000000000000e+00 1.258626048843716717e-04
1.446000000000000000e+03 0.000000000000000000e+00 0.000000000000000000e+00 6.609025036061308070e-13 0.000000000000000000e+00 9.587844828120590374e-05
1.447000000000000000e+03 0.000000000000000000e+00 0.000000000000000000e+00 6.617757551966589054e-13 0.000000000000000000e+00 4.815651141621494347e-05
1.448000000000000000e+03 0.000000000000000000e+00 0.000000000000000000e+00 6.626490067871869029e-13 0.000000000000000000e+00 1.132276417089062329e-04
1.449000000000000000e+03 0.000000000000000000e+00 0.000000000000000000e+00 6.635222583777149004e-13 0.000000000000000000e+00 7.729620810334556381e-05
1.450000000000000000e+03 0.000000000000000000e+00 0.000000000000000000e+00 6.643955099682429988e-13 0.000000000000000000e+00 1.393958809216965130e-04
1.451000000000000000e+03 0.000000000000000000e+00 0.000000000000000000e+00 6.652687615587709963e-13 0.000000000000000000e+00 1.196287822096628192e-04
1.452000000000000000e+03 0.000000000000000000e+00 0.000000000000000000e+00 6.661420131492989938e-13 0.000000000000000000e+00 1.119674081332066814e-04
1.453000000000000000e+03 0.000000000000000000e+00 0.000000000000000000e+00 6.670152647398270922e-13 0.000000000000000000e+00 9.320135111464491779e-05
1.454000000000000000e+03 0.000000000000000000e+00 0.000000000000000000e+00 6.678885163303550897e-13 0.000000000000000000e+00 8.295471135234793586e-05
1.455000000000000000e+03 0.000000000000000000e+00 0.000000000000000000e+00 6.671265173183410147e-13 0.000000000000000000e+00 7.276920766344409245e-05
1.456000000000000000e+03 0.000000000000000000e+00 0.000000000000000000e+00 6.647292677037849681e-13 0.000000000000000000e+00 8.571020871279833703e-05
1.457000000000000000e+03 0.000000000000000000e+00 0.000000000000000000e+00 6.623320180892289215e-13 0.000000000000000000e+00 9.271372175833635684e-05
1.458000000000000000e+03 0.000000000000000000e+00 0.000000000000000000e+00 6.599347684746727740e-13 0.000000000000000000e+00 1.236237809519852683e-04
1.459000000000000000e+03 0.000000000000000000e+00 0.000000000000000000e+00 6.575375188601167274e-13 0.000000000000000000e+00 8.059960363230302897e-05
1.460000000000000000e+03 0.000000000000000000e+00 0.000000000000000000e+00 6.551402692455605799e-13 0.000000000000000000e+00 1.231330001386808843e-04
1.461000000000000000e+03 0.000000000000000000e+00 0.000000000000000000e+00 6.527430196310045333e-13 0.000000000000000000e+00 7.246973330635135134e-05
1.462000000000000000e+03 0.000000000000000000e+00 0.000000000000000000e+00 6.503457700164483858e-13 0.000000000000000000e+00 1.240908208764990306e-04
1.463000000000000000e+03 0.000000000000000000e+00 0.000000000000000000e+00 6.479485204018923393e-13 0.000000000000000000e+00 8.224246417612420337e-05
1.464000000000000000e+03 0.000000000000000000e+00 0.000000000000000000e+00 6.455512707873362927e-13 0.000000000000000000e+00 1.005262538494131893e-04
1.465000000000000000e+03 0.000000000000000000e+00 0.000000000000000000e+00 6.466309076269591187e-13 0.000000000000000000e+00 1.171751624901600961e-04
1.466000000000000000e+03 0.000000000000000000e+00 0.000000000000000000e+00 6.511874309207610191e-13 0.000000000000000000e+00 5.859746305464840556e-05
1.467000000000000000e+03 0.000000000000000000e+00 0.000000000000000000e+00 6.557439542145629196e-13 0.000000000000000000e+00 9.697717174185039939e-05
1.468000000000000000e+03 0.000000000000000000e+00 0.000000000000000000e+00 6.603004775083648201e-13 0.000000000000000000e+00 9.477225856435183443e-05
1.469000000000000000e+03 0.000000000000000000e+00 0.000000000000000000e+00 6.648570008021667206e-13 0.000000000000000000e+00 4.513764985791112746e-05
1.470000000000000000e+03 0.000000000000000000e+00 0.000000000000000000e+00 6.694135240959686210e-13 0.000000000000000000e+00 1.083306906254979804e-04
1.471000000000000000e+03 0.000000000000000000e+00 0.000000000000000000e+00 6.739700473897705215e-13 0.000000000000000000e+00 1.608683985217697755e-04
1.472000000000000000e+03 0.000000000000000000e+00 0.000000000000000000e+00 6.785265706835724220e-13 0.000000000000000000e+00 9.236274435056501179e-05
1.473000000000000000e+03 0.000000000000000000e+00 0.000000000000000000e+00 6.830830939773743225e-13 0.000000000000000000e+00 9.933170896151533686e-05
1.474000000000000000e+03 0.000000000000000000e+00 0.000000000000000000e+00 6.876396172711762229e-13 0.000000000000000000e+00 7.383323234445030242e-05
1.475000000000000000e+03 0.000000000000000000e+00 0.000000000000000000e+00 6.914951805614031160e-13 0.000000000000000000e+00 6.980120089856380777e-05
1.476000000000000000e+03 0.000000000000000000e+00 0.000000000000000000e+00 6.946497838480551026e-13 0.000000000000000000e+00 1.055262072606362580e-04
1.477000000000000000e+03 0.000000000000000000e+00 0.000000000000000000e+00 6.978043871347070891e-13 0.000000000000000000e+00 6.232909721281725609e-05
1.478000000000000000e+03 0.000000000000000000e+00 0.000000000000000000e+00 7.009589904213590757e-13 0.000000000000000000e+00 9.486235102310580614e-05
1.479000000000000000e+03 0.000000000000000000e+00 0.000000000000000000e+00 7.041135937080110623e-13 0.000000000000000000e+00 8.266089078269421445e-05
1.480000000000000000e+03 0.000000000000000000e+00 0.000000000000000000e+00 7.072681969946631498e-13 0.000000000000000000e+00 1.137196274823647061e-04
1.481000000000000000e+03 0.000000000000000000e+00 0.000000000000000000e+00 7.104228002813151364e-13 0.000000000000000000e+00 1.232820587865653811e-04
1.482000000000000000e+03 0.000000000000000000e+00 0.000000000000000000e+00 7.135774035679671230e-13 0.000000000000000000e+00 9.502106282330578585e-05
1.483000000000000000e+03 0.000000000000000000e+00 0.000000000000000000e+00 7.167320068546191096e-13 0.000000000000000000e+00 5.052743450051685727e-05
1.484000000000000000e+03 0.000000000000000000e+00 0.000000000000000000e+00 7.198866101412710962e-13 0.000000000000000000e+00 9.555875873085807127e-05
1.485000000000000000e+03 0.000000000000000000e+00 0.000000000000000000e+00 7.211010504249699238e-13 0.000000000000000000e+00 1.067068978632908010e-04
1.486000000000000000e+03 0.000000000000000000e+00 0.000000000000000000e+00 7.203753277057156934e-13 0.000000000000000000e+00 7.664955021548773171e-05
1.487000000000000000e+03 0.000000000000000000e+00 0.000000000000000000e+00 7.196496049864614629e-13 0.000000000000000000e+00 1.055096766991159274e-04
1.488000000000000000e+03 0.000000000000000000e+00 0.000000000000000000e+00 7.189238822672071315e-13 0.000000000000000000e+00 6.288426178450989834e-05
1.489000000000000000e+03 0.000000000000000000e+00 0.000000000000000000e+00 7.181981595479529011e-13 0.000000000000000000e+00 9.681598682369998586e-05
1.490000000000000000e+03 0.000000000000000000e+00 0.000000000000000000e+00 7.174724368286985697e-13 0.000000000000000000e+00 1.040037023296867585e-04
1.491000000000000000e+03 0.000000000000000000e+00 0.000000000000000000e+00 7.167467141094443393e-13 0.000000000000000000e+00 6.136101291802008534e-05
1.492000000000000000e+03 0.000000000000000000e+00 0.000000000000000000e+00 7.160209913901900079e-13 0.000000000000000000e+00 1.131015500451311738e-04
1.493000000000000000e+03 0.000000000000000000e+00 0.000000000000000000e+00 7.152952686709357775e-13 0.000000000000000000e+00 1.120783476004750081e-04
1.494000000000000000e+03 0.000000000000000000e+00 0.000000000000000000e+00 7.145695459516815471e-13 0.000000000000000000e+00 6.612330244762376630e-05
1.495000000000000000e+03 0.000000000000000000e+00 0.000000000000000000e+00 7.151858107596248260e-13 0.000000000000000000e+00 8.939246888257285138e-05
1.496000000000000000e+03 0.000000000000000000e+00 0.000000000000000000e+00 7.171440630947658161e-13 0.000000000000000000e+00 9.248643444340549403e-05
1.497000000000000000e+03 0.000000000000000000e+00 0.000000000000000000e+00 7.191023154299068063e-13 0.000000000000000000e+00 4.600723448989103441e-05
1.498000000000000000e+03 0.000000000000000000e+00 0.000000000000000000e+00 7.210605677650476955e-13 0.000000000000000000e+00 8.691175944796077188e-05
1.499000000000000000e+03 0.000000000000000000e+00 0.000000000000000000e+00 7.230188201001886856e-13 0.000000000000000000e+00 1.014510418841002885e-04
1.500000000000000000e+03 0.000000000000000000e+00 0.000000000000000000e+00 7.249770724353296757e-13 0.000000000000000000e+00 1.000868035150474436e-04
1.501000000000000000e+03 0.000000000000000000e+00 0.000000000000000000e+00 7.269353247704706659e-13 0.000000000000000000e+00 1.106646292448584855e-04
1.502000000000000000e+03 0.000000000000000000e+00 0.000000000000000000e+00 7.288935771056115551e-13 0.000000000000000000e+00 8.669111902530809706e-05
1.503000000000000000e+03 0.000000000000000000e+00 0.000000000000000000e+00 7.308518294407525452e-13 0.000000000000000000e+00 8.866791288630506546e-05
1.504000000000000000e+03 0.000000000000000000e+00 0.000000000000000000e+00 7.328100817758935354e-13 0.000000000000000000e+00 8.425024016037532554e-05
1.505000000000000000e+03 0.000000000000000000e+00 0.000000000000000000e+00 7.331298595188305192e-13 0.000000000000000000e+00 3.436727456353483583e-05
1.506000000000000000e+03 0.000000000000000000e+00 0.000000000000000000e+00 7.318111626695634967e-13 0.000000000000000000e+00 1.065382217500602787e-04
1.507000000000000000e+03 0.000000000000000000e+00 0.000000000000000000e+00 7.304924658202965752e-13 0.000000000000000000e+00 1.020993083255558685e-04
1.508000000000000000e+03 0.000000000000000000e+00 0.000000000000000000e+00 7.291737689710295527e-13 0.000000000000000000e+00 5.912388009801986915e-05
1.509000000000000000e+03 0.000000000000000000e+00 0.000000000000000000e+00 7.278550721217625302e-13 0.000000000000000000e+00 8.445522659079536564e-05
1.510000000000000000e+03 0.000000000000000000e+00 0.000000000000000000e+00 7.265363752724956087e-13 0.000000000000000000e+00 9.169991565716108673e-05
1.511000000000000000e+03 0.000000000000000000e+00 0.000000000000000000e+00 7.252176784232285863e-13 0.000000000000000000e+00 6.473983755246271929e-05
1.512000000000000000e+03 0.000000000000000000e+00 0.000000000000000000e+00 7.238989815739615638e-13 0.000000000000000000e+00 1.233957514463427795e-04
1.513000000000000000e+03 0.000000000000000000e+00 0.000000000000000000e+00 7.225802847246946423e-13 0.000000000000000000e+00 9.378750881989926123e-05
1.514000000000000000e+03 0.000000000000000000e+00 0.000000000000000000e+00 7.212615878754276198e-13 0.000000000000000000e+00 7.513051403984604261e-05
1.515000000000000000e+03 0.000000000000000000e+00 0.000000000000000000e+00 7.241676949501098366e-13 0.000000000000000000e+00 6.944746052528812531e-05
1.516000000000000000e+03 0.000000000000000000e+00 0.000000000000000000e+00 7.312986059487412926e-13 0.000000000000000000e+00 1.150353448447190903e-04
1.517000000000000000e+03 0.000000000000000000e+00 0.000000000000000000e+00 7.384295169473727487e-13 0.000000000000000000e+00 4.944747822101656134e-05
1.518000000000000000e+03 0.000000000000000000e+00 0.000000000000000000e+00 7.455604279460042047e-13 0.000000000000000000e+00 7.397425715185394909e-05
1.519000000000000000e+03 0.000000000000000000e+00 0.000000000000000000e+00 7.526913389446356608e-13 0.000000000000000000e+00 3.461315880857645307e-05
1.520000000000000000e+03 0.000000000000000000e+00 0.000000000000000000e+00 7.598222499432671169e-13 0.000000000000000000e+00 1.045998829913267363e-04
1.521000000000000000e+03 0.000000000000000000e+00 0.000000000000000000e+00 7.669531609418985729e-13 0.000000000000000000e+00 1.306706530946046766e-04
1.522000000000000000e+03 0.000000000000000000e+00 0.000000000000000000e+00 7.740840719405300290e-13 0.000000000000000000e+00 8.275486057152390054e-05
1.523000000000000000e+03 0.000000000000000000e+00 0.000000000000000000e+00 7.812149829391614850e-13 0.000000000000000000e+00 9.041129669885114193e-05
1.524000000000000000e+03 0.000000000000000000e+00 0.000000000000000000e+00 7.883458939377929411e-13 0.000000000000000000e+00 5.644118905646182800e-05
1.525000000000000000e+03 0.000000000000000000e+00 0.000000000000000000e+00 7.924280690537326863e-13 0.000000000000000000e+00 6.210895725308675664e-05
1.526000000000000000e+03 0.000000000000000000e+00 0.000000000000000000e+00 7.934615082869808217e-13 0.000000000000000000e+00 1.067997794003430306e-04
1.527000000000000000e+03 0.000000000000000000e+00 0.000000000000000000e+00 7.944949475202290581e-13 0.000000000000000000e+00 4.312121962266214089e-05
1.528000000000000000e+03 0.000000000000000000e+00 0.000000000000000000e+00 7.955283867534771935e-13 0.000000000000000000e+00 9.989792769570586778e-05
1.529000000000000000e+03 0.000000000000000000e+00 0.000000000000000000e+00 7.965618259867253289e-13 0.000000000000000000e+00 6.237736032976928010e-05
1.530000000000000000e+03 0.000000000000000000e+00 0.000000000000000000e+00 7.975952652199734643e-13 0.000000000000000000e+00 8.063319536918293407e-05
1.531000000000000000e+03 0.000000000000000000e+00 0.000000000000000000e+00 7.986287044532215997e-13 0.000000000000000000e+00 1.019578403619244162e-04
1.532000000000000000e+03 0.000000000000000000e+00 0.000000000000000000e+00 7.996621436864697351e-13 0.000000000000000000e+00 8.606875923821879343e-05
1.533000000000000000e+03 0.000000000000000000e+00 0.000000000000000000e+00 8.006955829197179714e-13 0.000000000000000000e+00 4.645640711141385234e-05
1.534000000000000000e+03 0.000000000000000000e+00 0.000000000000000000e+00 8.017290221529661068e-13 0.000000000000000000e+00 1.157820946497688138e-04
1.535000000000000000e+03 0.000000000000000000e+00 0.000000000000000000e+00 8.029404609658880098e-13 0.000000000000000000e+00 6.865735268609448466e-05
1.536000000000000000e+03 0.000000000000000000e+00 0.000000000000000000e+00 8.043298993584836803e-13 0.000000000000000000e+00 7.782151107671602167e-05
1.537000000000000000e+03 0.000000000000000000e+00 0.000000000000000000e+00 8.057193377510792499e-13 0.000000000000000000e+00 7.332210248006889198e-05
1.538000000000000000e+03 0.000000000000000000e+00 0.000000000000000000e+00 8.071087761436749204e-13 0.000000000000000000e+00 7.688456240307193937e-05
1.539000000000000000e+03 0.000000000000000000e+00 0.000000000000000000e+00 8.084982145362705910e-13 0.000000000000000000e+00 5.466827917852298374e-05
1.540000000000000000e+03 0.000000000000000000e+00 0.000000000000000000e+00 8.098876529288661605e-13 0.000000000000000000e+00 1.004686885034505287e-04
1.541000000000000000e+03 0.000000000000000000e+00 0.000000000000000000e+00 8.112770913214618310e-13 0.000000000000000000e+00 5.157024205704209676e-05
1.542000000000000000e+03 0.000000000000000000e+00 0.000000000000000000e+00 8.126665297140575016e-13 0.000000000000000000e+00 1.002245670864727590e-04
1.543000000000000000e+03 0.000000000000000000e+00 0.000000000000000000e+00 8.140559681066530711e-13 0.000000000000000000e+00 9.146394440762823340e-05
1.544000000000000000e+03 0.000000000000000000e+00 0.000000000000000000e+00 8.154454064992487417e-13 0.000000000000000000e+00 7.403150041992585784e-05
1.545000000000000000e+03 0.000000000000000000e+00 0.000000000000000000e+00 8.167047330960875430e-13 0.000000000000000000e+00 7.628435130377180223e-05
1.546000000000000000e+03 0.000000000000000000e+00 0.000000000000000000e+00 8.178339478971693742e-13 0.000000000000000000e+00 5.441554427595779941e-05
1.547000000000000000e+03 0.000000000000000000e+00 0.000000000000000000e+00 8.189631626982513064e-13 0.000000000000000000e+00 6.063433248310369381e-05
1.548000000000000000e+03 0.000000000000000000e+00 0.000000000000000000e+00 8.200923774993332386e-13 0.000000000000000000e+00 7.389924707720163966e-05
1.549000000000000000e+03 0.000000000000000000e+00 0.000000000000000000e+00 8.212215923004150698e-13 0.000000000000000000e+00 8.574448168148535870e-05
1.550000000000000000e+03 0.000000000000000000e+00 0.000000000000000000e+00 8.223508071014970020e-13 0.000000000000000000e+00 8.784393700090109623e-05
1.551000000000000000e+03 0.000000000000000000e+00 0.000000000000000000e+00 8.234800219025788332e-13 0.000000000000000000e+00 8.046084501056984320e-05
1.552000000000000000e+03 0.000000000000000000e+00 0.000000000000000000e+00 8.246092367036607654e-13 0.000000000000000000e+00 8.767908045074866838e-05
1.553000000000000000e+03 0.000000000000000000e+00 0.000000000000000000e+00 8.257384515047426976e-13 0.000000000000000000e+00 7.140798825648096509e-05
1.554000000000000000e+03 0.000000000000000000e+00 0.000000000000000000e+00 8.268676663058245288e-13 0.000000000000000000e+00 6.332703932169409281e-05
1.555000000000000000e+03 0.000000000000000000e+00 0.000000000000000000e+00 8.258771448835179232e-13 0.000000000000000000e+00 3.496745281446085319e-05
1.556000000000000000e+03 0.000000000000000000e+00 0.000000000000000000e+00 8.227668872378226790e-13 0.000000000000000000e+00 1.064484873338187340e-04
1.557000000000000000e+03 0.000000000000000000e+00 0.000000000000000000e+00 8.196566295921275358e-13 0.000000000000000000e+00 8.004389877991697946e-05
1.558000000000000000e+03 0.000000000000000000e+00 0.000000000000000000e+00 8.165463719464322915e-13 0.000000000000000000e+00 4.462460951759518734e-05
1.559000000000000000e+03 0.000000000000000000e+00 0.000000000000000000e+00 8.134361143007370473e-13 0.000000000000000000e+00 7.510691049937715587e-05
1.560000000000000000e+03 0.000000000000000000e+00 0.000000000000000000e+00 8.103258566550419041e-13 0.000000000000000000e+00 8.094947607440366793e-05
1.561000000000000000e+03 0.000000000000000000e+00 0.000000000000000000e+00 8.072155990093466598e-13 0.000000000000000000e+00 5.588305806057333058e-05
1.562000000000000000e+03 0.000000000000000000e+00 0.000000000000000000e+00 8.041053413636514156e-13 0.000000000000000000e+00 9.646808809406437696e-05
1.563000000000000000e+03 0.000000000000000000e+00 0.000000000000000000e+00 8.009950837179562724e-13 0.000000000000000000e+00 9.248307726573045046e-05
1.564000000000000000e+03 0.000000000000000000e+00 0.000000000000000000e+00 7.978848260722610281e-13 0.000000000000000000e+00 5.305449980852690631e-05
1.565000000000000000e+03 0.000000000000000000e+00 0.000000000000000000e+00 8.021032938090304926e-13 0.000000000000000000e+00 8.948327834072573601e-05
1.566000000000000000e+03 0.000000000000000000e+00 0.000000000000000000e+00 8.136504869282644637e-13 0.000000000000000000e+00 5.820325787344081343e-05
1.567000000000000000e+03 0.000000000000000000e+00 0.000000000000000000e+00 8.251976800474984348e-13 0.000000000000000000e+00 6.312028755955412273e-05
1.568000000000000000e+03 0.000000000000000000e+00 0.000000000000000000e+00 8.367448731667325069e-13 0.000000000000000000e+00 5.096454118635930524e-05
1.569000000000000000e+03 0.000000000000000000e+00 0.000000000000000000e+00 8.482920662859664780e-13 0.000000000000000000e+00 3.308864401218133733e-05
1.570000000000000000e+03 0.000000000000000000e+00 0.000000000000000000e+00 8.598392594052004491e-13 0.000000000000000000e+00 1.243220883687188433e-04
1.571000000000000000e+03 0.000000000000000000e+00 0.000000000000000000e+00 8.713864525244344202e-13 0.000000000000000000e+00 7.580742721612901067e-05
1.572000000000000000e+03 0.000000000000000000e+00 0.000000000000000000e+00 8.829336456436684923e-13 0.000000000000000000e+00 6.681233494644289251e-05
1.573000000000000000e+03 0.000000000000000000e+00 0.000000000000000000e+00 8.944808387629024634e-13 0.000000000000000000e+00 8.003277253379201890e-05
1.574000000000000000e+03 0.000000000000000000e+00 0.000000000000000000e+00 9.060280318821364346e-13 0.000000000000000000e+00 6.101639174612041958e-05
1.575000000000000000e+03 0.000000000000000000e+00 0.000000000000000000e+00 9.091012066738755614e-13 0.000000000000000000e+00 7.335653269906145045e-05
1.576000000000000000e+03 0.000000000000000000e+00 0.000000000000000000e+00 9.037003631381196419e-13 0.000000000000000000e+00 5.115075925671955822e-05
1.577000000000000000e+03 0.000000000000000000e+00 0.000000000000000000e+00 8.982995196023638235e-13 0.000000000000000000e+00 6.760169777689399649e-05
1.578000000000000000e+03 0.000000000000000000e+00 0.000000000000000000e+00 8.928986760666079041e-13 0.000000000000000000e+00 6.426815893175365105e-05
1.579000000000000000e+03 0.000000000000000000e+00 0.000000000000000000e+00 8.874978325308520856e-13 0.000000000000000000e+00 6.781539036753509093e-05
1.580000000000000000e+03 0.000000000000000000e+00 0.000000000000000000e+00 8.820969889950961662e-13 0.000000000000000000e+00 7.807507056427420505e-05
1.581000000000000000e+03 0.000000000000000000e+00 0.000000000000000000e+00 8.766961454593403477e-13 0.000000000000000000e+00 7.991045726397172182e-05
1.582000000000000000e+03 0.000000000000000000e+00 0.000000000000000000e+00 8.712953019235844283e-13 0.000000000000000000e+00 5.176543514963555281e-05
1.583000000000000000e+03 0.000000000000000000e+00 0.000000000000000000e+00 8.658944583878286099e-13 0.000000000000000000e+00 5.098598120882985157e-05
1.584000000000000000e+03 0.000000000000000000e+00 0.000000000000000000e+00 8.604936148520726904e-13 0.000000000000000000e+00 1.074797546359702004e-04
1.585000000000000000e+03 0.000000000000000000e+00 0.000000000000000000e+00 8.589884642686062365e-13 0.000000000000000000e+00 7.198163423227971918e-05
1.586000000000000000e+03 0.000000000000000000e+00 0.000000000000000000e+00 8.613790066374291472e-13 0.000000000000000000e+00 4.278500566727260466e-05
1.587000000000000000e+03 0.000000000000000000e+00 0.000000000000000000e+00 8.637695490062520578e-13 0.000000000000000000e+00 5.288196024727445378e-05
1.588000000000000000e+03 0.000000000000000000e+00 0.000000000000000000e+00 8.661600913750749684e-13 0.000000000000000000e+00 7.161607082617768647e-05
1.589000000000000000e+03 0.000000000000000000e+00 0.000000000000000000e+00 8.685506337438978790e-13 0.000000000000000000e+00 4.926285909717814535e-05
1.590000000000000000e+03 0.000000000000000000e+00 0.000000000000000000e+00 8.709411761127208906e-13 0.000000000000000000e+00 7.032429848782379919e-05
1.591000000000000000e+03 0.000000000000000000e+00 0.000000000000000000e+00 8.733317184815438013e-13 0.000000000000000000e+00 7.729017778192828509e-05
1.592000000000000000e+03 0.000000000000000000e+00 0.000000000000000000e+00 8.757222608503667119e-13 0.000000000000000000e+00 8.833910577567087846e-05
1.593000000000000000e+03 0.000000000000000000e+00 0.000000000000000000e+00 8.781128032191896225e-13 0.000000000000000000e+00 6.001389376101470401e-05
1.594000000000000000e+03 0.000000000000000000e+00 0.000000000000000000e+00 8.805033455880125331e-13 0.000000000000000000e+00 5.011975172468374084e-05
1.595000000000000000e+03 0.000000000000000000e+00 0.000000000000000000e+00 8.807210852514255536e-13 0.000000000000000000e+00 7.238803208638434309e-05
1.596000000000000000e+03 0.000000000000000000e+00 0.000000000000000000e+00 8.787660222094285828e-13 0.000000000000000000e+00 3.610360727279415387e-05
1.597000000000000000e+03 0.000000000000000000e+00 0.000000000000000000e+00 8.768109591674316121e-13 0.000000000000000000e+00 5.660575618162705803e-05
1.598000000000000000e+03 0.000000000000000000e+00 0.000000000000000000e+00 8.748558961254347424e-13 0.000000000000000000e+00 9.224488656127089543e-05
1.599000000000000000e+03 0.000000000000000000e+00 0.000000000000000000e+00 8.729008330834377717e-13 0.000000000000000000e+00 4.816373505972487934e-05
1.600000000000000000e+03 0.000000000000000000e+00 0.000000000000000000e+00 8.709457700414409019e-13 0.000000000000000000e+00 8.141482045198899814e-05
1.601000000000000000e+03 0.000000000000000000e+00 0.000000000000000000e+00 8.689907069994439312e-13 0.000000000000000000e+00 7.477189379806884807e-05
1.602000000000000000e+03 0.000000000000000000e+00 0.000000000000000000e+00 8.670356439574470614e-13 0.000000000000000000e+00 5.560749960214346704e-05
1.603000000000000000e+03 0.000000000000000000e+00 0.000000000000000000e+00 8.650805809154500907e-13 0.000000000000000000e+00 5.995347924370841148e-05
1.604000000000000000e+03 0.000000000000000000e+00 0.000000000000000000e+00 8.631255178734531200e-13 0.000000000000000000e+00 6.003779468999157512e-05
1.605000000000000000e+03 0.000000000000000000e+00 0.000000000000000000e+00 8.646419642783207439e-13 0.000000000000000000e+00 4.239462091478120076e-05
1.606000000000000000e+03 0.000000000000000000e+00 0.000000000000000000e+00 8.696299201300528614e-13 0.000000000000000000e+00 9.340965934650439628e-05
1.607000000000000000e+03 0.000000000000000000e+00 0.000000000000000000e+00 8.746178759817849789e-13 0.000000000000000000e+00 5.213203970841761306e-05
1.608000000000000000e+03 0.000000000000000000e+00 0.000000000000000000e+00 8.796058318335170965e-13 0.000000000000000000e+00 3.965201463669075044e-05
1.609000000000000000e+03 0.000000000000000000e+00 0.000000000000000000e+00 8.845937876852492140e-13 0.000000000000000000e+00 5.092424140427933378e-05
1.610000000000000000e+03 0.000000000000000000e+00 0.000000000000000000e+00 8.895817435369813315e-13 0.000000000000000000e+00 9.158548187582943886e-05
1.611000000000000000e+03 0.000000000000000000e+00 0.000000000000000000e+00 8.945696993887134490e-13 0.000000000000000000e+00 5.300922247743042646e-05
1.612000000000000000e+03 0.000000000000000000e+00 0.000000000000000000e+00 8.995576552404455666e-13 0.000000000000000000e+00 8.229473669488522516e-05
1.613000000000000000e+03 0.000000000000000000e+00 0.000000000000000000e+00 9.045456110921776841e-13 0.000000000000000000e+00 5.560479679400939866e-05
1.614000000000000000e+03 0.000000000000000000e+00 0.000000000000000000e+00 9.095335669439098016e-13 0.000000000000000000e+00 7.567997500854927167e-05
1.615000000000000000e+03 0.000000000000000000e+00 0.000000000000000000e+00 9.132273363108497307e-13 0.000000000000000000e+00 4.708405844046131063e-05
1.616000000000000000e+03 0.000000000000000000e+00 0.000000000000000000e+00 9.156269191929972693e-13 0.000000000000000000e+00 6.385636145616997391e-05
1.617000000000000000e+03 0.000000000000000000e+00 0.000000000000000000e+00 9.180265020751450099e-13 0.000000000000000000e+00 3.052249510120503227e-05
1.618000000000000000e+03 0.000000000000000000e+00 0.000000000000000000e+00 9.204260849572927505e-13 0.000000000000000000e+00 5.470755402868420695e-05
1.619000000000000000e+03 0.000000000000000000e+00 0.000000000000000000e+00 9.228256678394402891e-13 0.000000000000000000e+00 4.986799790014270187e-05
1.620000000000000000e+03 0.000000000000000000e+00 0.000000000000000000e+00 9.252252507215880297e-13 0.000000000000000000e+00 1.015405419491045510e-04
1.621000000000000000e+03 0.000000000000000000e+00 0.000000000000000000e+00 9.276248336037355683e-13 0.000000000000000000e+00 5.743530286254566546e-05
1.622000000000000000e+03 0.000000000000000000e+00 0.000000000000000000e+00 9.300244164858833089e-13 0.000000000000000000e+00 5.567537538495726098e-05
1.623000000000000000e+03 0.000000000000000000e+00 0.000000000000000000e+00 9.324239993680310495e-13 0.000000000000000000e+00 5.460692163387327548e-05
1.624000000000000000e+03 0.000000000000000000e+00 0.000000000000000000e+00 9.348235822501785881e-13 0.000000000000000000e+00 5.967883240286602327e-05
1.625000000000000000e+03 0.000000000000000000e+00 0.000000000000000000e+00 9.325741308743742702e-13 0.000000000000000000e+00 4.471878869603517219e-05
1.626000000000000000e+03 0.000000000000000000e+00 0.000000000000000000e+00 9.256756452406176919e-13 0.000000000000000000e+00 6.835490175928196817e-05
1.627000000000000000e+03 0.000000000000000000e+00 0.000000000000000000e+00 9.187771596068611136e-13 0.000000000000000000e+00 4.550143774733885561e-05
1.628000000000000000e+03 0.000000000000000000e+00 0.000000000000000000e+00 9.118786739731045353e-13 0.000000000000000000e+00 5.874153088513795970e-05
1.629000000000000000e+03 0.000000000000000000e+00 0.000000000000000000e+00 9.049801883393480579e-13 0.000000000000000000e+00 5.991489227866401681e-05
1.630000000000000000e+03 0.000000000000000000e+00 0.000000000000000000e+00 8.980817027055915806e-13 0.000000000000000000e+00 7.075297413108386506e-05
1.631000000000000000e+03 0.000000000000000000e+00 0.000000000000000000e+00 8.911832170718350023e-13 0.000000000000000000e+00 4.708722991699590161e-05
1.632000000000000000e+03 0.000000000000000000e+00 0.000000000000000000e+00 8.842847314380785249e-13 0.000000000000000000e+00 7.227788759877961733e-05
1.633000000000000000e+03 0.000000000000000000e+00 0.000000000000000000e+00 8.773862458043219466e-13 0.000000000000000000e+00 2.744483732719250326e-05
1.634000000000000000e+03 0.000000000000000000e+00 0.000000000000000000e+00 8.704877601705654693e-13 0.000000000000000000e+00 8.345959065625838873e-05
1.635000000000000000e+03 0.000000000000000000e+00 0.000000000000000000e+00 8.702794551939300631e-13 0.000000000000000000e+00 5.568416227385386368e-05
1.636000000000000000e+03 0.000000000000000000e+00 0.000000000000000000e+00 8.767613308744158289e-13 0.000000000000000000e+00 4.634381873805069749e-05
1.637000000000000000e+03 0.000000000000000000e+00 0.000000000000000000e+00 8.832432065549015948e-13 0.000000000000000000e+00 4.517686904393840395e-05
1.638000000000000000e+03 0.000000000000000000e+00 0.000000000000000000e+00 8.897250822353873607e-13 0.000000000000000000e+00 5.245932144715703286e-05
1.639000000000000000e+03 0.000000000000000000e+00 0.000000000000000000e+00 8.962069579158731265e-13 0.000000000000000000e+00 3.600101799605741972e-05
1.640000000000000000e+03 0.000000000000000000e+00 0.000000000000000000e+00 9.026888335963589934e-13 0.000000000000000000e+00 7.520809801010726163e-05
1.641000000000000000e+03 0.000000000000000000e+00 0.000000000000000000e+00 9.091707092768447592e-13 0.000000000000000000e+00 8.220351520225265788e-05
1.642000000000000000e+03 0.000000000000000000e+00 0.000000000000000000e+00 9.156525849573305251e-13 0.000000000000000000e+00 6.241829050217419369e-05
1.643000000000000000e+03 0.000000000000000000e+00 0.000000000000000000e+00 9.221344606378162910e-13 0.000000000000000000e+00 5.419978959875669310e-05
1.644000000000000000e+03 0.000000000000000000e+00 0.000000000000000000e+00 9.286163363183020568e-13 0.000000000000000000e+00 3.138322314197640076e-05
1.645000000000000000e+03 0.000000000000000000e+00 0.000000000000000000e+00 9.304423044156372661e-13 0.000000000000000000e+00 5.253308101543811896e-05
1.646000000000000000e+03 0.000000000000000000e+00 0.000000000000000000e+00 9.276123649298219187e-13 0.000000000000000000e+00 4.882167375528749509e-05
1.647000000000000000e+03 0.000000000000000000e+00 0.000000000000000000e+00 9.247824254440063694e-13 0.000000000000000000e+00 2.487642654661949100e-05
1.648000000000000000e+03 0.000000000000000000e+00 0.000000000000000000e+00 9.219524859581910220e-13 0.000000000000000000e+00 9.293664591223287162e-05
1.649000000000000000e+03 0.000000000000000000e+00 0.000000000000000000e+00 9.191225464723756746e-13 0.000000000000000000e+00 4.164517585507855130e-05
1.650000000000000000e+03 0.000000000000000000e+00 0.000000000000000000e+00 9.162926069865603272e-13 0.000000000000000000e+00 5.813630017547508013e-05
1.651000000000000000e+03 0.000000000000000000e+00 0.000000000000000000e+00 9.134626675007447779e-13 0.000000000000000000e+00 7.002156482590124595e-05
1.652000000000000000e+03 0.000000000000000000e+00 0.000000000000000000e+00 9.106327280149294305e-13 0.000000000000000000e+00 5.400348749981073357e-05
1.653000000000000000e+03 0.000000000000000000e+00 0.000000000000000000e+00 9.078027885291140831e-13 0.000000000000000000e+00 3.560112068890176402e-05
1.654000000000000000e+03 0.000000000000000000e+00 0.000000000000000000e+00 9.049728490432986347e-13 0.000000000000000000e+00 4.764145873559771921e-05
1.655000000000000000e+03 0.000000000000000000e+00 0.000000000000000000e+00 9.039487757634045027e-13 0.000000000000000000e+00 6.079484604805676179e-05
1.656000000000000000e+03 0.000000000000000000e+00 0.000000000000000000e+00 9.047305686894315861e-13 0.000000000000000000e+00 5.508647311033236499e-05
1.657000000000000000e+03 0.000000000000000000e+00 0.000000000000000000e+00 9.055123616154586695e-13 0.000000000000000000e+00 5.502466781861702300e-05
1.658000000000000000e+03 0.000000000000000000e+00 0.000000000000000000e+00 9.062941545414857529e-13 0.000000000000000000e+00 3.380423524594906707e-05
1.659000000000000000e+03 0.000000000000000000e+00 0.000000000000000000e+00 9.070759474675128363e-13 0.000000000000000000e+00 4.331121583605231773e-05
1.660000000000000000e+03 0.000000000000000000e+00 0.000000000000000000e+00 9.078577403935398187e-13 0.000000000000000000e+00 6.690009502778380523e-05
1.661000000000000000e+03 0.000000000000000000e+00 0.000000000000000000e+00 9.086395333195669021e-13 0.000000000000000000e+00 4.876639178766855156e-05
1.662000000000000000e+03 0.000000000000000000e+00 0.000000000000000000e+00 9.094213262455939854e-13 0.000000000000000000e+00 8.042539348913669032e-05
1.663000000000000000e+03 0.000000000000000000e+00 0.000000000000000000e+00 9.102031191716210688e-13 0.000000000000000000e+00 2.793705778036893652e-05
1.664000000000000000e+03 0.000000000000000000e+00 0.000000000000000000e+00 9.109849120976481522e-13 0.000000000000000000e+00 6.863816550301231193e-05
1.665000000000000000e+03 0.000000000000000000e+00 0.000000000000000000e+00 9.125960528890081707e-13 0.000000000000000000e+00 4.358060273317486617e-05
1.666000000000000000e+03 0.000000000000000000e+00 0.000000000000000000e+00 9.150365415457013264e-13 0.000000000000000000e+00 3.846013504618490210e-05
1.667000000000000000e+03 0.000000000000000000e+00 0.000000000000000000e+00 9.174770302023942800e-13 0.000000000000000000e+00 4.284039505498439532e-05
1.668000000000000000e+03 0.000000000000000000e+00 0.000000000000000000e+00 9.199175188590872337e-13 0.000000000000000000e+00 3.417067528216775527e-05
1.669000000000000000e+03 0.000000000000000000e+00 0.000000000000000000e+00 9.223580075157803893e-13 0.000000000000000000e+00 5.708133497050396231e-05
1.670000000000000000e+03 0.000000000000000000e+00 0.000000000000000000e+00 9.247984961724733430e-13 0.000000000000000000e+00 7.980440099482891863e-05
1.671000000000000000e+03 0.000000000000000000e+00 0.000000000000000000e+00 9.272389848291664986e-13 0.000000000000000000e+00 4.766464952463863978e-05
1.672000000000000000e+03 0.000000000000000000e+00 0.000000000000000000e+00 9.296794734858594523e-13 0.000000000000000000e+00 3.985989186970787326e-05
1.673000000000000000e+03 0.000000000000000000e+00 0.000000000000000000e+00 9.321199621425524059e-13 0.000000000000000000e+00 5.084025992268773080e-05
1.674000000000000000e+03 0.000000000000000000e+00 0.000000000000000000e+00 9.345604507992455616e-13 0.000000000000000000e+00 4.664972786820575766e-05
1.675000000000000000e+03 0.000000000000000000e+00 0.000000000000000000e+00 9.319202149274421383e-13 0.000000000000000000e+00 3.552034643889162449e-05
1.676000000000000000e+03 0.000000000000000000e+00 0.000000000000000000e+00 9.241992545271425401e-13 0.000000000000000000e+00 6.334996552771038868e-05
1.677000000000000000e+03 0.000000000000000000e+00 0.000000000000000000e+00 9.164782941268429419e-13 0.000000000000000000e+00 4.968660850332942176e-05
1.678000000000000000e+03 0.000000000000000000e+00 0.000000000000000000e+00 9.087573337265433437e-13 0.000000000000000000e+00 4.176943010568149103e-05
1.679000000000000000e+03 0.000000000000000000e+00 0.000000000000000000e+00 9.010363733262437455e-13 0.000000000000000000e+00 4.683202002364071284e-05
1.680000000000000000e+03 0.000000000000000000e+00 0.000000000000000000e+00 8.933154129259441474e-13 0.000000000000000000e+00 4.833101967700202054e-05
1.681000000000000000e+03 0.000000000000000000e+00 0.000000000000000000e+00 8.855944525256445492e-13 0.000000000000000000e+00 5.212746895988125390e-05
1.682000000000000000e+03 0.000000000000000000e+00 0.000000000000000000e+00 8.778734921253449510e-13 0.000000000000000000e+00 5.132396270809481861e-05
1.683000000000000000e+03 0.000000000000000000e+00 0.000000000000000000e+00 8.701525317250452518e-13 0.000000000000000000e+00 5.441005118468115694e-05
1.684000000000000000e+03 0.000000000000000000e+00 0.000000000000000000e+00 8.624315713247456536e-13 0.000000000000000000e+00 5.862644648365059936e-05
1.685000000000000000e+03 0.000000000000000000e+00 0.000000000000000000e+00 8.614059647357865521e-13 0.000000000000000000e+00 2.661899295588148048e-05
1.686000000000000000e+03 0.000000000000000000e+00 0.000000000000000000e+00 8.670757119581679472e-13 0.000000000000000000e+00 4.481878044800092711e-05
1.687000000000000000e+03 0.000000000000000000e+00 0.000000000000000000e+00 8.727454591805493424e-13 0.000000000000000000e+00 4.161017246635076737e-05
1.688000000000000000e+03 0.000000000000000000e+00 0.000000000000000000e+00 8.784152064029307375e-13 0.000000000000000000e+00 3.416717979425974158e-05
1.689000000000000000e+03 0.000000000000000000e+00 0.000000000000000000e+00 8.840849536253121327e-13 0.000000000000000000e+00 3.727418615328896670e-05
1.690000000000000000e+03 0.000000000000000000e+00 0.000000000000000000e+00 8.897547008476935278e-13 0.000000000000000000e+00 7.530528407950572612e-05
1.691000000000000000e+03 0.000000000000000000e+00 0.000000000000000000e+00 8.954244480700749230e-13 0.000000000000000000e+00 5.443485245411782742e-05
1.692000000000000000e+03 0.000000000000000000e+00 0.000000000000000000e+00 9.010941952924563181e-13 0.000000000000000000e+00 5.671991569835336232e-05
1.693000000000000000e+03 0.000000000000000000e+00 0.000000000000000000e+00 9.067639425148377132e-13 0.000000000000000000e+00 3.955698974584468118e-05
1.694000000000000000e+03 0.000000000000000000e+00 0.000000000000000000e+00 9.124336897372191084e-13 0.000000000000000000e+00 3.369620793421017129e-05
1.695000000000000000e+03 0.000000000000000000e+00 0.000000000000000000e+00 9.138647987606910358e-13 0.000000000000000000e+00 4.939378007320327740e-05
1.696000000000000000e+03 0.000000000000000000e+00 0.000000000000000000e+00 9.110572695852536974e-13 0.000000000000000000e+00 3.638361731441605665e-05
1.697000000000000000e+03 0.000000000000000000e+00 0.000000000000000000e+00 9.082497404098163590e-13 0.000000000000000000e+00 3.608615121057891570e-05
1.698000000000000000e+03 0.000000000000000000e+00 0.000000000000000000e+00 9.054422112343789196e-13 0.000000000000000000e+00 5.616777342617938323e-05
1.699000000000000000e+03 0.000000000000000000e+00 0.000000000000000000e+00 9.026346820589414802e-13 0.000000000000000000e+00 3.487156112002732654e-05
1.700000000000000000e+03 0.000000000000000000e+00 0.000000000000000000e+00 8.998271528835041418e-13 0.000000000000000000e+00 5.913438491070786005e-05
1.701000000000000000e+03 0.000000000000000000e+00 0.000000000000000000e+00 8.970196237080667024e-13 0.000000000000000000e+00 4.799344533954898970e-05
1.702000000000000000e+03 0.000000000000000000e+00 0.000000000000000000e+00 8.942120945326292630e-13 0.000000000000000000e+00 4.088157158533570012e-05
1.703000000000000000e+03 0.000000000000000000e+00 0.000000000000000000e+00 8.914045653571919246e-13 0.000000000000000000e+00 3.969968929556668389e-05
1.704000000000000000e+03 0.000000000000000000e+00 0.000000000000000000e+00 8.885970361817544852e-13 0.000000000000000000e+00 5.711160711168491565e-05
1.705000000000000000e+03 0.000000000000000000e+00 0.000000000000000000e+00 8.863344926139260844e-13 0.000000000000000000e+00 3.751186447609459773e-05
1.706000000000000000e+03 0.000000000000000000e+00 0.000000000000000000e+00 8.846169346537066211e-13 0.000000000000000000e+00 3.899073431827342165e-05
1.707000000000000000e+03 0.000000000000000000e+00 0.000000000000000000e+00 8.828993766934871578e-13 0.000000000000000000e+00 3.975188347030138454e-05
1.708000000000000000e+03 0.000000000000000000e+00 0.000000000000000000e+00 8.811818187332676945e-13 0.000000000000000000e+00 4.782426735885444454e-05
1.709000000000000000e+03 0.000000000000000000e+00 0.000000000000000000e+00 8.794642607730482312e-13 0.000000000000000000e+00 2.643696939598585947e-05
1.710000000000000000e+03 0.000000000000000000e+00 0.000000000000000000e+00 8.777467028128287679e-13 0.000000000000000000e+00 5.426143951314732689e-05
1.711000000000000000e+03 0.000000000000000000e+00 0.000000000000000000e+00 8.760291448526093046e-13 0.000000000000000000e+00 5.285214797006487954e-05
1.712000000000000000e+03 0.000000000000000000e+00 0.000000000000000000e+00 8.743115868923898413e-13 0.000000000000000000e+00 5.276726518523994225e-05
1.713000000000000000e+03 0.000000000000000000e+00 0.000000000000000000e+00 8.725940289321703780e-13 0.000000000000000000e+00 4.171529506815461878e-05
1.714000000000000000e+03 0.000000000000000000e+00 0.000000000000000000e+00 8.708764709719509147e-13 0.000000000000000000e+00 4.114188143553547942e-05
1.715000000000000000e+03 0.000000000000000000e+00 0.000000000000000000e+00 8.699828113913650273e-13 0.000000000000000000e+00 3.922587283039679669e-05
1.716000000000000000e+03 0.000000000000000000e+00 0.000000000000000000e+00 8.699130501904129176e-13 0.000000000000000000e+00 2.876274817137389078e-05
1.717000000000000000e+03 0.000000000000000000e+00 0.000000000000000000e+00 8.698432889894606059e-13 0.000000000000000000e+00 4.142519114375780139e-05
1.718000000000000000e+03 0.000000000000000000e+00 0.000000000000000000e+00 8.697735277885084962e-13 0.000000000000000000e+00 5.274739187620618961e-05
1.719000000000000000e+03 0.000000000000000000e+00 0.000000000000000000e+00 8.697037665875561845e-13 0.000000000000000000e+00 2.479222521296632734e-05
1.720000000000000000e+03 0.000000000000000000e+00 0.000000000000000000e+00 8.696340053866040748e-13 0.000000000000000000e+00 6.728329974608868072e-05
1.721000000000000000e+03 0.000000000000000000e+00 0.000000000000000000e+00 8.695642441856517632e-13 0.000000000000000000e+00 3.188957342399937039e-05
1.722000000000000000e+03 0.000000000000000000e+00 0.000000000000000000e+00 8.694944829846996535e-13 0.000000000000000000e+00 5.096427558180727441e-05
1.723000000000000000e+03 0.000000000000000000e+00 0.000000000000000000e+00 8.694247217837473418e-13 0.000000000000000000e+00 2.849401983629703562e-05
1.724000000000000000e+03 0.000000000000000000e+00 0.000000000000000000e+00 8.693549605827952321e-13 0.000000000000000000e+00 4.203898482633213092e-05
1.725000000000000000e+03 0.000000000000000000e+00 0.000000000000000000e+00 8.670315690021884957e-13 0.000000000000000000e+00 3.973608448583856612e-05
1.726000000000000000e+03 0.000000000000000000e+00 0.000000000000000000e+00 8.624545470419273346e-13 0.000000000000000000e+00 4.560495786065367442e-05
1.727000000000000000e+03 0.000000000000000000e+00 0.000000000000000000e+00 8.578775250816662745e-13 0.000000000000000000e+00 4.600512168708144963e-05
1.728000000000000000e+03 0.000000000000000000e+00 0.000000000000000000e+00 8.533005031214051134e-13 0.000000000000000000e+00 3.466831622864757762e-05
1.729000000000000000e+03 0.000000000000000000e+00 0.000000000000000000e+00 8.487234811611439523e-13 0.000000000000000000e+00 2.698329336032947307e-05
1.730000000000000000e+03 0.000000000000000000e+00 0.000000000000000000e+00 8.441464592008828922e-13 0.000000000000000000e+00 5.125037018729672257e-05
1.731000000000000000e+03 0.000000000000000000e+00 0.000000000000000000e+00 8.395694372406217311e-13 0.000000000000000000e+00 4.164575976160086687e-05
1.732000000000000000e+03 0.000000000000000000e+00 0.000000000000000000e+00 8.349924152803605700e-13 0.000000000000000000e+00 4.442955399277295206e-05
1.733000000000000000e+03 0.000000000000000000e+00 0.000000000000000000e+00 8.304153933200995099e-13 0.000000000000000000e+00 4.222313655126594628e-05
1.734000000000000000e+03 0.000000000000000000e+00 0.000000000000000000e+00 8.258383713598383488e-13 0.000000000000000000e+00 5.009061735161197986e-05
1.735000000000000000e+03 0.000000000000000000e+00 0.000000000000000000e+00 8.265121444584762615e-13 0.000000000000000000e+00 2.604936053506502300e-05
1.736000000000000000e+03 0.000000000000000000e+00 0.000000000000000000e+00 8.324367126160132479e-13 0.000000000000000000e+00 3.900631579406010365e-05
1.737000000000000000e+03 0.000000000000000000e+00 0.000000000000000000e+00 8.383612807735502343e-13 0.000000000000000000e+00 3.268475250910301828e-05
1.738000000000000000e+03 0.000000000000000000e+00 0.000000000000000000e+00 8.442858489310871198e-13 0.000000000000000000e+00 2.988517358603823621e-05
1.739000000000000000e+03 0.000000000000000000e+00 0.000000000000000000e+00 8.502104170886241062e-13 0.000000000000000000e+00 2.918801175577279334e-05
1.740000000000000000e+03 0.000000000000000000e+00 0.000000000000000000e+00 8.561349852461610926e-13 0.000000000000000000e+00 7.674111506134221130e-05
1.741000000000000000e+03 0.000000000000000000e+00 0.000000000000000000e+00 8.620595534036980790e-13 0.000000000000000000e+00 3.139557802621551510e-05
1.742000000000000000e+03 0.000000000000000000e+00 0.000000000000000000e+00 8.679841215612349645e-13 0.000000000000000000e+00 4.340511561574762951e-05
1.743000000000000000e+03 0.000000000000000000e+00 0.000000000000000000e+00 8.739086897187719509e-13 0.000000000000000000e+00 3.775774632002043009e-05
1.744000000000000000e+03 0.000000000000000000e+00 0.000000000000000000e+00 8.798332578763089373e-13 0.000000000000000000e+00 3.186788093351854048e-05
1.745000000000000000e+03 0.000000000000000000e+00 0.000000000000000000e+00 8.790066398707441504e-13 0.000000000000000000e+00 3.554943617562434727e-05
1.746000000000000000e+03 0.000000000000000000e+00 0.000000000000000000e+00 8.714288357020774892e-13 0.000000000000000000e+00 3.860190842436931626e-05
1.747000000000000000e+03 0.000000000000000000e+00 0.000000000000000000e+00 8.638510315334108279e-13 0.000000000000000000e+00 3.726527937674986660e-05
1.748000000000000000e+03 0.000000000000000000e+00 0.000000000000000000e+00 8.562732273647441667e-13 0.000000000000000000e+00 3.835202567673332398e-05
1.749000000000000000e+03 0.000000000000000000e+00 0.000000000000000000e+00 8.486954231960775055e-13 0.000000000000000000e+00 3.504952372773591896e-05
1.750000000000000000e+03 0.000000000000000000e+00 0.000000000000000000e+00 8.411176190274109453e-13 0.000000000000000000e+00 4.624892343648677055e-05
1.751000000000000000e+03 0.000000000000000000e+00 0.000000000000000000e+00 8.335398148587442841e-13 0.000000000000000000e+00 4.108631995192996682e-05
1.752000000000000000e+03 0.000000000000000000e+00 0.000000000000000000e+00 8.259620106900776228e-13 0.000000000000000000e+00 2.682602033482752468e-05
1.753000000000000000e+03 0.000000000000000000e+00 0.000000000000000000e+00 8.183842065214109616e-13 0.000000000000000000e+00 3.937122025662012539e-05
1.754000000000000000e+03 0.000000000000000000e+00 0.000000000000000000e+00 8.108064023527443004e-13 0.000000000000000000e+00 5.167351174988480317e-05
1.755000000000000000e+03 0.000000000000000000e+00 0.000000000000000000e+00 8.064632810966341861e-13 0.000000000000000000e+00 2.981050679996484598e-05
1.756000000000000000e+03 0.000000000000000000e+00 0.000000000000000000e+00 8.053548427530806188e-13 0.000000000000000000e+00 4.400845166474487370e-05
1.757000000000000000e+03 0.000000000000000000e+00 0.000000000000000000e+00 8.042464044095270514e-13 0.000000000000000000e+00 2.168067790864984168e-05
1.758000000000000000e+03 0.000000000000000000e+00 0.000000000000000000e+00 8.031379660659733831e-13 0.000000000000000000e+00 3.435105611899089378e-05
1.759000000000000000e+03 0.000000000000000000e+00 0.000000000000000000e+00 8.020295277224198158e-13 0.000000000000000000e+00 3.372295322675748975e-05
1.760000000000000000e+03 0.000000000000000000e+00 0.000000000000000000e+00 8.009210893788661474e-13 0.000000000000000000e+00 3.481398923442191010e-05
1.761000000000000000e+03 0.000000000000000000e+00 0.000000000000000000e+00 7.998126510353125801e-13 0.000000000000000000e+00 5.862019589588559747e-05
1.762000000000000000e+03 0.000000000000000000e+00 0.000000000000000000e+00 7.987042126917589118e-13 0.000000000000000000e+00 4.418139337247877890e-05
1.763000000000000000e+03 0.000000000000000000e+00 0.000000000000000000e+00 7.975957743482053444e-13 0.000000000000000000e+00 2.914530841041878504e-05
1.764000000000000000e+03 0.000000000000000000e+00 0.000000000000000000e+00 7.964873360046517771e-13 0.000000000000000000e+00 3.074278578841404446e-05
1.765000000000000000e+03 0.000000000000000000e+00 0.000000000000000000e+00 7.955317288501654049e-13 0.000000000000000000e+00 3.094200683326019758e-05
1.766000000000000000e+03 0.000000000000000000e+00 0.000000000000000000e+00 7.947289528847462280e-13 0.000000000000000000e+00 3.474153782527948832e-05
1.767000000000000000e+03 0.000000000000000000e+00 0.000000000000000000e+00 7.939261769193270510e-13 0.000000000000000000e+00 2.670254364327399627e-05
1.768000000000000000e+03 0.000000000000000000e+00 0.000000000000000000e+00 7.931234009539078741e-13 0.000000000000000000e+00 4.748704848773165326e-05
1.769000000000000000e+03 0.000000000000000000e+00 0.000000000000000000e+00 7.923206249884886971e-13 0.000000000000000000e+00 2.506494408744461340e-05
1.770000000000000000e+03 0.000000000000000000e+00 0.000000000000000000e+00 7.915178490230696211e-13 0.000000000000000000e+00 4.681528740088583692e-05
1.771000000000000000e+03 0.000000000000000000e+00 0.000000000000000000e+00 7.907150730576504442e-13 0.000000000000000000e+00 4.560157136487969078e-05
1.772000000000000000e+03 0.000000000000000000e+00 0.000000000000000000e+00 7.899122970922312672e-13 0.000000000000000000e+00 3.432718956440764012e-05
1.773000000000000000e+03 0.000000000000000000e+00 0.000000000000000000e+00 7.891095211268120902e-13 0.000000000000000000e+00 3.173768802588260271e-05
1.774000000000000000e+03 0.000000000000000000e+00 0.000000000000000000e+00 7.883067451613929133e-13 0.000000000000000000e+00 2.124882474200306872e-05
1.775000000000000000e+03 0.000000000000000000e+00 0.000000000000000000e+00 7.883612376270485531e-13 0.000000000000000000e+00 4.050312860706966369e-05
1.776000000000000000e+03 0.000000000000000000e+00 0.000000000000000000e+00 7.892729985237790097e-13 0.000000000000000000e+00 4.397576194641338493e-05
1.777000000000000000e+03 0.000000000000000000e+00 0.000000000000000000e+00 7.901847594205094663e-13 0.000000000000000000e+00 3.055700887620603002e-05
1.778000000000000000e+03 0.000000000000000000e+00 0.000000000000000000e+00 7.910965203172398220e-13 0.000000000000000000e+00 2.600466445168001767e-05
1.779000000000000000e+03 0.000000000000000000e+00 0.000000000000000000e+00 7.920082812139702786e-13 0.000000000000000000e+00 2.908485124062354683e-05
1.780000000000000000e+03 0.000000000000000000e+00 0.000000000000000000e+00 7.929200421107007352e-13 0.000000000000000000e+00 4.139459299784452399e-05
1.781000000000000000e+03 0.000000000000000000e+00 0.000000000000000000e+00 7.938318030074311918e-13 0.000000000000000000e+00 4.089706261717671433e-05
1.782000000000000000e+03 0.000000000000000000e+00 0.000000000000000000e+00 7.947435639041615474e-13 0.000000000000000000e+00 4.503761628050969310e-05
1.783000000000000000e+03 0.000000000000000000e+00 0.000000000000000000e+00 7.956553248008920040e-13 0.000000000000000000e+00 2.693225633894398715e-05
1.784000000000000000e+03 0.000000000000000000e+00 0.000000000000000000e+00 7.965670856976224606e-13 0.000000000000000000e+00 3.809312760123189056e-05
1.785000000000000000e+03 0.000000000000000000e+00 0.000000000000000000e+00 7.956404224340440107e-13 0.000000000000000000e+00 3.857503755938947968e-05
1.786000000000000000e+03 0.000000000000000000e+00 0.000000000000000000e+00 7.928753350101567552e-13 0.000000000000000000e+00 2.392583796943908292e-05
1.787000000000000000e+03 0.000000000000000000e+00 0.000000000000000000e+00 7.901102475862694997e-13 0.000000000000000000e+00 2.371606836428679079e-05
1.788000000000000000e+03 0.000000000000000000e+00 0.000000000000000000e+00 7.873451601623823452e-13 0.000000000000000000e+00 2.300923725846918438e-05
1.789000000000000000e+03 0.000000000000000000e+00 0.000000000000000000e+00 7.845800727384950897e-13 0.000000000000000000e+00 4.348097563722283629e-05
1.790000000000000000e+03 0.000000000000000000e+00 0.000000000000000000e+00 7.818149853146078342e-13 0.000000000000000000e+00 5.152478896269551193e-05
1.791000000000000000e+03 0.000000000000000000e+00 0.000000000000000000e+00 7.790498978907205787e-13 0.000000000000000000e+00 3.372809007187855775e-05
1.792000000000000000e+03 0.000000000000000000e+00 0.000000000000000000e+00 7.762848104668334242e-13 0.000000000000000000e+00 3.242323280511565065e-05
1.793000000000000000e+03 0.000000000000000000e+00 0.000000000000000000e+00 7.735197230429461687e-13 0.000000000000000000e+00 2.800997689629338718e-05
1.794000000000000000e+03 0.000000000000000000e+00 0.000000000000000000e+00 7.707546356190589132e-13 0.000000000000000000e+00 3.412423821958125519e-05
1.795000000000000000e+03 0.000000000000000000e+00 0.000000000000000000e+00 7.685374689004684425e-13 0.000000000000000000e+00 2.774215505698589016e-05
1.796000000000000000e+03 0.000000000000000000e+00 0.000000000000000000e+00 7.668682228871746556e-13 0.000000000000000000e+00 3.656957572660984076e-05
1.797000000000000000e+03 0.000000000000000000e+00 0.000000000000000000e+00 7.651989768738808687e-13 0.000000000000000000e+00 3.294287010733074712e-05
1.798000000000000000e+03 0.000000000000000000e+00 0.000000000000000000e+00 7.635297308605870817e-13 0.000000000000000000e+00 3.072392745629838975e-05
1.799000000000000000e+03 0.000000000000000000e+00 0.000000000000000000e+00 7.618604848472932948e-13 0.000000000000000000e+00 2.263223406916508475e-05
1.800000000000000000e+03 0.000000000000000000e+00 0.000000000000000000e+00 7.601912388339995079e-13 0.000000000000000000e+00 4.205722756917407016e-05
1.801000000000000000e+03 0.000000000000000000e+00 0.000000000000000000e+00 7.585219928207057209e-13 0.000000000000000000e+00 3.086535496202100898e-05
1.802000000000000000e+03 0.000000000000000000e+00 0.000000000000000000e+00 7.568527468074119340e-13 0.000000000000000000e+00 3.434093147758783820e-05
1.803000000000000000e+03 0.000000000000000000e+00 0.000000000000000000e+00 7.551835007941181471e-13 0.000000000000000000e+00 4.320101716280599550e-05
1.804000000000000000e+03 0.000000000000000000e+00 0.000000000000000000e+00 7.535142547808243601e-13 0.000000000000000000e+00 3.153647625501451507e-05
1.805000000000000000e+03 0.000000000000000000e+00 0.000000000000000000e+00 7.520723865903443814e-13 0.000000000000000000e+00 2.872104957358355160e-05
1.806000000000000000e+03 0.000000000000000000e+00 0.000000000000000000e+00 7.508578962226780090e-13 0.000000000000000000e+00 3.112075904327293776e-05
1.807000000000000000e+03 0.000000000000000000e+00 0.000000000000000000e+00 7.496434058550117376e-13 0.000000000000000000e+00 2.430878800615967841e-05
1.808000000000000000e+03 0.000000000000000000e+00 0.000000000000000000e+00 7.484289154873453652e-13 0.000000000000000000e+00 2.102079512971802050e-05
1.809000000000000000e+03 0.000000000000000000e+00 0.000000000000000000e+00 7.472144251196789927e-13 0.000000000000000000e+00 3.109225814978565963e-05
1.810000000000000000e+03 0.000000000000000000e+00 0.000000000000000000e+00 7.459999347520127213e-13 0.000000000000000000e+00 4.713306328638832760e-05
1.811000000000000000e+03 0.000000000000000000e+00 0.000000000000000000e+00 7.447854443843463489e-13 0.000000000000000000e+00 3.236818650870949696e-05
1.812000000000000000e+03 0.000000000000000000e+00 0.000000000000000000e+00 7.435709540166799765e-13 0.000000000000000000e+00 4.583158706515769220e-05
1.813000000000000000e+03 0.000000000000000000e+00 0.000000000000000000e+00 7.423564636490137050e-13 0.000000000000000000e+00 2.467649798952399934e-05
1.814000000000000000e+03 0.000000000000000000e+00 0.000000000000000000e+00 7.411419732813473326e-13 0.000000000000000000e+00 1.927276784468482887e-05
1.815000000000000000e+03 0.000000000000000000e+00 0.000000000000000000e+00 7.413999264827646755e-13 0.000000000000000000e+00 3.011196199615677273e-05
1.816000000000000000e+03 0.000000000000000000e+00 0.000000000000000000e+00 7.431303232532658345e-13 0.000000000000000000e+00 2.854763781091715859e-05
1.817000000000000000e+03 0.000000000000000000e+00 0.000000000000000000e+00 7.448607200237667916e-13 0.000000000000000000e+00 3.400436447790077026e-05
1.818000000000000000e+03 0.000000000000000000e+00 0.000000000000000000e+00 7.465911167942679507e-13 0.000000000000000000e+00 3.453065249570788550e-05
1.819000000000000000e+03 0.000000000000000000e+00 0.000000000000000000e+00 7.483215135647689078e-13 0.000000000000000000e+00 1.666388631026785672e-05
1.820000000000000000e+03 0.000000000000000000e+00 0.000000000000000000e+00 7.500519103352700669e-13 0.000000000000000000e+00 5.238962387670140133e-05
1.821000000000000000e+03 0.000000000000000000e+00 0.000000000000000000e+00 7.517823071057710240e-13 0.000000000000000000e+00 2.682190971575708693e-05
1.822000000000000000e+03 0.000000000000000000e+00 0.000000000000000000e+00 7.535127038762721830e-13 0.000000000000000000e+00 3.285234514870078804e-05
1.823000000000000000e+03 0.000000000000000000e+00 0.000000000000000000e+00 7.552431006467731401e-13 0.000000000000000000e+00 2.608398339159422415e-05
1.824000000000000000e+03 0.000000000000000000e+00 0.000000000000000000e+00 7.569734974172742992e-13 0.000000000000000000e+00 2.236122876235600057e-05
1.825000000000000000e+03 0.000000000000000000e+00 0.000000000000000000e+00 7.573904933396508131e-13 0.000000000000000000e+00 4.341220972756305863e-05
1.826000000000000000e+03 0.000000000000000000e+00 0.000000000000000000e+00 7.564940884139029848e-13 0.000000000000000000e+00 3.355822153191677961e-05
1.827000000000000000e+03 0.000000000000000000e+00 0.000000000000000000e+00 7.555976834881550554e-13 0.000000000000000000e+00 1.786796967653153813e-05
1.828000000000000000e+03 0.000000000000000000e+00 0.000000000000000000e+00 7.547012785624071261e-13 0.000000000000000000e+00 2.614820626057850662e-05
1.829000000000000000e+03 0.000000000000000000e+00 0.000000000000000000e+00 7.538048736366592978e-13 0.000000000000000000e+00 2.298952361170322376e-05
1.830000000000000000e+03 0.000000000000000000e+00 0.000000000000000000e+00 7.529084687109113685e-13 0.000000000000000000e+00 3.695783015753787147e-05
1.831000000000000000e+03 0.000000000000000000e+00 0.000000000000000000e+00 7.520120637851635401e-13 0.000000000000000000e+00 3.424710879470189111e-05
1.832000000000000000e+03 0.000000000000000000e+00 0.000000000000000000e+00 7.511156588594156108e-13 0.000000000000000000e+00 4.105523821973198491e-05
1.833000000000000000e+03 0.000000000000000000e+00 0.000000000000000000e+00 7.502192539336676815e-13 0.000000000000000000e+00 2.594689495735140003e-05
1.834000000000000000e+03 0.000000000000000000e+00 0.000000000000000000e+00 7.493228490079198532e-13 0.000000000000000000e+00 3.731469018316723905e-05
1.835000000000000000e+03 0.000000000000000000e+00 0.000000000000000000e+00 7.474573823089343964e-13 0.000000000000000000e+00 2.079913234735341197e-05
1.836000000000000000e+03 0.000000000000000000e+00 0.000000000000000000e+00 7.446228538367114122e-13 0.000000000000000000e+00 2.514229027735768340e-05
1.837000000000000000e+03 0.000000000000000000e+00 0.000000000000000000e+00 7.417883253644884280e-13 0.000000000000000000e+00 2.210165724107818186e-05
1.838000000000000000e+03 0.000000000000000000e+00 0.000000000000000000e+00 7.389537968922655448e-13 0.000000000000000000e+00 2.552948193976149440e-05
1.839000000000000000e+03 0.000000000000000000e+00 0.000000000000000000e+00 7.361192684200425606e-13 0.000000000000000000e+00 3.346603382348021160e-05
1.840000000000000000e+03 0.000000000000000000e+00 0.000000000000000000e+00 7.332847399478195764e-13 0.000000000000000000e+00 4.351177387510167283e-05
1.841000000000000000e+03 0.000000000000000000e+00 0.000000000000000000e+00 7.304502114755965922e-13 0.000000000000000000e+00 2.699764202596110452e-05
1.842000000000000000e+03 0.000000000000000000e+00 0.000000000000000000e+00 7.276156830033737089e-13 0.000000000000000000e+00 2.890217922656549259e-05
1.843000000000000000e+03 0.000000000000000000e+00 0.000000000000000000e+00 7.247811545311507247e-13 0.000000000000000000e+00 2.557981025700244339e-05
1.844000000000000000e+03 0.000000000000000000e+00 0.000000000000000000e+00 7.219466260589277405e-13 0.000000000000000000e+00 2.946254388983131524e-05
1.845000000000000000e+03 0.000000000000000000e+00 0.000000000000000000e+00 7.194288221011321373e-13 0.000000000000000000e+00 2.148959639417580538e-05
1.846000000000000000e+03 0.000000000000000000e+00 0.000000000000000000e+00 7.172277426577640160e-13 0.000000000000000000e+00 3.750696536205722271e-05
1.847000000000000000e+03 0.000000000000000000e+00 0.000000000000000000e+00 7.150266632143957938e-13 0.000000000000000000e+00 2.607828160031717149e-05
1.848000000000000000e+03 0.000000000000000000e+00 0.000000000000000000e+00 7.128255837710275715e-13 0.000000000000000000e+00 2.914166128339233409e-05
1.849000000000000000e+03 0.000000000000000000e+00 0.000000000000000000e+00 7.106245043276594502e-13 0.000000000000000000e+00 1.937325079885845953e-05
1.850000000000000000e+03 0.000000000000000000e+00 0.000000000000000000e+00 7.084234248842912280e-13 0.000000000000000000e+00 3.284362747756688498e-05
1.851000000000000000e+03 0.000000000000000000e+00 0.000000000000000000e+00 7.062223454409231067e-13 0.000000000000000000e+00 2.871627196628498337e-05
1.852000000000000000e+03 0.000000000000000000e+00 0.000000000000000000e+00 7.040212659975548845e-13 0.000000000000000000e+00 2.724627154787102488e-05
1.853000000000000000e+03 0.000000000000000000e+00 0.000000000000000000e+00 7.018201865541866622e-13 0.000000000000000000e+00 4.530300937325632465e-05
1.854000000000000000e+03 0.000000000000000000e+00 0.000000000000000000e+00 6.996191071108185409e-13 0.000000000000000000e+00 2.646796898529683268e-05
1.855000000000000000e+03 0.000000000000000000e+00 0.000000000000000000e+00 7.002100857109299607e-13 0.000000000000000000e+00 1.951804626426577633e-05
1.856000000000000000e+03 0.000000000000000000e+00 0.000000000000000000e+00 7.035931223545211234e-13 0.000000000000000000e+00 3.237765199635827542e-05
1.857000000000000000e+03 0.000000000000000000e+00 0.000000000000000000e+00 7.069761589981122861e-13 0.000000000000000000e+00 1.897607713141543032e-05
1.858000000000000000e+03 0.000000000000000000e+00 0.000000000000000000e+00 7.103591956417034488e-13 0.000000000000000000e+00 2.160836149094645041e-05
1.859000000000000000e+03 0.000000000000000000e+00 0.000000000000000000e+00 7.137422322852946115e-13 0.000000000000000000e+00 1.902709542905902269e-05
1.860000000000000000e+03 0.000000000000000000e+00 0.000000000000000000e+00 7.171252689288856733e-13 0.000000000000000000e+00 4.847598514502583740e-05
1.861000000000000000e+03 0.000000000000000000e+00 0.000000000000000000e+00 7.205083055724768360e-13 0.000000000000000000e+00 3.665114524162033788e-05
1.862000000000000000e+03 0.000000000000000000e+00 0.000000000000000000e+00 7.238913422160679987e-13 0.000000000000000000e+00 2.200046760775683285e-05
1.863000000000000000e+03 0.000000000000000000e+00 0.000000000000000000e+00 7.272743788596591614e-13 0.000000000000000000e+00 2.801701113587995782e-05
1.864000000000000000e+03 0.000000000000000000e+00 0.000000000000000000e+00 7.306574155032503242e-13 0.000000000000000000e+00 1.998844330643241126e-05
1.865000000000000000e+03 0.000000000000000000e+00 0.000000000000000000e+00 7.301579664259423948e-13 0.000000000000000000e+00 2.327184411592923214e-05
1.866000000000000000e+03 0.000000000000000000e+00 0.000000000000000000e+00 7.257760316277354743e-13 0.000000000000000000e+00 2.429856245412194662e-05
1.867000000000000000e+03 0.000000000000000000e+00 0.000000000000000000e+00 7.213940968295285539e-13 0.000000000000000000e+00 3.209378906188627102e-05
1.868000000000000000e+03 0.000000000000000000e+00 0.000000000000000000e+00 7.170121620313215324e-13 0.000000000000000000e+00 2.931552853718832975e-05
1.869000000000000000e+03 0.000000000000000000e+00 0.000000000000000000e+00 7.126302272331146120e-13 0.000000000000000000e+00 2.332223809037793676e-05
1.870000000000000000e+03 0.000000000000000000e+00 0.000000000000000000e+00 7.082482924349076915e-13 0.000000000000000000e+00 3.679384798314762692e-05
1.871000000000000000e+03 0.000000000000000000e+00 0.000000000000000000e+00 7.038663576367007711e-13 0.000000000000000000e+00 2.599887189959866683e-05
1.872000000000000000e+03 0.000000000000000000e+00 0.000000000000000000e+00 6.994844228384937496e-13 0.000000000000000000e+00 2.254121755991954926e-05
1.873000000000000000e+03 0.000000000000000000e+00 0.000000000000000000e+00 6.951024880402868292e-13 0.000000000000000000e+00 2.646028655095436586e-05
1.874000000000000000e+03 0.000000000000000000e+00 0.000000000000000000e+00 6.907205532420799087e-13 0.000000000000000000e+00 3.639841179544321003e-05
1.875000000000000000e+03 0.000000000000000000e+00 0.000000000000000000e+00 6.890277446035038316e-13 0.000000000000000000e+00 2.883403963621449561e-05
1.876000000000000000e+03 0.000000000000000000e+00 0.000000000000000000e+00 6.900240621245584969e-13 0.000000000000000000e+00 2.214083607802483803e-05
1.877000000000000000e+03 0.000000000000000000e+00 0.000000000000000000e+00 6.910203796456131621e-13 0.000000000000000000e+00 1.705416163858892347e-05
1.878000000000000000e+03 0.000000000000000000e+00 0.000000000000000000e+00 6.920166971666679284e-13 0.000000000000000000e+00 2.364155575012786612e-05
1.879000000000000000e+03 0.000000000000000000e+00 0.000000000000000000e+00 6.930130146877225936e-13 0.000000000000000000e+00 2.172853170761386037e-05
1.880000000000000000e+03 0.000000000000000000e+00 0.000000000000000000e+00 6.940093322087773598e-13 0.000000000000000000e+00 3.191502353538160585e-05
1.881000000000000000e+03 0.000000000000000000e+00 0.000000000000000000e+00 6.950056497298320251e-13 0.000000000000000000e+00 3.549506675488171760e-05
1.882000000000000000e+03 0.000000000000000000e+00 0.000000000000000000e+00 6.960019672508867913e-13 0.000000000000000000e+00 3.276808321801655911e-05
1.883000000000000000e+03 0.000000000000000000e+00 0.000000000000000000e+00 6.969982847719414566e-13 0.000000000000000000e+00 2.388806731639299158e-05
1.884000000000000000e+03 0.000000000000000000e+00 0.000000000000000000e+00 6.979946022929961219e-13 0.000000000000000000e+00 2.908031089483057338e-05
1.885000000000000000e+03 0.000000000000000000e+00 0.000000000000000000e+00 6.966584963334519846e-13 0.000000000000000000e+00 2.056799661940581175e-05
1.886000000000000000e+03 0.000000000000000000e+00 0.000000000000000000e+00 6.929899668933089438e-13 0.000000000000000000e+00 1.596418706103028899e-05
1.887000000000000000e+03 0.000000000000000000e+00 0.000000000000000000e+00 6.893214374531659030e-13 0.000000000000000000e+00 2.522770395982007734e-05
1.888000000000000000e+03 0.000000000000000000e+00 0.000000000000000000e+00 6.856529080130229632e-13 0.000000000000000000e+00 2.610850407721436483e-05
1.889000000000000000e+03 0.000000000000000000e+00 0.000000000000000000e+00 6.819843785728799225e-13 0.000000000000000000e+00 2.789246428810039397e-05
1.890000000000000000e+03 0.000000000000000000e+00 0.000000000000000000e+00 6.783158491327368817e-13 0.000000000000000000e+00 3.467273375146786565e-05
1.891000000000000000e+03 0.000000000000000000e+00 0.000000000000000000e+00 6.746473196925938409e-13 0.000000000000000000e+00 2.233528245485032318e-05
1.892000000000000000e+03 0.000000000000000000e+00 0.000000000000000000e+00 6.709787902524509011e-13 0.000000000000000000e+00 2.940274556155238675e-05
1.893000000000000000e+03 0.000000000000000000e+00 0.000000000000000000e+00 6.673102608123078604e-13 0.000000000000000000e+00 2.264916230394516518e-05
1.894000000000000000e+03 0.000000000000000000e+00 0.000000000000000000e+00 6.636417313721648196e-13 0.000000000000000000e+00 2.626031340960732410e-05
1.895000000000000000e+03 0.000000000000000000e+00 0.000000000000000000e+00 6.620730795041947121e-13 0.000000000000000000e+00 2.590394650201861671e-05
1.896000000000000000e+03 0.000000000000000000e+00 0.000000000000000000e+00 6.626043052083976389e-13 0.000000000000000000e+00 2.794413660366357381e-05
1.897000000000000000e+03 0.000000000000000000e+00 0.000000000000000000e+00 6.631355309126005657e-13 0.000000000000000000e+00 2.255168789282820100e-05
1.898000000000000000e+03 0.000000000000000000e+00 0.000000000000000000e+00 6.636667566168033915e-13 0.000000000000000000e+00 2.457058013347204352e-05
1.899000000000000000e+03 0.000000000000000000e+00 0.000000000000000000e+00 6.641979823210063183e-13 0.000000000000000000e+00 1.717902230299735587e-05
1.900000000000000000e+03 0.000000000000000000e+00 0.000000000000000000e+00 6.647292080252091441e-13 0.000000000000000000e+00 2.717804299107053526e-05
1.901000000000000000e+03 0.000000000000000000e+00 0.000000000000000000e+00 6.652604337294120709e-13 0.000000000000000000e+00 2.822003309955072972e-05
1.902000000000000000e+03 0.000000000000000000e+00 0.000000000000000000e+00 6.657916594336148968e-13 0.000000000000000000e+00 3.245516823683146883e-05
1.903000000000000000e+03 0.000000000000000000e+00 0.000000000000000000e+00 6.663228851378178236e-13 0.000000000000000000e+00 2.602516324213364967e-05
1.904000000000000000e+03 0.000000000000000000e+00 0.000000000000000000e+00 6.668541108420207504e-13 0.000000000000000000e+00 3.194099278851990050e-05
1.905000000000000000e+03 0.000000000000000000e+00 0.000000000000000000e+00 6.677331639983103827e-13 0.000000000000000000e+00 2.067526377688489443e-05
1.906000000000000000e+03 0.000000000000000000e+00 0.000000000000000000e+00 6.689600446066868216e-13 0.000000000000000000e+00 2.002134575392827898e-05
1.907000000000000000e+03 0.000000000000000000e+00 0.000000000000000000e+00 6.701869252150631595e-13 0.000000000000000000e+00 1.670324724658512960e-05
1.908000000000000000e+03 0.000000000000000000e+00 0.000000000000000000e+00 6.714138058234395984e-13 0.000000000000000000e+00 1.752011978782680164e-05
1.909000000000000000e+03 0.000000000000000000e+00 0.000000000000000000e+00 6.726406864318160373e-13 0.000000000000000000e+00 3.107151645908865157e-05
1.910000000000000000e+03 0.000000000000000000e+00 0.000000000000000000e+00 6.738675670401923752e-13 0.000000000000000000e+00 4.008375692597987075e-05
1.911000000000000000e+03 0.000000000000000000e+00 0.000000000000000000e+00 6.750944476485688140e-13 0.000000000000000000e+00 2.356434640461841965e-05
1.912000000000000000e+03 0.000000000000000000e+00 0.000000000000000000e+00 6.763213282569452529e-13 0.000000000000000000e+00 2.503188114333838616e-05
1.913000000000000000e+03 0.000000000000000000e+00 0.000000000000000000e+00 6.775482088653215908e-13 0.000000000000000000e+00 1.880843841406231706e-05
1.914000000000000000e+03 0.000000000000000000e+00 0.000000000000000000e+00 6.787750894736980297e-13 0.000000000000000000e+00 2.838969051491367618e-05
1.915000000000000000e+03 0.000000000000000000e+00 0.000000000000000000e+00 6.772345473680394618e-13 0.000000000000000000e+00 1.434716218136073309e-05
1.916000000000000000e+03 0.000000000000000000e+00 0.000000000000000000e+00 6.729265825483458871e-13 0.000000000000000000e+00 2.627311149211678873e-05
1.917000000000000000e+03 0.000000000000000000e+00 0.000000000000000000e+00 6.686186177286523124e-13 0.000000000000000000e+00 2.599441944451101700e-05
1.918000000000000000e+03 0.000000000000000000e+00 0.000000000000000000e+00 6.643106529089587377e-13 0.000000000000000000e+00 2.710792876490714502e-05
1.919000000000000000e+03 0.000000000000000000e+00 0.000000000000000000e+00 6.600026880892651631e-13 0.000000000000000000e+00 2.031706104001997131e-05
1.920000000000000000e+03 0.000000000000000000e+00 0.000000000000000000e+00 6.556947232695716893e-13 0.000000000000000000e+00 3.044771901139070106e-05
1.921000000000000000e+03 0.000000000000000000e+00 0.000000000000000000e+00 6.513867584498781147e-13 0.000000000000000000e+00 1.962264431365385870e-05
1.922000000000000000e+03 0.000000000000000000e+00 0.000000000000000000e+00 6.470787936301845400e-13 0.000000000000000000e+00 2.145787376190740945e-05
1.923000000000000000e+03 0.000000000000000000e+00 0.000000000000000000e+00 6.427708288104909653e-13 0.000000000000000000e+00 2.785296664313292593e-05
1.924000000000000000e+03 0.000000000000000000e+00 0.000000000000000000e+00 6.384628639907973906e-13 0.000000000000000000e+00 3.405593583834492632e-05
1.925000000000000000e+03 0.000000000000000000e+00 0.000000000000000000e+00 6.372949333057502365e-13 0.000000000000000000e+00 1.924757416372942638e-05
1.926000000000000000e+03 0.000000000000000000e+00 0.000000000000000000e+00 6.392670367553494021e-13 0.000000000000000000e+00 2.398618819042049906e-05
1.927000000000000000e+03 0.000000000000000000e+00 0.000000000000000000e+00 6.412391402049486687e-13 0.000000000000000000e+00 1.079430198185680477e-05
1.928000000000000000e+03 0.000000000000000000e+00 0.000000000000000000e+00 6.432112436545479352e-13 0.000000000000000000e+00 2.584302788699854712e-05
1.929000000000000000e+03 0.000000000000000000e+00 0.000000000000000000e+00 6.451833471041471008e-13 0.000000000000000000e+00 1.800952315385187007e-05
1.930000000000000000e+03 0.000000000000000000e+00 0.000000000000000000e+00 6.471554505537463674e-13 0.000000000000000000e+00 3.201839202167306900e-05
1.931000000000000000e+03 0.000000000000000000e+00 0.000000000000000000e+00 6.491275540033455330e-13 0.000000000000000000e+00 3.452520320486900709e-05
1.932000000000000000e+03 0.000000000000000000e+00 0.000000000000000000e+00 6.510996574529447995e-13 0.000000000000000000e+00 2.344326497338816679e-05
1.933000000000000000e+03 0.000000000000000000e+00 0.000000000000000000e+00 6.530717609025440661e-13 0.000000000000000000e+00 2.694203359509443626e-05
1.934000000000000000e+03 0.000000000000000000e+00 0.000000000000000000e+00 6.550438643521432316e-13 0.000000000000000000e+00 2.030068304386827387e-05
1.935000000000000000e+03 0.000000000000000000e+00 0.000000000000000000e+00 6.534140811703349672e-13 0.000000000000000000e+00 1.622324435011996538e-05
1.936000000000000000e+03 0.000000000000000000e+00 0.000000000000000000e+00 6.481824113571190707e-13 0.000000000000000000e+00 1.876756015295340162e-05
1.937000000000000000e+03 0.000000000000000000e+00 0.000000000000000000e+00 6.429507415439032751e-13 0.000000000000000000e+00 2.056982369739598861e-05
1.938000000000000000e+03 0.000000000000000000e+00 0.000000000000000000e+00 6.377190717306873786e-13 0.000000000000000000e+00 3.381183155829335283e-05
1.939000000000000000e+03 0.000000000000000000e+00 0.000000000000000000e+00 6.324874019174715831e-13 0.000000000000000000e+00 1.856674110086140885e-05
1.940000000000000000e+03 0.000000000000000000e+00 0.000000000000000000e+00 6.272557321042556866e-13 0.000000000000000000e+00 3.045799075630366507e-05
1.941000000000000000e+03 0.000000000000000000e+00 0.000000000000000000e+00 6.220240622910398911e-13 0.000000000000000000e+00 2.163937980314534871e-05
1.942000000000000000e+03 0.000000000000000000e+00 0.000000000000000000e+00 6.167923924778239946e-13 0.000000000000000000e+00 2.502446613678993006e-05
1.943000000000000000e+03 0.000000000000000000e+00 0.000000000000000000e+00 6.115607226646081990e-13 0.000000000000000000e+00 1.610649360750144189e-05
1.944000000000000000e+03 0.000000000000000000e+00 0.000000000000000000e+00 6.063290528513923025e-13 0.000000000000000000e+00 2.167601581802075915e-05
1.945000000000000000e+03 0.000000000000000000e+00 0.000000000000000000e+00 6.059266225459270761e-13 0.000000000000000000e+00 3.088796168008759130e-05
1.946000000000000000e+03 0.000000000000000000e+00 0.000000000000000000e+00 6.103534317482124188e-13 0.000000000000000000e+00 2.551948983285138813e-05
1.947000000000000000e+03 0.000000000000000000e+00 0.000000000000000000e+00 6.147802409504978624e-13 0.000000000000000000e+00 2.200357045636126897e-05
1.948000000000000000e+03 0.000000000000000000e+00 0.000000000000000000e+00 6.192070501527832050e-13 0.000000000000000000e+00 1.974492776288368847e-05
1.949000000000000000e+03 0.000000000000000000e+00 0.000000000000000000e+00 6.236338593550685477e-13 0.000000000000000000e+00 1.288023312691479139e-05
1.950000000000000000e+03 0.000000000000000000e+00 0.000000000000000000e+00 6.280606685573539913e-13 0.000000000000000000e+00 2.998776104438092256e-05
1.951000000000000000e+03 0.000000000000000000e+00 0.000000000000000000e+00 6.324874777596393340e-13 0.000000000000000000e+00 2.067330165721317225e-05
1.952000000000000000e+03 0.000000000000000000e+00 0.000000000000000000e+00 6.369142869619246766e-13 0.000000000000000000e+00 3.331631627237737815e-05
1.953000000000000000e+03 0.000000000000000000e+00 0.000000000000000000e+00 6.413410961642100193e-13 0.000000000000000000e+00 2.352699704154303788e-05
1.954000000000000000e+03 0.000000000000000000e+00 0.000000000000000000e+00 6.457679053664954629e-13 0.000000000000000000e+00 2.242667670703554937e-05
1.955000000000000000e+03 0.000000000000000000e+00 0.000000000000000000e+00 6.457343171811616823e-13 0.000000000000000000e+00 2.041706053467044090e-05
1.956000000000000000e+03 0.000000000000000000e+00 0.000000000000000000e+00 6.412403316082087784e-13 0.000000000000000000e+00 1.919789259295182093e-05
1.957000000000000000e+03 0.000000000000000000e+00 0.000000000000000000e+00 6.367463460352558746e-13 0.000000000000000000e+00 1.650414692799124090e-05
1.958000000000000000e+03 0.000000000000000000e+00 0.000000000000000000e+00 6.322523604623030717e-13 0.000000000000000000e+00 1.791352887303714717e-05
1.959000000000000000e+03 0.000000000000000000e+00 0.000000000000000000e+00 6.277583748893501678e-13 0.000000000000000000e+00 2.941922890680565787e-05
1.960000000000000000e+03 0.000000000000000000e+00 0.000000000000000000e+00 6.232643893163972639e-13 0.000000000000000000e+00 3.250701555760571941e-05
1.961000000000000000e+03 0.000000000000000000e+00 0.000000000000000000e+00 6.187704037434443601e-13 0.000000000000000000e+00 2.115829986359243895e-05
1.962000000000000000e+03 0.000000000000000000e+00 0.000000000000000000e+00 6.142764181704915572e-13 0.000000000000000000e+00 2.596874437840658334e-05
1.963000000000000000e+03 0.000000000000000000e+00 0.000000000000000000e+00 6.097824325975386533e-13 0.000000000000000000e+00 1.589038807442090431e-05
1.964000000000000000e+03 0.000000000000000000e+00 0.000000000000000000e+00 6.052884470245857494e-13 0.000000000000000000e+00 2.002013379670356945e-05
1.965000000000000000e+03 0.000000000000000000e+00 0.000000000000000000e+00 6.009436570562722416e-13 0.000000000000000000e+00 2.021669120892121630e-05
1.966000000000000000e+03 0.000000000000000000e+00 0.000000000000000000e+00 5.967480626925981298e-13 0.000000000000000000e+00 2.483866999750579746e-05
1.967000000000000000e+03 0.000000000000000000e+00 0.000000000000000000e+00 5.925524683289240180e-13 0.000000000000000000e+00 2.525795615019422953e-05
1.968000000000000000e+03 0.000000000000000000e+00 0.000000000000000000e+00 5.883568739652499062e-13 0.000000000000000000e+00 2.197757950956974948e-05
1.969000000000000000e+03 0.000000000000000000e+00 0.000000000000000000e+00 5.841612796015757944e-13 0.000000000000000000e+00 1.717468918426994073e-05
1.970000000000000000e+03 0.000000000000000000e+00 0.000000000000000000e+00 5.799656852379017836e-13 0.000000000000000000e+00 2.650355724711971482e-05
1.971000000000000000e+03 0.000000000000000000e+00 0.000000000000000000e+00 5.757700908742276719e-13 0.000000000000000000e+00 2.025971493024975013e-05
1.972000000000000000e+03 0.000000000000000000e+00 0.000000000000000000e+00 5.715744965105535601e-13 0.000000000000000000e+00 1.895786932351516967e-05
1.973000000000000000e+03 0.000000000000000000e+00 0.000000000000000000e+00 5.673789021468794483e-13 0.000000000000000000e+00 3.410465153676237130e-05
1.974000000000000000e+03 0.000000000000000000e+00 0.000000000000000000e+00 5.631833077832053365e-13 0.000000000000000000e+00 2.453307936457218251e-05
1.975000000000000000e+03 0.000000000000000000e+00 0.000000000000000000e+00 5.635706017071269409e-13 0.000000000000000000e+00 1.566102012743485943e-05
1.976000000000000000e+03 0.000000000000000000e+00 0.000000000000000000e+00 5.685407839186441604e-13 0.000000000000000000e+00 2.347297805844840082e-05
1.977000000000000000e+03 0.000000000000000000e+00 0.000000000000000000e+00 5.735109661301614810e-13 0.000000000000000000e+00 1.755172322612122841e-05
1.978000000000000000e+03 0.000000000000000000e+00 0.000000000000000000e+00 5.784811483416787005e-13 0.000000000000000000e+00 1.536171562959531389e-05
1.979000000000000000e+03 0.000000000000000000e+00 0.000000000000000000e+00 5.834513305531959201e-13 0.000000000000000000e+00 1.341030205871309481e-05
1.980000000000000000e+03 0.000000000000000000e+00 0.000000000000000000e+00 5.884215127647132406e-13 0.000000000000000000e+00 3.837116916387368692e-05
1.981000000000000000e+03 0.000000000000000000e+00 0.000000000000000000e+00 5.933916949762304602e-13 0.000000000000000000e+00 2.645218153820664758e-05
1.982000000000000000e+03 0.000000000000000000e+00 0.000000000000000000e+00 5.983618771877476798e-13 0.000000000000000000e+00 2.409351382451640038e-05
1.983000000000000000e+03 0.000000000000000000e+00 0.000000000000000000e+00 6.033320593992650003e-13 0.000000000000000000e+00 2.332196275452759888e-05
1.984000000000000000e+03 0.000000000000000000e+00 0.000000000000000000e+00 6.083022416107822199e-13 0.000000000000000000e+00 1.640598023468206926e-05
1.985000000000000000e+03 0.000000000000000000e+00 0.000000000000000000e+00 6.082520924034790635e-13 0.000000000000000000e+00 1.336684832845954634e-05
1.986000000000000000e+03 0.000000000000000000e+00 0.000000000000000000e+00 6.031816117773555314e-13 0.000000000000000000e+00 2.243846488432848241e-05
1.987000000000000000e+03 0.000000000000000000e+00 0.000000000000000000e+00 5.981111311512318982e-13 0.000000000000000000e+00 2.542980011565876603e-05
1.988000000000000000e+03 0.000000000000000000e+00 0.000000000000000000e+00 5.930406505251083660e-13 0.000000000000000000e+00 2.408384154762105786e-05
1.989000000000000000e+03 0.000000000000000000e+00 0.000000000000000000e+00 5.879701698989847329e-13 0.000000000000000000e+00 1.686121741173670879e-05
1.990000000000000000e+03 0.000000000000000000e+00 0.000000000000000000e+00 5.828996892728612007e-13 0.000000000000000000e+00 2.572157460591270980e-05
1.991000000000000000e+03 0.000000000000000000e+00 0.000000000000000000e+00 5.778292086467375675e-13 0.000000000000000000e+00 2.257117487420931890e-05
1.992000000000000000e+03 0.000000000000000000e+00 0.000000000000000000e+00 5.727587280206140354e-13 0.000000000000000000e+00 1.944297436203435903e-05
1.993000000000000000e+03 0.000000000000000000e+00 0.000000000000000000e+00 5.676882473944904022e-13 0.000000000000000000e+00 1.776799575093951201e-05
1.994000000000000000e+03 0.000000000000000000e+00 0.000000000000000000e+00 5.626177667683668700e-13 0.000000000000000000e+00 3.043455795518989039e-05
1.995000000000000000e+03 0.000000000000000000e+00 0.000000000000000000e+00 5.606739419795771436e-13 0.000000000000000000e+00 2.110617291026994837e-05
1.996000000000000000e+03 0.000000000000000000e+00 0.000000000000000000e+00 5.618567730281213238e-13 0.000000000000000000e+00 2.617350873408790839e-05
1.997000000000000000e+03 0.000000000000000000e+00 0.000000000000000000e+00 5.630396040766655040e-13 0.000000000000000000e+00 1.534469313156388803e-05
1.998000000000000000e+03 0.000000000000000000e+00 0.000000000000000000e+00 5.642224351252097852e-13 0.000000000000000000e+00 1.758228123029884687e-05
1.999000000000000000e+03 0.000000000000000000e+00 0.000000000000000000e+00 5.654052661737539654e-13 0.000000000000000000e+00 1.421587576977969404e-05
2.000000000000000000e+03 0.000000000000000000e+00 0.000000000000000000e+00 5.665880972222981456e-13 0.000000000000000000e+00 2.511690320604676978e-05
2.001000000000000000e+03 0.000000000000000000e+00 0.000000000000000000e+00 5.677709282708423258e-13 0.000000000000000000e+00 3.036488238802352514e-05
2.002000000000000000e+03 0.000000000000000000e+00 0.000000000000000000e+00 5.689537593193866070e-13 0.000000000000000000e+00 2.540813560636876985e-05
2.003000000000000000e+03 0.000000000000000000e+00 0.000000000000000000e+00 5.701365903679307872e-13 0.000000000000000000e+00 1.890889814023478393e-05
2.004000000000000000e+03 0.000000000000000000e+00 0.000000000000000000e+00 5.713194214164749675e-13 0.000000000000000000e+00 2.382264158014309101e-05
2.005000000000000000e+03 0.000000000000000000e+00 0.000000000000000000e+00 5.700794435696293015e-13 0.000000000000000000e+00 1.217188823496372590e-05
2.006000000000000000e+03 0.000000000000000000e+00 0.000000000000000000e+00 5.664166568273937893e-13 0.000000000000000000e+00 2.133649157435999738e-05
2.007000000000000000e+03 0.000000000000000000e+00 0.000000000000000000e+00 5.627538700851583781e-13 0.000000000000000000e+00 1.362268985197081809e-05
2.008000000000000000e+03 0.000000000000000000e+00 0.000000000000000000e+00 5.590910833429228659e-13 0.000000000000000000e+00 2.825392328166678675e-05
2.009000000000000000e+03 0.000000000000000000e+00 0.000000000000000000e+00 5.554282966006873537e-13 0.000000000000000000e+00 2.150021294762053978e-05
2.010000000000000000e+03 0.000000000000000000e+00 0.000000000000000000e+00 5.517655098584519425e-13 0.000000000000000000e+00 2.451746072345928099e-05
2.011000000000000000e+03 0.000000000000000000e+00 0.000000000000000000e+00 5.481027231162164303e-13 0.000000000000000000e+00 2.412921271533165216e-05
2.012000000000000000e+03 0.000000000000000000e+00 0.000000000000000000e+00 5.444399363739809181e-13 0.000000000000000000e+00 2.407619152713009098e-05
2.013000000000000000e+03 0.000000000000000000e+00 0.000000000000000000e+00 5.407771496317455068e-13 0.000000000000000000e+00 1.417688875593654625e-05
2.014000000000000000e+03 0.000000000000000000e+00 0.000000000000000000e+00 5.371143628895099946e-13 0.000000000000000000e+00 2.104301912981503987e-05
2.015000000000000000e+03 0.000000000000000000e+00 0.000000000000000000e+00 5.333198203672393644e-13 0.000000000000000000e+00 1.788988881556163133e-05
2.016000000000000000e+03 0.000000000000000000e+00 0.000000000000000000e+00 5.293935220649336160e-13 0.000000000000000000e+00 2.780394765765618908e-05
2.017000000000000000e+03 0.000000000000000000e+00 0.000000000000000000e+00 5.254672237626278677e-13 0.000000000000000000e+00 1.962097867856279728e-05
2.018000000000000000e+03 0.000000000000000000e+00 0.000000000000000000e+00 5.215409254603221193e-13 0.000000000000000000e+00 1.917558145890328877e-05
2.019000000000000000e+03 0.000000000000000000e+00 0.000000000000000000e+00 5.176146271580163709e-13 0.000000000000000000e+00 1.733785074426627719e-05
2.020000000000000000e+03 0.000000000000000000e+00 0.000000000000000000e+00 5.136883288557106226e-13 0.000000000000000000e+00 2.068996408773416662e-05
2.021000000000000000e+03 0.000000000000000000e+00 0.000000000000000000e+00 5.097620305534048742e-13 0.000000000000000000e+00 2.004571165837552859e-05
2.022000000000000000e+03 0.000000000000000000e+00 0.000000000000000000e+00 5.058357322510991259e-13 0.000000000000000000e+00 2.804426723721439399e-05
2.023000000000000000e+03 0.000000000000000000e+00 0.000000000000000000e+00 5.019094339487933775e-13 0.000000000000000000e+00 2.208611497476047769e-05
2.024000000000000000e+03 0.000000000000000000e+00 0.000000000000000000e+00 4.979831356464876292e-13 0.000000000000000000e+00 2.469672738308182521e-05
2.025000000000000000e+03 0.000000000000000000e+00 0.000000000000000000e+00 4.972318789931721642e-13 0.000000000000000000e+00 1.753092434407377270e-05
2.026000000000000000e+03 0.000000000000000000e+00 0.000000000000000000e+00 4.996556639888470836e-13 0.000000000000000000e+00 2.113639141817881266e-05
2.027000000000000000e+03 0.000000000000000000e+00 0.000000000000000000e+00 5.020794489845220030e-13 0.000000000000000000e+00 1.440281721149546880e-05
2.028000000000000000e+03 0.000000000000000000e+00 0.000000000000000000e+00 5.045032339801968215e-13 0.000000000000000000e+00 1.695252286112703771e-05
2.029000000000000000e+03 0.000000000000000000e+00 0.000000000000000000e+00 5.069270189758717409e-13 0.000000000000000000e+00 1.673675144090989341e-05
2.030000000000000000e+03 0.000000000000000000e+00 0.000000000000000000e+00 5.093508039715466603e-13 0.000000000000000000e+00 3.492052457890371689e-05
2.031000000000000000e+03 0.000000000000000000e+00 0.000000000000000000e+00 5.117745889672215797e-13 0.000000000000000000e+00 2.292890624245740749e-05
2.032000000000000000e+03 0.000000000000000000e+00 0.000000000000000000e+00 5.141983739628963982e-13 0.000000000000000000e+00 2.343976888236604699e-05
2.033000000000000000e+03 0.000000000000000000e+00 0.000000000000000000e+00 5.166221589585713176e-13 0.000000000000000000e+00 1.643839046461474025e-05
2.034000000000000000e+03 0.000000000000000000e+00 0.000000000000000000e+00 5.190459439542462370e-13 0.000000000000000000e+00 1.906990804596035368e-05
2.035000000000000000e+03 0.000000000000000000e+00 0.000000000000000000e+00 5.185299988743227138e-13 0.000000000000000000e+00 1.461512318860044714e-05
2.036000000000000000e+03 0.000000000000000000e+00 0.000000000000000000e+00 5.150743237188007479e-13 0.000000000000000000e+00 1.840416956536732721e-05
2.037000000000000000e+03 0.000000000000000000e+00 0.000000000000000000e+00 5.116186485632787821e-13 0.000000000000000000e+00 2.828498197818926600e-05
2.038000000000000000e+03 0.000000000000000000e+00 0.000000000000000000e+00 5.081629734077568162e-13 0.000000000000000000e+00 1.932577710087008839e-05
2.039000000000000000e+03 0.000000000000000000e+00 0.000000000000000000e+00 5.047072982522348504e-13 0.000000000000000000e+00 1.557965873662139048e-05
2.040000000000000000e+03 0.000000000000000000e+00 0.000000000000000000e+00 5.012516230967129855e-13 0.000000000000000000e+00 2.925349232138464437e-05
2.041000000000000000e+03 0.000000000000000000e+00 0.000000000000000000e+00 4.977959479411910196e-13 0.000000000000000000e+00 1.746811168661700583e-05
2.042000000000000000e+03 0.000000000000000000e+00 0.000000000000000000e+00 4.943402727856690538e-13 0.000000000000000000e+00 2.175300822001206312e-05
2.043000000000000000e+03 0.000000000000000000e+00 0.000000000000000000e+00 4.908845976301470879e-13 0.000000000000000000e+00 1.037788379094719380e-05
2.044000000000000000e+03 0.000000000000000000e+00 0.000000000000000000e+00 4.874289224746251221e-13 0.000000000000000000e+00 3.346834997063108022e-05
2.045000000000000000e+03 0.000000000000000000e+00 0.000000000000000000e+00 4.858024447427305401e-13 0.000000000000000000e+00 1.933228542103217361e-05
2.046000000000000000e+03 0.000000000000000000e+00 0.000000000000000000e+00 4.860051644344633420e-13 0.000000000000000000e+00 2.105328794582776494e-05
2.047000000000000000e+03 0.000000000000000000e+00 0.000000000000000000e+00 4.862078841261961440e-13 0.000000000000000000e+00 1.853272192827101026e-05
2.048000000000000000e+03 0.000000000000000000e+00 0.000000000000000000e+00 4.864106038179289459e-13 0.000000000000000000e+00 1.698771548995764080e-05
2.049000000000000000e+03 0.000000000000000000e+00 0.000000000000000000e+00 4.866133235096617478e-13 0.000000000000000000e+00 1.405847836224098280e-05
2.050000000000000000e+03 0.000000000000000000e+00 0.000000000000000000e+00 4.868160432013945497e-13 0.000000000000000000e+00 2.265346877322853896e-05
2.051000000000000000e+03 0.000000000000000000e+00 0.000000000000000000e+00 4.870187628931273517e-13 0.000000000000000000e+00 2.922563551376417083e-05
2.052000000000000000e+03 0.000000000000000000e+00 0.000000000000000000e+00 4.872214825848601536e-13 0.000000000000000000e+00 2.663718756259432754e-05
2.053000000000000000e+03 0.000000000000000000e+00 0.000000000000000000e+00 4.874242022765929555e-13 0.000000000000000000e+00 1.594301250911802221e-05
2.054000000000000000e+03 0.000000000000000000e+00 0.000000000000000000e+00 4.876269219683257575e-13 0.000000000000000000e+00 2.063688893300708217e-05
2.055000000000000000e+03 0.000000000000000000e+00 0.000000000000000000e+00 4.858841283654705580e-13 0.000000000000000000e+00 2.286858788100444128e-05
2.056000000000000000e+03 0.000000000000000000e+00 0.000000000000000000e+00 4.821958214680275592e-13 0.000000000000000000e+00 9.461392981072459018e-06
2.057000000000000000e+03 0.000000000000000000e+00 0.000000000000000000e+00 4.785075145705845604e-13 0.000000000000000000e+00 1.406320989434358535e-05
2.058000000000000000e+03 0.000000000000000000e+00 0.000000000000000000e+00 4.748192076731414606e-13 0.000000000000000000e+00 3.007825725763709407e-05
2.059000000000000000e+03 0.000000000000000000e+00 0.000000000000000000e+00 4.711309007756984618e-13 0.000000000000000000e+00 1.966731826166618019e-05
2.060000000000000000e+03 0.000000000000000000e+00 0.000000000000000000e+00 4.674425938782554630e-13 0.000000000000000000e+00 2.507115310122651843e-05
2.061000000000000000e+03 0.000000000000000000e+00 0.000000000000000000e+00 4.637542869808124641e-13 0.000000000000000000e+00 1.548181370617349617e-05
2.062000000000000000e+03 0.000000000000000000e+00 0.000000000000000000e+00 4.600659800833693643e-13 0.000000000000000000e+00 2.763947941873661363e-05
2.063000000000000000e+03 0.000000000000000000e+00 0.000000000000000000e+00 4.563776731859263655e-13 0.000000000000000000e+00 1.748330208612271317e-05
2.064000000000000000e+03 0.000000000000000000e+00 0.000000000000000000e+00 4.526893662884833162e-13 0.000000000000000000e+00 1.308921331975275956e-05
2.065000000000000000e+03 0.000000000000000000e+00 0.000000000000000000e+00 4.497001385221611496e-13 0.000000000000000000e+00 2.781975747877546643e-05
2.066000000000000000e+03 0.000000000000000000e+00 0.000000000000000000e+00 4.474099898869598656e-13 0.000000000000000000e+00 2.105832131353905278e-05
2.067000000000000000e+03 0.000000000000000000e+00 0.000000000000000000e+00 4.451198412517585816e-13 0.000000000000000000e+00 1.838705077383997858e-05
2.068000000000000000e+03 0.000000000000000000e+00 0.000000000000000000e+00 4.428296926165572976e-13 0.000000000000000000e+00 1.641331303286351271e-05
2.069000000000000000e+03 0.000000000000000000e+00 0.000000000000000000e+00 4.405395439813560137e-13 0.000000000000000000e+00 1.724172874743176722e-05
2.070000000000000000e+03 0.000000000000000000e+00 0.000000000000000000e+00 4.382493953461546792e-13 0.000000000000000000e+00 2.012302001068771773e-05
2.071000000000000000e+03 0.000000000000000000e+00 0.000000000000000000e+00 4.359592467109533952e-13 0.000000000000000000e+00 1.719527554967858484e-05
2.072000000000000000e+03 0.000000000000000000e+00 0.000000000000000000e+00 4.336690980757521113e-13 0.000000000000000000e+00 3.260780304027385991e-05
2.073000000000000000e+03 0.000000000000000000e+00 0.000000000000000000e+00 4.313789494405508273e-13 0.000000000000000000e+00 2.204188533987777612e-05
2.074000000000000000e+03 0.000000000000000000e+00 0.000000000000000000e+00 4.290888008053495433e-13 0.000000000000000000e+00 1.557130168347728249e-05
2.075000000000000000e+03 0.000000000000000000e+00 0.000000000000000000e+00 4.292561292418236970e-13 0.000000000000000000e+00 2.356509071295226164e-05
2.076000000000000000e+03 0.000000000000000000e+00 0.000000000000000000e+00 4.318809347499732882e-13 0.000000000000000000e+00 1.716037317055563914e-05
2.077000000000000000e+03 0.000000000000000000e+00 0.000000000000000000e+00 4.345057402581229299e-13 0.000000000000000000e+00 1.245671488289138283e-05
2.078000000000000000e+03 0.000000000000000000e+00 0.000000000000000000e+00 4.371305457662725211e-13 0.000000000000000000e+00 1.440447623756228248e-05
2.079000000000000000e+03 0.000000000000000000e+00 0.000000000000000000e+00 4.397553512744221628e-13 0.000000000000000000e+00 2.392761513908474671e-05
2.080000000000000000e+03 0.000000000000000000e+00 0.000000000000000000e+00 4.423801567825717541e-13 0.000000000000000000e+00 2.790159241272340576e-05
2.081000000000000000e+03 0.000000000000000000e+00 0.000000000000000000e+00 4.450049622907213958e-13 0.000000000000000000e+00 2.476769400690771324e-05
2.082000000000000000e+03 0.000000000000000000e+00 0.000000000000000000e+00 4.476297677988709870e-13 0.000000000000000000e+00 1.781305649986199624e-05
2.083000000000000000e+03 0.000000000000000000e+00 0.000000000000000000e+00 4.502545733070206287e-13 0.000000000000000000e+00 1.847562868090548631e-05
2.084000000000000000e+03 0.000000000000000000e+00 0.000000000000000000e+00 4.528793788151702200e-13 0.000000000000000000e+00 1.766152578537139351e-05
2.085000000000000000e+03 0.000000000000000000e+00 0.000000000000000000e+00 4.511643173141274338e-13 0.000000000000000000e+00 1.622022497146859238e-05
2.086000000000000000e+03 0.000000000000000000e+00 0.000000000000000000e+00 4.451093888038921692e-13 0.000000000000000000e+00 2.306637103151401049e-05
2.087000000000000000e+03 0.000000000000000000e+00 0.000000000000000000e+00 4.390544602936569551e-13 0.000000000000000000e+00 2.083585013033588160e-05
2.088000000000000000e+03 0.000000000000000000e+00 0.000000000000000000e+00 4.329995317834217410e-13 0.000000000000000000e+00 1.835032747578824560e-05
2.089000000000000000e+03 0.000000000000000000e+00 0.000000000000000000e+00 4.269446032731864764e-13 0.000000000000000000e+00 1.954600058331490973e-05
2.090000000000000000e+03 0.000000000000000000e+00 0.000000000000000000e+00 4.208896747629512623e-13 0.000000000000000000e+00 2.056077165749744523e-05
2.091000000000000000e+03 0.000000000000000000e+00 0.000000000000000000e+00 4.148347462527159977e-13 0.000000000000000000e+00 1.969693290379416186e-05
2.092000000000000000e+03 0.000000000000000000e+00 0.000000000000000000e+00 4.087798177424807836e-13 0.000000000000000000e+00 1.835118944168118461e-05
2.093000000000000000e+03 0.000000000000000000e+00 0.000000000000000000e+00 4.027248892322455695e-13 0.000000000000000000e+00 2.632232919844599227e-05
2.094000000000000000e+03 0.000000000000000000e+00 0.000000000000000000e+00 3.966699607220103049e-13 0.000000000000000000e+00 1.979431663331600262e-05
2.095000000000000000e+03 0.000000000000000000e+00 0.000000000000000000e+00 3.949314522227248226e-13 0.000000000000000000e+00 1.970925117563239050e-05
2.096000000000000000e+03 0.000000000000000000e+00 0.000000000000000000e+00 3.975093637343891225e-13 0.000000000000000000e+00 1.677423781765787918e-05
2.097000000000000000e+03 0.000000000000000000e+00 0.000000000000000000e+00 4.000872752460534225e-13 0.000000000000000000e+00 1.760799027368899056e-05
2.098000000000000000e+03 0.000000000000000000e+00 0.000000000000000000e+00 4.026651867577176719e-13 0.000000000000000000e+00 1.692968695570730818e-05
2.099000000000000000e+03 0.000000000000000000e+00 0.000000000000000000e+00 4.052430982693819718e-13 0.000000000000000000e+00 1.226117325075699734e-05
2.100000000000000000e+03 0.000000000000000000e+00 0.000000000000000000e+00 4.078210097810462213e-13 0.000000000000000000e+00 2.934437788023182785e-05
2.101000000000000000e+03 0.000000000000000000e+00 0.000000000000000000e+00 4.103989212927105212e-13 0.000000000000000000e+00 2.228974465565554771e-05
2.102000000000000000e+03 0.000000000000000000e+00 0.000000000000000000e+00 4.129768328043747706e-13 0.000000000000000000e+00 2.598791456773665083e-05
2.103000000000000000e+03 0.000000000000000000e+00 0.000000000000000000e+00 4.155547443160390706e-13 0.000000000000000000e+00 1.777375672008053896e-05
2.104000000000000000e+03 0.000000000000000000e+00 0.000000000000000000e+00 4.181326558277033705e-13 0.000000000000000000e+00 1.909059182668547964e-05
2.105000000000000000e+03 0.000000000000000000e+00 0.000000000000000000e+00 4.186892014993022195e-13 0.000000000000000000e+00 1.665530718070306002e-05
2.106000000000000000e+03 0.000000000000000000e+00 0.000000000000000000e+00 4.172243813308357186e-13 0.000000000000000000e+00 1.786770080296301059e-05
2.107000000000000000e+03 0.000000000000000000e+00 0.000000000000000000e+00 4.157595611623691672e-13 0.000000000000000000e+00 1.402648549372627663e-05
2.108000000000000000e+03 0.000000000000000000e+00 0.000000000000000000e+00 4.142947409939026663e-13 0.000000000000000000e+00 2.566775936001690009e-05
2.109000000000000000e+03 0.000000000000000000e+00 0.000000000000000000e+00 4.128299208254361653e-13 0.000000000000000000e+00 1.338670013343422005e-05
2.110000000000000000e+03 0.000000000000000000e+00 0.000000000000000000e+00 4.113651006569696139e-13 0.000000000000000000e+00 2.703930576702870414e-05
2.111000000000000000e+03 0.000000000000000000e+00 0.000000000000000000e+00 4.099002804885031130e-13 0.000000000000000000e+00 2.005107653572766767e-05
2.112000000000000000e+03 0.000000000000000000e+00 0.000000000000000000e+00 4.084354603200366121e-13 0.000000000000000000e+00 1.820536092637023147e-05
2.113000000000000000e+03 0.000000000000000000e+00 0.000000000000000000e+00 4.069706401515700607e-13 0.000000000000000000e+00 1.698529879550287393e-05
2.114000000000000000e+03 0.000000000000000000e+00 0.000000000000000000e+00 4.055058199831035598e-13 0.000000000000000000e+00 1.952817518826234798e-05
2.115000000000000000e+03 0.000000000000000000e+00 0.000000000000000000e+00 4.049984493597822036e-13 0.000000000000000000e+00 2.387806463003018311e-05
2.116000000000000000e+03 0.000000000000000000e+00 0.000000000000000000e+00 4.054485282816060932e-13 0.000000000000000000e+00 2.375774423333634516e-05
2.117000000000000000e+03 0.000000000000000000e+00 0.000000000000000000e+00 4.058986072034299828e-13 0.000000000000000000e+00 1.374705710595194115e-05
2.118000000000000000e+03 0.000000000000000000e+00 0.000000000000000000e+00 4.063486861252538220e-13 0.000000000000000000e+00 1.343009792323301087e-05
2.119000000000000000e+03 0.000000000000000000e+00 0.000000000000000000e+00 4.067987650470777116e-13 0.000000000000000000e+00 1.896292173121118851e-05
2.120000000000000000e+03 0.000000000000000000e+00 0.000000000000000000e+00 4.072488439689016012e-13 0.000000000000000000e+00 2.374710153905046432e-05
2.121000000000000000e+03 0.000000000000000000e+00 0.000000000000000000e+00 4.076989228907254908e-13 0.000000000000000000e+00 1.746204174544183015e-05
2.122000000000000000e+03 0.000000000000000000e+00 0.000000000000000000e+00 4.081490018125493299e-13 0.000000000000000000e+00 3.111578957236373137e-05
2.123000000000000000e+03 0.000000000000000000e+00 0.000000000000000000e+00 4.085990807343732195e-13 0.000000000000000000e+00 1.417428018971686177e-05
2.124000000000000000e+03 0.000000000000000000e+00 0.000000000000000000e+00 4.090491596561971091e-13 0.000000000000000000e+00 1.865797922547853999e-05
2.125000000000000000e+03 0.000000000000000000e+00 0.000000000000000000e+00 4.088793630612606310e-13 0.000000000000000000e+00 1.901574501394472848e-05
2.126000000000000000e+03 0.000000000000000000e+00 0.000000000000000000e+00 4.080896909495638862e-13 0.000000000000000000e+00 1.641123962176530373e-05
2.127000000000000000e+03 0.000000000000000000e+00 0.000000000000000000e+00 4.073000188378671414e-13 0.000000000000000000e+00 1.348646809000297440e-05
2.128000000000000000e+03 0.000000000000000000e+00 0.000000000000000000e+00 4.065103467261703460e-13 0.000000000000000000e+00 2.370868076976901160e-05
2.129000000000000000e+03 0.000000000000000000e+00 0.000000000000000000e+00 4.057206746144736012e-13 0.000000000000000000e+00 1.753774981689958806e-05
2.130000000000000000e+03 0.000000000000000000e+00 0.000000000000000000e+00 4.049310025027768059e-13 0.000000000000000000e+00 2.696633778131110270e-05
2.131000000000000000e+03 0.000000000000000000e+00 0.000000000000000000e+00 4.041413303910800611e-13 0.000000000000000000e+00 1.631266962460280247e-05
2.132000000000000000e+03 0.000000000000000000e+00 0.000000000000000000e+00 4.033516582793832657e-13 0.000000000000000000e+00 2.127478465121752178e-05
2.133000000000000000e+03 0.000000000000000000e+00 0.000000000000000000e+00 4.025619861676865209e-13 0.000000000000000000e+00 1.539399188931461686e-05
2.134000000000000000e+03 0.000000000000000000e+00 0.000000000000000000e+00 4.017723140559897761e-13 0.000000000000000000e+00 1.753632357697161974e-05
2.135000000000000000e+03 0.000000000000000000e+00 0.000000000000000000e+00 3.999782900378453513e-13 0.000000000000000000e+00 1.442949394665119166e-05
2.136000000000000000e+03 0.000000000000000000e+00 0.000000000000000000e+00 3.971799141132533980e-13 0.000000000000000000e+00 2.535442648104462392e-05
2.137000000000000000e+03 0.000000000000000000e+00 0.000000000000000000e+00 3.943815381886613437e-13 0.000000000000000000e+00 1.817758101012049697e-05
2.138000000000000000e+03 0.000000000000000000e+00 0.000000000000000000e+00 3.915831622640693904e-13 0.000000000000000000e+00 2.398972240218404564e-05
2.139000000000000000e+03 0.000000000000000000e+00 0.000000000000000000e+00 3.887847863394773362e-13 0.000000000000000000e+00 1.249111646629389412e-05
2.140000000000000000e+03 0.000000000000000000e+00 0.000000000000000000e+00 3.859864104148853829e-13 0.000000000000000000e+00 2.201194775048385306e-05
2.141000000000000000e+03 0.000000000000000000e+00 0.000000000000000000e+00 3.831880344902933286e-13 0.000000000000000000e+00 1.869074463292203322e-05
2.142000000000000000e+03 0.000000000000000000e+00 0.000000000000000000e+00 3.803896585657013754e-13 0.000000000000000000e+00 1.937922839619939238e-05
2.143000000000000000e+03 0.000000000000000000e+00 0.000000000000000000e+00 3.775912826411093211e-13 0.000000000000000000e+00 2.274857244147010038e-05
2.144000000000000000e+03 0.000000000000000000e+00 0.000000000000000000e+00 3.747929067165173678e-13 0.000000000000000000e+00 2.050443094446253775e-05
2.145000000000000000e+03 0.000000000000000000e+00 0.000000000000000000e+00 3.751349959083305482e-13 0.000000000000000000e+00 1.397875795636082953e-05
2.146000000000000000e+03 0.000000000000000000e+00 0.000000000000000000e+00 3.786175502165489632e-13 0.000000000000000000e+00 1.671642390389022119e-05
2.147000000000000000e+03 0.000000000000000000e+00 0.000000000000000000e+00 3.821001045247673277e-13 0.000000000000000000e+00 1.928338693371419682e-05
2.148000000000000000e+03 0.000000000000000000e+00 0.000000000000000000e+00 3.855826588329857427e-13 0.000000000000000000e+00 1.611828210335907198e-05
2.149000000000000000e+03 0.000000000000000000e+00 0.000000000000000000e+00 3.890652131412041577e-13 0.000000000000000000e+00 1.176836638757239945e-05
2.150000000000000000e+03 0.000000000000000000e+00 0.000000000000000000e+00 3.925477674494225222e-13 0.000000000000000000e+00 2.939798314493686699e-05
2.151000000000000000e+03 0.000000000000000000e+00 0.000000000000000000e+00 3.960303217576409373e-13 0.000000000000000000e+00 2.633936659393480760e-05
2.152000000000000000e+03 0.000000000000000000e+00 0.000000000000000000e+00 3.995128760658593523e-13 0.000000000000000000e+00 2.186991891477688531e-05
2.153000000000000000e+03 0.000000000000000000e+00 0.000000000000000000e+00 4.029954303740777168e-13 0.000000000000000000e+00 1.313151718980688778e-05
2.154000000000000000e+03 0.000000000000000000e+00 0.000000000000000000e+00 4.064779846822961318e-13 0.000000000000000000e+00 1.749579175837241436e-05
2.155000000000000000e+03 0.000000000000000000e+00 0.000000000000000000e+00 4.078931290683134385e-13 0.000000000000000000e+00 1.519446210961869874e-05
2.156000000000000000e+03 0.000000000000000000e+00 0.000000000000000000e+00 4.072408635321296874e-13 0.000000000000000000e+00 1.721402431530118804e-05
2.157000000000000000e+03 0.000000000000000000e+00 0.000000000000000000e+00 4.065885979959458857e-13 0.000000000000000000e+00 2.249059920063335526e-05
2.158000000000000000e+03 0.000000000000000000e+00 0.000000000000000000e+00 4.059363324597620841e-13 0.000000000000000000e+00 1.870936589321208415e-05
2.159000000000000000e+03 0.000000000000000000e+00 0.000000000000000000e+00 4.052840669235783330e-13 0.000000000000000000e+00 1.549464160334163389e-05
2.160000000000000000e+03 0.000000000000000000e+00 0.000000000000000000e+00 4.046318013873945314e-13 0.000000000000000000e+00 2.172683778577977115e-05
2.161000000000000000e+03 0.000000000000000000e+00 0.000000000000000000e+00 4.039795358512107803e-13 0.000000000000000000e+00 2.304023343854357707e-05
2.162000000000000000e+03 0.000000000000000000e+00 0.000000000000000000e+00 4.033272703150269786e-13 0.000000000000000000e+00 1.442765619213259058e-05
2.163000000000000000e+03 0.000000000000000000e+00 0.000000000000000000e+00 4.026750047788431770e-13 0.000000000000000000e+00 1.452824113322146704e-05
2.164000000000000000e+03 0.000000000000000000e+00 0.000000000000000000e+00 4.020227392426594259e-13 0.000000000000000000e+00 2.472143683320543456e-05
2.165000000000000000e+03 0.000000000000000000e+00 0.000000000000000000e+00 4.012415458298980887e-13 0.000000000000000000e+00 2.148058562787777967e-05
2.166000000000000000e+03 0.000000000000000000e+00 0.000000000000000000e+00 4.003314245405592665e-13 0.000000000000000000e+00 1.827362084448703596e-05
2.167000000000000000e+03 0.000000000000000000e+00 0.000000000000000000e+00 3.994213032512204444e-13 0.000000000000000000e+00 1.558647847877009339e-05
2.168000000000000000e+03 0.000000000000000000e+00 0.000000000000000000e+00 3.985111819618816222e-13 0.000000000000000000e+00 1.555209249381393123e-05
2.169000000000000000e+03 0.000000000000000000e+00 0.000000000000000000e+00 3.976010606725428000e-13 0.000000000000000000e+00 1.743938183076788090e-05
2.170000000000000000e+03 0.000000000000000000e+00 0.000000000000000000e+00 3.966909393832039778e-13 0.000000000000000000e+00 1.793025998627895124e-05
2.171000000000000000e+03 0.000000000000000000e+00 0.000000000000000000e+00 3.957808180938651556e-13 0.000000000000000000e+00 2.366042559666408883e-05
2.172000000000000000e+03 0.000000000000000000e+00 0.000000000000000000e+00 3.948706968045263334e-13 0.000000000000000000e+00 2.230932293606762985e-05
2.173000000000000000e+03 0.000000000000000000e+00 0.000000000000000000e+00 3.939605755151875112e-13 0.000000000000000000e+00 2.000880659054509974e-05
2.174000000000000000e+03 0.000000000000000000e+00 0.000000000000000000e+00 3.930504542258486890e-13 0.000000000000000000e+00 1.630042233567622712e-05
2.175000000000000000e+03 0.000000000000000000e+00 0.000000000000000000e+00 3.926031615374109928e-13 0.000000000000000000e+00 1.432055268486899444e-05
2.176000000000000000e+03 0.000000000000000000e+00 0.000000000000000000e+00 3.926186974498745235e-13 0.000000000000000000e+00 1.604632132962233605e-05
2.177000000000000000e+03 0.000000000000000000e+00 0.000000000000000000e+00 3.926342333623380543e-13 0.000000000000000000e+00 1.469519499324514857e-05
2.178000000000000000e+03 0.000000000000000000e+00 0.000000000000000000e+00 3.926497692748015850e-13 0.000000000000000000e+00 2.555121473808021925e-05
2.179000000000000000e+03 0.000000000000000000e+00 0.000000000000000000e+00 3.926653051872651158e-13 0.000000000000000000e+00 1.532666082304941338e-05
2.180000000000000000e+03 0.000000000000000000e+00 0.000000000000000000e+00 3.926808410997285961e-13 0.000000000000000000e+00 2.600426282762667069e-05
2.181000000000000000e+03 0.000000000000000000e+00 0.000000000000000000e+00 3.926963770121921268e-13 0.000000000000000000e+00 1.414138114042498737e-05
2.182000000000000000e+03 0.000000000000000000e+00 0.000000000000000000e+00 3.927119129246556576e-13 0.000000000000000000e+00 2.039954600293837010e-05
2.183000000000000000e+03 0.000000000000000000e+00 0.000000000000000000e+00 3.927274488371191884e-13 0.000000000000000000e+00 1.944136376180115346e-05
2.184000000000000000e+03 0.000000000000000000e+00 0.000000000000000000e+00 3.927429847495827191e-13 0.000000000000000000e+00 1.435326295336121301e-05
2.185000000000000000e+03 0.000000000000000000e+00 0.000000000000000000e+00 3.923510413305042672e-13 0.000000000000000000e+00 1.620065249505491219e-05
2.186000000000000000e+03 0.000000000000000000e+00 0.000000000000000000e+00 3.915516185798838832e-13 0.000000000000000000e+00 2.026123551215492163e-05
2.187000000000000000e+03 0.000000000000000000e+00 0.000000000000000000e+00 3.907521958292634991e-13 0.000000000000000000e+00 1.850577053706377065e-05
2.188000000000000000e+03 0.000000000000000000e+00 0.000000000000000000e+00 3.899527730786431151e-13 0.000000000000000000e+00 2.271854970260823946e-05
2.189000000000000000e+03 0.000000000000000000e+00 0.000000000000000000e+00 3.891533503280227310e-13 0.000000000000000000e+00 1.086047260765345784e-05
2.190000000000000000e+03 0.000000000000000000e+00 0.000000000000000000e+00 3.883539275774023974e-13 0.000000000000000000e+00 1.917932171545745667e-05
2.191000000000000000e+03 0.000000000000000000e+00 0.000000000000000000e+00 3.875545048267820134e-13 0.000000000000000000e+00 2.007800921304137771e-05
2.192000000000000000e+03 0.000000000000000000e+00 0.000000000000000000e+00 3.867550820761616293e-13 0.000000000000000000e+00 2.451097777322750393e-05
2.193000000000000000e+03 0.000000000000000000e+00 0.000000000000000000e+00 3.859556593255412453e-13 0.000000000000000000e+00 1.897988053597011909e-05
2.194000000000000000e+03 0.000000000000000000e+00 0.000000000000000000e+00 3.851562365749208612e-13 0.000000000000000000e+00 1.750209520422090669e-05
2.195000000000000000e+03 0.000000000000000000e+00 0.000000000000000000e+00 3.852224125190160943e-13 0.000000000000000000e+00 1.625375571651248543e-05
2.196000000000000000e+03 0.000000000000000000e+00 0.000000000000000000e+00 3.861541871578269446e-13 0.000000000000000000e+00 1.371304585580780753e-05
2.197000000000000000e+03 0.000000000000000000e+00 0.000000000000000000e+00 3.870859617966377948e-13 0.000000000000000000e+00 1.831307475104915718e-05
2.198000000000000000e+03 0.000000000000000000e+00 0.000000000000000000e+00 3.880177364354486451e-13 0.000000000000000000e+00 1.225047850178778861e-05
2.199000000000000000e+03 0.000000000000000000e+00 0.000000000000000000e+00 3.889495110742594954e-13 0.000000000000000000e+00 1.950997017341707954e-05
2.200000000000000000e+03 0.000000000000000000e+00 0.000000000000000000e+00 3.898812857130703961e-13 0.000000000000000000e+00 2.510608849785904149e-05
2.201000000000000000e+03 0.000000000000000000e+00 0.000000000000000000e+00 3.908130603518812464e-13 0.000000000000000000e+00 2.131435448436484173e-05
2.202000000000000000e+03 0.000000000000000000e+00 0.000000000000000000e+00 3.917448349906920967e-13 0.000000000000000000e+00 2.234268478122376761e-05
2.203000000000000000e+03 0.000000000000000000e+00 0.000000000000000000e+00 3.926766096295029469e-13 0.000000000000000000e+00 1.238835871658344943e-05
2.204000000000000000e+03 0.000000000000000000e+00 0.000000000000000000e+00 3.936083842683137972e-13 0.000000000000000000e+00 1.502896249487310983e-05
2.205000000000000000e+03 0.000000000000000000e+00 0.000000000000000000e+00 3.939193398118627521e-13 0.000000000000000000e+00 1.771897425023216376e-05
2.206000000000000000e+03 0.000000000000000000e+00 0.000000000000000000e+00 3.936094762601498116e-13 0.000000000000000000e+00 1.909640280912216264e-05
2.207000000000000000e+03 0.000000000000000000e+00 0.000000000000000000e+00 3.932996127084368712e-13 0.000000000000000000e+00 1.894495140882247641e-05
2.208000000000000000e+03 0.000000000000000000e+00 0.000000000000000000e+00 3.929897491567239307e-13 0.000000000000000000e+00 1.906200532236327911e-05
2.209000000000000000e+03 0.000000000000000000e+00 0.000000000000000000e+00 3.926798856050109902e-13 0.000000000000000000e+00 1.271819026485056581e-05
2.210000000000000000e+03 0.000000000000000000e+00 0.000000000000000000e+00 3.923700220532979992e-13 0.000000000000000000e+00 2.033161044190211078e-05
2.211000000000000000e+03 0.000000000000000000e+00 0.000000000000000000e+00 3.920601585015850587e-13 0.000000000000000000e+00 2.004294567601274708e-05
2.212000000000000000e+03 0.000000000000000000e+00 0.000000000000000000e+00 3.917502949498721183e-13 0.000000000000000000e+00 1.430885112351386372e-05
2.213000000000000000e+03 0.000000000000000000e+00 0.000000000000000000e+00 3.914404313981591778e-13 0.000000000000000000e+00 1.725952812655749279e-05
2.214000000000000000e+03 0.000000000000000000e+00 0.000000000000000000e+00 3.911305678464462373e-13 0.000000000000000000e+00 2.541862497617705530e-05
2.215000000000000000e+03 0.000000000000000000e+00 0.000000000000000000e+00 3.908793739962313609e-13 0.000000000000000000e+00 1.641711875215322419e-05
2.216000000000000000e+03 0.000000000000000000e+00 0.000000000000000000e+00 3.906868498475145991e-13 0.000000000000000000e+00 1.711998438324858996e-05
2.217000000000000000e+03 0.000000000000000000e+00 0.000000000000000000e+00 3.904943256987977868e-13 0.000000000000000000e+00 1.471134777810661303e-05
2.218000000000000000e+03 0.000000000000000000e+00 0.000000000000000000e+00 3.903018015500810250e-13 0.000000000000000000e+00 1.711206585893101505e-05
2.219000000000000000e+03 0.000000000000000000e+00 0.000000000000000000e+00 3.901092774013642127e-13 0.000000000000000000e+00 1.566343194968433273e-05
2.220000000000000000e+03 0.000000000000000000e+00 0.000000000000000000e+00 3.899167532526474509e-13 0.000000000000000000e+00 2.356595674570006202e-05
2.221000000000000000e+03 0.000000000000000000e+00 0.000000000000000000e+00 3.897242291039306386e-13 0.000000000000000000e+00 2.028562399563889844e-05
2.222000000000000000e+03 0.000000000000000000e+00 0.000000000000000000e+00 3.895317049552138768e-13 0.000000000000000000e+00 1.659663803088482051e-05
2.223000000000000000e+03 0.000000000000000000e+00 0.000000000000000000e+00 3.893391808064970646e-13 0.000000000000000000e+00 1.959244446152899076e-05
2.224000000000000000e+03 0.000000000000000000e+00 0.000000000000000000e+00 3.891466566577803028e-13 0.000000000000000000e+00 1.960364737524362386e-05
2.225000000000000000e+03 0.000000000000000000e+00 0.000000000000000000e+00 3.881351574797069550e-13 0.000000000000000000e+00 1.044661362768308427e-05
2.226000000000000000e+03 0.000000000000000000e+00 0.000000000000000000e+00 3.863046832722770212e-13 0.000000000000000000e+00 1.647432089854983722e-05
2.227000000000000000e+03 0.000000000000000000e+00 0.000000000000000000e+00 3.844742090648470875e-13 0.000000000000000000e+00 1.717104217767716516e-05
2.228000000000000000e+03 0.000000000000000000e+00 0.000000000000000000e+00 3.826437348574172042e-13 0.000000000000000000e+00 2.286327653553400877e-05
2.229000000000000000e+03 0.000000000000000000e+00 0.000000000000000000e+00 3.808132606499872705e-13 0.000000000000000000e+00 1.603602368549602897e-05
2.230000000000000000e+03 0.000000000000000000e+00 0.000000000000000000e+00 3.789827864425573368e-13 0.000000000000000000e+00 2.165671793085176885e-05
2.231000000000000000e+03 0.000000000000000000e+00 0.000000000000000000e+00 3.771523122351274030e-13 0.000000000000000000e+00 1.572261709870967640e-05
2.232000000000000000e+03 0.000000000000000000e+00 0.000000000000000000e+00 3.753218380276975198e-13 0.000000000000000000e+00 1.690942018771227499e-05
2.233000000000000000e+03 0.000000000000000000e+00 0.000000000000000000e+00 3.734913638202675860e-13 0.000000000000000000e+00 1.733515113492727539e-05
2.234000000000000000e+03 0.000000000000000000e+00 0.000000000000000000e+00 3.716608896128376523e-13 0.000000000000000000e+00 1.465696323726052951e-05
2.235000000000000000e+03 0.000000000000000000e+00 0.000000000000000000e+00 3.707361442056776526e-13 0.000000000000000000e+00 1.829192485814882402e-05
2.236000000000000000e+03 0.000000000000000000e+00 0.000000000000000000e+00 3.707171275987875869e-13 0.000000000000000000e+00 2.074069888052075466e-05
2.237000000000000000e+03 0.000000000000000000e+00 0.000000000000000000e+00 3.706981109918974708e-13 0.000000000000000000e+00 1.628086569208436946e-05
2.238000000000000000e+03 0.000000000000000000e+00 0.000000000000000000e+00 3.706790943850074051e-13 0.000000000000000000e+00 1.757718216443466779e-05
2.239000000000000000e+03 0.000000000000000000e+00 0.000000000000000000e+00 3.706600777781172890e-13 0.000000000000000000e+00 1.178408177801892794e-05
2.240000000000000000e+03 0.000000000000000000e+00 0.000000000000000000e+00 3.706410611712272234e-13 0.000000000000000000e+00 1.779398400574042592e-05
2.241000000000000000e+03 0.000000000000000000e+00 0.000000000000000000e+00 3.706220445643371072e-13 0.000000000000000000e+00 1.792517865045550147e-05
2.242000000000000000e+03 0.000000000000000000e+00 0.000000000000000000e+00 3.706030279574470416e-13 0.000000000000000000e+00 2.814088534743529923e-05
2.243000000000000000e+03 0.000000000000000000e+00 0.000000000000000000e+00 3.705840113505569255e-13 0.000000000000000000e+00 1.534212421346297433e-05
2.244000000000000000e+03 0.000000000000000000e+00 0.000000000000000000e+00 3.705649947436668598e-13 0.000000000000000000e+00 1.811105596145665657e-05
2.245000000000000000e+03 0.000000000000000000e+00 0.000000000000000000e+00 3.709580141840523141e-13 0.000000000000000000e+00 1.335113136136889354e-05
2.246000000000000000e+03 0.000000000000000000e+00 0.000000000000000000e+00 3.717630696717133389e-13 0.000000000000000000e+00 1.839695294032278665e-05
2.247000000000000000e+03 0.000000000000000000e+00 0.000000000000000000e+00 3.725681251593743637e-13 0.000000000000000000e+00 1.422041455359061744e-05
2.248000000000000000e+03 0.000000000000000000e+00 0.000000000000000000e+00 3.733731806470353885e-13 0.000000000000000000e+00 1.188656734958284917e-05
2.249000000000000000e+03 0.000000000000000000e+00 0.000000000000000000e+00 3.741782361346964133e-13 0.000000000000000000e+00 2.034819656902611402e-05
2.250000000000000000e+03 0.000000000000000000e+00 0.000000000000000000e+00 3.749832916223573876e-13 0.000000000000000000e+00 2.333379193279937894e-05
2.251000000000000000e+03 0.000000000000000000e+00 0.000000000000000000e+00 3.757883471100184124e-13 0.000000000000000000e+00 2.051250605932505627e-05
2.252000000000000000e+03 0.000000000000000000e+00 0.000000000000000000e+00 3.765934025976794372e-13 0.000000000000000000e+00 1.825632312198979985e-05
2.253000000000000000e+03 0.000000000000000000e+00 0.000000000000000000e+00 3.773984580853404619e-13 0.000000000000000000e+00 1.086857517148591426e-05
2.254000000000000000e+03 0.000000000000000000e+00 0.000000000000000000e+00 3.782035135730014867e-13 0.000000000000000000e+00 1.678508276818996216e-05
2.255000000000000000e+03 0.000000000000000000e+00 0.000000000000000000e+00 3.775152776476030809e-13 0.000000000000000000e+00 1.484517036810638972e-05
2.256000000000000000e+03 0.000000000000000000e+00 0.000000000000000000e+00 3.753337503091452446e-13 0.000000000000000000e+00 2.394014063627880444e-05
2.257000000000000000e+03 0.000000000000000000e+00 0.000000000000000000e+00 3.731522229706874587e-13 0.000000000000000000e+00 1.462403396163527633e-05
2.258000000000000000e+03 0.000000000000000000e+00 0.000000000000000000e+00 3.709706956322296224e-13 0.000000000000000000e+00 1.743505003110919086e-05
2.259000000000000000e+03 0.000000000000000000e+00 0.000000000000000000e+00 3.687891682937717860e-13 0.000000000000000000e+00 1.500028881398063392e-05
2.260000000000000000e+03 0.000000000000000000e+00 0.000000000000000000e+00 3.666076409553140002e-13 0.000000000000000000e+00 1.991145881712607309e-05
2.261000000000000000e+03 0.000000000000000000e+00 0.000000000000000000e+00 3.644261136168561638e-13 0.000000000000000000e+00 1.512185609734276066e-05
2.262000000000000000e+03 0.000000000000000000e+00 0.000000000000000000e+00 3.622445862783983275e-13 0.000000000000000000e+00 1.314529270630944206e-05
2.263000000000000000e+03 0.000000000000000000e+00 0.000000000000000000e+00 3.600630589399404911e-13 0.000000000000000000e+00 2.436155330652641282e-05
2.264000000000000000e+03 0.000000000000000000e+00 0.000000000000000000e+00 3.578815316014827053e-13 0.000000000000000000e+00 2.008231916756068557e-05
2.265000000000000000e+03 0.000000000000000000e+00 0.000000000000000000e+00 3.561832379350167316e-13 0.000000000000000000e+00 1.279975839166335151e-05
2.266000000000000000e+03 0.000000000000000000e+00 0.000000000000000000e+00 3.549681779405425700e-13 0.000000000000000000e+00 2.183891010171814284e-05
2.267000000000000000e+03 0.000000000000000000e+00 0.000000000000000000e+00 3.537531179460684589e-13 0.000000000000000000e+00 1.064646207791591115e-05
2.268000000000000000e+03 0.000000000000000000e+00 0.000000000000000000e+00 3.525380579515943479e-13 0.000000000000000000e+00 1.376721548604727009e-05
2.269000000000000000e+03 0.000000000000000000e+00 0.000000000000000000e+00 3.513229979571201863e-13 0.000000000000000000e+00 1.588629624783809621e-05
2.270000000000000000e+03 0.000000000000000000e+00 0.000000000000000000e+00 3.501079379626460752e-13 0.000000000000000000e+00 2.307693230483456415e-05
2.271000000000000000e+03 0.000000000000000000e+00 0.000000000000000000e+00 3.488928779681719137e-13 0.000000000000000000e+00 1.996246619848325292e-05
2.272000000000000000e+03 0.000000000000000000e+00 0.000000000000000000e+00 3.476778179736978026e-13 0.000000000000000000e+00 1.808443427550317733e-05
2.273000000000000000e+03 0.000000000000000000e+00 0.000000000000000000e+00 3.464627579792236915e-13 0.000000000000000000e+00 1.447070064908985360e-05
2.274000000000000000e+03 0.000000000000000000e+00 0.000000000000000000e+00 3.452476979847495300e-13 0.000000000000000000e+00 1.730584142650143641e-05
2.275000000000000000e+03 0.000000000000000000e+00 0.000000000000000000e+00 3.437864851789273482e-13 0.000000000000000000e+00 1.232999042091204535e-05
2.276000000000000000e+03 0.000000000000000000e+00 0.000000000000000000e+00 3.420791195617570451e-13 0.000000000000000000e+00 1.246851206062424745e-05
2.277000000000000000e+03 0.000000000000000000e+00 0.000000000000000000e+00 3.403717539445867420e-13 0.000000000000000000e+00 2.397335777610722847e-05
2.278000000000000000e+03 0.000000000000000000e+00 0.000000000000000000e+00 3.386643883274164895e-13 0.000000000000000000e+00 1.842825740447806316e-05
2.279000000000000000e+03 0.000000000000000000e+00 0.000000000000000000e+00 3.369570227102461864e-13 0.000000000000000000e+00 1.224442523829525991e-05
2.280000000000000000e+03 0.000000000000000000e+00 0.000000000000000000e+00 3.352496570930758834e-13 0.000000000000000000e+00 2.335304823728105679e-05
2.281000000000000000e+03 0.000000000000000000e+00 0.000000000000000000e+00 3.335422914759055803e-13 0.000000000000000000e+00 1.438486935138633131e-05
2.282000000000000000e+03 0.000000000000000000e+00 0.000000000000000000e+00 3.318349258587353278e-13 0.000000000000000000e+00 1.344767684495141057e-05
2.283000000000000000e+03 0.000000000000000000e+00 0.000000000000000000e+00 3.301275602415650247e-13 0.000000000000000000e+00 1.626176916785283211e-05
2.284000000000000000e+03 0.000000000000000000e+00 0.000000000000000000e+00 3.284201946243947217e-13 0.000000000000000000e+00 2.207088804922646447e-05
2.285000000000000000e+03 0.000000000000000000e+00 0.000000000000000000e+00 3.288762665628367426e-13 0.000000000000000000e+00 1.765043695985950588e-05
2.286000000000000000e+03 0.000000000000000000e+00 0.000000000000000000e+00 3.314957760568910372e-13 0.000000000000000000e+00 1.561606763728844743e-05
2.287000000000000000e+03 0.000000000000000000e+00 0.000000000000000000e+00 3.341152855509453822e-13 0.000000000000000000e+00 1.509548376932368986e-05
2.288000000000000000e+03 0.000000000000000000e+00 0.000000000000000000e+00 3.367347950449996768e-13 0.000000000000000000e+00 1.579907164335062739e-05
2.289000000000000000e+03 0.000000000000000000e+00 0.000000000000000000e+00 3.393543045390539713e-13 0.000000000000000000e+00 7.294357951152307988e-06
2.290000000000000000e+03 0.000000000000000000e+00 0.000000000000000000e+00 3.419738140331082659e-13 0.000000000000000000e+00 1.992318602853291568e-05
2.291000000000000000e+03 0.000000000000000000e+00 0.000000000000000000e+00 3.445933235271625604e-13 0.000000000000000000e+00 2.491876767232358841e-05
2.292000000000000000e+03 0.000000000000000000e+00 0.000000000000000000e+00 3.472128330212168550e-13 0.000000000000000000e+00 1.710257473623143926e-05
2.293000000000000000e+03 0.000000000000000000e+00 0.000000000000000000e+00 3.498323425152712000e-13 0.000000000000000000e+00 1.675077627712248521e-05
2.294000000000000000e+03 0.000000000000000000e+00 0.000000000000000000e+00 3.524518520093254945e-13 0.000000000000000000e+00 1.707742544592819484e-05
2.295000000000000000e+03 0.000000000000000000e+00 0.000000000000000000e+00 3.516302892175763744e-13 0.000000000000000000e+00 1.486128592957797675e-05
2.296000000000000000e+03 0.000000000000000000e+00 0.000000000000000000e+00 3.473676541400237890e-13 0.000000000000000000e+00 1.259907666088998158e-05
2.297000000000000000e+03 0.000000000000000000e+00 0.000000000000000000e+00 3.431050190624712542e-13 0.000000000000000000e+00 1.577755015642033710e-05
2.298000000000000000e+03 0.000000000000000000e+00 0.000000000000000000e+00 3.388423839849186688e-13 0.000000000000000000e+00 1.732618970141644717e-05
2.299000000000000000e+03 0.000000000000000000e+00 0.000000000000000000e+00 3.345797489073661340e-13 0.000000000000000000e+00 1.811615965575279476e-05
2.300000000000000000e+03 0.000000000000000000e+00 0.000000000000000000e+00 3.303171138298135486e-13 0.000000000000000000e+00 1.695469966197395406e-05
2.301000000000000000e+03 0.000000000000000000e+00 0.000000000000000000e+00 3.260544787522610138e-13 0.000000000000000000e+00 1.703575876521039011e-05
2.302000000000000000e+03 0.000000000000000000e+00 0.000000000000000000e+00 3.217918436747084284e-13 0.000000000000000000e+00 1.922790879772327444e-05
2.303000000000000000e+03 0.000000000000000000e+00 0.000000000000000000e+00 3.175292085971558936e-13 0.000000000000000000e+00 1.146262166562045362e-05
2.304000000000000000e+03 0.000000000000000000e+00 0.000000000000000000e+00 3.132665735196033082e-13 0.000000000000000000e+00 1.378682875726774108e-05
2.305000000000000000e+03 0.000000000000000000e+00 0.000000000000000000e+00 3.109544161817270119e-13 0.000000000000000000e+00 2.046021786581344058e-05
2.306000000000000000e+03 0.000000000000000000e+00 0.000000000000000000e+00 3.105927365835269037e-13 0.000000000000000000e+00 1.840922434309546460e-05
2.307000000000000000e+03 0.000000000000000000e+00 0.000000000000000000e+00 3.102310569853267955e-13 0.000000000000000000e+00 1.477030984282521399e-05
2.308000000000000000e+03 0.000000000000000000e+00 0.000000000000000000e+00 3.098693773871267378e-13 0.000000000000000000e+00 1.653307258940731330e-05
2.309000000000000000e+03 0.000000000000000000e+00 0.000000000000000000e+00 3.095076977889266296e-13 0.000000000000000000e+00 1.197203227147351827e-05
2.310000000000000000e+03 0.000000000000000000e+00 0.000000000000000000e+00 3.091460181907265214e-13 0.000000000000000000e+00 2.139600005032492075e-05
2.311000000000000000e+03 0.000000000000000000e+00 0.000000000000000000e+00 3.087843385925264132e-13 0.000000000000000000e+00 1.232077408161896440e-05
2.312000000000000000e+03 0.000000000000000000e+00 0.000000000000000000e+00 3.084226589943263555e-13 0.000000000000000000e+00 1.980157223312848879e-05
2.313000000000000000e+03 0.000000000000000000e+00 0.000000000000000000e+00 3.080609793961262473e-13 0.000000000000000000e+00 1.565656485013108208e-05
2.314000000000000000e+03 0.000000000000000000e+00 0.000000000000000000e+00 3.076992997979261391e-13 0.000000000000000000e+00 1.847916303122796312e-05
2.315000000000000000e+03 0.000000000000000000e+00 0.000000000000000000e+00 3.063357387175631090e-13 0.000000000000000000e+00 1.519896238938370796e-05
2.316000000000000000e+03 0.000000000000000000e+00 0.000000000000000000e+00 3.039702961550371571e-13 0.000000000000000000e+00 1.660153918886767647e-05
2.317000000000000000e+03 0.000000000000000000e+00 0.000000000000000000e+00 3.016048535925111547e-13 0.000000000000000000e+00 1.110759799514343804e-05
2.318000000000000000e+03 0.000000000000000000e+00 0.000000000000000000e+00 2.992394110299852028e-13 0.000000000000000000e+00 1.348253338407296856e-05
2.319000000000000000e+03 0.000000000000000000e+00 0.000000000000000000e+00 2.968739684674592509e-13 0.000000000000000000e+00 2.029903705049917377e-05
2.320000000000000000e+03 0.000000000000000000e+00 0.000000000000000000e+00 2.945085259049332485e-13 0.000000000000000000e+00 1.976406748623988927e-05
2.321000000000000000e+03 0.000000000000000000e+00 0.000000000000000000e+00 2.921430833424072966e-13 0.000000000000000000e+00 1.874730279036987326e-05
2.322000000000000000e+03 0.000000000000000000e+00 0.000000000000000000e+00 2.897776407798813447e-13 0.000000000000000000e+00 1.656604772122240044e-05
2.323000000000000000e+03 0.000000000000000000e+00 0.000000000000000000e+00 2.874121982173553423e-13 0.000000000000000000e+00 1.000575549249188971e-05
2.324000000000000000e+03 0.000000000000000000e+00 0.000000000000000000e+00 2.850467556548293903e-13 0.000000000000000000e+00 1.682880675267565241e-05
2.325000000000000000e+03 0.000000000000000000e+00 0.000000000000000000e+00 2.831831133660724805e-13 0.000000000000000000e+00 1.014946998274501348e-05
2.326000000000000000e+03 0.000000000000000000e+00 0.000000000000000000e+00 2.818212713510847137e-13 0.000000000000000000e+00 1.976316890488901085e-05
2.327000000000000000e+03 0.000000000000000000e+00 0.000000000000000000e+00 2.804594293360968963e-13 0.000000000000000000e+00 1.941981053431479754e-05
2.328000000000000000e+03 0.000000000000000000e+00 0.000000000000000000e+00 2.790975873211091295e-13 0.000000000000000000e+00 1.652476598312510985e-05
2.329000000000000000e+03 0.000000000000000000e+00 0.000000000000000000e+00 2.777357453061213122e-13 0.000000000000000000e+00 1.348957782067915609e-05
2.330000000000000000e+03 0.000000000000000000e+00 0.000000000000000000e+00 2.763739032911335454e-13 0.000000000000000000e+00 1.781803662441214611e-05
2.331000000000000000e+03 0.000000000000000000e+00 0.000000000000000000e+00 2.750120612761457281e-13 0.000000000000000000e+00 1.482868277679900469e-05
2.332000000000000000e+03 0.000000000000000000e+00 0.000000000000000000e+00 2.736502192611579612e-13 0.000000000000000000e+00 1.343324528033661123e-05
2.333000000000000000e+03 0.000000000000000000e+00 0.000000000000000000e+00 2.722883772461701439e-13 0.000000000000000000e+00 1.718551349005915387e-05
2.334000000000000000e+03 0.000000000000000000e+00 0.000000000000000000e+00 2.709265352311823771e-13 0.000000000000000000e+00 1.874903388203824720e-05
2.335000000000000000e+03 0.000000000000000000e+00 0.000000000000000000e+00 2.699504162705093170e-13 0.000000000000000000e+00 1.661120152727385636e-05
2.336000000000000000e+03 0.000000000000000000e+00 0.000000000000000000e+00 2.693600203641510143e-13 0.000000000000000000e+00 1.684213771878368917e-05
2.337000000000000000e+03 0.000000000000000000e+00 0.000000000000000000e+00 2.687696244577927620e-13 0.000000000000000000e+00 9.414079087274620204e-06
2.338000000000000000e+03 0.000000000000000000e+00 0.000000000000000000e+00 2.681792285514344593e-13 0.000000000000000000e+00 1.741657881969961254e-05
2.339000000000000000e+03 0.000000000000000000e+00 0.000000000000000000e+00 2.675888326450761565e-13 0.000000000000000000e+00 1.068446769047269039e-05
2.340000000000000000e+03 0.000000000000000000e+00 0.000000000000000000e+00 2.669984367387179043e-13 0.000000000000000000e+00 1.481158423261589139e-05
2.341000000000000000e+03 0.000000000000000000e+00 0.000000000000000000e+00 2.664080408323596015e-13 0.000000000000000000e+00 2.616171289055546189e-05
2.342000000000000000e+03 0.000000000000000000e+00 0.000000000000000000e+00 2.658176449260012988e-13 0.000000000000000000e+00 1.545897030617715884e-05
2.343000000000000000e+03 0.000000000000000000e+00 0.000000000000000000e+00 2.652272490196430465e-13 0.000000000000000000e+00 1.316746515558335715e-05
2.344000000000000000e+03 0.000000000000000000e+00 0.000000000000000000e+00 2.646368531132847438e-13 0.000000000000000000e+00 2.093989503607018201e-05
2.345000000000000000e+03 0.000000000000000000e+00 0.000000000000000000e+00 2.630082334522740669e-13 0.000000000000000000e+00 9.043079973079809096e-06
2.346000000000000000e+03 0.000000000000000000e+00 0.000000000000000000e+00 2.603413900366110160e-13 0.000000000000000000e+00 1.568048456498154978e-05
2.347000000000000000e+03 0.000000000000000000e+00 0.000000000000000000e+00 2.576745466209479650e-13 0.000000000000000000e+00 9.462999177517224310e-06
2.348000000000000000e+03 0.000000000000000000e+00 0.000000000000000000e+00 2.550077032052848636e-13 0.000000000000000000e+00 2.402024619667705914e-05
2.349000000000000000e+03 0.000000000000000000e+00 0.000000000000000000e+00 2.523408597896218127e-13 0.000000000000000000e+00 1.453629754256885360e-05
2.350000000000000000e+03 0.000000000000000000e+00 0.000000000000000000e+00 2.496740163739587617e-13 0.000000000000000000e+00 1.592030269216159513e-05
2.351000000000000000e+03 0.000000000000000000e+00 0.000000000000000000e+00 2.470071729582957108e-13 0.000000000000000000e+00 1.483753244036534540e-05
2.352000000000000000e+03 0.000000000000000000e+00 0.000000000000000000e+00 2.443403295426326094e-13 0.000000000000000000e+00 1.596622526126230637e-05
2.353000000000000000e+03 0.000000000000000000e+00 0.000000000000000000e+00 2.416734861269695584e-13 0.000000000000000000e+00 1.370291893667273114e-05
2.354000000000000000e+03 0.000000000000000000e+00 0.000000000000000000e+00 2.390066427113065075e-13 0.000000000000000000e+00 1.191805097512371765e-05
2.355000000000000000e+03 0.000000000000000000e+00 0.000000000000000000e+00 2.372273760940832197e-13 0.000000000000000000e+00 2.267691570733908169e-05
2.356000000000000000e+03 0.000000000000000000e+00 0.000000000000000000e+00 2.363356862752997457e-13 0.000000000000000000e+00 1.783428775542596887e-05
2.357000000000000000e+03 0.000000000000000000e+00 0.000000000000000000e+00 2.354439964565162211e-13 0.000000000000000000e+00 1.290221604522189508e-05
2.358000000000000000e+03 0.000000000000000000e+00 0.000000000000000000e+00 2.345523066377327470e-13 0.000000000000000000e+00 1.942548412584695639e-05
2.359000000000000000e+03 0.000000000000000000e+00 0.000000000000000000e+00 2.336606168189492225e-13 0.000000000000000000e+00 7.723818176982341730e-06
2.360000000000000000e+03 0.000000000000000000e+00 0.000000000000000000e+00 2.327689270001657484e-13 0.000000000000000000e+00 1.764861103435500495e-05
2.361000000000000000e+03 0.000000000000000000e+00 0.000000000000000000e+00 2.318772371813822239e-13 0.000000000000000000e+00 1.259983108374097790e-05
2.362000000000000000e+03 0.000000000000000000e+00 0.000000000000000000e+00 2.309855473625987498e-13 0.000000000000000000e+00 2.323761163812906172e-05
2.363000000000000000e+03 0.000000000000000000e+00 0.000000000000000000e+00 2.300938575438152253e-13 0.000000000000000000e+00 1.605081734857762772e-05
2.364000000000000000e+03 0.000000000000000000e+00 0.000000000000000000e+00 2.292021677250317512e-13 0.000000000000000000e+00 1.429951806872830260e-05
2.365000000000000000e+03 0.000000000000000000e+00 0.000000000000000000e+00 2.277896975735653954e-13 0.000000000000000000e+00 1.236059158083625893e-05
2.366000000000000000e+03 0.000000000000000000e+00 0.000000000000000000e+00 2.258564470894161579e-13 0.000000000000000000e+00 1.656045585579990630e-05
2.367000000000000000e+03 0.000000000000000000e+00 0.000000000000000000e+00 2.239231966052669457e-13 0.000000000000000000e+00 9.171953708771511299e-06
2.368000000000000000e+03 0.000000000000000000e+00 0.000000000000000000e+00 2.219899461211177082e-13 0.000000000000000000e+00 1.283067224014861524e-05
2.369000000000000000e+03 0.000000000000000000e+00 0.000000000000000000e+00 2.200566956369684959e-13 0.000000000000000000e+00 2.244956334660547692e-05
2.370000000000000000e+03 0.000000000000000000e+00 0.000000000000000000e+00 2.181234451528192837e-13 0.000000000000000000e+00 1.786314835204101775e-05
2.371000000000000000e+03 0.000000000000000000e+00 0.000000000000000000e+00 2.161901946686700714e-13 0.000000000000000000e+00 1.547984419866614062e-05
2.372000000000000000e+03 0.000000000000000000e+00 0.000000000000000000e+00 2.142569441845208339e-13 0.000000000000000000e+00 1.569663452632632524e-05
2.373000000000000000e+03 0.000000000000000000e+00 0.000000000000000000e+00 2.123236937003716217e-13 0.000000000000000000e+00 1.245572326352175644e-05
2.374000000000000000e+03 0.000000000000000000e+00 0.000000000000000000e+00 2.103904432162224094e-13 0.000000000000000000e+00 1.490707753011661567e-05
2.375000000000000000e+03 0.000000000000000000e+00 0.000000000000000000e+00 2.087409683296506133e-13 0.000000000000000000e+00 1.600920055813575787e-05
2.376000000000000000e+03 0.000000000000000000e+00 0.000000000000000000e+00 2.073752690406562332e-13 0.000000000000000000e+00 1.573261088661775112e-05
2.377000000000000000e+03 0.000000000000000000e+00 0.000000000000000000e+00 2.060095697516618532e-13 0.000000000000000000e+00 1.733713685813505778e-05
2.378000000000000000e+03 0.000000000000000000e+00 0.000000000000000000e+00 2.046438704626674984e-13 0.000000000000000000e+00 1.263407146443821812e-05
2.379000000000000000e+03 0.000000000000000000e+00 0.000000000000000000e+00 2.032781711736731183e-13 0.000000000000000000e+00 1.530044490829867137e-05
2.380000000000000000e+03 0.000000000000000000e+00 0.000000000000000000e+00 2.019124718846787635e-13 0.000000000000000000e+00 1.739035948622488404e-05
2.381000000000000000e+03 0.000000000000000000e+00 0.000000000000000000e+00 2.005467725956843835e-13 0.000000000000000000e+00 1.102793657930428953e-05
2.382000000000000000e+03 0.000000000000000000e+00 0.000000000000000000e+00 1.991810733066900287e-13 0.000000000000000000e+00 1.471499281344956169e-05
2.383000000000000000e+03 0.000000000000000000e+00 0.000000000000000000e+00 1.978153740176956486e-13 0.000000000000000000e+00 2.036071335500063442e-05
2.384000000000000000e+03 0.000000000000000000e+00 0.000000000000000000e+00 1.964496747287012686e-13 0.000000000000000000e+00 1.778486989590889126e-05
2.385000000000000000e+03 0.000000000000000000e+00 0.000000000000000000e+00 1.952970310992169889e-13 0.000000000000000000e+00 1.630565651472838483e-05
2.386000000000000000e+03 0.000000000000000000e+00 0.000000000000000000e+00 1.943574431292428096e-13 0.000000000000000000e+00 1.147740346203283488e-05
2.387000000000000000e+03 0.000000000000000000e+00 0.000000000000000000e+00 1.934178551592686050e-13 0.000000000000000000e+00 1.042556965169647273e-05
2.388000000000000000e+03 0.000000000000000000e+00 0.000000000000000000e+00 1.924782671892944257e-13 0.000000000000000000e+00 1.865617100937536050e-05
2.389000000000000000e+03 0.000000000000000000e+00 0.000000000000000000e+00 1.915386792193202211e-13 0.000000000000000000e+00 1.249511716981329217e-05
2.390000000000000000e+03 0.000000000000000000e+00 0.000000000000000000e+00 1.905990912493460418e-13 0.000000000000000000e+00 1.657926048860443302e-05
2.391000000000000000e+03 0.000000000000000000e+00 0.000000000000000000e+00 1.896595032793718372e-13 0.000000000000000000e+00 1.943201117248084104e-05
2.392000000000000000e+03 0.000000000000000000e+00 0.000000000000000000e+00 1.887199153093976579e-13 0.000000000000000000e+00 1.387321228136768301e-05
2.393000000000000000e+03 0.000000000000000000e+00 0.000000000000000000e+00 1.877803273394234533e-13 0.000000000000000000e+00 1.454541978641776352e-05
2.394000000000000000e+03 0.000000000000000000e+00 0.000000000000000000e+00 1.868407393694492740e-13 0.000000000000000000e+00 1.871694684393810518e-05
2.395000000000000000e+03 0.000000000000000000e+00 0.000000000000000000e+00 1.847982753386891563e-13 0.000000000000000000e+00 9.211944148868963801e-06
2.396000000000000000e+03 0.000000000000000000e+00 0.000000000000000000e+00 1.816529352471431255e-13 0.000000000000000000e+00 1.408735137344363743e-05
2.397000000000000000e+03 0.000000000000000000e+00 0.000000000000000000e+00 1.785075951555970947e-13 0.000000000000000000e+00 1.833044568074391302e-05
2.398000000000000000e+03 0.000000000000000000e+00 0.000000000000000000e+00 1.753622550640510386e-13 0.000000000000000000e+00 1.765169009399632872e-05
2.399000000000000000e+03 0.000000000000000000e+00 0.000000000000000000e+00 1.722169149725050077e-13 0.000000000000000000e+00 1.591166602169617546e-05
2.400000000000000000e+03 0.000000000000000000e+00 0.000000000000000000e+00 1.690715748809589769e-13 0.000000000000000000e+00 1.149070839973999130e-05
2.401000000000000000e+03 0.000000000000000000e+00 0.000000000000000000e+00 1.659262347894129461e-13 0.000000000000000000e+00 1.493723127849445301e-05
2.402000000000000000e+03 0.000000000000000000e+00 0.000000000000000000e+00 1.627808946978668900e-13 0.000000000000000000e+00 1.612450037608939590e-05
2.403000000000000000e+03 0.000000000000000000e+00 0.000000000000000000e+00 1.596355546063208592e-13 0.000000000000000000e+00 1.021772054941796028e-05
2.404000000000000000e+03 0.000000000000000000e+00 0.000000000000000000e+00 1.564902145147748283e-13 0.000000000000000000e+00 1.939565698358601295e-05
2.405000000000000000e+03 0.000000000000000000e+00 0.000000000000000000e+00 1.554830326648049364e-13 0.000000000000000000e+00 1.845122616504212167e-05
2.406000000000000000e+03 0.000000000000000000e+00 0.000000000000000000e+00 1.566140090564112086e-13 0.000000000000000000e+00 1.530552223021717310e-05
2.407000000000000000e+03 0.000000000000000000e+00 0.000000000000000000e+00 1.577449854480174808e-13 0.000000000000000000e+00 1.284951361897178949e-05
2.408000000000000000e+03 0.000000000000000000e+00 0.000000000000000000e+00 1.588759618396237530e-13 0.000000000000000000e+00 1.739297307392317465e-05
2.409000000000000000e+03 0.000000000000000000e+00 0.000000000000000000e+00 1.600069382312300253e-13 0.000000000000000000e+00 7.799074424136273178e-06
2.410000000000000000e+03 0.000000000000000000e+00 0.000000000000000000e+00 1.611379146228362722e-13 0.000000000000000000e+00 1.777819141847339262e-05
2.411000000000000000e+03 0.000000000000000000e+00 0.000000000000000000e+00 1.622688910144425444e-13 0.000000000000000000e+00 2.036204770006672826e-05
2.412000000000000000e+03 0.000000000000000000e+00 0.000000000000000000e+00 1.633998674060488167e-13 0.000000000000000000e+00 1.721232819119133270e-05
2.413000000000000000e+03 0.000000000000000000e+00 0.000000000000000000e+00 1.645308437976550889e-13 0.000000000000000000e+00 1.249131881746452231e-05
2.414000000000000000e+03 0.000000000000000000e+00 0.000000000000000000e+00 1.656618201892613611e-13 0.000000000000000000e+00 1.550153191640180690e-05
2.415000000000000000e+03 0.000000000000000000e+00 0.000000000000000000e+00 1.653693535607880810e-13 0.000000000000000000e+00 1.290966405070702695e-05
2.416000000000000000e+03 0.000000000000000000e+00 0.000000000000000000e+00 1.636534439122352993e-13 0.000000000000000000e+00 1.658293080273760879e-05
2.417000000000000000e+03 0.000000000000000000e+00 0.000000000000000000e+00 1.619375342636825175e-13 0.000000000000000000e+00 8.677563799119236205e-06
2.418000000000000000e+03 0.000000000000000000e+00 0.000000000000000000e+00 1.602216246151297104e-13 0.000000000000000000e+00 1.707452376956587549e-05
2.419000000000000000e+03 0.000000000000000000e+00 0.000000000000000000e+00 1.585057149665769286e-13 0.000000000000000000e+00 1.925164275084532777e-05
2.420000000000000000e+03 0.000000000000000000e+00 0.000000000000000000e+00 1.567898053180241216e-13 0.000000000000000000e+00 1.900588792175671141e-05
2.421000000000000000e+03 0.000000000000000000e+00 0.000000000000000000e+00 1.550738956694713398e-13 0.000000000000000000e+00 1.312707612381828630e-05
2.422000000000000000e+03 0.000000000000000000e+00 0.000000000000000000e+00 1.533579860209185328e-13 0.000000000000000000e+00 1.809720124472239373e-05
2.423000000000000000e+03 0.000000000000000000e+00 0.000000000000000000e+00 1.516420763723657510e-13 0.000000000000000000e+00 9.580529358731091065e-06
2.424000000000000000e+03 0.000000000000000000e+00 0.000000000000000000e+00 1.499261667238129692e-13 0.000000000000000000e+00 1.667489515634566145e-05
2.425000000000000000e+03 0.000000000000000000e+00 0.000000000000000000e+00 1.485070692785385882e-13 0.000000000000000000e+00 1.616681605935288904e-05
2.426000000000000000e+03 0.000000000000000000e+00 0.000000000000000000e+00 1.473847840365426080e-13 0.000000000000000000e+00 1.615526158704732863e-05
2.427000000000000000e+03 0.000000000000000000e+00 0.000000000000000000e+00 1.462624987945466278e-13 0.000000000000000000e+00 1.558785481549503863e-05
2.428000000000000000e+03 0.000000000000000000e+00 0.000000000000000000e+00 1.451402135525506728e-13 0.000000000000000000e+00 1.271109518645479513e-05
2.429000000000000000e+03 0.000000000000000000e+00 0.000000000000000000e+00 1.440179283105546926e-13 0.000000000000000000e+00 1.370624356718183205e-05
2.430000000000000000e+03 0.000000000000000000e+00 0.000000000000000000e+00 1.428956430685587376e-13 0.000000000000000000e+00 1.770848622029616627e-05
2.431000000000000000e+03 0.000000000000000000e+00 0.000000000000000000e+00 1.417733578265627574e-13 0.000000000000000000e+00 9.943862426738392989e-06
2.432000000000000000e+03 0.000000000000000000e+00 0.000000000000000000e+00 1.406510725845668025e-13 0.000000000000000000e+00 1.868266994788593316e-05
2.433000000000000000e+03 0.000000000000000000e+00 0.000000000000000000e+00 1.395287873425708223e-13 0.000000000000000000e+00 2.107812458227757298e-05
2.434000000000000000e+03 0.000000000000000000e+00 0.000000000000000000e+00 1.384065021005748420e-13 0.000000000000000000e+00 1.460752370889231229e-05
2.435000000000000000e+03 0.000000000000000000e+00 0.000000000000000000e+00 1.380029776846748520e-13 0.000000000000000000e+00 1.459868962811049349e-05
2.436000000000000000e+03 0.000000000000000000e+00 0.000000000000000000e+00 1.383182140948708523e-13 0.000000000000000000e+00 1.220490278156021706e-05
2.437000000000000000e+03 0.000000000000000000e+00 0.000000000000000000e+00 1.386334505050668525e-13 0.000000000000000000e+00 1.324685657322503387e-05
2.438000000000000000e+03 0.000000000000000000e+00 0.000000000000000000e+00 1.389486869152628274e-13 0.000000000000000000e+00 1.749245273672246859e-05
2.439000000000000000e+03 0.000000000000000000e+00 0.000000000000000000e+00 1.392639233254588276e-13 0.000000000000000000e+00 9.448070586741690887e-06
2.440000000000000000e+03 0.000000000000000000e+00 0.000000000000000000e+00 1.395791597356548278e-13 0.000000000000000000e+00 2.329838738328705869e-05
2.441000000000000000e+03 0.000000000000000000e+00 0.000000000000000000e+00 1.398943961458508281e-13 0.000000000000000000e+00 1.553651731689465902e-05
2.442000000000000000e+03 0.000000000000000000e+00 0.000000000000000000e+00 1.402096325560468030e-13 0.000000000000000000e+00 1.886834725715581684e-05
2.443000000000000000e+03 0.000000000000000000e+00 0.000000000000000000e+00 1.405248689662428032e-13 0.000000000000000000e+00 1.060178500469463573e-05
2.444000000000000000e+03 0.000000000000000000e+00 0.000000000000000000e+00 1.408401053764388034e-13 0.000000000000000000e+00 1.579345382905252004e-05
2.445000000000000000e+03 0.000000000000000000e+00 0.000000000000000000e+00 1.400408703388647155e-13 0.000000000000000000e+00 9.145782302205125256e-06
2.446000000000000000e+03 0.000000000000000000e+00 0.000000000000000000e+00 1.381271638535205395e-13 0.000000000000000000e+00 1.602684302099111771e-05
2.447000000000000000e+03 0.000000000000000000e+00 0.000000000000000000e+00 1.362134573681763635e-13 0.000000000000000000e+00 2.049349445938852203e-05
2.448000000000000000e+03 0.000000000000000000e+00 0.000000000000000000e+00 1.342997508828321875e-13 0.000000000000000000e+00 1.614608420608017926e-05
2.449000000000000000e+03 0.000000000000000000e+00 0.000000000000000000e+00 1.323860443974880115e-13 0.000000000000000000e+00 1.341040436623241009e-05
2.450000000000000000e+03 0.000000000000000000e+00 0.000000000000000000e+00 1.304723379121438355e-13 0.000000000000000000e+00 1.229144392058247305e-05
2.451000000000000000e+03 0.000000000000000000e+00 0.000000000000000000e+00 1.285586314267996595e-13 0.000000000000000000e+00 1.636080561157130788e-05
2.452000000000000000e+03 0.000000000000000000e+00 0.000000000000000000e+00 1.266449249414554835e-13 0.000000000000000000e+00 1.979691299089093216e-05
2.453000000000000000e+03 0.000000000000000000e+00 0.000000000000000000e+00 1.247312184561113075e-13 0.000000000000000000e+00 8.902198688535039776e-06
2.454000000000000000e+03 0.000000000000000000e+00 0.000000000000000000e+00 1.228175119707671315e-13 0.000000000000000000e+00 2.029532379851754098e-05
2.455000000000000000e+03 0.000000000000000000e+00 0.000000000000000000e+00 1.226542465545408859e-13 0.000000000000000000e+00 1.963318853084045152e-05
2.456000000000000000e+03 0.000000000000000000e+00 0.000000000000000000e+00 1.242414222074325201e-13 0.000000000000000000e+00 1.256110040838310252e-05
2.457000000000000000e+03 0.000000000000000000e+00 0.000000000000000000e+00 1.258285978603241543e-13 0.000000000000000000e+00 1.630657861194436073e-05
2.458000000000000000e+03 0.000000000000000000e+00 0.000000000000000000e+00 1.274157735132158138e-13 0.000000000000000000e+00 1.438051728425006299e-05
2.459000000000000000e+03 0.000000000000000000e+00 0.000000000000000000e+00 1.290029491661074480e-13 0.000000000000000000e+00 7.334604617918004315e-06
2.460000000000000000e+03 0.000000000000000000e+00 0.000000000000000000e+00 1.305901248189991075e-13 0.000000000000000000e+00 1.861174518556033087e-05
2.461000000000000000e+03 0.000000000000000000e+00 0.000000000000000000e+00 1.321773004718907417e-13 0.000000000000000000e+00 2.389212665058675436e-05
2.462000000000000000e+03 0.000000000000000000e+00 0.000000000000000000e+00 1.337644761247824011e-13 0.000000000000000000e+00 1.403660277215238620e-05
2.463000000000000000e+03 0.000000000000000000e+00 0.000000000000000000e+00 1.353516517776740354e-13 0.000000000000000000e+00 1.777122286267165258e-05
2.464000000000000000e+03 0.000000000000000000e+00 0.000000000000000000e+00 1.369388274305656696e-13 0.000000000000000000e+00 1.142313243528739571e-05
2.465000000000000000e+03 0.000000000000000000e+00 0.000000000000000000e+00 1.368461380724961845e-13 0.000000000000000000e+00 1.310381458740999982e-05
2.466000000000000000e+03 0.000000000000000000e+00 0.000000000000000000e+00 1.350735837034655802e-13 0.000000000000000000e+00 1.538362438884487930e-05
2.467000000000000000e+03 0.000000000000000000e+00 0.000000000000000000e+00 1.333010293344349759e-13 0.000000000000000000e+00 9.784017347936753406e-06
2.468000000000000000e+03 0.000000000000000000e+00 0.000000000000000000e+00 1.315284749654043716e-13 0.000000000000000000e+00 2.104216312265740318e-05
2.469000000000000000e+03 0.000000000000000000e+00 0.000000000000000000e+00 1.297559205963737673e-13 0.000000000000000000e+00 1.719140803035856341e-05
2.470000000000000000e+03 0.000000000000000000e+00 0.000000000000000000e+00 1.279833662273431630e-13 0.000000000000000000e+00 1.824480918973679964e-05
2.471000000000000000e+03 0.000000000000000000e+00 0.000000000000000000e+00 1.262108118583125586e-13 0.000000000000000000e+00 1.649156942149706406e-05
2.472000000000000000e+03 0.000000000000000000e+00 0.000000000000000000e+00 1.244382574892819543e-13 0.000000000000000000e+00 1.363576266130257450e-05
2.473000000000000000e+03 0.000000000000000000e+00 0.000000000000000000e+00 1.226657031202513500e-13 0.000000000000000000e+00 1.272188542872139275e-05
2.474000000000000000e+03 0.000000000000000000e+00 0.000000000000000000e+00 1.208931487512207205e-13 0.000000000000000000e+00 1.559983680678937628e-05
2.475000000000000000e+03 0.000000000000000000e+00 0.000000000000000000e+00 1.204715504414720351e-13 0.000000000000000000e+00 1.897877439471304457e-05
2.476000000000000000e+03 0.000000000000000000e+00 0.000000000000000000e+00 1.214009081910052434e-13 0.000000000000000000e+00 1.697574411763447320e-05
2.477000000000000000e+03 0.000000000000000000e+00 0.000000000000000000e+00 1.223302659405384517e-13 0.000000000000000000e+00 1.463993554383481119e-05
2.478000000000000000e+03 0.000000000000000000e+00 0.000000000000000000e+00 1.232596236900716600e-13 0.000000000000000000e+00 1.506569975069266433e-05
2.479000000000000000e+03 0.000000000000000000e+00 0.000000000000000000e+00 1.241889814396048683e-13 0.000000000000000000e+00 1.127559617446327956e-05
2.480000000000000000e+03 0.000000000000000000e+00 0.000000000000000000e+00 1.251183391891380766e-13 0.000000000000000000e+00 1.709144407469365980e-05
2.481000000000000000e+03 0.000000000000000000e+00 0.000000000000000000e+00 1.260476969386712849e-13 0.000000000000000000e+00 9.844301924867669758e-06
2.482000000000000000e+03 0.000000000000000000e+00 0.000000000000000000e+00 1.269770546882044933e-13 0.000000000000000000e+00 2.645742029706104438e-05
2.483000000000000000e+03 0.000000000000000000e+00 0.000000000000000000e+00 1.279064124377377016e-13 0.000000000000000000e+00 1.619563944589878861e-05
2.484000000000000000e+03 0.000000000000000000e+00 0.000000000000000000e+00 1.288357701872709099e-13 0.000000000000000000e+00 1.409219022303445237e-05
2.485000000000000000e+03 0.000000000000000000e+00 0.000000000000000000e+00 1.290107956182760954e-13 0.000000000000000000e+00 1.361260849970038140e-05
2.486000000000000000e+03 0.000000000000000000e+00 0.000000000000000000e+00 1.284314887307532329e-13 0.000000000000000000e+00 1.521407114532174588e-05
2.487000000000000000e+03 0.000000000000000000e+00 0.000000000000000000e+00 1.278521818432303957e-13 0.000000000000000000e+00 1.412728709409792402e-05
2.488000000000000000e+03 0.000000000000000000e+00 0.000000000000000000e+00 1.272728749557075332e-13 0.000000000000000000e+00 1.607387777886372461e-05
2.489000000000000000e+03 0.000000000000000000e+00 0.000000000000000000e+00 1.266935680681846960e-13 0.000000000000000000e+00 1.894024498736268021e-05
2.490000000000000000e+03 0.000000000000000000e+00 0.000000000000000000e+00 1.261142611806618335e-13 0.000000000000000000e+00 1.577939024283331698e-05
2.491000000000000000e+03 0.000000000000000000e+00 0.000000000000000000e+00 1.255349542931389963e-13 0.000000000000000000e+00 1.771028000940380462e-05
2.492000000000000000e+03 0.000000000000000000e+00 0.000000000000000000e+00 1.249556474056161338e-13 0.000000000000000000e+00 1.748309834832497932e-05
2.493000000000000000e+03 0.000000000000000000e+00 0.000000000000000000e+00 1.243763405180932966e-13 0.000000000000000000e+00 1.137607388458818809e-05
2.494000000000000000e+03 0.000000000000000000e+00 0.000000000000000000e+00 1.237970336305704341e-13 0.000000000000000000e+00 1.570447511859120263e-05
2.495000000000000000e+03 0.000000000000000000e+00 0.000000000000000000e+00 1.231938884978368997e-13 0.000000000000000000e+00 8.655001964852010181e-06
2.496000000000000000e+03 0.000000000000000000e+00 0.000000000000000000e+00 1.225669051198926681e-13 0.000000000000000000e+00 2.624705610416711688e-05
2.497000000000000000e+03 0.000000000000000000e+00 0.000000000000000000e+00 1.219399217419484365e-13 0.000000000000000000e+00 1.676541755011907330e-05
2.498000000000000000e+03 0.000000000000000000e+00 0.000000000000000000e+00 1.213129383640042049e-13 0.000000000000000000e+00 1.407827244200048804e-05
2.499000000000000000e+03 0.000000000000000000e+00 0.000000000000000000e+00 1.206859549860599732e-13 0.000000000000000000e+00 1.536526502080630828e-05
2.500000000000000000e+03 0.000000000000000000e+00 0.000000000000000000e+00 1.200589716081157416e-13 0.000000000000000000e+00 1.673720058593966228e-05
2.501000000000000000e+03 0.000000000000000000e+00 0.000000000000000000e+00 1.194319882301715100e-13 0.000000000000000000e+00 1.246594255619384619e-05
2.502000000000000000e+03 0.000000000000000000e+00 0.000000000000000000e+00 1.188050048522272784e-13 0.000000000000000000e+00 1.655495624713800295e-05
2.503000000000000000e+03 0.000000000000000000e+00 0.000000000000000000e+00 1.181780214742830468e-13 0.000000000000000000e+00 1.675527269065879527e-05
2.504000000000000000e+03 0.000000000000000000e+00 0.000000000000000000e+00 1.175510380963388152e-13 0.000000000000000000e+00 1.937524291479412477e-05
2.505000000000000000e+03 0.000000000000000000e+00 0.000000000000000000e+00 1.177739176624373067e-13 0.000000000000000000e+00 1.657638781312377943e-05
2.506000000000000000e+03 0.000000000000000000e+00 0.000000000000000000e+00 1.188466601725785211e-13 0.000000000000000000e+00 1.546864777705405806e-05
2.507000000000000000e+03 0.000000000000000000e+00 0.000000000000000000e+00 1.199194026827197609e-13 0.000000000000000000e+00 1.334815173400453331e-05
2.508000000000000000e+03 0.000000000000000000e+00 0.000000000000000000e+00 1.209921451928609753e-13 0.000000000000000000e+00 1.419725562688179028e-05
2.509000000000000000e+03 0.000000000000000000e+00 0.000000000000000000e+00 1.220648877030021898e-13 0.000000000000000000e+00 1.198419349660839887e-05
2.510000000000000000e+03 0.000000000000000000e+00 0.000000000000000000e+00 1.231376302131434043e-13 0.000000000000000000e+00 2.323444834630822479e-05
2.511000000000000000e+03 0.000000000000000000e+00 0.000000000000000000e+00 1.242103727232846188e-13 0.000000000000000000e+00 1.953890484813312228e-05
2.512000000000000000e+03 0.000000000000000000e+00 0.000000000000000000e+00 1.252831152334258333e-13 0.000000000000000000e+00 1.554012211053837291e-05
2.513000000000000000e+03 0.000000000000000000e+00 0.000000000000000000e+00 1.263558577435670730e-13 0.000000000000000000e+00 1.672885581634178781e-05
2.514000000000000000e+03 0.000000000000000000e+00 0.000000000000000000e+00 1.274286002537082875e-13 0.000000000000000000e+00 1.369858994865078640e-05
2.515000000000000000e+03 0.000000000000000000e+00 0.000000000000000000e+00 1.271275374463053323e-13 0.000000000000000000e+00 1.215821619267066987e-05
2.516000000000000000e+03 0.000000000000000000e+00 0.000000000000000000e+00 1.254526693213582326e-13 0.000000000000000000e+00 1.752695575758543147e-05
2.517000000000000000e+03 0.000000000000000000e+00 0.000000000000000000e+00 1.237778011964111077e-13 0.000000000000000000e+00 1.253297941363853565e-05
2.518000000000000000e+03 0.000000000000000000e+00 0.000000000000000000e+00 1.221029330714639828e-13 0.000000000000000000e+00 2.272670069876819220e-05
2.519000000000000000e+03 0.000000000000000000e+00 0.000000000000000000e+00 1.204280649465168831e-13 0.000000000000000000e+00 1.587501959325739878e-05
2.520000000000000000e+03 0.000000000000000000e+00 0.000000000000000000e+00 1.187531968215697582e-13 0.000000000000000000e+00 1.596916132292482913e-05
2.521000000000000000e+03 0.000000000000000000e+00 0.000000000000000000e+00 1.170783286966226333e-13 0.000000000000000000e+00 1.495675521796703821e-05
2.522000000000000000e+03 0.000000000000000000e+00 0.000000000000000000e+00 1.154034605716755337e-13 0.000000000000000000e+00 1.725441185439013865e-05
2.523000000000000000e+03 0.000000000000000000e+00 0.000000000000000000e+00 1.137285924467284088e-13 0.000000000000000000e+00 1.030245632856282630e-05
2.524000000000000000e+03 0.000000000000000000e+00 0.000000000000000000e+00 1.120537243217812965e-13 0.000000000000000000e+00 2.287293753781206754e-05
2.525000000000000000e+03 0.000000000000000000e+00 0.000000000000000000e+00 1.115751055611700704e-13 0.000000000000000000e+00 1.696657794788305307e-05
2.526000000000000000e+03 0.000000000000000000e+00 0.000000000000000000e+00 1.122927361648947305e-13 0.000000000000000000e+00 1.375056676218797994e-05
2.527000000000000000e+03 0.000000000000000000e+00 0.000000000000000000e+00 1.130103667686193906e-13 0.000000000000000000e+00 2.096602129488838430e-05
2.528000000000000000e+03 0.000000000000000000e+00 0.000000000000000000e+00 1.137279973723440507e-13 0.000000000000000000e+00 1.272055847529055777e-05
2.529000000000000000e+03 0.000000000000000000e+00 0.000000000000000000e+00 1.144456279760687234e-13 0.000000000000000000e+00 1.094804397572727604e-05
2.530000000000000000e+03 0.000000000000000000e+00 0.000000000000000000e+00 1.151632585797933961e-13 0.000000000000000000e+00 1.924914502632825208e-05
2.531000000000000000e+03 0.000000000000000000e+00 0.000000000000000000e+00 1.158808891835180435e-13 0.000000000000000000e+00 1.272679342041012839e-05
2.532000000000000000e+03 0.000000000000000000e+00 0.000000000000000000e+00 1.165985197872427163e-13 0.000000000000000000e+00 2.604895437740383901e-05
2.533000000000000000e+03 0.000000000000000000e+00 0.000000000000000000e+00 1.173161503909673890e-13 0.000000000000000000e+00 1.873806850019097192e-05
2.534000000000000000e+03 0.000000000000000000e+00 0.000000000000000000e+00 1.180337809946920364e-13 0.000000000000000000e+00 1.161050686309658977e-05
2.535000000000000000e+03 0.000000000000000000e+00 0.000000000000000000e+00 1.180779127148510454e-13 0.000000000000000000e+00 1.491145714520475767e-05
2.536000000000000000e+03 0.000000000000000000e+00 0.000000000000000000e+00 1.174485455514443907e-13 0.000000000000000000e+00 1.746063870828759603e-05
2.537000000000000000e+03 0.000000000000000000e+00 0.000000000000000000e+00 1.168191783880377612e-13 0.000000000000000000e+00 1.191499272756424405e-05
2.538000000000000000e+03 0.000000000000000000e+00 0.000000000000000000e+00 1.161898112246311065e-13 0.000000000000000000e+00 1.557601523825645536e-05
2.539000000000000000e+03 0.000000000000000000e+00 0.000000000000000000e+00 1.155604440612244518e-13 0.000000000000000000e+00 2.201806680247603824e-05
2.540000000000000000e+03 0.000000000000000000e+00 0.000000000000000000e+00 1.149310768978177970e-13 0.000000000000000000e+00 1.984562251504884482e-05
2.541000000000000000e+03 0.000000000000000000e+00 0.000000000000000000e+00 1.143017097344111676e-13 0.000000000000000000e+00 1.574876314088810431e-05
2.542000000000000000e+03 0.000000000000000000e+00 0.000000000000000000e+00 1.136723425710045128e-13 0.000000000000000000e+00 1.604475109271609619e-05
2.543000000000000000e+03 0.000000000000000000e+00 0.000000000000000000e+00 1.130429754075978581e-13 0.000000000000000000e+00 1.385581554870828349e-05
2.544000000000000000e+03 0.000000000000000000e+00 0.000000000000000000e+00 1.124136082441912160e-13 0.000000000000000000e+00 1.456401750112471510e-05
2.545000000000000000e+03 0.000000000000000000e+00 0.000000000000000000e+00 1.113619062634980986e-13 0.000000000000000000e+00 1.182976766236306587e-05
2.546000000000000000e+03 0.000000000000000000e+00 0.000000000000000000e+00 1.098878694655185059e-13 0.000000000000000000e+00 2.631222314548300597e-05
2.547000000000000000e+03 0.000000000000000000e+00 0.000000000000000000e+00 1.084138326675389258e-13 0.000000000000000000e+00 1.627840825407337883e-05
2.548000000000000000e+03 0.000000000000000000e+00 0.000000000000000000e+00 1.069397958695593331e-13 0.000000000000000000e+00 1.526950160615257878e-05
2.549000000000000000e+03 0.000000000000000000e+00 0.000000000000000000e+00 1.054657590715797404e-13 0.000000000000000000e+00 1.718641543928457776e-05
2.550000000000000000e+03 0.000000000000000000e+00 0.000000000000000000e+00 1.039917222736001604e-13 0.000000000000000000e+00 1.972405287723904860e-05
2.551000000000000000e+03 0.000000000000000000e+00 0.000000000000000000e+00 1.025176854756205677e-13 0.000000000000000000e+00 7.496084111416306281e-06
2.552000000000000000e+03 0.000000000000000000e+00 0.000000000000000000e+00 1.010436486776409750e-13 0.000000000000000000e+00 1.983936799046509338e-05
2.553000000000000000e+03 0.000000000000000000e+00 0.000000000000000000e+00 9.956961187966139492e-14 0.000000000000000000e+00 2.066838630824765471e-05
2.554000000000000000e+03 0.000000000000000000e+00 0.000000000000000000e+00 9.809557508168180223e-14 0.000000000000000000e+00 2.137577776188382856e-05
2.555000000000000000e+03 0.000000000000000000e+00 0.000000000000000000e+00 9.792821839997498153e-14 0.000000000000000000e+00 1.693310704238562832e-05
2.556000000000000000e+03 0.000000000000000000e+00 0.000000000000000000e+00 9.906754183454090758e-14 0.000000000000000000e+00 1.287530797553818358e-05
2.557000000000000000e+03 0.000000000000000000e+00 0.000000000000000000e+00 1.002068652691068463e-13 0.000000000000000000e+00 1.287567213907629403e-05
2.558000000000000000e+03 0.000000000000000000e+00 0.000000000000000000e+00 1.013461887036727849e-13 0.000000000000000000e+00 1.696283148075689116e-05
2.559000000000000000e+03 0.000000000000000000e+00 0.000000000000000000e+00 1.024855121382387110e-13 0.000000000000000000e+00 1.258859215629587113e-05
2.560000000000000000e+03 0.000000000000000000e+00 0.000000000000000000e+00 1.036248355728046496e-13 0.000000000000000000e+00 2.784337898333229334e-05
2.561000000000000000e+03 0.000000000000000000e+00 0.000000000000000000e+00 1.047641590073705757e-13 0.000000000000000000e+00 1.641157424606784108e-05
2.562000000000000000e+03 0.000000000000000000e+00 0.000000000000000000e+00 1.059034824419365144e-13 0.000000000000000000e+00 1.472316843873210665e-05
2.563000000000000000e+03 0.000000000000000000e+00 0.000000000000000000e+00 1.070428058765024530e-13 0.000000000000000000e+00 2.021159508501393329e-05
2.564000000000000000e+03 0.000000000000000000e+00 0.000000000000000000e+00 1.081821293110683791e-13 0.000000000000000000e+00 1.417999168765761668e-05
2.565000000000000000e+03 0.000000000000000000e+00 0.000000000000000000e+00 1.077087705788246034e-13 0.000000000000000000e+00 1.164779358571827506e-05
2.566000000000000000e+03 0.000000000000000000e+00 0.000000000000000000e+00 1.056227296797711133e-13 0.000000000000000000e+00 1.858635345572123572e-05
2.567000000000000000e+03 0.000000000000000000e+00 0.000000000000000000e+00 1.035366887807176106e-13 0.000000000000000000e+00 1.927951494916882271e-05
2.568000000000000000e+03 0.000000000000000000e+00 0.000000000000000000e+00 1.014506478816641205e-13 0.000000000000000000e+00 2.236158891760915883e-05
2.569000000000000000e+03 0.000000000000000000e+00 0.000000000000000000e+00 9.936460698261063042e-14 0.000000000000000000e+00 1.513797794820352656e-05
2.570000000000000000e+03 0.000000000000000000e+00 0.000000000000000000e+00 9.727856608355714034e-14 0.000000000000000000e+00 1.523439732437184601e-05
2.571000000000000000e+03 0.000000000000000000e+00 0.000000000000000000e+00 9.519252518450365026e-14 0.000000000000000000e+00 1.600470085449568641e-05
2.572000000000000000e+03 0.000000000000000000e+00 0.000000000000000000e+00 9.310648428545016018e-14 0.000000000000000000e+00 1.776714036880510864e-05
2.573000000000000000e+03 0.000000000000000000e+00 0.000000000000000000e+00 9.102044338639667009e-14 0.000000000000000000e+00 1.079494423457570450e-05
2.574000000000000000e+03 0.000000000000000000e+00 0.000000000000000000e+00 8.893440248734316739e-14 0.000000000000000000e+00 2.842201242256488575e-05
2.575000000000000000e+03 0.000000000000000000e+00 0.000000000000000000e+00 8.788560004511360631e-14 0.000000000000000000e+00 1.496556870210623031e-05
2.576000000000000000e+03 0.000000000000000000e+00 0.000000000000000000e+00 8.787403605970798684e-14 0.000000000000000000e+00 1.865304766303940796e-05
2.577000000000000000e+03 0.000000000000000000e+00 0.000000000000000000e+00 8.786247207430236738e-14 0.000000000000000000e+00 1.681816050958401818e-05
2.578000000000000000e+03 0.000000000000000000e+00 0.000000000000000000e+00 8.785090808889673529e-14 0.000000000000000000e+00 1.325578803471160657e-05
2.579000000000000000e+03 0.000000000000000000e+00 0.000000000000000000e+00 8.783934410349111582e-14 0.000000000000000000e+00 1.571606781144772763e-05
2.580000000000000000e+03 0.000000000000000000e+00 0.000000000000000000e+00 8.782778011808548374e-14 0.000000000000000000e+00 1.667399876142650988e-05
2.581000000000000000e+03 0.000000000000000000e+00 0.000000000000000000e+00 8.781621613267986427e-14 0.000000000000000000e+00 2.421587602617682888e-05
2.582000000000000000e+03 0.000000000000000000e+00 0.000000000000000000e+00 8.780465214727423218e-14 0.000000000000000000e+00 1.786821904586634088e-05
2.583000000000000000e+03 0.000000000000000000e+00 0.000000000000000000e+00 8.779308816186861272e-14 0.000000000000000000e+00 1.712741594388073854e-05
2.584000000000000000e+03 0.000000000000000000e+00 0.000000000000000000e+00 8.778152417646299325e-14 0.000000000000000000e+00 1.510048077338882890e-05
2.585000000000000000e+03 0.000000000000000000e+00 0.000000000000000000e+00 8.727510842334353507e-14 0.000000000000000000e+00 2.088356777355951114e-05
2.586000000000000000e+03 0.000000000000000000e+00 0.000000000000000000e+00 8.627384090251025079e-14 0.000000000000000000e+00 1.377612923918551714e-05
2.587000000000000000e+03 0.000000000000000000e+00 0.000000000000000000e+00 8.527257338167696652e-14 0.000000000000000000e+00 9.209124994239470914e-06
2.588000000000000000e+03 0.000000000000000000e+00 0.000000000000000000e+00 8.427130586084368224e-14 0.000000000000000000e+00 2.542320673534395926e-05
2.589000000000000000e+03 0.000000000000000000e+00 0.000000000000000000e+00 8.327003834001039797e-14 0.000000000000000000e+00 1.965479486591075074e-05
2.590000000000000000e+03 0.000000000000000000e+00 0.000000000000000000e+00 8.226877081917711369e-14 0.000000000000000000e+00 2.171881108688011137e-05
2.591000000000000000e+03 0.000000000000000000e+00 0.000000000000000000e+00 8.126750329834381679e-14 0.000000000000000000e+00 1.800580748457862693e-05
2.592000000000000000e+03 0.000000000000000000e+00 0.000000000000000000e+00 8.026623577751053251e-14 0.000000000000000000e+00 1.019024749217430094e-05
2.593000000000000000e+03 0.000000000000000000e+00 0.000000000000000000e+00 7.926496825667724824e-14 0.000000000000000000e+00 1.520766518110388510e-05
2.594000000000000000e+03 0.000000000000000000e+00 0.000000000000000000e+00 7.826370073584396396e-14 0.000000000000000000e+00 1.743538423327725659e-05
2.595000000000000000e+03 0.000000000000000000e+00 0.000000000000000000e+00 7.693948815255068129e-14 0.000000000000000000e+00 1.948537913337865024e-05
2.596000000000000000e+03 0.000000000000000000e+00 0.000000000000000000e+00 7.529233050679740022e-14 0.000000000000000000e+00 2.503697525605940092e-05
2.597000000000000000e+03 0.000000000000000000e+00 0.000000000000000000e+00 7.364517286104413178e-14 0.000000000000000000e+00 1.527631861384230760e-05
2.598000000000000000e+03 0.000000000000000000e+00 0.000000000000000000e+00 7.199801521529085071e-14 0.000000000000000000e+00 1.454631793629391770e-05
2.599000000000000000e+03 0.000000000000000000e+00 0.000000000000000000e+00 7.035085756953756964e-14 0.000000000000000000e+00 2.154852357843479663e-05
2.600000000000000000e+03 0.000000000000000000e+00 0.000000000000000000e+00 6.870369992378430120e-14 0.000000000000000000e+00 1.901854381134512347e-05
2.601000000000000000e+03 0.000000000000000000e+00 0.000000000000000000e+00 6.705654227803102013e-14 0.000000000000000000e+00 6.002381944193988388e-06
2.602000000000000000e+03 0.000000000000000000e+00 0.000000000000000000e+00 6.540938463227773907e-14 0.000000000000000000e+00 2.809745070400925535e-05
2.603000000000000000e+03 0.000000000000000000e+00 0.000000000000000000e+00 6.376222698652447062e-14 0.000000000000000000e+00 1.927842255856740855e-05
2.604000000000000000e+03 0.000000000000000000e+00 0.000000000000000000e+00 6.211506934077118955e-14 0.000000000000000000e+00 1.987834416127798976e-05
2.605000000000000000e+03 0.000000000000000000e+00 0.000000000000000000e+00 6.117932434075688003e-14 0.000000000000000000e+00 1.632878871102419853e-05
2.606000000000000000e+03 0.000000000000000000e+00 0.000000000000000000e+00 6.095499198648154204e-14 0.000000000000000000e+00 1.266823626369017943e-05
2.607000000000000000e+03 0.000000000000000000e+00 0.000000000000000000e+00 6.073065963220620406e-14 0.000000000000000000e+00 1.618773684419589783e-05
2.608000000000000000e+03 0.000000000000000000e+00 0.000000000000000000e+00 6.050632727793086608e-14 0.000000000000000000e+00 1.691684387013541312e-05
2.609000000000000000e+03 0.000000000000000000e+00 0.000000000000000000e+00 6.028199492365552809e-14 0.000000000000000000e+00 1.898804145258726166e-05
2.610000000000000000e+03 0.000000000000000000e+00 0.000000000000000000e+00 6.005766256938020273e-14 0.000000000000000000e+00 2.580351723693055272e-05
2.611000000000000000e+03 0.000000000000000000e+00 0.000000000000000000e+00 5.983333021510486474e-14 0.000000000000000000e+00 1.588368651878543382e-05
2.612000000000000000e+03 0.000000000000000000e+00 0.000000000000000000e+00 5.960899786082952676e-14 0.000000000000000000e+00 1.869189576866065396e-05
2.613000000000000000e+03 0.000000000000000000e+00 0.000000000000000000e+00 5.938466550655418878e-14 0.000000000000000000e+00 1.932800578398632219e-05
2.614000000000000000e+03 0.000000000000000000e+00 0.000000000000000000e+00 5.916033315227885079e-14 0.000000000000000000e+00 1.207056816031607607e-05
2.615000000000000000e+03 0.000000000000000000e+00 0.000000000000000000e+00 5.793209247173194349e-14 0.000000000000000000e+00 1.470129053006925290e-05
2.616000000000000000e+03 0.000000000000000000e+00 0.000000000000000000e+00 5.569994346491345426e-14 0.000000000000000000e+00 2.488063626251398456e-05
2.617000000000000000e+03 0.000000000000000000e+00 0.000000000000000000e+00 5.346779445809497134e-14 0.000000000000000000e+00 2.152460141777147939e-05
2.618000000000000000e+03 0.000000000000000000e+00 0.000000000000000000e+00 5.123564545127648841e-14 0.000000000000000000e+00 1.989882772817253782e-05
2.619000000000000000e+03 0.000000000000000000e+00 0.000000000000000000e+00 4.900349644445800549e-14 0.000000000000000000e+00 1.458340298160136005e-05
2.620000000000000000e+03 0.000000000000000000e+00 0.000000000000000000e+00 4.677134743763952257e-14 0.000000000000000000e+00 1.291555633633074398e-05
2.621000000000000000e+03 0.000000000000000000e+00 0.000000000000000000e+00 4.453919843082103333e-14 0.000000000000000000e+00 2.036913828877792810e-05
2.622000000000000000e+03 0.000000000000000000e+00 0.000000000000000000e+00 4.230704942400255041e-14 0.000000000000000000e+00 1.911235793069283550e-05
2.623000000000000000e+03 0.000000000000000000e+00 0.000000000000000000e+00 4.007490041718406749e-14 0.000000000000000000e+00 1.321201913513859783e-05
2.624000000000000000e+03 0.000000000000000000e+00 0.000000000000000000e+00 3.784275141036557826e-14 0.000000000000000000e+00 2.489318640666393913e-05
2.625000000000000000e+03 0.000000000000000000e+00 0.000000000000000000e+00 3.676711162309361280e-14 0.000000000000000000e+00 2.026119125157084240e-05
2.626000000000000000e+03 0.000000000000000000e+00 0.000000000000000000e+00 3.684798105536815218e-14 0.000000000000000000e+00 1.803607892485223054e-05
2.627000000000000000e+03 0.000000000000000000e+00 0.000000000000000000e+00 3.692885048764269157e-14 0.000000000000000000e+00 1.788325509461717054e-05
2.628000000000000000e+03 0.000000000000000000e+00 0.000000000000000000e+00 3.700971991991723096e-14 0.000000000000000000e+00 1.544117082848730496e-05
2.629000000000000000e+03 0.000000000000000000e+00 0.000000000000000000e+00 3.709058935219177034e-14 0.000000000000000000e+00 1.422051100299179547e-05
2.630000000000000000e+03 0.000000000000000000e+00 0.000000000000000000e+00 3.717145878446631604e-14 0.000000000000000000e+00 2.345505258652721265e-05
2.631000000000000000e+03 0.000000000000000000e+00 0.000000000000000000e+00 3.725232821674085543e-14 0.000000000000000000e+00 2.158052183321955962e-05
2.632000000000000000e+03 0.000000000000000000e+00 0.000000000000000000e+00 3.733319764901539481e-14 0.000000000000000000e+00 2.162444602386980690e-05
2.633000000000000000e+03 0.000000000000000000e+00 0.000000000000000000e+00 3.741406708128993420e-14 0.000000000000000000e+00 1.432754692034511298e-05
2.634000000000000000e+03 0.000000000000000000e+00 0.000000000000000000e+00 3.749493651356447359e-14 0.000000000000000000e+00 1.868900004499702625e-05
2.635000000000000000e+03 0.000000000000000000e+00 0.000000000000000000e+00 3.649146078899892427e-14 0.000000000000000000e+00 2.009805717771930873e-05
2.636000000000000000e+03 0.000000000000000000e+00 0.000000000000000000e+00 3.440363990759328624e-14 0.000000000000000000e+00 1.459653439997928770e-05
2.637000000000000000e+03 0.000000000000000000e+00 0.000000000000000000e+00 3.231581902618764821e-14 0.000000000000000000e+00 9.226422087611435446e-06
2.638000000000000000e+03 0.000000000000000000e+00 0.000000000000000000e+00 3.022799814478201018e-14 0.000000000000000000e+00 3.169351720843411078e-05
2.639000000000000000e+03 0.000000000000000000e+00 0.000000000000000000e+00 2.814017726337637215e-14 0.000000000000000000e+00 2.116705386142347876e-05
2.640000000000000000e+03 0.000000000000000000e+00 0.000000000000000000e+00 2.605235638197073412e-14 0.000000000000000000e+00 1.742559693383185948e-05
2.641000000000000000e+03 0.000000000000000000e+00 0.000000000000000000e+00 2.396453550056509610e-14 0.000000000000000000e+00 1.840440238471342503e-05
2.642000000000000000e+03 0.000000000000000000e+00 0.000000000000000000e+00 2.187671461915945491e-14 0.000000000000000000e+00 1.260143099672298111e-05
2.643000000000000000e+03 0.000000000000000000e+00 0.000000000000000000e+00 1.978889373775381688e-14 0.000000000000000000e+00 1.911204010223962321e-05
2.644000000000000000e+03 0.000000000000000000e+00 0.000000000000000000e+00 1.770107285634817886e-14 0.000000000000000000e+00 1.948171601418273045e-05
2.645000000000000000e+03 0.000000000000000000e+00 0.000000000000000000e+00 1.588795772898237489e-14 0.000000000000000000e+00 2.131085986466280715e-05
2.646000000000000000e+03 0.000000000000000000e+00 0.000000000000000000e+00 1.434954835565641445e-14 0.000000000000000000e+00 2.380452381908535785e-05
2.647000000000000000e+03 0.000000000000000000e+00 0.000000000000000000e+00 1.281113898233045085e-14 0.000000000000000000e+00 1.427885508070733720e-05
2.648000000000000000e+03 0.000000000000000000e+00 0.000000000000000000e+00 1.127272960900448725e-14 0.000000000000000000e+00 2.212793041197601640e-05
2.649000000000000000e+03 0.000000000000000000e+00 0.000000000000000000e+00 9.734320235678526811e-15 0.000000000000000000e+00 1.616953359142669658e-05
2.650000000000000000e+03 0.000000000000000000e+00 0.000000000000000000e+00 8.195910862352563214e-15 0.000000000000000000e+00 1.965233454792300919e-05
2.651000000000000000e+03 0.000000000000000000e+00 0.000000000000000000e+00 6.657501489026601194e-15 0.000000000000000000e+00 9.975953857381679484e-06
2.652000000000000000e+03 0.000000000000000000e+00 0.000000000000000000e+00 5.119092115700639175e-15 0.000000000000000000e+00 3.346261679906348350e-05
2.653000000000000000e+03 0.000000000000000000e+00 0.000000000000000000e+00 3.580682742374675578e-15 0.000000000000000000e+00 1.894702617043720949e-05
2.654000000000000000e+03 0.000000000000000000e+00 0.000000000000000000e+00 2.042273369048715136e-15 0.000000000000000000e+00 1.897700845462196287e-05
2.655000000000000000e+03 0.000000000000000000e+00 0.000000000000000000e+00 8.419800849813988682e-16 0.000000000000000000e+00 1.643799010224166431e-05
2.656000000000000000e+03 0.000000000000000000e+00 0.000000000000000000e+00 -2.019710982726937984e-17 0.000000000000000000e+00 1.206552890469223149e-05
2.657000000000000000e+03 0.000000000000000000e+00 0.000000000000000000e+00 -8.823743046359373321e-16 0.000000000000000000e+00 1.894718458652549102e-05
2.658000000000000000e+03 0.000000000000000000e+00 0.000000000000000000e+00 -1.744551499444605679e-15 0.000000000000000000e+00 2.035751900094365718e-05
2.659000000000000000e+03 0.000000000000000000e+00 0.000000000000000000e+00 -2.606728694253274025e-15 0.000000000000000000e+00 1.995485055261242381e-05
2.660000000000000000e+03 0.000000000000000000e+00 0.000000000000000000e+00 -3.468905889061941978e-15 0.000000000000000000e+00 2.332124920278844281e-05
2.661000000000000000e+03 0.000000000000000000e+00 0.000000000000000000e+00 -4.331083083870610324e-15 0.000000000000000000e+00 2.049212508510276384e-05
2.662000000000000000e+03 0.000000000000000000e+00 0.000000000000000000e+00 -5.193260278679277488e-15 0.000000000000000000e+00 1.929118214153658983e-05
2.663000000000000000e+03 0.000000000000000000e+00 0.000000000000000000e+00 -6.055437473487946229e-15 0.000000000000000000e+00 2.066786279836760286e-05
2.664000000000000000e+03 0.000000000000000000e+00 0.000000000000000000e+00 -6.917614668296613392e-15 0.000000000000000000e+00 1.162416552450266610e-05
2.665000000000000000e+03 0.000000000000000000e+00 0.000000000000000000e+00 -8.179521501024970685e-15 0.000000000000000000e+00 1.501360145095057562e-05
2.666000000000000000e+03 0.000000000000000000e+00 0.000000000000000000e+00 -9.841157971673016528e-15 0.000000000000000000e+00 3.126022548353021927e-05
2.667000000000000000e+03 0.000000000000000000e+00 0.000000000000000000e+00 -1.150279444232106237e-14 0.000000000000000000e+00 2.152527641922082031e-05
2.668000000000000000e+03 0.000000000000000000e+00 0.000000000000000000e+00 -1.316443091296910822e-14 0.000000000000000000e+00 1.707140079382923293e-05
2.669000000000000000e+03 0.000000000000000000e+00 0.000000000000000000e+00 -1.482606738361715406e-14 0.000000000000000000e+00 1.705098471762016304e-05
2.670000000000000000e+03 0.000000000000000000e+00 0.000000000000000000e+00 -1.648770385426519990e-14 0.000000000000000000e+00 1.744185036635945916e-05
2.671000000000000000e+03 0.000000000000000000e+00 0.000000000000000000e+00 -1.814934032491324575e-14 0.000000000000000000e+00 1.758384083784765966e-05
2.672000000000000000e+03 0.000000000000000000e+00 0.000000000000000000e+00 -1.981097679556129159e-14 0.000000000000000000e+00 1.897222421958654246e-05
2.673000000000000000e+03 0.000000000000000000e+00 0.000000000000000000e+00 -2.147261326620933744e-14 0.000000000000000000e+00 2.159395039349194085e-05
2.674000000000000000e+03 0.000000000000000000e+00 0.000000000000000000e+00 -2.313424973685738328e-14 0.000000000000000000e+00 2.661076103697219131e-05
2.675000000000000000e+03 0.000000000000000000e+00 0.000000000000000000e+00 -2.423880097877549931e-14 0.000000000000000000e+00 1.777198822478649032e-05
2.676000000000000000e+03 0.000000000000000000e+00 0.000000000000000000e+00 -2.478626699196368236e-14 0.000000000000000000e+00 1.890229619956901189e-05
2.677000000000000000e+03 0.000000000000000000e+00 0.000000000000000000e+00 -2.533373300515186541e-14 0.000000000000000000e+00 1.888348051996136109e-05
2.678000000000000000e+03 0.000000000000000000e+00 0.000000000000000000e+00 -2.588119901834004846e-14 0.000000000000000000e+00 1.186631067833081908e-05
2.679000000000000000e+03 0.000000000000000000e+00 0.000000000000000000e+00 -2.642866503152823152e-14 0.000000000000000000e+00 2.109724690355298355e-05
2.680000000000000000e+03 0.000000000000000000e+00 0.000000000000000000e+00 -2.697613104471641457e-14 0.000000000000000000e+00 2.802463729125880500e-05
2.681000000000000000e+03 0.000000000000000000e+00 0.000000000000000000e+00 -2.752359705790459762e-14 0.000000000000000000e+00 1.480722407653814964e-05
2.682000000000000000e+03 0.000000000000000000e+00 0.000000000000000000e+00 -2.807106307109278067e-14 0.000000000000000000e+00 2.569968544659549181e-05
2.683000000000000000e+03 0.000000000000000000e+00 0.000000000000000000e+00 -2.861852908428096688e-14 0.000000000000000000e+00 1.813268277259615346e-05
2.684000000000000000e+03 0.000000000000000000e+00 0.000000000000000000e+00 -2.916599509746914678e-14 0.000000000000000000e+00 1.635989561088404301e-05
2.685000000000000000e+03 0.000000000000000000e+00 0.000000000000000000e+00 -3.051756038014694858e-14 0.000000000000000000e+00 1.993373349810230761e-05
2.686000000000000000e+03 0.000000000000000000e+00 0.000000000000000000e+00 -3.267322493231435336e-14 0.000000000000000000e+00 1.526238966364947867e-05
2.687000000000000000e+03 0.000000000000000000e+00 0.000000000000000000e+00 -3.482888948448177076e-14 0.000000000000000000e+00 1.942303394493742714e-05
2.688000000000000000e+03 0.000000000000000000e+00 0.000000000000000000e+00 -3.698455403664917554e-14 0.000000000000000000e+00 3.177677879577587693e-05
2.689000000000000000e+03 0.000000000000000000e+00 0.000000000000000000e+00 -3.914021858881659295e-14 0.000000000000000000e+00 1.839575872750308930e-05
2.690000000000000000e+03 0.000000000000000000e+00 0.000000000000000000e+00 -4.129588314098399772e-14 0.000000000000000000e+00 1.643711523360127843e-05
2.691000000000000000e+03 0.000000000000000000e+00 0.000000000000000000e+00 -4.345154769315141513e-14 0.000000000000000000e+00 1.974488569135986229e-05
2.692000000000000000e+03 0.000000000000000000e+00 0.000000000000000000e+00 -4.560721224531881991e-14 0.000000000000000000e+00 1.580657509387867107e-05
2.693000000000000000e+03 0.000000000000000000e+00 0.000000000000000000e+00 -4.776287679748623731e-14 0.000000000000000000e+00 1.918090380260313113e-05
2.694000000000000000e+03 0.000000000000000000e+00 0.000000000000000000e+00 -4.991854134965364209e-14 0.000000000000000000e+00 2.536657225552767716e-05
2.695000000000000000e+03 0.000000000000000000e+00 0.000000000000000000e+00 -5.136331648341967812e-14 0.000000000000000000e+00 2.011813406730866616e-05
2.696000000000000000e+03 0.000000000000000000e+00 0.000000000000000000e+00 -5.209720219878432647e-14 0.000000000000000000e+00 2.007553038406822808e-05
2.697000000000000000e+03 0.000000000000000000e+00 0.000000000000000000e+00 -5.283108791414898113e-14 0.000000000000000000e+00 2.208350252435099079e-05
2.698000000000000000e+03 0.000000000000000000e+00 0.000000000000000000e+00 -5.356497362951362949e-14 0.000000000000000000e+00 1.861030526787793449e-05
2.699000000000000000e+03 0.000000000000000000e+00 0.000000000000000000e+00 -5.429885934487828415e-14 0.000000000000000000e+00 1.857222500421658410e-05
2.700000000000000000e+03 0.000000000000000000e+00 0.000000000000000000e+00 -5.503274506024293250e-14 0.000000000000000000e+00 1.676326568955435726e-05
2.701000000000000000e+03 0.000000000000000000e+00 0.000000000000000000e+00 -5.576663077560758717e-14 0.000000000000000000e+00 2.569550323440854131e-05
2.702000000000000000e+03 0.000000000000000000e+00 0.000000000000000000e+00 -5.650051649097223552e-14 0.000000000000000000e+00 2.676643560198317226e-05
2.703000000000000000e+03 0.000000000000000000e+00 0.000000000000000000e+00 -5.723440220633688387e-14 0.000000000000000000e+00 1.466272046296802158e-05
2.704000000000000000e+03 0.000000000000000000e+00 0.000000000000000000e+00 -5.796828792170153853e-14 0.000000000000000000e+00 2.294920600236622737e-05
2.705000000000000000e+03 0.000000000000000000e+00 0.000000000000000000e+00 -5.883833390085456219e-14 0.000000000000000000e+00 1.568923928102370437e-05
2.706000000000000000e+03 0.000000000000000000e+00 0.000000000000000000e+00 -5.984454014379595483e-14 0.000000000000000000e+00 1.896353249693321001e-05
2.707000000000000000e+03 0.000000000000000000e+00 0.000000000000000000e+00 -6.085074638673734748e-14 0.000000000000000000e+00 1.891910905561316564e-05
2.708000000000000000e+03 0.000000000000000000e+00 0.000000000000000000e+00 -6.185695262967874012e-14 0.000000000000000000e+00 2.555452544354381458e-05
2.709000000000000000e+03 0.000000000000000000e+00 0.000000000000000000e+00 -6.286315887262013277e-14 0.000000000000000000e+00 1.609076368982994496e-05
2.710000000000000000e+03 0.000000000000000000e+00 0.000000000000000000e+00 -6.386936511556152541e-14 0.000000000000000000e+00 2.836214782021953244e-05
2.711000000000000000e+03 0.000000000000000000e+00 0.000000000000000000e+00 -6.487557135850291806e-14 0.000000000000000000e+00 1.530574573174801377e-05
2.712000000000000000e+03 0.000000000000000000e+00 0.000000000000000000e+00 -6.588177760144431070e-14 0.000000000000000000e+00 2.063367199295653351e-05
2.713000000000000000e+03 0.000000000000000000e+00 0.000000000000000000e+00 -6.688798384438570335e-14 0.000000000000000000e+00 1.889590888050024731e-05
2.714000000000000000e+03 0.000000000000000000e+00 0.000000000000000000e+00 -6.789419008732709599e-14 0.000000000000000000e+00 1.819013581704329475e-05
2.715000000000000000e+03 0.000000000000000000e+00 0.000000000000000000e+00 -6.908372718938790728e-14 0.000000000000000000e+00 2.240419502942671848e-05
2.716000000000000000e+03 0.000000000000000000e+00 0.000000000000000000e+00 -7.045659515056812457e-14 0.000000000000000000e+00 2.511502683574334355e-05
2.717000000000000000e+03 0.000000000000000000e+00 0.000000000000000000e+00 -7.182946311174834187e-14 0.000000000000000000e+00 2.005429416235198306e-05
2.718000000000000000e+03 0.000000000000000000e+00 0.000000000000000000e+00 -7.320233107292855917e-14 0.000000000000000000e+00 2.133078339908705339e-05
2.719000000000000000e+03 0.000000000000000000e+00 0.000000000000000000e+00 -7.457519903410877647e-14 0.000000000000000000e+00 1.586778068072782592e-05
2.720000000000000000e+03 0.000000000000000000e+00 0.000000000000000000e+00 -7.594806699528900639e-14 0.000000000000000000e+00 2.013743892903554380e-05
2.721000000000000000e+03 0.000000000000000000e+00 0.000000000000000000e+00 -7.732093495646922369e-14 0.000000000000000000e+00 1.836269369965641123e-05
2.722000000000000000e+03 0.000000000000000000e+00 0.000000000000000000e+00 -7.869380291764944099e-14 0.000000000000000000e+00 2.412384387929510945e-05
2.723000000000000000e+03 0.000000000000000000e+00 0.000000000000000000e+00 -8.006667087882965829e-14 0.000000000000000000e+00 1.827191241449202180e-05
2.724000000000000000e+03 0.000000000000000000e+00 0.000000000000000000e+00 -8.143953884000987559e-14 0.000000000000000000e+00 3.038066240660151169e-05
2.725000000000000000e+03 0.000000000000000000e+00 0.000000000000000000e+00 -8.223998628897039070e-14 0.000000000000000000e+00 1.766389397754444742e-05
2.726000000000000000e+03 0.000000000000000000e+00 0.000000000000000000e+00 -8.246801322571119100e-14 0.000000000000000000e+00 1.976175572712344770e-05
2.727000000000000000e+03 0.000000000000000000e+00 0.000000000000000000e+00 -8.269604016245199130e-14 0.000000000000000000e+00 1.792866680583360720e-05
2.728000000000000000e+03 0.000000000000000000e+00 0.000000000000000000e+00 -8.292406709919279161e-14 0.000000000000000000e+00 1.454474964466678850e-05
2.729000000000000000e+03 0.000000000000000000e+00 0.000000000000000000e+00 -8.315209403593359191e-14 0.000000000000000000e+00 2.442254001514007844e-05
2.730000000000000000e+03 0.000000000000000000e+00 0.000000000000000000e+00 -8.338012097267440483e-14 0.000000000000000000e+00 2.899335619493521269e-05
2.731000000000000000e+03 0.000000000000000000e+00 0.000000000000000000e+00 -8.360814790941520514e-14 0.000000000000000000e+00 1.800797894802476097e-05
2.732000000000000000e+03 0.000000000000000000e+00 0.000000000000000000e+00 -8.383617484615600544e-14 0.000000000000000000e+00 2.508848366326246686e-05
2.733000000000000000e+03 0.000000000000000000e+00 0.000000000000000000e+00 -8.406420178289680574e-14 0.000000000000000000e+00 1.510952782319553475e-05
2.734000000000000000e+03 0.000000000000000000e+00 0.000000000000000000e+00 -8.429222871963760605e-14 0.000000000000000000e+00 1.880183801520394062e-05
2.735000000000000000e+03 0.000000000000000000e+00 0.000000000000000000e+00 -8.488718559177106408e-14 0.000000000000000000e+00 2.024406144690321747e-05
2.736000000000000000e+03 0.000000000000000000e+00 0.000000000000000000e+00 -8.584907239929717983e-14 0.000000000000000000e+00 1.706851432447792141e-05
2.737000000000000000e+03 0.000000000000000000e+00 0.000000000000000000e+00 -8.681095920682329558e-14 0.000000000000000000e+00 2.639139417199880134e-05
2.738000000000000000e+03 0.000000000000000000e+00 0.000000000000000000e+00 -8.777284601434941133e-14 0.000000000000000000e+00 2.475705934161230264e-05
2.739000000000000000e+03 0.000000000000000000e+00 0.000000000000000000e+00 -8.873473282187552709e-14 0.000000000000000000e+00 2.228582079955051032e-05
2.740000000000000000e+03 0.000000000000000000e+00 0.000000000000000000e+00 -8.969661962940164284e-14 0.000000000000000000e+00 1.795919244829172033e-05
2.741000000000000000e+03 0.000000000000000000e+00 0.000000000000000000e+00 -9.065850643692774597e-14 0.000000000000000000e+00 2.045747685015312142e-05
2.742000000000000000e+03 0.000000000000000000e+00 0.000000000000000000e+00 -9.162039324445386172e-14 0.000000000000000000e+00 1.892321871001752918e-05
2.743000000000000000e+03 0.000000000000000000e+00 0.000000000000000000e+00 -9.258228005197997748e-14 0.000000000000000000e+00 1.745092563719405419e-05
2.744000000000000000e+03 0.000000000000000000e+00 0.000000000000000000e+00 -9.354416685950609323e-14 0.000000000000000000e+00 3.165335098875712519e-05
2.745000000000000000e+03 0.000000000000000000e+00 0.000000000000000000e+00 -9.420853709419432292e-14 0.000000000000000000e+00 1.491551647514071452e-05
2.746000000000000000e+03 0.000000000000000000e+00 0.000000000000000000e+00 -9.457539075604465392e-14 0.000000000000000000e+00 2.785447851078975664e-05
2.747000000000000000e+03 0.000000000000000000e+00 0.000000000000000000e+00 -9.494224441789498493e-14 0.000000000000000000e+00 1.568901970032449318e-05
2.748000000000000000e+03 0.000000000000000000e+00 0.000000000000000000e+00 -9.530909807974531593e-14 0.000000000000000000e+00 1.793506960023729318e-05
2.749000000000000000e+03 0.000000000000000000e+00 0.000000000000000000e+00 -9.567595174159564694e-14 0.000000000000000000e+00 1.990595014307322490e-05
2.750000000000000000e+03 0.000000000000000000e+00 0.000000000000000000e+00 -9.604280540344599056e-14 0.000000000000000000e+00 1.995054941066635247e-05
2.751000000000000000e+03 0.000000000000000000e+00 0.000000000000000000e+00 -9.640965906529632157e-14 0.000000000000000000e+00 2.964903845845280578e-05
2.752000000000000000e+03 0.000000000000000000e+00 0.000000000000000000e+00 -9.677651272714665257e-14 0.000000000000000000e+00 2.291560748921181751e-05
2.753000000000000000e+03 0.000000000000000000e+00 0.000000000000000000e+00 -9.714336638899698358e-14 0.000000000000000000e+00 1.864604407146017962e-05
2.754000000000000000e+03 0.000000000000000000e+00 0.000000000000000000e+00 -9.751022005084731458e-14 0.000000000000000000e+00 2.124636146503393962e-05
2.755000000000000000e+03 0.000000000000000000e+00 0.000000000000000000e+00 -9.812007066332703585e-14 0.000000000000000000e+00 2.366940894433420972e-05
2.756000000000000000e+03 0.000000000000000000e+00 0.000000000000000000e+00 -9.897291822643614740e-14 0.000000000000000000e+00 1.483411920646310805e-05
2.757000000000000000e+03 0.000000000000000000e+00 0.000000000000000000e+00 -9.982576578954525894e-14 0.000000000000000000e+00 1.605284600686482157e-05
2.758000000000000000e+03 0.000000000000000000e+00 0.000000000000000000e+00 -1.006786133526543705e-13 0.000000000000000000e+00 3.104701690752220580e-05
2.759000000000000000e+03 0.000000000000000000e+00 0.000000000000000000e+00 -1.015314609157634820e-13 0.000000000000000000e+00 2.073084900387764788e-05
2.760000000000000000e+03 0.000000000000000000e+00 0.000000000000000000e+00 -1.023843084788725936e-13 0.000000000000000000e+00 2.415750433052479682e-05
2.761000000000000000e+03 0.000000000000000000e+00 0.000000000000000000e+00 -1.032371560419817051e-13 0.000000000000000000e+00 2.225888179310399527e-05
2.762000000000000000e+03 0.000000000000000000e+00 0.000000000000000000e+00 -1.040900036050908166e-13 0.000000000000000000e+00 1.577005513161341954e-05
2.763000000000000000e+03 0.000000000000000000e+00 0.000000000000000000e+00 -1.049428511681999282e-13 0.000000000000000000e+00 1.946915893590444197e-05
2.764000000000000000e+03 0.000000000000000000e+00 0.000000000000000000e+00 -1.057956987313090397e-13 0.000000000000000000e+00 2.113814180605658215e-05
2.765000000000000000e+03 0.000000000000000000e+00 0.000000000000000000e+00 -1.062956803356223178e-13 0.000000000000000000e+00 2.593695245968509003e-05
2.766000000000000000e+03 0.000000000000000000e+00 0.000000000000000000e+00 -1.064427959811397749e-13 0.000000000000000000e+00 2.499486377050124937e-05
2.767000000000000000e+03 0.000000000000000000e+00 0.000000000000000000e+00 -1.065899116266572195e-13 0.000000000000000000e+00 2.022908656763817842e-05
2.768000000000000000e+03 0.000000000000000000e+00 0.000000000000000000e+00 -1.067370272721746766e-13 0.000000000000000000e+00 2.338899193668305456e-05
2.769000000000000000e+03 0.000000000000000000e+00 0.000000000000000000e+00 -1.068841429176921338e-13 0.000000000000000000e+00 1.785554503786749067e-05
2.770000000000000000e+03 0.000000000000000000e+00 0.000000000000000000e+00 -1.070312585632095783e-13 0.000000000000000000e+00 1.702932382689107907e-05
2.771000000000000000e+03 0.000000000000000000e+00 0.000000000000000000e+00 -1.071783742087270355e-13 0.000000000000000000e+00 2.116346478123310679e-05
2.772000000000000000e+03 0.000000000000000000e+00 0.000000000000000000e+00 -1.073254898542444927e-13 0.000000000000000000e+00 2.717048912851462725e-05
2.773000000000000000e+03 0.000000000000000000e+00 0.000000000000000000e+00 -1.074726054997619372e-13 0.000000000000000000e+00 2.095677887674120027e-05
2.774000000000000000e+03 0.000000000000000000e+00 0.000000000000000000e+00 -1.076197211452793944e-13 0.000000000000000000e+00 2.518030601909299326e-05
2.775000000000000000e+03 0.000000000000000000e+00 0.000000000000000000e+00 -1.081313550830760949e-13 0.000000000000000000e+00 2.011612371682676984e-05
2.776000000000000000e+03 0.000000000000000000e+00 0.000000000000000000e+00 -1.090075073131520135e-13 0.000000000000000000e+00 1.518815538600691207e-05
2.777000000000000000e+03 0.000000000000000000e+00 0.000000000000000000e+00 -1.098836595432279574e-13 0.000000000000000000e+00 2.466231264196108231e-05
2.778000000000000000e+03 0.000000000000000000e+00 0.000000000000000000e+00 -1.107598117733038760e-13 0.000000000000000000e+00 1.696165793473068263e-05
2.779000000000000000e+03 0.000000000000000000e+00 0.000000000000000000e+00 -1.116359640033798199e-13 0.000000000000000000e+00 2.603930109931103107e-05
2.780000000000000000e+03 0.000000000000000000e+00 0.000000000000000000e+00 -1.125121162334557386e-13 0.000000000000000000e+00 2.878954878021999198e-05
2.781000000000000000e+03 0.000000000000000000e+00 0.000000000000000000e+00 -1.133882684635316824e-13 0.000000000000000000e+00 1.325662804285650714e-05
2.782000000000000000e+03 0.000000000000000000e+00 0.000000000000000000e+00 -1.142644206936076011e-13 0.000000000000000000e+00 2.953908417594663523e-05
2.783000000000000000e+03 0.000000000000000000e+00 0.000000000000000000e+00 -1.151405729236835449e-13 0.000000000000000000e+00 1.433169234790167146e-05
2.784000000000000000e+03 0.000000000000000000e+00 0.000000000000000000e+00 -1.160167251537594636e-13 0.000000000000000000e+00 1.784657146816931997e-05
2.785000000000000000e+03 0.000000000000000000e+00 0.000000000000000000e+00 -1.163760743415549286e-13 0.000000000000000000e+00 2.239401300030745428e-05
2.786000000000000000e+03 0.000000000000000000e+00 0.000000000000000000e+00 -1.162186204870699401e-13 0.000000000000000000e+00 3.103814004642471670e-05
2.787000000000000000e+03 0.000000000000000000e+00 0.000000000000000000e+00 -1.160611666325849263e-13 0.000000000000000000e+00 2.131141869730365809e-05
2.788000000000000000e+03 0.000000000000000000e+00 0.000000000000000000e+00 -1.159037127780999378e-13 0.000000000000000000e+00 2.185469052434509232e-05
2.789000000000000000e+03 0.000000000000000000e+00 0.000000000000000000e+00 -1.157462589236149240e-13 0.000000000000000000e+00 1.825004026678701211e-05
2.790000000000000000e+03 0.000000000000000000e+00 0.000000000000000000e+00 -1.155888050691299355e-13 0.000000000000000000e+00 2.311841214052175791e-05
2.791000000000000000e+03 0.000000000000000000e+00 0.000000000000000000e+00 -1.154313512146449217e-13 0.000000000000000000e+00 2.054762065468770368e-05
2.792000000000000000e+03 0.000000000000000000e+00 0.000000000000000000e+00 -1.152738973601599332e-13 0.000000000000000000e+00 1.574736012167916781e-05
2.793000000000000000e+03 0.000000000000000000e+00 0.000000000000000000e+00 -1.151164435056749194e-13 0.000000000000000000e+00 2.746250493486989899e-05
2.794000000000000000e+03 0.000000000000000000e+00 0.000000000000000000e+00 -1.149589896511899309e-13 0.000000000000000000e+00 2.419276017570489988e-05
2.795000000000000000e+03 0.000000000000000000e+00 0.000000000000000000e+00 -1.151219559322510043e-13 0.000000000000000000e+00 2.086143446843614823e-05
2.796000000000000000e+03 0.000000000000000000e+00 0.000000000000000000e+00 -1.156053423488581648e-13 0.000000000000000000e+00 2.777863073896735292e-05
2.797000000000000000e+03 0.000000000000000000e+00 0.000000000000000000e+00 -1.160887287654653253e-13 0.000000000000000000e+00 1.779577982491661799e-05
2.798000000000000000e+03 0.000000000000000000e+00 0.000000000000000000e+00 -1.165721151820724858e-13 0.000000000000000000e+00 1.359197443297509930e-05
2.799000000000000000e+03 0.000000000000000000e+00 0.000000000000000000e+00 -1.170555015986796464e-13 0.000000000000000000e+00 2.206910896089861774e-05
2.800000000000000000e+03 0.000000000000000000e+00 0.000000000000000000e+00 -1.175388880152867817e-13 0.000000000000000000e+00 2.933232706191074354e-05
2.801000000000000000e+03 0.000000000000000000e+00 0.000000000000000000e+00 -1.180222744318939422e-13 0.000000000000000000e+00 2.381949100511051900e-05
2.802000000000000000e+03 0.000000000000000000e+00 0.000000000000000000e+00 -1.185056608485011027e-13 0.000000000000000000e+00 2.550379154928248912e-05
2.803000000000000000e+03 0.000000000000000000e+00 0.000000000000000000e+00 -1.189890472651082632e-13 0.000000000000000000e+00 1.523323725377722858e-05
2.804000000000000000e+03 0.000000000000000000e+00 0.000000000000000000e+00 -1.194724336817154238e-13 0.000000000000000000e+00 2.737430232613485609e-05
2.805000000000000000e+03 0.000000000000000000e+00 0.000000000000000000e+00 -1.197598356867429214e-13 0.000000000000000000e+00 1.759233130047435596e-05
2.806000000000000000e+03 0.000000000000000000e+00 0.000000000000000000e+00 -1.198512532801907814e-13 0.000000000000000000e+00 1.675353345970927841e-05
2.807000000000000000e+03 0.000000000000000000e+00 0.000000000000000000e+00 -1.199426708736386162e-13 0.000000000000000000e+00 2.499456579520553938e-05
2.808000000000000000e+03 0.000000000000000000e+00 0.000000000000000000e+00 -1.200340884670864510e-13 0.000000000000000000e+00 2.522048810286127963e-05
2.809000000000000000e+03 0.000000000000000000e+00 0.000000000000000000e+00 -1.201255060605343110e-13 0.000000000000000000e+00 2.359241826299998340e-05
2.810000000000000000e+03 0.000000000000000000e+00 0.000000000000000000e+00 -1.202169236539821458e-13 0.000000000000000000e+00 2.646316813040218264e-05
2.811000000000000000e+03 0.000000000000000000e+00 0.000000000000000000e+00 -1.203083412474300058e-13 0.000000000000000000e+00 1.498168229610888291e-05
2.812000000000000000e+03 0.000000000000000000e+00 0.000000000000000000e+00 -1.203997588408778405e-13 0.000000000000000000e+00 1.597956366214079718e-05
2.813000000000000000e+03 0.000000000000000000e+00 0.000000000000000000e+00 -1.204911764343256753e-13 0.000000000000000000e+00 2.573874582417291155e-05
2.814000000000000000e+03 0.000000000000000000e+00 0.000000000000000000e+00 -1.205825940277735353e-13 0.000000000000000000e+00 2.653419015911523415e-05
2.815000000000000000e+03 0.000000000000000000e+00 0.000000000000000000e+00 -1.205858500674383648e-13 0.000000000000000000e+00 2.033604346210156951e-05
2.816000000000000000e+03 0.000000000000000000e+00 0.000000000000000000e+00 -1.205009445533201890e-13 0.000000000000000000e+00 2.523954386463007923e-05
2.817000000000000000e+03 0.000000000000000000e+00 0.000000000000000000e+00 -1.204160390392020131e-13 0.000000000000000000e+00 1.755628733793673804e-05
2.818000000000000000e+03 0.000000000000000000e+00 0.000000000000000000e+00 -1.203311335250838373e-13 0.000000000000000000e+00 2.737116758457614919e-05
2.819000000000000000e+03 0.000000000000000000e+00 0.000000000000000000e+00 -1.202462280109656615e-13 0.000000000000000000e+00 1.904562486798384478e-05
2.820000000000000000e+03 0.000000000000000000e+00 0.000000000000000000e+00 -1.201613224968475109e-13 0.000000000000000000e+00 1.348325826602046363e-05
2.821000000000000000e+03 0.000000000000000000e+00 0.000000000000000000e+00 -1.200764169827293351e-13 0.000000000000000000e+00 2.760000122027256059e-05
2.822000000000000000e+03 0.000000000000000000e+00 0.000000000000000000e+00 -1.199915114686111592e-13 0.000000000000000000e+00 3.031168389837448054e-05
2.823000000000000000e+03 0.000000000000000000e+00 0.000000000000000000e+00 -1.199066059544929834e-13 0.000000000000000000e+00 2.303523959622252675e-05
2.824000000000000000e+03 0.000000000000000000e+00 0.000000000000000000e+00 -1.198217004403748076e-13 0.000000000000000000e+00 1.929266080051811232e-05
2.825000000000000000e+03 0.000000000000000000e+00 0.000000000000000000e+00 -1.199811102955142616e-13 0.000000000000000000e+00 1.816803514638309073e-05
2.826000000000000000e+03 0.000000000000000000e+00 0.000000000000000000e+00 -1.203848355199113455e-13 0.000000000000000000e+00 2.305154223097774914e-05
2.827000000000000000e+03 0.000000000000000000e+00 0.000000000000000000e+00 -1.207885607443084041e-13 0.000000000000000000e+00 2.089315939394501147e-05
2.828000000000000000e+03 0.000000000000000000e+00 0.000000000000000000e+00 -1.211922859687054880e-13 0.000000000000000000e+00 2.340685473023020597e-05
2.829000000000000000e+03 0.000000000000000000e+00 0.000000000000000000e+00 -1.215960111931025719e-13 0.000000000000000000e+00 2.386547449868857347e-05
2.830000000000000000e+03 0.000000000000000000e+00 0.000000000000000000e+00 -1.219997364174996306e-13 0.000000000000000000e+00 2.533854808107700713e-05
2.831000000000000000e+03 0.000000000000000000e+00 0.000000000000000000e+00 -1.224034616418967144e-13 0.000000000000000000e+00 2.240079006719788169e-05
2.832000000000000000e+03 0.000000000000000000e+00 0.000000000000000000e+00 -1.228071868662937983e-13 0.000000000000000000e+00 2.481135833300991504e-05
2.833000000000000000e+03 0.000000000000000000e+00 0.000000000000000000e+00 -1.232109120906908570e-13 0.000000000000000000e+00 1.637983901820359045e-05
2.834000000000000000e+03 0.000000000000000000e+00 0.000000000000000000e+00 -1.236146373150879409e-13 0.000000000000000000e+00 1.620254171986558182e-05
2.835000000000000000e+03 0.000000000000000000e+00 0.000000000000000000e+00 -1.240890820997198748e-13 0.000000000000000000e+00 2.114125571347199990e-05
2.836000000000000000e+03 0.000000000000000000e+00 0.000000000000000000e+00 -1.246342464445866586e-13 0.000000000000000000e+00 3.601285120837148876e-05
2.837000000000000000e+03 0.000000000000000000e+00 0.000000000000000000e+00 -1.251794107894534425e-13 0.000000000000000000e+00 2.206443759032141112e-05
2.838000000000000000e+03 0.000000000000000000e+00 0.000000000000000000e+00 -1.257245751343202263e-13 0.000000000000000000e+00 1.987401163126610319e-05
2.839000000000000000e+03 0.000000000000000000e+00 0.000000000000000000e+00 -1.262697394791870102e-13 0.000000000000000000e+00 1.725945099778341876e-05
2.840000000000000000e+03 0.000000000000000000e+00 0.000000000000000000e+00 -1.268149038240537940e-13 0.000000000000000000e+00 2.728378704976395713e-05
2.841000000000000000e+03 0.000000000000000000e+00 0.000000000000000000e+00 -1.273600681689205779e-13 0.000000000000000000e+00 1.773385534790630457e-05
2.842000000000000000e+03 0.000000000000000000e+00 0.000000000000000000e+00 -1.279052325137873617e-13 0.000000000000000000e+00 1.424253402774195627e-05
2.843000000000000000e+03 0.000000000000000000e+00 0.000000000000000000e+00 -1.284503968586541456e-13 0.000000000000000000e+00 3.498056248753970071e-05
2.844000000000000000e+03 0.000000000000000000e+00 0.000000000000000000e+00 -1.289955612035209294e-13 0.000000000000000000e+00 2.525506951148753001e-05
2.845000000000000000e+03 0.000000000000000000e+00 0.000000000000000000e+00 -1.293229314286284507e-13 0.000000000000000000e+00 2.353680017836692209e-05
2.846000000000000000e+03 0.000000000000000000e+00 0.000000000000000000e+00 -1.294325075339767096e-13 0.000000000000000000e+00 2.109569914243010380e-05
2.847000000000000000e+03 0.000000000000000000e+00 0.000000000000000000e+00 -1.295420836393249684e-13 0.000000000000000000e+00 1.503805995546583823e-05
2.848000000000000000e+03 0.000000000000000000e+00 0.000000000000000000e+00 -1.296516597446732272e-13 0.000000000000000000e+00 1.570464552916241925e-05
2.849000000000000000e+03 0.000000000000000000e+00 0.000000000000000000e+00 -1.297612358500214861e-13 0.000000000000000000e+00 2.946509996122789372e-05
2.850000000000000000e+03 0.000000000000000000e+00 0.000000000000000000e+00 -1.298708119553697196e-13 0.000000000000000000e+00 3.456231226398823203e-05
2.851000000000000000e+03 0.000000000000000000e+00 0.000000000000000000e+00 -1.299803880607179785e-13 0.000000000000000000e+00 1.284329403391117725e-05
2.852000000000000000e+03 0.000000000000000000e+00 0.000000000000000000e+00 -1.300899641660662373e-13 0.000000000000000000e+00 2.688857628132303314e-05
2.853000000000000000e+03 0.000000000000000000e+00 0.000000000000000000e+00 -1.301995402714144961e-13 0.000000000000000000e+00 1.707265890441770671e-05
2.854000000000000000e+03 0.000000000000000000e+00 0.000000000000000000e+00 -1.303091163767627549e-13 0.000000000000000000e+00 2.795812609168052905e-05
2.855000000000000000e+03 0.000000000000000000e+00 0.000000000000000000e+00 -1.307851961613014540e-13 0.000000000000000000e+00 1.567640047184764627e-05
2.856000000000000000e+03 0.000000000000000000e+00 0.000000000000000000e+00 -1.316277796250306186e-13 0.000000000000000000e+00 1.656131031669302953e-05
2.857000000000000000e+03 0.000000000000000000e+00 0.000000000000000000e+00 -1.324703630887597831e-13 0.000000000000000000e+00 3.186336277430062682e-05
2.858000000000000000e+03 0.000000000000000000e+00 0.000000000000000000e+00 -1.333129465524889224e-13 0.000000000000000000e+00 2.868432813032312288e-05
2.859000000000000000e+03 0.000000000000000000e+00 0.000000000000000000e+00 -1.341555300162180870e-13 0.000000000000000000e+00 1.608745738675044655e-05
2.860000000000000000e+03 0.000000000000000000e+00 0.000000000000000000e+00 -1.349981134799472515e-13 0.000000000000000000e+00 2.919864124435761854e-05
2.861000000000000000e+03 0.000000000000000000e+00 0.000000000000000000e+00 -1.358406969436764161e-13 0.000000000000000000e+00 1.249632632826806804e-05
2.862000000000000000e+03 0.000000000000000000e+00 0.000000000000000000e+00 -1.366832804074055554e-13 0.000000000000000000e+00 2.379684996891780991e-05
2.863000000000000000e+03 0.000000000000000000e+00 0.000000000000000000e+00 -1.375258638711347199e-13 0.000000000000000000e+00 2.058679386104773925e-05
2.864000000000000000e+03 0.000000000000000000e+00 0.000000000000000000e+00 -1.383684473348638845e-13 0.000000000000000000e+00 3.425323309051063009e-05
2.865000000000000000e+03 0.000000000000000000e+00 0.000000000000000000e+00 -1.386946282207565902e-13 0.000000000000000000e+00 1.904626859308068917e-05
2.866000000000000000e+03 0.000000000000000000e+00 0.000000000000000000e+00 -1.385044065288128118e-13 0.000000000000000000e+00 2.350253434682569422e-05
2.867000000000000000e+03 0.000000000000000000e+00 0.000000000000000000e+00 -1.383141848368690839e-13 0.000000000000000000e+00 1.854559392005400927e-05
2.868000000000000000e+03 0.000000000000000000e+00 0.000000000000000000e+00 -1.381239631449253056e-13 0.000000000000000000e+00 2.959885983341112940e-05
2.869000000000000000e+03 0.000000000000000000e+00 0.000000000000000000e+00 -1.379337414529815777e-13 0.000000000000000000e+00 1.835441987179864255e-05
2.870000000000000000e+03 0.000000000000000000e+00 0.000000000000000000e+00 -1.377435197610377993e-13 0.000000000000000000e+00 1.109719971256544027e-05
2.871000000000000000e+03 0.000000000000000000e+00 0.000000000000000000e+00 -1.375532980690940714e-13 0.000000000000000000e+00 3.643092285696970486e-05
2.872000000000000000e+03 0.000000000000000000e+00 0.000000000000000000e+00 -1.373630763771502931e-13 0.000000000000000000e+00 2.413898783339936741e-05
2.873000000000000000e+03 0.000000000000000000e+00 0.000000000000000000e+00 -1.371728546852065652e-13 0.000000000000000000e+00 2.224331708493941105e-05
2.874000000000000000e+03 0.000000000000000000e+00 0.000000000000000000e+00 -1.369826329932627868e-13 0.000000000000000000e+00 2.327581003875502249e-05
2.875000000000000000e+03 0.000000000000000000e+00 0.000000000000000000e+00 -1.371353435543747107e-13 0.000000000000000000e+00 1.465371469479859720e-05
2.876000000000000000e+03 0.000000000000000000e+00 0.000000000000000000e+00 -1.376309863685422611e-13 0.000000000000000000e+00 2.775423513884509361e-05
2.877000000000000000e+03 0.000000000000000000e+00 0.000000000000000000e+00 -1.381266291827098114e-13 0.000000000000000000e+00 1.604683720244217014e-05
2.878000000000000000e+03 0.000000000000000000e+00 0.000000000000000000e+00 -1.386222719968773871e-13 0.000000000000000000e+00 2.880258777127789706e-05
2.879000000000000000e+03 0.000000000000000000e+00 0.000000000000000000e+00 -1.391179148110449374e-13 0.000000000000000000e+00 2.437936500472992344e-05
2.880000000000000000e+03 0.000000000000000000e+00 0.000000000000000000e+00 -1.396135576252124878e-13 0.000000000000000000e+00 2.655774529259850018e-05
2.881000000000000000e+03 0.000000000000000000e+00 0.000000000000000000e+00 -1.401092004393800382e-13 0.000000000000000000e+00 2.083889241094630761e-05
2.882000000000000000e+03 0.000000000000000000e+00 0.000000000000000000e+00 -1.406048432535476138e-13 0.000000000000000000e+00 2.182087313550995641e-05
2.883000000000000000e+03 0.000000000000000000e+00 0.000000000000000000e+00 -1.411004860677151642e-13 0.000000000000000000e+00 1.855473090873719256e-05
2.884000000000000000e+03 0.000000000000000000e+00 0.000000000000000000e+00 -1.415961288818827146e-13 0.000000000000000000e+00 1.555714394156266253e-05
2.885000000000000000e+03 0.000000000000000000e+00 0.000000000000000000e+00 -1.421216999460592071e-13 0.000000000000000000e+00 3.676563650313994673e-05
2.886000000000000000e+03 0.000000000000000000e+00 0.000000000000000000e+00 -1.426771992602445912e-13 0.000000000000000000e+00 2.744732026577911352e-05
2.887000000000000000e+03 0.000000000000000000e+00 0.000000000000000000e+00 -1.432326985744299754e-13 0.000000000000000000e+00 1.624959940459432171e-05
2.888000000000000000e+03 0.000000000000000000e+00 0.000000000000000000e+00 -1.437881978886153848e-13 0.000000000000000000e+00 2.307436360795007399e-05
2.889000000000000000e+03 0.000000000000000000e+00 0.000000000000000000e+00 -1.443436972028007689e-13 0.000000000000000000e+00 2.032883823309561495e-05
2.890000000000000000e+03 0.000000000000000000e+00 0.000000000000000000e+00 -1.448991965169861783e-13 0.000000000000000000e+00 2.394712540790356071e-05
2.891000000000000000e+03 0.000000000000000000e+00 0.000000000000000000e+00 -1.454546958311715624e-13 0.000000000000000000e+00 1.682958805013635392e-05
2.892000000000000000e+03 0.000000000000000000e+00 0.000000000000000000e+00 -1.460101951453569718e-13 0.000000000000000000e+00 2.750613773408838348e-05
2.893000000000000000e+03 0.000000000000000000e+00 0.000000000000000000e+00 -1.465656944595423560e-13 0.000000000000000000e+00 2.243618074080449117e-05
2.894000000000000000e+03 0.000000000000000000e+00 0.000000000000000000e+00 -1.471211937737277401e-13 0.000000000000000000e+00 2.967534956662911159e-05
2.895000000000000000e+03 0.000000000000000000e+00 0.000000000000000000e+00 -1.477443475042849410e-13 0.000000000000000000e+00 2.178018413788052952e-05
2.896000000000000000e+03 0.000000000000000000e+00 0.000000000000000000e+00 -1.484351556512139585e-13 0.000000000000000000e+00 2.068678841297176424e-05
2.897000000000000000e+03 0.000000000000000000e+00 0.000000000000000000e+00 -1.491259637981429761e-13 0.000000000000000000e+00 2.193625376171652616e-05
2.898000000000000000e+03 0.000000000000000000e+00 0.000000000000000000e+00 -1.498167719450719684e-13 0.000000000000000000e+00 2.005182205912551895e-05
2.899000000000000000e+03 0.000000000000000000e+00 0.000000000000000000e+00 -1.505075800920009860e-13 0.000000000000000000e+00 3.062587458057797446e-05
2.900000000000000000e+03 0.000000000000000000e+00 0.000000000000000000e+00 -1.511983882389299783e-13 0.000000000000000000e+00 2.669176392762712889e-05
2.901000000000000000e+03 0.000000000000000000e+00 0.000000000000000000e+00 -1.518891963858589959e-13 0.000000000000000000e+00 2.056223784417484697e-05
2.902000000000000000e+03 0.000000000000000000e+00 0.000000000000000000e+00 -1.525800045327879882e-13 0.000000000000000000e+00 2.019911046950233463e-05
2.903000000000000000e+03 0.000000000000000000e+00 0.000000000000000000e+00 -1.532708126797170057e-13 0.000000000000000000e+00 2.179947861794510081e-05
2.904000000000000000e+03 0.000000000000000000e+00 0.000000000000000000e+00 -1.539616208266460233e-13 0.000000000000000000e+00 2.546501036141388309e-05
2.905000000000000000e+03 0.000000000000000000e+00 0.000000000000000000e+00 -1.545678501435396536e-13 0.000000000000000000e+00 1.698946536420501571e-05
2.906000000000000000e+03 0.000000000000000000e+00 0.000000000000000000e+00 -1.550895006303979220e-13 0.000000000000000000e+00 2.094684415378492118e-05
2.907000000000000000e+03 0.000000000000000000e+00 0.000000000000000000e+00 -1.556111511172561904e-13 0.000000000000000000e+00 3.344017187132093883e-05
2.908000000000000000e+03 0.000000000000000000e+00 0.000000000000000000e+00 -1.561328016041144840e-13 0.000000000000000000e+00 2.440488273233632581e-05
2.909000000000000000e+03 0.000000000000000000e+00 0.000000000000000000e+00 -1.566544520909727524e-13 0.000000000000000000e+00 2.084135367763123144e-05
2.910000000000000000e+03 0.000000000000000000e+00 0.000000000000000000e+00 -1.571761025778310208e-13 0.000000000000000000e+00 2.253777154364414000e-05
2.911000000000000000e+03 0.000000000000000000e+00 0.000000000000000000e+00 -1.576977530646892891e-13 0.000000000000000000e+00 1.552833748844701368e-05
2.912000000000000000e+03 0.000000000000000000e+00 0.000000000000000000e+00 -1.582194035515475828e-13 0.000000000000000000e+00 3.031142589071035795e-05
2.913000000000000000e+03 0.000000000000000000e+00 0.000000000000000000e+00 -1.587410540384058511e-13 0.000000000000000000e+00 2.298840746630106407e-05
2.914000000000000000e+03 0.000000000000000000e+00 0.000000000000000000e+00 -1.592627045252641195e-13 0.000000000000000000e+00 2.707957371625067415e-05
2.915000000000000000e+03 0.000000000000000000e+00 0.000000000000000000e+00 -1.597824296804488364e-13 0.000000000000000000e+00 1.962347748597301024e-05
2.916000000000000000e+03 0.000000000000000000e+00 0.000000000000000000e+00 -1.603002295039599765e-13 0.000000000000000000e+00 2.605404251580373864e-05
2.917000000000000000e+03 0.000000000000000000e+00 0.000000000000000000e+00 -1.608180293274711166e-13 0.000000000000000000e+00 2.130864612251461213e-05
2.918000000000000000e+03 0.000000000000000000e+00 0.000000000000000000e+00 -1.613358291509822567e-13 0.000000000000000000e+00 2.210402086255310671e-05
2.919000000000000000e+03 0.000000000000000000e+00 0.000000000000000000e+00 -1.618536289744933968e-13 0.000000000000000000e+00 1.878197424353396255e-05
2.920000000000000000e+03 0.000000000000000000e+00 0.000000000000000000e+00 -1.623714287980045369e-13 0.000000000000000000e+00 2.292184213794664353e-05
2.921000000000000000e+03 0.000000000000000000e+00 0.000000000000000000e+00 -1.628892286215156770e-13 0.000000000000000000e+00 3.405400830493347862e-05
2.922000000000000000e+03 0.000000000000000000e+00 0.000000000000000000e+00 -1.634070284450268171e-13 0.000000000000000000e+00 2.645883102473385636e-05
2.923000000000000000e+03 0.000000000000000000e+00 0.000000000000000000e+00 -1.639248282685379572e-13 0.000000000000000000e+00 1.779895463378640343e-05
2.924000000000000000e+03 0.000000000000000000e+00 0.000000000000000000e+00 -1.644426280920490973e-13 0.000000000000000000e+00 2.047938789248579593e-05
2.925000000000000000e+03 0.000000000000000000e+00 0.000000000000000000e+00 -1.651944890288747772e-13 0.000000000000000000e+00 2.122988188086428969e-05
2.926000000000000000e+03 0.000000000000000000e+00 0.000000000000000000e+00 -1.661804110790150222e-13 0.000000000000000000e+00 2.370255406369746703e-05
2.927000000000000000e+03 0.000000000000000000e+00 0.000000000000000000e+00 -1.671663331291552166e-13 0.000000000000000000e+00 2.096983517631375294e-05
2.928000000000000000e+03 0.000000000000000000e+00 0.000000000000000000e+00 -1.681522551792954616e-13 0.000000000000000000e+00 2.929216785635745549e-05
2.929000000000000000e+03 0.000000000000000000e+00 0.000000000000000000e+00 -1.691381772294356560e-13 0.000000000000000000e+00 2.202297045192980115e-05
2.930000000000000000e+03 0.000000000000000000e+00 0.000000000000000000e+00 -1.701240992795759010e-13 0.000000000000000000e+00 2.786433151818087071e-05
2.931000000000000000e+03 0.000000000000000000e+00 0.000000000000000000e+00 -1.711100213297160955e-13 0.000000000000000000e+00 1.975647428870483261e-05
2.932000000000000000e+03 0.000000000000000000e+00 0.000000000000000000e+00 -1.720959433798563404e-13 0.000000000000000000e+00 2.634005755521153113e-05
2.933000000000000000e+03 0.000000000000000000e+00 0.000000000000000000e+00 -1.730818654299965349e-13 0.000000000000000000e+00 1.693038669158263991e-05
2.934000000000000000e+03 0.000000000000000000e+00 0.000000000000000000e+00 -1.740677874801367798e-13 0.000000000000000000e+00 1.868088433983916506e-05
2.935000000000000000e+03 0.000000000000000000e+00 0.000000000000000000e+00 -1.750279672949952864e-13 0.000000000000000000e+00 3.626627023210888775e-05
2.936000000000000000e+03 0.000000000000000000e+00 0.000000000000000000e+00 -1.759624048745721302e-13 0.000000000000000000e+00 2.888206621938421283e-05
2.937000000000000000e+03 0.000000000000000000e+00 0.000000000000000000e+00 -1.768968424541489489e-13 0.000000000000000000e+00 1.332643316415639662e-05
2.938000000000000000e+03 0.000000000000000000e+00 0.000000000000000000e+00 -1.778312800337257675e-13 0.000000000000000000e+00 3.117540889175058287e-05
2.939000000000000000e+03 0.000000000000000000e+00 0.000000000000000000e+00 -1.787657176133026114e-13 0.000000000000000000e+00 1.324758634843380627e-05
2.940000000000000000e+03 0.000000000000000000e+00 0.000000000000000000e+00 -1.797001551928794300e-13 0.000000000000000000e+00 2.614278805947811178e-05
2.941000000000000000e+03 0.000000000000000000e+00 0.000000000000000000e+00 -1.806345927724562738e-13 0.000000000000000000e+00 1.707310503348585980e-05
2.942000000000000000e+03 0.000000000000000000e+00 0.000000000000000000e+00 -1.815690303520330925e-13 0.000000000000000000e+00 3.160772951700260380e-05
2.943000000000000000e+03 0.000000000000000000e+00 0.000000000000000000e+00 -1.825034679316099111e-13 0.000000000000000000e+00 2.704243328998982450e-05
2.944000000000000000e+03 0.000000000000000000e+00 0.000000000000000000e+00 -1.834379055111867549e-13 0.000000000000000000e+00 2.548913610395421377e-05
2.945000000000000000e+03 0.000000000000000000e+00 0.000000000000000000e+00 -1.841322303465393092e-13 0.000000000000000000e+00 1.929430933193121631e-05
2.946000000000000000e+03 0.000000000000000000e+00 0.000000000000000000e+00 -1.845864424376675992e-13 0.000000000000000000e+00 2.481838184931450244e-05
2.947000000000000000e+03 0.000000000000000000e+00 0.000000000000000000e+00 -1.850406545287958892e-13 0.000000000000000000e+00 2.094598541056037083e-05
2.948000000000000000e+03 0.000000000000000000e+00 0.000000000000000000e+00 -1.854948666199241791e-13 0.000000000000000000e+00 2.185210953962088738e-05
2.949000000000000000e+03 0.000000000000000000e+00 0.000000000000000000e+00 -1.859490787110524691e-13 0.000000000000000000e+00 3.099716251988932569e-05
2.950000000000000000e+03 0.000000000000000000e+00 0.000000000000000000e+00 -1.864032908021807338e-13 0.000000000000000000e+00 2.429669881290253918e-05
2.951000000000000000e+03 0.000000000000000000e+00 0.000000000000000000e+00 -1.868575028933090238e-13 0.000000000000000000e+00 2.158287221930274205e-05
2.952000000000000000e+03 0.000000000000000000e+00 0.000000000000000000e+00 -1.873117149844373137e-13 0.000000000000000000e+00 2.843439998314878099e-05
2.953000000000000000e+03 0.000000000000000000e+00 0.000000000000000000e+00 -1.877659270755656037e-13 0.000000000000000000e+00 1.743333234670426199e-05
2.954000000000000000e+03 0.000000000000000000e+00 0.000000000000000000e+00 -1.882201391666938936e-13 0.000000000000000000e+00 2.393435032218131325e-05
2.955000000000000000e+03 0.000000000000000000e+00 0.000000000000000000e+00 -1.889570693714790441e-13 0.000000000000000000e+00 1.756435528902201167e-05
2.956000000000000000e+03 0.000000000000000000e+00 0.000000000000000000e+00 -1.899767176899210803e-13 0.000000000000000000e+00 2.649607877835731003e-05
2.957000000000000000e+03 0.000000000000000000e+00 0.000000000000000000e+00 -1.909963660083630913e-13 0.000000000000000000e+00 3.652771109909667762e-05
2.958000000000000000e+03 0.000000000000000000e+00 0.000000000000000000e+00 -1.920160143268051275e-13 0.000000000000000000e+00 2.092057658199096304e-05
2.959000000000000000e+03 0.000000000000000000e+00 0.000000000000000000e+00 -1.930356626452471637e-13 0.000000000000000000e+00 1.962278840199846056e-05
2.960000000000000000e+03 0.000000000000000000e+00 0.000000000000000000e+00 -1.940553109636891747e-13 0.000000000000000000e+00 2.224116329768779661e-05
2.961000000000000000e+03 0.000000000000000000e+00 0.000000000000000000e+00 -1.950749592821312109e-13 0.000000000000000000e+00 2.322525731223787433e-05
2.962000000000000000e+03 0.000000000000000000e+00 0.000000000000000000e+00 -1.960946076005732471e-13 0.000000000000000000e+00 2.554652528391211010e-05
2.963000000000000000e+03 0.000000000000000000e+00 0.000000000000000000e+00 -1.971142559190152581e-13 0.000000000000000000e+00 2.883962758793449777e-05
2.964000000000000000e+03 0.000000000000000000e+00 0.000000000000000000e+00 -1.981339042374572943e-13 0.000000000000000000e+00 2.699788418127617467e-05
2.965000000000000000e+03 0.000000000000000000e+00 0.000000000000000000e+00 -1.993278822961021694e-13 0.000000000000000000e+00 2.126770233622543073e-05
2.966000000000000000e+03 0.000000000000000000e+00 0.000000000000000000e+00 -2.006961900949498834e-13 0.000000000000000000e+00 2.520674108390534826e-05
2.967000000000000000e+03 0.000000000000000000e+00 0.000000000000000000e+00 -2.020644978937975974e-13 0.000000000000000000e+00 2.031328381682722141e-05
2.968000000000000000e+03 0.000000000000000000e+00 0.000000000000000000e+00 -2.034328056926453366e-13 0.000000000000000000e+00 2.095261338910170675e-05
2.969000000000000000e+03 0.000000000000000000e+00 0.000000000000000000e+00 -2.048011134914930506e-13 0.000000000000000000e+00 1.871419572763277826e-05
2.970000000000000000e+03 0.000000000000000000e+00 0.000000000000000000e+00 -2.061694212903407645e-13 0.000000000000000000e+00 3.329498590545485387e-05
2.971000000000000000e+03 0.000000000000000000e+00 0.000000000000000000e+00 -2.075377290891884785e-13 0.000000000000000000e+00 3.148504931359098562e-05
2.972000000000000000e+03 0.000000000000000000e+00 0.000000000000000000e+00 -2.089060368880362177e-13 0.000000000000000000e+00 2.162653553824322330e-05
2.973000000000000000e+03 0.000000000000000000e+00 0.000000000000000000e+00 -2.102743446868839317e-13 0.000000000000000000e+00 1.884407649873684392e-05
2.974000000000000000e+03 0.000000000000000000e+00 0.000000000000000000e+00 -2.116426524857316457e-13 0.000000000000000000e+00 2.912638438088843170e-05
2.975000000000000000e+03 0.000000000000000000e+00 0.000000000000000000e+00 -2.124662452538148887e-13 0.000000000000000000e+00 1.449520590903284866e-05
2.976000000000000000e+03 0.000000000000000000e+00 0.000000000000000000e+00 -2.127451229911336356e-13 0.000000000000000000e+00 2.629604301266516656e-05
2.977000000000000000e+03 0.000000000000000000e+00 0.000000000000000000e+00 -2.130240007284523825e-13 0.000000000000000000e+00 2.867569586315785272e-05
2.978000000000000000e+03 0.000000000000000000e+00 0.000000000000000000e+00 -2.133028784657711295e-13 0.000000000000000000e+00 2.640154684891861240e-05
2.979000000000000000e+03 0.000000000000000000e+00 0.000000000000000000e+00 -2.135817562030898764e-13 0.000000000000000000e+00 2.567557821716063846e-05
2.980000000000000000e+03 0.000000000000000000e+00 0.000000000000000000e+00 -2.138606339404086485e-13 0.000000000000000000e+00 2.132393679850671370e-05
2.981000000000000000e+03 0.000000000000000000e+00 0.000000000000000000e+00 -2.141395116777273954e-13 0.000000000000000000e+00 2.209136737485398663e-05
2.982000000000000000e+03 0.000000000000000000e+00 0.000000000000000000e+00 -2.144183894150461423e-13 0.000000000000000000e+00 2.474885343614464822e-05
2.983000000000000000e+03 0.000000000000000000e+00 0.000000000000000000e+00 -2.146972671523648892e-13 0.000000000000000000e+00 2.196648098836461862e-05
2.984000000000000000e+03 0.000000000000000000e+00 0.000000000000000000e+00 -2.149761448896836361e-13 0.000000000000000000e+00 2.898609724356006033e-05
2.985000000000000000e+03 0.000000000000000000e+00 0.000000000000000000e+00 -2.153278555217178081e-13 0.000000000000000000e+00 2.678234578070096957e-05
2.986000000000000000e+03 0.000000000000000000e+00 0.000000000000000000e+00 -2.157523990484674051e-13 0.000000000000000000e+00 2.639067405170696378e-05
2.987000000000000000e+03 0.000000000000000000e+00 0.000000000000000000e+00 -2.161769425752170273e-13 0.000000000000000000e+00 1.964214955979410720e-05
2.988000000000000000e+03 0.000000000000000000e+00 0.000000000000000000e+00 -2.166014861019666243e-13 0.000000000000000000e+00 2.784193348544383384e-05
2.989000000000000000e+03 0.000000000000000000e+00 0.000000000000000000e+00 -2.170260296287162213e-13 0.000000000000000000e+00 1.791159587067228773e-05
2.990000000000000000e+03 0.000000000000000000e+00 0.000000000000000000e+00 -2.174505731554658435e-13 0.000000000000000000e+00 2.287081548401664451e-05
2.991000000000000000e+03 0.000000000000000000e+00 0.000000000000000000e+00 -2.178751166822154405e-13 0.000000000000000000e+00 2.709545228814039545e-05
2.992000000000000000e+03 0.000000000000000000e+00 0.000000000000000000e+00 -2.182996602089650375e-13 0.000000000000000000e+00 3.083890672280484909e-05
2.993000000000000000e+03 0.000000000000000000e+00 0.000000000000000000e+00 -2.187242037357146598e-13 0.000000000000000000e+00 2.903207839281281261e-05
2.994000000000000000e+03 0.000000000000000000e+00 0.000000000000000000e+00 -2.191487472624642568e-13 0.000000000000000000e+00 1.946264567986992318e-05
2.995000000000000000e+03 0.000000000000000000e+00 0.000000000000000000e+00 -2.083929679034071042e-13 0.000000000000000000e+00 2.591122511939644821e-05
2.996000000000000000e+03 0.000000000000000000e+00 0.000000000000000000e+00 -1.864568656585431768e-13 0.000000000000000000e+00 2.048829953241660849e-05
2.997000000000000000e+03 0.000000000000000000e+00 0.000000000000000000e+00 -1.645207634136792746e-13 0.000000000000000000e+00 1.969257589808821060e-05
2.998000000000000000e+03 0.000000000000000000e+00 0.000000000000000000e+00 -1.425846611688153724e-13 0.000000000000000000e+00 3.293696015378527292e-05
2.999000000000000000e+03 0.000000000000000000e+00 0.000000000000000000e+00 -1.206485589239514702e-13 0.000000000000000000e+00 2.477892866499878467e-05
3.000000000000000000e+03 0.000000000000000000e+00 0.000000000000000000e+00 -9.871245667908756805e-14 0.000000000000000000e+00 2.556025539839734578e-05
3.001000000000000000e+03 0.000000000000000000e+00 0.000000000000000000e+00 -7.677635443422364063e-14 0.000000000000000000e+00 0.000000000000000000e+00
3.002000000000000000e+03 0.000000000000000000e+00 0.000000000000000000e+00 -5.484025218935973845e-14 0.000000000000000000e+00 0.000000000000000000e+00
3.003000000000000000e+03 0.000000000000000000e+00 0.000000000000000000e+00 -3.290414994449583627e-14 0.000000000000000000e+00 0.000000000000000000e+00
3.004000000000000000e+03 0.000000000000000000e+00 0.000000000000000000e+00 -1.096804769963193410e-14 0.000000000000000000e+00 0.000000000000000000e+00
3.005000000000000000e+03 0.000000000000000000e+00 0.000000000000000000e+00 3.861842612263513480e-21 0.000000000000000000e+00 0.000000000000000000e+00
3.006000000000000000e+03 0.000000000000000000e+00 0.000000000000000000e+00 4.739927826521279679e-21 0.000000000000000000e+00 0.000000000000000000e+00
3.007000000000000000e+03 0.000000000000000000e+00 0.000000000000000000e+00 5.618013040779045125e-21 0.000000000000000000e+00 0.000000000000000000e+00
3.008000000000000000e+03 0.000000000000000000e+00 0.000000000000000000e+00 6.496098255036811324e-21 0.000000000000000000e+00 0.000000000000000000e+00
3.009000000000000000e+03 0.000000000000000000e+00 0.000000000000000000e+00 7.374183469294576771e-21 0.000000000000000000e+00 0.000000000000000000e+00
3.010000000000000000e+03 0.000000000000000000e+00 0.000000000000000000e+00 8.252268683552343722e-21 0.000000000000000000e+00 0.000000000000000000e+00
3.011000000000000000e+03 0.000000000000000000e+00 0.000000000000000000e+00 9.130353897810107664e-21 0.000000000000000000e+00 0.000000000000000000e+00
3.012000000000000000e+03 0.000000000000000000e+00 0.000000000000000000e+00 1.000843911206787461e-20 0.000000000000000000e+00 0.000000000000000000e+00
3.013000000000000000e+03 0.000000000000000000e+00 0.000000000000000000e+00 1.088652432632564157e-20 0.000000000000000000e+00 0.000000000000000000e+00
3.014000000000000000e+03 0.000000000000000000e+00 0.000000000000000000e+00 1.176460954058340551e-20 0.000000000000000000e+00 0.000000000000000000e+00
3.015000000000000000e+03 0.000000000000000000e+00 0.000000000000000000e+00 1.058070115446757328e-20 0.000000000000000000e+00 0.000000000000000000e+00
3.016000000000000000e+03 0.000000000000000000e+00 0.000000000000000000e+00 7.334799167978143365e-21 0.000000000000000000e+00 0.000000000000000000e+00
3.017000000000000000e+03 0.000000000000000000e+00 0.000000000000000000e+00 4.088897181488714959e-21 0.000000000000000000e+00 0.000000000000000000e+00
3.018000000000000000e+03 0.000000000000000000e+00 0.000000000000000000e+00 8.429951949992850479e-22 0.000000000000000000e+00 0.000000000000000000e+00
3.019000000000000000e+03 0.000000000000000000e+00 0.000000000000000000e+00 -2.402906791490144863e-21 0.000000000000000000e+00 0.000000000000000000e+00
3.020000000000000000e+03 0.000000000000000000e+00 0.000000000000000000e+00 -5.648808777979573269e-21 0.000000000000000000e+00 0.000000000000000000e+00
3.021000000000000000e+03 0.000000000000000000e+00 0.000000000000000000e+00 -8.894710764469001675e-21 0.000000000000000000e+00 0.000000000000000000e+00
3.022000000000000000e+03 0.000000000000000000e+00 0.000000000000000000e+00 -1.214061275095843008e-20 0.000000000000000000e+00 0.000000000000000000e+00
3.023000000000000000e+03 0.000000000000000000e+00 0.000000000000000000e+00 -1.538651473744785849e-20 0.000000000000000000e+00 0.000000000000000000e+00
3.024000000000000000e+03 0.000000000000000000e+00 0.000000000000000000e+00 -1.863241672393728990e-20 0.000000000000000000e+00 0.000000000000000000e+00
3.025000000000000000e+03 0.000000000000000000e+00 0.000000000000000000e+00 -1.920417719659410310e-20 0.000000000000000000e+00 0.000000000000000000e+00
3.026000000000000000e+03 0.000000000000000000e+00 0.000000000000000000e+00 -1.710179615541830109e-20 0.000000000000000000e+00 0.000000000000000000e+00
3.027000000000000000e+03 0.000000000000000000e+00 0.000000000000000000e+00 -1.499941511424250209e-20 0.000000000000000000e+00 0.000000000000000000e+00
3.028000000000000000e+03 0.000000000000000000e+00 0.000000000000000000e+00 -1.289703407306670008e-20 0.000000000000000000e+00 0.000000000000000000e+00
3.029000000000000000e+03 0.000000000000000000e+00 0.000000000000000000e+00 -1.079465303189089806e-20 0.000000000000000000e+00 0.000000000000000000e+00
3.030000000000000000e+03 0.000000000000000000e+00 0.000000000000000000e+00 -8.692271990715097558e-21 0.000000000000000000e+00 0.000000000000000000e+00
3.031000000000000000e+03 0.000000000000000000e+00 0.000000000000000000e+00 -6.589890949539297051e-21 0.000000000000000000e+00 0.000000000000000000e+00
3.032000000000000000e+03 0.000000000000000000e+00 0.000000000000000000e+00 -4.487509908363495040e-21 0.000000000000000000e+00 0.000000000000000000e+00
3.033000000000000000e+03 0.000000000000000000e+00 0.000000000000000000e+00 -2.385128867187696038e-21 0.000000000000000000e+00 0.000000000000000000e+00
3.034000000000000000e+03 0.000000000000000000e+00 0.000000000000000000e+00 -2.827478260118940268e-22 0.000000000000000000e+00 0.000000000000000000e+00
3.035000000000000000e+03 0.000000000000000000e+00 0.000000000000000000e+00 1.810723665105274700e-21 0.000000000000000000e+00 0.000000000000000000e+00
3.036000000000000000e+03 0.000000000000000000e+00 0.000000000000000000e+00 3.895285606163811272e-21 0.000000000000000000e+00 0.000000000000000000e+00
3.037000000000000000e+03 0.000000000000000000e+00 0.000000000000000000e+00 5.979847547222347467e-21 0.000000000000000000e+00 0.000000000000000000e+00
3.038000000000000000e+03 0.000000000000000000e+00 0.000000000000000000e+00 8.064409488280885167e-21 0.000000000000000000e+00 0.000000000000000000e+00
3.039000000000000000e+03 0.000000000000000000e+00 0.000000000000000000e+00 1.014897142933942136e-20 0.000000000000000000e+00 0.000000000000000000e+00
3.040000000000000000e+03 0.000000000000000000e+00 0.000000000000000000e+00 1.223353337039795756e-20 0.000000000000000000e+00 0.000000000000000000e+00
3.041000000000000000e+03 0.000000000000000000e+00 0.000000000000000000e+00 1.431809531145649375e-20 0.000000000000000000e+00 0.000000000000000000e+00
3.042000000000000000e+03 0.000000000000000000e+00 0.000000000000000000e+00 1.640265725251502995e-20 0.000000000000000000e+00 0.000000000000000000e+00
3.043000000000000000e+03 0.000000000000000000e+00 0.000000000000000000e+00 1.848721919357356614e-20 0.000000000000000000e+00 0.000000000000000000e+00
3.044000000000000000e+03 0.000000000000000000e+00 0.000000000000000000e+00 2.057178113463210234e-20 0.000000000000000000e+00 0.000000000000000000e+00
3.045000000000000000e+03 0.000000000000000000e+00 0.000000000000000000e+00 2.121289675219978844e-20 0.000000000000000000e+00 0.000000000000000000e+00
3.046000000000000000e+03 0.000000000000000000e+00 0.000000000000000000e+00 2.041056604627662144e-20 0.000000000000000000e+00 0.000000000000000000e+00
3.047000000000000000e+03 0.000000000000000000e+00 0.000000000000000000e+00 1.960823534035345444e-20 0.000000000000000000e+00 0.000000000000000000e+00
3.048000000000000000e+03 0.000000000000000000e+00 0.000000000000000000e+00 1.880590463443029045e-20 0.000000000000000000e+00 0.000000000000000000e+00
3.049000000000000000e+03 0.000000000000000000e+00 0.000000000000000000e+00 1.800357392850712346e-20 0.000000000000000000e+00 0.000000000000000000e+00
3.050000000000000000e+03 0.000000000000000000e+00 0.000000000000000000e+00 1.720124322258395646e-20 0.000000000000000000e+00 0.000000000000000000e+00
3.051000000000000000e+03 0.000000000000000000e+00 0.000000000000000000e+00 1.639891251666078946e-20 0.000000000000000000e+00 0.000000000000000000e+00
3.052000000000000000e+03 0.000000000000000000e+00 0.000000000000000000e+00 1.559658181073762547e-20 0.000000000000000000e+00 0.000000000000000000e+00
3.053000000000000000e+03 0.000000000000000000e+00 0.000000000000000000e+00 1.479425110481445847e-20 0.000000000000000000e+00 0.000000000000000000e+00
3.054000000000000000e+03 0.000000000000000000e+00 0.000000000000000000e+00 1.399192039889129147e-20 0.000000000000000000e+00 0.000000000000000000e+00
3.055000000000000000e+03 0.000000000000000000e+00 0.000000000000000000e+00 1.383012424174986170e-20 0.000000000000000000e+00 0.000000000000000000e+00
3.056000000000000000e+03 0.000000000000000000e+00 0.000000000000000000e+00 1.430886263339016614e-20 0.000000000000000000e+00 0.000000000000000000e+00
3.057000000000000000e+03 0.000000000000000000e+00 0.000000000000000000e+00 1.478760102503047360e-20 0.000000000000000000e+00 0.000000000000000000e+00
3.058000000000000000e+03 0.000000000000000000e+00 0.000000000000000000e+00 1.526633941667077804e-20 0.000000000000000000e+00 0.000000000000000000e+00
3.059000000000000000e+03 0.000000000000000000e+00 0.000000000000000000e+00 1.574507780831108249e-20 0.000000000000000000e+00 0.000000000000000000e+00
3.060000000000000000e+03 0.000000000000000000e+00 0.000000000000000000e+00 1.622381619995138693e-20 0.000000000000000000e+00 0.000000000000000000e+00
3.061000000000000000e+03 0.000000000000000000e+00 0.000000000000000000e+00 1.670255459159169137e-20 0.000000000000000000e+00 0.000000000000000000e+00
3.062000000000000000e+03 0.000000000000000000e+00 0.000000000000000000e+00 1.718129298323199582e-20 0.000000000000000000e+00 0.000000000000000000e+00
3.063000000000000000e+03 0.000000000000000000e+00 0.000000000000000000e+00 1.766003137487230026e-20 0.000000000000000000e+00 0.000000000000000000e+00
3.064000000000000000e+03 0.000000000000000000e+00 0.000000000000000000e+00 1.813876976651260772e-20 0.000000000000000000e+00 0.000000000000000000e+00
3.065000000000000000e+03 0.000000000000000000e+00 0.000000000000000000e+00 1.734948577078615413e-20 0.000000000000000000e+00 0.000000000000000000e+00
3.066000000000000000e+03 0.000000000000000000e+00 0.000000000000000000e+00 1.529217938769293952e-20 0.000000000000000000e+00 0.000000000000000000e+00
3.067000000000000000e+03 0.000000000000000000e+00 0.000000000000000000e+00 1.323487300459972640e-20 0.000000000000000000e+00 0.000000000000000000e+00
3.068000000000000000e+03 0.000000000000000000e+00 0.000000000000000000e+00 1.117756662150651329e-20 0.000000000000000000e+00 0.000000000000000000e+00
3.069000000000000000e+03 0.000000000000000000e+00 0.000000000000000000e+00 9.120260238413298671e-21 0.000000000000000000e+00 0.000000000000000000e+00
3.070000000000000000e+03 0.000000000000000000e+00 0.000000000000000000e+00 7.062953855320085558e-21 0.000000000000000000e+00 0.000000000000000000e+00
3.071000000000000000e+03 0.000000000000000000e+00 0.000000000000000000e+00 5.005647472226872445e-21 0.000000000000000000e+00 0.000000000000000000e+00
3.072000000000000000e+03 0.000000000000000000e+00 0.000000000000000000e+00 2.948341089133657827e-21 0.000000000000000000e+00 0.000000000000000000e+00
3.073000000000000000e+03 0.000000000000000000e+00 0.000000000000000000e+00 8.910347060404462185e-22 0.000000000000000000e+00 0.000000000000000000e+00
3.074000000000000000e+03 0.000000000000000000e+00 0.000000000000000000e+00 -1.166271677052768399e-21 0.000000000000000000e+00 0.000000000000000000e+00
3.075000000000000000e+03 0.000000000000000000e+00 0.000000000000000000e+00 -1.917290037417868721e-21 0.000000000000000000e+00 0.000000000000000000e+00
3.076000000000000000e+03 0.000000000000000000e+00 0.000000000000000000e+00 -1.362020375054859636e-21 0.000000000000000000e+00 0.000000000000000000e+00
3.077000000000000000e+03 0.000000000000000000e+00 0.000000000000000000e+00 -8.067507126918505505e-22 0.000000000000000000e+00 0.000000000000000000e+00
3.078000000000000000e+03 0.000000000000000000e+00 0.000000000000000000e+00 -2.514810503288414655e-22 0.000000000000000000e+00 0.000000000000000000e+00
3.079000000000000000e+03 0.000000000000000000e+00 0.000000000000000000e+00 3.037886120341679957e-22 0.000000000000000000e+00 0.000000000000000000e+00
3.080000000000000000e+03 0.000000000000000000e+00 0.000000000000000000e+00 8.590582743971770807e-22 0.000000000000000000e+00 0.000000000000000000e+00
3.081000000000000000e+03 0.000000000000000000e+00 0.000000000000000000e+00 1.414327936760186542e-21 0.000000000000000000e+00 0.000000000000000000e+00
3.082000000000000000e+03 0.000000000000000000e+00 0.000000000000000000e+00 1.969597599123195251e-21 0.000000000000000000e+00 0.000000000000000000e+00
3.083000000000000000e+03 0.000000000000000000e+00 0.000000000000000000e+00 2.524867261486204712e-21 0.000000000000000000e+00 0.000000000000000000e+00
3.084000000000000000e+03 0.000000000000000000e+00 0.000000000000000000e+00 3.080136923849213421e-21 0.000000000000000000e+00 0.000000000000000000e+00
3.085000000000000000e+03 0.000000000000000000e+00 0.000000000000000000e+00 4.401398035461048064e-21 0.000000000000000000e+00 0.000000000000000000e+00
3.086000000000000000e+03 0.000000000000000000e+00 0.000000000000000000e+00 6.488650596321707137e-21 0.000000000000000000e+00 0.000000000000000000e+00
3.087000000000000000e+03 0.000000000000000000e+00 0.000000000000000000e+00 8.575903157182366963e-21 0.000000000000000000e+00 0.000000000000000000e+00
3.088000000000000000e+03 0.000000000000000000e+00 0.000000000000000000e+00 1.066315571804302528e-20 0.000000000000000000e+00 0.000000000000000000e+00
3.089000000000000000e+03 0.000000000000000000e+00 0.000000000000000000e+00 1.275040827890368511e-20 0.000000000000000000e+00 0.000000000000000000e+00
3.090000000000000000e+03 0.000000000000000000e+00 0.000000000000000000e+00 1.483766083976434493e-20 0.000000000000000000e+00 0.000000000000000000e+00
3.091000000000000000e+03 0.000000000000000000e+00 0.000000000000000000e+00 1.692491340062500476e-20 0.000000000000000000e+00 0.000000000000000000e+00
3.092000000000000000e+03 0.000000000000000000e+00 0.000000000000000000e+00 1.901216596148566459e-20 0.000000000000000000e+00 0.000000000000000000e+00
3.093000000000000000e+03 0.000000000000000000e+00 0.000000000000000000e+00 2.109941852234632140e-20 0.000000000000000000e+00 0.000000000000000000e+00
3.094000000000000000e+03 0.000000000000000000e+00 0.000000000000000000e+00 2.318667108320698123e-20 0.000000000000000000e+00 0.000000000000000000e+00
3.095000000000000000e+03 0.000000000000000000e+00 0.000000000000000000e+00 2.364176132257586877e-20 0.000000000000000000e+00 0.000000000000000000e+00
3.096000000000000000e+03 0.000000000000000000e+00 0.000000000000000000e+00 2.246468924045297800e-20 0.000000000000000000e+00 0.000000000000000000e+00
3.097000000000000000e+03 0.000000000000000000e+00 0.000000000000000000e+00 2.128761715833008723e-20 0.000000000000000000e+00 0.000000000000000000e+00
3.098000000000000000e+03 0.000000000000000000e+00 0.000000000000000000e+00 2.011054507620719947e-20 0.000000000000000000e+00 0.000000000000000000e+00
3.099000000000000000e+03 0.000000000000000000e+00 0.000000000000000000e+00 1.893347299408430870e-20 0.000000000000000000e+00 0.000000000000000000e+00
3.100000000000000000e+03 0.000000000000000000e+00 0.000000000000000000e+00 1.775640091196141793e-20 0.000000000000000000e+00 0.000000000000000000e+00
3.101000000000000000e+03 0.000000000000000000e+00 0.000000000000000000e+00 1.657932882983853018e-20 0.000000000000000000e+00 0.000000000000000000e+00
3.102000000000000000e+03 0.000000000000000000e+00 0.000000000000000000e+00 1.540225674771564242e-20 0.000000000000000000e+00 0.000000000000000000e+00
3.103000000000000000e+03 0.000000000000000000e+00 0.000000000000000000e+00 1.422518466559274864e-20 0.000000000000000000e+00 0.000000000000000000e+00
3.104000000000000000e+03 0.000000000000000000e+00 0.000000000000000000e+00 1.304811258346986088e-20 0.000000000000000000e+00 0.000000000000000000e+00
3.105000000000000000e+03 0.000000000000000000e+00 0.000000000000000000e+00 1.130481830372871185e-20 0.000000000000000000e+00 0.000000000000000000e+00
3.106000000000000000e+03 0.000000000000000000e+00 0.000000000000000000e+00 8.995301826369300035e-21 0.000000000000000000e+00 0.000000000000000000e+00
3.107000000000000000e+03 0.000000000000000000e+00 0.000000000000000000e+00 6.685785349009888222e-21 0.000000000000000000e+00 0.000000000000000000e+00
3.108000000000000000e+03 0.000000000000000000e+00 0.000000000000000000e+00 4.376268871650476409e-21 0.000000000000000000e+00 0.000000000000000000e+00
3.109000000000000000e+03 0.000000000000000000e+00 0.000000000000000000e+00 2.066752394291066101e-21 0.000000000000000000e+00 0.000000000000000000e+00
3.110000000000000000e+03 0.000000000000000000e+00 0.000000000000000000e+00 -2.427640830683457113e-22 0.000000000000000000e+00 0.000000000000000000e+00
3.111000000000000000e+03 0.000000000000000000e+00 0.000000000000000000e+00 -2.552280560427756019e-21 0.000000000000000000e+00 0.000000000000000000e+00
3.112000000000000000e+03 0.000000000000000000e+00 0.000000000000000000e+00 -4.861797037787169337e-21 0.000000000000000000e+00 0.000000000000000000e+00
3.113000000000000000e+03 0.000000000000000000e+00 0.000000000000000000e+00 -7.171313515146579645e-21 0.000000000000000000e+00 0.000000000000000000e+00
3.114000000000000000e+03 0.000000000000000000e+00 0.000000000000000000e+00 -9.480829992505992962e-21 0.000000000000000000e+00 0.000000000000000000e+00
3.115000000000000000e+03 0.000000000000000000e+00 0.000000000000000000e+00 -9.770621634553124192e-21 0.000000000000000000e+00 0.000000000000000000e+00
3.116000000000000000e+03 0.000000000000000000e+00 0.000000000000000000e+00 -8.040688441287971830e-21 0.000000000000000000e+00 0.000000000000000000e+00
3.117000000000000000e+03 0.000000000000000000e+00 0.000000000000000000e+00 -6.310755248022820973e-21 0.000000000000000000e+00 0.000000000000000000e+00
3.118000000000000000e+03 0.000000000000000000e+00 0.000000000000000000e+00 -4.580822054757668611e-21 0.000000000000000000e+00 0.000000000000000000e+00
3.119000000000000000e+03 0.000000000000000000e+00 0.000000000000000000e+00 -2.850888861492517753e-21 0.000000000000000000e+00 0.000000000000000000e+00
3.120000000000000000e+03 0.000000000000000000e+00 0.000000000000000000e+00 -1.120955668227365391e-21 0.000000000000000000e+00 0.000000000000000000e+00
3.121000000000000000e+03 0.000000000000000000e+00 0.000000000000000000e+00 6.089775250377854661e-22 0.000000000000000000e+00 0.000000000000000000e+00
3.122000000000000000e+03 0.000000000000000000e+00 0.000000000000000000e+00 2.338910718302937828e-21 0.000000000000000000e+00 0.000000000000000000e+00
3.123000000000000000e+03 0.000000000000000000e+00 0.000000000000000000e+00 4.068843911568090190e-21 0.000000000000000000e+00 0.000000000000000000e+00
3.124000000000000000e+03 0.000000000000000000e+00 0.000000000000000000e+00 5.798777104833241048e-21 0.000000000000000000e+00 0.000000000000000000e+00
3.125000000000000000e+03 0.000000000000000000e+00 0.000000000000000000e+00 5.593147040281118296e-21 0.000000000000000000e+00 0.000000000000000000e+00
3.126000000000000000e+03 0.000000000000000000e+00 0.000000000000000000e+00 3.451953717911728706e-21 0.000000000000000000e+00 0.000000000000000000e+00
3.127000000000000000e+03 0.000000000000000000e+00 0.000000000000000000e+00 1.310760395542338363e-21 0.000000000000000000e+00 0.000000000000000000e+00
3.128000000000000000e+03 0.000000000000000000e+00 0.000000000000000000e+00 -8.304329268270519794e-22 0.000000000000000000e+00 0.000000000000000000e+00
3.129000000000000000e+03 0.000000000000000000e+00 0.000000000000000000e+00 -2.971626249196440817e-21 0.000000000000000000e+00 0.000000000000000000e+00
3.130000000000000000e+03 0.000000000000000000e+00 0.000000000000000000e+00 -5.112819571565831160e-21 0.000000000000000000e+00 0.000000000000000000e+00
3.131000000000000000e+03 0.000000000000000000e+00 0.000000000000000000e+00 -7.254012893935221502e-21 0.000000000000000000e+00 0.000000000000000000e+00
3.132000000000000000e+03 0.000000000000000000e+00 0.000000000000000000e+00 -9.395206216304610340e-21 0.000000000000000000e+00 0.000000000000000000e+00
3.133000000000000000e+03 0.000000000000000000e+00 0.000000000000000000e+00 -1.153639953867400219e-20 0.000000000000000000e+00 0.000000000000000000e+00
3.134000000000000000e+03 0.000000000000000000e+00 0.000000000000000000e+00 -1.367759286104339103e-20 0.000000000000000000e+00 0.000000000000000000e+00
3.135000000000000000e+03 0.000000000000000000e+00 0.000000000000000000e+00 -1.433885111710308521e-20 0.000000000000000000e+00 0.000000000000000000e+00
3.136000000000000000e+03 0.000000000000000000e+00 0.000000000000000000e+00 -1.352017430685308022e-20 0.000000000000000000e+00 0.000000000000000000e+00
3.137000000000000000e+03 0.000000000000000000e+00 0.000000000000000000e+00 -1.270149749660307523e-20 0.000000000000000000e+00 0.000000000000000000e+00
3.138000000000000000e+03 0.000000000000000000e+00 0.000000000000000000e+00 -1.188282068635307175e-20 0.000000000000000000e+00 0.000000000000000000e+00
3.139000000000000000e+03 0.000000000000000000e+00 0.000000000000000000e+00 -1.106414387610306677e-20 0.000000000000000000e+00 0.000000000000000000e+00
3.140000000000000000e+03 0.000000000000000000e+00 0.000000000000000000e+00 -1.024546706585306178e-20 0.000000000000000000e+00 0.000000000000000000e+00
3.141000000000000000e+03 0.000000000000000000e+00 0.000000000000000000e+00 -9.426790255603058298e-21 0.000000000000000000e+00 0.000000000000000000e+00
3.142000000000000000e+03 0.000000000000000000e+00 0.000000000000000000e+00 -8.608113445353053312e-21 0.000000000000000000e+00 0.000000000000000000e+00
3.143000000000000000e+03 0.000000000000000000e+00 0.000000000000000000e+00 -7.789436635103048326e-21 0.000000000000000000e+00 0.000000000000000000e+00
3.144000000000000000e+03 0.000000000000000000e+00 0.000000000000000000e+00 -6.970759824853043339e-21 0.000000000000000000e+00 0.000000000000000000e+00
3.145000000000000000e+03 0.000000000000000000e+00 0.000000000000000000e+00 -6.370249907989728830e-21 0.000000000000000000e+00 0.000000000000000000e+00
3.146000000000000000e+03 0.000000000000000000e+00 0.000000000000000000e+00 -5.987906884513103293e-21 0.000000000000000000e+00 0.000000000000000000e+00
3.147000000000000000e+03 0.000000000000000000e+00 0.000000000000000000e+00 -5.605563861036477756e-21 0.000000000000000000e+00 0.000000000000000000e+00
3.148000000000000000e+03 0.000000000000000000e+00 0.000000000000000000e+00 -5.223220837559852219e-21 0.000000000000000000e+00 0.000000000000000000e+00
3.149000000000000000e+03 0.000000000000000000e+00 0.000000000000000000e+00 -4.840877814083226681e-21 0.000000000000000000e+00 0.000000000000000000e+00
3.150000000000000000e+03 0.000000000000000000e+00 0.000000000000000000e+00 -4.458534790606601144e-21 0.000000000000000000e+00 0.000000000000000000e+00
3.151000000000000000e+03 0.000000000000000000e+00 0.000000000000000000e+00 -4.076191767129975607e-21 0.000000000000000000e+00 0.000000000000000000e+00
3.152000000000000000e+03 0.000000000000000000e+00 0.000000000000000000e+00 -3.693848743653350070e-21 0.000000000000000000e+00 0.000000000000000000e+00
3.153000000000000000e+03 0.000000000000000000e+00 0.000000000000000000e+00 -3.311505720176724533e-21 0.000000000000000000e+00 0.000000000000000000e+00
3.154000000000000000e+03 0.000000000000000000e+00 0.000000000000000000e+00 -2.929162696700098996e-21 0.000000000000000000e+00 0.000000000000000000e+00
3.155000000000000000e+03 0.000000000000000000e+00 0.000000000000000000e+00 -2.256703080719192896e-21 0.000000000000000000e+00 0.000000000000000000e+00
3.156000000000000000e+03 0.000000000000000000e+00 0.000000000000000000e+00 -1.294126872234005857e-21 0.000000000000000000e+00 0.000000000000000000e+00
3.157000000000000000e+03 0.000000000000000000e+00 0.000000000000000000e+00 -3.315506637488184421e-22 0.000000000000000000e+00 0.000000000000000000e+00
3.158000000000000000e+03 0.000000000000000000e+00 0.000000000000000000e+00 6.310255447363685970e-22 0.000000000000000000e+00 0.000000000000000000e+00
3.159000000000000000e+03 0.000000000000000000e+00 0.000000000000000000e+00 1.593601753221555636e-21 0.000000000000000000e+00 0.000000000000000000e+00
3.160000000000000000e+03 0.000000000000000000e+00 0.000000000000000000e+00 2.556177961706743051e-21 0.000000000000000000e+00 0.000000000000000000e+00
3.161000000000000000e+03 0.000000000000000000e+00 0.000000000000000000e+00 3.518754170191930090e-21 0.000000000000000000e+00 0.000000000000000000e+00
3.162000000000000000e+03 0.000000000000000000e+00 0.000000000000000000e+00 4.481330378677118258e-21 0.000000000000000000e+00 0.000000000000000000e+00
3.163000000000000000e+03 0.000000000000000000e+00 0.000000000000000000e+00 5.443906587162304921e-21 0.000000000000000000e+00 0.000000000000000000e+00
3.164000000000000000e+03 0.000000000000000000e+00 0.000000000000000000e+00 6.406482795647493088e-21 0.000000000000000000e+00 0.000000000000000000e+00
3.165000000000000000e+03 0.000000000000000000e+00 0.000000000000000000e+00 6.943952600841168247e-21 0.000000000000000000e+00 0.000000000000000000e+00
3.166000000000000000e+03 0.000000000000000000e+00 0.000000000000000000e+00 7.056316002743331903e-21 0.000000000000000000e+00 0.000000000000000000e+00
3.167000000000000000e+03 0.000000000000000000e+00 0.000000000000000000e+00 7.168679404645495559e-21 0.000000000000000000e+00 0.000000000000000000e+00
3.168000000000000000e+03 0.000000000000000000e+00 0.000000000000000000e+00 7.281042806547657710e-21 0.000000000000000000e+00 0.000000000000000000e+00
3.169000000000000000e+03 0.000000000000000000e+00 0.000000000000000000e+00 7.393406208449821366e-21 0.000000000000000000e+00 0.000000000000000000e+00
3.170000000000000000e+03 0.000000000000000000e+00 0.000000000000000000e+00 7.505769610351985022e-21 0.000000000000000000e+00 0.000000000000000000e+00
3.171000000000000000e+03 0.000000000000000000e+00 0.000000000000000000e+00 7.618133012254148677e-21 0.000000000000000000e+00 0.000000000000000000e+00
3.172000000000000000e+03 0.000000000000000000e+00 0.000000000000000000e+00 7.730496414156310828e-21 0.000000000000000000e+00 0.000000000000000000e+00
3.173000000000000000e+03 0.000000000000000000e+00 0.000000000000000000e+00 7.842859816058474484e-21 0.000000000000000000e+00 0.000000000000000000e+00
3.174000000000000000e+03 0.000000000000000000e+00 0.000000000000000000e+00 7.955223217960638140e-21 0.000000000000000000e+00 0.000000000000000000e+00
3.175000000000000000e+03 0.000000000000000000e+00 0.000000000000000000e+00 8.164489119449459757e-21 0.000000000000000000e+00 0.000000000000000000e+00
3.176000000000000000e+03 0.000000000000000000e+00 0.000000000000000000e+00 8.470657520524939334e-21 0.000000000000000000e+00 0.000000000000000000e+00
3.177000000000000000e+03 0.000000000000000000e+00 0.000000000000000000e+00 8.776825921600418911e-21 0.000000000000000000e+00 0.000000000000000000e+00
3.178000000000000000e+03 0.000000000000000000e+00 0.000000000000000000e+00 9.082994322675898488e-21 0.000000000000000000e+00 0.000000000000000000e+00
3.179000000000000000e+03 0.000000000000000000e+00 0.000000000000000000e+00 9.389162723751378066e-21 0.000000000000000000e+00 0.000000000000000000e+00
3.180000000000000000e+03 0.000000000000000000e+00 0.000000000000000000e+00 9.695331124826856138e-21 0.000000000000000000e+00 0.000000000000000000e+00
3.181000000000000000e+03 0.000000000000000000e+00 0.000000000000000000e+00 1.000149952590233572e-20 0.000000000000000000e+00 0.000000000000000000e+00
3.182000000000000000e+03 0.000000000000000000e+00 0.000000000000000000e+00 1.030766792697781529e-20 0.000000000000000000e+00 0.000000000000000000e+00
3.183000000000000000e+03 0.000000000000000000e+00 0.000000000000000000e+00 1.061383632805329487e-20 0.000000000000000000e+00 0.000000000000000000e+00
3.184000000000000000e+03 0.000000000000000000e+00 0.000000000000000000e+00 1.092000472912877445e-20 0.000000000000000000e+00 0.000000000000000000e+00
3.185000000000000000e+03 0.000000000000000000e+00 0.000000000000000000e+00 1.118456630878763908e-20 0.000000000000000000e+00 0.000000000000000000e+00
3.186000000000000000e+03 0.000000000000000000e+00 0.000000000000000000e+00 1.140752106702989027e-20 0.000000000000000000e+00 0.000000000000000000e+00
3.187000000000000000e+03 0.000000000000000000e+00 0.000000000000000000e+00 1.163047582527214145e-20 0.000000000000000000e+00 0.000000000000000000e+00
3.188000000000000000e+03 0.000000000000000000e+00 0.000000000000000000e+00 1.185343058351439114e-20 0.000000000000000000e+00 0.000000000000000000e+00
3.189000000000000000e+03 0.000000000000000000e+00 0.000000000000000000e+00 1.207638534175664233e-20 0.000000000000000000e+00 0.000000000000000000e+00
3.190000000000000000e+03 0.000000000000000000e+00 0.000000000000000000e+00 1.229934009999889352e-20 0.000000000000000000e+00 0.000000000000000000e+00
3.191000000000000000e+03 0.000000000000000000e+00 0.000000000000000000e+00 1.252229485824114320e-20 0.000000000000000000e+00 0.000000000000000000e+00
3.192000000000000000e+03 0.000000000000000000e+00 0.000000000000000000e+00 1.274524961648339439e-20 0.000000000000000000e+00 0.000000000000000000e+00
3.193000000000000000e+03 0.000000000000000000e+00 0.000000000000000000e+00 1.296820437472564558e-20 0.000000000000000000e+00 0.000000000000000000e+00
3.194000000000000000e+03 0.000000000000000000e+00 0.000000000000000000e+00 1.319115913296789526e-20 0.000000000000000000e+00 0.000000000000000000e+00
3.195000000000000000e+03 0.000000000000000000e+00 0.000000000000000000e+00 1.143877592720217212e-20 0.000000000000000000e+00 0.000000000000000000e+00
3.196000000000000000e+03 0.000000000000000000e+00 0.000000000000000000e+00 7.711054757428473152e-21 0.000000000000000000e+00 0.000000000000000000e+00
3.197000000000000000e+03 0.000000000000000000e+00 0.000000000000000000e+00 3.983333587654774183e-21 0.000000000000000000e+00 0.000000000000000000e+00
3.198000000000000000e+03 0.000000000000000000e+00 0.000000000000000000e+00 2.556124178810752146e-22 0.000000000000000000e+00 0.000000000000000000e+00
3.199000000000000000e+03 0.000000000000000000e+00 0.000000000000000000e+00 -3.472108751892623754e-21 0.000000000000000000e+00 0.000000000000000000e+00
3.200000000000000000e+03 0.000000000000000000e+00 0.000000000000000000e+00 -7.199829921666322723e-21 0.000000000000000000e+00 0.000000000000000000e+00
3.201000000000000000e+03 0.000000000000000000e+00 0.000000000000000000e+00 -1.092755109144002169e-20 0.000000000000000000e+00 0.000000000000000000e+00
3.202000000000000000e+03 0.000000000000000000e+00 0.000000000000000000e+00 -1.465527226121371916e-20 0.000000000000000000e+00 0.000000000000000000e+00
3.203000000000000000e+03 0.000000000000000000e+00 0.000000000000000000e+00 -1.838299343098741813e-20 0.000000000000000000e+00 0.000000000000000000e+00
3.204000000000000000e+03 0.000000000000000000e+00 0.000000000000000000e+00 -2.211071460076111709e-20 0.000000000000000000e+00 0.000000000000000000e+00
3.205000000000000000e+03 0.000000000000000000e+00 0.000000000000000000e+00 -2.158499602228271306e-20 0.000000000000000000e+00 0.000000000000000000e+00
3.206000000000000000e+03 0.000000000000000000e+00 0.000000000000000000e+00 -1.680583769555220904e-20 0.000000000000000000e+00 0.000000000000000000e+00
3.207000000000000000e+03 0.000000000000000000e+00 0.000000000000000000e+00 -1.202667936882170200e-20 0.000000000000000000e+00 0.000000000000000000e+00
3.208000000000000000e+03 0.000000000000000000e+00 0.000000000000000000e+00 -7.247521042091197978e-21 0.000000000000000000e+00 0.000000000000000000e+00
3.209000000000000000e+03 0.000000000000000000e+00 0.000000000000000000e+00 -2.468362715360690943e-21 0.000000000000000000e+00 0.000000000000000000e+00
3.210000000000000000e+03 0.000000000000000000e+00 0.000000000000000000e+00 2.310795611369813081e-21 0.000000000000000000e+00 0.000000000000000000e+00
3.211000000000000000e+03 0.000000000000000000e+00 0.000000000000000000e+00 7.089953938100317106e-21 0.000000000000000000e+00 0.000000000000000000e+00
3.212000000000000000e+03 0.000000000000000000e+00 0.000000000000000000e+00 1.186911226483082414e-20 0.000000000000000000e+00 0.000000000000000000e+00
3.213000000000000000e+03 0.000000000000000000e+00 0.000000000000000000e+00 1.664827059156133117e-20 0.000000000000000000e+00 0.000000000000000000e+00
3.214000000000000000e+03 0.000000000000000000e+00 0.000000000000000000e+00 2.142742891829183821e-20 0.000000000000000000e+00 0.000000000000000000e+00
3.215000000000000000e+03 0.000000000000000000e+00 0.000000000000000000e+00 2.259058516078333057e-20 0.000000000000000000e+00 0.000000000000000000e+00
3.216000000000000000e+03 0.000000000000000000e+00 0.000000000000000000e+00 2.013773931903579925e-20 0.000000000000000000e+00 0.000000000000000000e+00
3.217000000000000000e+03 0.000000000000000000e+00 0.000000000000000000e+00 1.768489347728826792e-20 0.000000000000000000e+00 0.000000000000000000e+00
3.218000000000000000e+03 0.000000000000000000e+00 0.000000000000000000e+00 1.523204763554073659e-20 0.000000000000000000e+00 0.000000000000000000e+00
3.219000000000000000e+03 0.000000000000000000e+00 0.000000000000000000e+00 1.277920179379320526e-20 0.000000000000000000e+00 0.000000000000000000e+00
3.220000000000000000e+03 0.000000000000000000e+00 0.000000000000000000e+00 1.032635595204567393e-20 0.000000000000000000e+00 0.000000000000000000e+00
3.221000000000000000e+03 0.000000000000000000e+00 0.000000000000000000e+00 7.873510110298142599e-21 0.000000000000000000e+00 0.000000000000000000e+00
3.222000000000000000e+03 0.000000000000000000e+00 0.000000000000000000e+00 5.420664268550611270e-21 0.000000000000000000e+00 0.000000000000000000e+00
3.223000000000000000e+03 0.000000000000000000e+00 0.000000000000000000e+00 2.967818426803082950e-21 0.000000000000000000e+00 0.000000000000000000e+00
3.224000000000000000e+03 0.000000000000000000e+00 0.000000000000000000e+00 5.149725850555516203e-22 0.000000000000000000e+00 0.000000000000000000e+00
3.225000000000000000e+03 0.000000000000000000e+00 0.000000000000000000e+00 -4.412069494556767420e-22 0.000000000000000000e+00 0.000000000000000000e+00
3.226000000000000000e+03 0.000000000000000000e+00 0.000000000000000000e+00 9.927982326939842691e-23 0.000000000000000000e+00 0.000000000000000000e+00
3.227000000000000000e+03 0.000000000000000000e+00 0.000000000000000000e+00 6.397665959944735958e-22 0.000000000000000000e+00 0.000000000000000000e+00
3.228000000000000000e+03 0.000000000000000000e+00 0.000000000000000000e+00 1.180253368719548671e-21 0.000000000000000000e+00 0.000000000000000000e+00
3.229000000000000000e+03 0.000000000000000000e+00 0.000000000000000000e+00 1.720740141444623840e-21 0.000000000000000000e+00 0.000000000000000000e+00
3.230000000000000000e+03 0.000000000000000000e+00 0.000000000000000000e+00 2.261226914169699009e-21 0.000000000000000000e+00 0.000000000000000000e+00
3.231000000000000000e+03 0.000000000000000000e+00 0.000000000000000000e+00 2.801713686894773801e-21 0.000000000000000000e+00 0.000000000000000000e+00
3.232000000000000000e+03 0.000000000000000000e+00 0.000000000000000000e+00 3.342200459619849722e-21 0.000000000000000000e+00 0.000000000000000000e+00
3.233000000000000000e+03 0.000000000000000000e+00 0.000000000000000000e+00 3.882687232344924515e-21 0.000000000000000000e+00 0.000000000000000000e+00
3.234000000000000000e+03 0.000000000000000000e+00 0.000000000000000000e+00 4.423174005070000436e-21 0.000000000000000000e+00 0.000000000000000000e+00
3.235000000000000000e+03 0.000000000000000000e+00 0.000000000000000000e+00 5.683907687168241319e-21 0.000000000000000000e+00 0.000000000000000000e+00
3.236000000000000000e+03 0.000000000000000000e+00 0.000000000000000000e+00 7.664888278639647163e-21 0.000000000000000000e+00 0.000000000000000000e+00
3.237000000000000000e+03 0.000000000000000000e+00 0.000000000000000000e+00 9.645868870111054512e-21 0.000000000000000000e+00 0.000000000000000000e+00
3.238000000000000000e+03 0.000000000000000000e+00 0.000000000000000000e+00 1.162684946158246186e-20 0.000000000000000000e+00 0.000000000000000000e+00
3.239000000000000000e+03 0.000000000000000000e+00 0.000000000000000000e+00 1.360783005305386921e-20 0.000000000000000000e+00 0.000000000000000000e+00
3.240000000000000000e+03 0.000000000000000000e+00 0.000000000000000000e+00 1.558881064452527656e-20 0.000000000000000000e+00 0.000000000000000000e+00
3.241000000000000000e+03 0.000000000000000000e+00 0.000000000000000000e+00 1.756979123599668090e-20 0.000000000000000000e+00 0.000000000000000000e+00
3.242000000000000000e+03 0.000000000000000000e+00 0.000000000000000000e+00 1.955077182746809125e-20 0.000000000000000000e+00 0.000000000000000000e+00
3.243000000000000000e+03 0.000000000000000000e+00 0.000000000000000000e+00 2.153175241893949559e-20 0.000000000000000000e+00 0.000000000000000000e+00
3.244000000000000000e+03 0.000000000000000000e+00 0.000000000000000000e+00 2.351273301041090294e-20 0.000000000000000000e+00 0.000000000000000000e+00
3.245000000000000000e+03 0.000000000000000000e+00 0.000000000000000000e+00 2.278675115450914147e-20 0.000000000000000000e+00 0.000000000000000000e+00
3.246000000000000000e+03 0.000000000000000000e+00 0.000000000000000000e+00 1.935380685123421118e-20 0.000000000000000000e+00 0.000000000000000000e+00
3.247000000000000000e+03 0.000000000000000000e+00 0.000000000000000000e+00 1.592086254795927788e-20 0.000000000000000000e+00 0.000000000000000000e+00
3.248000000000000000e+03 0.000000000000000000e+00 0.000000000000000000e+00 1.248791824468434759e-20 0.000000000000000000e+00 0.000000000000000000e+00
3.249000000000000000e+03 0.000000000000000000e+00 0.000000000000000000e+00 9.054973941409414285e-21 0.000000000000000000e+00 0.000000000000000000e+00
3.250000000000000000e+03 0.000000000000000000e+00 0.000000000000000000e+00 5.622029638134483994e-21 0.000000000000000000e+00 0.000000000000000000e+00
3.251000000000000000e+03 0.000000000000000000e+00 0.000000000000000000e+00 2.189085334859550692e-21 0.000000000000000000e+00 0.000000000000000000e+00
3.252000000000000000e+03 0.000000000000000000e+00 0.000000000000000000e+00 -1.243858968415379599e-21 0.000000000000000000e+00 0.000000000000000000e+00
3.253000000000000000e+03 0.000000000000000000e+00 0.000000000000000000e+00 -4.676803271690309891e-21 0.000000000000000000e+00 0.000000000000000000e+00
3.254000000000000000e+03 0.000000000000000000e+00 0.000000000000000000e+00 -8.109747574965243192e-21 0.000000000000000000e+00 0.000000000000000000e+00
3.255000000000000000e+03 0.000000000000000000e+00 0.000000000000000000e+00 -9.443998863185650396e-21 0.000000000000000000e+00 0.000000000000000000e+00
3.256000000000000000e+03 0.000000000000000000e+00 0.000000000000000000e+00 -8.679557136351529998e-21 0.000000000000000000e+00 0.000000000000000000e+00
3.257000000000000000e+03 0.000000000000000000e+00 0.000000000000000000e+00 -7.915115409517409599e-21 0.000000000000000000e+00 0.000000000000000000e+00
3.258000000000000000e+03 0.000000000000000000e+00 0.000000000000000000e+00 -7.150673682683289201e-21 0.000000000000000000e+00 0.000000000000000000e+00
3.259000000000000000e+03 0.000000000000000000e+00 0.000000000000000000e+00 -6.386231955849169555e-21 0.000000000000000000e+00 0.000000000000000000e+00
3.260000000000000000e+03 0.000000000000000000e+00 0.000000000000000000e+00 -5.621790229015049156e-21 0.000000000000000000e+00 0.000000000000000000e+00
3.261000000000000000e+03 0.000000000000000000e+00 0.000000000000000000e+00 -4.857348502180928758e-21 0.000000000000000000e+00 0.000000000000000000e+00
3.262000000000000000e+03 0.000000000000000000e+00 0.000000000000000000e+00 -4.092906775346809112e-21 0.000000000000000000e+00 0.000000000000000000e+00
3.263000000000000000e+03 0.000000000000000000e+00 0.000000000000000000e+00 -3.328465048512688714e-21 0.000000000000000000e+00 0.000000000000000000e+00
3.264000000000000000e+03 0.000000000000000000e+00 0.000000000000000000e+00 -2.564023321678568315e-21 0.000000000000000000e+00 0.000000000000000000e+00
3.265000000000000000e+03 0.000000000000000000e+00 0.000000000000000000e+00 -7.994698548830980805e-22 0.000000000000000000e+00 0.000000000000000000e+00
3.266000000000000000e+03 0.000000000000000000e+00 0.000000000000000000e+00 1.965195351873723495e-21 0.000000000000000000e+00 0.000000000000000000e+00
3.267000000000000000e+03 0.000000000000000000e+00 0.000000000000000000e+00 4.729860558630545071e-21 0.000000000000000000e+00 0.000000000000000000e+00
3.268000000000000000e+03 0.000000000000000000e+00 0.000000000000000000e+00 7.494525765387366647e-21 0.000000000000000000e+00 0.000000000000000000e+00
3.269000000000000000e+03 0.000000000000000000e+00 0.000000000000000000e+00 1.025919097214418822e-20 0.000000000000000000e+00 0.000000000000000000e+00
3.270000000000000000e+03 0.000000000000000000e+00 0.000000000000000000e+00 1.302385617890100829e-20 0.000000000000000000e+00 0.000000000000000000e+00
3.271000000000000000e+03 0.000000000000000000e+00 0.000000000000000000e+00 1.578852138565783288e-20 0.000000000000000000e+00 0.000000000000000000e+00
3.272000000000000000e+03 0.000000000000000000e+00 0.000000000000000000e+00 1.855318659241465145e-20 0.000000000000000000e+00 0.000000000000000000e+00
3.273000000000000000e+03 0.000000000000000000e+00 0.000000000000000000e+00 2.131785179917147603e-20 0.000000000000000000e+00 0.000000000000000000e+00
3.274000000000000000e+03 0.000000000000000000e+00 0.000000000000000000e+00 2.408251700592829460e-20 0.000000000000000000e+00 0.000000000000000000e+00
3.275000000000000000e+03 0.000000000000000000e+00 0.000000000000000000e+00 2.724056891950523587e-20 0.000000000000000000e+00 0.000000000000000000e+00
3.276000000000000000e+03 0.000000000000000000e+00 0.000000000000000000e+00 3.079200753990228781e-20 0.000000000000000000e+00 0.000000000000000000e+00
3.277000000000000000e+03 0.000000000000000000e+00 0.000000000000000000e+00 3.434344616029934577e-20 0.000000000000000000e+00 0.000000000000000000e+00
3.278000000000000000e+03 0.000000000000000000e+00 0.000000000000000000e+00 3.789488478069640373e-20 0.000000000000000000e+00 0.000000000000000000e+00
3.279000000000000000e+03 0.000000000000000000e+00 0.000000000000000000e+00 4.144632340109345567e-20 0.000000000000000000e+00 0.000000000000000000e+00
3.280000000000000000e+03 0.000000000000000000e+00 0.000000000000000000e+00 4.499776202149051363e-20 0.000000000000000000e+00 0.000000000000000000e+00
3.281000000000000000e+03 0.000000000000000000e+00 0.000000000000000000e+00 4.854920064188757159e-20 0.000000000000000000e+00 0.000000000000000000e+00
3.282000000000000000e+03 0.000000000000000000e+00 0.000000000000000000e+00 5.210063926228462353e-20 0.000000000000000000e+00 0.000000000000000000e+00
3.283000000000000000e+03 0.000000000000000000e+00 0.000000000000000000e+00 5.565207788268167547e-20 0.000000000000000000e+00 0.000000000000000000e+00
3.284000000000000000e+03 0.000000000000000000e+00 0.000000000000000000e+00 5.920351650307873945e-20 0.000000000000000000e+00 0.000000000000000000e+00
3.285000000000000000e+03 0.000000000000000000e+00 0.000000000000000000e+00 5.912070023770973614e-20 0.000000000000000000e+00 0.000000000000000000e+00
3.286000000000000000e+03 0.000000000000000000e+00 0.000000000000000000e+00 5.540362908657467759e-20 0.000000000000000000e+00 0.000000000000000000e+00
3.287000000000000000e+03 0.000000000000000000e+00 0.000000000000000000e+00 5.168655793543961904e-20 0.000000000000000000e+00 0.000000000000000000e+00
3.288000000000000000e+03 0.000000000000000000e+00 0.000000000000000000e+00 4.796948678430456049e-20 0.000000000000000000e+00 0.000000000000000000e+00
3.289000000000000000e+03 0.000000000000000000e+00 0.000000000000000000e+00 4.425241563316950194e-20 0.000000000000000000e+00 0.000000000000000000e+00
3.290000000000000000e+03 0.000000000000000000e+00 0.000000000000000000e+00 4.053534448203444339e-20 0.000000000000000000e+00 0.000000000000000000e+00
3.291000000000000000e+03 0.000000000000000000e+00 0.000000000000000000e+00 3.681827333089938483e-20 0.000000000000000000e+00 0.000000000000000000e+00
3.292000000000000000e+03 0.000000000000000000e+00 0.000000000000000000e+00 3.310120217976432628e-20 0.000000000000000000e+00 0.000000000000000000e+00
3.293000000000000000e+03 0.000000000000000000e+00 0.000000000000000000e+00 2.938413102862926773e-20 0.000000000000000000e+00 0.000000000000000000e+00
3.294000000000000000e+03 0.000000000000000000e+00 0.000000000000000000e+00 2.566705987749420918e-20 0.000000000000000000e+00 0.000000000000000000e+00
3.295000000000000000e+03 0.000000000000000000e+00 0.000000000000000000e+00 2.387281232895010963e-20 0.000000000000000000e+00 0.000000000000000000e+00
3.296000000000000000e+03 0.000000000000000000e+00 0.000000000000000000e+00 2.400138838299696305e-20 0.000000000000000000e+00 0.000000000000000000e+00
3.297000000000000000e+03 0.000000000000000000e+00 0.000000000000000000e+00 2.412996443704381648e-20 0.000000000000000000e+00 0.000000000000000000e+00
3.298000000000000000e+03 0.000000000000000000e+00 0.000000000000000000e+00 2.425854049109066990e-20 0.000000000000000000e+00 0.000000000000000000e+00
3.299000000000000000e+03 0.000000000000000000e+00 0.000000000000000000e+00 2.438711654513752333e-20 0.000000000000000000e+00 0.000000000000000000e+00
3.300000000000000000e+03 0.000000000000000000e+00 0.000000000000000000e+00 2.451569259918437675e-20 0.000000000000000000e+00 0.000000000000000000e+00
3.301000000000000000e+03 0.000000000000000000e+00 0.000000000000000000e+00 2.464426865323123018e-20 0.000000000000000000e+00 0.000000000000000000e+00
3.302000000000000000e+03 0.000000000000000000e+00 0.000000000000000000e+00 2.477284470727808360e-20 0.000000000000000000e+00 0.000000000000000000e+00
3.303000000000000000e+03 0.000000000000000000e+00 0.000000000000000000e+00 2.490142076132493703e-20 0.000000000000000000e+00 0.000000000000000000e+00
3.304000000000000000e+03 0.000000000000000000e+00 0.000000000000000000e+00 2.502999681537179045e-20 0.000000000000000000e+00 0.000000000000000000e+00
3.305000000000000000e+03 0.000000000000000000e+00 0.000000000000000000e+00 2.524033432464775687e-20 0.000000000000000000e+00 0.000000000000000000e+00
3.306000000000000000e+03 0.000000000000000000e+00 0.000000000000000000e+00 2.553243328915283930e-20 0.000000000000000000e+00 0.000000000000000000e+00
3.307000000000000000e+03 0.000000000000000000e+00 0.000000000000000000e+00 2.582453225365791873e-20 0.000000000000000000e+00 0.000000000000000000e+00
3.308000000000000000e+03 0.000000000000000000e+00 0.000000000000000000e+00 2.611663121816300116e-20 0.000000000000000000e+00 0.000000000000000000e+00
3.309000000000000000e+03 0.000000000000000000e+00 0.000000000000000000e+00 2.640873018266808058e-20 0.000000000000000000e+00 0.000000000000000000e+00
3.310000000000000000e+03 0.000000000000000000e+00 0.000000000000000000e+00 2.670082914717316301e-20 0.000000000000000000e+00 0.000000000000000000e+00
3.311000000000000000e+03 0.000000000000000000e+00 0.000000000000000000e+00 2.699292811167824243e-20 0.000000000000000000e+00 0.000000000000000000e+00
3.312000000000000000e+03 0.000000000000000000e+00 0.000000000000000000e+00 2.728502707618332185e-20 0.000000000000000000e+00 0.000000000000000000e+00
3.313000000000000000e+03 0.000000000000000000e+00 0.000000000000000000e+00 2.757712604068840729e-20 0.000000000000000000e+00 0.000000000000000000e+00
3.314000000000000000e+03 0.000000000000000000e+00 0.000000000000000000e+00 2.786922500519348671e-20 0.000000000000000000e+00 0.000000000000000000e+00
3.315000000000000000e+03 0.000000000000000000e+00 0.000000000000000000e+00 2.562898043495834321e-20 0.000000000000000000e+00 0.000000000000000000e+00
3.316000000000000000e+03 0.000000000000000000e+00 0.000000000000000000e+00 2.085639232998297377e-20 0.000000000000000000e+00 0.000000000000000000e+00
3.317000000000000000e+03 0.000000000000000000e+00 0.000000000000000000e+00 1.608380422500760734e-20 0.000000000000000000e+00 0.000000000000000000e+00
3.318000000000000000e+03 0.000000000000000000e+00 0.000000000000000000e+00 1.131121612003223790e-20 0.000000000000000000e+00 0.000000000000000000e+00
3.319000000000000000e+03 0.000000000000000000e+00 0.000000000000000000e+00 6.538628015056871477e-21 0.000000000000000000e+00 0.000000000000000000e+00
3.320000000000000000e+03 0.000000000000000000e+00 0.000000000000000000e+00 1.766039910081502039e-21 0.000000000000000000e+00 0.000000000000000000e+00
3.321000000000000000e+03 0.000000000000000000e+00 0.000000000000000000e+00 -3.006548194893864389e-21 0.000000000000000000e+00 0.000000000000000000e+00
3.322000000000000000e+03 0.000000000000000000e+00 0.000000000000000000e+00 -7.779136299869230817e-21 0.000000000000000000e+00 0.000000000000000000e+00
3.323000000000000000e+03 0.000000000000000000e+00 0.000000000000000000e+00 -1.255172440484460326e-20 0.000000000000000000e+00 0.000000000000000000e+00
3.324000000000000000e+03 0.000000000000000000e+00 0.000000000000000000e+00 -1.732431250981996969e-20 0.000000000000000000e+00 0.000000000000000000e+00
3.325000000000000000e+03 0.000000000000000000e+00 0.000000000000000000e+00 -1.899752246222265810e-20 0.000000000000000000e+00 0.000000000000000000e+00
3.326000000000000000e+03 0.000000000000000000e+00 0.000000000000000000e+00 -1.757135426205266248e-20 0.000000000000000000e+00 0.000000000000000000e+00
3.327000000000000000e+03 0.000000000000000000e+00 0.000000000000000000e+00 -1.614518606188266686e-20 0.000000000000000000e+00 0.000000000000000000e+00
3.328000000000000000e+03 0.000000000000000000e+00 0.000000000000000000e+00 -1.471901786171266822e-20 0.000000000000000000e+00 0.000000000000000000e+00
3.329000000000000000e+03 0.000000000000000000e+00 0.000000000000000000e+00 -1.329284966154267260e-20 0.000000000000000000e+00 0.000000000000000000e+00
3.330000000000000000e+03 0.000000000000000000e+00 0.000000000000000000e+00 -1.186668146137267697e-20 0.000000000000000000e+00 0.000000000000000000e+00
3.331000000000000000e+03 0.000000000000000000e+00 0.000000000000000000e+00 -1.044051326120268135e-20 0.000000000000000000e+00 0.000000000000000000e+00
3.332000000000000000e+03 0.000000000000000000e+00 0.000000000000000000e+00 -9.014345061032684222e-21 0.000000000000000000e+00 0.000000000000000000e+00
3.333000000000000000e+03 0.000000000000000000e+00 0.000000000000000000e+00 -7.588176860862688598e-21 0.000000000000000000e+00 0.000000000000000000e+00
3.334000000000000000e+03 0.000000000000000000e+00 0.000000000000000000e+00 -6.162008660692691470e-21 0.000000000000000000e+00 0.000000000000000000e+00
3.335000000000000000e+03 0.000000000000000000e+00 0.000000000000000000e+00 -5.855477866161738099e-21 0.000000000000000000e+00 0.000000000000000000e+00
3.336000000000000000e+03 0.000000000000000000e+00 0.000000000000000000e+00 -6.668584477269824726e-21 0.000000000000000000e+00 0.000000000000000000e+00
3.337000000000000000e+03 0.000000000000000000e+00 0.000000000000000000e+00 -7.481691088377910600e-21 0.000000000000000000e+00 0.000000000000000000e+00
3.338000000000000000e+03 0.000000000000000000e+00 0.000000000000000000e+00 -8.294797699485996474e-21 0.000000000000000000e+00 0.000000000000000000e+00
3.339000000000000000e+03 0.000000000000000000e+00 0.000000000000000000e+00 -9.107904310594082348e-21 0.000000000000000000e+00 0.000000000000000000e+00
3.340000000000000000e+03 0.000000000000000000e+00 0.000000000000000000e+00 -9.921010921702168222e-21 0.000000000000000000e+00 0.000000000000000000e+00
3.341000000000000000e+03 0.000000000000000000e+00 0.000000000000000000e+00 -1.073411753281025410e-20 0.000000000000000000e+00 0.000000000000000000e+00
3.342000000000000000e+03 0.000000000000000000e+00 0.000000000000000000e+00 -1.154722414391834147e-20 0.000000000000000000e+00 0.000000000000000000e+00
3.343000000000000000e+03 0.000000000000000000e+00 0.000000000000000000e+00 -1.236033075502642735e-20 0.000000000000000000e+00 0.000000000000000000e+00
3.344000000000000000e+03 0.000000000000000000e+00 0.000000000000000000e+00 -1.317343736613451322e-20 0.000000000000000000e+00 0.000000000000000000e+00
3.345000000000000000e+03 0.000000000000000000e+00 0.000000000000000000e+00 -1.355183159887674068e-20 0.000000000000000000e+00 0.000000000000000000e+00
3.346000000000000000e+03 0.000000000000000000e+00 0.000000000000000000e+00 -1.349551345325311124e-20 0.000000000000000000e+00 0.000000000000000000e+00
3.347000000000000000e+03 0.000000000000000000e+00 0.000000000000000000e+00 -1.343919530762948330e-20 0.000000000000000000e+00 0.000000000000000000e+00
3.348000000000000000e+03 0.000000000000000000e+00 0.000000000000000000e+00 -1.338287716200585385e-20 0.000000000000000000e+00 0.000000000000000000e+00
3.349000000000000000e+03 0.000000000000000000e+00 0.000000000000000000e+00 -1.332655901638222440e-20 0.000000000000000000e+00 0.000000000000000000e+00
3.350000000000000000e+03 0.000000000000000000e+00 0.000000000000000000e+00 -1.327024087075859646e-20 0.000000000000000000e+00 0.000000000000000000e+00
3.351000000000000000e+03 0.000000000000000000e+00 0.000000000000000000e+00 -1.321392272513496701e-20 0.000000000000000000e+00 0.000000000000000000e+00
3.352000000000000000e+03 0.000000000000000000e+00 0.000000000000000000e+00 -1.315760457951133757e-20 0.000000000000000000e+00 0.000000000000000000e+00
3.353000000000000000e+03 0.000000000000000000e+00 0.000000000000000000e+00 -1.310128643388770963e-20 0.000000000000000000e+00 0.000000000000000000e+00
3.354000000000000000e+03 0.000000000000000000e+00 0.000000000000000000e+00 -1.304496828826408018e-20 0.000000000000000000e+00 0.000000000000000000e+00
3.355000000000000000e+03 0.000000000000000000e+00 0.000000000000000000e+00 -1.182059639410843154e-20 0.000000000000000000e+00 0.000000000000000000e+00
3.356000000000000000e+03 0.000000000000000000e+00 0.000000000000000000e+00 -9.428170751420763693e-21 0.000000000000000000e+00 0.000000000000000000e+00
3.357000000000000000e+03 0.000000000000000000e+00 0.000000000000000000e+00 -7.035745108733095850e-21 0.000000000000000000e+00 0.000000000000000000e+00
3.358000000000000000e+03 0.000000000000000000e+00 0.000000000000000000e+00 -4.643319466045428007e-21 0.000000000000000000e+00 0.000000000000000000e+00
3.359000000000000000e+03 0.000000000000000000e+00 0.000000000000000000e+00 -2.250893823357760164e-21 0.000000000000000000e+00 0.000000000000000000e+00
3.360000000000000000e+03 0.000000000000000000e+00 0.000000000000000000e+00 1.415318193299076796e-22 0.000000000000000000e+00 0.000000000000000000e+00
3.361000000000000000e+03 0.000000000000000000e+00 0.000000000000000000e+00 2.533957462017575523e-21 0.000000000000000000e+00 0.000000000000000000e+00
3.362000000000000000e+03 0.000000000000000000e+00 0.000000000000000000e+00 4.926383104705243366e-21 0.000000000000000000e+00 0.000000000000000000e+00
3.363000000000000000e+03 0.000000000000000000e+00 0.000000000000000000e+00 7.318808747392911209e-21 0.000000000000000000e+00 0.000000000000000000e+00
3.364000000000000000e+03 0.000000000000000000e+00 0.000000000000000000e+00 9.711234390080579052e-21 0.000000000000000000e+00 0.000000000000000000e+00
3.365000000000000000e+03 0.000000000000000000e+00 0.000000000000000000e+00 1.174481380826503825e-20 0.000000000000000000e+00 0.000000000000000000e+00
3.366000000000000000e+03 0.000000000000000000e+00 0.000000000000000000e+00 1.341954700194628729e-20 0.000000000000000000e+00 0.000000000000000000e+00
3.367000000000000000e+03 0.000000000000000000e+00 0.000000000000000000e+00 1.509428019562753483e-20 0.000000000000000000e+00 0.000000000000000000e+00
3.368000000000000000e+03 0.000000000000000000e+00 0.000000000000000000e+00 1.676901338930878537e-20 0.000000000000000000e+00 0.000000000000000000e+00
3.369000000000000000e+03 0.000000000000000000e+00 0.000000000000000000e+00 1.844374658299003592e-20 0.000000000000000000e+00 0.000000000000000000e+00
3.370000000000000000e+03 0.000000000000000000e+00 0.000000000000000000e+00 2.011847977667128647e-20 0.000000000000000000e+00 0.000000000000000000e+00
3.371000000000000000e+03 0.000000000000000000e+00 0.000000000000000000e+00 2.179321297035253400e-20 0.000000000000000000e+00 0.000000000000000000e+00
3.372000000000000000e+03 0.000000000000000000e+00 0.000000000000000000e+00 2.346794616403378154e-20 0.000000000000000000e+00 0.000000000000000000e+00
3.373000000000000000e+03 0.000000000000000000e+00 0.000000000000000000e+00 2.514267935771503209e-20 0.000000000000000000e+00 0.000000000000000000e+00
3.374000000000000000e+03 0.000000000000000000e+00 0.000000000000000000e+00 2.681741255139628264e-20 0.000000000000000000e+00 0.000000000000000000e+00
3.375000000000000000e+03 0.000000000000000000e+00 0.000000000000000000e+00 2.696557069790741470e-20 0.000000000000000000e+00 0.000000000000000000e+00
3.376000000000000000e+03 0.000000000000000000e+00 0.000000000000000000e+00 2.558715379724843430e-20 0.000000000000000000e+00 0.000000000000000000e+00
3.377000000000000000e+03 0.000000000000000000e+00 0.000000000000000000e+00 2.420873689658945089e-20 0.000000000000000000e+00 0.000000000000000000e+00
3.378000000000000000e+03 0.000000000000000000e+00 0.000000000000000000e+00 2.283031999593047049e-20 0.000000000000000000e+00 0.000000000000000000e+00
3.379000000000000000e+03 0.000000000000000000e+00 0.000000000000000000e+00 2.145190309527148708e-20 0.000000000000000000e+00 0.000000000000000000e+00
3.380000000000000000e+03 0.000000000000000000e+00 0.000000000000000000e+00 2.007348619461250668e-20 0.000000000000000000e+00 0.000000000000000000e+00
3.381000000000000000e+03 0.000000000000000000e+00 0.000000000000000000e+00 1.869506929395352628e-20 0.000000000000000000e+00 0.000000000000000000e+00
3.382000000000000000e+03 0.000000000000000000e+00 0.000000000000000000e+00 1.731665239329454588e-20 0.000000000000000000e+00 0.000000000000000000e+00
3.383000000000000000e+03 0.000000000000000000e+00 0.000000000000000000e+00 1.593823549263556549e-20 0.000000000000000000e+00 0.000000000000000000e+00
3.384000000000000000e+03 0.000000000000000000e+00 0.000000000000000000e+00 1.455981859197658208e-20 0.000000000000000000e+00 0.000000000000000000e+00
3.385000000000000000e+03 0.000000000000000000e+00 0.000000000000000000e+00 1.323125607598493823e-20 0.000000000000000000e+00 0.000000000000000000e+00
3.386000000000000000e+03 0.000000000000000000e+00 0.000000000000000000e+00 1.195254794466062942e-20 0.000000000000000000e+00 0.000000000000000000e+00
3.387000000000000000e+03 0.000000000000000000e+00 0.000000000000000000e+00 1.067383981333632061e-20 0.000000000000000000e+00 0.000000000000000000e+00
3.388000000000000000e+03 0.000000000000000000e+00 0.000000000000000000e+00 9.395131682012011803e-21 0.000000000000000000e+00 0.000000000000000000e+00
3.389000000000000000e+03 0.000000000000000000e+00 0.000000000000000000e+00 8.116423550687702995e-21 0.000000000000000000e+00 0.000000000000000000e+00
3.390000000000000000e+03 0.000000000000000000e+00 0.000000000000000000e+00 6.837715419363394188e-21 0.000000000000000000e+00 0.000000000000000000e+00
3.391000000000000000e+03 0.000000000000000000e+00 0.000000000000000000e+00 5.559007288039085381e-21 0.000000000000000000e+00 0.000000000000000000e+00
3.392000000000000000e+03 0.000000000000000000e+00 0.000000000000000000e+00 4.280299156714776573e-21 0.000000000000000000e+00 0.000000000000000000e+00
3.393000000000000000e+03 0.000000000000000000e+00 0.000000000000000000e+00 3.001591025390469270e-21 0.000000000000000000e+00 0.000000000000000000e+00
3.394000000000000000e+03 0.000000000000000000e+00 0.000000000000000000e+00 1.722882894066160463e-21 0.000000000000000000e+00 0.000000000000000000e+00
3.395000000000000000e+03 0.000000000000000000e+00 0.000000000000000000e+00 2.506045600616159931e-21 0.000000000000000000e+00 0.000000000000000000e+00
3.396000000000000000e+03 0.000000000000000000e+00 0.000000000000000000e+00 5.351079145040467675e-21 0.000000000000000000e+00 0.000000000000000000e+00
3.397000000000000000e+03 0.000000000000000000e+00 0.000000000000000000e+00 8.196112689464776924e-21 0.000000000000000000e+00 0.000000000000000000e+00
3.398000000000000000e+03 0.000000000000000000e+00 0.000000000000000000e+00 1.104114623388908467e-20 0.000000000000000000e+00 0.000000000000000000e+00
3.399000000000000000e+03 0.000000000000000000e+00 0.000000000000000000e+00 1.388617977831339392e-20 0.000000000000000000e+00 0.000000000000000000e+00
3.400000000000000000e+03 0.000000000000000000e+00 0.000000000000000000e+00 1.673121332273770317e-20 0.000000000000000000e+00 0.000000000000000000e+00
3.401000000000000000e+03 0.000000000000000000e+00 0.000000000000000000e+00 1.957624686716201241e-20 0.000000000000000000e+00 0.000000000000000000e+00
3.402000000000000000e+03 0.000000000000000000e+00 0.000000000000000000e+00 2.242128041158632166e-20 0.000000000000000000e+00 0.000000000000000000e+00
3.403000000000000000e+03 0.000000000000000000e+00 0.000000000000000000e+00 2.526631395601062790e-20 0.000000000000000000e+00 0.000000000000000000e+00
3.404000000000000000e+03 0.000000000000000000e+00 0.000000000000000000e+00 2.811134750043493414e-20 0.000000000000000000e+00 0.000000000000000000e+00
3.405000000000000000e+03 0.000000000000000000e+00 0.000000000000000000e+00 2.878969547936072701e-20 0.000000000000000000e+00 0.000000000000000000e+00
3.406000000000000000e+03 0.000000000000000000e+00 0.000000000000000000e+00 2.730135789278800650e-20 0.000000000000000000e+00 0.000000000000000000e+00
3.407000000000000000e+03 0.000000000000000000e+00 0.000000000000000000e+00 2.581302030621528298e-20 0.000000000000000000e+00 0.000000000000000000e+00
3.408000000000000000e+03 0.000000000000000000e+00 0.000000000000000000e+00 2.432468271964255946e-20 0.000000000000000000e+00 0.000000000000000000e+00
3.409000000000000000e+03 0.000000000000000000e+00 0.000000000000000000e+00 2.283634513306983594e-20 0.000000000000000000e+00 0.000000000000000000e+00
3.410000000000000000e+03 0.000000000000000000e+00 0.000000000000000000e+00 2.134800754649711242e-20 0.000000000000000000e+00 0.000000000000000000e+00
3.411000000000000000e+03 0.000000000000000000e+00 0.000000000000000000e+00 1.985966995992439192e-20 0.000000000000000000e+00 0.000000000000000000e+00
3.412000000000000000e+03 0.000000000000000000e+00 0.000000000000000000e+00 1.837133237335166539e-20 0.000000000000000000e+00 0.000000000000000000e+00
3.413000000000000000e+03 0.000000000000000000e+00 0.000000000000000000e+00 1.688299478677894488e-20 0.000000000000000000e+00 0.000000000000000000e+00
3.414000000000000000e+03 0.000000000000000000e+00 0.000000000000000000e+00 1.539465720020622136e-20 0.000000000000000000e+00 0.000000000000000000e+00
3.415000000000000000e+03 0.000000000000000000e+00 0.000000000000000000e+00 1.512233819373774227e-20 0.000000000000000000e+00 0.000000000000000000e+00
3.416000000000000000e+03 0.000000000000000000e+00 0.000000000000000000e+00 1.606603776737351062e-20 0.000000000000000000e+00 0.000000000000000000e+00
3.417000000000000000e+03 0.000000000000000000e+00 0.000000000000000000e+00 1.700973734100928198e-20 0.000000000000000000e+00 0.000000000000000000e+00
3.418000000000000000e+03 0.000000000000000000e+00 0.000000000000000000e+00 1.795343691464505033e-20 0.000000000000000000e+00 0.000000000000000000e+00
3.419000000000000000e+03 0.000000000000000000e+00 0.000000000000000000e+00 1.889713648828082169e-20 0.000000000000000000e+00 0.000000000000000000e+00
3.420000000000000000e+03 0.000000000000000000e+00 0.000000000000000000e+00 1.984083606191659005e-20 0.000000000000000000e+00 0.000000000000000000e+00
3.421000000000000000e+03 0.000000000000000000e+00 0.000000000000000000e+00 2.078453563555235840e-20 0.000000000000000000e+00 0.000000000000000000e+00
3.422000000000000000e+03 0.000000000000000000e+00 0.000000000000000000e+00 2.172823520918812675e-20 0.000000000000000000e+00 0.000000000000000000e+00
3.423000000000000000e+03 0.000000000000000000e+00 0.000000000000000000e+00 2.267193478282389510e-20 0.000000000000000000e+00 0.000000000000000000e+00
3.424000000000000000e+03 0.000000000000000000e+00 0.000000000000000000e+00 2.361563435645966646e-20 0.000000000000000000e+00 0.000000000000000000e+00
3.425000000000000000e+03 0.000000000000000000e+00 0.000000000000000000e+00 2.365119848768547708e-20 0.000000000000000000e+00 0.000000000000000000e+00
3.426000000000000000e+03 0.000000000000000000e+00 0.000000000000000000e+00 2.277862717650132998e-20 0.000000000000000000e+00 0.000000000000000000e+00
3.427000000000000000e+03 0.000000000000000000e+00 0.000000000000000000e+00 2.190605586531718288e-20 0.000000000000000000e+00 0.000000000000000000e+00
3.428000000000000000e+03 0.000000000000000000e+00 0.000000000000000000e+00 2.103348455413303578e-20 0.000000000000000000e+00 0.000000000000000000e+00
3.429000000000000000e+03 0.000000000000000000e+00 0.000000000000000000e+00 2.016091324294888868e-20 0.000000000000000000e+00 0.000000000000000000e+00
3.430000000000000000e+03 0.000000000000000000e+00 0.000000000000000000e+00 1.928834193176473857e-20 0.000000000000000000e+00 0.000000000000000000e+00
3.431000000000000000e+03 0.000000000000000000e+00 0.000000000000000000e+00 1.841577062058059146e-20 0.000000000000000000e+00 0.000000000000000000e+00
3.432000000000000000e+03 0.000000000000000000e+00 0.000000000000000000e+00 1.754319930939644436e-20 0.000000000000000000e+00 0.000000000000000000e+00
3.433000000000000000e+03 0.000000000000000000e+00 0.000000000000000000e+00 1.667062799821229726e-20 0.000000000000000000e+00 0.000000000000000000e+00
3.434000000000000000e+03 0.000000000000000000e+00 0.000000000000000000e+00 1.579805668702815016e-20 0.000000000000000000e+00 0.000000000000000000e+00
3.435000000000000000e+03 0.000000000000000000e+00 0.000000000000000000e+00 1.679290784036366920e-20 0.000000000000000000e+00 0.000000000000000000e+00
3.436000000000000000e+03 0.000000000000000000e+00 0.000000000000000000e+00 1.965518145821885439e-20 0.000000000000000000e+00 0.000000000000000000e+00
3.437000000000000000e+03 0.000000000000000000e+00 0.000000000000000000e+00 2.251745507607403656e-20 0.000000000000000000e+00 0.000000000000000000e+00
3.438000000000000000e+03 0.000000000000000000e+00 0.000000000000000000e+00 2.537972869392921874e-20 0.000000000000000000e+00 0.000000000000000000e+00
3.439000000000000000e+03 0.000000000000000000e+00 0.000000000000000000e+00 2.824200231178440393e-20 0.000000000000000000e+00 0.000000000000000000e+00
3.440000000000000000e+03 0.000000000000000000e+00 0.000000000000000000e+00 3.110427592963958911e-20 0.000000000000000000e+00 0.000000000000000000e+00
3.441000000000000000e+03 0.000000000000000000e+00 0.000000000000000000e+00 3.396654954749477430e-20 0.000000000000000000e+00 0.000000000000000000e+00
3.442000000000000000e+03 0.000000000000000000e+00 0.000000000000000000e+00 3.682882316534995346e-20 0.000000000000000000e+00 0.000000000000000000e+00
3.443000000000000000e+03 0.000000000000000000e+00 0.000000000000000000e+00 3.969109678320514467e-20 0.000000000000000000e+00 0.000000000000000000e+00
3.444000000000000000e+03 0.000000000000000000e+00 0.000000000000000000e+00 4.255337040106032384e-20 0.000000000000000000e+00 0.000000000000000000e+00
3.445000000000000000e+03 0.000000000000000000e+00 0.000000000000000000e+00 4.225381032196899644e-20 0.000000000000000000e+00 0.000000000000000000e+00
3.446000000000000000e+03 0.000000000000000000e+00 0.000000000000000000e+00 3.879241654593116248e-20 0.000000000000000000e+00 0.000000000000000000e+00
3.447000000000000000e+03 0.000000000000000000e+00 0.000000000000000000e+00 3.533102276989332851e-20 0.000000000000000000e+00 0.000000000000000000e+00
3.448000000000000000e+03 0.000000000000000000e+00 0.000000000000000000e+00 3.186962899385549455e-20 0.000000000000000000e+00 0.000000000000000000e+00
3.449000000000000000e+03 0.000000000000000000e+00 0.000000000000000000e+00 2.840823521781766059e-20 0.000000000000000000e+00 0.000000000000000000e+00
3.450000000000000000e+03 0.000000000000000000e+00 0.000000000000000000e+00 2.494684144177982662e-20 0.000000000000000000e+00 0.000000000000000000e+00
3.451000000000000000e+03 0.000000000000000000e+00 0.000000000000000000e+00 2.148544766574199266e-20 0.000000000000000000e+00 0.000000000000000000e+00
3.452000000000000000e+03 0.000000000000000000e+00 0.000000000000000000e+00 1.802405388970415870e-20 0.000000000000000000e+00 0.000000000000000000e+00
3.453000000000000000e+03 0.000000000000000000e+00 0.000000000000000000e+00 1.456266011366632473e-20 0.000000000000000000e+00 0.000000000000000000e+00
3.454000000000000000e+03 0.000000000000000000e+00 0.000000000000000000e+00 1.110126633762849077e-20 0.000000000000000000e+00 0.000000000000000000e+00
3.455000000000000000e+03 0.000000000000000000e+00 0.000000000000000000e+00 1.099100374420656909e-20 0.000000000000000000e+00 0.000000000000000000e+00
3.456000000000000000e+03 0.000000000000000000e+00 0.000000000000000000e+00 1.423187233340056271e-20 0.000000000000000000e+00 0.000000000000000000e+00
3.457000000000000000e+03 0.000000000000000000e+00 0.000000000000000000e+00 1.747274092259455633e-20 0.000000000000000000e+00 0.000000000000000000e+00
3.458000000000000000e+03 0.000000000000000000e+00 0.000000000000000000e+00 2.071360951178854995e-20 0.000000000000000000e+00 0.000000000000000000e+00
3.459000000000000000e+03 0.000000000000000000e+00 0.000000000000000000e+00 2.395447810098254657e-20 0.000000000000000000e+00 0.000000000000000000e+00
3.460000000000000000e+03 0.000000000000000000e+00 0.000000000000000000e+00 2.719534669017653718e-20 0.000000000000000000e+00 0.000000000000000000e+00
3.461000000000000000e+03 0.000000000000000000e+00 0.000000000000000000e+00 3.043621527937053381e-20 0.000000000000000000e+00 0.000000000000000000e+00
3.462000000000000000e+03 0.000000000000000000e+00 0.000000000000000000e+00 3.367708386856452442e-20 0.000000000000000000e+00 0.000000000000000000e+00
3.463000000000000000e+03 0.000000000000000000e+00 0.000000000000000000e+00 3.691795245775852104e-20 0.000000000000000000e+00 0.000000000000000000e+00
3.464000000000000000e+03 0.000000000000000000e+00 0.000000000000000000e+00 4.015882104695251165e-20 0.000000000000000000e+00 0.000000000000000000e+00
3.465000000000000000e+03 0.000000000000000000e+00 0.000000000000000000e+00 3.944872434394579396e-20 0.000000000000000000e+00 0.000000000000000000e+00
3.466000000000000000e+03 0.000000000000000000e+00 0.000000000000000000e+00 3.478766234873834992e-20 0.000000000000000000e+00 0.000000000000000000e+00
3.467000000000000000e+03 0.000000000000000000e+00 0.000000000000000000e+00 3.012660035353091791e-20 0.000000000000000000e+00 0.000000000000000000e+00
3.468000000000000000e+03 0.000000000000000000e+00 0.000000000000000000e+00 2.546553835832347688e-20 0.000000000000000000e+00 0.000000000000000000e+00
3.469000000000000000e+03 0.000000000000000000e+00 0.000000000000000000e+00 2.080447636311603885e-20 0.000000000000000000e+00 0.000000000000000000e+00
3.470000000000000000e+03 0.000000000000000000e+00 0.000000000000000000e+00 1.614341436790860083e-20 0.000000000000000000e+00 0.000000000000000000e+00
3.471000000000000000e+03 0.000000000000000000e+00 0.000000000000000000e+00 1.148235237270116581e-20 0.000000000000000000e+00 0.000000000000000000e+00
3.472000000000000000e+03 0.000000000000000000e+00 0.000000000000000000e+00 6.821290377493721767e-21 0.000000000000000000e+00 0.000000000000000000e+00
3.473000000000000000e+03 0.000000000000000000e+00 0.000000000000000000e+00 2.160228382286289760e-21 0.000000000000000000e+00 0.000000000000000000e+00
3.474000000000000000e+03 0.000000000000000000e+00 0.000000000000000000e+00 -2.500833612921154284e-21 0.000000000000000000e+00 0.000000000000000000e+00
3.475000000000000000e+03 0.000000000000000000e+00 0.000000000000000000e+00 -5.598082020562405146e-21 0.000000000000000000e+00 0.000000000000000000e+00
3.476000000000000000e+03 0.000000000000000000e+00 0.000000000000000000e+00 -7.131516840637476368e-21 0.000000000000000000e+00 0.000000000000000000e+00
3.477000000000000000e+03 0.000000000000000000e+00 0.000000000000000000e+00 -8.664951660712546085e-21 0.000000000000000000e+00 0.000000000000000000e+00
3.478000000000000000e+03 0.000000000000000000e+00 0.000000000000000000e+00 -1.019838648078761580e-20 0.000000000000000000e+00 0.000000000000000000e+00
3.479000000000000000e+03 0.000000000000000000e+00 0.000000000000000000e+00 -1.173182130086268853e-20 0.000000000000000000e+00 0.000000000000000000e+00
3.480000000000000000e+03 0.000000000000000000e+00 0.000000000000000000e+00 -1.326525612093775825e-20 0.000000000000000000e+00 0.000000000000000000e+00
3.481000000000000000e+03 0.000000000000000000e+00 0.000000000000000000e+00 -1.479869094101282796e-20 0.000000000000000000e+00 0.000000000000000000e+00
3.482000000000000000e+03 0.000000000000000000e+00 0.000000000000000000e+00 -1.633212576108790069e-20 0.000000000000000000e+00 0.000000000000000000e+00
3.483000000000000000e+03 0.000000000000000000e+00 0.000000000000000000e+00 -1.786556058116297041e-20 0.000000000000000000e+00 0.000000000000000000e+00
3.484000000000000000e+03 0.000000000000000000e+00 0.000000000000000000e+00 -1.939899540123804012e-20 0.000000000000000000e+00 0.000000000000000000e+00
3.485000000000000000e+03 0.000000000000000000e+00 0.000000000000000000e+00 -1.852455920204600524e-20 0.000000000000000000e+00 0.000000000000000000e+00
3.486000000000000000e+03 0.000000000000000000e+00 0.000000000000000000e+00 -1.524225198358686877e-20 0.000000000000000000e+00 0.000000000000000000e+00
3.487000000000000000e+03 0.000000000000000000e+00 0.000000000000000000e+00 -1.195994476512772778e-20 0.000000000000000000e+00 0.000000000000000000e+00
3.488000000000000000e+03 0.000000000000000000e+00 0.000000000000000000e+00 -8.677637546668588296e-21 0.000000000000000000e+00 0.000000000000000000e+00
3.489000000000000000e+03 0.000000000000000000e+00 0.000000000000000000e+00 -5.395330328209450318e-21 0.000000000000000000e+00 0.000000000000000000e+00
3.490000000000000000e+03 0.000000000000000000e+00 0.000000000000000000e+00 -2.113023109750307825e-21 0.000000000000000000e+00 0.000000000000000000e+00
3.491000000000000000e+03 0.000000000000000000e+00 0.000000000000000000e+00 1.169284108708828648e-21 0.000000000000000000e+00 0.000000000000000000e+00
3.492000000000000000e+03 0.000000000000000000e+00 0.000000000000000000e+00 4.451591327167971141e-21 0.000000000000000000e+00 0.000000000000000000e+00
3.493000000000000000e+03 0.000000000000000000e+00 0.000000000000000000e+00 7.733898545627107615e-21 0.000000000000000000e+00 0.000000000000000000e+00
3.494000000000000000e+03 0.000000000000000000e+00 0.000000000000000000e+00 1.101620576408625011e-20 0.000000000000000000e+00 0.000000000000000000e+00
3.495000000000000000e+03 0.000000000000000000e+00 0.000000000000000000e+00 1.429851298254538658e-20 0.000000000000000000e+00 0.000000000000000000e+00
3.496000000000000000e+03 0.000000000000000000e+00 0.000000000000000000e+00 1.429851298254538658e-20 0.000000000000000000e+00 0.000000000000000000e+00
3.497000000000000000e+03 0.000000000000000000e+00 0.000000000000000000e+00 1.429851298254538658e-20 0.000000000000000000e+00 0.000000000000000000e+00
3.498000000000000000e+03 0.000000000000000000e+00 0.000000000000000000e+00 1.429851298254538658e-20 0.000000000000000000e+00 0.000000000000000000e+00
3.499000000000000000e+03 0.000000000000000000e+00 0.000000000000000000e+00 1.429851298254538658e-20 0.000000000000000000e+00 0.000000000000000000e+00
3.500000000000000000e+03 0.000000000000000000e+00 0.000000000000000000e+00 1.429851298254538658e-20 0.000000000000000000e+00 0.000000000000000000e+00
