2.000000000000000000e+00 1.015330000000000041e+03 2.618300000000000072e+00 3.086169999999999886e-02
3.000000000000000000e+00 9.617559999999999718e+02 2.932589999999999808e+00 3.962750000000000300e-02
4.000000000000000000e+00 9.108769999999999527e+02 2.751529999999999809e+00 3.444169999999999870e-02
5.000000000000000000e+00 8.729049999999999727e+02 2.344139999999999890e+00 2.305770000000000042e-02
6.000000000000000000e+00 8.469189999999999827e+02 1.889070000000000027e+00 1.293039999999999988e-02
7.000000000000000000e+00 8.303400000000000318e+02 1.483859999999999957e+00 6.989050000000000124e-03
8.000000000000000000e+00 8.206159999999999854e+02 1.171790000000000109e+00 4.497459999999999999e-03
9.000000000000000000e+00 8.162590000000000146e+02 9.621300000000000407e-01 3.607720000000000024e-03
1.000000000000000000e+01 8.156979999999999791e+02 8.453950000000000076e-01 3.085449999999999998e-03
1.100000000000000000e+01 8.180549999999999500e+02 8.019579999999999487e-01 2.606250000000000060e-03
1.200000000000000000e+01 8.228170000000000073e+02 8.099690000000000500e-01 2.281109999999999822e-03
1.300000000000000000e+01 8.293559999999999945e+02 8.492250000000000076e-01 2.194129999999999865e-03
1.400000000000000000e+01 8.372889999999999873e+02 9.043080000000000007e-01 2.289069999999999820e-03
1.500000000000000000e+01 8.462920000000000300e+02 9.652269999999999461e-01 2.477930000000000150e-03
1.600000000000000000e+01 8.563959999999999582e+02 1.027649999999999952e+00 2.740520000000000195e-03
1.700000000000000000e+01 8.673890000000000100e+02 1.089239999999999986e+00 3.115660000000000131e-03
1.800000000000000000e+01 8.786860000000000355e+02 1.150800000000000045e+00 3.644109999999999884e-03
1.900000000000000000e+01 8.914349999999999454e+02 1.218120000000000092e+00 4.336190000000000183e-03
2.000000000000000000e+01 9.042720000000000482e+02 1.287809999999999899e+00 5.175349999999999569e-03
2.100000000000000000e+01 9.177459999999999809e+02 1.361680000000000001e+00 6.148439999999999808e-03
2.200000000000000000e+01 9.316799999999999500e+02 1.437240000000000073e+00 7.260009999999999901e-03
2.300000000000000000e+01 9.456779999999999973e+02 1.513169999999999904e+00 8.509680000000000369e-03
2.400000000000000000e+01 9.600950000000000273e+02 1.587949999999999973e+00 9.901099999999999485e-03
2.500000000000000000e+01 9.751000000000000227e+02 1.653680000000000039e+00 1.142800000000000066e-02
2.600000000000000000e+01 9.902129999999999654e+02 1.713410000000000100e+00 1.309289999999999933e-02
2.700000000000000000e+01 1.005769999999999982e+03 1.767439999999999900e+00 1.492029999999999919e-02
2.800000000000000000e+01 1.021529999999999973e+03 1.810829999999999940e+00 1.691700000000000148e-02
2.900000000000000000e+01 1.037509999999999991e+03 1.849580000000000002e+00 1.909900000000000139e-02
3.000000000000000000e+01 1.054009999999999991e+03 1.877750000000000030e+00 2.148229999999999931e-02
3.100000000000000000e+01 1.070319999999999936e+03 1.904479999999999951e+00 2.406439999999999968e-02
3.200000000000000000e+01 1.087150000000000091e+03 1.923359999999999959e+00 2.686840000000000062e-02
3.300000000000000000e+01 1.103970000000000027e+03 1.935079999999999911e+00 2.986950000000000022e-02
3.400000000000000000e+01 1.120819999999999936e+03 1.942890000000000006e+00 3.310289999999999760e-02
3.500000000000000000e+01 1.138420000000000073e+03 1.936269999999999936e+00 3.655440000000000078e-02
3.600000000000000000e+01 1.155940000000000055e+03 1.923550000000000093e+00 4.022939999999999849e-02
3.700000000000000000e+01 1.173730000000000018e+03 1.898239999999999927e+00 4.415070000000000106e-02
3.800000000000000000e+01 1.191680000000000064e+03 1.862230000000000052e+00 4.831169999999999909e-02
3.900000000000000000e+01 1.209769999999999982e+03 1.815930000000000044e+00 5.271719999999999878e-02
4.000000000000000000e+01 1.228039999999999964e+03 1.758399999999999963e+00 5.737740000000000201e-02
4.100000000000000000e+01 1.246509999999999991e+03 1.689089999999999980e+00 6.230200000000000321e-02
4.200000000000000000e+01 1.265170000000000073e+03 1.608999999999999986e+00 6.749769999999999381e-02
4.300000000000000000e+01 1.284000000000000000e+03 1.519120000000000026e+00 7.297049999999999370e-02
4.400000000000000000e+01 1.303029999999999973e+03 1.418849999999999945e+00 7.872410000000000518e-02
4.500000000000000000e+01 1.322269999999999982e+03 1.307250000000000023e+00 8.475929999999999576e-02
4.600000000000000000e+01 1.341690000000000055e+03 1.183859999999999912e+00 9.107529999999999792e-02
4.700000000000000000e+01 1.361250000000000000e+03 1.048110000000000097e+00 9.767589999999999606e-02
4.800000000000000000e+01 1.380960000000000036e+03 8.994090000000000140e-01 1.045589999999999992e-01
4.900000000000000000e+01 1.400799999999999955e+03 7.372239999999999904e-01 1.117230000000000029e-01
5.000000000000000000e+01 1.420859999999999900e+03 5.611690000000000289e-01 1.191750000000000032e-01
5.100000000000000000e+01 1.441180000000000064e+03 3.711630000000000207e-01 1.269230000000000080e-01
5.200000000000000000e+01 1.461730000000000018e+03 1.681370000000000087e-01 1.349710000000000076e-01
5.300000000000000000e+01 1.482420000000000073e+03 -4.693409999999999943e-02 1.433169999999999999e-01
5.400000000000000000e+01 1.503220000000000027e+03 -2.739320000000000088e-01 1.519600000000000117e-01
5.500000000000000000e+01 1.524119999999999891e+03 -5.131080000000000085e-01 1.608989999999999865e-01
5.600000000000000000e+01 1.545240000000000009e+03 -7.653590000000000115e-01 1.701290000000000024e-01
5.700000000000000000e+01 1.566670000000000073e+03 -1.031590000000000007e+00 1.796480000000000021e-01
5.800000000000000000e+01 1.588369999999999891e+03 -1.312049999999999939e+00 1.894569999999999865e-01
5.900000000000000000e+01 1.610279999999999973e+03 -1.606670000000000043e+00 1.995570000000000122e-01
6.000000000000000000e+01 1.632359999999999900e+03 -1.914989999999999970e+00 2.099429999999999907e-01
6.100000000000000000e+01 1.654630000000000109e+03 -2.236530000000000129e+00 2.206089999999999995e-01
6.200000000000000000e+01 1.677089999999999918e+03 -2.571140000000000203e+00 2.315510000000000068e-01
6.300000000000000000e+01 1.699750000000000000e+03 -2.918740000000000112e+00 2.427680000000000116e-01
6.400000000000000000e+01 1.722589999999999918e+03 -3.279269999999999907e+00 2.542550000000000088e-01
6.500000000000000000e+01 1.745640000000000100e+03 -3.652709999999999901e+00 2.660120000000000262e-01
6.600000000000000000e+01 1.768930000000000064e+03 -4.039179999999999993e+00 2.780309999999999726e-01
6.700000000000000000e+01 1.792450000000000045e+03 -4.438419999999999810e+00 2.903040000000000065e-01
6.800000000000000000e+01 1.816190000000000055e+03 -4.850089999999999790e+00 3.028219999999999801e-01
6.900000000000000000e+01 1.840140000000000100e+03 -5.273880000000000123e+00 3.155769999999999964e-01
7.000000000000000000e+01 1.864279999999999973e+03 -5.709670000000000023e+00 3.285609999999999919e-01
7.100000000000000000e+01 1.888619999999999891e+03 -6.157499999999999751e+00 3.417689999999999895e-01
7.200000000000000000e+01 1.913230000000000018e+03 -6.617919999999999803e+00 3.551969999999999850e-01
7.300000000000000000e+01 1.938180000000000064e+03 -7.091380000000000017e+00 3.688409999999999744e-01
7.400000000000000000e+01 1.963450000000000045e+03 -7.577239999999999753e+00 3.826890000000000014e-01
7.500000000000000000e+01 1.988990000000000009e+03 -8.074559999999999960e+00 3.967300000000000271e-01
7.600000000000000000e+01 2.014740000000000009e+03 -8.582440000000000069e+00 4.109499999999999820e-01
7.700000000000000000e+01 2.040589999999999918e+03 -9.099700000000000344e+00 4.253390000000000226e-01
7.800000000000000000e+01 2.066559999999999945e+03 -9.626329999999999387e+00 4.398880000000000012e-01
7.900000000000000000e+01 2.092719999999999800e+03 -1.016259999999999941e+01 4.545870000000000188e-01
8.000000000000000000e+01 2.119130000000000109e+03 -1.070889999999999986e+01 4.694249999999999812e-01
8.100000000000000000e+01 2.145840000000000146e+03 -1.126539999999999964e+01 4.843939999999999912e-01
8.200000000000000000e+01 2.172849999999999909e+03 -1.183150000000000013e+01 4.994810000000000083e-01
8.300000000000000000e+01 2.200139999999999873e+03 -1.240700000000000003e+01 5.146730000000000471e-01
8.400000000000000000e+01 2.227699999999999818e+03 -1.299109999999999943e+01 5.299559999999999826e-01
8.500000000000000000e+01 2.255500000000000000e+03 -1.358339999999999925e+01 5.453170000000000517e-01
8.600000000000000000e+01 2.283550000000000182e+03 -1.418319999999999936e+01 5.607450000000000490e-01
8.700000000000000000e+01 2.311789999999999964e+03 -1.479020000000000046e+01 5.762260000000000160e-01
8.800000000000000000e+01 2.340230000000000018e+03 -1.540370000000000061e+01 5.917499999999999982e-01
8.900000000000000000e+01 2.368869999999999891e+03 -1.602329999999999899e+01 6.073030000000000372e-01
9.000000000000000000e+01 2.397710000000000036e+03 -1.664870000000000161e+01 6.228700000000000347e-01
9.100000000000000000e+01 2.426760000000000218e+03 -1.727949999999999875e+01 6.384379999999999500e-01
9.200000000000000000e+01 2.456039999999999964e+03 -1.791540000000000177e+01 6.539930000000000465e-01
9.300000000000000000e+01 2.485539999999999964e+03 -1.855590000000000117e+01 6.695189999999999753e-01
9.400000000000000000e+01 2.515269999999999982e+03 -1.920070000000000121e+01 6.850049999999999750e-01
9.500000000000000000e+01 2.545230000000000018e+03 -1.984939999999999927e+01 7.004340000000000011e-01
9.600000000000000000e+01 2.575420000000000073e+03 -2.050140000000000029e+01 7.157930000000000126e-01
9.700000000000000000e+01 2.605829999999999927e+03 -2.115640000000000143e+01 7.310659999999999936e-01
9.800000000000000000e+01 2.636480000000000018e+03 -2.181390000000000029e+01 7.462400000000000144e-01
9.900000000000000000e+01 2.667349999999999909e+03 -2.247329999999999828e+01 7.612980000000000302e-01
1.000000000000000000e+02 2.698429999999999836e+03 -2.313410000000000011e+01 7.762310000000000043e-01
1.010000000000000000e+02 2.729739999999999782e+03 -2.379589999999999961e+01 7.910220000000000029e-01
1.020000000000000000e+02 2.761250000000000000e+03 -2.445830000000000126e+01 8.056499999999999773e-01
1.030000000000000000e+02 2.792969999999999800e+03 -2.512049999999999983e+01 8.201159999999999561e-01
1.040000000000000000e+02 2.824889999999999873e+03 -2.578209999999999980e+01 8.343880000000000186e-01
1.050000000000000000e+02 2.857000000000000000e+03 -2.644249999999999901e+01 8.484610000000000207e-01
1.060000000000000000e+02 2.889300000000000182e+03 -2.710109999999999886e+01 8.623189999999999467e-01
1.070000000000000000e+02 2.921769999999999982e+03 -2.775740000000000052e+01 8.759559999999999569e-01
1.080000000000000000e+02 2.954400000000000091e+03 -2.841069999999999851e+01 8.893480000000000274e-01
1.090000000000000000e+02 2.987190000000000055e+03 -2.906050000000000111e+01 9.024889999999999857e-01
1.100000000000000000e+02 3.020139999999999873e+03 -2.970629999999999882e+01 9.153559999999999475e-01
1.110000000000000000e+02 3.053219999999999800e+03 -3.034759999999999991e+01 9.279429999999999623e-01
1.120000000000000000e+02 3.086460000000000036e+03 -3.098349999999999937e+01 9.402420000000000222e-01
1.130000000000000000e+02 3.119820000000000164e+03 -3.161380000000000123e+01 9.522300000000000209e-01
1.140000000000000000e+02 3.153309999999999945e+03 -3.223780000000000001e+01 9.638929999999999998e-01
1.150000000000000000e+02 3.186929999999999836e+03 -3.285490000000000066e+01 9.752309999999999590e-01
1.160000000000000000e+02 3.220659999999999854e+03 -3.346470000000000056e+01 9.862290000000000223e-01
1.170000000000000000e+02 3.254510000000000218e+03 -3.406660000000000110e+01 9.968639999999999723e-01
1.180000000000000000e+02 3.288460000000000036e+03 -3.465979999999999706e+01 1.007139999999999924e+00
1.190000000000000000e+02 3.322500000000000000e+03 -3.524410000000000309e+01 1.017030000000000101e+00
1.200000000000000000e+02 3.356639999999999873e+03 -3.581889999999999930e+01 1.026540000000000008e+00
1.210000000000000000e+02 3.390860000000000127e+03 -3.638340000000000174e+01 1.035660000000000025e+00
1.220000000000000000e+02 3.425139999999999873e+03 -3.693730000000000047e+01 1.044359999999999955e+00
1.230000000000000000e+02 3.459500000000000000e+03 -3.748010000000000019e+01 1.052650000000000086e+00
1.240000000000000000e+02 3.493920000000000073e+03 -3.801100000000000279e+01 1.060510000000000064e+00
1.250000000000000000e+02 3.528380000000000109e+03 -3.852969999999999828e+01 1.067939999999999889e+00
1.260000000000000000e+02 3.562889999999999873e+03 -3.903560000000000230e+01 1.074929999999999941e+00
1.270000000000000000e+02 3.597440000000000055e+03 -3.952819999999999823e+01 1.081479999999999997e+00
1.280000000000000000e+02 3.632010000000000218e+03 -4.000690000000000168e+01 1.087560000000000082e+00
1.290000000000000000e+02 3.666599999999999909e+03 -4.047140000000000271e+01 1.093190000000000106e+00
1.300000000000000000e+02 3.701199999999999818e+03 -4.092099999999999937e+01 1.098349999999999937e+00
1.310000000000000000e+02 3.735800000000000182e+03 -4.135520000000000351e+01 1.103029999999999955e+00
1.320000000000000000e+02 3.770400000000000091e+03 -4.177349999999999852e+01 1.107229999999999936e+00
1.330000000000000000e+02 3.804980000000000018e+03 -4.217549999999999955e+01 1.110950000000000104e+00
1.340000000000000000e+02 3.839550000000000182e+03 -4.256069999999999709e+01 1.114200000000000079e+00
1.350000000000000000e+02 3.874079999999999927e+03 -4.292860000000000298e+01 1.116950000000000109e+00
1.360000000000000000e+02 3.908570000000000164e+03 -4.327870000000000061e+01 1.119210000000000038e+00
1.370000000000000000e+02 3.943030000000000200e+03 -4.361050000000000182e+01 1.120980000000000087e+00
1.380000000000000000e+02 3.977420000000000073e+03 -4.392369999999999663e+01 1.122270000000000101e+00
1.390000000000000000e+02 4.011750000000000000e+03 -4.421770000000000067e+01 1.123050000000000104e+00
1.400000000000000000e+02 4.046019999999999982e+03 -4.449219999999999686e+01 1.123350000000000071e+00
1.410000000000000000e+02 4.080210000000000036e+03 -4.474680000000000035e+01 1.123159999999999936e+00
1.420000000000000000e+02 4.114310000000000400e+03 -4.498100000000000165e+01 1.122479999999999922e+00
1.430000000000000000e+02 4.148319999999999709e+03 -4.519440000000000168e+01 1.121310000000000029e+00
1.440000000000000000e+02 4.182220000000000255e+03 -4.538669999999999760e+01 1.119669999999999943e+00
1.450000000000000000e+02 4.216010000000000218e+03 -4.555729999999999791e+01 1.117539999999999978e+00
1.460000000000000000e+02 4.249659999999999854e+03 -4.570600000000000307e+01 1.114929999999999977e+00
1.470000000000000000e+02 4.283170000000000073e+03 -4.583229999999999649e+01 1.111869999999999914e+00
1.480000000000000000e+02 4.316510000000000218e+03 -4.593580000000000041e+01 1.108340000000000103e+00
1.490000000000000000e+02 4.349680000000000291e+03 -4.601599999999999824e+01 1.104349999999999943e+00
1.500000000000000000e+02 4.382659999999999854e+03 -4.607269999999999754e+01 1.099920000000000009e+00
1.510000000000000000e+02 4.415430000000000291e+03 -4.610529999999999973e+01 1.095040000000000013e+00
1.520000000000000000e+02 4.448000000000000000e+03 -4.611379999999999768e+01 1.089739999999999931e+00
1.530000000000000000e+02 4.480340000000000146e+03 -4.609770000000000323e+01 1.084009999999999918e+00
1.540000000000000000e+02 4.512470000000000255e+03 -4.605689999999999884e+01 1.077879999999999949e+00
1.550000000000000000e+02 4.544369999999999891e+03 -4.599110000000000298e+01 1.071350000000000025e+00
1.560000000000000000e+02 4.576050000000000182e+03 -4.590010000000000190e+01 1.064440000000000053e+00
1.570000000000000000e+02 4.607479999999999563e+03 -4.578349999999999653e+01 1.057139999999999969e+00
1.580000000000000000e+02 4.638680000000000291e+03 -4.564130000000000109e+01 1.049500000000000099e+00
1.590000000000000000e+02 4.669630000000000109e+03 -4.547310000000000230e+01 1.041500000000000092e+00
1.600000000000000000e+02 4.700319999999999709e+03 -4.527879999999999683e+01 1.033179999999999987e+00
1.610000000000000000e+02 4.730720000000000255e+03 -4.505810000000000315e+01 1.024540000000000006e+00
1.620000000000000000e+02 4.760829999999999927e+03 -4.481099999999999994e+01 1.015609999999999902e+00
1.630000000000000000e+02 4.790649999999999636e+03 -4.453699999999999903e+01 1.006399999999999961e+00
1.640000000000000000e+02 4.820140000000000327e+03 -4.423619999999999663e+01 9.969270000000000076e-01
1.650000000000000000e+02 4.849319999999999709e+03 -4.390829999999999700e+01 9.872079999999999744e-01
1.660000000000000000e+02 4.878149999999999636e+03 -4.355319999999999681e+01 9.772640000000000216e-01
1.670000000000000000e+02 4.906640000000000327e+03 -4.317069999999999652e+01 9.671189999999999509e-01
1.680000000000000000e+02 4.934779999999999745e+03 -4.276100000000000279e+01 9.567940000000000333e-01
1.690000000000000000e+02 4.962560000000000400e+03 -4.232379999999999853e+01 9.463120000000000420e-01
1.700000000000000000e+02 4.989970000000000255e+03 -4.185920000000000130e+01 9.356889999999999930e-01
1.710000000000000000e+02 5.016989999999999782e+03 -4.136699999999999733e+01 9.249519999999999964e-01
1.720000000000000000e+02 5.043640000000000327e+03 -4.084720000000000084e+01 9.141259999999999941e-01
1.730000000000000000e+02 5.069890000000000327e+03 -4.029979999999999762e+01 9.032320000000000348e-01
1.740000000000000000e+02 5.095729999999999563e+03 -3.972469999999999857e+01 8.922930000000000028e-01
1.750000000000000000e+02 5.121170000000000073e+03 -3.912219999999999942e+01 8.813450000000000450e-01
1.760000000000000000e+02 5.146180000000000291e+03 -3.849210000000000065e+01 8.704039999999999555e-01
1.770000000000000000e+02 5.170760000000000218e+03 -3.783449999999999847e+01 8.595070000000000210e-01
1.780000000000000000e+02 5.194890000000000327e+03 -3.714939999999999998e+01 8.486759999999999859e-01
1.790000000000000000e+02 5.218579999999999927e+03 -3.643679999999999808e+01 8.379330000000000389e-01
1.800000000000000000e+02 5.241819999999999709e+03 -3.569689999999999941e+01 8.273150000000000226e-01
1.810000000000000000e+02 5.264600000000000364e+03 -3.492990000000000350e+01 8.168530000000000513e-01
1.820000000000000000e+02 5.286909999999999854e+03 -3.413580000000000325e+01 8.065750000000000419e-01
1.830000000000000000e+02 5.308739999999999782e+03 -3.331470000000000198e+01 7.965050000000000185e-01
1.840000000000000000e+02 5.330090000000000146e+03 -3.246699999999999875e+01 7.866790000000000171e-01
1.850000000000000000e+02 5.350960000000000036e+03 -3.159250000000000114e+01 7.771339999999999915e-01
1.860000000000000000e+02 5.371319999999999709e+03 -3.069160000000000110e+01 7.678920000000000190e-01
1.870000000000000000e+02 5.391180000000000291e+03 -2.976439999999999841e+01 7.589850000000000207e-01
1.880000000000000000e+02 5.410529999999999745e+03 -2.881129999999999924e+01 7.504520000000000080e-01
1.890000000000000000e+02 5.429369999999999891e+03 -2.783220000000000027e+01 7.423229999999999551e-01
1.900000000000000000e+02 5.447680000000000291e+03 -2.682770000000000010e+01 7.346340000000000092e-01
1.910000000000000000e+02 5.465460000000000036e+03 -2.579789999999999850e+01 7.274159999999999515e-01
1.920000000000000000e+02 5.482699999999999818e+03 -2.474289999999999878e+01 7.207040000000000113e-01
1.930000000000000000e+02 5.499380000000000109e+03 -2.366310000000000002e+01 7.145310000000000272e-01
1.940000000000000000e+02 5.515529999999999745e+03 -2.255880000000000152e+01 7.089320000000000066e-01
1.950000000000000000e+02 5.531119999999999891e+03 -2.143039999999999878e+01 7.039440000000000142e-01
1.960000000000000000e+02 5.546149999999999636e+03 -2.027830000000000155e+01 6.996019999999999461e-01
1.970000000000000000e+02 5.560630000000000109e+03 -1.910269999999999868e+01 6.959419999999999495e-01
1.980000000000000000e+02 5.574550000000000182e+03 -1.790409999999999968e+01 6.929999999999999494e-01
1.990000000000000000e+02 5.587899999999999636e+03 -1.668280000000000030e+01 6.908119999999999816e-01
2.000000000000000000e+02 5.600680000000000291e+03 -1.543919999999999959e+01 6.894139999999999713e-01
2.010000000000000000e+02 5.612880000000000109e+03 -1.417370000000000019e+01 6.888419999999999543e-01
2.020000000000000000e+02 5.624500000000000000e+03 -1.288669999999999938e+01 6.891319999999999668e-01
2.030000000000000000e+02 5.635520000000000437e+03 -1.157859999999999978e+01 6.903219999999999912e-01
2.040000000000000000e+02 5.645930000000000291e+03 -1.024980000000000047e+01 6.924470000000000347e-01
2.050000000000000000e+02 5.655720000000000255e+03 -8.900819999999999510e+00 6.955449999999999688e-01
2.060000000000000000e+02 5.664890000000000327e+03 -7.532009999999999650e+00 6.996499999999999941e-01
2.070000000000000000e+02 5.673420000000000073e+03 -6.143769999999999953e+00 7.048010000000000108e-01
2.080000000000000000e+02 5.681310000000000400e+03 -4.736679999999999779e+00 7.110330000000000261e-01
2.090000000000000000e+02 5.688590000000000146e+03 -3.311280000000000001e+00 7.183819999999999650e-01
2.100000000000000000e+02 5.695229999999999563e+03 -1.868130000000000068e+00 7.268860000000000321e-01
2.110000000000000000e+02 5.701260000000000218e+03 -4.077879999999999838e-01 7.365819999999999590e-01
2.120000000000000000e+02 5.706680000000000291e+03 1.069190000000000085e+00 7.475030000000000285e-01
2.130000000000000000e+02 5.711489999999999782e+03 2.562260000000000204e+00 7.596880000000000299e-01
2.140000000000000000e+02 5.715710000000000036e+03 4.070839999999999570e+00 7.731729999999999992e-01
2.150000000000000000e+02 5.719319999999999709e+03 5.594369999999999621e+00 7.879890000000000505e-01
2.160000000000000000e+02 5.722329999999999927e+03 7.132229999999999848e+00 8.041789999999999772e-01
2.170000000000000000e+02 5.724720000000000255e+03 8.683820000000000761e+00 8.217729999999999757e-01
2.180000000000000000e+02 5.726489999999999782e+03 1.024859999999999971e+01 8.407999999999999918e-01
2.190000000000000000e+02 5.727649999999999636e+03 1.182600000000000051e+01 8.613060000000000160e-01
2.200000000000000000e+02 5.728170000000000073e+03 1.341530000000000022e+01 8.833180000000000476e-01
2.210000000000000000e+02 5.728079999999999927e+03 1.501600000000000001e+01 9.068669999999999787e-01
2.220000000000000000e+02 5.727350000000000364e+03 1.662740000000000151e+01 9.319969999999999644e-01
2.230000000000000000e+02 5.725989999999999782e+03 1.824889999999999901e+01 9.587290000000000534e-01
2.240000000000000000e+02 5.724010000000000218e+03 1.987979999999999947e+01 9.870999999999999774e-01
2.250000000000000000e+02 5.721409999999999854e+03 2.151950000000000074e+01 1.017130000000000090e+00
2.260000000000000000e+02 5.718180000000000291e+03 2.316730000000000089e+01 1.048869999999999969e+00
2.270000000000000000e+02 5.714340000000000146e+03 2.482250000000000156e+01 1.082340000000000080e+00
2.280000000000000000e+02 5.709869999999999891e+03 2.648440000000000083e+01 1.117569999999999952e+00
2.290000000000000000e+02 5.704779999999999745e+03 2.815240000000000009e+01 1.154590000000000005e+00
2.300000000000000000e+02 5.699079999999999927e+03 2.982590000000000074e+01 1.193429999999999991e+00
2.310000000000000000e+02 5.692760000000000218e+03 3.150400000000000134e+01 1.234110000000000040e+00
2.320000000000000000e+02 5.685840000000000146e+03 3.318610000000000326e+01 1.276669999999999972e+00
2.330000000000000000e+02 5.678310000000000400e+03 3.487149999999999750e+01 1.321120000000000072e+00
2.340000000000000000e+02 5.670159999999999854e+03 3.655939999999999657e+01 1.367499999999999938e+00
2.350000000000000000e+02 5.661409999999999854e+03 3.824920000000000186e+01 1.415829999999999922e+00
2.360000000000000000e+02 5.652050000000000182e+03 3.994019999999999726e+01 1.466150000000000064e+00
2.370000000000000000e+02 5.642100000000000364e+03 4.163150000000000261e+01 1.518459999999999921e+00
2.380000000000000000e+02 5.631550000000000182e+03 4.332260000000000133e+01 1.572780000000000067e+00
2.390000000000000000e+02 5.620409999999999854e+03 4.501259999999999906e+01 1.629140000000000033e+00
2.400000000000000000e+02 5.608680000000000291e+03 4.670069999999999766e+01 1.687570000000000014e+00
2.410000000000000000e+02 5.596359999999999673e+03 4.838629999999999853e+01 1.748080000000000078e+00
2.420000000000000000e+02 5.583460000000000036e+03 5.006869999999999976e+01 1.810689999999999911e+00
2.430000000000000000e+02 5.569989999999999782e+03 5.174699999999999989e+01 1.875420000000000087e+00
2.440000000000000000e+02 5.555939999999999600e+03 5.342060000000000031e+01 1.942280000000000006e+00
2.450000000000000000e+02 5.541329999999999927e+03 5.508879999999999910e+01 2.011299999999999866e+00
2.460000000000000000e+02 5.526159999999999854e+03 5.675090000000000146e+01 2.082479999999999887e+00
2.470000000000000000e+02 5.510439999999999600e+03 5.840610000000000213e+01 2.155839999999999979e+00
2.480000000000000000e+02 5.494170000000000073e+03 6.005360000000000298e+01 2.231399999999999828e+00
2.490000000000000000e+02 5.477359999999999673e+03 6.169279999999999831e+01 2.309159999999999879e+00
2.500000000000000000e+02 5.460020000000000437e+03 6.332300000000000040e+01 2.389149999999999885e+00
2.510000000000000000e+02 5.442140000000000327e+03 6.494320000000000448e+01 2.471340000000000092e+00
2.520000000000000000e+02 5.423729999999999563e+03 6.655280000000000484e+01 2.555779999999999941e+00
2.530000000000000000e+02 5.404779999999999745e+03 6.815099999999999625e+01 2.642440000000000122e+00
2.540000000000000000e+02 5.385319999999999709e+03 6.973680000000000234e+01 2.731360000000000010e+00
2.550000000000000000e+02 5.365329999999999927e+03 7.130970000000000653e+01 2.822509999999999852e+00
2.560000000000000000e+02 5.344829999999999927e+03 7.286870000000000402e+01 2.915919999999999845e+00
2.570000000000000000e+02 5.323810000000000400e+03 7.441339999999999577e+01 3.011579999999999924e+00
2.580000000000000000e+02 5.302300000000000182e+03 7.594270000000000209e+01 3.109480000000000022e+00
2.590000000000000000e+02 5.280310000000000400e+03 7.745690000000000452e+01 3.209639999999999826e+00
2.600000000000000000e+02 5.257850000000000364e+03 7.895399999999999352e+01 3.312059999999999782e+00
2.610000000000000000e+02 5.234930000000000291e+03 8.043470000000000653e+01 3.416720000000000201e+00
2.620000000000000000e+02 5.211560000000000400e+03 8.189740000000000464e+01 3.523639999999999883e+00
2.630000000000000000e+02 5.187760000000000218e+03 8.334220000000000539e+01 3.632800000000000029e+00
2.640000000000000000e+02 5.163539999999999964e+03 8.476760000000000161e+01 3.744209999999999816e+00
2.650000000000000000e+02 5.138890000000000327e+03 8.617430000000000234e+01 3.857839999999999936e+00
2.660000000000000000e+02 5.113819999999999709e+03 8.756019999999999470e+01 3.973689999999999944e+00
2.670000000000000000e+02 5.088340000000000146e+03 8.892449999999999477e+01 4.091739999999999711e+00
2.680000000000000000e+02 5.062460000000000036e+03 9.026789999999999736e+01 4.211990000000000123e+00
2.690000000000000000e+02 5.036180000000000291e+03 9.158830000000000382e+01 4.334419999999999717e+00
2.700000000000000000e+02 5.009500000000000000e+03 9.288630000000000564e+01 4.459010000000000140e+00
2.710000000000000000e+02 4.982439999999999600e+03 9.415980000000000416e+01 4.585759999999999614e+00
2.720000000000000000e+02 4.955010000000000218e+03 9.540949999999999420e+01 4.714649999999999785e+00
2.730000000000000000e+02 4.927220000000000255e+03 9.663389999999999702e+01 4.845650000000000013e+00
2.740000000000000000e+02 4.899079999999999927e+03 9.783379999999999654e+01 4.978740000000000165e+00
2.750000000000000000e+02 4.870579999999999927e+03 9.900690000000000168e+01 5.113909999999999734e+00
2.760000000000000000e+02 4.841770000000000437e+03 1.001539999999999964e+02 5.251129999999999853e+00
2.770000000000000000e+02 4.812640000000000327e+03 1.012740000000000009e+02 5.390380000000000393e+00
2.780000000000000000e+02 4.783189999999999600e+03 1.023649999999999949e+02 5.531649999999999956e+00
2.790000000000000000e+02 4.753439999999999600e+03 1.034290000000000020e+02 5.674890000000000434e+00
2.800000000000000000e+02 4.723399999999999636e+03 1.044639999999999986e+02 5.820070000000000299e+00
2.810000000000000000e+02 4.693079999999999927e+03 1.054710000000000036e+02 5.967179999999999929e+00
2.820000000000000000e+02 4.662489999999999782e+03 1.064470000000000027e+02 6.116170000000000329e+00
2.830000000000000000e+02 4.631649999999999636e+03 1.073930000000000007e+02 6.267019999999999591e+00
2.840000000000000000e+02 4.600550000000000182e+03 1.083080000000000069e+02 6.419710000000000250e+00
2.850000000000000000e+02 4.569210000000000036e+03 1.091919999999999931e+02 6.574180000000000135e+00
2.860000000000000000e+02 4.537640000000000327e+03 1.100450000000000017e+02 6.730419999999999625e+00
2.870000000000000000e+02 4.505850000000000364e+03 1.108659999999999997e+02 6.888359999999999594e+00
2.880000000000000000e+02 4.473859999999999673e+03 1.116539999999999964e+02 7.048000000000000043e+00
2.890000000000000000e+02 4.441659999999999854e+03 1.124090000000000060e+02 7.209270000000000067e+00
2.900000000000000000e+02 4.409279999999999745e+03 1.131310000000000002e+02 7.372150000000000425e+00
2.910000000000000000e+02 4.376729999999999563e+03 1.138199999999999932e+02 7.536620000000000097e+00
2.920000000000000000e+02 4.344010000000000218e+03 1.144740000000000038e+02 7.702530000000000321e+00
2.930000000000000000e+02 4.311119999999999891e+03 1.150949999999999989e+02 7.869959999999999845e+00
2.940000000000000000e+02 4.278100000000000364e+03 1.156800000000000068e+02 8.038840000000000430e+00
2.950000000000000000e+02 4.244920000000000073e+03 1.162300000000000040e+02 8.209030000000000271e+00
2.960000000000000000e+02 4.211619999999999891e+03 1.167450000000000045e+02 8.380580000000000140e+00
2.970000000000000000e+02 4.178189999999999600e+03 1.172229999999999990e+02 8.553359999999999630e+00
2.980000000000000000e+02 4.144659999999999854e+03 1.176640000000000015e+02 8.727370000000000516e+00
2.990000000000000000e+02 4.111020000000000437e+03 1.180699999999999932e+02 8.902530000000000499e+00
3.000000000000000000e+02 4.077300000000000182e+03 1.184380000000000024e+02 9.078760000000000829e+00
3.010000000000000000e+02 4.043489999999999782e+03 1.187699999999999960e+02 9.256140000000000256e+00
3.020000000000000000e+02 4.009619999999999891e+03 1.190649999999999977e+02 9.434459999999999624e+00
3.030000000000000000e+02 3.975699999999999818e+03 1.193229999999999933e+02 9.613770000000000593e+00
3.040000000000000000e+02 3.941739999999999782e+03 1.195439999999999969e+02 9.794010000000000105e+00
3.050000000000000000e+02 3.907750000000000000e+03 1.197270000000000039e+02 9.975110000000000809e+00
3.060000000000000000e+02 3.873739999999999782e+03 1.198730000000000047e+02 1.015709999999999980e+01
3.070000000000000000e+02 3.839719999999999800e+03 1.199819999999999993e+02 1.033970000000000056e+01
3.080000000000000000e+02 3.805710000000000036e+03 1.200520000000000067e+02 1.052309999999999945e+01
3.090000000000000000e+02 3.771710000000000036e+03 1.200849999999999937e+02 1.070710000000000051e+01
3.100000000000000000e+02 3.737719999999999800e+03 1.200810000000000031e+02 1.089160000000000039e+01
3.110000000000000000e+02 3.703769999999999982e+03 1.200370000000000061e+02 1.107659999999999911e+01
3.120000000000000000e+02 3.669849999999999909e+03 1.199560000000000031e+02 1.126210000000000022e+01
3.130000000000000000e+02 3.635989999999999782e+03 1.198370000000000033e+02 1.144790000000000063e+01
3.140000000000000000e+02 3.602190000000000055e+03 1.196800000000000068e+02 1.163400000000000034e+01
3.150000000000000000e+02 3.568460000000000036e+03 1.194839999999999947e+02 1.182039999999999935e+01
3.160000000000000000e+02 3.534800000000000182e+03 1.192500000000000000e+02 1.200689999999999991e+01
3.170000000000000000e+02 3.501250000000000000e+03 1.189779999999999944e+02 1.219359999999999999e+01
3.180000000000000000e+02 3.467789999999999964e+03 1.186680000000000064e+02 1.238020000000000032e+01
3.190000000000000000e+02 3.434449999999999818e+03 1.183199999999999932e+02 1.256690000000000040e+01
3.200000000000000000e+02 3.401219999999999800e+03 1.179350000000000023e+02 1.275350000000000072e+01
3.210000000000000000e+02 3.368130000000000109e+03 1.175120000000000005e+02 1.293989999999999974e+01
3.220000000000000000e+02 3.335170000000000073e+03 1.170510000000000019e+02 1.312609999999999921e+01
3.230000000000000000e+02 3.302369999999999891e+03 1.165520000000000067e+02 1.331199999999999939e+01
3.240000000000000000e+02 3.269719999999999800e+03 1.160169999999999959e+02 1.349740000000000073e+01
3.250000000000000000e+02 3.237250000000000000e+03 1.154440000000000026e+02 1.368249999999999922e+01
3.260000000000000000e+02 3.204940000000000055e+03 1.148349999999999937e+02 1.386710000000000065e+01
3.270000000000000000e+02 3.172829999999999927e+03 1.141880000000000024e+02 1.405109999999999992e+01
3.280000000000000000e+02 3.140909999999999854e+03 1.135040000000000049e+02 1.423440000000000083e+01
3.290000000000000000e+02 3.109190000000000055e+03 1.127860000000000014e+02 1.441699999999999982e+01
3.300000000000000000e+02 3.077679999999999836e+03 1.120300000000000011e+02 1.459869999999999912e+01
3.310000000000000000e+02 3.046400000000000091e+03 1.112390000000000043e+02 1.477970000000000006e+01
3.320000000000000000e+02 3.015340000000000146e+03 1.104120000000000061e+02 1.495969999999999978e+01
3.330000000000000000e+02 2.984519999999999982e+03 1.095499999999999972e+02 1.513860000000000028e+01
3.340000000000000000e+02 2.953940000000000055e+03 1.086539999999999964e+02 1.531659999999999933e+01
3.350000000000000000e+02 2.923630000000000109e+03 1.077229999999999990e+02 1.549329999999999963e+01
3.360000000000000000e+02 2.893570000000000164e+03 1.067570000000000050e+02 1.566879999999999917e+01
3.370000000000000000e+02 2.863780000000000200e+03 1.057590000000000003e+02 1.584299999999999997e+01
3.380000000000000000e+02 2.834269999999999982e+03 1.047270000000000039e+02 1.601589999999999847e+01
3.390000000000000000e+02 2.805050000000000182e+03 1.036629999999999967e+02 1.618730000000000047e+01
3.400000000000000000e+02 2.776119999999999891e+03 1.025660000000000025e+02 1.635729999999999862e+01
3.410000000000000000e+02 2.747489999999999782e+03 1.014380000000000024e+02 1.652570000000000050e+01
3.420000000000000000e+02 2.719170000000000073e+03 1.002770000000000010e+02 1.669249999999999901e+01
3.430000000000000000e+02 2.691159999999999854e+03 9.908570000000000277e+01 1.685750000000000171e+01
3.440000000000000000e+02 2.663449999999999818e+03 9.786299999999999955e+01 1.702070000000000149e+01
3.450000000000000000e+02 2.636070000000000164e+03 9.660970000000000368e+01 1.718199999999999861e+01
3.460000000000000000e+02 2.609010000000000218e+03 9.532569999999999766e+01 1.734140000000000015e+01
3.470000000000000000e+02 2.582280000000000200e+03 9.401189999999999714e+01 1.749869999999999948e+01
3.480000000000000000e+02 2.555889999999999873e+03 9.266819999999999879e+01 1.765380000000000038e+01
3.490000000000000000e+02 2.529840000000000146e+03 9.129680000000000462e+01 1.780679999999999907e+01
3.500000000000000000e+02 2.504139999999999873e+03 8.989709999999999468e+01 1.795759999999999934e+01
3.510000000000000000e+02 2.478800000000000182e+03 8.847039999999999793e+01 1.810620000000000118e+01
3.520000000000000000e+02 2.453829999999999927e+03 8.701749999999999829e+01 1.825240000000000151e+01
3.530000000000000000e+02 2.429230000000000018e+03 8.553849999999999909e+01 1.839630000000000010e+01
3.540000000000000000e+02 2.405010000000000218e+03 8.403539999999999566e+01 1.853790000000000049e+01
3.550000000000000000e+02 2.381179999999999836e+03 8.250769999999999982e+01 1.867689999999999984e+01
3.560000000000000000e+02 2.357730000000000018e+03 8.095589999999999975e+01 1.881340000000000146e+01
3.570000000000000000e+02 2.334670000000000073e+03 7.938100000000000023e+01 1.894739999999999824e+01
3.580000000000000000e+02 2.312010000000000218e+03 7.778360000000000696e+01 1.907860000000000156e+01
3.590000000000000000e+02 2.289750000000000000e+03 7.616370000000000573e+01 1.920710000000000051e+01
3.600000000000000000e+02 2.267889999999999873e+03 7.452280000000000371e+01 1.933279999999999887e+01
3.610000000000000000e+02 2.246440000000000055e+03 7.285989999999999611e+01 1.945550000000000068e+01
3.620000000000000000e+02 2.225389999999999873e+03 7.117690000000000339e+01 1.957539999999999836e+01
3.630000000000000000e+02 2.204760000000000218e+03 6.947419999999999618e+01 1.969219999999999970e+01
3.640000000000000000e+02 2.184539999999999964e+03 6.775260000000000105e+01 1.980600000000000094e+01
3.650000000000000000e+02 2.164739999999999782e+03 6.601300000000000523e+01 1.991669999999999874e+01
3.660000000000000000e+02 2.145360000000000127e+03 6.425600000000000023e+01 2.002420000000000044e+01
3.670000000000000000e+02 2.126409999999999854e+03 6.248230000000000217e+01 2.012859999999999872e+01
3.680000000000000000e+02 2.107889999999999873e+03 6.069299999999999784e+01 2.022960000000000136e+01
3.690000000000000000e+02 2.089800000000000182e+03 5.888859999999999673e+01 2.032750000000000057e+01
3.700000000000000000e+02 2.072139999999999873e+03 5.706980000000000075e+01 2.042190000000000083e+01
3.710000000000000000e+02 2.054909999999999854e+03 5.523760000000000048e+01 2.051310000000000144e+01
3.720000000000000000e+02 2.038130000000000109e+03 5.339260000000000161e+01 2.060079999999999956e+01
3.730000000000000000e+02 2.021779999999999973e+03 5.153549999999999898e+01 2.068499999999999872e+01
3.740000000000000000e+02 2.005869999999999891e+03 4.966729999999999734e+01 2.076589999999999847e+01
3.750000000000000000e+02 1.990390000000000100e+03 4.778849999999999909e+01 2.084309999999999974e+01
3.760000000000000000e+02 1.975349999999999909e+03 4.589990000000000236e+01 2.091679999999999851e+01
3.770000000000000000e+02 1.960759999999999991e+03 4.400240000000000151e+01 2.098689999999999856e+01
3.780000000000000000e+02 1.946609999999999900e+03 4.209640000000000271e+01 2.105339999999999989e+01
3.790000000000000000e+02 1.932900000000000091e+03 4.018299999999999983e+01 2.111599999999999966e+01
3.800000000000000000e+02 1.919650000000000091e+03 3.826279999999999859e+01 2.117500000000000071e+01
3.810000000000000000e+02 1.906829999999999927e+03 3.633650000000000091e+01 2.123019999999999996e+01
3.820000000000000000e+02 1.894460000000000036e+03 3.440489999999999782e+01 2.128140000000000143e+01
3.830000000000000000e+02 1.882529999999999973e+03 3.246880000000000166e+01 2.132890000000000086e+01
3.840000000000000000e+02 1.871049999999999955e+03 3.052899999999999991e+01 2.137259999999999849e+01
3.850000000000000000e+02 1.860009999999999991e+03 2.858640000000000114e+01 2.141229999999999833e+01
3.860000000000000000e+02 1.849410000000000082e+03 2.664179999999999993e+01 2.144819999999999993e+01
3.870000000000000000e+02 1.839269999999999982e+03 2.469610000000000127e+01 2.148029999999999973e+01
3.880000000000000000e+02 1.829549999999999955e+03 2.275000000000000000e+01 2.150850000000000151e+01
3.890000000000000000e+02 1.820279999999999973e+03 2.080430000000000135e+01 2.153280000000000172e+01
3.900000000000000000e+02 1.811440000000000055e+03 1.885999999999999943e+01 2.155330000000000013e+01
3.910000000000000000e+02 1.803039999999999964e+03 1.691769999999999996e+01 2.156990000000000052e+01
3.920000000000000000e+02 1.795069999999999936e+03 1.497840000000000060e+01 2.158259999999999934e+01
3.930000000000000000e+02 1.787539999999999964e+03 1.304260000000000019e+01 2.159130000000000038e+01
3.940000000000000000e+02 1.780430000000000064e+03 1.111120000000000019e+01 2.159619999999999962e+01
3.950000000000000000e+02 1.773750000000000000e+03 9.185019999999999740e+00 2.159700000000000131e+01
3.960000000000000000e+02 1.767490000000000009e+03 7.264800000000000146e+00 2.159390000000000143e+01
3.970000000000000000e+02 1.761650000000000091e+03 5.351309999999999789e+00 2.158680000000000021e+01
3.980000000000000000e+02 1.756230000000000018e+03 3.445289999999999964e+00 2.157580000000000098e+01
3.990000000000000000e+02 1.751230000000000018e+03 1.547520000000000007e+00 2.156070000000000064e+01
4.000000000000000000e+02 1.785175215415595858e+03 -4.000841696466726205e+01 1.874035301580841306e+01
4.010000000000000000e+02 1.785175215415595858e+03 -4.000841696466726205e+01 1.874035301580841306e+01
4.020000000000000000e+02 1.785175215415595858e+03 -4.000841696466726205e+01 1.874035301580841306e+01
4.030000000000000000e+02 1.785175215415595858e+03 -4.000841696466726205e+01 1.874035301580841306e+01
4.040000000000000000e+02 1.785175215415595858e+03 -4.000841696466726205e+01 1.874035301580841306e+01
4.050000000000000000e+02 1.785175215415595858e+03 -4.000841696466726205e+01 1.874035301580841306e+01
4.060000000000000000e+02 1.785175215415595858e+03 -4.000841696466726205e+01 1.874035301580841306e+01
4.070000000000000000e+02 1.785175215415595858e+03 -4.000841696466726205e+01 1.874035301580841306e+01
4.080000000000000000e+02 1.785175215415595858e+03 -4.000841696466726205e+01 1.874035301580841306e+01
4.090000000000000000e+02 1.785175215415595858e+03 -4.000841696466726205e+01 1.874035301580841306e+01
4.100000000000000000e+02 1.785175215415595858e+03 -4.000841696466726205e+01 1.874035301580841306e+01
4.110000000000000000e+02 1.785175215415595858e+03 -4.000841696466726205e+01 1.874035301580841306e+01
4.120000000000000000e+02 1.785175215415595858e+03 -4.000841696466726205e+01 1.874035301580841306e+01
4.130000000000000000e+02 1.785175215415595858e+03 -4.000841696466726205e+01 1.874035301580841306e+01
4.140000000000000000e+02 1.785175215415595858e+03 -4.000841696466726205e+01 1.874035301580841306e+01
4.150000000000000000e+02 1.785175215415595858e+03 -4.000841696466726205e+01 1.874035301580841306e+01
4.160000000000000000e+02 1.785175215415595858e+03 -4.000841696466726205e+01 1.874035301580841306e+01
4.170000000000000000e+02 1.785175215415595858e+03 -4.000841696466726205e+01 1.874035301580841306e+01
4.180000000000000000e+02 1.785175215415595858e+03 -4.000841696466726205e+01 1.874035301580841306e+01
4.190000000000000000e+02 1.785175215415595858e+03 -4.000841696466726205e+01 1.874035301580841306e+01
4.200000000000000000e+02 1.785175215415595858e+03 -4.000841696466726205e+01 1.874035301580841306e+01
4.210000000000000000e+02 1.785175215415595858e+03 -4.000841696466726205e+01 1.874035301580841306e+01
4.220000000000000000e+02 1.785175215415595858e+03 -4.000841696466726205e+01 1.874035301580841306e+01
4.230000000000000000e+02 1.785175215415595858e+03 -4.000841696466726205e+01 1.874035301580841306e+01
4.240000000000000000e+02 1.785175215415595858e+03 -4.000841696466726205e+01 1.874035301580841306e+01
4.250000000000000000e+02 1.785175215415595858e+03 -4.000841696466726205e+01 1.874035301580841306e+01
4.260000000000000000e+02 1.785175215415595858e+03 -4.000841696466726205e+01 1.874035301580841306e+01
4.270000000000000000e+02 1.785175215415595858e+03 -4.000841696466726205e+01 1.874035301580841306e+01
4.280000000000000000e+02 1.785175215415595858e+03 -4.000841696466726205e+01 1.874035301580841306e+01
4.290000000000000000e+02 1.785175215415595858e+03 -4.000841696466726205e+01 1.874035301580841306e+01
4.300000000000000000e+02 1.785175215415595858e+03 -4.000841696466726205e+01 1.874035301580841306e+01
4.310000000000000000e+02 1.785175215415595858e+03 -4.000841696466726205e+01 1.874035301580841306e+01
4.320000000000000000e+02 1.785175215415595858e+03 -4.000841696466726205e+01 1.874035301580841306e+01
4.330000000000000000e+02 1.785175215415595858e+03 -4.000841696466726205e+01 1.874035301580841306e+01
4.340000000000000000e+02 1.785175215415595858e+03 -4.000841696466726205e+01 1.874035301580841306e+01
4.350000000000000000e+02 1.785175215415595858e+03 -4.000841696466726205e+01 1.874035301580841306e+01
4.360000000000000000e+02 1.785175215415595858e+03 -4.000841696466726205e+01 1.874035301580841306e+01
4.370000000000000000e+02 1.785175215415595858e+03 -4.000841696466726205e+01 1.874035301580841306e+01
4.380000000000000000e+02 1.785175215415595858e+03 -4.000841696466726205e+01 1.874035301580841306e+01
4.390000000000000000e+02 1.785175215415595858e+03 -4.000841696466726205e+01 1.874035301580841306e+01
4.400000000000000000e+02 1.785175215415595858e+03 -4.000841696466726205e+01 1.874035301580841306e+01
4.410000000000000000e+02 1.785175215415595858e+03 -4.000841696466726205e+01 1.874035301580841306e+01
4.420000000000000000e+02 1.785175215415595858e+03 -4.000841696466726205e+01 1.874035301580841306e+01
4.430000000000000000e+02 1.785175215415595858e+03 -4.000841696466726205e+01 1.874035301580841306e+01
4.440000000000000000e+02 1.785175215415595858e+03 -4.000841696466726205e+01 1.874035301580841306e+01
4.450000000000000000e+02 1.785175215415595858e+03 -4.000841696466726205e+01 1.874035301580841306e+01
4.460000000000000000e+02 1.785175215415595858e+03 -4.000841696466726205e+01 1.874035301580841306e+01
4.470000000000000000e+02 1.785175215415595858e+03 -4.000841696466726205e+01 1.874035301580841306e+01
4.480000000000000000e+02 1.785175215415595858e+03 -4.000841696466726205e+01 1.874035301580841306e+01
4.490000000000000000e+02 1.785175215415595858e+03 -4.000841696466726205e+01 1.874035301580841306e+01
4.500000000000000000e+02 2.089337163211337611e+03 -6.554071753019928792e+01 1.204541294102186555e+01
4.510000000000000000e+02 2.089337163211337611e+03 -6.554071753019928792e+01 1.204541294102186555e+01
4.520000000000000000e+02 2.089337163211337611e+03 -6.554071753019928792e+01 1.204541294102186555e+01
4.530000000000000000e+02 2.089337163211337611e+03 -6.554071753019928792e+01 1.204541294102186555e+01
4.540000000000000000e+02 2.089337163211337611e+03 -6.554071753019928792e+01 1.204541294102186555e+01
4.550000000000000000e+02 2.089337163211337611e+03 -6.554071753019928792e+01 1.204541294102186555e+01
4.560000000000000000e+02 2.089337163211337611e+03 -6.554071753019928792e+01 1.204541294102186555e+01
4.570000000000000000e+02 2.089337163211337611e+03 -6.554071753019928792e+01 1.204541294102186555e+01
4.580000000000000000e+02 2.089337163211337611e+03 -6.554071753019928792e+01 1.204541294102186555e+01
4.590000000000000000e+02 2.089337163211337611e+03 -6.554071753019928792e+01 1.204541294102186555e+01
4.600000000000000000e+02 2.089337163211337611e+03 -6.554071753019928792e+01 1.204541294102186555e+01
4.610000000000000000e+02 2.089337163211337611e+03 -6.554071753019928792e+01 1.204541294102186555e+01
4.620000000000000000e+02 2.089337163211337611e+03 -6.554071753019928792e+01 1.204541294102186555e+01
4.630000000000000000e+02 2.089337163211337611e+03 -6.554071753019928792e+01 1.204541294102186555e+01
4.640000000000000000e+02 2.089337163211337611e+03 -6.554071753019928792e+01 1.204541294102186555e+01
4.650000000000000000e+02 2.089337163211337611e+03 -6.554071753019928792e+01 1.204541294102186555e+01
4.660000000000000000e+02 2.089337163211337611e+03 -6.554071753019928792e+01 1.204541294102186555e+01
4.670000000000000000e+02 2.089337163211337611e+03 -6.554071753019928792e+01 1.204541294102186555e+01
4.680000000000000000e+02 2.089337163211337611e+03 -6.554071753019928792e+01 1.204541294102186555e+01
4.690000000000000000e+02 2.089337163211337611e+03 -6.554071753019928792e+01 1.204541294102186555e+01
4.700000000000000000e+02 2.089337163211337611e+03 -6.554071753019928792e+01 1.204541294102186555e+01
4.710000000000000000e+02 2.089337163211337611e+03 -6.554071753019928792e+01 1.204541294102186555e+01
4.720000000000000000e+02 2.089337163211337611e+03 -6.554071753019928792e+01 1.204541294102186555e+01
4.730000000000000000e+02 2.089337163211337611e+03 -6.554071753019928792e+01 1.204541294102186555e+01
4.740000000000000000e+02 2.089337163211337611e+03 -6.554071753019928792e+01 1.204541294102186555e+01
4.750000000000000000e+02 2.089337163211337611e+03 -6.554071753019928792e+01 1.204541294102186555e+01
4.760000000000000000e+02 2.089337163211337611e+03 -6.554071753019928792e+01 1.204541294102186555e+01
4.770000000000000000e+02 2.089337163211337611e+03 -6.554071753019928792e+01 1.204541294102186555e+01
4.780000000000000000e+02 2.089337163211337611e+03 -6.554071753019928792e+01 1.204541294102186555e+01
4.790000000000000000e+02 2.089337163211337611e+03 -6.554071753019928792e+01 1.204541294102186555e+01
4.800000000000000000e+02 2.089337163211337611e+03 -6.554071753019928792e+01 1.204541294102186555e+01
4.810000000000000000e+02 2.089337163211337611e+03 -6.554071753019928792e+01 1.204541294102186555e+01
4.820000000000000000e+02 2.089337163211337611e+03 -6.554071753019928792e+01 1.204541294102186555e+01
4.830000000000000000e+02 2.089337163211337611e+03 -6.554071753019928792e+01 1.204541294102186555e+01
4.840000000000000000e+02 2.089337163211337611e+03 -6.554071753019928792e+01 1.204541294102186555e+01
4.850000000000000000e+02 2.089337163211337611e+03 -6.554071753019928792e+01 1.204541294102186555e+01
4.860000000000000000e+02 2.089337163211337611e+03 -6.554071753019928792e+01 1.204541294102186555e+01
4.870000000000000000e+02 2.089337163211337611e+03 -6.554071753019928792e+01 1.204541294102186555e+01
4.880000000000000000e+02 2.089337163211337611e+03 -6.554071753019928792e+01 1.204541294102186555e+01
4.890000000000000000e+02 2.089337163211337611e+03 -6.554071753019928792e+01 1.204541294102186555e+01
4.900000000000000000e+02 2.089337163211337611e+03 -6.554071753019928792e+01 1.204541294102186555e+01
4.910000000000000000e+02 2.089337163211337611e+03 -6.554071753019928792e+01 1.204541294102186555e+01
4.920000000000000000e+02 2.089337163211337611e+03 -6.554071753019928792e+01 1.204541294102186555e+01
4.930000000000000000e+02 2.089337163211337611e+03 -6.554071753019928792e+01 1.204541294102186555e+01
4.940000000000000000e+02 2.089337163211337611e+03 -6.554071753019928792e+01 1.204541294102186555e+01
4.950000000000000000e+02 2.089337163211337611e+03 -6.554071753019928792e+01 1.204541294102186555e+01
4.960000000000000000e+02 2.089337163211337611e+03 -6.554071753019928792e+01 1.204541294102186555e+01
4.970000000000000000e+02 2.089337163211337611e+03 -6.554071753019928792e+01 1.204541294102186555e+01
4.980000000000000000e+02 2.089337163211337611e+03 -6.554071753019928792e+01 1.204541294102186555e+01
4.990000000000000000e+02 2.089337163211337611e+03 -6.554071753019928792e+01 1.204541294102186555e+01
5.000000000000000000e+02 2.594101287706399944e+03 -3.063846954850366444e+01 7.392161788743143447e+00
5.010000000000000000e+02 2.594101287706399944e+03 -3.063846954850366444e+01 7.392161788743143447e+00
5.020000000000000000e+02 2.594101287706399944e+03 -3.063846954850366444e+01 7.392161788743143447e+00
5.030000000000000000e+02 2.594101287706399944e+03 -3.063846954850366444e+01 7.392161788743143447e+00
5.040000000000000000e+02 2.594101287706399944e+03 -3.063846954850366444e+01 7.392161788743143447e+00
5.050000000000000000e+02 2.594101287706399944e+03 -3.063846954850366444e+01 7.392161788743143447e+00
5.060000000000000000e+02 2.594101287706399944e+03 -3.063846954850366444e+01 7.392161788743143447e+00
5.070000000000000000e+02 2.594101287706399944e+03 -3.063846954850366444e+01 7.392161788743143447e+00
5.080000000000000000e+02 2.594101287706399944e+03 -3.063846954850366444e+01 7.392161788743143447e+00
5.090000000000000000e+02 2.594101287706399944e+03 -3.063846954850366444e+01 7.392161788743143447e+00
5.100000000000000000e+02 2.594101287706399944e+03 -3.063846954850366444e+01 7.392161788743143447e+00
5.110000000000000000e+02 2.594101287706399944e+03 -3.063846954850366444e+01 7.392161788743143447e+00
5.120000000000000000e+02 2.594101287706399944e+03 -3.063846954850366444e+01 7.392161788743143447e+00
5.130000000000000000e+02 2.594101287706399944e+03 -3.063846954850366444e+01 7.392161788743143447e+00
5.140000000000000000e+02 2.594101287706399944e+03 -3.063846954850366444e+01 7.392161788743143447e+00
5.150000000000000000e+02 2.594101287706399944e+03 -3.063846954850366444e+01 7.392161788743143447e+00
5.160000000000000000e+02 2.594101287706399944e+03 -3.063846954850366444e+01 7.392161788743143447e+00
5.170000000000000000e+02 2.594101287706399944e+03 -3.063846954850366444e+01 7.392161788743143447e+00
5.180000000000000000e+02 2.594101287706399944e+03 -3.063846954850366444e+01 7.392161788743143447e+00
5.190000000000000000e+02 2.594101287706399944e+03 -3.063846954850366444e+01 7.392161788743143447e+00
5.200000000000000000e+02 2.594101287706399944e+03 -3.063846954850366444e+01 7.392161788743143447e+00
5.210000000000000000e+02 2.594101287706399944e+03 -3.063846954850366444e+01 7.392161788743143447e+00
5.220000000000000000e+02 2.594101287706399944e+03 -3.063846954850366444e+01 7.392161788743143447e+00
5.230000000000000000e+02 2.594101287706399944e+03 -3.063846954850366444e+01 7.392161788743143447e+00
5.240000000000000000e+02 2.594101287706399944e+03 -3.063846954850366444e+01 7.392161788743143447e+00
5.250000000000000000e+02 2.594101287706399944e+03 -3.063846954850366444e+01 7.392161788743143447e+00
5.260000000000000000e+02 2.594101287706399944e+03 -3.063846954850366444e+01 7.392161788743143447e+00
5.270000000000000000e+02 2.594101287706399944e+03 -3.063846954850366444e+01 7.392161788743143447e+00
5.280000000000000000e+02 2.594101287706399944e+03 -3.063846954850366444e+01 7.392161788743143447e+00
5.290000000000000000e+02 2.594101287706399944e+03 -3.063846954850366444e+01 7.392161788743143447e+00
5.300000000000000000e+02 2.594101287706399944e+03 -3.063846954850366444e+01 7.392161788743143447e+00
5.310000000000000000e+02 2.594101287706399944e+03 -3.063846954850366444e+01 7.392161788743143447e+00
5.320000000000000000e+02 2.594101287706399944e+03 -3.063846954850366444e+01 7.392161788743143447e+00
5.330000000000000000e+02 2.594101287706399944e+03 -3.063846954850366444e+01 7.392161788743143447e+00
5.340000000000000000e+02 2.594101287706399944e+03 -3.063846954850366444e+01 7.392161788743143447e+00
5.350000000000000000e+02 2.594101287706399944e+03 -3.063846954850366444e+01 7.392161788743143447e+00
5.360000000000000000e+02 2.594101287706399944e+03 -3.063846954850366444e+01 7.392161788743143447e+00
5.370000000000000000e+02 2.594101287706399944e+03 -3.063846954850366444e+01 7.392161788743143447e+00
5.380000000000000000e+02 2.594101287706399944e+03 -3.063846954850366444e+01 7.392161788743143447e+00
5.390000000000000000e+02 2.594101287706399944e+03 -3.063846954850366444e+01 7.392161788743143447e+00
5.400000000000000000e+02 2.594101287706399944e+03 -3.063846954850366444e+01 7.392161788743143447e+00
5.410000000000000000e+02 2.594101287706399944e+03 -3.063846954850366444e+01 7.392161788743143447e+00
5.420000000000000000e+02 2.594101287706399944e+03 -3.063846954850366444e+01 7.392161788743143447e+00
5.430000000000000000e+02 2.594101287706399944e+03 -3.063846954850366444e+01 7.392161788743143447e+00
5.440000000000000000e+02 2.594101287706399944e+03 -3.063846954850366444e+01 7.392161788743143447e+00
5.450000000000000000e+02 2.594101287706399944e+03 -3.063846954850366444e+01 7.392161788743143447e+00
5.460000000000000000e+02 2.594101287706399944e+03 -3.063846954850366444e+01 7.392161788743143447e+00
5.470000000000000000e+02 2.594101287706399944e+03 -3.063846954850366444e+01 7.392161788743143447e+00
5.480000000000000000e+02 2.594101287706399944e+03 -3.063846954850366444e+01 7.392161788743143447e+00
5.490000000000000000e+02 2.594101287706399944e+03 -3.063846954850366444e+01 7.392161788743143447e+00
5.500000000000000000e+02 2.320037103712416410e+03 9.801563881460902294e+00 1.231284334272637970e+01
5.510000000000000000e+02 2.320037103712416410e+03 9.801563881460902294e+00 1.231284334272637970e+01
5.520000000000000000e+02 2.320037103712416410e+03 9.801563881460902294e+00 1.231284334272637970e+01
5.530000000000000000e+02 2.320037103712416410e+03 9.801563881460902294e+00 1.231284334272637970e+01
5.540000000000000000e+02 2.320037103712416410e+03 9.801563881460902294e+00 1.231284334272637970e+01
5.550000000000000000e+02 2.320037103712416410e+03 9.801563881460902294e+00 1.231284334272637970e+01
5.560000000000000000e+02 2.320037103712416410e+03 9.801563881460902294e+00 1.231284334272637970e+01
5.570000000000000000e+02 2.320037103712416410e+03 9.801563881460902294e+00 1.231284334272637970e+01
5.580000000000000000e+02 2.320037103712416410e+03 9.801563881460902294e+00 1.231284334272637970e+01
5.590000000000000000e+02 2.320037103712416410e+03 9.801563881460902294e+00 1.231284334272637970e+01
5.600000000000000000e+02 2.320037103712416410e+03 9.801563881460902294e+00 1.231284334272637970e+01
5.610000000000000000e+02 2.320037103712416410e+03 9.801563881460902294e+00 1.231284334272637970e+01
5.620000000000000000e+02 2.320037103712416410e+03 9.801563881460902294e+00 1.231284334272637970e+01
5.630000000000000000e+02 2.320037103712416410e+03 9.801563881460902294e+00 1.231284334272637970e+01
5.640000000000000000e+02 2.320037103712416410e+03 9.801563881460902294e+00 1.231284334272637970e+01
5.650000000000000000e+02 2.320037103712416410e+03 9.801563881460902294e+00 1.231284334272637970e+01
5.660000000000000000e+02 2.320037103712416410e+03 9.801563881460902294e+00 1.231284334272637970e+01
5.670000000000000000e+02 2.320037103712416410e+03 9.801563881460902294e+00 1.231284334272637970e+01
5.680000000000000000e+02 2.320037103712416410e+03 9.801563881460902294e+00 1.231284334272637970e+01
5.690000000000000000e+02 2.320037103712416410e+03 9.801563881460902294e+00 1.231284334272637970e+01
5.700000000000000000e+02 2.320037103712416410e+03 9.801563881460902294e+00 1.231284334272637970e+01
5.710000000000000000e+02 2.320037103712416410e+03 9.801563881460902294e+00 1.231284334272637970e+01
5.720000000000000000e+02 2.320037103712416410e+03 9.801563881460902294e+00 1.231284334272637970e+01
5.730000000000000000e+02 2.320037103712416410e+03 9.801563881460902294e+00 1.231284334272637970e+01
5.740000000000000000e+02 2.320037103712416410e+03 9.801563881460902294e+00 1.231284334272637970e+01
5.750000000000000000e+02 2.320037103712416410e+03 9.801563881460902294e+00 1.231284334272637970e+01
5.760000000000000000e+02 2.320037103712416410e+03 9.801563881460902294e+00 1.231284334272637970e+01
5.770000000000000000e+02 2.320037103712416410e+03 9.801563881460902294e+00 1.231284334272637970e+01
5.780000000000000000e+02 2.320037103712416410e+03 9.801563881460902294e+00 1.231284334272637970e+01
5.790000000000000000e+02 2.320037103712416410e+03 9.801563881460902294e+00 1.231284334272637970e+01
5.800000000000000000e+02 2.320037103712416410e+03 9.801563881460902294e+00 1.231284334272637970e+01
5.810000000000000000e+02 2.320037103712416410e+03 9.801563881460902294e+00 1.231284334272637970e+01
5.820000000000000000e+02 2.320037103712416410e+03 9.801563881460902294e+00 1.231284334272637970e+01
5.830000000000000000e+02 2.320037103712416410e+03 9.801563881460902294e+00 1.231284334272637970e+01
5.840000000000000000e+02 2.320037103712416410e+03 9.801563881460902294e+00 1.231284334272637970e+01
5.850000000000000000e+02 2.320037103712416410e+03 9.801563881460902294e+00 1.231284334272637970e+01
5.860000000000000000e+02 2.320037103712416410e+03 9.801563881460902294e+00 1.231284334272637970e+01
5.870000000000000000e+02 2.320037103712416410e+03 9.801563881460902294e+00 1.231284334272637970e+01
5.880000000000000000e+02 2.320037103712416410e+03 9.801563881460902294e+00 1.231284334272637970e+01
5.890000000000000000e+02 2.320037103712416410e+03 9.801563881460902294e+00 1.231284334272637970e+01
5.900000000000000000e+02 2.320037103712416410e+03 9.801563881460902294e+00 1.231284334272637970e+01
5.910000000000000000e+02 2.320037103712416410e+03 9.801563881460902294e+00 1.231284334272637970e+01
5.920000000000000000e+02 2.320037103712416410e+03 9.801563881460902294e+00 1.231284334272637970e+01
5.930000000000000000e+02 2.320037103712416410e+03 9.801563881460902294e+00 1.231284334272637970e+01
5.940000000000000000e+02 2.320037103712416410e+03 9.801563881460902294e+00 1.231284334272637970e+01
5.950000000000000000e+02 2.320037103712416410e+03 9.801563881460902294e+00 1.231284334272637970e+01
5.960000000000000000e+02 2.320037103712416410e+03 9.801563881460902294e+00 1.231284334272637970e+01
5.970000000000000000e+02 2.320037103712416410e+03 9.801563881460902294e+00 1.231284334272637970e+01
5.980000000000000000e+02 2.320037103712416410e+03 9.801563881460902294e+00 1.231284334272637970e+01
5.990000000000000000e+02 2.320037103712416410e+03 9.801563881460902294e+00 1.231284334272637970e+01
6.000000000000000000e+02 1.999853784555775519e+03 1.421372973629967973e+01 2.848399439055582505e+01
6.010000000000000000e+02 1.999853784555775519e+03 1.421372973629967973e+01 2.848399439055582505e+01
6.020000000000000000e+02 1.999853784555775519e+03 1.421372973629967973e+01 2.848399439055582505e+01
6.030000000000000000e+02 1.999853784555775519e+03 1.421372973629967973e+01 2.848399439055582505e+01
6.040000000000000000e+02 1.999853784555775519e+03 1.421372973629967973e+01 2.848399439055582505e+01
6.050000000000000000e+02 1.999853784555775519e+03 1.421372973629967973e+01 2.848399439055582505e+01
6.060000000000000000e+02 1.999853784555775519e+03 1.421372973629967973e+01 2.848399439055582505e+01
6.070000000000000000e+02 1.999853784555775519e+03 1.421372973629967973e+01 2.848399439055582505e+01
6.080000000000000000e+02 1.999853784555775519e+03 1.421372973629967973e+01 2.848399439055582505e+01
6.090000000000000000e+02 1.999853784555775519e+03 1.421372973629967973e+01 2.848399439055582505e+01
6.100000000000000000e+02 1.999853784555775519e+03 1.421372973629967973e+01 2.848399439055582505e+01
6.110000000000000000e+02 1.999853784555775519e+03 1.421372973629967973e+01 2.848399439055582505e+01
6.120000000000000000e+02 1.999853784555775519e+03 1.421372973629967973e+01 2.848399439055582505e+01
6.130000000000000000e+02 1.999853784555775519e+03 1.421372973629967973e+01 2.848399439055582505e+01
6.140000000000000000e+02 1.999853784555775519e+03 1.421372973629967973e+01 2.848399439055582505e+01
6.150000000000000000e+02 1.999853784555775519e+03 1.421372973629967973e+01 2.848399439055582505e+01
6.160000000000000000e+02 1.999853784555775519e+03 1.421372973629967973e+01 2.848399439055582505e+01
6.170000000000000000e+02 1.999853784555775519e+03 1.421372973629967973e+01 2.848399439055582505e+01
6.180000000000000000e+02 1.999853784555775519e+03 1.421372973629967973e+01 2.848399439055582505e+01
6.190000000000000000e+02 1.999853784555775519e+03 1.421372973629967973e+01 2.848399439055582505e+01
6.200000000000000000e+02 1.999853784555775519e+03 1.421372973629967973e+01 2.848399439055582505e+01
6.210000000000000000e+02 1.999853784555775519e+03 1.421372973629967973e+01 2.848399439055582505e+01
6.220000000000000000e+02 1.999853784555775519e+03 1.421372973629967973e+01 2.848399439055582505e+01
6.230000000000000000e+02 1.999853784555775519e+03 1.421372973629967973e+01 2.848399439055582505e+01
6.240000000000000000e+02 1.999853784555775519e+03 1.421372973629967973e+01 2.848399439055582505e+01
6.250000000000000000e+02 1.999853784555775519e+03 1.421372973629967973e+01 2.848399439055582505e+01
6.260000000000000000e+02 1.999853784555775519e+03 1.421372973629967973e+01 2.848399439055582505e+01
6.270000000000000000e+02 1.999853784555775519e+03 1.421372973629967973e+01 2.848399439055582505e+01
6.280000000000000000e+02 1.999853784555775519e+03 1.421372973629967973e+01 2.848399439055582505e+01
6.290000000000000000e+02 1.999853784555775519e+03 1.421372973629967973e+01 2.848399439055582505e+01
6.300000000000000000e+02 1.999853784555775519e+03 1.421372973629967973e+01 2.848399439055582505e+01
6.310000000000000000e+02 1.999853784555775519e+03 1.421372973629967973e+01 2.848399439055582505e+01
6.320000000000000000e+02 1.999853784555775519e+03 1.421372973629967973e+01 2.848399439055582505e+01
6.330000000000000000e+02 1.999853784555775519e+03 1.421372973629967973e+01 2.848399439055582505e+01
6.340000000000000000e+02 1.999853784555775519e+03 1.421372973629967973e+01 2.848399439055582505e+01
6.350000000000000000e+02 1.999853784555775519e+03 1.421372973629967973e+01 2.848399439055582505e+01
6.360000000000000000e+02 1.999853784555775519e+03 1.421372973629967973e+01 2.848399439055582505e+01
6.370000000000000000e+02 1.999853784555775519e+03 1.421372973629967973e+01 2.848399439055582505e+01
6.380000000000000000e+02 1.999853784555775519e+03 1.421372973629967973e+01 2.848399439055582505e+01
6.390000000000000000e+02 1.999853784555775519e+03 1.421372973629967973e+01 2.848399439055582505e+01
6.400000000000000000e+02 1.999853784555775519e+03 1.421372973629967973e+01 2.848399439055582505e+01
6.410000000000000000e+02 1.999853784555775519e+03 1.421372973629967973e+01 2.848399439055582505e+01
6.420000000000000000e+02 1.999853784555775519e+03 1.421372973629967973e+01 2.848399439055582505e+01
6.430000000000000000e+02 1.999853784555775519e+03 1.421372973629967973e+01 2.848399439055582505e+01
6.440000000000000000e+02 1.999853784555775519e+03 1.421372973629967973e+01 2.848399439055582505e+01
6.450000000000000000e+02 1.999853784555775519e+03 1.421372973629967973e+01 2.848399439055582505e+01
6.460000000000000000e+02 1.999853784555775519e+03 1.421372973629967973e+01 2.848399439055582505e+01
6.470000000000000000e+02 1.999853784555775519e+03 1.421372973629967973e+01 2.848399439055582505e+01
6.480000000000000000e+02 1.999853784555775519e+03 1.421372973629967973e+01 2.848399439055582505e+01
6.490000000000000000e+02 1.999853784555775519e+03 1.421372973629967973e+01 2.848399439055582505e+01
6.500000000000000000e+02 1.875094422844865676e+03 -6.506595521883494371e+01 3.859966049587274028e+01
6.510000000000000000e+02 1.875094422844865676e+03 -6.506595521883494371e+01 3.859966049587274028e+01
6.520000000000000000e+02 1.875094422844865676e+03 -6.506595521883494371e+01 3.859966049587274028e+01
6.530000000000000000e+02 1.875094422844865676e+03 -6.506595521883494371e+01 3.859966049587274028e+01
6.540000000000000000e+02 1.875094422844865676e+03 -6.506595521883494371e+01 3.859966049587274028e+01
6.550000000000000000e+02 1.875094422844865676e+03 -6.506595521883494371e+01 3.859966049587274028e+01
6.560000000000000000e+02 1.875094422844865676e+03 -6.506595521883494371e+01 3.859966049587274028e+01
6.570000000000000000e+02 1.875094422844865676e+03 -6.506595521883494371e+01 3.859966049587274028e+01
6.580000000000000000e+02 1.875094422844865676e+03 -6.506595521883494371e+01 3.859966049587274028e+01
6.590000000000000000e+02 1.875094422844865676e+03 -6.506595521883494371e+01 3.859966049587274028e+01
6.600000000000000000e+02 1.875094422844865676e+03 -6.506595521883494371e+01 3.859966049587274028e+01
6.610000000000000000e+02 1.875094422844865676e+03 -6.506595521883494371e+01 3.859966049587274028e+01
6.620000000000000000e+02 1.875094422844865676e+03 -6.506595521883494371e+01 3.859966049587274028e+01
6.630000000000000000e+02 1.875094422844865676e+03 -6.506595521883494371e+01 3.859966049587274028e+01
6.640000000000000000e+02 1.875094422844865676e+03 -6.506595521883494371e+01 3.859966049587274028e+01
6.650000000000000000e+02 1.875094422844865676e+03 -6.506595521883494371e+01 3.859966049587274028e+01
6.660000000000000000e+02 1.875094422844865676e+03 -6.506595521883494371e+01 3.859966049587274028e+01
6.670000000000000000e+02 1.875094422844865676e+03 -6.506595521883494371e+01 3.859966049587274028e+01
6.680000000000000000e+02 1.875094422844865676e+03 -6.506595521883494371e+01 3.859966049587274028e+01
6.690000000000000000e+02 1.875094422844865676e+03 -6.506595521883494371e+01 3.859966049587274028e+01
6.700000000000000000e+02 1.875094422844865676e+03 -6.506595521883494371e+01 3.859966049587274028e+01
6.710000000000000000e+02 1.875094422844865676e+03 -6.506595521883494371e+01 3.859966049587274028e+01
6.720000000000000000e+02 1.875094422844865676e+03 -6.506595521883494371e+01 3.859966049587274028e+01
6.730000000000000000e+02 1.875094422844865676e+03 -6.506595521883494371e+01 3.859966049587274028e+01
6.740000000000000000e+02 1.875094422844865676e+03 -6.506595521883494371e+01 3.859966049587274028e+01
6.750000000000000000e+02 1.875094422844865676e+03 -6.506595521883494371e+01 3.859966049587274028e+01
6.760000000000000000e+02 1.875094422844865676e+03 -6.506595521883494371e+01 3.859966049587274028e+01
6.770000000000000000e+02 1.875094422844865676e+03 -6.506595521883494371e+01 3.859966049587274028e+01
6.780000000000000000e+02 1.875094422844865676e+03 -6.506595521883494371e+01 3.859966049587274028e+01
6.790000000000000000e+02 1.875094422844865676e+03 -6.506595521883494371e+01 3.859966049587274028e+01
6.800000000000000000e+02 1.875094422844865676e+03 -6.506595521883494371e+01 3.859966049587274028e+01
6.810000000000000000e+02 1.875094422844865676e+03 -6.506595521883494371e+01 3.859966049587274028e+01
6.820000000000000000e+02 1.875094422844865676e+03 -6.506595521883494371e+01 3.859966049587274028e+01
6.830000000000000000e+02 1.875094422844865676e+03 -6.506595521883494371e+01 3.859966049587274028e+01
6.840000000000000000e+02 1.875094422844865676e+03 -6.506595521883494371e+01 3.859966049587274028e+01
6.850000000000000000e+02 1.875094422844865676e+03 -6.506595521883494371e+01 3.859966049587274028e+01
6.860000000000000000e+02 1.875094422844865676e+03 -6.506595521883494371e+01 3.859966049587274028e+01
6.870000000000000000e+02 1.875094422844865676e+03 -6.506595521883494371e+01 3.859966049587274028e+01
6.880000000000000000e+02 1.875094422844865676e+03 -6.506595521883494371e+01 3.859966049587274028e+01
6.890000000000000000e+02 1.875094422844865676e+03 -6.506595521883494371e+01 3.859966049587274028e+01
6.900000000000000000e+02 1.875094422844865676e+03 -6.506595521883494371e+01 3.859966049587274028e+01
6.910000000000000000e+02 1.875094422844865676e+03 -6.506595521883494371e+01 3.859966049587274028e+01
6.920000000000000000e+02 1.875094422844865676e+03 -6.506595521883494371e+01 3.859966049587274028e+01
6.930000000000000000e+02 1.875094422844865676e+03 -6.506595521883494371e+01 3.859966049587274028e+01
6.940000000000000000e+02 1.875094422844865676e+03 -6.506595521883494371e+01 3.859966049587274028e+01
6.950000000000000000e+02 1.875094422844865676e+03 -6.506595521883494371e+01 3.859966049587274028e+01
6.960000000000000000e+02 1.875094422844865676e+03 -6.506595521883494371e+01 3.859966049587274028e+01
6.970000000000000000e+02 1.875094422844865676e+03 -6.506595521883494371e+01 3.859966049587274028e+01
6.980000000000000000e+02 1.875094422844865676e+03 -6.506595521883494371e+01 3.859966049587274028e+01
6.990000000000000000e+02 1.875094422844865676e+03 -6.506595521883494371e+01 3.859966049587274028e+01
7.000000000000000000e+02 2.054726818768744579e+03 -1.209752320413602433e+02 3.363030530325605838e+01
7.010000000000000000e+02 2.054726818768744579e+03 -1.209752320413602433e+02 3.363030530325605838e+01
7.020000000000000000e+02 2.054726818768744579e+03 -1.209752320413602433e+02 3.363030530325605838e+01
7.030000000000000000e+02 2.054726818768744579e+03 -1.209752320413602433e+02 3.363030530325605838e+01
7.040000000000000000e+02 2.054726818768744579e+03 -1.209752320413602433e+02 3.363030530325605838e+01
7.050000000000000000e+02 2.054726818768744579e+03 -1.209752320413602433e+02 3.363030530325605838e+01
7.060000000000000000e+02 2.054726818768744579e+03 -1.209752320413602433e+02 3.363030530325605838e+01
7.070000000000000000e+02 2.054726818768744579e+03 -1.209752320413602433e+02 3.363030530325605838e+01
7.080000000000000000e+02 2.054726818768744579e+03 -1.209752320413602433e+02 3.363030530325605838e+01
7.090000000000000000e+02 2.054726818768744579e+03 -1.209752320413602433e+02 3.363030530325605838e+01
7.100000000000000000e+02 2.054726818768744579e+03 -1.209752320413602433e+02 3.363030530325605838e+01
7.110000000000000000e+02 2.054726818768744579e+03 -1.209752320413602433e+02 3.363030530325605838e+01
7.120000000000000000e+02 2.054726818768744579e+03 -1.209752320413602433e+02 3.363030530325605838e+01
7.130000000000000000e+02 2.054726818768744579e+03 -1.209752320413602433e+02 3.363030530325605838e+01
7.140000000000000000e+02 2.054726818768744579e+03 -1.209752320413602433e+02 3.363030530325605838e+01
7.150000000000000000e+02 2.054726818768744579e+03 -1.209752320413602433e+02 3.363030530325605838e+01
7.160000000000000000e+02 2.054726818768744579e+03 -1.209752320413602433e+02 3.363030530325605838e+01
7.170000000000000000e+02 2.054726818768744579e+03 -1.209752320413602433e+02 3.363030530325605838e+01
7.180000000000000000e+02 2.054726818768744579e+03 -1.209752320413602433e+02 3.363030530325605838e+01
7.190000000000000000e+02 2.054726818768744579e+03 -1.209752320413602433e+02 3.363030530325605838e+01
7.200000000000000000e+02 2.054726818768744579e+03 -1.209752320413602433e+02 3.363030530325605838e+01
7.210000000000000000e+02 2.054726818768744579e+03 -1.209752320413602433e+02 3.363030530325605838e+01
7.220000000000000000e+02 2.054726818768744579e+03 -1.209752320413602433e+02 3.363030530325605838e+01
7.230000000000000000e+02 2.054726818768744579e+03 -1.209752320413602433e+02 3.363030530325605838e+01
7.240000000000000000e+02 2.054726818768744579e+03 -1.209752320413602433e+02 3.363030530325605838e+01
7.250000000000000000e+02 2.054726818768744579e+03 -1.209752320413602433e+02 3.363030530325605838e+01
7.260000000000000000e+02 2.054726818768744579e+03 -1.209752320413602433e+02 3.363030530325605838e+01
7.270000000000000000e+02 2.054726818768744579e+03 -1.209752320413602433e+02 3.363030530325605838e+01
7.280000000000000000e+02 2.054726818768744579e+03 -1.209752320413602433e+02 3.363030530325605838e+01
7.290000000000000000e+02 2.054726818768744579e+03 -1.209752320413602433e+02 3.363030530325605838e+01
7.300000000000000000e+02 2.054726818768744579e+03 -1.209752320413602433e+02 3.363030530325605838e+01
7.310000000000000000e+02 2.054726818768744579e+03 -1.209752320413602433e+02 3.363030530325605838e+01
7.320000000000000000e+02 2.054726818768744579e+03 -1.209752320413602433e+02 3.363030530325605838e+01
7.330000000000000000e+02 2.054726818768744579e+03 -1.209752320413602433e+02 3.363030530325605838e+01
7.340000000000000000e+02 2.054726818768744579e+03 -1.209752320413602433e+02 3.363030530325605838e+01
7.350000000000000000e+02 2.054726818768744579e+03 -1.209752320413602433e+02 3.363030530325605838e+01
7.360000000000000000e+02 2.054726818768744579e+03 -1.209752320413602433e+02 3.363030530325605838e+01
7.370000000000000000e+02 2.054726818768744579e+03 -1.209752320413602433e+02 3.363030530325605838e+01
7.380000000000000000e+02 2.054726818768744579e+03 -1.209752320413602433e+02 3.363030530325605838e+01
7.390000000000000000e+02 2.054726818768744579e+03 -1.209752320413602433e+02 3.363030530325605838e+01
7.400000000000000000e+02 2.054726818768744579e+03 -1.209752320413602433e+02 3.363030530325605838e+01
7.410000000000000000e+02 2.054726818768744579e+03 -1.209752320413602433e+02 3.363030530325605838e+01
7.420000000000000000e+02 2.054726818768744579e+03 -1.209752320413602433e+02 3.363030530325605838e+01
7.430000000000000000e+02 2.054726818768744579e+03 -1.209752320413602433e+02 3.363030530325605838e+01
7.440000000000000000e+02 2.054726818768744579e+03 -1.209752320413602433e+02 3.363030530325605838e+01
7.450000000000000000e+02 2.054726818768744579e+03 -1.209752320413602433e+02 3.363030530325605838e+01
7.460000000000000000e+02 2.054726818768744579e+03 -1.209752320413602433e+02 3.363030530325605838e+01
7.470000000000000000e+02 2.054726818768744579e+03 -1.209752320413602433e+02 3.363030530325605838e+01
7.480000000000000000e+02 2.054726818768744579e+03 -1.209752320413602433e+02 3.363030530325605838e+01
7.490000000000000000e+02 2.054726818768744579e+03 -1.209752320413602433e+02 3.363030530325605838e+01
7.500000000000000000e+02 2.448005576274886153e+03 -1.196655705462814723e+02 2.118428107205237154e+01
7.510000000000000000e+02 2.448005576274886153e+03 -1.196655705462814723e+02 2.118428107205237154e+01
7.520000000000000000e+02 2.448005576274886153e+03 -1.196655705462814723e+02 2.118428107205237154e+01
7.530000000000000000e+02 2.448005576274886153e+03 -1.196655705462814723e+02 2.118428107205237154e+01
7.540000000000000000e+02 2.448005576274886153e+03 -1.196655705462814723e+02 2.118428107205237154e+01
7.550000000000000000e+02 2.448005576274886153e+03 -1.196655705462814723e+02 2.118428107205237154e+01
7.560000000000000000e+02 2.448005576274886153e+03 -1.196655705462814723e+02 2.118428107205237154e+01
7.570000000000000000e+02 2.448005576274886153e+03 -1.196655705462814723e+02 2.118428107205237154e+01
7.580000000000000000e+02 2.448005576274886153e+03 -1.196655705462814723e+02 2.118428107205237154e+01
7.590000000000000000e+02 2.448005576274886153e+03 -1.196655705462814723e+02 2.118428107205237154e+01
7.600000000000000000e+02 2.448005576274886153e+03 -1.196655705462814723e+02 2.118428107205237154e+01
7.610000000000000000e+02 2.448005576274886153e+03 -1.196655705462814723e+02 2.118428107205237154e+01
7.620000000000000000e+02 2.448005576274886153e+03 -1.196655705462814723e+02 2.118428107205237154e+01
7.630000000000000000e+02 2.448005576274886153e+03 -1.196655705462814723e+02 2.118428107205237154e+01
7.640000000000000000e+02 2.448005576274886153e+03 -1.196655705462814723e+02 2.118428107205237154e+01
7.650000000000000000e+02 2.448005576274886153e+03 -1.196655705462814723e+02 2.118428107205237154e+01
7.660000000000000000e+02 2.448005576274886153e+03 -1.196655705462814723e+02 2.118428107205237154e+01
7.670000000000000000e+02 2.448005576274886153e+03 -1.196655705462814723e+02 2.118428107205237154e+01
7.680000000000000000e+02 2.448005576274886153e+03 -1.196655705462814723e+02 2.118428107205237154e+01
7.690000000000000000e+02 2.448005576274886153e+03 -1.196655705462814723e+02 2.118428107205237154e+01
7.700000000000000000e+02 2.448005576274886153e+03 -1.196655705462814723e+02 2.118428107205237154e+01
7.710000000000000000e+02 2.448005576274886153e+03 -1.196655705462814723e+02 2.118428107205237154e+01
7.720000000000000000e+02 2.448005576274886153e+03 -1.196655705462814723e+02 2.118428107205237154e+01
7.730000000000000000e+02 2.448005576274886153e+03 -1.196655705462814723e+02 2.118428107205237154e+01
7.740000000000000000e+02 2.448005576274886153e+03 -1.196655705462814723e+02 2.118428107205237154e+01
7.750000000000000000e+02 2.448005576274886153e+03 -1.196655705462814723e+02 2.118428107205237154e+01
7.760000000000000000e+02 2.448005576274886153e+03 -1.196655705462814723e+02 2.118428107205237154e+01
7.770000000000000000e+02 2.448005576274886153e+03 -1.196655705462814723e+02 2.118428107205237154e+01
7.780000000000000000e+02 2.448005576274886153e+03 -1.196655705462814723e+02 2.118428107205237154e+01
7.790000000000000000e+02 2.448005576274886153e+03 -1.196655705462814723e+02 2.118428107205237154e+01
7.800000000000000000e+02 2.448005576274886153e+03 -1.196655705462814723e+02 2.118428107205237154e+01
7.810000000000000000e+02 2.448005576274886153e+03 -1.196655705462814723e+02 2.118428107205237154e+01
7.820000000000000000e+02 2.448005576274886153e+03 -1.196655705462814723e+02 2.118428107205237154e+01
7.830000000000000000e+02 2.448005576274886153e+03 -1.196655705462814723e+02 2.118428107205237154e+01
7.840000000000000000e+02 2.448005576274886153e+03 -1.196655705462814723e+02 2.118428107205237154e+01
7.850000000000000000e+02 2.448005576274886153e+03 -1.196655705462814723e+02 2.118428107205237154e+01
7.860000000000000000e+02 2.448005576274886153e+03 -1.196655705462814723e+02 2.118428107205237154e+01
7.870000000000000000e+02 2.448005576274886153e+03 -1.196655705462814723e+02 2.118428107205237154e+01
7.880000000000000000e+02 2.448005576274886153e+03 -1.196655705462814723e+02 2.118428107205237154e+01
7.890000000000000000e+02 2.448005576274886153e+03 -1.196655705462814723e+02 2.118428107205237154e+01
7.900000000000000000e+02 2.448005576274886153e+03 -1.196655705462814723e+02 2.118428107205237154e+01
7.910000000000000000e+02 2.448005576274886153e+03 -1.196655705462814723e+02 2.118428107205237154e+01
7.920000000000000000e+02 2.448005576274886153e+03 -1.196655705462814723e+02 2.118428107205237154e+01
7.930000000000000000e+02 2.448005576274886153e+03 -1.196655705462814723e+02 2.118428107205237154e+01
7.940000000000000000e+02 2.448005576274886153e+03 -1.196655705462814723e+02 2.118428107205237154e+01
7.950000000000000000e+02 2.448005576274886153e+03 -1.196655705462814723e+02 2.118428107205237154e+01
7.960000000000000000e+02 2.448005576274886153e+03 -1.196655705462814723e+02 2.118428107205237154e+01
7.970000000000000000e+02 2.448005576274886153e+03 -1.196655705462814723e+02 2.118428107205237154e+01
7.980000000000000000e+02 2.448005576274886153e+03 -1.196655705462814723e+02 2.118428107205237154e+01
7.990000000000000000e+02 2.448005576274886153e+03 -1.196655705462814723e+02 2.118428107205237154e+01
8.000000000000000000e+02 2.647414694943064205e+03 -4.655393474726392355e+01 1.334350872303753910e+01
8.010000000000000000e+02 2.647414694943064205e+03 -4.655393474726392355e+01 1.334350872303753910e+01
8.020000000000000000e+02 2.647414694943064205e+03 -4.655393474726392355e+01 1.334350872303753910e+01
8.030000000000000000e+02 2.647414694943064205e+03 -4.655393474726392355e+01 1.334350872303753910e+01
8.040000000000000000e+02 2.647414694943064205e+03 -4.655393474726392355e+01 1.334350872303753910e+01
8.050000000000000000e+02 2.647414694943064205e+03 -4.655393474726392355e+01 1.334350872303753910e+01
8.060000000000000000e+02 2.647414694943064205e+03 -4.655393474726392355e+01 1.334350872303753910e+01
8.070000000000000000e+02 2.647414694943064205e+03 -4.655393474726392355e+01 1.334350872303753910e+01
8.080000000000000000e+02 2.647414694943064205e+03 -4.655393474726392355e+01 1.334350872303753910e+01
8.090000000000000000e+02 2.647414694943064205e+03 -4.655393474726392355e+01 1.334350872303753910e+01
8.100000000000000000e+02 2.647414694943064205e+03 -4.655393474726392355e+01 1.334350872303753910e+01
8.110000000000000000e+02 2.647414694943064205e+03 -4.655393474726392355e+01 1.334350872303753910e+01
8.120000000000000000e+02 2.647414694943064205e+03 -4.655393474726392355e+01 1.334350872303753910e+01
8.130000000000000000e+02 2.647414694943064205e+03 -4.655393474726392355e+01 1.334350872303753910e+01
8.140000000000000000e+02 2.647414694943064205e+03 -4.655393474726392355e+01 1.334350872303753910e+01
8.150000000000000000e+02 2.647414694943064205e+03 -4.655393474726392355e+01 1.334350872303753910e+01
8.160000000000000000e+02 2.647414694943064205e+03 -4.655393474726392355e+01 1.334350872303753910e+01
8.170000000000000000e+02 2.647414694943064205e+03 -4.655393474726392355e+01 1.334350872303753910e+01
8.180000000000000000e+02 2.647414694943064205e+03 -4.655393474726392355e+01 1.334350872303753910e+01
8.190000000000000000e+02 2.647414694943064205e+03 -4.655393474726392355e+01 1.334350872303753910e+01
8.200000000000000000e+02 2.647414694943064205e+03 -4.655393474726392355e+01 1.334350872303753910e+01
8.210000000000000000e+02 2.647414694943064205e+03 -4.655393474726392355e+01 1.334350872303753910e+01
8.220000000000000000e+02 2.647414694943064205e+03 -4.655393474726392355e+01 1.334350872303753910e+01
8.230000000000000000e+02 2.647414694943064205e+03 -4.655393474726392355e+01 1.334350872303753910e+01
8.240000000000000000e+02 2.647414694943064205e+03 -4.655393474726392355e+01 1.334350872303753910e+01
8.250000000000000000e+02 2.647414694943064205e+03 -4.655393474726392355e+01 1.334350872303753910e+01
8.260000000000000000e+02 2.647414694943064205e+03 -4.655393474726392355e+01 1.334350872303753910e+01
8.270000000000000000e+02 2.647414694943064205e+03 -4.655393474726392355e+01 1.334350872303753910e+01
8.280000000000000000e+02 2.647414694943064205e+03 -4.655393474726392355e+01 1.334350872303753910e+01
8.290000000000000000e+02 2.647414694943064205e+03 -4.655393474726392355e+01 1.334350872303753910e+01
8.300000000000000000e+02 2.647414694943064205e+03 -4.655393474726392355e+01 1.334350872303753910e+01
8.310000000000000000e+02 2.647414694943064205e+03 -4.655393474726392355e+01 1.334350872303753910e+01
8.320000000000000000e+02 2.647414694943064205e+03 -4.655393474726392355e+01 1.334350872303753910e+01
8.330000000000000000e+02 2.647414694943064205e+03 -4.655393474726392355e+01 1.334350872303753910e+01
8.340000000000000000e+02 2.647414694943064205e+03 -4.655393474726392355e+01 1.334350872303753910e+01
8.350000000000000000e+02 2.647414694943064205e+03 -4.655393474726392355e+01 1.334350872303753910e+01
8.360000000000000000e+02 2.647414694943064205e+03 -4.655393474726392355e+01 1.334350872303753910e+01
8.370000000000000000e+02 2.647414694943064205e+03 -4.655393474726392355e+01 1.334350872303753910e+01
8.380000000000000000e+02 2.647414694943064205e+03 -4.655393474726392355e+01 1.334350872303753910e+01
8.390000000000000000e+02 2.647414694943064205e+03 -4.655393474726392355e+01 1.334350872303753910e+01
8.400000000000000000e+02 2.647414694943064205e+03 -4.655393474726392355e+01 1.334350872303753910e+01
8.410000000000000000e+02 2.647414694943064205e+03 -4.655393474726392355e+01 1.334350872303753910e+01
8.420000000000000000e+02 2.647414694943064205e+03 -4.655393474726392355e+01 1.334350872303753910e+01
8.430000000000000000e+02 2.647414694943064205e+03 -4.655393474726392355e+01 1.334350872303753910e+01
8.440000000000000000e+02 2.647414694943064205e+03 -4.655393474726392355e+01 1.334350872303753910e+01
8.450000000000000000e+02 2.647414694943064205e+03 -4.655393474726392355e+01 1.334350872303753910e+01
8.460000000000000000e+02 2.647414694943064205e+03 -4.655393474726392355e+01 1.334350872303753910e+01
8.470000000000000000e+02 2.647414694943064205e+03 -4.655393474726392355e+01 1.334350872303753910e+01
8.480000000000000000e+02 2.647414694943064205e+03 -4.655393474726392355e+01 1.334350872303753910e+01
8.490000000000000000e+02 2.647414694943064205e+03 -4.655393474726392355e+01 1.334350872303753910e+01
8.500000000000000000e+02 2.143820752435963641e+03 3.668351028633198041e+01 1.787107543766306961e+01
8.510000000000000000e+02 2.143820752435963641e+03 3.668351028633198041e+01 1.787107543766306961e+01
8.520000000000000000e+02 2.143820752435963641e+03 3.668351028633198041e+01 1.787107543766306961e+01
8.530000000000000000e+02 2.143820752435963641e+03 3.668351028633198041e+01 1.787107543766306961e+01
8.540000000000000000e+02 2.143820752435963641e+03 3.668351028633198041e+01 1.787107543766306961e+01
8.550000000000000000e+02 2.143820752435963641e+03 3.668351028633198041e+01 1.787107543766306961e+01
8.560000000000000000e+02 2.143820752435963641e+03 3.668351028633198041e+01 1.787107543766306961e+01
8.570000000000000000e+02 2.143820752435963641e+03 3.668351028633198041e+01 1.787107543766306961e+01
8.580000000000000000e+02 2.143820752435963641e+03 3.668351028633198041e+01 1.787107543766306961e+01
8.590000000000000000e+02 2.143820752435963641e+03 3.668351028633198041e+01 1.787107543766306961e+01
8.600000000000000000e+02 2.143820752435963641e+03 3.668351028633198041e+01 1.787107543766306961e+01
8.610000000000000000e+02 2.143820752435963641e+03 3.668351028633198041e+01 1.787107543766306961e+01
8.620000000000000000e+02 2.143820752435963641e+03 3.668351028633198041e+01 1.787107543766306961e+01
8.630000000000000000e+02 2.143820752435963641e+03 3.668351028633198041e+01 1.787107543766306961e+01
8.640000000000000000e+02 2.143820752435963641e+03 3.668351028633198041e+01 1.787107543766306961e+01
8.650000000000000000e+02 2.143820752435963641e+03 3.668351028633198041e+01 1.787107543766306961e+01
8.660000000000000000e+02 2.143820752435963641e+03 3.668351028633198041e+01 1.787107543766306961e+01
8.670000000000000000e+02 2.143820752435963641e+03 3.668351028633198041e+01 1.787107543766306961e+01
8.680000000000000000e+02 2.143820752435963641e+03 3.668351028633198041e+01 1.787107543766306961e+01
8.690000000000000000e+02 2.143820752435963641e+03 3.668351028633198041e+01 1.787107543766306961e+01
8.700000000000000000e+02 2.143820752435963641e+03 3.668351028633198041e+01 1.787107543766306961e+01
8.710000000000000000e+02 2.143820752435963641e+03 3.668351028633198041e+01 1.787107543766306961e+01
8.720000000000000000e+02 2.143820752435963641e+03 3.668351028633198041e+01 1.787107543766306961e+01
8.730000000000000000e+02 2.143820752435963641e+03 3.668351028633198041e+01 1.787107543766306961e+01
8.740000000000000000e+02 2.143820752435963641e+03 3.668351028633198041e+01 1.787107543766306961e+01
8.750000000000000000e+02 2.143820752435963641e+03 3.668351028633198041e+01 1.787107543766306961e+01
8.760000000000000000e+02 2.143820752435963641e+03 3.668351028633198041e+01 1.787107543766306961e+01
8.770000000000000000e+02 2.143820752435963641e+03 3.668351028633198041e+01 1.787107543766306961e+01
8.780000000000000000e+02 2.143820752435963641e+03 3.668351028633198041e+01 1.787107543766306961e+01
8.790000000000000000e+02 2.143820752435963641e+03 3.668351028633198041e+01 1.787107543766306961e+01
8.800000000000000000e+02 2.143820752435963641e+03 3.668351028633198041e+01 1.787107543766306961e+01
8.810000000000000000e+02 2.143820752435963641e+03 3.668351028633198041e+01 1.787107543766306961e+01
8.820000000000000000e+02 2.143820752435963641e+03 3.668351028633198041e+01 1.787107543766306961e+01
8.830000000000000000e+02 2.143820752435963641e+03 3.668351028633198041e+01 1.787107543766306961e+01
8.840000000000000000e+02 2.143820752435963641e+03 3.668351028633198041e+01 1.787107543766306961e+01
8.850000000000000000e+02 2.143820752435963641e+03 3.668351028633198041e+01 1.787107543766306961e+01
8.860000000000000000e+02 2.143820752435963641e+03 3.668351028633198041e+01 1.787107543766306961e+01
8.870000000000000000e+02 2.143820752435963641e+03 3.668351028633198041e+01 1.787107543766306961e+01
8.880000000000000000e+02 2.143820752435963641e+03 3.668351028633198041e+01 1.787107543766306961e+01
8.890000000000000000e+02 2.143820752435963641e+03 3.668351028633198041e+01 1.787107543766306961e+01
8.900000000000000000e+02 2.143820752435963641e+03 3.668351028633198041e+01 1.787107543766306961e+01
8.910000000000000000e+02 2.143820752435963641e+03 3.668351028633198041e+01 1.787107543766306961e+01
8.920000000000000000e+02 2.143820752435963641e+03 3.668351028633198041e+01 1.787107543766306961e+01
8.930000000000000000e+02 2.143820752435963641e+03 3.668351028633198041e+01 1.787107543766306961e+01
8.940000000000000000e+02 2.143820752435963641e+03 3.668351028633198041e+01 1.787107543766306961e+01
8.950000000000000000e+02 2.143820752435963641e+03 3.668351028633198041e+01 1.787107543766306961e+01
8.960000000000000000e+02 2.143820752435963641e+03 3.668351028633198041e+01 1.787107543766306961e+01
8.970000000000000000e+02 2.143820752435963641e+03 3.668351028633198041e+01 1.787107543766306961e+01
8.980000000000000000e+02 2.143820752435963641e+03 3.668351028633198041e+01 1.787107543766306961e+01
8.990000000000000000e+02 2.143820752435963641e+03 3.668351028633198041e+01 1.787107543766306961e+01
9.000000000000000000e+02 1.593129581255145467e+03 5.094891306737262937e+01 3.078113743270318636e+01
9.010000000000000000e+02 1.593129581255145467e+03 5.094891306737262937e+01 3.078113743270318636e+01
9.020000000000000000e+02 1.593129581255145467e+03 5.094891306737262937e+01 3.078113743270318636e+01
9.030000000000000000e+02 1.593129581255145467e+03 5.094891306737262937e+01 3.078113743270318636e+01
9.040000000000000000e+02 1.593129581255145467e+03 5.094891306737262937e+01 3.078113743270318636e+01
9.050000000000000000e+02 1.593129581255145467e+03 5.094891306737262937e+01 3.078113743270318636e+01
9.060000000000000000e+02 1.593129581255145467e+03 5.094891306737262937e+01 3.078113743270318636e+01
9.070000000000000000e+02 1.593129581255145467e+03 5.094891306737262937e+01 3.078113743270318636e+01
9.080000000000000000e+02 1.593129581255145467e+03 5.094891306737262937e+01 3.078113743270318636e+01
9.090000000000000000e+02 1.593129581255145467e+03 5.094891306737262937e+01 3.078113743270318636e+01
9.100000000000000000e+02 1.593129581255145467e+03 5.094891306737262937e+01 3.078113743270318636e+01
9.110000000000000000e+02 1.593129581255145467e+03 5.094891306737262937e+01 3.078113743270318636e+01
9.120000000000000000e+02 1.593129581255145467e+03 5.094891306737262937e+01 3.078113743270318636e+01
9.130000000000000000e+02 1.593129581255145467e+03 5.094891306737262937e+01 3.078113743270318636e+01
9.140000000000000000e+02 1.593129581255145467e+03 5.094891306737262937e+01 3.078113743270318636e+01
9.150000000000000000e+02 1.593129581255145467e+03 5.094891306737262937e+01 3.078113743270318636e+01
9.160000000000000000e+02 1.593129581255145467e+03 5.094891306737262937e+01 3.078113743270318636e+01
9.170000000000000000e+02 1.593129581255145467e+03 5.094891306737262937e+01 3.078113743270318636e+01
9.180000000000000000e+02 1.593129581255145467e+03 5.094891306737262937e+01 3.078113743270318636e+01
9.190000000000000000e+02 1.593129581255145467e+03 5.094891306737262937e+01 3.078113743270318636e+01
9.200000000000000000e+02 1.593129581255145467e+03 5.094891306737262937e+01 3.078113743270318636e+01
9.210000000000000000e+02 1.593129581255145467e+03 5.094891306737262937e+01 3.078113743270318636e+01
9.220000000000000000e+02 1.593129581255145467e+03 5.094891306737262937e+01 3.078113743270318636e+01
9.230000000000000000e+02 1.593129581255145467e+03 5.094891306737262937e+01 3.078113743270318636e+01
9.240000000000000000e+02 1.593129581255145467e+03 5.094891306737262937e+01 3.078113743270318636e+01
9.250000000000000000e+02 1.593129581255145467e+03 5.094891306737262937e+01 3.078113743270318636e+01
9.260000000000000000e+02 1.593129581255145467e+03 5.094891306737262937e+01 3.078113743270318636e+01
9.270000000000000000e+02 1.593129581255145467e+03 5.094891306737262937e+01 3.078113743270318636e+01
9.280000000000000000e+02 1.593129581255145467e+03 5.094891306737262937e+01 3.078113743270318636e+01
9.290000000000000000e+02 1.593129581255145467e+03 5.094891306737262937e+01 3.078113743270318636e+01
9.300000000000000000e+02 1.593129581255145467e+03 5.094891306737262937e+01 3.078113743270318636e+01
9.310000000000000000e+02 1.593129581255145467e+03 5.094891306737262937e+01 3.078113743270318636e+01
9.320000000000000000e+02 1.593129581255145467e+03 5.094891306737262937e+01 3.078113743270318636e+01
9.330000000000000000e+02 1.593129581255145467e+03 5.094891306737262937e+01 3.078113743270318636e+01
9.340000000000000000e+02 1.593129581255145467e+03 5.094891306737262937e+01 3.078113743270318636e+01
9.350000000000000000e+02 1.593129581255145467e+03 5.094891306737262937e+01 3.078113743270318636e+01
9.360000000000000000e+02 1.593129581255145467e+03 5.094891306737262937e+01 3.078113743270318636e+01
9.370000000000000000e+02 1.593129581255145467e+03 5.094891306737262937e+01 3.078113743270318636e+01
9.380000000000000000e+02 1.593129581255145467e+03 5.094891306737262937e+01 3.078113743270318636e+01
9.390000000000000000e+02 1.593129581255145467e+03 5.094891306737262937e+01 3.078113743270318636e+01
9.400000000000000000e+02 1.593129581255145467e+03 5.094891306737262937e+01 3.078113743270318636e+01
9.410000000000000000e+02 1.593129581255145467e+03 5.094891306737262937e+01 3.078113743270318636e+01
9.420000000000000000e+02 1.593129581255145467e+03 5.094891306737262937e+01 3.078113743270318636e+01
9.430000000000000000e+02 1.593129581255145467e+03 5.094891306737262937e+01 3.078113743270318636e+01
9.440000000000000000e+02 1.593129581255145467e+03 5.094891306737262937e+01 3.078113743270318636e+01
9.450000000000000000e+02 1.593129581255145467e+03 5.094891306737262937e+01 3.078113743270318636e+01
9.460000000000000000e+02 1.593129581255145467e+03 5.094891306737262937e+01 3.078113743270318636e+01
9.470000000000000000e+02 1.593129581255145467e+03 5.094891306737262937e+01 3.078113743270318636e+01
9.480000000000000000e+02 1.593129581255145467e+03 5.094891306737262937e+01 3.078113743270318636e+01
9.490000000000000000e+02 1.593129581255145467e+03 5.094891306737262937e+01 3.078113743270318636e+01
9.500000000000000000e+02 1.188989704140134336e+03 1.421750356261898851e+01 4.088602345023354445e+01
9.510000000000000000e+02 1.188989704140134336e+03 1.421750356261898851e+01 4.088602345023354445e+01
9.520000000000000000e+02 1.188989704140134336e+03 1.421750356261898851e+01 4.088602345023354445e+01
9.530000000000000000e+02 1.188989704140134336e+03 1.421750356261898851e+01 4.088602345023354445e+01
9.540000000000000000e+02 1.188989704140134336e+03 1.421750356261898851e+01 4.088602345023354445e+01
9.550000000000000000e+02 1.188989704140134336e+03 1.421750356261898851e+01 4.088602345023354445e+01
9.560000000000000000e+02 1.188989704140134336e+03 1.421750356261898851e+01 4.088602345023354445e+01
9.570000000000000000e+02 1.188989704140134336e+03 1.421750356261898851e+01 4.088602345023354445e+01
9.580000000000000000e+02 1.188989704140134336e+03 1.421750356261898851e+01 4.088602345023354445e+01
9.590000000000000000e+02 1.188989704140134336e+03 1.421750356261898851e+01 4.088602345023354445e+01
9.600000000000000000e+02 1.188989704140134336e+03 1.421750356261898851e+01 4.088602345023354445e+01
9.610000000000000000e+02 1.188989704140134336e+03 1.421750356261898851e+01 4.088602345023354445e+01
9.620000000000000000e+02 1.188989704140134336e+03 1.421750356261898851e+01 4.088602345023354445e+01
9.630000000000000000e+02 1.188989704140134336e+03 1.421750356261898851e+01 4.088602345023354445e+01
9.640000000000000000e+02 1.188989704140134336e+03 1.421750356261898851e+01 4.088602345023354445e+01
9.650000000000000000e+02 1.188989704140134336e+03 1.421750356261898851e+01 4.088602345023354445e+01
9.660000000000000000e+02 1.188989704140134336e+03 1.421750356261898851e+01 4.088602345023354445e+01
9.670000000000000000e+02 1.188989704140134336e+03 1.421750356261898851e+01 4.088602345023354445e+01
9.680000000000000000e+02 1.188989704140134336e+03 1.421750356261898851e+01 4.088602345023354445e+01
9.690000000000000000e+02 1.188989704140134336e+03 1.421750356261898851e+01 4.088602345023354445e+01
9.700000000000000000e+02 1.188989704140134336e+03 1.421750356261898851e+01 4.088602345023354445e+01
9.710000000000000000e+02 1.188989704140134336e+03 1.421750356261898851e+01 4.088602345023354445e+01
9.720000000000000000e+02 1.188989704140134336e+03 1.421750356261898851e+01 4.088602345023354445e+01
9.730000000000000000e+02 1.188989704140134336e+03 1.421750356261898851e+01 4.088602345023354445e+01
9.740000000000000000e+02 1.188989704140134336e+03 1.421750356261898851e+01 4.088602345023354445e+01
9.750000000000000000e+02 1.188989704140134336e+03 1.421750356261898851e+01 4.088602345023354445e+01
9.760000000000000000e+02 1.188989704140134336e+03 1.421750356261898851e+01 4.088602345023354445e+01
9.770000000000000000e+02 1.188989704140134336e+03 1.421750356261898851e+01 4.088602345023354445e+01
9.780000000000000000e+02 1.188989704140134336e+03 1.421750356261898851e+01 4.088602345023354445e+01
9.790000000000000000e+02 1.188989704140134336e+03 1.421750356261898851e+01 4.088602345023354445e+01
9.800000000000000000e+02 1.188989704140134336e+03 1.421750356261898851e+01 4.088602345023354445e+01
9.810000000000000000e+02 1.188989704140134336e+03 1.421750356261898851e+01 4.088602345023354445e+01
9.820000000000000000e+02 1.188989704140134336e+03 1.421750356261898851e+01 4.088602345023354445e+01
9.830000000000000000e+02 1.188989704140134336e+03 1.421750356261898851e+01 4.088602345023354445e+01
9.840000000000000000e+02 1.188989704140134336e+03 1.421750356261898851e+01 4.088602345023354445e+01
9.850000000000000000e+02 1.188989704140134336e+03 1.421750356261898851e+01 4.088602345023354445e+01
9.860000000000000000e+02 1.188989704140134336e+03 1.421750356261898851e+01 4.088602345023354445e+01
9.870000000000000000e+02 1.188989704140134336e+03 1.421750356261898851e+01 4.088602345023354445e+01
9.880000000000000000e+02 1.188989704140134336e+03 1.421750356261898851e+01 4.088602345023354445e+01
9.890000000000000000e+02 1.188989704140134336e+03 1.421750356261898851e+01 4.088602345023354445e+01
9.900000000000000000e+02 1.188989704140134336e+03 1.421750356261898851e+01 4.088602345023354445e+01
9.910000000000000000e+02 1.188989704140134336e+03 1.421750356261898851e+01 4.088602345023354445e+01
9.920000000000000000e+02 1.188989704140134336e+03 1.421750356261898851e+01 4.088602345023354445e+01
9.930000000000000000e+02 1.188989704140134336e+03 1.421750356261898851e+01 4.088602345023354445e+01
9.940000000000000000e+02 1.188989704140134336e+03 1.421750356261898851e+01 4.088602345023354445e+01
9.950000000000000000e+02 1.188989704140134336e+03 1.421750356261898851e+01 4.088602345023354445e+01
9.960000000000000000e+02 1.188989704140134336e+03 1.421750356261898851e+01 4.088602345023354445e+01
9.970000000000000000e+02 1.188989704140134336e+03 1.421750356261898851e+01 4.088602345023354445e+01
9.980000000000000000e+02 1.188989704140134336e+03 1.421750356261898851e+01 4.088602345023354445e+01
9.990000000000000000e+02 1.188989704140134336e+03 1.421750356261898851e+01 4.088602345023354445e+01
1.000000000000000000e+03 1.064760742174991492e+03 -5.218361465509052977e+01 3.734944006475568301e+01
1.001000000000000000e+03 1.064760742174991492e+03 -5.218361465509052977e+01 3.734944006475568301e+01
1.002000000000000000e+03 1.064760742174991492e+03 -5.218361465509052977e+01 3.734944006475568301e+01
1.003000000000000000e+03 1.064760742174991492e+03 -5.218361465509052977e+01 3.734944006475568301e+01
1.004000000000000000e+03 1.064760742174991492e+03 -5.218361465509052977e+01 3.734944006475568301e+01
1.005000000000000000e+03 1.064760742174991492e+03 -5.218361465509052977e+01 3.734944006475568301e+01
1.006000000000000000e+03 1.064760742174991492e+03 -5.218361465509052977e+01 3.734944006475568301e+01
1.007000000000000000e+03 1.064760742174991492e+03 -5.218361465509052977e+01 3.734944006475568301e+01
1.008000000000000000e+03 1.064760742174991492e+03 -5.218361465509052977e+01 3.734944006475568301e+01
1.009000000000000000e+03 1.064760742174991492e+03 -5.218361465509052977e+01 3.734944006475568301e+01
1.010000000000000000e+03 1.064760742174991492e+03 -5.218361465509052977e+01 3.734944006475568301e+01
1.011000000000000000e+03 1.064760742174991492e+03 -5.218361465509052977e+01 3.734944006475568301e+01
1.012000000000000000e+03 1.064760742174991492e+03 -5.218361465509052977e+01 3.734944006475568301e+01
1.013000000000000000e+03 1.064760742174991492e+03 -5.218361465509052977e+01 3.734944006475568301e+01
1.014000000000000000e+03 1.064760742174991492e+03 -5.218361465509052977e+01 3.734944006475568301e+01
1.015000000000000000e+03 1.064760742174991492e+03 -5.218361465509052977e+01 3.734944006475568301e+01
1.016000000000000000e+03 1.064760742174991492e+03 -5.218361465509052977e+01 3.734944006475568301e+01
1.017000000000000000e+03 1.064760742174991492e+03 -5.218361465509052977e+01 3.734944006475568301e+01
1.018000000000000000e+03 1.064760742174991492e+03 -5.218361465509052977e+01 3.734944006475568301e+01
1.019000000000000000e+03 1.064760742174991492e+03 -5.218361465509052977e+01 3.734944006475568301e+01
1.020000000000000000e+03 1.064760742174991492e+03 -5.218361465509052977e+01 3.734944006475568301e+01
1.021000000000000000e+03 1.064760742174991492e+03 -5.218361465509052977e+01 3.734944006475568301e+01
1.022000000000000000e+03 1.064760742174991492e+03 -5.218361465509052977e+01 3.734944006475568301e+01
1.023000000000000000e+03 1.064760742174991492e+03 -5.218361465509052977e+01 3.734944006475568301e+01
1.024000000000000000e+03 1.064760742174991492e+03 -5.218361465509052977e+01 3.734944006475568301e+01
1.025000000000000000e+03 1.064760742174991492e+03 -5.218361465509052977e+01 3.734944006475568301e+01
1.026000000000000000e+03 1.064760742174991492e+03 -5.218361465509052977e+01 3.734944006475568301e+01
1.027000000000000000e+03 1.064760742174991492e+03 -5.218361465509052977e+01 3.734944006475568301e+01
1.028000000000000000e+03 1.064760742174991492e+03 -5.218361465509052977e+01 3.734944006475568301e+01
1.029000000000000000e+03 1.064760742174991492e+03 -5.218361465509052977e+01 3.734944006475568301e+01
1.030000000000000000e+03 1.064760742174991492e+03 -5.218361465509052977e+01 3.734944006475568301e+01
1.031000000000000000e+03 1.064760742174991492e+03 -5.218361465509052977e+01 3.734944006475568301e+01
1.032000000000000000e+03 1.064760742174991492e+03 -5.218361465509052977e+01 3.734944006475568301e+01
1.033000000000000000e+03 1.064760742174991492e+03 -5.218361465509052977e+01 3.734944006475568301e+01
1.034000000000000000e+03 1.064760742174991492e+03 -5.218361465509052977e+01 3.734944006475568301e+01
1.035000000000000000e+03 1.064760742174991492e+03 -5.218361465509052977e+01 3.734944006475568301e+01
1.036000000000000000e+03 1.064760742174991492e+03 -5.218361465509052977e+01 3.734944006475568301e+01
1.037000000000000000e+03 1.064760742174991492e+03 -5.218361465509052977e+01 3.734944006475568301e+01
1.038000000000000000e+03 1.064760742174991492e+03 -5.218361465509052977e+01 3.734944006475568301e+01
1.039000000000000000e+03 1.064760742174991492e+03 -5.218361465509052977e+01 3.734944006475568301e+01
1.040000000000000000e+03 1.064760742174991492e+03 -5.218361465509052977e+01 3.734944006475568301e+01
1.041000000000000000e+03 1.064760742174991492e+03 -5.218361465509052977e+01 3.734944006475568301e+01
1.042000000000000000e+03 1.064760742174991492e+03 -5.218361465509052977e+01 3.734944006475568301e+01
1.043000000000000000e+03 1.064760742174991492e+03 -5.218361465509052977e+01 3.734944006475568301e+01
1.044000000000000000e+03 1.064760742174991492e+03 -5.218361465509052977e+01 3.734944006475568301e+01
1.045000000000000000e+03 1.064760742174991492e+03 -5.218361465509052977e+01 3.734944006475568301e+01
1.046000000000000000e+03 1.064760742174991492e+03 -5.218361465509052977e+01 3.734944006475568301e+01
1.047000000000000000e+03 1.064760742174991492e+03 -5.218361465509052977e+01 3.734944006475568301e+01
1.048000000000000000e+03 1.064760742174991492e+03 -5.218361465509052977e+01 3.734944006475568301e+01
1.049000000000000000e+03 1.064760742174991492e+03 -5.218361465509052977e+01 3.734944006475568301e+01
1.050000000000000000e+03 1.180058596931675993e+03 -7.451219699942137709e+01 2.639452170247878726e+01
1.051000000000000000e+03 1.180058596931675993e+03 -7.451219699942137709e+01 2.639452170247878726e+01
1.052000000000000000e+03 1.180058596931675993e+03 -7.451219699942137709e+01 2.639452170247878726e+01
1.053000000000000000e+03 1.180058596931675993e+03 -7.451219699942137709e+01 2.639452170247878726e+01
1.054000000000000000e+03 1.180058596931675993e+03 -7.451219699942137709e+01 2.639452170247878726e+01
1.055000000000000000e+03 1.180058596931675993e+03 -7.451219699942137709e+01 2.639452170247878726e+01
1.056000000000000000e+03 1.180058596931675993e+03 -7.451219699942137709e+01 2.639452170247878726e+01
1.057000000000000000e+03 1.180058596931675993e+03 -7.451219699942137709e+01 2.639452170247878726e+01
1.058000000000000000e+03 1.180058596931675993e+03 -7.451219699942137709e+01 2.639452170247878726e+01
1.059000000000000000e+03 1.180058596931675993e+03 -7.451219699942137709e+01 2.639452170247878726e+01
1.060000000000000000e+03 1.180058596931675993e+03 -7.451219699942137709e+01 2.639452170247878726e+01
1.061000000000000000e+03 1.180058596931675993e+03 -7.451219699942137709e+01 2.639452170247878726e+01
1.062000000000000000e+03 1.180058596931675993e+03 -7.451219699942137709e+01 2.639452170247878726e+01
1.063000000000000000e+03 1.180058596931675993e+03 -7.451219699942137709e+01 2.639452170247878726e+01
1.064000000000000000e+03 1.180058596931675993e+03 -7.451219699942137709e+01 2.639452170247878726e+01
1.065000000000000000e+03 1.180058596931675993e+03 -7.451219699942137709e+01 2.639452170247878726e+01
1.066000000000000000e+03 1.180058596931675993e+03 -7.451219699942137709e+01 2.639452170247878726e+01
1.067000000000000000e+03 1.180058596931675993e+03 -7.451219699942137709e+01 2.639452170247878726e+01
1.068000000000000000e+03 1.180058596931675993e+03 -7.451219699942137709e+01 2.639452170247878726e+01
1.069000000000000000e+03 1.180058596931675993e+03 -7.451219699942137709e+01 2.639452170247878726e+01
1.070000000000000000e+03 1.180058596931675993e+03 -7.451219699942137709e+01 2.639452170247878726e+01
1.071000000000000000e+03 1.180058596931675993e+03 -7.451219699942137709e+01 2.639452170247878726e+01
1.072000000000000000e+03 1.180058596931675993e+03 -7.451219699942137709e+01 2.639452170247878726e+01
1.073000000000000000e+03 1.180058596931675993e+03 -7.451219699942137709e+01 2.639452170247878726e+01
1.074000000000000000e+03 1.180058596931675993e+03 -7.451219699942137709e+01 2.639452170247878726e+01
1.075000000000000000e+03 1.180058596931675993e+03 -7.451219699942137709e+01 2.639452170247878726e+01
1.076000000000000000e+03 1.180058596931675993e+03 -7.451219699942137709e+01 2.639452170247878726e+01
1.077000000000000000e+03 1.180058596931675993e+03 -7.451219699942137709e+01 2.639452170247878726e+01
1.078000000000000000e+03 1.180058596931675993e+03 -7.451219699942137709e+01 2.639452170247878726e+01
1.079000000000000000e+03 1.180058596931675993e+03 -7.451219699942137709e+01 2.639452170247878726e+01
1.080000000000000000e+03 1.180058596931675993e+03 -7.451219699942137709e+01 2.639452170247878726e+01
1.081000000000000000e+03 1.180058596931675993e+03 -7.451219699942137709e+01 2.639452170247878726e+01
1.082000000000000000e+03 1.180058596931675993e+03 -7.451219699942137709e+01 2.639452170247878726e+01
1.083000000000000000e+03 1.180058596931675993e+03 -7.451219699942137709e+01 2.639452170247878726e+01
1.084000000000000000e+03 1.180058596931675993e+03 -7.451219699942137709e+01 2.639452170247878726e+01
1.085000000000000000e+03 1.180058596931675993e+03 -7.451219699942137709e+01 2.639452170247878726e+01
1.086000000000000000e+03 1.180058596931675993e+03 -7.451219699942137709e+01 2.639452170247878726e+01
1.087000000000000000e+03 1.180058596931675993e+03 -7.451219699942137709e+01 2.639452170247878726e+01
1.088000000000000000e+03 1.180058596931675993e+03 -7.451219699942137709e+01 2.639452170247878726e+01
1.089000000000000000e+03 1.180058596931675993e+03 -7.451219699942137709e+01 2.639452170247878726e+01
1.090000000000000000e+03 1.180058596931675993e+03 -7.451219699942137709e+01 2.639452170247878726e+01
1.091000000000000000e+03 1.180058596931675993e+03 -7.451219699942137709e+01 2.639452170247878726e+01
1.092000000000000000e+03 1.180058596931675993e+03 -7.451219699942137709e+01 2.639452170247878726e+01
1.093000000000000000e+03 1.180058596931675993e+03 -7.451219699942137709e+01 2.639452170247878726e+01
1.094000000000000000e+03 1.180058596931675993e+03 -7.451219699942137709e+01 2.639452170247878726e+01
1.095000000000000000e+03 1.180058596931675993e+03 -7.451219699942137709e+01 2.639452170247878726e+01
1.096000000000000000e+03 1.180058596931675993e+03 -7.451219699942137709e+01 2.639452170247878726e+01
1.097000000000000000e+03 1.180058596931675993e+03 -7.451219699942137709e+01 2.639452170247878726e+01
1.098000000000000000e+03 1.180058596931675993e+03 -7.451219699942137709e+01 2.639452170247878726e+01
1.099000000000000000e+03 1.180058596931675993e+03 -7.451219699942137709e+01 2.639452170247878726e+01
1.100000000000000000e+03 1.230064903413348020e+03 -4.895843428816431242e+01 1.532360760794400356e+01
1.101000000000000000e+03 1.230064903413348020e+03 -4.895843428816431242e+01 1.532360760794400356e+01
1.102000000000000000e+03 1.230064903413348020e+03 -4.895843428816431242e+01 1.532360760794400356e+01
1.103000000000000000e+03 1.230064903413348020e+03 -4.895843428816431242e+01 1.532360760794400356e+01
1.104000000000000000e+03 1.230064903413348020e+03 -4.895843428816431242e+01 1.532360760794400356e+01
1.105000000000000000e+03 1.230064903413348020e+03 -4.895843428816431242e+01 1.532360760794400356e+01
1.106000000000000000e+03 1.230064903413348020e+03 -4.895843428816431242e+01 1.532360760794400356e+01
1.107000000000000000e+03 1.230064903413348020e+03 -4.895843428816431242e+01 1.532360760794400356e+01
1.108000000000000000e+03 1.230064903413348020e+03 -4.895843428816431242e+01 1.532360760794400356e+01
1.109000000000000000e+03 1.230064903413348020e+03 -4.895843428816431242e+01 1.532360760794400356e+01
1.110000000000000000e+03 1.230064903413348020e+03 -4.895843428816431242e+01 1.532360760794400356e+01
1.111000000000000000e+03 1.230064903413348020e+03 -4.895843428816431242e+01 1.532360760794400356e+01
1.112000000000000000e+03 1.230064903413348020e+03 -4.895843428816431242e+01 1.532360760794400356e+01
1.113000000000000000e+03 1.230064903413348020e+03 -4.895843428816431242e+01 1.532360760794400356e+01
1.114000000000000000e+03 1.230064903413348020e+03 -4.895843428816431242e+01 1.532360760794400356e+01
1.115000000000000000e+03 1.230064903413348020e+03 -4.895843428816431242e+01 1.532360760794400356e+01
1.116000000000000000e+03 1.230064903413348020e+03 -4.895843428816431242e+01 1.532360760794400356e+01
1.117000000000000000e+03 1.230064903413348020e+03 -4.895843428816431242e+01 1.532360760794400356e+01
1.118000000000000000e+03 1.230064903413348020e+03 -4.895843428816431242e+01 1.532360760794400356e+01
1.119000000000000000e+03 1.230064903413348020e+03 -4.895843428816431242e+01 1.532360760794400356e+01
1.120000000000000000e+03 1.230064903413348020e+03 -4.895843428816431242e+01 1.532360760794400356e+01
1.121000000000000000e+03 1.230064903413348020e+03 -4.895843428816431242e+01 1.532360760794400356e+01
1.122000000000000000e+03 1.230064903413348020e+03 -4.895843428816431242e+01 1.532360760794400356e+01
1.123000000000000000e+03 1.230064903413348020e+03 -4.895843428816431242e+01 1.532360760794400356e+01
1.124000000000000000e+03 1.230064903413348020e+03 -4.895843428816431242e+01 1.532360760794400356e+01
1.125000000000000000e+03 1.230064903413348020e+03 -4.895843428816431242e+01 1.532360760794400356e+01
1.126000000000000000e+03 1.230064903413348020e+03 -4.895843428816431242e+01 1.532360760794400356e+01
1.127000000000000000e+03 1.230064903413348020e+03 -4.895843428816431242e+01 1.532360760794400356e+01
1.128000000000000000e+03 1.230064903413348020e+03 -4.895843428816431242e+01 1.532360760794400356e+01
1.129000000000000000e+03 1.230064903413348020e+03 -4.895843428816431242e+01 1.532360760794400356e+01
1.130000000000000000e+03 1.230064903413348020e+03 -4.895843428816431242e+01 1.532360760794400356e+01
1.131000000000000000e+03 1.230064903413348020e+03 -4.895843428816431242e+01 1.532360760794400356e+01
1.132000000000000000e+03 1.230064903413348020e+03 -4.895843428816431242e+01 1.532360760794400356e+01
1.133000000000000000e+03 1.230064903413348020e+03 -4.895843428816431242e+01 1.532360760794400356e+01
1.134000000000000000e+03 1.230064903413348020e+03 -4.895843428816431242e+01 1.532360760794400356e+01
1.135000000000000000e+03 1.230064903413348020e+03 -4.895843428816431242e+01 1.532360760794400356e+01
1.136000000000000000e+03 1.230064903413348020e+03 -4.895843428816431242e+01 1.532360760794400356e+01
1.137000000000000000e+03 1.230064903413348020e+03 -4.895843428816431242e+01 1.532360760794400356e+01
1.138000000000000000e+03 1.230064903413348020e+03 -4.895843428816431242e+01 1.532360760794400356e+01
1.139000000000000000e+03 1.230064903413348020e+03 -4.895843428816431242e+01 1.532360760794400356e+01
1.140000000000000000e+03 1.230064903413348020e+03 -4.895843428816431242e+01 1.532360760794400356e+01
1.141000000000000000e+03 1.230064903413348020e+03 -4.895843428816431242e+01 1.532360760794400356e+01
1.142000000000000000e+03 1.230064903413348020e+03 -4.895843428816431242e+01 1.532360760794400356e+01
1.143000000000000000e+03 1.230064903413348020e+03 -4.895843428816431242e+01 1.532360760794400356e+01
1.144000000000000000e+03 1.230064903413348020e+03 -4.895843428816431242e+01 1.532360760794400356e+01
1.145000000000000000e+03 1.230064903413348020e+03 -4.895843428816431242e+01 1.532360760794400356e+01
1.146000000000000000e+03 1.230064903413348020e+03 -4.895843428816431242e+01 1.532360760794400356e+01
1.147000000000000000e+03 1.230064903413348020e+03 -4.895843428816431242e+01 1.532360760794400356e+01
1.148000000000000000e+03 1.230064903413348020e+03 -4.895843428816431242e+01 1.532360760794400356e+01
1.149000000000000000e+03 1.230064903413348020e+03 -4.895843428816431242e+01 1.532360760794400356e+01
1.150000000000000000e+03 1.156575598667577651e+03 -1.059851915436301617e+01 1.384561013187899015e+01
1.151000000000000000e+03 1.156575598667577651e+03 -1.059851915436301617e+01 1.384561013187899015e+01
1.152000000000000000e+03 1.156575598667577651e+03 -1.059851915436301617e+01 1.384561013187899015e+01
1.153000000000000000e+03 1.156575598667577651e+03 -1.059851915436301617e+01 1.384561013187899015e+01
1.154000000000000000e+03 1.156575598667577651e+03 -1.059851915436301617e+01 1.384561013187899015e+01
1.155000000000000000e+03 1.156575598667577651e+03 -1.059851915436301617e+01 1.384561013187899015e+01
1.156000000000000000e+03 1.156575598667577651e+03 -1.059851915436301617e+01 1.384561013187899015e+01
1.157000000000000000e+03 1.156575598667577651e+03 -1.059851915436301617e+01 1.384561013187899015e+01
1.158000000000000000e+03 1.156575598667577651e+03 -1.059851915436301617e+01 1.384561013187899015e+01
1.159000000000000000e+03 1.156575598667577651e+03 -1.059851915436301617e+01 1.384561013187899015e+01
1.160000000000000000e+03 1.156575598667577651e+03 -1.059851915436301617e+01 1.384561013187899015e+01
1.161000000000000000e+03 1.156575598667577651e+03 -1.059851915436301617e+01 1.384561013187899015e+01
1.162000000000000000e+03 1.156575598667577651e+03 -1.059851915436301617e+01 1.384561013187899015e+01
1.163000000000000000e+03 1.156575598667577651e+03 -1.059851915436301617e+01 1.384561013187899015e+01
1.164000000000000000e+03 1.156575598667577651e+03 -1.059851915436301617e+01 1.384561013187899015e+01
1.165000000000000000e+03 1.156575598667577651e+03 -1.059851915436301617e+01 1.384561013187899015e+01
1.166000000000000000e+03 1.156575598667577651e+03 -1.059851915436301617e+01 1.384561013187899015e+01
1.167000000000000000e+03 1.156575598667577651e+03 -1.059851915436301617e+01 1.384561013187899015e+01
1.168000000000000000e+03 1.156575598667577651e+03 -1.059851915436301617e+01 1.384561013187899015e+01
1.169000000000000000e+03 1.156575598667577651e+03 -1.059851915436301617e+01 1.384561013187899015e+01
1.170000000000000000e+03 1.156575598667577651e+03 -1.059851915436301617e+01 1.384561013187899015e+01
1.171000000000000000e+03 1.156575598667577651e+03 -1.059851915436301617e+01 1.384561013187899015e+01
1.172000000000000000e+03 1.156575598667577651e+03 -1.059851915436301617e+01 1.384561013187899015e+01
1.173000000000000000e+03 1.156575598667577651e+03 -1.059851915436301617e+01 1.384561013187899015e+01
1.174000000000000000e+03 1.156575598667577651e+03 -1.059851915436301617e+01 1.384561013187899015e+01
1.175000000000000000e+03 1.156575598667577651e+03 -1.059851915436301617e+01 1.384561013187899015e+01
1.176000000000000000e+03 1.156575598667577651e+03 -1.059851915436301617e+01 1.384561013187899015e+01
1.177000000000000000e+03 1.156575598667577651e+03 -1.059851915436301617e+01 1.384561013187899015e+01
1.178000000000000000e+03 1.156575598667577651e+03 -1.059851915436301617e+01 1.384561013187899015e+01
1.179000000000000000e+03 1.156575598667577651e+03 -1.059851915436301617e+01 1.384561013187899015e+01
1.180000000000000000e+03 1.156575598667577651e+03 -1.059851915436301617e+01 1.384561013187899015e+01
1.181000000000000000e+03 1.156575598667577651e+03 -1.059851915436301617e+01 1.384561013187899015e+01
1.182000000000000000e+03 1.156575598667577651e+03 -1.059851915436301617e+01 1.384561013187899015e+01
1.183000000000000000e+03 1.156575598667577651e+03 -1.059851915436301617e+01 1.384561013187899015e+01
1.184000000000000000e+03 1.156575598667577651e+03 -1.059851915436301617e+01 1.384561013187899015e+01
1.185000000000000000e+03 1.156575598667577651e+03 -1.059851915436301617e+01 1.384561013187899015e+01
1.186000000000000000e+03 1.156575598667577651e+03 -1.059851915436301617e+01 1.384561013187899015e+01
1.187000000000000000e+03 1.156575598667577651e+03 -1.059851915436301617e+01 1.384561013187899015e+01
1.188000000000000000e+03 1.156575598667577651e+03 -1.059851915436301617e+01 1.384561013187899015e+01
1.189000000000000000e+03 1.156575598667577651e+03 -1.059851915436301617e+01 1.384561013187899015e+01
1.190000000000000000e+03 1.156575598667577651e+03 -1.059851915436301617e+01 1.384561013187899015e+01
1.191000000000000000e+03 1.156575598667577651e+03 -1.059851915436301617e+01 1.384561013187899015e+01
1.192000000000000000e+03 1.156575598667577651e+03 -1.059851915436301617e+01 1.384561013187899015e+01
1.193000000000000000e+03 1.156575598667577651e+03 -1.059851915436301617e+01 1.384561013187899015e+01
1.194000000000000000e+03 1.156575598667577651e+03 -1.059851915436301617e+01 1.384561013187899015e+01
1.195000000000000000e+03 1.156575598667577651e+03 -1.059851915436301617e+01 1.384561013187899015e+01
1.196000000000000000e+03 1.156575598667577651e+03 -1.059851915436301617e+01 1.384561013187899015e+01
1.197000000000000000e+03 1.156575598667577651e+03 -1.059851915436301617e+01 1.384561013187899015e+01
1.198000000000000000e+03 1.156575598667577651e+03 -1.059851915436301617e+01 1.384561013187899015e+01
1.199000000000000000e+03 1.156575598667577651e+03 -1.059851915436301617e+01 1.384561013187899015e+01
1.200000000000000000e+03 9.178132991413233412e+02 3.104084745994983408e+00 2.107317609652227119e+01
1.201000000000000000e+03 9.178132991413233412e+02 3.104084745994983408e+00 2.107317609652227119e+01
1.202000000000000000e+03 9.178132991413233412e+02 3.104084745994983408e+00 2.107317609652227119e+01
1.203000000000000000e+03 9.178132991413233412e+02 3.104084745994983408e+00 2.107317609652227119e+01
1.204000000000000000e+03 9.178132991413233412e+02 3.104084745994983408e+00 2.107317609652227119e+01
1.205000000000000000e+03 9.178132991413233412e+02 3.104084745994983408e+00 2.107317609652227119e+01
1.206000000000000000e+03 9.178132991413233412e+02 3.104084745994983408e+00 2.107317609652227119e+01
1.207000000000000000e+03 9.178132991413233412e+02 3.104084745994983408e+00 2.107317609652227119e+01
1.208000000000000000e+03 9.178132991413233412e+02 3.104084745994983408e+00 2.107317609652227119e+01
1.209000000000000000e+03 9.178132991413233412e+02 3.104084745994983408e+00 2.107317609652227119e+01
1.210000000000000000e+03 9.178132991413233412e+02 3.104084745994983408e+00 2.107317609652227119e+01
1.211000000000000000e+03 9.178132991413233412e+02 3.104084745994983408e+00 2.107317609652227119e+01
1.212000000000000000e+03 9.178132991413233412e+02 3.104084745994983408e+00 2.107317609652227119e+01
1.213000000000000000e+03 9.178132991413233412e+02 3.104084745994983408e+00 2.107317609652227119e+01
1.214000000000000000e+03 9.178132991413233412e+02 3.104084745994983408e+00 2.107317609652227119e+01
1.215000000000000000e+03 9.178132991413233412e+02 3.104084745994983408e+00 2.107317609652227119e+01
1.216000000000000000e+03 9.178132991413233412e+02 3.104084745994983408e+00 2.107317609652227119e+01
1.217000000000000000e+03 9.178132991413233412e+02 3.104084745994983408e+00 2.107317609652227119e+01
1.218000000000000000e+03 9.178132991413233412e+02 3.104084745994983408e+00 2.107317609652227119e+01
1.219000000000000000e+03 9.178132991413233412e+02 3.104084745994983408e+00 2.107317609652227119e+01
1.220000000000000000e+03 9.178132991413233412e+02 3.104084745994983408e+00 2.107317609652227119e+01
1.221000000000000000e+03 9.178132991413233412e+02 3.104084745994983408e+00 2.107317609652227119e+01
1.222000000000000000e+03 9.178132991413233412e+02 3.104084745994983408e+00 2.107317609652227119e+01
1.223000000000000000e+03 9.178132991413233412e+02 3.104084745994983408e+00 2.107317609652227119e+01
1.224000000000000000e+03 9.178132991413233412e+02 3.104084745994983408e+00 2.107317609652227119e+01
1.225000000000000000e+03 9.178132991413233412e+02 3.104084745994983408e+00 2.107317609652227119e+01
1.226000000000000000e+03 9.178132991413233412e+02 3.104084745994983408e+00 2.107317609652227119e+01
1.227000000000000000e+03 9.178132991413233412e+02 3.104084745994983408e+00 2.107317609652227119e+01
1.228000000000000000e+03 9.178132991413233412e+02 3.104084745994983408e+00 2.107317609652227119e+01
1.229000000000000000e+03 9.178132991413233412e+02 3.104084745994983408e+00 2.107317609652227119e+01
1.230000000000000000e+03 9.178132991413233412e+02 3.104084745994983408e+00 2.107317609652227119e+01
1.231000000000000000e+03 9.178132991413233412e+02 3.104084745994983408e+00 2.107317609652227119e+01
1.232000000000000000e+03 9.178132991413233412e+02 3.104084745994983408e+00 2.107317609652227119e+01
1.233000000000000000e+03 9.178132991413233412e+02 3.104084745994983408e+00 2.107317609652227119e+01
1.234000000000000000e+03 9.178132991413233412e+02 3.104084745994983408e+00 2.107317609652227119e+01
1.235000000000000000e+03 9.178132991413233412e+02 3.104084745994983408e+00 2.107317609652227119e+01
1.236000000000000000e+03 9.178132991413233412e+02 3.104084745994983408e+00 2.107317609652227119e+01
1.237000000000000000e+03 9.178132991413233412e+02 3.104084745994983408e+00 2.107317609652227119e+01
1.238000000000000000e+03 9.178132991413233412e+02 3.104084745994983408e+00 2.107317609652227119e+01
1.239000000000000000e+03 9.178132991413233412e+02 3.104084745994983408e+00 2.107317609652227119e+01
1.240000000000000000e+03 9.178132991413233412e+02 3.104084745994983408e+00 2.107317609652227119e+01
1.241000000000000000e+03 9.178132991413233412e+02 3.104084745994983408e+00 2.107317609652227119e+01
1.242000000000000000e+03 9.178132991413233412e+02 3.104084745994983408e+00 2.107317609652227119e+01
1.243000000000000000e+03 9.178132991413233412e+02 3.104084745994983408e+00 2.107317609652227119e+01
1.244000000000000000e+03 9.178132991413233412e+02 3.104084745994983408e+00 2.107317609652227119e+01
1.245000000000000000e+03 9.178132991413233412e+02 3.104084745994983408e+00 2.107317609652227119e+01
1.246000000000000000e+03 9.178132991413233412e+02 3.104084745994983408e+00 2.107317609652227119e+01
1.247000000000000000e+03 9.178132991413233412e+02 3.104084745994983408e+00 2.107317609652227119e+01
1.248000000000000000e+03 9.178132991413233412e+02 3.104084745994983408e+00 2.107317609652227119e+01
1.249000000000000000e+03 9.178132991413233412e+02 3.104084745994983408e+00 2.107317609652227119e+01
1.250000000000000000e+03 7.537768057292944377e+02 -1.399369953850492898e+01 2.834213104110231640e+01
1.251000000000000000e+03 7.537768057292944377e+02 -1.399369953850492898e+01 2.834213104110231640e+01
1.252000000000000000e+03 7.537768057292944377e+02 -1.399369953850492898e+01 2.834213104110231640e+01
1.253000000000000000e+03 7.537768057292944377e+02 -1.399369953850492898e+01 2.834213104110231640e+01
1.254000000000000000e+03 7.537768057292944377e+02 -1.399369953850492898e+01 2.834213104110231640e+01
1.255000000000000000e+03 7.537768057292944377e+02 -1.399369953850492898e+01 2.834213104110231640e+01
1.256000000000000000e+03 7.537768057292944377e+02 -1.399369953850492898e+01 2.834213104110231640e+01
1.257000000000000000e+03 7.537768057292944377e+02 -1.399369953850492898e+01 2.834213104110231640e+01
1.258000000000000000e+03 7.537768057292944377e+02 -1.399369953850492898e+01 2.834213104110231640e+01
1.259000000000000000e+03 7.537768057292944377e+02 -1.399369953850492898e+01 2.834213104110231640e+01
1.260000000000000000e+03 7.537768057292944377e+02 -1.399369953850492898e+01 2.834213104110231640e+01
1.261000000000000000e+03 7.537768057292944377e+02 -1.399369953850492898e+01 2.834213104110231640e+01
1.262000000000000000e+03 7.537768057292944377e+02 -1.399369953850492898e+01 2.834213104110231640e+01
1.263000000000000000e+03 7.537768057292944377e+02 -1.399369953850492898e+01 2.834213104110231640e+01
1.264000000000000000e+03 7.537768057292944377e+02 -1.399369953850492898e+01 2.834213104110231640e+01
1.265000000000000000e+03 7.537768057292944377e+02 -1.399369953850492898e+01 2.834213104110231640e+01
1.266000000000000000e+03 7.537768057292944377e+02 -1.399369953850492898e+01 2.834213104110231640e+01
1.267000000000000000e+03 7.537768057292944377e+02 -1.399369953850492898e+01 2.834213104110231640e+01
1.268000000000000000e+03 7.537768057292944377e+02 -1.399369953850492898e+01 2.834213104110231640e+01
1.269000000000000000e+03 7.537768057292944377e+02 -1.399369953850492898e+01 2.834213104110231640e+01
1.270000000000000000e+03 7.537768057292944377e+02 -1.399369953850492898e+01 2.834213104110231640e+01
1.271000000000000000e+03 7.537768057292944377e+02 -1.399369953850492898e+01 2.834213104110231640e+01
1.272000000000000000e+03 7.537768057292944377e+02 -1.399369953850492898e+01 2.834213104110231640e+01
1.273000000000000000e+03 7.537768057292944377e+02 -1.399369953850492898e+01 2.834213104110231640e+01
1.274000000000000000e+03 7.537768057292944377e+02 -1.399369953850492898e+01 2.834213104110231640e+01
1.275000000000000000e+03 7.537768057292944377e+02 -1.399369953850492898e+01 2.834213104110231640e+01
1.276000000000000000e+03 7.537768057292944377e+02 -1.399369953850492898e+01 2.834213104110231640e+01
1.277000000000000000e+03 7.537768057292944377e+02 -1.399369953850492898e+01 2.834213104110231640e+01
1.278000000000000000e+03 7.537768057292944377e+02 -1.399369953850492898e+01 2.834213104110231640e+01
1.279000000000000000e+03 7.537768057292944377e+02 -1.399369953850492898e+01 2.834213104110231640e+01
1.280000000000000000e+03 7.537768057292944377e+02 -1.399369953850492898e+01 2.834213104110231640e+01
1.281000000000000000e+03 7.537768057292944377e+02 -1.399369953850492898e+01 2.834213104110231640e+01
1.282000000000000000e+03 7.537768057292944377e+02 -1.399369953850492898e+01 2.834213104110231640e+01
1.283000000000000000e+03 7.537768057292944377e+02 -1.399369953850492898e+01 2.834213104110231640e+01
1.284000000000000000e+03 7.537768057292944377e+02 -1.399369953850492898e+01 2.834213104110231640e+01
1.285000000000000000e+03 7.537768057292944377e+02 -1.399369953850492898e+01 2.834213104110231640e+01
1.286000000000000000e+03 7.537768057292944377e+02 -1.399369953850492898e+01 2.834213104110231640e+01
1.287000000000000000e+03 7.537768057292944377e+02 -1.399369953850492898e+01 2.834213104110231640e+01
1.288000000000000000e+03 7.537768057292944377e+02 -1.399369953850492898e+01 2.834213104110231640e+01
1.289000000000000000e+03 7.537768057292944377e+02 -1.399369953850492898e+01 2.834213104110231640e+01
1.290000000000000000e+03 7.537768057292944377e+02 -1.399369953850492898e+01 2.834213104110231640e+01
1.291000000000000000e+03 7.537768057292944377e+02 -1.399369953850492898e+01 2.834213104110231640e+01
1.292000000000000000e+03 7.537768057292944377e+02 -1.399369953850492898e+01 2.834213104110231640e+01
1.293000000000000000e+03 7.537768057292944377e+02 -1.399369953850492898e+01 2.834213104110231640e+01
1.294000000000000000e+03 7.537768057292944377e+02 -1.399369953850492898e+01 2.834213104110231640e+01
1.295000000000000000e+03 7.537768057292944377e+02 -1.399369953850492898e+01 2.834213104110231640e+01
1.296000000000000000e+03 7.537768057292944377e+02 -1.399369953850492898e+01 2.834213104110231640e+01
1.297000000000000000e+03 7.537768057292944377e+02 -1.399369953850492898e+01 2.834213104110231640e+01
1.298000000000000000e+03 7.537768057292944377e+02 -1.399369953850492898e+01 2.834213104110231640e+01
1.299000000000000000e+03 7.537768057292944377e+02 -1.399369953850492898e+01 2.834213104110231640e+01
1.300000000000000000e+03 7.419944225072181325e+02 -4.693841143832102603e+01 2.918397668038853965e+01
1.301000000000000000e+03 7.419944225072181325e+02 -4.693841143832102603e+01 2.918397668038853965e+01
1.302000000000000000e+03 7.419944225072181325e+02 -4.693841143832102603e+01 2.918397668038853965e+01
1.303000000000000000e+03 7.419944225072181325e+02 -4.693841143832102603e+01 2.918397668038853965e+01
1.304000000000000000e+03 7.419944225072181325e+02 -4.693841143832102603e+01 2.918397668038853965e+01
1.305000000000000000e+03 7.419944225072181325e+02 -4.693841143832102603e+01 2.918397668038853965e+01
1.306000000000000000e+03 7.419944225072181325e+02 -4.693841143832102603e+01 2.918397668038853965e+01
1.307000000000000000e+03 7.419944225072181325e+02 -4.693841143832102603e+01 2.918397668038853965e+01
1.308000000000000000e+03 7.419944225072181325e+02 -4.693841143832102603e+01 2.918397668038853965e+01
1.309000000000000000e+03 7.419944225072181325e+02 -4.693841143832102603e+01 2.918397668038853965e+01
1.310000000000000000e+03 7.419944225072181325e+02 -4.693841143832102603e+01 2.918397668038853965e+01
1.311000000000000000e+03 7.419944225072181325e+02 -4.693841143832102603e+01 2.918397668038853965e+01
1.312000000000000000e+03 7.419944225072181325e+02 -4.693841143832102603e+01 2.918397668038853965e+01
1.313000000000000000e+03 7.419944225072181325e+02 -4.693841143832102603e+01 2.918397668038853965e+01
1.314000000000000000e+03 7.419944225072181325e+02 -4.693841143832102603e+01 2.918397668038853965e+01
1.315000000000000000e+03 7.419944225072181325e+02 -4.693841143832102603e+01 2.918397668038853965e+01
1.316000000000000000e+03 7.419944225072181325e+02 -4.693841143832102603e+01 2.918397668038853965e+01
1.317000000000000000e+03 7.419944225072181325e+02 -4.693841143832102603e+01 2.918397668038853965e+01
1.318000000000000000e+03 7.419944225072181325e+02 -4.693841143832102603e+01 2.918397668038853965e+01
1.319000000000000000e+03 7.419944225072181325e+02 -4.693841143832102603e+01 2.918397668038853965e+01
1.320000000000000000e+03 7.419944225072181325e+02 -4.693841143832102603e+01 2.918397668038853965e+01
1.321000000000000000e+03 7.419944225072181325e+02 -4.693841143832102603e+01 2.918397668038853965e+01
1.322000000000000000e+03 7.419944225072181325e+02 -4.693841143832102603e+01 2.918397668038853965e+01
1.323000000000000000e+03 7.419944225072181325e+02 -4.693841143832102603e+01 2.918397668038853965e+01
1.324000000000000000e+03 7.419944225072181325e+02 -4.693841143832102603e+01 2.918397668038853965e+01
1.325000000000000000e+03 7.419944225072181325e+02 -4.693841143832102603e+01 2.918397668038853965e+01
1.326000000000000000e+03 7.419944225072181325e+02 -4.693841143832102603e+01 2.918397668038853965e+01
1.327000000000000000e+03 7.419944225072181325e+02 -4.693841143832102603e+01 2.918397668038853965e+01
1.328000000000000000e+03 7.419944225072181325e+02 -4.693841143832102603e+01 2.918397668038853965e+01
1.329000000000000000e+03 7.419944225072181325e+02 -4.693841143832102603e+01 2.918397668038853965e+01
1.330000000000000000e+03 7.419944225072181325e+02 -4.693841143832102603e+01 2.918397668038853965e+01
1.331000000000000000e+03 7.419944225072181325e+02 -4.693841143832102603e+01 2.918397668038853965e+01
1.332000000000000000e+03 7.419944225072181325e+02 -4.693841143832102603e+01 2.918397668038853965e+01
1.333000000000000000e+03 7.419944225072181325e+02 -4.693841143832102603e+01 2.918397668038853965e+01
1.334000000000000000e+03 7.419944225072181325e+02 -4.693841143832102603e+01 2.918397668038853965e+01
1.335000000000000000e+03 7.419944225072181325e+02 -4.693841143832102603e+01 2.918397668038853965e+01
1.336000000000000000e+03 7.419944225072181325e+02 -4.693841143832102603e+01 2.918397668038853965e+01
1.337000000000000000e+03 7.419944225072181325e+02 -4.693841143832102603e+01 2.918397668038853965e+01
1.338000000000000000e+03 7.419944225072181325e+02 -4.693841143832102603e+01 2.918397668038853965e+01
1.339000000000000000e+03 7.419944225072181325e+02 -4.693841143832102603e+01 2.918397668038853965e+01
1.340000000000000000e+03 7.419944225072181325e+02 -4.693841143832102603e+01 2.918397668038853965e+01
1.341000000000000000e+03 7.419944225072181325e+02 -4.693841143832102603e+01 2.918397668038853965e+01
1.342000000000000000e+03 7.419944225072181325e+02 -4.693841143832102603e+01 2.918397668038853965e+01
1.343000000000000000e+03 7.419944225072181325e+02 -4.693841143832102603e+01 2.918397668038853965e+01
1.344000000000000000e+03 7.419944225072181325e+02 -4.693841143832102603e+01 2.918397668038853965e+01
1.345000000000000000e+03 7.419944225072181325e+02 -4.693841143832102603e+01 2.918397668038853965e+01
1.346000000000000000e+03 7.419944225072181325e+02 -4.693841143832102603e+01 2.918397668038853965e+01
1.347000000000000000e+03 7.419944225072181325e+02 -4.693841143832102603e+01 2.918397668038853965e+01
1.348000000000000000e+03 7.419944225072181325e+02 -4.693841143832102603e+01 2.918397668038853965e+01
1.349000000000000000e+03 7.419944225072181325e+02 -4.693841143832102603e+01 2.918397668038853965e+01
1.350000000000000000e+03 7.663593514320178883e+02 -5.847613010005764522e+01 2.185394619638945457e+01
1.351000000000000000e+03 7.663593514320178883e+02 -5.847613010005764522e+01 2.185394619638945457e+01
1.352000000000000000e+03 7.663593514320178883e+02 -5.847613010005764522e+01 2.185394619638945457e+01
1.353000000000000000e+03 7.663593514320178883e+02 -5.847613010005764522e+01 2.185394619638945457e+01
1.354000000000000000e+03 7.663593514320178883e+02 -5.847613010005764522e+01 2.185394619638945457e+01
1.355000000000000000e+03 7.663593514320178883e+02 -5.847613010005764522e+01 2.185394619638945457e+01
1.356000000000000000e+03 7.663593514320178883e+02 -5.847613010005764522e+01 2.185394619638945457e+01
1.357000000000000000e+03 7.663593514320178883e+02 -5.847613010005764522e+01 2.185394619638945457e+01
1.358000000000000000e+03 7.663593514320178883e+02 -5.847613010005764522e+01 2.185394619638945457e+01
1.359000000000000000e+03 7.663593514320178883e+02 -5.847613010005764522e+01 2.185394619638945457e+01
1.360000000000000000e+03 7.663593514320178883e+02 -5.847613010005764522e+01 2.185394619638945457e+01
1.361000000000000000e+03 7.663593514320178883e+02 -5.847613010005764522e+01 2.185394619638945457e+01
1.362000000000000000e+03 7.663593514320178883e+02 -5.847613010005764522e+01 2.185394619638945457e+01
1.363000000000000000e+03 7.663593514320178883e+02 -5.847613010005764522e+01 2.185394619638945457e+01
1.364000000000000000e+03 7.663593514320178883e+02 -5.847613010005764522e+01 2.185394619638945457e+01
1.365000000000000000e+03 7.663593514320178883e+02 -5.847613010005764522e+01 2.185394619638945457e+01
1.366000000000000000e+03 7.663593514320178883e+02 -5.847613010005764522e+01 2.185394619638945457e+01
1.367000000000000000e+03 7.663593514320178883e+02 -5.847613010005764522e+01 2.185394619638945457e+01
1.368000000000000000e+03 7.663593514320178883e+02 -5.847613010005764522e+01 2.185394619638945457e+01
1.369000000000000000e+03 7.663593514320178883e+02 -5.847613010005764522e+01 2.185394619638945457e+01
1.370000000000000000e+03 7.663593514320178883e+02 -5.847613010005764522e+01 2.185394619638945457e+01
1.371000000000000000e+03 7.663593514320178883e+02 -5.847613010005764522e+01 2.185394619638945457e+01
1.372000000000000000e+03 7.663593514320178883e+02 -5.847613010005764522e+01 2.185394619638945457e+01
1.373000000000000000e+03 7.663593514320178883e+02 -5.847613010005764522e+01 2.185394619638945457e+01
1.374000000000000000e+03 7.663593514320178883e+02 -5.847613010005764522e+01 2.185394619638945457e+01
1.375000000000000000e+03 7.663593514320178883e+02 -5.847613010005764522e+01 2.185394619638945457e+01
1.376000000000000000e+03 7.663593514320178883e+02 -5.847613010005764522e+01 2.185394619638945457e+01
1.377000000000000000e+03 7.663593514320178883e+02 -5.847613010005764522e+01 2.185394619638945457e+01
1.378000000000000000e+03 7.663593514320178883e+02 -5.847613010005764522e+01 2.185394619638945457e+01
1.379000000000000000e+03 7.663593514320178883e+02 -5.847613010005764522e+01 2.185394619638945457e+01
1.380000000000000000e+03 7.663593514320178883e+02 -5.847613010005764522e+01 2.185394619638945457e+01
1.381000000000000000e+03 7.663593514320178883e+02 -5.847613010005764522e+01 2.185394619638945457e+01
1.382000000000000000e+03 7.663593514320178883e+02 -5.847613010005764522e+01 2.185394619638945457e+01
1.383000000000000000e+03 7.663593514320178883e+02 -5.847613010005764522e+01 2.185394619638945457e+01
1.384000000000000000e+03 7.663593514320178883e+02 -5.847613010005764522e+01 2.185394619638945457e+01
1.385000000000000000e+03 7.663593514320178883e+02 -5.847613010005764522e+01 2.185394619638945457e+01
1.386000000000000000e+03 7.663593514320178883e+02 -5.847613010005764522e+01 2.185394619638945457e+01
1.387000000000000000e+03 7.663593514320178883e+02 -5.847613010005764522e+01 2.185394619638945457e+01
1.388000000000000000e+03 7.663593514320178883e+02 -5.847613010005764522e+01 2.185394619638945457e+01
1.389000000000000000e+03 7.663593514320178883e+02 -5.847613010005764522e+01 2.185394619638945457e+01
1.390000000000000000e+03 7.663593514320178883e+02 -5.847613010005764522e+01 2.185394619638945457e+01
1.391000000000000000e+03 7.663593514320178883e+02 -5.847613010005764522e+01 2.185394619638945457e+01
1.392000000000000000e+03 7.663593514320178883e+02 -5.847613010005764522e+01 2.185394619638945457e+01
1.393000000000000000e+03 7.663593514320178883e+02 -5.847613010005764522e+01 2.185394619638945457e+01
1.394000000000000000e+03 7.663593514320178883e+02 -5.847613010005764522e+01 2.185394619638945457e+01
1.395000000000000000e+03 7.663593514320178883e+02 -5.847613010005764522e+01 2.185394619638945457e+01
1.396000000000000000e+03 7.663593514320178883e+02 -5.847613010005764522e+01 2.185394619638945457e+01
1.397000000000000000e+03 7.663593514320178883e+02 -5.847613010005764522e+01 2.185394619638945457e+01
1.398000000000000000e+03 7.663593514320178883e+02 -5.847613010005764522e+01 2.185394619638945457e+01
1.399000000000000000e+03 7.663593514320178883e+02 -5.847613010005764522e+01 2.185394619638945457e+01
1.400000000000000000e+03 8.108798580563947098e+02 -4.227348670761925575e+01 1.392266467461525181e+01
1.401000000000000000e+03 8.108798580563947098e+02 -4.227348670761925575e+01 1.392266467461525181e+01
1.402000000000000000e+03 8.108798580563947098e+02 -4.227348670761925575e+01 1.392266467461525181e+01
1.403000000000000000e+03 8.108798580563947098e+02 -4.227348670761925575e+01 1.392266467461525181e+01
1.404000000000000000e+03 8.108798580563947098e+02 -4.227348670761925575e+01 1.392266467461525181e+01
1.405000000000000000e+03 8.108798580563947098e+02 -4.227348670761925575e+01 1.392266467461525181e+01
1.406000000000000000e+03 8.108798580563947098e+02 -4.227348670761925575e+01 1.392266467461525181e+01
1.407000000000000000e+03 8.108798580563947098e+02 -4.227348670761925575e+01 1.392266467461525181e+01
1.408000000000000000e+03 8.108798580563947098e+02 -4.227348670761925575e+01 1.392266467461525181e+01
1.409000000000000000e+03 8.108798580563947098e+02 -4.227348670761925575e+01 1.392266467461525181e+01
1.410000000000000000e+03 8.108798580563947098e+02 -4.227348670761925575e+01 1.392266467461525181e+01
1.411000000000000000e+03 8.108798580563947098e+02 -4.227348670761925575e+01 1.392266467461525181e+01
1.412000000000000000e+03 8.108798580563947098e+02 -4.227348670761925575e+01 1.392266467461525181e+01
1.413000000000000000e+03 8.108798580563947098e+02 -4.227348670761925575e+01 1.392266467461525181e+01
1.414000000000000000e+03 8.108798580563947098e+02 -4.227348670761925575e+01 1.392266467461525181e+01
1.415000000000000000e+03 8.108798580563947098e+02 -4.227348670761925575e+01 1.392266467461525181e+01
1.416000000000000000e+03 8.108798580563947098e+02 -4.227348670761925575e+01 1.392266467461525181e+01
1.417000000000000000e+03 8.108798580563947098e+02 -4.227348670761925575e+01 1.392266467461525181e+01
1.418000000000000000e+03 8.108798580563947098e+02 -4.227348670761925575e+01 1.392266467461525181e+01
1.419000000000000000e+03 8.108798580563947098e+02 -4.227348670761925575e+01 1.392266467461525181e+01
1.420000000000000000e+03 8.108798580563947098e+02 -4.227348670761925575e+01 1.392266467461525181e+01
1.421000000000000000e+03 8.108798580563947098e+02 -4.227348670761925575e+01 1.392266467461525181e+01
1.422000000000000000e+03 8.108798580563947098e+02 -4.227348670761925575e+01 1.392266467461525181e+01
1.423000000000000000e+03 8.108798580563947098e+02 -4.227348670761925575e+01 1.392266467461525181e+01
1.424000000000000000e+03 8.108798580563947098e+02 -4.227348670761925575e+01 1.392266467461525181e+01
1.425000000000000000e+03 8.108798580563947098e+02 -4.227348670761925575e+01 1.392266467461525181e+01
1.426000000000000000e+03 8.108798580563947098e+02 -4.227348670761925575e+01 1.392266467461525181e+01
1.427000000000000000e+03 8.108798580563947098e+02 -4.227348670761925575e+01 1.392266467461525181e+01
1.428000000000000000e+03 8.108798580563947098e+02 -4.227348670761925575e+01 1.392266467461525181e+01
1.429000000000000000e+03 8.108798580563947098e+02 -4.227348670761925575e+01 1.392266467461525181e+01
1.430000000000000000e+03 8.108798580563947098e+02 -4.227348670761925575e+01 1.392266467461525181e+01
1.431000000000000000e+03 8.108798580563947098e+02 -4.227348670761925575e+01 1.392266467461525181e+01
1.432000000000000000e+03 8.108798580563947098e+02 -4.227348670761925575e+01 1.392266467461525181e+01
1.433000000000000000e+03 8.108798580563947098e+02 -4.227348670761925575e+01 1.392266467461525181e+01
1.434000000000000000e+03 8.108798580563947098e+02 -4.227348670761925575e+01 1.392266467461525181e+01
1.435000000000000000e+03 8.108798580563947098e+02 -4.227348670761925575e+01 1.392266467461525181e+01
1.436000000000000000e+03 8.108798580563947098e+02 -4.227348670761925575e+01 1.392266467461525181e+01
1.437000000000000000e+03 8.108798580563947098e+02 -4.227348670761925575e+01 1.392266467461525181e+01
1.438000000000000000e+03 8.108798580563947098e+02 -4.227348670761925575e+01 1.392266467461525181e+01
1.439000000000000000e+03 8.108798580563947098e+02 -4.227348670761925575e+01 1.392266467461525181e+01
1.440000000000000000e+03 8.108798580563947098e+02 -4.227348670761925575e+01 1.392266467461525181e+01
1.441000000000000000e+03 8.108798580563947098e+02 -4.227348670761925575e+01 1.392266467461525181e+01
1.442000000000000000e+03 8.108798580563947098e+02 -4.227348670761925575e+01 1.392266467461525181e+01
1.443000000000000000e+03 8.108798580563947098e+02 -4.227348670761925575e+01 1.392266467461525181e+01
1.444000000000000000e+03 8.108798580563947098e+02 -4.227348670761925575e+01 1.392266467461525181e+01
1.445000000000000000e+03 8.108798580563947098e+02 -4.227348670761925575e+01 1.392266467461525181e+01
1.446000000000000000e+03 8.108798580563947098e+02 -4.227348670761925575e+01 1.392266467461525181e+01
1.447000000000000000e+03 8.108798580563947098e+02 -4.227348670761925575e+01 1.392266467461525181e+01
1.448000000000000000e+03 8.108798580563947098e+02 -4.227348670761925575e+01 1.392266467461525181e+01
1.449000000000000000e+03 8.108798580563947098e+02 -4.227348670761925575e+01 1.392266467461525181e+01
1.450000000000000000e+03 7.373672611528131711e+02 -1.312442983957467924e+01 1.171141958908497216e+01
1.451000000000000000e+03 7.373672611528131711e+02 -1.312442983957467924e+01 1.171141958908497216e+01
1.452000000000000000e+03 7.373672611528131711e+02 -1.312442983957467924e+01 1.171141958908497216e+01
1.453000000000000000e+03 7.373672611528131711e+02 -1.312442983957467924e+01 1.171141958908497216e+01
1.454000000000000000e+03 7.373672611528131711e+02 -1.312442983957467924e+01 1.171141958908497216e+01
1.455000000000000000e+03 7.373672611528131711e+02 -1.312442983957467924e+01 1.171141958908497216e+01
1.456000000000000000e+03 7.373672611528131711e+02 -1.312442983957467924e+01 1.171141958908497216e+01
1.457000000000000000e+03 7.373672611528131711e+02 -1.312442983957467924e+01 1.171141958908497216e+01
1.458000000000000000e+03 7.373672611528131711e+02 -1.312442983957467924e+01 1.171141958908497216e+01
1.459000000000000000e+03 7.373672611528131711e+02 -1.312442983957467924e+01 1.171141958908497216e+01
1.460000000000000000e+03 7.373672611528131711e+02 -1.312442983957467924e+01 1.171141958908497216e+01
1.461000000000000000e+03 7.373672611528131711e+02 -1.312442983957467924e+01 1.171141958908497216e+01
1.462000000000000000e+03 7.373672611528131711e+02 -1.312442983957467924e+01 1.171141958908497216e+01
1.463000000000000000e+03 7.373672611528131711e+02 -1.312442983957467924e+01 1.171141958908497216e+01
1.464000000000000000e+03 7.373672611528131711e+02 -1.312442983957467924e+01 1.171141958908497216e+01
1.465000000000000000e+03 7.373672611528131711e+02 -1.312442983957467924e+01 1.171141958908497216e+01
1.466000000000000000e+03 7.373672611528131711e+02 -1.312442983957467924e+01 1.171141958908497216e+01
1.467000000000000000e+03 7.373672611528131711e+02 -1.312442983957467924e+01 1.171141958908497216e+01
1.468000000000000000e+03 7.373672611528131711e+02 -1.312442983957467924e+01 1.171141958908497216e+01
1.469000000000000000e+03 7.373672611528131711e+02 -1.312442983957467924e+01 1.171141958908497216e+01
1.470000000000000000e+03 7.373672611528131711e+02 -1.312442983957467924e+01 1.171141958908497216e+01
1.471000000000000000e+03 7.373672611528131711e+02 -1.312442983957467924e+01 1.171141958908497216e+01
1.472000000000000000e+03 7.373672611528131711e+02 -1.312442983957467924e+01 1.171141958908497216e+01
1.473000000000000000e+03 7.373672611528131711e+02 -1.312442983957467924e+01 1.171141958908497216e+01
1.474000000000000000e+03 7.373672611528131711e+02 -1.312442983957467924e+01 1.171141958908497216e+01
1.475000000000000000e+03 7.373672611528131711e+02 -1.312442983957467924e+01 1.171141958908497216e+01
1.476000000000000000e+03 7.373672611528131711e+02 -1.312442983957467924e+01 1.171141958908497216e+01
1.477000000000000000e+03 7.373672611528131711e+02 -1.312442983957467924e+01 1.171141958908497216e+01
1.478000000000000000e+03 7.373672611528131711e+02 -1.312442983957467924e+01 1.171141958908497216e+01
1.479000000000000000e+03 7.373672611528131711e+02 -1.312442983957467924e+01 1.171141958908497216e+01
1.480000000000000000e+03 7.373672611528131711e+02 -1.312442983957467924e+01 1.171141958908497216e+01
1.481000000000000000e+03 7.373672611528131711e+02 -1.312442983957467924e+01 1.171141958908497216e+01
1.482000000000000000e+03 7.373672611528131711e+02 -1.312442983957467924e+01 1.171141958908497216e+01
1.483000000000000000e+03 7.373672611528131711e+02 -1.312442983957467924e+01 1.171141958908497216e+01
1.484000000000000000e+03 7.373672611528131711e+02 -1.312442983957467924e+01 1.171141958908497216e+01
1.485000000000000000e+03 7.373672611528131711e+02 -1.312442983957467924e+01 1.171141958908497216e+01
1.486000000000000000e+03 7.373672611528131711e+02 -1.312442983957467924e+01 1.171141958908497216e+01
1.487000000000000000e+03 7.373672611528131711e+02 -1.312442983957467924e+01 1.171141958908497216e+01
1.488000000000000000e+03 7.373672611528131711e+02 -1.312442983957467924e+01 1.171141958908497216e+01
1.489000000000000000e+03 7.373672611528131711e+02 -1.312442983957467924e+01 1.171141958908497216e+01
1.490000000000000000e+03 7.373672611528131711e+02 -1.312442983957467924e+01 1.171141958908497216e+01
1.491000000000000000e+03 7.373672611528131711e+02 -1.312442983957467924e+01 1.171141958908497216e+01
1.492000000000000000e+03 7.373672611528131711e+02 -1.312442983957467924e+01 1.171141958908497216e+01
1.493000000000000000e+03 7.373672611528131711e+02 -1.312442983957467924e+01 1.171141958908497216e+01
1.494000000000000000e+03 7.373672611528131711e+02 -1.312442983957467924e+01 1.171141958908497216e+01
1.495000000000000000e+03 7.373672611528131711e+02 -1.312442983957467924e+01 1.171141958908497216e+01
1.496000000000000000e+03 7.373672611528131711e+02 -1.312442983957467924e+01 1.171141958908497216e+01
1.497000000000000000e+03 7.373672611528131711e+02 -1.312442983957467924e+01 1.171141958908497216e+01
1.498000000000000000e+03 7.373672611528131711e+02 -1.312442983957467924e+01 1.171141958908497216e+01
1.499000000000000000e+03 7.373672611528131711e+02 -1.312442983957467924e+01 1.171141958908497216e+01
1.500000000000000000e+03 6.126637912137746298e+02 4.945550735392849617e+00 1.504202265839700381e+01
1.501000000000000000e+03 6.126637912137746298e+02 4.945550735392849617e+00 1.504202265839700381e+01
1.502000000000000000e+03 6.126637912137746298e+02 4.945550735392849617e+00 1.504202265839700381e+01
1.503000000000000000e+03 6.126637912137746298e+02 4.945550735392849617e+00 1.504202265839700381e+01
1.504000000000000000e+03 6.126637912137746298e+02 4.945550735392849617e+00 1.504202265839700381e+01
1.505000000000000000e+03 6.126637912137746298e+02 4.945550735392849617e+00 1.504202265839700381e+01
1.506000000000000000e+03 6.126637912137746298e+02 4.945550735392849617e+00 1.504202265839700381e+01
1.507000000000000000e+03 6.126637912137746298e+02 4.945550735392849617e+00 1.504202265839700381e+01
1.508000000000000000e+03 6.126637912137746298e+02 4.945550735392849617e+00 1.504202265839700381e+01
1.509000000000000000e+03 6.126637912137746298e+02 4.945550735392849617e+00 1.504202265839700381e+01
1.510000000000000000e+03 6.126637912137746298e+02 4.945550735392849617e+00 1.504202265839700381e+01
1.511000000000000000e+03 6.126637912137746298e+02 4.945550735392849617e+00 1.504202265839700381e+01
1.512000000000000000e+03 6.126637912137746298e+02 4.945550735392849617e+00 1.504202265839700381e+01
1.513000000000000000e+03 6.126637912137746298e+02 4.945550735392849617e+00 1.504202265839700381e+01
1.514000000000000000e+03 6.126637912137746298e+02 4.945550735392849617e+00 1.504202265839700381e+01
1.515000000000000000e+03 6.126637912137746298e+02 4.945550735392849617e+00 1.504202265839700381e+01
1.516000000000000000e+03 6.126637912137746298e+02 4.945550735392849617e+00 1.504202265839700381e+01
1.517000000000000000e+03 6.126637912137746298e+02 4.945550735392849617e+00 1.504202265839700381e+01
1.518000000000000000e+03 6.126637912137746298e+02 4.945550735392849617e+00 1.504202265839700381e+01
1.519000000000000000e+03 6.126637912137746298e+02 4.945550735392849617e+00 1.504202265839700381e+01
1.520000000000000000e+03 6.126637912137746298e+02 4.945550735392849617e+00 1.504202265839700381e+01
1.521000000000000000e+03 6.126637912137746298e+02 4.945550735392849617e+00 1.504202265839700381e+01
1.522000000000000000e+03 6.126637912137746298e+02 4.945550735392849617e+00 1.504202265839700381e+01
1.523000000000000000e+03 6.126637912137746298e+02 4.945550735392849617e+00 1.504202265839700381e+01
1.524000000000000000e+03 6.126637912137746298e+02 4.945550735392849617e+00 1.504202265839700381e+01
1.525000000000000000e+03 6.126637912137746298e+02 4.945550735392849617e+00 1.504202265839700381e+01
1.526000000000000000e+03 6.126637912137746298e+02 4.945550735392849617e+00 1.504202265839700381e+01
1.527000000000000000e+03 6.126637912137746298e+02 4.945550735392849617e+00 1.504202265839700381e+01
1.528000000000000000e+03 6.126637912137746298e+02 4.945550735392849617e+00 1.504202265839700381e+01
1.529000000000000000e+03 6.126637912137746298e+02 4.945550735392849617e+00 1.504202265839700381e+01
1.530000000000000000e+03 6.126637912137746298e+02 4.945550735392849617e+00 1.504202265839700381e+01
1.531000000000000000e+03 6.126637912137746298e+02 4.945550735392849617e+00 1.504202265839700381e+01
1.532000000000000000e+03 6.126637912137746298e+02 4.945550735392849617e+00 1.504202265839700381e+01
1.533000000000000000e+03 6.126637912137746298e+02 4.945550735392849617e+00 1.504202265839700381e+01
1.534000000000000000e+03 6.126637912137746298e+02 4.945550735392849617e+00 1.504202265839700381e+01
1.535000000000000000e+03 6.126637912137746298e+02 4.945550735392849617e+00 1.504202265839700381e+01
1.536000000000000000e+03 6.126637912137746298e+02 4.945550735392849617e+00 1.504202265839700381e+01
1.537000000000000000e+03 6.126637912137746298e+02 4.945550735392849617e+00 1.504202265839700381e+01
1.538000000000000000e+03 6.126637912137746298e+02 4.945550735392849617e+00 1.504202265839700381e+01
1.539000000000000000e+03 6.126637912137746298e+02 4.945550735392849617e+00 1.504202265839700381e+01
1.540000000000000000e+03 6.126637912137746298e+02 4.945550735392849617e+00 1.504202265839700381e+01
1.541000000000000000e+03 6.126637912137746298e+02 4.945550735392849617e+00 1.504202265839700381e+01
1.542000000000000000e+03 6.126637912137746298e+02 4.945550735392849617e+00 1.504202265839700381e+01
1.543000000000000000e+03 6.126637912137746298e+02 4.945550735392849617e+00 1.504202265839700381e+01
1.544000000000000000e+03 6.126637912137746298e+02 4.945550735392849617e+00 1.504202265839700381e+01
1.545000000000000000e+03 6.126637912137746298e+02 4.945550735392849617e+00 1.504202265839700381e+01
1.546000000000000000e+03 6.126637912137746298e+02 4.945550735392849617e+00 1.504202265839700381e+01
1.547000000000000000e+03 6.126637912137746298e+02 4.945550735392849617e+00 1.504202265839700381e+01
1.548000000000000000e+03 6.126637912137746298e+02 4.945550735392849617e+00 1.504202265839700381e+01
1.549000000000000000e+03 6.126637912137746298e+02 4.945550735392849617e+00 1.504202265839700381e+01
1.550000000000000000e+03 4.835201915645023973e+02 -5.427238942882155470e-01 1.906049618813037583e+01
1.551000000000000000e+03 4.835201915645023973e+02 -5.427238942882155470e-01 1.906049618813037583e+01
1.552000000000000000e+03 4.835201915645023973e+02 -5.427238942882155470e-01 1.906049618813037583e+01
1.553000000000000000e+03 4.835201915645023973e+02 -5.427238942882155470e-01 1.906049618813037583e+01
1.554000000000000000e+03 4.835201915645023973e+02 -5.427238942882155470e-01 1.906049618813037583e+01
1.555000000000000000e+03 4.835201915645023973e+02 -5.427238942882155470e-01 1.906049618813037583e+01
1.556000000000000000e+03 4.835201915645023973e+02 -5.427238942882155470e-01 1.906049618813037583e+01
1.557000000000000000e+03 4.835201915645023973e+02 -5.427238942882155470e-01 1.906049618813037583e+01
1.558000000000000000e+03 4.835201915645023973e+02 -5.427238942882155470e-01 1.906049618813037583e+01
1.559000000000000000e+03 4.835201915645023973e+02 -5.427238942882155470e-01 1.906049618813037583e+01
1.560000000000000000e+03 4.835201915645023973e+02 -5.427238942882155470e-01 1.906049618813037583e+01
1.561000000000000000e+03 4.835201915645023973e+02 -5.427238942882155470e-01 1.906049618813037583e+01
1.562000000000000000e+03 4.835201915645023973e+02 -5.427238942882155470e-01 1.906049618813037583e+01
1.563000000000000000e+03 4.835201915645023973e+02 -5.427238942882155470e-01 1.906049618813037583e+01
1.564000000000000000e+03 4.835201915645023973e+02 -5.427238942882155470e-01 1.906049618813037583e+01
1.565000000000000000e+03 4.835201915645023973e+02 -5.427238942882155470e-01 1.906049618813037583e+01
1.566000000000000000e+03 4.835201915645023973e+02 -5.427238942882155470e-01 1.906049618813037583e+01
1.567000000000000000e+03 4.835201915645023973e+02 -5.427238942882155470e-01 1.906049618813037583e+01
1.568000000000000000e+03 4.835201915645023973e+02 -5.427238942882155470e-01 1.906049618813037583e+01
1.569000000000000000e+03 4.835201915645023973e+02 -5.427238942882155470e-01 1.906049618813037583e+01
1.570000000000000000e+03 4.835201915645023973e+02 -5.427238942882155470e-01 1.906049618813037583e+01
1.571000000000000000e+03 4.835201915645023973e+02 -5.427238942882155470e-01 1.906049618813037583e+01
1.572000000000000000e+03 4.835201915645023973e+02 -5.427238942882155470e-01 1.906049618813037583e+01
1.573000000000000000e+03 4.835201915645023973e+02 -5.427238942882155470e-01 1.906049618813037583e+01
1.574000000000000000e+03 4.835201915645023973e+02 -5.427238942882155470e-01 1.906049618813037583e+01
1.575000000000000000e+03 4.835201915645023973e+02 -5.427238942882155470e-01 1.906049618813037583e+01
1.576000000000000000e+03 4.835201915645023973e+02 -5.427238942882155470e-01 1.906049618813037583e+01
1.577000000000000000e+03 4.835201915645023973e+02 -5.427238942882155470e-01 1.906049618813037583e+01
1.578000000000000000e+03 4.835201915645023973e+02 -5.427238942882155470e-01 1.906049618813037583e+01
1.579000000000000000e+03 4.835201915645023973e+02 -5.427238942882155470e-01 1.906049618813037583e+01
1.580000000000000000e+03 4.835201915645023973e+02 -5.427238942882155470e-01 1.906049618813037583e+01
1.581000000000000000e+03 4.835201915645023973e+02 -5.427238942882155470e-01 1.906049618813037583e+01
1.582000000000000000e+03 4.835201915645023973e+02 -5.427238942882155470e-01 1.906049618813037583e+01
1.583000000000000000e+03 4.835201915645023973e+02 -5.427238942882155470e-01 1.906049618813037583e+01
1.584000000000000000e+03 4.835201915645023973e+02 -5.427238942882155470e-01 1.906049618813037583e+01
1.585000000000000000e+03 4.835201915645023973e+02 -5.427238942882155470e-01 1.906049618813037583e+01
1.586000000000000000e+03 4.835201915645023973e+02 -5.427238942882155470e-01 1.906049618813037583e+01
1.587000000000000000e+03 4.835201915645023973e+02 -5.427238942882155470e-01 1.906049618813037583e+01
1.588000000000000000e+03 4.835201915645023973e+02 -5.427238942882155470e-01 1.906049618813037583e+01
1.589000000000000000e+03 4.835201915645023973e+02 -5.427238942882155470e-01 1.906049618813037583e+01
1.590000000000000000e+03 4.835201915645023973e+02 -5.427238942882155470e-01 1.906049618813037583e+01
1.591000000000000000e+03 4.835201915645023973e+02 -5.427238942882155470e-01 1.906049618813037583e+01
1.592000000000000000e+03 4.835201915645023973e+02 -5.427238942882155470e-01 1.906049618813037583e+01
1.593000000000000000e+03 4.835201915645023973e+02 -5.427238942882155470e-01 1.906049618813037583e+01
1.594000000000000000e+03 4.835201915645023973e+02 -5.427238942882155470e-01 1.906049618813037583e+01
1.595000000000000000e+03 4.835201915645023973e+02 -5.427238942882155470e-01 1.906049618813037583e+01
1.596000000000000000e+03 4.835201915645023973e+02 -5.427238942882155470e-01 1.906049618813037583e+01
1.597000000000000000e+03 4.835201915645023973e+02 -5.427238942882155470e-01 1.906049618813037583e+01
1.598000000000000000e+03 4.835201915645023973e+02 -5.427238942882155470e-01 1.906049618813037583e+01
1.599000000000000000e+03 4.835201915645023973e+02 -5.427238942882155470e-01 1.906049618813037583e+01
1.600000000000000000e+03 3.997787308515736413e+02 -1.504400359158868028e+01 1.994876236354640753e+01
1.601000000000000000e+03 3.997787308515736413e+02 -1.504400359158868028e+01 1.994876236354640753e+01
1.602000000000000000e+03 3.997787308515736413e+02 -1.504400359158868028e+01 1.994876236354640753e+01
1.603000000000000000e+03 3.997787308515736413e+02 -1.504400359158868028e+01 1.994876236354640753e+01
1.604000000000000000e+03 3.997787308515736413e+02 -1.504400359158868028e+01 1.994876236354640753e+01
1.605000000000000000e+03 3.997787308515736413e+02 -1.504400359158868028e+01 1.994876236354640753e+01
1.606000000000000000e+03 3.997787308515736413e+02 -1.504400359158868028e+01 1.994876236354640753e+01
1.607000000000000000e+03 3.997787308515736413e+02 -1.504400359158868028e+01 1.994876236354640753e+01
1.608000000000000000e+03 3.997787308515736413e+02 -1.504400359158868028e+01 1.994876236354640753e+01
1.609000000000000000e+03 3.997787308515736413e+02 -1.504400359158868028e+01 1.994876236354640753e+01
1.610000000000000000e+03 3.997787308515736413e+02 -1.504400359158868028e+01 1.994876236354640753e+01
1.611000000000000000e+03 3.997787308515736413e+02 -1.504400359158868028e+01 1.994876236354640753e+01
1.612000000000000000e+03 3.997787308515736413e+02 -1.504400359158868028e+01 1.994876236354640753e+01
1.613000000000000000e+03 3.997787308515736413e+02 -1.504400359158868028e+01 1.994876236354640753e+01
1.614000000000000000e+03 3.997787308515736413e+02 -1.504400359158868028e+01 1.994876236354640753e+01
1.615000000000000000e+03 3.997787308515736413e+02 -1.504400359158868028e+01 1.994876236354640753e+01
1.616000000000000000e+03 3.997787308515736413e+02 -1.504400359158868028e+01 1.994876236354640753e+01
1.617000000000000000e+03 3.997787308515736413e+02 -1.504400359158868028e+01 1.994876236354640753e+01
1.618000000000000000e+03 3.997787308515736413e+02 -1.504400359158868028e+01 1.994876236354640753e+01
1.619000000000000000e+03 3.997787308515736413e+02 -1.504400359158868028e+01 1.994876236354640753e+01
1.620000000000000000e+03 3.997787308515736413e+02 -1.504400359158868028e+01 1.994876236354640753e+01
1.621000000000000000e+03 3.997787308515736413e+02 -1.504400359158868028e+01 1.994876236354640753e+01
1.622000000000000000e+03 3.997787308515736413e+02 -1.504400359158868028e+01 1.994876236354640753e+01
1.623000000000000000e+03 3.997787308515736413e+02 -1.504400359158868028e+01 1.994876236354640753e+01
1.624000000000000000e+03 3.997787308515736413e+02 -1.504400359158868028e+01 1.994876236354640753e+01
1.625000000000000000e+03 3.997787308515736413e+02 -1.504400359158868028e+01 1.994876236354640753e+01
1.626000000000000000e+03 3.997787308515736413e+02 -1.504400359158868028e+01 1.994876236354640753e+01
1.627000000000000000e+03 3.997787308515736413e+02 -1.504400359158868028e+01 1.994876236354640753e+01
1.628000000000000000e+03 3.997787308515736413e+02 -1.504400359158868028e+01 1.994876236354640753e+01
1.629000000000000000e+03 3.997787308515736413e+02 -1.504400359158868028e+01 1.994876236354640753e+01
1.630000000000000000e+03 3.997787308515736413e+02 -1.504400359158868028e+01 1.994876236354640753e+01
1.631000000000000000e+03 3.997787308515736413e+02 -1.504400359158868028e+01 1.994876236354640753e+01
1.632000000000000000e+03 3.997787308515736413e+02 -1.504400359158868028e+01 1.994876236354640753e+01
1.633000000000000000e+03 3.997787308515736413e+02 -1.504400359158868028e+01 1.994876236354640753e+01
1.634000000000000000e+03 3.997787308515736413e+02 -1.504400359158868028e+01 1.994876236354640753e+01
1.635000000000000000e+03 3.997787308515736413e+02 -1.504400359158868028e+01 1.994876236354640753e+01
1.636000000000000000e+03 3.997787308515736413e+02 -1.504400359158868028e+01 1.994876236354640753e+01
1.637000000000000000e+03 3.997787308515736413e+02 -1.504400359158868028e+01 1.994876236354640753e+01
1.638000000000000000e+03 3.997787308515736413e+02 -1.504400359158868028e+01 1.994876236354640753e+01
1.639000000000000000e+03 3.997787308515736413e+02 -1.504400359158868028e+01 1.994876236354640753e+01
1.640000000000000000e+03 3.997787308515736413e+02 -1.504400359158868028e+01 1.994876236354640753e+01
1.641000000000000000e+03 3.997787308515736413e+02 -1.504400359158868028e+01 1.994876236354640753e+01
1.642000000000000000e+03 3.997787308515736413e+02 -1.504400359158868028e+01 1.994876236354640753e+01
1.643000000000000000e+03 3.997787308515736413e+02 -1.504400359158868028e+01 1.994876236354640753e+01
1.644000000000000000e+03 3.997787308515736413e+02 -1.504400359158868028e+01 1.994876236354640753e+01
1.645000000000000000e+03 3.997787308515736413e+02 -1.504400359158868028e+01 1.994876236354640753e+01
1.646000000000000000e+03 3.997787308515736413e+02 -1.504400359158868028e+01 1.994876236354640753e+01
1.647000000000000000e+03 3.997787308515736413e+02 -1.504400359158868028e+01 1.994876236354640753e+01
1.648000000000000000e+03 3.997787308515736413e+02 -1.504400359158868028e+01 1.994876236354640753e+01
1.649000000000000000e+03 3.997787308515736413e+02 -1.504400359158868028e+01 1.994876236354640753e+01
1.650000000000000000e+03 3.849515640674468955e+02 -2.815632517845493865e+01 1.606787448188317668e+01
1.651000000000000000e+03 3.849515640674468955e+02 -2.815632517845493865e+01 1.606787448188317668e+01
1.652000000000000000e+03 3.849515640674468955e+02 -2.815632517845493865e+01 1.606787448188317668e+01
1.653000000000000000e+03 3.849515640674468955e+02 -2.815632517845493865e+01 1.606787448188317668e+01
1.654000000000000000e+03 3.849515640674468955e+02 -2.815632517845493865e+01 1.606787448188317668e+01
1.655000000000000000e+03 3.849515640674468955e+02 -2.815632517845493865e+01 1.606787448188317668e+01
1.656000000000000000e+03 3.849515640674468955e+02 -2.815632517845493865e+01 1.606787448188317668e+01
1.657000000000000000e+03 3.849515640674468955e+02 -2.815632517845493865e+01 1.606787448188317668e+01
1.658000000000000000e+03 3.849515640674468955e+02 -2.815632517845493865e+01 1.606787448188317668e+01
1.659000000000000000e+03 3.849515640674468955e+02 -2.815632517845493865e+01 1.606787448188317668e+01
1.660000000000000000e+03 3.849515640674468955e+02 -2.815632517845493865e+01 1.606787448188317668e+01
1.661000000000000000e+03 3.849515640674468955e+02 -2.815632517845493865e+01 1.606787448188317668e+01
1.662000000000000000e+03 3.849515640674468955e+02 -2.815632517845493865e+01 1.606787448188317668e+01
1.663000000000000000e+03 3.849515640674468955e+02 -2.815632517845493865e+01 1.606787448188317668e+01
1.664000000000000000e+03 3.849515640674468955e+02 -2.815632517845493865e+01 1.606787448188317668e+01
1.665000000000000000e+03 3.849515640674468955e+02 -2.815632517845493865e+01 1.606787448188317668e+01
1.666000000000000000e+03 3.849515640674468955e+02 -2.815632517845493865e+01 1.606787448188317668e+01
1.667000000000000000e+03 3.849515640674468955e+02 -2.815632517845493865e+01 1.606787448188317668e+01
1.668000000000000000e+03 3.849515640674468955e+02 -2.815632517845493865e+01 1.606787448188317668e+01
1.669000000000000000e+03 3.849515640674468955e+02 -2.815632517845493865e+01 1.606787448188317668e+01
1.670000000000000000e+03 3.849515640674468955e+02 -2.815632517845493865e+01 1.606787448188317668e+01
1.671000000000000000e+03 3.849515640674468955e+02 -2.815632517845493865e+01 1.606787448188317668e+01
1.672000000000000000e+03 3.849515640674468955e+02 -2.815632517845493865e+01 1.606787448188317668e+01
1.673000000000000000e+03 3.849515640674468955e+02 -2.815632517845493865e+01 1.606787448188317668e+01
1.674000000000000000e+03 3.849515640674468955e+02 -2.815632517845493865e+01 1.606787448188317668e+01
1.675000000000000000e+03 3.849515640674468955e+02 -2.815632517845493865e+01 1.606787448188317668e+01
1.676000000000000000e+03 3.849515640674468955e+02 -2.815632517845493865e+01 1.606787448188317668e+01
1.677000000000000000e+03 3.849515640674468955e+02 -2.815632517845493865e+01 1.606787448188317668e+01
1.678000000000000000e+03 3.849515640674468955e+02 -2.815632517845493865e+01 1.606787448188317668e+01
1.679000000000000000e+03 3.849515640674468955e+02 -2.815632517845493865e+01 1.606787448188317668e+01
1.680000000000000000e+03 3.849515640674468955e+02 -2.815632517845493865e+01 1.606787448188317668e+01
1.681000000000000000e+03 3.849515640674468955e+02 -2.815632517845493865e+01 1.606787448188317668e+01
1.682000000000000000e+03 3.849515640674468955e+02 -2.815632517845493865e+01 1.606787448188317668e+01
1.683000000000000000e+03 3.849515640674468955e+02 -2.815632517845493865e+01 1.606787448188317668e+01
1.684000000000000000e+03 3.849515640674468955e+02 -2.815632517845493865e+01 1.606787448188317668e+01
1.685000000000000000e+03 3.849515640674468955e+02 -2.815632517845493865e+01 1.606787448188317668e+01
1.686000000000000000e+03 3.849515640674468955e+02 -2.815632517845493865e+01 1.606787448188317668e+01
1.687000000000000000e+03 3.849515640674468955e+02 -2.815632517845493865e+01 1.606787448188317668e+01
1.688000000000000000e+03 3.849515640674468955e+02 -2.815632517845493865e+01 1.606787448188317668e+01
1.689000000000000000e+03 3.849515640674468955e+02 -2.815632517845493865e+01 1.606787448188317668e+01
1.690000000000000000e+03 3.849515640674468955e+02 -2.815632517845493865e+01 1.606787448188317668e+01
1.691000000000000000e+03 3.849515640674468955e+02 -2.815632517845493865e+01 1.606787448188317668e+01
1.692000000000000000e+03 3.849515640674468955e+02 -2.815632517845493865e+01 1.606787448188317668e+01
1.693000000000000000e+03 3.849515640674468955e+02 -2.815632517845493865e+01 1.606787448188317668e+01
1.694000000000000000e+03 3.849515640674468955e+02 -2.815632517845493865e+01 1.606787448188317668e+01
1.695000000000000000e+03 3.849515640674468955e+02 -2.815632517845493865e+01 1.606787448188317668e+01
1.696000000000000000e+03 3.849515640674468955e+02 -2.815632517845493865e+01 1.606787448188317668e+01
1.697000000000000000e+03 3.849515640674468955e+02 -2.815632517845493865e+01 1.606787448188317668e+01
1.698000000000000000e+03 3.849515640674468955e+02 -2.815632517845493865e+01 1.606787448188317668e+01
1.699000000000000000e+03 3.849515640674468955e+02 -2.815632517845493865e+01 1.606787448188317668e+01
1.700000000000000000e+03 3.981191784600405867e+02 -2.600570664865685444e+01 1.079927126405830684e+01
1.701000000000000000e+03 3.981191784600405867e+02 -2.600570664865685444e+01 1.079927126405830684e+01
1.702000000000000000e+03 3.981191784600405867e+02 -2.600570664865685444e+01 1.079927126405830684e+01
1.703000000000000000e+03 3.981191784600405867e+02 -2.600570664865685444e+01 1.079927126405830684e+01
1.704000000000000000e+03 3.981191784600405867e+02 -2.600570664865685444e+01 1.079927126405830684e+01
1.705000000000000000e+03 3.981191784600405867e+02 -2.600570664865685444e+01 1.079927126405830684e+01
1.706000000000000000e+03 3.981191784600405867e+02 -2.600570664865685444e+01 1.079927126405830684e+01
1.707000000000000000e+03 3.981191784600405867e+02 -2.600570664865685444e+01 1.079927126405830684e+01
1.708000000000000000e+03 3.981191784600405867e+02 -2.600570664865685444e+01 1.079927126405830684e+01
1.709000000000000000e+03 3.981191784600405867e+02 -2.600570664865685444e+01 1.079927126405830684e+01
1.710000000000000000e+03 3.981191784600405867e+02 -2.600570664865685444e+01 1.079927126405830684e+01
1.711000000000000000e+03 3.981191784600405867e+02 -2.600570664865685444e+01 1.079927126405830684e+01
1.712000000000000000e+03 3.981191784600405867e+02 -2.600570664865685444e+01 1.079927126405830684e+01
1.713000000000000000e+03 3.981191784600405867e+02 -2.600570664865685444e+01 1.079927126405830684e+01
1.714000000000000000e+03 3.981191784600405867e+02 -2.600570664865685444e+01 1.079927126405830684e+01
1.715000000000000000e+03 3.981191784600405867e+02 -2.600570664865685444e+01 1.079927126405830684e+01
1.716000000000000000e+03 3.981191784600405867e+02 -2.600570664865685444e+01 1.079927126405830684e+01
1.717000000000000000e+03 3.981191784600405867e+02 -2.600570664865685444e+01 1.079927126405830684e+01
1.718000000000000000e+03 3.981191784600405867e+02 -2.600570664865685444e+01 1.079927126405830684e+01
1.719000000000000000e+03 3.981191784600405867e+02 -2.600570664865685444e+01 1.079927126405830684e+01
1.720000000000000000e+03 3.981191784600405867e+02 -2.600570664865685444e+01 1.079927126405830684e+01
1.721000000000000000e+03 3.981191784600405867e+02 -2.600570664865685444e+01 1.079927126405830684e+01
1.722000000000000000e+03 3.981191784600405867e+02 -2.600570664865685444e+01 1.079927126405830684e+01
1.723000000000000000e+03 3.981191784600405867e+02 -2.600570664865685444e+01 1.079927126405830684e+01
1.724000000000000000e+03 3.981191784600405867e+02 -2.600570664865685444e+01 1.079927126405830684e+01
1.725000000000000000e+03 3.981191784600405867e+02 -2.600570664865685444e+01 1.079927126405830684e+01
1.726000000000000000e+03 3.981191784600405867e+02 -2.600570664865685444e+01 1.079927126405830684e+01
1.727000000000000000e+03 3.981191784600405867e+02 -2.600570664865685444e+01 1.079927126405830684e+01
1.728000000000000000e+03 3.981191784600405867e+02 -2.600570664865685444e+01 1.079927126405830684e+01
1.729000000000000000e+03 3.981191784600405867e+02 -2.600570664865685444e+01 1.079927126405830684e+01
1.730000000000000000e+03 3.981191784600405867e+02 -2.600570664865685444e+01 1.079927126405830684e+01
1.731000000000000000e+03 3.981191784600405867e+02 -2.600570664865685444e+01 1.079927126405830684e+01
1.732000000000000000e+03 3.981191784600405867e+02 -2.600570664865685444e+01 1.079927126405830684e+01
1.733000000000000000e+03 3.981191784600405867e+02 -2.600570664865685444e+01 1.079927126405830684e+01
1.734000000000000000e+03 3.981191784600405867e+02 -2.600570664865685444e+01 1.079927126405830684e+01
1.735000000000000000e+03 3.981191784600405867e+02 -2.600570664865685444e+01 1.079927126405830684e+01
1.736000000000000000e+03 3.981191784600405867e+02 -2.600570664865685444e+01 1.079927126405830684e+01
1.737000000000000000e+03 3.981191784600405867e+02 -2.600570664865685444e+01 1.079927126405830684e+01
1.738000000000000000e+03 3.981191784600405867e+02 -2.600570664865685444e+01 1.079927126405830684e+01
1.739000000000000000e+03 3.981191784600405867e+02 -2.600570664865685444e+01 1.079927126405830684e+01
1.740000000000000000e+03 3.981191784600405867e+02 -2.600570664865685444e+01 1.079927126405830684e+01
1.741000000000000000e+03 3.981191784600405867e+02 -2.600570664865685444e+01 1.079927126405830684e+01
1.742000000000000000e+03 3.981191784600405867e+02 -2.600570664865685444e+01 1.079927126405830684e+01
1.743000000000000000e+03 3.981191784600405867e+02 -2.600570664865685444e+01 1.079927126405830684e+01
1.744000000000000000e+03 3.981191784600405867e+02 -2.600570664865685444e+01 1.079927126405830684e+01
1.745000000000000000e+03 3.981191784600405867e+02 -2.600570664865685444e+01 1.079927126405830684e+01
1.746000000000000000e+03 3.981191784600405867e+02 -2.600570664865685444e+01 1.079927126405830684e+01
1.747000000000000000e+03 3.981191784600405867e+02 -2.600570664865685444e+01 1.079927126405830684e+01
1.748000000000000000e+03 3.981191784600405867e+02 -2.600570664865685444e+01 1.079927126405830684e+01
1.749000000000000000e+03 3.981191784600405867e+02 -2.600570664865685444e+01 1.079927126405830684e+01
1.750000000000000000e+03 3.739694624971321559e+02 -1.501782065098397290e+01 8.415020482063479079e+00
1.751000000000000000e+03 3.739694624971321559e+02 -1.501782065098397290e+01 8.415020482063479079e+00
1.752000000000000000e+03 3.739694624971321559e+02 -1.501782065098397290e+01 8.415020482063479079e+00
1.753000000000000000e+03 3.739694624971321559e+02 -1.501782065098397290e+01 8.415020482063479079e+00
1.754000000000000000e+03 3.739694624971321559e+02 -1.501782065098397290e+01 8.415020482063479079e+00
1.755000000000000000e+03 3.739694624971321559e+02 -1.501782065098397290e+01 8.415020482063479079e+00
1.756000000000000000e+03 3.739694624971321559e+02 -1.501782065098397290e+01 8.415020482063479079e+00
1.757000000000000000e+03 3.739694624971321559e+02 -1.501782065098397290e+01 8.415020482063479079e+00
1.758000000000000000e+03 3.739694624971321559e+02 -1.501782065098397290e+01 8.415020482063479079e+00
1.759000000000000000e+03 3.739694624971321559e+02 -1.501782065098397290e+01 8.415020482063479079e+00
1.760000000000000000e+03 3.739694624971321559e+02 -1.501782065098397290e+01 8.415020482063479079e+00
1.761000000000000000e+03 3.739694624971321559e+02 -1.501782065098397290e+01 8.415020482063479079e+00
1.762000000000000000e+03 3.739694624971321559e+02 -1.501782065098397290e+01 8.415020482063479079e+00
1.763000000000000000e+03 3.739694624971321559e+02 -1.501782065098397290e+01 8.415020482063479079e+00
1.764000000000000000e+03 3.739694624971321559e+02 -1.501782065098397290e+01 8.415020482063479079e+00
1.765000000000000000e+03 3.739694624971321559e+02 -1.501782065098397290e+01 8.415020482063479079e+00
1.766000000000000000e+03 3.739694624971321559e+02 -1.501782065098397290e+01 8.415020482063479079e+00
1.767000000000000000e+03 3.739694624971321559e+02 -1.501782065098397290e+01 8.415020482063479079e+00
1.768000000000000000e+03 3.739694624971321559e+02 -1.501782065098397290e+01 8.415020482063479079e+00
1.769000000000000000e+03 3.739694624971321559e+02 -1.501782065098397290e+01 8.415020482063479079e+00
1.770000000000000000e+03 3.739694624971321559e+02 -1.501782065098397290e+01 8.415020482063479079e+00
1.771000000000000000e+03 3.739694624971321559e+02 -1.501782065098397290e+01 8.415020482063479079e+00
1.772000000000000000e+03 3.739694624971321559e+02 -1.501782065098397290e+01 8.415020482063479079e+00
1.773000000000000000e+03 3.739694624971321559e+02 -1.501782065098397290e+01 8.415020482063479079e+00
1.774000000000000000e+03 3.739694624971321559e+02 -1.501782065098397290e+01 8.415020482063479079e+00
1.775000000000000000e+03 3.739694624971321559e+02 -1.501782065098397290e+01 8.415020482063479079e+00
1.776000000000000000e+03 3.739694624971321559e+02 -1.501782065098397290e+01 8.415020482063479079e+00
1.777000000000000000e+03 3.739694624971321559e+02 -1.501782065098397290e+01 8.415020482063479079e+00
1.778000000000000000e+03 3.739694624971321559e+02 -1.501782065098397290e+01 8.415020482063479079e+00
1.779000000000000000e+03 3.739694624971321559e+02 -1.501782065098397290e+01 8.415020482063479079e+00
1.780000000000000000e+03 3.739694624971321559e+02 -1.501782065098397290e+01 8.415020482063479079e+00
1.781000000000000000e+03 3.739694624971321559e+02 -1.501782065098397290e+01 8.415020482063479079e+00
1.782000000000000000e+03 3.739694624971321559e+02 -1.501782065098397290e+01 8.415020482063479079e+00
1.783000000000000000e+03 3.739694624971321559e+02 -1.501782065098397290e+01 8.415020482063479079e+00
1.784000000000000000e+03 3.739694624971321559e+02 -1.501782065098397290e+01 8.415020482063479079e+00
1.785000000000000000e+03 3.739694624971321559e+02 -1.501782065098397290e+01 8.415020482063479079e+00
1.786000000000000000e+03 3.739694624971321559e+02 -1.501782065098397290e+01 8.415020482063479079e+00
1.787000000000000000e+03 3.739694624971321559e+02 -1.501782065098397290e+01 8.415020482063479079e+00
1.788000000000000000e+03 3.739694624971321559e+02 -1.501782065098397290e+01 8.415020482063479079e+00
1.789000000000000000e+03 3.739694624971321559e+02 -1.501782065098397290e+01 8.415020482063479079e+00
1.790000000000000000e+03 3.739694624971321559e+02 -1.501782065098397290e+01 8.415020482063479079e+00
1.791000000000000000e+03 3.739694624971321559e+02 -1.501782065098397290e+01 8.415020482063479079e+00
1.792000000000000000e+03 3.739694624971321559e+02 -1.501782065098397290e+01 8.415020482063479079e+00
1.793000000000000000e+03 3.739694624971321559e+02 -1.501782065098397290e+01 8.415020482063479079e+00
1.794000000000000000e+03 3.739694624971321559e+02 -1.501782065098397290e+01 8.415020482063479079e+00
1.795000000000000000e+03 3.739694624971321559e+02 -1.501782065098397290e+01 8.415020482063479079e+00
1.796000000000000000e+03 3.739694624971321559e+02 -1.501782065098397290e+01 8.415020482063479079e+00
1.797000000000000000e+03 3.739694624971321559e+02 -1.501782065098397290e+01 8.415020482063479079e+00
1.798000000000000000e+03 3.739694624971321559e+02 -1.501782065098397290e+01 8.415020482063479079e+00
1.799000000000000000e+03 3.739694624971321559e+02 -1.501782065098397290e+01 8.415020482063479079e+00
1.800000000000000000e+03 3.397470615952677235e+02 -7.655808238621412798e+00 8.508378099510508719e+00
1.801000000000000000e+03 3.397470615952677235e+02 -7.655808238621412798e+00 8.508378099510508719e+00
1.802000000000000000e+03 3.397470615952677235e+02 -7.655808238621412798e+00 8.508378099510508719e+00
1.803000000000000000e+03 3.397470615952677235e+02 -7.655808238621412798e+00 8.508378099510508719e+00
1.804000000000000000e+03 3.397470615952677235e+02 -7.655808238621412798e+00 8.508378099510508719e+00
1.805000000000000000e+03 3.397470615952677235e+02 -7.655808238621412798e+00 8.508378099510508719e+00
1.806000000000000000e+03 3.397470615952677235e+02 -7.655808238621412798e+00 8.508378099510508719e+00
1.807000000000000000e+03 3.397470615952677235e+02 -7.655808238621412798e+00 8.508378099510508719e+00
1.808000000000000000e+03 3.397470615952677235e+02 -7.655808238621412798e+00 8.508378099510508719e+00
1.809000000000000000e+03 3.397470615952677235e+02 -7.655808238621412798e+00 8.508378099510508719e+00
1.810000000000000000e+03 3.397470615952677235e+02 -7.655808238621412798e+00 8.508378099510508719e+00
1.811000000000000000e+03 3.397470615952677235e+02 -7.655808238621412798e+00 8.508378099510508719e+00
1.812000000000000000e+03 3.397470615952677235e+02 -7.655808238621412798e+00 8.508378099510508719e+00
1.813000000000000000e+03 3.397470615952677235e+02 -7.655808238621412798e+00 8.508378099510508719e+00
1.814000000000000000e+03 3.397470615952677235e+02 -7.655808238621412798e+00 8.508378099510508719e+00
1.815000000000000000e+03 3.397470615952677235e+02 -7.655808238621412798e+00 8.508378099510508719e+00
1.816000000000000000e+03 3.397470615952677235e+02 -7.655808238621412798e+00 8.508378099510508719e+00
1.817000000000000000e+03 3.397470615952677235e+02 -7.655808238621412798e+00 8.508378099510508719e+00
1.818000000000000000e+03 3.397470615952677235e+02 -7.655808238621412798e+00 8.508378099510508719e+00
1.819000000000000000e+03 3.397470615952677235e+02 -7.655808238621412798e+00 8.508378099510508719e+00
1.820000000000000000e+03 3.397470615952677235e+02 -7.655808238621412798e+00 8.508378099510508719e+00
1.821000000000000000e+03 3.397470615952677235e+02 -7.655808238621412798e+00 8.508378099510508719e+00
1.822000000000000000e+03 3.397470615952677235e+02 -7.655808238621412798e+00 8.508378099510508719e+00
1.823000000000000000e+03 3.397470615952677235e+02 -7.655808238621412798e+00 8.508378099510508719e+00
1.824000000000000000e+03 3.397470615952677235e+02 -7.655808238621412798e+00 8.508378099510508719e+00
1.825000000000000000e+03 3.397470615952677235e+02 -7.655808238621412798e+00 8.508378099510508719e+00
1.826000000000000000e+03 3.397470615952677235e+02 -7.655808238621412798e+00 8.508378099510508719e+00
1.827000000000000000e+03 3.397470615952677235e+02 -7.655808238621412798e+00 8.508378099510508719e+00
1.828000000000000000e+03 3.397470615952677235e+02 -7.655808238621412798e+00 8.508378099510508719e+00
1.829000000000000000e+03 3.397470615952677235e+02 -7.655808238621412798e+00 8.508378099510508719e+00
1.830000000000000000e+03 3.397470615952677235e+02 -7.655808238621412798e+00 8.508378099510508719e+00
1.831000000000000000e+03 3.397470615952677235e+02 -7.655808238621412798e+00 8.508378099510508719e+00
1.832000000000000000e+03 3.397470615952677235e+02 -7.655808238621412798e+00 8.508378099510508719e+00
1.833000000000000000e+03 3.397470615952677235e+02 -7.655808238621412798e+00 8.508378099510508719e+00
1.834000000000000000e+03 3.397470615952677235e+02 -7.655808238621412798e+00 8.508378099510508719e+00
1.835000000000000000e+03 3.397470615952677235e+02 -7.655808238621412798e+00 8.508378099510508719e+00
1.836000000000000000e+03 3.397470615952677235e+02 -7.655808238621412798e+00 8.508378099510508719e+00
1.837000000000000000e+03 3.397470615952677235e+02 -7.655808238621412798e+00 8.508378099510508719e+00
1.838000000000000000e+03 3.397470615952677235e+02 -7.655808238621412798e+00 8.508378099510508719e+00
1.839000000000000000e+03 3.397470615952677235e+02 -7.655808238621412798e+00 8.508378099510508719e+00
1.840000000000000000e+03 3.397470615952677235e+02 -7.655808238621412798e+00 8.508378099510508719e+00
1.841000000000000000e+03 3.397470615952677235e+02 -7.655808238621412798e+00 8.508378099510508719e+00
1.842000000000000000e+03 3.397470615952677235e+02 -7.655808238621412798e+00 8.508378099510508719e+00
1.843000000000000000e+03 3.397470615952677235e+02 -7.655808238621412798e+00 8.508378099510508719e+00
1.844000000000000000e+03 3.397470615952677235e+02 -7.655808238621412798e+00 8.508378099510508719e+00
1.845000000000000000e+03 3.397470615952677235e+02 -7.655808238621412798e+00 8.508378099510508719e+00
1.846000000000000000e+03 3.397470615952677235e+02 -7.655808238621412798e+00 8.508378099510508719e+00
1.847000000000000000e+03 3.397470615952677235e+02 -7.655808238621412798e+00 8.508378099510508719e+00
1.848000000000000000e+03 3.397470615952677235e+02 -7.655808238621412798e+00 8.508378099510508719e+00
1.849000000000000000e+03 3.397470615952677235e+02 -7.655808238621412798e+00 8.508378099510508719e+00
1.850000000000000000e+03 2.648857959960031963e+02 -4.972973086296209821e+00 1.014518200358129896e+01
1.851000000000000000e+03 2.648857959960031963e+02 -4.972973086296209821e+00 1.014518200358129896e+01
1.852000000000000000e+03 2.648857959960031963e+02 -4.972973086296209821e+00 1.014518200358129896e+01
1.853000000000000000e+03 2.648857959960031963e+02 -4.972973086296209821e+00 1.014518200358129896e+01
1.854000000000000000e+03 2.648857959960031963e+02 -4.972973086296209821e+00 1.014518200358129896e+01
1.855000000000000000e+03 2.648857959960031963e+02 -4.972973086296209821e+00 1.014518200358129896e+01
1.856000000000000000e+03 2.648857959960031963e+02 -4.972973086296209821e+00 1.014518200358129896e+01
1.857000000000000000e+03 2.648857959960031963e+02 -4.972973086296209821e+00 1.014518200358129896e+01
1.858000000000000000e+03 2.648857959960031963e+02 -4.972973086296209821e+00 1.014518200358129896e+01
1.859000000000000000e+03 2.648857959960031963e+02 -4.972973086296209821e+00 1.014518200358129896e+01
1.860000000000000000e+03 2.648857959960031963e+02 -4.972973086296209821e+00 1.014518200358129896e+01
1.861000000000000000e+03 2.648857959960031963e+02 -4.972973086296209821e+00 1.014518200358129896e+01
1.862000000000000000e+03 2.648857959960031963e+02 -4.972973086296209821e+00 1.014518200358129896e+01
1.863000000000000000e+03 2.648857959960031963e+02 -4.972973086296209821e+00 1.014518200358129896e+01
1.864000000000000000e+03 2.648857959960031963e+02 -4.972973086296209821e+00 1.014518200358129896e+01
1.865000000000000000e+03 2.648857959960031963e+02 -4.972973086296209821e+00 1.014518200358129896e+01
1.866000000000000000e+03 2.648857959960031963e+02 -4.972973086296209821e+00 1.014518200358129896e+01
1.867000000000000000e+03 2.648857959960031963e+02 -4.972973086296209821e+00 1.014518200358129896e+01
1.868000000000000000e+03 2.648857959960031963e+02 -4.972973086296209821e+00 1.014518200358129896e+01
1.869000000000000000e+03 2.648857959960031963e+02 -4.972973086296209821e+00 1.014518200358129896e+01
1.870000000000000000e+03 2.648857959960031963e+02 -4.972973086296209821e+00 1.014518200358129896e+01
1.871000000000000000e+03 2.648857959960031963e+02 -4.972973086296209821e+00 1.014518200358129896e+01
1.872000000000000000e+03 2.648857959960031963e+02 -4.972973086296209821e+00 1.014518200358129896e+01
1.873000000000000000e+03 2.648857959960031963e+02 -4.972973086296209821e+00 1.014518200358129896e+01
1.874000000000000000e+03 2.648857959960031963e+02 -4.972973086296209821e+00 1.014518200358129896e+01
1.875000000000000000e+03 2.648857959960031963e+02 -4.972973086296209821e+00 1.014518200358129896e+01
1.876000000000000000e+03 2.648857959960031963e+02 -4.972973086296209821e+00 1.014518200358129896e+01
1.877000000000000000e+03 2.648857959960031963e+02 -4.972973086296209821e+00 1.014518200358129896e+01
1.878000000000000000e+03 2.648857959960031963e+02 -4.972973086296209821e+00 1.014518200358129896e+01
1.879000000000000000e+03 2.648857959960031963e+02 -4.972973086296209821e+00 1.014518200358129896e+01
1.880000000000000000e+03 2.648857959960031963e+02 -4.972973086296209821e+00 1.014518200358129896e+01
1.881000000000000000e+03 2.648857959960031963e+02 -4.972973086296209821e+00 1.014518200358129896e+01
1.882000000000000000e+03 2.648857959960031963e+02 -4.972973086296209821e+00 1.014518200358129896e+01
1.883000000000000000e+03 2.648857959960031963e+02 -4.972973086296209821e+00 1.014518200358129896e+01
1.884000000000000000e+03 2.648857959960031963e+02 -4.972973086296209821e+00 1.014518200358129896e+01
1.885000000000000000e+03 2.648857959960031963e+02 -4.972973086296209821e+00 1.014518200358129896e+01
1.886000000000000000e+03 2.648857959960031963e+02 -4.972973086296209821e+00 1.014518200358129896e+01
1.887000000000000000e+03 2.648857959960031963e+02 -4.972973086296209821e+00 1.014518200358129896e+01
1.888000000000000000e+03 2.648857959960031963e+02 -4.972973086296209821e+00 1.014518200358129896e+01
1.889000000000000000e+03 2.648857959960031963e+02 -4.972973086296209821e+00 1.014518200358129896e+01
1.890000000000000000e+03 2.648857959960031963e+02 -4.972973086296209821e+00 1.014518200358129896e+01
1.891000000000000000e+03 2.648857959960031963e+02 -4.972973086296209821e+00 1.014518200358129896e+01
1.892000000000000000e+03 2.648857959960031963e+02 -4.972973086296209821e+00 1.014518200358129896e+01
1.893000000000000000e+03 2.648857959960031963e+02 -4.972973086296209821e+00 1.014518200358129896e+01
1.894000000000000000e+03 2.648857959960031963e+02 -4.972973086296209821e+00 1.014518200358129896e+01
1.895000000000000000e+03 2.648857959960031963e+02 -4.972973086296209821e+00 1.014518200358129896e+01
1.896000000000000000e+03 2.648857959960031963e+02 -4.972973086296209821e+00 1.014518200358129896e+01
1.897000000000000000e+03 2.648857959960031963e+02 -4.972973086296209821e+00 1.014518200358129896e+01
1.898000000000000000e+03 2.648857959960031963e+02 -4.972973086296209821e+00 1.014518200358129896e+01
1.899000000000000000e+03 2.648857959960031963e+02 -4.972973086296209821e+00 1.014518200358129896e+01
1.900000000000000000e+03 2.302622969076157631e+02 -1.188952133124917765e+01 1.113913133656371279e+01
1.901000000000000000e+03 2.302622969076157631e+02 -1.188952133124917765e+01 1.113913133656371279e+01
1.902000000000000000e+03 2.302622969076157631e+02 -1.188952133124917765e+01 1.113913133656371279e+01
1.903000000000000000e+03 2.302622969076157631e+02 -1.188952133124917765e+01 1.113913133656371279e+01
1.904000000000000000e+03 2.302622969076157631e+02 -1.188952133124917765e+01 1.113913133656371279e+01
1.905000000000000000e+03 2.302622969076157631e+02 -1.188952133124917765e+01 1.113913133656371279e+01
1.906000000000000000e+03 2.302622969076157631e+02 -1.188952133124917765e+01 1.113913133656371279e+01
1.907000000000000000e+03 2.302622969076157631e+02 -1.188952133124917765e+01 1.113913133656371279e+01
1.908000000000000000e+03 2.302622969076157631e+02 -1.188952133124917765e+01 1.113913133656371279e+01
1.909000000000000000e+03 2.302622969076157631e+02 -1.188952133124917765e+01 1.113913133656371279e+01
1.910000000000000000e+03 2.302622969076157631e+02 -1.188952133124917765e+01 1.113913133656371279e+01
1.911000000000000000e+03 2.302622969076157631e+02 -1.188952133124917765e+01 1.113913133656371279e+01
1.912000000000000000e+03 2.302622969076157631e+02 -1.188952133124917765e+01 1.113913133656371279e+01
1.913000000000000000e+03 2.302622969076157631e+02 -1.188952133124917765e+01 1.113913133656371279e+01
1.914000000000000000e+03 2.302622969076157631e+02 -1.188952133124917765e+01 1.113913133656371279e+01
1.915000000000000000e+03 2.302622969076157631e+02 -1.188952133124917765e+01 1.113913133656371279e+01
1.916000000000000000e+03 2.302622969076157631e+02 -1.188952133124917765e+01 1.113913133656371279e+01
1.917000000000000000e+03 2.302622969076157631e+02 -1.188952133124917765e+01 1.113913133656371279e+01
1.918000000000000000e+03 2.302622969076157631e+02 -1.188952133124917765e+01 1.113913133656371279e+01
1.919000000000000000e+03 2.302622969076157631e+02 -1.188952133124917765e+01 1.113913133656371279e+01
1.920000000000000000e+03 2.302622969076157631e+02 -1.188952133124917765e+01 1.113913133656371279e+01
1.921000000000000000e+03 2.302622969076157631e+02 -1.188952133124917765e+01 1.113913133656371279e+01
1.922000000000000000e+03 2.302622969076157631e+02 -1.188952133124917765e+01 1.113913133656371279e+01
1.923000000000000000e+03 2.302622969076157631e+02 -1.188952133124917765e+01 1.113913133656371279e+01
1.924000000000000000e+03 2.302622969076157631e+02 -1.188952133124917765e+01 1.113913133656371279e+01
1.925000000000000000e+03 2.302622969076157631e+02 -1.188952133124917765e+01 1.113913133656371279e+01
1.926000000000000000e+03 2.302622969076157631e+02 -1.188952133124917765e+01 1.113913133656371279e+01
1.927000000000000000e+03 2.302622969076157631e+02 -1.188952133124917765e+01 1.113913133656371279e+01
1.928000000000000000e+03 2.302622969076157631e+02 -1.188952133124917765e+01 1.113913133656371279e+01
1.929000000000000000e+03 2.302622969076157631e+02 -1.188952133124917765e+01 1.113913133656371279e+01
1.930000000000000000e+03 2.302622969076157631e+02 -1.188952133124917765e+01 1.113913133656371279e+01
1.931000000000000000e+03 2.302622969076157631e+02 -1.188952133124917765e+01 1.113913133656371279e+01
1.932000000000000000e+03 2.302622969076157631e+02 -1.188952133124917765e+01 1.113913133656371279e+01
1.933000000000000000e+03 2.302622969076157631e+02 -1.188952133124917765e+01 1.113913133656371279e+01
1.934000000000000000e+03 2.302622969076157631e+02 -1.188952133124917765e+01 1.113913133656371279e+01
1.935000000000000000e+03 2.302622969076157631e+02 -1.188952133124917765e+01 1.113913133656371279e+01
1.936000000000000000e+03 2.302622969076157631e+02 -1.188952133124917765e+01 1.113913133656371279e+01
1.937000000000000000e+03 2.302622969076157631e+02 -1.188952133124917765e+01 1.113913133656371279e+01
1.938000000000000000e+03 2.302622969076157631e+02 -1.188952133124917765e+01 1.113913133656371279e+01
1.939000000000000000e+03 2.302622969076157631e+02 -1.188952133124917765e+01 1.113913133656371279e+01
1.940000000000000000e+03 2.302622969076157631e+02 -1.188952133124917765e+01 1.113913133656371279e+01
1.941000000000000000e+03 2.302622969076157631e+02 -1.188952133124917765e+01 1.113913133656371279e+01
1.942000000000000000e+03 2.302622969076157631e+02 -1.188952133124917765e+01 1.113913133656371279e+01
1.943000000000000000e+03 2.302622969076157631e+02 -1.188952133124917765e+01 1.113913133656371279e+01
1.944000000000000000e+03 2.302622969076157631e+02 -1.188952133124917765e+01 1.113913133656371279e+01
1.945000000000000000e+03 2.302622969076157631e+02 -1.188952133124917765e+01 1.113913133656371279e+01
1.946000000000000000e+03 2.302622969076157631e+02 -1.188952133124917765e+01 1.113913133656371279e+01
1.947000000000000000e+03 2.302622969076157631e+02 -1.188952133124917765e+01 1.113913133656371279e+01
1.948000000000000000e+03 2.302622969076157631e+02 -1.188952133124917765e+01 1.113913133656371279e+01
1.949000000000000000e+03 2.302622969076157631e+02 -1.188952133124917765e+01 1.113913133656371279e+01
1.950000000000000000e+03 2.285724803893991748e+02 -1.771238375587368807e+01 9.992381691481524442e+00
1.951000000000000000e+03 2.285724803893991748e+02 -1.771238375587368807e+01 9.992381691481524442e+00
1.952000000000000000e+03 2.285724803893991748e+02 -1.771238375587368807e+01 9.992381691481524442e+00
1.953000000000000000e+03 2.285724803893991748e+02 -1.771238375587368807e+01 9.992381691481524442e+00
1.954000000000000000e+03 2.285724803893991748e+02 -1.771238375587368807e+01 9.992381691481524442e+00
1.955000000000000000e+03 2.285724803893991748e+02 -1.771238375587368807e+01 9.992381691481524442e+00
1.956000000000000000e+03 2.285724803893991748e+02 -1.771238375587368807e+01 9.992381691481524442e+00
1.957000000000000000e+03 2.285724803893991748e+02 -1.771238375587368807e+01 9.992381691481524442e+00
1.958000000000000000e+03 2.285724803893991748e+02 -1.771238375587368807e+01 9.992381691481524442e+00
1.959000000000000000e+03 2.285724803893991748e+02 -1.771238375587368807e+01 9.992381691481524442e+00
1.960000000000000000e+03 2.285724803893991748e+02 -1.771238375587368807e+01 9.992381691481524442e+00
1.961000000000000000e+03 2.285724803893991748e+02 -1.771238375587368807e+01 9.992381691481524442e+00
1.962000000000000000e+03 2.285724803893991748e+02 -1.771238375587368807e+01 9.992381691481524442e+00
1.963000000000000000e+03 2.285724803893991748e+02 -1.771238375587368807e+01 9.992381691481524442e+00
1.964000000000000000e+03 2.285724803893991748e+02 -1.771238375587368807e+01 9.992381691481524442e+00
1.965000000000000000e+03 2.285724803893991748e+02 -1.771238375587368807e+01 9.992381691481524442e+00
1.966000000000000000e+03 2.285724803893991748e+02 -1.771238375587368807e+01 9.992381691481524442e+00
1.967000000000000000e+03 2.285724803893991748e+02 -1.771238375587368807e+01 9.992381691481524442e+00
1.968000000000000000e+03 2.285724803893991748e+02 -1.771238375587368807e+01 9.992381691481524442e+00
1.969000000000000000e+03 2.285724803893991748e+02 -1.771238375587368807e+01 9.992381691481524442e+00
1.970000000000000000e+03 2.285724803893991748e+02 -1.771238375587368807e+01 9.992381691481524442e+00
1.971000000000000000e+03 2.285724803893991748e+02 -1.771238375587368807e+01 9.992381691481524442e+00
1.972000000000000000e+03 2.285724803893991748e+02 -1.771238375587368807e+01 9.992381691481524442e+00
1.973000000000000000e+03 2.285724803893991748e+02 -1.771238375587368807e+01 9.992381691481524442e+00
1.974000000000000000e+03 2.285724803893991748e+02 -1.771238375587368807e+01 9.992381691481524442e+00
1.975000000000000000e+03 2.285724803893991748e+02 -1.771238375587368807e+01 9.992381691481524442e+00
1.976000000000000000e+03 2.285724803893991748e+02 -1.771238375587368807e+01 9.992381691481524442e+00
1.977000000000000000e+03 2.285724803893991748e+02 -1.771238375587368807e+01 9.992381691481524442e+00
1.978000000000000000e+03 2.285724803893991748e+02 -1.771238375587368807e+01 9.992381691481524442e+00
1.979000000000000000e+03 2.285724803893991748e+02 -1.771238375587368807e+01 9.992381691481524442e+00
1.980000000000000000e+03 2.285724803893991748e+02 -1.771238375587368807e+01 9.992381691481524442e+00
1.981000000000000000e+03 2.285724803893991748e+02 -1.771238375587368807e+01 9.992381691481524442e+00
1.982000000000000000e+03 2.285724803893991748e+02 -1.771238375587368807e+01 9.992381691481524442e+00
1.983000000000000000e+03 2.285724803893991748e+02 -1.771238375587368807e+01 9.992381691481524442e+00
1.984000000000000000e+03 2.285724803893991748e+02 -1.771238375587368807e+01 9.992381691481524442e+00
1.985000000000000000e+03 2.285724803893991748e+02 -1.771238375587368807e+01 9.992381691481524442e+00
1.986000000000000000e+03 2.285724803893991748e+02 -1.771238375587368807e+01 9.992381691481524442e+00
1.987000000000000000e+03 2.285724803893991748e+02 -1.771238375587368807e+01 9.992381691481524442e+00
1.988000000000000000e+03 2.285724803893991748e+02 -1.771238375587368807e+01 9.992381691481524442e+00
1.989000000000000000e+03 2.285724803893991748e+02 -1.771238375587368807e+01 9.992381691481524442e+00
1.990000000000000000e+03 2.285724803893991748e+02 -1.771238375587368807e+01 9.992381691481524442e+00
1.991000000000000000e+03 2.285724803893991748e+02 -1.771238375587368807e+01 9.992381691481524442e+00
1.992000000000000000e+03 2.285724803893991748e+02 -1.771238375587368807e+01 9.992381691481524442e+00
1.993000000000000000e+03 2.285724803893991748e+02 -1.771238375587368807e+01 9.992381691481524442e+00
1.994000000000000000e+03 2.285724803893991748e+02 -1.771238375587368807e+01 9.992381691481524442e+00
1.995000000000000000e+03 2.285724803893991748e+02 -1.771238375587368807e+01 9.992381691481524442e+00
1.996000000000000000e+03 2.285724803893991748e+02 -1.771238375587368807e+01 9.992381691481524442e+00
1.997000000000000000e+03 2.285724803893991748e+02 -1.771238375587368807e+01 9.992381691481524442e+00
1.998000000000000000e+03 2.285724803893991748e+02 -1.771238375587368807e+01 9.992381691481524442e+00
1.999000000000000000e+03 2.285724803893991748e+02 -1.771238375587368807e+01 9.992381691481524442e+00
2.000000000000000000e+03 2.295706098412501888e+02 -1.631853290547825708e+01 7.249724605267944710e+00
2.001000000000000000e+03 2.295706098412501888e+02 -1.631853290547825708e+01 7.249724605267944710e+00
2.002000000000000000e+03 2.295706098412501888e+02 -1.631853290547825708e+01 7.249724605267944710e+00
2.003000000000000000e+03 2.295706098412501888e+02 -1.631853290547825708e+01 7.249724605267944710e+00
2.004000000000000000e+03 2.295706098412501888e+02 -1.631853290547825708e+01 7.249724605267944710e+00
2.005000000000000000e+03 2.295706098412501888e+02 -1.631853290547825708e+01 7.249724605267944710e+00
2.006000000000000000e+03 2.295706098412501888e+02 -1.631853290547825708e+01 7.249724605267944710e+00
2.007000000000000000e+03 2.295706098412501888e+02 -1.631853290547825708e+01 7.249724605267944710e+00
2.008000000000000000e+03 2.295706098412501888e+02 -1.631853290547825708e+01 7.249724605267944710e+00
2.009000000000000000e+03 2.295706098412501888e+02 -1.631853290547825708e+01 7.249724605267944710e+00
2.010000000000000000e+03 2.295706098412501888e+02 -1.631853290547825708e+01 7.249724605267944710e+00
2.011000000000000000e+03 2.295706098412501888e+02 -1.631853290547825708e+01 7.249724605267944710e+00
2.012000000000000000e+03 2.295706098412501888e+02 -1.631853290547825708e+01 7.249724605267944710e+00
2.013000000000000000e+03 2.295706098412501888e+02 -1.631853290547825708e+01 7.249724605267944710e+00
2.014000000000000000e+03 2.295706098412501888e+02 -1.631853290547825708e+01 7.249724605267944710e+00
2.015000000000000000e+03 2.295706098412501888e+02 -1.631853290547825708e+01 7.249724605267944710e+00
2.016000000000000000e+03 2.295706098412501888e+02 -1.631853290547825708e+01 7.249724605267944710e+00
2.017000000000000000e+03 2.295706098412501888e+02 -1.631853290547825708e+01 7.249724605267944710e+00
2.018000000000000000e+03 2.295706098412501888e+02 -1.631853290547825708e+01 7.249724605267944710e+00
2.019000000000000000e+03 2.295706098412501888e+02 -1.631853290547825708e+01 7.249724605267944710e+00
2.020000000000000000e+03 2.295706098412501888e+02 -1.631853290547825708e+01 7.249724605267944710e+00
2.021000000000000000e+03 2.295706098412501888e+02 -1.631853290547825708e+01 7.249724605267944710e+00
2.022000000000000000e+03 2.295706098412501888e+02 -1.631853290547825708e+01 7.249724605267944710e+00
2.023000000000000000e+03 2.295706098412501888e+02 -1.631853290547825708e+01 7.249724605267944710e+00
2.024000000000000000e+03 2.295706098412501888e+02 -1.631853290547825708e+01 7.249724605267944710e+00
2.025000000000000000e+03 2.295706098412501888e+02 -1.631853290547825708e+01 7.249724605267944710e+00
2.026000000000000000e+03 2.295706098412501888e+02 -1.631853290547825708e+01 7.249724605267944710e+00
2.027000000000000000e+03 2.295706098412501888e+02 -1.631853290547825708e+01 7.249724605267944710e+00
2.028000000000000000e+03 2.295706098412501888e+02 -1.631853290547825708e+01 7.249724605267944710e+00
2.029000000000000000e+03 2.295706098412501888e+02 -1.631853290547825708e+01 7.249724605267944710e+00
2.030000000000000000e+03 2.295706098412501888e+02 -1.631853290547825708e+01 7.249724605267944710e+00
2.031000000000000000e+03 2.295706098412501888e+02 -1.631853290547825708e+01 7.249724605267944710e+00
2.032000000000000000e+03 2.295706098412501888e+02 -1.631853290547825708e+01 7.249724605267944710e+00
2.033000000000000000e+03 2.295706098412501888e+02 -1.631853290547825708e+01 7.249724605267944710e+00
2.034000000000000000e+03 2.295706098412501888e+02 -1.631853290547825708e+01 7.249724605267944710e+00
2.035000000000000000e+03 2.295706098412501888e+02 -1.631853290547825708e+01 7.249724605267944710e+00
2.036000000000000000e+03 2.295706098412501888e+02 -1.631853290547825708e+01 7.249724605267944710e+00
2.037000000000000000e+03 2.295706098412501888e+02 -1.631853290547825708e+01 7.249724605267944710e+00
2.038000000000000000e+03 2.295706098412501888e+02 -1.631853290547825708e+01 7.249724605267944710e+00
2.039000000000000000e+03 2.295706098412501888e+02 -1.631853290547825708e+01 7.249724605267944710e+00
2.040000000000000000e+03 2.295706098412501888e+02 -1.631853290547825708e+01 7.249724605267944710e+00
2.041000000000000000e+03 2.295706098412501888e+02 -1.631853290547825708e+01 7.249724605267944710e+00
2.042000000000000000e+03 2.295706098412501888e+02 -1.631853290547825708e+01 7.249724605267944710e+00
2.043000000000000000e+03 2.295706098412501888e+02 -1.631853290547825708e+01 7.249724605267944710e+00
2.044000000000000000e+03 2.295706098412501888e+02 -1.631853290547825708e+01 7.249724605267944710e+00
2.045000000000000000e+03 2.295706098412501888e+02 -1.631853290547825708e+01 7.249724605267944710e+00
2.046000000000000000e+03 2.295706098412501888e+02 -1.631853290547825708e+01 7.249724605267944710e+00
2.047000000000000000e+03 2.295706098412501888e+02 -1.631853290547825708e+01 7.249724605267944710e+00
2.048000000000000000e+03 2.295706098412501888e+02 -1.631853290547825708e+01 7.249724605267944710e+00
2.049000000000000000e+03 2.295706098412501888e+02 -1.631853290547825708e+01 7.249724605267944710e+00
2.050000000000000000e+03 2.076223645505799880e+02 -1.010141599499784704e+01 5.198084831868079014e+00
2.051000000000000000e+03 2.076223645505799880e+02 -1.010141599499784704e+01 5.198084831868079014e+00
2.052000000000000000e+03 2.076223645505799880e+02 -1.010141599499784704e+01 5.198084831868079014e+00
2.053000000000000000e+03 2.076223645505799880e+02 -1.010141599499784704e+01 5.198084831868079014e+00
2.054000000000000000e+03 2.076223645505799880e+02 -1.010141599499784704e+01 5.198084831868079014e+00
2.055000000000000000e+03 2.076223645505799880e+02 -1.010141599499784704e+01 5.198084831868079014e+00
2.056000000000000000e+03 2.076223645505799880e+02 -1.010141599499784704e+01 5.198084831868079014e+00
2.057000000000000000e+03 2.076223645505799880e+02 -1.010141599499784704e+01 5.198084831868079014e+00
2.058000000000000000e+03 2.076223645505799880e+02 -1.010141599499784704e+01 5.198084831868079014e+00
2.059000000000000000e+03 2.076223645505799880e+02 -1.010141599499784704e+01 5.198084831868079014e+00
2.060000000000000000e+03 2.076223645505799880e+02 -1.010141599499784704e+01 5.198084831868079014e+00
2.061000000000000000e+03 2.076223645505799880e+02 -1.010141599499784704e+01 5.198084831868079014e+00
2.062000000000000000e+03 2.076223645505799880e+02 -1.010141599499784704e+01 5.198084831868079014e+00
2.063000000000000000e+03 2.076223645505799880e+02 -1.010141599499784704e+01 5.198084831868079014e+00
2.064000000000000000e+03 2.076223645505799880e+02 -1.010141599499784704e+01 5.198084831868079014e+00
2.065000000000000000e+03 2.076223645505799880e+02 -1.010141599499784704e+01 5.198084831868079014e+00
2.066000000000000000e+03 2.076223645505799880e+02 -1.010141599499784704e+01 5.198084831868079014e+00
2.067000000000000000e+03 2.076223645505799880e+02 -1.010141599499784704e+01 5.198084831868079014e+00
2.068000000000000000e+03 2.076223645505799880e+02 -1.010141599499784704e+01 5.198084831868079014e+00
2.069000000000000000e+03 2.076223645505799880e+02 -1.010141599499784704e+01 5.198084831868079014e+00
2.070000000000000000e+03 2.076223645505799880e+02 -1.010141599499784704e+01 5.198084831868079014e+00
2.071000000000000000e+03 2.076223645505799880e+02 -1.010141599499784704e+01 5.198084831868079014e+00
2.072000000000000000e+03 2.076223645505799880e+02 -1.010141599499784704e+01 5.198084831868079014e+00
2.073000000000000000e+03 2.076223645505799880e+02 -1.010141599499784704e+01 5.198084831868079014e+00
2.074000000000000000e+03 2.076223645505799880e+02 -1.010141599499784704e+01 5.198084831868079014e+00
2.075000000000000000e+03 2.076223645505799880e+02 -1.010141599499784704e+01 5.198084831868079014e+00
2.076000000000000000e+03 2.076223645505799880e+02 -1.010141599499784704e+01 5.198084831868079014e+00
2.077000000000000000e+03 2.076223645505799880e+02 -1.010141599499784704e+01 5.198084831868079014e+00
2.078000000000000000e+03 2.076223645505799880e+02 -1.010141599499784704e+01 5.198084831868079014e+00
2.079000000000000000e+03 2.076223645505799880e+02 -1.010141599499784704e+01 5.198084831868079014e+00
2.080000000000000000e+03 2.076223645505799880e+02 -1.010141599499784704e+01 5.198084831868079014e+00
2.081000000000000000e+03 2.076223645505799880e+02 -1.010141599499784704e+01 5.198084831868079014e+00
2.082000000000000000e+03 2.076223645505799880e+02 -1.010141599499784704e+01 5.198084831868079014e+00
2.083000000000000000e+03 2.076223645505799880e+02 -1.010141599499784704e+01 5.198084831868079014e+00
2.084000000000000000e+03 2.076223645505799880e+02 -1.010141599499784704e+01 5.198084831868079014e+00
2.085000000000000000e+03 2.076223645505799880e+02 -1.010141599499784704e+01 5.198084831868079014e+00
2.086000000000000000e+03 2.076223645505799880e+02 -1.010141599499784704e+01 5.198084831868079014e+00
2.087000000000000000e+03 2.076223645505799880e+02 -1.010141599499784704e+01 5.198084831868079014e+00
2.088000000000000000e+03 2.076223645505799880e+02 -1.010141599499784704e+01 5.198084831868079014e+00
2.089000000000000000e+03 2.076223645505799880e+02 -1.010141599499784704e+01 5.198084831868079014e+00
2.090000000000000000e+03 2.076223645505799880e+02 -1.010141599499784704e+01 5.198084831868079014e+00
2.091000000000000000e+03 2.076223645505799880e+02 -1.010141599499784704e+01 5.198084831868079014e+00
2.092000000000000000e+03 2.076223645505799880e+02 -1.010141599499784704e+01 5.198084831868079014e+00
2.093000000000000000e+03 2.076223645505799880e+02 -1.010141599499784704e+01 5.198084831868079014e+00
2.094000000000000000e+03 2.076223645505799880e+02 -1.010141599499784704e+01 5.198084831868079014e+00
2.095000000000000000e+03 2.076223645505799880e+02 -1.010141599499784704e+01 5.198084831868079014e+00
2.096000000000000000e+03 2.076223645505799880e+02 -1.010141599499784704e+01 5.198084831868079014e+00
2.097000000000000000e+03 2.076223645505799880e+02 -1.010141599499784704e+01 5.198084831868079014e+00
2.098000000000000000e+03 2.076223645505799880e+02 -1.010141599499784704e+01 5.198084831868079014e+00
2.099000000000000000e+03 2.076223645505799880e+02 -1.010141599499784704e+01 5.198084831868079014e+00
2.100000000000000000e+03 1.851668628161650929e+02 -5.457362399322946978e+00 5.212143169908747709e+00
2.101000000000000000e+03 1.851668628161650929e+02 -5.457362399322946978e+00 5.212143169908747709e+00
2.102000000000000000e+03 1.851668628161650929e+02 -5.457362399322946978e+00 5.212143169908747709e+00
2.103000000000000000e+03 1.851668628161650929e+02 -5.457362399322946978e+00 5.212143169908747709e+00
2.104000000000000000e+03 1.851668628161650929e+02 -5.457362399322946978e+00 5.212143169908747709e+00
2.105000000000000000e+03 1.851668628161650929e+02 -5.457362399322946978e+00 5.212143169908747709e+00
2.106000000000000000e+03 1.851668628161650929e+02 -5.457362399322946978e+00 5.212143169908747709e+00
2.107000000000000000e+03 1.851668628161650929e+02 -5.457362399322946978e+00 5.212143169908747709e+00
2.108000000000000000e+03 1.851668628161650929e+02 -5.457362399322946978e+00 5.212143169908747709e+00
2.109000000000000000e+03 1.851668628161650929e+02 -5.457362399322946978e+00 5.212143169908747709e+00
2.110000000000000000e+03 1.851668628161650929e+02 -5.457362399322946978e+00 5.212143169908747709e+00
2.111000000000000000e+03 1.851668628161650929e+02 -5.457362399322946978e+00 5.212143169908747709e+00
2.112000000000000000e+03 1.851668628161650929e+02 -5.457362399322946978e+00 5.212143169908747709e+00
2.113000000000000000e+03 1.851668628161650929e+02 -5.457362399322946978e+00 5.212143169908747709e+00
2.114000000000000000e+03 1.851668628161650929e+02 -5.457362399322946978e+00 5.212143169908747709e+00
2.115000000000000000e+03 1.851668628161650929e+02 -5.457362399322946978e+00 5.212143169908747709e+00
2.116000000000000000e+03 1.851668628161650929e+02 -5.457362399322946978e+00 5.212143169908747709e+00
2.117000000000000000e+03 1.851668628161650929e+02 -5.457362399322946978e+00 5.212143169908747709e+00
2.118000000000000000e+03 1.851668628161650929e+02 -5.457362399322946978e+00 5.212143169908747709e+00
2.119000000000000000e+03 1.851668628161650929e+02 -5.457362399322946978e+00 5.212143169908747709e+00
2.120000000000000000e+03 1.851668628161650929e+02 -5.457362399322946978e+00 5.212143169908747709e+00
2.121000000000000000e+03 1.851668628161650929e+02 -5.457362399322946978e+00 5.212143169908747709e+00
2.122000000000000000e+03 1.851668628161650929e+02 -5.457362399322946978e+00 5.212143169908747709e+00
2.123000000000000000e+03 1.851668628161650929e+02 -5.457362399322946978e+00 5.212143169908747709e+00
2.124000000000000000e+03 1.851668628161650929e+02 -5.457362399322946978e+00 5.212143169908747709e+00
2.125000000000000000e+03 1.851668628161650929e+02 -5.457362399322946978e+00 5.212143169908747709e+00
2.126000000000000000e+03 1.851668628161650929e+02 -5.457362399322946978e+00 5.212143169908747709e+00
2.127000000000000000e+03 1.851668628161650929e+02 -5.457362399322946978e+00 5.212143169908747709e+00
2.128000000000000000e+03 1.851668628161650929e+02 -5.457362399322946978e+00 5.212143169908747709e+00
2.129000000000000000e+03 1.851668628161650929e+02 -5.457362399322946978e+00 5.212143169908747709e+00
2.130000000000000000e+03 1.851668628161650929e+02 -5.457362399322946978e+00 5.212143169908747709e+00
2.131000000000000000e+03 1.851668628161650929e+02 -5.457362399322946978e+00 5.212143169908747709e+00
2.132000000000000000e+03 1.851668628161650929e+02 -5.457362399322946978e+00 5.212143169908747709e+00
2.133000000000000000e+03 1.851668628161650929e+02 -5.457362399322946978e+00 5.212143169908747709e+00
2.134000000000000000e+03 1.851668628161650929e+02 -5.457362399322946978e+00 5.212143169908747709e+00
2.135000000000000000e+03 1.851668628161650929e+02 -5.457362399322946978e+00 5.212143169908747709e+00
2.136000000000000000e+03 1.851668628161650929e+02 -5.457362399322946978e+00 5.212143169908747709e+00
2.137000000000000000e+03 1.851668628161650929e+02 -5.457362399322946978e+00 5.212143169908747709e+00
2.138000000000000000e+03 1.851668628161650929e+02 -5.457362399322946978e+00 5.212143169908747709e+00
2.139000000000000000e+03 1.851668628161650929e+02 -5.457362399322946978e+00 5.212143169908747709e+00
2.140000000000000000e+03 1.851668628161650929e+02 -5.457362399322946978e+00 5.212143169908747709e+00
2.141000000000000000e+03 1.851668628161650929e+02 -5.457362399322946978e+00 5.212143169908747709e+00
2.142000000000000000e+03 1.851668628161650929e+02 -5.457362399322946978e+00 5.212143169908747709e+00
2.143000000000000000e+03 1.851668628161650929e+02 -5.457362399322946978e+00 5.212143169908747709e+00
2.144000000000000000e+03 1.851668628161650929e+02 -5.457362399322946978e+00 5.212143169908747709e+00
2.145000000000000000e+03 1.851668628161650929e+02 -5.457362399322946978e+00 5.212143169908747709e+00
2.146000000000000000e+03 1.851668628161650929e+02 -5.457362399322946978e+00 5.212143169908747709e+00
2.147000000000000000e+03 1.851668628161650929e+02 -5.457362399322946978e+00 5.212143169908747709e+00
2.148000000000000000e+03 1.851668628161650929e+02 -5.457362399322946978e+00 5.212143169908747709e+00
2.149000000000000000e+03 1.851668628161650929e+02 -5.457362399322946978e+00 5.212143169908747709e+00
2.150000000000000000e+03 1.531222494505405507e+02 -3.396809638175124491e+00 5.257887153574229977e+00
2.151000000000000000e+03 1.531222494505405507e+02 -3.396809638175124491e+00 5.257887153574229977e+00
2.152000000000000000e+03 1.531222494505405507e+02 -3.396809638175124491e+00 5.257887153574229977e+00
2.153000000000000000e+03 1.531222494505405507e+02 -3.396809638175124491e+00 5.257887153574229977e+00
2.154000000000000000e+03 1.531222494505405507e+02 -3.396809638175124491e+00 5.257887153574229977e+00
2.155000000000000000e+03 1.531222494505405507e+02 -3.396809638175124491e+00 5.257887153574229977e+00
2.156000000000000000e+03 1.531222494505405507e+02 -3.396809638175124491e+00 5.257887153574229977e+00
2.157000000000000000e+03 1.531222494505405507e+02 -3.396809638175124491e+00 5.257887153574229977e+00
2.158000000000000000e+03 1.531222494505405507e+02 -3.396809638175124491e+00 5.257887153574229977e+00
2.159000000000000000e+03 1.531222494505405507e+02 -3.396809638175124491e+00 5.257887153574229977e+00
2.160000000000000000e+03 1.531222494505405507e+02 -3.396809638175124491e+00 5.257887153574229977e+00
2.161000000000000000e+03 1.531222494505405507e+02 -3.396809638175124491e+00 5.257887153574229977e+00
2.162000000000000000e+03 1.531222494505405507e+02 -3.396809638175124491e+00 5.257887153574229977e+00
2.163000000000000000e+03 1.531222494505405507e+02 -3.396809638175124491e+00 5.257887153574229977e+00
2.164000000000000000e+03 1.531222494505405507e+02 -3.396809638175124491e+00 5.257887153574229977e+00
2.165000000000000000e+03 1.531222494505405507e+02 -3.396809638175124491e+00 5.257887153574229977e+00
2.166000000000000000e+03 1.531222494505405507e+02 -3.396809638175124491e+00 5.257887153574229977e+00
2.167000000000000000e+03 1.531222494505405507e+02 -3.396809638175124491e+00 5.257887153574229977e+00
2.168000000000000000e+03 1.531222494505405507e+02 -3.396809638175124491e+00 5.257887153574229977e+00
2.169000000000000000e+03 1.531222494505405507e+02 -3.396809638175124491e+00 5.257887153574229977e+00
2.170000000000000000e+03 1.531222494505405507e+02 -3.396809638175124491e+00 5.257887153574229977e+00
2.171000000000000000e+03 1.531222494505405507e+02 -3.396809638175124491e+00 5.257887153574229977e+00
2.172000000000000000e+03 1.531222494505405507e+02 -3.396809638175124491e+00 5.257887153574229977e+00
2.173000000000000000e+03 1.531222494505405507e+02 -3.396809638175124491e+00 5.257887153574229977e+00
2.174000000000000000e+03 1.531222494505405507e+02 -3.396809638175124491e+00 5.257887153574229977e+00
2.175000000000000000e+03 1.531222494505405507e+02 -3.396809638175124491e+00 5.257887153574229977e+00
2.176000000000000000e+03 1.531222494505405507e+02 -3.396809638175124491e+00 5.257887153574229977e+00
2.177000000000000000e+03 1.531222494505405507e+02 -3.396809638175124491e+00 5.257887153574229977e+00
2.178000000000000000e+03 1.531222494505405507e+02 -3.396809638175124491e+00 5.257887153574229977e+00
2.179000000000000000e+03 1.531222494505405507e+02 -3.396809638175124491e+00 5.257887153574229977e+00
2.180000000000000000e+03 1.531222494505405507e+02 -3.396809638175124491e+00 5.257887153574229977e+00
2.181000000000000000e+03 1.531222494505405507e+02 -3.396809638175124491e+00 5.257887153574229977e+00
2.182000000000000000e+03 1.531222494505405507e+02 -3.396809638175124491e+00 5.257887153574229977e+00
2.183000000000000000e+03 1.531222494505405507e+02 -3.396809638175124491e+00 5.257887153574229977e+00
2.184000000000000000e+03 1.531222494505405507e+02 -3.396809638175124491e+00 5.257887153574229977e+00
2.185000000000000000e+03 1.531222494505405507e+02 -3.396809638175124491e+00 5.257887153574229977e+00
2.186000000000000000e+03 1.531222494505405507e+02 -3.396809638175124491e+00 5.257887153574229977e+00
2.187000000000000000e+03 1.531222494505405507e+02 -3.396809638175124491e+00 5.257887153574229977e+00
2.188000000000000000e+03 1.531222494505405507e+02 -3.396809638175124491e+00 5.257887153574229977e+00
2.189000000000000000e+03 1.531222494505405507e+02 -3.396809638175124491e+00 5.257887153574229977e+00
2.190000000000000000e+03 1.531222494505405507e+02 -3.396809638175124491e+00 5.257887153574229977e+00
2.191000000000000000e+03 1.531222494505405507e+02 -3.396809638175124491e+00 5.257887153574229977e+00
2.192000000000000000e+03 1.531222494505405507e+02 -3.396809638175124491e+00 5.257887153574229977e+00
2.193000000000000000e+03 1.531222494505405507e+02 -3.396809638175124491e+00 5.257887153574229977e+00
2.194000000000000000e+03 1.531222494505405507e+02 -3.396809638175124491e+00 5.257887153574229977e+00
2.195000000000000000e+03 1.531222494505405507e+02 -3.396809638175124491e+00 5.257887153574229977e+00
2.196000000000000000e+03 1.531222494505405507e+02 -3.396809638175124491e+00 5.257887153574229977e+00
2.197000000000000000e+03 1.531222494505405507e+02 -3.396809638175124491e+00 5.257887153574229977e+00
2.198000000000000000e+03 1.531222494505405507e+02 -3.396809638175124491e+00 5.257887153574229977e+00
2.199000000000000000e+03 1.531222494505405507e+02 -3.396809638175124491e+00 5.257887153574229977e+00
2.200000000000000000e+03 1.272913362743831982e+02 -4.339334418818243222e+00 5.932104227627220894e+00
2.201000000000000000e+03 1.272913362743831982e+02 -4.339334418818243222e+00 5.932104227627220894e+00
2.202000000000000000e+03 1.272913362743831982e+02 -4.339334418818243222e+00 5.932104227627220894e+00
2.203000000000000000e+03 1.272913362743831982e+02 -4.339334418818243222e+00 5.932104227627220894e+00
2.204000000000000000e+03 1.272913362743831982e+02 -4.339334418818243222e+00 5.932104227627220894e+00
2.205000000000000000e+03 1.272913362743831982e+02 -4.339334418818243222e+00 5.932104227627220894e+00
2.206000000000000000e+03 1.272913362743831982e+02 -4.339334418818243222e+00 5.932104227627220894e+00
2.207000000000000000e+03 1.272913362743831982e+02 -4.339334418818243222e+00 5.932104227627220894e+00
2.208000000000000000e+03 1.272913362743831982e+02 -4.339334418818243222e+00 5.932104227627220894e+00
2.209000000000000000e+03 1.272913362743831982e+02 -4.339334418818243222e+00 5.932104227627220894e+00
2.210000000000000000e+03 1.272913362743831982e+02 -4.339334418818243222e+00 5.932104227627220894e+00
2.211000000000000000e+03 1.272913362743831982e+02 -4.339334418818243222e+00 5.932104227627220894e+00
2.212000000000000000e+03 1.272913362743831982e+02 -4.339334418818243222e+00 5.932104227627220894e+00
2.213000000000000000e+03 1.272913362743831982e+02 -4.339334418818243222e+00 5.932104227627220894e+00
2.214000000000000000e+03 1.272913362743831982e+02 -4.339334418818243222e+00 5.932104227627220894e+00
2.215000000000000000e+03 1.272913362743831982e+02 -4.339334418818243222e+00 5.932104227627220894e+00
2.216000000000000000e+03 1.272913362743831982e+02 -4.339334418818243222e+00 5.932104227627220894e+00
2.217000000000000000e+03 1.272913362743831982e+02 -4.339334418818243222e+00 5.932104227627220894e+00
2.218000000000000000e+03 1.272913362743831982e+02 -4.339334418818243222e+00 5.932104227627220894e+00
2.219000000000000000e+03 1.272913362743831982e+02 -4.339334418818243222e+00 5.932104227627220894e+00
2.220000000000000000e+03 1.272913362743831982e+02 -4.339334418818243222e+00 5.932104227627220894e+00
2.221000000000000000e+03 1.272913362743831982e+02 -4.339334418818243222e+00 5.932104227627220894e+00
2.222000000000000000e+03 1.272913362743831982e+02 -4.339334418818243222e+00 5.932104227627220894e+00
2.223000000000000000e+03 1.272913362743831982e+02 -4.339334418818243222e+00 5.932104227627220894e+00
2.224000000000000000e+03 1.272913362743831982e+02 -4.339334418818243222e+00 5.932104227627220894e+00
2.225000000000000000e+03 1.272913362743831982e+02 -4.339334418818243222e+00 5.932104227627220894e+00
2.226000000000000000e+03 1.272913362743831982e+02 -4.339334418818243222e+00 5.932104227627220894e+00
2.227000000000000000e+03 1.272913362743831982e+02 -4.339334418818243222e+00 5.932104227627220894e+00
2.228000000000000000e+03 1.272913362743831982e+02 -4.339334418818243222e+00 5.932104227627220894e+00
2.229000000000000000e+03 1.272913362743831982e+02 -4.339334418818243222e+00 5.932104227627220894e+00
2.230000000000000000e+03 1.272913362743831982e+02 -4.339334418818243222e+00 5.932104227627220894e+00
2.231000000000000000e+03 1.272913362743831982e+02 -4.339334418818243222e+00 5.932104227627220894e+00
2.232000000000000000e+03 1.272913362743831982e+02 -4.339334418818243222e+00 5.932104227627220894e+00
2.233000000000000000e+03 1.272913362743831982e+02 -4.339334418818243222e+00 5.932104227627220894e+00
2.234000000000000000e+03 1.272913362743831982e+02 -4.339334418818243222e+00 5.932104227627220894e+00
2.235000000000000000e+03 1.272913362743831982e+02 -4.339334418818243222e+00 5.932104227627220894e+00
2.236000000000000000e+03 1.272913362743831982e+02 -4.339334418818243222e+00 5.932104227627220894e+00
2.237000000000000000e+03 1.272913362743831982e+02 -4.339334418818243222e+00 5.932104227627220894e+00
2.238000000000000000e+03 1.272913362743831982e+02 -4.339334418818243222e+00 5.932104227627220894e+00
2.239000000000000000e+03 1.272913362743831982e+02 -4.339334418818243222e+00 5.932104227627220894e+00
2.240000000000000000e+03 1.272913362743831982e+02 -4.339334418818243222e+00 5.932104227627220894e+00
2.241000000000000000e+03 1.272913362743831982e+02 -4.339334418818243222e+00 5.932104227627220894e+00
2.242000000000000000e+03 1.272913362743831982e+02 -4.339334418818243222e+00 5.932104227627220894e+00
2.243000000000000000e+03 1.272913362743831982e+02 -4.339334418818243222e+00 5.932104227627220894e+00
2.244000000000000000e+03 1.272913362743831982e+02 -4.339334418818243222e+00 5.932104227627220894e+00
2.245000000000000000e+03 1.272913362743831982e+02 -4.339334418818243222e+00 5.932104227627220894e+00
2.246000000000000000e+03 1.272913362743831982e+02 -4.339334418818243222e+00 5.932104227627220894e+00
2.247000000000000000e+03 1.272913362743831982e+02 -4.339334418818243222e+00 5.932104227627220894e+00
2.248000000000000000e+03 1.272913362743831982e+02 -4.339334418818243222e+00 5.932104227627220894e+00
2.249000000000000000e+03 1.272913362743831982e+02 -4.339334418818243222e+00 5.932104227627220894e+00
2.250000000000000000e+03 1.152781605764155728e+02 -7.187020072540565074e+00 5.530676461837965796e+00
2.251000000000000000e+03 1.152781605764155728e+02 -7.187020072540565074e+00 5.530676461837965796e+00
2.252000000000000000e+03 1.152781605764155728e+02 -7.187020072540565074e+00 5.530676461837965796e+00
2.253000000000000000e+03 1.152781605764155728e+02 -7.187020072540565074e+00 5.530676461837965796e+00
2.254000000000000000e+03 1.152781605764155728e+02 -7.187020072540565074e+00 5.530676461837965796e+00
2.255000000000000000e+03 1.152781605764155728e+02 -7.187020072540565074e+00 5.530676461837965796e+00
2.256000000000000000e+03 1.152781605764155728e+02 -7.187020072540565074e+00 5.530676461837965796e+00
2.257000000000000000e+03 1.152781605764155728e+02 -7.187020072540565074e+00 5.530676461837965796e+00
2.258000000000000000e+03 1.152781605764155728e+02 -7.187020072540565074e+00 5.530676461837965796e+00
2.259000000000000000e+03 1.152781605764155728e+02 -7.187020072540565074e+00 5.530676461837965796e+00
2.260000000000000000e+03 1.152781605764155728e+02 -7.187020072540565074e+00 5.530676461837965796e+00
2.261000000000000000e+03 1.152781605764155728e+02 -7.187020072540565074e+00 5.530676461837965796e+00
2.262000000000000000e+03 1.152781605764155728e+02 -7.187020072540565074e+00 5.530676461837965796e+00
2.263000000000000000e+03 1.152781605764155728e+02 -7.187020072540565074e+00 5.530676461837965796e+00
2.264000000000000000e+03 1.152781605764155728e+02 -7.187020072540565074e+00 5.530676461837965796e+00
2.265000000000000000e+03 1.152781605764155728e+02 -7.187020072540565074e+00 5.530676461837965796e+00
2.266000000000000000e+03 1.152781605764155728e+02 -7.187020072540565074e+00 5.530676461837965796e+00
2.267000000000000000e+03 1.152781605764155728e+02 -7.187020072540565074e+00 5.530676461837965796e+00
2.268000000000000000e+03 1.152781605764155728e+02 -7.187020072540565074e+00 5.530676461837965796e+00
2.269000000000000000e+03 1.152781605764155728e+02 -7.187020072540565074e+00 5.530676461837965796e+00
2.270000000000000000e+03 1.152781605764155728e+02 -7.187020072540565074e+00 5.530676461837965796e+00
2.271000000000000000e+03 1.152781605764155728e+02 -7.187020072540565074e+00 5.530676461837965796e+00
2.272000000000000000e+03 1.152781605764155728e+02 -7.187020072540565074e+00 5.530676461837965796e+00
2.273000000000000000e+03 1.152781605764155728e+02 -7.187020072540565074e+00 5.530676461837965796e+00
2.274000000000000000e+03 1.152781605764155728e+02 -7.187020072540565074e+00 5.530676461837965796e+00
2.275000000000000000e+03 1.152781605764155728e+02 -7.187020072540565074e+00 5.530676461837965796e+00
2.276000000000000000e+03 1.152781605764155728e+02 -7.187020072540565074e+00 5.530676461837965796e+00
2.277000000000000000e+03 1.152781605764155728e+02 -7.187020072540565074e+00 5.530676461837965796e+00
2.278000000000000000e+03 1.152781605764155728e+02 -7.187020072540565074e+00 5.530676461837965796e+00
2.279000000000000000e+03 1.152781605764155728e+02 -7.187020072540565074e+00 5.530676461837965796e+00
2.280000000000000000e+03 1.152781605764155728e+02 -7.187020072540565074e+00 5.530676461837965796e+00
2.281000000000000000e+03 1.152781605764155728e+02 -7.187020072540565074e+00 5.530676461837965796e+00
2.282000000000000000e+03 1.152781605764155728e+02 -7.187020072540565074e+00 5.530676461837965796e+00
2.283000000000000000e+03 1.152781605764155728e+02 -7.187020072540565074e+00 5.530676461837965796e+00
2.284000000000000000e+03 1.152781605764155728e+02 -7.187020072540565074e+00 5.530676461837965796e+00
2.285000000000000000e+03 1.152781605764155728e+02 -7.187020072540565074e+00 5.530676461837965796e+00
2.286000000000000000e+03 1.152781605764155728e+02 -7.187020072540565074e+00 5.530676461837965796e+00
2.287000000000000000e+03 1.152781605764155728e+02 -7.187020072540565074e+00 5.530676461837965796e+00
2.288000000000000000e+03 1.152781605764155728e+02 -7.187020072540565074e+00 5.530676461837965796e+00
2.289000000000000000e+03 1.152781605764155728e+02 -7.187020072540565074e+00 5.530676461837965796e+00
2.290000000000000000e+03 1.152781605764155728e+02 -7.187020072540565074e+00 5.530676461837965796e+00
2.291000000000000000e+03 1.152781605764155728e+02 -7.187020072540565074e+00 5.530676461837965796e+00
2.292000000000000000e+03 1.152781605764155728e+02 -7.187020072540565074e+00 5.530676461837965796e+00
2.293000000000000000e+03 1.152781605764155728e+02 -7.187020072540565074e+00 5.530676461837965796e+00
2.294000000000000000e+03 1.152781605764155728e+02 -7.187020072540565074e+00 5.530676461837965796e+00
2.295000000000000000e+03 1.152781605764155728e+02 -7.187020072540565074e+00 5.530676461837965796e+00
2.296000000000000000e+03 1.152781605764155728e+02 -7.187020072540565074e+00 5.530676461837965796e+00
2.297000000000000000e+03 1.152781605764155728e+02 -7.187020072540565074e+00 5.530676461837965796e+00
2.298000000000000000e+03 1.152781605764155728e+02 -7.187020072540565074e+00 5.530676461837965796e+00
2.299000000000000000e+03 1.152781605764155728e+02 -7.187020072540565074e+00 5.530676461837965796e+00
2.300000000000000000e+03 1.087306245173639070e+02 -7.599795361477101885e+00 4.457468487664814738e+00
2.301000000000000000e+03 1.087306245173639070e+02 -7.599795361477101885e+00 4.457468487664814738e+00
2.302000000000000000e+03 1.087306245173639070e+02 -7.599795361477101885e+00 4.457468487664814738e+00
2.303000000000000000e+03 1.087306245173639070e+02 -7.599795361477101885e+00 4.457468487664814738e+00
2.304000000000000000e+03 1.087306245173639070e+02 -7.599795361477101885e+00 4.457468487664814738e+00
2.305000000000000000e+03 1.087306245173639070e+02 -7.599795361477101885e+00 4.457468487664814738e+00
2.306000000000000000e+03 1.087306245173639070e+02 -7.599795361477101885e+00 4.457468487664814738e+00
2.307000000000000000e+03 1.087306245173639070e+02 -7.599795361477101885e+00 4.457468487664814738e+00
2.308000000000000000e+03 1.087306245173639070e+02 -7.599795361477101885e+00 4.457468487664814738e+00
2.309000000000000000e+03 1.087306245173639070e+02 -7.599795361477101885e+00 4.457468487664814738e+00
2.310000000000000000e+03 1.087306245173639070e+02 -7.599795361477101885e+00 4.457468487664814738e+00
2.311000000000000000e+03 1.087306245173639070e+02 -7.599795361477101885e+00 4.457468487664814738e+00
2.312000000000000000e+03 1.087306245173639070e+02 -7.599795361477101885e+00 4.457468487664814738e+00
2.313000000000000000e+03 1.087306245173639070e+02 -7.599795361477101885e+00 4.457468487664814738e+00
2.314000000000000000e+03 1.087306245173639070e+02 -7.599795361477101885e+00 4.457468487664814738e+00
2.315000000000000000e+03 1.087306245173639070e+02 -7.599795361477101885e+00 4.457468487664814738e+00
2.316000000000000000e+03 1.087306245173639070e+02 -7.599795361477101885e+00 4.457468487664814738e+00
2.317000000000000000e+03 1.087306245173639070e+02 -7.599795361477101885e+00 4.457468487664814738e+00
2.318000000000000000e+03 1.087306245173639070e+02 -7.599795361477101885e+00 4.457468487664814738e+00
2.319000000000000000e+03 1.087306245173639070e+02 -7.599795361477101885e+00 4.457468487664814738e+00
2.320000000000000000e+03 1.087306245173639070e+02 -7.599795361477101885e+00 4.457468487664814738e+00
2.321000000000000000e+03 1.087306245173639070e+02 -7.599795361477101885e+00 4.457468487664814738e+00
2.322000000000000000e+03 1.087306245173639070e+02 -7.599795361477101885e+00 4.457468487664814738e+00
2.323000000000000000e+03 1.087306245173639070e+02 -7.599795361477101885e+00 4.457468487664814738e+00
2.324000000000000000e+03 1.087306245173639070e+02 -7.599795361477101885e+00 4.457468487664814738e+00
2.325000000000000000e+03 1.087306245173639070e+02 -7.599795361477101885e+00 4.457468487664814738e+00
2.326000000000000000e+03 1.087306245173639070e+02 -7.599795361477101885e+00 4.457468487664814738e+00
2.327000000000000000e+03 1.087306245173639070e+02 -7.599795361477101885e+00 4.457468487664814738e+00
2.328000000000000000e+03 1.087306245173639070e+02 -7.599795361477101885e+00 4.457468487664814738e+00
2.329000000000000000e+03 1.087306245173639070e+02 -7.599795361477101885e+00 4.457468487664814738e+00
2.330000000000000000e+03 1.087306245173639070e+02 -7.599795361477101885e+00 4.457468487664814738e+00
2.331000000000000000e+03 1.087306245173639070e+02 -7.599795361477101885e+00 4.457468487664814738e+00
2.332000000000000000e+03 1.087306245173639070e+02 -7.599795361477101885e+00 4.457468487664814738e+00
2.333000000000000000e+03 1.087306245173639070e+02 -7.599795361477101885e+00 4.457468487664814738e+00
2.334000000000000000e+03 1.087306245173639070e+02 -7.599795361477101885e+00 4.457468487664814738e+00
2.335000000000000000e+03 1.087306245173639070e+02 -7.599795361477101885e+00 4.457468487664814738e+00
2.336000000000000000e+03 1.087306245173639070e+02 -7.599795361477101885e+00 4.457468487664814738e+00
2.337000000000000000e+03 1.087306245173639070e+02 -7.599795361477101885e+00 4.457468487664814738e+00
2.338000000000000000e+03 1.087306245173639070e+02 -7.599795361477101885e+00 4.457468487664814738e+00
2.339000000000000000e+03 1.087306245173639070e+02 -7.599795361477101885e+00 4.457468487664814738e+00
2.340000000000000000e+03 1.087306245173639070e+02 -7.599795361477101885e+00 4.457468487664814738e+00
2.341000000000000000e+03 1.087306245173639070e+02 -7.599795361477101885e+00 4.457468487664814738e+00
2.342000000000000000e+03 1.087306245173639070e+02 -7.599795361477101885e+00 4.457468487664814738e+00
2.343000000000000000e+03 1.087306245173639070e+02 -7.599795361477101885e+00 4.457468487664814738e+00
2.344000000000000000e+03 1.087306245173639070e+02 -7.599795361477101885e+00 4.457468487664814738e+00
2.345000000000000000e+03 1.087306245173639070e+02 -7.599795361477101885e+00 4.457468487664814738e+00
2.346000000000000000e+03 1.087306245173639070e+02 -7.599795361477101885e+00 4.457468487664814738e+00
2.347000000000000000e+03 1.087306245173639070e+02 -7.599795361477101885e+00 4.457468487664814738e+00
2.348000000000000000e+03 1.087306245173639070e+02 -7.599795361477101885e+00 4.457468487664814738e+00
2.349000000000000000e+03 1.087306245173639070e+02 -7.599795361477101885e+00 4.457468487664814738e+00
2.350000000000000000e+03 1.062310396374380446e+02 -6.474302125760369897e+00 3.383977286275863250e+00
2.351000000000000000e+03 1.062310396374380446e+02 -6.474302125760369897e+00 3.383977286275863250e+00
2.352000000000000000e+03 1.062310396374380446e+02 -6.474302125760369897e+00 3.383977286275863250e+00
2.353000000000000000e+03 1.062310396374380446e+02 -6.474302125760369897e+00 3.383977286275863250e+00
2.354000000000000000e+03 1.062310396374380446e+02 -6.474302125760369897e+00 3.383977286275863250e+00
2.355000000000000000e+03 1.062310396374380446e+02 -6.474302125760369897e+00 3.383977286275863250e+00
2.356000000000000000e+03 1.062310396374380446e+02 -6.474302125760369897e+00 3.383977286275863250e+00
2.357000000000000000e+03 1.062310396374380446e+02 -6.474302125760369897e+00 3.383977286275863250e+00
2.358000000000000000e+03 1.062310396374380446e+02 -6.474302125760369897e+00 3.383977286275863250e+00
2.359000000000000000e+03 1.062310396374380446e+02 -6.474302125760369897e+00 3.383977286275863250e+00
2.360000000000000000e+03 1.062310396374380446e+02 -6.474302125760369897e+00 3.383977286275863250e+00
2.361000000000000000e+03 1.062310396374380446e+02 -6.474302125760369897e+00 3.383977286275863250e+00
2.362000000000000000e+03 1.062310396374380446e+02 -6.474302125760369897e+00 3.383977286275863250e+00
2.363000000000000000e+03 1.062310396374380446e+02 -6.474302125760369897e+00 3.383977286275863250e+00
2.364000000000000000e+03 1.062310396374380446e+02 -6.474302125760369897e+00 3.383977286275863250e+00
2.365000000000000000e+03 1.062310396374380446e+02 -6.474302125760369897e+00 3.383977286275863250e+00
2.366000000000000000e+03 1.062310396374380446e+02 -6.474302125760369897e+00 3.383977286275863250e+00
2.367000000000000000e+03 1.062310396374380446e+02 -6.474302125760369897e+00 3.383977286275863250e+00
2.368000000000000000e+03 1.062310396374380446e+02 -6.474302125760369897e+00 3.383977286275863250e+00
2.369000000000000000e+03 1.062310396374380446e+02 -6.474302125760369897e+00 3.383977286275863250e+00
2.370000000000000000e+03 1.062310396374380446e+02 -6.474302125760369897e+00 3.383977286275863250e+00
2.371000000000000000e+03 1.062310396374380446e+02 -6.474302125760369897e+00 3.383977286275863250e+00
2.372000000000000000e+03 1.062310396374380446e+02 -6.474302125760369897e+00 3.383977286275863250e+00
2.373000000000000000e+03 1.062310396374380446e+02 -6.474302125760369897e+00 3.383977286275863250e+00
2.374000000000000000e+03 1.062310396374380446e+02 -6.474302125760369897e+00 3.383977286275863250e+00
2.375000000000000000e+03 1.062310396374380446e+02 -6.474302125760369897e+00 3.383977286275863250e+00
2.376000000000000000e+03 1.062310396374380446e+02 -6.474302125760369897e+00 3.383977286275863250e+00
2.377000000000000000e+03 1.062310396374380446e+02 -6.474302125760369897e+00 3.383977286275863250e+00
2.378000000000000000e+03 1.062310396374380446e+02 -6.474302125760369897e+00 3.383977286275863250e+00
2.379000000000000000e+03 1.062310396374380446e+02 -6.474302125760369897e+00 3.383977286275863250e+00
2.380000000000000000e+03 1.062310396374380446e+02 -6.474302125760369897e+00 3.383977286275863250e+00
2.381000000000000000e+03 1.062310396374380446e+02 -6.474302125760369897e+00 3.383977286275863250e+00
2.382000000000000000e+03 1.062310396374380446e+02 -6.474302125760369897e+00 3.383977286275863250e+00
2.383000000000000000e+03 1.062310396374380446e+02 -6.474302125760369897e+00 3.383977286275863250e+00
2.384000000000000000e+03 1.062310396374380446e+02 -6.474302125760369897e+00 3.383977286275863250e+00
2.385000000000000000e+03 1.062310396374380446e+02 -6.474302125760369897e+00 3.383977286275863250e+00
2.386000000000000000e+03 1.062310396374380446e+02 -6.474302125760369897e+00 3.383977286275863250e+00
2.387000000000000000e+03 1.062310396374380446e+02 -6.474302125760369897e+00 3.383977286275863250e+00
2.388000000000000000e+03 1.062310396374380446e+02 -6.474302125760369897e+00 3.383977286275863250e+00
2.389000000000000000e+03 1.062310396374380446e+02 -6.474302125760369897e+00 3.383977286275863250e+00
2.390000000000000000e+03 1.062310396374380446e+02 -6.474302125760369897e+00 3.383977286275863250e+00
2.391000000000000000e+03 1.062310396374380446e+02 -6.474302125760369897e+00 3.383977286275863250e+00
2.392000000000000000e+03 1.062310396374380446e+02 -6.474302125760369897e+00 3.383977286275863250e+00
2.393000000000000000e+03 1.062310396374380446e+02 -6.474302125760369897e+00 3.383977286275863250e+00
2.394000000000000000e+03 1.062310396374380446e+02 -6.474302125760369897e+00 3.383977286275863250e+00
2.395000000000000000e+03 1.062310396374380446e+02 -6.474302125760369897e+00 3.383977286275863250e+00
2.396000000000000000e+03 1.062310396374380446e+02 -6.474302125760369897e+00 3.383977286275863250e+00
2.397000000000000000e+03 1.062310396374380446e+02 -6.474302125760369897e+00 3.383977286275863250e+00
2.398000000000000000e+03 1.062310396374380446e+02 -6.474302125760369897e+00 3.383977286275863250e+00
2.399000000000000000e+03 1.062310396374380446e+02 -6.474302125760369897e+00 3.383977286275863250e+00
2.400000000000000000e+03 9.258914168101820508e+01 -4.714519625918597967e+00 2.805903172816825997e+00
2.401000000000000000e+03 9.258914168101820508e+01 -4.714519625918597967e+00 2.805903172816825997e+00
2.402000000000000000e+03 9.258914168101820508e+01 -4.714519625918597967e+00 2.805903172816825997e+00
2.403000000000000000e+03 9.258914168101820508e+01 -4.714519625918597967e+00 2.805903172816825997e+00
2.404000000000000000e+03 9.258914168101820508e+01 -4.714519625918597967e+00 2.805903172816825997e+00
2.405000000000000000e+03 9.258914168101820508e+01 -4.714519625918597967e+00 2.805903172816825997e+00
2.406000000000000000e+03 9.258914168101820508e+01 -4.714519625918597967e+00 2.805903172816825997e+00
2.407000000000000000e+03 9.258914168101820508e+01 -4.714519625918597967e+00 2.805903172816825997e+00
2.408000000000000000e+03 9.258914168101820508e+01 -4.714519625918597967e+00 2.805903172816825997e+00
2.409000000000000000e+03 9.258914168101820508e+01 -4.714519625918597967e+00 2.805903172816825997e+00
2.410000000000000000e+03 9.258914168101820508e+01 -4.714519625918597967e+00 2.805903172816825997e+00
2.411000000000000000e+03 9.258914168101820508e+01 -4.714519625918597967e+00 2.805903172816825997e+00
2.412000000000000000e+03 9.258914168101820508e+01 -4.714519625918597967e+00 2.805903172816825997e+00
2.413000000000000000e+03 9.258914168101820508e+01 -4.714519625918597967e+00 2.805903172816825997e+00
2.414000000000000000e+03 9.258914168101820508e+01 -4.714519625918597967e+00 2.805903172816825997e+00
2.415000000000000000e+03 9.258914168101820508e+01 -4.714519625918597967e+00 2.805903172816825997e+00
2.416000000000000000e+03 9.258914168101820508e+01 -4.714519625918597967e+00 2.805903172816825997e+00
2.417000000000000000e+03 9.258914168101820508e+01 -4.714519625918597967e+00 2.805903172816825997e+00
2.418000000000000000e+03 9.258914168101820508e+01 -4.714519625918597967e+00 2.805903172816825997e+00
2.419000000000000000e+03 9.258914168101820508e+01 -4.714519625918597967e+00 2.805903172816825997e+00
2.420000000000000000e+03 9.258914168101820508e+01 -4.714519625918597967e+00 2.805903172816825997e+00
2.421000000000000000e+03 9.258914168101820508e+01 -4.714519625918597967e+00 2.805903172816825997e+00
2.422000000000000000e+03 9.258914168101820508e+01 -4.714519625918597967e+00 2.805903172816825997e+00
2.423000000000000000e+03 9.258914168101820508e+01 -4.714519625918597967e+00 2.805903172816825997e+00
2.424000000000000000e+03 9.258914168101820508e+01 -4.714519625918597967e+00 2.805903172816825997e+00
2.425000000000000000e+03 9.258914168101820508e+01 -4.714519625918597967e+00 2.805903172816825997e+00
2.426000000000000000e+03 9.258914168101820508e+01 -4.714519625918597967e+00 2.805903172816825997e+00
2.427000000000000000e+03 9.258914168101820508e+01 -4.714519625918597967e+00 2.805903172816825997e+00
2.428000000000000000e+03 9.258914168101820508e+01 -4.714519625918597967e+00 2.805903172816825997e+00
2.429000000000000000e+03 9.258914168101820508e+01 -4.714519625918597967e+00 2.805903172816825997e+00
2.430000000000000000e+03 9.258914168101820508e+01 -4.714519625918597967e+00 2.805903172816825997e+00
2.431000000000000000e+03 9.258914168101820508e+01 -4.714519625918597967e+00 2.805903172816825997e+00
2.432000000000000000e+03 9.258914168101820508e+01 -4.714519625918597967e+00 2.805903172816825997e+00
2.433000000000000000e+03 9.258914168101820508e+01 -4.714519625918597967e+00 2.805903172816825997e+00
2.434000000000000000e+03 9.258914168101820508e+01 -4.714519625918597967e+00 2.805903172816825997e+00
2.435000000000000000e+03 9.258914168101820508e+01 -4.714519625918597967e+00 2.805903172816825997e+00
2.436000000000000000e+03 9.258914168101820508e+01 -4.714519625918597967e+00 2.805903172816825997e+00
2.437000000000000000e+03 9.258914168101820508e+01 -4.714519625918597967e+00 2.805903172816825997e+00
2.438000000000000000e+03 9.258914168101820508e+01 -4.714519625918597967e+00 2.805903172816825997e+00
2.439000000000000000e+03 9.258914168101820508e+01 -4.714519625918597967e+00 2.805903172816825997e+00
2.440000000000000000e+03 9.258914168101820508e+01 -4.714519625918597967e+00 2.805903172816825997e+00
2.441000000000000000e+03 9.258914168101820508e+01 -4.714519625918597967e+00 2.805903172816825997e+00
2.442000000000000000e+03 9.258914168101820508e+01 -4.714519625918597967e+00 2.805903172816825997e+00
2.443000000000000000e+03 9.258914168101820508e+01 -4.714519625918597967e+00 2.805903172816825997e+00
2.444000000000000000e+03 9.258914168101820508e+01 -4.714519625918597967e+00 2.805903172816825997e+00
2.445000000000000000e+03 9.258914168101820508e+01 -4.714519625918597967e+00 2.805903172816825997e+00
2.446000000000000000e+03 9.258914168101820508e+01 -4.714519625918597967e+00 2.805903172816825997e+00
2.447000000000000000e+03 9.258914168101820508e+01 -4.714519625918597967e+00 2.805903172816825997e+00
2.448000000000000000e+03 9.258914168101820508e+01 -4.714519625918597967e+00 2.805903172816825997e+00
2.449000000000000000e+03 9.258914168101820508e+01 -4.714519625918597967e+00 2.805903172816825997e+00
2.450000000000000000e+03 7.867768949673616419e+01 -3.152283757312973389e+00 2.688542485586637110e+00
2.451000000000000000e+03 7.867768949673616419e+01 -3.152283757312973389e+00 2.688542485586637110e+00
2.452000000000000000e+03 7.867768949673616419e+01 -3.152283757312973389e+00 2.688542485586637110e+00
2.453000000000000000e+03 7.867768949673616419e+01 -3.152283757312973389e+00 2.688542485586637110e+00
2.454000000000000000e+03 7.867768949673616419e+01 -3.152283757312973389e+00 2.688542485586637110e+00
2.455000000000000000e+03 7.867768949673616419e+01 -3.152283757312973389e+00 2.688542485586637110e+00
2.456000000000000000e+03 7.867768949673616419e+01 -3.152283757312973389e+00 2.688542485586637110e+00
2.457000000000000000e+03 7.867768949673616419e+01 -3.152283757312973389e+00 2.688542485586637110e+00
2.458000000000000000e+03 7.867768949673616419e+01 -3.152283757312973389e+00 2.688542485586637110e+00
2.459000000000000000e+03 7.867768949673616419e+01 -3.152283757312973389e+00 2.688542485586637110e+00
2.460000000000000000e+03 7.867768949673616419e+01 -3.152283757312973389e+00 2.688542485586637110e+00
2.461000000000000000e+03 7.867768949673616419e+01 -3.152283757312973389e+00 2.688542485586637110e+00
2.462000000000000000e+03 7.867768949673616419e+01 -3.152283757312973389e+00 2.688542485586637110e+00
2.463000000000000000e+03 7.867768949673616419e+01 -3.152283757312973389e+00 2.688542485586637110e+00
2.464000000000000000e+03 7.867768949673616419e+01 -3.152283757312973389e+00 2.688542485586637110e+00
2.465000000000000000e+03 7.867768949673616419e+01 -3.152283757312973389e+00 2.688542485586637110e+00
2.466000000000000000e+03 7.867768949673616419e+01 -3.152283757312973389e+00 2.688542485586637110e+00
2.467000000000000000e+03 7.867768949673616419e+01 -3.152283757312973389e+00 2.688542485586637110e+00
2.468000000000000000e+03 7.867768949673616419e+01 -3.152283757312973389e+00 2.688542485586637110e+00
2.469000000000000000e+03 7.867768949673616419e+01 -3.152283757312973389e+00 2.688542485586637110e+00
2.470000000000000000e+03 7.867768949673616419e+01 -3.152283757312973389e+00 2.688542485586637110e+00
2.471000000000000000e+03 7.867768949673616419e+01 -3.152283757312973389e+00 2.688542485586637110e+00
2.472000000000000000e+03 7.867768949673616419e+01 -3.152283757312973389e+00 2.688542485586637110e+00
2.473000000000000000e+03 7.867768949673616419e+01 -3.152283757312973389e+00 2.688542485586637110e+00
2.474000000000000000e+03 7.867768949673616419e+01 -3.152283757312973389e+00 2.688542485586637110e+00
2.475000000000000000e+03 7.867768949673616419e+01 -3.152283757312973389e+00 2.688542485586637110e+00
2.476000000000000000e+03 7.867768949673616419e+01 -3.152283757312973389e+00 2.688542485586637110e+00
2.477000000000000000e+03 7.867768949673616419e+01 -3.152283757312973389e+00 2.688542485586637110e+00
2.478000000000000000e+03 7.867768949673616419e+01 -3.152283757312973389e+00 2.688542485586637110e+00
2.479000000000000000e+03 7.867768949673616419e+01 -3.152283757312973389e+00 2.688542485586637110e+00
2.480000000000000000e+03 7.867768949673616419e+01 -3.152283757312973389e+00 2.688542485586637110e+00
2.481000000000000000e+03 7.867768949673616419e+01 -3.152283757312973389e+00 2.688542485586637110e+00
2.482000000000000000e+03 7.867768949673616419e+01 -3.152283757312973389e+00 2.688542485586637110e+00
2.483000000000000000e+03 7.867768949673616419e+01 -3.152283757312973389e+00 2.688542485586637110e+00
2.484000000000000000e+03 7.867768949673616419e+01 -3.152283757312973389e+00 2.688542485586637110e+00
2.485000000000000000e+03 7.867768949673616419e+01 -3.152283757312973389e+00 2.688542485586637110e+00
2.486000000000000000e+03 7.867768949673616419e+01 -3.152283757312973389e+00 2.688542485586637110e+00
2.487000000000000000e+03 7.867768949673616419e+01 -3.152283757312973389e+00 2.688542485586637110e+00
2.488000000000000000e+03 7.867768949673616419e+01 -3.152283757312973389e+00 2.688542485586637110e+00
2.489000000000000000e+03 7.867768949673616419e+01 -3.152283757312973389e+00 2.688542485586637110e+00
2.490000000000000000e+03 7.867768949673616419e+01 -3.152283757312973389e+00 2.688542485586637110e+00
2.491000000000000000e+03 7.867768949673616419e+01 -3.152283757312973389e+00 2.688542485586637110e+00
2.492000000000000000e+03 7.867768949673616419e+01 -3.152283757312973389e+00 2.688542485586637110e+00
2.493000000000000000e+03 7.867768949673616419e+01 -3.152283757312973389e+00 2.688542485586637110e+00
2.494000000000000000e+03 7.867768949673616419e+01 -3.152283757312973389e+00 2.688542485586637110e+00
2.495000000000000000e+03 7.867768949673616419e+01 -3.152283757312973389e+00 2.688542485586637110e+00
2.496000000000000000e+03 7.867768949673616419e+01 -3.152283757312973389e+00 2.688542485586637110e+00
2.497000000000000000e+03 7.867768949673616419e+01 -3.152283757312973389e+00 2.688542485586637110e+00
2.498000000000000000e+03 7.867768949673616419e+01 -3.152283757312973389e+00 2.688542485586637110e+00
2.499000000000000000e+03 7.867768949673616419e+01 -3.152283757312973389e+00 2.688542485586637110e+00
2.500000000000000000e+03 6.981772207181721512e+01 -3.480944985065425712e+00 2.985496628640003092e+00
2.501000000000000000e+03 6.981772207181721512e+01 -3.480944985065425712e+00 2.985496628640003092e+00
2.502000000000000000e+03 6.981772207181721512e+01 -3.480944985065425712e+00 2.985496628640003092e+00
2.503000000000000000e+03 6.981772207181721512e+01 -3.480944985065425712e+00 2.985496628640003092e+00
2.504000000000000000e+03 6.981772207181721512e+01 -3.480944985065425712e+00 2.985496628640003092e+00
2.505000000000000000e+03 6.981772207181721512e+01 -3.480944985065425712e+00 2.985496628640003092e+00
2.506000000000000000e+03 6.981772207181721512e+01 -3.480944985065425712e+00 2.985496628640003092e+00
2.507000000000000000e+03 6.981772207181721512e+01 -3.480944985065425712e+00 2.985496628640003092e+00
2.508000000000000000e+03 6.981772207181721512e+01 -3.480944985065425712e+00 2.985496628640003092e+00
2.509000000000000000e+03 6.981772207181721512e+01 -3.480944985065425712e+00 2.985496628640003092e+00
2.510000000000000000e+03 6.981772207181721512e+01 -3.480944985065425712e+00 2.985496628640003092e+00
2.511000000000000000e+03 6.981772207181721512e+01 -3.480944985065425712e+00 2.985496628640003092e+00
2.512000000000000000e+03 6.981772207181721512e+01 -3.480944985065425712e+00 2.985496628640003092e+00
2.513000000000000000e+03 6.981772207181721512e+01 -3.480944985065425712e+00 2.985496628640003092e+00
2.514000000000000000e+03 6.981772207181721512e+01 -3.480944985065425712e+00 2.985496628640003092e+00
2.515000000000000000e+03 6.981772207181721512e+01 -3.480944985065425712e+00 2.985496628640003092e+00
2.516000000000000000e+03 6.981772207181721512e+01 -3.480944985065425712e+00 2.985496628640003092e+00
2.517000000000000000e+03 6.981772207181721512e+01 -3.480944985065425712e+00 2.985496628640003092e+00
2.518000000000000000e+03 6.981772207181721512e+01 -3.480944985065425712e+00 2.985496628640003092e+00
2.519000000000000000e+03 6.981772207181721512e+01 -3.480944985065425712e+00 2.985496628640003092e+00
2.520000000000000000e+03 6.981772207181721512e+01 -3.480944985065425712e+00 2.985496628640003092e+00
2.521000000000000000e+03 6.981772207181721512e+01 -3.480944985065425712e+00 2.985496628640003092e+00
2.522000000000000000e+03 6.981772207181721512e+01 -3.480944985065425712e+00 2.985496628640003092e+00
2.523000000000000000e+03 6.981772207181721512e+01 -3.480944985065425712e+00 2.985496628640003092e+00
2.524000000000000000e+03 6.981772207181721512e+01 -3.480944985065425712e+00 2.985496628640003092e+00
2.525000000000000000e+03 6.981772207181721512e+01 -3.480944985065425712e+00 2.985496628640003092e+00
2.526000000000000000e+03 6.981772207181721512e+01 -3.480944985065425712e+00 2.985496628640003092e+00
2.527000000000000000e+03 6.981772207181721512e+01 -3.480944985065425712e+00 2.985496628640003092e+00
2.528000000000000000e+03 6.981772207181721512e+01 -3.480944985065425712e+00 2.985496628640003092e+00
2.529000000000000000e+03 6.981772207181721512e+01 -3.480944985065425712e+00 2.985496628640003092e+00
2.530000000000000000e+03 6.981772207181721512e+01 -3.480944985065425712e+00 2.985496628640003092e+00
2.531000000000000000e+03 6.981772207181721512e+01 -3.480944985065425712e+00 2.985496628640003092e+00
2.532000000000000000e+03 6.981772207181721512e+01 -3.480944985065425712e+00 2.985496628640003092e+00
2.533000000000000000e+03 6.981772207181721512e+01 -3.480944985065425712e+00 2.985496628640003092e+00
2.534000000000000000e+03 6.981772207181721512e+01 -3.480944985065425712e+00 2.985496628640003092e+00
2.535000000000000000e+03 6.981772207181721512e+01 -3.480944985065425712e+00 2.985496628640003092e+00
2.536000000000000000e+03 6.981772207181721512e+01 -3.480944985065425712e+00 2.985496628640003092e+00
2.537000000000000000e+03 6.981772207181721512e+01 -3.480944985065425712e+00 2.985496628640003092e+00
2.538000000000000000e+03 6.981772207181721512e+01 -3.480944985065425712e+00 2.985496628640003092e+00
2.539000000000000000e+03 6.981772207181721512e+01 -3.480944985065425712e+00 2.985496628640003092e+00
2.540000000000000000e+03 6.981772207181721512e+01 -3.480944985065425712e+00 2.985496628640003092e+00
2.541000000000000000e+03 6.981772207181721512e+01 -3.480944985065425712e+00 2.985496628640003092e+00
2.542000000000000000e+03 6.981772207181721512e+01 -3.480944985065425712e+00 2.985496628640003092e+00
2.543000000000000000e+03 6.981772207181721512e+01 -3.480944985065425712e+00 2.985496628640003092e+00
2.544000000000000000e+03 6.981772207181721512e+01 -3.480944985065425712e+00 2.985496628640003092e+00
2.545000000000000000e+03 6.981772207181721512e+01 -3.480944985065425712e+00 2.985496628640003092e+00
2.546000000000000000e+03 6.981772207181721512e+01 -3.480944985065425712e+00 2.985496628640003092e+00
2.547000000000000000e+03 6.981772207181721512e+01 -3.480944985065425712e+00 2.985496628640003092e+00
2.548000000000000000e+03 6.981772207181721512e+01 -3.480944985065425712e+00 2.985496628640003092e+00
2.549000000000000000e+03 6.981772207181721512e+01 -3.480944985065425712e+00 2.985496628640003092e+00
2.550000000000000000e+03 6.088487980698069180e+01 -3.637226722928063705e+00 2.716793019700098011e+00
2.551000000000000000e+03 6.088487980698069180e+01 -3.637226722928063705e+00 2.716793019700098011e+00
2.552000000000000000e+03 6.088487980698069180e+01 -3.637226722928063705e+00 2.716793019700098011e+00
2.553000000000000000e+03 6.088487980698069180e+01 -3.637226722928063705e+00 2.716793019700098011e+00
2.554000000000000000e+03 6.088487980698069180e+01 -3.637226722928063705e+00 2.716793019700098011e+00
2.555000000000000000e+03 6.088487980698069180e+01 -3.637226722928063705e+00 2.716793019700098011e+00
2.556000000000000000e+03 6.088487980698069180e+01 -3.637226722928063705e+00 2.716793019700098011e+00
2.557000000000000000e+03 6.088487980698069180e+01 -3.637226722928063705e+00 2.716793019700098011e+00
2.558000000000000000e+03 6.088487980698069180e+01 -3.637226722928063705e+00 2.716793019700098011e+00
2.559000000000000000e+03 6.088487980698069180e+01 -3.637226722928063705e+00 2.716793019700098011e+00
2.560000000000000000e+03 6.088487980698069180e+01 -3.637226722928063705e+00 2.716793019700098011e+00
2.561000000000000000e+03 6.088487980698069180e+01 -3.637226722928063705e+00 2.716793019700098011e+00
2.562000000000000000e+03 6.088487980698069180e+01 -3.637226722928063705e+00 2.716793019700098011e+00
2.563000000000000000e+03 6.088487980698069180e+01 -3.637226722928063705e+00 2.716793019700098011e+00
2.564000000000000000e+03 6.088487980698069180e+01 -3.637226722928063705e+00 2.716793019700098011e+00
2.565000000000000000e+03 6.088487980698069180e+01 -3.637226722928063705e+00 2.716793019700098011e+00
2.566000000000000000e+03 6.088487980698069180e+01 -3.637226722928063705e+00 2.716793019700098011e+00
2.567000000000000000e+03 6.088487980698069180e+01 -3.637226722928063705e+00 2.716793019700098011e+00
2.568000000000000000e+03 6.088487980698069180e+01 -3.637226722928063705e+00 2.716793019700098011e+00
2.569000000000000000e+03 6.088487980698069180e+01 -3.637226722928063705e+00 2.716793019700098011e+00
2.570000000000000000e+03 6.088487980698069180e+01 -3.637226722928063705e+00 2.716793019700098011e+00
2.571000000000000000e+03 6.088487980698069180e+01 -3.637226722928063705e+00 2.716793019700098011e+00
2.572000000000000000e+03 6.088487980698069180e+01 -3.637226722928063705e+00 2.716793019700098011e+00
2.573000000000000000e+03 6.088487980698069180e+01 -3.637226722928063705e+00 2.716793019700098011e+00
2.574000000000000000e+03 6.088487980698069180e+01 -3.637226722928063705e+00 2.716793019700098011e+00
2.575000000000000000e+03 6.088487980698069180e+01 -3.637226722928063705e+00 2.716793019700098011e+00
2.576000000000000000e+03 6.088487980698069180e+01 -3.637226722928063705e+00 2.716793019700098011e+00
2.577000000000000000e+03 6.088487980698069180e+01 -3.637226722928063705e+00 2.716793019700098011e+00
2.578000000000000000e+03 6.088487980698069180e+01 -3.637226722928063705e+00 2.716793019700098011e+00
2.579000000000000000e+03 6.088487980698069180e+01 -3.637226722928063705e+00 2.716793019700098011e+00
2.580000000000000000e+03 6.088487980698069180e+01 -3.637226722928063705e+00 2.716793019700098011e+00
2.581000000000000000e+03 6.088487980698069180e+01 -3.637226722928063705e+00 2.716793019700098011e+00
2.582000000000000000e+03 6.088487980698069180e+01 -3.637226722928063705e+00 2.716793019700098011e+00
2.583000000000000000e+03 6.088487980698069180e+01 -3.637226722928063705e+00 2.716793019700098011e+00
2.584000000000000000e+03 6.088487980698069180e+01 -3.637226722928063705e+00 2.716793019700098011e+00
2.585000000000000000e+03 6.088487980698069180e+01 -3.637226722928063705e+00 2.716793019700098011e+00
2.586000000000000000e+03 6.088487980698069180e+01 -3.637226722928063705e+00 2.716793019700098011e+00
2.587000000000000000e+03 6.088487980698069180e+01 -3.637226722928063705e+00 2.716793019700098011e+00
2.588000000000000000e+03 6.088487980698069180e+01 -3.637226722928063705e+00 2.716793019700098011e+00
2.589000000000000000e+03 6.088487980698069180e+01 -3.637226722928063705e+00 2.716793019700098011e+00
2.590000000000000000e+03 6.088487980698069180e+01 -3.637226722928063705e+00 2.716793019700098011e+00
2.591000000000000000e+03 6.088487980698069180e+01 -3.637226722928063705e+00 2.716793019700098011e+00
2.592000000000000000e+03 6.088487980698069180e+01 -3.637226722928063705e+00 2.716793019700098011e+00
2.593000000000000000e+03 6.088487980698069180e+01 -3.637226722928063705e+00 2.716793019700098011e+00
2.594000000000000000e+03 6.088487980698069180e+01 -3.637226722928063705e+00 2.716793019700098011e+00
2.595000000000000000e+03 6.088487980698069180e+01 -3.637226722928063705e+00 2.716793019700098011e+00
2.596000000000000000e+03 6.088487980698069180e+01 -3.637226722928063705e+00 2.716793019700098011e+00
2.597000000000000000e+03 6.088487980698069180e+01 -3.637226722928063705e+00 2.716793019700098011e+00
2.598000000000000000e+03 6.088487980698069180e+01 -3.637226722928063705e+00 2.716793019700098011e+00
2.599000000000000000e+03 6.088487980698069180e+01 -3.637226722928063705e+00 2.716793019700098011e+00
2.600000000000000000e+03 5.928116521077631518e+01 -4.497633056965056220e+00 2.433522345284675925e+00
2.601000000000000000e+03 5.928116521077631518e+01 -4.497633056965056220e+00 2.433522345284675925e+00
2.602000000000000000e+03 5.928116521077631518e+01 -4.497633056965056220e+00 2.433522345284675925e+00
2.603000000000000000e+03 5.928116521077631518e+01 -4.497633056965056220e+00 2.433522345284675925e+00
2.604000000000000000e+03 5.928116521077631518e+01 -4.497633056965056220e+00 2.433522345284675925e+00
2.605000000000000000e+03 5.928116521077631518e+01 -4.497633056965056220e+00 2.433522345284675925e+00
2.606000000000000000e+03 5.928116521077631518e+01 -4.497633056965056220e+00 2.433522345284675925e+00
2.607000000000000000e+03 5.928116521077631518e+01 -4.497633056965056220e+00 2.433522345284675925e+00
2.608000000000000000e+03 5.928116521077631518e+01 -4.497633056965056220e+00 2.433522345284675925e+00
2.609000000000000000e+03 5.928116521077631518e+01 -4.497633056965056220e+00 2.433522345284675925e+00
2.610000000000000000e+03 5.928116521077631518e+01 -4.497633056965056220e+00 2.433522345284675925e+00
2.611000000000000000e+03 5.928116521077631518e+01 -4.497633056965056220e+00 2.433522345284675925e+00
2.612000000000000000e+03 5.928116521077631518e+01 -4.497633056965056220e+00 2.433522345284675925e+00
2.613000000000000000e+03 5.928116521077631518e+01 -4.497633056965056220e+00 2.433522345284675925e+00
2.614000000000000000e+03 5.928116521077631518e+01 -4.497633056965056220e+00 2.433522345284675925e+00
2.615000000000000000e+03 5.928116521077631518e+01 -4.497633056965056220e+00 2.433522345284675925e+00
2.616000000000000000e+03 5.928116521077631518e+01 -4.497633056965056220e+00 2.433522345284675925e+00
2.617000000000000000e+03 5.928116521077631518e+01 -4.497633056965056220e+00 2.433522345284675925e+00
2.618000000000000000e+03 5.928116521077631518e+01 -4.497633056965056220e+00 2.433522345284675925e+00
2.619000000000000000e+03 5.928116521077631518e+01 -4.497633056965056220e+00 2.433522345284675925e+00
2.620000000000000000e+03 5.928116521077631518e+01 -4.497633056965056220e+00 2.433522345284675925e+00
2.621000000000000000e+03 5.928116521077631518e+01 -4.497633056965056220e+00 2.433522345284675925e+00
2.622000000000000000e+03 5.928116521077631518e+01 -4.497633056965056220e+00 2.433522345284675925e+00
2.623000000000000000e+03 5.928116521077631518e+01 -4.497633056965056220e+00 2.433522345284675925e+00
2.624000000000000000e+03 5.928116521077631518e+01 -4.497633056965056220e+00 2.433522345284675925e+00
2.625000000000000000e+03 5.928116521077631518e+01 -4.497633056965056220e+00 2.433522345284675925e+00
2.626000000000000000e+03 5.928116521077631518e+01 -4.497633056965056220e+00 2.433522345284675925e+00
2.627000000000000000e+03 5.928116521077631518e+01 -4.497633056965056220e+00 2.433522345284675925e+00
2.628000000000000000e+03 5.928116521077631518e+01 -4.497633056965056220e+00 2.433522345284675925e+00
2.629000000000000000e+03 5.928116521077631518e+01 -4.497633056965056220e+00 2.433522345284675925e+00
2.630000000000000000e+03 5.928116521077631518e+01 -4.497633056965056220e+00 2.433522345284675925e+00
2.631000000000000000e+03 5.928116521077631518e+01 -4.497633056965056220e+00 2.433522345284675925e+00
2.632000000000000000e+03 5.928116521077631518e+01 -4.497633056965056220e+00 2.433522345284675925e+00
2.633000000000000000e+03 5.928116521077631518e+01 -4.497633056965056220e+00 2.433522345284675925e+00
2.634000000000000000e+03 5.928116521077631518e+01 -4.497633056965056220e+00 2.433522345284675925e+00
2.635000000000000000e+03 5.928116521077631518e+01 -4.497633056965056220e+00 2.433522345284675925e+00
2.636000000000000000e+03 5.928116521077631518e+01 -4.497633056965056220e+00 2.433522345284675925e+00
2.637000000000000000e+03 5.928116521077631518e+01 -4.497633056965056220e+00 2.433522345284675925e+00
2.638000000000000000e+03 5.928116521077631518e+01 -4.497633056965056220e+00 2.433522345284675925e+00
2.639000000000000000e+03 5.928116521077631518e+01 -4.497633056965056220e+00 2.433522345284675925e+00
2.640000000000000000e+03 5.928116521077631518e+01 -4.497633056965056220e+00 2.433522345284675925e+00
2.641000000000000000e+03 5.928116521077631518e+01 -4.497633056965056220e+00 2.433522345284675925e+00
2.642000000000000000e+03 5.928116521077631518e+01 -4.497633056965056220e+00 2.433522345284675925e+00
2.643000000000000000e+03 5.928116521077631518e+01 -4.497633056965056220e+00 2.433522345284675925e+00
2.644000000000000000e+03 5.928116521077631518e+01 -4.497633056965056220e+00 2.433522345284675925e+00
2.645000000000000000e+03 5.928116521077631518e+01 -4.497633056965056220e+00 2.433522345284675925e+00
2.646000000000000000e+03 5.928116521077631518e+01 -4.497633056965056220e+00 2.433522345284675925e+00
2.647000000000000000e+03 5.928116521077631518e+01 -4.497633056965056220e+00 2.433522345284675925e+00
2.648000000000000000e+03 5.928116521077631518e+01 -4.497633056965056220e+00 2.433522345284675925e+00
2.649000000000000000e+03 5.928116521077631518e+01 -4.497633056965056220e+00 2.433522345284675925e+00
2.650000000000000000e+03 5.500749097170408675e+01 -3.394482667940851073e+00 1.828290659334444124e+00
2.651000000000000000e+03 5.500749097170408675e+01 -3.394482667940851073e+00 1.828290659334444124e+00
2.652000000000000000e+03 5.500749097170408675e+01 -3.394482667940851073e+00 1.828290659334444124e+00
2.653000000000000000e+03 5.500749097170408675e+01 -3.394482667940851073e+00 1.828290659334444124e+00
2.654000000000000000e+03 5.500749097170408675e+01 -3.394482667940851073e+00 1.828290659334444124e+00
2.655000000000000000e+03 5.500749097170408675e+01 -3.394482667940851073e+00 1.828290659334444124e+00
2.656000000000000000e+03 5.500749097170408675e+01 -3.394482667940851073e+00 1.828290659334444124e+00
2.657000000000000000e+03 5.500749097170408675e+01 -3.394482667940851073e+00 1.828290659334444124e+00
2.658000000000000000e+03 5.500749097170408675e+01 -3.394482667940851073e+00 1.828290659334444124e+00
2.659000000000000000e+03 5.500749097170408675e+01 -3.394482667940851073e+00 1.828290659334444124e+00
2.660000000000000000e+03 5.500749097170408675e+01 -3.394482667940851073e+00 1.828290659334444124e+00
2.661000000000000000e+03 5.500749097170408675e+01 -3.394482667940851073e+00 1.828290659334444124e+00
2.662000000000000000e+03 5.500749097170408675e+01 -3.394482667940851073e+00 1.828290659334444124e+00
2.663000000000000000e+03 5.500749097170408675e+01 -3.394482667940851073e+00 1.828290659334444124e+00
2.664000000000000000e+03 5.500749097170408675e+01 -3.394482667940851073e+00 1.828290659334444124e+00
2.665000000000000000e+03 5.500749097170408675e+01 -3.394482667940851073e+00 1.828290659334444124e+00
2.666000000000000000e+03 5.500749097170408675e+01 -3.394482667940851073e+00 1.828290659334444124e+00
2.667000000000000000e+03 5.500749097170408675e+01 -3.394482667940851073e+00 1.828290659334444124e+00
2.668000000000000000e+03 5.500749097170408675e+01 -3.394482667940851073e+00 1.828290659334444124e+00
2.669000000000000000e+03 5.500749097170408675e+01 -3.394482667940851073e+00 1.828290659334444124e+00
2.670000000000000000e+03 5.500749097170408675e+01 -3.394482667940851073e+00 1.828290659334444124e+00
2.671000000000000000e+03 5.500749097170408675e+01 -3.394482667940851073e+00 1.828290659334444124e+00
2.672000000000000000e+03 5.500749097170408675e+01 -3.394482667940851073e+00 1.828290659334444124e+00
2.673000000000000000e+03 5.500749097170408675e+01 -3.394482667940851073e+00 1.828290659334444124e+00
2.674000000000000000e+03 5.500749097170408675e+01 -3.394482667940851073e+00 1.828290659334444124e+00
2.675000000000000000e+03 5.500749097170408675e+01 -3.394482667940851073e+00 1.828290659334444124e+00
2.676000000000000000e+03 5.500749097170408675e+01 -3.394482667940851073e+00 1.828290659334444124e+00
2.677000000000000000e+03 5.500749097170408675e+01 -3.394482667940851073e+00 1.828290659334444124e+00
2.678000000000000000e+03 5.500749097170408675e+01 -3.394482667940851073e+00 1.828290659334444124e+00
2.679000000000000000e+03 5.500749097170408675e+01 -3.394482667940851073e+00 1.828290659334444124e+00
2.680000000000000000e+03 5.500749097170408675e+01 -3.394482667940851073e+00 1.828290659334444124e+00
2.681000000000000000e+03 5.500749097170408675e+01 -3.394482667940851073e+00 1.828290659334444124e+00
2.682000000000000000e+03 5.500749097170408675e+01 -3.394482667940851073e+00 1.828290659334444124e+00
2.683000000000000000e+03 5.500749097170408675e+01 -3.394482667940851073e+00 1.828290659334444124e+00
2.684000000000000000e+03 5.500749097170408675e+01 -3.394482667940851073e+00 1.828290659334444124e+00
2.685000000000000000e+03 5.500749097170408675e+01 -3.394482667940851073e+00 1.828290659334444124e+00
2.686000000000000000e+03 5.500749097170408675e+01 -3.394482667940851073e+00 1.828290659334444124e+00
2.687000000000000000e+03 5.500749097170408675e+01 -3.394482667940851073e+00 1.828290659334444124e+00
2.688000000000000000e+03 5.500749097170408675e+01 -3.394482667940851073e+00 1.828290659334444124e+00
2.689000000000000000e+03 5.500749097170408675e+01 -3.394482667940851073e+00 1.828290659334444124e+00
2.690000000000000000e+03 5.500749097170408675e+01 -3.394482667940851073e+00 1.828290659334444124e+00
2.691000000000000000e+03 5.500749097170408675e+01 -3.394482667940851073e+00 1.828290659334444124e+00
2.692000000000000000e+03 5.500749097170408675e+01 -3.394482667940851073e+00 1.828290659334444124e+00
2.693000000000000000e+03 5.500749097170408675e+01 -3.394482667940851073e+00 1.828290659334444124e+00
2.694000000000000000e+03 5.500749097170408675e+01 -3.394482667940851073e+00 1.828290659334444124e+00
2.695000000000000000e+03 5.500749097170408675e+01 -3.394482667940851073e+00 1.828290659334444124e+00
2.696000000000000000e+03 5.500749097170408675e+01 -3.394482667940851073e+00 1.828290659334444124e+00
2.697000000000000000e+03 5.500749097170408675e+01 -3.394482667940851073e+00 1.828290659334444124e+00
2.698000000000000000e+03 5.500749097170408675e+01 -3.394482667940851073e+00 1.828290659334444124e+00
2.699000000000000000e+03 5.500749097170408675e+01 -3.394482667940851073e+00 1.828290659334444124e+00
2.700000000000000000e+03 4.855140156302537235e+01 -2.483831549414203366e+00 1.565119922021902532e+00
2.701000000000000000e+03 4.855140156302537235e+01 -2.483831549414203366e+00 1.565119922021902532e+00
2.702000000000000000e+03 4.855140156302537235e+01 -2.483831549414203366e+00 1.565119922021902532e+00
2.703000000000000000e+03 4.855140156302537235e+01 -2.483831549414203366e+00 1.565119922021902532e+00
2.704000000000000000e+03 4.855140156302537235e+01 -2.483831549414203366e+00 1.565119922021902532e+00
2.705000000000000000e+03 4.855140156302537235e+01 -2.483831549414203366e+00 1.565119922021902532e+00
2.706000000000000000e+03 4.855140156302537235e+01 -2.483831549414203366e+00 1.565119922021902532e+00
2.707000000000000000e+03 4.855140156302537235e+01 -2.483831549414203366e+00 1.565119922021902532e+00
2.708000000000000000e+03 4.855140156302537235e+01 -2.483831549414203366e+00 1.565119922021902532e+00
2.709000000000000000e+03 4.855140156302537235e+01 -2.483831549414203366e+00 1.565119922021902532e+00
2.710000000000000000e+03 4.855140156302537235e+01 -2.483831549414203366e+00 1.565119922021902532e+00
2.711000000000000000e+03 4.855140156302537235e+01 -2.483831549414203366e+00 1.565119922021902532e+00
2.712000000000000000e+03 4.855140156302537235e+01 -2.483831549414203366e+00 1.565119922021902532e+00
2.713000000000000000e+03 4.855140156302537235e+01 -2.483831549414203366e+00 1.565119922021902532e+00
2.714000000000000000e+03 4.855140156302537235e+01 -2.483831549414203366e+00 1.565119922021902532e+00
2.715000000000000000e+03 4.855140156302537235e+01 -2.483831549414203366e+00 1.565119922021902532e+00
2.716000000000000000e+03 4.855140156302537235e+01 -2.483831549414203366e+00 1.565119922021902532e+00
2.717000000000000000e+03 4.855140156302537235e+01 -2.483831549414203366e+00 1.565119922021902532e+00
2.718000000000000000e+03 4.855140156302537235e+01 -2.483831549414203366e+00 1.565119922021902532e+00
2.719000000000000000e+03 4.855140156302537235e+01 -2.483831549414203366e+00 1.565119922021902532e+00
2.720000000000000000e+03 4.855140156302537235e+01 -2.483831549414203366e+00 1.565119922021902532e+00
2.721000000000000000e+03 4.855140156302537235e+01 -2.483831549414203366e+00 1.565119922021902532e+00
2.722000000000000000e+03 4.855140156302537235e+01 -2.483831549414203366e+00 1.565119922021902532e+00
2.723000000000000000e+03 4.855140156302537235e+01 -2.483831549414203366e+00 1.565119922021902532e+00
2.724000000000000000e+03 4.855140156302537235e+01 -2.483831549414203366e+00 1.565119922021902532e+00
2.725000000000000000e+03 4.855140156302537235e+01 -2.483831549414203366e+00 1.565119922021902532e+00
2.726000000000000000e+03 4.855140156302537235e+01 -2.483831549414203366e+00 1.565119922021902532e+00
2.727000000000000000e+03 4.855140156302537235e+01 -2.483831549414203366e+00 1.565119922021902532e+00
2.728000000000000000e+03 4.855140156302537235e+01 -2.483831549414203366e+00 1.565119922021902532e+00
2.729000000000000000e+03 4.855140156302537235e+01 -2.483831549414203366e+00 1.565119922021902532e+00
2.730000000000000000e+03 4.855140156302537235e+01 -2.483831549414203366e+00 1.565119922021902532e+00
2.731000000000000000e+03 4.855140156302537235e+01 -2.483831549414203366e+00 1.565119922021902532e+00
2.732000000000000000e+03 4.855140156302537235e+01 -2.483831549414203366e+00 1.565119922021902532e+00
2.733000000000000000e+03 4.855140156302537235e+01 -2.483831549414203366e+00 1.565119922021902532e+00
2.734000000000000000e+03 4.855140156302537235e+01 -2.483831549414203366e+00 1.565119922021902532e+00
2.735000000000000000e+03 4.855140156302537235e+01 -2.483831549414203366e+00 1.565119922021902532e+00
2.736000000000000000e+03 4.855140156302537235e+01 -2.483831549414203366e+00 1.565119922021902532e+00
2.737000000000000000e+03 4.855140156302537235e+01 -2.483831549414203366e+00 1.565119922021902532e+00
2.738000000000000000e+03 4.855140156302537235e+01 -2.483831549414203366e+00 1.565119922021902532e+00
2.739000000000000000e+03 4.855140156302537235e+01 -2.483831549414203366e+00 1.565119922021902532e+00
2.740000000000000000e+03 4.855140156302537235e+01 -2.483831549414203366e+00 1.565119922021902532e+00
2.741000000000000000e+03 4.855140156302537235e+01 -2.483831549414203366e+00 1.565119922021902532e+00
2.742000000000000000e+03 4.855140156302537235e+01 -2.483831549414203366e+00 1.565119922021902532e+00
2.743000000000000000e+03 4.855140156302537235e+01 -2.483831549414203366e+00 1.565119922021902532e+00
2.744000000000000000e+03 4.855140156302537235e+01 -2.483831549414203366e+00 1.565119922021902532e+00
2.745000000000000000e+03 4.855140156302537235e+01 -2.483831549414203366e+00 1.565119922021902532e+00
2.746000000000000000e+03 4.855140156302537235e+01 -2.483831549414203366e+00 1.565119922021902532e+00
2.747000000000000000e+03 4.855140156302537235e+01 -2.483831549414203366e+00 1.565119922021902532e+00
2.748000000000000000e+03 4.855140156302537235e+01 -2.483831549414203366e+00 1.565119922021902532e+00
2.749000000000000000e+03 4.855140156302537235e+01 -2.483831549414203366e+00 1.565119922021902532e+00
2.750000000000000000e+03 4.268453654083548088e+01 -1.816101620097695157e+00 1.391257995861317154e+00
2.751000000000000000e+03 4.268453654083548088e+01 -1.816101620097695157e+00 1.391257995861317154e+00
2.752000000000000000e+03 4.268453654083548088e+01 -1.816101620097695157e+00 1.391257995861317154e+00
2.753000000000000000e+03 4.268453654083548088e+01 -1.816101620097695157e+00 1.391257995861317154e+00
2.754000000000000000e+03 4.268453654083548088e+01 -1.816101620097695157e+00 1.391257995861317154e+00
2.755000000000000000e+03 4.268453654083548088e+01 -1.816101620097695157e+00 1.391257995861317154e+00
2.756000000000000000e+03 4.268453654083548088e+01 -1.816101620097695157e+00 1.391257995861317154e+00
2.757000000000000000e+03 4.268453654083548088e+01 -1.816101620097695157e+00 1.391257995861317154e+00
2.758000000000000000e+03 4.268453654083548088e+01 -1.816101620097695157e+00 1.391257995861317154e+00
2.759000000000000000e+03 4.268453654083548088e+01 -1.816101620097695157e+00 1.391257995861317154e+00
2.760000000000000000e+03 4.268453654083548088e+01 -1.816101620097695157e+00 1.391257995861317154e+00
2.761000000000000000e+03 4.268453654083548088e+01 -1.816101620097695157e+00 1.391257995861317154e+00
2.762000000000000000e+03 4.268453654083548088e+01 -1.816101620097695157e+00 1.391257995861317154e+00
2.763000000000000000e+03 4.268453654083548088e+01 -1.816101620097695157e+00 1.391257995861317154e+00
2.764000000000000000e+03 4.268453654083548088e+01 -1.816101620097695157e+00 1.391257995861317154e+00
2.765000000000000000e+03 4.268453654083548088e+01 -1.816101620097695157e+00 1.391257995861317154e+00
2.766000000000000000e+03 4.268453654083548088e+01 -1.816101620097695157e+00 1.391257995861317154e+00
2.767000000000000000e+03 4.268453654083548088e+01 -1.816101620097695157e+00 1.391257995861317154e+00
2.768000000000000000e+03 4.268453654083548088e+01 -1.816101620097695157e+00 1.391257995861317154e+00
2.769000000000000000e+03 4.268453654083548088e+01 -1.816101620097695157e+00 1.391257995861317154e+00
2.770000000000000000e+03 4.268453654083548088e+01 -1.816101620097695157e+00 1.391257995861317154e+00
2.771000000000000000e+03 4.268453654083548088e+01 -1.816101620097695157e+00 1.391257995861317154e+00
2.772000000000000000e+03 4.268453654083548088e+01 -1.816101620097695157e+00 1.391257995861317154e+00
2.773000000000000000e+03 4.268453654083548088e+01 -1.816101620097695157e+00 1.391257995861317154e+00
2.774000000000000000e+03 4.268453654083548088e+01 -1.816101620097695157e+00 1.391257995861317154e+00
2.775000000000000000e+03 4.268453654083548088e+01 -1.816101620097695157e+00 1.391257995861317154e+00
2.776000000000000000e+03 4.268453654083548088e+01 -1.816101620097695157e+00 1.391257995861317154e+00
2.777000000000000000e+03 4.268453654083548088e+01 -1.816101620097695157e+00 1.391257995861317154e+00
2.778000000000000000e+03 4.268453654083548088e+01 -1.816101620097695157e+00 1.391257995861317154e+00
2.779000000000000000e+03 4.268453654083548088e+01 -1.816101620097695157e+00 1.391257995861317154e+00
2.780000000000000000e+03 4.268453654083548088e+01 -1.816101620097695157e+00 1.391257995861317154e+00
2.781000000000000000e+03 4.268453654083548088e+01 -1.816101620097695157e+00 1.391257995861317154e+00
2.782000000000000000e+03 4.268453654083548088e+01 -1.816101620097695157e+00 1.391257995861317154e+00
2.783000000000000000e+03 4.268453654083548088e+01 -1.816101620097695157e+00 1.391257995861317154e+00
2.784000000000000000e+03 4.268453654083548088e+01 -1.816101620097695157e+00 1.391257995861317154e+00
2.785000000000000000e+03 4.268453654083548088e+01 -1.816101620097695157e+00 1.391257995861317154e+00
2.786000000000000000e+03 4.268453654083548088e+01 -1.816101620097695157e+00 1.391257995861317154e+00
2.787000000000000000e+03 4.268453654083548088e+01 -1.816101620097695157e+00 1.391257995861317154e+00
2.788000000000000000e+03 4.268453654083548088e+01 -1.816101620097695157e+00 1.391257995861317154e+00
2.789000000000000000e+03 4.268453654083548088e+01 -1.816101620097695157e+00 1.391257995861317154e+00
2.790000000000000000e+03 4.268453654083548088e+01 -1.816101620097695157e+00 1.391257995861317154e+00
2.791000000000000000e+03 4.268453654083548088e+01 -1.816101620097695157e+00 1.391257995861317154e+00
2.792000000000000000e+03 4.268453654083548088e+01 -1.816101620097695157e+00 1.391257995861317154e+00
2.793000000000000000e+03 4.268453654083548088e+01 -1.816101620097695157e+00 1.391257995861317154e+00
2.794000000000000000e+03 4.268453654083548088e+01 -1.816101620097695157e+00 1.391257995861317154e+00
2.795000000000000000e+03 4.268453654083548088e+01 -1.816101620097695157e+00 1.391257995861317154e+00
2.796000000000000000e+03 4.268453654083548088e+01 -1.816101620097695157e+00 1.391257995861317154e+00
2.797000000000000000e+03 4.268453654083548088e+01 -1.816101620097695157e+00 1.391257995861317154e+00
2.798000000000000000e+03 4.268453654083548088e+01 -1.816101620097695157e+00 1.391257995861317154e+00
2.799000000000000000e+03 4.268453654083548088e+01 -1.816101620097695157e+00 1.391257995861317154e+00
2.800000000000000000e+03 3.497275191684074969e+01 -1.508429386340905287e+00 1.427602101854773986e+00
2.801000000000000000e+03 3.497275191684074969e+01 -1.508429386340905287e+00 1.427602101854773986e+00
2.802000000000000000e+03 3.497275191684074969e+01 -1.508429386340905287e+00 1.427602101854773986e+00
2.803000000000000000e+03 3.497275191684074969e+01 -1.508429386340905287e+00 1.427602101854773986e+00
2.804000000000000000e+03 3.497275191684074969e+01 -1.508429386340905287e+00 1.427602101854773986e+00
2.805000000000000000e+03 3.497275191684074969e+01 -1.508429386340905287e+00 1.427602101854773986e+00
2.806000000000000000e+03 3.497275191684074969e+01 -1.508429386340905287e+00 1.427602101854773986e+00
2.807000000000000000e+03 3.497275191684074969e+01 -1.508429386340905287e+00 1.427602101854773986e+00
2.808000000000000000e+03 3.497275191684074969e+01 -1.508429386340905287e+00 1.427602101854773986e+00
2.809000000000000000e+03 3.497275191684074969e+01 -1.508429386340905287e+00 1.427602101854773986e+00
2.810000000000000000e+03 3.497275191684074969e+01 -1.508429386340905287e+00 1.427602101854773986e+00
2.811000000000000000e+03 3.497275191684074969e+01 -1.508429386340905287e+00 1.427602101854773986e+00
2.812000000000000000e+03 3.497275191684074969e+01 -1.508429386340905287e+00 1.427602101854773986e+00
2.813000000000000000e+03 3.497275191684074969e+01 -1.508429386340905287e+00 1.427602101854773986e+00
2.814000000000000000e+03 3.497275191684074969e+01 -1.508429386340905287e+00 1.427602101854773986e+00
2.815000000000000000e+03 3.497275191684074969e+01 -1.508429386340905287e+00 1.427602101854773986e+00
2.816000000000000000e+03 3.497275191684074969e+01 -1.508429386340905287e+00 1.427602101854773986e+00
2.817000000000000000e+03 3.497275191684074969e+01 -1.508429386340905287e+00 1.427602101854773986e+00
2.818000000000000000e+03 3.497275191684074969e+01 -1.508429386340905287e+00 1.427602101854773986e+00
2.819000000000000000e+03 3.497275191684074969e+01 -1.508429386340905287e+00 1.427602101854773986e+00
2.820000000000000000e+03 3.497275191684074969e+01 -1.508429386340905287e+00 1.427602101854773986e+00
2.821000000000000000e+03 3.497275191684074969e+01 -1.508429386340905287e+00 1.427602101854773986e+00
2.822000000000000000e+03 3.497275191684074969e+01 -1.508429386340905287e+00 1.427602101854773986e+00
2.823000000000000000e+03 3.497275191684074969e+01 -1.508429386340905287e+00 1.427602101854773986e+00
2.824000000000000000e+03 3.497275191684074969e+01 -1.508429386340905287e+00 1.427602101854773986e+00
2.825000000000000000e+03 3.497275191684074969e+01 -1.508429386340905287e+00 1.427602101854773986e+00
2.826000000000000000e+03 3.497275191684074969e+01 -1.508429386340905287e+00 1.427602101854773986e+00
2.827000000000000000e+03 3.497275191684074969e+01 -1.508429386340905287e+00 1.427602101854773986e+00
2.828000000000000000e+03 3.497275191684074969e+01 -1.508429386340905287e+00 1.427602101854773986e+00
2.829000000000000000e+03 3.497275191684074969e+01 -1.508429386340905287e+00 1.427602101854773986e+00
2.830000000000000000e+03 3.497275191684074969e+01 -1.508429386340905287e+00 1.427602101854773986e+00
2.831000000000000000e+03 3.497275191684074969e+01 -1.508429386340905287e+00 1.427602101854773986e+00
2.832000000000000000e+03 3.497275191684074969e+01 -1.508429386340905287e+00 1.427602101854773986e+00
2.833000000000000000e+03 3.497275191684074969e+01 -1.508429386340905287e+00 1.427602101854773986e+00
2.834000000000000000e+03 3.497275191684074969e+01 -1.508429386340905287e+00 1.427602101854773986e+00
2.835000000000000000e+03 3.497275191684074969e+01 -1.508429386340905287e+00 1.427602101854773986e+00
2.836000000000000000e+03 3.497275191684074969e+01 -1.508429386340905287e+00 1.427602101854773986e+00
2.837000000000000000e+03 3.497275191684074969e+01 -1.508429386340905287e+00 1.427602101854773986e+00
2.838000000000000000e+03 3.497275191684074969e+01 -1.508429386340905287e+00 1.427602101854773986e+00
2.839000000000000000e+03 3.497275191684074969e+01 -1.508429386340905287e+00 1.427602101854773986e+00
2.840000000000000000e+03 3.497275191684074969e+01 -1.508429386340905287e+00 1.427602101854773986e+00
2.841000000000000000e+03 3.497275191684074969e+01 -1.508429386340905287e+00 1.427602101854773986e+00
2.842000000000000000e+03 3.497275191684074969e+01 -1.508429386340905287e+00 1.427602101854773986e+00
2.843000000000000000e+03 3.497275191684074969e+01 -1.508429386340905287e+00 1.427602101854773986e+00
2.844000000000000000e+03 3.497275191684074969e+01 -1.508429386340905287e+00 1.427602101854773986e+00
2.845000000000000000e+03 3.497275191684074969e+01 -1.508429386340905287e+00 1.427602101854773986e+00
2.846000000000000000e+03 3.497275191684074969e+01 -1.508429386340905287e+00 1.427602101854773986e+00
2.847000000000000000e+03 3.497275191684074969e+01 -1.508429386340905287e+00 1.427602101854773986e+00
2.848000000000000000e+03 3.497275191684074969e+01 -1.508429386340905287e+00 1.427602101854773986e+00
2.849000000000000000e+03 3.497275191684074969e+01 -1.508429386340905287e+00 1.427602101854773986e+00
2.850000000000000000e+03 3.018458030332065434e+01 -1.750412916566823185e+00 1.362709327617487087e+00
2.851000000000000000e+03 3.018458030332065434e+01 -1.750412916566823185e+00 1.362709327617487087e+00
2.852000000000000000e+03 3.018458030332065434e+01 -1.750412916566823185e+00 1.362709327617487087e+00
2.853000000000000000e+03 3.018458030332065434e+01 -1.750412916566823185e+00 1.362709327617487087e+00
2.854000000000000000e+03 3.018458030332065434e+01 -1.750412916566823185e+00 1.362709327617487087e+00
2.855000000000000000e+03 3.018458030332065434e+01 -1.750412916566823185e+00 1.362709327617487087e+00
2.856000000000000000e+03 3.018458030332065434e+01 -1.750412916566823185e+00 1.362709327617487087e+00
2.857000000000000000e+03 3.018458030332065434e+01 -1.750412916566823185e+00 1.362709327617487087e+00
2.858000000000000000e+03 3.018458030332065434e+01 -1.750412916566823185e+00 1.362709327617487087e+00
2.859000000000000000e+03 3.018458030332065434e+01 -1.750412916566823185e+00 1.362709327617487087e+00
2.860000000000000000e+03 3.018458030332065434e+01 -1.750412916566823185e+00 1.362709327617487087e+00
2.861000000000000000e+03 3.018458030332065434e+01 -1.750412916566823185e+00 1.362709327617487087e+00
2.862000000000000000e+03 3.018458030332065434e+01 -1.750412916566823185e+00 1.362709327617487087e+00
2.863000000000000000e+03 3.018458030332065434e+01 -1.750412916566823185e+00 1.362709327617487087e+00
2.864000000000000000e+03 3.018458030332065434e+01 -1.750412916566823185e+00 1.362709327617487087e+00
2.865000000000000000e+03 3.018458030332065434e+01 -1.750412916566823185e+00 1.362709327617487087e+00
2.866000000000000000e+03 3.018458030332065434e+01 -1.750412916566823185e+00 1.362709327617487087e+00
2.867000000000000000e+03 3.018458030332065434e+01 -1.750412916566823185e+00 1.362709327617487087e+00
2.868000000000000000e+03 3.018458030332065434e+01 -1.750412916566823185e+00 1.362709327617487087e+00
2.869000000000000000e+03 3.018458030332065434e+01 -1.750412916566823185e+00 1.362709327617487087e+00
2.870000000000000000e+03 3.018458030332065434e+01 -1.750412916566823185e+00 1.362709327617487087e+00
2.871000000000000000e+03 3.018458030332065434e+01 -1.750412916566823185e+00 1.362709327617487087e+00
2.872000000000000000e+03 3.018458030332065434e+01 -1.750412916566823185e+00 1.362709327617487087e+00
2.873000000000000000e+03 3.018458030332065434e+01 -1.750412916566823185e+00 1.362709327617487087e+00
2.874000000000000000e+03 3.018458030332065434e+01 -1.750412916566823185e+00 1.362709327617487087e+00
2.875000000000000000e+03 3.018458030332065434e+01 -1.750412916566823185e+00 1.362709327617487087e+00
2.876000000000000000e+03 3.018458030332065434e+01 -1.750412916566823185e+00 1.362709327617487087e+00
2.877000000000000000e+03 3.018458030332065434e+01 -1.750412916566823185e+00 1.362709327617487087e+00
2.878000000000000000e+03 3.018458030332065434e+01 -1.750412916566823185e+00 1.362709327617487087e+00
2.879000000000000000e+03 3.018458030332065434e+01 -1.750412916566823185e+00 1.362709327617487087e+00
2.880000000000000000e+03 3.018458030332065434e+01 -1.750412916566823185e+00 1.362709327617487087e+00
2.881000000000000000e+03 3.018458030332065434e+01 -1.750412916566823185e+00 1.362709327617487087e+00
2.882000000000000000e+03 3.018458030332065434e+01 -1.750412916566823185e+00 1.362709327617487087e+00
2.883000000000000000e+03 3.018458030332065434e+01 -1.750412916566823185e+00 1.362709327617487087e+00
2.884000000000000000e+03 3.018458030332065434e+01 -1.750412916566823185e+00 1.362709327617487087e+00
2.885000000000000000e+03 3.018458030332065434e+01 -1.750412916566823185e+00 1.362709327617487087e+00
2.886000000000000000e+03 3.018458030332065434e+01 -1.750412916566823185e+00 1.362709327617487087e+00
2.887000000000000000e+03 3.018458030332065434e+01 -1.750412916566823185e+00 1.362709327617487087e+00
2.888000000000000000e+03 3.018458030332065434e+01 -1.750412916566823185e+00 1.362709327617487087e+00
2.889000000000000000e+03 3.018458030332065434e+01 -1.750412916566823185e+00 1.362709327617487087e+00
2.890000000000000000e+03 3.018458030332065434e+01 -1.750412916566823185e+00 1.362709327617487087e+00
2.891000000000000000e+03 3.018458030332065434e+01 -1.750412916566823185e+00 1.362709327617487087e+00
2.892000000000000000e+03 3.018458030332065434e+01 -1.750412916566823185e+00 1.362709327617487087e+00
2.893000000000000000e+03 3.018458030332065434e+01 -1.750412916566823185e+00 1.362709327617487087e+00
2.894000000000000000e+03 3.018458030332065434e+01 -1.750412916566823185e+00 1.362709327617487087e+00
2.895000000000000000e+03 3.018458030332065434e+01 -1.750412916566823185e+00 1.362709327617487087e+00
2.896000000000000000e+03 3.018458030332065434e+01 -1.750412916566823185e+00 1.362709327617487087e+00
2.897000000000000000e+03 3.018458030332065434e+01 -1.750412916566823185e+00 1.362709327617487087e+00
2.898000000000000000e+03 3.018458030332065434e+01 -1.750412916566823185e+00 1.362709327617487087e+00
2.899000000000000000e+03 3.018458030332065434e+01 -1.750412916566823185e+00 1.362709327617487087e+00
2.900000000000000000e+03 2.701614858757358917e+01 -1.979719287885432610e+00 1.337349306789709091e+00
2.901000000000000000e+03 2.701614858757358917e+01 -1.979719287885432610e+00 1.337349306789709091e+00
2.902000000000000000e+03 2.701614858757358917e+01 -1.979719287885432610e+00 1.337349306789709091e+00
2.903000000000000000e+03 2.701614858757358917e+01 -1.979719287885432610e+00 1.337349306789709091e+00
2.904000000000000000e+03 2.701614858757358917e+01 -1.979719287885432610e+00 1.337349306789709091e+00
2.905000000000000000e+03 2.701614858757358917e+01 -1.979719287885432610e+00 1.337349306789709091e+00
2.906000000000000000e+03 2.701614858757358917e+01 -1.979719287885432610e+00 1.337349306789709091e+00
2.907000000000000000e+03 2.701614858757358917e+01 -1.979719287885432610e+00 1.337349306789709091e+00
2.908000000000000000e+03 2.701614858757358917e+01 -1.979719287885432610e+00 1.337349306789709091e+00
2.909000000000000000e+03 2.701614858757358917e+01 -1.979719287885432610e+00 1.337349306789709091e+00
2.910000000000000000e+03 2.701614858757358917e+01 -1.979719287885432610e+00 1.337349306789709091e+00
2.911000000000000000e+03 2.701614858757358917e+01 -1.979719287885432610e+00 1.337349306789709091e+00
2.912000000000000000e+03 2.701614858757358917e+01 -1.979719287885432610e+00 1.337349306789709091e+00
2.913000000000000000e+03 2.701614858757358917e+01 -1.979719287885432610e+00 1.337349306789709091e+00
2.914000000000000000e+03 2.701614858757358917e+01 -1.979719287885432610e+00 1.337349306789709091e+00
2.915000000000000000e+03 2.701614858757358917e+01 -1.979719287885432610e+00 1.337349306789709091e+00
2.916000000000000000e+03 2.701614858757358917e+01 -1.979719287885432610e+00 1.337349306789709091e+00
2.917000000000000000e+03 2.701614858757358917e+01 -1.979719287885432610e+00 1.337349306789709091e+00
2.918000000000000000e+03 2.701614858757358917e+01 -1.979719287885432610e+00 1.337349306789709091e+00
2.919000000000000000e+03 2.701614858757358917e+01 -1.979719287885432610e+00 1.337349306789709091e+00
2.920000000000000000e+03 2.701614858757358917e+01 -1.979719287885432610e+00 1.337349306789709091e+00
2.921000000000000000e+03 2.701614858757358917e+01 -1.979719287885432610e+00 1.337349306789709091e+00
2.922000000000000000e+03 2.701614858757358917e+01 -1.979719287885432610e+00 1.337349306789709091e+00
2.923000000000000000e+03 2.701614858757358917e+01 -1.979719287885432610e+00 1.337349306789709091e+00
2.924000000000000000e+03 2.701614858757358917e+01 -1.979719287885432610e+00 1.337349306789709091e+00
2.925000000000000000e+03 2.701614858757358917e+01 -1.979719287885432610e+00 1.337349306789709091e+00
2.926000000000000000e+03 2.701614858757358917e+01 -1.979719287885432610e+00 1.337349306789709091e+00
2.927000000000000000e+03 2.701614858757358917e+01 -1.979719287885432610e+00 1.337349306789709091e+00
2.928000000000000000e+03 2.701614858757358917e+01 -1.979719287885432610e+00 1.337349306789709091e+00
2.929000000000000000e+03 2.701614858757358917e+01 -1.979719287885432610e+00 1.337349306789709091e+00
2.930000000000000000e+03 2.701614858757358917e+01 -1.979719287885432610e+00 1.337349306789709091e+00
2.931000000000000000e+03 2.701614858757358917e+01 -1.979719287885432610e+00 1.337349306789709091e+00
2.932000000000000000e+03 2.701614858757358917e+01 -1.979719287885432610e+00 1.337349306789709091e+00
2.933000000000000000e+03 2.701614858757358917e+01 -1.979719287885432610e+00 1.337349306789709091e+00
2.934000000000000000e+03 2.701614858757358917e+01 -1.979719287885432610e+00 1.337349306789709091e+00
2.935000000000000000e+03 2.701614858757358917e+01 -1.979719287885432610e+00 1.337349306789709091e+00
2.936000000000000000e+03 2.701614858757358917e+01 -1.979719287885432610e+00 1.337349306789709091e+00
2.937000000000000000e+03 2.701614858757358917e+01 -1.979719287885432610e+00 1.337349306789709091e+00
2.938000000000000000e+03 2.701614858757358917e+01 -1.979719287885432610e+00 1.337349306789709091e+00
2.939000000000000000e+03 2.701614858757358917e+01 -1.979719287885432610e+00 1.337349306789709091e+00
2.940000000000000000e+03 2.701614858757358917e+01 -1.979719287885432610e+00 1.337349306789709091e+00
2.941000000000000000e+03 2.701614858757358917e+01 -1.979719287885432610e+00 1.337349306789709091e+00
2.942000000000000000e+03 2.701614858757358917e+01 -1.979719287885432610e+00 1.337349306789709091e+00
2.943000000000000000e+03 2.701614858757358917e+01 -1.979719287885432610e+00 1.337349306789709091e+00
2.944000000000000000e+03 2.701614858757358917e+01 -1.979719287885432610e+00 1.337349306789709091e+00
2.945000000000000000e+03 2.701614858757358917e+01 -1.979719287885432610e+00 1.337349306789709091e+00
2.946000000000000000e+03 2.701614858757358917e+01 -1.979719287885432610e+00 1.337349306789709091e+00
2.947000000000000000e+03 2.701614858757358917e+01 -1.979719287885432610e+00 1.337349306789709091e+00
2.948000000000000000e+03 2.701614858757358917e+01 -1.979719287885432610e+00 1.337349306789709091e+00
2.949000000000000000e+03 2.701614858757358917e+01 -1.979719287885432610e+00 1.337349306789709091e+00
2.950000000000000000e+03 2.627521504654725248e+01 -1.792759130018253488e+00 1.078428360552796006e+00
2.951000000000000000e+03 2.627521504654725248e+01 -1.792759130018253488e+00 1.078428360552796006e+00
2.952000000000000000e+03 2.627521504654725248e+01 -1.792759130018253488e+00 1.078428360552796006e+00
2.953000000000000000e+03 2.627521504654725248e+01 -1.792759130018253488e+00 1.078428360552796006e+00
2.954000000000000000e+03 2.627521504654725248e+01 -1.792759130018253488e+00 1.078428360552796006e+00
2.955000000000000000e+03 2.627521504654725248e+01 -1.792759130018253488e+00 1.078428360552796006e+00
2.956000000000000000e+03 2.627521504654725248e+01 -1.792759130018253488e+00 1.078428360552796006e+00
2.957000000000000000e+03 2.627521504654725248e+01 -1.792759130018253488e+00 1.078428360552796006e+00
2.958000000000000000e+03 2.627521504654725248e+01 -1.792759130018253488e+00 1.078428360552796006e+00
2.959000000000000000e+03 2.627521504654725248e+01 -1.792759130018253488e+00 1.078428360552796006e+00
2.960000000000000000e+03 2.627521504654725248e+01 -1.792759130018253488e+00 1.078428360552796006e+00
2.961000000000000000e+03 2.627521504654725248e+01 -1.792759130018253488e+00 1.078428360552796006e+00
2.962000000000000000e+03 2.627521504654725248e+01 -1.792759130018253488e+00 1.078428360552796006e+00
2.963000000000000000e+03 2.627521504654725248e+01 -1.792759130018253488e+00 1.078428360552796006e+00
2.964000000000000000e+03 2.627521504654725248e+01 -1.792759130018253488e+00 1.078428360552796006e+00
2.965000000000000000e+03 2.627521504654725248e+01 -1.792759130018253488e+00 1.078428360552796006e+00
2.966000000000000000e+03 2.627521504654725248e+01 -1.792759130018253488e+00 1.078428360552796006e+00
2.967000000000000000e+03 2.627521504654725248e+01 -1.792759130018253488e+00 1.078428360552796006e+00
2.968000000000000000e+03 2.627521504654725248e+01 -1.792759130018253488e+00 1.078428360552796006e+00
2.969000000000000000e+03 2.627521504654725248e+01 -1.792759130018253488e+00 1.078428360552796006e+00
2.970000000000000000e+03 2.627521504654725248e+01 -1.792759130018253488e+00 1.078428360552796006e+00
2.971000000000000000e+03 2.627521504654725248e+01 -1.792759130018253488e+00 1.078428360552796006e+00
2.972000000000000000e+03 2.627521504654725248e+01 -1.792759130018253488e+00 1.078428360552796006e+00
2.973000000000000000e+03 2.627521504654725248e+01 -1.792759130018253488e+00 1.078428360552796006e+00
2.974000000000000000e+03 2.627521504654725248e+01 -1.792759130018253488e+00 1.078428360552796006e+00
2.975000000000000000e+03 2.627521504654725248e+01 -1.792759130018253488e+00 1.078428360552796006e+00
2.976000000000000000e+03 2.627521504654725248e+01 -1.792759130018253488e+00 1.078428360552796006e+00
2.977000000000000000e+03 2.627521504654725248e+01 -1.792759130018253488e+00 1.078428360552796006e+00
2.978000000000000000e+03 2.627521504654725248e+01 -1.792759130018253488e+00 1.078428360552796006e+00
2.979000000000000000e+03 2.627521504654725248e+01 -1.792759130018253488e+00 1.078428360552796006e+00
2.980000000000000000e+03 2.627521504654725248e+01 -1.792759130018253488e+00 1.078428360552796006e+00
2.981000000000000000e+03 2.627521504654725248e+01 -1.792759130018253488e+00 1.078428360552796006e+00
2.982000000000000000e+03 2.627521504654725248e+01 -1.792759130018253488e+00 1.078428360552796006e+00
2.983000000000000000e+03 2.627521504654725248e+01 -1.792759130018253488e+00 1.078428360552796006e+00
2.984000000000000000e+03 2.627521504654725248e+01 -1.792759130018253488e+00 1.078428360552796006e+00
2.985000000000000000e+03 2.627521504654725248e+01 -1.792759130018253488e+00 1.078428360552796006e+00
2.986000000000000000e+03 2.627521504654725248e+01 -1.792759130018253488e+00 1.078428360552796006e+00
2.987000000000000000e+03 2.627521504654725248e+01 -1.792759130018253488e+00 1.078428360552796006e+00
2.988000000000000000e+03 2.627521504654725248e+01 -1.792759130018253488e+00 1.078428360552796006e+00
2.989000000000000000e+03 2.627521504654725248e+01 -1.792759130018253488e+00 1.078428360552796006e+00
2.990000000000000000e+03 2.627521504654725248e+01 -1.792759130018253488e+00 1.078428360552796006e+00
2.991000000000000000e+03 2.627521504654725248e+01 -1.792759130018253488e+00 1.078428360552796006e+00
2.992000000000000000e+03 2.627521504654725248e+01 -1.792759130018253488e+00 1.078428360552796006e+00
2.993000000000000000e+03 2.627521504654725248e+01 -1.792759130018253488e+00 1.078428360552796006e+00
2.994000000000000000e+03 2.627521504654725248e+01 -1.792759130018253488e+00 1.078428360552796006e+00
2.995000000000000000e+03 2.627521504654725248e+01 -1.792759130018253488e+00 1.078428360552796006e+00
2.996000000000000000e+03 2.627521504654725248e+01 -1.792759130018253488e+00 1.078428360552796006e+00
2.997000000000000000e+03 2.627521504654725248e+01 -1.792759130018253488e+00 1.078428360552796006e+00
2.998000000000000000e+03 2.627521504654725248e+01 -1.792759130018253488e+00 1.078428360552796006e+00
2.999000000000000000e+03 2.627521504654725248e+01 -1.792759130018253488e+00 1.078428360552796006e+00
3.000000000000000000e+03 2.819790000000000063e+01 -1.491529264212387185e+00 8.925568628967699425e-01
3.001000000000000000e+03 2.815080000000000027e+01 -1.491529264212387185e+00 8.925568628967699425e-01
3.002000000000000000e+03 2.810360000000000014e+01 -1.491529264212387185e+00 8.925568628967699425e-01
3.003000000000000000e+03 2.805620000000000047e+01 -1.491529264212387185e+00 8.925568628967699425e-01
3.004000000000000000e+03 2.800860000000000127e+01 -1.491529264212387185e+00 8.925568628967699425e-01
3.005000000000000000e+03 2.796089999999999876e+01 -1.491529264212387185e+00 8.925568628967699425e-01
3.006000000000000000e+03 2.791300000000000026e+01 -1.491529264212387185e+00 8.925568628967699425e-01
3.007000000000000000e+03 2.786479999999999890e+01 -1.491529264212387185e+00 8.925568628967699425e-01
3.008000000000000000e+03 2.781650000000000134e+01 -1.491529264212387185e+00 8.925568628967699425e-01
3.009000000000000000e+03 2.776810000000000045e+01 -1.491529264212387185e+00 8.925568628967699425e-01
3.010000000000000000e+03 2.771940000000000026e+01 -1.491529264212387185e+00 8.925568628967699425e-01
3.011000000000000000e+03 2.767060000000000031e+01 -1.491529264212387185e+00 8.925568628967699425e-01
3.012000000000000000e+03 2.762150000000000105e+01 -1.491529264212387185e+00 8.925568628967699425e-01
3.013000000000000000e+03 2.757229999999999848e+01 -1.491529264212387185e+00 8.925568628967699425e-01
3.014000000000000000e+03 2.752289999999999992e+01 -1.491529264212387185e+00 8.925568628967699425e-01
3.015000000000000000e+03 2.747340000000000160e+01 -1.491529264212387185e+00 8.925568628967699425e-01
3.016000000000000000e+03 2.742360000000000042e+01 -1.491529264212387185e+00 8.925568628967699425e-01
3.017000000000000000e+03 2.737359999999999971e+01 -1.491529264212387185e+00 8.925568628967699425e-01
3.018000000000000000e+03 2.732349999999999923e+01 -1.491529264212387185e+00 8.925568628967699425e-01
3.019000000000000000e+03 2.727319999999999922e+01 -1.491529264212387185e+00 8.925568628967699425e-01
3.020000000000000000e+03 2.722259999999999991e+01 -1.491529264212387185e+00 8.925568628967699425e-01
3.021000000000000000e+03 2.717190000000000083e+01 -1.491529264212387185e+00 8.925568628967699425e-01
3.022000000000000000e+03 2.712099999999999866e+01 -1.491529264212387185e+00 8.925568628967699425e-01
3.023000000000000000e+03 2.707000000000000028e+01 -1.491529264212387185e+00 8.925568628967699425e-01
3.024000000000000000e+03 2.701869999999999905e+01 -1.491529264212387185e+00 8.925568628967699425e-01
3.025000000000000000e+03 2.696730000000000160e+01 -1.491529264212387185e+00 8.925568628967699425e-01
3.026000000000000000e+03 2.691560000000000130e+01 -1.491529264212387185e+00 8.925568628967699425e-01
3.027000000000000000e+03 2.686380000000000123e+01 -1.491529264212387185e+00 8.925568628967699425e-01
3.028000000000000000e+03 2.681190000000000140e+01 -1.491529264212387185e+00 8.925568628967699425e-01
3.029000000000000000e+03 2.675969999999999871e+01 -1.491529264212387185e+00 8.925568628967699425e-01
3.030000000000000000e+03 2.670739999999999981e+01 -1.491529264212387185e+00 8.925568628967699425e-01
3.031000000000000000e+03 2.665490000000000137e+01 -1.491529264212387185e+00 8.925568628967699425e-01
3.032000000000000000e+03 2.660219999999999985e+01 -1.491529264212387185e+00 8.925568628967699425e-01
3.033000000000000000e+03 2.654929999999999879e+01 -1.491529264212387185e+00 8.925568628967699425e-01
3.034000000000000000e+03 2.649630000000000152e+01 -1.491529264212387185e+00 8.925568628967699425e-01
3.035000000000000000e+03 2.644310000000000116e+01 -1.491529264212387185e+00 8.925568628967699425e-01
3.036000000000000000e+03 2.638980000000000103e+01 -1.491529264212387185e+00 8.925568628967699425e-01
3.037000000000000000e+03 2.633630000000000138e+01 -1.491529264212387185e+00 8.925568628967699425e-01
3.038000000000000000e+03 2.628259999999999863e+01 -1.491529264212387185e+00 8.925568628967699425e-01
3.039000000000000000e+03 2.622879999999999967e+01 -1.491529264212387185e+00 8.925568628967699425e-01
3.040000000000000000e+03 2.617480000000000118e+01 -1.491529264212387185e+00 8.925568628967699425e-01
3.041000000000000000e+03 2.612069999999999936e+01 -1.491529264212387185e+00 8.925568628967699425e-01
3.042000000000000000e+03 2.606640000000000157e+01 -1.491529264212387185e+00 8.925568628967699425e-01
3.043000000000000000e+03 2.601200000000000045e+01 -1.491529264212387185e+00 8.925568628967699425e-01
3.044000000000000000e+03 2.595739999999999981e+01 -1.491529264212387185e+00 8.925568628967699425e-01
3.045000000000000000e+03 2.590269999999999939e+01 -1.491529264212387185e+00 8.925568628967699425e-01
3.046000000000000000e+03 2.584789999999999921e+01 -1.491529264212387185e+00 8.925568628967699425e-01
3.047000000000000000e+03 2.579289999999999949e+01 -1.491529264212387185e+00 8.925568628967699425e-01
3.048000000000000000e+03 2.573780000000000001e+01 -1.491529264212387185e+00 8.925568628967699425e-01
3.049000000000000000e+03 2.568250000000000099e+01 -1.491529264212387185e+00 8.925568628967699425e-01
3.050000000000000000e+03 2.562719999999999843e+01 -1.261691632455202550e+00 7.967352274730812312e-01
3.051000000000000000e+03 2.557169999999999987e+01 -1.261691632455202550e+00 7.967352274730812312e-01
3.052000000000000000e+03 2.551610000000000156e+01 -1.261691632455202550e+00 7.967352274730812312e-01
3.053000000000000000e+03 2.546039999999999992e+01 -1.261691632455202550e+00 7.967352274730812312e-01
3.054000000000000000e+03 2.540459999999999852e+01 -1.261691632455202550e+00 7.967352274730812312e-01
3.055000000000000000e+03 2.534870000000000090e+01 -1.261691632455202550e+00 7.967352274730812312e-01
3.056000000000000000e+03 2.529269999999999996e+01 -1.261691632455202550e+00 7.967352274730812312e-01
3.057000000000000000e+03 2.523659999999999926e+01 -1.261691632455202550e+00 7.967352274730812312e-01
3.058000000000000000e+03 2.518039999999999878e+01 -1.261691632455202550e+00 7.967352274730812312e-01
3.059000000000000000e+03 2.512409999999999854e+01 -1.261691632455202550e+00 7.967352274730812312e-01
3.060000000000000000e+03 2.506769999999999854e+01 -1.261691632455202550e+00 7.967352274730812312e-01
3.061000000000000000e+03 2.501129999999999853e+01 -1.261691632455202550e+00 7.967352274730812312e-01
3.062000000000000000e+03 2.495479999999999876e+01 -1.261691632455202550e+00 7.967352274730812312e-01
3.063000000000000000e+03 2.489819999999999922e+01 -1.261691632455202550e+00 7.967352274730812312e-01
3.064000000000000000e+03 2.484149999999999991e+01 -1.261691632455202550e+00 7.967352274730812312e-01
3.065000000000000000e+03 2.478480000000000061e+01 -1.261691632455202550e+00 7.967352274730812312e-01
3.066000000000000000e+03 2.472800000000000153e+01 -1.261691632455202550e+00 7.967352274730812312e-01
3.067000000000000000e+03 2.467109999999999914e+01 -1.261691632455202550e+00 7.967352274730812312e-01
3.068000000000000000e+03 2.461430000000000007e+01 -1.261691632455202550e+00 7.967352274730812312e-01
3.069000000000000000e+03 2.455730000000000146e+01 -1.261691632455202550e+00 7.967352274730812312e-01
3.070000000000000000e+03 2.450029999999999930e+01 -1.261691632455202550e+00 7.967352274730812312e-01
3.071000000000000000e+03 2.444330000000000069e+01 -1.261691632455202550e+00 7.967352274730812312e-01
3.072000000000000000e+03 2.438629999999999853e+01 -1.261691632455202550e+00 7.967352274730812312e-01
3.073000000000000000e+03 2.432920000000000016e+01 -1.261691632455202550e+00 7.967352274730812312e-01
3.074000000000000000e+03 2.427209999999999823e+01 -1.261691632455202550e+00 7.967352274730812312e-01
3.075000000000000000e+03 2.421499999999999986e+01 -1.261691632455202550e+00 7.967352274730812312e-01
3.076000000000000000e+03 2.415790000000000148e+01 -1.261691632455202550e+00 7.967352274730812312e-01
3.077000000000000000e+03 2.410079999999999956e+01 -1.261691632455202550e+00 7.967352274730812312e-01
3.078000000000000000e+03 2.404360000000000142e+01 -1.261691632455202550e+00 7.967352274730812312e-01
3.079000000000000000e+03 2.398649999999999949e+01 -1.261691632455202550e+00 7.967352274730812312e-01
3.080000000000000000e+03 2.392940000000000111e+01 -1.261691632455202550e+00 7.967352274730812312e-01
3.081000000000000000e+03 2.387229999999999919e+01 -1.261691632455202550e+00 7.967352274730812312e-01
3.082000000000000000e+03 2.381520000000000081e+01 -1.261691632455202550e+00 7.967352274730812312e-01
3.083000000000000000e+03 2.375809999999999889e+01 -1.261691632455202550e+00 7.967352274730812312e-01
3.084000000000000000e+03 2.370100000000000051e+01 -1.261691632455202550e+00 7.967352274730812312e-01
3.085000000000000000e+03 2.364399999999999835e+01 -1.261691632455202550e+00 7.967352274730812312e-01
3.086000000000000000e+03 2.358699999999999974e+01 -1.261691632455202550e+00 7.967352274730812312e-01
3.087000000000000000e+03 2.353010000000000090e+01 -1.261691632455202550e+00 7.967352274730812312e-01
3.088000000000000000e+03 2.347319999999999851e+01 -1.261691632455202550e+00 7.967352274730812312e-01
3.089000000000000000e+03 2.341629999999999967e+01 -1.261691632455202550e+00 7.967352274730812312e-01
3.090000000000000000e+03 2.335950000000000060e+01 -1.261691632455202550e+00 7.967352274730812312e-01
3.091000000000000000e+03 2.330280000000000129e+01 -1.261691632455202550e+00 7.967352274730812312e-01
3.092000000000000000e+03 2.324609999999999843e+01 -1.261691632455202550e+00 7.967352274730812312e-01
3.093000000000000000e+03 2.318949999999999889e+01 -1.261691632455202550e+00 7.967352274730812312e-01
3.094000000000000000e+03 2.313289999999999935e+01 -1.261691632455202550e+00 7.967352274730812312e-01
3.095000000000000000e+03 2.307649999999999935e+01 -1.261691632455202550e+00 7.967352274730812312e-01
3.096000000000000000e+03 2.302009999999999934e+01 -1.261691632455202550e+00 7.967352274730812312e-01
3.097000000000000000e+03 2.296379999999999910e+01 -1.261691632455202550e+00 7.967352274730812312e-01
3.098000000000000000e+03 2.290759999999999863e+01 -1.261691632455202550e+00 7.967352274730812312e-01
3.099000000000000000e+03 2.285150000000000148e+01 -1.261691632455202550e+00 7.967352274730812312e-01
3.100000000000000000e+03 2.279550000000000054e+01 -1.116583404637438548e+00 6.930307937080225633e-01
3.101000000000000000e+03 2.273959999999999937e+01 -1.116583404637438548e+00 6.930307937080225633e-01
3.102000000000000000e+03 2.268380000000000152e+01 -1.116583404637438548e+00 6.930307937080225633e-01
3.103000000000000000e+03 2.262809999999999988e+01 -1.116583404637438548e+00 6.930307937080225633e-01
3.104000000000000000e+03 2.257260000000000133e+01 -1.116583404637438548e+00 6.930307937080225633e-01
3.105000000000000000e+03 2.251709999999999923e+01 -1.116583404637438548e+00 6.930307937080225633e-01
3.106000000000000000e+03 2.246180000000000021e+01 -1.116583404637438548e+00 6.930307937080225633e-01
3.107000000000000000e+03 2.240670000000000073e+01 -1.116583404637438548e+00 6.930307937080225633e-01
3.108000000000000000e+03 2.235160000000000124e+01 -1.116583404637438548e+00 6.930307937080225633e-01
3.109000000000000000e+03 2.229670000000000130e+01 -1.116583404637438548e+00 6.930307937080225633e-01
3.110000000000000000e+03 2.224190000000000111e+01 -1.116583404637438548e+00 6.930307937080225633e-01
3.111000000000000000e+03 2.218730000000000047e+01 -1.116583404637438548e+00 6.930307937080225633e-01
3.112000000000000000e+03 2.213279999999999959e+01 -1.116583404637438548e+00 6.930307937080225633e-01
3.113000000000000000e+03 2.207849999999999824e+01 -1.116583404637438548e+00 6.930307937080225633e-01
3.114000000000000000e+03 2.202439999999999998e+01 -1.116583404637438548e+00 6.930307937080225633e-01
3.115000000000000000e+03 2.197040000000000148e+01 -1.116583404637438548e+00 6.930307937080225633e-01
3.116000000000000000e+03 2.191649999999999920e+01 -1.116583404637438548e+00 6.930307937080225633e-01
3.117000000000000000e+03 2.186289999999999978e+01 -1.116583404637438548e+00 6.930307937080225633e-01
3.118000000000000000e+03 2.180940000000000012e+01 -1.116583404637438548e+00 6.930307937080225633e-01
3.119000000000000000e+03 2.175609999999999999e+01 -1.116583404637438548e+00 6.930307937080225633e-01
3.120000000000000000e+03 2.170289999999999964e+01 -1.116583404637438548e+00 6.930307937080225633e-01
3.121000000000000000e+03 2.164999999999999858e+01 -1.116583404637438548e+00 6.930307937080225633e-01
3.122000000000000000e+03 2.159720000000000084e+01 -1.116583404637438548e+00 6.930307937080225633e-01
3.123000000000000000e+03 2.154469999999999885e+01 -1.116583404637438548e+00 6.930307937080225633e-01
3.124000000000000000e+03 2.149230000000000018e+01 -1.116583404637438548e+00 6.930307937080225633e-01
3.125000000000000000e+03 2.144010000000000105e+01 -1.116583404637438548e+00 6.930307937080225633e-01
3.126000000000000000e+03 2.138810000000000144e+01 -1.116583404637438548e+00 6.930307937080225633e-01
3.127000000000000000e+03 2.133640000000000114e+01 -1.116583404637438548e+00 6.930307937080225633e-01
3.128000000000000000e+03 2.128480000000000061e+01 -1.116583404637438548e+00 6.930307937080225633e-01
3.129000000000000000e+03 2.123339999999999961e+01 -1.116583404637438548e+00 6.930307937080225633e-01
3.130000000000000000e+03 2.118230000000000146e+01 -1.116583404637438548e+00 6.930307937080225633e-01
3.131000000000000000e+03 2.113129999999999953e+01 -1.116583404637438548e+00 6.930307937080225633e-01
3.132000000000000000e+03 2.108060000000000045e+01 -1.116583404637438548e+00 6.930307937080225633e-01
3.133000000000000000e+03 2.103010000000000090e+01 -1.116583404637438548e+00 6.930307937080225633e-01
3.134000000000000000e+03 2.097980000000000089e+01 -1.116583404637438548e+00 6.930307937080225633e-01
3.135000000000000000e+03 2.092980000000000018e+01 -1.116583404637438548e+00 6.930307937080225633e-01
3.136000000000000000e+03 2.087989999999999924e+01 -1.116583404637438548e+00 6.930307937080225633e-01
3.137000000000000000e+03 2.083030000000000115e+01 -1.116583404637438548e+00 6.930307937080225633e-01
3.138000000000000000e+03 2.078099999999999881e+01 -1.116583404637438548e+00 6.930307937080225633e-01
3.139000000000000000e+03 2.073179999999999978e+01 -1.116583404637438548e+00 6.930307937080225633e-01
3.140000000000000000e+03 2.068290000000000006e+01 -1.116583404637438548e+00 6.930307937080225633e-01
3.141000000000000000e+03 2.063419999999999987e+01 -1.116583404637438548e+00 6.930307937080225633e-01
3.142000000000000000e+03 2.058579999999999899e+01 -1.116583404637438548e+00 6.930307937080225633e-01
3.143000000000000000e+03 2.053760000000000119e+01 -1.116583404637438548e+00 6.930307937080225633e-01
3.144000000000000000e+03 2.048969999999999914e+01 -1.116583404637438548e+00 6.930307937080225633e-01
3.145000000000000000e+03 2.044200000000000017e+01 -1.116583404637438548e+00 6.930307937080225633e-01
3.146000000000000000e+03 2.039450000000000074e+01 -1.116583404637438548e+00 6.930307937080225633e-01
3.147000000000000000e+03 2.034730000000000061e+01 -1.116583404637438548e+00 6.930307937080225633e-01
3.148000000000000000e+03 2.030039999999999978e+01 -1.116583404637438548e+00 6.930307937080225633e-01
3.149000000000000000e+03 2.025369999999999848e+01 -1.116583404637438548e+00 6.930307937080225633e-01
3.150000000000000000e+03 2.020720000000000027e+01 -9.053473812566720236e-01 6.428239675304262546e-01
3.151000000000000000e+03 2.016100000000000136e+01 -9.053473812566720236e-01 6.428239675304262546e-01
3.152000000000000000e+03 2.011499999999999844e+01 -9.053473812566720236e-01 6.428239675304262546e-01
3.153000000000000000e+03 2.006929999999999836e+01 -9.053473812566720236e-01 6.428239675304262546e-01
3.154000000000000000e+03 2.002390000000000114e+01 -9.053473812566720236e-01 6.428239675304262546e-01
3.155000000000000000e+03 1.997869999999999990e+01 -9.053473812566720236e-01 6.428239675304262546e-01
3.156000000000000000e+03 1.993380000000000152e+01 -9.053473812566720236e-01 6.428239675304262546e-01
3.157000000000000000e+03 1.988909999999999911e+01 -9.053473812566720236e-01 6.428239675304262546e-01
3.158000000000000000e+03 1.984469999999999956e+01 -9.053473812566720236e-01 6.428239675304262546e-01
3.159000000000000000e+03 1.980049999999999955e+01 -9.053473812566720236e-01 6.428239675304262546e-01
3.160000000000000000e+03 1.975659999999999883e+01 -9.053473812566720236e-01 6.428239675304262546e-01
3.161000000000000000e+03 1.971300000000000097e+01 -9.053473812566720236e-01 6.428239675304262546e-01
3.162000000000000000e+03 1.966959999999999908e+01 -9.053473812566720236e-01 6.428239675304262546e-01
3.163000000000000000e+03 1.962650000000000006e+01 -9.053473812566720236e-01 6.428239675304262546e-01
3.164000000000000000e+03 1.958370000000000033e+01 -9.053473812566720236e-01 6.428239675304262546e-01
3.165000000000000000e+03 1.954110000000000014e+01 -9.053473812566720236e-01 6.428239675304262546e-01
3.166000000000000000e+03 1.949869999999999948e+01 -9.053473812566720236e-01 6.428239675304262546e-01
3.167000000000000000e+03 1.945670000000000144e+01 -9.053473812566720236e-01 6.428239675304262546e-01
3.168000000000000000e+03 1.941479999999999961e+01 -9.053473812566720236e-01 6.428239675304262546e-01
3.169000000000000000e+03 1.937330000000000041e+01 -9.053473812566720236e-01 6.428239675304262546e-01
3.170000000000000000e+03 1.933200000000000074e+01 -9.053473812566720236e-01 6.428239675304262546e-01
3.171000000000000000e+03 1.929090000000000060e+01 -9.053473812566720236e-01 6.428239675304262546e-01
3.172000000000000000e+03 1.925019999999999953e+01 -9.053473812566720236e-01 6.428239675304262546e-01
3.173000000000000000e+03 1.920959999999999823e+01 -9.053473812566720236e-01 6.428239675304262546e-01
3.174000000000000000e+03 1.916939999999999955e+01 -9.053473812566720236e-01 6.428239675304262546e-01
3.175000000000000000e+03 1.912930000000000064e+01 -9.053473812566720236e-01 6.428239675304262546e-01
3.176000000000000000e+03 1.908960000000000079e+01 -9.053473812566720236e-01 6.428239675304262546e-01
3.177000000000000000e+03 1.905010000000000048e+01 -9.053473812566720236e-01 6.428239675304262546e-01
3.178000000000000000e+03 1.901079999999999970e+01 -9.053473812566720236e-01 6.428239675304262546e-01
3.179000000000000000e+03 1.897180000000000177e+01 -9.053473812566720236e-01 6.428239675304262546e-01
3.180000000000000000e+03 1.893309999999999960e+01 -9.053473812566720236e-01 6.428239675304262546e-01
3.181000000000000000e+03 1.889460000000000051e+01 -9.053473812566720236e-01 6.428239675304262546e-01
3.182000000000000000e+03 1.885640000000000072e+01 -9.053473812566720236e-01 6.428239675304262546e-01
3.183000000000000000e+03 1.881830000000000069e+01 -9.053473812566720236e-01 6.428239675304262546e-01
3.184000000000000000e+03 1.878059999999999974e+01 -9.053473812566720236e-01 6.428239675304262546e-01
3.185000000000000000e+03 1.874309999999999832e+01 -9.053473812566720236e-01 6.428239675304262546e-01
3.186000000000000000e+03 1.870579999999999998e+01 -9.053473812566720236e-01 6.428239675304262546e-01
3.187000000000000000e+03 1.866880000000000095e+01 -9.053473812566720236e-01 6.428239675304262546e-01
3.188000000000000000e+03 1.863200000000000145e+01 -9.053473812566720236e-01 6.428239675304262546e-01
3.189000000000000000e+03 1.859550000000000125e+01 -9.053473812566720236e-01 6.428239675304262546e-01
3.190000000000000000e+03 1.855920000000000059e+01 -9.053473812566720236e-01 6.428239675304262546e-01
3.191000000000000000e+03 1.852309999999999945e+01 -9.053473812566720236e-01 6.428239675304262546e-01
3.192000000000000000e+03 1.848730000000000118e+01 -9.053473812566720236e-01 6.428239675304262546e-01
3.193000000000000000e+03 1.845159999999999911e+01 -9.053473812566720236e-01 6.428239675304262546e-01
3.194000000000000000e+03 1.841629999999999967e+01 -9.053473812566720236e-01 6.428239675304262546e-01
3.195000000000000000e+03 1.838109999999999999e+01 -9.053473812566720236e-01 6.428239675304262546e-01
3.196000000000000000e+03 1.834619999999999962e+01 -9.053473812566720236e-01 6.428239675304262546e-01
3.197000000000000000e+03 1.831149999999999878e+01 -9.053473812566720236e-01 6.428239675304262546e-01
3.198000000000000000e+03 1.827700000000000102e+01 -9.053473812566720236e-01 6.428239675304262546e-01
3.199000000000000000e+03 1.824269999999999925e+01 -9.053473812566720236e-01 6.428239675304262546e-01
3.200000000000000000e+03 1.820870000000000033e+01 -1.137150919519475112e+00 6.686549225854394596e-01
3.201000000000000000e+03 1.817480000000000118e+01 -1.137150919519475112e+00 6.686549225854394596e-01
3.202000000000000000e+03 1.814120000000000132e+01 -1.137150919519475112e+00 6.686549225854394596e-01
3.203000000000000000e+03 1.810780000000000101e+01 -1.137150919519475112e+00 6.686549225854394596e-01
3.204000000000000000e+03 1.807460000000000022e+01 -1.137150919519475112e+00 6.686549225854394596e-01
3.205000000000000000e+03 1.804159999999999897e+01 -1.137150919519475112e+00 6.686549225854394596e-01
3.206000000000000000e+03 1.800880000000000081e+01 -1.137150919519475112e+00 6.686549225854394596e-01
3.207000000000000000e+03 1.797619999999999862e+01 -1.137150919519475112e+00 6.686549225854394596e-01
3.208000000000000000e+03 1.794379999999999953e+01 -1.137150919519475112e+00 6.686549225854394596e-01
3.209000000000000000e+03 1.791150000000000020e+01 -1.137150919519475112e+00 6.686549225854394596e-01
3.210000000000000000e+03 1.787950000000000017e+01 -1.137150919519475112e+00 6.686549225854394596e-01
3.211000000000000000e+03 1.784769999999999968e+01 -1.137150919519475112e+00 6.686549225854394596e-01
3.212000000000000000e+03 1.781599999999999895e+01 -1.137150919519475112e+00 6.686549225854394596e-01
3.213000000000000000e+03 1.778460000000000107e+01 -1.137150919519475112e+00 6.686549225854394596e-01
3.214000000000000000e+03 1.775329999999999941e+01 -1.137150919519475112e+00 6.686549225854394596e-01
3.215000000000000000e+03 1.772220000000000084e+01 -1.137150919519475112e+00 6.686549225854394596e-01
3.216000000000000000e+03 1.769119999999999848e+01 -1.137150919519475112e+00 6.686549225854394596e-01
3.217000000000000000e+03 1.766039999999999921e+01 -1.137150919519475112e+00 6.686549225854394596e-01
3.218000000000000000e+03 1.762979999999999947e+01 -1.137150919519475112e+00 6.686549225854394596e-01
3.219000000000000000e+03 1.759939999999999927e+01 -1.137150919519475112e+00 6.686549225854394596e-01
3.220000000000000000e+03 1.756909999999999883e+01 -1.137150919519475112e+00 6.686549225854394596e-01
3.221000000000000000e+03 1.753900000000000148e+01 -1.137150919519475112e+00 6.686549225854394596e-01
3.222000000000000000e+03 1.750900000000000034e+01 -1.137150919519475112e+00 6.686549225854394596e-01
3.223000000000000000e+03 1.747919999999999874e+01 -1.137150919519475112e+00 6.686549225854394596e-01
3.224000000000000000e+03 1.744960000000000022e+01 -1.137150919519475112e+00 6.686549225854394596e-01
3.225000000000000000e+03 1.742010000000000147e+01 -1.137150919519475112e+00 6.686549225854394596e-01
3.226000000000000000e+03 1.739069999999999894e+01 -1.137150919519475112e+00 6.686549225854394596e-01
3.227000000000000000e+03 1.736149999999999949e+01 -1.137150919519475112e+00 6.686549225854394596e-01
3.228000000000000000e+03 1.733239999999999981e+01 -1.137150919519475112e+00 6.686549225854394596e-01
3.229000000000000000e+03 1.730339999999999989e+01 -1.137150919519475112e+00 6.686549225854394596e-01
3.230000000000000000e+03 1.727459999999999951e+01 -1.137150919519475112e+00 6.686549225854394596e-01
3.231000000000000000e+03 1.724589999999999890e+01 -1.137150919519475112e+00 6.686549225854394596e-01
3.232000000000000000e+03 1.721730000000000160e+01 -1.137150919519475112e+00 6.686549225854394596e-01
3.233000000000000000e+03 1.718880000000000052e+01 -1.137150919519475112e+00 6.686549225854394596e-01
3.234000000000000000e+03 1.716049999999999898e+01 -1.137150919519475112e+00 6.686549225854394596e-01
3.235000000000000000e+03 1.713230000000000075e+01 -1.137150919519475112e+00 6.686549225854394596e-01
3.236000000000000000e+03 1.710419999999999874e+01 -1.137150919519475112e+00 6.686549225854394596e-01
3.237000000000000000e+03 1.707610000000000028e+01 -1.137150919519475112e+00 6.686549225854394596e-01
3.238000000000000000e+03 1.704830000000000112e+01 -1.137150919519475112e+00 6.686549225854394596e-01
3.239000000000000000e+03 1.702039999999999864e+01 -1.137150919519475112e+00 6.686549225854394596e-01
3.240000000000000000e+03 1.699279999999999902e+01 -1.137150919519475112e+00 6.686549225854394596e-01
3.241000000000000000e+03 1.696509999999999962e+01 -1.137150919519475112e+00 6.686549225854394596e-01
3.242000000000000000e+03 1.693759999999999977e+01 -1.137150919519475112e+00 6.686549225854394596e-01
3.243000000000000000e+03 1.691019999999999968e+01 -1.137150919519475112e+00 6.686549225854394596e-01
3.244000000000000000e+03 1.688289999999999935e+01 -1.137150919519475112e+00 6.686549225854394596e-01
3.245000000000000000e+03 1.685559999999999903e+01 -1.137150919519475112e+00 6.686549225854394596e-01
3.246000000000000000e+03 1.682839999999999847e+01 -1.137150919519475112e+00 6.686549225854394596e-01
3.247000000000000000e+03 1.680130000000000123e+01 -1.137150919519475112e+00 6.686549225854394596e-01
3.248000000000000000e+03 1.677430000000000021e+01 -1.137150919519475112e+00 6.686549225854394596e-01
3.249000000000000000e+03 1.674739999999999895e+01 -1.137150919519475112e+00 6.686549225854394596e-01
3.250000000000000000e+03 1.672050000000000125e+01 -9.574551618826826482e-01 5.656040599362799348e-01
3.251000000000000000e+03 1.669359999999999999e+01 -9.574551618826826482e-01 5.656040599362799348e-01
3.252000000000000000e+03 1.666689999999999827e+01 -9.574551618826826482e-01 5.656040599362799348e-01
3.253000000000000000e+03 1.664020000000000010e+01 -9.574551618826826482e-01 5.656040599362799348e-01
3.254000000000000000e+03 1.661349999999999838e+01 -9.574551618826826482e-01 5.656040599362799348e-01
3.255000000000000000e+03 1.658689999999999998e+01 -9.574551618826826482e-01 5.656040599362799348e-01
3.256000000000000000e+03 1.656040000000000134e+01 -9.574551618826826482e-01 5.656040599362799348e-01
3.257000000000000000e+03 1.653379999999999939e+01 -9.574551618826826482e-01 5.656040599362799348e-01
3.258000000000000000e+03 1.650740000000000052e+01 -9.574551618826826482e-01 5.656040599362799348e-01
3.259000000000000000e+03 1.648100000000000165e+01 -9.574551618826826482e-01 5.656040599362799348e-01
3.260000000000000000e+03 1.645459999999999923e+01 -9.574551618826826482e-01 5.656040599362799348e-01
3.261000000000000000e+03 1.642820000000000036e+01 -9.574551618826826482e-01 5.656040599362799348e-01
3.262000000000000000e+03 1.640190000000000126e+01 -9.574551618826826482e-01 5.656040599362799348e-01
3.263000000000000000e+03 1.637559999999999860e+01 -9.574551618826826482e-01 5.656040599362799348e-01
3.264000000000000000e+03 1.634929999999999950e+01 -9.574551618826826482e-01 5.656040599362799348e-01
3.265000000000000000e+03 1.632300000000000040e+01 -9.574551618826826482e-01 5.656040599362799348e-01
3.266000000000000000e+03 1.629680000000000106e+01 -9.574551618826826482e-01 5.656040599362799348e-01
3.267000000000000000e+03 1.627060000000000173e+01 -9.574551618826826482e-01 5.656040599362799348e-01
3.268000000000000000e+03 1.624439999999999884e+01 -9.574551618826826482e-01 5.656040599362799348e-01
3.269000000000000000e+03 1.621819999999999951e+01 -9.574551618826826482e-01 5.656040599362799348e-01
3.270000000000000000e+03 1.619200000000000017e+01 -9.574551618826826482e-01 5.656040599362799348e-01
3.271000000000000000e+03 1.616580000000000084e+01 -9.574551618826826482e-01 5.656040599362799348e-01
3.272000000000000000e+03 1.613960000000000150e+01 -9.574551618826826482e-01 5.656040599362799348e-01
3.273000000000000000e+03 1.611339999999999861e+01 -9.574551618826826482e-01 5.656040599362799348e-01
3.274000000000000000e+03 1.608729999999999905e+01 -9.574551618826826482e-01 5.656040599362799348e-01
3.275000000000000000e+03 1.606109999999999971e+01 -9.574551618826826482e-01 5.656040599362799348e-01
3.276000000000000000e+03 1.603490000000000038e+01 -9.574551618826826482e-01 5.656040599362799348e-01
3.277000000000000000e+03 1.600870000000000104e+01 -9.574551618826826482e-01 5.656040599362799348e-01
3.278000000000000000e+03 1.598249999999999993e+01 -9.574551618826826482e-01 5.656040599362799348e-01
3.279000000000000000e+03 1.595620000000000083e+01 -9.574551618826826482e-01 5.656040599362799348e-01
3.280000000000000000e+03 1.592999999999999972e+01 -9.574551618826826482e-01 5.656040599362799348e-01
3.281000000000000000e+03 1.590370000000000061e+01 -9.574551618826826482e-01 5.656040599362799348e-01
3.282000000000000000e+03 1.587749999999999950e+01 -9.574551618826826482e-01 5.656040599362799348e-01
3.283000000000000000e+03 1.585120000000000040e+01 -9.574551618826826482e-01 5.656040599362799348e-01
3.284000000000000000e+03 1.582479999999999976e+01 -9.574551618826826482e-01 5.656040599362799348e-01
3.285000000000000000e+03 1.579850000000000065e+01 -9.574551618826826482e-01 5.656040599362799348e-01
3.286000000000000000e+03 1.577210000000000001e+01 -9.574551618826826482e-01 5.656040599362799348e-01
3.287000000000000000e+03 1.574569999999999936e+01 -9.574551618826826482e-01 5.656040599362799348e-01
3.288000000000000000e+03 1.571930000000000049e+01 -9.574551618826826482e-01 5.656040599362799348e-01
3.289000000000000000e+03 1.569280000000000008e+01 -9.574551618826826482e-01 5.656040599362799348e-01
3.290000000000000000e+03 1.566629999999999967e+01 -9.574551618826826482e-01 5.656040599362799348e-01
3.291000000000000000e+03 1.563969999999999949e+01 -9.574551618826826482e-01 5.656040599362799348e-01
3.292000000000000000e+03 1.561309999999999931e+01 -9.574551618826826482e-01 5.656040599362799348e-01
3.293000000000000000e+03 1.558649999999999913e+01 -9.574551618826826482e-01 5.656040599362799348e-01
3.294000000000000000e+03 1.555979999999999919e+01 -9.574551618826826482e-01 5.656040599362799348e-01
3.295000000000000000e+03 1.553309999999999924e+01 -9.574551618826826482e-01 5.656040599362799348e-01
3.296000000000000000e+03 1.550639999999999930e+01 -9.574551618826826482e-01 5.656040599362799348e-01
3.297000000000000000e+03 1.547959999999999958e+01 -9.574551618826826482e-01 5.656040599362799348e-01
3.298000000000000000e+03 1.545270000000000010e+01 -9.574551618826826482e-01 5.656040599362799348e-01
3.299000000000000000e+03 1.542580000000000062e+01 -9.574551618826826482e-01 5.656040599362799348e-01
3.300000000000000000e+03 1.539879999999999960e+01 -9.705601103752040659e-01 5.913612047682015316e-01
3.301000000000000000e+03 1.537180000000000035e+01 -9.705601103752040659e-01 5.913612047682015316e-01
3.302000000000000000e+03 1.534479999999999933e+01 -9.705601103752040659e-01 5.913612047682015316e-01
3.303000000000000000e+03 1.531760000000000055e+01 -9.705601103752040659e-01 5.913612047682015316e-01
3.304000000000000000e+03 1.529049999999999976e+01 -9.705601103752040659e-01 5.913612047682015316e-01
3.305000000000000000e+03 1.526319999999999943e+01 -9.705601103752040659e-01 5.913612047682015316e-01
3.306000000000000000e+03 1.523600000000000065e+01 -9.705601103752040659e-01 5.913612047682015316e-01
3.307000000000000000e+03 1.520860000000000056e+01 -9.705601103752040659e-01 5.913612047682015316e-01
3.308000000000000000e+03 1.518120000000000047e+01 -9.705601103752040659e-01 5.913612047682015316e-01
3.309000000000000000e+03 1.515370000000000061e+01 -9.705601103752040659e-01 5.913612047682015316e-01
3.310000000000000000e+03 1.512620000000000076e+01 -9.705601103752040659e-01 5.913612047682015316e-01
3.311000000000000000e+03 1.509859999999999935e+01 -9.705601103752040659e-01 5.913612047682015316e-01
3.312000000000000000e+03 1.507099999999999973e+01 -9.705601103752040659e-01 5.913612047682015316e-01
3.313000000000000000e+03 1.504320000000000057e+01 -9.705601103752040659e-01 5.913612047682015316e-01
3.314000000000000000e+03 1.501539999999999964e+01 -9.705601103752040659e-01 5.913612047682015316e-01
3.315000000000000000e+03 1.498760000000000048e+01 -9.705601103752040659e-01 5.913612047682015316e-01
3.316000000000000000e+03 1.495969999999999978e+01 -9.705601103752040659e-01 5.913612047682015316e-01
3.317000000000000000e+03 1.493169999999999931e+01 -9.705601103752040659e-01 5.913612047682015316e-01
3.318000000000000000e+03 1.490360000000000085e+01 -9.705601103752040659e-01 5.913612047682015316e-01
3.319000000000000000e+03 1.487550000000000061e+01 -9.705601103752040659e-01 5.913612047682015316e-01
3.320000000000000000e+03 1.484730000000000061e+01 -9.705601103752040659e-01 5.913612047682015316e-01
3.321000000000000000e+03 1.481910000000000061e+01 -9.705601103752040659e-01 5.913612047682015316e-01
3.322000000000000000e+03 1.479080000000000084e+01 -9.705601103752040659e-01 5.913612047682015316e-01
3.323000000000000000e+03 1.476239999999999952e+01 -9.705601103752040659e-01 5.913612047682015316e-01
3.324000000000000000e+03 1.473390000000000022e+01 -9.705601103752040659e-01 5.913612047682015316e-01
3.325000000000000000e+03 1.470539999999999914e+01 -9.705601103752040659e-01 5.913612047682015316e-01
3.326000000000000000e+03 1.467680000000000007e+01 -9.705601103752040659e-01 5.913612047682015316e-01
3.327000000000000000e+03 1.464809999999999945e+01 -9.705601103752040659e-01 5.913612047682015316e-01
3.328000000000000000e+03 1.461940000000000062e+01 -9.705601103752040659e-01 5.913612047682015316e-01
3.329000000000000000e+03 1.459060000000000024e+01 -9.705601103752040659e-01 5.913612047682015316e-01
3.330000000000000000e+03 1.456170000000000009e+01 -9.705601103752040659e-01 5.913612047682015316e-01
3.331000000000000000e+03 1.453279999999999994e+01 -9.705601103752040659e-01 5.913612047682015316e-01
3.332000000000000000e+03 1.450380000000000003e+01 -9.705601103752040659e-01 5.913612047682015316e-01
3.333000000000000000e+03 1.447470000000000034e+01 -9.705601103752040659e-01 5.913612047682015316e-01
3.334000000000000000e+03 1.444560000000000066e+01 -9.705601103752040659e-01 5.913612047682015316e-01
3.335000000000000000e+03 1.441639999999999944e+01 -9.705601103752040659e-01 5.913612047682015316e-01
3.336000000000000000e+03 1.438710000000000022e+01 -9.705601103752040659e-01 5.913612047682015316e-01
3.337000000000000000e+03 1.435779999999999923e+01 -9.705601103752040659e-01 5.913612047682015316e-01
3.338000000000000000e+03 1.432840000000000025e+01 -9.705601103752040659e-01 5.913612047682015316e-01
3.339000000000000000e+03 1.429889999999999972e+01 -9.705601103752040659e-01 5.913612047682015316e-01
3.340000000000000000e+03 1.426939999999999920e+01 -9.705601103752040659e-01 5.913612047682015316e-01
3.341000000000000000e+03 1.423980000000000068e+01 -9.705601103752040659e-01 5.913612047682015316e-01
3.342000000000000000e+03 1.421010000000000062e+01 -9.705601103752040659e-01 5.913612047682015316e-01
3.343000000000000000e+03 1.418040000000000056e+01 -9.705601103752040659e-01 5.913612047682015316e-01
3.344000000000000000e+03 1.415070000000000050e+01 -9.705601103752040659e-01 5.913612047682015316e-01
3.345000000000000000e+03 1.412079999999999913e+01 -9.705601103752040659e-01 5.913612047682015316e-01
3.346000000000000000e+03 1.409089999999999954e+01 -9.705601103752040659e-01 5.913612047682015316e-01
3.347000000000000000e+03 1.406099999999999994e+01 -9.705601103752040659e-01 5.913612047682015316e-01
3.348000000000000000e+03 1.403100000000000058e+01 -9.705601103752040659e-01 5.913612047682015316e-01
3.349000000000000000e+03 1.400089999999999968e+01 -9.705601103752040659e-01 5.913612047682015316e-01
3.350000000000000000e+03 1.397080000000000055e+01 -6.343017313193771711e-01 2.609823766678310286e-01
3.351000000000000000e+03 1.394059999999999988e+01 -6.343017313193771711e-01 2.609823766678310286e-01
3.352000000000000000e+03 1.391039999999999921e+01 -6.343017313193771711e-01 2.609823766678310286e-01
3.353000000000000000e+03 1.388010000000000055e+01 -6.343017313193771711e-01 2.609823766678310286e-01
3.354000000000000000e+03 1.384980000000000011e+01 -6.343017313193771711e-01 2.609823766678310286e-01
3.355000000000000000e+03 1.381939999999999991e+01 -6.343017313193771711e-01 2.609823766678310286e-01
3.356000000000000000e+03 1.378889999999999993e+01 -6.343017313193771711e-01 2.609823766678310286e-01
3.357000000000000000e+03 1.375849999999999973e+01 -6.343017313193771711e-01 2.609823766678310286e-01
3.358000000000000000e+03 1.372789999999999999e+01 -6.343017313193771711e-01 2.609823766678310286e-01
3.359000000000000000e+03 1.369740000000000002e+01 -6.343017313193771711e-01 2.609823766678310286e-01
3.360000000000000000e+03 1.366680000000000028e+01 -6.343017313193771711e-01 2.609823766678310286e-01
3.361000000000000000e+03 1.363610000000000078e+01 -6.343017313193771711e-01 2.609823766678310286e-01
3.362000000000000000e+03 1.360539999999999949e+01 -6.343017313193771711e-01 2.609823766678310286e-01
3.363000000000000000e+03 1.357469999999999999e+01 -6.343017313193771711e-01 2.609823766678310286e-01
3.364000000000000000e+03 1.354390000000000072e+01 -6.343017313193771711e-01 2.609823766678310286e-01
3.365000000000000000e+03 1.351309999999999967e+01 -6.343017313193771711e-01 2.609823766678310286e-01
3.366000000000000000e+03 1.348220000000000063e+01 -6.343017313193771711e-01 2.609823766678310286e-01
3.367000000000000000e+03 1.345129999999999981e+01 -6.343017313193771711e-01 2.609823766678310286e-01
3.368000000000000000e+03 1.342040000000000077e+01 -6.343017313193771711e-01 2.609823766678310286e-01
3.369000000000000000e+03 1.338949999999999996e+01 -6.343017313193771711e-01 2.609823766678310286e-01
3.370000000000000000e+03 1.335849999999999937e+01 -6.343017313193771711e-01 2.609823766678310286e-01
3.371000000000000000e+03 1.332750000000000057e+01 -6.343017313193771711e-01 2.609823766678310286e-01
3.372000000000000000e+03 1.329649999999999999e+01 -6.343017313193771711e-01 2.609823766678310286e-01
3.373000000000000000e+03 1.326539999999999964e+01 -6.343017313193771711e-01 2.609823766678310286e-01
3.374000000000000000e+03 1.323440000000000083e+01 -6.343017313193771711e-01 2.609823766678310286e-01
3.375000000000000000e+03 1.320330000000000048e+01 -6.343017313193771711e-01 2.609823766678310286e-01
3.376000000000000000e+03 1.317210000000000036e+01 -6.343017313193771711e-01 2.609823766678310286e-01
3.377000000000000000e+03 1.314100000000000001e+01 -6.343017313193771711e-01 2.609823766678310286e-01
3.378000000000000000e+03 1.310989999999999966e+01 -6.343017313193771711e-01 2.609823766678310286e-01
3.379000000000000000e+03 1.307869999999999955e+01 -6.343017313193771711e-01 2.609823766678310286e-01
3.380000000000000000e+03 1.304749999999999943e+01 -6.343017313193771711e-01 2.609823766678310286e-01
3.381000000000000000e+03 1.301629999999999932e+01 -6.343017313193771711e-01 2.609823766678310286e-01
3.382000000000000000e+03 1.298509999999999920e+01 -6.343017313193771711e-01 2.609823766678310286e-01
3.383000000000000000e+03 1.295390000000000086e+01 -6.343017313193771711e-01 2.609823766678310286e-01
3.384000000000000000e+03 1.292270000000000074e+01 -6.343017313193771711e-01 2.609823766678310286e-01
3.385000000000000000e+03 1.289150000000000063e+01 -6.343017313193771711e-01 2.609823766678310286e-01
3.386000000000000000e+03 1.286030000000000051e+01 -6.343017313193771711e-01 2.609823766678310286e-01
3.387000000000000000e+03 1.282910000000000039e+01 -6.343017313193771711e-01 2.609823766678310286e-01
3.388000000000000000e+03 1.279790000000000028e+01 -6.343017313193771711e-01 2.609823766678310286e-01
3.389000000000000000e+03 1.276670000000000016e+01 -6.343017313193771711e-01 2.609823766678310286e-01
3.390000000000000000e+03 1.273550000000000004e+01 -6.343017313193771711e-01 2.609823766678310286e-01
3.391000000000000000e+03 1.270429999999999993e+01 -6.343017313193771711e-01 2.609823766678310286e-01
3.392000000000000000e+03 1.267309999999999981e+01 -6.343017313193771711e-01 2.609823766678310286e-01
3.393000000000000000e+03 1.264189999999999969e+01 -6.343017313193771711e-01 2.609823766678310286e-01
3.394000000000000000e+03 1.261069999999999958e+01 -6.343017313193771711e-01 2.609823766678310286e-01
3.395000000000000000e+03 1.257959999999999923e+01 -6.343017313193771711e-01 2.609823766678310286e-01
3.396000000000000000e+03 1.254850000000000065e+01 -6.343017313193771711e-01 2.609823766678310286e-01
3.397000000000000000e+03 1.251740000000000030e+01 -6.343017313193771711e-01 2.609823766678310286e-01
3.398000000000000000e+03 1.248629999999999995e+01 -6.343017313193771711e-01 2.609823766678310286e-01
3.399000000000000000e+03 1.245519999999999960e+01 -6.343017313193771711e-01 2.609823766678310286e-01
3.400000000000000000e+03 1.242420000000000080e+01 -5.839843058318956448e-01 3.724410782616082161e-01
3.401000000000000000e+03 1.239320000000000022e+01 -5.839843058318956448e-01 3.724410782616082161e-01
3.402000000000000000e+03 1.236219999999999963e+01 -5.839843058318956448e-01 3.724410782616082161e-01
3.403000000000000000e+03 1.233120000000000083e+01 -5.839843058318956448e-01 3.724410782616082161e-01
3.404000000000000000e+03 1.230030000000000001e+01 -5.839843058318956448e-01 3.724410782616082161e-01
3.405000000000000000e+03 1.226939999999999920e+01 -5.839843058318956448e-01 3.724410782616082161e-01
3.406000000000000000e+03 1.223859999999999992e+01 -5.839843058318956448e-01 3.724410782616082161e-01
3.407000000000000000e+03 1.220770000000000088e+01 -5.839843058318956448e-01 3.724410782616082161e-01
3.408000000000000000e+03 1.217699999999999960e+01 -5.839843058318956448e-01 3.724410782616082161e-01
3.409000000000000000e+03 1.214620000000000033e+01 -5.839843058318956448e-01 3.724410782616082161e-01
3.410000000000000000e+03 1.211560000000000059e+01 -5.839843058318956448e-01 3.724410782616082161e-01
3.411000000000000000e+03 1.208489999999999931e+01 -5.839843058318956448e-01 3.724410782616082161e-01
3.412000000000000000e+03 1.205429999999999957e+01 -5.839843058318956448e-01 3.724410782616082161e-01
3.413000000000000000e+03 1.202379999999999960e+01 -5.839843058318956448e-01 3.724410782616082161e-01
3.414000000000000000e+03 1.199329999999999963e+01 -5.839843058318956448e-01 3.724410782616082161e-01
3.415000000000000000e+03 1.196279999999999966e+01 -5.839843058318956448e-01 3.724410782616082161e-01
3.416000000000000000e+03 1.193239999999999945e+01 -5.839843058318956448e-01 3.724410782616082161e-01
3.417000000000000000e+03 1.190210000000000079e+01 -5.839843058318956448e-01 3.724410782616082161e-01
3.418000000000000000e+03 1.187180000000000035e+01 -5.839843058318956448e-01 3.724410782616082161e-01
3.419000000000000000e+03 1.184159999999999968e+01 -5.839843058318956448e-01 3.724410782616082161e-01
3.420000000000000000e+03 1.181140000000000079e+01 -5.839843058318956448e-01 3.724410782616082161e-01
3.421000000000000000e+03 1.178139999999999965e+01 -5.839843058318956448e-01 3.724410782616082161e-01
3.422000000000000000e+03 1.175130000000000052e+01 -5.839843058318956448e-01 3.724410782616082161e-01
3.423000000000000000e+03 1.172139999999999915e+01 -5.839843058318956448e-01 3.724410782616082161e-01
3.424000000000000000e+03 1.169149999999999956e+01 -5.839843058318956448e-01 3.724410782616082161e-01
3.425000000000000000e+03 1.166159999999999997e+01 -5.839843058318956448e-01 3.724410782616082161e-01
3.426000000000000000e+03 1.163189999999999991e+01 -5.839843058318956448e-01 3.724410782616082161e-01
3.427000000000000000e+03 1.160219999999999985e+01 -5.839843058318956448e-01 3.724410782616082161e-01
3.428000000000000000e+03 1.157259999999999955e+01 -5.839843058318956448e-01 3.724410782616082161e-01
3.429000000000000000e+03 1.154310000000000080e+01 -5.839843058318956448e-01 3.724410782616082161e-01
3.430000000000000000e+03 1.151360000000000028e+01 -5.839843058318956448e-01 3.724410782616082161e-01
3.431000000000000000e+03 1.148419999999999952e+01 -5.839843058318956448e-01 3.724410782616082161e-01
3.432000000000000000e+03 1.145490000000000030e+01 -5.839843058318956448e-01 3.724410782616082161e-01
3.433000000000000000e+03 1.142570000000000086e+01 -5.839843058318956448e-01 3.724410782616082161e-01
3.434000000000000000e+03 1.139659999999999940e+01 -5.839843058318956448e-01 3.724410782616082161e-01
3.435000000000000000e+03 1.136749999999999972e+01 -5.839843058318956448e-01 3.724410782616082161e-01
3.436000000000000000e+03 1.133859999999999957e+01 -5.839843058318956448e-01 3.724410782616082161e-01
3.437000000000000000e+03 1.130969999999999942e+01 -5.839843058318956448e-01 3.724410782616082161e-01
3.438000000000000000e+03 1.128090000000000082e+01 -5.839843058318956448e-01 3.724410782616082161e-01
3.439000000000000000e+03 1.125220000000000020e+01 -5.839843058318956448e-01 3.724410782616082161e-01
3.440000000000000000e+03 1.122359999999999935e+01 -5.839843058318956448e-01 3.724410782616082161e-01
3.441000000000000000e+03 1.119510000000000005e+01 -5.839843058318956448e-01 3.724410782616082161e-01
3.442000000000000000e+03 1.116670000000000051e+01 -5.839843058318956448e-01 3.724410782616082161e-01
3.443000000000000000e+03 1.113840000000000074e+01 -5.839843058318956448e-01 3.724410782616082161e-01
3.444000000000000000e+03 1.111020000000000074e+01 -5.839843058318956448e-01 3.724410782616082161e-01
3.445000000000000000e+03 1.108210000000000051e+01 -5.839843058318956448e-01 3.724410782616082161e-01
3.446000000000000000e+03 1.105400000000000027e+01 -5.839843058318956448e-01 3.724410782616082161e-01
3.447000000000000000e+03 1.102609999999999957e+01 -5.839843058318956448e-01 3.724410782616082161e-01
3.448000000000000000e+03 1.099830000000000041e+01 -5.839843058318956448e-01 3.724410782616082161e-01
3.449000000000000000e+03 1.097059999999999924e+01 -5.839843058318956448e-01 3.724410782616082161e-01
3.450000000000000000e+03 1.094299999999999962e+01 -4.052153640066495366e-01 2.790415352334345567e-01
3.451000000000000000e+03 1.091549999999999976e+01 -4.052153640066495366e-01 2.790415352334345567e-01
3.452000000000000000e+03 1.088809999999999967e+01 -4.052153640066495366e-01 2.790415352334345567e-01
3.453000000000000000e+03 1.086079999999999934e+01 -4.052153640066495366e-01 2.790415352334345567e-01
3.454000000000000000e+03 1.083360000000000056e+01 -4.052153640066495366e-01 2.790415352334345567e-01
3.455000000000000000e+03 1.080649999999999977e+01 -4.052153640066495366e-01 2.790415352334345567e-01
3.456000000000000000e+03 1.077950000000000053e+01 -4.052153640066495366e-01 2.790415352334345567e-01
3.457000000000000000e+03 1.075270000000000081e+01 -4.052153640066495366e-01 2.790415352334345567e-01
3.458000000000000000e+03 1.072589999999999932e+01 -4.052153640066495366e-01 2.790415352334345567e-01
3.459000000000000000e+03 1.069929999999999914e+01 -4.052153640066495366e-01 2.790415352334345567e-01
3.460000000000000000e+03 1.067280000000000051e+01 -4.052153640066495366e-01 2.790415352334345567e-01
3.461000000000000000e+03 1.064630000000000010e+01 -4.052153640066495366e-01 2.790415352334345567e-01
3.462000000000000000e+03 1.062010000000000076e+01 -4.052153640066495366e-01 2.790415352334345567e-01
3.463000000000000000e+03 1.059389999999999965e+01 -4.052153640066495366e-01 2.790415352334345567e-01
3.464000000000000000e+03 1.056780000000000008e+01 -4.052153640066495366e-01 2.790415352334345567e-01
3.465000000000000000e+03 1.054190000000000005e+01 -4.052153640066495366e-01 2.790415352334345567e-01
3.466000000000000000e+03 1.051600000000000001e+01 -4.052153640066495366e-01 2.790415352334345567e-01
3.467000000000000000e+03 1.049029999999999951e+01 -4.052153640066495366e-01 2.790415352334345567e-01
3.468000000000000000e+03 1.046470000000000056e+01 -4.052153640066495366e-01 2.790415352334345567e-01
3.469000000000000000e+03 1.043929999999999936e+01 -4.052153640066495366e-01 2.790415352334345567e-01
3.470000000000000000e+03 1.041389999999999993e+01 -4.052153640066495366e-01 2.790415352334345567e-01
3.471000000000000000e+03 1.038870000000000005e+01 -4.052153640066495366e-01 2.790415352334345567e-01
3.472000000000000000e+03 1.036359999999999992e+01 -4.052153640066495366e-01 2.790415352334345567e-01
3.473000000000000000e+03 1.033859999999999957e+01 -4.052153640066495366e-01 2.790415352334345567e-01
3.474000000000000000e+03 1.031370000000000076e+01 -4.052153640066495366e-01 2.790415352334345567e-01
3.475000000000000000e+03 1.028899999999999970e+01 -4.052153640066495366e-01 2.790415352334345567e-01
3.476000000000000000e+03 1.026430000000000042e+01 -4.052153640066495366e-01 2.790415352334345567e-01
3.477000000000000000e+03 1.023980000000000068e+01 -4.052153640066495366e-01 2.790415352334345567e-01
3.478000000000000000e+03 1.021550000000000047e+01 -4.052153640066495366e-01 2.790415352334345567e-01
3.479000000000000000e+03 1.019120000000000026e+01 -4.052153640066495366e-01 2.790415352334345567e-01
3.480000000000000000e+03 1.016709999999999958e+01 -4.052153640066495366e-01 2.790415352334345567e-01
3.481000000000000000e+03 1.014300000000000068e+01 -4.052153640066495366e-01 2.790415352334345567e-01
3.482000000000000000e+03 1.011919999999999931e+01 -4.052153640066495366e-01 2.790415352334345567e-01
3.483000000000000000e+03 1.009539999999999971e+01 -4.052153640066495366e-01 2.790415352334345567e-01
3.484000000000000000e+03 1.007179999999999964e+01 -4.052153640066495366e-01 2.790415352334345567e-01
3.485000000000000000e+03 1.004819999999999958e+01 -4.052153640066495366e-01 2.790415352334345567e-01
3.486000000000000000e+03 1.002480000000000082e+01 -4.052153640066495366e-01 2.790415352334345567e-01
3.487000000000000000e+03 1.000159999999999982e+01 -4.052153640066495366e-01 2.790415352334345567e-01
3.488000000000000000e+03 9.978419999999999845e+00 -4.052153640066495366e-01 2.790415352334345567e-01
3.489000000000000000e+03 9.955399999999999139e+00 -4.052153640066495366e-01 2.790415352334345567e-01
3.490000000000000000e+03 9.932499999999999218e+00 -4.052153640066495366e-01 2.790415352334345567e-01
3.491000000000000000e+03 9.909729999999999706e+00 -4.052153640066495366e-01 2.790415352334345567e-01
3.492000000000000000e+03 9.887079999999999202e+00 -4.052153640066495366e-01 2.790415352334345567e-01
3.493000000000000000e+03 9.864549999999999486e+00 -4.052153640066495366e-01 2.790415352334345567e-01
3.494000000000000000e+03 9.842140000000000555e+00 -4.052153640066495366e-01 2.790415352334345567e-01
3.495000000000000000e+03 9.819860000000000255e+00 -4.052153640066495366e-01 2.790415352334345567e-01
3.496000000000000000e+03 9.797700000000000742e+00 -4.052153640066495366e-01 2.790415352334345567e-01
3.497000000000000000e+03 9.775660000000000238e+00 -4.052153640066495366e-01 2.790415352334345567e-01
3.498000000000000000e+03 9.753750000000000142e+00 -4.052153640066495366e-01 2.790415352334345567e-01
3.499000000000000000e+03 9.731949999999999434e+00 -4.052153640066495366e-01 2.790415352334345567e-01
3.500000000000000000e+03 9.710279999999999134e+00 -4.683729603919353779e-01 2.827748674117946948e-01
3.501000000000000000e+03 9.688729999999999620e+00 -4.683729603919353779e-01 2.827748674117946948e-01
3.502000000000000000e+03 9.667299999999999116e+00 -4.683729603919353779e-01 2.827748674117946948e-01
3.503000000000000000e+03 9.645989999999999398e+00 -4.683729603919353779e-01 2.827748674117946948e-01
3.504000000000000000e+03 9.624810000000000088e+00 -4.683729603919353779e-01 2.827748674117946948e-01
3.505000000000000000e+03 9.603740000000000165e+00 -4.683729603919353779e-01 2.827748674117946948e-01
3.506000000000000000e+03 9.582789999999999253e+00 -4.683729603919353779e-01 2.827748674117946948e-01
3.507000000000000000e+03 9.561959999999999127e+00 -4.683729603919353779e-01 2.827748674117946948e-01
3.508000000000000000e+03 9.541249999999999787e+00 -4.683729603919353779e-01 2.827748674117946948e-01
3.509000000000000000e+03 9.520649999999999835e+00 -4.683729603919353779e-01 2.827748674117946948e-01
3.510000000000000000e+03 9.500180000000000291e+00 -4.683729603919353779e-01 2.827748674117946948e-01
3.511000000000000000e+03 9.479810000000000514e+00 -4.683729603919353779e-01 2.827748674117946948e-01
3.512000000000000000e+03 9.459569999999999368e+00 -4.683729603919353779e-01 2.827748674117946948e-01
3.513000000000000000e+03 9.439439999999999387e+00 -4.683729603919353779e-01 2.827748674117946948e-01
3.514000000000000000e+03 9.419430000000000192e+00 -4.683729603919353779e-01 2.827748674117946948e-01
3.515000000000000000e+03 9.399530000000000385e+00 -4.683729603919353779e-01 2.827748674117946948e-01
3.516000000000000000e+03 9.379739999999999966e+00 -4.683729603919353779e-01 2.827748674117946948e-01
3.517000000000000000e+03 9.360070000000000334e+00 -4.683729603919353779e-01 2.827748674117946948e-01
3.518000000000000000e+03 9.340510000000000090e+00 -4.683729603919353779e-01 2.827748674117946948e-01
3.519000000000000000e+03 9.321049999999999613e+00 -4.683729603919353779e-01 2.827748674117946948e-01
3.520000000000000000e+03 9.301719999999999544e+00 -4.683729603919353779e-01 2.827748674117946948e-01
3.521000000000000000e+03 9.282489999999999242e+00 -4.683729603919353779e-01 2.827748674117946948e-01
3.522000000000000000e+03 9.263370000000000104e+00 -4.683729603919353779e-01 2.827748674117946948e-01
3.523000000000000000e+03 9.244350000000000733e+00 -4.683729603919353779e-01 2.827748674117946948e-01
3.524000000000000000e+03 9.225450000000000372e+00 -4.683729603919353779e-01 2.827748674117946948e-01
3.525000000000000000e+03 9.206649999999999778e+00 -4.683729603919353779e-01 2.827748674117946948e-01
3.526000000000000000e+03 9.187960000000000349e+00 -4.683729603919353779e-01 2.827748674117946948e-01
3.527000000000000000e+03 9.169370000000000687e+00 -4.683729603919353779e-01 2.827748674117946948e-01
3.528000000000000000e+03 9.150890000000000413e+00 -4.683729603919353779e-01 2.827748674117946948e-01
3.529000000000000000e+03 9.132500000000000284e+00 -4.683729603919353779e-01 2.827748674117946948e-01
3.530000000000000000e+03 9.114229999999999166e+00 -4.683729603919353779e-01 2.827748674117946948e-01
3.531000000000000000e+03 9.096049999999999969e+00 -4.683729603919353779e-01 2.827748674117946948e-01
3.532000000000000000e+03 9.077970000000000539e+00 -4.683729603919353779e-01 2.827748674117946948e-01
3.533000000000000000e+03 9.059990000000000876e+00 -4.683729603919353779e-01 2.827748674117946948e-01
3.534000000000000000e+03 9.042120000000000601e+00 -4.683729603919353779e-01 2.827748674117946948e-01
3.535000000000000000e+03 9.024330000000000851e+00 -4.683729603919353779e-01 2.827748674117946948e-01
3.536000000000000000e+03 9.006650000000000489e+00 -4.683729603919353779e-01 2.827748674117946948e-01
3.537000000000000000e+03 8.989060000000000272e+00 -4.683729603919353779e-01 2.827748674117946948e-01
3.538000000000000000e+03 8.971560000000000201e+00 -4.683729603919353779e-01 2.827748674117946948e-01
3.539000000000000000e+03 8.954159999999999897e+00 -4.683729603919353779e-01 2.827748674117946948e-01
3.540000000000000000e+03 8.936849999999999739e+00 -4.683729603919353779e-01 2.827748674117946948e-01
3.541000000000000000e+03 8.919629999999999725e+00 -4.683729603919353779e-01 2.827748674117946948e-01
3.542000000000000000e+03 8.902509999999999479e+00 -4.683729603919353779e-01 2.827748674117946948e-01
3.543000000000000000e+03 8.885469999999999757e+00 -4.683729603919353779e-01 2.827748674117946948e-01
3.544000000000000000e+03 8.868520000000000181e+00 -4.683729603919353779e-01 2.827748674117946948e-01
3.545000000000000000e+03 8.851649999999999352e+00 -4.683729603919353779e-01 2.827748674117946948e-01
3.546000000000000000e+03 8.834880000000000067e+00 -4.683729603919353779e-01 2.827748674117946948e-01
3.547000000000000000e+03 8.818189999999999529e+00 -4.683729603919353779e-01 2.827748674117946948e-01
3.548000000000000000e+03 8.801579999999999515e+00 -4.683729603919353779e-01 2.827748674117946948e-01
3.549000000000000000e+03 8.785050000000000026e+00 -4.683729603919353779e-01 2.827748674117946948e-01
3.550000000000000000e+03 8.768610000000000682e+00 -4.396370482727700590e-01 3.589742242298914476e-01
3.551000000000000000e+03 8.752250000000000085e+00 -4.396370482727700590e-01 3.589742242298914476e-01
3.552000000000000000e+03 8.735970000000000013e+00 -4.396370482727700590e-01 3.589742242298914476e-01
3.553000000000000000e+03 8.719760000000000844e+00 -4.396370482727700590e-01 3.589742242298914476e-01
3.554000000000000000e+03 8.703640000000000043e+00 -4.396370482727700590e-01 3.589742242298914476e-01
3.555000000000000000e+03 8.687580000000000524e+00 -4.396370482727700590e-01 3.589742242298914476e-01
3.556000000000000000e+03 8.671609999999999374e+00 -4.396370482727700590e-01 3.589742242298914476e-01
3.557000000000000000e+03 8.655709999999999127e+00 -4.396370482727700590e-01 3.589742242298914476e-01
3.558000000000000000e+03 8.639879999999999782e+00 -4.396370482727700590e-01 3.589742242298914476e-01
3.559000000000000000e+03 8.624119999999999564e+00 -4.396370482727700590e-01 3.589742242298914476e-01
3.560000000000000000e+03 8.608439999999999870e+00 -4.396370482727700590e-01 3.589742242298914476e-01
3.561000000000000000e+03 8.592819999999999681e+00 -4.396370482727700590e-01 3.589742242298914476e-01
3.562000000000000000e+03 8.577270000000000394e+00 -4.396370482727700590e-01 3.589742242298914476e-01
3.563000000000000000e+03 8.561790000000000234e+00 -4.396370482727700590e-01 3.589742242298914476e-01
3.564000000000000000e+03 8.546379999999999200e+00 -4.396370482727700590e-01 3.589742242298914476e-01
3.565000000000000000e+03 8.531029999999999447e+00 -4.396370482727700590e-01 3.589742242298914476e-01
3.566000000000000000e+03 8.515739999999999199e+00 -4.396370482727700590e-01 3.589742242298914476e-01
3.567000000000000000e+03 8.500519999999999854e+00 -4.396370482727700590e-01 3.589742242298914476e-01
3.568000000000000000e+03 8.485360000000000014e+00 -4.396370482727700590e-01 3.589742242298914476e-01
3.569000000000000000e+03 8.470259999999999678e+00 -4.396370482727700590e-01 3.589742242298914476e-01
3.570000000000000000e+03 8.455220000000000624e+00 -4.396370482727700590e-01 3.589742242298914476e-01
3.571000000000000000e+03 8.440229999999999677e+00 -4.396370482727700590e-01 3.589742242298914476e-01
3.572000000000000000e+03 8.425309999999999633e+00 -4.396370482727700590e-01 3.589742242298914476e-01
3.573000000000000000e+03 8.410429999999999851e+00 -4.396370482727700590e-01 3.589742242298914476e-01
3.574000000000000000e+03 8.395619999999999195e+00 -4.396370482727700590e-01 3.589742242298914476e-01
3.575000000000000000e+03 8.380860000000000198e+00 -4.396370482727700590e-01 3.589742242298914476e-01
3.576000000000000000e+03 8.366149999999999309e+00 -4.396370482727700590e-01 3.589742242298914476e-01
3.577000000000000000e+03 8.351490000000000080e+00 -4.396370482727700590e-01 3.589742242298914476e-01
3.578000000000000000e+03 8.336890000000000356e+00 -4.396370482727700590e-01 3.589742242298914476e-01
3.579000000000000000e+03 8.322329999999999117e+00 -4.396370482727700590e-01 3.589742242298914476e-01
3.580000000000000000e+03 8.307829999999999160e+00 -4.396370482727700590e-01 3.589742242298914476e-01
3.581000000000000000e+03 8.293369999999999465e+00 -4.396370482727700590e-01 3.589742242298914476e-01
3.582000000000000000e+03 8.278950000000000031e+00 -4.396370482727700590e-01 3.589742242298914476e-01
3.583000000000000000e+03 8.264580000000000481e+00 -4.396370482727700590e-01 3.589742242298914476e-01
3.584000000000000000e+03 8.250260000000000815e+00 -4.396370482727700590e-01 3.589742242298914476e-01
3.585000000000000000e+03 8.235979999999999634e+00 -4.396370482727700590e-01 3.589742242298914476e-01
3.586000000000000000e+03 8.221740000000000492e+00 -4.396370482727700590e-01 3.589742242298914476e-01
3.587000000000000000e+03 8.207539999999999836e+00 -4.396370482727700590e-01 3.589742242298914476e-01
3.588000000000000000e+03 8.193390000000000839e+00 -4.396370482727700590e-01 3.589742242298914476e-01
3.589000000000000000e+03 8.179270000000000707e+00 -4.396370482727700590e-01 3.589742242298914476e-01
3.590000000000000000e+03 8.165190000000000836e+00 -4.396370482727700590e-01 3.589742242298914476e-01
3.591000000000000000e+03 8.151149999999999451e+00 -4.396370482727700590e-01 3.589742242298914476e-01
3.592000000000000000e+03 8.137150000000000105e+00 -4.396370482727700590e-01 3.589742242298914476e-01
3.593000000000000000e+03 8.123170000000000002e+00 -4.396370482727700590e-01 3.589742242298914476e-01
3.594000000000000000e+03 8.109239999999999782e+00 -4.396370482727700590e-01 3.589742242298914476e-01
3.595000000000000000e+03 8.095340000000000202e+00 -4.396370482727700590e-01 3.589742242298914476e-01
3.596000000000000000e+03 8.081469999999999487e+00 -4.396370482727700590e-01 3.589742242298914476e-01
3.597000000000000000e+03 8.067629999999999413e+00 -4.396370482727700590e-01 3.589742242298914476e-01
3.598000000000000000e+03 8.053819999999999979e+00 -4.396370482727700590e-01 3.589742242298914476e-01
3.599000000000000000e+03 8.040039999999999409e+00 -4.396370482727700590e-01 3.589742242298914476e-01
3.600000000000000000e+03 8.026300000000000878e+00 -3.402713693887980395e-01 2.488012766257454988e-01
3.601000000000000000e+03 8.012570000000000192e+00 -3.402713693887980395e-01 2.488012766257454988e-01
3.602000000000000000e+03 7.998879999999999768e+00 -3.402713693887980395e-01 2.488012766257454988e-01
3.603000000000000000e+03 7.985219999999999985e+00 -3.402713693887980395e-01 2.488012766257454988e-01
3.604000000000000000e+03 7.971580000000000332e+00 -3.402713693887980395e-01 2.488012766257454988e-01
3.605000000000000000e+03 7.957959999999999923e+00 -3.402713693887980395e-01 2.488012766257454988e-01
3.606000000000000000e+03 7.944370000000000154e+00 -3.402713693887980395e-01 2.488012766257454988e-01
3.607000000000000000e+03 7.930799999999999628e+00 -3.402713693887980395e-01 2.488012766257454988e-01
3.608000000000000000e+03 7.917250000000000121e+00 -3.402713693887980395e-01 2.488012766257454988e-01
3.609000000000000000e+03 7.903730000000000366e+00 -3.402713693887980395e-01 2.488012766257454988e-01
3.610000000000000000e+03 7.890220000000000233e+00 -3.402713693887980395e-01 2.488012766257454988e-01
3.611000000000000000e+03 7.876739999999999853e+00 -3.402713693887980395e-01 2.488012766257454988e-01
3.612000000000000000e+03 7.863279999999999603e+00 -3.402713693887980395e-01 2.488012766257454988e-01
3.613000000000000000e+03 7.849829999999999863e+00 -3.402713693887980395e-01 2.488012766257454988e-01
3.614000000000000000e+03 7.836400000000000254e+00 -3.402713693887980395e-01 2.488012766257454988e-01
3.615000000000000000e+03 7.822989999999999888e+00 -3.402713693887980395e-01 2.488012766257454988e-01
3.616000000000000000e+03 7.809599999999999653e+00 -3.402713693887980395e-01 2.488012766257454988e-01
3.617000000000000000e+03 7.796219999999999928e+00 -3.402713693887980395e-01 2.488012766257454988e-01
3.618000000000000000e+03 7.782860000000000333e+00 -3.402713693887980395e-01 2.488012766257454988e-01
3.619000000000000000e+03 7.769510000000000360e+00 -3.402713693887980395e-01 2.488012766257454988e-01
3.620000000000000000e+03 7.756179999999999630e+00 -3.402713693887980395e-01 2.488012766257454988e-01
3.621000000000000000e+03 7.742860000000000298e+00 -3.402713693887980395e-01 2.488012766257454988e-01
3.622000000000000000e+03 7.729549999999999699e+00 -3.402713693887980395e-01 2.488012766257454988e-01
3.623000000000000000e+03 7.716260000000000119e+00 -3.402713693887980395e-01 2.488012766257454988e-01
3.624000000000000000e+03 7.702980000000000160e+00 -3.402713693887980395e-01 2.488012766257454988e-01
3.625000000000000000e+03 7.689700000000000202e+00 -3.402713693887980395e-01 2.488012766257454988e-01
3.626000000000000000e+03 7.676440000000000374e+00 -3.402713693887980395e-01 2.488012766257454988e-01
3.627000000000000000e+03 7.663190000000000168e+00 -3.402713693887980395e-01 2.488012766257454988e-01
3.628000000000000000e+03 7.649949999999999584e+00 -3.402713693887980395e-01 2.488012766257454988e-01
3.629000000000000000e+03 7.636720000000000397e+00 -3.402713693887980395e-01 2.488012766257454988e-01
3.630000000000000000e+03 7.623499999999999943e+00 -3.402713693887980395e-01 2.488012766257454988e-01
3.631000000000000000e+03 7.610280000000000378e+00 -3.402713693887980395e-01 2.488012766257454988e-01
3.632000000000000000e+03 7.597080000000000055e+00 -3.402713693887980395e-01 2.488012766257454988e-01
3.633000000000000000e+03 7.583879999999999733e+00 -3.402713693887980395e-01 2.488012766257454988e-01
3.634000000000000000e+03 7.570689999999999920e+00 -3.402713693887980395e-01 2.488012766257454988e-01
3.635000000000000000e+03 7.557500000000000107e+00 -3.402713693887980395e-01 2.488012766257454988e-01
3.636000000000000000e+03 7.544319999999999915e+00 -3.402713693887980395e-01 2.488012766257454988e-01
3.637000000000000000e+03 7.531150000000000233e+00 -3.402713693887980395e-01 2.488012766257454988e-01
3.638000000000000000e+03 7.517990000000000173e+00 -3.402713693887980395e-01 2.488012766257454988e-01
3.639000000000000000e+03 7.504819999999999602e+00 -3.402713693887980395e-01 2.488012766257454988e-01
3.640000000000000000e+03 7.491670000000000051e+00 -3.402713693887980395e-01 2.488012766257454988e-01
3.641000000000000000e+03 7.478509999999999991e+00 -3.402713693887980395e-01 2.488012766257454988e-01
3.642000000000000000e+03 7.465370000000000061e+00 -3.402713693887980395e-01 2.488012766257454988e-01
3.643000000000000000e+03 7.452219999999999622e+00 -3.402713693887980395e-01 2.488012766257454988e-01
3.644000000000000000e+03 7.439090000000000202e+00 -3.402713693887980395e-01 2.488012766257454988e-01
3.645000000000000000e+03 7.425950000000000273e+00 -3.402713693887980395e-01 2.488012766257454988e-01
3.646000000000000000e+03 7.412819999999999965e+00 -3.402713693887980395e-01 2.488012766257454988e-01
3.647000000000000000e+03 7.399689999999999657e+00 -3.402713693887980395e-01 2.488012766257454988e-01
3.648000000000000000e+03 7.386569999999999858e+00 -3.402713693887980395e-01 2.488012766257454988e-01
3.649000000000000000e+03 7.373440000000000438e+00 -3.402713693887980395e-01 2.488012766257454988e-01
3.650000000000000000e+03 7.360319999999999752e+00 -2.194241582683411629e-01 1.629722477480752552e-01
3.651000000000000000e+03 7.347209999999999575e+00 -2.194241582683411629e-01 1.629722477480752552e-01
3.652000000000000000e+03 7.334089999999999776e+00 -2.194241582683411629e-01 1.629722477480752552e-01
3.653000000000000000e+03 7.320979999999999599e+00 -2.194241582683411629e-01 1.629722477480752552e-01
3.654000000000000000e+03 7.307870000000000310e+00 -2.194241582683411629e-01 1.629722477480752552e-01
3.655000000000000000e+03 7.294760000000000133e+00 -2.194241582683411629e-01 1.629722477480752552e-01
3.656000000000000000e+03 7.281659999999999577e+00 -2.194241582683411629e-01 1.629722477480752552e-01
3.657000000000000000e+03 7.268550000000000288e+00 -2.194241582683411629e-01 1.629722477480752552e-01
3.658000000000000000e+03 7.255449999999999733e+00 -2.194241582683411629e-01 1.629722477480752552e-01
3.659000000000000000e+03 7.242350000000000065e+00 -2.194241582683411629e-01 1.629722477480752552e-01
3.660000000000000000e+03 7.229250000000000398e+00 -2.194241582683411629e-01 1.629722477480752552e-01
3.661000000000000000e+03 7.216149999999999842e+00 -2.194241582683411629e-01 1.629722477480752552e-01
3.662000000000000000e+03 7.203059999999999796e+00 -2.194241582683411629e-01 1.629722477480752552e-01
3.663000000000000000e+03 7.189960000000000129e+00 -2.194241582683411629e-01 1.629722477480752552e-01
3.664000000000000000e+03 7.176870000000000083e+00 -2.194241582683411629e-01 1.629722477480752552e-01
3.665000000000000000e+03 7.163780000000000037e+00 -2.194241582683411629e-01 1.629722477480752552e-01
3.666000000000000000e+03 7.150699999999999612e+00 -2.194241582683411629e-01 1.629722477480752552e-01
3.667000000000000000e+03 7.137609999999999566e+00 -2.194241582683411629e-01 1.629722477480752552e-01
3.668000000000000000e+03 7.124530000000000030e+00 -2.194241582683411629e-01 1.629722477480752552e-01
3.669000000000000000e+03 7.111439999999999984e+00 -2.194241582683411629e-01 1.629722477480752552e-01
3.670000000000000000e+03 7.098370000000000068e+00 -2.194241582683411629e-01 1.629722477480752552e-01
3.671000000000000000e+03 7.085289999999999644e+00 -2.194241582683411629e-01 1.629722477480752552e-01
3.672000000000000000e+03 7.072219999999999729e+00 -2.194241582683411629e-01 1.629722477480752552e-01
3.673000000000000000e+03 7.059140000000000192e+00 -2.194241582683411629e-01 1.629722477480752552e-01
3.674000000000000000e+03 7.046070000000000277e+00 -2.194241582683411629e-01 1.629722477480752552e-01
3.675000000000000000e+03 7.033000000000000362e+00 -2.194241582683411629e-01 1.629722477480752552e-01
3.676000000000000000e+03 7.019940000000000069e+00 -2.194241582683411629e-01 1.629722477480752552e-01
3.677000000000000000e+03 7.006879999999999775e+00 -2.194241582683411629e-01 1.629722477480752552e-01
3.678000000000000000e+03 6.993820000000000370e+00 -2.194241582683411629e-01 1.629722477480752552e-01
3.679000000000000000e+03 6.980769999999999698e+00 -2.194241582683411629e-01 1.629722477480752552e-01
3.680000000000000000e+03 6.967719999999999914e+00 -2.194241582683411629e-01 1.629722477480752552e-01
3.681000000000000000e+03 6.954670000000000130e+00 -2.194241582683411629e-01 1.629722477480752552e-01
3.682000000000000000e+03 6.941629999999999967e+00 -2.194241582683411629e-01 1.629722477480752552e-01
3.683000000000000000e+03 6.928589999999999804e+00 -2.194241582683411629e-01 1.629722477480752552e-01
3.684000000000000000e+03 6.915560000000000151e+00 -2.194241582683411629e-01 1.629722477480752552e-01
3.685000000000000000e+03 6.902529999999999610e+00 -2.194241582683411629e-01 1.629722477480752552e-01
3.686000000000000000e+03 6.889499999999999957e+00 -2.194241582683411629e-01 1.629722477480752552e-01
3.687000000000000000e+03 6.876479999999999926e+00 -2.194241582683411629e-01 1.629722477480752552e-01
3.688000000000000000e+03 6.863470000000000404e+00 -2.194241582683411629e-01 1.629722477480752552e-01
3.689000000000000000e+03 6.850459999999999994e+00 -2.194241582683411629e-01 1.629722477480752552e-01
3.690000000000000000e+03 6.837460000000000093e+00 -2.194241582683411629e-01 1.629722477480752552e-01
3.691000000000000000e+03 6.824460000000000193e+00 -2.194241582683411629e-01 1.629722477480752552e-01
3.692000000000000000e+03 6.811480000000000423e+00 -2.194241582683411629e-01 1.629722477480752552e-01
3.693000000000000000e+03 6.798490000000000144e+00 -2.194241582683411629e-01 1.629722477480752552e-01
3.694000000000000000e+03 6.785519999999999996e+00 -2.194241582683411629e-01 1.629722477480752552e-01
3.695000000000000000e+03 6.772549999999999848e+00 -2.194241582683411629e-01 1.629722477480752552e-01
3.696000000000000000e+03 6.759590000000000209e+00 -2.194241582683411629e-01 1.629722477480752552e-01
3.697000000000000000e+03 6.746640000000000192e+00 -2.194241582683411629e-01 1.629722477480752552e-01
3.698000000000000000e+03 6.733699999999999797e+00 -2.194241582683411629e-01 1.629722477480752552e-01
3.699000000000000000e+03 6.720760000000000289e+00 -2.194241582683411629e-01 1.629722477480752552e-01
3.700000000000000000e+03 6.707840000000000025e+00 -2.781842967017728041e-01 2.482109328900340695e-01
3.701000000000000000e+03 6.694919999999999760e+00 -2.781842967017728041e-01 2.482109328900340695e-01
3.702000000000000000e+03 6.682019999999999627e+00 -2.781842967017728041e-01 2.482109328900340695e-01
3.703000000000000000e+03 6.669120000000000381e+00 -2.781842967017728041e-01 2.482109328900340695e-01
3.704000000000000000e+03 6.656240000000000379e+00 -2.781842967017728041e-01 2.482109328900340695e-01
3.705000000000000000e+03 6.643360000000000376e+00 -2.781842967017728041e-01 2.482109328900340695e-01
3.706000000000000000e+03 6.630499999999999616e+00 -2.781842967017728041e-01 2.482109328900340695e-01
3.707000000000000000e+03 6.617650000000000254e+00 -2.781842967017728041e-01 2.482109328900340695e-01
3.708000000000000000e+03 6.604809999999999626e+00 -2.781842967017728041e-01 2.482109328900340695e-01
3.709000000000000000e+03 6.591980000000000395e+00 -2.781842967017728041e-01 2.482109328900340695e-01
3.710000000000000000e+03 6.579170000000000407e+00 -2.781842967017728041e-01 2.482109328900340695e-01
3.711000000000000000e+03 6.566370000000000040e+00 -2.781842967017728041e-01 2.482109328900340695e-01
3.712000000000000000e+03 6.553580000000000183e+00 -2.781842967017728041e-01 2.482109328900340695e-01
3.713000000000000000e+03 6.540809999999999569e+00 -2.781842967017728041e-01 2.482109328900340695e-01
3.714000000000000000e+03 6.528050000000000352e+00 -2.781842967017728041e-01 2.482109328900340695e-01
3.715000000000000000e+03 6.515299999999999869e+00 -2.781842967017728041e-01 2.482109328900340695e-01
3.716000000000000000e+03 6.502580000000000027e+00 -2.781842967017728041e-01 2.482109328900340695e-01
3.717000000000000000e+03 6.489860000000000184e+00 -2.781842967017728041e-01 2.482109328900340695e-01
3.718000000000000000e+03 6.477159999999999584e+00 -2.781842967017728041e-01 2.482109328900340695e-01
3.719000000000000000e+03 6.464480000000000004e+00 -2.781842967017728041e-01 2.482109328900340695e-01
3.720000000000000000e+03 6.451819999999999666e+00 -2.781842967017728041e-01 2.482109328900340695e-01
3.721000000000000000e+03 6.439169999999999838e+00 -2.781842967017728041e-01 2.482109328900340695e-01
3.722000000000000000e+03 6.426540000000000141e+00 -2.781842967017728041e-01 2.482109328900340695e-01
3.723000000000000000e+03 6.413920000000000066e+00 -2.781842967017728041e-01 2.482109328900340695e-01
3.724000000000000000e+03 6.401329999999999742e+00 -2.781842967017728041e-01 2.482109328900340695e-01
3.725000000000000000e+03 6.388749999999999929e+00 -2.781842967017728041e-01 2.482109328900340695e-01
3.726000000000000000e+03 6.376199999999999868e+00 -2.781842967017728041e-01 2.482109328900340695e-01
3.727000000000000000e+03 6.363660000000000316e+00 -2.781842967017728041e-01 2.482109328900340695e-01
3.728000000000000000e+03 6.351140000000000008e+00 -2.781842967017728041e-01 2.482109328900340695e-01
3.729000000000000000e+03 6.338639999999999830e+00 -2.781842967017728041e-01 2.482109328900340695e-01
3.730000000000000000e+03 6.326170000000000293e+00 -2.781842967017728041e-01 2.482109328900340695e-01
3.731000000000000000e+03 6.313710000000000377e+00 -2.781842967017728041e-01 2.482109328900340695e-01
3.732000000000000000e+03 6.301269999999999705e+00 -2.781842967017728041e-01 2.482109328900340695e-01
3.733000000000000000e+03 6.288859999999999673e+00 -2.781842967017728041e-01 2.482109328900340695e-01
3.734000000000000000e+03 6.276469999999999771e+00 -2.781842967017728041e-01 2.482109328900340695e-01
3.735000000000000000e+03 6.264100000000000001e+00 -2.781842967017728041e-01 2.482109328900340695e-01
3.736000000000000000e+03 6.251750000000000362e+00 -2.781842967017728041e-01 2.482109328900340695e-01
3.737000000000000000e+03 6.239429999999999588e+00 -2.781842967017728041e-01 2.482109328900340695e-01
3.738000000000000000e+03 6.227129999999999832e+00 -2.781842967017728041e-01 2.482109328900340695e-01
3.739000000000000000e+03 6.214850000000000207e+00 -2.781842967017728041e-01 2.482109328900340695e-01
3.740000000000000000e+03 6.202600000000000335e+00 -2.781842967017728041e-01 2.482109328900340695e-01
3.741000000000000000e+03 6.190369999999999706e+00 -2.781842967017728041e-01 2.482109328900340695e-01
3.742000000000000000e+03 6.178169999999999717e+00 -2.781842967017728041e-01 2.482109328900340695e-01
3.743000000000000000e+03 6.166000000000000369e+00 -2.781842967017728041e-01 2.482109328900340695e-01
3.744000000000000000e+03 6.153850000000000264e+00 -2.781842967017728041e-01 2.482109328900340695e-01
3.745000000000000000e+03 6.141720000000000290e+00 -2.781842967017728041e-01 2.482109328900340695e-01
3.746000000000000000e+03 6.129620000000000068e+00 -2.781842967017728041e-01 2.482109328900340695e-01
3.747000000000000000e+03 6.117549999999999599e+00 -2.781842967017728041e-01 2.482109328900340695e-01
3.748000000000000000e+03 6.105509999999999771e+00 -2.781842967017728041e-01 2.482109328900340695e-01
3.749000000000000000e+03 6.093490000000000073e+00 -2.781842967017728041e-01 2.482109328900340695e-01
3.750000000000000000e+03 6.081500000000000128e+00 -2.811592818768314794e-01 1.234226918371575249e-01
3.751000000000000000e+03 6.069539999999999935e+00 -2.811592818768314794e-01 1.234226918371575249e-01
3.752000000000000000e+03 6.057610000000000383e+00 -2.811592818768314794e-01 1.234226918371575249e-01
3.753000000000000000e+03 6.045700000000000074e+00 -2.811592818768314794e-01 1.234226918371575249e-01
3.754000000000000000e+03 6.033830000000000027e+00 -2.811592818768314794e-01 1.234226918371575249e-01
3.755000000000000000e+03 6.021980000000000111e+00 -2.811592818768314794e-01 1.234226918371575249e-01
3.756000000000000000e+03 6.010159999999999947e+00 -2.811592818768314794e-01 1.234226918371575249e-01
3.757000000000000000e+03 5.998370000000000424e+00 -2.811592818768314794e-01 1.234226918371575249e-01
3.758000000000000000e+03 5.986620000000000275e+00 -2.811592818768314794e-01 1.234226918371575249e-01
3.759000000000000000e+03 5.974890000000000256e+00 -2.811592818768314794e-01 1.234226918371575249e-01
3.760000000000000000e+03 5.963199999999999612e+00 -2.811592818768314794e-01 1.234226918371575249e-01
3.761000000000000000e+03 5.951529999999999987e+00 -2.811592818768314794e-01 1.234226918371575249e-01
3.762000000000000000e+03 5.939899999999999736e+00 -2.811592818768314794e-01 1.234226918371575249e-01
3.763000000000000000e+03 5.928300000000000125e+00 -2.811592818768314794e-01 1.234226918371575249e-01
3.764000000000000000e+03 5.916730000000000267e+00 -2.811592818768314794e-01 1.234226918371575249e-01
3.765000000000000000e+03 5.905190000000000161e+00 -2.811592818768314794e-01 1.234226918371575249e-01
3.766000000000000000e+03 5.893679999999999808e+00 -2.811592818768314794e-01 1.234226918371575249e-01
3.767000000000000000e+03 5.882209999999999717e+00 -2.811592818768314794e-01 1.234226918371575249e-01
3.768000000000000000e+03 5.870770000000000266e+00 -2.811592818768314794e-01 1.234226918371575249e-01
3.769000000000000000e+03 5.859359999999999680e+00 -2.811592818768314794e-01 1.234226918371575249e-01
3.770000000000000000e+03 5.847990000000000244e+00 -2.811592818768314794e-01 1.234226918371575249e-01
3.771000000000000000e+03 5.836640000000000050e+00 -2.811592818768314794e-01 1.234226918371575249e-01
3.772000000000000000e+03 5.825330000000000119e+00 -2.811592818768314794e-01 1.234226918371575249e-01
3.773000000000000000e+03 5.814059999999999562e+00 -2.811592818768314794e-01 1.234226918371575249e-01
3.774000000000000000e+03 5.802819999999999645e+00 -2.811592818768314794e-01 1.234226918371575249e-01
3.775000000000000000e+03 5.791610000000000369e+00 -2.811592818768314794e-01 1.234226918371575249e-01
3.776000000000000000e+03 5.780439999999999579e+00 -2.811592818768314794e-01 1.234226918371575249e-01
3.777000000000000000e+03 5.769300000000000317e+00 -2.811592818768314794e-01 1.234226918371575249e-01
3.778000000000000000e+03 5.758200000000000429e+00 -2.811592818768314794e-01 1.234226918371575249e-01
3.779000000000000000e+03 5.747130000000000294e+00 -2.811592818768314794e-01 1.234226918371575249e-01
3.780000000000000000e+03 5.736089999999999911e+00 -2.811592818768314794e-01 1.234226918371575249e-01
3.781000000000000000e+03 5.725089999999999790e+00 -2.811592818768314794e-01 1.234226918371575249e-01
3.782000000000000000e+03 5.714129999999999932e+00 -2.811592818768314794e-01 1.234226918371575249e-01
3.783000000000000000e+03 5.703199999999999825e+00 -2.811592818768314794e-01 1.234226918371575249e-01
3.784000000000000000e+03 5.692300000000000360e+00 -2.811592818768314794e-01 1.234226918371575249e-01
3.785000000000000000e+03 5.681440000000000268e+00 -2.811592818768314794e-01 1.234226918371575249e-01
3.786000000000000000e+03 5.670620000000000438e+00 -2.811592818768314794e-01 1.234226918371575249e-01
3.787000000000000000e+03 5.659830000000000361e+00 -2.811592818768314794e-01 1.234226918371575249e-01
3.788000000000000000e+03 5.649079999999999657e+00 -2.811592818768314794e-01 1.234226918371575249e-01
3.789000000000000000e+03 5.638359999999999594e+00 -2.811592818768314794e-01 1.234226918371575249e-01
3.790000000000000000e+03 5.627679999999999794e+00 -2.811592818768314794e-01 1.234226918371575249e-01
3.791000000000000000e+03 5.617029999999999745e+00 -2.811592818768314794e-01 1.234226918371575249e-01
3.792000000000000000e+03 5.606429999999999580e+00 -2.811592818768314794e-01 1.234226918371575249e-01
3.793000000000000000e+03 5.595850000000000435e+00 -2.811592818768314794e-01 1.234226918371575249e-01
3.794000000000000000e+03 5.585320000000000285e+00 -2.811592818768314794e-01 1.234226918371575249e-01
3.795000000000000000e+03 5.574810000000000265e+00 -2.811592818768314794e-01 1.234226918371575249e-01
3.796000000000000000e+03 5.564350000000000129e+00 -2.811592818768314794e-01 1.234226918371575249e-01
3.797000000000000000e+03 5.553919999999999746e+00 -2.811592818768314794e-01 1.234226918371575249e-01
3.798000000000000000e+03 5.543520000000000003e+00 -2.811592818768314794e-01 1.234226918371575249e-01
3.799000000000000000e+03 5.533159999999999634e+00 -2.811592818768314794e-01 1.234226918371575249e-01
3.800000000000000000e+03 5.522840000000000416e+00 -7.242530034389435545e-02 2.004742913361830248e-01
3.801000000000000000e+03 5.512559999999999683e+00 -7.242530034389435545e-02 2.004742913361830248e-01
3.802000000000000000e+03 5.502309999999999590e+00 -7.242530034389435545e-02 2.004742913361830248e-01
3.803000000000000000e+03 5.492090000000000138e+00 -7.242530034389435545e-02 2.004742913361830248e-01
3.804000000000000000e+03 5.481919999999999682e+00 -7.242530034389435545e-02 2.004742913361830248e-01
3.805000000000000000e+03 5.471770000000000245e+00 -7.242530034389435545e-02 2.004742913361830248e-01
3.806000000000000000e+03 5.461669999999999803e+00 -7.242530034389435545e-02 2.004742913361830248e-01
3.807000000000000000e+03 5.451590000000000380e+00 -7.242530034389435545e-02 2.004742913361830248e-01
3.808000000000000000e+03 5.441559999999999953e+00 -7.242530034389435545e-02 2.004742913361830248e-01
3.809000000000000000e+03 5.431560000000000166e+00 -7.242530034389435545e-02 2.004742913361830248e-01
3.810000000000000000e+03 5.421599999999999753e+00 -7.242530034389435545e-02 2.004742913361830248e-01
3.811000000000000000e+03 5.411660000000000359e+00 -7.242530034389435545e-02 2.004742913361830248e-01
3.812000000000000000e+03 5.401769999999999960e+00 -7.242530034389435545e-02 2.004742913361830248e-01
3.813000000000000000e+03 5.391910000000000203e+00 -7.242530034389435545e-02 2.004742913361830248e-01
3.814000000000000000e+03 5.382089999999999819e+00 -7.242530034389435545e-02 2.004742913361830248e-01
3.815000000000000000e+03 5.372300000000000075e+00 -7.242530034389435545e-02 2.004742913361830248e-01
3.816000000000000000e+03 5.362549999999999706e+00 -7.242530034389435545e-02 2.004742913361830248e-01
3.817000000000000000e+03 5.352829999999999977e+00 -7.242530034389435545e-02 2.004742913361830248e-01
3.818000000000000000e+03 5.343140000000000001e+00 -7.242530034389435545e-02 2.004742913361830248e-01
3.819000000000000000e+03 5.333490000000000286e+00 -7.242530034389435545e-02 2.004742913361830248e-01
3.820000000000000000e+03 5.323879999999999946e+00 -7.242530034389435545e-02 2.004742913361830248e-01
3.821000000000000000e+03 5.314300000000000246e+00 -7.242530034389435545e-02 2.004742913361830248e-01
3.822000000000000000e+03 5.304750000000000298e+00 -7.242530034389435545e-02 2.004742913361830248e-01
3.823000000000000000e+03 5.295230000000000103e+00 -7.242530034389435545e-02 2.004742913361830248e-01
3.824000000000000000e+03 5.285759999999999792e+00 -7.242530034389435545e-02 2.004742913361830248e-01
3.825000000000000000e+03 5.276309999999999611e+00 -7.242530034389435545e-02 2.004742913361830248e-01
3.826000000000000000e+03 5.266899999999999693e+00 -7.242530034389435545e-02 2.004742913361830248e-01
3.827000000000000000e+03 5.257520000000000415e+00 -7.242530034389435545e-02 2.004742913361830248e-01
3.828000000000000000e+03 5.248170000000000002e+00 -7.242530034389435545e-02 2.004742913361830248e-01
3.829000000000000000e+03 5.238850000000000229e+00 -7.242530034389435545e-02 2.004742913361830248e-01
3.830000000000000000e+03 5.229580000000000339e+00 -7.242530034389435545e-02 2.004742913361830248e-01
3.831000000000000000e+03 5.220320000000000071e+00 -7.242530034389435545e-02 2.004742913361830248e-01
3.832000000000000000e+03 5.211109999999999687e+00 -7.242530034389435545e-02 2.004742913361830248e-01
3.833000000000000000e+03 5.201920000000000321e+00 -7.242530034389435545e-02 2.004742913361830248e-01
3.834000000000000000e+03 5.192770000000000330e+00 -7.242530034389435545e-02 2.004742913361830248e-01
3.835000000000000000e+03 5.183650000000000091e+00 -7.242530034389435545e-02 2.004742913361830248e-01
3.836000000000000000e+03 5.174559999999999604e+00 -7.242530034389435545e-02 2.004742913361830248e-01
3.837000000000000000e+03 5.165499999999999758e+00 -7.242530034389435545e-02 2.004742913361830248e-01
3.838000000000000000e+03 5.156469999999999665e+00 -7.242530034389435545e-02 2.004742913361830248e-01
3.839000000000000000e+03 5.147470000000000212e+00 -7.242530034389435545e-02 2.004742913361830248e-01
3.840000000000000000e+03 5.138499999999999623e+00 -7.242530034389435545e-02 2.004742913361830248e-01
3.841000000000000000e+03 5.129559999999999675e+00 -7.242530034389435545e-02 2.004742913361830248e-01
3.842000000000000000e+03 5.120659999999999989e+00 -7.242530034389435545e-02 2.004742913361830248e-01
3.843000000000000000e+03 5.111780000000000435e+00 -7.242530034389435545e-02 2.004742913361830248e-01
3.844000000000000000e+03 5.102929999999999744e+00 -7.242530034389435545e-02 2.004742913361830248e-01
3.845000000000000000e+03 5.094109999999999694e+00 -7.242530034389435545e-02 2.004742913361830248e-01
3.846000000000000000e+03 5.085320000000000285e+00 -7.242530034389435545e-02 2.004742913361830248e-01
3.847000000000000000e+03 5.076550000000000118e+00 -7.242530034389435545e-02 2.004742913361830248e-01
3.848000000000000000e+03 5.067820000000000213e+00 -7.242530034389435545e-02 2.004742913361830248e-01
3.849000000000000000e+03 5.059110000000000440e+00 -7.242530034389435545e-02 2.004742913361830248e-01
3.850000000000000000e+03 5.050430000000000419e+00 -3.878705193531841178e-01 2.966200225594995410e-01
3.851000000000000000e+03 5.041780000000000150e+00 -3.878705193531841178e-01 2.966200225594995410e-01
3.852000000000000000e+03 5.033159999999999634e+00 -3.878705193531841178e-01 2.966200225594995410e-01
3.853000000000000000e+03 5.024560000000000137e+00 -3.878705193531841178e-01 2.966200225594995410e-01
3.854000000000000000e+03 5.015990000000000393e+00 -3.878705193531841178e-01 2.966200225594995410e-01
3.855000000000000000e+03 5.007439999999999891e+00 -3.878705193531841178e-01 2.966200225594995410e-01
3.856000000000000000e+03 4.998920000000000030e+00 -3.878705193531841178e-01 2.966200225594995410e-01
3.857000000000000000e+03 4.990429999999999922e+00 -3.878705193531841178e-01 2.966200225594995410e-01
3.858000000000000000e+03 4.981959999999999944e+00 -3.878705193531841178e-01 2.966200225594995410e-01
3.859000000000000000e+03 4.973519999999999719e+00 -3.878705193531841178e-01 2.966200225594995410e-01
3.860000000000000000e+03 4.965099999999999625e+00 -3.878705193531841178e-01 2.966200225594995410e-01
3.861000000000000000e+03 4.956699999999999662e+00 -3.878705193531841178e-01 2.966200225594995410e-01
3.862000000000000000e+03 4.948339999999999961e+00 -3.878705193531841178e-01 2.966200225594995410e-01
3.863000000000000000e+03 4.939989999999999881e+00 -3.878705193531841178e-01 2.966200225594995410e-01
3.864000000000000000e+03 4.931670000000000442e+00 -3.878705193531841178e-01 2.966200225594995410e-01
3.865000000000000000e+03 4.923359999999999737e+00 -3.878705193531841178e-01 2.966200225594995410e-01
3.866000000000000000e+03 4.915090000000000181e+00 -3.878705193531841178e-01 2.966200225594995410e-01
3.867000000000000000e+03 4.906830000000000247e+00 -3.878705193531841178e-01 2.966200225594995410e-01
3.868000000000000000e+03 4.898600000000000065e+00 -3.878705193531841178e-01 2.966200225594995410e-01
3.869000000000000000e+03 4.890390000000000015e+00 -3.878705193531841178e-01 2.966200225594995410e-01
3.870000000000000000e+03 4.882200000000000095e+00 -3.878705193531841178e-01 2.966200225594995410e-01
3.871000000000000000e+03 4.874030000000000307e+00 -3.878705193531841178e-01 2.966200225594995410e-01
3.872000000000000000e+03 4.865890000000000271e+00 -3.878705193531841178e-01 2.966200225594995410e-01
3.873000000000000000e+03 4.857759999999999856e+00 -3.878705193531841178e-01 2.966200225594995410e-01
3.874000000000000000e+03 4.849649999999999572e+00 -3.878705193531841178e-01 2.966200225594995410e-01
3.875000000000000000e+03 4.841560000000000308e+00 -3.878705193531841178e-01 2.966200225594995410e-01
3.876000000000000000e+03 4.833499999999999908e+00 -3.878705193531841178e-01 2.966200225594995410e-01
3.877000000000000000e+03 4.825450000000000017e+00 -3.878705193531841178e-01 2.966200225594995410e-01
3.878000000000000000e+03 4.817420000000000258e+00 -3.878705193531841178e-01 2.966200225594995410e-01
3.879000000000000000e+03 4.809409999999999741e+00 -3.878705193531841178e-01 2.966200225594995410e-01
3.880000000000000000e+03 4.801420000000000243e+00 -3.878705193531841178e-01 2.966200225594995410e-01
3.881000000000000000e+03 4.793449999999999989e+00 -3.878705193531841178e-01 2.966200225594995410e-01
3.882000000000000000e+03 4.785499999999999865e+00 -3.878705193531841178e-01 2.966200225594995410e-01
3.883000000000000000e+03 4.777560000000000251e+00 -3.878705193531841178e-01 2.966200225594995410e-01
3.884000000000000000e+03 4.769639999999999880e+00 -3.878705193531841178e-01 2.966200225594995410e-01
3.885000000000000000e+03 4.761730000000000018e+00 -3.878705193531841178e-01 2.966200225594995410e-01
3.886000000000000000e+03 4.753849999999999909e+00 -3.878705193531841178e-01 2.966200225594995410e-01
3.887000000000000000e+03 4.745969999999999800e+00 -3.878705193531841178e-01 2.966200225594995410e-01
3.888000000000000000e+03 4.738120000000000331e+00 -3.878705193531841178e-01 2.966200225594995410e-01
3.889000000000000000e+03 4.730279999999999596e+00 -3.878705193531841178e-01 2.966200225594995410e-01
3.890000000000000000e+03 4.722459999999999880e+00 -3.878705193531841178e-01 2.966200225594995410e-01
3.891000000000000000e+03 4.714640000000000164e+00 -3.878705193531841178e-01 2.966200225594995410e-01
3.892000000000000000e+03 4.706850000000000200e+00 -3.878705193531841178e-01 2.966200225594995410e-01
3.893000000000000000e+03 4.699069999999999858e+00 -3.878705193531841178e-01 2.966200225594995410e-01
3.894000000000000000e+03 4.691309999999999647e+00 -3.878705193531841178e-01 2.966200225594995410e-01
3.895000000000000000e+03 4.683550000000000324e+00 -3.878705193531841178e-01 2.966200225594995410e-01
3.896000000000000000e+03 4.675819999999999865e+00 -3.878705193531841178e-01 2.966200225594995410e-01
3.897000000000000000e+03 4.668090000000000295e+00 -3.878705193531841178e-01 2.966200225594995410e-01
3.898000000000000000e+03 4.660379999999999967e+00 -3.878705193531841178e-01 2.966200225594995410e-01
3.899000000000000000e+03 4.652680000000000149e+00 -3.878705193531841178e-01 2.966200225594995410e-01
3.900000000000000000e+03 4.644989999999999952e+00 -1.202352688399026953e-01 9.618671084337200583e-02
3.901000000000000000e+03 4.637310000000000265e+00 -1.202352688399026953e-01 9.618671084337200583e-02
3.902000000000000000e+03 4.629649999999999821e+00 -1.202352688399026953e-01 9.618671084337200583e-02
3.903000000000000000e+03 4.621999999999999886e+00 -1.202352688399026953e-01 9.618671084337200583e-02
3.904000000000000000e+03 4.614359999999999573e+00 -1.202352688399026953e-01 9.618671084337200583e-02
3.905000000000000000e+03 4.606729999999999769e+00 -1.202352688399026953e-01 9.618671084337200583e-02
3.906000000000000000e+03 4.599109999999999587e+00 -1.202352688399026953e-01 9.618671084337200583e-02
3.907000000000000000e+03 4.591499999999999915e+00 -1.202352688399026953e-01 9.618671084337200583e-02
3.908000000000000000e+03 4.583910000000000373e+00 -1.202352688399026953e-01 9.618671084337200583e-02
3.909000000000000000e+03 4.576319999999999943e+00 -1.202352688399026953e-01 9.618671084337200583e-02
3.910000000000000000e+03 4.568740000000000023e+00 -1.202352688399026953e-01 9.618671084337200583e-02
3.911000000000000000e+03 4.561169999999999725e+00 -1.202352688399026953e-01 9.618671084337200583e-02
3.912000000000000000e+03 4.553609999999999935e+00 -1.202352688399026953e-01 9.618671084337200583e-02
3.913000000000000000e+03 4.546059999999999768e+00 -1.202352688399026953e-01 9.618671084337200583e-02
3.914000000000000000e+03 4.538520000000000110e+00 -1.202352688399026953e-01 9.618671084337200583e-02
3.915000000000000000e+03 4.530990000000000073e+00 -1.202352688399026953e-01 9.618671084337200583e-02
3.916000000000000000e+03 4.523460000000000036e+00 -1.202352688399026953e-01 9.618671084337200583e-02
3.917000000000000000e+03 4.515939999999999621e+00 -1.202352688399026953e-01 9.618671084337200583e-02
3.918000000000000000e+03 4.508440000000000225e+00 -1.202352688399026953e-01 9.618671084337200583e-02
3.919000000000000000e+03 4.500930000000000319e+00 -1.202352688399026953e-01 9.618671084337200583e-02
3.920000000000000000e+03 4.493439999999999657e+00 -1.202352688399026953e-01 9.618671084337200583e-02
3.921000000000000000e+03 4.485949999999999882e+00 -1.202352688399026953e-01 9.618671084337200583e-02
3.922000000000000000e+03 4.478480000000000238e+00 -1.202352688399026953e-01 9.618671084337200583e-02
3.923000000000000000e+03 4.471000000000000085e+00 -1.202352688399026953e-01 9.618671084337200583e-02
3.924000000000000000e+03 4.463540000000000063e+00 -1.202352688399026953e-01 9.618671084337200583e-02
3.925000000000000000e+03 4.456080000000000041e+00 -1.202352688399026953e-01 9.618671084337200583e-02
3.926000000000000000e+03 4.448629999999999640e+00 -1.202352688399026953e-01 9.618671084337200583e-02
3.927000000000000000e+03 4.441180000000000128e+00 -1.202352688399026953e-01 9.618671084337200583e-02
3.928000000000000000e+03 4.433740000000000236e+00 -1.202352688399026953e-01 9.618671084337200583e-02
3.929000000000000000e+03 4.426300000000000345e+00 -1.202352688399026953e-01 9.618671084337200583e-02
3.930000000000000000e+03 4.418870000000000076e+00 -1.202352688399026953e-01 9.618671084337200583e-02
3.931000000000000000e+03 4.411439999999999806e+00 -1.202352688399026953e-01 9.618671084337200583e-02
3.932000000000000000e+03 4.404029999999999667e+00 -1.202352688399026953e-01 9.618671084337200583e-02
3.933000000000000000e+03 4.396609999999999907e+00 -1.202352688399026953e-01 9.618671084337200583e-02
3.934000000000000000e+03 4.389199999999999768e+00 -1.202352688399026953e-01 9.618671084337200583e-02
3.935000000000000000e+03 4.381800000000000139e+00 -1.202352688399026953e-01 9.618671084337200583e-02
3.936000000000000000e+03 4.374399999999999622e+00 -1.202352688399026953e-01 9.618671084337200583e-02
3.937000000000000000e+03 4.366999999999999993e+00 -1.202352688399026953e-01 9.618671084337200583e-02
3.938000000000000000e+03 4.359609999999999985e+00 -1.202352688399026953e-01 9.618671084337200583e-02
3.939000000000000000e+03 4.352219999999999978e+00 -1.202352688399026953e-01 9.618671084337200583e-02
3.940000000000000000e+03 4.344839999999999591e+00 -1.202352688399026953e-01 9.618671084337200583e-02
3.941000000000000000e+03 4.337460000000000093e+00 -1.202352688399026953e-01 9.618671084337200583e-02
3.942000000000000000e+03 4.330090000000000217e+00 -1.202352688399026953e-01 9.618671084337200583e-02
3.943000000000000000e+03 4.322709999999999830e+00 -1.202352688399026953e-01 9.618671084337200583e-02
3.944000000000000000e+03 4.315349999999999575e+00 -1.202352688399026953e-01 9.618671084337200583e-02
3.945000000000000000e+03 4.307979999999999698e+00 -1.202352688399026953e-01 9.618671084337200583e-02
3.946000000000000000e+03 4.300620000000000331e+00 -1.202352688399026953e-01 9.618671084337200583e-02
3.947000000000000000e+03 4.293260000000000076e+00 -1.202352688399026953e-01 9.618671084337200583e-02
3.948000000000000000e+03 4.285910000000000331e+00 -1.202352688399026953e-01 9.618671084337200583e-02
3.949000000000000000e+03 4.278559999999999697e+00 -1.202352688399026953e-01 9.618671084337200583e-02
3.950000000000000000e+03 4.271209999999999951e+00 -1.232827049878648384e-01 2.025356601802682233e-01
3.951000000000000000e+03 4.263860000000000205e+00 -1.232827049878648384e-01 2.025356601802682233e-01
3.952000000000000000e+03 4.256520000000000081e+00 -1.232827049878648384e-01 2.025356601802682233e-01
3.953000000000000000e+03 4.249179999999999957e+00 -1.232827049878648384e-01 2.025356601802682233e-01
3.954000000000000000e+03 4.241850000000000342e+00 -1.232827049878648384e-01 2.025356601802682233e-01
3.955000000000000000e+03 4.234510000000000218e+00 -1.232827049878648384e-01 2.025356601802682233e-01
3.956000000000000000e+03 4.227179999999999715e+00 -1.232827049878648384e-01 2.025356601802682233e-01
3.957000000000000000e+03 4.219850000000000101e+00 -1.232827049878648384e-01 2.025356601802682233e-01
3.958000000000000000e+03 4.212530000000000108e+00 -1.232827049878648384e-01 2.025356601802682233e-01
3.959000000000000000e+03 4.205210000000000115e+00 -1.232827049878648384e-01 2.025356601802682233e-01
3.960000000000000000e+03 4.197890000000000121e+00 -1.232827049878648384e-01 2.025356601802682233e-01
3.961000000000000000e+03 4.190570000000000128e+00 -1.232827049878648384e-01 2.025356601802682233e-01
3.962000000000000000e+03 4.183259999999999756e+00 -1.232827049878648384e-01 2.025356601802682233e-01
3.963000000000000000e+03 4.175939999999999763e+00 -1.232827049878648384e-01 2.025356601802682233e-01
3.964000000000000000e+03 4.168639999999999901e+00 -1.232827049878648384e-01 2.025356601802682233e-01
3.965000000000000000e+03 4.161330000000000418e+00 -1.232827049878648384e-01 2.025356601802682233e-01
3.966000000000000000e+03 4.154020000000000046e+00 -1.232827049878648384e-01 2.025356601802682233e-01
3.967000000000000000e+03 4.146720000000000184e+00 -1.232827049878648384e-01 2.025356601802682233e-01
3.968000000000000000e+03 4.139420000000000321e+00 -1.232827049878648384e-01 2.025356601802682233e-01
3.969000000000000000e+03 4.132119999999999571e+00 -1.232827049878648384e-01 2.025356601802682233e-01
3.970000000000000000e+03 4.124830000000000219e+00 -1.232827049878648384e-01 2.025356601802682233e-01
3.971000000000000000e+03 4.117539999999999978e+00 -1.232827049878648384e-01 2.025356601802682233e-01
3.972000000000000000e+03 4.110249999999999737e+00 -1.232827049878648384e-01 2.025356601802682233e-01
3.973000000000000000e+03 4.102960000000000385e+00 -1.232827049878648384e-01 2.025356601802682233e-01
3.974000000000000000e+03 4.095679999999999765e+00 -1.232827049878648384e-01 2.025356601802682233e-01
3.975000000000000000e+03 4.088390000000000413e+00 -1.232827049878648384e-01 2.025356601802682233e-01
3.976000000000000000e+03 4.081120000000000303e+00 -1.232827049878648384e-01 2.025356601802682233e-01
3.977000000000000000e+03 4.073839999999999684e+00 -1.232827049878648384e-01 2.025356601802682233e-01
3.978000000000000000e+03 4.066569999999999574e+00 -1.232827049878648384e-01 2.025356601802682233e-01
3.979000000000000000e+03 4.059289999999999843e+00 -1.232827049878648384e-01 2.025356601802682233e-01
3.980000000000000000e+03 4.052030000000000243e+00 -1.232827049878648384e-01 2.025356601802682233e-01
3.981000000000000000e+03 4.044760000000000133e+00 -1.232827049878648384e-01 2.025356601802682233e-01
3.982000000000000000e+03 4.037499999999999645e+00 -1.232827049878648384e-01 2.025356601802682233e-01
3.983000000000000000e+03 4.030240000000000045e+00 -1.232827049878648384e-01 2.025356601802682233e-01
3.984000000000000000e+03 4.022990000000000066e+00 -1.232827049878648384e-01 2.025356601802682233e-01
3.985000000000000000e+03 4.015729999999999578e+00 -1.232827049878648384e-01 2.025356601802682233e-01
3.986000000000000000e+03 4.008479999999999599e+00 -1.232827049878648384e-01 2.025356601802682233e-01
3.987000000000000000e+03 4.001240000000000130e+00 -1.232827049878648384e-01 2.025356601802682233e-01
3.988000000000000000e+03 3.994000000000000217e+00 -1.232827049878648384e-01 2.025356601802682233e-01
3.989000000000000000e+03 3.986749999999999794e+00 -1.232827049878648384e-01 2.025356601802682233e-01
3.990000000000000000e+03 3.979519999999999946e+00 -1.232827049878648384e-01 2.025356601802682233e-01
3.991000000000000000e+03 3.972290000000000099e+00 -1.232827049878648384e-01 2.025356601802682233e-01
3.992000000000000000e+03 3.965059999999999807e+00 -1.232827049878648384e-01 2.025356601802682233e-01
3.993000000000000000e+03 3.957829999999999959e+00 -1.232827049878648384e-01 2.025356601802682233e-01
3.994000000000000000e+03 3.950619999999999798e+00 -1.232827049878648384e-01 2.025356601802682233e-01
3.995000000000000000e+03 3.943400000000000016e+00 -1.232827049878648384e-01 2.025356601802682233e-01
3.996000000000000000e+03 3.936189999999999856e+00 -1.232827049878648384e-01 2.025356601802682233e-01
3.997000000000000000e+03 3.928980000000000139e+00 -1.232827049878648384e-01 2.025356601802682233e-01
3.998000000000000000e+03 3.921780000000000044e+00 -1.232827049878648384e-01 2.025356601802682233e-01
3.999000000000000000e+03 3.914579999999999949e+00 -1.232827049878648384e-01 2.025356601802682233e-01
4.000000000000000000e+03 3.907389999999999919e+00 -1.568279999999999952e-01 1.100089999999999957e-01
4.001000000000000000e+03 3.900199999999999889e+00 -1.563100000000000045e-01 1.097650000000000015e-01
4.002000000000000000e+03 3.893009999999999859e+00 -1.557929999999999870e-01 1.095219999999999944e-01
4.003000000000000000e+03 3.885829999999999895e+00 -1.552779999999999994e-01 1.092810000000000031e-01
4.004000000000000000e+03 3.878659999999999997e+00 -1.547640000000000127e-01 1.090399999999999980e-01
4.005000000000000000e+03 3.871490000000000098e+00 -1.542520000000000002e-01 1.088009999999999949e-01
4.006000000000000000e+03 3.864329999999999821e+00 -1.537419999999999898e-01 1.085639999999999938e-01
4.007000000000000000e+03 3.857169999999999987e+00 -1.532330000000000081e-01 1.083270000000000066e-01
4.008000000000000000e+03 3.850020000000000220e+00 -1.527249999999999996e-01 1.080919999999999936e-01
4.009000000000000000e+03 3.842870000000000008e+00 -1.522199999999999942e-01 1.078579999999999955e-01
4.010000000000000000e+03 3.835739999999999927e+00 -1.517159999999999898e-01 1.076259999999999994e-01
4.011000000000000000e+03 3.828599999999999781e+00 -1.512139999999999873e-01 1.073950000000000043e-01
4.012000000000000000e+03 3.821470000000000145e+00 -1.507130000000000136e-01 1.071639999999999954e-01
4.013000000000000000e+03 3.814350000000000129e+00 -1.502149999999999874e-01 1.069360000000000033e-01
4.014000000000000000e+03 3.807240000000000180e+00 -1.497189999999999910e-01 1.067079999999999973e-01
4.015000000000000000e+03 3.800129999999999786e+00 -1.492239999999999955e-01 1.064819999999999933e-01
4.016000000000000000e+03 3.793029999999999902e+00 -1.487320000000000031e-01 1.062570000000000042e-01
4.017000000000000000e+03 3.785930000000000017e+00 -1.482420000000000126e-01 1.060330000000000022e-01
4.018000000000000000e+03 3.778849999999999820e+00 -1.477539999999999965e-01 1.058100000000000013e-01
4.019000000000000000e+03 3.771770000000000067e+00 -1.472680000000000100e-01 1.055890000000000023e-01
4.020000000000000000e+03 3.764699999999999935e+00 -1.467849999999999988e-01 1.053690000000000043e-01
4.021000000000000000e+03 3.757629999999999804e+00 -1.463029999999999886e-01 1.051499999999999935e-01
4.022000000000000000e+03 3.750579999999999803e+00 -1.458240000000000092e-01 1.049319999999999975e-01
4.023000000000000000e+03 3.743529999999999802e+00 -1.453470000000000040e-01 1.047160000000000035e-01
4.024000000000000000e+03 3.736489999999999867e+00 -1.448730000000000018e-01 1.044999999999999957e-01
4.025000000000000000e+03 3.729459999999999997e+00 -1.444010000000000016e-01 1.042860000000000037e-01
4.026000000000000000e+03 3.722440000000000193e+00 -1.439320000000000044e-01 1.040729999999999988e-01
4.027000000000000000e+03 3.715419999999999945e+00 -1.434650000000000092e-01 1.038609999999999950e-01
4.028000000000000000e+03 3.708410000000000206e+00 -1.430009999999999892e-01 1.036509999999999931e-01
4.029000000000000000e+03 3.701420000000000154e+00 -1.425389999999999990e-01 1.034410000000000052e-01
4.030000000000000000e+03 3.694430000000000103e+00 -1.420800000000000118e-01 1.032330000000000053e-01
4.031000000000000000e+03 3.687450000000000117e+00 -1.416229999999999989e-01 1.030260000000000065e-01
4.032000000000000000e+03 3.680480000000000196e+00 -1.411689999999999889e-01 1.028199999999999947e-01
4.033000000000000000e+03 3.673519999999999897e+00 -1.407180000000000097e-01 1.026149999999999979e-01
4.034000000000000000e+03 3.666570000000000107e+00 -1.402690000000000048e-01 1.024110000000000020e-01
4.035000000000000000e+03 3.659629999999999939e+00 -1.398240000000000038e-01 1.022089999999999943e-01
4.036000000000000000e+03 3.652699999999999836e+00 -1.393810000000000049e-01 1.020070000000000005e-01
4.037000000000000000e+03 3.645779999999999799e+00 -1.389410000000000089e-01 1.018069999999999947e-01
4.038000000000000000e+03 3.638869999999999827e+00 -1.385039999999999882e-01 1.016070000000000029e-01
4.039000000000000000e+03 3.631969999999999921e+00 -1.380689999999999973e-01 1.014089999999999991e-01
4.040000000000000000e+03 3.625090000000000146e+00 -1.376380000000000103e-01 1.012119999999999964e-01
4.041000000000000000e+03 3.618209999999999926e+00 -1.372089999999999976e-01 1.010159999999999947e-01
4.042000000000000000e+03 3.611349999999999838e+00 -1.367829999999999879e-01 1.008209999999999940e-01
4.043000000000000000e+03 3.604490000000000194e+00 -1.363610000000000100e-01 1.006259999999999932e-01
4.044000000000000000e+03 3.597649999999999793e+00 -1.359410000000000063e-01 1.004329999999999945e-01
4.045000000000000000e+03 3.590809999999999835e+00 -1.355240000000000056e-01 1.002409999999999968e-01
4.046000000000000000e+03 3.584000000000000075e+00 -1.351110000000000089e-01 1.000500000000000000e-01
4.047000000000000000e+03 3.577189999999999870e+00 -1.346999999999999864e-01 9.986019999999999619e-02
4.048000000000000000e+03 3.570390000000000175e+00 -1.342919999999999947e-01 9.967109999999999859e-02
4.049000000000000000e+03 3.563610000000000166e+00 -1.338880000000000070e-01 9.948300000000000198e-02
4.050000000000000000e+03 3.556839999999999780e+00 -1.334859999999999935e-01 9.929580000000000350e-02
4.051000000000000000e+03 3.550079999999999902e+00 -1.330880000000000118e-01 9.910960000000000603e-02
4.052000000000000000e+03 3.543340000000000156e+00 -1.326930000000000054e-01 9.892430000000000667e-02
4.053000000000000000e+03 3.536599999999999966e+00 -1.323000000000000009e-01 9.873999999999999444e-02
4.054000000000000000e+03 3.529879999999999907e+00 -1.319110000000000005e-01 9.855650000000000521e-02
4.055000000000000000e+03 3.523179999999999978e+00 -1.315260000000000040e-01 9.837400000000000311e-02
4.056000000000000000e+03 3.516490000000000116e+00 -1.311430000000000096e-01 9.819229999999999625e-02
4.057000000000000000e+03 3.509799999999999809e+00 -1.307629999999999904e-01 9.801150000000000140e-02
4.058000000000000000e+03 3.503140000000000143e+00 -1.303870000000000029e-01 9.783150000000000179e-02
4.059000000000000000e+03 3.496490000000000098e+00 -1.300139999999999907e-01 9.765250000000000319e-02
4.060000000000000000e+03 3.489850000000000119e+00 -1.296430000000000082e-01 9.747419999999999696e-02
4.061000000000000000e+03 3.483229999999999826e+00 -1.292770000000000030e-01 9.729680000000000273e-02
4.062000000000000000e+03 3.476620000000000044e+00 -1.289129999999999998e-01 9.712020000000000375e-02
4.063000000000000000e+03 3.470019999999999882e+00 -1.285519999999999996e-01 9.694440000000000002e-02
4.064000000000000000e+03 3.463439999999999852e+00 -1.281950000000000034e-01 9.676930000000000254e-02
4.065000000000000000e+03 3.456879999999999953e+00 -1.278410000000000102e-01 9.659510000000000318e-02
4.066000000000000000e+03 3.450330000000000119e+00 -1.274899999999999922e-01 9.642159999999999620e-02
4.067000000000000000e+03 3.443789999999999907e+00 -1.271420000000000050e-01 9.624889999999999834e-02
4.068000000000000000e+03 3.437269999999999825e+00 -1.267979999999999940e-01 9.607690000000000674e-02
4.069000000000000000e+03 3.430759999999999810e+00 -1.264560000000000128e-01 9.590559999999999363e-02
4.070000000000000000e+03 3.424279999999999990e+00 -1.261180000000000079e-01 9.573500000000000065e-02
4.071000000000000000e+03 3.417800000000000171e+00 -1.257830000000000059e-01 9.556520000000000292e-02
4.072000000000000000e+03 3.411340000000000039e+00 -1.254510000000000070e-01 9.539599999999999469e-02
4.073000000000000000e+03 3.404900000000000038e+00 -1.251220000000000110e-01 9.522750000000000659e-02
4.074000000000000000e+03 3.398480000000000167e+00 -1.247970000000000051e-01 9.505959999999999410e-02
4.075000000000000000e+03 3.392059999999999853e+00 -1.244740000000000013e-01 9.489240000000000175e-02
4.076000000000000000e+03 3.385670000000000179e+00 -1.241550000000000015e-01 9.472579999999999889e-02
4.077000000000000000e+03 3.379290000000000127e+00 -1.238390000000000046e-01 9.455990000000000228e-02
4.078000000000000000e+03 3.372930000000000206e+00 -1.235259999999999969e-01 9.439459999999999518e-02
4.079000000000000000e+03 3.366579999999999906e+00 -1.232160000000000061e-01 9.422980000000000245e-02
4.080000000000000000e+03 3.360259999999999803e+00 -1.229090000000000044e-01 9.406570000000000209e-02
4.081000000000000000e+03 3.353940000000000143e+00 -1.226060000000000066e-01 9.390210000000000223e-02
4.082000000000000000e+03 3.347649999999999793e+00 -1.223049999999999971e-01 9.373900000000000288e-02
4.083000000000000000e+03 3.341369999999999951e+00 -1.220070000000000043e-01 9.357659999999999589e-02
4.084000000000000000e+03 3.335109999999999797e+00 -1.217130000000000017e-01 9.341460000000000041e-02
4.085000000000000000e+03 3.328870000000000218e+00 -1.214210000000000012e-01 9.325319999999999443e-02
4.086000000000000000e+03 3.322639999999999816e+00 -1.211330000000000046e-01 9.309230000000000282e-02
4.087000000000000000e+03 3.316429999999999989e+00 -1.208469999999999961e-01 9.293179999999999497e-02
4.088000000000000000e+03 3.310239999999999849e+00 -1.205640000000000045e-01 9.277190000000000436e-02
4.089000000000000000e+03 3.304069999999999840e+00 -1.202850000000000030e-01 9.261239999999999750e-02
4.090000000000000000e+03 3.297909999999999897e+00 -1.200080000000000036e-01 9.245340000000000502e-02
4.091000000000000000e+03 3.291770000000000085e+00 -1.197339999999999932e-01 9.229479999999999629e-02
4.092000000000000000e+03 3.285660000000000025e+00 -1.194640000000000007e-01 9.213670000000000193e-02
4.093000000000000000e+03 3.279549999999999965e+00 -1.191959999999999964e-01 9.197900000000000520e-02
4.094000000000000000e+03 3.273470000000000102e+00 -1.189299999999999941e-01 9.182170000000000609e-02
4.095000000000000000e+03 3.267399999999999860e+00 -1.186679999999999957e-01 9.166480000000000461e-02
4.096000000000000000e+03 3.261350000000000193e+00 -1.184090000000000004e-01 9.150819999999999788e-02
4.097000000000000000e+03 3.255320000000000213e+00 -1.181519999999999931e-01 9.135210000000000552e-02
4.098000000000000000e+03 3.249309999999999921e+00 -1.178980000000000028e-01 9.119629999999999403e-02
4.099000000000000000e+03 3.243320000000000203e+00 -1.176470000000000016e-01 9.104089999999999405e-02
4.100000000000000000e+03 3.237350000000000172e+00 -1.173980000000000024e-01 9.088580000000000270e-02
4.101000000000000000e+03 3.231390000000000207e+00 -1.171520000000000061e-01 9.073100000000000609e-02
4.102000000000000000e+03 3.225449999999999928e+00 -1.169089999999999990e-01 9.057659999999999323e-02
4.103000000000000000e+03 3.219529999999999781e+00 -1.166679999999999939e-01 9.042240000000000000e-02
4.104000000000000000e+03 3.213630000000000209e+00 -1.164300000000000057e-01 9.026860000000000439e-02
4.105000000000000000e+03 3.207749999999999879e+00 -1.161950000000000066e-01 9.011500000000000066e-02
4.106000000000000000e+03 3.201890000000000125e+00 -1.159619999999999956e-01 8.996179999999999455e-02
4.107000000000000000e+03 3.196039999999999992e+00 -1.157320000000000015e-01 8.980870000000000519e-02
4.108000000000000000e+03 3.190220000000000056e+00 -1.155039999999999956e-01 8.965599999999999958e-02
4.109000000000000000e+03 3.184410000000000185e+00 -1.152780000000000055e-01 8.950339999999999685e-02
4.110000000000000000e+03 3.178630000000000067e+00 -1.150550000000000045e-01 8.935110000000000274e-02
4.111000000000000000e+03 3.172860000000000014e+00 -1.148350000000000065e-01 8.919910000000000339e-02
4.112000000000000000e+03 3.167110000000000092e+00 -1.146169999999999967e-01 8.904720000000000690e-02
4.113000000000000000e+03 3.161379999999999857e+00 -1.144010000000000027e-01 8.889550000000000229e-02
4.114000000000000000e+03 3.155670000000000197e+00 -1.141869999999999968e-01 8.874410000000000631e-02
4.115000000000000000e+03 3.149979999999999780e+00 -1.139759999999999940e-01 8.859279999999999933e-02
4.116000000000000000e+03 3.144309999999999938e+00 -1.137669999999999931e-01 8.844159999999999522e-02
4.117000000000000000e+03 3.138650000000000162e+00 -1.135599999999999943e-01 8.829069999999999974e-02
4.118000000000000000e+03 3.133020000000000138e+00 -1.133549999999999974e-01 8.813989999999999325e-02
4.119000000000000000e+03 3.127400000000000180e+00 -1.131520000000000026e-01 8.798920000000000352e-02
4.120000000000000000e+03 3.121809999999999974e+00 -1.129519999999999968e-01 8.783870000000000566e-02
4.121000000000000000e+03 3.116229999999999833e+00 -1.127539999999999931e-01 8.768829999999999680e-02
4.122000000000000000e+03 3.110669999999999824e+00 -1.125570000000000043e-01 8.753809999999999369e-02
4.123000000000000000e+03 3.105129999999999946e+00 -1.123630000000000045e-01 8.738790000000000446e-02
4.124000000000000000e+03 3.099619999999999820e+00 -1.121700000000000058e-01 8.723780000000000423e-02
4.125000000000000000e+03 3.094120000000000203e+00 -1.119799999999999962e-01 8.708789999999999587e-02
4.126000000000000000e+03 3.088639999999999830e+00 -1.117910000000000015e-01 8.693800000000000139e-02
4.127000000000000000e+03 3.083169999999999966e+00 -1.116049999999999959e-01 8.678819999999999590e-02
4.128000000000000000e+03 3.077729999999999855e+00 -1.114200000000000051e-01 8.663849999999999330e-02
4.129000000000000000e+03 3.072309999999999874e+00 -1.112370000000000025e-01 8.648880000000000456e-02
4.130000000000000000e+03 3.066910000000000025e+00 -1.110550000000000009e-01 8.633920000000000483e-02
4.131000000000000000e+03 3.061519999999999797e+00 -1.108760000000000023e-01 8.618969999999999410e-02
4.132000000000000000e+03 3.056160000000000210e+00 -1.106980000000000047e-01 8.604009999999999436e-02
4.133000000000000000e+03 3.050809999999999800e+00 -1.105219999999999952e-01 8.589070000000000038e-02
4.134000000000000000e+03 3.045490000000000030e+00 -1.103470000000000006e-01 8.574120000000000352e-02
4.135000000000000000e+03 3.040179999999999882e+00 -1.101739999999999942e-01 8.559179999999999566e-02
4.136000000000000000e+03 3.034889999999999866e+00 -1.100030000000000036e-01 8.544240000000000168e-02
4.137000000000000000e+03 3.029619999999999980e+00 -1.098330000000000001e-01 8.529299999999999382e-02
4.138000000000000000e+03 3.024369999999999781e+00 -1.096639999999999976e-01 8.514359999999999984e-02
4.139000000000000000e+03 3.019140000000000157e+00 -1.094969999999999971e-01 8.499420000000000586e-02
4.140000000000000000e+03 3.013920000000000154e+00 -1.093309999999999976e-01 8.484479999999999800e-02
4.141000000000000000e+03 3.008729999999999905e+00 -1.091670000000000001e-01 8.469540000000000401e-02
4.142000000000000000e+03 3.003559999999999786e+00 -1.090040000000000037e-01 8.454599999999999616e-02
4.143000000000000000e+03 2.998400000000000176e+00 -1.088419999999999943e-01 8.439649999999999930e-02
4.144000000000000000e+03 2.993259999999999810e+00 -1.086820000000000008e-01 8.424700000000000244e-02
4.145000000000000000e+03 2.988140000000000018e+00 -1.085229999999999945e-01 8.409750000000000558e-02
4.146000000000000000e+03 2.983039999999999914e+00 -1.083650000000000030e-01 8.394799999999999485e-02
4.147000000000000000e+03 2.977959999999999940e+00 -1.082079999999999986e-01 8.379839999999999511e-02
4.148000000000000000e+03 2.972900000000000098e+00 -1.080519999999999953e-01 8.364879999999999538e-02
4.149000000000000000e+03 2.967849999999999877e+00 -1.078979999999999939e-01 8.349919999999999565e-02
4.150000000000000000e+03 2.962829999999999853e+00 -1.077440000000000064e-01 8.334950000000000692e-02
4.151000000000000000e+03 2.957819999999999894e+00 -1.075910000000000061e-01 8.319970000000000143e-02
4.152000000000000000e+03 2.952830000000000066e+00 -1.074399999999999938e-01 8.304989999999999595e-02
4.153000000000000000e+03 2.947849999999999859e+00 -1.072889999999999955e-01 8.290000000000000147e-02
4.154000000000000000e+03 2.942899999999999849e+00 -1.071389999999999981e-01 8.275009999999999311e-02
4.155000000000000000e+03 2.937969999999999970e+00 -1.069900000000000018e-01 8.260000000000000675e-02
4.156000000000000000e+03 2.933050000000000157e+00 -1.068420000000000064e-01 8.244999999999999551e-02
4.157000000000000000e+03 2.928150000000000031e+00 -1.066949999999999982e-01 8.229980000000000628e-02
4.158000000000000000e+03 2.923270000000000035e+00 -1.065490000000000048e-01 8.214960000000000317e-02
4.159000000000000000e+03 2.918410000000000171e+00 -1.064029999999999976e-01 8.199929999999999719e-02
4.160000000000000000e+03 2.913559999999999928e+00 -1.062580000000000052e-01 8.184890000000000221e-02
4.161000000000000000e+03 2.908729999999999816e+00 -1.061129999999999990e-01 8.169849999999999335e-02
4.162000000000000000e+03 2.903919999999999835e+00 -1.059699999999999948e-01 8.154799999999999549e-02
4.163000000000000000e+03 2.899129999999999985e+00 -1.058270000000000044e-01 8.139739999999999476e-02
4.164000000000000000e+03 2.894350000000000200e+00 -1.056840000000000002e-01 8.124670000000000503e-02
4.165000000000000000e+03 2.889590000000000103e+00 -1.055419999999999969e-01 8.109589999999999854e-02
4.166000000000000000e+03 2.884850000000000136e+00 -1.054009999999999947e-01 8.094500000000000306e-02
4.167000000000000000e+03 2.880129999999999857e+00 -1.052600000000000063e-01 8.079409999999999370e-02
4.168000000000000000e+03 2.875420000000000087e+00 -1.051190000000000041e-01 8.064309999999999534e-02
4.169000000000000000e+03 2.870730000000000004e+00 -1.049790000000000029e-01 8.049190000000000511e-02
4.170000000000000000e+03 2.866060000000000052e+00 -1.048390000000000016e-01 8.034070000000000100e-02
4.171000000000000000e+03 2.861400000000000166e+00 -1.047000000000000014e-01 8.018949999999999689e-02
4.172000000000000000e+03 2.856759999999999966e+00 -1.045610000000000012e-01 8.003810000000000091e-02
4.173000000000000000e+03 2.852139999999999898e+00 -1.044220000000000009e-01 7.988660000000000205e-02
4.174000000000000000e+03 2.847529999999999895e+00 -1.042830000000000007e-01 7.973510000000000320e-02
4.175000000000000000e+03 2.842940000000000023e+00 -1.041450000000000015e-01 7.958350000000000146e-02
4.176000000000000000e+03 2.838369999999999838e+00 -1.040070000000000022e-01 7.943169999999999398e-02
4.177000000000000000e+03 2.833810000000000162e+00 -1.038690000000000030e-01 7.927990000000000037e-02
4.178000000000000000e+03 2.829270000000000174e+00 -1.037320000000000048e-01 7.912810000000000676e-02
4.179000000000000000e+03 2.824739999999999807e+00 -1.035940000000000055e-01 7.897609999999999353e-02
4.180000000000000000e+03 2.820230000000000015e+00 -1.034569999999999934e-01 7.882409999999999417e-02
4.181000000000000000e+03 2.815729999999999844e+00 -1.033189999999999942e-01 7.867200000000000581e-02
4.182000000000000000e+03 2.811259999999999870e+00 -1.031819999999999959e-01 7.851980000000000071e-02
4.183000000000000000e+03 2.806789999999999896e+00 -1.030449999999999977e-01 7.836750000000000660e-02
4.184000000000000000e+03 2.802350000000000119e+00 -1.029069999999999985e-01 7.821509999999999574e-02
4.185000000000000000e+03 2.797909999999999897e+00 -1.027700000000000002e-01 7.806269999999999876e-02
4.186000000000000000e+03 2.793499999999999872e+00 -1.026330000000000020e-01 7.791030000000000177e-02
4.187000000000000000e+03 2.789089999999999847e+00 -1.024950000000000028e-01 7.775769999999999904e-02
4.188000000000000000e+03 2.784710000000000019e+00 -1.023580000000000045e-01 7.760509999999999631e-02
4.189000000000000000e+03 2.780330000000000190e+00 -1.022200000000000053e-01 7.745240000000000458e-02
4.190000000000000000e+03 2.775980000000000114e+00 -1.020820000000000061e-01 7.729969999999999897e-02
4.191000000000000000e+03 2.771630000000000038e+00 -1.019440000000000068e-01 7.714690000000000436e-02
4.192000000000000000e+03 2.767310000000000159e+00 -1.018059999999999937e-01 7.699400000000000688e-02
4.193000000000000000e+03 2.762989999999999835e+00 -1.016679999999999945e-01 7.684109999999999552e-02
4.194000000000000000e+03 2.758690000000000087e+00 -1.015289999999999943e-01 7.668819999999999804e-02
4.195000000000000000e+03 2.754399999999999959e+00 -1.013909999999999950e-01 7.653519999999999768e-02
4.196000000000000000e+03 2.750129999999999963e+00 -1.012519999999999948e-01 7.638219999999999732e-02
4.197000000000000000e+03 2.745880000000000098e+00 -1.011119999999999935e-01 7.622909999999999409e-02
4.198000000000000000e+03 2.741629999999999789e+00 -1.009729999999999933e-01 7.607600000000000473e-02
4.199000000000000000e+03 2.737400000000000055e+00 -1.008330000000000060e-01 7.592290000000000150e-02
4.200000000000000000e+03 2.733190000000000008e+00 -1.006920000000000037e-01 7.576969999999999539e-02
4.201000000000000000e+03 2.728979999999999961e+00 -1.005520000000000025e-01 7.561660000000000603e-02
4.202000000000000000e+03 2.724790000000000045e+00 -1.004110000000000003e-01 7.546339999999999992e-02
4.203000000000000000e+03 2.720619999999999816e+00 -1.002689999999999970e-01 7.531019999999999381e-02
4.204000000000000000e+03 2.716460000000000097e+00 -1.001279999999999948e-01 7.515700000000000158e-02
4.205000000000000000e+03 2.712299999999999933e+00 -9.998550000000000493e-02 7.500370000000000648e-02
4.206000000000000000e+03 2.708169999999999966e+00 -9.984289999999999832e-02 7.485050000000000037e-02
4.207000000000000000e+03 2.704039999999999999e+00 -9.969989999999999408e-02 7.469729999999999426e-02
4.208000000000000000e+03 2.699930000000000163e+00 -9.955640000000000323e-02 7.454410000000000203e-02
4.209000000000000000e+03 2.695829999999999949e+00 -9.941239999999999799e-02 7.439089999999999592e-02
4.210000000000000000e+03 2.691749999999999865e+00 -9.926790000000000613e-02 7.423770000000000369e-02
4.211000000000000000e+03 2.687669999999999781e+00 -9.912289999999999990e-02 7.408460000000000045e-02
4.212000000000000000e+03 2.683609999999999829e+00 -9.897749999999999604e-02 7.393139999999999434e-02
4.213000000000000000e+03 2.679559999999999942e+00 -9.883150000000000268e-02 7.377830000000000499e-02
4.214000000000000000e+03 2.675520000000000120e+00 -9.868499999999999495e-02 7.362530000000000463e-02
4.215000000000000000e+03 2.671489999999999920e+00 -9.853789999999999771e-02 7.347220000000000140e-02
4.216000000000000000e+03 2.667479999999999851e+00 -9.839029999999999998e-02 7.331930000000000391e-02
4.217000000000000000e+03 2.663479999999999848e+00 -9.824220000000000175e-02 7.316640000000000643e-02
4.218000000000000000e+03 2.659489999999999910e+00 -9.809339999999999726e-02 7.301349999999999507e-02
4.219000000000000000e+03 2.655499999999999972e+00 -9.794410000000000616e-02 7.286070000000000046e-02
4.220000000000000000e+03 2.651539999999999786e+00 -9.779430000000000067e-02 7.270799999999999486e-02
4.221000000000000000e+03 2.647580000000000044e+00 -9.764380000000000281e-02 7.255530000000000312e-02
4.222000000000000000e+03 2.643629999999999924e+00 -9.749270000000000158e-02 7.240270000000000039e-02
4.223000000000000000e+03 2.639699999999999935e+00 -9.734099999999999697e-02 7.225020000000000053e-02
4.224000000000000000e+03 2.635769999999999946e+00 -9.718880000000000574e-02 7.209780000000000355e-02
4.225000000000000000e+03 2.631860000000000088e+00 -9.703589999999999438e-02 7.194549999999999557e-02
4.226000000000000000e+03 2.627959999999999852e+00 -9.688230000000000453e-02 7.179330000000000434e-02
4.227000000000000000e+03 2.624060000000000059e+00 -9.672820000000000029e-02 7.164109999999999923e-02
4.228000000000000000e+03 2.620179999999999954e+00 -9.657340000000000368e-02 7.148909999999999987e-02
4.229000000000000000e+03 2.616309999999999913e+00 -9.641800000000000370e-02 7.133730000000000626e-02
4.230000000000000000e+03 2.612449999999999939e+00 -9.626200000000000034e-02 7.118549999999999878e-02
4.231000000000000000e+03 2.608589999999999964e+00 -9.610530000000000461e-02 7.103389999999999704e-02
4.232000000000000000e+03 2.604750000000000121e+00 -9.594800000000000550e-02 7.088229999999999531e-02
4.233000000000000000e+03 2.600919999999999899e+00 -9.579000000000000015e-02 7.073100000000000220e-02
4.234000000000000000e+03 2.597100000000000186e+00 -9.563140000000000529e-02 7.057979999999999809e-02
4.235000000000000000e+03 2.593280000000000030e+00 -9.547219999999999318e-02 7.042869999999999686e-02
4.236000000000000000e+03 2.589480000000000004e+00 -9.531230000000000258e-02 7.027780000000000138e-02
4.237000000000000000e+03 2.585690000000000044e+00 -9.515179999999999472e-02 7.012699999999999489e-02
4.238000000000000000e+03 2.581910000000000149e+00 -9.499059999999999448e-02 6.997649999999999704e-02
4.239000000000000000e+03 2.578129999999999811e+00 -9.482880000000000476e-02 6.982599999999999918e-02
4.240000000000000000e+03 2.574359999999999982e+00 -9.466629999999999490e-02 6.967579999999999607e-02
4.241000000000000000e+03 2.570609999999999840e+00 -9.450319999999999554e-02 6.952579999999999871e-02
4.242000000000000000e+03 2.566860000000000142e+00 -9.433950000000000669e-02 6.937590000000000423e-02
4.243000000000000000e+03 2.563120000000000065e+00 -9.417520000000000058e-02 6.922620000000000162e-02
4.244000000000000000e+03 2.559390000000000054e+00 -9.401020000000000210e-02 6.907679999999999376e-02
4.245000000000000000e+03 2.555670000000000108e+00 -9.384449999999999736e-02 6.892750000000000266e-02
4.246000000000000000e+03 2.551959999999999784e+00 -9.367830000000000601e-02 6.877850000000000630e-02
4.247000000000000000e+03 2.548249999999999904e+00 -9.351139999999999453e-02 6.862970000000000181e-02
4.248000000000000000e+03 2.544550000000000090e+00 -9.334389999999999354e-02 6.848110000000000308e-02
4.249000000000000000e+03 2.540859999999999896e+00 -9.317580000000000306e-02 6.833269999999999622e-02
4.250000000000000000e+03 2.537189999999999834e+00 -9.300709999999999533e-02 6.818459999999999799e-02
4.251000000000000000e+03 2.533510000000000151e+00 -9.283779999999999810e-02 6.803670000000000551e-02
4.252000000000000000e+03 2.529850000000000154e+00 -9.266789999999999750e-02 6.788909999999999390e-02
4.253000000000000000e+03 2.526190000000000158e+00 -9.249739999999999351e-02 6.774170000000000191e-02
4.254000000000000000e+03 2.522549999999999848e+00 -9.232640000000000291e-02 6.759450000000000180e-02
4.255000000000000000e+03 2.518909999999999982e+00 -9.215470000000000605e-02 6.744769999999999932e-02
4.256000000000000000e+03 2.515280000000000182e+00 -9.198249999999999482e-02 6.730099999999999971e-02
4.257000000000000000e+03 2.511649999999999938e+00 -9.180969999999999409e-02 6.715469999999999773e-02
4.258000000000000000e+03 2.508039999999999825e+00 -9.163640000000000674e-02 6.700870000000000437e-02
4.259000000000000000e+03 2.504420000000000091e+00 -9.146260000000000501e-02 6.686290000000000289e-02
4.260000000000000000e+03 2.500820000000000043e+00 -9.128809999999999703e-02 6.671739999999999615e-02
4.261000000000000000e+03 2.497230000000000061e+00 -9.111320000000000530e-02 6.657219999999999804e-02
4.262000000000000000e+03 2.493640000000000079e+00 -9.093779999999999919e-02 6.642739999999999756e-02
4.263000000000000000e+03 2.490060000000000162e+00 -9.076180000000000359e-02 6.628280000000000283e-02
4.264000000000000000e+03 2.486489999999999867e+00 -9.058539999999999648e-02 6.613850000000000284e-02
4.265000000000000000e+03 2.482920000000000016e+00 -9.040839999999999987e-02 6.599460000000000048e-02
4.266000000000000000e+03 2.479359999999999786e+00 -9.023100000000000565e-02 6.585090000000000388e-02
4.267000000000000000e+03 2.475810000000000066e+00 -9.005309999999999704e-02 6.570760000000000489e-02
4.268000000000000000e+03 2.472259999999999902e+00 -8.987480000000000468e-02 6.556460000000000066e-02
4.269000000000000000e+03 2.468719999999999803e+00 -8.969599999999999795e-02 6.542199999999999405e-02
4.270000000000000000e+03 2.465190000000000214e+00 -8.951670000000000460e-02 6.527969999999999606e-02
4.271000000000000000e+03 2.461660000000000181e+00 -8.933710000000000262e-02 6.513770000000000671e-02
4.272000000000000000e+03 2.458149999999999835e+00 -8.915700000000000014e-02 6.499610000000000110e-02
4.273000000000000000e+03 2.454629999999999868e+00 -8.897650000000000003e-02 6.485480000000000411e-02
4.274000000000000000e+03 2.451130000000000031e+00 -8.879570000000000518e-02 6.471390000000000475e-02
4.275000000000000000e+03 2.447620000000000129e+00 -8.861439999999999595e-02 6.457340000000000302e-02
4.276000000000000000e+03 2.444129999999999914e+00 -8.843280000000000585e-02 6.443319999999999603e-02
4.277000000000000000e+03 2.440640000000000143e+00 -8.825089999999999324e-02 6.429340000000000055e-02
4.278000000000000000e+03 2.437159999999999993e+00 -8.806859999999999689e-02 6.415389999999999981e-02
4.279000000000000000e+03 2.433689999999999909e+00 -8.788600000000000578e-02 6.401489999999999958e-02
4.280000000000000000e+03 2.430219999999999825e+00 -8.770300000000000318e-02 6.387619999999999409e-02
4.281000000000000000e+03 2.426759999999999806e+00 -8.751979999999999482e-02 6.373790000000000011e-02
4.282000000000000000e+03 2.423299999999999788e+00 -8.733630000000000559e-02 6.360000000000000375e-02
4.283000000000000000e+03 2.419849999999999834e+00 -8.715240000000000486e-02 6.346250000000000502e-02
4.284000000000000000e+03 2.416399999999999881e+00 -8.696840000000000126e-02 6.332530000000000103e-02
4.285000000000000000e+03 2.412959999999999994e+00 -8.678410000000000291e-02 6.318859999999999755e-02
4.286000000000000000e+03 2.409530000000000172e+00 -8.659949999999999593e-02 6.305230000000000556e-02
4.287000000000000000e+03 2.406099999999999905e+00 -8.641479999999999995e-02 6.291639999999999733e-02
4.288000000000000000e+03 2.402680000000000149e+00 -8.622979999999999534e-02 6.278090000000000059e-02
4.289000000000000000e+03 2.399259999999999948e+00 -8.604459999999999886e-02 6.264580000000000148e-02
4.290000000000000000e+03 2.395859999999999879e+00 -8.585929999999999951e-02 6.251120000000000287e-02
4.291000000000000000e+03 2.392450000000000188e+00 -8.567379999999999440e-02 6.237689999999999901e-02
4.292000000000000000e+03 2.389050000000000118e+00 -8.548809999999999742e-02 6.224310000000000259e-02
4.293000000000000000e+03 2.385650000000000048e+00 -8.530240000000000045e-02 6.210969999999999686e-02
4.294000000000000000e+03 2.382270000000000110e+00 -8.511649999999999772e-02 6.197670000000000262e-02
4.295000000000000000e+03 2.378880000000000106e+00 -8.493050000000000599e-02 6.184420000000000195e-02
4.296000000000000000e+03 2.375509999999999788e+00 -8.474439999999999751e-02 6.171209999999999890e-02
4.297000000000000000e+03 2.372129999999999850e+00 -8.455820000000000003e-02 6.158040000000000042e-02
4.298000000000000000e+03 2.368770000000000042e+00 -8.437200000000000255e-02 6.144920000000000243e-02
4.299000000000000000e+03 2.365400000000000169e+00 -8.418570000000000220e-02 6.131840000000000207e-02
4.300000000000000000e+03 2.362049999999999983e+00 -8.399940000000000184e-02 6.118810000000000221e-02
4.301000000000000000e+03 2.358699999999999797e+00 -8.381310000000000149e-02 6.105819999999999997e-02
4.302000000000000000e+03 2.355350000000000055e+00 -8.362669999999999826e-02 6.092879999999999824e-02
4.303000000000000000e+03 2.352009999999999934e+00 -8.344039999999999790e-02 6.079980000000000107e-02
4.304000000000000000e+03 2.348679999999999879e+00 -8.325409999999999755e-02 6.067120000000000152e-02
4.305000000000000000e+03 2.345349999999999824e+00 -8.306790000000000007e-02 6.054310000000000247e-02
4.306000000000000000e+03 2.342020000000000213e+00 -8.288170000000000259e-02 6.041549999999999698e-02
4.307000000000000000e+03 2.338699999999999779e+00 -8.269559999999999411e-02 6.028830000000000300e-02
4.308000000000000000e+03 2.335389999999999855e+00 -8.250960000000000238e-02 6.016160000000000257e-02
4.309000000000000000e+03 2.332079999999999931e+00 -8.232359999999999678e-02 6.003540000000000265e-02
4.310000000000000000e+03 2.328780000000000072e+00 -8.213779999999999692e-02 5.990960000000000035e-02
4.311000000000000000e+03 2.325470000000000148e+00 -8.195220000000000282e-02 5.978420000000000262e-02
4.312000000000000000e+03 2.322179999999999911e+00 -8.176659999999999484e-02 5.965940000000000132e-02
4.313000000000000000e+03 2.318890000000000118e+00 -8.158120000000000649e-02 5.953499999999999764e-02
4.314000000000000000e+03 2.315609999999999946e+00 -8.139599999999999613e-02 5.941099999999999853e-02
4.315000000000000000e+03 2.312330000000000219e+00 -8.121100000000000541e-02 5.928760000000000280e-02
4.316000000000000000e+03 2.309060000000000112e+00 -8.102620000000000655e-02 5.916459999999999775e-02
4.317000000000000000e+03 2.305779999999999941e+00 -8.084159999999999957e-02 5.904210000000000014e-02
4.318000000000000000e+03 2.302519999999999900e+00 -8.065730000000000122e-02 5.892000000000000015e-02
4.319000000000000000e+03 2.299259999999999859e+00 -8.047319999999999474e-02 5.879840000000000066e-02
4.320000000000000000e+03 2.296009999999999884e+00 -8.028929999999999401e-02 5.867730000000000168e-02
4.321000000000000000e+03 2.292759999999999909e+00 -8.010570000000000190e-02 5.855670000000000319e-02
4.322000000000000000e+03 2.289520000000000000e+00 -7.992240000000000455e-02 5.843650000000000233e-02
4.323000000000000000e+03 2.286270000000000024e+00 -7.973940000000000194e-02 5.831680000000000197e-02
4.324000000000000000e+03 2.283040000000000180e+00 -7.955669999999999409e-02 5.819760000000000211e-02
4.325000000000000000e+03 2.279809999999999892e+00 -7.937439999999999773e-02 5.807879999999999987e-02
4.326000000000000000e+03 2.276590000000000114e+00 -7.919229999999999325e-02 5.796049999999999813e-02
4.327000000000000000e+03 2.273369999999999891e+00 -7.901070000000000315e-02 5.784269999999999690e-02
4.328000000000000000e+03 2.270150000000000112e+00 -7.882939999999999392e-02 5.772540000000000310e-02
4.329000000000000000e+03 2.266939999999999955e+00 -7.864839999999999332e-02 5.760849999999999999e-02
4.330000000000000000e+03 2.263739999999999863e+00 -7.846789999999999321e-02 5.749220000000000025e-02
4.331000000000000000e+03 2.260540000000000216e+00 -7.828780000000000461e-02 5.737620000000000220e-02
4.332000000000000000e+03 2.257350000000000190e+00 -7.810809999999999975e-02 5.726080000000000059e-02
4.333000000000000000e+03 2.254150000000000098e+00 -7.792880000000000640e-02 5.714579999999999660e-02
4.334000000000000000e+03 2.250970000000000137e+00 -7.774989999999999679e-02 5.703130000000000005e-02
4.335000000000000000e+03 2.247790000000000177e+00 -7.757150000000000156e-02 5.691729999999999706e-02
4.336000000000000000e+03 2.244619999999999838e+00 -7.739360000000000683e-02 5.680369999999999864e-02
4.337000000000000000e+03 2.241439999999999877e+00 -7.721609999999999585e-02 5.669060000000000071e-02
4.338000000000000000e+03 2.238280000000000047e+00 -7.703909999999999925e-02 5.657800000000000329e-02
4.339000000000000000e+03 2.235120000000000218e+00 -7.686270000000000602e-02 5.646579999999999655e-02
4.340000000000000000e+03 2.231970000000000010e+00 -7.668669999999999654e-02 5.635409999999999725e-02
4.341000000000000000e+03 2.228810000000000180e+00 -7.651120000000000143e-02 5.624280000000000251e-02
4.342000000000000000e+03 2.225670000000000037e+00 -7.633629999999999582e-02 5.613200000000000134e-02
4.343000000000000000e+03 2.222529999999999895e+00 -7.616190000000000460e-02 5.602170000000000066e-02
4.344000000000000000e+03 2.219399999999999817e+00 -7.598810000000000286e-02 5.591179999999999761e-02
4.345000000000000000e+03 2.216260000000000119e+00 -7.581480000000000163e-02 5.580240000000000200e-02
4.346000000000000000e+03 2.213140000000000107e+00 -7.564210000000000378e-02 5.569349999999999995e-02
4.347000000000000000e+03 2.210020000000000095e+00 -7.546999999999999542e-02 5.558500000000000246e-02
4.348000000000000000e+03 2.206910000000000149e+00 -7.529840000000000144e-02 5.547690000000000260e-02
4.349000000000000000e+03 2.203790000000000138e+00 -7.512749999999999984e-02 5.536930000000000324e-02
4.350000000000000000e+03 2.200689999999999813e+00 -7.495709999999999873e-02 5.526219999999999744e-02
4.351000000000000000e+03 2.197589999999999932e+00 -7.478740000000000387e-02 5.515550000000000314e-02
4.352000000000000000e+03 2.194500000000000117e+00 -7.461829999999999852e-02 5.504919999999999952e-02
4.353000000000000000e+03 2.191409999999999858e+00 -7.444979999999999654e-02 5.494340000000000335e-02
4.354000000000000000e+03 2.188330000000000108e+00 -7.428200000000000081e-02 5.483799999999999786e-02
4.355000000000000000e+03 2.185239999999999849e+00 -7.411479999999999457e-02 5.473309999999999981e-02
4.356000000000000000e+03 2.182170000000000165e+00 -7.394829999999999459e-02 5.462859999999999938e-02
4.357000000000000000e+03 2.179100000000000037e+00 -7.378239999999999799e-02 5.452449999999999658e-02
4.358000000000000000e+03 2.176039999999999974e+00 -7.361719999999999375e-02 5.442090000000000122e-02
4.359000000000000000e+03 2.172979999999999912e+00 -7.345269999999999577e-02 5.431760000000000060e-02
4.360000000000000000e+03 2.169929999999999914e+00 -7.328880000000000117e-02 5.421490000000000337e-02
4.361000000000000000e+03 2.166879999999999917e+00 -7.312570000000000181e-02 5.411250000000000088e-02
4.362000000000000000e+03 2.163839999999999986e+00 -7.296320000000000583e-02 5.401059999999999889e-02
4.363000000000000000e+03 2.160800000000000054e+00 -7.280150000000000510e-02 5.390899999999999859e-02
4.364000000000000000e+03 2.157770000000000188e+00 -7.264049999999999674e-02 5.380789999999999879e-02
4.365000000000000000e+03 2.154739999999999878e+00 -7.248010000000000563e-02 5.370729999999999948e-02
4.366000000000000000e+03 2.151720000000000077e+00 -7.232049999999999590e-02 5.360700000000000187e-02
4.367000000000000000e+03 2.148699999999999832e+00 -7.216160000000000629e-02 5.350710000000000188e-02
4.368000000000000000e+03 2.145700000000000163e+00 -7.200349999999999806e-02 5.340759999999999952e-02
4.369000000000000000e+03 2.142689999999999984e+00 -7.184599999999999320e-02 5.330859999999999765e-02
4.370000000000000000e+03 2.139689999999999870e+00 -7.168929999999999747e-02 5.320989999999999748e-02
4.371000000000000000e+03 2.136690000000000200e+00 -7.153339999999999699e-02 5.311160000000000186e-02
4.372000000000000000e+03 2.133710000000000218e+00 -7.137820000000000276e-02 5.301379999999999981e-02
4.373000000000000000e+03 2.130720000000000169e+00 -7.122370000000000090e-02 5.291629999999999945e-02
4.374000000000000000e+03 2.127740000000000187e+00 -7.106999999999999429e-02 5.281919999999999671e-02
4.375000000000000000e+03 2.124769999999999825e+00 -7.091709999999999681e-02 5.272249999999999853e-02
4.376000000000000000e+03 2.121799999999999908e+00 -7.076490000000000558e-02 5.262610000000000204e-02
4.377000000000000000e+03 2.118840000000000057e+00 -7.061349999999999572e-02 5.253019999999999912e-02
4.378000000000000000e+03 2.115889999999999826e+00 -7.046280000000000598e-02 5.243459999999999788e-02
4.379000000000000000e+03 2.112929999999999975e+00 -7.031289999999999762e-02 5.233940000000000120e-02
4.380000000000000000e+03 2.109989999999999810e+00 -7.016379999999999839e-02 5.224449999999999927e-02
4.381000000000000000e+03 2.107050000000000090e+00 -7.001540000000000541e-02 5.215009999999999785e-02
4.382000000000000000e+03 2.104119999999999990e+00 -6.986779999999999380e-02 5.205590000000000217e-02
4.383000000000000000e+03 2.101179999999999826e+00 -6.972100000000000519e-02 5.196220000000000006e-02
4.384000000000000000e+03 2.098259999999999792e+00 -6.957499999999999796e-02 5.186879999999999963e-02
4.385000000000000000e+03 2.095340000000000202e+00 -6.942969999999999697e-02 5.177570000000000089e-02
4.386000000000000000e+03 2.092429999999999790e+00 -6.928520000000000512e-02 5.168299999999999977e-02
4.387000000000000000e+03 2.089529999999999887e+00 -6.914149999999999463e-02 5.159070000000000322e-02
4.388000000000000000e+03 2.086629999999999985e+00 -6.899859999999999327e-02 5.149859999999999854e-02
4.389000000000000000e+03 2.083730000000000082e+00 -6.885639999999999816e-02 5.140700000000000131e-02
4.390000000000000000e+03 2.080839999999999801e+00 -6.871499999999999830e-02 5.131560000000000288e-02
4.391000000000000000e+03 2.077960000000000029e+00 -6.857439999999999369e-02 5.122460000000000208e-02
4.392000000000000000e+03 2.075079999999999814e+00 -6.843459999999999821e-02 5.113390000000000296e-02
4.393000000000000000e+03 2.072210000000000107e+00 -6.829549999999999510e-02 5.104349999999999860e-02
4.394000000000000000e+03 2.069339999999999957e+00 -6.815720000000000112e-02 5.095349999999999879e-02
4.395000000000000000e+03 2.066479999999999873e+00 -6.801970000000000238e-02 5.086369999999999780e-02
4.396000000000000000e+03 2.063629999999999853e+00 -6.788299999999999890e-02 5.077430000000000138e-02
4.397000000000000000e+03 2.060779999999999834e+00 -6.774700000000000166e-02 5.068519999999999970e-02
4.398000000000000000e+03 2.057939999999999880e+00 -6.761179999999999968e-02 5.059639999999999971e-02
4.399000000000000000e+03 2.055099999999999927e+00 -6.747740000000000682e-02 5.050790000000000141e-02
4.400000000000000000e+03 2.052270000000000039e+00 -6.734370000000000633e-02 5.041969999999999785e-02
4.401000000000000000e+03 2.049440000000000150e+00 -6.721080000000000110e-02 5.033180000000000293e-02
4.402000000000000000e+03 2.046619999999999884e+00 -6.707860000000000211e-02 5.024420000000000275e-02
4.403000000000000000e+03 2.043800000000000061e+00 -6.694719999999999838e-02 5.015689999999999732e-02
4.404000000000000000e+03 2.040999999999999925e+00 -6.681650000000000089e-02 5.006979999999999764e-02
4.405000000000000000e+03 2.038190000000000168e+00 -6.668659999999999866e-02 4.998310000000000253e-02
4.406000000000000000e+03 2.035400000000000098e+00 -6.655740000000000267e-02 4.989659999999999929e-02
4.407000000000000000e+03 2.032599999999999962e+00 -6.642900000000000194e-02 4.981039999999999773e-02
4.408000000000000000e+03 2.029819999999999958e+00 -6.630129999999999357e-02 4.972440000000000193e-02
4.409000000000000000e+03 2.027039999999999953e+00 -6.617439999999999434e-02 4.963870000000000088e-02
4.410000000000000000e+03 2.024270000000000014e+00 -6.604820000000000135e-02 4.955330000000000151e-02
4.411000000000000000e+03 2.021500000000000075e+00 -6.592259999999999787e-02 4.946819999999999690e-02
4.412000000000000000e+03 2.018740000000000201e+00 -6.579790000000000638e-02 4.938329999999999803e-02
4.413000000000000000e+03 2.015979999999999883e+00 -6.567380000000000440e-02 4.929859999999999798e-02
4.414000000000000000e+03 2.013230000000000075e+00 -6.555039999999999478e-02 4.921419999999999961e-02
4.415000000000000000e+03 2.010489999999999888e+00 -6.542779999999999430e-02 4.913010000000000294e-02
4.416000000000000000e+03 2.007750000000000146e+00 -6.530579999999999719e-02 4.904619999999999813e-02
4.417000000000000000e+03 2.005020000000000024e+00 -6.518459999999999532e-02 4.896249999999999908e-02
4.418000000000000000e+03 2.002289999999999903e+00 -6.506399999999999684e-02 4.887910000000000171e-02
4.419000000000000000e+03 1.999570000000000070e+00 -6.494410000000000460e-02 4.879590000000000316e-02
4.420000000000000000e+03 1.996860000000000079e+00 -6.482490000000000474e-02 4.871290000000000342e-02
4.421000000000000000e+03 1.994150000000000089e+00 -6.470639999999999725e-02 4.863019999999999843e-02
4.422000000000000000e+03 1.991449999999999942e+00 -6.458849999999999314e-02 4.854760000000000325e-02
4.423000000000000000e+03 1.988750000000000018e+00 -6.447129999999999528e-02 4.846530000000000282e-02
4.424000000000000000e+03 1.986059999999999937e+00 -6.435480000000000367e-02 4.838320000000000121e-02
4.425000000000000000e+03 1.983370000000000077e+00 -6.423890000000000156e-02 4.830140000000000128e-02
4.426000000000000000e+03 1.980690000000000062e+00 -6.412360000000000282e-02 4.821969999999999729e-02
4.427000000000000000e+03 1.978019999999999889e+00 -6.400899999999999646e-02 4.813819999999999905e-02
4.428000000000000000e+03 1.975349999999999939e+00 -6.389499999999999347e-02 4.805700000000000249e-02
4.429000000000000000e+03 1.972690000000000055e+00 -6.378159999999999386e-02 4.797590000000000188e-02
4.430000000000000000e+03 1.970040000000000013e+00 -6.366879999999999762e-02 4.789500000000000007e-02
4.431000000000000000e+03 1.967379999999999907e+00 -6.355660000000000476e-02 4.781439999999999996e-02
4.432000000000000000e+03 1.964739999999999931e+00 -6.344510000000000427e-02 4.773390000000000272e-02
4.433000000000000000e+03 1.962099999999999955e+00 -6.333410000000000428e-02 4.765359999999999735e-02
4.434000000000000000e+03 1.959470000000000045e+00 -6.322369999999999379e-02 4.757349999999999773e-02
4.435000000000000000e+03 1.956849999999999978e+00 -6.311390000000000056e-02 4.749350000000000099e-02
4.436000000000000000e+03 1.954229999999999912e+00 -6.300469999999999682e-02 4.741379999999999900e-02
4.437000000000000000e+03 1.951610000000000067e+00 -6.289599999999999358e-02 4.733419999999999989e-02
4.438000000000000000e+03 1.949009999999999909e+00 -6.278789999999999372e-02 4.725479999999999958e-02
4.439000000000000000e+03 1.946399999999999908e+00 -6.268029999999999435e-02 4.717550000000000215e-02
4.440000000000000000e+03 1.943810000000000038e+00 -6.257329999999999837e-02 4.709649999999999948e-02
4.441000000000000000e+03 1.941210000000000102e+00 -6.246680000000000288e-02 4.701759999999999967e-02
4.442000000000000000e+03 1.938630000000000075e+00 -6.236080000000000095e-02 4.693880000000000274e-02
4.443000000000000000e+03 1.936050000000000049e+00 -6.225529999999999953e-02 4.686019999999999769e-02
4.444000000000000000e+03 1.933480000000000087e+00 -6.215040000000000148e-02 4.678179999999999839e-02
4.445000000000000000e+03 1.930909999999999904e+00 -6.204590000000000105e-02 4.670350000000000196e-02
4.446000000000000000e+03 1.928350000000000009e+00 -6.194190000000000113e-02 4.662539999999999740e-02
4.447000000000000000e+03 1.925789999999999891e+00 -6.183849999999999764e-02 4.654740000000000266e-02
4.448000000000000000e+03 1.923240000000000061e+00 -6.173549999999999871e-02 4.646959999999999980e-02
4.449000000000000000e+03 1.920700000000000074e+00 -6.163289999999999741e-02 4.639189999999999980e-02
4.450000000000000000e+03 1.918160000000000087e+00 -6.153079999999999661e-02 4.631430000000000269e-02
4.451000000000000000e+03 1.915620000000000100e+00 -6.142920000000000325e-02 4.623689999999999745e-02
4.452000000000000000e+03 1.913100000000000023e+00 -6.132800000000000057e-02 4.615960000000000202e-02
4.453000000000000000e+03 1.910579999999999945e+00 -6.122720000000000246e-02 4.608249999999999846e-02
4.454000000000000000e+03 1.908060000000000089e+00 -6.112689999999999790e-02 4.600540000000000185e-02
4.455000000000000000e+03 1.905550000000000077e+00 -6.102690000000000198e-02 4.592859999999999998e-02
4.456000000000000000e+03 1.903049999999999908e+00 -6.092739999999999961e-02 4.585179999999999811e-02
4.457000000000000000e+03 1.900549999999999962e+00 -6.082830000000000181e-02 4.577520000000000200e-02
4.458000000000000000e+03 1.898060000000000080e+00 -6.072960000000000164e-02 4.569870000000000182e-02
4.459000000000000000e+03 1.895569999999999977e+00 -6.063120000000000315e-02 4.562229999999999758e-02
4.460000000000000000e+03 1.893089999999999939e+00 -6.053320000000000228e-02 4.554600000000000315e-02
4.461000000000000000e+03 1.890609999999999902e+00 -6.043559999999999904e-02 4.546979999999999772e-02
4.462000000000000000e+03 1.888139999999999930e+00 -6.033840000000000037e-02 4.539379999999999804e-02
4.463000000000000000e+03 1.885669999999999957e+00 -6.024150000000000338e-02 4.531790000000000124e-02
4.464000000000000000e+03 1.883210000000000051e+00 -6.014490000000000114e-02 4.524199999999999749e-02
4.465000000000000000e+03 1.880759999999999987e+00 -6.004860000000000059e-02 4.516629999999999950e-02
4.466000000000000000e+03 1.878309999999999924e+00 -5.995269999999999766e-02 4.509069999999999745e-02
4.467000000000000000e+03 1.875860000000000083e+00 -5.985710000000000336e-02 4.501519999999999827e-02
4.468000000000000000e+03 1.873429999999999929e+00 -5.976179999999999687e-02 4.493980000000000197e-02
4.469000000000000000e+03 1.870989999999999931e+00 -5.966679999999999900e-02 4.486459999999999754e-02
4.470000000000000000e+03 1.868570000000000064e+00 -5.957210000000000283e-02 4.478940000000000005e-02
4.471000000000000000e+03 1.866139999999999910e+00 -5.947759999999999853e-02 4.471429999999999849e-02
4.472000000000000000e+03 1.863730000000000109e+00 -5.938340000000000285e-02 4.463929999999999981e-02
4.473000000000000000e+03 1.861320000000000086e+00 -5.928950000000000192e-02 4.456439999999999707e-02
4.474000000000000000e+03 1.858910000000000062e+00 -5.919590000000000268e-02 4.448959999999999720e-02
4.475000000000000000e+03 1.856510000000000105e+00 -5.910250000000000226e-02 4.441490000000000021e-02
4.476000000000000000e+03 1.854119999999999990e+00 -5.900930000000000064e-02 4.434029999999999916e-02
4.477000000000000000e+03 1.851730000000000098e+00 -5.891640000000000071e-02 4.426580000000000098e-02
4.478000000000000000e+03 1.849339999999999984e+00 -5.882359999999999672e-02 4.419130000000000280e-02
4.479000000000000000e+03 1.846959999999999935e+00 -5.873110000000000136e-02 4.411700000000000343e-02
4.480000000000000000e+03 1.844589999999999952e+00 -5.863879999999999787e-02 4.404280000000000000e-02
4.481000000000000000e+03 1.842219999999999969e+00 -5.854670000000000013e-02 4.396859999999999657e-02
4.482000000000000000e+03 1.839860000000000051e+00 -5.845480000000000120e-02 4.389450000000000296e-02
4.483000000000000000e+03 1.837490000000000068e+00 -5.836310000000000109e-02 4.382049999999999834e-02
4.484000000000000000e+03 1.835139999999999993e+00 -5.827149999999999691e-02 4.374659999999999660e-02
4.485000000000000000e+03 1.832789999999999919e+00 -5.818009999999999848e-02 4.367279999999999773e-02
4.486000000000000000e+03 1.830449999999999910e+00 -5.808889999999999887e-02 4.359899999999999887e-02
4.487000000000000000e+03 1.828109999999999902e+00 -5.799780000000000213e-02 4.352539999999999881e-02
4.488000000000000000e+03 1.825779999999999959e+00 -5.790689999999999726e-02 4.345179999999999876e-02
4.489000000000000000e+03 1.823450000000000015e+00 -5.781610000000000221e-02 4.337830000000000158e-02
4.490000000000000000e+03 1.821120000000000072e+00 -5.772540000000000310e-02 4.330490000000000034e-02
4.491000000000000000e+03 1.818799999999999972e+00 -5.763490000000000280e-02 4.323149999999999910e-02
4.492000000000000000e+03 1.816489999999999938e+00 -5.754449999999999843e-02 4.315829999999999667e-02
4.493000000000000000e+03 1.814179999999999904e+00 -5.745419999999999694e-02 4.308510000000000117e-02
4.494000000000000000e+03 1.811879999999999935e+00 -5.736390000000000239e-02 4.301200000000000162e-02
4.495000000000000000e+03 1.809569999999999901e+00 -5.727379999999999971e-02 4.293890000000000207e-02
4.496000000000000000e+03 1.807279999999999998e+00 -5.718379999999999991e-02 4.286600000000000132e-02
4.497000000000000000e+03 1.804990000000000094e+00 -5.709380000000000011e-02 4.279310000000000058e-02
4.498000000000000000e+03 1.802710000000000035e+00 -5.700399999999999912e-02 4.272030000000000272e-02
4.499000000000000000e+03 1.800419999999999909e+00 -5.691419999999999813e-02 4.264749999999999791e-02
4.500000000000000000e+03 1.798149999999999915e+00 -5.682439999999999714e-02 4.257489999999999886e-02
4.501000000000000000e+03 1.795870000000000077e+00 -5.673480000000000190e-02 4.250229999999999980e-02
4.502000000000000000e+03 1.793609999999999927e+00 -5.664509999999999684e-02 4.242979999999999668e-02
4.503000000000000000e+03 1.791339999999999932e+00 -5.655550000000000160e-02 4.235740000000000338e-02
4.504000000000000000e+03 1.789090000000000069e+00 -5.646600000000000230e-02 4.228500000000000314e-02
4.505000000000000000e+03 1.786829999999999918e+00 -5.637650000000000300e-02 4.221269999999999883e-02
4.506000000000000000e+03 1.784580000000000055e+00 -5.628699999999999676e-02 4.214049999999999740e-02
4.507000000000000000e+03 1.782340000000000035e+00 -5.619749999999999746e-02 4.206839999999999885e-02
4.508000000000000000e+03 1.780100000000000016e+00 -5.610810000000000103e-02 4.199630000000000030e-02
4.509000000000000000e+03 1.777859999999999996e+00 -5.601869999999999766e-02 4.192429999999999768e-02
4.510000000000000000e+03 1.775630000000000042e+00 -5.592930000000000124e-02 4.185239999999999794e-02
4.511000000000000000e+03 1.773400000000000087e+00 -5.583980000000000193e-02 4.178060000000000107e-02
4.512000000000000000e+03 1.771179999999999977e+00 -5.575039999999999857e-02 4.170879999999999727e-02
4.513000000000000000e+03 1.768960000000000088e+00 -5.566100000000000214e-02 4.163710000000000327e-02
4.514000000000000000e+03 1.766750000000000043e+00 -5.557150000000000284e-02 4.156549999999999828e-02
4.515000000000000000e+03 1.764539999999999997e+00 -5.548209999999999947e-02 4.149400000000000310e-02
4.516000000000000000e+03 1.762329999999999952e+00 -5.539260000000000017e-02 4.142250000000000099e-02
4.517000000000000000e+03 1.760129999999999972e+00 -5.530310000000000087e-02 4.135119999999999768e-02
4.518000000000000000e+03 1.757929999999999993e+00 -5.521349999999999869e-02 4.127979999999999844e-02
4.519000000000000000e+03 1.755740000000000078e+00 -5.512399999999999939e-02 4.120859999999999801e-02
4.520000000000000000e+03 1.753549999999999942e+00 -5.503439999999999721e-02 4.113750000000000046e-02
4.521000000000000000e+03 1.751360000000000028e+00 -5.494469999999999910e-02 4.106640000000000290e-02
4.522000000000000000e+03 1.749179999999999957e+00 -5.485500000000000098e-02 4.099540000000000128e-02
4.523000000000000000e+03 1.747000000000000108e+00 -5.476530000000000287e-02 4.092450000000000254e-02
4.524000000000000000e+03 1.744830000000000103e+00 -5.467550000000000188e-02 4.085359999999999686e-02
4.525000000000000000e+03 1.742660000000000098e+00 -5.458559999999999801e-02 4.078289999999999693e-02
4.526000000000000000e+03 1.740499999999999936e+00 -5.449570000000000108e-02 4.071219999999999700e-02
4.527000000000000000e+03 1.738329999999999931e+00 -5.440570000000000128e-02 4.064159999999999995e-02
4.528000000000000000e+03 1.736180000000000057e+00 -5.431570000000000148e-02 4.057109999999999883e-02
4.529000000000000000e+03 1.734019999999999895e+00 -5.422550000000000286e-02 4.050070000000000059e-02
4.530000000000000000e+03 1.731870000000000021e+00 -5.413540000000000019e-02 4.043030000000000235e-02
4.531000000000000000e+03 1.729719999999999924e+00 -5.404509999999999870e-02 4.036000000000000004e-02
4.532000000000000000e+03 1.727579999999999893e+00 -5.395479999999999721e-02 4.028989999999999655e-02
4.533000000000000000e+03 1.725440000000000085e+00 -5.386439999999999978e-02 4.021980000000000000e-02
4.534000000000000000e+03 1.723309999999999897e+00 -5.377389999999999948e-02 4.014979999999999938e-02
4.535000000000000000e+03 1.721170000000000089e+00 -5.368330000000000324e-02 4.007979999999999876e-02
4.536000000000000000e+03 1.719039999999999901e+00 -5.359259999999999718e-02 4.000999999999999696e-02
4.537000000000000000e+03 1.716920000000000002e+00 -5.350189999999999807e-02 3.994029999999999803e-02
4.538000000000000000e+03 1.714800000000000102e+00 -5.341110000000000302e-02 3.987059999999999910e-02
4.539000000000000000e+03 1.712679999999999980e+00 -5.332010000000000222e-02 3.980100000000000304e-02
4.540000000000000000e+03 1.710569999999999924e+00 -5.322910000000000141e-02 3.973159999999999886e-02
4.541000000000000000e+03 1.708450000000000024e+00 -5.313799999999999774e-02 3.966220000000000162e-02
4.542000000000000000e+03 1.706350000000000033e+00 -5.304679999999999812e-02 3.959290000000000032e-02
4.543000000000000000e+03 1.704239999999999977e+00 -5.295550000000000257e-02 3.952370000000000189e-02
4.544000000000000000e+03 1.702139999999999986e+00 -5.286409999999999720e-02 3.945459999999999939e-02
4.545000000000000000e+03 1.700050000000000061e+00 -5.277260000000000284e-02 3.938559999999999978e-02
4.546000000000000000e+03 1.697950000000000070e+00 -5.268110000000000154e-02 3.931670000000000303e-02
4.547000000000000000e+03 1.695859999999999923e+00 -5.258940000000000142e-02 3.924779999999999935e-02
4.548000000000000000e+03 1.693780000000000063e+00 -5.249759999999999843e-02 3.917910000000000142e-02
4.549000000000000000e+03 1.691689999999999916e+00 -5.240569999999999951e-02 3.911049999999999943e-02
4.550000000000000000e+03 1.689610000000000056e+00 -5.231369999999999770e-02 3.904200000000000031e-02
4.551000000000000000e+03 1.687529999999999974e+00 -5.222170000000000284e-02 3.897359999999999713e-02
4.552000000000000000e+03 1.685459999999999958e+00 -5.212950000000000222e-02 3.890529999999999683e-02
4.553000000000000000e+03 1.683389999999999942e+00 -5.203719999999999873e-02 3.883709999999999940e-02
4.554000000000000000e+03 1.681319999999999926e+00 -5.194490000000000218e-02 3.876899999999999791e-02
4.555000000000000000e+03 1.679259999999999975e+00 -5.185239999999999988e-02 3.870099999999999929e-02
4.556000000000000000e+03 1.677200000000000024e+00 -5.175980000000000164e-02 3.863309999999999661e-02
4.557000000000000000e+03 1.675140000000000073e+00 -5.166720000000000340e-02 3.856529999999999681e-02
4.558000000000000000e+03 1.673089999999999966e+00 -5.157439999999999941e-02 3.849759999999999988e-02
4.559000000000000000e+03 1.671030000000000015e+00 -5.148160000000000236e-02 3.842999999999999888e-02
4.560000000000000000e+03 1.668979999999999908e+00 -5.138859999999999956e-02 3.836259999999999670e-02
4.561000000000000000e+03 1.666940000000000088e+00 -5.129559999999999675e-02 3.829520000000000146e-02
4.562000000000000000e+03 1.664900000000000047e+00 -5.120249999999999801e-02 3.822799999999999809e-02
4.563000000000000000e+03 1.662849999999999939e+00 -5.110930000000000334e-02 3.816089999999999760e-02
4.564000000000000000e+03 1.660819999999999963e+00 -5.101599999999999885e-02 3.809389999999999998e-02
4.565000000000000000e+03 1.658779999999999921e+00 -5.092259999999999842e-02 3.802699999999999830e-02
4.566000000000000000e+03 1.656760000000000010e+00 -5.082910000000000206e-02 3.796019999999999950e-02
4.567000000000000000e+03 1.654719999999999969e+00 -5.073550000000000282e-02 3.789359999999999951e-02
4.568000000000000000e+03 1.652700000000000058e+00 -5.064189999999999664e-02 3.782710000000000239e-02
4.569000000000000000e+03 1.650679999999999925e+00 -5.054820000000000146e-02 3.776070000000000121e-02
4.570000000000000000e+03 1.648660000000000014e+00 -5.045440000000000341e-02 3.769440000000000290e-02
4.571000000000000000e+03 1.646640000000000104e+00 -5.036050000000000249e-02 3.762820000000000054e-02
4.572000000000000000e+03 1.644630000000000036e+00 -5.026649999999999868e-02 3.756219999999999698e-02
4.573000000000000000e+03 1.642619999999999969e+00 -5.017250000000000182e-02 3.749620000000000036e-02
4.574000000000000000e+03 1.640609999999999902e+00 -5.007840000000000208e-02 3.743040000000000256e-02
4.575000000000000000e+03 1.638600000000000056e+00 -4.998419999999999946e-02 3.736479999999999663e-02
4.576000000000000000e+03 1.636609999999999898e+00 -4.988999999999999685e-02 3.729919999999999763e-02
4.577000000000000000e+03 1.634600000000000053e+00 -4.979569999999999830e-02 3.723379999999999745e-02
4.578000000000000000e+03 1.632609999999999895e+00 -4.970139999999999975e-02 3.716860000000000303e-02
4.579000000000000000e+03 1.630609999999999893e+00 -4.960690000000000238e-02 3.710340000000000166e-02
4.580000000000000000e+03 1.628619999999999957e+00 -4.951250000000000095e-02 3.703839999999999910e-02
4.581000000000000000e+03 1.626630000000000020e+00 -4.941799999999999665e-02 3.697349999999999942e-02
4.582000000000000000e+03 1.624649999999999928e+00 -4.932340000000000335e-02 3.690879999999999855e-02
4.583000000000000000e+03 1.622659999999999991e+00 -4.922880000000000311e-02 3.684409999999999769e-02
4.584000000000000000e+03 1.620689999999999964e+00 -4.913410000000000000e-02 3.677969999999999851e-02
4.585000000000000000e+03 1.618700000000000028e+00 -4.903939999999999688e-02 3.671529999999999933e-02
4.586000000000000000e+03 1.616730000000000000e+00 -4.894470000000000071e-02 3.665109999999999896e-02
4.587000000000000000e+03 1.614759999999999973e+00 -4.884990000000000165e-02 3.658700000000000147e-02
4.588000000000000000e+03 1.612789999999999946e+00 -4.875519999999999854e-02 3.652310000000000278e-02
4.589000000000000000e+03 1.610819999999999919e+00 -4.866029999999999661e-02 3.645930000000000004e-02
4.590000000000000000e+03 1.608859999999999957e+00 -4.856549999999999756e-02 3.639570000000000305e-02
4.591000000000000000e+03 1.606889999999999930e+00 -4.847060000000000257e-02 3.633220000000000199e-02
4.592000000000000000e+03 1.604940000000000033e+00 -4.837579999999999658e-02 3.626879999999999687e-02
4.593000000000000000e+03 1.602980000000000071e+00 -4.828090000000000159e-02 3.620559999999999751e-02
4.594000000000000000e+03 1.601020000000000110e+00 -4.818599999999999967e-02 3.614250000000000101e-02
4.595000000000000000e+03 1.599069999999999991e+00 -4.809109999999999774e-02 3.607960000000000333e-02
4.596000000000000000e+03 1.597120000000000095e+00 -4.799620000000000275e-02 3.601680000000000159e-02
4.597000000000000000e+03 1.595169999999999977e+00 -4.790130000000000082e-02 3.595419999999999866e-02
4.598000000000000000e+03 1.593229999999999924e+00 -4.780639999999999890e-02 3.589169999999999860e-02
4.599000000000000000e+03 1.591290000000000093e+00 -4.771149999999999697e-02 3.582939999999999736e-02
4.600000000000000000e+03 1.589350000000000041e+00 -4.761669999999999792e-02 3.576719999999999899e-02
4.601000000000000000e+03 1.587409999999999988e+00 -4.752180000000000293e-02 3.570509999999999656e-02
4.602000000000000000e+03 1.585480000000000000e+00 -4.742699999999999694e-02 3.564330000000000276e-02
4.603000000000000000e+03 1.583550000000000013e+00 -4.733219999999999789e-02 3.558150000000000202e-02
4.604000000000000000e+03 1.581620000000000026e+00 -4.723739999999999883e-02 3.551990000000000008e-02
4.605000000000000000e+03 1.579690000000000039e+00 -4.714270000000000266e-02 3.545849999999999697e-02
4.606000000000000000e+03 1.577769999999999895e+00 -4.704799999999999954e-02 3.539719999999999672e-02
4.607000000000000000e+03 1.575849999999999973e+00 -4.695339999999999930e-02 3.533610000000000223e-02
4.608000000000000000e+03 1.573930000000000051e+00 -4.685879999999999906e-02 3.527519999999999961e-02
4.609000000000000000e+03 1.572009999999999907e+00 -4.676419999999999882e-02 3.521439999999999987e-02
4.610000000000000000e+03 1.570100000000000051e+00 -4.666979999999999740e-02 3.515370000000000300e-02
4.611000000000000000e+03 1.568189999999999973e+00 -4.657530000000000003e-02 3.509319999999999801e-02
4.612000000000000000e+03 1.566279999999999895e+00 -4.648100000000000148e-02 3.503289999999999876e-02
4.613000000000000000e+03 1.564370000000000038e+00 -4.638670000000000293e-02 3.497270000000000240e-02
4.614000000000000000e+03 1.562470000000000026e+00 -4.629250000000000032e-02 3.491269999999999790e-02
4.615000000000000000e+03 1.560570000000000013e+00 -4.619829999999999770e-02 3.485280000000000322e-02
4.616000000000000000e+03 1.558670000000000000e+00 -4.610430000000000084e-02 3.479310000000000042e-02
4.617000000000000000e+03 1.556769999999999987e+00 -4.601029999999999703e-02 3.473360000000000336e-02
4.618000000000000000e+03 1.554880000000000040e+00 -4.591640000000000305e-02 3.467420000000000224e-02
4.619000000000000000e+03 1.552990000000000093e+00 -4.582270000000000093e-02 3.461499999999999994e-02
4.620000000000000000e+03 1.551099999999999923e+00 -4.572899999999999882e-02 3.455590000000000050e-02
4.621000000000000000e+03 1.549209999999999976e+00 -4.563539999999999958e-02 3.449699999999999989e-02
4.622000000000000000e+03 1.547330000000000094e+00 -4.554199999999999915e-02 3.443829999999999808e-02
4.623000000000000000e+03 1.545449999999999990e+00 -4.544859999999999872e-02 3.437969999999999915e-02
4.624000000000000000e+03 1.543570000000000109e+00 -4.535539999999999711e-02 3.432129999999999903e-02
4.625000000000000000e+03 1.541690000000000005e+00 -4.526229999999999837e-02 3.426300000000000179e-02
4.626000000000000000e+03 1.539819999999999967e+00 -4.516930000000000250e-02 3.420490000000000336e-02
4.627000000000000000e+03 1.537949999999999928e+00 -4.507640000000000258e-02 3.414699999999999680e-02
4.628000000000000000e+03 1.536079999999999890e+00 -4.498370000000000146e-02 3.408930000000000293e-02
4.629000000000000000e+03 1.534210000000000074e+00 -4.489110000000000322e-02 3.403169999999999806e-02
4.630000000000000000e+03 1.532350000000000101e+00 -4.479869999999999686e-02 3.397420000000000301e-02
4.631000000000000000e+03 1.530489999999999906e+00 -4.470640000000000031e-02 3.391700000000000270e-02
4.632000000000000000e+03 1.528629999999999933e+00 -4.461430000000000257e-02 3.385989999999999833e-02
4.633000000000000000e+03 1.526769999999999960e+00 -4.452230000000000076e-02 3.380289999999999684e-02
4.634000000000000000e+03 1.524920000000000053e+00 -4.443049999999999777e-02 3.374619999999999703e-02
4.635000000000000000e+03 1.523069999999999924e+00 -4.433890000000000053e-02 3.368949999999999723e-02
4.636000000000000000e+03 1.521220000000000017e+00 -4.424739999999999923e-02 3.363309999999999911e-02
4.637000000000000000e+03 1.519379999999999953e+00 -4.415609999999999674e-02 3.357679999999999693e-02
4.638000000000000000e+03 1.517539999999999889e+00 -4.406500000000000000e-02 3.352070000000000050e-02
4.639000000000000000e+03 1.515689999999999982e+00 -4.397410000000000208e-02 3.346480000000000288e-02
4.640000000000000000e+03 1.513859999999999983e+00 -4.388330000000000009e-02 3.340900000000000120e-02
4.641000000000000000e+03 1.512019999999999920e+00 -4.379269999999999691e-02 3.335330000000000239e-02
4.642000000000000000e+03 1.510189999999999921e+00 -4.370240000000000236e-02 3.329789999999999833e-02
4.643000000000000000e+03 1.508359999999999923e+00 -4.361219999999999680e-02 3.324259999999999715e-02
4.644000000000000000e+03 1.506529999999999925e+00 -4.352219999999999700e-02 3.318750000000000172e-02
4.645000000000000000e+03 1.504699999999999926e+00 -4.343249999999999889e-02 3.313250000000000223e-02
4.646000000000000000e+03 1.502879999999999994e+00 -4.334289999999999671e-02 3.307770000000000155e-02
4.647000000000000000e+03 1.501060000000000061e+00 -4.325360000000000316e-02 3.302309999999999968e-02
4.648000000000000000e+03 1.499249999999999972e+00 -4.316450000000000148e-02 3.296860000000000068e-02
4.649000000000000000e+03 1.497430000000000039e+00 -4.307559999999999861e-02 3.291430000000000050e-02
4.650000000000000000e+03 1.495619999999999949e+00 -4.298690000000000150e-02 3.286019999999999913e-02
4.651000000000000000e+03 1.493810000000000082e+00 -4.289849999999999913e-02 3.280620000000000064e-02
4.652000000000000000e+03 1.491999999999999993e+00 -4.281030000000000252e-02 3.275240000000000096e-02
4.653000000000000000e+03 1.490199999999999969e+00 -4.272229999999999778e-02 3.269869999999999721e-02
4.654000000000000000e+03 1.488399999999999945e+00 -4.263460000000000166e-02 3.264519999999999922e-02
4.655000000000000000e+03 1.486599999999999921e+00 -4.254709999999999742e-02 3.259190000000000004e-02
4.656000000000000000e+03 1.484809999999999963e+00 -4.245990000000000181e-02 3.253869999999999679e-02
4.657000000000000000e+03 1.483009999999999939e+00 -4.237289999999999807e-02 3.248569999999999930e-02
4.658000000000000000e+03 1.481219999999999981e+00 -4.228620000000000295e-02 3.243290000000000062e-02
4.659000000000000000e+03 1.479430000000000023e+00 -4.219969999999999971e-02 3.238019999999999787e-02
4.660000000000000000e+03 1.477649999999999908e+00 -4.211349999999999816e-02 3.232759999999999800e-02
4.661000000000000000e+03 1.475870000000000015e+00 -4.202750000000000236e-02 3.227529999999999982e-02
4.662000000000000000e+03 1.474089999999999900e+00 -4.194180000000000130e-02 3.222309999999999758e-02
4.663000000000000000e+03 1.472310000000000008e+00 -4.185640000000000194e-02 3.217099999999999821e-02
4.664000000000000000e+03 1.470539999999999958e+00 -4.177129999999999732e-02 3.211909999999999765e-02
4.665000000000000000e+03 1.468769999999999909e+00 -4.168639999999999846e-02 3.206740000000000285e-02
4.666000000000000000e+03 1.467000000000000082e+00 -4.160180000000000128e-02 3.201579999999999704e-02
4.667000000000000000e+03 1.465230000000000032e+00 -4.151749999999999885e-02 3.196439999999999698e-02
4.668000000000000000e+03 1.463470000000000049e+00 -4.143349999999999811e-02 3.191309999999999980e-02
4.669000000000000000e+03 1.461710000000000065e+00 -4.134979999999999906e-02 3.186200000000000143e-02
4.670000000000000000e+03 1.459959999999999924e+00 -4.126629999999999882e-02 3.181110000000000188e-02
4.671000000000000000e+03 1.458199999999999941e+00 -4.118320000000000314e-02 3.176029999999999825e-02
4.672000000000000000e+03 1.456450000000000022e+00 -4.110029999999999933e-02 3.170959999999999751e-02
4.673000000000000000e+03 1.454700000000000104e+00 -4.101780000000000009e-02 3.165910000000000252e-02
4.674000000000000000e+03 1.452960000000000029e+00 -4.093549999999999967e-02 3.160879999999999940e-02
4.675000000000000000e+03 1.451219999999999954e+00 -4.085359999999999686e-02 3.155859999999999915e-02
4.676000000000000000e+03 1.449480000000000102e+00 -4.077189999999999981e-02 3.150859999999999772e-02
4.677000000000000000e+03 1.447740000000000027e+00 -4.069060000000000038e-02 3.145869999999999916e-02
4.678000000000000000e+03 1.446010000000000018e+00 -4.060949999999999976e-02 3.140899999999999942e-02
4.679000000000000000e+03 1.444280000000000008e+00 -4.052879999999999677e-02 3.135940000000000255e-02
4.680000000000000000e+03 1.442549999999999999e+00 -4.044840000000000241e-02 3.130990000000000162e-02
4.681000000000000000e+03 1.440819999999999990e+00 -4.036830000000000279e-02 3.126070000000000237e-02
4.682000000000000000e+03 1.439109999999999889e+00 -4.028849999999999792e-02 3.121149999999999966e-02
4.683000000000000000e+03 1.437389999999999946e+00 -4.020909999999999762e-02 3.116249999999999923e-02
4.684000000000000000e+03 1.435670000000000002e+00 -4.012990000000000307e-02 3.111370000000000108e-02
4.685000000000000000e+03 1.433959999999999901e+00 -4.005109999999999920e-02 3.106499999999999886e-02
4.686000000000000000e+03 1.432250000000000023e+00 -3.997259999999999702e-02 3.101639999999999953e-02
4.687000000000000000e+03 1.430539999999999923e+00 -3.989449999999999941e-02 3.096799999999999900e-02
4.688000000000000000e+03 1.428840000000000110e+00 -3.981660000000000060e-02 3.091970000000000135e-02
4.689000000000000000e+03 1.427140000000000075e+00 -3.973909999999999942e-02 3.087159999999999904e-02
4.690000000000000000e+03 1.425440000000000040e+00 -3.966189999999999993e-02 3.082359999999999961e-02
4.691000000000000000e+03 1.423750000000000071e+00 -3.958509999999999807e-02 3.077569999999999958e-02
4.692000000000000000e+03 1.422060000000000102e+00 -3.950859999999999789e-02 3.072799999999999837e-02
4.693000000000000000e+03 1.420369999999999910e+00 -3.943239999999999940e-02 3.068040000000000003e-02
4.694000000000000000e+03 1.418690000000000007e+00 -3.935650000000000259e-02 3.063300000000000051e-02
4.695000000000000000e+03 1.417000000000000037e+00 -3.928100000000000341e-02 3.058570000000000039e-02
4.696000000000000000e+03 1.415329999999999977e+00 -3.920590000000000186e-02 3.053849999999999967e-02
4.697000000000000000e+03 1.413650000000000073e+00 -3.913099999999999912e-02 3.049150000000000124e-02
4.698000000000000000e+03 1.411980000000000013e+00 -3.905650000000000094e-02 3.044459999999999875e-02
4.699000000000000000e+03 1.410309999999999953e+00 -3.898229999999999751e-02 3.039779999999999913e-02
4.700000000000000000e+03 1.408639999999999892e+00 -3.890849999999999864e-02 3.035109999999999891e-02
4.701000000000000000e+03 1.406979999999999897e+00 -3.883500000000000146e-02 3.030460000000000098e-02
4.702000000000000000e+03 1.405319999999999903e+00 -3.876190000000000191e-02 3.025829999999999839e-02
4.703000000000000000e+03 1.403659999999999908e+00 -3.868909999999999710e-02 3.021199999999999927e-02
4.704000000000000000e+03 1.402009999999999978e+00 -3.861660000000000093e-02 3.016589999999999896e-02
4.705000000000000000e+03 1.400360000000000049e+00 -3.854450000000000237e-02 3.011990000000000153e-02
4.706000000000000000e+03 1.398719999999999963e+00 -3.847269999999999857e-02 3.007400000000000004e-02
4.707000000000000000e+03 1.397070000000000034e+00 -3.840129999999999932e-02 3.002830000000000082e-02
4.708000000000000000e+03 1.395429999999999948e+00 -3.833020000000000177e-02 2.998270000000000102e-02
4.709000000000000000e+03 1.393790000000000084e+00 -3.825950000000000184e-02 2.993720000000000062e-02
4.710000000000000000e+03 1.392160000000000064e+00 -3.818900000000000072e-02 2.989179999999999962e-02
4.711000000000000000e+03 1.390530000000000044e+00 -3.811900000000000011e-02 2.984650000000000150e-02
4.712000000000000000e+03 1.388910000000000089e+00 -3.804930000000000118e-02 2.980139999999999872e-02
4.713000000000000000e+03 1.387280000000000069e+00 -3.797989999999999700e-02 2.975639999999999882e-02
4.714000000000000000e+03 1.385659999999999892e+00 -3.791080000000000144e-02 2.971149999999999833e-02
4.715000000000000000e+03 1.384039999999999937e+00 -3.784209999999999657e-02 2.966670000000000071e-02
4.716000000000000000e+03 1.382430000000000048e+00 -3.777380000000000321e-02 2.962199999999999903e-02
4.717000000000000000e+03 1.380819999999999936e+00 -3.770570000000000171e-02 2.957749999999999962e-02
4.718000000000000000e+03 1.379210000000000047e+00 -3.763810000000000072e-02 2.953309999999999963e-02
4.719000000000000000e+03 1.377610000000000001e+00 -3.757069999999999854e-02 2.948869999999999963e-02
4.720000000000000000e+03 1.376009999999999955e+00 -3.750370000000000092e-02 2.944449999999999845e-02
4.721000000000000000e+03 1.374409999999999910e+00 -3.743699999999999806e-02 2.940040000000000014e-02
4.722000000000000000e+03 1.372819999999999929e+00 -3.737069999999999975e-02 2.935640000000000124e-02
4.723000000000000000e+03 1.371229999999999949e+00 -3.730470000000000314e-02 2.931260000000000115e-02
4.724000000000000000e+03 1.369639999999999969e+00 -3.723909999999999720e-02 2.926880000000000107e-02
4.725000000000000000e+03 1.368060000000000054e+00 -3.717369999999999702e-02 2.922510000000000038e-02
4.726000000000000000e+03 1.366479999999999917e+00 -3.710870000000000141e-02 2.918159999999999851e-02
4.727000000000000000e+03 1.364900000000000002e+00 -3.704410000000000341e-02 2.913810000000000011e-02
4.728000000000000000e+03 1.363329999999999931e+00 -3.697980000000000017e-02 2.909480000000000052e-02
4.729000000000000000e+03 1.361760000000000081e+00 -3.691579999999999862e-02 2.905150000000000093e-02
4.730000000000000000e+03 1.360190000000000010e+00 -3.685209999999999875e-02 2.900840000000000016e-02
4.731000000000000000e+03 1.358630000000000004e+00 -3.678880000000000344e-02 2.896529999999999938e-02
4.732000000000000000e+03 1.357069999999999999e+00 -3.672570000000000001e-02 2.892240000000000089e-02
4.733000000000000000e+03 1.355509999999999993e+00 -3.666300000000000114e-02 2.887949999999999892e-02
4.734000000000000000e+03 1.353960000000000052e+00 -3.660069999999999990e-02 2.883679999999999924e-02
4.735000000000000000e+03 1.352409999999999890e+00 -3.653859999999999747e-02 2.879409999999999956e-02
4.736000000000000000e+03 1.350870000000000015e+00 -3.647689999999999960e-02 2.875159999999999869e-02
4.737000000000000000e+03 1.349320000000000075e+00 -3.641550000000000342e-02 2.870910000000000128e-02
4.738000000000000000e+03 1.347779999999999978e+00 -3.635440000000000199e-02 2.866679999999999923e-02
4.739000000000000000e+03 1.346249999999999947e+00 -3.629360000000000225e-02 2.862450000000000064e-02
4.740000000000000000e+03 1.344719999999999915e+00 -3.623320000000000013e-02 2.858230000000000146e-02
4.741000000000000000e+03 1.343180000000000041e+00 -3.617299999999999682e-02 2.854020000000000168e-02
4.742000000000000000e+03 1.341660000000000075e+00 -3.611319999999999808e-02 2.849830000000000071e-02
4.743000000000000000e+03 1.340140000000000109e+00 -3.605359999999999815e-02 2.845639999999999975e-02
4.744000000000000000e+03 1.338619999999999921e+00 -3.599440000000000278e-02 2.841449999999999879e-02
4.745000000000000000e+03 1.337099999999999955e+00 -3.593550000000000216e-02 2.837280000000000010e-02
4.746000000000000000e+03 1.335599999999999898e+00 -3.587690000000000323e-02 2.833120000000000083e-02
4.747000000000000000e+03 1.334089999999999998e+00 -3.581859999999999905e-02 2.828960000000000155e-02
4.748000000000000000e+03 1.332580000000000098e+00 -3.576050000000000062e-02 2.824820000000000109e-02
4.749000000000000000e+03 1.331080000000000041e+00 -3.570279999999999981e-02 2.820680000000000062e-02
4.750000000000000000e+03 1.329590000000000050e+00 -3.564540000000000070e-02 2.816549999999999956e-02
4.751000000000000000e+03 1.328089999999999993e+00 -3.558820000000000039e-02 2.812419999999999851e-02
4.752000000000000000e+03 1.326600000000000001e+00 -3.553139999999999771e-02 2.808309999999999973e-02
4.753000000000000000e+03 1.325110000000000010e+00 -3.547480000000000078e-02 2.804210000000000036e-02
4.754000000000000000e+03 1.323630000000000084e+00 -3.541849999999999860e-02 2.800110000000000099e-02
4.755000000000000000e+03 1.322149999999999936e+00 -3.536249999999999810e-02 2.796020000000000102e-02
4.756000000000000000e+03 1.320670000000000011e+00 -3.530679999999999930e-02 2.791940000000000047e-02
4.757000000000000000e+03 1.319199999999999928e+00 -3.525140000000000218e-02 2.787859999999999991e-02
4.758000000000000000e+03 1.317730000000000068e+00 -3.519619999999999693e-02 2.783800000000000163e-02
4.759000000000000000e+03 1.316259999999999986e+00 -3.514130000000000031e-02 2.779739999999999989e-02
4.760000000000000000e+03 1.314799999999999969e+00 -3.508669999999999844e-02 2.775690000000000102e-02
4.761000000000000000e+03 1.313339999999999952e+00 -3.503239999999999826e-02 2.771639999999999868e-02
4.762000000000000000e+03 1.311890000000000001e+00 -3.497829999999999689e-02 2.767609999999999862e-02
4.763000000000000000e+03 1.310429999999999984e+00 -3.492449999999999721e-02 2.763579999999999856e-02
4.764000000000000000e+03 1.308990000000000098e+00 -3.487090000000000328e-02 2.759549999999999850e-02
4.765000000000000000e+03 1.307539999999999925e+00 -3.481759999999999716e-02 2.755540000000000073e-02
4.766000000000000000e+03 1.306100000000000039e+00 -3.476449999999999679e-02 2.751529999999999948e-02
4.767000000000000000e+03 1.304659999999999931e+00 -3.471169999999999811e-02 2.747530000000000111e-02
4.768000000000000000e+03 1.303230000000000111e+00 -3.465920000000000112e-02 2.743539999999999868e-02
4.769000000000000000e+03 1.301790000000000003e+00 -3.460690000000000294e-02 2.739549999999999971e-02
4.770000000000000000e+03 1.300370000000000026e+00 -3.455479999999999663e-02 2.735570000000000015e-02
4.771000000000000000e+03 1.298939999999999984e+00 -3.450299999999999895e-02 2.731600000000000000e-02
4.772000000000000000e+03 1.297520000000000007e+00 -3.445150000000000295e-02 2.727629999999999985e-02
4.773000000000000000e+03 1.296100000000000030e+00 -3.440010000000000290e-02 2.723669999999999911e-02
4.774000000000000000e+03 1.294689999999999896e+00 -3.434899999999999759e-02 2.719709999999999836e-02
4.775000000000000000e+03 1.293279999999999985e+00 -3.429809999999999803e-02 2.715769999999999990e-02
4.776000000000000000e+03 1.291870000000000074e+00 -3.424750000000000016e-02 2.711830000000000143e-02
4.777000000000000000e+03 1.290470000000000006e+00 -3.419710000000000111e-02 2.707889999999999950e-02
4.778000000000000000e+03 1.289069999999999938e+00 -3.414690000000000086e-02 2.703960000000000044e-02
4.779000000000000000e+03 1.287670000000000092e+00 -3.409689999999999943e-02 2.700040000000000079e-02
4.780000000000000000e+03 1.286280000000000090e+00 -3.404709999999999681e-02 2.696120000000000114e-02
4.781000000000000000e+03 1.284880000000000022e+00 -3.399760000000000282e-02 2.692210000000000089e-02
4.782000000000000000e+03 1.283500000000000085e+00 -3.394830000000000070e-02 2.688310000000000005e-02
4.783000000000000000e+03 1.282110000000000083e+00 -3.389910000000000145e-02 2.684409999999999921e-02
4.784000000000000000e+03 1.280739999999999990e+00 -3.385019999999999696e-02 2.680520000000000125e-02
4.785000000000000000e+03 1.279360000000000053e+00 -3.380149999999999821e-02 2.676629999999999981e-02
4.786000000000000000e+03 1.277989999999999959e+00 -3.375299999999999828e-02 2.672750000000000126e-02
4.787000000000000000e+03 1.276610000000000023e+00 -3.370469999999999716e-02 2.668879999999999864e-02
4.788000000000000000e+03 1.275249999999999995e+00 -3.365660000000000179e-02 2.665009999999999948e-02
4.789000000000000000e+03 1.273889999999999967e+00 -3.360860000000000236e-02 2.661140000000000033e-02
4.790000000000000000e+03 1.272529999999999939e+00 -3.356089999999999768e-02 2.657289999999999999e-02
4.791000000000000000e+03 1.271169999999999911e+00 -3.351330000000000281e-02 2.653430000000000025e-02
4.792000000000000000e+03 1.269819999999999949e+00 -3.346600000000000269e-02 2.649589999999999931e-02
4.793000000000000000e+03 1.268469999999999986e+00 -3.341879999999999851e-02 2.645749999999999838e-02
4.794000000000000000e+03 1.267120000000000024e+00 -3.337169999999999720e-02 2.641910000000000092e-02
4.795000000000000000e+03 1.265779999999999905e+00 -3.332489999999999758e-02 2.638079999999999939e-02
4.796000000000000000e+03 1.264440000000000008e+00 -3.327820000000000084e-02 2.634250000000000133e-02
4.797000000000000000e+03 1.263099999999999890e+00 -3.323170000000000290e-02 2.630429999999999921e-02
4.798000000000000000e+03 1.261770000000000058e+00 -3.318539999999999685e-02 2.626619999999999996e-02
4.799000000000000000e+03 1.260440000000000005e+00 -3.313920000000000060e-02 2.622810000000000072e-02
4.800000000000000000e+03 1.259109999999999951e+00 -3.309320000000000317e-02 2.619010000000000088e-02
4.801000000000000000e+03 1.257789999999999964e+00 -3.304739999999999761e-02 2.615210000000000104e-02
4.802000000000000000e+03 1.256469999999999976e+00 -3.300170000000000187e-02 2.611410000000000120e-02
4.803000000000000000e+03 1.255149999999999988e+00 -3.295610000000000206e-02 2.607630000000000017e-02
4.804000000000000000e+03 1.253840000000000066e+00 -3.291079999999999700e-02 2.603839999999999974e-02
4.805000000000000000e+03 1.252529999999999921e+00 -3.286549999999999888e-02 2.600059999999999871e-02
4.806000000000000000e+03 1.251219999999999999e+00 -3.282039999999999957e-02 2.596290000000000056e-02
4.807000000000000000e+03 1.249910000000000077e+00 -3.277549999999999908e-02 2.592519999999999894e-02
4.808000000000000000e+03 1.248620000000000063e+00 -3.273059999999999858e-02 2.588760000000000019e-02
4.809000000000000000e+03 1.247319999999999984e+00 -3.268599999999999978e-02 2.585000000000000145e-02
4.810000000000000000e+03 1.246019999999999905e+00 -3.264140000000000097e-02 2.581249999999999864e-02
4.811000000000000000e+03 1.244729999999999892e+00 -3.259700000000000097e-02 2.577499999999999930e-02
4.812000000000000000e+03 1.243449999999999944e+00 -3.255269999999999692e-02 2.573749999999999996e-02
4.813000000000000000e+03 1.242159999999999931e+00 -3.250859999999999861e-02 2.570019999999999943e-02
4.814000000000000000e+03 1.240879999999999983e+00 -3.246450000000000030e-02 2.566279999999999950e-02
4.815000000000000000e+03 1.239600000000000035e+00 -3.242060000000000081e-02 2.562549999999999897e-02
4.816000000000000000e+03 1.238320000000000087e+00 -3.237679999999999725e-02 2.558830000000000132e-02
4.817000000000000000e+03 1.237049999999999983e+00 -3.233309999999999657e-02 2.555110000000000020e-02
4.818000000000000000e+03 1.235780000000000101e+00 -3.228960000000000163e-02 2.551389999999999908e-02
4.819000000000000000e+03 1.234509999999999996e+00 -3.224609999999999976e-02 2.547680000000000083e-02
4.820000000000000000e+03 1.233249999999999957e+00 -3.220279999999999671e-02 2.543979999999999853e-02
4.821000000000000000e+03 1.231989999999999919e+00 -3.215950000000000059e-02 2.540279999999999969e-02
4.822000000000000000e+03 1.230739999999999945e+00 -3.211640000000000328e-02 2.536580000000000085e-02
4.823000000000000000e+03 1.229479999999999906e+00 -3.207340000000000191e-02 2.532890000000000141e-02
4.824000000000000000e+03 1.228229999999999933e+00 -3.203040000000000054e-02 2.529210000000000139e-02
4.825000000000000000e+03 1.226979999999999960e+00 -3.198759999999999798e-02 2.525530000000000136e-02
4.826000000000000000e+03 1.225740000000000052e+00 -3.194489999999999830e-02 2.521850000000000133e-02
4.827000000000000000e+03 1.224490000000000078e+00 -3.190219999999999861e-02 2.518180000000000071e-02
4.828000000000000000e+03 1.223260000000000014e+00 -3.185969999999999774e-02 2.514510000000000009e-02
4.829000000000000000e+03 1.222020000000000106e+00 -3.181719999999999687e-02 2.510849999999999888e-02
4.830000000000000000e+03 1.220790000000000042e+00 -3.177479999999999888e-02 2.507190000000000113e-02
4.831000000000000000e+03 1.219549999999999912e+00 -3.173249999999999682e-02 2.503539999999999932e-02
4.832000000000000000e+03 1.218329999999999913e+00 -3.169029999999999764e-02 2.499890000000000098e-02
4.833000000000000000e+03 1.217100000000000071e+00 -3.164820000000000133e-02 2.496249999999999858e-02
4.834000000000000000e+03 1.215880000000000072e+00 -3.160609999999999808e-02 2.492609999999999965e-02
4.835000000000000000e+03 1.214660000000000073e+00 -3.156409999999999771e-02 2.488970000000000071e-02
4.836000000000000000e+03 1.213449999999999918e+00 -3.152220000000000022e-02 2.485340000000000119e-02
4.837000000000000000e+03 1.212229999999999919e+00 -3.148039999999999866e-02 2.481720000000000106e-02
4.838000000000000000e+03 1.211019999999999985e+00 -3.143859999999999710e-02 2.478100000000000094e-02
4.839000000000000000e+03 1.209810000000000052e+00 -3.139689999999999842e-02 2.474480000000000082e-02
4.840000000000000000e+03 1.208609999999999962e+00 -3.135530000000000261e-02 2.470870000000000011e-02
4.841000000000000000e+03 1.207410000000000094e+00 -3.131369999999999987e-02 2.467269999999999880e-02
4.842000000000000000e+03 1.206210000000000004e+00 -3.127220000000000000e-02 2.463670000000000096e-02
4.843000000000000000e+03 1.205009999999999915e+00 -3.123079999999999953e-02 2.460069999999999965e-02
4.844000000000000000e+03 1.203819999999999890e+00 -3.118939999999999907e-02 2.456480000000000122e-02
4.845000000000000000e+03 1.202630000000000088e+00 -3.114810000000000148e-02 2.452889999999999932e-02
4.846000000000000000e+03 1.201449999999999907e+00 -3.110680000000000042e-02 2.449310000000000029e-02
4.847000000000000000e+03 1.200260000000000105e+00 -3.106559999999999877e-02 2.445740000000000067e-02
4.848000000000000000e+03 1.199079999999999924e+00 -3.102440000000000059e-02 2.442160000000000164e-02
4.849000000000000000e+03 1.197899999999999965e+00 -3.098329999999999834e-02 2.438600000000000143e-02
4.850000000000000000e+03 1.196720000000000006e+00 -3.094229999999999897e-02 2.435040000000000121e-02
4.851000000000000000e+03 1.195540000000000047e+00 -3.090129999999999960e-02 2.431480000000000100e-02
4.852000000000000000e+03 1.194379999999999997e+00 -3.086030000000000023e-02 2.427930000000000019e-02
4.853000000000000000e+03 1.193200000000000038e+00 -3.081940000000000027e-02 2.424379999999999938e-02
4.854000000000000000e+03 1.192039999999999988e+00 -3.077850000000000030e-02 2.420840000000000145e-02
4.855000000000000000e+03 1.190870000000000095e+00 -3.073769999999999974e-02 2.417300000000000004e-02
4.856000000000000000e+03 1.189720000000000111e+00 -3.069689999999999919e-02 2.413770000000000152e-02
4.857000000000000000e+03 1.188549999999999995e+00 -3.065620000000000150e-02 2.410239999999999952e-02
4.858000000000000000e+03 1.187400000000000011e+00 -3.061550000000000035e-02 2.406720000000000040e-02
4.859000000000000000e+03 1.186250000000000027e+00 -3.057479999999999920e-02 2.403200000000000128e-02
4.860000000000000000e+03 1.185100000000000042e+00 -3.053410000000000152e-02 2.399690000000000156e-02
4.861000000000000000e+03 1.183950000000000058e+00 -3.049359999999999918e-02 2.396179999999999838e-02
4.862000000000000000e+03 1.182800000000000074e+00 -3.045300000000000090e-02 2.392680000000000154e-02
4.863000000000000000e+03 1.181659999999999933e+00 -3.041249999999999856e-02 2.389180000000000123e-02
4.864000000000000000e+03 1.180520000000000014e+00 -3.037199999999999969e-02 2.385690000000000033e-02
4.865000000000000000e+03 1.179380000000000095e+00 -3.033150000000000082e-02 2.382199999999999943e-02
4.866000000000000000e+03 1.178250000000000020e+00 -3.029110000000000136e-02 2.378720000000000140e-02
4.867000000000000000e+03 1.177110000000000101e+00 -3.025069999999999842e-02 2.375239999999999990e-02
4.868000000000000000e+03 1.175980000000000025e+00 -3.021029999999999896e-02 2.371770000000000128e-02
4.869000000000000000e+03 1.174849999999999950e+00 -3.016989999999999950e-02 2.368299999999999919e-02
4.870000000000000000e+03 1.173729999999999940e+00 -3.012959999999999944e-02 2.364839999999999998e-02
4.871000000000000000e+03 1.172600000000000087e+00 -3.008929999999999938e-02 2.361390000000000017e-02
4.872000000000000000e+03 1.171489999999999920e+00 -3.004899999999999932e-02 2.357940000000000036e-02
4.873000000000000000e+03 1.170360000000000067e+00 -3.000879999999999867e-02 2.354490000000000055e-02
4.874000000000000000e+03 1.169249999999999901e+00 -2.996860000000000149e-02 2.351059999999999955e-02
4.875000000000000000e+03 1.168129999999999891e+00 -2.992840000000000084e-02 2.347619999999999915e-02
4.876000000000000000e+03 1.167030000000000012e+00 -2.988820000000000018e-02 2.344190000000000162e-02
4.877000000000000000e+03 1.165910000000000002e+00 -2.984799999999999953e-02 2.340770000000000003e-02
4.878000000000000000e+03 1.164809999999999901e+00 -2.980789999999999829e-02 2.337349999999999844e-02
4.879000000000000000e+03 1.163699999999999957e+00 -2.976780000000000051e-02 2.333939999999999973e-02
4.880000000000000000e+03 1.162600000000000078e+00 -2.972769999999999926e-02 2.330530000000000102e-02
4.881000000000000000e+03 1.161499999999999977e+00 -2.968760000000000149e-02 2.327130000000000171e-02
4.882000000000000000e+03 1.160409999999999942e+00 -2.964759999999999965e-02 2.323739999999999833e-02
4.883000000000000000e+03 1.159310000000000063e+00 -2.960749999999999840e-02 2.320349999999999843e-02
4.884000000000000000e+03 1.158220000000000027e+00 -2.956750000000000003e-02 2.316970000000000141e-02
4.885000000000000000e+03 1.157119999999999926e+00 -2.952750000000000166e-02 2.313590000000000091e-02
4.886000000000000000e+03 1.156039999999999957e+00 -2.948749999999999982e-02 2.310219999999999982e-02
4.887000000000000000e+03 1.154949999999999921e+00 -2.944760000000000086e-02 2.306849999999999873e-02
4.888000000000000000e+03 1.153869999999999951e+00 -2.940759999999999902e-02 2.303490000000000051e-02
4.889000000000000000e+03 1.152779999999999916e+00 -2.936770000000000005e-02 2.300129999999999883e-02
4.890000000000000000e+03 1.151710000000000012e+00 -2.932780000000000109e-02 2.296780000000000002e-02
4.891000000000000000e+03 1.150630000000000042e+00 -2.928789999999999866e-02 2.293440000000000062e-02
4.892000000000000000e+03 1.149550000000000072e+00 -2.924799999999999969e-02 2.290100000000000122e-02
4.893000000000000000e+03 1.148479999999999945e+00 -2.920820000000000013e-02 2.286770000000000122e-02
4.894000000000000000e+03 1.147410000000000041e+00 -2.916830000000000117e-02 2.283440000000000122e-02
4.895000000000000000e+03 1.146339999999999915e+00 -2.912850000000000161e-02 2.280120000000000063e-02
4.896000000000000000e+03 1.145270000000000010e+00 -2.908869999999999859e-02 2.276809999999999945e-02
4.897000000000000000e+03 1.144209999999999949e+00 -2.904889999999999903e-02 2.273499999999999827e-02
4.898000000000000000e+03 1.143150000000000110e+00 -2.900909999999999947e-02 2.270199999999999996e-02
4.899000000000000000e+03 1.142079999999999984e+00 -2.896939999999999932e-02 2.266910000000000106e-02
4.900000000000000000e+03 1.141029999999999989e+00 -2.892959999999999976e-02 2.263619999999999868e-02
4.901000000000000000e+03 1.139969999999999928e+00 -2.888989999999999961e-02 2.260329999999999978e-02
4.902000000000000000e+03 1.138919999999999932e+00 -2.885019999999999946e-02 2.257059999999999969e-02
4.903000000000000000e+03 1.137860000000000094e+00 -2.881049999999999930e-02 2.253780000000000019e-02
4.904000000000000000e+03 1.136810000000000098e+00 -2.877079999999999915e-02 2.250519999999999951e-02
4.905000000000000000e+03 1.135760000000000103e+00 -2.873119999999999841e-02 2.247259999999999883e-02
4.906000000000000000e+03 1.134719999999999951e+00 -2.869150000000000172e-02 2.244010000000000102e-02
4.907000000000000000e+03 1.133669999999999956e+00 -2.865190000000000098e-02 2.240759999999999974e-02
4.908000000000000000e+03 1.132630000000000026e+00 -2.861230000000000023e-02 2.237520000000000134e-02
4.909000000000000000e+03 1.131590000000000096e+00 -2.857269999999999949e-02 2.234289999999999887e-02
4.910000000000000000e+03 1.130549999999999944e+00 -2.853309999999999874e-02 2.231059999999999988e-02
4.911000000000000000e+03 1.129510000000000014e+00 -2.849360000000000087e-02 2.227840000000000029e-02
4.912000000000000000e+03 1.128479999999999928e+00 -2.845400000000000013e-02 2.224630000000000010e-02
4.913000000000000000e+03 1.127450000000000063e+00 -2.841449999999999879e-02 2.221419999999999992e-02
4.914000000000000000e+03 1.126419999999999977e+00 -2.837500000000000092e-02 2.218219999999999914e-02
4.915000000000000000e+03 1.125389999999999890e+00 -2.833559999999999898e-02 2.215019999999999836e-02
4.916000000000000000e+03 1.124360000000000026e+00 -2.829610000000000111e-02 2.211839999999999987e-02
4.917000000000000000e+03 1.123340000000000005e+00 -2.825669999999999918e-02 2.208649999999999849e-02
4.918000000000000000e+03 1.122319999999999984e+00 -2.821730000000000071e-02 2.205479999999999940e-02
4.919000000000000000e+03 1.121289999999999898e+00 -2.817789999999999878e-02 2.202310000000000031e-02
4.920000000000000000e+03 1.120279999999999943e+00 -2.813850000000000032e-02 2.199150000000000063e-02
4.921000000000000000e+03 1.119259999999999922e+00 -2.809920000000000126e-02 2.195990000000000095e-02
4.922000000000000000e+03 1.118239999999999901e+00 -2.805989999999999873e-02 2.192840000000000067e-02
4.923000000000000000e+03 1.117229999999999945e+00 -2.802059999999999967e-02 2.189699999999999980e-02
4.924000000000000000e+03 1.116219999999999990e+00 -2.798130000000000062e-02 2.186569999999999833e-02
4.925000000000000000e+03 1.115199999999999969e+00 -2.794210000000000096e-02 2.183440000000000034e-02
4.926000000000000000e+03 1.114200000000000079e+00 -2.790290000000000131e-02 2.180309999999999887e-02
4.927000000000000000e+03 1.113189999999999902e+00 -2.786370000000000166e-02 2.177199999999999969e-02
4.928000000000000000e+03 1.112190000000000012e+00 -2.782449999999999854e-02 2.174090000000000050e-02
4.929000000000000000e+03 1.111180000000000057e+00 -2.778539999999999829e-02 2.170990000000000072e-02
4.930000000000000000e+03 1.110190000000000010e+00 -2.774630000000000152e-02 2.167890000000000095e-02
4.931000000000000000e+03 1.109180000000000055e+00 -2.770720000000000127e-02 2.164800000000000058e-02
4.932000000000000000e+03 1.108190000000000008e+00 -2.766820000000000043e-02 2.161719999999999961e-02
4.933000000000000000e+03 1.107189999999999896e+00 -2.762919999999999959e-02 2.158650000000000152e-02
4.934000000000000000e+03 1.106200000000000072e+00 -2.759019999999999875e-02 2.155579999999999996e-02
4.935000000000000000e+03 1.105199999999999960e+00 -2.755120000000000138e-02 2.152520000000000128e-02
4.936000000000000000e+03 1.104219999999999979e+00 -2.751229999999999995e-02 2.149469999999999853e-02
4.937000000000000000e+03 1.103220000000000089e+00 -2.747339999999999852e-02 2.146419999999999925e-02
4.938000000000000000e+03 1.102240000000000109e+00 -2.743459999999999996e-02 2.143379999999999938e-02
4.939000000000000000e+03 1.101250000000000062e+00 -2.739569999999999853e-02 2.140349999999999892e-02
4.940000000000000000e+03 1.100270000000000081e+00 -2.735699999999999937e-02 2.137319999999999845e-02
4.941000000000000000e+03 1.099290000000000100e+00 -2.731820000000000082e-02 2.134300000000000086e-02
4.942000000000000000e+03 1.098309999999999897e+00 -2.727950000000000166e-02 2.131289999999999921e-02
4.943000000000000000e+03 1.097329999999999917e+00 -2.724079999999999904e-02 2.128280000000000102e-02
4.944000000000000000e+03 1.096349999999999936e+00 -2.720219999999999930e-02 2.125279999999999878e-02
4.945000000000000000e+03 1.095369999999999955e+00 -2.716359999999999955e-02 2.122289999999999940e-02
4.946000000000000000e+03 1.094400000000000039e+00 -2.712499999999999981e-02 2.119309999999999944e-02
4.947000000000000000e+03 1.093429999999999902e+00 -2.708649999999999947e-02 2.116329999999999947e-02
4.948000000000000000e+03 1.092459999999999987e+00 -2.704809999999999853e-02 2.113359999999999891e-02
4.949000000000000000e+03 1.091490000000000071e+00 -2.700960000000000166e-02 2.110400000000000123e-02
4.950000000000000000e+03 1.090529999999999999e+00 -2.697120000000000073e-02 2.107440000000000008e-02
4.951000000000000000e+03 1.089560000000000084e+00 -2.693289999999999920e-02 2.104489999999999833e-02
4.952000000000000000e+03 1.088600000000000012e+00 -2.689460000000000114e-02 2.101549999999999946e-02
4.953000000000000000e+03 1.087630000000000097e+00 -2.685629999999999962e-02 2.098610000000000059e-02
4.954000000000000000e+03 1.086680000000000090e+00 -2.681810000000000097e-02 2.095680000000000112e-02
4.955000000000000000e+03 1.085709999999999953e+00 -2.678000000000000172e-02 2.092760000000000106e-02
4.956000000000000000e+03 1.084759999999999946e+00 -2.674179999999999960e-02 2.089850000000000041e-02
4.957000000000000000e+03 1.083800000000000097e+00 -2.670379999999999976e-02 2.086939999999999976e-02
4.958000000000000000e+03 1.082850000000000090e+00 -2.666579999999999992e-02 2.084039999999999851e-02
4.959000000000000000e+03 1.081890000000000018e+00 -2.662780000000000008e-02 2.081150000000000014e-02
4.960000000000000000e+03 1.080950000000000077e+00 -2.658989999999999965e-02 2.078259999999999830e-02
4.961000000000000000e+03 1.079990000000000006e+00 -2.655199999999999921e-02 2.075379999999999933e-02
4.962000000000000000e+03 1.079050000000000065e+00 -2.651420000000000166e-02 2.072509999999999977e-02
4.963000000000000000e+03 1.078100000000000058e+00 -2.647640000000000063e-02 2.069649999999999962e-02
4.964000000000000000e+03 1.077159999999999895e+00 -2.643869999999999901e-02 2.066789999999999947e-02
4.965000000000000000e+03 1.076210000000000111e+00 -2.640110000000000026e-02 2.063939999999999872e-02
4.966000000000000000e+03 1.075269999999999948e+00 -2.636350000000000152e-02 2.061100000000000085e-02
4.967000000000000000e+03 1.074330000000000007e+00 -2.632599999999999871e-02 2.058259999999999951e-02
4.968000000000000000e+03 1.073390000000000066e+00 -2.628849999999999937e-02 2.055430000000000104e-02
4.969000000000000000e+03 1.072449999999999903e+00 -2.625100000000000003e-02 2.052609999999999851e-02
4.970000000000000000e+03 1.071520000000000028e+00 -2.621369999999999950e-02 2.049789999999999945e-02
4.971000000000000000e+03 1.070580000000000087e+00 -2.617639999999999897e-02 2.046979999999999980e-02
4.972000000000000000e+03 1.069660000000000055e+00 -2.613909999999999845e-02 2.044179999999999955e-02
4.973000000000000000e+03 1.068719999999999892e+00 -2.610190000000000080e-02 2.041389999999999871e-02
4.974000000000000000e+03 1.067800000000000082e+00 -2.606479999999999908e-02 2.038600000000000134e-02
4.975000000000000000e+03 1.066859999999999919e+00 -2.602770000000000084e-02 2.035819999999999991e-02
4.976000000000000000e+03 1.065940000000000110e+00 -2.599069999999999853e-02 2.033050000000000135e-02
4.977000000000000000e+03 1.065010000000000012e+00 -2.595379999999999909e-02 2.030279999999999932e-02
4.978000000000000000e+03 1.064089999999999980e+00 -2.591689999999999966e-02 2.027520000000000017e-02
4.979000000000000000e+03 1.063169999999999948e+00 -2.588009999999999963e-02 2.024770000000000042e-02
4.980000000000000000e+03 1.062249999999999917e+00 -2.584339999999999901e-02 2.022030000000000008e-02
4.981000000000000000e+03 1.061330000000000107e+00 -2.580669999999999839e-02 2.019289999999999974e-02
4.982000000000000000e+03 1.060410000000000075e+00 -2.577010000000000065e-02 2.016559999999999880e-02
4.983000000000000000e+03 1.059490000000000043e+00 -2.573359999999999884e-02 2.013830000000000134e-02
4.984000000000000000e+03 1.058580000000000076e+00 -2.569710000000000050e-02 2.011119999999999922e-02
4.985000000000000000e+03 1.057670000000000110e+00 -2.566070000000000156e-02 2.008410000000000056e-02
4.986000000000000000e+03 1.056759999999999922e+00 -2.562429999999999916e-02 2.005699999999999844e-02
4.987000000000000000e+03 1.055849999999999955e+00 -2.558809999999999904e-02 2.003009999999999860e-02
4.988000000000000000e+03 1.054939999999999989e+00 -2.555189999999999892e-02 2.000319999999999876e-02
4.989000000000000000e+03 1.054030000000000022e+00 -2.551580000000000167e-02 1.997639999999999832e-02
4.990000000000000000e+03 1.053129999999999900e+00 -2.547970000000000096e-02 1.994960000000000136e-02
4.991000000000000000e+03 1.052219999999999933e+00 -2.544369999999999965e-02 1.992290000000000033e-02
4.992000000000000000e+03 1.051320000000000032e+00 -2.540780000000000122e-02 1.989629999999999871e-02
4.993000000000000000e+03 1.050419999999999909e+00 -2.537199999999999872e-02 1.986970000000000056e-02
4.994000000000000000e+03 1.049520000000000008e+00 -2.533619999999999969e-02 1.984330000000000122e-02
4.995000000000000000e+03 1.048620000000000108e+00 -2.530050000000000007e-02 1.981679999999999900e-02
4.996000000000000000e+03 1.047719999999999985e+00 -2.526489999999999986e-02 1.979049999999999906e-02
4.997000000000000000e+03 1.046820000000000084e+00 -2.522939999999999905e-02 1.976419999999999913e-02
4.998000000000000000e+03 1.045930000000000026e+00 -2.519390000000000171e-02 1.973799999999999860e-02
4.999000000000000000e+03 1.045039999999999969e+00 -2.515859999999999971e-02 1.971190000000000095e-02
5.000000000000000000e+03 1.044149999999999912e+00 -2.512330000000000119e-02 1.968579999999999983e-02
