/lcrc/project/SPT3G/users/ac.yomori/repo/cosmosis-standard-library/structure/projection/projection_tools/kernel.py:35: UserWarning: Some of your n(z) or other kernels are negative.
  warnings.warn("Some of your n(z) or other kernels are negative.")
/lcrc/project/SPT3G/users/ac.yomori/repo/cosmosis-standard-library/shear/cl_to_xi_fullsky/cl_to_xi.py:36: RuntimeWarning: divide by zero encountered in log
  spec = np.exp(self.interp_func(np.log(angle)))
/lcrc/project/SPT3G/users/ac.yomori/repo/cosmosis-standard-library/structure/projection/projection_tools/kernel.py:35: UserWarning: Some of your n(z) or other kernels are negative.
  warnings.warn("Some of your n(z) or other kernels are negative.")
/lcrc/project/SPT3G/users/ac.yomori/repo/cosmosis-standard-library/shear/cl_to_xi_fullsky/cl_to_xi.py:41: RuntimeWarning: divide by zero encountered in log
  spec = self.interp_func(np.log(angle))
/lcrc/project/SPT3G/users/ac.yomori/repo/cosmosis-standard-library/shear/cl_to_xi_fullsky/cl_to_xi.py:36: RuntimeWarning: divide by zero encountered in log
  spec = np.exp(self.interp_func(np.log(angle)))
/lcrc/project/SPT3G/users/ac.yomori/repo/cosmosis-standard-library/shear/cl_to_xi_fullsky/cl_to_xi.py:41: RuntimeWarning: divide by zero encountered in log
  spec = self.interp_func(np.log(angle))
/lcrc/project/SPT3G/users/ac.yomori/repo/cosmosis-standard-library/structure/projection/projection_tools/kernel.py:35: UserWarning: Some of your n(z) or other kernels are negative.
  warnings.warn("Some of your n(z) or other kernels are negative.")
/lcrc/project/SPT3G/users/ac.yomori/repo/cosmosis-standard-library/structure/projection/projection_tools/kernel.py:35: UserWarning: Some of your n(z) or other kernels are negative.
  warnings.warn("Some of your n(z) or other kernels are negative.")
/lcrc/project/SPT3G/users/ac.yomori/repo/cosmosis-standard-library/structure/projection/projection_tools/kernel.py:35: UserWarning: Some of your n(z) or other kernels are negative.
  warnings.warn("Some of your n(z) or other kernels are negative.")
/lcrc/project/SPT3G/users/ac.yomori/repo/cosmosis-standard-library/structure/projection/projection_tools/kernel.py:35: UserWarning: Some of your n(z) or other kernels are negative.
  warnings.warn("Some of your n(z) or other kernels are negative.")
/lcrc/project/SPT3G/users/ac.yomori/repo/cosmosis-standard-library/structure/projection/projection_tools/kernel.py:35: UserWarning: Some of your n(z) or other kernels are negative.
  warnings.warn("Some of your n(z) or other kernels are negative.")
/lcrc/project/SPT3G/users/ac.yomori/repo/cosmosis-standard-library/structure/projection/projection_tools/kernel.py:35: UserWarning: Some of your n(z) or other kernels are negative.
  warnings.warn("Some of your n(z) or other kernels are negative.")
/lcrc/project/SPT3G/users/ac.yomori/repo/cosmosis-standard-library/structure/projection/projection_tools/kernel.py:35: UserWarning: Some of your n(z) or other kernels are negative.
  warnings.warn("Some of your n(z) or other kernels are negative.")
/lcrc/project/SPT3G/users/ac.yomori/repo/cosmosis-standard-library/structure/projection/projection_tools/kernel.py:35: UserWarning: Some of your n(z) or other kernels are negative.
  warnings.warn("Some of your n(z) or other kernels are negative.")
/lcrc/project/SPT3G/users/ac.yomori/repo/cosmosis-standard-library/structure/projection/projection_tools/kernel.py:35: UserWarning: Some of your n(z) or other kernels are negative.
  warnings.warn("Some of your n(z) or other kernels are negative.")
/lcrc/project/SPT3G/users/ac.yomori/repo/cosmosis-standard-library/shear/cl_to_xi_fullsky/cl_to_xi.py:36: RuntimeWarning: divide by zero encountered in log
  spec = np.exp(self.interp_func(np.log(angle)))
/lcrc/project/SPT3G/users/ac.yomori/repo/cosmosis-standard-library/structure/projection/projection_tools/kernel.py:35: UserWarning: Some of your n(z) or other kernels are negative.
  warnings.warn("Some of your n(z) or other kernels are negative.")
/lcrc/project/SPT3G/users/ac.yomori/repo/cosmosis-standard-library/structure/projection/projection_tools/kernel.py:35: UserWarning: Some of your n(z) or other kernels are negative.
  warnings.warn("Some of your n(z) or other kernels are negative.")
/lcrc/project/SPT3G/users/ac.yomori/repo/cosmosis-standard-library/shear/cl_to_xi_fullsky/cl_to_xi.py:41: RuntimeWarning: divide by zero encountered in log
  spec = self.interp_func(np.log(angle))
/lcrc/project/SPT3G/users/ac.yomori/repo/cosmosis-standard-library/structure/projection/projection_tools/kernel.py:35: UserWarning: Some of your n(z) or other kernels are negative.
  warnings.warn("Some of your n(z) or other kernels are negative.")
/lcrc/project/SPT3G/users/ac.yomori/repo/cosmosis-standard-library/structure/projection/projection_tools/kernel.py:35: UserWarning: Some of your n(z) or other kernels are negative.
  warnings.warn("Some of your n(z) or other kernels are negative.")
/lcrc/project/SPT3G/users/ac.yomori/repo/cosmosis-standard-library/shear/cl_to_xi_fullsky/cl_to_xi.py:36: RuntimeWarning: divide by zero encountered in log
  spec = np.exp(self.interp_func(np.log(angle)))
/lcrc/project/SPT3G/users/ac.yomori/repo/cosmosis-standard-library/structure/projection/projection_tools/kernel.py:35: UserWarning: Some of your n(z) or other kernels are negative.
  warnings.warn("Some of your n(z) or other kernels are negative.")
/lcrc/project/SPT3G/users/ac.yomori/repo/cosmosis-standard-library/structure/projection/projection_tools/kernel.py:35: UserWarning: Some of your n(z) or other kernels are negative.
  warnings.warn("Some of your n(z) or other kernels are negative.")
/lcrc/project/SPT3G/users/ac.yomori/repo/cosmosis-standard-library/structure/projection/projection_tools/kernel.py:35: UserWarning: Some of your n(z) or other kernels are negative.
  warnings.warn("Some of your n(z) or other kernels are negative.")
/lcrc/project/SPT3G/users/ac.yomori/repo/cosmosis-standard-library/structure/projection/projection_tools/kernel.py:35: UserWarning: Some of your n(z) or other kernels are negative.
  warnings.warn("Some of your n(z) or other kernels are negative.")
/lcrc/project/SPT3G/users/ac.yomori/repo/cosmosis-standard-library/shear/cl_to_xi_fullsky/cl_to_xi.py:41: RuntimeWarning: divide by zero encountered in log
  spec = self.interp_func(np.log(angle))
/lcrc/project/SPT3G/users/ac.yomori/repo/cosmosis-standard-library/structure/projection/projection_tools/kernel.py:35: UserWarning: Some of your n(z) or other kernels are negative.
  warnings.warn("Some of your n(z) or other kernels are negative.")
/lcrc/project/SPT3G/users/ac.yomori/repo/cosmosis-standard-library/shear/cl_to_xi_fullsky/cl_to_xi.py:36: RuntimeWarning: divide by zero encountered in log
  spec = np.exp(self.interp_func(np.log(angle)))
/lcrc/project/SPT3G/users/ac.yomori/repo/cosmosis-standard-library/structure/projection/projection_tools/kernel.py:35: UserWarning: Some of your n(z) or other kernels are negative.
  warnings.warn("Some of your n(z) or other kernels are negative.")
/lcrc/project/SPT3G/users/ac.yomori/repo/cosmosis-standard-library/structure/projection/projection_tools/kernel.py:35: UserWarning: Some of your n(z) or other kernels are negative.
  warnings.warn("Some of your n(z) or other kernels are negative.")
/lcrc/project/SPT3G/users/ac.yomori/repo/cosmosis-standard-library/structure/projection/projection_tools/kernel.py:35: UserWarning: Some of your n(z) or other kernels are negative.
  warnings.warn("Some of your n(z) or other kernels are negative.")
/lcrc/project/SPT3G/users/ac.yomori/repo/cosmosis-standard-library/structure/projection/projection_tools/kernel.py:35: UserWarning: Some of your n(z) or other kernels are negative.
  warnings.warn("Some of your n(z) or other kernels are negative.")
/lcrc/project/SPT3G/users/ac.yomori/repo/cosmosis-standard-library/shear/cl_to_xi_fullsky/cl_to_xi.py:36: RuntimeWarning: divide by zero encountered in log
  spec = np.exp(self.interp_func(np.log(angle)))
/lcrc/project/SPT3G/users/ac.yomori/repo/cosmosis-standard-library/shear/cl_to_xi_fullsky/cl_to_xi.py:36: RuntimeWarning: divide by zero encountered in log
  spec = np.exp(self.interp_func(np.log(angle)))
/lcrc/project/SPT3G/users/ac.yomori/repo/cosmosis-standard-library/structure/projection/projection_tools/kernel.py:35: UserWarning: Some of your n(z) or other kernels are negative.
  warnings.warn("Some of your n(z) or other kernels are negative.")
/lcrc/project/SPT3G/users/ac.yomori/repo/cosmosis-standard-library/shear/cl_to_xi_fullsky/cl_to_xi.py:36: RuntimeWarning: divide by zero encountered in log
  spec = np.exp(self.interp_func(np.log(angle)))
/lcrc/project/SPT3G/users/ac.yomori/repo/cosmosis-standard-library/structure/projection/projection_tools/kernel.py:35: UserWarning: Some of your n(z) or other kernels are negative.
  warnings.warn("Some of your n(z) or other kernels are negative.")
/lcrc/project/SPT3G/users/ac.yomori/repo/cosmosis-standard-library/shear/cl_to_xi_fullsky/cl_to_xi.py:36: RuntimeWarning: divide by zero encountered in log
  spec = np.exp(self.interp_func(np.log(angle)))
/lcrc/project/SPT3G/users/ac.yomori/repo/cosmosis-standard-library/structure/projection/projection_tools/kernel.py:35: UserWarning: Some of your n(z) or other kernels are negative.
  warnings.warn("Some of your n(z) or other kernels are negative.")
/lcrc/project/SPT3G/users/ac.yomori/repo/cosmosis-standard-library/shear/cl_to_xi_fullsky/cl_to_xi.py:41: RuntimeWarning: divide by zero encountered in log
  spec = self.interp_func(np.log(angle))
/lcrc/project/SPT3G/users/ac.yomori/repo/cosmosis-standard-library/shear/cl_to_xi_fullsky/cl_to_xi.py:36: RuntimeWarning: divide by zero encountered in log
  spec = np.exp(self.interp_func(np.log(angle)))
/lcrc/project/SPT3G/users/ac.yomori/repo/cosmosis-standard-library/shear/cl_to_xi_fullsky/cl_to_xi.py:41: RuntimeWarning: divide by zero encountered in log
  spec = self.interp_func(np.log(angle))
/lcrc/project/SPT3G/users/ac.yomori/repo/cosmosis-standard-library/shear/cl_to_xi_fullsky/cl_to_xi.py:36: RuntimeWarning: divide by zero encountered in log
  spec = np.exp(self.interp_func(np.log(angle)))
/lcrc/project/SPT3G/users/ac.yomori/repo/cosmosis-standard-library/structure/projection/projection_tools/kernel.py:35: UserWarning: Some of your n(z) or other kernels are negative.
  warnings.warn("Some of your n(z) or other kernels are negative.")
/lcrc/project/SPT3G/users/ac.yomori/repo/cosmosis-standard-library/shear/cl_to_xi_fullsky/cl_to_xi.py:36: RuntimeWarning: divide by zero encountered in log
  spec = np.exp(self.interp_func(np.log(angle)))
/lcrc/project/SPT3G/users/ac.yomori/repo/cosmosis-standard-library/shear/cl_to_xi_fullsky/cl_to_xi.py:41: RuntimeWarning: divide by zero encountered in log
  spec = self.interp_func(np.log(angle))
/lcrc/project/SPT3G/users/ac.yomori/repo/cosmosis-standard-library/shear/cl_to_xi_fullsky/cl_to_xi.py:41: RuntimeWarning: divide by zero encountered in log
  spec = self.interp_func(np.log(angle))
/lcrc/project/SPT3G/users/ac.yomori/repo/cosmosis-standard-library/shear/cl_to_xi_fullsky/cl_to_xi.py:36: RuntimeWarning: divide by zero encountered in log
  spec = np.exp(self.interp_func(np.log(angle)))
/lcrc/project/SPT3G/users/ac.yomori/repo/cosmosis-standard-library/structure/projection/projection_tools/kernel.py:35: UserWarning: Some of your n(z) or other kernels are negative.
  warnings.warn("Some of your n(z) or other kernels are negative.")
/lcrc/project/SPT3G/users/ac.yomori/repo/cosmosis-standard-library/structure/projection/projection_tools/kernel.py:35: UserWarning: Some of your n(z) or other kernels are negative.
  warnings.warn("Some of your n(z) or other kernels are negative.")
/lcrc/project/SPT3G/users/ac.yomori/repo/cosmosis-standard-library/shear/cl_to_xi_fullsky/cl_to_xi.py:41: RuntimeWarning: divide by zero encountered in log
  spec = self.interp_func(np.log(angle))
/lcrc/project/SPT3G/users/ac.yomori/repo/cosmosis-standard-library/structure/projection/projection_tools/kernel.py:35: UserWarning: Some of your n(z) or other kernels are negative.
  warnings.warn("Some of your n(z) or other kernels are negative.")
/lcrc/project/SPT3G/users/ac.yomori/repo/cosmosis-standard-library/shear/cl_to_xi_fullsky/cl_to_xi.py:41: RuntimeWarning: divide by zero encountered in log
  spec = self.interp_func(np.log(angle))
/lcrc/project/SPT3G/users/ac.yomori/repo/cosmosis-standard-library/shear/cl_to_xi_fullsky/cl_to_xi.py:36: RuntimeWarning: divide by zero encountered in log
  spec = np.exp(self.interp_func(np.log(angle)))
/lcrc/project/SPT3G/users/ac.yomori/repo/cosmosis-standard-library/shear/cl_to_xi_fullsky/cl_to_xi.py:36: RuntimeWarning: divide by zero encountered in log
  spec = np.exp(self.interp_func(np.log(angle)))
/lcrc/project/SPT3G/users/ac.yomori/repo/cosmosis-standard-library/shear/cl_to_xi_fullsky/cl_to_xi.py:41: RuntimeWarning: divide by zero encountered in log
  spec = self.interp_func(np.log(angle))
/lcrc/project/SPT3G/users/ac.yomori/repo/cosmosis-standard-library/shear/cl_to_xi_fullsky/cl_to_xi.py:36: RuntimeWarning: divide by zero encountered in log
  spec = np.exp(self.interp_func(np.log(angle)))
/lcrc/project/SPT3G/users/ac.yomori/repo/cosmosis-standard-library/structure/projection/projection_tools/kernel.py:35: UserWarning: Some of your n(z) or other kernels are negative.
  warnings.warn("Some of your n(z) or other kernels are negative.")
/lcrc/project/SPT3G/users/ac.yomori/repo/cosmosis-standard-library/shear/cl_to_xi_fullsky/cl_to_xi.py:41: RuntimeWarning: divide by zero encountered in log
  spec = self.interp_func(np.log(angle))
/lcrc/project/SPT3G/users/ac.yomori/repo/cosmosis-standard-library/structure/projection/projection_tools/kernel.py:35: UserWarning: Some of your n(z) or other kernels are negative.
  warnings.warn("Some of your n(z) or other kernels are negative.")
/lcrc/project/SPT3G/users/ac.yomori/repo/cosmosis-standard-library/shear/cl_to_xi_fullsky/cl_to_xi.py:41: RuntimeWarning: divide by zero encountered in log
  spec = self.interp_func(np.log(angle))
/lcrc/project/SPT3G/users/ac.yomori/repo/cosmosis-standard-library/shear/cl_to_xi_fullsky/cl_to_xi.py:36: RuntimeWarning: divide by zero encountered in log
  spec = np.exp(self.interp_func(np.log(angle)))
/lcrc/project/SPT3G/users/ac.yomori/repo/cosmosis-standard-library/shear/cl_to_xi_fullsky/cl_to_xi.py:36: RuntimeWarning: divide by zero encountered in log
  spec = np.exp(self.interp_func(np.log(angle)))
/lcrc/project/SPT3G/users/ac.yomori/repo/cosmosis-standard-library/structure/projection/projection_tools/kernel.py:35: UserWarning: Some of your n(z) or other kernels are negative.
  warnings.warn("Some of your n(z) or other kernels are negative.")
/lcrc/project/SPT3G/users/ac.yomori/repo/cosmosis-standard-library/structure/projection/projection_tools/kernel.py:35: UserWarning: Some of your n(z) or other kernels are negative.
  warnings.warn("Some of your n(z) or other kernels are negative.")
/lcrc/project/SPT3G/users/ac.yomori/repo/cosmosis-standard-library/structure/projection/projection_tools/kernel.py:35: UserWarning: Some of your n(z) or other kernels are negative.
  warnings.warn("Some of your n(z) or other kernels are negative.")
/lcrc/project/SPT3G/users/ac.yomori/repo/cosmosis-standard-library/shear/cl_to_xi_fullsky/cl_to_xi.py:36: RuntimeWarning: divide by zero encountered in log
  spec = np.exp(self.interp_func(np.log(angle)))
/lcrc/project/SPT3G/users/ac.yomori/repo/cosmosis-standard-library/shear/cl_to_xi_fullsky/cl_to_xi.py:41: RuntimeWarning: divide by zero encountered in log
  spec = self.interp_func(np.log(angle))
/lcrc/project/SPT3G/users/ac.yomori/repo/cosmosis-standard-library/structure/projection/projection_tools/kernel.py:35: UserWarning: Some of your n(z) or other kernels are negative.
  warnings.warn("Some of your n(z) or other kernels are negative.")
/lcrc/project/SPT3G/users/ac.yomori/repo/cosmosis-standard-library/structure/projection/projection_tools/kernel.py:35: UserWarning: Some of your n(z) or other kernels are negative.
  warnings.warn("Some of your n(z) or other kernels are negative.")
/lcrc/project/SPT3G/users/ac.yomori/repo/cosmosis-standard-library/shear/cl_to_xi_fullsky/cl_to_xi.py:41: RuntimeWarning: divide by zero encountered in log
  spec = self.interp_func(np.log(angle))
/lcrc/project/SPT3G/users/ac.yomori/repo/cosmosis-standard-library/shear/cl_to_xi_fullsky/cl_to_xi.py:36: RuntimeWarning: divide by zero encountered in log
  spec = np.exp(self.interp_func(np.log(angle)))
/lcrc/project/SPT3G/users/ac.yomori/repo/cosmosis-standard-library/shear/cl_to_xi_fullsky/cl_to_xi.py:41: RuntimeWarning: divide by zero encountered in log
  spec = self.interp_func(np.log(angle))
/lcrc/project/SPT3G/users/ac.yomori/repo/cosmosis-standard-library/shear/cl_to_xi_fullsky/cl_to_xi.py:36: RuntimeWarning: divide by zero encountered in log
  spec = np.exp(self.interp_func(np.log(angle)))
/lcrc/project/SPT3G/users/ac.yomori/repo/cosmosis-standard-library/shear/cl_to_xi_fullsky/cl_to_xi.py:41: RuntimeWarning: divide by zero encountered in log
  spec = self.interp_func(np.log(angle))
/lcrc/project/SPT3G/users/ac.yomori/repo/cosmosis-standard-library/shear/cl_to_xi_fullsky/cl_to_xi.py:41: RuntimeWarning: divide by zero encountered in log
  spec = self.interp_func(np.log(angle))
/lcrc/project/SPT3G/users/ac.yomori/repo/cosmosis-standard-library/shear/cl_to_xi_fullsky/cl_to_xi.py:36: RuntimeWarning: divide by zero encountered in log
  spec = np.exp(self.interp_func(np.log(angle)))
/lcrc/project/SPT3G/users/ac.yomori/repo/cosmosis-standard-library/shear/cl_to_xi_fullsky/cl_to_xi.py:36: RuntimeWarning: divide by zero encountered in log
  spec = np.exp(self.interp_func(np.log(angle)))
/lcrc/project/SPT3G/users/ac.yomori/repo/cosmosis-standard-library/shear/cl_to_xi_fullsky/cl_to_xi.py:36: RuntimeWarning: divide by zero encountered in log
  spec = np.exp(self.interp_func(np.log(angle)))
/lcrc/project/SPT3G/users/ac.yomori/repo/cosmosis-standard-library/shear/cl_to_xi_fullsky/cl_to_xi.py:36: RuntimeWarning: divide by zero encountered in log
  spec = np.exp(self.interp_func(np.log(angle)))
/lcrc/project/SPT3G/users/ac.yomori/repo/cosmosis-standard-library/structure/projection/projection_tools/kernel.py:35: UserWarning: Some of your n(z) or other kernels are negative.
  warnings.warn("Some of your n(z) or other kernels are negative.")
/lcrc/project/SPT3G/users/ac.yomori/repo/cosmosis-standard-library/structure/projection/projection_tools/kernel.py:35: UserWarning: Some of your n(z) or other kernels are negative.
  warnings.warn("Some of your n(z) or other kernels are negative.")
/lcrc/project/SPT3G/users/ac.yomori/repo/cosmosis-standard-library/structure/projection/projection_tools/kernel.py:35: UserWarning: Some of your n(z) or other kernels are negative.
  warnings.warn("Some of your n(z) or other kernels are negative.")
/lcrc/project/SPT3G/users/ac.yomori/repo/cosmosis-standard-library/structure/projection/projection_tools/kernel.py:35: UserWarning: Some of your n(z) or other kernels are negative.
  warnings.warn("Some of your n(z) or other kernels are negative.")
/lcrc/project/SPT3G/users/ac.yomori/repo/cosmosis-standard-library/structure/projection/projection_tools/kernel.py:35: UserWarning: Some of your n(z) or other kernels are negative.
  warnings.warn("Some of your n(z) or other kernels are negative.")
/lcrc/project/SPT3G/users/ac.yomori/repo/cosmosis-standard-library/shear/cl_to_xi_fullsky/cl_to_xi.py:41: RuntimeWarning: divide by zero encountered in log
  spec = self.interp_func(np.log(angle))
/lcrc/project/SPT3G/users/ac.yomori/repo/cosmosis-standard-library/structure/projection/projection_tools/kernel.py:35: UserWarning: Some of your n(z) or other kernels are negative.
  warnings.warn("Some of your n(z) or other kernels are negative.")
/lcrc/project/SPT3G/users/ac.yomori/repo/cosmosis-standard-library/shear/cl_to_xi_fullsky/cl_to_xi.py:41: RuntimeWarning: divide by zero encountered in log
  spec = self.interp_func(np.log(angle))
/lcrc/project/SPT3G/users/ac.yomori/repo/cosmosis-standard-library/structure/projection/projection_tools/kernel.py:35: UserWarning: Some of your n(z) or other kernels are negative.
  warnings.warn("Some of your n(z) or other kernels are negative.")
/lcrc/project/SPT3G/users/ac.yomori/repo/cosmosis-standard-library/shear/cl_to_xi_fullsky/cl_to_xi.py:36: RuntimeWarning: divide by zero encountered in log
  spec = np.exp(self.interp_func(np.log(angle)))
/lcrc/project/SPT3G/users/ac.yomori/repo/cosmosis-standard-library/shear/cl_to_xi_fullsky/cl_to_xi.py:36: RuntimeWarning: divide by zero encountered in log
  spec = np.exp(self.interp_func(np.log(angle)))
/lcrc/project/SPT3G/users/ac.yomori/repo/cosmosis-standard-library/shear/cl_to_xi_fullsky/cl_to_xi.py:41: RuntimeWarning: divide by zero encountered in log
  spec = self.interp_func(np.log(angle))
/lcrc/project/SPT3G/users/ac.yomori/repo/cosmosis-standard-library/shear/cl_to_xi_fullsky/cl_to_xi.py:41: RuntimeWarning: divide by zero encountered in log
  spec = self.interp_func(np.log(angle))
/lcrc/project/SPT3G/users/ac.yomori/repo/cosmosis-standard-library/shear/cl_to_xi_fullsky/cl_to_xi.py:41: RuntimeWarning: divide by zero encountered in log
  spec = self.interp_func(np.log(angle))
/lcrc/project/SPT3G/users/ac.yomori/repo/cosmosis-standard-library/shear/cl_to_xi_fullsky/cl_to_xi.py:41: RuntimeWarning: divide by zero encountered in log
  spec = self.interp_func(np.log(angle))
/lcrc/project/SPT3G/users/ac.yomori/repo/cosmosis-standard-library/structure/projection/projection_tools/kernel.py:35: UserWarning: Some of your n(z) or other kernels are negative.
  warnings.warn("Some of your n(z) or other kernels are negative.")
/lcrc/project/SPT3G/users/ac.yomori/repo/cosmosis-standard-library/shear/cl_to_xi_fullsky/cl_to_xi.py:41: RuntimeWarning: divide by zero encountered in log
  spec = self.interp_func(np.log(angle))
/lcrc/project/SPT3G/users/ac.yomori/repo/cosmosis-standard-library/structure/projection/projection_tools/kernel.py:35: UserWarning: Some of your n(z) or other kernels are negative.
  warnings.warn("Some of your n(z) or other kernels are negative.")
/lcrc/project/SPT3G/users/ac.yomori/repo/cosmosis-standard-library/structure/projection/projection_tools/kernel.py:35: UserWarning: Some of your n(z) or other kernels are negative.
  warnings.warn("Some of your n(z) or other kernels are negative.")
/lcrc/project/SPT3G/users/ac.yomori/repo/cosmosis-standard-library/structure/projection/projection_tools/kernel.py:35: UserWarning: Some of your n(z) or other kernels are negative.
  warnings.warn("Some of your n(z) or other kernels are negative.")
/lcrc/project/SPT3G/users/ac.yomori/repo/cosmosis-standard-library/shear/cl_to_xi_fullsky/cl_to_xi.py:36: RuntimeWarning: divide by zero encountered in log
  spec = np.exp(self.interp_func(np.log(angle)))
/lcrc/project/SPT3G/users/ac.yomori/repo/cosmosis-standard-library/structure/projection/projection_tools/kernel.py:35: UserWarning: Some of your n(z) or other kernels are negative.
  warnings.warn("Some of your n(z) or other kernels are negative.")
/lcrc/project/SPT3G/users/ac.yomori/repo/cosmosis-standard-library/shear/cl_to_xi_fullsky/cl_to_xi.py:36: RuntimeWarning: divide by zero encountered in log
  spec = np.exp(self.interp_func(np.log(angle)))
/lcrc/project/SPT3G/users/ac.yomori/repo/cosmosis-standard-library/shear/cl_to_xi_fullsky/cl_to_xi.py:36: RuntimeWarning: divide by zero encountered in log
  spec = np.exp(self.interp_func(np.log(angle)))
/lcrc/project/SPT3G/users/ac.yomori/repo/cosmosis-standard-library/structure/projection/projection_tools/kernel.py:35: UserWarning: Some of your n(z) or other kernels are negative.
  warnings.warn("Some of your n(z) or other kernels are negative.")
/lcrc/project/SPT3G/users/ac.yomori/repo/cosmosis-standard-library/shear/cl_to_xi_fullsky/cl_to_xi.py:36: RuntimeWarning: divide by zero encountered in log
  spec = np.exp(self.interp_func(np.log(angle)))
/lcrc/project/SPT3G/users/ac.yomori/repo/cosmosis-standard-library/shear/cl_to_xi_fullsky/cl_to_xi.py:41: RuntimeWarning: divide by zero encountered in log
  spec = self.interp_func(np.log(angle))
/lcrc/project/SPT3G/users/ac.yomori/repo/cosmosis-standard-library/shear/cl_to_xi_fullsky/cl_to_xi.py:36: RuntimeWarning: divide by zero encountered in log
  spec = np.exp(self.interp_func(np.log(angle)))
/lcrc/project/SPT3G/users/ac.yomori/repo/cosmosis-standard-library/shear/cl_to_xi_fullsky/cl_to_xi.py:41: RuntimeWarning: divide by zero encountered in log
  spec = self.interp_func(np.log(angle))
/lcrc/project/SPT3G/users/ac.yomori/repo/cosmosis-standard-library/shear/cl_to_xi_fullsky/cl_to_xi.py:36: RuntimeWarning: divide by zero encountered in log
  spec = np.exp(self.interp_func(np.log(angle)))
/lcrc/project/SPT3G/users/ac.yomori/repo/cosmosis-standard-library/structure/projection/projection_tools/kernel.py:35: UserWarning: Some of your n(z) or other kernels are negative.
  warnings.warn("Some of your n(z) or other kernels are negative.")
/lcrc/project/SPT3G/users/ac.yomori/repo/cosmosis-standard-library/structure/projection/projection_tools/kernel.py:35: UserWarning: Some of your n(z) or other kernels are negative.
  warnings.warn("Some of your n(z) or other kernels are negative.")
/lcrc/project/SPT3G/users/ac.yomori/repo/cosmosis-standard-library/shear/cl_to_xi_fullsky/cl_to_xi.py:36: RuntimeWarning: divide by zero encountered in log
  spec = np.exp(self.interp_func(np.log(angle)))
/lcrc/project/SPT3G/users/ac.yomori/repo/cosmosis-standard-library/shear/cl_to_xi_fullsky/cl_to_xi.py:41: RuntimeWarning: divide by zero encountered in log
  spec = self.interp_func(np.log(angle))
/lcrc/project/SPT3G/users/ac.yomori/repo/cosmosis-standard-library/structure/projection/projection_tools/kernel.py:35: UserWarning: Some of your n(z) or other kernels are negative.
  warnings.warn("Some of your n(z) or other kernels are negative.")
/lcrc/project/SPT3G/users/ac.yomori/repo/cosmosis-standard-library/shear/cl_to_xi_fullsky/cl_to_xi.py:41: RuntimeWarning: divide by zero encountered in log
  spec = self.interp_func(np.log(angle))
/lcrc/project/SPT3G/users/ac.yomori/repo/cosmosis-standard-library/shear/cl_to_xi_fullsky/cl_to_xi.py:41: RuntimeWarning: divide by zero encountered in log
  spec = self.interp_func(np.log(angle))
/lcrc/project/SPT3G/users/ac.yomori/repo/cosmosis-standard-library/shear/cl_to_xi_fullsky/cl_to_xi.py:41: RuntimeWarning: divide by zero encountered in log
  spec = self.interp_func(np.log(angle))
/lcrc/project/SPT3G/users/ac.yomori/repo/cosmosis-standard-library/shear/cl_to_xi_fullsky/cl_to_xi.py:36: RuntimeWarning: divide by zero encountered in log
  spec = np.exp(self.interp_func(np.log(angle)))
/lcrc/project/SPT3G/users/ac.yomori/repo/cosmosis-standard-library/shear/cl_to_xi_fullsky/cl_to_xi.py:41: RuntimeWarning: divide by zero encountered in log
  spec = self.interp_func(np.log(angle))
/lcrc/project/SPT3G/users/ac.yomori/repo/cosmosis-standard-library/shear/cl_to_xi_fullsky/cl_to_xi.py:41: RuntimeWarning: divide by zero encountered in log
  spec = self.interp_func(np.log(angle))
/lcrc/project/SPT3G/users/ac.yomori/repo/cosmosis-standard-library/structure/projection/projection_tools/kernel.py:35: UserWarning: Some of your n(z) or other kernels are negative.
  warnings.warn("Some of your n(z) or other kernels are negative.")
/lcrc/project/SPT3G/users/ac.yomori/repo/cosmosis-standard-library/structure/projection/projection_tools/kernel.py:35: UserWarning: Some of your n(z) or other kernels are negative.
  warnings.warn("Some of your n(z) or other kernels are negative.")
/lcrc/project/SPT3G/users/ac.yomori/repo/cosmosis-standard-library/shear/cl_to_xi_fullsky/cl_to_xi.py:36: RuntimeWarning: divide by zero encountered in log
  spec = np.exp(self.interp_func(np.log(angle)))
/lcrc/project/SPT3G/users/ac.yomori/repo/cosmosis-standard-library/shear/cl_to_xi_fullsky/cl_to_xi.py:36: RuntimeWarning: divide by zero encountered in log
  spec = np.exp(self.interp_func(np.log(angle)))
/lcrc/project/SPT3G/users/ac.yomori/repo/cosmosis-standard-library/shear/cl_to_xi_fullsky/cl_to_xi.py:36: RuntimeWarning: divide by zero encountered in log
  spec = np.exp(self.interp_func(np.log(angle)))
/lcrc/project/SPT3G/users/ac.yomori/repo/cosmosis-standard-library/structure/projection/projection_tools/kernel.py:35: UserWarning: Some of your n(z) or other kernels are negative.
  warnings.warn("Some of your n(z) or other kernels are negative.")
/lcrc/project/SPT3G/users/ac.yomori/repo/cosmosis-standard-library/shear/cl_to_xi_fullsky/cl_to_xi.py:41: RuntimeWarning: divide by zero encountered in log
  spec = self.interp_func(np.log(angle))
/lcrc/project/SPT3G/users/ac.yomori/repo/cosmosis-standard-library/structure/projection/projection_tools/kernel.py:35: UserWarning: Some of your n(z) or other kernels are negative.
  warnings.warn("Some of your n(z) or other kernels are negative.")
/lcrc/project/SPT3G/users/ac.yomori/repo/cosmosis-standard-library/structure/projection/projection_tools/kernel.py:35: UserWarning: Some of your n(z) or other kernels are negative.
  warnings.warn("Some of your n(z) or other kernels are negative.")
/lcrc/project/SPT3G/users/ac.yomori/repo/cosmosis-standard-library/structure/projection/projection_tools/kernel.py:35: UserWarning: Some of your n(z) or other kernels are negative.
  warnings.warn("Some of your n(z) or other kernels are negative.")
/lcrc/project/SPT3G/users/ac.yomori/repo/cosmosis-standard-library/shear/cl_to_xi_fullsky/cl_to_xi.py:41: RuntimeWarning: divide by zero encountered in log
  spec = self.interp_func(np.log(angle))
/lcrc/project/SPT3G/users/ac.yomori/repo/cosmosis-standard-library/structure/projection/projection_tools/kernel.py:35: UserWarning: Some of your n(z) or other kernels are negative.
  warnings.warn("Some of your n(z) or other kernels are negative.")
/lcrc/project/SPT3G/users/ac.yomori/repo/cosmosis-standard-library/shear/cl_to_xi_fullsky/cl_to_xi.py:36: RuntimeWarning: divide by zero encountered in log
  spec = np.exp(self.interp_func(np.log(angle)))
/lcrc/project/SPT3G/users/ac.yomori/repo/cosmosis-standard-library/shear/cl_to_xi_fullsky/cl_to_xi.py:41: RuntimeWarning: divide by zero encountered in log
  spec = self.interp_func(np.log(angle))
/lcrc/project/SPT3G/users/ac.yomori/repo/cosmosis-standard-library/shear/cl_to_xi_fullsky/cl_to_xi.py:36: RuntimeWarning: divide by zero encountered in log
  spec = np.exp(self.interp_func(np.log(angle)))
/lcrc/project/SPT3G/users/ac.yomori/repo/cosmosis-standard-library/structure/projection/projection_tools/kernel.py:35: UserWarning: Some of your n(z) or other kernels are negative.
  warnings.warn("Some of your n(z) or other kernels are negative.")
/lcrc/project/SPT3G/users/ac.yomori/repo/cosmosis-standard-library/shear/cl_to_xi_fullsky/cl_to_xi.py:41: RuntimeWarning: divide by zero encountered in log
  spec = self.interp_func(np.log(angle))
/lcrc/project/SPT3G/users/ac.yomori/repo/cosmosis-standard-library/shear/cl_to_xi_fullsky/cl_to_xi.py:41: RuntimeWarning: divide by zero encountered in log
  spec = self.interp_func(np.log(angle))
/lcrc/project/SPT3G/users/ac.yomori/repo/cosmosis-standard-library/structure/projection/projection_tools/kernel.py:35: UserWarning: Some of your n(z) or other kernels are negative.
  warnings.warn("Some of your n(z) or other kernels are negative.")
/lcrc/project/SPT3G/users/ac.yomori/repo/cosmosis-standard-library/shear/cl_to_xi_fullsky/cl_to_xi.py:36: RuntimeWarning: divide by zero encountered in log
  spec = np.exp(self.interp_func(np.log(angle)))
/lcrc/project/SPT3G/users/ac.yomori/repo/cosmosis-standard-library/shear/cl_to_xi_fullsky/cl_to_xi.py:36: RuntimeWarning: divide by zero encountered in log
  spec = np.exp(self.interp_func(np.log(angle)))
/lcrc/project/SPT3G/users/ac.yomori/repo/cosmosis-standard-library/shear/cl_to_xi_fullsky/cl_to_xi.py:36: RuntimeWarning: divide by zero encountered in log
  spec = np.exp(self.interp_func(np.log(angle)))
/lcrc/project/SPT3G/users/ac.yomori/repo/cosmosis-standard-library/shear/cl_to_xi_fullsky/cl_to_xi.py:36: RuntimeWarning: divide by zero encountered in log
  spec = np.exp(self.interp_func(np.log(angle)))
/lcrc/project/SPT3G/users/ac.yomori/repo/cosmosis-standard-library/shear/cl_to_xi_fullsky/cl_to_xi.py:36: RuntimeWarning: divide by zero encountered in log
  spec = np.exp(self.interp_func(np.log(angle)))
/lcrc/project/SPT3G/users/ac.yomori/repo/cosmosis-standard-library/shear/cl_to_xi_fullsky/cl_to_xi.py:36: RuntimeWarning: divide by zero encountered in log
  spec = np.exp(self.interp_func(np.log(angle)))
/lcrc/project/SPT3G/users/ac.yomori/repo/cosmosis-standard-library/structure/projection/projection_tools/kernel.py:35: UserWarning: Some of your n(z) or other kernels are negative.
  warnings.warn("Some of your n(z) or other kernels are negative.")
/lcrc/project/SPT3G/users/ac.yomori/repo/cosmosis-standard-library/structure/projection/projection_tools/kernel.py:35: UserWarning: Some of your n(z) or other kernels are negative.
  warnings.warn("Some of your n(z) or other kernels are negative.")
/lcrc/project/SPT3G/users/ac.yomori/repo/cosmosis-standard-library/shear/cl_to_xi_fullsky/cl_to_xi.py:41: RuntimeWarning: divide by zero encountered in log
  spec = self.interp_func(np.log(angle))
/lcrc/project/SPT3G/users/ac.yomori/repo/cosmosis-standard-library/structure/projection/projection_tools/kernel.py:35: UserWarning: Some of your n(z) or other kernels are negative.
  warnings.warn("Some of your n(z) or other kernels are negative.")
/lcrc/project/SPT3G/users/ac.yomori/repo/cosmosis-standard-library/shear/cl_to_xi_fullsky/cl_to_xi.py:41: RuntimeWarning: divide by zero encountered in log
  spec = self.interp_func(np.log(angle))
/lcrc/project/SPT3G/users/ac.yomori/repo/cosmosis-standard-library/shear/cl_to_xi_fullsky/cl_to_xi.py:36: RuntimeWarning: divide by zero encountered in log
  spec = np.exp(self.interp_func(np.log(angle)))
/lcrc/project/SPT3G/users/ac.yomori/repo/cosmosis-standard-library/shear/cl_to_xi_fullsky/cl_to_xi.py:41: RuntimeWarning: divide by zero encountered in log
  spec = self.interp_func(np.log(angle))
/lcrc/project/SPT3G/users/ac.yomori/repo/cosmosis-standard-library/shear/cl_to_xi_fullsky/cl_to_xi.py:36: RuntimeWarning: divide by zero encountered in log
  spec = np.exp(self.interp_func(np.log(angle)))
/lcrc/project/SPT3G/users/ac.yomori/repo/cosmosis-standard-library/shear/cl_to_xi_fullsky/cl_to_xi.py:41: RuntimeWarning: divide by zero encountered in log
  spec = self.interp_func(np.log(angle))
/lcrc/project/SPT3G/users/ac.yomori/repo/cosmosis-standard-library/shear/cl_to_xi_fullsky/cl_to_xi.py:41: RuntimeWarning: divide by zero encountered in log
  spec = self.interp_func(np.log(angle))
/lcrc/project/SPT3G/users/ac.yomori/repo/cosmosis-standard-library/shear/cl_to_xi_fullsky/cl_to_xi.py:36: RuntimeWarning: divide by zero encountered in log
  spec = np.exp(self.interp_func(np.log(angle)))
/lcrc/project/SPT3G/users/ac.yomori/repo/cosmosis-standard-library/structure/projection/projection_tools/kernel.py:35: UserWarning: Some of your n(z) or other kernels are negative.
  warnings.warn("Some of your n(z) or other kernels are negative.")
/lcrc/project/SPT3G/users/ac.yomori/repo/cosmosis-standard-library/shear/cl_to_xi_fullsky/cl_to_xi.py:36: RuntimeWarning: divide by zero encountered in log
  spec = np.exp(self.interp_func(np.log(angle)))
/lcrc/project/SPT3G/users/ac.yomori/repo/cosmosis-standard-library/shear/cl_to_xi_fullsky/cl_to_xi.py:41: RuntimeWarning: divide by zero encountered in log
  spec = self.interp_func(np.log(angle))
/lcrc/project/SPT3G/users/ac.yomori/repo/cosmosis-standard-library/structure/projection/projection_tools/kernel.py:35: UserWarning: Some of your n(z) or other kernels are negative.
  warnings.warn("Some of your n(z) or other kernels are negative.")
/lcrc/project/SPT3G/users/ac.yomori/repo/cosmosis-standard-library/shear/cl_to_xi_fullsky/cl_to_xi.py:36: RuntimeWarning: divide by zero encountered in log
  spec = np.exp(self.interp_func(np.log(angle)))
/lcrc/project/SPT3G/users/ac.yomori/repo/cosmosis-standard-library/shear/cl_to_xi_fullsky/cl_to_xi.py:36: RuntimeWarning: divide by zero encountered in log
  spec = np.exp(self.interp_func(np.log(angle)))
/lcrc/project/SPT3G/users/ac.yomori/repo/cosmosis-standard-library/structure/projection/projection_tools/kernel.py:35: UserWarning: Some of your n(z) or other kernels are negative.
  warnings.warn("Some of your n(z) or other kernels are negative.")
/lcrc/project/SPT3G/users/ac.yomori/repo/cosmosis-standard-library/shear/cl_to_xi_fullsky/cl_to_xi.py:41: RuntimeWarning: divide by zero encountered in log
  spec = self.interp_func(np.log(angle))
/lcrc/project/SPT3G/users/ac.yomori/repo/cosmosis-standard-library/structure/projection/projection_tools/kernel.py:35: UserWarning: Some of your n(z) or other kernels are negative.
  warnings.warn("Some of your n(z) or other kernels are negative.")
/lcrc/project/SPT3G/users/ac.yomori/repo/cosmosis-standard-library/shear/cl_to_xi_fullsky/cl_to_xi.py:41: RuntimeWarning: divide by zero encountered in log
  spec = self.interp_func(np.log(angle))
/lcrc/project/SPT3G/users/ac.yomori/repo/cosmosis-standard-library/shear/cl_to_xi_fullsky/cl_to_xi.py:36: RuntimeWarning: divide by zero encountered in log
  spec = np.exp(self.interp_func(np.log(angle)))
/lcrc/project/SPT3G/users/ac.yomori/repo/cosmosis-standard-library/shear/cl_to_xi_fullsky/cl_to_xi.py:41: RuntimeWarning: divide by zero encountered in log
  spec = self.interp_func(np.log(angle))
/lcrc/project/SPT3G/users/ac.yomori/repo/cosmosis-standard-library/structure/projection/projection_tools/kernel.py:35: UserWarning: Some of your n(z) or other kernels are negative.
  warnings.warn("Some of your n(z) or other kernels are negative.")
/lcrc/project/SPT3G/users/ac.yomori/repo/cosmosis-standard-library/shear/cl_to_xi_fullsky/cl_to_xi.py:36: RuntimeWarning: divide by zero encountered in log
  spec = np.exp(self.interp_func(np.log(angle)))
/lcrc/project/SPT3G/users/ac.yomori/repo/cosmosis-standard-library/shear/cl_to_xi_fullsky/cl_to_xi.py:41: RuntimeWarning: divide by zero encountered in log
  spec = self.interp_func(np.log(angle))
/lcrc/project/SPT3G/users/ac.yomori/repo/cosmosis-standard-library/shear/cl_to_xi_fullsky/cl_to_xi.py:41: RuntimeWarning: divide by zero encountered in log
  spec = self.interp_func(np.log(angle))
/lcrc/project/SPT3G/users/ac.yomori/repo/cosmosis-standard-library/shear/cl_to_xi_fullsky/cl_to_xi.py:41: RuntimeWarning: divide by zero encountered in log
  spec = self.interp_func(np.log(angle))
/lcrc/project/SPT3G/users/ac.yomori/repo/cosmosis-standard-library/shear/cl_to_xi_fullsky/cl_to_xi.py:41: RuntimeWarning: divide by zero encountered in log
  spec = self.interp_func(np.log(angle))
/lcrc/project/SPT3G/users/ac.yomori/repo/cosmosis-standard-library/structure/projection/projection_tools/kernel.py:35: UserWarning: Some of your n(z) or other kernels are negative.
  warnings.warn("Some of your n(z) or other kernels are negative.")
/lcrc/project/SPT3G/users/ac.yomori/repo/cosmosis-standard-library/shear/cl_to_xi_fullsky/cl_to_xi.py:36: RuntimeWarning: divide by zero encountered in log
  spec = np.exp(self.interp_func(np.log(angle)))
/lcrc/project/SPT3G/users/ac.yomori/repo/cosmosis-standard-library/shear/cl_to_xi_fullsky/cl_to_xi.py:36: RuntimeWarning: divide by zero encountered in log
  spec = np.exp(self.interp_func(np.log(angle)))
/lcrc/project/SPT3G/users/ac.yomori/repo/cosmosis-standard-library/structure/projection/projection_tools/kernel.py:35: UserWarning: Some of your n(z) or other kernels are negative.
  warnings.warn("Some of your n(z) or other kernels are negative.")
/lcrc/project/SPT3G/users/ac.yomori/repo/cosmosis-standard-library/shear/cl_to_xi_fullsky/cl_to_xi.py:41: RuntimeWarning: divide by zero encountered in log
  spec = self.interp_func(np.log(angle))
/lcrc/project/SPT3G/users/ac.yomori/repo/cosmosis-standard-library/shear/cl_to_xi_fullsky/cl_to_xi.py:36: RuntimeWarning: divide by zero encountered in log
  spec = np.exp(self.interp_func(np.log(angle)))
/lcrc/project/SPT3G/users/ac.yomori/repo/cosmosis-standard-library/structure/projection/projection_tools/kernel.py:35: UserWarning: Some of your n(z) or other kernels are negative.
  warnings.warn("Some of your n(z) or other kernels are negative.")
/lcrc/project/SPT3G/users/ac.yomori/repo/cosmosis-standard-library/shear/cl_to_xi_fullsky/cl_to_xi.py:36: RuntimeWarning: divide by zero encountered in log
  spec = np.exp(self.interp_func(np.log(angle)))
/lcrc/project/SPT3G/users/ac.yomori/repo/cosmosis-standard-library/shear/cl_to_xi_fullsky/cl_to_xi.py:41: RuntimeWarning: divide by zero encountered in log
  spec = self.interp_func(np.log(angle))
/lcrc/project/SPT3G/users/ac.yomori/repo/cosmosis-standard-library/shear/cl_to_xi_fullsky/cl_to_xi.py:36: RuntimeWarning: divide by zero encountered in log
  spec = np.exp(self.interp_func(np.log(angle)))
/lcrc/project/SPT3G/users/ac.yomori/repo/cosmosis-standard-library/shear/cl_to_xi_fullsky/cl_to_xi.py:41: RuntimeWarning: divide by zero encountered in log
  spec = self.interp_func(np.log(angle))
/lcrc/project/SPT3G/users/ac.yomori/repo/cosmosis-standard-library/structure/projection/projection_tools/kernel.py:35: UserWarning: Some of your n(z) or other kernels are negative.
  warnings.warn("Some of your n(z) or other kernels are negative.")
/lcrc/project/SPT3G/users/ac.yomori/repo/cosmosis-standard-library/shear/cl_to_xi_fullsky/cl_to_xi.py:36: RuntimeWarning: divide by zero encountered in log
  spec = np.exp(self.interp_func(np.log(angle)))
/lcrc/project/SPT3G/users/ac.yomori/repo/cosmosis-standard-library/shear/cl_to_xi_fullsky/cl_to_xi.py:41: RuntimeWarning: divide by zero encountered in log
  spec = self.interp_func(np.log(angle))
/lcrc/project/SPT3G/users/ac.yomori/repo/cosmosis-standard-library/shear/cl_to_xi_fullsky/cl_to_xi.py:41: RuntimeWarning: divide by zero encountered in log
  spec = self.interp_func(np.log(angle))
/lcrc/project/SPT3G/users/ac.yomori/repo/cosmosis-standard-library/shear/cl_to_xi_fullsky/cl_to_xi.py:41: RuntimeWarning: divide by zero encountered in log
  spec = self.interp_func(np.log(angle))
/lcrc/project/SPT3G/users/ac.yomori/repo/cosmosis-standard-library/shear/cl_to_xi_fullsky/cl_to_xi.py:36: RuntimeWarning: divide by zero encountered in log
  spec = np.exp(self.interp_func(np.log(angle)))
/lcrc/project/SPT3G/users/ac.yomori/repo/cosmosis-standard-library/shear/cl_to_xi_fullsky/cl_to_xi.py:41: RuntimeWarning: divide by zero encountered in log
  spec = self.interp_func(np.log(angle))
/lcrc/project/SPT3G/users/ac.yomori/repo/cosmosis-standard-library/shear/cl_to_xi_fullsky/cl_to_xi.py:36: RuntimeWarning: divide by zero encountered in log
  spec = np.exp(self.interp_func(np.log(angle)))
/lcrc/project/SPT3G/users/ac.yomori/repo/cosmosis-standard-library/shear/cl_to_xi_fullsky/cl_to_xi.py:36: RuntimeWarning: divide by zero encountered in log
  spec = np.exp(self.interp_func(np.log(angle)))
/lcrc/project/SPT3G/users/ac.yomori/repo/cosmosis-standard-library/shear/cl_to_xi_fullsky/cl_to_xi.py:41: RuntimeWarning: divide by zero encountered in log
  spec = self.interp_func(np.log(angle))
/lcrc/project/SPT3G/users/ac.yomori/repo/cosmosis-standard-library/structure/projection/projection_tools/kernel.py:35: UserWarning: Some of your n(z) or other kernels are negative.
  warnings.warn("Some of your n(z) or other kernels are negative.")
/lcrc/project/SPT3G/users/ac.yomori/repo/cosmosis-standard-library/shear/cl_to_xi_fullsky/cl_to_xi.py:41: RuntimeWarning: divide by zero encountered in log
  spec = self.interp_func(np.log(angle))
/lcrc/project/SPT3G/users/ac.yomori/repo/cosmosis-standard-library/shear/cl_to_xi_fullsky/cl_to_xi.py:36: RuntimeWarning: divide by zero encountered in log
  spec = np.exp(self.interp_func(np.log(angle)))
/lcrc/project/SPT3G/users/ac.yomori/repo/cosmosis-standard-library/shear/cl_to_xi_fullsky/cl_to_xi.py:41: RuntimeWarning: divide by zero encountered in log
  spec = self.interp_func(np.log(angle))
/lcrc/project/SPT3G/users/ac.yomori/repo/cosmosis-standard-library/shear/cl_to_xi_fullsky/cl_to_xi.py:36: RuntimeWarning: divide by zero encountered in log
  spec = np.exp(self.interp_func(np.log(angle)))
/lcrc/project/SPT3G/users/ac.yomori/repo/cosmosis-standard-library/shear/cl_to_xi_fullsky/cl_to_xi.py:36: RuntimeWarning: divide by zero encountered in log
  spec = np.exp(self.interp_func(np.log(angle)))
/lcrc/project/SPT3G/users/ac.yomori/repo/cosmosis-standard-library/shear/cl_to_xi_fullsky/cl_to_xi.py:41: RuntimeWarning: divide by zero encountered in log
  spec = self.interp_func(np.log(angle))
/lcrc/project/SPT3G/users/ac.yomori/repo/cosmosis-standard-library/shear/cl_to_xi_fullsky/cl_to_xi.py:36: RuntimeWarning: divide by zero encountered in log
  spec = np.exp(self.interp_func(np.log(angle)))
/lcrc/project/SPT3G/users/ac.yomori/repo/cosmosis-standard-library/structure/projection/projection_tools/kernel.py:35: UserWarning: Some of your n(z) or other kernels are negative.
  warnings.warn("Some of your n(z) or other kernels are negative.")
/lcrc/project/SPT3G/users/ac.yomori/repo/cosmosis-standard-library/shear/cl_to_xi_fullsky/cl_to_xi.py:41: RuntimeWarning: divide by zero encountered in log
  spec = self.interp_func(np.log(angle))
/lcrc/project/SPT3G/users/ac.yomori/repo/cosmosis-standard-library/shear/cl_to_xi_fullsky/cl_to_xi.py:41: RuntimeWarning: divide by zero encountered in log
  spec = self.interp_func(np.log(angle))
/lcrc/project/SPT3G/users/ac.yomori/repo/cosmosis-standard-library/shear/cl_to_xi_fullsky/cl_to_xi.py:36: RuntimeWarning: divide by zero encountered in log
  spec = np.exp(self.interp_func(np.log(angle)))
/lcrc/project/SPT3G/users/ac.yomori/repo/cosmosis-standard-library/structure/projection/projection_tools/kernel.py:35: UserWarning: Some of your n(z) or other kernels are negative.
  warnings.warn("Some of your n(z) or other kernels are negative.")
/lcrc/project/SPT3G/users/ac.yomori/repo/cosmosis-standard-library/shear/cl_to_xi_fullsky/cl_to_xi.py:36: RuntimeWarning: divide by zero encountered in log
  spec = np.exp(self.interp_func(np.log(angle)))
/lcrc/project/SPT3G/users/ac.yomori/repo/cosmosis-standard-library/shear/cl_to_xi_fullsky/cl_to_xi.py:36: RuntimeWarning: divide by zero encountered in log
  spec = np.exp(self.interp_func(np.log(angle)))
/lcrc/project/SPT3G/users/ac.yomori/repo/cosmosis-standard-library/structure/projection/projection_tools/kernel.py:35: UserWarning: Some of your n(z) or other kernels are negative.
  warnings.warn("Some of your n(z) or other kernels are negative.")
/lcrc/project/SPT3G/users/ac.yomori/repo/cosmosis-standard-library/shear/cl_to_xi_fullsky/cl_to_xi.py:41: RuntimeWarning: divide by zero encountered in log
  spec = self.interp_func(np.log(angle))
/lcrc/project/SPT3G/users/ac.yomori/repo/cosmosis-standard-library/shear/cl_to_xi_fullsky/cl_to_xi.py:41: RuntimeWarning: divide by zero encountered in log
  spec = self.interp_func(np.log(angle))
/lcrc/project/SPT3G/users/ac.yomori/repo/cosmosis-standard-library/shear/cl_to_xi_fullsky/cl_to_xi.py:36: RuntimeWarning: divide by zero encountered in log
  spec = np.exp(self.interp_func(np.log(angle)))
/lcrc/project/SPT3G/users/ac.yomori/repo/cosmosis-standard-library/shear/cl_to_xi_fullsky/cl_to_xi.py:41: RuntimeWarning: divide by zero encountered in log
  spec = self.interp_func(np.log(angle))
/lcrc/project/SPT3G/users/ac.yomori/repo/cosmosis-standard-library/shear/cl_to_xi_fullsky/cl_to_xi.py:36: RuntimeWarning: divide by zero encountered in log
  spec = np.exp(self.interp_func(np.log(angle)))
/lcrc/project/SPT3G/users/ac.yomori/repo/cosmosis-standard-library/structure/projection/projection_tools/kernel.py:35: UserWarning: Some of your n(z) or other kernels are negative.
  warnings.warn("Some of your n(z) or other kernels are negative.")
/lcrc/project/SPT3G/users/ac.yomori/repo/cosmosis-standard-library/shear/cl_to_xi_fullsky/cl_to_xi.py:36: RuntimeWarning: divide by zero encountered in log
  spec = np.exp(self.interp_func(np.log(angle)))
/lcrc/project/SPT3G/users/ac.yomori/repo/cosmosis-standard-library/structure/projection/projection_tools/kernel.py:35: UserWarning: Some of your n(z) or other kernels are negative.
  warnings.warn("Some of your n(z) or other kernels are negative.")
/lcrc/project/SPT3G/users/ac.yomori/repo/cosmosis-standard-library/shear/cl_to_xi_fullsky/cl_to_xi.py:41: RuntimeWarning: divide by zero encountered in log
  spec = self.interp_func(np.log(angle))
/lcrc/project/SPT3G/users/ac.yomori/repo/cosmosis-standard-library/shear/cl_to_xi_fullsky/cl_to_xi.py:41: RuntimeWarning: divide by zero encountered in log
  spec = self.interp_func(np.log(angle))
/lcrc/project/SPT3G/users/ac.yomori/repo/cosmosis-standard-library/structure/projection/projection_tools/kernel.py:35: UserWarning: Some of your n(z) or other kernels are negative.
  warnings.warn("Some of your n(z) or other kernels are negative.")
/lcrc/project/SPT3G/users/ac.yomori/repo/cosmosis-standard-library/shear/cl_to_xi_fullsky/cl_to_xi.py:36: RuntimeWarning: divide by zero encountered in log
  spec = np.exp(self.interp_func(np.log(angle)))
/lcrc/project/SPT3G/users/ac.yomori/repo/cosmosis-standard-library/shear/cl_to_xi_fullsky/cl_to_xi.py:41: RuntimeWarning: divide by zero encountered in log
  spec = self.interp_func(np.log(angle))
/lcrc/project/SPT3G/users/ac.yomori/repo/cosmosis-standard-library/shear/cl_to_xi_fullsky/cl_to_xi.py:36: RuntimeWarning: divide by zero encountered in log
  spec = np.exp(self.interp_func(np.log(angle)))
/lcrc/project/SPT3G/users/ac.yomori/repo/cosmosis-standard-library/shear/cl_to_xi_fullsky/cl_to_xi.py:41: RuntimeWarning: divide by zero encountered in log
  spec = self.interp_func(np.log(angle))
/lcrc/project/SPT3G/users/ac.yomori/repo/cosmosis-standard-library/shear/cl_to_xi_fullsky/cl_to_xi.py:41: RuntimeWarning: divide by zero encountered in log
  spec = self.interp_func(np.log(angle))
/lcrc/project/SPT3G/users/ac.yomori/repo/cosmosis-standard-library/shear/cl_to_xi_fullsky/cl_to_xi.py:41: RuntimeWarning: divide by zero encountered in log
  spec = self.interp_func(np.log(angle))
/lcrc/project/SPT3G/users/ac.yomori/repo/cosmosis-standard-library/shear/cl_to_xi_fullsky/cl_to_xi.py:41: RuntimeWarning: divide by zero encountered in log
  spec = self.interp_func(np.log(angle))
/lcrc/project/SPT3G/users/ac.yomori/repo/cosmosis-standard-library/shear/cl_to_xi_fullsky/cl_to_xi.py:41: RuntimeWarning: divide by zero encountered in log
  spec = self.interp_func(np.log(angle))
/lcrc/project/SPT3G/users/ac.yomori/repo/cosmosis-standard-library/structure/projection/projection_tools/kernel.py:35: UserWarning: Some of your n(z) or other kernels are negative.
  warnings.warn("Some of your n(z) or other kernels are negative.")
/lcrc/project/SPT3G/users/ac.yomori/repo/cosmosis-standard-library/structure/projection/projection_tools/kernel.py:35: UserWarning: Some of your n(z) or other kernels are negative.
  warnings.warn("Some of your n(z) or other kernels are negative.")
/lcrc/project/SPT3G/users/ac.yomori/repo/cosmosis-standard-library/shear/cl_to_xi_fullsky/cl_to_xi.py:36: RuntimeWarning: divide by zero encountered in log
  spec = np.exp(self.interp_func(np.log(angle)))
/lcrc/project/SPT3G/users/ac.yomori/repo/cosmosis-standard-library/shear/cl_to_xi_fullsky/cl_to_xi.py:36: RuntimeWarning: divide by zero encountered in log
  spec = np.exp(self.interp_func(np.log(angle)))
/lcrc/project/SPT3G/users/ac.yomori/repo/cosmosis-standard-library/shear/cl_to_xi_fullsky/cl_to_xi.py:36: RuntimeWarning: divide by zero encountered in log
  spec = np.exp(self.interp_func(np.log(angle)))
/lcrc/project/SPT3G/users/ac.yomori/repo/cosmosis-standard-library/shear/cl_to_xi_fullsky/cl_to_xi.py:41: RuntimeWarning: divide by zero encountered in log
  spec = self.interp_func(np.log(angle))
/lcrc/project/SPT3G/users/ac.yomori/repo/cosmosis-standard-library/structure/projection/projection_tools/kernel.py:35: UserWarning: Some of your n(z) or other kernels are negative.
  warnings.warn("Some of your n(z) or other kernels are negative.")
/lcrc/project/SPT3G/users/ac.yomori/repo/cosmosis-standard-library/structure/projection/projection_tools/kernel.py:35: UserWarning: Some of your n(z) or other kernels are negative.
  warnings.warn("Some of your n(z) or other kernels are negative.")
/lcrc/project/SPT3G/users/ac.yomori/repo/cosmosis-standard-library/shear/cl_to_xi_fullsky/cl_to_xi.py:36: RuntimeWarning: divide by zero encountered in log
  spec = np.exp(self.interp_func(np.log(angle)))
/lcrc/project/SPT3G/users/ac.yomori/repo/cosmosis-standard-library/shear/cl_to_xi_fullsky/cl_to_xi.py:41: RuntimeWarning: divide by zero encountered in log
  spec = self.interp_func(np.log(angle))
/lcrc/project/SPT3G/users/ac.yomori/repo/cosmosis-standard-library/shear/cl_to_xi_fullsky/cl_to_xi.py:36: RuntimeWarning: divide by zero encountered in log
  spec = np.exp(self.interp_func(np.log(angle)))
/lcrc/project/SPT3G/users/ac.yomori/repo/cosmosis-standard-library/shear/cl_to_xi_fullsky/cl_to_xi.py:36: RuntimeWarning: divide by zero encountered in log
  spec = np.exp(self.interp_func(np.log(angle)))
/lcrc/project/SPT3G/users/ac.yomori/repo/cosmosis-standard-library/shear/cl_to_xi_fullsky/cl_to_xi.py:41: RuntimeWarning: divide by zero encountered in log
  spec = self.interp_func(np.log(angle))
/lcrc/project/SPT3G/users/ac.yomori/repo/cosmosis-standard-library/shear/cl_to_xi_fullsky/cl_to_xi.py:36: RuntimeWarning: divide by zero encountered in log
  spec = np.exp(self.interp_func(np.log(angle)))
/lcrc/project/SPT3G/users/ac.yomori/repo/cosmosis-standard-library/shear/cl_to_xi_fullsky/cl_to_xi.py:41: RuntimeWarning: divide by zero encountered in log
  spec = self.interp_func(np.log(angle))
/lcrc/project/SPT3G/users/ac.yomori/repo/cosmosis-standard-library/shear/cl_to_xi_fullsky/cl_to_xi.py:41: RuntimeWarning: divide by zero encountered in log
  spec = self.interp_func(np.log(angle))
/lcrc/project/SPT3G/users/ac.yomori/repo/cosmosis-standard-library/shear/cl_to_xi_fullsky/cl_to_xi.py:41: RuntimeWarning: divide by zero encountered in log
  spec = self.interp_func(np.log(angle))
/lcrc/project/SPT3G/users/ac.yomori/repo/cosmosis-standard-library/shear/cl_to_xi_fullsky/cl_to_xi.py:41: RuntimeWarning: divide by zero encountered in log
  spec = self.interp_func(np.log(angle))
/lcrc/project/SPT3G/users/ac.yomori/repo/cosmosis-standard-library/shear/cl_to_xi_fullsky/cl_to_xi.py:36: RuntimeWarning: divide by zero encountered in log
  spec = np.exp(self.interp_func(np.log(angle)))
/lcrc/project/SPT3G/users/ac.yomori/repo/cosmosis-standard-library/structure/projection/projection_tools/kernel.py:35: UserWarning: Some of your n(z) or other kernels are negative.
  warnings.warn("Some of your n(z) or other kernels are negative.")
/lcrc/project/SPT3G/users/ac.yomori/repo/cosmosis-standard-library/shear/cl_to_xi_fullsky/cl_to_xi.py:36: RuntimeWarning: divide by zero encountered in log
  spec = np.exp(self.interp_func(np.log(angle)))
/lcrc/project/SPT3G/users/ac.yomori/repo/cosmosis-standard-library/shear/cl_to_xi_fullsky/cl_to_xi.py:41: RuntimeWarning: divide by zero encountered in log
  spec = self.interp_func(np.log(angle))
/lcrc/project/SPT3G/users/ac.yomori/repo/cosmosis-standard-library/shear/cl_to_xi_fullsky/cl_to_xi.py:41: RuntimeWarning: divide by zero encountered in log
  spec = self.interp_func(np.log(angle))
/lcrc/project/SPT3G/users/ac.yomori/repo/cosmosis-standard-library/shear/cl_to_xi_fullsky/cl_to_xi.py:36: RuntimeWarning: divide by zero encountered in log
  spec = np.exp(self.interp_func(np.log(angle)))
/lcrc/project/SPT3G/users/ac.yomori/repo/cosmosis-standard-library/shear/cl_to_xi_fullsky/cl_to_xi.py:36: RuntimeWarning: divide by zero encountered in log
  spec = np.exp(self.interp_func(np.log(angle)))
/lcrc/project/SPT3G/users/ac.yomori/repo/cosmosis-standard-library/shear/cl_to_xi_fullsky/cl_to_xi.py:41: RuntimeWarning: divide by zero encountered in log
  spec = self.interp_func(np.log(angle))
/lcrc/project/SPT3G/users/ac.yomori/repo/cosmosis-standard-library/shear/cl_to_xi_fullsky/cl_to_xi.py:41: RuntimeWarning: divide by zero encountered in log
  spec = self.interp_func(np.log(angle))
/lcrc/project/SPT3G/users/ac.yomori/repo/cosmosis-standard-library/shear/cl_to_xi_fullsky/cl_to_xi.py:36: RuntimeWarning: divide by zero encountered in log
  spec = np.exp(self.interp_func(np.log(angle)))
/lcrc/project/SPT3G/users/ac.yomori/repo/cosmosis-standard-library/shear/cl_to_xi_fullsky/cl_to_xi.py:41: RuntimeWarning: divide by zero encountered in log
  spec = self.interp_func(np.log(angle))
/lcrc/project/SPT3G/users/ac.yomori/repo/cosmosis-standard-library/structure/projection/projection_tools/kernel.py:35: UserWarning: Some of your n(z) or other kernels are negative.
  warnings.warn("Some of your n(z) or other kernels are negative.")
/lcrc/project/SPT3G/users/ac.yomori/repo/cosmosis-standard-library/structure/projection/projection_tools/kernel.py:35: UserWarning: Some of your n(z) or other kernels are negative.
  warnings.warn("Some of your n(z) or other kernels are negative.")
/lcrc/project/SPT3G/users/ac.yomori/repo/cosmosis-standard-library/structure/projection/projection_tools/kernel.py:35: UserWarning: Some of your n(z) or other kernels are negative.
  warnings.warn("Some of your n(z) or other kernels are negative.")
/lcrc/project/SPT3G/users/ac.yomori/repo/cosmosis-standard-library/structure/projection/projection_tools/kernel.py:35: UserWarning: Some of your n(z) or other kernels are negative.
  warnings.warn("Some of your n(z) or other kernels are negative.")
/lcrc/project/SPT3G/users/ac.yomori/repo/cosmosis-standard-library/structure/projection/projection_tools/kernel.py:35: UserWarning: Some of your n(z) or other kernels are negative.
  warnings.warn("Some of your n(z) or other kernels are negative.")
/lcrc/project/SPT3G/users/ac.yomori/repo/cosmosis-standard-library/shear/cl_to_xi_fullsky/cl_to_xi.py:36: RuntimeWarning: divide by zero encountered in log
  spec = np.exp(self.interp_func(np.log(angle)))
/lcrc/project/SPT3G/users/ac.yomori/repo/cosmosis-standard-library/shear/cl_to_xi_fullsky/cl_to_xi.py:36: RuntimeWarning: divide by zero encountered in log
  spec = np.exp(self.interp_func(np.log(angle)))
/lcrc/project/SPT3G/users/ac.yomori/repo/cosmosis-standard-library/shear/cl_to_xi_fullsky/cl_to_xi.py:41: RuntimeWarning: divide by zero encountered in log
  spec = self.interp_func(np.log(angle))
/lcrc/project/SPT3G/users/ac.yomori/repo/cosmosis-standard-library/structure/projection/projection_tools/kernel.py:35: UserWarning: Some of your n(z) or other kernels are negative.
  warnings.warn("Some of your n(z) or other kernels are negative.")
/lcrc/project/SPT3G/users/ac.yomori/repo/cosmosis-standard-library/shear/cl_to_xi_fullsky/cl_to_xi.py:41: RuntimeWarning: divide by zero encountered in log
  spec = self.interp_func(np.log(angle))
/lcrc/project/SPT3G/users/ac.yomori/repo/cosmosis-standard-library/structure/projection/projection_tools/kernel.py:35: UserWarning: Some of your n(z) or other kernels are negative.
  warnings.warn("Some of your n(z) or other kernels are negative.")
/lcrc/project/SPT3G/users/ac.yomori/repo/cosmosis-standard-library/shear/cl_to_xi_fullsky/cl_to_xi.py:36: RuntimeWarning: divide by zero encountered in log
  spec = np.exp(self.interp_func(np.log(angle)))
/lcrc/project/SPT3G/users/ac.yomori/repo/cosmosis-standard-library/shear/cl_to_xi_fullsky/cl_to_xi.py:36: RuntimeWarning: divide by zero encountered in log
  spec = np.exp(self.interp_func(np.log(angle)))
/lcrc/project/SPT3G/users/ac.yomori/repo/cosmosis-standard-library/structure/projection/projection_tools/kernel.py:35: UserWarning: Some of your n(z) or other kernels are negative.
  warnings.warn("Some of your n(z) or other kernels are negative.")
/lcrc/project/SPT3G/users/ac.yomori/repo/cosmosis-standard-library/shear/cl_to_xi_fullsky/cl_to_xi.py:36: RuntimeWarning: divide by zero encountered in log
  spec = np.exp(self.interp_func(np.log(angle)))
/lcrc/project/SPT3G/users/ac.yomori/repo/cosmosis-standard-library/shear/cl_to_xi_fullsky/cl_to_xi.py:41: RuntimeWarning: divide by zero encountered in log
  spec = self.interp_func(np.log(angle))
/lcrc/project/SPT3G/users/ac.yomori/repo/cosmosis-standard-library/shear/cl_to_xi_fullsky/cl_to_xi.py:36: RuntimeWarning: divide by zero encountered in log
  spec = np.exp(self.interp_func(np.log(angle)))
/lcrc/project/SPT3G/users/ac.yomori/repo/cosmosis-standard-library/structure/projection/projection_tools/kernel.py:35: UserWarning: Some of your n(z) or other kernels are negative.
  warnings.warn("Some of your n(z) or other kernels are negative.")
/lcrc/project/SPT3G/users/ac.yomori/repo/cosmosis-standard-library/structure/projection/projection_tools/kernel.py:35: UserWarning: Some of your n(z) or other kernels are negative.
  warnings.warn("Some of your n(z) or other kernels are negative.")
/lcrc/project/SPT3G/users/ac.yomori/repo/cosmosis-standard-library/shear/cl_to_xi_fullsky/cl_to_xi.py:41: RuntimeWarning: divide by zero encountered in log
  spec = self.interp_func(np.log(angle))
/lcrc/project/SPT3G/users/ac.yomori/repo/cosmosis-standard-library/shear/cl_to_xi_fullsky/cl_to_xi.py:41: RuntimeWarning: divide by zero encountered in log
  spec = self.interp_func(np.log(angle))
/lcrc/project/SPT3G/users/ac.yomori/repo/cosmosis-standard-library/shear/cl_to_xi_fullsky/cl_to_xi.py:41: RuntimeWarning: divide by zero encountered in log
  spec = self.interp_func(np.log(angle))
/lcrc/project/SPT3G/users/ac.yomori/repo/cosmosis-standard-library/structure/projection/projection_tools/kernel.py:35: UserWarning: Some of your n(z) or other kernels are negative.
  warnings.warn("Some of your n(z) or other kernels are negative.")
/lcrc/project/SPT3G/users/ac.yomori/repo/cosmosis-standard-library/shear/cl_to_xi_fullsky/cl_to_xi.py:36: RuntimeWarning: divide by zero encountered in log
  spec = np.exp(self.interp_func(np.log(angle)))
/lcrc/project/SPT3G/users/ac.yomori/repo/cosmosis-standard-library/structure/projection/projection_tools/kernel.py:35: UserWarning: Some of your n(z) or other kernels are negative.
  warnings.warn("Some of your n(z) or other kernels are negative.")
/lcrc/project/SPT3G/users/ac.yomori/repo/cosmosis-standard-library/structure/projection/projection_tools/kernel.py:35: UserWarning: Some of your n(z) or other kernels are negative.
  warnings.warn("Some of your n(z) or other kernels are negative.")
/lcrc/project/SPT3G/users/ac.yomori/repo/cosmosis-standard-library/shear/cl_to_xi_fullsky/cl_to_xi.py:41: RuntimeWarning: divide by zero encountered in log
  spec = self.interp_func(np.log(angle))
/lcrc/project/SPT3G/users/ac.yomori/repo/cosmosis-standard-library/shear/cl_to_xi_fullsky/cl_to_xi.py:36: RuntimeWarning: divide by zero encountered in log
  spec = np.exp(self.interp_func(np.log(angle)))
/lcrc/project/SPT3G/users/ac.yomori/repo/cosmosis-standard-library/shear/cl_to_xi_fullsky/cl_to_xi.py:36: RuntimeWarning: divide by zero encountered in log
  spec = np.exp(self.interp_func(np.log(angle)))
/lcrc/project/SPT3G/users/ac.yomori/repo/cosmosis-standard-library/structure/projection/projection_tools/kernel.py:35: UserWarning: Some of your n(z) or other kernels are negative.
  warnings.warn("Some of your n(z) or other kernels are negative.")
/lcrc/project/SPT3G/users/ac.yomori/repo/cosmosis-standard-library/shear/cl_to_xi_fullsky/cl_to_xi.py:41: RuntimeWarning: divide by zero encountered in log
  spec = self.interp_func(np.log(angle))
/lcrc/project/SPT3G/users/ac.yomori/repo/cosmosis-standard-library/shear/cl_to_xi_fullsky/cl_to_xi.py:36: RuntimeWarning: divide by zero encountered in log
  spec = np.exp(self.interp_func(np.log(angle)))
/lcrc/project/SPT3G/users/ac.yomori/repo/cosmosis-standard-library/shear/cl_to_xi_fullsky/cl_to_xi.py:41: RuntimeWarning: divide by zero encountered in log
  spec = self.interp_func(np.log(angle))
/lcrc/project/SPT3G/users/ac.yomori/repo/cosmosis-standard-library/shear/cl_to_xi_fullsky/cl_to_xi.py:36: RuntimeWarning: divide by zero encountered in log
  spec = np.exp(self.interp_func(np.log(angle)))
/lcrc/project/SPT3G/users/ac.yomori/repo/cosmosis-standard-library/structure/projection/projection_tools/kernel.py:35: UserWarning: Some of your n(z) or other kernels are negative.
  warnings.warn("Some of your n(z) or other kernels are negative.")
/lcrc/project/SPT3G/users/ac.yomori/repo/cosmosis-standard-library/shear/cl_to_xi_fullsky/cl_to_xi.py:41: RuntimeWarning: divide by zero encountered in log
  spec = self.interp_func(np.log(angle))
/lcrc/project/SPT3G/users/ac.yomori/repo/cosmosis-standard-library/structure/projection/projection_tools/kernel.py:35: UserWarning: Some of your n(z) or other kernels are negative.
  warnings.warn("Some of your n(z) or other kernels are negative.")
/lcrc/project/SPT3G/users/ac.yomori/repo/cosmosis-standard-library/shear/cl_to_xi_fullsky/cl_to_xi.py:36: RuntimeWarning: divide by zero encountered in log
  spec = np.exp(self.interp_func(np.log(angle)))
/lcrc/project/SPT3G/users/ac.yomori/repo/cosmosis-standard-library/shear/cl_to_xi_fullsky/cl_to_xi.py:41: RuntimeWarning: divide by zero encountered in log
  spec = self.interp_func(np.log(angle))
/lcrc/project/SPT3G/users/ac.yomori/repo/cosmosis-standard-library/structure/projection/projection_tools/kernel.py:35: UserWarning: Some of your n(z) or other kernels are negative.
  warnings.warn("Some of your n(z) or other kernels are negative.")
/lcrc/project/SPT3G/users/ac.yomori/repo/cosmosis-standard-library/shear/cl_to_xi_fullsky/cl_to_xi.py:41: RuntimeWarning: divide by zero encountered in log
  spec = self.interp_func(np.log(angle))
/lcrc/project/SPT3G/users/ac.yomori/repo/cosmosis-standard-library/shear/cl_to_xi_fullsky/cl_to_xi.py:36: RuntimeWarning: divide by zero encountered in log
  spec = np.exp(self.interp_func(np.log(angle)))
/lcrc/project/SPT3G/users/ac.yomori/repo/cosmosis-standard-library/structure/projection/projection_tools/kernel.py:35: UserWarning: Some of your n(z) or other kernels are negative.
  warnings.warn("Some of your n(z) or other kernels are negative.")
/lcrc/project/SPT3G/users/ac.yomori/repo/cosmosis-standard-library/structure/projection/projection_tools/kernel.py:35: UserWarning: Some of your n(z) or other kernels are negative.
  warnings.warn("Some of your n(z) or other kernels are negative.")
/lcrc/project/SPT3G/users/ac.yomori/repo/cosmosis-standard-library/structure/projection/projection_tools/kernel.py:35: UserWarning: Some of your n(z) or other kernels are negative.
  warnings.warn("Some of your n(z) or other kernels are negative.")
/lcrc/project/SPT3G/users/ac.yomori/repo/cosmosis-standard-library/structure/projection/projection_tools/kernel.py:35: UserWarning: Some of your n(z) or other kernels are negative.
  warnings.warn("Some of your n(z) or other kernels are negative.")
/lcrc/project/SPT3G/users/ac.yomori/repo/cosmosis-standard-library/shear/cl_to_xi_fullsky/cl_to_xi.py:41: RuntimeWarning: divide by zero encountered in log
  spec = self.interp_func(np.log(angle))
/lcrc/project/SPT3G/users/ac.yomori/repo/cosmosis-standard-library/shear/cl_to_xi_fullsky/cl_to_xi.py:36: RuntimeWarning: divide by zero encountered in log
  spec = np.exp(self.interp_func(np.log(angle)))
/lcrc/project/SPT3G/users/ac.yomori/repo/cosmosis-standard-library/structure/projection/projection_tools/kernel.py:35: UserWarning: Some of your n(z) or other kernels are negative.
  warnings.warn("Some of your n(z) or other kernels are negative.")
/lcrc/project/SPT3G/users/ac.yomori/repo/cosmosis-standard-library/structure/projection/projection_tools/kernel.py:35: UserWarning: Some of your n(z) or other kernels are negative.
  warnings.warn("Some of your n(z) or other kernels are negative.")
/lcrc/project/SPT3G/users/ac.yomori/repo/cosmosis-standard-library/structure/projection/projection_tools/kernel.py:35: UserWarning: Some of your n(z) or other kernels are negative.
  warnings.warn("Some of your n(z) or other kernels are negative.")
/lcrc/project/SPT3G/users/ac.yomori/repo/cosmosis-standard-library/shear/cl_to_xi_fullsky/cl_to_xi.py:41: RuntimeWarning: divide by zero encountered in log
  spec = self.interp_func(np.log(angle))
/lcrc/project/SPT3G/users/ac.yomori/repo/cosmosis-standard-library/shear/cl_to_xi_fullsky/cl_to_xi.py:36: RuntimeWarning: divide by zero encountered in log
  spec = np.exp(self.interp_func(np.log(angle)))
/lcrc/project/SPT3G/users/ac.yomori/repo/cosmosis-standard-library/structure/projection/projection_tools/kernel.py:35: UserWarning: Some of your n(z) or other kernels are negative.
  warnings.warn("Some of your n(z) or other kernels are negative.")
/lcrc/project/SPT3G/users/ac.yomori/repo/cosmosis-standard-library/shear/cl_to_xi_fullsky/cl_to_xi.py:36: RuntimeWarning: divide by zero encountered in log
  spec = np.exp(self.interp_func(np.log(angle)))
/lcrc/project/SPT3G/users/ac.yomori/repo/cosmosis-standard-library/structure/projection/projection_tools/kernel.py:35: UserWarning: Some of your n(z) or other kernels are negative.
  warnings.warn("Some of your n(z) or other kernels are negative.")
/lcrc/project/SPT3G/users/ac.yomori/repo/cosmosis-standard-library/shear/cl_to_xi_fullsky/cl_to_xi.py:41: RuntimeWarning: divide by zero encountered in log
  spec = self.interp_func(np.log(angle))
/lcrc/project/SPT3G/users/ac.yomori/repo/cosmosis-standard-library/structure/projection/projection_tools/kernel.py:35: UserWarning: Some of your n(z) or other kernels are negative.
  warnings.warn("Some of your n(z) or other kernels are negative.")
/lcrc/project/SPT3G/users/ac.yomori/repo/cosmosis-standard-library/shear/cl_to_xi_fullsky/cl_to_xi.py:36: RuntimeWarning: divide by zero encountered in log
  spec = np.exp(self.interp_func(np.log(angle)))
/lcrc/project/SPT3G/users/ac.yomori/repo/cosmosis-standard-library/structure/projection/projection_tools/kernel.py:35: UserWarning: Some of your n(z) or other kernels are negative.
  warnings.warn("Some of your n(z) or other kernels are negative.")
/lcrc/project/SPT3G/users/ac.yomori/repo/cosmosis-standard-library/shear/cl_to_xi_fullsky/cl_to_xi.py:36: RuntimeWarning: divide by zero encountered in log
  spec = np.exp(self.interp_func(np.log(angle)))
/lcrc/project/SPT3G/users/ac.yomori/repo/cosmosis-standard-library/shear/cl_to_xi_fullsky/cl_to_xi.py:36: RuntimeWarning: divide by zero encountered in log
  spec = np.exp(self.interp_func(np.log(angle)))
/lcrc/project/SPT3G/users/ac.yomori/repo/cosmosis-standard-library/shear/cl_to_xi_fullsky/cl_to_xi.py:41: RuntimeWarning: divide by zero encountered in log
  spec = self.interp_func(np.log(angle))
/lcrc/project/SPT3G/users/ac.yomori/repo/cosmosis-standard-library/shear/cl_to_xi_fullsky/cl_to_xi.py:36: RuntimeWarning: divide by zero encountered in log
  spec = np.exp(self.interp_func(np.log(angle)))
/lcrc/project/SPT3G/users/ac.yomori/repo/cosmosis-standard-library/shear/cl_to_xi_fullsky/cl_to_xi.py:36: RuntimeWarning: divide by zero encountered in log
  spec = np.exp(self.interp_func(np.log(angle)))
/lcrc/project/SPT3G/users/ac.yomori/repo/cosmosis-standard-library/shear/cl_to_xi_fullsky/cl_to_xi.py:41: RuntimeWarning: divide by zero encountered in log
  spec = self.interp_func(np.log(angle))
/lcrc/project/SPT3G/users/ac.yomori/repo/cosmosis-standard-library/shear/cl_to_xi_fullsky/cl_to_xi.py:41: RuntimeWarning: divide by zero encountered in log
  spec = self.interp_func(np.log(angle))
/lcrc/project/SPT3G/users/ac.yomori/repo/cosmosis-standard-library/shear/cl_to_xi_fullsky/cl_to_xi.py:41: RuntimeWarning: divide by zero encountered in log
  spec = self.interp_func(np.log(angle))
/lcrc/project/SPT3G/users/ac.yomori/repo/cosmosis-standard-library/shear/cl_to_xi_fullsky/cl_to_xi.py:36: RuntimeWarning: divide by zero encountered in log
  spec = np.exp(self.interp_func(np.log(angle)))
/lcrc/project/SPT3G/users/ac.yomori/repo/cosmosis-standard-library/shear/cl_to_xi_fullsky/cl_to_xi.py:41: RuntimeWarning: divide by zero encountered in log
  spec = self.interp_func(np.log(angle))
/lcrc/project/SPT3G/users/ac.yomori/repo/cosmosis-standard-library/shear/cl_to_xi_fullsky/cl_to_xi.py:41: RuntimeWarning: divide by zero encountered in log
  spec = self.interp_func(np.log(angle))
/lcrc/project/SPT3G/users/ac.yomori/repo/cosmosis-standard-library/shear/cl_to_xi_fullsky/cl_to_xi.py:36: RuntimeWarning: divide by zero encountered in log
  spec = np.exp(self.interp_func(np.log(angle)))
/lcrc/project/SPT3G/users/ac.yomori/repo/cosmosis-standard-library/shear/cl_to_xi_fullsky/cl_to_xi.py:36: RuntimeWarning: divide by zero encountered in log
  spec = np.exp(self.interp_func(np.log(angle)))
/lcrc/project/SPT3G/users/ac.yomori/repo/cosmosis-standard-library/shear/cl_to_xi_fullsky/cl_to_xi.py:41: RuntimeWarning: divide by zero encountered in log
  spec = self.interp_func(np.log(angle))
/lcrc/project/SPT3G/users/ac.yomori/repo/cosmosis-standard-library/shear/cl_to_xi_fullsky/cl_to_xi.py:36: RuntimeWarning: divide by zero encountered in log
  spec = np.exp(self.interp_func(np.log(angle)))
/lcrc/project/SPT3G/users/ac.yomori/repo/cosmosis-standard-library/shear/cl_to_xi_fullsky/cl_to_xi.py:36: RuntimeWarning: divide by zero encountered in log
  spec = np.exp(self.interp_func(np.log(angle)))
/lcrc/project/SPT3G/users/ac.yomori/repo/cosmosis-standard-library/shear/cl_to_xi_fullsky/cl_to_xi.py:41: RuntimeWarning: divide by zero encountered in log
  spec = self.interp_func(np.log(angle))
/lcrc/project/SPT3G/users/ac.yomori/repo/cosmosis-standard-library/structure/projection/projection_tools/kernel.py:35: UserWarning: Some of your n(z) or other kernels are negative.
  warnings.warn("Some of your n(z) or other kernels are negative.")
/lcrc/project/SPT3G/users/ac.yomori/repo/cosmosis-standard-library/shear/cl_to_xi_fullsky/cl_to_xi.py:41: RuntimeWarning: divide by zero encountered in log
  spec = self.interp_func(np.log(angle))
/lcrc/project/SPT3G/users/ac.yomori/repo/cosmosis-standard-library/shear/cl_to_xi_fullsky/cl_to_xi.py:36: RuntimeWarning: divide by zero encountered in log
  spec = np.exp(self.interp_func(np.log(angle)))
/lcrc/project/SPT3G/users/ac.yomori/repo/cosmosis-standard-library/shear/cl_to_xi_fullsky/cl_to_xi.py:41: RuntimeWarning: divide by zero encountered in log
  spec = self.interp_func(np.log(angle))
/lcrc/project/SPT3G/users/ac.yomori/repo/cosmosis-standard-library/shear/cl_to_xi_fullsky/cl_to_xi.py:41: RuntimeWarning: divide by zero encountered in log
  spec = self.interp_func(np.log(angle))
/lcrc/project/SPT3G/users/ac.yomori/repo/cosmosis-standard-library/shear/cl_to_xi_fullsky/cl_to_xi.py:36: RuntimeWarning: divide by zero encountered in log
  spec = np.exp(self.interp_func(np.log(angle)))
/lcrc/project/SPT3G/users/ac.yomori/repo/cosmosis-standard-library/structure/projection/projection_tools/kernel.py:35: UserWarning: Some of your n(z) or other kernels are negative.
  warnings.warn("Some of your n(z) or other kernels are negative.")
/lcrc/project/SPT3G/users/ac.yomori/repo/cosmosis-standard-library/shear/cl_to_xi_fullsky/cl_to_xi.py:41: RuntimeWarning: divide by zero encountered in log
  spec = self.interp_func(np.log(angle))
/lcrc/project/SPT3G/users/ac.yomori/repo/cosmosis-standard-library/shear/cl_to_xi_fullsky/cl_to_xi.py:41: RuntimeWarning: divide by zero encountered in log
  spec = self.interp_func(np.log(angle))
/lcrc/project/SPT3G/users/ac.yomori/repo/cosmosis-standard-library/structure/projection/projection_tools/kernel.py:35: UserWarning: Some of your n(z) or other kernels are negative.
  warnings.warn("Some of your n(z) or other kernels are negative.")
/lcrc/project/SPT3G/users/ac.yomori/repo/cosmosis-standard-library/structure/projection/projection_tools/kernel.py:35: UserWarning: Some of your n(z) or other kernels are negative.
  warnings.warn("Some of your n(z) or other kernels are negative.")
/lcrc/project/SPT3G/users/ac.yomori/repo/cosmosis-standard-library/structure/projection/projection_tools/kernel.py:35: UserWarning: Some of your n(z) or other kernels are negative.
  warnings.warn("Some of your n(z) or other kernels are negative.")
/lcrc/project/SPT3G/users/ac.yomori/repo/cosmosis-standard-library/structure/projection/projection_tools/kernel.py:35: UserWarning: Some of your n(z) or other kernels are negative.
  warnings.warn("Some of your n(z) or other kernels are negative.")
/lcrc/project/SPT3G/users/ac.yomori/repo/cosmosis-standard-library/structure/projection/projection_tools/kernel.py:35: UserWarning: Some of your n(z) or other kernels are negative.
  warnings.warn("Some of your n(z) or other kernels are negative.")
/lcrc/project/SPT3G/users/ac.yomori/repo/cosmosis-standard-library/structure/projection/projection_tools/kernel.py:35: UserWarning: Some of your n(z) or other kernels are negative.
  warnings.warn("Some of your n(z) or other kernels are negative.")
/lcrc/project/SPT3G/users/ac.yomori/repo/cosmosis-standard-library/structure/projection/projection_tools/kernel.py:35: UserWarning: Some of your n(z) or other kernels are negative.
  warnings.warn("Some of your n(z) or other kernels are negative.")
/lcrc/project/SPT3G/users/ac.yomori/repo/cosmosis-standard-library/shear/cl_to_xi_fullsky/cl_to_xi.py:36: RuntimeWarning: divide by zero encountered in log
  spec = np.exp(self.interp_func(np.log(angle)))
/lcrc/project/SPT3G/users/ac.yomori/repo/cosmosis-standard-library/structure/projection/projection_tools/kernel.py:35: UserWarning: Some of your n(z) or other kernels are negative.
  warnings.warn("Some of your n(z) or other kernels are negative.")
/lcrc/project/SPT3G/users/ac.yomori/repo/cosmosis-standard-library/shear/cl_to_xi_fullsky/cl_to_xi.py:36: RuntimeWarning: divide by zero encountered in log
  spec = np.exp(self.interp_func(np.log(angle)))
/lcrc/project/SPT3G/users/ac.yomori/repo/cosmosis-standard-library/structure/projection/projection_tools/kernel.py:35: UserWarning: Some of your n(z) or other kernels are negative.
  warnings.warn("Some of your n(z) or other kernels are negative.")
/lcrc/project/SPT3G/users/ac.yomori/repo/cosmosis-standard-library/shear/cl_to_xi_fullsky/cl_to_xi.py:41: RuntimeWarning: divide by zero encountered in log
  spec = self.interp_func(np.log(angle))
/lcrc/project/SPT3G/users/ac.yomori/repo/cosmosis-standard-library/shear/cl_to_xi_fullsky/cl_to_xi.py:41: RuntimeWarning: divide by zero encountered in log
  spec = self.interp_func(np.log(angle))
/lcrc/project/SPT3G/users/ac.yomori/repo/cosmosis-standard-library/shear/cl_to_xi_fullsky/cl_to_xi.py:36: RuntimeWarning: divide by zero encountered in log
  spec = np.exp(self.interp_func(np.log(angle)))
/lcrc/project/SPT3G/users/ac.yomori/repo/cosmosis-standard-library/shear/cl_to_xi_fullsky/cl_to_xi.py:36: RuntimeWarning: divide by zero encountered in log
  spec = np.exp(self.interp_func(np.log(angle)))
/lcrc/project/SPT3G/users/ac.yomori/repo/cosmosis-standard-library/shear/cl_to_xi_fullsky/cl_to_xi.py:36: RuntimeWarning: divide by zero encountered in log
  spec = np.exp(self.interp_func(np.log(angle)))
/lcrc/project/SPT3G/users/ac.yomori/repo/cosmosis-standard-library/shear/cl_to_xi_fullsky/cl_to_xi.py:36: RuntimeWarning: divide by zero encountered in log
  spec = np.exp(self.interp_func(np.log(angle)))
/lcrc/project/SPT3G/users/ac.yomori/repo/cosmosis-standard-library/shear/cl_to_xi_fullsky/cl_to_xi.py:36: RuntimeWarning: divide by zero encountered in log
  spec = np.exp(self.interp_func(np.log(angle)))
/lcrc/project/SPT3G/users/ac.yomori/repo/cosmosis-standard-library/structure/projection/projection_tools/kernel.py:35: UserWarning: Some of your n(z) or other kernels are negative.
  warnings.warn("Some of your n(z) or other kernels are negative.")
/lcrc/project/SPT3G/users/ac.yomori/repo/cosmosis-standard-library/shear/cl_to_xi_fullsky/cl_to_xi.py:41: RuntimeWarning: divide by zero encountered in log
  spec = self.interp_func(np.log(angle))
/lcrc/project/SPT3G/users/ac.yomori/repo/cosmosis-standard-library/structure/projection/projection_tools/kernel.py:35: UserWarning: Some of your n(z) or other kernels are negative.
  warnings.warn("Some of your n(z) or other kernels are negative.")
/lcrc/project/SPT3G/users/ac.yomori/repo/cosmosis-standard-library/shear/cl_to_xi_fullsky/cl_to_xi.py:41: RuntimeWarning: divide by zero encountered in log
  spec = self.interp_func(np.log(angle))
/lcrc/project/SPT3G/users/ac.yomori/repo/cosmosis-standard-library/shear/cl_to_xi_fullsky/cl_to_xi.py:36: RuntimeWarning: divide by zero encountered in log
  spec = np.exp(self.interp_func(np.log(angle)))
/lcrc/project/SPT3G/users/ac.yomori/repo/cosmosis-standard-library/shear/cl_to_xi_fullsky/cl_to_xi.py:41: RuntimeWarning: divide by zero encountered in log
  spec = self.interp_func(np.log(angle))
/lcrc/project/SPT3G/users/ac.yomori/repo/cosmosis-standard-library/shear/cl_to_xi_fullsky/cl_to_xi.py:41: RuntimeWarning: divide by zero encountered in log
  spec = self.interp_func(np.log(angle))
/lcrc/project/SPT3G/users/ac.yomori/repo/cosmosis-standard-library/shear/cl_to_xi_fullsky/cl_to_xi.py:41: RuntimeWarning: divide by zero encountered in log
  spec = self.interp_func(np.log(angle))
/lcrc/project/SPT3G/users/ac.yomori/repo/cosmosis-standard-library/shear/cl_to_xi_fullsky/cl_to_xi.py:36: RuntimeWarning: divide by zero encountered in log
  spec = np.exp(self.interp_func(np.log(angle)))
/lcrc/project/SPT3G/users/ac.yomori/repo/cosmosis-standard-library/shear/cl_to_xi_fullsky/cl_to_xi.py:41: RuntimeWarning: divide by zero encountered in log
  spec = self.interp_func(np.log(angle))
/lcrc/project/SPT3G/users/ac.yomori/repo/cosmosis-standard-library/shear/cl_to_xi_fullsky/cl_to_xi.py:36: RuntimeWarning: divide by zero encountered in log
  spec = np.exp(self.interp_func(np.log(angle)))
/lcrc/project/SPT3G/users/ac.yomori/repo/cosmosis-standard-library/shear/cl_to_xi_fullsky/cl_to_xi.py:36: RuntimeWarning: divide by zero encountered in log
  spec = np.exp(self.interp_func(np.log(angle)))
/lcrc/project/SPT3G/users/ac.yomori/repo/cosmosis-standard-library/shear/cl_to_xi_fullsky/cl_to_xi.py:41: RuntimeWarning: divide by zero encountered in log
  spec = self.interp_func(np.log(angle))
/lcrc/project/SPT3G/users/ac.yomori/repo/cosmosis-standard-library/shear/cl_to_xi_fullsky/cl_to_xi.py:41: RuntimeWarning: divide by zero encountered in log
  spec = self.interp_func(np.log(angle))
/lcrc/project/SPT3G/users/ac.yomori/repo/cosmosis-standard-library/shear/cl_to_xi_fullsky/cl_to_xi.py:41: RuntimeWarning: divide by zero encountered in log
  spec = self.interp_func(np.log(angle))
/lcrc/project/SPT3G/users/ac.yomori/repo/cosmosis-standard-library/shear/cl_to_xi_fullsky/cl_to_xi.py:36: RuntimeWarning: divide by zero encountered in log
  spec = np.exp(self.interp_func(np.log(angle)))
/lcrc/project/SPT3G/users/ac.yomori/repo/cosmosis-standard-library/shear/cl_to_xi_fullsky/cl_to_xi.py:36: RuntimeWarning: divide by zero encountered in log
  spec = np.exp(self.interp_func(np.log(angle)))
/lcrc/project/SPT3G/users/ac.yomori/repo/cosmosis-standard-library/shear/cl_to_xi_fullsky/cl_to_xi.py:41: RuntimeWarning: divide by zero encountered in log
  spec = self.interp_func(np.log(angle))
/lcrc/project/SPT3G/users/ac.yomori/repo/cosmosis-standard-library/shear/cl_to_xi_fullsky/cl_to_xi.py:41: RuntimeWarning: divide by zero encountered in log
  spec = self.interp_func(np.log(angle))
/lcrc/project/SPT3G/users/ac.yomori/repo/cosmosis-standard-library/structure/projection/projection_tools/kernel.py:35: UserWarning: Some of your n(z) or other kernels are negative.
  warnings.warn("Some of your n(z) or other kernels are negative.")
/lcrc/project/SPT3G/users/ac.yomori/repo/cosmosis-standard-library/shear/cl_to_xi_fullsky/cl_to_xi.py:36: RuntimeWarning: divide by zero encountered in log
  spec = np.exp(self.interp_func(np.log(angle)))
/lcrc/project/SPT3G/users/ac.yomori/repo/cosmosis-standard-library/shear/cl_to_xi_fullsky/cl_to_xi.py:41: RuntimeWarning: divide by zero encountered in log
  spec = self.interp_func(np.log(angle))
/lcrc/project/SPT3G/users/ac.yomori/repo/cosmosis-standard-library/structure/projection/projection_tools/kernel.py:35: UserWarning: Some of your n(z) or other kernels are negative.
  warnings.warn("Some of your n(z) or other kernels are negative.")
/lcrc/project/SPT3G/users/ac.yomori/repo/cosmosis-standard-library/structure/projection/projection_tools/kernel.py:35: UserWarning: Some of your n(z) or other kernels are negative.
  warnings.warn("Some of your n(z) or other kernels are negative.")
/lcrc/project/SPT3G/users/ac.yomori/repo/cosmosis-standard-library/structure/projection/projection_tools/kernel.py:35: UserWarning: Some of your n(z) or other kernels are negative.
  warnings.warn("Some of your n(z) or other kernels are negative.")
/lcrc/project/SPT3G/users/ac.yomori/repo/cosmosis-standard-library/structure/projection/projection_tools/kernel.py:35: UserWarning: Some of your n(z) or other kernels are negative.
  warnings.warn("Some of your n(z) or other kernels are negative.")
/lcrc/project/SPT3G/users/ac.yomori/repo/cosmosis-standard-library/structure/projection/projection_tools/kernel.py:35: UserWarning: Some of your n(z) or other kernels are negative.
  warnings.warn("Some of your n(z) or other kernels are negative.")
/lcrc/project/SPT3G/users/ac.yomori/repo/cosmosis-standard-library/structure/projection/projection_tools/kernel.py:35: UserWarning: Some of your n(z) or other kernels are negative.
  warnings.warn("Some of your n(z) or other kernels are negative.")
/lcrc/project/SPT3G/users/ac.yomori/repo/cosmosis-standard-library/structure/projection/projection_tools/kernel.py:35: UserWarning: Some of your n(z) or other kernels are negative.
  warnings.warn("Some of your n(z) or other kernels are negative.")
/lcrc/project/SPT3G/users/ac.yomori/repo/cosmosis-standard-library/shear/cl_to_xi_fullsky/cl_to_xi.py:36: RuntimeWarning: divide by zero encountered in log
  spec = np.exp(self.interp_func(np.log(angle)))
/lcrc/project/SPT3G/users/ac.yomori/repo/cosmosis-standard-library/structure/projection/projection_tools/kernel.py:35: UserWarning: Some of your n(z) or other kernels are negative.
  warnings.warn("Some of your n(z) or other kernels are negative.")
/lcrc/project/SPT3G/users/ac.yomori/repo/cosmosis-standard-library/structure/projection/projection_tools/kernel.py:35: UserWarning: Some of your n(z) or other kernels are negative.
  warnings.warn("Some of your n(z) or other kernels are negative.")
/lcrc/project/SPT3G/users/ac.yomori/repo/cosmosis-standard-library/shear/cl_to_xi_fullsky/cl_to_xi.py:36: RuntimeWarning: divide by zero encountered in log
  spec = np.exp(self.interp_func(np.log(angle)))
/lcrc/project/SPT3G/users/ac.yomori/repo/cosmosis-standard-library/shear/cl_to_xi_fullsky/cl_to_xi.py:36: RuntimeWarning: divide by zero encountered in log
  spec = np.exp(self.interp_func(np.log(angle)))
/lcrc/project/SPT3G/users/ac.yomori/repo/cosmosis-standard-library/shear/cl_to_xi_fullsky/cl_to_xi.py:41: RuntimeWarning: divide by zero encountered in log
  spec = self.interp_func(np.log(angle))
/lcrc/project/SPT3G/users/ac.yomori/repo/cosmosis-standard-library/shear/cl_to_xi_fullsky/cl_to_xi.py:36: RuntimeWarning: divide by zero encountered in log
  spec = np.exp(self.interp_func(np.log(angle)))
/lcrc/project/SPT3G/users/ac.yomori/repo/cosmosis-standard-library/shear/cl_to_xi_fullsky/cl_to_xi.py:36: RuntimeWarning: divide by zero encountered in log
  spec = np.exp(self.interp_func(np.log(angle)))
/lcrc/project/SPT3G/users/ac.yomori/repo/cosmosis-standard-library/shear/cl_to_xi_fullsky/cl_to_xi.py:41: RuntimeWarning: divide by zero encountered in log
  spec = self.interp_func(np.log(angle))
/lcrc/project/SPT3G/users/ac.yomori/repo/cosmosis-standard-library/shear/cl_to_xi_fullsky/cl_to_xi.py:41: RuntimeWarning: divide by zero encountered in log
  spec = self.interp_func(np.log(angle))
/lcrc/project/SPT3G/users/ac.yomori/repo/cosmosis-standard-library/shear/cl_to_xi_fullsky/cl_to_xi.py:41: RuntimeWarning: divide by zero encountered in log
  spec = self.interp_func(np.log(angle))
/lcrc/project/SPT3G/users/ac.yomori/repo/cosmosis-standard-library/shear/cl_to_xi_fullsky/cl_to_xi.py:36: RuntimeWarning: divide by zero encountered in log
  spec = np.exp(self.interp_func(np.log(angle)))
/lcrc/project/SPT3G/users/ac.yomori/repo/cosmosis-standard-library/shear/cl_to_xi_fullsky/cl_to_xi.py:36: RuntimeWarning: divide by zero encountered in log
  spec = np.exp(self.interp_func(np.log(angle)))
/lcrc/project/SPT3G/users/ac.yomori/repo/cosmosis-standard-library/shear/cl_to_xi_fullsky/cl_to_xi.py:41: RuntimeWarning: divide by zero encountered in log
  spec = self.interp_func(np.log(angle))
/lcrc/project/SPT3G/users/ac.yomori/repo/cosmosis-standard-library/shear/cl_to_xi_fullsky/cl_to_xi.py:41: RuntimeWarning: divide by zero encountered in log
  spec = self.interp_func(np.log(angle))
/lcrc/project/SPT3G/users/ac.yomori/repo/cosmosis-standard-library/shear/cl_to_xi_fullsky/cl_to_xi.py:41: RuntimeWarning: divide by zero encountered in log
  spec = self.interp_func(np.log(angle))
/lcrc/project/SPT3G/users/ac.yomori/repo/cosmosis-standard-library/shear/cl_to_xi_fullsky/cl_to_xi.py:36: RuntimeWarning: divide by zero encountered in log
  spec = np.exp(self.interp_func(np.log(angle)))
/lcrc/project/SPT3G/users/ac.yomori/repo/cosmosis-standard-library/shear/cl_to_xi_fullsky/cl_to_xi.py:36: RuntimeWarning: divide by zero encountered in log
  spec = np.exp(self.interp_func(np.log(angle)))
/lcrc/project/SPT3G/users/ac.yomori/repo/cosmosis-standard-library/shear/cl_to_xi_fullsky/cl_to_xi.py:41: RuntimeWarning: divide by zero encountered in log
  spec = self.interp_func(np.log(angle))
/lcrc/project/SPT3G/users/ac.yomori/repo/cosmosis-standard-library/shear/cl_to_xi_fullsky/cl_to_xi.py:41: RuntimeWarning: divide by zero encountered in log
  spec = self.interp_func(np.log(angle))
/lcrc/project/SPT3G/users/ac.yomori/repo/cosmosis-standard-library/structure/projection/projection_tools/kernel.py:35: UserWarning: Some of your n(z) or other kernels are negative.
  warnings.warn("Some of your n(z) or other kernels are negative.")
/lcrc/project/SPT3G/users/ac.yomori/repo/cosmosis-standard-library/shear/cl_to_xi_fullsky/cl_to_xi.py:36: RuntimeWarning: divide by zero encountered in log
  spec = np.exp(self.interp_func(np.log(angle)))
/lcrc/project/SPT3G/users/ac.yomori/repo/cosmosis-standard-library/structure/projection/projection_tools/kernel.py:35: UserWarning: Some of your n(z) or other kernels are negative.
  warnings.warn("Some of your n(z) or other kernels are negative.")
/lcrc/project/SPT3G/users/ac.yomori/repo/cosmosis-standard-library/structure/projection/projection_tools/kernel.py:35: UserWarning: Some of your n(z) or other kernels are negative.
  warnings.warn("Some of your n(z) or other kernels are negative.")
/lcrc/project/SPT3G/users/ac.yomori/repo/cosmosis-standard-library/shear/cl_to_xi_fullsky/cl_to_xi.py:41: RuntimeWarning: divide by zero encountered in log
  spec = self.interp_func(np.log(angle))
/lcrc/project/SPT3G/users/ac.yomori/repo/cosmosis-standard-library/structure/projection/projection_tools/kernel.py:35: UserWarning: Some of your n(z) or other kernels are negative.
  warnings.warn("Some of your n(z) or other kernels are negative.")
/lcrc/project/SPT3G/users/ac.yomori/repo/cosmosis-standard-library/structure/projection/projection_tools/kernel.py:35: UserWarning: Some of your n(z) or other kernels are negative.
  warnings.warn("Some of your n(z) or other kernels are negative.")
/lcrc/project/SPT3G/users/ac.yomori/repo/cosmosis-standard-library/shear/cl_to_xi_fullsky/cl_to_xi.py:36: RuntimeWarning: divide by zero encountered in log
  spec = np.exp(self.interp_func(np.log(angle)))
/lcrc/project/SPT3G/users/ac.yomori/repo/cosmosis-standard-library/shear/cl_to_xi_fullsky/cl_to_xi.py:36: RuntimeWarning: divide by zero encountered in log
  spec = np.exp(self.interp_func(np.log(angle)))
/lcrc/project/SPT3G/users/ac.yomori/repo/cosmosis-standard-library/shear/cl_to_xi_fullsky/cl_to_xi.py:36: RuntimeWarning: divide by zero encountered in log
  spec = np.exp(self.interp_func(np.log(angle)))
/lcrc/project/SPT3G/users/ac.yomori/repo/cosmosis-standard-library/shear/cl_to_xi_fullsky/cl_to_xi.py:41: RuntimeWarning: divide by zero encountered in log
  spec = self.interp_func(np.log(angle))
/lcrc/project/SPT3G/users/ac.yomori/repo/cosmosis-standard-library/shear/cl_to_xi_fullsky/cl_to_xi.py:41: RuntimeWarning: divide by zero encountered in log
  spec = self.interp_func(np.log(angle))
/lcrc/project/SPT3G/users/ac.yomori/repo/cosmosis-standard-library/structure/projection/projection_tools/kernel.py:35: UserWarning: Some of your n(z) or other kernels are negative.
  warnings.warn("Some of your n(z) or other kernels are negative.")
/lcrc/project/SPT3G/users/ac.yomori/repo/cosmosis-standard-library/shear/cl_to_xi_fullsky/cl_to_xi.py:41: RuntimeWarning: divide by zero encountered in log
  spec = self.interp_func(np.log(angle))
/lcrc/project/SPT3G/users/ac.yomori/repo/cosmosis-standard-library/shear/cl_to_xi_fullsky/cl_to_xi.py:36: RuntimeWarning: divide by zero encountered in log
  spec = np.exp(self.interp_func(np.log(angle)))
/lcrc/project/SPT3G/users/ac.yomori/repo/cosmosis-standard-library/shear/cl_to_xi_fullsky/cl_to_xi.py:41: RuntimeWarning: divide by zero encountered in log
  spec = self.interp_func(np.log(angle))
/lcrc/project/SPT3G/users/ac.yomori/repo/cosmosis-standard-library/shear/cl_to_xi_fullsky/cl_to_xi.py:36: RuntimeWarning: divide by zero encountered in log
  spec = np.exp(self.interp_func(np.log(angle)))
/lcrc/project/SPT3G/users/ac.yomori/repo/cosmosis-standard-library/structure/projection/projection_tools/kernel.py:35: UserWarning: Some of your n(z) or other kernels are negative.
  warnings.warn("Some of your n(z) or other kernels are negative.")
/lcrc/project/SPT3G/users/ac.yomori/repo/cosmosis-standard-library/shear/cl_to_xi_fullsky/cl_to_xi.py:41: RuntimeWarning: divide by zero encountered in log
  spec = self.interp_func(np.log(angle))
/lcrc/project/SPT3G/users/ac.yomori/repo/cosmosis-standard-library/structure/projection/projection_tools/kernel.py:35: UserWarning: Some of your n(z) or other kernels are negative.
  warnings.warn("Some of your n(z) or other kernels are negative.")
/lcrc/project/SPT3G/users/ac.yomori/repo/cosmosis-standard-library/structure/projection/projection_tools/kernel.py:35: UserWarning: Some of your n(z) or other kernels are negative.
  warnings.warn("Some of your n(z) or other kernels are negative.")
/lcrc/project/SPT3G/users/ac.yomori/repo/cosmosis-standard-library/shear/cl_to_xi_fullsky/cl_to_xi.py:36: RuntimeWarning: divide by zero encountered in log
  spec = np.exp(self.interp_func(np.log(angle)))
/lcrc/project/SPT3G/users/ac.yomori/repo/cosmosis-standard-library/shear/cl_to_xi_fullsky/cl_to_xi.py:36: RuntimeWarning: divide by zero encountered in log
  spec = np.exp(self.interp_func(np.log(angle)))
/lcrc/project/SPT3G/users/ac.yomori/repo/cosmosis-standard-library/shear/cl_to_xi_fullsky/cl_to_xi.py:36: RuntimeWarning: divide by zero encountered in log
  spec = np.exp(self.interp_func(np.log(angle)))
/lcrc/project/SPT3G/users/ac.yomori/repo/cosmosis-standard-library/shear/cl_to_xi_fullsky/cl_to_xi.py:41: RuntimeWarning: divide by zero encountered in log
  spec = self.interp_func(np.log(angle))
/lcrc/project/SPT3G/users/ac.yomori/repo/cosmosis-standard-library/shear/cl_to_xi_fullsky/cl_to_xi.py:41: RuntimeWarning: divide by zero encountered in log
  spec = self.interp_func(np.log(angle))
/lcrc/project/SPT3G/users/ac.yomori/repo/cosmosis-standard-library/shear/cl_to_xi_fullsky/cl_to_xi.py:41: RuntimeWarning: divide by zero encountered in log
  spec = self.interp_func(np.log(angle))
/lcrc/project/SPT3G/users/ac.yomori/repo/cosmosis-standard-library/structure/projection/projection_tools/kernel.py:35: UserWarning: Some of your n(z) or other kernels are negative.
  warnings.warn("Some of your n(z) or other kernels are negative.")
/lcrc/project/SPT3G/users/ac.yomori/repo/cosmosis-standard-library/structure/projection/projection_tools/kernel.py:35: UserWarning: Some of your n(z) or other kernels are negative.
  warnings.warn("Some of your n(z) or other kernels are negative.")
/lcrc/project/SPT3G/users/ac.yomori/repo/cosmosis-standard-library/shear/cl_to_xi_fullsky/cl_to_xi.py:36: RuntimeWarning: divide by zero encountered in log
  spec = np.exp(self.interp_func(np.log(angle)))
/lcrc/project/SPT3G/users/ac.yomori/repo/cosmosis-standard-library/shear/cl_to_xi_fullsky/cl_to_xi.py:36: RuntimeWarning: divide by zero encountered in log
  spec = np.exp(self.interp_func(np.log(angle)))
/lcrc/project/SPT3G/users/ac.yomori/repo/cosmosis-standard-library/shear/cl_to_xi_fullsky/cl_to_xi.py:41: RuntimeWarning: divide by zero encountered in log
  spec = self.interp_func(np.log(angle))
/lcrc/project/SPT3G/users/ac.yomori/repo/cosmosis-standard-library/shear/cl_to_xi_fullsky/cl_to_xi.py:41: RuntimeWarning: divide by zero encountered in log
  spec = self.interp_func(np.log(angle))
/lcrc/project/SPT3G/users/ac.yomori/repo/cosmosis-standard-library/structure/projection/projection_tools/kernel.py:35: UserWarning: Some of your n(z) or other kernels are negative.
  warnings.warn("Some of your n(z) or other kernels are negative.")
/lcrc/project/SPT3G/users/ac.yomori/repo/cosmosis-standard-library/structure/projection/projection_tools/kernel.py:35: UserWarning: Some of your n(z) or other kernels are negative.
  warnings.warn("Some of your n(z) or other kernels are negative.")
/lcrc/project/SPT3G/users/ac.yomori/repo/cosmosis-standard-library/shear/cl_to_xi_fullsky/cl_to_xi.py:36: RuntimeWarning: divide by zero encountered in log
  spec = np.exp(self.interp_func(np.log(angle)))
/lcrc/project/SPT3G/users/ac.yomori/repo/cosmosis-standard-library/shear/cl_to_xi_fullsky/cl_to_xi.py:41: RuntimeWarning: divide by zero encountered in log
  spec = self.interp_func(np.log(angle))
/lcrc/project/SPT3G/users/ac.yomori/repo/cosmosis-standard-library/structure/projection/projection_tools/kernel.py:35: UserWarning: Some of your n(z) or other kernels are negative.
  warnings.warn("Some of your n(z) or other kernels are negative.")
/lcrc/project/SPT3G/users/ac.yomori/repo/cosmosis-standard-library/structure/projection/projection_tools/kernel.py:35: UserWarning: Some of your n(z) or other kernels are negative.
  warnings.warn("Some of your n(z) or other kernels are negative.")
/lcrc/project/SPT3G/users/ac.yomori/repo/cosmosis-standard-library/structure/projection/projection_tools/kernel.py:35: UserWarning: Some of your n(z) or other kernels are negative.
  warnings.warn("Some of your n(z) or other kernels are negative.")
/lcrc/project/SPT3G/users/ac.yomori/repo/cosmosis-standard-library/structure/projection/projection_tools/kernel.py:35: UserWarning: Some of your n(z) or other kernels are negative.
  warnings.warn("Some of your n(z) or other kernels are negative.")
/lcrc/project/SPT3G/users/ac.yomori/repo/cosmosis-standard-library/shear/cl_to_xi_fullsky/cl_to_xi.py:36: RuntimeWarning: divide by zero encountered in log
  spec = np.exp(self.interp_func(np.log(angle)))
/lcrc/project/SPT3G/users/ac.yomori/repo/cosmosis-standard-library/shear/cl_to_xi_fullsky/cl_to_xi.py:41: RuntimeWarning: divide by zero encountered in log
  spec = self.interp_func(np.log(angle))
/lcrc/project/SPT3G/users/ac.yomori/repo/cosmosis-standard-library/structure/projection/projection_tools/kernel.py:35: UserWarning: Some of your n(z) or other kernels are negative.
  warnings.warn("Some of your n(z) or other kernels are negative.")
/lcrc/project/SPT3G/users/ac.yomori/repo/cosmosis-standard-library/structure/projection/projection_tools/kernel.py:35: UserWarning: Some of your n(z) or other kernels are negative.
  warnings.warn("Some of your n(z) or other kernels are negative.")
/lcrc/project/SPT3G/users/ac.yomori/repo/cosmosis-standard-library/structure/projection/projection_tools/kernel.py:35: UserWarning: Some of your n(z) or other kernels are negative.
  warnings.warn("Some of your n(z) or other kernels are negative.")
/lcrc/project/SPT3G/users/ac.yomori/repo/cosmosis-standard-library/shear/cl_to_xi_fullsky/cl_to_xi.py:36: RuntimeWarning: divide by zero encountered in log
  spec = np.exp(self.interp_func(np.log(angle)))
/lcrc/project/SPT3G/users/ac.yomori/repo/cosmosis-standard-library/shear/cl_to_xi_fullsky/cl_to_xi.py:36: RuntimeWarning: divide by zero encountered in log
  spec = np.exp(self.interp_func(np.log(angle)))
/lcrc/project/SPT3G/users/ac.yomori/repo/cosmosis-standard-library/shear/cl_to_xi_fullsky/cl_to_xi.py:36: RuntimeWarning: divide by zero encountered in log
  spec = np.exp(self.interp_func(np.log(angle)))
/lcrc/project/SPT3G/users/ac.yomori/repo/cosmosis-standard-library/shear/cl_to_xi_fullsky/cl_to_xi.py:41: RuntimeWarning: divide by zero encountered in log
  spec = self.interp_func(np.log(angle))
/lcrc/project/SPT3G/users/ac.yomori/repo/cosmosis-standard-library/shear/cl_to_xi_fullsky/cl_to_xi.py:41: RuntimeWarning: divide by zero encountered in log
  spec = self.interp_func(np.log(angle))
/lcrc/project/SPT3G/users/ac.yomori/repo/cosmosis-standard-library/shear/cl_to_xi_fullsky/cl_to_xi.py:36: RuntimeWarning: divide by zero encountered in log
  spec = np.exp(self.interp_func(np.log(angle)))
/lcrc/project/SPT3G/users/ac.yomori/repo/cosmosis-standard-library/structure/projection/projection_tools/kernel.py:35: UserWarning: Some of your n(z) or other kernels are negative.
  warnings.warn("Some of your n(z) or other kernels are negative.")
/lcrc/project/SPT3G/users/ac.yomori/repo/cosmosis-standard-library/structure/projection/projection_tools/kernel.py:35: UserWarning: Some of your n(z) or other kernels are negative.
  warnings.warn("Some of your n(z) or other kernels are negative.")
/lcrc/project/SPT3G/users/ac.yomori/repo/cosmosis-standard-library/shear/cl_to_xi_fullsky/cl_to_xi.py:41: RuntimeWarning: divide by zero encountered in log
  spec = self.interp_func(np.log(angle))
/lcrc/project/SPT3G/users/ac.yomori/repo/cosmosis-standard-library/structure/projection/projection_tools/kernel.py:35: UserWarning: Some of your n(z) or other kernels are negative.
  warnings.warn("Some of your n(z) or other kernels are negative.")
/lcrc/project/SPT3G/users/ac.yomori/repo/cosmosis-standard-library/shear/cl_to_xi_fullsky/cl_to_xi.py:41: RuntimeWarning: divide by zero encountered in log
  spec = self.interp_func(np.log(angle))
/lcrc/project/SPT3G/users/ac.yomori/repo/cosmosis-standard-library/shear/cl_to_xi_fullsky/cl_to_xi.py:36: RuntimeWarning: divide by zero encountered in log
  spec = np.exp(self.interp_func(np.log(angle)))
/lcrc/project/SPT3G/users/ac.yomori/repo/cosmosis-standard-library/shear/cl_to_xi_fullsky/cl_to_xi.py:36: RuntimeWarning: divide by zero encountered in log
  spec = np.exp(self.interp_func(np.log(angle)))
/lcrc/project/SPT3G/users/ac.yomori/repo/cosmosis-standard-library/structure/projection/projection_tools/kernel.py:35: UserWarning: Some of your n(z) or other kernels are negative.
  warnings.warn("Some of your n(z) or other kernels are negative.")
/lcrc/project/SPT3G/users/ac.yomori/repo/cosmosis-standard-library/structure/projection/projection_tools/kernel.py:35: UserWarning: Some of your n(z) or other kernels are negative.
  warnings.warn("Some of your n(z) or other kernels are negative.")
/lcrc/project/SPT3G/users/ac.yomori/repo/cosmosis-standard-library/shear/cl_to_xi_fullsky/cl_to_xi.py:41: RuntimeWarning: divide by zero encountered in log
  spec = self.interp_func(np.log(angle))
/lcrc/project/SPT3G/users/ac.yomori/repo/cosmosis-standard-library/structure/projection/projection_tools/kernel.py:35: UserWarning: Some of your n(z) or other kernels are negative.
  warnings.warn("Some of your n(z) or other kernels are negative.")
/lcrc/project/SPT3G/users/ac.yomori/repo/cosmosis-standard-library/structure/projection/projection_tools/kernel.py:35: UserWarning: Some of your n(z) or other kernels are negative.
  warnings.warn("Some of your n(z) or other kernels are negative.")
/lcrc/project/SPT3G/users/ac.yomori/repo/cosmosis-standard-library/shear/cl_to_xi_fullsky/cl_to_xi.py:41: RuntimeWarning: divide by zero encountered in log
  spec = self.interp_func(np.log(angle))
/lcrc/project/SPT3G/users/ac.yomori/repo/cosmosis-standard-library/shear/cl_to_xi_fullsky/cl_to_xi.py:36: RuntimeWarning: divide by zero encountered in log
  spec = np.exp(self.interp_func(np.log(angle)))
/lcrc/project/SPT3G/users/ac.yomori/repo/cosmosis-standard-library/structure/projection/projection_tools/kernel.py:35: UserWarning: Some of your n(z) or other kernels are negative.
  warnings.warn("Some of your n(z) or other kernels are negative.")
/lcrc/project/SPT3G/users/ac.yomori/repo/cosmosis-standard-library/structure/projection/projection_tools/kernel.py:35: UserWarning: Some of your n(z) or other kernels are negative.
  warnings.warn("Some of your n(z) or other kernels are negative.")
/lcrc/project/SPT3G/users/ac.yomori/repo/cosmosis-standard-library/shear/cl_to_xi_fullsky/cl_to_xi.py:36: RuntimeWarning: divide by zero encountered in log
  spec = np.exp(self.interp_func(np.log(angle)))
/lcrc/project/SPT3G/users/ac.yomori/repo/cosmosis-standard-library/shear/cl_to_xi_fullsky/cl_to_xi.py:36: RuntimeWarning: divide by zero encountered in log
  spec = np.exp(self.interp_func(np.log(angle)))
/lcrc/project/SPT3G/users/ac.yomori/repo/cosmosis-standard-library/shear/cl_to_xi_fullsky/cl_to_xi.py:36: RuntimeWarning: divide by zero encountered in log
  spec = np.exp(self.interp_func(np.log(angle)))
/lcrc/project/SPT3G/users/ac.yomori/repo/cosmosis-standard-library/shear/cl_to_xi_fullsky/cl_to_xi.py:41: RuntimeWarning: divide by zero encountered in log
  spec = self.interp_func(np.log(angle))
/lcrc/project/SPT3G/users/ac.yomori/repo/cosmosis-standard-library/structure/projection/projection_tools/kernel.py:35: UserWarning: Some of your n(z) or other kernels are negative.
  warnings.warn("Some of your n(z) or other kernels are negative.")
/lcrc/project/SPT3G/users/ac.yomori/repo/cosmosis-standard-library/structure/projection/projection_tools/kernel.py:35: UserWarning: Some of your n(z) or other kernels are negative.
  warnings.warn("Some of your n(z) or other kernels are negative.")
/lcrc/project/SPT3G/users/ac.yomori/repo/cosmosis-standard-library/structure/projection/projection_tools/kernel.py:35: UserWarning: Some of your n(z) or other kernels are negative.
  warnings.warn("Some of your n(z) or other kernels are negative.")
/lcrc/project/SPT3G/users/ac.yomori/repo/cosmosis-standard-library/shear/cl_to_xi_fullsky/cl_to_xi.py:41: RuntimeWarning: divide by zero encountered in log
  spec = self.interp_func(np.log(angle))
/lcrc/project/SPT3G/users/ac.yomori/repo/cosmosis-standard-library/shear/cl_to_xi_fullsky/cl_to_xi.py:41: RuntimeWarning: divide by zero encountered in log
  spec = self.interp_func(np.log(angle))
/lcrc/project/SPT3G/users/ac.yomori/repo/cosmosis-standard-library/shear/cl_to_xi_fullsky/cl_to_xi.py:41: RuntimeWarning: divide by zero encountered in log
  spec = self.interp_func(np.log(angle))
/lcrc/project/SPT3G/users/ac.yomori/repo/cosmosis-standard-library/shear/cl_to_xi_fullsky/cl_to_xi.py:36: RuntimeWarning: divide by zero encountered in log
  spec = np.exp(self.interp_func(np.log(angle)))
/lcrc/project/SPT3G/users/ac.yomori/repo/cosmosis-standard-library/structure/projection/projection_tools/kernel.py:35: UserWarning: Some of your n(z) or other kernels are negative.
  warnings.warn("Some of your n(z) or other kernels are negative.")
/lcrc/project/SPT3G/users/ac.yomori/repo/cosmosis-standard-library/structure/projection/projection_tools/kernel.py:35: UserWarning: Some of your n(z) or other kernels are negative.
  warnings.warn("Some of your n(z) or other kernels are negative.")
/lcrc/project/SPT3G/users/ac.yomori/repo/cosmosis-standard-library/shear/cl_to_xi_fullsky/cl_to_xi.py:36: RuntimeWarning: divide by zero encountered in log
  spec = np.exp(self.interp_func(np.log(angle)))
/lcrc/project/SPT3G/users/ac.yomori/repo/cosmosis-standard-library/structure/projection/projection_tools/kernel.py:35: UserWarning: Some of your n(z) or other kernels are negative.
  warnings.warn("Some of your n(z) or other kernels are negative.")
/lcrc/project/SPT3G/users/ac.yomori/repo/cosmosis-standard-library/shear/cl_to_xi_fullsky/cl_to_xi.py:36: RuntimeWarning: divide by zero encountered in log
  spec = np.exp(self.interp_func(np.log(angle)))
/lcrc/project/SPT3G/users/ac.yomori/repo/cosmosis-standard-library/shear/cl_to_xi_fullsky/cl_to_xi.py:41: RuntimeWarning: divide by zero encountered in log
  spec = self.interp_func(np.log(angle))
/lcrc/project/SPT3G/users/ac.yomori/repo/cosmosis-standard-library/structure/projection/projection_tools/kernel.py:35: UserWarning: Some of your n(z) or other kernels are negative.
  warnings.warn("Some of your n(z) or other kernels are negative.")
/lcrc/project/SPT3G/users/ac.yomori/repo/cosmosis-standard-library/shear/cl_to_xi_fullsky/cl_to_xi.py:41: RuntimeWarning: divide by zero encountered in log
  spec = self.interp_func(np.log(angle))
/lcrc/project/SPT3G/users/ac.yomori/repo/cosmosis-standard-library/structure/projection/projection_tools/kernel.py:35: UserWarning: Some of your n(z) or other kernels are negative.
  warnings.warn("Some of your n(z) or other kernels are negative.")
/lcrc/project/SPT3G/users/ac.yomori/repo/cosmosis-standard-library/structure/projection/projection_tools/kernel.py:35: UserWarning: Some of your n(z) or other kernels are negative.
  warnings.warn("Some of your n(z) or other kernels are negative.")
/lcrc/project/SPT3G/users/ac.yomori/repo/cosmosis-standard-library/shear/cl_to_xi_fullsky/cl_to_xi.py:36: RuntimeWarning: divide by zero encountered in log
  spec = np.exp(self.interp_func(np.log(angle)))
/lcrc/project/SPT3G/users/ac.yomori/repo/cosmosis-standard-library/structure/projection/projection_tools/kernel.py:35: UserWarning: Some of your n(z) or other kernels are negative.
  warnings.warn("Some of your n(z) or other kernels are negative.")
/lcrc/project/SPT3G/users/ac.yomori/repo/cosmosis-standard-library/structure/projection/projection_tools/kernel.py:35: UserWarning: Some of your n(z) or other kernels are negative.
  warnings.warn("Some of your n(z) or other kernels are negative.")
/lcrc/project/SPT3G/users/ac.yomori/repo/cosmosis-standard-library/shear/cl_to_xi_fullsky/cl_to_xi.py:41: RuntimeWarning: divide by zero encountered in log
  spec = self.interp_func(np.log(angle))
/lcrc/project/SPT3G/users/ac.yomori/repo/cosmosis-standard-library/shear/cl_to_xi_fullsky/cl_to_xi.py:36: RuntimeWarning: divide by zero encountered in log
  spec = np.exp(self.interp_func(np.log(angle)))
/lcrc/project/SPT3G/users/ac.yomori/repo/cosmosis-standard-library/structure/projection/projection_tools/kernel.py:35: UserWarning: Some of your n(z) or other kernels are negative.
  warnings.warn("Some of your n(z) or other kernels are negative.")
/lcrc/project/SPT3G/users/ac.yomori/repo/cosmosis-standard-library/shear/cl_to_xi_fullsky/cl_to_xi.py:36: RuntimeWarning: divide by zero encountered in log
  spec = np.exp(self.interp_func(np.log(angle)))
/lcrc/project/SPT3G/users/ac.yomori/repo/cosmosis-standard-library/shear/cl_to_xi_fullsky/cl_to_xi.py:36: RuntimeWarning: divide by zero encountered in log
  spec = np.exp(self.interp_func(np.log(angle)))
/lcrc/project/SPT3G/users/ac.yomori/repo/cosmosis-standard-library/shear/cl_to_xi_fullsky/cl_to_xi.py:41: RuntimeWarning: divide by zero encountered in log
  spec = self.interp_func(np.log(angle))
/lcrc/project/SPT3G/users/ac.yomori/repo/cosmosis-standard-library/structure/projection/projection_tools/kernel.py:35: UserWarning: Some of your n(z) or other kernels are negative.
  warnings.warn("Some of your n(z) or other kernels are negative.")
/lcrc/project/SPT3G/users/ac.yomori/repo/cosmosis-standard-library/shear/cl_to_xi_fullsky/cl_to_xi.py:36: RuntimeWarning: divide by zero encountered in log
  spec = np.exp(self.interp_func(np.log(angle)))
/lcrc/project/SPT3G/users/ac.yomori/repo/cosmosis-standard-library/structure/projection/projection_tools/kernel.py:35: UserWarning: Some of your n(z) or other kernels are negative.
  warnings.warn("Some of your n(z) or other kernels are negative.")
/lcrc/project/SPT3G/users/ac.yomori/repo/cosmosis-standard-library/shear/cl_to_xi_fullsky/cl_to_xi.py:41: RuntimeWarning: divide by zero encountered in log
  spec = self.interp_func(np.log(angle))
/lcrc/project/SPT3G/users/ac.yomori/repo/cosmosis-standard-library/shear/cl_to_xi_fullsky/cl_to_xi.py:41: RuntimeWarning: divide by zero encountered in log
  spec = self.interp_func(np.log(angle))
/lcrc/project/SPT3G/users/ac.yomori/repo/cosmosis-standard-library/structure/projection/projection_tools/kernel.py:35: UserWarning: Some of your n(z) or other kernels are negative.
  warnings.warn("Some of your n(z) or other kernels are negative.")
/lcrc/project/SPT3G/users/ac.yomori/repo/cosmosis-standard-library/shear/cl_to_xi_fullsky/cl_to_xi.py:36: RuntimeWarning: divide by zero encountered in log
  spec = np.exp(self.interp_func(np.log(angle)))
/lcrc/project/SPT3G/users/ac.yomori/repo/cosmosis-standard-library/shear/cl_to_xi_fullsky/cl_to_xi.py:41: RuntimeWarning: divide by zero encountered in log
  spec = self.interp_func(np.log(angle))
/lcrc/project/SPT3G/users/ac.yomori/repo/cosmosis-standard-library/shear/cl_to_xi_fullsky/cl_to_xi.py:36: RuntimeWarning: divide by zero encountered in log
  spec = np.exp(self.interp_func(np.log(angle)))
/lcrc/project/SPT3G/users/ac.yomori/repo/cosmosis-standard-library/shear/cl_to_xi_fullsky/cl_to_xi.py:36: RuntimeWarning: divide by zero encountered in log
  spec = np.exp(self.interp_func(np.log(angle)))
/lcrc/project/SPT3G/users/ac.yomori/repo/cosmosis-standard-library/shear/cl_to_xi_fullsky/cl_to_xi.py:41: RuntimeWarning: divide by zero encountered in log
  spec = self.interp_func(np.log(angle))
/lcrc/project/SPT3G/users/ac.yomori/repo/cosmosis-standard-library/shear/cl_to_xi_fullsky/cl_to_xi.py:41: RuntimeWarning: divide by zero encountered in log
  spec = self.interp_func(np.log(angle))
/lcrc/project/SPT3G/users/ac.yomori/repo/cosmosis-standard-library/shear/cl_to_xi_fullsky/cl_to_xi.py:36: RuntimeWarning: divide by zero encountered in log
  spec = np.exp(self.interp_func(np.log(angle)))
/lcrc/project/SPT3G/users/ac.yomori/repo/cosmosis-standard-library/shear/cl_to_xi_fullsky/cl_to_xi.py:36: RuntimeWarning: divide by zero encountered in log
  spec = np.exp(self.interp_func(np.log(angle)))
/lcrc/project/SPT3G/users/ac.yomori/repo/cosmosis-standard-library/structure/projection/projection_tools/kernel.py:35: UserWarning: Some of your n(z) or other kernels are negative.
  warnings.warn("Some of your n(z) or other kernels are negative.")
/lcrc/project/SPT3G/users/ac.yomori/repo/cosmosis-standard-library/structure/projection/projection_tools/kernel.py:35: UserWarning: Some of your n(z) or other kernels are negative.
  warnings.warn("Some of your n(z) or other kernels are negative.")
/lcrc/project/SPT3G/users/ac.yomori/repo/cosmosis-standard-library/shear/cl_to_xi_fullsky/cl_to_xi.py:41: RuntimeWarning: divide by zero encountered in log
  spec = self.interp_func(np.log(angle))
/lcrc/project/SPT3G/users/ac.yomori/repo/cosmosis-standard-library/structure/projection/projection_tools/kernel.py:35: UserWarning: Some of your n(z) or other kernels are negative.
  warnings.warn("Some of your n(z) or other kernels are negative.")
/lcrc/project/SPT3G/users/ac.yomori/repo/cosmosis-standard-library/structure/projection/projection_tools/kernel.py:35: UserWarning: Some of your n(z) or other kernels are negative.
  warnings.warn("Some of your n(z) or other kernels are negative.")
/lcrc/project/SPT3G/users/ac.yomori/repo/cosmosis-standard-library/shear/cl_to_xi_fullsky/cl_to_xi.py:41: RuntimeWarning: divide by zero encountered in log
  spec = self.interp_func(np.log(angle))
/lcrc/project/SPT3G/users/ac.yomori/repo/cosmosis-standard-library/shear/cl_to_xi_fullsky/cl_to_xi.py:41: RuntimeWarning: divide by zero encountered in log
  spec = self.interp_func(np.log(angle))
/lcrc/project/SPT3G/users/ac.yomori/repo/cosmosis-standard-library/shear/cl_to_xi_fullsky/cl_to_xi.py:36: RuntimeWarning: divide by zero encountered in log
  spec = np.exp(self.interp_func(np.log(angle)))
/lcrc/project/SPT3G/users/ac.yomori/repo/cosmosis-standard-library/shear/cl_to_xi_fullsky/cl_to_xi.py:36: RuntimeWarning: divide by zero encountered in log
  spec = np.exp(self.interp_func(np.log(angle)))
/lcrc/project/SPT3G/users/ac.yomori/repo/cosmosis-standard-library/shear/cl_to_xi_fullsky/cl_to_xi.py:41: RuntimeWarning: divide by zero encountered in log
  spec = self.interp_func(np.log(angle))
/lcrc/project/SPT3G/users/ac.yomori/repo/cosmosis-standard-library/structure/projection/projection_tools/kernel.py:35: UserWarning: Some of your n(z) or other kernels are negative.
  warnings.warn("Some of your n(z) or other kernels are negative.")
/lcrc/project/SPT3G/users/ac.yomori/repo/cosmosis-standard-library/shear/cl_to_xi_fullsky/cl_to_xi.py:36: RuntimeWarning: divide by zero encountered in log
  spec = np.exp(self.interp_func(np.log(angle)))
/lcrc/project/SPT3G/users/ac.yomori/repo/cosmosis-standard-library/shear/cl_to_xi_fullsky/cl_to_xi.py:36: RuntimeWarning: divide by zero encountered in log
  spec = np.exp(self.interp_func(np.log(angle)))
/lcrc/project/SPT3G/users/ac.yomori/repo/cosmosis-standard-library/shear/cl_to_xi_fullsky/cl_to_xi.py:36: RuntimeWarning: divide by zero encountered in log
  spec = np.exp(self.interp_func(np.log(angle)))
/lcrc/project/SPT3G/users/ac.yomori/repo/cosmosis-standard-library/shear/cl_to_xi_fullsky/cl_to_xi.py:36: RuntimeWarning: divide by zero encountered in log
  spec = np.exp(self.interp_func(np.log(angle)))
/lcrc/project/SPT3G/users/ac.yomori/repo/cosmosis-standard-library/shear/cl_to_xi_fullsky/cl_to_xi.py:41: RuntimeWarning: divide by zero encountered in log
  spec = self.interp_func(np.log(angle))
/lcrc/project/SPT3G/users/ac.yomori/repo/cosmosis-standard-library/shear/cl_to_xi_fullsky/cl_to_xi.py:41: RuntimeWarning: divide by zero encountered in log
  spec = self.interp_func(np.log(angle))
/lcrc/project/SPT3G/users/ac.yomori/repo/cosmosis-standard-library/shear/cl_to_xi_fullsky/cl_to_xi.py:41: RuntimeWarning: divide by zero encountered in log
  spec = self.interp_func(np.log(angle))
/lcrc/project/SPT3G/users/ac.yomori/repo/cosmosis-standard-library/shear/cl_to_xi_fullsky/cl_to_xi.py:41: RuntimeWarning: divide by zero encountered in log
  spec = self.interp_func(np.log(angle))
/lcrc/project/SPT3G/users/ac.yomori/repo/cosmosis-standard-library/shear/cl_to_xi_fullsky/cl_to_xi.py:41: RuntimeWarning: divide by zero encountered in log
  spec = self.interp_func(np.log(angle))
/lcrc/project/SPT3G/users/ac.yomori/repo/cosmosis-standard-library/shear/cl_to_xi_fullsky/cl_to_xi.py:41: RuntimeWarning: divide by zero encountered in log
  spec = self.interp_func(np.log(angle))
/lcrc/project/SPT3G/users/ac.yomori/repo/cosmosis-standard-library/shear/cl_to_xi_fullsky/cl_to_xi.py:36: RuntimeWarning: divide by zero encountered in log
  spec = np.exp(self.interp_func(np.log(angle)))
/lcrc/project/SPT3G/users/ac.yomori/repo/cosmosis-standard-library/structure/projection/projection_tools/kernel.py:35: UserWarning: Some of your n(z) or other kernels are negative.
  warnings.warn("Some of your n(z) or other kernels are negative.")
/lcrc/project/SPT3G/users/ac.yomori/repo/cosmosis-standard-library/shear/cl_to_xi_fullsky/cl_to_xi.py:36: RuntimeWarning: divide by zero encountered in log
  spec = np.exp(self.interp_func(np.log(angle)))
/lcrc/project/SPT3G/users/ac.yomori/repo/cosmosis-standard-library/structure/projection/projection_tools/kernel.py:35: UserWarning: Some of your n(z) or other kernels are negative.
  warnings.warn("Some of your n(z) or other kernels are negative.")
/lcrc/project/SPT3G/users/ac.yomori/repo/cosmosis-standard-library/shear/cl_to_xi_fullsky/cl_to_xi.py:36: RuntimeWarning: divide by zero encountered in log
  spec = np.exp(self.interp_func(np.log(angle)))
/lcrc/project/SPT3G/users/ac.yomori/repo/cosmosis-standard-library/shear/cl_to_xi_fullsky/cl_to_xi.py:41: RuntimeWarning: divide by zero encountered in log
  spec = self.interp_func(np.log(angle))
/lcrc/project/SPT3G/users/ac.yomori/repo/cosmosis-standard-library/shear/cl_to_xi_fullsky/cl_to_xi.py:36: RuntimeWarning: divide by zero encountered in log
  spec = np.exp(self.interp_func(np.log(angle)))
/lcrc/project/SPT3G/users/ac.yomori/repo/cosmosis-standard-library/shear/cl_to_xi_fullsky/cl_to_xi.py:36: RuntimeWarning: divide by zero encountered in log
  spec = np.exp(self.interp_func(np.log(angle)))
/lcrc/project/SPT3G/users/ac.yomori/repo/cosmosis-standard-library/shear/cl_to_xi_fullsky/cl_to_xi.py:41: RuntimeWarning: divide by zero encountered in log
  spec = self.interp_func(np.log(angle))
/lcrc/project/SPT3G/users/ac.yomori/repo/cosmosis-standard-library/shear/cl_to_xi_fullsky/cl_to_xi.py:36: RuntimeWarning: divide by zero encountered in log
  spec = np.exp(self.interp_func(np.log(angle)))
/lcrc/project/SPT3G/users/ac.yomori/repo/cosmosis-standard-library/structure/projection/projection_tools/kernel.py:35: UserWarning: Some of your n(z) or other kernels are negative.
  warnings.warn("Some of your n(z) or other kernels are negative.")
/lcrc/project/SPT3G/users/ac.yomori/repo/cosmosis-standard-library/shear/cl_to_xi_fullsky/cl_to_xi.py:41: RuntimeWarning: divide by zero encountered in log
  spec = self.interp_func(np.log(angle))
/lcrc/project/SPT3G/users/ac.yomori/repo/cosmosis-standard-library/shear/cl_to_xi_fullsky/cl_to_xi.py:41: RuntimeWarning: divide by zero encountered in log
  spec = self.interp_func(np.log(angle))
/lcrc/project/SPT3G/users/ac.yomori/repo/cosmosis-standard-library/shear/cl_to_xi_fullsky/cl_to_xi.py:41: RuntimeWarning: divide by zero encountered in log
  spec = self.interp_func(np.log(angle))
/lcrc/project/SPT3G/users/ac.yomori/repo/cosmosis-standard-library/shear/cl_to_xi_fullsky/cl_to_xi.py:36: RuntimeWarning: divide by zero encountered in log
  spec = np.exp(self.interp_func(np.log(angle)))
/lcrc/project/SPT3G/users/ac.yomori/repo/cosmosis-standard-library/shear/cl_to_xi_fullsky/cl_to_xi.py:41: RuntimeWarning: divide by zero encountered in log
  spec = self.interp_func(np.log(angle))
/lcrc/project/SPT3G/users/ac.yomori/repo/cosmosis-standard-library/structure/projection/projection_tools/kernel.py:35: UserWarning: Some of your n(z) or other kernels are negative.
  warnings.warn("Some of your n(z) or other kernels are negative.")
/lcrc/project/SPT3G/users/ac.yomori/repo/cosmosis-standard-library/structure/projection/projection_tools/kernel.py:35: UserWarning: Some of your n(z) or other kernels are negative.
  warnings.warn("Some of your n(z) or other kernels are negative.")
/lcrc/project/SPT3G/users/ac.yomori/repo/cosmosis-standard-library/shear/cl_to_xi_fullsky/cl_to_xi.py:41: RuntimeWarning: divide by zero encountered in log
  spec = self.interp_func(np.log(angle))
/lcrc/project/SPT3G/users/ac.yomori/repo/cosmosis-standard-library/shear/cl_to_xi_fullsky/cl_to_xi.py:36: RuntimeWarning: divide by zero encountered in log
  spec = np.exp(self.interp_func(np.log(angle)))
/lcrc/project/SPT3G/users/ac.yomori/repo/cosmosis-standard-library/shear/cl_to_xi_fullsky/cl_to_xi.py:41: RuntimeWarning: divide by zero encountered in log
  spec = self.interp_func(np.log(angle))
/lcrc/project/SPT3G/users/ac.yomori/repo/cosmosis-standard-library/shear/cl_to_xi_fullsky/cl_to_xi.py:36: RuntimeWarning: divide by zero encountered in log
  spec = np.exp(self.interp_func(np.log(angle)))
/lcrc/project/SPT3G/users/ac.yomori/repo/cosmosis-standard-library/shear/cl_to_xi_fullsky/cl_to_xi.py:36: RuntimeWarning: divide by zero encountered in log
  spec = np.exp(self.interp_func(np.log(angle)))
/lcrc/project/SPT3G/users/ac.yomori/repo/cosmosis-standard-library/shear/cl_to_xi_fullsky/cl_to_xi.py:36: RuntimeWarning: divide by zero encountered in log
  spec = np.exp(self.interp_func(np.log(angle)))
/lcrc/project/SPT3G/users/ac.yomori/repo/cosmosis-standard-library/shear/cl_to_xi_fullsky/cl_to_xi.py:41: RuntimeWarning: divide by zero encountered in log
  spec = self.interp_func(np.log(angle))
/lcrc/project/SPT3G/users/ac.yomori/repo/cosmosis-standard-library/shear/cl_to_xi_fullsky/cl_to_xi.py:36: RuntimeWarning: divide by zero encountered in log
  spec = np.exp(self.interp_func(np.log(angle)))
/lcrc/project/SPT3G/users/ac.yomori/repo/cosmosis-standard-library/shear/cl_to_xi_fullsky/cl_to_xi.py:41: RuntimeWarning: divide by zero encountered in log
  spec = self.interp_func(np.log(angle))
/lcrc/project/SPT3G/users/ac.yomori/repo/cosmosis-standard-library/shear/cl_to_xi_fullsky/cl_to_xi.py:41: RuntimeWarning: divide by zero encountered in log
  spec = self.interp_func(np.log(angle))
/lcrc/project/SPT3G/users/ac.yomori/repo/cosmosis-standard-library/shear/cl_to_xi_fullsky/cl_to_xi.py:41: RuntimeWarning: divide by zero encountered in log
  spec = self.interp_func(np.log(angle))
Pipeline failed on these parameters: [ 1.29082658e+00  8.46530646e-01  2.57721594e-02  5.80661567e-02
  6.69572127e-01  5.92292306e-02  7.88269205e+00 -1.86456009e-02
 -2.04352493e-02 -2.84164935e-02 -3.07491050e-02 -2.81533041e-02
  2.80988621e-02 -5.34854712e-03 -2.54767701e-03  1.10312188e-03
 -3.41442956e-02 -1.06821678e-02 -1.20578356e-03  8.90721209e-01
  1.27179094e+00  8.59701661e-01  9.53531730e-01  2.30644012e+00
  8.32902869e-01  2.48323587e+00  2.93657702e+00  2.79943695e+00
  4.29124029e+00  2.48936527e+00  1.52892056e+00  1.02291791e+00
  9.96918259e-01  1.00770660e+00  9.96438906e-01  9.70845288e-01
  9.99995393e-01  9.75143476e-01  9.55427570e-01]
Pipeline failed on these parameters: [ 1.29648088e+00  9.89347200e-01  2.41350953e-02  6.30991093e-02
  7.44711259e-01  3.69315092e-01  7.31788654e+00  9.81371178e-04
 -3.59917338e-02 -2.66738797e-02 -2.88230037e-02  1.82212135e-02
  2.68246318e-02 -7.87189927e-03 -1.45450878e-03  1.81423424e-03
 -3.36300067e-02 -3.42138970e-03 -1.14931220e-02  9.10621062e-01
  1.29651888e+00  9.07246570e-01  8.43190483e-01  1.65959044e+00
  1.57029766e+00  2.04065108e+00  1.16700005e+00  8.42438048e-01
 -1.29728324e+00 -2.38857669e+00 -1.96064500e+00  7.49735291e-01
  9.99102629e-01  1.01117795e+00  9.99562380e-01  9.76342557e-01
  1.00237507e+00  9.59298582e-01  9.51950073e-01]
/lcrc/project/SPT3G/users/ac.yomori/repo/cosmosis-standard-library/structure/projection/projection_tools/kernel.py:35: UserWarning: Some of your n(z) or other kernels are negative.
  warnings.warn("Some of your n(z) or other kernels are negative.")
/lcrc/project/SPT3G/users/ac.yomori/repo/cosmosis-standard-library/structure/projection/projection_tools/kernel.py:35: UserWarning: Some of your n(z) or other kernels are negative.
  warnings.warn("Some of your n(z) or other kernels are negative.")
/lcrc/project/SPT3G/users/ac.yomori/repo/cosmosis-standard-library/shear/cl_to_xi_fullsky/cl_to_xi.py:36: RuntimeWarning: divide by zero encountered in log
  spec = np.exp(self.interp_func(np.log(angle)))
/lcrc/project/SPT3G/users/ac.yomori/repo/cosmosis-standard-library/shear/cl_to_xi_fullsky/cl_to_xi.py:36: RuntimeWarning: divide by zero encountered in log
  spec = np.exp(self.interp_func(np.log(angle)))
/lcrc/project/SPT3G/users/ac.yomori/repo/cosmosis-standard-library/structure/projection/projection_tools/kernel.py:35: UserWarning: Some of your n(z) or other kernels are negative.
  warnings.warn("Some of your n(z) or other kernels are negative.")
/lcrc/project/SPT3G/users/ac.yomori/repo/cosmosis-standard-library/structure/projection/projection_tools/kernel.py:35: UserWarning: Some of your n(z) or other kernels are negative.
  warnings.warn("Some of your n(z) or other kernels are negative.")
/lcrc/project/SPT3G/users/ac.yomori/repo/cosmosis-standard-library/structure/projection/projection_tools/kernel.py:35: UserWarning: Some of your n(z) or other kernels are negative.
  warnings.warn("Some of your n(z) or other kernels are negative.")
/lcrc/project/SPT3G/users/ac.yomori/repo/cosmosis-standard-library/structure/projection/projection_tools/kernel.py:35: UserWarning: Some of your n(z) or other kernels are negative.
  warnings.warn("Some of your n(z) or other kernels are negative.")
/lcrc/project/SPT3G/users/ac.yomori/repo/cosmosis-standard-library/shear/cl_to_xi_fullsky/cl_to_xi.py:36: RuntimeWarning: divide by zero encountered in log
  spec = np.exp(self.interp_func(np.log(angle)))
/lcrc/project/SPT3G/users/ac.yomori/repo/cosmosis-standard-library/structure/projection/projection_tools/kernel.py:35: UserWarning: Some of your n(z) or other kernels are negative.
  warnings.warn("Some of your n(z) or other kernels are negative.")
/lcrc/project/SPT3G/users/ac.yomori/repo/cosmosis-standard-library/shear/cl_to_xi_fullsky/cl_to_xi.py:41: RuntimeWarning: divide by zero encountered in log
  spec = self.interp_func(np.log(angle))
/lcrc/project/SPT3G/users/ac.yomori/repo/cosmosis-standard-library/structure/projection/projection_tools/kernel.py:35: UserWarning: Some of your n(z) or other kernels are negative.
  warnings.warn("Some of your n(z) or other kernels are negative.")
/lcrc/project/SPT3G/users/ac.yomori/repo/cosmosis-standard-library/shear/cl_to_xi_fullsky/cl_to_xi.py:38: RuntimeWarning: divide by zero encountered in log
  spec = -np.exp(self.interp_func(np.log(angle)))
/lcrc/project/SPT3G/users/ac.yomori/repo/cosmosis-standard-library/structure/projection/projection_tools/kernel.py:178: RuntimeWarning: invalid value encountered in divide
  nchi_spline.y * (nchi_spline.x - chi)/nchi_spline.x, 0.)
/lcrc/project/SPT3G/users/ac.yomori/repo/cosmosis-standard-library/structure/projection/projection_tools/kernel.py:178: RuntimeWarning: divide by zero encountered in divide
  nchi_spline.y * (nchi_spline.x - chi)/nchi_spline.x, 0.)
/lcrc/project/SPT3G/users/ac.yomori/repo/cosmosis-standard-library/shear/cl_to_xi_fullsky/cl_to_xi.py:36: RuntimeWarning: divide by zero encountered in log
  spec = np.exp(self.interp_func(np.log(angle)))
/lcrc/project/SPT3G/users/ac.yomori/repo/cosmosis-standard-library/shear/cl_to_xi_fullsky/cl_to_xi.py:41: RuntimeWarning: divide by zero encountered in log
  spec = self.interp_func(np.log(angle))
/lcrc/project/SPT3G/users/ac.yomori/repo/cosmosis-standard-library/structure/projection/projection_tools/kernel.py:35: UserWarning: Some of your n(z) or other kernels are negative.
  warnings.warn("Some of your n(z) or other kernels are negative.")
/lcrc/project/SPT3G/users/ac.yomori/repo/cosmosis-standard-library/structure/projection/projection_tools/kernel.py:35: UserWarning: Some of your n(z) or other kernels are negative.
  warnings.warn("Some of your n(z) or other kernels are negative.")
/lcrc/project/SPT3G/users/ac.yomori/repo/cosmosis-standard-library/structure/projection/projection_tools/kernel.py:35: UserWarning: Some of your n(z) or other kernels are negative.
  warnings.warn("Some of your n(z) or other kernels are negative.")
/lcrc/project/SPT3G/users/ac.yomori/repo/cosmosis-standard-library/structure/projection/projection_tools/kernel.py:35: UserWarning: Some of your n(z) or other kernels are negative.
  warnings.warn("Some of your n(z) or other kernels are negative.")
/lcrc/project/SPT3G/users/ac.yomori/repo/cosmosis-standard-library/shear/cl_to_xi_fullsky/cl_to_xi.py:38: RuntimeWarning: divide by zero encountered in log
  spec = -np.exp(self.interp_func(np.log(angle)))
/lcrc/project/SPT3G/users/ac.yomori/repo/cosmosis-standard-library/structure/projection/projection_tools/kernel.py:35: UserWarning: Some of your n(z) or other kernels are negative.
  warnings.warn("Some of your n(z) or other kernels are negative.")
/lcrc/project/SPT3G/users/ac.yomori/repo/cosmosis-standard-library/shear/cl_to_xi_fullsky/cl_to_xi.py:36: RuntimeWarning: divide by zero encountered in log
  spec = np.exp(self.interp_func(np.log(angle)))
/lcrc/project/SPT3G/users/ac.yomori/repo/cosmosis-standard-library/shear/cl_to_xi_fullsky/cl_to_xi.py:41: RuntimeWarning: divide by zero encountered in log
  spec = self.interp_func(np.log(angle))
/lcrc/project/SPT3G/users/ac.yomori/repo/cosmosis-standard-library/shear/cl_to_xi_fullsky/cl_to_xi.py:36: RuntimeWarning: divide by zero encountered in log
  spec = np.exp(self.interp_func(np.log(angle)))
/lcrc/project/SPT3G/users/ac.yomori/repo/cosmosis-standard-library/structure/projection/projection_tools/kernel.py:35: UserWarning: Some of your n(z) or other kernels are negative.
  warnings.warn("Some of your n(z) or other kernels are negative.")
/lcrc/project/SPT3G/users/ac.yomori/repo/cosmosis-standard-library/structure/projection/projection_tools/kernel.py:35: UserWarning: Some of your n(z) or other kernels are negative.
  warnings.warn("Some of your n(z) or other kernels are negative.")
/lcrc/project/SPT3G/users/ac.yomori/repo/cosmosis-standard-library/shear/cl_to_xi_fullsky/cl_to_xi.py:38: RuntimeWarning: divide by zero encountered in log
  spec = -np.exp(self.interp_func(np.log(angle)))
/lcrc/project/SPT3G/users/ac.yomori/repo/cosmosis-standard-library/structure/projection/projection_tools/kernel.py:35: UserWarning: Some of your n(z) or other kernels are negative.
  warnings.warn("Some of your n(z) or other kernels are negative.")
/lcrc/project/SPT3G/users/ac.yomori/repo/cosmosis-standard-library/structure/projection/projection_tools/kernel.py:178: RuntimeWarning: invalid value encountered in divide
  nchi_spline.y * (nchi_spline.x - chi)/nchi_spline.x, 0.)
/lcrc/project/SPT3G/users/ac.yomori/repo/cosmosis-standard-library/structure/projection/projection_tools/kernel.py:178: RuntimeWarning: divide by zero encountered in divide
  nchi_spline.y * (nchi_spline.x - chi)/nchi_spline.x, 0.)
/lcrc/project/SPT3G/users/ac.yomori/repo/cosmosis-standard-library/shear/cl_to_xi_fullsky/cl_to_xi.py:36: RuntimeWarning: divide by zero encountered in log
  spec = np.exp(self.interp_func(np.log(angle)))
/lcrc/project/SPT3G/users/ac.yomori/repo/cosmosis-standard-library/shear/cl_to_xi_fullsky/cl_to_xi.py:41: RuntimeWarning: divide by zero encountered in log
  spec = self.interp_func(np.log(angle))
/lcrc/project/SPT3G/users/ac.yomori/repo/cosmosis-standard-library/structure/projection/projection_tools/kernel.py:35: UserWarning: Some of your n(z) or other kernels are negative.
  warnings.warn("Some of your n(z) or other kernels are negative.")
/lcrc/project/SPT3G/users/ac.yomori/repo/cosmosis-standard-library/structure/projection/projection_tools/kernel.py:35: UserWarning: Some of your n(z) or other kernels are negative.
  warnings.warn("Some of your n(z) or other kernels are negative.")
/lcrc/project/SPT3G/users/ac.yomori/repo/cosmosis-standard-library/shear/cl_to_xi_fullsky/cl_to_xi.py:36: RuntimeWarning: divide by zero encountered in log
  spec = np.exp(self.interp_func(np.log(angle)))
/lcrc/project/SPT3G/users/ac.yomori/repo/cosmosis-standard-library/shear/cl_to_xi_fullsky/cl_to_xi.py:41: RuntimeWarning: divide by zero encountered in log
  spec = self.interp_func(np.log(angle))
/lcrc/project/SPT3G/users/ac.yomori/repo/cosmosis-standard-library/structure/projection/projection_tools/kernel.py:35: UserWarning: Some of your n(z) or other kernels are negative.
  warnings.warn("Some of your n(z) or other kernels are negative.")
/lcrc/project/SPT3G/users/ac.yomori/repo/cosmosis-standard-library/structure/projection/projection_tools/kernel.py:35: UserWarning: Some of your n(z) or other kernels are negative.
  warnings.warn("Some of your n(z) or other kernels are negative.")
/lcrc/project/SPT3G/users/ac.yomori/repo/cosmosis-standard-library/structure/projection/projection_tools/kernel.py:35: UserWarning: Some of your n(z) or other kernels are negative.
  warnings.warn("Some of your n(z) or other kernels are negative.")
/lcrc/project/SPT3G/users/ac.yomori/repo/cosmosis-standard-library/structure/projection/projection_tools/kernel.py:35: UserWarning: Some of your n(z) or other kernels are negative.
  warnings.warn("Some of your n(z) or other kernels are negative.")
/lcrc/project/SPT3G/users/ac.yomori/repo/cosmosis-standard-library/structure/projection/projection_tools/kernel.py:35: UserWarning: Some of your n(z) or other kernels are negative.
  warnings.warn("Some of your n(z) or other kernels are negative.")
/lcrc/project/SPT3G/users/ac.yomori/repo/cosmosis-standard-library/shear/cl_to_xi_fullsky/cl_to_xi.py:36: RuntimeWarning: divide by zero encountered in log
  spec = np.exp(self.interp_func(np.log(angle)))
/lcrc/project/SPT3G/users/ac.yomori/repo/cosmosis-standard-library/shear/cl_to_xi_fullsky/cl_to_xi.py:36: RuntimeWarning: divide by zero encountered in log
  spec = np.exp(self.interp_func(np.log(angle)))
/lcrc/project/SPT3G/users/ac.yomori/repo/cosmosis-standard-library/shear/cl_to_xi_fullsky/cl_to_xi.py:36: RuntimeWarning: divide by zero encountered in log
  spec = np.exp(self.interp_func(np.log(angle)))
/lcrc/project/SPT3G/users/ac.yomori/repo/cosmosis-standard-library/shear/cl_to_xi_fullsky/cl_to_xi.py:41: RuntimeWarning: divide by zero encountered in log
  spec = self.interp_func(np.log(angle))
/lcrc/project/SPT3G/users/ac.yomori/repo/cosmosis-standard-library/structure/projection/projection_tools/kernel.py:35: UserWarning: Some of your n(z) or other kernels are negative.
  warnings.warn("Some of your n(z) or other kernels are negative.")
/lcrc/project/SPT3G/users/ac.yomori/repo/cosmosis-standard-library/shear/cl_to_xi_fullsky/cl_to_xi.py:36: RuntimeWarning: divide by zero encountered in log
  spec = np.exp(self.interp_func(np.log(angle)))
/lcrc/project/SPT3G/users/ac.yomori/repo/cosmosis-standard-library/structure/projection/projection_tools/kernel.py:35: UserWarning: Some of your n(z) or other kernels are negative.
  warnings.warn("Some of your n(z) or other kernels are negative.")
/lcrc/project/SPT3G/users/ac.yomori/repo/cosmosis-standard-library/shear/cl_to_xi_fullsky/cl_to_xi.py:36: RuntimeWarning: divide by zero encountered in log
  spec = np.exp(self.interp_func(np.log(angle)))
/lcrc/project/SPT3G/users/ac.yomori/repo/cosmosis-standard-library/shear/cl_to_xi_fullsky/cl_to_xi.py:41: RuntimeWarning: divide by zero encountered in log
  spec = self.interp_func(np.log(angle))
/lcrc/project/SPT3G/users/ac.yomori/repo/cosmosis-standard-library/shear/cl_to_xi_fullsky/cl_to_xi.py:41: RuntimeWarning: divide by zero encountered in log
  spec = self.interp_func(np.log(angle))
/lcrc/project/SPT3G/users/ac.yomori/repo/cosmosis-standard-library/shear/cl_to_xi_fullsky/cl_to_xi.py:36: RuntimeWarning: divide by zero encountered in log
  spec = np.exp(self.interp_func(np.log(angle)))
/lcrc/project/SPT3G/users/ac.yomori/repo/cosmosis-standard-library/shear/cl_to_xi_fullsky/cl_to_xi.py:41: RuntimeWarning: divide by zero encountered in log
  spec = self.interp_func(np.log(angle))
/lcrc/project/SPT3G/users/ac.yomori/repo/cosmosis-standard-library/shear/cl_to_xi_fullsky/cl_to_xi.py:36: RuntimeWarning: divide by zero encountered in log
  spec = np.exp(self.interp_func(np.log(angle)))
/lcrc/project/SPT3G/users/ac.yomori/repo/cosmosis-standard-library/shear/cl_to_xi_fullsky/cl_to_xi.py:41: RuntimeWarning: divide by zero encountered in log
  spec = self.interp_func(np.log(angle))
/lcrc/project/SPT3G/users/ac.yomori/repo/cosmosis-standard-library/shear/cl_to_xi_fullsky/cl_to_xi.py:38: RuntimeWarning: divide by zero encountered in log
  spec = -np.exp(self.interp_func(np.log(angle)))
/lcrc/project/SPT3G/users/ac.yomori/repo/cosmosis-standard-library/structure/projection/projection_tools/kernel.py:35: UserWarning: Some of your n(z) or other kernels are negative.
  warnings.warn("Some of your n(z) or other kernels are negative.")
/lcrc/project/SPT3G/users/ac.yomori/repo/cosmosis-standard-library/shear/cl_to_xi_fullsky/cl_to_xi.py:38: RuntimeWarning: divide by zero encountered in log
  spec = -np.exp(self.interp_func(np.log(angle)))
/lcrc/project/SPT3G/users/ac.yomori/repo/cosmosis-standard-library/shear/cl_to_xi_fullsky/cl_to_xi.py:38: RuntimeWarning: divide by zero encountered in log
  spec = -np.exp(self.interp_func(np.log(angle)))
/lcrc/project/SPT3G/users/ac.yomori/repo/cosmosis-standard-library/structure/projection/projection_tools/kernel.py:35: UserWarning: Some of your n(z) or other kernels are negative.
  warnings.warn("Some of your n(z) or other kernels are negative.")
/lcrc/project/SPT3G/users/ac.yomori/repo/cosmosis-standard-library/shear/cl_to_xi_fullsky/cl_to_xi.py:36: RuntimeWarning: divide by zero encountered in log
  spec = np.exp(self.interp_func(np.log(angle)))
/lcrc/project/SPT3G/users/ac.yomori/repo/cosmosis-standard-library/shear/cl_to_xi_fullsky/cl_to_xi.py:36: RuntimeWarning: divide by zero encountered in log
  spec = np.exp(self.interp_func(np.log(angle)))
/lcrc/project/SPT3G/users/ac.yomori/repo/cosmosis-standard-library/structure/projection/projection_tools/kernel.py:35: UserWarning: Some of your n(z) or other kernels are negative.
  warnings.warn("Some of your n(z) or other kernels are negative.")
/lcrc/project/SPT3G/users/ac.yomori/repo/cosmosis-standard-library/structure/projection/projection_tools/kernel.py:35: UserWarning: Some of your n(z) or other kernels are negative.
  warnings.warn("Some of your n(z) or other kernels are negative.")
/lcrc/project/SPT3G/users/ac.yomori/repo/cosmosis-standard-library/structure/projection/projection_tools/kernel.py:35: UserWarning: Some of your n(z) or other kernels are negative.
  warnings.warn("Some of your n(z) or other kernels are negative.")
/lcrc/project/SPT3G/users/ac.yomori/repo/cosmosis-standard-library/shear/cl_to_xi_fullsky/cl_to_xi.py:36: RuntimeWarning: divide by zero encountered in log
  spec = np.exp(self.interp_func(np.log(angle)))
/lcrc/project/SPT3G/users/ac.yomori/repo/cosmosis-standard-library/shear/cl_to_xi_fullsky/cl_to_xi.py:36: RuntimeWarning: divide by zero encountered in log
  spec = np.exp(self.interp_func(np.log(angle)))
/lcrc/project/SPT3G/users/ac.yomori/repo/cosmosis-standard-library/shear/cl_to_xi_fullsky/cl_to_xi.py:36: RuntimeWarning: divide by zero encountered in log
  spec = np.exp(self.interp_func(np.log(angle)))
/lcrc/project/SPT3G/users/ac.yomori/repo/cosmosis-standard-library/shear/cl_to_xi_fullsky/cl_to_xi.py:41: RuntimeWarning: divide by zero encountered in log
  spec = self.interp_func(np.log(angle))
/lcrc/project/SPT3G/users/ac.yomori/repo/cosmosis-standard-library/structure/projection/projection_tools/kernel.py:35: UserWarning: Some of your n(z) or other kernels are negative.
  warnings.warn("Some of your n(z) or other kernels are negative.")
/lcrc/project/SPT3G/users/ac.yomori/repo/cosmosis-standard-library/shear/cl_to_xi_fullsky/cl_to_xi.py:41: RuntimeWarning: divide by zero encountered in log
  spec = self.interp_func(np.log(angle))
/lcrc/project/SPT3G/users/ac.yomori/repo/cosmosis-standard-library/shear/cl_to_xi_fullsky/cl_to_xi.py:36: RuntimeWarning: divide by zero encountered in log
  spec = np.exp(self.interp_func(np.log(angle)))
/lcrc/project/SPT3G/users/ac.yomori/repo/cosmosis-standard-library/shear/cl_to_xi_fullsky/cl_to_xi.py:41: RuntimeWarning: divide by zero encountered in log
  spec = self.interp_func(np.log(angle))
/lcrc/project/SPT3G/users/ac.yomori/repo/cosmosis-standard-library/shear/cl_to_xi_fullsky/cl_to_xi.py:38: RuntimeWarning: divide by zero encountered in log
  spec = -np.exp(self.interp_func(np.log(angle)))
/lcrc/project/SPT3G/users/ac.yomori/repo/cosmosis-standard-library/shear/cl_to_xi_fullsky/cl_to_xi.py:36: RuntimeWarning: divide by zero encountered in log
  spec = np.exp(self.interp_func(np.log(angle)))
/lcrc/project/SPT3G/users/ac.yomori/repo/cosmosis-standard-library/shear/cl_to_xi_fullsky/cl_to_xi.py:38: RuntimeWarning: divide by zero encountered in log
  spec = -np.exp(self.interp_func(np.log(angle)))
/lcrc/project/SPT3G/users/ac.yomori/repo/cosmosis-standard-library/structure/projection/projection_tools/kernel.py:35: UserWarning: Some of your n(z) or other kernels are negative.
  warnings.warn("Some of your n(z) or other kernels are negative.")
/lcrc/project/SPT3G/users/ac.yomori/repo/cosmosis-standard-library/structure/projection/projection_tools/kernel.py:35: UserWarning: Some of your n(z) or other kernels are negative.
  warnings.warn("Some of your n(z) or other kernels are negative.")
/lcrc/project/SPT3G/users/ac.yomori/repo/cosmosis-standard-library/structure/projection/projection_tools/kernel.py:35: UserWarning: Some of your n(z) or other kernels are negative.
  warnings.warn("Some of your n(z) or other kernels are negative.")
/lcrc/project/SPT3G/users/ac.yomori/repo/cosmosis-standard-library/shear/cl_to_xi_fullsky/cl_to_xi.py:36: RuntimeWarning: divide by zero encountered in log
  spec = np.exp(self.interp_func(np.log(angle)))
/lcrc/project/SPT3G/users/ac.yomori/repo/cosmosis-standard-library/structure/projection/projection_tools/kernel.py:35: UserWarning: Some of your n(z) or other kernels are negative.
  warnings.warn("Some of your n(z) or other kernels are negative.")
/lcrc/project/SPT3G/users/ac.yomori/repo/cosmosis-standard-library/shear/cl_to_xi_fullsky/cl_to_xi.py:41: RuntimeWarning: divide by zero encountered in log
  spec = self.interp_func(np.log(angle))
/lcrc/project/SPT3G/users/ac.yomori/repo/cosmosis-standard-library/structure/projection/projection_tools/kernel.py:35: UserWarning: Some of your n(z) or other kernels are negative.
  warnings.warn("Some of your n(z) or other kernels are negative.")
/lcrc/project/SPT3G/users/ac.yomori/repo/cosmosis-standard-library/structure/projection/projection_tools/kernel.py:35: UserWarning: Some of your n(z) or other kernels are negative.
  warnings.warn("Some of your n(z) or other kernels are negative.")
/lcrc/project/SPT3G/users/ac.yomori/repo/cosmosis-standard-library/structure/projection/projection_tools/kernel.py:35: UserWarning: Some of your n(z) or other kernels are negative.
  warnings.warn("Some of your n(z) or other kernels are negative.")
/lcrc/project/SPT3G/users/ac.yomori/repo/cosmosis-standard-library/structure/projection/projection_tools/kernel.py:35: UserWarning: Some of your n(z) or other kernels are negative.
  warnings.warn("Some of your n(z) or other kernels are negative.")
/lcrc/project/SPT3G/users/ac.yomori/repo/cosmosis-standard-library/shear/cl_to_xi_fullsky/cl_to_xi.py:36: RuntimeWarning: divide by zero encountered in log
  spec = np.exp(self.interp_func(np.log(angle)))
/lcrc/project/SPT3G/users/ac.yomori/repo/cosmosis-standard-library/shear/cl_to_xi_fullsky/cl_to_xi.py:36: RuntimeWarning: divide by zero encountered in log
  spec = np.exp(self.interp_func(np.log(angle)))
/lcrc/project/SPT3G/users/ac.yomori/repo/cosmosis-standard-library/shear/cl_to_xi_fullsky/cl_to_xi.py:41: RuntimeWarning: divide by zero encountered in log
  spec = self.interp_func(np.log(angle))
/lcrc/project/SPT3G/users/ac.yomori/repo/cosmosis-standard-library/structure/projection/projection_tools/kernel.py:35: UserWarning: Some of your n(z) or other kernels are negative.
  warnings.warn("Some of your n(z) or other kernels are negative.")
/lcrc/project/SPT3G/users/ac.yomori/repo/cosmosis-standard-library/structure/projection/projection_tools/kernel.py:35: UserWarning: Some of your n(z) or other kernels are negative.
  warnings.warn("Some of your n(z) or other kernels are negative.")
/lcrc/project/SPT3G/users/ac.yomori/repo/cosmosis-standard-library/structure/projection/projection_tools/kernel.py:35: UserWarning: Some of your n(z) or other kernels are negative.
  warnings.warn("Some of your n(z) or other kernels are negative.")
/lcrc/project/SPT3G/users/ac.yomori/repo/cosmosis-standard-library/structure/projection/projection_tools/kernel.py:35: UserWarning: Some of your n(z) or other kernels are negative.
  warnings.warn("Some of your n(z) or other kernels are negative.")
/lcrc/project/SPT3G/users/ac.yomori/repo/cosmosis-standard-library/structure/projection/projection_tools/kernel.py:35: UserWarning: Some of your n(z) or other kernels are negative.
  warnings.warn("Some of your n(z) or other kernels are negative.")
/lcrc/project/SPT3G/users/ac.yomori/repo/cosmosis-standard-library/shear/cl_to_xi_fullsky/cl_to_xi.py:36: RuntimeWarning: divide by zero encountered in log
  spec = np.exp(self.interp_func(np.log(angle)))
/lcrc/project/SPT3G/users/ac.yomori/repo/cosmosis-standard-library/shear/cl_to_xi_fullsky/cl_to_xi.py:41: RuntimeWarning: divide by zero encountered in log
  spec = self.interp_func(np.log(angle))
/lcrc/project/SPT3G/users/ac.yomori/repo/cosmosis-standard-library/structure/projection/projection_tools/kernel.py:35: UserWarning: Some of your n(z) or other kernels are negative.
  warnings.warn("Some of your n(z) or other kernels are negative.")
/lcrc/project/SPT3G/users/ac.yomori/repo/cosmosis-standard-library/structure/projection/projection_tools/kernel.py:35: UserWarning: Some of your n(z) or other kernels are negative.
  warnings.warn("Some of your n(z) or other kernels are negative.")
/lcrc/project/SPT3G/users/ac.yomori/repo/cosmosis-standard-library/structure/projection/projection_tools/kernel.py:35: UserWarning: Some of your n(z) or other kernels are negative.
  warnings.warn("Some of your n(z) or other kernels are negative.")
/lcrc/project/SPT3G/users/ac.yomori/repo/cosmosis-standard-library/structure/projection/projection_tools/kernel.py:35: UserWarning: Some of your n(z) or other kernels are negative.
  warnings.warn("Some of your n(z) or other kernels are negative.")
/lcrc/project/SPT3G/users/ac.yomori/repo/cosmosis-standard-library/shear/cl_to_xi_fullsky/cl_to_xi.py:36: RuntimeWarning: divide by zero encountered in log
  spec = np.exp(self.interp_func(np.log(angle)))
/lcrc/project/SPT3G/users/ac.yomori/repo/cosmosis-standard-library/shear/cl_to_xi_fullsky/cl_to_xi.py:36: RuntimeWarning: divide by zero encountered in log
  spec = np.exp(self.interp_func(np.log(angle)))
/lcrc/project/SPT3G/users/ac.yomori/repo/cosmosis-standard-library/shear/cl_to_xi_fullsky/cl_to_xi.py:36: RuntimeWarning: divide by zero encountered in log
  spec = np.exp(self.interp_func(np.log(angle)))
/lcrc/project/SPT3G/users/ac.yomori/repo/cosmosis-standard-library/shear/cl_to_xi_fullsky/cl_to_xi.py:36: RuntimeWarning: divide by zero encountered in log
  spec = np.exp(self.interp_func(np.log(angle)))
/lcrc/project/SPT3G/users/ac.yomori/repo/cosmosis-standard-library/shear/cl_to_xi_fullsky/cl_to_xi.py:36: RuntimeWarning: divide by zero encountered in log
  spec = np.exp(self.interp_func(np.log(angle)))
/lcrc/project/SPT3G/users/ac.yomori/repo/cosmosis-standard-library/shear/cl_to_xi_fullsky/cl_to_xi.py:41: RuntimeWarning: divide by zero encountered in log
  spec = self.interp_func(np.log(angle))
/lcrc/project/SPT3G/users/ac.yomori/repo/cosmosis-standard-library/structure/projection/projection_tools/kernel.py:35: UserWarning: Some of your n(z) or other kernels are negative.
  warnings.warn("Some of your n(z) or other kernels are negative.")
/lcrc/project/SPT3G/users/ac.yomori/repo/cosmosis-standard-library/shear/cl_to_xi_fullsky/cl_to_xi.py:41: RuntimeWarning: divide by zero encountered in log
  spec = self.interp_func(np.log(angle))
/lcrc/project/SPT3G/users/ac.yomori/repo/cosmosis-standard-library/shear/cl_to_xi_fullsky/cl_to_xi.py:36: RuntimeWarning: divide by zero encountered in log
  spec = np.exp(self.interp_func(np.log(angle)))
/lcrc/project/SPT3G/users/ac.yomori/repo/cosmosis-standard-library/structure/projection/projection_tools/kernel.py:35: UserWarning: Some of your n(z) or other kernels are negative.
  warnings.warn("Some of your n(z) or other kernels are negative.")
/lcrc/project/SPT3G/users/ac.yomori/repo/cosmosis-standard-library/structure/projection/projection_tools/kernel.py:35: UserWarning: Some of your n(z) or other kernels are negative.
  warnings.warn("Some of your n(z) or other kernels are negative.")
/lcrc/project/SPT3G/users/ac.yomori/repo/cosmosis-standard-library/structure/projection/projection_tools/kernel.py:35: UserWarning: Some of your n(z) or other kernels are negative.
  warnings.warn("Some of your n(z) or other kernels are negative.")
/lcrc/project/SPT3G/users/ac.yomori/repo/cosmosis-standard-library/structure/projection/projection_tools/kernel.py:35: UserWarning: Some of your n(z) or other kernels are negative.
  warnings.warn("Some of your n(z) or other kernels are negative.")
/lcrc/project/SPT3G/users/ac.yomori/repo/cosmosis-standard-library/shear/cl_to_xi_fullsky/cl_to_xi.py:41: RuntimeWarning: divide by zero encountered in log
  spec = self.interp_func(np.log(angle))
/lcrc/project/SPT3G/users/ac.yomori/repo/cosmosis-standard-library/shear/cl_to_xi_fullsky/cl_to_xi.py:36: RuntimeWarning: divide by zero encountered in log
  spec = np.exp(self.interp_func(np.log(angle)))
/lcrc/project/SPT3G/users/ac.yomori/repo/cosmosis-standard-library/structure/projection/projection_tools/kernel.py:35: UserWarning: Some of your n(z) or other kernels are negative.
  warnings.warn("Some of your n(z) or other kernels are negative.")
/lcrc/project/SPT3G/users/ac.yomori/repo/cosmosis-standard-library/shear/cl_to_xi_fullsky/cl_to_xi.py:36: RuntimeWarning: divide by zero encountered in log
  spec = np.exp(self.interp_func(np.log(angle)))
/lcrc/project/SPT3G/users/ac.yomori/repo/cosmosis-standard-library/structure/projection/projection_tools/kernel.py:35: UserWarning: Some of your n(z) or other kernels are negative.
  warnings.warn("Some of your n(z) or other kernels are negative.")
/lcrc/project/SPT3G/users/ac.yomori/repo/cosmosis-standard-library/shear/cl_to_xi_fullsky/cl_to_xi.py:36: RuntimeWarning: divide by zero encountered in log
  spec = np.exp(self.interp_func(np.log(angle)))
/lcrc/project/SPT3G/users/ac.yomori/repo/cosmosis-standard-library/structure/projection/projection_tools/kernel.py:35: UserWarning: Some of your n(z) or other kernels are negative.
  warnings.warn("Some of your n(z) or other kernels are negative.")
/lcrc/project/SPT3G/users/ac.yomori/repo/cosmosis-standard-library/shear/cl_to_xi_fullsky/cl_to_xi.py:38: RuntimeWarning: divide by zero encountered in log
  spec = -np.exp(self.interp_func(np.log(angle)))
/lcrc/project/SPT3G/users/ac.yomori/repo/cosmosis-standard-library/structure/projection/projection_tools/kernel.py:35: UserWarning: Some of your n(z) or other kernels are negative.
  warnings.warn("Some of your n(z) or other kernels are negative.")
/lcrc/project/SPT3G/users/ac.yomori/repo/cosmosis-standard-library/structure/projection/projection_tools/kernel.py:35: UserWarning: Some of your n(z) or other kernels are negative.
  warnings.warn("Some of your n(z) or other kernels are negative.")
/lcrc/project/SPT3G/users/ac.yomori/repo/cosmosis-standard-library/shear/cl_to_xi_fullsky/cl_to_xi.py:41: RuntimeWarning: divide by zero encountered in log
  spec = self.interp_func(np.log(angle))
/lcrc/project/SPT3G/users/ac.yomori/repo/cosmosis-standard-library/shear/cl_to_xi_fullsky/cl_to_xi.py:41: RuntimeWarning: divide by zero encountered in log
  spec = self.interp_func(np.log(angle))
/lcrc/project/SPT3G/users/ac.yomori/repo/cosmosis-standard-library/structure/projection/projection_tools/kernel.py:35: UserWarning: Some of your n(z) or other kernels are negative.
  warnings.warn("Some of your n(z) or other kernels are negative.")
/lcrc/project/SPT3G/users/ac.yomori/repo/cosmosis-standard-library/structure/projection/projection_tools/kernel.py:35: UserWarning: Some of your n(z) or other kernels are negative.
  warnings.warn("Some of your n(z) or other kernels are negative.")
/lcrc/project/SPT3G/users/ac.yomori/repo/cosmosis-standard-library/shear/cl_to_xi_fullsky/cl_to_xi.py:36: RuntimeWarning: divide by zero encountered in log
  spec = np.exp(self.interp_func(np.log(angle)))
/lcrc/project/SPT3G/users/ac.yomori/repo/cosmosis-standard-library/structure/projection/projection_tools/kernel.py:35: UserWarning: Some of your n(z) or other kernels are negative.
  warnings.warn("Some of your n(z) or other kernels are negative.")
/lcrc/project/SPT3G/users/ac.yomori/repo/cosmosis-standard-library/shear/cl_to_xi_fullsky/cl_to_xi.py:36: RuntimeWarning: divide by zero encountered in log
  spec = np.exp(self.interp_func(np.log(angle)))
/lcrc/project/SPT3G/users/ac.yomori/repo/cosmosis-standard-library/shear/cl_to_xi_fullsky/cl_to_xi.py:41: RuntimeWarning: divide by zero encountered in log
  spec = self.interp_func(np.log(angle))
/lcrc/project/SPT3G/users/ac.yomori/repo/cosmosis-standard-library/shear/cl_to_xi_fullsky/cl_to_xi.py:36: RuntimeWarning: divide by zero encountered in log
  spec = np.exp(self.interp_func(np.log(angle)))
/lcrc/project/SPT3G/users/ac.yomori/repo/cosmosis-standard-library/structure/projection/projection_tools/kernel.py:35: UserWarning: Some of your n(z) or other kernels are negative.
  warnings.warn("Some of your n(z) or other kernels are negative.")
/lcrc/project/SPT3G/users/ac.yomori/repo/cosmosis-standard-library/structure/projection/projection_tools/kernel.py:35: UserWarning: Some of your n(z) or other kernels are negative.
  warnings.warn("Some of your n(z) or other kernels are negative.")
/lcrc/project/SPT3G/users/ac.yomori/repo/cosmosis-standard-library/shear/cl_to_xi_fullsky/cl_to_xi.py:41: RuntimeWarning: divide by zero encountered in log
  spec = self.interp_func(np.log(angle))
/lcrc/project/SPT3G/users/ac.yomori/repo/cosmosis-standard-library/shear/cl_to_xi_fullsky/cl_to_xi.py:36: RuntimeWarning: divide by zero encountered in log
  spec = np.exp(self.interp_func(np.log(angle)))
/lcrc/project/SPT3G/users/ac.yomori/repo/cosmosis-standard-library/shear/cl_to_xi_fullsky/cl_to_xi.py:36: RuntimeWarning: divide by zero encountered in log
  spec = np.exp(self.interp_func(np.log(angle)))
/lcrc/project/SPT3G/users/ac.yomori/repo/cosmosis-standard-library/structure/projection/projection_tools/kernel.py:35: UserWarning: Some of your n(z) or other kernels are negative.
  warnings.warn("Some of your n(z) or other kernels are negative.")
/lcrc/project/SPT3G/users/ac.yomori/repo/cosmosis-standard-library/structure/projection/projection_tools/kernel.py:35: UserWarning: Some of your n(z) or other kernels are negative.
  warnings.warn("Some of your n(z) or other kernels are negative.")
/lcrc/project/SPT3G/users/ac.yomori/repo/cosmosis-standard-library/shear/cl_to_xi_fullsky/cl_to_xi.py:41: RuntimeWarning: divide by zero encountered in log
  spec = self.interp_func(np.log(angle))
/lcrc/project/SPT3G/users/ac.yomori/repo/cosmosis-standard-library/structure/projection/projection_tools/kernel.py:35: UserWarning: Some of your n(z) or other kernels are negative.
  warnings.warn("Some of your n(z) or other kernels are negative.")
/lcrc/project/SPT3G/users/ac.yomori/repo/cosmosis-standard-library/shear/cl_to_xi_fullsky/cl_to_xi.py:38: RuntimeWarning: divide by zero encountered in log
  spec = -np.exp(self.interp_func(np.log(angle)))
/lcrc/project/SPT3G/users/ac.yomori/repo/cosmosis-standard-library/shear/cl_to_xi_fullsky/cl_to_xi.py:38: RuntimeWarning: divide by zero encountered in log
  spec = -np.exp(self.interp_func(np.log(angle)))
/lcrc/project/SPT3G/users/ac.yomori/repo/cosmosis-standard-library/shear/cl_to_xi_fullsky/cl_to_xi.py:41: RuntimeWarning: divide by zero encountered in log
  spec = self.interp_func(np.log(angle))
/lcrc/project/SPT3G/users/ac.yomori/repo/cosmosis-standard-library/structure/projection/projection_tools/kernel.py:35: UserWarning: Some of your n(z) or other kernels are negative.
  warnings.warn("Some of your n(z) or other kernels are negative.")
/lcrc/project/SPT3G/users/ac.yomori/repo/cosmosis-standard-library/shear/cl_to_xi_fullsky/cl_to_xi.py:41: RuntimeWarning: divide by zero encountered in log
  spec = self.interp_func(np.log(angle))
/lcrc/project/SPT3G/users/ac.yomori/repo/cosmosis-standard-library/structure/projection/projection_tools/kernel.py:35: UserWarning: Some of your n(z) or other kernels are negative.
  warnings.warn("Some of your n(z) or other kernels are negative.")
/lcrc/project/SPT3G/users/ac.yomori/repo/cosmosis-standard-library/structure/projection/projection_tools/kernel.py:35: UserWarning: Some of your n(z) or other kernels are negative.
  warnings.warn("Some of your n(z) or other kernels are negative.")
/lcrc/project/SPT3G/users/ac.yomori/repo/cosmosis-standard-library/shear/cl_to_xi_fullsky/cl_to_xi.py:36: RuntimeWarning: divide by zero encountered in log
  spec = np.exp(self.interp_func(np.log(angle)))
/lcrc/project/SPT3G/users/ac.yomori/repo/cosmosis-standard-library/structure/projection/projection_tools/kernel.py:178: RuntimeWarning: invalid value encountered in divide
  nchi_spline.y * (nchi_spline.x - chi)/nchi_spline.x, 0.)
/lcrc/project/SPT3G/users/ac.yomori/repo/cosmosis-standard-library/structure/projection/projection_tools/kernel.py:178: RuntimeWarning: divide by zero encountered in divide
  nchi_spline.y * (nchi_spline.x - chi)/nchi_spline.x, 0.)
/lcrc/project/SPT3G/users/ac.yomori/repo/cosmosis-standard-library/shear/cl_to_xi_fullsky/cl_to_xi.py:36: RuntimeWarning: divide by zero encountered in log
  spec = np.exp(self.interp_func(np.log(angle)))
/lcrc/project/SPT3G/users/ac.yomori/repo/cosmosis-standard-library/shear/cl_to_xi_fullsky/cl_to_xi.py:38: RuntimeWarning: divide by zero encountered in log
  spec = -np.exp(self.interp_func(np.log(angle)))
/lcrc/project/SPT3G/users/ac.yomori/repo/cosmosis-standard-library/shear/cl_to_xi_fullsky/cl_to_xi.py:36: RuntimeWarning: divide by zero encountered in log
  spec = np.exp(self.interp_func(np.log(angle)))
/lcrc/project/SPT3G/users/ac.yomori/repo/cosmosis-standard-library/shear/cl_to_xi_fullsky/cl_to_xi.py:41: RuntimeWarning: divide by zero encountered in log
  spec = self.interp_func(np.log(angle))
/lcrc/project/SPT3G/users/ac.yomori/repo/cosmosis-standard-library/structure/projection/projection_tools/kernel.py:35: UserWarning: Some of your n(z) or other kernels are negative.
  warnings.warn("Some of your n(z) or other kernels are negative.")
/lcrc/project/SPT3G/users/ac.yomori/repo/cosmosis-standard-library/shear/cl_to_xi_fullsky/cl_to_xi.py:41: RuntimeWarning: divide by zero encountered in log
  spec = self.interp_func(np.log(angle))
/lcrc/project/SPT3G/users/ac.yomori/repo/cosmosis-standard-library/structure/projection/projection_tools/kernel.py:35: UserWarning: Some of your n(z) or other kernels are negative.
  warnings.warn("Some of your n(z) or other kernels are negative.")
/lcrc/project/SPT3G/users/ac.yomori/repo/cosmosis-standard-library/structure/projection/projection_tools/kernel.py:35: UserWarning: Some of your n(z) or other kernels are negative.
  warnings.warn("Some of your n(z) or other kernels are negative.")
/lcrc/project/SPT3G/users/ac.yomori/repo/cosmosis-standard-library/shear/cl_to_xi_fullsky/cl_to_xi.py:38: RuntimeWarning: divide by zero encountered in log
  spec = -np.exp(self.interp_func(np.log(angle)))
/lcrc/project/SPT3G/users/ac.yomori/repo/cosmosis-standard-library/structure/projection/projection_tools/kernel.py:35: UserWarning: Some of your n(z) or other kernels are negative.
  warnings.warn("Some of your n(z) or other kernels are negative.")
/lcrc/project/SPT3G/users/ac.yomori/repo/cosmosis-standard-library/shear/cl_to_xi_fullsky/cl_to_xi.py:36: RuntimeWarning: divide by zero encountered in log
  spec = np.exp(self.interp_func(np.log(angle)))
/lcrc/project/SPT3G/users/ac.yomori/repo/cosmosis-standard-library/shear/cl_to_xi_fullsky/cl_to_xi.py:41: RuntimeWarning: divide by zero encountered in log
  spec = self.interp_func(np.log(angle))
/lcrc/project/SPT3G/users/ac.yomori/repo/cosmosis-standard-library/shear/cl_to_xi_fullsky/cl_to_xi.py:36: RuntimeWarning: divide by zero encountered in log
  spec = np.exp(self.interp_func(np.log(angle)))
/lcrc/project/SPT3G/users/ac.yomori/repo/cosmosis-standard-library/shear/cl_to_xi_fullsky/cl_to_xi.py:38: RuntimeWarning: divide by zero encountered in log
  spec = -np.exp(self.interp_func(np.log(angle)))
/lcrc/project/SPT3G/users/ac.yomori/repo/cosmosis-standard-library/structure/projection/projection_tools/kernel.py:35: UserWarning: Some of your n(z) or other kernels are negative.
  warnings.warn("Some of your n(z) or other kernels are negative.")
/lcrc/project/SPT3G/users/ac.yomori/repo/cosmosis-standard-library/shear/cl_to_xi_fullsky/cl_to_xi.py:36: RuntimeWarning: divide by zero encountered in log
  spec = np.exp(self.interp_func(np.log(angle)))
/lcrc/project/SPT3G/users/ac.yomori/repo/cosmosis-standard-library/structure/projection/projection_tools/kernel.py:35: UserWarning: Some of your n(z) or other kernels are negative.
  warnings.warn("Some of your n(z) or other kernels are negative.")
/lcrc/project/SPT3G/users/ac.yomori/repo/cosmosis-standard-library/shear/cl_to_xi_fullsky/cl_to_xi.py:41: RuntimeWarning: divide by zero encountered in log
  spec = self.interp_func(np.log(angle))
/lcrc/project/SPT3G/users/ac.yomori/repo/cosmosis-standard-library/shear/cl_to_xi_fullsky/cl_to_xi.py:36: RuntimeWarning: divide by zero encountered in log
  spec = np.exp(self.interp_func(np.log(angle)))
/lcrc/project/SPT3G/users/ac.yomori/repo/cosmosis-standard-library/structure/projection/projection_tools/kernel.py:35: UserWarning: Some of your n(z) or other kernels are negative.
  warnings.warn("Some of your n(z) or other kernels are negative.")
/lcrc/project/SPT3G/users/ac.yomori/repo/cosmosis-standard-library/shear/cl_to_xi_fullsky/cl_to_xi.py:36: RuntimeWarning: divide by zero encountered in log
  spec = np.exp(self.interp_func(np.log(angle)))
/lcrc/project/SPT3G/users/ac.yomori/repo/cosmosis-standard-library/shear/cl_to_xi_fullsky/cl_to_xi.py:41: RuntimeWarning: divide by zero encountered in log
  spec = self.interp_func(np.log(angle))
/lcrc/project/SPT3G/users/ac.yomori/repo/cosmosis-standard-library/shear/cl_to_xi_fullsky/cl_to_xi.py:36: RuntimeWarning: divide by zero encountered in log
  spec = np.exp(self.interp_func(np.log(angle)))
/lcrc/project/SPT3G/users/ac.yomori/repo/cosmosis-standard-library/structure/projection/projection_tools/kernel.py:35: UserWarning: Some of your n(z) or other kernels are negative.
  warnings.warn("Some of your n(z) or other kernels are negative.")
/lcrc/project/SPT3G/users/ac.yomori/repo/cosmosis-standard-library/shear/cl_to_xi_fullsky/cl_to_xi.py:41: RuntimeWarning: divide by zero encountered in log
  spec = self.interp_func(np.log(angle))
/lcrc/project/SPT3G/users/ac.yomori/repo/cosmosis-standard-library/structure/projection/projection_tools/kernel.py:35: UserWarning: Some of your n(z) or other kernels are negative.
  warnings.warn("Some of your n(z) or other kernels are negative.")
/lcrc/project/SPT3G/users/ac.yomori/repo/cosmosis-standard-library/shear/cl_to_xi_fullsky/cl_to_xi.py:36: RuntimeWarning: divide by zero encountered in log
  spec = np.exp(self.interp_func(np.log(angle)))
/lcrc/project/SPT3G/users/ac.yomori/repo/cosmosis-standard-library/shear/cl_to_xi_fullsky/cl_to_xi.py:38: RuntimeWarning: divide by zero encountered in log
  spec = -np.exp(self.interp_func(np.log(angle)))
/lcrc/project/SPT3G/users/ac.yomori/repo/cosmosis-standard-library/structure/projection/projection_tools/kernel.py:35: UserWarning: Some of your n(z) or other kernels are negative.
  warnings.warn("Some of your n(z) or other kernels are negative.")
/lcrc/project/SPT3G/users/ac.yomori/repo/cosmosis-standard-library/shear/cl_to_xi_fullsky/cl_to_xi.py:36: RuntimeWarning: divide by zero encountered in log
  spec = np.exp(self.interp_func(np.log(angle)))
/lcrc/project/SPT3G/users/ac.yomori/repo/cosmosis-standard-library/shear/cl_to_xi_fullsky/cl_to_xi.py:36: RuntimeWarning: divide by zero encountered in log
  spec = np.exp(self.interp_func(np.log(angle)))
/lcrc/project/SPT3G/users/ac.yomori/repo/cosmosis-standard-library/shear/cl_to_xi_fullsky/cl_to_xi.py:41: RuntimeWarning: divide by zero encountered in log
  spec = self.interp_func(np.log(angle))
/lcrc/project/SPT3G/users/ac.yomori/repo/cosmosis-standard-library/shear/cl_to_xi_fullsky/cl_to_xi.py:38: RuntimeWarning: divide by zero encountered in log
  spec = -np.exp(self.interp_func(np.log(angle)))
/lcrc/project/SPT3G/users/ac.yomori/repo/cosmosis-standard-library/shear/cl_to_xi_fullsky/cl_to_xi.py:38: RuntimeWarning: divide by zero encountered in log
  spec = -np.exp(self.interp_func(np.log(angle)))
/lcrc/project/SPT3G/users/ac.yomori/repo/cosmosis-standard-library/shear/cl_to_xi_fullsky/cl_to_xi.py:36: RuntimeWarning: divide by zero encountered in log
  spec = np.exp(self.interp_func(np.log(angle)))
/lcrc/project/SPT3G/users/ac.yomori/repo/cosmosis-standard-library/structure/projection/projection_tools/kernel.py:35: UserWarning: Some of your n(z) or other kernels are negative.
  warnings.warn("Some of your n(z) or other kernels are negative.")
/lcrc/project/SPT3G/users/ac.yomori/repo/cosmosis-standard-library/shear/cl_to_xi_fullsky/cl_to_xi.py:36: RuntimeWarning: divide by zero encountered in log
  spec = np.exp(self.interp_func(np.log(angle)))
/lcrc/project/SPT3G/users/ac.yomori/repo/cosmosis-standard-library/shear/cl_to_xi_fullsky/cl_to_xi.py:41: RuntimeWarning: divide by zero encountered in log
  spec = self.interp_func(np.log(angle))
/lcrc/project/SPT3G/users/ac.yomori/repo/cosmosis-standard-library/structure/projection/projection_tools/kernel.py:35: UserWarning: Some of your n(z) or other kernels are negative.
  warnings.warn("Some of your n(z) or other kernels are negative.")
/lcrc/project/SPT3G/users/ac.yomori/repo/cosmosis-standard-library/shear/cl_to_xi_fullsky/cl_to_xi.py:36: RuntimeWarning: divide by zero encountered in log
  spec = np.exp(self.interp_func(np.log(angle)))
/lcrc/project/SPT3G/users/ac.yomori/repo/cosmosis-standard-library/shear/cl_to_xi_fullsky/cl_to_xi.py:38: RuntimeWarning: divide by zero encountered in log
  spec = -np.exp(self.interp_func(np.log(angle)))
/lcrc/project/SPT3G/users/ac.yomori/repo/cosmosis-standard-library/shear/cl_to_xi_fullsky/cl_to_xi.py:36: RuntimeWarning: divide by zero encountered in log
  spec = np.exp(self.interp_func(np.log(angle)))
/lcrc/project/SPT3G/users/ac.yomori/repo/cosmosis-standard-library/shear/cl_to_xi_fullsky/cl_to_xi.py:36: RuntimeWarning: divide by zero encountered in log
  spec = np.exp(self.interp_func(np.log(angle)))
/lcrc/project/SPT3G/users/ac.yomori/repo/cosmosis-standard-library/shear/cl_to_xi_fullsky/cl_to_xi.py:41: RuntimeWarning: divide by zero encountered in log
  spec = self.interp_func(np.log(angle))
/lcrc/project/SPT3G/users/ac.yomori/repo/cosmosis-standard-library/shear/cl_to_xi_fullsky/cl_to_xi.py:38: RuntimeWarning: divide by zero encountered in log
  spec = -np.exp(self.interp_func(np.log(angle)))
/lcrc/project/SPT3G/users/ac.yomori/repo/cosmosis-standard-library/shear/cl_to_xi_fullsky/cl_to_xi.py:36: RuntimeWarning: divide by zero encountered in log
  spec = np.exp(self.interp_func(np.log(angle)))
/lcrc/project/SPT3G/users/ac.yomori/repo/cosmosis-standard-library/structure/projection/projection_tools/kernel.py:35: UserWarning: Some of your n(z) or other kernels are negative.
  warnings.warn("Some of your n(z) or other kernels are negative.")
/lcrc/project/SPT3G/users/ac.yomori/repo/cosmosis-standard-library/structure/projection/projection_tools/kernel.py:35: UserWarning: Some of your n(z) or other kernels are negative.
  warnings.warn("Some of your n(z) or other kernels are negative.")
/lcrc/project/SPT3G/users/ac.yomori/repo/cosmosis-standard-library/shear/cl_to_xi_fullsky/cl_to_xi.py:36: RuntimeWarning: divide by zero encountered in log
  spec = np.exp(self.interp_func(np.log(angle)))
/lcrc/project/SPT3G/users/ac.yomori/repo/cosmosis-standard-library/shear/cl_to_xi_fullsky/cl_to_xi.py:36: RuntimeWarning: divide by zero encountered in log
  spec = np.exp(self.interp_func(np.log(angle)))
/lcrc/project/SPT3G/users/ac.yomori/repo/cosmosis-standard-library/shear/cl_to_xi_fullsky/cl_to_xi.py:41: RuntimeWarning: divide by zero encountered in log
  spec = self.interp_func(np.log(angle))
/lcrc/project/SPT3G/users/ac.yomori/repo/cosmosis-standard-library/structure/projection/projection_tools/kernel.py:35: UserWarning: Some of your n(z) or other kernels are negative.
  warnings.warn("Some of your n(z) or other kernels are negative.")
/lcrc/project/SPT3G/users/ac.yomori/repo/cosmosis-standard-library/shear/cl_to_xi_fullsky/cl_to_xi.py:41: RuntimeWarning: divide by zero encountered in log
  spec = self.interp_func(np.log(angle))
/lcrc/project/SPT3G/users/ac.yomori/repo/cosmosis-standard-library/shear/cl_to_xi_fullsky/cl_to_xi.py:36: RuntimeWarning: divide by zero encountered in log
  spec = np.exp(self.interp_func(np.log(angle)))
/lcrc/project/SPT3G/users/ac.yomori/repo/cosmosis-standard-library/shear/cl_to_xi_fullsky/cl_to_xi.py:41: RuntimeWarning: divide by zero encountered in log
  spec = self.interp_func(np.log(angle))
/lcrc/project/SPT3G/users/ac.yomori/repo/cosmosis-standard-library/shear/cl_to_xi_fullsky/cl_to_xi.py:36: RuntimeWarning: divide by zero encountered in log
  spec = np.exp(self.interp_func(np.log(angle)))
/lcrc/project/SPT3G/users/ac.yomori/repo/cosmosis-standard-library/shear/cl_to_xi_fullsky/cl_to_xi.py:36: RuntimeWarning: divide by zero encountered in log
  spec = np.exp(self.interp_func(np.log(angle)))
/lcrc/project/SPT3G/users/ac.yomori/repo/cosmosis-standard-library/shear/cl_to_xi_fullsky/cl_to_xi.py:36: RuntimeWarning: divide by zero encountered in log
  spec = np.exp(self.interp_func(np.log(angle)))
/lcrc/project/SPT3G/users/ac.yomori/repo/cosmosis-standard-library/shear/cl_to_xi_fullsky/cl_to_xi.py:41: RuntimeWarning: divide by zero encountered in log
  spec = self.interp_func(np.log(angle))
/lcrc/project/SPT3G/users/ac.yomori/repo/cosmosis-standard-library/shear/cl_to_xi_fullsky/cl_to_xi.py:36: RuntimeWarning: divide by zero encountered in log
  spec = np.exp(self.interp_func(np.log(angle)))
/lcrc/project/SPT3G/users/ac.yomori/repo/cosmosis-standard-library/structure/projection/projection_tools/kernel.py:35: UserWarning: Some of your n(z) or other kernels are negative.
  warnings.warn("Some of your n(z) or other kernels are negative.")
/lcrc/project/SPT3G/users/ac.yomori/repo/cosmosis-standard-library/shear/cl_to_xi_fullsky/cl_to_xi.py:36: RuntimeWarning: divide by zero encountered in log
  spec = np.exp(self.interp_func(np.log(angle)))
/lcrc/project/SPT3G/users/ac.yomori/repo/cosmosis-standard-library/shear/cl_to_xi_fullsky/cl_to_xi.py:38: RuntimeWarning: divide by zero encountered in log
  spec = -np.exp(self.interp_func(np.log(angle)))
/lcrc/project/SPT3G/users/ac.yomori/repo/cosmosis-standard-library/shear/cl_to_xi_fullsky/cl_to_xi.py:41: RuntimeWarning: divide by zero encountered in log
  spec = self.interp_func(np.log(angle))
/lcrc/project/SPT3G/users/ac.yomori/repo/cosmosis-standard-library/shear/cl_to_xi_fullsky/cl_to_xi.py:41: RuntimeWarning: divide by zero encountered in log
  spec = self.interp_func(np.log(angle))
/lcrc/project/SPT3G/users/ac.yomori/repo/cosmosis-standard-library/structure/projection/projection_tools/kernel.py:35: UserWarning: Some of your n(z) or other kernels are negative.
  warnings.warn("Some of your n(z) or other kernels are negative.")
/lcrc/project/SPT3G/users/ac.yomori/repo/cosmosis-standard-library/shear/cl_to_xi_fullsky/cl_to_xi.py:36: RuntimeWarning: divide by zero encountered in log
  spec = np.exp(self.interp_func(np.log(angle)))
/lcrc/project/SPT3G/users/ac.yomori/repo/cosmosis-standard-library/shear/cl_to_xi_fullsky/cl_to_xi.py:36: RuntimeWarning: divide by zero encountered in log
  spec = np.exp(self.interp_func(np.log(angle)))
/lcrc/project/SPT3G/users/ac.yomori/repo/cosmosis-standard-library/shear/cl_to_xi_fullsky/cl_to_xi.py:36: RuntimeWarning: divide by zero encountered in log
  spec = np.exp(self.interp_func(np.log(angle)))
/lcrc/project/SPT3G/users/ac.yomori/repo/cosmosis-standard-library/structure/projection/projection_tools/kernel.py:35: UserWarning: Some of your n(z) or other kernels are negative.
  warnings.warn("Some of your n(z) or other kernels are negative.")
/lcrc/project/SPT3G/users/ac.yomori/repo/cosmosis-standard-library/shear/cl_to_xi_fullsky/cl_to_xi.py:41: RuntimeWarning: divide by zero encountered in log
  spec = self.interp_func(np.log(angle))
/lcrc/project/SPT3G/users/ac.yomori/repo/cosmosis-standard-library/structure/projection/projection_tools/kernel.py:35: UserWarning: Some of your n(z) or other kernels are negative.
  warnings.warn("Some of your n(z) or other kernels are negative.")
/lcrc/project/SPT3G/users/ac.yomori/repo/cosmosis-standard-library/shear/cl_to_xi_fullsky/cl_to_xi.py:41: RuntimeWarning: divide by zero encountered in log
  spec = self.interp_func(np.log(angle))
/lcrc/project/SPT3G/users/ac.yomori/repo/cosmosis-standard-library/shear/cl_to_xi_fullsky/cl_to_xi.py:38: RuntimeWarning: divide by zero encountered in log
  spec = -np.exp(self.interp_func(np.log(angle)))
/lcrc/project/SPT3G/users/ac.yomori/repo/cosmosis-standard-library/shear/cl_to_xi_fullsky/cl_to_xi.py:36: RuntimeWarning: divide by zero encountered in log
  spec = np.exp(self.interp_func(np.log(angle)))
/lcrc/project/SPT3G/users/ac.yomori/repo/cosmosis-standard-library/structure/projection/projection_tools/kernel.py:35: UserWarning: Some of your n(z) or other kernels are negative.
  warnings.warn("Some of your n(z) or other kernels are negative.")
/lcrc/project/SPT3G/users/ac.yomori/repo/cosmosis-standard-library/structure/projection/projection_tools/kernel.py:35: UserWarning: Some of your n(z) or other kernels are negative.
  warnings.warn("Some of your n(z) or other kernels are negative.")
/lcrc/project/SPT3G/users/ac.yomori/repo/cosmosis-standard-library/shear/cl_to_xi_fullsky/cl_to_xi.py:38: RuntimeWarning: divide by zero encountered in log
  spec = -np.exp(self.interp_func(np.log(angle)))
/lcrc/project/SPT3G/users/ac.yomori/repo/cosmosis-standard-library/shear/cl_to_xi_fullsky/cl_to_xi.py:36: RuntimeWarning: divide by zero encountered in log
  spec = np.exp(self.interp_func(np.log(angle)))
/lcrc/project/SPT3G/users/ac.yomori/repo/cosmosis-standard-library/structure/projection/projection_tools/kernel.py:35: UserWarning: Some of your n(z) or other kernels are negative.
  warnings.warn("Some of your n(z) or other kernels are negative.")
/lcrc/project/SPT3G/users/ac.yomori/repo/cosmosis-standard-library/shear/cl_to_xi_fullsky/cl_to_xi.py:36: RuntimeWarning: divide by zero encountered in log
  spec = np.exp(self.interp_func(np.log(angle)))
/lcrc/project/SPT3G/users/ac.yomori/repo/cosmosis-standard-library/shear/cl_to_xi_fullsky/cl_to_xi.py:36: RuntimeWarning: divide by zero encountered in log
  spec = np.exp(self.interp_func(np.log(angle)))
/lcrc/project/SPT3G/users/ac.yomori/repo/cosmosis-standard-library/shear/cl_to_xi_fullsky/cl_to_xi.py:36: RuntimeWarning: divide by zero encountered in log
  spec = np.exp(self.interp_func(np.log(angle)))
/lcrc/project/SPT3G/users/ac.yomori/repo/cosmosis-standard-library/shear/cl_to_xi_fullsky/cl_to_xi.py:41: RuntimeWarning: divide by zero encountered in log
  spec = self.interp_func(np.log(angle))
/lcrc/project/SPT3G/users/ac.yomori/repo/cosmosis-standard-library/shear/cl_to_xi_fullsky/cl_to_xi.py:41: RuntimeWarning: divide by zero encountered in log
  spec = self.interp_func(np.log(angle))
/lcrc/project/SPT3G/users/ac.yomori/repo/cosmosis-standard-library/structure/projection/projection_tools/kernel.py:35: UserWarning: Some of your n(z) or other kernels are negative.
  warnings.warn("Some of your n(z) or other kernels are negative.")
/lcrc/project/SPT3G/users/ac.yomori/repo/cosmosis-standard-library/shear/cl_to_xi_fullsky/cl_to_xi.py:36: RuntimeWarning: divide by zero encountered in log
  spec = np.exp(self.interp_func(np.log(angle)))
/lcrc/project/SPT3G/users/ac.yomori/repo/cosmosis-standard-library/shear/cl_to_xi_fullsky/cl_to_xi.py:38: RuntimeWarning: divide by zero encountered in log
  spec = -np.exp(self.interp_func(np.log(angle)))
/lcrc/project/SPT3G/users/ac.yomori/repo/cosmosis-standard-library/shear/cl_to_xi_fullsky/cl_to_xi.py:36: RuntimeWarning: divide by zero encountered in log
  spec = np.exp(self.interp_func(np.log(angle)))
/lcrc/project/SPT3G/users/ac.yomori/repo/cosmosis-standard-library/shear/cl_to_xi_fullsky/cl_to_xi.py:36: RuntimeWarning: divide by zero encountered in log
  spec = np.exp(self.interp_func(np.log(angle)))
/lcrc/project/SPT3G/users/ac.yomori/repo/cosmosis-standard-library/shear/cl_to_xi_fullsky/cl_to_xi.py:41: RuntimeWarning: divide by zero encountered in log
  spec = self.interp_func(np.log(angle))
/lcrc/project/SPT3G/users/ac.yomori/repo/cosmosis-standard-library/structure/projection/projection_tools/kernel.py:35: UserWarning: Some of your n(z) or other kernels are negative.
  warnings.warn("Some of your n(z) or other kernels are negative.")
/lcrc/project/SPT3G/users/ac.yomori/repo/cosmosis-standard-library/shear/cl_to_xi_fullsky/cl_to_xi.py:41: RuntimeWarning: divide by zero encountered in log
  spec = self.interp_func(np.log(angle))
/lcrc/project/SPT3G/users/ac.yomori/repo/cosmosis-standard-library/structure/projection/projection_tools/kernel.py:35: UserWarning: Some of your n(z) or other kernels are negative.
  warnings.warn("Some of your n(z) or other kernels are negative.")
/lcrc/project/SPT3G/users/ac.yomori/repo/cosmosis-standard-library/structure/projection/projection_tools/kernel.py:35: UserWarning: Some of your n(z) or other kernels are negative.
  warnings.warn("Some of your n(z) or other kernels are negative.")
/lcrc/project/SPT3G/users/ac.yomori/repo/cosmosis-standard-library/shear/cl_to_xi_fullsky/cl_to_xi.py:36: RuntimeWarning: divide by zero encountered in log
  spec = np.exp(self.interp_func(np.log(angle)))
/lcrc/project/SPT3G/users/ac.yomori/repo/cosmosis-standard-library/shear/cl_to_xi_fullsky/cl_to_xi.py:41: RuntimeWarning: divide by zero encountered in log
  spec = self.interp_func(np.log(angle))
/lcrc/project/SPT3G/users/ac.yomori/repo/cosmosis-standard-library/shear/cl_to_xi_fullsky/cl_to_xi.py:41: RuntimeWarning: divide by zero encountered in log
  spec = self.interp_func(np.log(angle))
/lcrc/project/SPT3G/users/ac.yomori/repo/cosmosis-standard-library/shear/cl_to_xi_fullsky/cl_to_xi.py:41: RuntimeWarning: divide by zero encountered in log
  spec = self.interp_func(np.log(angle))
/lcrc/project/SPT3G/users/ac.yomori/repo/cosmosis-standard-library/shear/cl_to_xi_fullsky/cl_to_xi.py:36: RuntimeWarning: divide by zero encountered in log
  spec = np.exp(self.interp_func(np.log(angle)))
/lcrc/project/SPT3G/users/ac.yomori/repo/cosmosis-standard-library/shear/cl_to_xi_fullsky/cl_to_xi.py:36: RuntimeWarning: divide by zero encountered in log
  spec = np.exp(self.interp_func(np.log(angle)))
/lcrc/project/SPT3G/users/ac.yomori/repo/cosmosis-standard-library/structure/projection/projection_tools/kernel.py:35: UserWarning: Some of your n(z) or other kernels are negative.
  warnings.warn("Some of your n(z) or other kernels are negative.")
/lcrc/project/SPT3G/users/ac.yomori/repo/cosmosis-standard-library/structure/projection/projection_tools/kernel.py:178: RuntimeWarning: invalid value encountered in divide
  nchi_spline.y * (nchi_spline.x - chi)/nchi_spline.x, 0.)
/lcrc/project/SPT3G/users/ac.yomori/repo/cosmosis-standard-library/structure/projection/projection_tools/kernel.py:178: RuntimeWarning: divide by zero encountered in divide
  nchi_spline.y * (nchi_spline.x - chi)/nchi_spline.x, 0.)
/lcrc/project/SPT3G/users/ac.yomori/repo/cosmosis-standard-library/shear/cl_to_xi_fullsky/cl_to_xi.py:41: RuntimeWarning: divide by zero encountered in log
  spec = self.interp_func(np.log(angle))
/lcrc/project/SPT3G/users/ac.yomori/repo/cosmosis-standard-library/shear/cl_to_xi_fullsky/cl_to_xi.py:36: RuntimeWarning: divide by zero encountered in log
  spec = np.exp(self.interp_func(np.log(angle)))
/lcrc/project/SPT3G/users/ac.yomori/repo/cosmosis-standard-library/structure/projection/projection_tools/kernel.py:35: UserWarning: Some of your n(z) or other kernels are negative.
  warnings.warn("Some of your n(z) or other kernels are negative.")
/lcrc/project/SPT3G/users/ac.yomori/repo/cosmosis-standard-library/shear/cl_to_xi_fullsky/cl_to_xi.py:36: RuntimeWarning: divide by zero encountered in log
  spec = np.exp(self.interp_func(np.log(angle)))
/lcrc/project/SPT3G/users/ac.yomori/repo/cosmosis-standard-library/structure/projection/projection_tools/kernel.py:35: UserWarning: Some of your n(z) or other kernels are negative.
  warnings.warn("Some of your n(z) or other kernels are negative.")
/lcrc/project/SPT3G/users/ac.yomori/repo/cosmosis-standard-library/structure/projection/projection_tools/kernel.py:35: UserWarning: Some of your n(z) or other kernels are negative.
  warnings.warn("Some of your n(z) or other kernels are negative.")
/lcrc/project/SPT3G/users/ac.yomori/repo/cosmosis-standard-library/shear/cl_to_xi_fullsky/cl_to_xi.py:36: RuntimeWarning: divide by zero encountered in log
  spec = np.exp(self.interp_func(np.log(angle)))
/lcrc/project/SPT3G/users/ac.yomori/repo/cosmosis-standard-library/shear/cl_to_xi_fullsky/cl_to_xi.py:36: RuntimeWarning: divide by zero encountered in log
  spec = np.exp(self.interp_func(np.log(angle)))
/lcrc/project/SPT3G/users/ac.yomori/repo/cosmosis-standard-library/structure/projection/projection_tools/kernel.py:35: UserWarning: Some of your n(z) or other kernels are negative.
  warnings.warn("Some of your n(z) or other kernels are negative.")
/lcrc/project/SPT3G/users/ac.yomori/repo/cosmosis-standard-library/structure/projection/projection_tools/kernel.py:178: RuntimeWarning: invalid value encountered in divide
  nchi_spline.y * (nchi_spline.x - chi)/nchi_spline.x, 0.)
/lcrc/project/SPT3G/users/ac.yomori/repo/cosmosis-standard-library/structure/projection/projection_tools/kernel.py:178: RuntimeWarning: divide by zero encountered in divide
  nchi_spline.y * (nchi_spline.x - chi)/nchi_spline.x, 0.)
/lcrc/project/SPT3G/users/ac.yomori/repo/cosmosis-standard-library/shear/cl_to_xi_fullsky/cl_to_xi.py:41: RuntimeWarning: divide by zero encountered in log
  spec = self.interp_func(np.log(angle))
/lcrc/project/SPT3G/users/ac.yomori/repo/cosmosis-standard-library/shear/cl_to_xi_fullsky/cl_to_xi.py:41: RuntimeWarning: divide by zero encountered in log
  spec = self.interp_func(np.log(angle))
/lcrc/project/SPT3G/users/ac.yomori/repo/cosmosis-standard-library/structure/projection/projection_tools/kernel.py:35: UserWarning: Some of your n(z) or other kernels are negative.
  warnings.warn("Some of your n(z) or other kernels are negative.")
/lcrc/project/SPT3G/users/ac.yomori/repo/cosmosis-standard-library/structure/projection/projection_tools/kernel.py:35: UserWarning: Some of your n(z) or other kernels are negative.
  warnings.warn("Some of your n(z) or other kernels are negative.")
/lcrc/project/SPT3G/users/ac.yomori/repo/cosmosis-standard-library/structure/projection/projection_tools/kernel.py:35: UserWarning: Some of your n(z) or other kernels are negative.
  warnings.warn("Some of your n(z) or other kernels are negative.")
/lcrc/project/SPT3G/users/ac.yomori/repo/cosmosis-standard-library/shear/cl_to_xi_fullsky/cl_to_xi.py:41: RuntimeWarning: divide by zero encountered in log
  spec = self.interp_func(np.log(angle))
/lcrc/project/SPT3G/users/ac.yomori/repo/cosmosis-standard-library/shear/cl_to_xi_fullsky/cl_to_xi.py:38: RuntimeWarning: divide by zero encountered in log
  spec = -np.exp(self.interp_func(np.log(angle)))
/lcrc/project/SPT3G/users/ac.yomori/repo/cosmosis-standard-library/shear/cl_to_xi_fullsky/cl_to_xi.py:36: RuntimeWarning: divide by zero encountered in log
  spec = np.exp(self.interp_func(np.log(angle)))
/lcrc/project/SPT3G/users/ac.yomori/repo/cosmosis-standard-library/shear/cl_to_xi_fullsky/cl_to_xi.py:36: RuntimeWarning: divide by zero encountered in log
  spec = np.exp(self.interp_func(np.log(angle)))
/lcrc/project/SPT3G/users/ac.yomori/repo/cosmosis-standard-library/structure/projection/projection_tools/kernel.py:35: UserWarning: Some of your n(z) or other kernels are negative.
  warnings.warn("Some of your n(z) or other kernels are negative.")
/lcrc/project/SPT3G/users/ac.yomori/repo/cosmosis-standard-library/structure/projection/projection_tools/kernel.py:35: UserWarning: Some of your n(z) or other kernels are negative.
  warnings.warn("Some of your n(z) or other kernels are negative.")
/lcrc/project/SPT3G/users/ac.yomori/repo/cosmosis-standard-library/structure/projection/projection_tools/kernel.py:35: UserWarning: Some of your n(z) or other kernels are negative.
  warnings.warn("Some of your n(z) or other kernels are negative.")
/lcrc/project/SPT3G/users/ac.yomori/repo/cosmosis-standard-library/structure/projection/projection_tools/kernel.py:35: UserWarning: Some of your n(z) or other kernels are negative.
  warnings.warn("Some of your n(z) or other kernels are negative.")
/lcrc/project/SPT3G/users/ac.yomori/repo/cosmosis-standard-library/shear/cl_to_xi_fullsky/cl_to_xi.py:36: RuntimeWarning: divide by zero encountered in log
  spec = np.exp(self.interp_func(np.log(angle)))
/lcrc/project/SPT3G/users/ac.yomori/repo/cosmosis-standard-library/structure/projection/projection_tools/kernel.py:35: UserWarning: Some of your n(z) or other kernels are negative.
  warnings.warn("Some of your n(z) or other kernels are negative.")
/lcrc/project/SPT3G/users/ac.yomori/repo/cosmosis-standard-library/shear/cl_to_xi_fullsky/cl_to_xi.py:36: RuntimeWarning: divide by zero encountered in log
  spec = np.exp(self.interp_func(np.log(angle)))
/lcrc/project/SPT3G/users/ac.yomori/repo/cosmosis-standard-library/shear/cl_to_xi_fullsky/cl_to_xi.py:41: RuntimeWarning: divide by zero encountered in log
  spec = self.interp_func(np.log(angle))
/lcrc/project/SPT3G/users/ac.yomori/repo/cosmosis-standard-library/shear/cl_to_xi_fullsky/cl_to_xi.py:38: RuntimeWarning: divide by zero encountered in log
  spec = -np.exp(self.interp_func(np.log(angle)))
/lcrc/project/SPT3G/users/ac.yomori/repo/cosmosis-standard-library/shear/cl_to_xi_fullsky/cl_to_xi.py:41: RuntimeWarning: divide by zero encountered in log
  spec = self.interp_func(np.log(angle))
/lcrc/project/SPT3G/users/ac.yomori/repo/cosmosis-standard-library/shear/cl_to_xi_fullsky/cl_to_xi.py:36: RuntimeWarning: divide by zero encountered in log
  spec = np.exp(self.interp_func(np.log(angle)))
/lcrc/project/SPT3G/users/ac.yomori/repo/cosmosis-standard-library/shear/cl_to_xi_fullsky/cl_to_xi.py:41: RuntimeWarning: divide by zero encountered in log
  spec = self.interp_func(np.log(angle))
/lcrc/project/SPT3G/users/ac.yomori/repo/cosmosis-standard-library/shear/cl_to_xi_fullsky/cl_to_xi.py:36: RuntimeWarning: divide by zero encountered in log
  spec = np.exp(self.interp_func(np.log(angle)))
/lcrc/project/SPT3G/users/ac.yomori/repo/cosmosis-standard-library/shear/cl_to_xi_fullsky/cl_to_xi.py:36: RuntimeWarning: divide by zero encountered in log
  spec = np.exp(self.interp_func(np.log(angle)))
/lcrc/project/SPT3G/users/ac.yomori/repo/cosmosis-standard-library/structure/projection/projection_tools/kernel.py:35: UserWarning: Some of your n(z) or other kernels are negative.
  warnings.warn("Some of your n(z) or other kernels are negative.")
/lcrc/project/SPT3G/users/ac.yomori/repo/cosmosis-standard-library/structure/projection/projection_tools/kernel.py:35: UserWarning: Some of your n(z) or other kernels are negative.
  warnings.warn("Some of your n(z) or other kernels are negative.")
/lcrc/project/SPT3G/users/ac.yomori/repo/cosmosis-standard-library/structure/projection/projection_tools/kernel.py:35: UserWarning: Some of your n(z) or other kernels are negative.
  warnings.warn("Some of your n(z) or other kernels are negative.")
/lcrc/project/SPT3G/users/ac.yomori/repo/cosmosis-standard-library/structure/projection/projection_tools/kernel.py:35: UserWarning: Some of your n(z) or other kernels are negative.
  warnings.warn("Some of your n(z) or other kernels are negative.")
/lcrc/project/SPT3G/users/ac.yomori/repo/cosmosis-standard-library/structure/projection/projection_tools/kernel.py:35: UserWarning: Some of your n(z) or other kernels are negative.
  warnings.warn("Some of your n(z) or other kernels are negative.")
/lcrc/project/SPT3G/users/ac.yomori/repo/cosmosis-standard-library/shear/cl_to_xi_fullsky/cl_to_xi.py:38: RuntimeWarning: divide by zero encountered in log
  spec = -np.exp(self.interp_func(np.log(angle)))
/lcrc/project/SPT3G/users/ac.yomori/repo/cosmosis-standard-library/structure/projection/projection_tools/kernel.py:178: RuntimeWarning: invalid value encountered in divide
  nchi_spline.y * (nchi_spline.x - chi)/nchi_spline.x, 0.)
/lcrc/project/SPT3G/users/ac.yomori/repo/cosmosis-standard-library/structure/projection/projection_tools/kernel.py:178: RuntimeWarning: divide by zero encountered in divide
  nchi_spline.y * (nchi_spline.x - chi)/nchi_spline.x, 0.)
/lcrc/project/SPT3G/users/ac.yomori/repo/cosmosis-standard-library/shear/cl_to_xi_fullsky/cl_to_xi.py:36: RuntimeWarning: divide by zero encountered in log
  spec = np.exp(self.interp_func(np.log(angle)))
/lcrc/project/SPT3G/users/ac.yomori/repo/cosmosis-standard-library/shear/cl_to_xi_fullsky/cl_to_xi.py:41: RuntimeWarning: divide by zero encountered in log
  spec = self.interp_func(np.log(angle))
/lcrc/project/SPT3G/users/ac.yomori/repo/cosmosis-standard-library/shear/cl_to_xi_fullsky/cl_to_xi.py:41: RuntimeWarning: divide by zero encountered in log
  spec = self.interp_func(np.log(angle))
/lcrc/project/SPT3G/users/ac.yomori/repo/cosmosis-standard-library/shear/cl_to_xi_fullsky/cl_to_xi.py:36: RuntimeWarning: divide by zero encountered in log
  spec = np.exp(self.interp_func(np.log(angle)))
/lcrc/project/SPT3G/users/ac.yomori/repo/cosmosis-standard-library/structure/projection/projection_tools/kernel.py:35: UserWarning: Some of your n(z) or other kernels are negative.
  warnings.warn("Some of your n(z) or other kernels are negative.")
/lcrc/project/SPT3G/users/ac.yomori/repo/cosmosis-standard-library/shear/cl_to_xi_fullsky/cl_to_xi.py:41: RuntimeWarning: divide by zero encountered in log
  spec = self.interp_func(np.log(angle))
/lcrc/project/SPT3G/users/ac.yomori/repo/cosmosis-standard-library/shear/cl_to_xi_fullsky/cl_to_xi.py:38: RuntimeWarning: divide by zero encountered in log
  spec = -np.exp(self.interp_func(np.log(angle)))
/lcrc/project/SPT3G/users/ac.yomori/repo/cosmosis-standard-library/structure/projection/projection_tools/kernel.py:35: UserWarning: Some of your n(z) or other kernels are negative.
  warnings.warn("Some of your n(z) or other kernels are negative.")
/lcrc/project/SPT3G/users/ac.yomori/repo/cosmosis-standard-library/shear/cl_to_xi_fullsky/cl_to_xi.py:36: RuntimeWarning: divide by zero encountered in log
  spec = np.exp(self.interp_func(np.log(angle)))
/lcrc/project/SPT3G/users/ac.yomori/repo/cosmosis-standard-library/shear/cl_to_xi_fullsky/cl_to_xi.py:41: RuntimeWarning: divide by zero encountered in log
  spec = self.interp_func(np.log(angle))
/lcrc/project/SPT3G/users/ac.yomori/repo/cosmosis-standard-library/shear/cl_to_xi_fullsky/cl_to_xi.py:36: RuntimeWarning: divide by zero encountered in log
  spec = np.exp(self.interp_func(np.log(angle)))
/lcrc/project/SPT3G/users/ac.yomori/repo/cosmosis-standard-library/structure/projection/projection_tools/kernel.py:35: UserWarning: Some of your n(z) or other kernels are negative.
  warnings.warn("Some of your n(z) or other kernels are negative.")
/lcrc/project/SPT3G/users/ac.yomori/repo/cosmosis-standard-library/shear/cl_to_xi_fullsky/cl_to_xi.py:38: RuntimeWarning: divide by zero encountered in log
  spec = -np.exp(self.interp_func(np.log(angle)))
/lcrc/project/SPT3G/users/ac.yomori/repo/cosmosis-standard-library/structure/projection/projection_tools/kernel.py:35: UserWarning: Some of your n(z) or other kernels are negative.
  warnings.warn("Some of your n(z) or other kernels are negative.")
/lcrc/project/SPT3G/users/ac.yomori/repo/cosmosis-standard-library/shear/cl_to_xi_fullsky/cl_to_xi.py:36: RuntimeWarning: divide by zero encountered in log
  spec = np.exp(self.interp_func(np.log(angle)))
/lcrc/project/SPT3G/users/ac.yomori/repo/cosmosis-standard-library/structure/projection/projection_tools/kernel.py:35: UserWarning: Some of your n(z) or other kernels are negative.
  warnings.warn("Some of your n(z) or other kernels are negative.")
/lcrc/project/SPT3G/users/ac.yomori/repo/cosmosis-standard-library/structure/projection/projection_tools/kernel.py:35: UserWarning: Some of your n(z) or other kernels are negative.
  warnings.warn("Some of your n(z) or other kernels are negative.")
/lcrc/project/SPT3G/users/ac.yomori/repo/cosmosis-standard-library/structure/projection/projection_tools/kernel.py:35: UserWarning: Some of your n(z) or other kernels are negative.
  warnings.warn("Some of your n(z) or other kernels are negative.")
/lcrc/project/SPT3G/users/ac.yomori/repo/cosmosis-standard-library/shear/cl_to_xi_fullsky/cl_to_xi.py:36: RuntimeWarning: divide by zero encountered in log
  spec = np.exp(self.interp_func(np.log(angle)))
/lcrc/project/SPT3G/users/ac.yomori/repo/cosmosis-standard-library/shear/cl_to_xi_fullsky/cl_to_xi.py:36: RuntimeWarning: divide by zero encountered in log
  spec = np.exp(self.interp_func(np.log(angle)))
/lcrc/project/SPT3G/users/ac.yomori/repo/cosmosis-standard-library/structure/projection/projection_tools/kernel.py:35: UserWarning: Some of your n(z) or other kernels are negative.
  warnings.warn("Some of your n(z) or other kernels are negative.")
/lcrc/project/SPT3G/users/ac.yomori/repo/cosmosis-standard-library/shear/cl_to_xi_fullsky/cl_to_xi.py:41: RuntimeWarning: divide by zero encountered in log
  spec = self.interp_func(np.log(angle))
/lcrc/project/SPT3G/users/ac.yomori/repo/cosmosis-standard-library/shear/cl_to_xi_fullsky/cl_to_xi.py:36: RuntimeWarning: divide by zero encountered in log
  spec = np.exp(self.interp_func(np.log(angle)))
/lcrc/project/SPT3G/users/ac.yomori/repo/cosmosis-standard-library/structure/projection/projection_tools/kernel.py:178: RuntimeWarning: invalid value encountered in divide
  nchi_spline.y * (nchi_spline.x - chi)/nchi_spline.x, 0.)
/lcrc/project/SPT3G/users/ac.yomori/repo/cosmosis-standard-library/structure/projection/projection_tools/kernel.py:178: RuntimeWarning: divide by zero encountered in divide
  nchi_spline.y * (nchi_spline.x - chi)/nchi_spline.x, 0.)
/lcrc/project/SPT3G/users/ac.yomori/repo/cosmosis-standard-library/structure/projection/projection_tools/kernel.py:35: UserWarning: Some of your n(z) or other kernels are negative.
  warnings.warn("Some of your n(z) or other kernels are negative.")
/lcrc/project/SPT3G/users/ac.yomori/repo/cosmosis-standard-library/shear/cl_to_xi_fullsky/cl_to_xi.py:38: RuntimeWarning: divide by zero encountered in log
  spec = -np.exp(self.interp_func(np.log(angle)))
/lcrc/project/SPT3G/users/ac.yomori/repo/cosmosis-standard-library/structure/projection/projection_tools/kernel.py:35: UserWarning: Some of your n(z) or other kernels are negative.
  warnings.warn("Some of your n(z) or other kernels are negative.")
/lcrc/project/SPT3G/users/ac.yomori/repo/cosmosis-standard-library/structure/projection/projection_tools/kernel.py:35: UserWarning: Some of your n(z) or other kernels are negative.
  warnings.warn("Some of your n(z) or other kernels are negative.")
/lcrc/project/SPT3G/users/ac.yomori/repo/cosmosis-standard-library/structure/projection/projection_tools/kernel.py:178: RuntimeWarning: invalid value encountered in divide
  nchi_spline.y * (nchi_spline.x - chi)/nchi_spline.x, 0.)
/lcrc/project/SPT3G/users/ac.yomori/repo/cosmosis-standard-library/structure/projection/projection_tools/kernel.py:178: RuntimeWarning: divide by zero encountered in divide
  nchi_spline.y * (nchi_spline.x - chi)/nchi_spline.x, 0.)
/lcrc/project/SPT3G/users/ac.yomori/repo/cosmosis-standard-library/shear/cl_to_xi_fullsky/cl_to_xi.py:38: RuntimeWarning: divide by zero encountered in log
  spec = -np.exp(self.interp_func(np.log(angle)))
/lcrc/project/SPT3G/users/ac.yomori/repo/cosmosis-standard-library/shear/cl_to_xi_fullsky/cl_to_xi.py:36: RuntimeWarning: divide by zero encountered in log
  spec = np.exp(self.interp_func(np.log(angle)))
/lcrc/project/SPT3G/users/ac.yomori/repo/cosmosis-standard-library/structure/projection/projection_tools/kernel.py:35: UserWarning: Some of your n(z) or other kernels are negative.
  warnings.warn("Some of your n(z) or other kernels are negative.")
/lcrc/project/SPT3G/users/ac.yomori/repo/cosmosis-standard-library/shear/cl_to_xi_fullsky/cl_to_xi.py:36: RuntimeWarning: divide by zero encountered in log
  spec = np.exp(self.interp_func(np.log(angle)))
/lcrc/project/SPT3G/users/ac.yomori/repo/cosmosis-standard-library/shear/cl_to_xi_fullsky/cl_to_xi.py:36: RuntimeWarning: divide by zero encountered in log
  spec = np.exp(self.interp_func(np.log(angle)))
/lcrc/project/SPT3G/users/ac.yomori/repo/cosmosis-standard-library/shear/cl_to_xi_fullsky/cl_to_xi.py:38: RuntimeWarning: divide by zero encountered in log
  spec = -np.exp(self.interp_func(np.log(angle)))
/lcrc/project/SPT3G/users/ac.yomori/repo/cosmosis-standard-library/shear/cl_to_xi_fullsky/cl_to_xi.py:41: RuntimeWarning: divide by zero encountered in log
  spec = self.interp_func(np.log(angle))
/lcrc/project/SPT3G/users/ac.yomori/repo/cosmosis-standard-library/structure/projection/projection_tools/kernel.py:35: UserWarning: Some of your n(z) or other kernels are negative.
  warnings.warn("Some of your n(z) or other kernels are negative.")
/lcrc/project/SPT3G/users/ac.yomori/repo/cosmosis-standard-library/shear/cl_to_xi_fullsky/cl_to_xi.py:36: RuntimeWarning: divide by zero encountered in log
  spec = np.exp(self.interp_func(np.log(angle)))
/lcrc/project/SPT3G/users/ac.yomori/repo/cosmosis-standard-library/structure/projection/projection_tools/kernel.py:35: UserWarning: Some of your n(z) or other kernels are negative.
  warnings.warn("Some of your n(z) or other kernels are negative.")
/lcrc/project/SPT3G/users/ac.yomori/repo/cosmosis-standard-library/shear/cl_to_xi_fullsky/cl_to_xi.py:36: RuntimeWarning: divide by zero encountered in log
  spec = np.exp(self.interp_func(np.log(angle)))
/lcrc/project/SPT3G/users/ac.yomori/repo/cosmosis-standard-library/structure/projection/projection_tools/kernel.py:178: RuntimeWarning: invalid value encountered in divide
  nchi_spline.y * (nchi_spline.x - chi)/nchi_spline.x, 0.)
/lcrc/project/SPT3G/users/ac.yomori/repo/cosmosis-standard-library/structure/projection/projection_tools/kernel.py:35: UserWarning: Some of your n(z) or other kernels are negative.
  warnings.warn("Some of your n(z) or other kernels are negative.")
/lcrc/project/SPT3G/users/ac.yomori/repo/cosmosis-standard-library/structure/projection/projection_tools/kernel.py:35: UserWarning: Some of your n(z) or other kernels are negative.
  warnings.warn("Some of your n(z) or other kernels are negative.")
/lcrc/project/SPT3G/users/ac.yomori/repo/cosmosis-standard-library/shear/cl_to_xi_fullsky/cl_to_xi.py:41: RuntimeWarning: divide by zero encountered in log
  spec = self.interp_func(np.log(angle))
/lcrc/project/SPT3G/users/ac.yomori/repo/cosmosis-standard-library/shear/cl_to_xi_fullsky/cl_to_xi.py:36: RuntimeWarning: divide by zero encountered in log
  spec = np.exp(self.interp_func(np.log(angle)))
/lcrc/project/SPT3G/users/ac.yomori/repo/cosmosis-standard-library/structure/projection/projection_tools/kernel.py:35: UserWarning: Some of your n(z) or other kernels are negative.
  warnings.warn("Some of your n(z) or other kernels are negative.")
/lcrc/project/SPT3G/users/ac.yomori/repo/cosmosis-standard-library/structure/projection/projection_tools/kernel.py:178: RuntimeWarning: divide by zero encountered in divide
  nchi_spline.y * (nchi_spline.x - chi)/nchi_spline.x, 0.)
/lcrc/project/SPT3G/users/ac.yomori/repo/cosmosis-standard-library/shear/cl_to_xi_fullsky/cl_to_xi.py:36: RuntimeWarning: divide by zero encountered in log
  spec = np.exp(self.interp_func(np.log(angle)))
/lcrc/project/SPT3G/users/ac.yomori/repo/cosmosis-standard-library/shear/cl_to_xi_fullsky/cl_to_xi.py:36: RuntimeWarning: divide by zero encountered in log
  spec = np.exp(self.interp_func(np.log(angle)))
/lcrc/project/SPT3G/users/ac.yomori/repo/cosmosis-standard-library/structure/projection/projection_tools/kernel.py:35: UserWarning: Some of your n(z) or other kernels are negative.
  warnings.warn("Some of your n(z) or other kernels are negative.")
/lcrc/project/SPT3G/users/ac.yomori/repo/cosmosis-standard-library/structure/projection/projection_tools/kernel.py:35: UserWarning: Some of your n(z) or other kernels are negative.
  warnings.warn("Some of your n(z) or other kernels are negative.")
/lcrc/project/SPT3G/users/ac.yomori/repo/cosmosis-standard-library/shear/cl_to_xi_fullsky/cl_to_xi.py:36: RuntimeWarning: divide by zero encountered in log
  spec = np.exp(self.interp_func(np.log(angle)))
/lcrc/project/SPT3G/users/ac.yomori/repo/cosmosis-standard-library/shear/cl_to_xi_fullsky/cl_to_xi.py:41: RuntimeWarning: divide by zero encountered in log
  spec = self.interp_func(np.log(angle))
/lcrc/project/SPT3G/users/ac.yomori/repo/cosmosis-standard-library/structure/projection/projection_tools/kernel.py:35: UserWarning: Some of your n(z) or other kernels are negative.
  warnings.warn("Some of your n(z) or other kernels are negative.")
/lcrc/project/SPT3G/users/ac.yomori/repo/cosmosis-standard-library/shear/cl_to_xi_fullsky/cl_to_xi.py:36: RuntimeWarning: divide by zero encountered in log
  spec = np.exp(self.interp_func(np.log(angle)))
/lcrc/project/SPT3G/users/ac.yomori/repo/cosmosis-standard-library/shear/cl_to_xi_fullsky/cl_to_xi.py:36: RuntimeWarning: divide by zero encountered in log
  spec = np.exp(self.interp_func(np.log(angle)))
/lcrc/project/SPT3G/users/ac.yomori/repo/cosmosis-standard-library/shear/cl_to_xi_fullsky/cl_to_xi.py:41: RuntimeWarning: divide by zero encountered in log
  spec = self.interp_func(np.log(angle))
/lcrc/project/SPT3G/users/ac.yomori/repo/cosmosis-standard-library/shear/cl_to_xi_fullsky/cl_to_xi.py:36: RuntimeWarning: divide by zero encountered in log
  spec = np.exp(self.interp_func(np.log(angle)))
/lcrc/project/SPT3G/users/ac.yomori/repo/cosmosis-standard-library/shear/cl_to_xi_fullsky/cl_to_xi.py:36: RuntimeWarning: divide by zero encountered in log
  spec = np.exp(self.interp_func(np.log(angle)))
/lcrc/project/SPT3G/users/ac.yomori/repo/cosmosis-standard-library/shear/cl_to_xi_fullsky/cl_to_xi.py:41: RuntimeWarning: divide by zero encountered in log
  spec = self.interp_func(np.log(angle))
/lcrc/project/SPT3G/users/ac.yomori/repo/cosmosis-standard-library/shear/cl_to_xi_fullsky/cl_to_xi.py:41: RuntimeWarning: divide by zero encountered in log
  spec = self.interp_func(np.log(angle))
/lcrc/project/SPT3G/users/ac.yomori/repo/cosmosis-standard-library/shear/cl_to_xi_fullsky/cl_to_xi.py:41: RuntimeWarning: divide by zero encountered in log
  spec = self.interp_func(np.log(angle))
/lcrc/project/SPT3G/users/ac.yomori/repo/cosmosis-standard-library/shear/cl_to_xi_fullsky/cl_to_xi.py:41: RuntimeWarning: divide by zero encountered in log
  spec = self.interp_func(np.log(angle))
/lcrc/project/SPT3G/users/ac.yomori/repo/cosmosis-standard-library/shear/cl_to_xi_fullsky/cl_to_xi.py:41: RuntimeWarning: divide by zero encountered in log
  spec = self.interp_func(np.log(angle))
/lcrc/project/SPT3G/users/ac.yomori/repo/cosmosis-standard-library/shear/cl_to_xi_fullsky/cl_to_xi.py:36: RuntimeWarning: divide by zero encountered in log
  spec = np.exp(self.interp_func(np.log(angle)))
/lcrc/project/SPT3G/users/ac.yomori/repo/cosmosis-standard-library/structure/projection/projection_tools/kernel.py:35: UserWarning: Some of your n(z) or other kernels are negative.
  warnings.warn("Some of your n(z) or other kernels are negative.")
/lcrc/project/SPT3G/users/ac.yomori/repo/cosmosis-standard-library/structure/projection/projection_tools/kernel.py:35: UserWarning: Some of your n(z) or other kernels are negative.
  warnings.warn("Some of your n(z) or other kernels are negative.")
/lcrc/project/SPT3G/users/ac.yomori/repo/cosmosis-standard-library/shear/cl_to_xi_fullsky/cl_to_xi.py:36: RuntimeWarning: divide by zero encountered in log
  spec = np.exp(self.interp_func(np.log(angle)))
/lcrc/project/SPT3G/users/ac.yomori/repo/cosmosis-standard-library/shear/cl_to_xi_fullsky/cl_to_xi.py:36: RuntimeWarning: divide by zero encountered in log
  spec = np.exp(self.interp_func(np.log(angle)))
/lcrc/project/SPT3G/users/ac.yomori/repo/cosmosis-standard-library/shear/cl_to_xi_fullsky/cl_to_xi.py:41: RuntimeWarning: divide by zero encountered in log
  spec = self.interp_func(np.log(angle))
/lcrc/project/SPT3G/users/ac.yomori/repo/cosmosis-standard-library/structure/projection/projection_tools/kernel.py:35: UserWarning: Some of your n(z) or other kernels are negative.
  warnings.warn("Some of your n(z) or other kernels are negative.")
/lcrc/project/SPT3G/users/ac.yomori/repo/cosmosis-standard-library/shear/cl_to_xi_fullsky/cl_to_xi.py:38: RuntimeWarning: divide by zero encountered in log
  spec = -np.exp(self.interp_func(np.log(angle)))
/lcrc/project/SPT3G/users/ac.yomori/repo/cosmosis-standard-library/structure/projection/projection_tools/kernel.py:35: UserWarning: Some of your n(z) or other kernels are negative.
  warnings.warn("Some of your n(z) or other kernels are negative.")
/lcrc/project/SPT3G/users/ac.yomori/repo/cosmosis-standard-library/shear/cl_to_xi_fullsky/cl_to_xi.py:36: RuntimeWarning: divide by zero encountered in log
  spec = np.exp(self.interp_func(np.log(angle)))
/lcrc/project/SPT3G/users/ac.yomori/repo/cosmosis-standard-library/shear/cl_to_xi_fullsky/cl_to_xi.py:36: RuntimeWarning: divide by zero encountered in log
  spec = np.exp(self.interp_func(np.log(angle)))
/lcrc/project/SPT3G/users/ac.yomori/repo/cosmosis-standard-library/shear/cl_to_xi_fullsky/cl_to_xi.py:36: RuntimeWarning: divide by zero encountered in log
  spec = np.exp(self.interp_func(np.log(angle)))
/lcrc/project/SPT3G/users/ac.yomori/repo/cosmosis-standard-library/shear/cl_to_xi_fullsky/cl_to_xi.py:36: RuntimeWarning: divide by zero encountered in log
  spec = np.exp(self.interp_func(np.log(angle)))
/lcrc/project/SPT3G/users/ac.yomori/repo/cosmosis-standard-library/shear/cl_to_xi_fullsky/cl_to_xi.py:38: RuntimeWarning: divide by zero encountered in log
  spec = -np.exp(self.interp_func(np.log(angle)))
/lcrc/project/SPT3G/users/ac.yomori/repo/cosmosis-standard-library/shear/cl_to_xi_fullsky/cl_to_xi.py:36: RuntimeWarning: divide by zero encountered in log
  spec = np.exp(self.interp_func(np.log(angle)))
/lcrc/project/SPT3G/users/ac.yomori/repo/cosmosis-standard-library/shear/cl_to_xi_fullsky/cl_to_xi.py:36: RuntimeWarning: divide by zero encountered in log
  spec = np.exp(self.interp_func(np.log(angle)))
/lcrc/project/SPT3G/users/ac.yomori/repo/cosmosis-standard-library/structure/projection/projection_tools/kernel.py:35: UserWarning: Some of your n(z) or other kernels are negative.
  warnings.warn("Some of your n(z) or other kernels are negative.")
/lcrc/project/SPT3G/users/ac.yomori/repo/cosmosis-standard-library/shear/cl_to_xi_fullsky/cl_to_xi.py:38: RuntimeWarning: divide by zero encountered in log
  spec = -np.exp(self.interp_func(np.log(angle)))
/lcrc/project/SPT3G/users/ac.yomori/repo/cosmosis-standard-library/shear/cl_to_xi_fullsky/cl_to_xi.py:38: RuntimeWarning: divide by zero encountered in log
  spec = -np.exp(self.interp_func(np.log(angle)))
/lcrc/project/SPT3G/users/ac.yomori/repo/cosmosis-standard-library/shear/cl_to_xi_fullsky/cl_to_xi.py:41: RuntimeWarning: divide by zero encountered in log
  spec = self.interp_func(np.log(angle))
/lcrc/project/SPT3G/users/ac.yomori/repo/cosmosis-standard-library/shear/cl_to_xi_fullsky/cl_to_xi.py:41: RuntimeWarning: divide by zero encountered in log
  spec = self.interp_func(np.log(angle))
/lcrc/project/SPT3G/users/ac.yomori/repo/cosmosis-standard-library/shear/cl_to_xi_fullsky/cl_to_xi.py:36: RuntimeWarning: divide by zero encountered in log
  spec = np.exp(self.interp_func(np.log(angle)))
/lcrc/project/SPT3G/users/ac.yomori/repo/cosmosis-standard-library/shear/cl_to_xi_fullsky/cl_to_xi.py:36: RuntimeWarning: divide by zero encountered in log
  spec = np.exp(self.interp_func(np.log(angle)))
/lcrc/project/SPT3G/users/ac.yomori/repo/cosmosis-standard-library/shear/cl_to_xi_fullsky/cl_to_xi.py:36: RuntimeWarning: divide by zero encountered in log
  spec = np.exp(self.interp_func(np.log(angle)))
/lcrc/project/SPT3G/users/ac.yomori/repo/cosmosis-standard-library/shear/cl_to_xi_fullsky/cl_to_xi.py:41: RuntimeWarning: divide by zero encountered in log
  spec = self.interp_func(np.log(angle))
/lcrc/project/SPT3G/users/ac.yomori/repo/cosmosis-standard-library/shear/cl_to_xi_fullsky/cl_to_xi.py:41: RuntimeWarning: divide by zero encountered in log
  spec = self.interp_func(np.log(angle))
/lcrc/project/SPT3G/users/ac.yomori/repo/cosmosis-standard-library/shear/cl_to_xi_fullsky/cl_to_xi.py:36: RuntimeWarning: divide by zero encountered in log
  spec = np.exp(self.interp_func(np.log(angle)))
/lcrc/project/SPT3G/users/ac.yomori/repo/cosmosis-standard-library/structure/projection/projection_tools/kernel.py:35: UserWarning: Some of your n(z) or other kernels are negative.
  warnings.warn("Some of your n(z) or other kernels are negative.")
/lcrc/project/SPT3G/users/ac.yomori/repo/cosmosis-standard-library/structure/projection/projection_tools/kernel.py:35: UserWarning: Some of your n(z) or other kernels are negative.
  warnings.warn("Some of your n(z) or other kernels are negative.")
/lcrc/project/SPT3G/users/ac.yomori/repo/cosmosis-standard-library/structure/projection/projection_tools/kernel.py:35: UserWarning: Some of your n(z) or other kernels are negative.
  warnings.warn("Some of your n(z) or other kernels are negative.")
/lcrc/project/SPT3G/users/ac.yomori/repo/cosmosis-standard-library/structure/projection/projection_tools/kernel.py:35: UserWarning: Some of your n(z) or other kernels are negative.
  warnings.warn("Some of your n(z) or other kernels are negative.")
/lcrc/project/SPT3G/users/ac.yomori/repo/cosmosis-standard-library/structure/projection/projection_tools/kernel.py:35: UserWarning: Some of your n(z) or other kernels are negative.
  warnings.warn("Some of your n(z) or other kernels are negative.")
/lcrc/project/SPT3G/users/ac.yomori/repo/cosmosis-standard-library/shear/cl_to_xi_fullsky/cl_to_xi.py:36: RuntimeWarning: divide by zero encountered in log
  spec = np.exp(self.interp_func(np.log(angle)))
/lcrc/project/SPT3G/users/ac.yomori/repo/cosmosis-standard-library/shear/cl_to_xi_fullsky/cl_to_xi.py:41: RuntimeWarning: divide by zero encountered in log
  spec = self.interp_func(np.log(angle))
/lcrc/project/SPT3G/users/ac.yomori/repo/cosmosis-standard-library/shear/cl_to_xi_fullsky/cl_to_xi.py:36: RuntimeWarning: divide by zero encountered in log
  spec = np.exp(self.interp_func(np.log(angle)))
/lcrc/project/SPT3G/users/ac.yomori/repo/cosmosis-standard-library/shear/cl_to_xi_fullsky/cl_to_xi.py:41: RuntimeWarning: divide by zero encountered in log
  spec = self.interp_func(np.log(angle))
/lcrc/project/SPT3G/users/ac.yomori/repo/cosmosis-standard-library/shear/cl_to_xi_fullsky/cl_to_xi.py:36: RuntimeWarning: divide by zero encountered in log
  spec = np.exp(self.interp_func(np.log(angle)))
/lcrc/project/SPT3G/users/ac.yomori/repo/cosmosis-standard-library/structure/projection/projection_tools/kernel.py:35: UserWarning: Some of your n(z) or other kernels are negative.
  warnings.warn("Some of your n(z) or other kernels are negative.")
/lcrc/project/SPT3G/users/ac.yomori/repo/cosmosis-standard-library/structure/projection/projection_tools/kernel.py:35: UserWarning: Some of your n(z) or other kernels are negative.
  warnings.warn("Some of your n(z) or other kernels are negative.")
/lcrc/project/SPT3G/users/ac.yomori/repo/cosmosis-standard-library/structure/projection/projection_tools/kernel.py:35: UserWarning: Some of your n(z) or other kernels are negative.
  warnings.warn("Some of your n(z) or other kernels are negative.")
/lcrc/project/SPT3G/users/ac.yomori/repo/cosmosis-standard-library/shear/cl_to_xi_fullsky/cl_to_xi.py:36: RuntimeWarning: divide by zero encountered in log
  spec = np.exp(self.interp_func(np.log(angle)))
/lcrc/project/SPT3G/users/ac.yomori/repo/cosmosis-standard-library/shear/cl_to_xi_fullsky/cl_to_xi.py:36: RuntimeWarning: divide by zero encountered in log
  spec = np.exp(self.interp_func(np.log(angle)))
/lcrc/project/SPT3G/users/ac.yomori/repo/cosmosis-standard-library/structure/projection/projection_tools/kernel.py:35: UserWarning: Some of your n(z) or other kernels are negative.
  warnings.warn("Some of your n(z) or other kernels are negative.")
/lcrc/project/SPT3G/users/ac.yomori/repo/cosmosis-standard-library/shear/cl_to_xi_fullsky/cl_to_xi.py:41: RuntimeWarning: divide by zero encountered in log
  spec = self.interp_func(np.log(angle))
/lcrc/project/SPT3G/users/ac.yomori/repo/cosmosis-standard-library/shear/cl_to_xi_fullsky/cl_to_xi.py:36: RuntimeWarning: divide by zero encountered in log
  spec = np.exp(self.interp_func(np.log(angle)))
/lcrc/project/SPT3G/users/ac.yomori/repo/cosmosis-standard-library/structure/projection/projection_tools/kernel.py:35: UserWarning: Some of your n(z) or other kernels are negative.
  warnings.warn("Some of your n(z) or other kernels are negative.")
/lcrc/project/SPT3G/users/ac.yomori/repo/cosmosis-standard-library/structure/projection/projection_tools/kernel.py:178: RuntimeWarning: invalid value encountered in divide
  nchi_spline.y * (nchi_spline.x - chi)/nchi_spline.x, 0.)
/lcrc/project/SPT3G/users/ac.yomori/repo/cosmosis-standard-library/structure/projection/projection_tools/kernel.py:178: RuntimeWarning: divide by zero encountered in divide
  nchi_spline.y * (nchi_spline.x - chi)/nchi_spline.x, 0.)
/lcrc/project/SPT3G/users/ac.yomori/repo/cosmosis-standard-library/shear/cl_to_xi_fullsky/cl_to_xi.py:41: RuntimeWarning: divide by zero encountered in log
  spec = self.interp_func(np.log(angle))
/lcrc/project/SPT3G/users/ac.yomori/repo/cosmosis-standard-library/shear/cl_to_xi_fullsky/cl_to_xi.py:36: RuntimeWarning: divide by zero encountered in log
  spec = np.exp(self.interp_func(np.log(angle)))
/lcrc/project/SPT3G/users/ac.yomori/repo/cosmosis-standard-library/shear/cl_to_xi_fullsky/cl_to_xi.py:38: RuntimeWarning: divide by zero encountered in log
  spec = -np.exp(self.interp_func(np.log(angle)))
/lcrc/project/SPT3G/users/ac.yomori/repo/cosmosis-standard-library/structure/projection/projection_tools/kernel.py:35: UserWarning: Some of your n(z) or other kernels are negative.
  warnings.warn("Some of your n(z) or other kernels are negative.")
/lcrc/project/SPT3G/users/ac.yomori/repo/cosmosis-standard-library/shear/cl_to_xi_fullsky/cl_to_xi.py:36: RuntimeWarning: divide by zero encountered in log
  spec = np.exp(self.interp_func(np.log(angle)))
/lcrc/project/SPT3G/users/ac.yomori/repo/cosmosis-standard-library/structure/projection/projection_tools/kernel.py:35: UserWarning: Some of your n(z) or other kernels are negative.
  warnings.warn("Some of your n(z) or other kernels are negative.")
/lcrc/project/SPT3G/users/ac.yomori/repo/cosmosis-standard-library/shear/cl_to_xi_fullsky/cl_to_xi.py:41: RuntimeWarning: divide by zero encountered in log
  spec = self.interp_func(np.log(angle))
/lcrc/project/SPT3G/users/ac.yomori/repo/cosmosis-standard-library/structure/projection/projection_tools/kernel.py:35: UserWarning: Some of your n(z) or other kernels are negative.
  warnings.warn("Some of your n(z) or other kernels are negative.")
/lcrc/project/SPT3G/users/ac.yomori/repo/cosmosis-standard-library/structure/projection/projection_tools/kernel.py:35: UserWarning: Some of your n(z) or other kernels are negative.
  warnings.warn("Some of your n(z) or other kernels are negative.")
/lcrc/project/SPT3G/users/ac.yomori/repo/cosmosis-standard-library/shear/cl_to_xi_fullsky/cl_to_xi.py:41: RuntimeWarning: divide by zero encountered in log
  spec = self.interp_func(np.log(angle))
/lcrc/project/SPT3G/users/ac.yomori/repo/cosmosis-standard-library/structure/projection/projection_tools/kernel.py:178: RuntimeWarning: invalid value encountered in divide
  nchi_spline.y * (nchi_spline.x - chi)/nchi_spline.x, 0.)
/lcrc/project/SPT3G/users/ac.yomori/repo/cosmosis-standard-library/structure/projection/projection_tools/kernel.py:178: RuntimeWarning: divide by zero encountered in divide
  nchi_spline.y * (nchi_spline.x - chi)/nchi_spline.x, 0.)
/lcrc/project/SPT3G/users/ac.yomori/repo/cosmosis-standard-library/shear/cl_to_xi_fullsky/cl_to_xi.py:38: RuntimeWarning: divide by zero encountered in log
  spec = -np.exp(self.interp_func(np.log(angle)))
/lcrc/project/SPT3G/users/ac.yomori/repo/cosmosis-standard-library/shear/cl_to_xi_fullsky/cl_to_xi.py:36: RuntimeWarning: divide by zero encountered in log
  spec = np.exp(self.interp_func(np.log(angle)))
/lcrc/project/SPT3G/users/ac.yomori/repo/cosmosis-standard-library/structure/projection/projection_tools/kernel.py:35: UserWarning: Some of your n(z) or other kernels are negative.
  warnings.warn("Some of your n(z) or other kernels are negative.")
/lcrc/project/SPT3G/users/ac.yomori/repo/cosmosis-standard-library/shear/cl_to_xi_fullsky/cl_to_xi.py:36: RuntimeWarning: divide by zero encountered in log
  spec = np.exp(self.interp_func(np.log(angle)))
/lcrc/project/SPT3G/users/ac.yomori/repo/cosmosis-standard-library/shear/cl_to_xi_fullsky/cl_to_xi.py:36: RuntimeWarning: divide by zero encountered in log
  spec = np.exp(self.interp_func(np.log(angle)))
/lcrc/project/SPT3G/users/ac.yomori/repo/cosmosis-standard-library/structure/projection/projection_tools/kernel.py:35: UserWarning: Some of your n(z) or other kernels are negative.
  warnings.warn("Some of your n(z) or other kernels are negative.")
/lcrc/project/SPT3G/users/ac.yomori/repo/cosmosis-standard-library/structure/projection/projection_tools/kernel.py:35: UserWarning: Some of your n(z) or other kernels are negative.
  warnings.warn("Some of your n(z) or other kernels are negative.")
/lcrc/project/SPT3G/users/ac.yomori/repo/cosmosis-standard-library/structure/projection/projection_tools/kernel.py:35: UserWarning: Some of your n(z) or other kernels are negative.
  warnings.warn("Some of your n(z) or other kernels are negative.")
/lcrc/project/SPT3G/users/ac.yomori/repo/cosmosis-standard-library/structure/projection/projection_tools/kernel.py:35: UserWarning: Some of your n(z) or other kernels are negative.
  warnings.warn("Some of your n(z) or other kernels are negative.")
/lcrc/project/SPT3G/users/ac.yomori/repo/cosmosis-standard-library/shear/cl_to_xi_fullsky/cl_to_xi.py:36: RuntimeWarning: divide by zero encountered in log
  spec = np.exp(self.interp_func(np.log(angle)))
/lcrc/project/SPT3G/users/ac.yomori/repo/cosmosis-standard-library/shear/cl_to_xi_fullsky/cl_to_xi.py:41: RuntimeWarning: divide by zero encountered in log
  spec = self.interp_func(np.log(angle))
/lcrc/project/SPT3G/users/ac.yomori/repo/cosmosis-standard-library/shear/cl_to_xi_fullsky/cl_to_xi.py:36: RuntimeWarning: divide by zero encountered in log
  spec = np.exp(self.interp_func(np.log(angle)))
/lcrc/project/SPT3G/users/ac.yomori/repo/cosmosis-standard-library/shear/cl_to_xi_fullsky/cl_to_xi.py:36: RuntimeWarning: divide by zero encountered in log
  spec = np.exp(self.interp_func(np.log(angle)))
/lcrc/project/SPT3G/users/ac.yomori/repo/cosmosis-standard-library/shear/cl_to_xi_fullsky/cl_to_xi.py:41: RuntimeWarning: divide by zero encountered in log
  spec = self.interp_func(np.log(angle))
/lcrc/project/SPT3G/users/ac.yomori/repo/cosmosis-standard-library/structure/projection/projection_tools/kernel.py:35: UserWarning: Some of your n(z) or other kernels are negative.
  warnings.warn("Some of your n(z) or other kernels are negative.")
/lcrc/project/SPT3G/users/ac.yomori/repo/cosmosis-standard-library/shear/cl_to_xi_fullsky/cl_to_xi.py:36: RuntimeWarning: divide by zero encountered in log
  spec = np.exp(self.interp_func(np.log(angle)))
/lcrc/project/SPT3G/users/ac.yomori/repo/cosmosis-standard-library/structure/projection/projection_tools/kernel.py:35: UserWarning: Some of your n(z) or other kernels are negative.
  warnings.warn("Some of your n(z) or other kernels are negative.")
/lcrc/project/SPT3G/users/ac.yomori/repo/cosmosis-standard-library/shear/cl_to_xi_fullsky/cl_to_xi.py:36: RuntimeWarning: divide by zero encountered in log
  spec = np.exp(self.interp_func(np.log(angle)))
/lcrc/project/SPT3G/users/ac.yomori/repo/cosmosis-standard-library/shear/cl_to_xi_fullsky/cl_to_xi.py:38: RuntimeWarning: divide by zero encountered in log
  spec = -np.exp(self.interp_func(np.log(angle)))
/lcrc/project/SPT3G/users/ac.yomori/repo/cosmosis-standard-library/shear/cl_to_xi_fullsky/cl_to_xi.py:38: RuntimeWarning: divide by zero encountered in log
  spec = -np.exp(self.interp_func(np.log(angle)))
/lcrc/project/SPT3G/users/ac.yomori/repo/cosmosis-standard-library/shear/cl_to_xi_fullsky/cl_to_xi.py:41: RuntimeWarning: divide by zero encountered in log
  spec = self.interp_func(np.log(angle))
/lcrc/project/SPT3G/users/ac.yomori/repo/cosmosis-standard-library/structure/projection/projection_tools/kernel.py:35: UserWarning: Some of your n(z) or other kernels are negative.
  warnings.warn("Some of your n(z) or other kernels are negative.")
/lcrc/project/SPT3G/users/ac.yomori/repo/cosmosis-standard-library/shear/cl_to_xi_fullsky/cl_to_xi.py:41: RuntimeWarning: divide by zero encountered in log
  spec = self.interp_func(np.log(angle))
/lcrc/project/SPT3G/users/ac.yomori/repo/cosmosis-standard-library/shear/cl_to_xi_fullsky/cl_to_xi.py:36: RuntimeWarning: divide by zero encountered in log
  spec = np.exp(self.interp_func(np.log(angle)))
/lcrc/project/SPT3G/users/ac.yomori/repo/cosmosis-standard-library/shear/cl_to_xi_fullsky/cl_to_xi.py:41: RuntimeWarning: divide by zero encountered in log
  spec = self.interp_func(np.log(angle))
/lcrc/project/SPT3G/users/ac.yomori/repo/cosmosis-standard-library/shear/cl_to_xi_fullsky/cl_to_xi.py:36: RuntimeWarning: divide by zero encountered in log
  spec = np.exp(self.interp_func(np.log(angle)))
/lcrc/project/SPT3G/users/ac.yomori/repo/cosmosis-standard-library/structure/projection/projection_tools/kernel.py:35: UserWarning: Some of your n(z) or other kernels are negative.
  warnings.warn("Some of your n(z) or other kernels are negative.")
/lcrc/project/SPT3G/users/ac.yomori/repo/cosmosis-standard-library/shear/cl_to_xi_fullsky/cl_to_xi.py:38: RuntimeWarning: divide by zero encountered in log
  spec = -np.exp(self.interp_func(np.log(angle)))
/lcrc/project/SPT3G/users/ac.yomori/repo/cosmosis-standard-library/shear/cl_to_xi_fullsky/cl_to_xi.py:36: RuntimeWarning: divide by zero encountered in log
  spec = np.exp(self.interp_func(np.log(angle)))
/lcrc/project/SPT3G/users/ac.yomori/repo/cosmosis-standard-library/shear/cl_to_xi_fullsky/cl_to_xi.py:36: RuntimeWarning: divide by zero encountered in log
  spec = np.exp(self.interp_func(np.log(angle)))
/lcrc/project/SPT3G/users/ac.yomori/repo/cosmosis-standard-library/shear/cl_to_xi_fullsky/cl_to_xi.py:41: RuntimeWarning: divide by zero encountered in log
  spec = self.interp_func(np.log(angle))
/lcrc/project/SPT3G/users/ac.yomori/repo/cosmosis-standard-library/structure/projection/projection_tools/kernel.py:35: UserWarning: Some of your n(z) or other kernels are negative.
  warnings.warn("Some of your n(z) or other kernels are negative.")
/lcrc/project/SPT3G/users/ac.yomori/repo/cosmosis-standard-library/structure/projection/projection_tools/kernel.py:35: UserWarning: Some of your n(z) or other kernels are negative.
  warnings.warn("Some of your n(z) or other kernels are negative.")
/lcrc/project/SPT3G/users/ac.yomori/repo/cosmosis-standard-library/shear/cl_to_xi_fullsky/cl_to_xi.py:36: RuntimeWarning: divide by zero encountered in log
  spec = np.exp(self.interp_func(np.log(angle)))
/lcrc/project/SPT3G/users/ac.yomori/repo/cosmosis-standard-library/shear/cl_to_xi_fullsky/cl_to_xi.py:38: RuntimeWarning: divide by zero encountered in log
  spec = -np.exp(self.interp_func(np.log(angle)))
/lcrc/project/SPT3G/users/ac.yomori/repo/cosmosis-standard-library/shear/cl_to_xi_fullsky/cl_to_xi.py:41: RuntimeWarning: divide by zero encountered in log
  spec = self.interp_func(np.log(angle))
/lcrc/project/SPT3G/users/ac.yomori/repo/cosmosis-standard-library/structure/projection/projection_tools/kernel.py:35: UserWarning: Some of your n(z) or other kernels are negative.
  warnings.warn("Some of your n(z) or other kernels are negative.")
/lcrc/project/SPT3G/users/ac.yomori/repo/cosmosis-standard-library/shear/cl_to_xi_fullsky/cl_to_xi.py:36: RuntimeWarning: divide by zero encountered in log
  spec = np.exp(self.interp_func(np.log(angle)))
/lcrc/project/SPT3G/users/ac.yomori/repo/cosmosis-standard-library/shear/cl_to_xi_fullsky/cl_to_xi.py:41: RuntimeWarning: divide by zero encountered in log
  spec = self.interp_func(np.log(angle))
/lcrc/project/SPT3G/users/ac.yomori/repo/cosmosis-standard-library/shear/cl_to_xi_fullsky/cl_to_xi.py:36: RuntimeWarning: divide by zero encountered in log
  spec = np.exp(self.interp_func(np.log(angle)))
/lcrc/project/SPT3G/users/ac.yomori/repo/cosmosis-standard-library/shear/cl_to_xi_fullsky/cl_to_xi.py:38: RuntimeWarning: divide by zero encountered in log
  spec = -np.exp(self.interp_func(np.log(angle)))
/lcrc/project/SPT3G/users/ac.yomori/repo/cosmosis-standard-library/shear/cl_to_xi_fullsky/cl_to_xi.py:36: RuntimeWarning: divide by zero encountered in log
  spec = np.exp(self.interp_func(np.log(angle)))
/lcrc/project/SPT3G/users/ac.yomori/repo/cosmosis-standard-library/shear/cl_to_xi_fullsky/cl_to_xi.py:36: RuntimeWarning: divide by zero encountered in log
  spec = np.exp(self.interp_func(np.log(angle)))
/lcrc/project/SPT3G/users/ac.yomori/repo/cosmosis-standard-library/structure/projection/projection_tools/kernel.py:35: UserWarning: Some of your n(z) or other kernels are negative.
  warnings.warn("Some of your n(z) or other kernels are negative.")
/lcrc/project/SPT3G/users/ac.yomori/repo/cosmosis-standard-library/shear/cl_to_xi_fullsky/cl_to_xi.py:36: RuntimeWarning: divide by zero encountered in log
  spec = np.exp(self.interp_func(np.log(angle)))
/lcrc/project/SPT3G/users/ac.yomori/repo/cosmosis-standard-library/shear/cl_to_xi_fullsky/cl_to_xi.py:41: RuntimeWarning: divide by zero encountered in log
  spec = self.interp_func(np.log(angle))
/lcrc/project/SPT3G/users/ac.yomori/repo/cosmosis-standard-library/shear/cl_to_xi_fullsky/cl_to_xi.py:38: RuntimeWarning: divide by zero encountered in log
  spec = -np.exp(self.interp_func(np.log(angle)))
/lcrc/project/SPT3G/users/ac.yomori/repo/cosmosis-standard-library/shear/cl_to_xi_fullsky/cl_to_xi.py:41: RuntimeWarning: divide by zero encountered in log
  spec = self.interp_func(np.log(angle))
/lcrc/project/SPT3G/users/ac.yomori/repo/cosmosis-standard-library/shear/cl_to_xi_fullsky/cl_to_xi.py:36: RuntimeWarning: divide by zero encountered in log
  spec = np.exp(self.interp_func(np.log(angle)))
/lcrc/project/SPT3G/users/ac.yomori/repo/cosmosis-standard-library/structure/projection/projection_tools/kernel.py:35: UserWarning: Some of your n(z) or other kernels are negative.
  warnings.warn("Some of your n(z) or other kernels are negative.")
/lcrc/project/SPT3G/users/ac.yomori/repo/cosmosis-standard-library/structure/projection/projection_tools/kernel.py:35: UserWarning: Some of your n(z) or other kernels are negative.
  warnings.warn("Some of your n(z) or other kernels are negative.")
/lcrc/project/SPT3G/users/ac.yomori/repo/cosmosis-standard-library/shear/cl_to_xi_fullsky/cl_to_xi.py:36: RuntimeWarning: divide by zero encountered in log
  spec = np.exp(self.interp_func(np.log(angle)))
/lcrc/project/SPT3G/users/ac.yomori/repo/cosmosis-standard-library/shear/cl_to_xi_fullsky/cl_to_xi.py:36: RuntimeWarning: divide by zero encountered in log
  spec = np.exp(self.interp_func(np.log(angle)))
/lcrc/project/SPT3G/users/ac.yomori/repo/cosmosis-standard-library/shear/cl_to_xi_fullsky/cl_to_xi.py:41: RuntimeWarning: divide by zero encountered in log
  spec = self.interp_func(np.log(angle))
/lcrc/project/SPT3G/users/ac.yomori/repo/cosmosis-standard-library/shear/cl_to_xi_fullsky/cl_to_xi.py:41: RuntimeWarning: divide by zero encountered in log
  spec = self.interp_func(np.log(angle))
/lcrc/project/SPT3G/users/ac.yomori/repo/cosmosis-standard-library/shear/cl_to_xi_fullsky/cl_to_xi.py:38: RuntimeWarning: divide by zero encountered in log
  spec = -np.exp(self.interp_func(np.log(angle)))
/lcrc/project/SPT3G/users/ac.yomori/repo/cosmosis-standard-library/shear/cl_to_xi_fullsky/cl_to_xi.py:38: RuntimeWarning: divide by zero encountered in log
  spec = -np.exp(self.interp_func(np.log(angle)))
/lcrc/project/SPT3G/users/ac.yomori/repo/cosmosis-standard-library/shear/cl_to_xi_fullsky/cl_to_xi.py:38: RuntimeWarning: divide by zero encountered in log
  spec = -np.exp(self.interp_func(np.log(angle)))
/lcrc/project/SPT3G/users/ac.yomori/repo/cosmosis-standard-library/shear/cl_to_xi_fullsky/cl_to_xi.py:41: RuntimeWarning: divide by zero encountered in log
  spec = self.interp_func(np.log(angle))
/lcrc/project/SPT3G/users/ac.yomori/repo/cosmosis-standard-library/shear/cl_to_xi_fullsky/cl_to_xi.py:36: RuntimeWarning: divide by zero encountered in log
  spec = np.exp(self.interp_func(np.log(angle)))
/lcrc/project/SPT3G/users/ac.yomori/repo/cosmosis-standard-library/shear/cl_to_xi_fullsky/cl_to_xi.py:36: RuntimeWarning: divide by zero encountered in log
  spec = np.exp(self.interp_func(np.log(angle)))
/lcrc/project/SPT3G/users/ac.yomori/repo/cosmosis-standard-library/shear/cl_to_xi_fullsky/cl_to_xi.py:36: RuntimeWarning: divide by zero encountered in log
  spec = np.exp(self.interp_func(np.log(angle)))
/lcrc/project/SPT3G/users/ac.yomori/repo/cosmosis-standard-library/structure/projection/projection_tools/kernel.py:35: UserWarning: Some of your n(z) or other kernels are negative.
  warnings.warn("Some of your n(z) or other kernels are negative.")
/lcrc/project/SPT3G/users/ac.yomori/repo/cosmosis-standard-library/shear/cl_to_xi_fullsky/cl_to_xi.py:36: RuntimeWarning: divide by zero encountered in log
  spec = np.exp(self.interp_func(np.log(angle)))
/lcrc/project/SPT3G/users/ac.yomori/repo/cosmosis-standard-library/shear/cl_to_xi_fullsky/cl_to_xi.py:36: RuntimeWarning: divide by zero encountered in log
  spec = np.exp(self.interp_func(np.log(angle)))
/lcrc/project/SPT3G/users/ac.yomori/repo/cosmosis-standard-library/shear/cl_to_xi_fullsky/cl_to_xi.py:36: RuntimeWarning: divide by zero encountered in log
  spec = np.exp(self.interp_func(np.log(angle)))
/lcrc/project/SPT3G/users/ac.yomori/repo/cosmosis-standard-library/structure/projection/projection_tools/kernel.py:35: UserWarning: Some of your n(z) or other kernels are negative.
  warnings.warn("Some of your n(z) or other kernels are negative.")
/lcrc/project/SPT3G/users/ac.yomori/repo/cosmosis-standard-library/shear/cl_to_xi_fullsky/cl_to_xi.py:41: RuntimeWarning: divide by zero encountered in log
  spec = self.interp_func(np.log(angle))
/lcrc/project/SPT3G/users/ac.yomori/repo/cosmosis-standard-library/shear/cl_to_xi_fullsky/cl_to_xi.py:36: RuntimeWarning: divide by zero encountered in log
  spec = np.exp(self.interp_func(np.log(angle)))
/lcrc/project/SPT3G/users/ac.yomori/repo/cosmosis-standard-library/shear/cl_to_xi_fullsky/cl_to_xi.py:38: RuntimeWarning: divide by zero encountered in log
  spec = -np.exp(self.interp_func(np.log(angle)))
/lcrc/project/SPT3G/users/ac.yomori/repo/cosmosis-standard-library/shear/cl_to_xi_fullsky/cl_to_xi.py:36: RuntimeWarning: divide by zero encountered in log
  spec = np.exp(self.interp_func(np.log(angle)))
/lcrc/project/SPT3G/users/ac.yomori/repo/cosmosis-standard-library/shear/cl_to_xi_fullsky/cl_to_xi.py:36: RuntimeWarning: divide by zero encountered in log
  spec = np.exp(self.interp_func(np.log(angle)))
/lcrc/project/SPT3G/users/ac.yomori/repo/cosmosis-standard-library/structure/projection/projection_tools/kernel.py:35: UserWarning: Some of your n(z) or other kernels are negative.
  warnings.warn("Some of your n(z) or other kernels are negative.")
/lcrc/project/SPT3G/users/ac.yomori/repo/cosmosis-standard-library/shear/cl_to_xi_fullsky/cl_to_xi.py:41: RuntimeWarning: divide by zero encountered in log
  spec = self.interp_func(np.log(angle))
/lcrc/project/SPT3G/users/ac.yomori/repo/cosmosis-standard-library/shear/cl_to_xi_fullsky/cl_to_xi.py:36: RuntimeWarning: divide by zero encountered in log
  spec = np.exp(self.interp_func(np.log(angle)))
/lcrc/project/SPT3G/users/ac.yomori/repo/cosmosis-standard-library/shear/cl_to_xi_fullsky/cl_to_xi.py:36: RuntimeWarning: divide by zero encountered in log
  spec = np.exp(self.interp_func(np.log(angle)))
/lcrc/project/SPT3G/users/ac.yomori/repo/cosmosis-standard-library/shear/cl_to_xi_fullsky/cl_to_xi.py:41: RuntimeWarning: divide by zero encountered in log
  spec = self.interp_func(np.log(angle))
/lcrc/project/SPT3G/users/ac.yomori/repo/cosmosis-standard-library/shear/cl_to_xi_fullsky/cl_to_xi.py:38: RuntimeWarning: divide by zero encountered in log
  spec = -np.exp(self.interp_func(np.log(angle)))
/lcrc/project/SPT3G/users/ac.yomori/repo/cosmosis-standard-library/shear/cl_to_xi_fullsky/cl_to_xi.py:36: RuntimeWarning: divide by zero encountered in log
  spec = np.exp(self.interp_func(np.log(angle)))
/lcrc/project/SPT3G/users/ac.yomori/repo/cosmosis-standard-library/shear/cl_to_xi_fullsky/cl_to_xi.py:41: RuntimeWarning: divide by zero encountered in log
  spec = self.interp_func(np.log(angle))
/lcrc/project/SPT3G/users/ac.yomori/repo/cosmosis-standard-library/shear/cl_to_xi_fullsky/cl_to_xi.py:41: RuntimeWarning: divide by zero encountered in log
  spec = self.interp_func(np.log(angle))
/lcrc/project/SPT3G/users/ac.yomori/repo/cosmosis-standard-library/shear/cl_to_xi_fullsky/cl_to_xi.py:36: RuntimeWarning: divide by zero encountered in log
  spec = np.exp(self.interp_func(np.log(angle)))
/lcrc/project/SPT3G/users/ac.yomori/repo/cosmosis-standard-library/shear/cl_to_xi_fullsky/cl_to_xi.py:41: RuntimeWarning: divide by zero encountered in log
  spec = self.interp_func(np.log(angle))
/lcrc/project/SPT3G/users/ac.yomori/repo/cosmosis-standard-library/shear/cl_to_xi_fullsky/cl_to_xi.py:41: RuntimeWarning: divide by zero encountered in log
  spec = self.interp_func(np.log(angle))
/lcrc/project/SPT3G/users/ac.yomori/repo/cosmosis-standard-library/shear/cl_to_xi_fullsky/cl_to_xi.py:41: RuntimeWarning: divide by zero encountered in log
  spec = self.interp_func(np.log(angle))
/lcrc/project/SPT3G/users/ac.yomori/repo/cosmosis-standard-library/structure/projection/projection_tools/kernel.py:178: RuntimeWarning: invalid value encountered in divide
  nchi_spline.y * (nchi_spline.x - chi)/nchi_spline.x, 0.)
/lcrc/project/SPT3G/users/ac.yomori/repo/cosmosis-standard-library/structure/projection/projection_tools/kernel.py:178: RuntimeWarning: divide by zero encountered in divide
  nchi_spline.y * (nchi_spline.x - chi)/nchi_spline.x, 0.)
/lcrc/project/SPT3G/users/ac.yomori/repo/cosmosis-standard-library/shear/cl_to_xi_fullsky/cl_to_xi.py:36: RuntimeWarning: divide by zero encountered in log
  spec = np.exp(self.interp_func(np.log(angle)))
/lcrc/project/SPT3G/users/ac.yomori/repo/cosmosis-standard-library/structure/projection/projection_tools/kernel.py:35: UserWarning: Some of your n(z) or other kernels are negative.
  warnings.warn("Some of your n(z) or other kernels are negative.")
/lcrc/project/SPT3G/users/ac.yomori/repo/cosmosis-standard-library/structure/projection/projection_tools/kernel.py:35: UserWarning: Some of your n(z) or other kernels are negative.
  warnings.warn("Some of your n(z) or other kernels are negative.")
/lcrc/project/SPT3G/users/ac.yomori/repo/cosmosis-standard-library/structure/projection/projection_tools/kernel.py:35: UserWarning: Some of your n(z) or other kernels are negative.
  warnings.warn("Some of your n(z) or other kernels are negative.")
/lcrc/project/SPT3G/users/ac.yomori/repo/cosmosis-standard-library/shear/cl_to_xi_fullsky/cl_to_xi.py:36: RuntimeWarning: divide by zero encountered in log
  spec = np.exp(self.interp_func(np.log(angle)))
/lcrc/project/SPT3G/users/ac.yomori/repo/cosmosis-standard-library/shear/cl_to_xi_fullsky/cl_to_xi.py:36: RuntimeWarning: divide by zero encountered in log
  spec = np.exp(self.interp_func(np.log(angle)))
/lcrc/project/SPT3G/users/ac.yomori/repo/cosmosis-standard-library/structure/projection/projection_tools/kernel.py:35: UserWarning: Some of your n(z) or other kernels are negative.
  warnings.warn("Some of your n(z) or other kernels are negative.")
/lcrc/project/SPT3G/users/ac.yomori/repo/cosmosis-standard-library/structure/projection/projection_tools/kernel.py:178: RuntimeWarning: invalid value encountered in divide
  nchi_spline.y * (nchi_spline.x - chi)/nchi_spline.x, 0.)
/lcrc/project/SPT3G/users/ac.yomori/repo/cosmosis-standard-library/structure/projection/projection_tools/kernel.py:178: RuntimeWarning: divide by zero encountered in divide
  nchi_spline.y * (nchi_spline.x - chi)/nchi_spline.x, 0.)
/lcrc/project/SPT3G/users/ac.yomori/repo/cosmosis-standard-library/structure/projection/projection_tools/kernel.py:35: UserWarning: Some of your n(z) or other kernels are negative.
  warnings.warn("Some of your n(z) or other kernels are negative.")
/lcrc/project/SPT3G/users/ac.yomori/repo/cosmosis-standard-library/structure/projection/projection_tools/kernel.py:35: UserWarning: Some of your n(z) or other kernels are negative.
  warnings.warn("Some of your n(z) or other kernels are negative.")
/lcrc/project/SPT3G/users/ac.yomori/repo/cosmosis-standard-library/structure/projection/projection_tools/kernel.py:35: UserWarning: Some of your n(z) or other kernels are negative.
  warnings.warn("Some of your n(z) or other kernels are negative.")
/lcrc/project/SPT3G/users/ac.yomori/repo/cosmosis-standard-library/structure/projection/projection_tools/kernel.py:35: UserWarning: Some of your n(z) or other kernels are negative.
  warnings.warn("Some of your n(z) or other kernels are negative.")
/lcrc/project/SPT3G/users/ac.yomori/repo/cosmosis-standard-library/shear/cl_to_xi_fullsky/cl_to_xi.py:36: RuntimeWarning: divide by zero encountered in log
  spec = np.exp(self.interp_func(np.log(angle)))
/lcrc/project/SPT3G/users/ac.yomori/repo/cosmosis-standard-library/shear/cl_to_xi_fullsky/cl_to_xi.py:36: RuntimeWarning: divide by zero encountered in log
  spec = np.exp(self.interp_func(np.log(angle)))
/lcrc/project/SPT3G/users/ac.yomori/repo/cosmosis-standard-library/shear/cl_to_xi_fullsky/cl_to_xi.py:41: RuntimeWarning: divide by zero encountered in log
  spec = self.interp_func(np.log(angle))
/lcrc/project/SPT3G/users/ac.yomori/repo/cosmosis-standard-library/shear/cl_to_xi_fullsky/cl_to_xi.py:36: RuntimeWarning: divide by zero encountered in log
  spec = np.exp(self.interp_func(np.log(angle)))
/lcrc/project/SPT3G/users/ac.yomori/repo/cosmosis-standard-library/shear/cl_to_xi_fullsky/cl_to_xi.py:36: RuntimeWarning: divide by zero encountered in log
  spec = np.exp(self.interp_func(np.log(angle)))
/lcrc/project/SPT3G/users/ac.yomori/repo/cosmosis-standard-library/shear/cl_to_xi_fullsky/cl_to_xi.py:41: RuntimeWarning: divide by zero encountered in log
  spec = self.interp_func(np.log(angle))
/lcrc/project/SPT3G/users/ac.yomori/repo/cosmosis-standard-library/shear/cl_to_xi_fullsky/cl_to_xi.py:36: RuntimeWarning: divide by zero encountered in log
  spec = np.exp(self.interp_func(np.log(angle)))
/lcrc/project/SPT3G/users/ac.yomori/repo/cosmosis-standard-library/shear/cl_to_xi_fullsky/cl_to_xi.py:36: RuntimeWarning: divide by zero encountered in log
  spec = np.exp(self.interp_func(np.log(angle)))
/lcrc/project/SPT3G/users/ac.yomori/repo/cosmosis-standard-library/shear/cl_to_xi_fullsky/cl_to_xi.py:41: RuntimeWarning: divide by zero encountered in log
  spec = self.interp_func(np.log(angle))
/lcrc/project/SPT3G/users/ac.yomori/repo/cosmosis-standard-library/shear/cl_to_xi_fullsky/cl_to_xi.py:36: RuntimeWarning: divide by zero encountered in log
  spec = np.exp(self.interp_func(np.log(angle)))
/lcrc/project/SPT3G/users/ac.yomori/repo/cosmosis-standard-library/shear/cl_to_xi_fullsky/cl_to_xi.py:41: RuntimeWarning: divide by zero encountered in log
  spec = self.interp_func(np.log(angle))
/lcrc/project/SPT3G/users/ac.yomori/repo/cosmosis-standard-library/shear/cl_to_xi_fullsky/cl_to_xi.py:38: RuntimeWarning: divide by zero encountered in log
  spec = -np.exp(self.interp_func(np.log(angle)))
/lcrc/project/SPT3G/users/ac.yomori/repo/cosmosis-standard-library/shear/cl_to_xi_fullsky/cl_to_xi.py:36: RuntimeWarning: divide by zero encountered in log
  spec = np.exp(self.interp_func(np.log(angle)))
/lcrc/project/SPT3G/users/ac.yomori/repo/cosmosis-standard-library/shear/cl_to_xi_fullsky/cl_to_xi.py:41: RuntimeWarning: divide by zero encountered in log
  spec = self.interp_func(np.log(angle))
/lcrc/project/SPT3G/users/ac.yomori/repo/cosmosis-standard-library/structure/projection/projection_tools/kernel.py:35: UserWarning: Some of your n(z) or other kernels are negative.
  warnings.warn("Some of your n(z) or other kernels are negative.")
/lcrc/project/SPT3G/users/ac.yomori/repo/cosmosis-standard-library/structure/projection/projection_tools/kernel.py:35: UserWarning: Some of your n(z) or other kernels are negative.
  warnings.warn("Some of your n(z) or other kernels are negative.")
/lcrc/project/SPT3G/users/ac.yomori/repo/cosmosis-standard-library/structure/projection/projection_tools/kernel.py:35: UserWarning: Some of your n(z) or other kernels are negative.
  warnings.warn("Some of your n(z) or other kernels are negative.")
/lcrc/project/SPT3G/users/ac.yomori/repo/cosmosis-standard-library/structure/projection/projection_tools/kernel.py:35: UserWarning: Some of your n(z) or other kernels are negative.
  warnings.warn("Some of your n(z) or other kernels are negative.")
/lcrc/project/SPT3G/users/ac.yomori/repo/cosmosis-standard-library/shear/cl_to_xi_fullsky/cl_to_xi.py:36: RuntimeWarning: divide by zero encountered in log
  spec = np.exp(self.interp_func(np.log(angle)))
/lcrc/project/SPT3G/users/ac.yomori/repo/cosmosis-standard-library/shear/cl_to_xi_fullsky/cl_to_xi.py:41: RuntimeWarning: divide by zero encountered in log
  spec = self.interp_func(np.log(angle))
/lcrc/project/SPT3G/users/ac.yomori/repo/cosmosis-standard-library/shear/cl_to_xi_fullsky/cl_to_xi.py:36: RuntimeWarning: divide by zero encountered in log
  spec = np.exp(self.interp_func(np.log(angle)))
/lcrc/project/SPT3G/users/ac.yomori/repo/cosmosis-standard-library/shear/cl_to_xi_fullsky/cl_to_xi.py:41: RuntimeWarning: divide by zero encountered in log
  spec = self.interp_func(np.log(angle))
/lcrc/project/SPT3G/users/ac.yomori/repo/cosmosis-standard-library/structure/projection/projection_tools/kernel.py:35: UserWarning: Some of your n(z) or other kernels are negative.
  warnings.warn("Some of your n(z) or other kernels are negative.")
/lcrc/project/SPT3G/users/ac.yomori/repo/cosmosis-standard-library/shear/cl_to_xi_fullsky/cl_to_xi.py:36: RuntimeWarning: divide by zero encountered in log
  spec = np.exp(self.interp_func(np.log(angle)))
/lcrc/project/SPT3G/users/ac.yomori/repo/cosmosis-standard-library/shear/cl_to_xi_fullsky/cl_to_xi.py:41: RuntimeWarning: divide by zero encountered in log
  spec = self.interp_func(np.log(angle))
/lcrc/project/SPT3G/users/ac.yomori/repo/cosmosis-standard-library/shear/cl_to_xi_fullsky/cl_to_xi.py:36: RuntimeWarning: divide by zero encountered in log
  spec = np.exp(self.interp_func(np.log(angle)))
/lcrc/project/SPT3G/users/ac.yomori/repo/cosmosis-standard-library/shear/cl_to_xi_fullsky/cl_to_xi.py:41: RuntimeWarning: divide by zero encountered in log
  spec = self.interp_func(np.log(angle))
/lcrc/project/SPT3G/users/ac.yomori/repo/cosmosis-standard-library/structure/projection/projection_tools/kernel.py:35: UserWarning: Some of your n(z) or other kernels are negative.
  warnings.warn("Some of your n(z) or other kernels are negative.")
/lcrc/project/SPT3G/users/ac.yomori/repo/cosmosis-standard-library/shear/cl_to_xi_fullsky/cl_to_xi.py:36: RuntimeWarning: divide by zero encountered in log
  spec = np.exp(self.interp_func(np.log(angle)))
/lcrc/project/SPT3G/users/ac.yomori/repo/cosmosis-standard-library/shear/cl_to_xi_fullsky/cl_to_xi.py:36: RuntimeWarning: divide by zero encountered in log
  spec = np.exp(self.interp_func(np.log(angle)))
/lcrc/project/SPT3G/users/ac.yomori/repo/cosmosis-standard-library/structure/projection/projection_tools/kernel.py:35: UserWarning: Some of your n(z) or other kernels are negative.
  warnings.warn("Some of your n(z) or other kernels are negative.")
/lcrc/project/SPT3G/users/ac.yomori/repo/cosmosis-standard-library/shear/cl_to_xi_fullsky/cl_to_xi.py:36: RuntimeWarning: divide by zero encountered in log
  spec = np.exp(self.interp_func(np.log(angle)))
/lcrc/project/SPT3G/users/ac.yomori/repo/cosmosis-standard-library/shear/cl_to_xi_fullsky/cl_to_xi.py:41: RuntimeWarning: divide by zero encountered in log
  spec = self.interp_func(np.log(angle))
/lcrc/project/SPT3G/users/ac.yomori/repo/cosmosis-standard-library/structure/projection/projection_tools/kernel.py:35: UserWarning: Some of your n(z) or other kernels are negative.
  warnings.warn("Some of your n(z) or other kernels are negative.")
/lcrc/project/SPT3G/users/ac.yomori/repo/cosmosis-standard-library/shear/cl_to_xi_fullsky/cl_to_xi.py:36: RuntimeWarning: divide by zero encountered in log
  spec = np.exp(self.interp_func(np.log(angle)))
/lcrc/project/SPT3G/users/ac.yomori/repo/cosmosis-standard-library/structure/projection/projection_tools/kernel.py:35: UserWarning: Some of your n(z) or other kernels are negative.
  warnings.warn("Some of your n(z) or other kernels are negative.")
/lcrc/project/SPT3G/users/ac.yomori/repo/cosmosis-standard-library/structure/projection/projection_tools/kernel.py:35: UserWarning: Some of your n(z) or other kernels are negative.
  warnings.warn("Some of your n(z) or other kernels are negative.")
/lcrc/project/SPT3G/users/ac.yomori/repo/cosmosis-standard-library/structure/projection/projection_tools/kernel.py:35: UserWarning: Some of your n(z) or other kernels are negative.
  warnings.warn("Some of your n(z) or other kernels are negative.")
/lcrc/project/SPT3G/users/ac.yomori/repo/cosmosis-standard-library/shear/cl_to_xi_fullsky/cl_to_xi.py:36: RuntimeWarning: divide by zero encountered in log
  spec = np.exp(self.interp_func(np.log(angle)))
/lcrc/project/SPT3G/users/ac.yomori/repo/cosmosis-standard-library/shear/cl_to_xi_fullsky/cl_to_xi.py:41: RuntimeWarning: divide by zero encountered in log
  spec = self.interp_func(np.log(angle))
/lcrc/project/SPT3G/users/ac.yomori/repo/cosmosis-standard-library/shear/cl_to_xi_fullsky/cl_to_xi.py:36: RuntimeWarning: divide by zero encountered in log
  spec = np.exp(self.interp_func(np.log(angle)))
/lcrc/project/SPT3G/users/ac.yomori/repo/cosmosis-standard-library/shear/cl_to_xi_fullsky/cl_to_xi.py:36: RuntimeWarning: divide by zero encountered in log
  spec = np.exp(self.interp_func(np.log(angle)))
/lcrc/project/SPT3G/users/ac.yomori/repo/cosmosis-standard-library/shear/cl_to_xi_fullsky/cl_to_xi.py:41: RuntimeWarning: divide by zero encountered in log
  spec = self.interp_func(np.log(angle))
/lcrc/project/SPT3G/users/ac.yomori/repo/cosmosis-standard-library/structure/projection/projection_tools/kernel.py:35: UserWarning: Some of your n(z) or other kernels are negative.
  warnings.warn("Some of your n(z) or other kernels are negative.")
/lcrc/project/SPT3G/users/ac.yomori/repo/cosmosis-standard-library/shear/cl_to_xi_fullsky/cl_to_xi.py:36: RuntimeWarning: divide by zero encountered in log
  spec = np.exp(self.interp_func(np.log(angle)))
/lcrc/project/SPT3G/users/ac.yomori/repo/cosmosis-standard-library/shear/cl_to_xi_fullsky/cl_to_xi.py:41: RuntimeWarning: divide by zero encountered in log
  spec = self.interp_func(np.log(angle))
/lcrc/project/SPT3G/users/ac.yomori/repo/cosmosis-standard-library/structure/projection/projection_tools/kernel.py:35: UserWarning: Some of your n(z) or other kernels are negative.
  warnings.warn("Some of your n(z) or other kernels are negative.")
/lcrc/project/SPT3G/users/ac.yomori/repo/cosmosis-standard-library/shear/cl_to_xi_fullsky/cl_to_xi.py:36: RuntimeWarning: divide by zero encountered in log
  spec = np.exp(self.interp_func(np.log(angle)))
Pipeline failed on these parameters: [ 1.22063125e+00  9.14680979e-01  2.49020780e-02  6.74934708e-02
  8.01088400e-01  2.69044405e-01  7.83978491e+00  6.14761533e-03
 -2.29257589e-02 -1.61946715e-02 -3.98510212e-02  2.00279459e-02
 -1.16003118e-02 -3.35998638e-03  1.32398683e-02 -8.90573155e-03
 -3.16922821e-02  1.27316470e-03 -3.08746526e-03  9.64843698e-01
  1.30917886e+00  9.57677619e-01  9.59561386e-01  1.06440468e+00
  1.82468389e+00  2.70296929e+00  1.21855958e+00 -2.44009596e+00
 -2.34291260e+00 -9.04055019e-01 -4.99961733e+00  5.18823365e-01
  9.96215587e-01  1.00172138e+00  9.86661637e-01  9.74384788e-01
  1.00356481e+00  9.67413316e-01  9.52636358e-01]
Pipeline failed on these parameters: [ 1.25586121e+00  9.54299318e-01  2.50315912e-02  6.18953133e-02
  8.05660028e-01  3.48583353e-01  7.56951458e+00 -1.24449629e-02
 -2.36857856e-02 -2.52265707e-02 -3.33716305e-02  1.98341862e-02
 -1.37957723e-02 -4.32237146e-03  1.07957025e-02 -9.46684858e-03
 -3.69919743e-02 -7.26457119e-03  3.28615800e-03  9.33910791e-01
  1.17744533e+00  9.33282515e-01  8.74604504e-01  8.01197674e-01
  1.09426400e+00  2.11473477e+00  8.25907136e-01 -1.96827954e+00
  4.37294809e+00 -1.96055104e-01 -4.88230555e+00  1.28408599e+00
  1.00004629e+00  1.00883091e+00  1.00433259e+00  9.73124102e-01
  1.00119080e+00  9.48439228e-01  9.77777872e-01]
Pipeline failed on these parameters: [ 1.18439077e+00  1.04842589e+00  2.24407432e-02  5.28158355e-02
  6.54734176e-01  3.25940137e-01  7.83384177e+00  1.61906852e-02
 -2.23463282e-02 -2.40294097e-02 -3.52337371e-02 -1.48509923e-03
  4.32929552e-03  8.12018986e-03 -1.40542681e-02 -1.17114741e-02
 -3.17373356e-02  4.45030543e-03 -1.30532982e-02  9.23657863e-01
  1.25796621e+00  9.22186683e-01  1.01538417e+00  2.76101475e+00
  1.32250892e+00  1.76219272e+00  1.30389526e+00 -3.06776844e-01
 -2.36977267e+00  1.34239206e+00  3.88041615e+00  3.23506118e-01
  9.99969169e-01  1.00769092e+00  1.00026483e+00  9.72746985e-01
  9.97119610e-01  9.71458331e-01  9.38001979e-01]
/lcrc/project/SPT3G/users/ac.yomori/repo/cosmosis-standard-library/shear/cl_to_xi_fullsky/cl_to_xi.py:41: RuntimeWarning: divide by zero encountered in log
  spec = self.interp_func(np.log(angle))
/lcrc/project/SPT3G/users/ac.yomori/repo/cosmosis-standard-library/structure/projection/projection_tools/kernel.py:178: RuntimeWarning: invalid value encountered in divide
  nchi_spline.y * (nchi_spline.x - chi)/nchi_spline.x, 0.)
/lcrc/project/SPT3G/users/ac.yomori/repo/cosmosis-standard-library/structure/projection/projection_tools/kernel.py:178: RuntimeWarning: divide by zero encountered in divide
  nchi_spline.y * (nchi_spline.x - chi)/nchi_spline.x, 0.)
/lcrc/project/SPT3G/users/ac.yomori/repo/cosmosis-standard-library/shear/cl_to_xi_fullsky/cl_to_xi.py:41: RuntimeWarning: divide by zero encountered in log
  spec = self.interp_func(np.log(angle))
/lcrc/project/SPT3G/users/ac.yomori/repo/cosmosis-standard-library/shear/cl_to_xi_fullsky/cl_to_xi.py:38: RuntimeWarning: divide by zero encountered in log
  spec = -np.exp(self.interp_func(np.log(angle)))
/lcrc/project/SPT3G/users/ac.yomori/repo/cosmosis-standard-library/shear/cl_to_xi_fullsky/cl_to_xi.py:38: RuntimeWarning: divide by zero encountered in log
  spec = -np.exp(self.interp_func(np.log(angle)))
/lcrc/project/SPT3G/users/ac.yomori/repo/cosmosis-standard-library/structure/projection/projection_tools/kernel.py:178: RuntimeWarning: invalid value encountered in divide
  nchi_spline.y * (nchi_spline.x - chi)/nchi_spline.x, 0.)
/lcrc/project/SPT3G/users/ac.yomori/repo/cosmosis-standard-library/structure/projection/projection_tools/kernel.py:178: RuntimeWarning: divide by zero encountered in divide
  nchi_spline.y * (nchi_spline.x - chi)/nchi_spline.x, 0.)
/lcrc/project/SPT3G/users/ac.yomori/repo/cosmosis-standard-library/structure/projection/projection_tools/kernel.py:178: RuntimeWarning: invalid value encountered in divide
  nchi_spline.y * (nchi_spline.x - chi)/nchi_spline.x, 0.)
/lcrc/project/SPT3G/users/ac.yomori/repo/cosmosis-standard-library/structure/projection/projection_tools/kernel.py:178: RuntimeWarning: divide by zero encountered in divide
  nchi_spline.y * (nchi_spline.x - chi)/nchi_spline.x, 0.)
/lcrc/project/SPT3G/users/ac.yomori/repo/cosmosis-standard-library/shear/cl_to_xi_fullsky/cl_to_xi.py:38: RuntimeWarning: divide by zero encountered in log
  spec = -np.exp(self.interp_func(np.log(angle)))
/lcrc/project/SPT3G/users/ac.yomori/repo/cosmosis-standard-library/structure/projection/projection_tools/kernel.py:178: RuntimeWarning: invalid value encountered in divide
  nchi_spline.y * (nchi_spline.x - chi)/nchi_spline.x, 0.)
/lcrc/project/SPT3G/users/ac.yomori/repo/cosmosis-standard-library/structure/projection/projection_tools/kernel.py:178: RuntimeWarning: divide by zero encountered in divide
  nchi_spline.y * (nchi_spline.x - chi)/nchi_spline.x, 0.)
/lcrc/project/SPT3G/users/ac.yomori/repo/cosmosis-standard-library/shear/cl_to_xi_fullsky/cl_to_xi.py:41: RuntimeWarning: divide by zero encountered in log
  spec = self.interp_func(np.log(angle))
/lcrc/project/SPT3G/users/ac.yomori/repo/cosmosis-standard-library/shear/cl_to_xi_fullsky/cl_to_xi.py:38: RuntimeWarning: divide by zero encountered in log
  spec = -np.exp(self.interp_func(np.log(angle)))
/lcrc/project/SPT3G/users/ac.yomori/repo/cosmosis-standard-library/shear/cl_to_xi_fullsky/cl_to_xi.py:41: RuntimeWarning: divide by zero encountered in log
  spec = self.interp_func(np.log(angle))
/lcrc/project/SPT3G/users/ac.yomori/repo/cosmosis-standard-library/structure/projection/projection_tools/kernel.py:178: RuntimeWarning: invalid value encountered in divide
  nchi_spline.y * (nchi_spline.x - chi)/nchi_spline.x, 0.)
/lcrc/project/SPT3G/users/ac.yomori/repo/cosmosis-standard-library/structure/projection/projection_tools/kernel.py:178: RuntimeWarning: divide by zero encountered in divide
  nchi_spline.y * (nchi_spline.x - chi)/nchi_spline.x, 0.)
/lcrc/project/SPT3G/users/ac.yomori/repo/cosmosis-standard-library/shear/cl_to_xi_fullsky/cl_to_xi.py:41: RuntimeWarning: divide by zero encountered in log
  spec = self.interp_func(np.log(angle))
/lcrc/project/SPT3G/users/ac.yomori/repo/cosmosis-standard-library/shear/cl_to_xi_fullsky/cl_to_xi.py:41: RuntimeWarning: divide by zero encountered in log
  spec = self.interp_func(np.log(angle))
/lcrc/project/SPT3G/users/ac.yomori/repo/cosmosis-standard-library/shear/cl_to_xi_fullsky/cl_to_xi.py:41: RuntimeWarning: divide by zero encountered in log
  spec = self.interp_func(np.log(angle))
/lcrc/project/SPT3G/users/ac.yomori/repo/cosmosis-standard-library/shear/cl_to_xi_fullsky/cl_to_xi.py:41: RuntimeWarning: divide by zero encountered in log
  spec = self.interp_func(np.log(angle))
/lcrc/project/SPT3G/users/ac.yomori/repo/cosmosis-standard-library/shear/cl_to_xi_fullsky/cl_to_xi.py:38: RuntimeWarning: divide by zero encountered in log
  spec = -np.exp(self.interp_func(np.log(angle)))
/lcrc/project/SPT3G/users/ac.yomori/repo/cosmosis-standard-library/shear/cl_to_xi_fullsky/cl_to_xi.py:41: RuntimeWarning: divide by zero encountered in log
  spec = self.interp_func(np.log(angle))
/lcrc/project/SPT3G/users/ac.yomori/repo/cosmosis-standard-library/shear/cl_to_xi_fullsky/cl_to_xi.py:38: RuntimeWarning: divide by zero encountered in log
  spec = -np.exp(self.interp_func(np.log(angle)))
/lcrc/project/SPT3G/users/ac.yomori/repo/cosmosis-standard-library/shear/cl_to_xi_fullsky/cl_to_xi.py:38: RuntimeWarning: divide by zero encountered in log
  spec = -np.exp(self.interp_func(np.log(angle)))
/lcrc/project/SPT3G/users/ac.yomori/repo/cosmosis-standard-library/shear/cl_to_xi_fullsky/cl_to_xi.py:38: RuntimeWarning: divide by zero encountered in log
  spec = -np.exp(self.interp_func(np.log(angle)))
/lcrc/project/SPT3G/users/ac.yomori/repo/cosmosis-standard-library/shear/cl_to_xi_fullsky/cl_to_xi.py:38: RuntimeWarning: divide by zero encountered in log
  spec = -np.exp(self.interp_func(np.log(angle)))
/lcrc/project/SPT3G/users/ac.yomori/repo/cosmosis-standard-library/shear/cl_to_xi_fullsky/cl_to_xi.py:41: RuntimeWarning: divide by zero encountered in log
  spec = self.interp_func(np.log(angle))
/lcrc/project/SPT3G/users/ac.yomori/repo/cosmosis-standard-library/shear/cl_to_xi_fullsky/cl_to_xi.py:38: RuntimeWarning: divide by zero encountered in log
  spec = -np.exp(self.interp_func(np.log(angle)))
/lcrc/project/SPT3G/users/ac.yomori/repo/cosmosis-standard-library/shear/cl_to_xi_fullsky/cl_to_xi.py:38: RuntimeWarning: divide by zero encountered in log
  spec = -np.exp(self.interp_func(np.log(angle)))
/lcrc/project/SPT3G/users/ac.yomori/repo/cosmosis-standard-library/shear/cl_to_xi_fullsky/cl_to_xi.py:41: RuntimeWarning: divide by zero encountered in log
  spec = self.interp_func(np.log(angle))
/lcrc/project/SPT3G/users/ac.yomori/repo/cosmosis-standard-library/shear/cl_to_xi_fullsky/cl_to_xi.py:41: RuntimeWarning: divide by zero encountered in log
  spec = self.interp_func(np.log(angle))
/lcrc/project/SPT3G/users/ac.yomori/repo/cosmosis-standard-library/shear/cl_to_xi_fullsky/cl_to_xi.py:41: RuntimeWarning: divide by zero encountered in log
  spec = self.interp_func(np.log(angle))
/lcrc/project/SPT3G/users/ac.yomori/repo/cosmosis-standard-library/shear/cl_to_xi_fullsky/cl_to_xi.py:41: RuntimeWarning: divide by zero encountered in log
  spec = self.interp_func(np.log(angle))
/lcrc/project/SPT3G/users/ac.yomori/repo/cosmosis-standard-library/shear/cl_to_xi_fullsky/cl_to_xi.py:38: RuntimeWarning: divide by zero encountered in log
  spec = -np.exp(self.interp_func(np.log(angle)))
/lcrc/project/SPT3G/users/ac.yomori/repo/cosmosis-standard-library/shear/cl_to_xi_fullsky/cl_to_xi.py:41: RuntimeWarning: divide by zero encountered in log
  spec = self.interp_func(np.log(angle))
/lcrc/project/SPT3G/users/ac.yomori/repo/cosmosis-standard-library/shear/cl_to_xi_fullsky/cl_to_xi.py:38: RuntimeWarning: divide by zero encountered in log
  spec = -np.exp(self.interp_func(np.log(angle)))
/lcrc/project/SPT3G/users/ac.yomori/repo/cosmosis-standard-library/shear/cl_to_xi_fullsky/cl_to_xi.py:41: RuntimeWarning: divide by zero encountered in log
  spec = self.interp_func(np.log(angle))
/lcrc/project/SPT3G/users/ac.yomori/repo/cosmosis-standard-library/shear/cl_to_xi_fullsky/cl_to_xi.py:38: RuntimeWarning: divide by zero encountered in log
  spec = -np.exp(self.interp_func(np.log(angle)))
/lcrc/project/SPT3G/users/ac.yomori/repo/cosmosis-standard-library/shear/cl_to_xi_fullsky/cl_to_xi.py:38: RuntimeWarning: divide by zero encountered in log
  spec = -np.exp(self.interp_func(np.log(angle)))
/lcrc/project/SPT3G/users/ac.yomori/repo/cosmosis-standard-library/shear/cl_to_xi_fullsky/cl_to_xi.py:38: RuntimeWarning: divide by zero encountered in log
  spec = -np.exp(self.interp_func(np.log(angle)))
/lcrc/project/SPT3G/users/ac.yomori/repo/cosmosis-standard-library/shear/cl_to_xi_fullsky/cl_to_xi.py:41: RuntimeWarning: divide by zero encountered in log
  spec = self.interp_func(np.log(angle))
/lcrc/project/SPT3G/users/ac.yomori/repo/cosmosis-standard-library/shear/cl_to_xi_fullsky/cl_to_xi.py:41: RuntimeWarning: divide by zero encountered in log
  spec = self.interp_func(np.log(angle))
/lcrc/project/SPT3G/users/ac.yomori/repo/cosmosis-standard-library/shear/cl_to_xi_fullsky/cl_to_xi.py:41: RuntimeWarning: divide by zero encountered in log
  spec = self.interp_func(np.log(angle))
/lcrc/project/SPT3G/users/ac.yomori/repo/cosmosis-standard-library/shear/cl_to_xi_fullsky/cl_to_xi.py:38: RuntimeWarning: divide by zero encountered in log
  spec = -np.exp(self.interp_func(np.log(angle)))
/lcrc/project/SPT3G/users/ac.yomori/repo/cosmosis-standard-library/shear/cl_to_xi_fullsky/cl_to_xi.py:41: RuntimeWarning: divide by zero encountered in log
  spec = self.interp_func(np.log(angle))
/lcrc/project/SPT3G/users/ac.yomori/repo/cosmosis-standard-library/shear/cl_to_xi_fullsky/cl_to_xi.py:38: RuntimeWarning: divide by zero encountered in log
  spec = -np.exp(self.interp_func(np.log(angle)))
/lcrc/project/SPT3G/users/ac.yomori/repo/cosmosis-standard-library/shear/cl_to_xi_fullsky/cl_to_xi.py:38: RuntimeWarning: divide by zero encountered in log
  spec = -np.exp(self.interp_func(np.log(angle)))
/lcrc/project/SPT3G/users/ac.yomori/repo/cosmosis-standard-library/shear/cl_to_xi_fullsky/cl_to_xi.py:41: RuntimeWarning: divide by zero encountered in log
  spec = self.interp_func(np.log(angle))
/lcrc/project/SPT3G/users/ac.yomori/repo/cosmosis-standard-library/shear/cl_to_xi_fullsky/cl_to_xi.py:41: RuntimeWarning: divide by zero encountered in log
  spec = self.interp_func(np.log(angle))
/lcrc/project/SPT3G/users/ac.yomori/repo/cosmosis-standard-library/shear/cl_to_xi_fullsky/cl_to_xi.py:38: RuntimeWarning: divide by zero encountered in log
  spec = -np.exp(self.interp_func(np.log(angle)))
/lcrc/project/SPT3G/users/ac.yomori/repo/cosmosis-standard-library/shear/cl_to_xi_fullsky/cl_to_xi.py:38: RuntimeWarning: divide by zero encountered in log
  spec = -np.exp(self.interp_func(np.log(angle)))
/lcrc/project/SPT3G/users/ac.yomori/repo/cosmosis-standard-library/shear/cl_to_xi_fullsky/cl_to_xi.py:41: RuntimeWarning: divide by zero encountered in log
  spec = self.interp_func(np.log(angle))
/lcrc/project/SPT3G/users/ac.yomori/repo/cosmosis-standard-library/shear/cl_to_xi_fullsky/cl_to_xi.py:38: RuntimeWarning: divide by zero encountered in log
  spec = -np.exp(self.interp_func(np.log(angle)))
/lcrc/project/SPT3G/users/ac.yomori/repo/cosmosis-standard-library/shear/cl_to_xi_fullsky/cl_to_xi.py:41: RuntimeWarning: divide by zero encountered in log
  spec = self.interp_func(np.log(angle))
/lcrc/project/SPT3G/users/ac.yomori/repo/cosmosis-standard-library/shear/cl_to_xi_fullsky/cl_to_xi.py:38: RuntimeWarning: divide by zero encountered in log
  spec = -np.exp(self.interp_func(np.log(angle)))
/lcrc/project/SPT3G/users/ac.yomori/repo/cosmosis-standard-library/shear/cl_to_xi_fullsky/cl_to_xi.py:38: RuntimeWarning: divide by zero encountered in log
  spec = -np.exp(self.interp_func(np.log(angle)))
/lcrc/project/SPT3G/users/ac.yomori/repo/cosmosis-standard-library/shear/cl_to_xi_fullsky/cl_to_xi.py:41: RuntimeWarning: divide by zero encountered in log
  spec = self.interp_func(np.log(angle))
/lcrc/project/SPT3G/users/ac.yomori/repo/cosmosis-standard-library/structure/projection/projection_tools/kernel.py:178: RuntimeWarning: invalid value encountered in divide
  nchi_spline.y * (nchi_spline.x - chi)/nchi_spline.x, 0.)
/lcrc/project/SPT3G/users/ac.yomori/repo/cosmosis-standard-library/structure/projection/projection_tools/kernel.py:178: RuntimeWarning: divide by zero encountered in divide
  nchi_spline.y * (nchi_spline.x - chi)/nchi_spline.x, 0.)
/lcrc/project/SPT3G/users/ac.yomori/repo/cosmosis-standard-library/shear/cl_to_xi_fullsky/cl_to_xi.py:41: RuntimeWarning: divide by zero encountered in log
  spec = self.interp_func(np.log(angle))
/lcrc/project/SPT3G/users/ac.yomori/repo/cosmosis-standard-library/shear/cl_to_xi_fullsky/cl_to_xi.py:38: RuntimeWarning: divide by zero encountered in log
  spec = -np.exp(self.interp_func(np.log(angle)))
/lcrc/project/SPT3G/users/ac.yomori/repo/cosmosis-standard-library/shear/cl_to_xi_fullsky/cl_to_xi.py:38: RuntimeWarning: divide by zero encountered in log
  spec = -np.exp(self.interp_func(np.log(angle)))
/lcrc/project/SPT3G/users/ac.yomori/repo/cosmosis-standard-library/structure/projection/projection_tools/kernel.py:178: RuntimeWarning: invalid value encountered in divide
  nchi_spline.y * (nchi_spline.x - chi)/nchi_spline.x, 0.)
/lcrc/project/SPT3G/users/ac.yomori/repo/cosmosis-standard-library/structure/projection/projection_tools/kernel.py:178: RuntimeWarning: divide by zero encountered in divide
  nchi_spline.y * (nchi_spline.x - chi)/nchi_spline.x, 0.)
/lcrc/project/SPT3G/users/ac.yomori/repo/cosmosis-standard-library/shear/cl_to_xi_fullsky/cl_to_xi.py:41: RuntimeWarning: divide by zero encountered in log
  spec = self.interp_func(np.log(angle))
/lcrc/project/SPT3G/users/ac.yomori/repo/cosmosis-standard-library/shear/cl_to_xi_fullsky/cl_to_xi.py:38: RuntimeWarning: divide by zero encountered in log
  spec = -np.exp(self.interp_func(np.log(angle)))
/lcrc/project/SPT3G/users/ac.yomori/repo/cosmosis-standard-library/shear/cl_to_xi_fullsky/cl_to_xi.py:38: RuntimeWarning: divide by zero encountered in log
  spec = -np.exp(self.interp_func(np.log(angle)))
/lcrc/project/SPT3G/users/ac.yomori/repo/cosmosis-standard-library/shear/cl_to_xi_fullsky/cl_to_xi.py:41: RuntimeWarning: divide by zero encountered in log
  spec = self.interp_func(np.log(angle))
/lcrc/project/SPT3G/users/ac.yomori/repo/cosmosis-standard-library/shear/cl_to_xi_fullsky/cl_to_xi.py:38: RuntimeWarning: divide by zero encountered in log
  spec = -np.exp(self.interp_func(np.log(angle)))
/lcrc/project/SPT3G/users/ac.yomori/repo/cosmosis-standard-library/structure/projection/projection_tools/kernel.py:178: RuntimeWarning: invalid value encountered in divide
  nchi_spline.y * (nchi_spline.x - chi)/nchi_spline.x, 0.)
/lcrc/project/SPT3G/users/ac.yomori/repo/cosmosis-standard-library/structure/projection/projection_tools/kernel.py:178: RuntimeWarning: divide by zero encountered in divide
  nchi_spline.y * (nchi_spline.x - chi)/nchi_spline.x, 0.)
/lcrc/project/SPT3G/users/ac.yomori/repo/cosmosis-standard-library/shear/cl_to_xi_fullsky/cl_to_xi.py:41: RuntimeWarning: divide by zero encountered in log
  spec = self.interp_func(np.log(angle))
/lcrc/project/SPT3G/users/ac.yomori/repo/cosmosis-standard-library/shear/cl_to_xi_fullsky/cl_to_xi.py:41: RuntimeWarning: divide by zero encountered in log
  spec = self.interp_func(np.log(angle))
/lcrc/project/SPT3G/users/ac.yomori/repo/cosmosis-standard-library/shear/cl_to_xi_fullsky/cl_to_xi.py:38: RuntimeWarning: divide by zero encountered in log
  spec = -np.exp(self.interp_func(np.log(angle)))
/lcrc/project/SPT3G/users/ac.yomori/repo/cosmosis-standard-library/shear/cl_to_xi_fullsky/cl_to_xi.py:41: RuntimeWarning: divide by zero encountered in log
  spec = self.interp_func(np.log(angle))
/lcrc/project/SPT3G/users/ac.yomori/repo/cosmosis-standard-library/shear/cl_to_xi_fullsky/cl_to_xi.py:38: RuntimeWarning: divide by zero encountered in log
  spec = -np.exp(self.interp_func(np.log(angle)))
/lcrc/project/SPT3G/users/ac.yomori/repo/cosmosis-standard-library/shear/cl_to_xi_fullsky/cl_to_xi.py:41: RuntimeWarning: divide by zero encountered in log
  spec = self.interp_func(np.log(angle))
/lcrc/project/SPT3G/users/ac.yomori/repo/cosmosis-standard-library/shear/cl_to_xi_fullsky/cl_to_xi.py:38: RuntimeWarning: divide by zero encountered in log
  spec = -np.exp(self.interp_func(np.log(angle)))
/lcrc/project/SPT3G/users/ac.yomori/repo/cosmosis-standard-library/shear/cl_to_xi_fullsky/cl_to_xi.py:41: RuntimeWarning: divide by zero encountered in log
  spec = self.interp_func(np.log(angle))
/lcrc/project/SPT3G/users/ac.yomori/repo/cosmosis-standard-library/shear/cl_to_xi_fullsky/cl_to_xi.py:38: RuntimeWarning: divide by zero encountered in log
  spec = -np.exp(self.interp_func(np.log(angle)))
/lcrc/project/SPT3G/users/ac.yomori/repo/cosmosis-standard-library/shear/cl_to_xi_fullsky/cl_to_xi.py:38: RuntimeWarning: divide by zero encountered in log
  spec = -np.exp(self.interp_func(np.log(angle)))
/lcrc/project/SPT3G/users/ac.yomori/repo/cosmosis-standard-library/shear/cl_to_xi_fullsky/cl_to_xi.py:41: RuntimeWarning: divide by zero encountered in log
  spec = self.interp_func(np.log(angle))
/lcrc/project/SPT3G/users/ac.yomori/repo/cosmosis-standard-library/shear/cl_to_xi_fullsky/cl_to_xi.py:41: RuntimeWarning: divide by zero encountered in log
  spec = self.interp_func(np.log(angle))
/lcrc/project/SPT3G/users/ac.yomori/repo/cosmosis-standard-library/shear/cl_to_xi_fullsky/cl_to_xi.py:41: RuntimeWarning: divide by zero encountered in log
  spec = self.interp_func(np.log(angle))
/lcrc/project/SPT3G/users/ac.yomori/repo/cosmosis-standard-library/shear/cl_to_xi_fullsky/cl_to_xi.py:38: RuntimeWarning: divide by zero encountered in log
  spec = -np.exp(self.interp_func(np.log(angle)))
/lcrc/project/SPT3G/users/ac.yomori/repo/cosmosis-standard-library/shear/cl_to_xi_fullsky/cl_to_xi.py:38: RuntimeWarning: divide by zero encountered in log
  spec = -np.exp(self.interp_func(np.log(angle)))
Pipeline failed on these parameters: [ 1.06650633e+00  9.09917391e-01  2.27054568e-02  6.14009719e-02
  7.44592132e-01  2.68690961e-01  7.95560399e+00 -1.34002441e-02
 -1.72107075e-02 -3.97153579e-02 -4.02633503e-02  2.27676477e-02
 -1.28748196e-02 -4.25340266e-03 -2.64527974e-02  2.03348600e-03
 -2.51485577e-02 -1.88133726e-02 -1.10721077e-02  8.77607478e-01
  1.43397095e+00  8.80134461e-01  8.97520085e-01  2.56501258e+00
  2.10242328e+00  1.40049123e+00  1.54743956e+00 -1.64213956e-01
 -3.16321381e+00 -1.18354162e+00  2.80749061e+00  8.23571941e-01
  9.99011615e-01  1.00408420e+00  9.63843085e-01  9.76429331e-01
  9.98228468e-01  9.69423702e-01  9.12560926e-01]
/lcrc/project/SPT3G/users/ac.yomori/repo/cosmosis-standard-library/structure/projection/projection_tools/kernel.py:178: RuntimeWarning: invalid value encountered in divide
  nchi_spline.y * (nchi_spline.x - chi)/nchi_spline.x, 0.)
/lcrc/project/SPT3G/users/ac.yomori/repo/cosmosis-standard-library/structure/projection/projection_tools/kernel.py:178: RuntimeWarning: divide by zero encountered in divide
  nchi_spline.y * (nchi_spline.x - chi)/nchi_spline.x, 0.)
/lcrc/project/SPT3G/users/ac.yomori/repo/cosmosis-standard-library/shear/cl_to_xi_fullsky/cl_to_xi.py:41: RuntimeWarning: divide by zero encountered in log
  spec = self.interp_func(np.log(angle))
/lcrc/project/SPT3G/users/ac.yomori/repo/cosmosis-standard-library/shear/cl_to_xi_fullsky/cl_to_xi.py:38: RuntimeWarning: divide by zero encountered in log
  spec = -np.exp(self.interp_func(np.log(angle)))
/lcrc/project/SPT3G/users/ac.yomori/repo/cosmosis-standard-library/structure/projection/projection_tools/kernel.py:178: RuntimeWarning: invalid value encountered in divide
  nchi_spline.y * (nchi_spline.x - chi)/nchi_spline.x, 0.)
/lcrc/project/SPT3G/users/ac.yomori/repo/cosmosis-standard-library/structure/projection/projection_tools/kernel.py:178: RuntimeWarning: divide by zero encountered in divide
  nchi_spline.y * (nchi_spline.x - chi)/nchi_spline.x, 0.)
/lcrc/project/SPT3G/users/ac.yomori/repo/cosmosis-standard-library/shear/cl_to_xi_fullsky/cl_to_xi.py:41: RuntimeWarning: divide by zero encountered in log
  spec = self.interp_func(np.log(angle))
/lcrc/project/SPT3G/users/ac.yomori/repo/cosmosis-standard-library/shear/cl_to_xi_fullsky/cl_to_xi.py:38: RuntimeWarning: divide by zero encountered in log
  spec = -np.exp(self.interp_func(np.log(angle)))
/lcrc/project/SPT3G/users/ac.yomori/repo/cosmosis-standard-library/structure/projection/projection_tools/kernel.py:178: RuntimeWarning: invalid value encountered in divide
  nchi_spline.y * (nchi_spline.x - chi)/nchi_spline.x, 0.)
/lcrc/project/SPT3G/users/ac.yomori/repo/cosmosis-standard-library/structure/projection/projection_tools/kernel.py:178: RuntimeWarning: divide by zero encountered in divide
  nchi_spline.y * (nchi_spline.x - chi)/nchi_spline.x, 0.)
/lcrc/project/SPT3G/users/ac.yomori/repo/cosmosis-standard-library/shear/cl_to_xi_fullsky/cl_to_xi.py:38: RuntimeWarning: divide by zero encountered in log
  spec = -np.exp(self.interp_func(np.log(angle)))
/lcrc/project/SPT3G/users/ac.yomori/repo/cosmosis-standard-library/shear/cl_to_xi_fullsky/cl_to_xi.py:38: RuntimeWarning: divide by zero encountered in log
  spec = -np.exp(self.interp_func(np.log(angle)))
/lcrc/project/SPT3G/users/ac.yomori/repo/cosmosis-standard-library/shear/cl_to_xi_fullsky/cl_to_xi.py:41: RuntimeWarning: divide by zero encountered in log
  spec = self.interp_func(np.log(angle))
/lcrc/project/SPT3G/users/ac.yomori/repo/cosmosis-standard-library/shear/cl_to_xi_fullsky/cl_to_xi.py:38: RuntimeWarning: divide by zero encountered in log
  spec = -np.exp(self.interp_func(np.log(angle)))
/lcrc/project/SPT3G/users/ac.yomori/repo/cosmosis-standard-library/shear/cl_to_xi_fullsky/cl_to_xi.py:38: RuntimeWarning: divide by zero encountered in log
  spec = -np.exp(self.interp_func(np.log(angle)))
/lcrc/project/SPT3G/users/ac.yomori/repo/cosmosis-standard-library/structure/projection/projection_tools/kernel.py:178: RuntimeWarning: invalid value encountered in divide
  nchi_spline.y * (nchi_spline.x - chi)/nchi_spline.x, 0.)
/lcrc/project/SPT3G/users/ac.yomori/repo/cosmosis-standard-library/structure/projection/projection_tools/kernel.py:178: RuntimeWarning: divide by zero encountered in divide
  nchi_spline.y * (nchi_spline.x - chi)/nchi_spline.x, 0.)
/lcrc/project/SPT3G/users/ac.yomori/repo/cosmosis-standard-library/shear/cl_to_xi_fullsky/cl_to_xi.py:41: RuntimeWarning: divide by zero encountered in log
  spec = self.interp_func(np.log(angle))
/lcrc/project/SPT3G/users/ac.yomori/repo/cosmosis-standard-library/shear/cl_to_xi_fullsky/cl_to_xi.py:38: RuntimeWarning: divide by zero encountered in log
  spec = -np.exp(self.interp_func(np.log(angle)))
/lcrc/project/SPT3G/users/ac.yomori/repo/cosmosis-standard-library/shear/cl_to_xi_fullsky/cl_to_xi.py:38: RuntimeWarning: divide by zero encountered in log
  spec = -np.exp(self.interp_func(np.log(angle)))
/lcrc/project/SPT3G/users/ac.yomori/repo/cosmosis-standard-library/shear/cl_to_xi_fullsky/cl_to_xi.py:38: RuntimeWarning: divide by zero encountered in log
  spec = -np.exp(self.interp_func(np.log(angle)))
/lcrc/project/SPT3G/users/ac.yomori/repo/cosmosis-standard-library/shear/cl_to_xi_fullsky/cl_to_xi.py:41: RuntimeWarning: divide by zero encountered in log
  spec = self.interp_func(np.log(angle))
/lcrc/project/SPT3G/users/ac.yomori/repo/cosmosis-standard-library/shear/cl_to_xi_fullsky/cl_to_xi.py:38: RuntimeWarning: divide by zero encountered in log
  spec = -np.exp(self.interp_func(np.log(angle)))
/lcrc/project/SPT3G/users/ac.yomori/repo/cosmosis-standard-library/shear/cl_to_xi_fullsky/cl_to_xi.py:41: RuntimeWarning: divide by zero encountered in log
  spec = self.interp_func(np.log(angle))
/lcrc/project/SPT3G/users/ac.yomori/repo/cosmosis-standard-library/shear/cl_to_xi_fullsky/cl_to_xi.py:41: RuntimeWarning: divide by zero encountered in log
  spec = self.interp_func(np.log(angle))
/lcrc/project/SPT3G/users/ac.yomori/repo/cosmosis-standard-library/shear/cl_to_xi_fullsky/cl_to_xi.py:38: RuntimeWarning: divide by zero encountered in log
  spec = -np.exp(self.interp_func(np.log(angle)))
/lcrc/project/SPT3G/users/ac.yomori/repo/cosmosis-standard-library/structure/projection/projection_tools/kernel.py:178: RuntimeWarning: invalid value encountered in divide
  nchi_spline.y * (nchi_spline.x - chi)/nchi_spline.x, 0.)
/lcrc/project/SPT3G/users/ac.yomori/repo/cosmosis-standard-library/structure/projection/projection_tools/kernel.py:178: RuntimeWarning: divide by zero encountered in divide
  nchi_spline.y * (nchi_spline.x - chi)/nchi_spline.x, 0.)
/lcrc/project/SPT3G/users/ac.yomori/repo/cosmosis-standard-library/shear/cl_to_xi_fullsky/cl_to_xi.py:38: RuntimeWarning: divide by zero encountered in log
  spec = -np.exp(self.interp_func(np.log(angle)))
/lcrc/project/SPT3G/users/ac.yomori/repo/cosmosis-standard-library/shear/cl_to_xi_fullsky/cl_to_xi.py:41: RuntimeWarning: divide by zero encountered in log
  spec = self.interp_func(np.log(angle))
/lcrc/project/SPT3G/users/ac.yomori/repo/cosmosis-standard-library/shear/cl_to_xi_fullsky/cl_to_xi.py:38: RuntimeWarning: divide by zero encountered in log
  spec = -np.exp(self.interp_func(np.log(angle)))
/lcrc/project/SPT3G/users/ac.yomori/repo/cosmosis-standard-library/shear/cl_to_xi_fullsky/cl_to_xi.py:41: RuntimeWarning: divide by zero encountered in log
  spec = self.interp_func(np.log(angle))
/lcrc/project/SPT3G/users/ac.yomori/repo/cosmosis-standard-library/shear/cl_to_xi_fullsky/cl_to_xi.py:41: RuntimeWarning: divide by zero encountered in log
  spec = self.interp_func(np.log(angle))
/lcrc/project/SPT3G/users/ac.yomori/repo/cosmosis-standard-library/shear/cl_to_xi_fullsky/cl_to_xi.py:38: RuntimeWarning: divide by zero encountered in log
  spec = -np.exp(self.interp_func(np.log(angle)))
/lcrc/project/SPT3G/users/ac.yomori/repo/cosmosis-standard-library/shear/cl_to_xi_fullsky/cl_to_xi.py:41: RuntimeWarning: divide by zero encountered in log
  spec = self.interp_func(np.log(angle))
/lcrc/project/SPT3G/users/ac.yomori/repo/cosmosis-standard-library/shear/cl_to_xi_fullsky/cl_to_xi.py:38: RuntimeWarning: divide by zero encountered in log
  spec = -np.exp(self.interp_func(np.log(angle)))
/lcrc/project/SPT3G/users/ac.yomori/repo/cosmosis-standard-library/shear/cl_to_xi_fullsky/cl_to_xi.py:41: RuntimeWarning: divide by zero encountered in log
  spec = self.interp_func(np.log(angle))
/lcrc/project/SPT3G/users/ac.yomori/repo/cosmosis-standard-library/shear/cl_to_xi_fullsky/cl_to_xi.py:41: RuntimeWarning: divide by zero encountered in log
  spec = self.interp_func(np.log(angle))
/lcrc/project/SPT3G/users/ac.yomori/repo/cosmosis-standard-library/shear/cl_to_xi_fullsky/cl_to_xi.py:41: RuntimeWarning: divide by zero encountered in log
  spec = self.interp_func(np.log(angle))
/lcrc/project/SPT3G/users/ac.yomori/repo/cosmosis-standard-library/structure/projection/projection_tools/kernel.py:178: RuntimeWarning: invalid value encountered in divide
  nchi_spline.y * (nchi_spline.x - chi)/nchi_spline.x, 0.)
/lcrc/project/SPT3G/users/ac.yomori/repo/cosmosis-standard-library/structure/projection/projection_tools/kernel.py:178: RuntimeWarning: divide by zero encountered in divide
  nchi_spline.y * (nchi_spline.x - chi)/nchi_spline.x, 0.)
/lcrc/project/SPT3G/users/ac.yomori/repo/cosmosis-standard-library/shear/cl_to_xi_fullsky/cl_to_xi.py:38: RuntimeWarning: divide by zero encountered in log
  spec = -np.exp(self.interp_func(np.log(angle)))
/lcrc/project/SPT3G/users/ac.yomori/repo/cosmosis-standard-library/shear/cl_to_xi_fullsky/cl_to_xi.py:41: RuntimeWarning: divide by zero encountered in log
  spec = self.interp_func(np.log(angle))
/lcrc/project/SPT3G/users/ac.yomori/repo/cosmosis-standard-library/shear/cl_to_xi_fullsky/cl_to_xi.py:41: RuntimeWarning: divide by zero encountered in log
  spec = self.interp_func(np.log(angle))
/lcrc/project/SPT3G/users/ac.yomori/repo/cosmosis-standard-library/shear/cl_to_xi_fullsky/cl_to_xi.py:38: RuntimeWarning: divide by zero encountered in log
  spec = -np.exp(self.interp_func(np.log(angle)))
/lcrc/project/SPT3G/users/ac.yomori/repo/cosmosis-standard-library/shear/cl_to_xi_fullsky/cl_to_xi.py:41: RuntimeWarning: divide by zero encountered in log
  spec = self.interp_func(np.log(angle))
/lcrc/project/SPT3G/users/ac.yomori/repo/cosmosis-standard-library/shear/cl_to_xi_fullsky/cl_to_xi.py:38: RuntimeWarning: divide by zero encountered in log
  spec = -np.exp(self.interp_func(np.log(angle)))
/lcrc/project/SPT3G/users/ac.yomori/repo/cosmosis-standard-library/shear/cl_to_xi_fullsky/cl_to_xi.py:38: RuntimeWarning: divide by zero encountered in log
  spec = -np.exp(self.interp_func(np.log(angle)))
/lcrc/project/SPT3G/users/ac.yomori/repo/cosmosis-standard-library/shear/cl_to_xi_fullsky/cl_to_xi.py:41: RuntimeWarning: divide by zero encountered in log
  spec = self.interp_func(np.log(angle))
/lcrc/project/SPT3G/users/ac.yomori/repo/cosmosis-standard-library/structure/projection/projection_tools/kernel.py:178: RuntimeWarning: invalid value encountered in divide
  nchi_spline.y * (nchi_spline.x - chi)/nchi_spline.x, 0.)
/lcrc/project/SPT3G/users/ac.yomori/repo/cosmosis-standard-library/structure/projection/projection_tools/kernel.py:178: RuntimeWarning: divide by zero encountered in divide
  nchi_spline.y * (nchi_spline.x - chi)/nchi_spline.x, 0.)
/lcrc/project/SPT3G/users/ac.yomori/repo/cosmosis-standard-library/shear/cl_to_xi_fullsky/cl_to_xi.py:38: RuntimeWarning: divide by zero encountered in log
  spec = -np.exp(self.interp_func(np.log(angle)))
/lcrc/project/SPT3G/users/ac.yomori/repo/cosmosis-standard-library/shear/cl_to_xi_fullsky/cl_to_xi.py:41: RuntimeWarning: divide by zero encountered in log
  spec = self.interp_func(np.log(angle))
/lcrc/project/SPT3G/users/ac.yomori/repo/cosmosis-standard-library/shear/cl_to_xi_fullsky/cl_to_xi.py:38: RuntimeWarning: divide by zero encountered in log
  spec = -np.exp(self.interp_func(np.log(angle)))
Pipeline failed on these parameters: [ 8.96150005e-01  9.74198380e-01  1.96349270e-02  6.39930322e-02
  8.19080220e-01  5.99337495e-01  7.92176271e+00 -4.74470966e-03
 -2.33678120e-02 -1.50917741e-02 -4.30186942e-02 -2.59951688e-02
  2.50441278e-02 -1.17353965e-02 -8.20827436e-03 -1.60463788e-02
 -3.80149807e-02 -6.93994706e-03 -1.29216961e-02  9.06521748e-01
  1.20125473e+00  8.32202595e-01  9.13179021e-01  1.18950019e+00
  2.11119289e+00  2.09655015e+00  1.30164162e+00 -3.31699075e+00
  2.55591754e-01  4.20943220e+00  4.89500544e-01  2.74212976e-01
  9.95421644e-01  1.01058589e+00  9.86773857e-01  9.70713746e-01
  9.97251063e-01  9.55821713e-01  9.57138409e-01]
Pipeline failed on these parameters: [ 1.26353714e+00  1.04554214e+00  2.06633679e-02  6.42006552e-02
  8.09946888e-01  4.28035997e-01  7.74106557e+00  5.21630906e-03
 -2.37690311e-02 -1.19073703e-02 -1.54057586e-02 -1.12724871e-03
  1.89810364e-02  1.22423359e-03 -1.25895487e-02 -1.49171310e-02
 -4.48406042e-02 -4.41218303e-03 -1.57445390e-02  9.34915851e-01
  1.38635163e+00  9.46343717e-01  9.75877922e-01  1.12234159e+00
  2.75949060e+00  1.49515182e+00  2.50400454e+00 -1.48663321e+00
 -4.06742561e+00  3.19536971e+00  2.10932217e+00  1.80848986e-02
  9.98894296e-01  1.01107376e+00  9.56333455e-01  9.71346702e-01
  9.98562177e-01  9.73830659e-01  9.73800696e-01]
Pipeline failed on these parameters: [ 1.10162247e+00  8.40469036e-01  2.30290291e-02  6.23734074e-02
  7.28769044e-01  4.48281307e-01  7.58942225e+00 -1.85334824e-03
 -1.37751189e-02 -2.21951771e-02 -5.87997453e-02 -8.28479456e-03
 -2.56091332e-03 -1.24828761e-03 -2.32234154e-02 -1.97370989e-02
 -4.00804457e-02  8.95265268e-04 -1.21860547e-03  9.52563524e-01
  1.14247775e+00  8.95817692e-01  9.41700326e-01  1.08361817e+00
  8.74451349e-01  1.77450438e+00  9.88622782e-01 -1.57449389e+00
 -2.03421895e+00 -6.34609767e-02  3.36855632e+00  4.82818385e-01
  1.00413853e+00  1.00602470e+00  9.83923066e-01  9.68034652e-01
  1.00228536e+00  9.59696337e-01  9.38399502e-01]
Pipeline failed on these parameters: [ 1.29807631e+00  9.09377561e-01  1.90133615e-02  5.87863535e-02
  7.26355287e-01  3.11370400e-01  7.98254052e+00  4.56424154e-04
 -6.49324673e-03 -1.06885131e-02 -2.82105507e-02 -2.11874781e-02
  8.94186151e-03 -1.49733224e-02 -1.96883619e-02 -1.00613400e-02
 -4.76674322e-02 -2.82996187e-03 -5.61780263e-03  8.91615164e-01
  1.35693195e+00  8.33895187e-01  1.00288881e+00  2.43356680e+00
  1.36848380e+00  2.97705484e+00  2.29215123e+00  5.08322539e-01
 -4.06390539e+00 -6.84983968e-01  6.53014704e-01  1.75750519e+00
  1.00022001e+00  1.00799030e+00  9.60403041e-01  9.79315101e-01
  9.99693850e-01  9.69880047e-01  9.24944855e-01]
/lcrc/project/SPT3G/users/ac.yomori/repo/cosmosis-standard-library/structure/projection/projection_tools/kernel.py:178: RuntimeWarning: invalid value encountered in divide
  nchi_spline.y * (nchi_spline.x - chi)/nchi_spline.x, 0.)
/lcrc/project/SPT3G/users/ac.yomori/repo/cosmosis-standard-library/structure/projection/projection_tools/kernel.py:178: RuntimeWarning: divide by zero encountered in divide
  nchi_spline.y * (nchi_spline.x - chi)/nchi_spline.x, 0.)
/lcrc/project/SPT3G/users/ac.yomori/repo/cosmosis-standard-library/shear/cl_to_xi_fullsky/cl_to_xi.py:38: RuntimeWarning: divide by zero encountered in log
  spec = -np.exp(self.interp_func(np.log(angle)))
/lcrc/project/SPT3G/users/ac.yomori/repo/cosmosis-standard-library/shear/cl_to_xi_fullsky/cl_to_xi.py:41: RuntimeWarning: divide by zero encountered in log
  spec = self.interp_func(np.log(angle))
Pipeline failed on these parameters: [ 1.23981997e+00  1.03345905e+00  2.08139826e-02  6.05796426e-02
  7.30743449e-01  4.10325780e-01  7.67525467e+00 -1.35838076e-02
 -1.13538858e-02 -3.98868844e-02 -3.48680555e-02  1.35226953e-02
 -5.75352974e-03 -6.79990092e-03 -1.84073527e-02 -2.52293454e-03
 -2.14868387e-02 -1.02736068e-02 -1.53193718e-02  9.12927220e-01
  1.23349056e+00  8.95917239e-01  1.02677616e+00  9.21316375e-01
  1.19343802e+00  2.16764464e+00  1.55578943e+00 -2.85813925e-03
 -6.57513457e-02 -3.01533560e+00 -5.96669759e-01  2.20982952e-01
  1.00028438e+00  1.00839031e+00  9.92865281e-01  9.76116127e-01
  9.99336907e-01  9.71211798e-01  9.12143322e-01]
/lcrc/project/SPT3G/users/ac.yomori/repo/cosmosis-standard-library/structure/projection/projection_tools/kernel.py:178: RuntimeWarning: invalid value encountered in divide
  nchi_spline.y * (nchi_spline.x - chi)/nchi_spline.x, 0.)
/lcrc/project/SPT3G/users/ac.yomori/repo/cosmosis-standard-library/structure/projection/projection_tools/kernel.py:178: RuntimeWarning: divide by zero encountered in divide
  nchi_spline.y * (nchi_spline.x - chi)/nchi_spline.x, 0.)
/lcrc/project/SPT3G/users/ac.yomori/repo/cosmosis-standard-library/shear/cl_to_xi_fullsky/cl_to_xi.py:41: RuntimeWarning: divide by zero encountered in log
  spec = self.interp_func(np.log(angle))
/lcrc/project/SPT3G/users/ac.yomori/repo/cosmosis-standard-library/shear/cl_to_xi_fullsky/cl_to_xi.py:38: RuntimeWarning: divide by zero encountered in log
  spec = -np.exp(self.interp_func(np.log(angle)))
/lcrc/project/SPT3G/users/ac.yomori/repo/cosmosis-standard-library/structure/projection/projection_tools/kernel.py:178: RuntimeWarning: invalid value encountered in divide
  nchi_spline.y * (nchi_spline.x - chi)/nchi_spline.x, 0.)
/lcrc/project/SPT3G/users/ac.yomori/repo/cosmosis-standard-library/structure/projection/projection_tools/kernel.py:178: RuntimeWarning: divide by zero encountered in divide
  nchi_spline.y * (nchi_spline.x - chi)/nchi_spline.x, 0.)
/lcrc/project/SPT3G/users/ac.yomori/repo/cosmosis-standard-library/shear/cl_to_xi_fullsky/cl_to_xi.py:38: RuntimeWarning: divide by zero encountered in log
  spec = -np.exp(self.interp_func(np.log(angle)))
/lcrc/project/SPT3G/users/ac.yomori/repo/cosmosis-standard-library/shear/cl_to_xi_fullsky/cl_to_xi.py:38: RuntimeWarning: divide by zero encountered in log
  spec = -np.exp(self.interp_func(np.log(angle)))
/lcrc/project/SPT3G/users/ac.yomori/repo/cosmosis-standard-library/shear/cl_to_xi_fullsky/cl_to_xi.py:41: RuntimeWarning: divide by zero encountered in log
  spec = self.interp_func(np.log(angle))
/lcrc/project/SPT3G/users/ac.yomori/repo/cosmosis-standard-library/shear/cl_to_xi_fullsky/cl_to_xi.py:38: RuntimeWarning: divide by zero encountered in log
  spec = -np.exp(self.interp_func(np.log(angle)))
/lcrc/project/SPT3G/users/ac.yomori/repo/cosmosis-standard-library/shear/cl_to_xi_fullsky/cl_to_xi.py:38: RuntimeWarning: divide by zero encountered in log
  spec = -np.exp(self.interp_func(np.log(angle)))
/lcrc/project/SPT3G/users/ac.yomori/repo/cosmosis-standard-library/shear/cl_to_xi_fullsky/cl_to_xi.py:38: RuntimeWarning: divide by zero encountered in log
  spec = -np.exp(self.interp_func(np.log(angle)))
Pipeline failed on these parameters: [ 1.24204806e+00  9.42202683e-01  2.38457500e-02  5.99715264e-02
  6.62416595e-01  4.96707683e-01  7.71678470e+00 -1.29147669e-02
 -1.18630938e-02 -1.87794531e-02 -4.58733631e-02 -2.30900176e-02
 -4.61779543e-03  8.90083585e-03  3.79240632e-03 -7.21498808e-03
 -3.66987657e-02 -1.16960346e-02 -9.41185440e-03  9.23132847e-01
  1.42049706e+00  8.72572479e-01  8.92376298e-01  1.74141454e+00
  2.73249980e+00  8.53817392e-01  2.45762052e+00 -2.62009675e+00
  1.90173134e+00 -4.68057744e+00  3.36973481e+00  8.97606082e-01
  9.96504577e-01  1.01387241e+00  9.50349286e-01  9.73759447e-01
  1.00426602e+00  9.70964195e-01  9.86763496e-01]
/lcrc/project/SPT3G/users/ac.yomori/repo/cosmosis-standard-library/shear/cl_to_xi_fullsky/cl_to_xi.py:38: RuntimeWarning: divide by zero encountered in log
  spec = -np.exp(self.interp_func(np.log(angle)))
/lcrc/project/SPT3G/users/ac.yomori/repo/cosmosis-standard-library/shear/cl_to_xi_fullsky/cl_to_xi.py:38: RuntimeWarning: divide by zero encountered in log
  spec = -np.exp(self.interp_func(np.log(angle)))
Pipeline failed on these parameters: [ 1.11862391e+00  8.72713456e-01  2.17311124e-02  6.04415169e-02
  7.36760506e-01  1.24168976e-01  7.57319717e+00 -1.62709357e-02
 -1.73719093e-02 -3.06157989e-02 -2.62620408e-02 -1.69938178e-02
 -1.44890671e-03  1.33953610e-02 -3.10985079e-02  5.41718104e-03
 -7.75001958e-03 -1.85678644e-03 -2.35676789e-03  9.65192862e-01
  1.33652516e+00  8.97510758e-01  9.05271930e-01  1.88873935e+00
  2.52405513e+00  1.74477309e+00  1.57460905e+00 -4.16904357e+00
 -3.10891733e+00  7.75833437e-01 -1.97797272e+00  8.62041414e-01
  1.00192874e+00  1.00837702e+00  9.15874626e-01  9.73840104e-01
  9.98465428e-01  9.61450830e-01  9.63287586e-01]
/lcrc/project/SPT3G/users/ac.yomori/repo/cosmosis-standard-library/shear/cl_to_xi_fullsky/cl_to_xi.py:38: RuntimeWarning: divide by zero encountered in log
  spec = -np.exp(self.interp_func(np.log(angle)))
/lcrc/project/SPT3G/users/ac.yomori/repo/cosmosis-standard-library/structure/projection/projection_tools/kernel.py:178: RuntimeWarning: invalid value encountered in divide
  nchi_spline.y * (nchi_spline.x - chi)/nchi_spline.x, 0.)
/lcrc/project/SPT3G/users/ac.yomori/repo/cosmosis-standard-library/structure/projection/projection_tools/kernel.py:178: RuntimeWarning: divide by zero encountered in divide
  nchi_spline.y * (nchi_spline.x - chi)/nchi_spline.x, 0.)
/lcrc/project/SPT3G/users/ac.yomori/repo/cosmosis-standard-library/shear/cl_to_xi_fullsky/cl_to_xi.py:38: RuntimeWarning: divide by zero encountered in log
  spec = -np.exp(self.interp_func(np.log(angle)))
/lcrc/project/SPT3G/users/ac.yomori/repo/cosmosis-standard-library/shear/cl_to_xi_fullsky/cl_to_xi.py:41: RuntimeWarning: divide by zero encountered in log
  spec = self.interp_func(np.log(angle))
/lcrc/project/SPT3G/users/ac.yomori/repo/cosmosis-standard-library/shear/cl_to_xi_fullsky/cl_to_xi.py:38: RuntimeWarning: divide by zero encountered in log
  spec = -np.exp(self.interp_func(np.log(angle)))
/lcrc/project/SPT3G/users/ac.yomori/repo/cosmosis-standard-library/shear/cl_to_xi_fullsky/cl_to_xi.py:41: RuntimeWarning: divide by zero encountered in log
  spec = self.interp_func(np.log(angle))
/lcrc/project/SPT3G/users/ac.yomori/repo/cosmosis-standard-library/shear/cl_to_xi_fullsky/cl_to_xi.py:38: RuntimeWarning: divide by zero encountered in log
  spec = -np.exp(self.interp_func(np.log(angle)))
/lcrc/project/SPT3G/users/ac.yomori/repo/cosmosis-standard-library/structure/projection/projection_tools/kernel.py:178: RuntimeWarning: invalid value encountered in divide
  nchi_spline.y * (nchi_spline.x - chi)/nchi_spline.x, 0.)
/lcrc/project/SPT3G/users/ac.yomori/repo/cosmosis-standard-library/structure/projection/projection_tools/kernel.py:178: RuntimeWarning: divide by zero encountered in divide
  nchi_spline.y * (nchi_spline.x - chi)/nchi_spline.x, 0.)
/lcrc/project/SPT3G/users/ac.yomori/repo/cosmosis-standard-library/shear/cl_to_xi_fullsky/cl_to_xi.py:41: RuntimeWarning: divide by zero encountered in log
  spec = self.interp_func(np.log(angle))
/lcrc/project/SPT3G/users/ac.yomori/repo/cosmosis-standard-library/shear/cl_to_xi_fullsky/cl_to_xi.py:38: RuntimeWarning: divide by zero encountered in log
  spec = -np.exp(self.interp_func(np.log(angle)))
Pipeline failed on these parameters: [ 1.28022097e+00  1.09936834e+00  1.99357951e-02  6.30191479e-02
  7.36994983e-01  4.69655473e-01  7.82507128e+00 -4.03732296e-03
 -3.90755279e-02 -1.49673870e-02 -4.03098990e-02 -9.99780548e-03
  1.04576351e-02  4.24179641e-03 -1.96763249e-02 -1.43015583e-02
 -3.93696645e-02 -2.15975527e-03  3.18476852e-03  9.95259409e-01
  1.47383856e+00  7.85306783e-01  9.45756507e-01  2.58066554e+00
  8.28447166e-01  2.79645807e+00  1.11781643e+00 -2.66591448e+00
 -4.15350714e+00  2.09642863e+00 -4.02979335e+00  1.59606504e+00
  9.98010734e-01  1.01128659e+00  9.48506546e-01  9.72278285e-01
  1.00583117e+00  9.67766619e-01  9.82269052e-01]
Pipeline failed on these parameters: [ 1.04475903e+00  8.41849387e-01  2.17649932e-02  5.21422107e-02
  7.11621276e-01  5.37965763e-01  7.61409637e+00 -2.43295022e-02
 -4.74143164e-03 -2.24691083e-02 -3.20897850e-02 -1.57530622e-02
 -1.40344095e-02  1.14539570e-02  1.59245158e-02 -1.20091794e-02
 -3.54043779e-02  2.85124641e-03 -2.42292767e-03  9.43604300e-01
  1.29882337e+00  9.11927389e-01  9.35760977e-01  1.53904061e+00
  1.38279687e+00  1.77059486e+00  2.24695610e+00  1.53949447e+00
 -2.10677253e+00  3.51575321e+00  3.26765706e+00  1.31096132e+00
  9.97806933e-01  1.01065072e+00  9.90197163e-01  9.71246664e-01
  1.00475983e+00  9.59423332e-01  9.05928365e-01]
Pipeline failed on these parameters: [ 9.44532443e-01  1.01780373e+00  2.44367960e-02  5.67884901e-02
  7.29899980e-01  5.49724238e-01  7.31109419e+00 -3.68895720e-03
  4.35329515e-03 -2.22674048e-02 -4.05931185e-02  6.39532472e-03
  3.65493418e-03  1.37670689e-02  1.04940795e-04  7.71631608e-04
 -3.67409522e-02  7.08213354e-05  3.38354301e-03  1.07796669e+00
  1.28572038e+00  8.93028941e-01  9.37724207e-01  2.29342081e+00
  2.82696500e+00  2.32524337e+00  2.13485517e+00  2.19894063e+00
  4.42622954e+00 -2.91814090e+00  3.20342230e+00  7.13561398e-01
  9.99309675e-01  1.00852437e+00  9.76526921e-01  9.73443493e-01
  1.00485795e+00  9.58630227e-01  9.68650130e-01]
/lcrc/project/SPT3G/users/ac.yomori/repo/cosmosis-standard-library/shear/cl_to_xi_fullsky/cl_to_xi.py:38: RuntimeWarning: divide by zero encountered in log
  spec = -np.exp(self.interp_func(np.log(angle)))
Pipeline failed on these parameters: [ 1.15148676e+00  9.16914751e-01  2.57974788e-02  5.26125663e-02
  7.77655993e-01  4.35901139e-01  7.94962266e+00 -6.13435714e-03
 -2.71779506e-02 -1.95777294e-02 -4.97416795e-02  9.84153189e-04
  2.71155490e-03 -3.59016200e-04  1.33056272e-02 -9.20398668e-03
 -4.21261565e-02  8.97634756e-04  5.74700387e-03  1.10247309e+00
  1.24558777e+00  9.11068335e-01  9.93425425e-01  1.55754106e+00
  2.15007452e+00  1.04227623e+00  2.96889263e+00  7.11203870e-02
 -4.59223533e+00  7.30954043e-01  2.40468195e+00  5.49914399e-01
  9.97556993e-01  1.00310198e+00  9.84420482e-01  9.68134337e-01
  1.00039081e+00  9.67475096e-01  9.65901312e-01]
Pipeline failed on these parameters: [ 1.22394440e+00  1.07322421e+00  2.51390078e-02  7.49432021e-02
  7.87219447e-01  5.39143611e-01  7.84933491e+00  4.18885152e-03
 -1.56378706e-02 -3.93248363e-02 -4.70303988e-02  4.45029900e-03
  1.17955630e-02 -3.34200012e-03 -1.32837815e-02 -2.95567161e-03
 -3.39551909e-02 -1.84720507e-02  2.84568174e-03  1.04427406e+00
  1.29900758e+00  9.70178325e-01  9.05348979e-01  1.02638145e+00
  8.56256392e-01  2.70038330e+00  2.09500445e+00  2.95450915e+00
  2.19815404e+00  2.99121572e+00 -2.34906271e+00  4.85999399e-01
  1.00280514e+00  1.00942135e+00  1.02469582e+00  9.73630343e-01
  1.00077640e+00  9.44757553e-01  9.70706140e-01]
/lcrc/project/SPT3G/users/ac.yomori/repo/cosmosis-standard-library/structure/projection/projection_tools/kernel.py:178: RuntimeWarning: invalid value encountered in divide
  nchi_spline.y * (nchi_spline.x - chi)/nchi_spline.x, 0.)
/lcrc/project/SPT3G/users/ac.yomori/repo/cosmosis-standard-library/structure/projection/projection_tools/kernel.py:178: RuntimeWarning: divide by zero encountered in divide
  nchi_spline.y * (nchi_spline.x - chi)/nchi_spline.x, 0.)
/lcrc/project/SPT3G/users/ac.yomori/repo/cosmosis-standard-library/shear/cl_to_xi_fullsky/cl_to_xi.py:41: RuntimeWarning: divide by zero encountered in log
  spec = self.interp_func(np.log(angle))
/lcrc/project/SPT3G/users/ac.yomori/repo/cosmosis-standard-library/shear/cl_to_xi_fullsky/cl_to_xi.py:38: RuntimeWarning: divide by zero encountered in log
  spec = -np.exp(self.interp_func(np.log(angle)))
/lcrc/project/SPT3G/users/ac.yomori/repo/cosmosis-standard-library/shear/cl_to_xi_fullsky/cl_to_xi.py:38: RuntimeWarning: divide by zero encountered in log
  spec = -np.exp(self.interp_func(np.log(angle)))
/lcrc/project/SPT3G/users/ac.yomori/repo/cosmosis-standard-library/shear/cl_to_xi_fullsky/cl_to_xi.py:38: RuntimeWarning: divide by zero encountered in log
  spec = -np.exp(self.interp_func(np.log(angle)))
Pipeline failed on these parameters: [ 9.77569362e-01  8.67797489e-01  2.12491951e-02  5.27347288e-02
  7.76963145e-01  8.66113326e-02  7.71579858e+00 -1.17520994e-02
 -2.31109662e-02 -2.52014535e-02 -3.88749685e-02 -5.32793428e-03
  4.71979911e-04  6.44405442e-03 -1.76629018e-02 -1.01855452e-02
 -3.35580117e-02  7.14174677e-04 -7.24715270e-03  9.58014451e-01
  1.47830618e+00  8.85399759e-01  9.28738871e-01  2.96062022e+00
  1.59191577e+00  2.55656112e+00  1.59098278e+00  4.28118435e+00
 -9.93968241e-02  4.54205539e+00  1.92073352e+00  5.54123376e-02
  9.97666521e-01  1.00670355e+00  9.57117918e-01  9.73202695e-01
  9.97317097e-01  9.68936833e-01  9.63574054e-01]
/lcrc/project/SPT3G/users/ac.yomori/repo/cosmosis-standard-library/shear/cl_to_xi_fullsky/cl_to_xi.py:38: RuntimeWarning: divide by zero encountered in log
  spec = -np.exp(self.interp_func(np.log(angle)))
/lcrc/project/SPT3G/users/ac.yomori/repo/cosmosis-standard-library/shear/cl_to_xi_fullsky/cl_to_xi.py:38: RuntimeWarning: divide by zero encountered in log
  spec = -np.exp(self.interp_func(np.log(angle)))
/lcrc/project/SPT3G/users/ac.yomori/repo/cosmosis-standard-library/shear/cl_to_xi_fullsky/cl_to_xi.py:41: RuntimeWarning: divide by zero encountered in log
  spec = self.interp_func(np.log(angle))
/lcrc/project/SPT3G/users/ac.yomori/repo/cosmosis-standard-library/shear/cl_to_xi_fullsky/cl_to_xi.py:38: RuntimeWarning: divide by zero encountered in log
  spec = -np.exp(self.interp_func(np.log(angle)))
/lcrc/project/SPT3G/users/ac.yomori/repo/cosmosis-standard-library/shear/cl_to_xi_fullsky/cl_to_xi.py:38: RuntimeWarning: divide by zero encountered in log
  spec = -np.exp(self.interp_func(np.log(angle)))
/lcrc/project/SPT3G/users/ac.yomori/repo/cosmosis-standard-library/structure/projection/projection_tools/kernel.py:178: RuntimeWarning: invalid value encountered in divide
  nchi_spline.y * (nchi_spline.x - chi)/nchi_spline.x, 0.)
/lcrc/project/SPT3G/users/ac.yomori/repo/cosmosis-standard-library/structure/projection/projection_tools/kernel.py:178: RuntimeWarning: divide by zero encountered in divide
  nchi_spline.y * (nchi_spline.x - chi)/nchi_spline.x, 0.)
/lcrc/project/SPT3G/users/ac.yomori/repo/cosmosis-standard-library/structure/projection/projection_tools/kernel.py:178: RuntimeWarning: invalid value encountered in divide
  nchi_spline.y * (nchi_spline.x - chi)/nchi_spline.x, 0.)
/lcrc/project/SPT3G/users/ac.yomori/repo/cosmosis-standard-library/structure/projection/projection_tools/kernel.py:178: RuntimeWarning: divide by zero encountered in divide
  nchi_spline.y * (nchi_spline.x - chi)/nchi_spline.x, 0.)
/lcrc/project/SPT3G/users/ac.yomori/repo/cosmosis-standard-library/structure/projection/projection_tools/kernel.py:178: RuntimeWarning: invalid value encountered in divide
  nchi_spline.y * (nchi_spline.x - chi)/nchi_spline.x, 0.)
/lcrc/project/SPT3G/users/ac.yomori/repo/cosmosis-standard-library/structure/projection/projection_tools/kernel.py:178: RuntimeWarning: divide by zero encountered in divide
  nchi_spline.y * (nchi_spline.x - chi)/nchi_spline.x, 0.)
/lcrc/project/SPT3G/users/ac.yomori/repo/cosmosis-standard-library/shear/cl_to_xi_fullsky/cl_to_xi.py:38: RuntimeWarning: divide by zero encountered in log
  spec = -np.exp(self.interp_func(np.log(angle)))
/lcrc/project/SPT3G/users/ac.yomori/repo/cosmosis-standard-library/structure/projection/projection_tools/kernel.py:178: RuntimeWarning: invalid value encountered in divide
  nchi_spline.y * (nchi_spline.x - chi)/nchi_spline.x, 0.)
/lcrc/project/SPT3G/users/ac.yomori/repo/cosmosis-standard-library/structure/projection/projection_tools/kernel.py:178: RuntimeWarning: divide by zero encountered in divide
  nchi_spline.y * (nchi_spline.x - chi)/nchi_spline.x, 0.)
/lcrc/project/SPT3G/users/ac.yomori/repo/cosmosis-standard-library/shear/cl_to_xi_fullsky/cl_to_xi.py:38: RuntimeWarning: divide by zero encountered in log
  spec = -np.exp(self.interp_func(np.log(angle)))
/lcrc/project/SPT3G/users/ac.yomori/repo/cosmosis-standard-library/structure/projection/projection_tools/kernel.py:178: RuntimeWarning: invalid value encountered in divide
  nchi_spline.y * (nchi_spline.x - chi)/nchi_spline.x, 0.)
/lcrc/project/SPT3G/users/ac.yomori/repo/cosmosis-standard-library/structure/projection/projection_tools/kernel.py:178: RuntimeWarning: divide by zero encountered in divide
  nchi_spline.y * (nchi_spline.x - chi)/nchi_spline.x, 0.)
/lcrc/project/SPT3G/users/ac.yomori/repo/cosmosis-standard-library/shear/cl_to_xi_fullsky/cl_to_xi.py:41: RuntimeWarning: divide by zero encountered in log
  spec = self.interp_func(np.log(angle))
/lcrc/project/SPT3G/users/ac.yomori/repo/cosmosis-standard-library/shear/cl_to_xi_fullsky/cl_to_xi.py:38: RuntimeWarning: divide by zero encountered in log
  spec = -np.exp(self.interp_func(np.log(angle)))
/lcrc/project/SPT3G/users/ac.yomori/repo/cosmosis-standard-library/structure/projection/projection_tools/kernel.py:178: RuntimeWarning: invalid value encountered in divide
  nchi_spline.y * (nchi_spline.x - chi)/nchi_spline.x, 0.)
/lcrc/project/SPT3G/users/ac.yomori/repo/cosmosis-standard-library/structure/projection/projection_tools/kernel.py:178: RuntimeWarning: divide by zero encountered in divide
  nchi_spline.y * (nchi_spline.x - chi)/nchi_spline.x, 0.)
/lcrc/project/SPT3G/users/ac.yomori/repo/cosmosis-standard-library/shear/cl_to_xi_fullsky/cl_to_xi.py:38: RuntimeWarning: divide by zero encountered in log
  spec = -np.exp(self.interp_func(np.log(angle)))
/lcrc/project/SPT3G/users/ac.yomori/repo/cosmosis-standard-library/shear/cl_to_xi_fullsky/cl_to_xi.py:41: RuntimeWarning: divide by zero encountered in log
  spec = self.interp_func(np.log(angle))
/lcrc/project/SPT3G/users/ac.yomori/repo/cosmosis-standard-library/shear/cl_to_xi_fullsky/cl_to_xi.py:41: RuntimeWarning: divide by zero encountered in log
  spec = self.interp_func(np.log(angle))
/lcrc/project/SPT3G/users/ac.yomori/repo/cosmosis-standard-library/shear/cl_to_xi_fullsky/cl_to_xi.py:38: RuntimeWarning: divide by zero encountered in log
  spec = -np.exp(self.interp_func(np.log(angle)))
/lcrc/project/SPT3G/users/ac.yomori/repo/cosmosis-standard-library/shear/cl_to_xi_fullsky/cl_to_xi.py:38: RuntimeWarning: divide by zero encountered in log
  spec = -np.exp(self.interp_func(np.log(angle)))
/lcrc/project/SPT3G/users/ac.yomori/repo/cosmosis-standard-library/structure/projection/projection_tools/kernel.py:178: RuntimeWarning: invalid value encountered in divide
  nchi_spline.y * (nchi_spline.x - chi)/nchi_spline.x, 0.)
/lcrc/project/SPT3G/users/ac.yomori/repo/cosmosis-standard-library/structure/projection/projection_tools/kernel.py:178: RuntimeWarning: divide by zero encountered in divide
  nchi_spline.y * (nchi_spline.x - chi)/nchi_spline.x, 0.)
/lcrc/project/SPT3G/users/ac.yomori/repo/cosmosis-standard-library/shear/cl_to_xi_fullsky/cl_to_xi.py:41: RuntimeWarning: divide by zero encountered in log
  spec = self.interp_func(np.log(angle))
/lcrc/project/SPT3G/users/ac.yomori/repo/cosmosis-standard-library/shear/cl_to_xi_fullsky/cl_to_xi.py:38: RuntimeWarning: divide by zero encountered in log
  spec = -np.exp(self.interp_func(np.log(angle)))
/lcrc/project/SPT3G/users/ac.yomori/repo/cosmosis-standard-library/shear/cl_to_xi_fullsky/cl_to_xi.py:38: RuntimeWarning: divide by zero encountered in log
  spec = -np.exp(self.interp_func(np.log(angle)))
/lcrc/project/SPT3G/users/ac.yomori/repo/cosmosis-standard-library/shear/cl_to_xi_fullsky/cl_to_xi.py:41: RuntimeWarning: divide by zero encountered in log
  spec = self.interp_func(np.log(angle))
/lcrc/project/SPT3G/users/ac.yomori/repo/cosmosis-standard-library/shear/cl_to_xi_fullsky/cl_to_xi.py:41: RuntimeWarning: divide by zero encountered in log
  spec = self.interp_func(np.log(angle))
/lcrc/project/SPT3G/users/ac.yomori/repo/cosmosis-standard-library/shear/cl_to_xi_fullsky/cl_to_xi.py:38: RuntimeWarning: divide by zero encountered in log
  spec = -np.exp(self.interp_func(np.log(angle)))
/lcrc/project/SPT3G/users/ac.yomori/repo/cosmosis-standard-library/structure/projection/projection_tools/kernel.py:178: RuntimeWarning: invalid value encountered in divide
  nchi_spline.y * (nchi_spline.x - chi)/nchi_spline.x, 0.)
/lcrc/project/SPT3G/users/ac.yomori/repo/cosmosis-standard-library/structure/projection/projection_tools/kernel.py:178: RuntimeWarning: divide by zero encountered in divide
  nchi_spline.y * (nchi_spline.x - chi)/nchi_spline.x, 0.)
/lcrc/project/SPT3G/users/ac.yomori/repo/cosmosis-standard-library/shear/cl_to_xi_fullsky/cl_to_xi.py:38: RuntimeWarning: divide by zero encountered in log
  spec = -np.exp(self.interp_func(np.log(angle)))
/lcrc/project/SPT3G/users/ac.yomori/repo/cosmosis-standard-library/shear/cl_to_xi_fullsky/cl_to_xi.py:41: RuntimeWarning: divide by zero encountered in log
  spec = self.interp_func(np.log(angle))
Pipeline failed on these parameters: [ 1.29639511e+00  8.68746053e-01  2.55515902e-02  6.88487085e-02
  7.92573211e-01  2.28986543e-01  7.66543589e+00 -1.80368804e-03
 -2.24198709e-02 -2.86545770e-02 -4.16701527e-02 -2.97531142e-02
 -1.65551522e-02  1.50984445e-02  1.25306957e-02 -8.00249074e-03
 -2.51317952e-02 -6.94805665e-03 -5.09207388e-03  9.83246408e-01
  1.22582999e+00  9.29226096e-01  9.95836309e-01  2.29038286e+00
  2.24043984e+00  2.62578245e+00  2.62486210e+00  1.80555660e-01
  2.69335738e+00  1.31445831e+00  1.32108928e+00  1.11628993e-01
  1.00097284e+00  1.00495676e+00  1.00360433e+00  9.74602119e-01
  1.00121279e+00  9.48611192e-01  9.44522784e-01]
/lcrc/project/SPT3G/users/ac.yomori/repo/cosmosis-standard-library/structure/projection/projection_tools/kernel.py:178: RuntimeWarning: invalid value encountered in divide
  nchi_spline.y * (nchi_spline.x - chi)/nchi_spline.x, 0.)
/lcrc/project/SPT3G/users/ac.yomori/repo/cosmosis-standard-library/structure/projection/projection_tools/kernel.py:178: RuntimeWarning: divide by zero encountered in divide
  nchi_spline.y * (nchi_spline.x - chi)/nchi_spline.x, 0.)
Pipeline failed on these parameters: [ 1.22543781e+00  1.08087890e+00  2.02063822e-02  6.38528923e-02
  6.60187628e-01  4.05004415e-01  7.90488397e+00 -1.38024651e-02
 -8.00917031e-03 -1.20377768e-02 -3.02946809e-02  1.32412888e-02
  4.98937558e-04  4.57792071e-03  5.02968992e-03 -2.78061078e-03
 -3.13126504e-02 -8.95684929e-03 -1.44942974e-03  9.08198163e-01
  1.40879975e+00  7.74855110e-01  8.78314690e-01  1.56633329e+00
  2.73665073e+00  2.97868016e+00  1.98325405e+00 -3.22801283e+00
 -6.95975863e-01 -3.47480737e+00 -4.45019260e-01  1.24333494e+00
  9.97179039e-01  1.00859145e+00  9.17418900e-01  9.70710865e-01
  9.98961875e-01  9.51753666e-01  9.49015628e-01]
/lcrc/project/SPT3G/users/ac.yomori/repo/cosmosis-standard-library/shear/cl_to_xi_fullsky/cl_to_xi.py:38: RuntimeWarning: divide by zero encountered in log
  spec = -np.exp(self.interp_func(np.log(angle)))
Pipeline failed on these parameters: [ 1.24785814e+00  9.56056215e-01  2.23487110e-02  5.29516435e-02
  7.12489817e-01  1.51689321e-01  7.71666688e+00 -2.28891541e-03
 -2.03112727e-02 -2.85280009e-02 -3.24164223e-02  1.41370641e-02
  1.23029851e-03  7.64877144e-03  5.02893763e-03 -2.32095127e-03
 -3.09245201e-02 -3.90828607e-03 -1.50353905e-02  1.02065340e+00
  1.28825794e+00  9.73621270e-01  8.98272053e-01  8.34628671e-01
  1.00023635e+00  1.77324150e+00  9.03229766e-01 -2.78986525e+00
  3.88870402e+00  1.13629954e+00  2.61504008e+00  5.08605653e-01
  9.94674830e-01  1.00776537e+00  1.02504570e+00  9.76954122e-01
  1.00022119e+00  9.75113580e-01  9.62592092e-01]
/lcrc/project/SPT3G/users/ac.yomori/repo/cosmosis-standard-library/shear/cl_to_xi_fullsky/cl_to_xi.py:38: RuntimeWarning: divide by zero encountered in log
  spec = -np.exp(self.interp_func(np.log(angle)))
Pipeline failed on these parameters: [ 1.27786694e+00  1.03690478e+00  2.36507197e-02  7.35884736e-02
  8.18235276e-01  5.33109438e-01  7.85199895e+00  1.12301570e-02
 -6.36574156e-03 -1.36116256e-02 -2.55155200e-02  1.02050582e-02
 -4.58833855e-03 -6.79229328e-03 -1.80990617e-02 -1.20863152e-02
 -2.62769696e-02  2.60421151e-03 -3.86133847e-03  8.92132914e-01
  1.30312907e+00  7.76294988e-01  9.58727767e-01  2.86906783e+00
  2.82866427e+00  2.55655086e+00  8.93975024e-01 -2.93987172e+00
  4.75882800e+00 -3.27672289e+00  3.34012218e+00  1.08151677e+00
  9.99531811e-01  1.00934124e+00  9.81942180e-01  9.75194146e-01
  1.00605553e+00  9.66679267e-01  9.50831291e-01]
Pipeline failed on these parameters: [ 1.25741248e+00  8.64476130e-01  2.21178500e-02  6.03032569e-02
  6.87909576e-01  4.08874093e-01  7.86095513e+00 -1.02829275e-02
 -1.49905785e-02 -2.28628021e-02 -3.29365245e-02  3.51115637e-04
 -4.48718734e-03 -1.53905264e-02 -2.39204948e-02 -1.52397811e-02
 -3.87845560e-02 -6.81873921e-04 -1.44524177e-02  9.84181626e-01
  1.20538988e+00  9.54117305e-01  9.08705270e-01  1.50247734e+00
  1.03840577e+00  2.70448661e+00  1.89211228e+00  1.64055038e+00
  1.45889328e+00  3.92876063e+00 -4.71667090e-01  8.70267130e-01
  1.00479821e+00  1.01090432e+00  9.72899034e-01  9.73200738e-01
  9.98976546e-01  9.62588229e-01  9.45167208e-01]
/lcrc/project/SPT3G/users/ac.yomori/repo/cosmosis-standard-library/structure/projection/projection_tools/kernel.py:178: RuntimeWarning: invalid value encountered in divide
  nchi_spline.y * (nchi_spline.x - chi)/nchi_spline.x, 0.)
/lcrc/project/SPT3G/users/ac.yomori/repo/cosmosis-standard-library/structure/projection/projection_tools/kernel.py:178: RuntimeWarning: divide by zero encountered in divide
  nchi_spline.y * (nchi_spline.x - chi)/nchi_spline.x, 0.)
/lcrc/project/SPT3G/users/ac.yomori/repo/cosmosis-standard-library/shear/cl_to_xi_fullsky/cl_to_xi.py:38: RuntimeWarning: divide by zero encountered in log
  spec = -np.exp(self.interp_func(np.log(angle)))
/lcrc/project/SPT3G/users/ac.yomori/repo/cosmosis-standard-library/structure/projection/projection_tools/kernel.py:178: RuntimeWarning: invalid value encountered in divide
  nchi_spline.y * (nchi_spline.x - chi)/nchi_spline.x, 0.)
/lcrc/project/SPT3G/users/ac.yomori/repo/cosmosis-standard-library/structure/projection/projection_tools/kernel.py:178: RuntimeWarning: divide by zero encountered in divide
  nchi_spline.y * (nchi_spline.x - chi)/nchi_spline.x, 0.)
/lcrc/project/SPT3G/users/ac.yomori/repo/cosmosis-standard-library/structure/projection/projection_tools/kernel.py:178: RuntimeWarning: invalid value encountered in divide
  nchi_spline.y * (nchi_spline.x - chi)/nchi_spline.x, 0.)
/lcrc/project/SPT3G/users/ac.yomori/repo/cosmosis-standard-library/structure/projection/projection_tools/kernel.py:178: RuntimeWarning: divide by zero encountered in divide
  nchi_spline.y * (nchi_spline.x - chi)/nchi_spline.x, 0.)
/lcrc/project/SPT3G/users/ac.yomori/repo/cosmosis-standard-library/shear/cl_to_xi_fullsky/cl_to_xi.py:38: RuntimeWarning: divide by zero encountered in log
  spec = -np.exp(self.interp_func(np.log(angle)))
/lcrc/project/SPT3G/users/ac.yomori/repo/cosmosis-standard-library/shear/cl_to_xi_fullsky/cl_to_xi.py:41: RuntimeWarning: divide by zero encountered in log
  spec = self.interp_func(np.log(angle))
/lcrc/project/SPT3G/users/ac.yomori/repo/cosmosis-standard-library/shear/cl_to_xi_fullsky/cl_to_xi.py:38: RuntimeWarning: divide by zero encountered in log
  spec = -np.exp(self.interp_func(np.log(angle)))
/lcrc/project/SPT3G/users/ac.yomori/repo/cosmosis-standard-library/shear/cl_to_xi_fullsky/cl_to_xi.py:38: RuntimeWarning: divide by zero encountered in log
  spec = -np.exp(self.interp_func(np.log(angle)))
/lcrc/project/SPT3G/users/ac.yomori/repo/cosmosis-standard-library/shear/cl_to_xi_fullsky/cl_to_xi.py:38: RuntimeWarning: divide by zero encountered in log
  spec = -np.exp(self.interp_func(np.log(angle)))
/lcrc/project/SPT3G/users/ac.yomori/repo/cosmosis-standard-library/shear/cl_to_xi_fullsky/cl_to_xi.py:38: RuntimeWarning: divide by zero encountered in log
  spec = -np.exp(self.interp_func(np.log(angle)))
/lcrc/project/SPT3G/users/ac.yomori/repo/cosmosis-standard-library/shear/cl_to_xi_fullsky/cl_to_xi.py:38: RuntimeWarning: divide by zero encountered in log
  spec = -np.exp(self.interp_func(np.log(angle)))
/lcrc/project/SPT3G/users/ac.yomori/repo/cosmosis-standard-library/structure/projection/projection_tools/kernel.py:178: RuntimeWarning: invalid value encountered in divide
  nchi_spline.y * (nchi_spline.x - chi)/nchi_spline.x, 0.)
/lcrc/project/SPT3G/users/ac.yomori/repo/cosmosis-standard-library/structure/projection/projection_tools/kernel.py:178: RuntimeWarning: divide by zero encountered in divide
  nchi_spline.y * (nchi_spline.x - chi)/nchi_spline.x, 0.)
/lcrc/project/SPT3G/users/ac.yomori/repo/cosmosis-standard-library/shear/cl_to_xi_fullsky/cl_to_xi.py:38: RuntimeWarning: divide by zero encountered in log
  spec = -np.exp(self.interp_func(np.log(angle)))
/lcrc/project/SPT3G/users/ac.yomori/repo/cosmosis-standard-library/shear/cl_to_xi_fullsky/cl_to_xi.py:38: RuntimeWarning: divide by zero encountered in log
  spec = -np.exp(self.interp_func(np.log(angle)))
/lcrc/project/SPT3G/users/ac.yomori/repo/cosmosis-standard-library/shear/cl_to_xi_fullsky/cl_to_xi.py:38: RuntimeWarning: divide by zero encountered in log
  spec = -np.exp(self.interp_func(np.log(angle)))
/lcrc/project/SPT3G/users/ac.yomori/repo/cosmosis-standard-library/shear/cl_to_xi_fullsky/cl_to_xi.py:38: RuntimeWarning: divide by zero encountered in log
  spec = -np.exp(self.interp_func(np.log(angle)))
/lcrc/project/SPT3G/users/ac.yomori/repo/cosmosis-standard-library/shear/cl_to_xi_fullsky/cl_to_xi.py:41: RuntimeWarning: divide by zero encountered in log
  spec = self.interp_func(np.log(angle))
/lcrc/project/SPT3G/users/ac.yomori/repo/cosmosis-standard-library/shear/cl_to_xi_fullsky/cl_to_xi.py:38: RuntimeWarning: divide by zero encountered in log
  spec = -np.exp(self.interp_func(np.log(angle)))
/lcrc/project/SPT3G/users/ac.yomori/repo/cosmosis-standard-library/shear/cl_to_xi_fullsky/cl_to_xi.py:38: RuntimeWarning: divide by zero encountered in log
  spec = -np.exp(self.interp_func(np.log(angle)))
/lcrc/project/SPT3G/users/ac.yomori/repo/cosmosis-standard-library/shear/cl_to_xi_fullsky/cl_to_xi.py:41: RuntimeWarning: divide by zero encountered in log
  spec = self.interp_func(np.log(angle))
/lcrc/project/SPT3G/users/ac.yomori/repo/cosmosis-standard-library/structure/projection/projection_tools/kernel.py:178: RuntimeWarning: invalid value encountered in divide
  nchi_spline.y * (nchi_spline.x - chi)/nchi_spline.x, 0.)
/lcrc/project/SPT3G/users/ac.yomori/repo/cosmosis-standard-library/structure/projection/projection_tools/kernel.py:178: RuntimeWarning: divide by zero encountered in divide
  nchi_spline.y * (nchi_spline.x - chi)/nchi_spline.x, 0.)
/lcrc/project/SPT3G/users/ac.yomori/repo/cosmosis-standard-library/shear/cl_to_xi_fullsky/cl_to_xi.py:38: RuntimeWarning: divide by zero encountered in log
  spec = -np.exp(self.interp_func(np.log(angle)))
/lcrc/project/SPT3G/users/ac.yomori/repo/cosmosis-standard-library/structure/projection/projection_tools/kernel.py:178: RuntimeWarning: invalid value encountered in divide
  nchi_spline.y * (nchi_spline.x - chi)/nchi_spline.x, 0.)
/lcrc/project/SPT3G/users/ac.yomori/repo/cosmosis-standard-library/structure/projection/projection_tools/kernel.py:178: RuntimeWarning: divide by zero encountered in divide
  nchi_spline.y * (nchi_spline.x - chi)/nchi_spline.x, 0.)
Pipeline failed on these parameters: [ 1.02989031e+00  1.02271941e+00  2.51821221e-02  5.33324076e-02
  6.90896163e-01  4.29631242e-01  7.40128785e+00  4.69723352e-04
 -1.53259850e-02 -1.27252513e-02 -4.06755746e-02  9.57064823e-03
 -1.05749945e-02  9.68630637e-03 -1.99702210e-02 -1.28297540e-02
 -3.67186296e-02 -1.03027411e-02 -1.29129757e-02  9.81356645e-01
  1.31872611e+00  8.53380496e-01  8.73618545e-01  9.29192052e-01
  1.28114567e+00  1.80225750e+00  2.75289371e+00 -8.27186307e-01
  9.88307828e-02  2.93344868e+00 -1.00447039e+00  1.01791114e+00
  1.00026986e+00  1.01384270e+00  1.00493640e+00  9.75699654e-01
  1.00214612e+00  9.48406022e-01  9.42458330e-01]
/lcrc/project/SPT3G/users/ac.yomori/repo/cosmosis-standard-library/structure/projection/projection_tools/kernel.py:178: RuntimeWarning: invalid value encountered in divide
  nchi_spline.y * (nchi_spline.x - chi)/nchi_spline.x, 0.)
/lcrc/project/SPT3G/users/ac.yomori/repo/cosmosis-standard-library/structure/projection/projection_tools/kernel.py:178: RuntimeWarning: divide by zero encountered in divide
  nchi_spline.y * (nchi_spline.x - chi)/nchi_spline.x, 0.)
/lcrc/project/SPT3G/users/ac.yomori/repo/cosmosis-standard-library/shear/cl_to_xi_fullsky/cl_to_xi.py:41: RuntimeWarning: divide by zero encountered in log
  spec = self.interp_func(np.log(angle))
/lcrc/project/SPT3G/users/ac.yomori/repo/cosmosis-standard-library/shear/cl_to_xi_fullsky/cl_to_xi.py:38: RuntimeWarning: divide by zero encountered in log
  spec = -np.exp(self.interp_func(np.log(angle)))
/lcrc/project/SPT3G/users/ac.yomori/repo/cosmosis-standard-library/shear/cl_to_xi_fullsky/cl_to_xi.py:38: RuntimeWarning: divide by zero encountered in log
  spec = -np.exp(self.interp_func(np.log(angle)))
/lcrc/project/SPT3G/users/ac.yomori/repo/cosmosis-standard-library/structure/projection/projection_tools/kernel.py:178: RuntimeWarning: invalid value encountered in divide
  nchi_spline.y * (nchi_spline.x - chi)/nchi_spline.x, 0.)
/lcrc/project/SPT3G/users/ac.yomori/repo/cosmosis-standard-library/structure/projection/projection_tools/kernel.py:178: RuntimeWarning: divide by zero encountered in divide
  nchi_spline.y * (nchi_spline.x - chi)/nchi_spline.x, 0.)
/lcrc/project/SPT3G/users/ac.yomori/repo/cosmosis-standard-library/shear/cl_to_xi_fullsky/cl_to_xi.py:38: RuntimeWarning: divide by zero encountered in log
  spec = -np.exp(self.interp_func(np.log(angle)))
/lcrc/project/SPT3G/users/ac.yomori/repo/cosmosis-standard-library/structure/projection/projection_tools/kernel.py:178: RuntimeWarning: invalid value encountered in divide
  nchi_spline.y * (nchi_spline.x - chi)/nchi_spline.x, 0.)
/lcrc/project/SPT3G/users/ac.yomori/repo/cosmosis-standard-library/structure/projection/projection_tools/kernel.py:178: RuntimeWarning: divide by zero encountered in divide
  nchi_spline.y * (nchi_spline.x - chi)/nchi_spline.x, 0.)
/lcrc/project/SPT3G/users/ac.yomori/repo/cosmosis-standard-library/structure/projection/projection_tools/kernel.py:178: RuntimeWarning: invalid value encountered in divide
  nchi_spline.y * (nchi_spline.x - chi)/nchi_spline.x, 0.)
/lcrc/project/SPT3G/users/ac.yomori/repo/cosmosis-standard-library/structure/projection/projection_tools/kernel.py:178: RuntimeWarning: divide by zero encountered in divide
  nchi_spline.y * (nchi_spline.x - chi)/nchi_spline.x, 0.)
Pipeline failed on these parameters: [ 1.28728927e+00  9.70816994e-01  2.44119147e-02  7.79776820e-02
  7.79669417e-01  3.78505549e-01  7.43644787e+00 -1.55533887e-02
 -1.41509713e-02 -2.86298959e-02 -4.23902729e-02  1.87480028e-02
 -6.87257735e-03 -5.25735283e-03  3.86949985e-02 -1.19879508e-02
 -3.16429063e-02 -8.35726780e-03 -2.53599879e-03  1.05503050e+00
  1.34260123e+00  8.53164748e-01  8.98203679e-01  2.50461527e+00
  2.15465647e+00  2.98129341e+00  1.47916147e+00 -3.26109228e+00
  4.47788882e+00  3.78144623e+00 -3.57829383e+00  2.96603775e-01
  9.99192097e-01  1.00100977e+00  1.00539619e+00  9.71618209e-01
  9.99088074e-01  9.62765765e-01  9.43089222e-01]
Pipeline failed on these parameters: [ 1.00822502e+00  1.06484338e+00  2.34338183e-02  5.33112668e-02
  7.90668367e-01  4.58213056e-01  7.82844340e+00  1.39416174e-03
 -2.63899970e-02 -1.85893316e-02 -3.84085878e-02 -2.38530405e-02
  4.83929479e-03  5.36207835e-03 -7.50512464e-03 -1.47969295e-02
 -2.14198461e-02 -1.17862326e-02 -7.48592856e-03  9.76310599e-01
  1.32992811e+00  9.11199813e-01  1.05467546e+00  2.20844367e+00
  1.15393811e+00  2.69857170e+00  1.85637523e+00 -3.17498323e+00
 -1.76624357e+00  4.19274293e+00  3.07309910e+00  2.79461250e-01
  9.99140610e-01  1.00836385e+00  9.46145171e-01  9.73651550e-01
  1.00179459e+00  9.58059028e-01  9.35132479e-01]
Pipeline failed on these parameters: [ 9.76500096e-01  9.03925411e-01  2.31309161e-02  6.20699739e-02
  7.86960045e-01  3.28183176e-01  7.85225293e+00  4.49029135e-03
 -1.41653852e-02 -1.96050975e-02 -3.27003387e-02  1.53159669e-02
 -5.36775766e-03  1.59227943e-02  1.99321560e-02 -1.60867689e-02
 -4.42517301e-02 -1.11929564e-03 -7.46746814e-03  9.14809764e-01
  1.18511285e+00  7.72938254e-01  9.52488250e-01  1.13391752e+00
  1.51600560e+00  1.81588874e+00  2.89239012e+00  2.09894540e+00
  4.47566718e-03  3.29733481e+00  3.82986055e+00  1.52284110e+00
  9.96609920e-01  1.01115132e+00  9.72727302e-01  9.73038767e-01
  9.99642794e-01  9.61880390e-01  9.47298336e-01]
/lcrc/project/SPT3G/users/ac.yomori/repo/cosmosis-standard-library/structure/projection/projection_tools/kernel.py:178: RuntimeWarning: invalid value encountered in divide
  nchi_spline.y * (nchi_spline.x - chi)/nchi_spline.x, 0.)
/lcrc/project/SPT3G/users/ac.yomori/repo/cosmosis-standard-library/structure/projection/projection_tools/kernel.py:178: RuntimeWarning: divide by zero encountered in divide
  nchi_spline.y * (nchi_spline.x - chi)/nchi_spline.x, 0.)
/lcrc/project/SPT3G/users/ac.yomori/repo/cosmosis-standard-library/shear/cl_to_xi_fullsky/cl_to_xi.py:38: RuntimeWarning: divide by zero encountered in log
  spec = -np.exp(self.interp_func(np.log(angle)))
/lcrc/project/SPT3G/users/ac.yomori/repo/cosmosis-standard-library/structure/projection/projection_tools/kernel.py:178: RuntimeWarning: invalid value encountered in divide
  nchi_spline.y * (nchi_spline.x - chi)/nchi_spline.x, 0.)
/lcrc/project/SPT3G/users/ac.yomori/repo/cosmosis-standard-library/structure/projection/projection_tools/kernel.py:178: RuntimeWarning: divide by zero encountered in divide
  nchi_spline.y * (nchi_spline.x - chi)/nchi_spline.x, 0.)
/lcrc/project/SPT3G/users/ac.yomori/repo/cosmosis-standard-library/structure/projection/projection_tools/kernel.py:178: RuntimeWarning: invalid value encountered in divide
  nchi_spline.y * (nchi_spline.x - chi)/nchi_spline.x, 0.)
/lcrc/project/SPT3G/users/ac.yomori/repo/cosmosis-standard-library/structure/projection/projection_tools/kernel.py:178: RuntimeWarning: divide by zero encountered in divide
  nchi_spline.y * (nchi_spline.x - chi)/nchi_spline.x, 0.)
/lcrc/project/SPT3G/users/ac.yomori/repo/cosmosis-standard-library/shear/cl_to_xi_fullsky/cl_to_xi.py:38: RuntimeWarning: divide by zero encountered in log
  spec = -np.exp(self.interp_func(np.log(angle)))
/lcrc/project/SPT3G/users/ac.yomori/repo/cosmosis-standard-library/shear/cl_to_xi_fullsky/cl_to_xi.py:38: RuntimeWarning: divide by zero encountered in log
  spec = -np.exp(self.interp_func(np.log(angle)))
/lcrc/project/SPT3G/users/ac.yomori/repo/cosmosis-standard-library/shear/cl_to_xi_fullsky/cl_to_xi.py:38: RuntimeWarning: divide by zero encountered in log
  spec = -np.exp(self.interp_func(np.log(angle)))
/lcrc/project/SPT3G/users/ac.yomori/repo/cosmosis-standard-library/structure/projection/projection_tools/kernel.py:178: RuntimeWarning: invalid value encountered in divide
  nchi_spline.y * (nchi_spline.x - chi)/nchi_spline.x, 0.)
/lcrc/project/SPT3G/users/ac.yomori/repo/cosmosis-standard-library/structure/projection/projection_tools/kernel.py:178: RuntimeWarning: divide by zero encountered in divide
  nchi_spline.y * (nchi_spline.x - chi)/nchi_spline.x, 0.)
/lcrc/project/SPT3G/users/ac.yomori/repo/cosmosis-standard-library/shear/cl_to_xi_fullsky/cl_to_xi.py:38: RuntimeWarning: divide by zero encountered in log
  spec = -np.exp(self.interp_func(np.log(angle)))
/lcrc/project/SPT3G/users/ac.yomori/repo/cosmosis-standard-library/structure/projection/projection_tools/kernel.py:35: UserWarning: Some of your n(z) or other kernels are negative.
  warnings.warn("Some of your n(z) or other kernels are negative.")
/lcrc/project/SPT3G/users/ac.yomori/repo/cosmosis-standard-library/structure/projection/projection_tools/kernel.py:178: RuntimeWarning: invalid value encountered in divide
  nchi_spline.y * (nchi_spline.x - chi)/nchi_spline.x, 0.)
/lcrc/project/SPT3G/users/ac.yomori/repo/cosmosis-standard-library/structure/projection/projection_tools/kernel.py:178: RuntimeWarning: divide by zero encountered in divide
  nchi_spline.y * (nchi_spline.x - chi)/nchi_spline.x, 0.)
/lcrc/project/SPT3G/users/ac.yomori/repo/cosmosis-standard-library/shear/cl_to_xi_fullsky/cl_to_xi.py:38: RuntimeWarning: divide by zero encountered in log
  spec = -np.exp(self.interp_func(np.log(angle)))
/lcrc/project/SPT3G/users/ac.yomori/repo/cosmosis-standard-library/shear/cl_to_xi_fullsky/cl_to_xi.py:36: RuntimeWarning: divide by zero encountered in log
  spec = np.exp(self.interp_func(np.log(angle)))
/lcrc/project/SPT3G/users/ac.yomori/repo/cosmosis-standard-library/shear/cl_to_xi_fullsky/cl_to_xi.py:38: RuntimeWarning: divide by zero encountered in log
  spec = -np.exp(self.interp_func(np.log(angle)))
/lcrc/project/SPT3G/users/ac.yomori/repo/cosmosis-standard-library/shear/cl_to_xi_fullsky/cl_to_xi.py:38: RuntimeWarning: divide by zero encountered in log
  spec = -np.exp(self.interp_func(np.log(angle)))
/lcrc/project/SPT3G/users/ac.yomori/repo/cosmosis-standard-library/shear/cl_to_xi_fullsky/cl_to_xi.py:38: RuntimeWarning: divide by zero encountered in log
  spec = -np.exp(self.interp_func(np.log(angle)))
/lcrc/project/SPT3G/users/ac.yomori/repo/cosmosis-standard-library/structure/projection/projection_tools/kernel.py:178: RuntimeWarning: invalid value encountered in divide
  nchi_spline.y * (nchi_spline.x - chi)/nchi_spline.x, 0.)
/lcrc/project/SPT3G/users/ac.yomori/repo/cosmosis-standard-library/structure/projection/projection_tools/kernel.py:178: RuntimeWarning: divide by zero encountered in divide
  nchi_spline.y * (nchi_spline.x - chi)/nchi_spline.x, 0.)
/lcrc/project/SPT3G/users/ac.yomori/repo/cosmosis-standard-library/shear/cl_to_xi_fullsky/cl_to_xi.py:38: RuntimeWarning: divide by zero encountered in log
  spec = -np.exp(self.interp_func(np.log(angle)))
/lcrc/project/SPT3G/users/ac.yomori/repo/cosmosis-standard-library/shear/cl_to_xi_fullsky/cl_to_xi.py:38: RuntimeWarning: divide by zero encountered in log
  spec = -np.exp(self.interp_func(np.log(angle)))
/lcrc/project/SPT3G/users/ac.yomori/repo/cosmosis-standard-library/structure/projection/projection_tools/kernel.py:178: RuntimeWarning: invalid value encountered in divide
  nchi_spline.y * (nchi_spline.x - chi)/nchi_spline.x, 0.)
/lcrc/project/SPT3G/users/ac.yomori/repo/cosmosis-standard-library/structure/projection/projection_tools/kernel.py:178: RuntimeWarning: divide by zero encountered in divide
  nchi_spline.y * (nchi_spline.x - chi)/nchi_spline.x, 0.)
/lcrc/project/SPT3G/users/ac.yomori/repo/cosmosis-standard-library/shear/cl_to_xi_fullsky/cl_to_xi.py:41: RuntimeWarning: divide by zero encountered in log
  spec = self.interp_func(np.log(angle))
/lcrc/project/SPT3G/users/ac.yomori/repo/cosmosis-standard-library/shear/cl_to_xi_fullsky/cl_to_xi.py:38: RuntimeWarning: divide by zero encountered in log
  spec = -np.exp(self.interp_func(np.log(angle)))
/lcrc/project/SPT3G/users/ac.yomori/repo/cosmosis-standard-library/structure/projection/projection_tools/kernel.py:178: RuntimeWarning: invalid value encountered in divide
  nchi_spline.y * (nchi_spline.x - chi)/nchi_spline.x, 0.)
/lcrc/project/SPT3G/users/ac.yomori/repo/cosmosis-standard-library/structure/projection/projection_tools/kernel.py:178: RuntimeWarning: divide by zero encountered in divide
  nchi_spline.y * (nchi_spline.x - chi)/nchi_spline.x, 0.)
/lcrc/project/SPT3G/users/ac.yomori/repo/cosmosis-standard-library/shear/cl_to_xi_fullsky/cl_to_xi.py:38: RuntimeWarning: divide by zero encountered in log
  spec = -np.exp(self.interp_func(np.log(angle)))
/lcrc/project/SPT3G/users/ac.yomori/repo/cosmosis-standard-library/structure/projection/projection_tools/kernel.py:178: RuntimeWarning: invalid value encountered in divide
  nchi_spline.y * (nchi_spline.x - chi)/nchi_spline.x, 0.)
/lcrc/project/SPT3G/users/ac.yomori/repo/cosmosis-standard-library/structure/projection/projection_tools/kernel.py:178: RuntimeWarning: divide by zero encountered in divide
  nchi_spline.y * (nchi_spline.x - chi)/nchi_spline.x, 0.)
/lcrc/project/SPT3G/users/ac.yomori/repo/cosmosis-standard-library/structure/projection/projection_tools/kernel.py:178: RuntimeWarning: invalid value encountered in divide
  nchi_spline.y * (nchi_spline.x - chi)/nchi_spline.x, 0.)
/lcrc/project/SPT3G/users/ac.yomori/repo/cosmosis-standard-library/structure/projection/projection_tools/kernel.py:178: RuntimeWarning: divide by zero encountered in divide
  nchi_spline.y * (nchi_spline.x - chi)/nchi_spline.x, 0.)
/lcrc/project/SPT3G/users/ac.yomori/repo/cosmosis-standard-library/structure/projection/projection_tools/kernel.py:178: RuntimeWarning: invalid value encountered in divide
  nchi_spline.y * (nchi_spline.x - chi)/nchi_spline.x, 0.)
/lcrc/project/SPT3G/users/ac.yomori/repo/cosmosis-standard-library/structure/projection/projection_tools/kernel.py:178: RuntimeWarning: divide by zero encountered in divide
  nchi_spline.y * (nchi_spline.x - chi)/nchi_spline.x, 0.)
/lcrc/project/SPT3G/users/ac.yomori/repo/cosmosis-standard-library/structure/projection/projection_tools/kernel.py:178: RuntimeWarning: invalid value encountered in divide
  nchi_spline.y * (nchi_spline.x - chi)/nchi_spline.x, 0.)
/lcrc/project/SPT3G/users/ac.yomori/repo/cosmosis-standard-library/structure/projection/projection_tools/kernel.py:178: RuntimeWarning: divide by zero encountered in divide
  nchi_spline.y * (nchi_spline.x - chi)/nchi_spline.x, 0.)
/lcrc/project/SPT3G/users/ac.yomori/repo/cosmosis-standard-library/shear/cl_to_xi_fullsky/cl_to_xi.py:38: RuntimeWarning: divide by zero encountered in log
  spec = -np.exp(self.interp_func(np.log(angle)))
/lcrc/project/SPT3G/users/ac.yomori/repo/cosmosis-standard-library/structure/projection/projection_tools/kernel.py:178: RuntimeWarning: invalid value encountered in divide
  nchi_spline.y * (nchi_spline.x - chi)/nchi_spline.x, 0.)
/lcrc/project/SPT3G/users/ac.yomori/repo/cosmosis-standard-library/structure/projection/projection_tools/kernel.py:178: RuntimeWarning: divide by zero encountered in divide
  nchi_spline.y * (nchi_spline.x - chi)/nchi_spline.x, 0.)
/lcrc/project/SPT3G/users/ac.yomori/repo/cosmosis-standard-library/shear/cl_to_xi_fullsky/cl_to_xi.py:38: RuntimeWarning: divide by zero encountered in log
  spec = -np.exp(self.interp_func(np.log(angle)))
/lcrc/project/SPT3G/users/ac.yomori/repo/cosmosis-standard-library/structure/projection/projection_tools/kernel.py:178: RuntimeWarning: invalid value encountered in divide
  nchi_spline.y * (nchi_spline.x - chi)/nchi_spline.x, 0.)
/lcrc/project/SPT3G/users/ac.yomori/repo/cosmosis-standard-library/structure/projection/projection_tools/kernel.py:178: RuntimeWarning: divide by zero encountered in divide
  nchi_spline.y * (nchi_spline.x - chi)/nchi_spline.x, 0.)
/lcrc/project/SPT3G/users/ac.yomori/repo/cosmosis-standard-library/structure/projection/projection_tools/kernel.py:178: RuntimeWarning: invalid value encountered in divide
  nchi_spline.y * (nchi_spline.x - chi)/nchi_spline.x, 0.)
/lcrc/project/SPT3G/users/ac.yomori/repo/cosmosis-standard-library/structure/projection/projection_tools/kernel.py:178: RuntimeWarning: divide by zero encountered in divide
  nchi_spline.y * (nchi_spline.x - chi)/nchi_spline.x, 0.)
/lcrc/project/SPT3G/users/ac.yomori/repo/cosmosis-standard-library/shear/cl_to_xi_fullsky/cl_to_xi.py:38: RuntimeWarning: divide by zero encountered in log
  spec = -np.exp(self.interp_func(np.log(angle)))
/lcrc/project/SPT3G/users/ac.yomori/repo/cosmosis-standard-library/shear/cl_to_xi_fullsky/cl_to_xi.py:38: RuntimeWarning: divide by zero encountered in log
  spec = -np.exp(self.interp_func(np.log(angle)))
/lcrc/project/SPT3G/users/ac.yomori/repo/cosmosis-standard-library/shear/cl_to_xi_fullsky/cl_to_xi.py:38: RuntimeWarning: divide by zero encountered in log
  spec = -np.exp(self.interp_func(np.log(angle)))
/lcrc/project/SPT3G/users/ac.yomori/repo/cosmosis-standard-library/structure/projection/projection_tools/kernel.py:178: RuntimeWarning: invalid value encountered in divide
  nchi_spline.y * (nchi_spline.x - chi)/nchi_spline.x, 0.)
/lcrc/project/SPT3G/users/ac.yomori/repo/cosmosis-standard-library/structure/projection/projection_tools/kernel.py:178: RuntimeWarning: divide by zero encountered in divide
  nchi_spline.y * (nchi_spline.x - chi)/nchi_spline.x, 0.)
/lcrc/project/SPT3G/users/ac.yomori/repo/cosmosis-standard-library/structure/projection/projection_tools/kernel.py:178: RuntimeWarning: invalid value encountered in divide
  nchi_spline.y * (nchi_spline.x - chi)/nchi_spline.x, 0.)
/lcrc/project/SPT3G/users/ac.yomori/repo/cosmosis-standard-library/structure/projection/projection_tools/kernel.py:178: RuntimeWarning: divide by zero encountered in divide
  nchi_spline.y * (nchi_spline.x - chi)/nchi_spline.x, 0.)
/lcrc/project/SPT3G/users/ac.yomori/repo/cosmosis-standard-library/structure/projection/projection_tools/kernel.py:178: RuntimeWarning: invalid value encountered in divide
  nchi_spline.y * (nchi_spline.x - chi)/nchi_spline.x, 0.)
/lcrc/project/SPT3G/users/ac.yomori/repo/cosmosis-standard-library/structure/projection/projection_tools/kernel.py:178: RuntimeWarning: divide by zero encountered in divide
  nchi_spline.y * (nchi_spline.x - chi)/nchi_spline.x, 0.)
/lcrc/project/SPT3G/users/ac.yomori/repo/cosmosis-standard-library/structure/projection/projection_tools/kernel.py:178: RuntimeWarning: invalid value encountered in divide
  nchi_spline.y * (nchi_spline.x - chi)/nchi_spline.x, 0.)
/lcrc/project/SPT3G/users/ac.yomori/repo/cosmosis-standard-library/structure/projection/projection_tools/kernel.py:178: RuntimeWarning: divide by zero encountered in divide
  nchi_spline.y * (nchi_spline.x - chi)/nchi_spline.x, 0.)
/lcrc/project/SPT3G/users/ac.yomori/repo/cosmosis-standard-library/shear/cl_to_xi_fullsky/cl_to_xi.py:38: RuntimeWarning: divide by zero encountered in log
  spec = -np.exp(self.interp_func(np.log(angle)))
/lcrc/project/SPT3G/users/ac.yomori/repo/cosmosis-standard-library/structure/projection/projection_tools/kernel.py:178: RuntimeWarning: invalid value encountered in divide
  nchi_spline.y * (nchi_spline.x - chi)/nchi_spline.x, 0.)
/lcrc/project/SPT3G/users/ac.yomori/repo/cosmosis-standard-library/structure/projection/projection_tools/kernel.py:178: RuntimeWarning: divide by zero encountered in divide
  nchi_spline.y * (nchi_spline.x - chi)/nchi_spline.x, 0.)
/lcrc/project/SPT3G/users/ac.yomori/repo/cosmosis-standard-library/structure/projection/projection_tools/kernel.py:178: RuntimeWarning: invalid value encountered in divide
  nchi_spline.y * (nchi_spline.x - chi)/nchi_spline.x, 0.)
/lcrc/project/SPT3G/users/ac.yomori/repo/cosmosis-standard-library/structure/projection/projection_tools/kernel.py:178: RuntimeWarning: divide by zero encountered in divide
  nchi_spline.y * (nchi_spline.x - chi)/nchi_spline.x, 0.)
/lcrc/project/SPT3G/users/ac.yomori/repo/cosmosis-standard-library/structure/projection/projection_tools/kernel.py:178: RuntimeWarning: invalid value encountered in divide
  nchi_spline.y * (nchi_spline.x - chi)/nchi_spline.x, 0.)
/lcrc/project/SPT3G/users/ac.yomori/repo/cosmosis-standard-library/structure/projection/projection_tools/kernel.py:178: RuntimeWarning: divide by zero encountered in divide
  nchi_spline.y * (nchi_spline.x - chi)/nchi_spline.x, 0.)
/lcrc/project/SPT3G/users/ac.yomori/repo/cosmosis-standard-library/structure/projection/projection_tools/kernel.py:178: RuntimeWarning: invalid value encountered in divide
  nchi_spline.y * (nchi_spline.x - chi)/nchi_spline.x, 0.)
/lcrc/project/SPT3G/users/ac.yomori/repo/cosmosis-standard-library/structure/projection/projection_tools/kernel.py:178: RuntimeWarning: divide by zero encountered in divide
  nchi_spline.y * (nchi_spline.x - chi)/nchi_spline.x, 0.)
/lcrc/project/SPT3G/users/ac.yomori/repo/cosmosis-standard-library/structure/projection/projection_tools/kernel.py:178: RuntimeWarning: invalid value encountered in divide
  nchi_spline.y * (nchi_spline.x - chi)/nchi_spline.x, 0.)
/lcrc/project/SPT3G/users/ac.yomori/repo/cosmosis-standard-library/structure/projection/projection_tools/kernel.py:178: RuntimeWarning: divide by zero encountered in divide
  nchi_spline.y * (nchi_spline.x - chi)/nchi_spline.x, 0.)
/lcrc/project/SPT3G/users/ac.yomori/repo/cosmosis-standard-library/structure/projection/projection_tools/kernel.py:178: RuntimeWarning: invalid value encountered in divide
  nchi_spline.y * (nchi_spline.x - chi)/nchi_spline.x, 0.)
/lcrc/project/SPT3G/users/ac.yomori/repo/cosmosis-standard-library/structure/projection/projection_tools/kernel.py:178: RuntimeWarning: divide by zero encountered in divide
  nchi_spline.y * (nchi_spline.x - chi)/nchi_spline.x, 0.)
/lcrc/project/SPT3G/users/ac.yomori/repo/cosmosis-standard-library/structure/projection/projection_tools/kernel.py:178: RuntimeWarning: invalid value encountered in divide
  nchi_spline.y * (nchi_spline.x - chi)/nchi_spline.x, 0.)
/lcrc/project/SPT3G/users/ac.yomori/repo/cosmosis-standard-library/structure/projection/projection_tools/kernel.py:178: RuntimeWarning: divide by zero encountered in divide
  nchi_spline.y * (nchi_spline.x - chi)/nchi_spline.x, 0.)
/lcrc/project/SPT3G/users/ac.yomori/repo/cosmosis-standard-library/structure/projection/projection_tools/kernel.py:178: RuntimeWarning: invalid value encountered in divide
  nchi_spline.y * (nchi_spline.x - chi)/nchi_spline.x, 0.)
/lcrc/project/SPT3G/users/ac.yomori/repo/cosmosis-standard-library/structure/projection/projection_tools/kernel.py:178: RuntimeWarning: divide by zero encountered in divide
  nchi_spline.y * (nchi_spline.x - chi)/nchi_spline.x, 0.)
/lcrc/project/SPT3G/users/ac.yomori/repo/cosmosis-standard-library/structure/projection/projection_tools/kernel.py:178: RuntimeWarning: invalid value encountered in divide
  nchi_spline.y * (nchi_spline.x - chi)/nchi_spline.x, 0.)
/lcrc/project/SPT3G/users/ac.yomori/repo/cosmosis-standard-library/structure/projection/projection_tools/kernel.py:178: RuntimeWarning: divide by zero encountered in divide
  nchi_spline.y * (nchi_spline.x - chi)/nchi_spline.x, 0.)
/lcrc/project/SPT3G/users/ac.yomori/repo/cosmosis-standard-library/structure/projection/projection_tools/kernel.py:178: RuntimeWarning: invalid value encountered in divide
  nchi_spline.y * (nchi_spline.x - chi)/nchi_spline.x, 0.)
/lcrc/project/SPT3G/users/ac.yomori/repo/cosmosis-standard-library/structure/projection/projection_tools/kernel.py:178: RuntimeWarning: divide by zero encountered in divide
  nchi_spline.y * (nchi_spline.x - chi)/nchi_spline.x, 0.)
/lcrc/project/SPT3G/users/ac.yomori/repo/cosmosis-standard-library/structure/projection/projection_tools/kernel.py:178: RuntimeWarning: invalid value encountered in divide
  nchi_spline.y * (nchi_spline.x - chi)/nchi_spline.x, 0.)
/lcrc/project/SPT3G/users/ac.yomori/repo/cosmosis-standard-library/structure/projection/projection_tools/kernel.py:178: RuntimeWarning: divide by zero encountered in divide
  nchi_spline.y * (nchi_spline.x - chi)/nchi_spline.x, 0.)
/lcrc/project/SPT3G/users/ac.yomori/repo/cosmosis-standard-library/structure/projection/projection_tools/kernel.py:178: RuntimeWarning: invalid value encountered in divide
  nchi_spline.y * (nchi_spline.x - chi)/nchi_spline.x, 0.)
/lcrc/project/SPT3G/users/ac.yomori/repo/cosmosis-standard-library/structure/projection/projection_tools/kernel.py:178: RuntimeWarning: divide by zero encountered in divide
  nchi_spline.y * (nchi_spline.x - chi)/nchi_spline.x, 0.)
/lcrc/project/SPT3G/users/ac.yomori/repo/cosmosis-standard-library/structure/projection/projection_tools/kernel.py:178: RuntimeWarning: invalid value encountered in divide
  nchi_spline.y * (nchi_spline.x - chi)/nchi_spline.x, 0.)
/lcrc/project/SPT3G/users/ac.yomori/repo/cosmosis-standard-library/structure/projection/projection_tools/kernel.py:178: RuntimeWarning: divide by zero encountered in divide
  nchi_spline.y * (nchi_spline.x - chi)/nchi_spline.x, 0.)
/lcrc/project/SPT3G/users/ac.yomori/repo/cosmosis-standard-library/structure/projection/projection_tools/kernel.py:178: RuntimeWarning: invalid value encountered in divide
  nchi_spline.y * (nchi_spline.x - chi)/nchi_spline.x, 0.)
/lcrc/project/SPT3G/users/ac.yomori/repo/cosmosis-standard-library/structure/projection/projection_tools/kernel.py:178: RuntimeWarning: divide by zero encountered in divide
  nchi_spline.y * (nchi_spline.x - chi)/nchi_spline.x, 0.)
/lcrc/project/SPT3G/users/ac.yomori/repo/cosmosis-standard-library/structure/projection/projection_tools/kernel.py:178: RuntimeWarning: invalid value encountered in divide
  nchi_spline.y * (nchi_spline.x - chi)/nchi_spline.x, 0.)
/lcrc/project/SPT3G/users/ac.yomori/repo/cosmosis-standard-library/structure/projection/projection_tools/kernel.py:178: RuntimeWarning: divide by zero encountered in divide
  nchi_spline.y * (nchi_spline.x - chi)/nchi_spline.x, 0.)
/lcrc/project/SPT3G/users/ac.yomori/repo/cosmosis-standard-library/structure/projection/projection_tools/kernel.py:178: RuntimeWarning: invalid value encountered in divide
  nchi_spline.y * (nchi_spline.x - chi)/nchi_spline.x, 0.)
/lcrc/project/SPT3G/users/ac.yomori/repo/cosmosis-standard-library/structure/projection/projection_tools/kernel.py:178: RuntimeWarning: divide by zero encountered in divide
  nchi_spline.y * (nchi_spline.x - chi)/nchi_spline.x, 0.)
/lcrc/project/SPT3G/users/ac.yomori/repo/cosmosis-standard-library/structure/projection/projection_tools/kernel.py:178: RuntimeWarning: invalid value encountered in divide
  nchi_spline.y * (nchi_spline.x - chi)/nchi_spline.x, 0.)
/lcrc/project/SPT3G/users/ac.yomori/repo/cosmosis-standard-library/structure/projection/projection_tools/kernel.py:178: RuntimeWarning: divide by zero encountered in divide
  nchi_spline.y * (nchi_spline.x - chi)/nchi_spline.x, 0.)
/lcrc/project/SPT3G/users/ac.yomori/repo/cosmosis-standard-library/structure/projection/projection_tools/kernel.py:178: RuntimeWarning: invalid value encountered in divide
  nchi_spline.y * (nchi_spline.x - chi)/nchi_spline.x, 0.)
/lcrc/project/SPT3G/users/ac.yomori/repo/cosmosis-standard-library/structure/projection/projection_tools/kernel.py:178: RuntimeWarning: divide by zero encountered in divide
  nchi_spline.y * (nchi_spline.x - chi)/nchi_spline.x, 0.)
/lcrc/project/SPT3G/users/ac.yomori/repo/cosmosis-standard-library/structure/projection/projection_tools/kernel.py:178: RuntimeWarning: invalid value encountered in divide
  nchi_spline.y * (nchi_spline.x - chi)/nchi_spline.x, 0.)
/lcrc/project/SPT3G/users/ac.yomori/repo/cosmosis-standard-library/structure/projection/projection_tools/kernel.py:178: RuntimeWarning: divide by zero encountered in divide
  nchi_spline.y * (nchi_spline.x - chi)/nchi_spline.x, 0.)
/lcrc/project/SPT3G/users/ac.yomori/repo/cosmosis-standard-library/structure/projection/projection_tools/kernel.py:178: RuntimeWarning: invalid value encountered in divide
  nchi_spline.y * (nchi_spline.x - chi)/nchi_spline.x, 0.)
/lcrc/project/SPT3G/users/ac.yomori/repo/cosmosis-standard-library/structure/projection/projection_tools/kernel.py:178: RuntimeWarning: divide by zero encountered in divide
  nchi_spline.y * (nchi_spline.x - chi)/nchi_spline.x, 0.)
/lcrc/project/SPT3G/users/ac.yomori/repo/cosmosis-standard-library/structure/projection/projection_tools/kernel.py:178: RuntimeWarning: invalid value encountered in divide
  nchi_spline.y * (nchi_spline.x - chi)/nchi_spline.x, 0.)
/lcrc/project/SPT3G/users/ac.yomori/repo/cosmosis-standard-library/structure/projection/projection_tools/kernel.py:178: RuntimeWarning: divide by zero encountered in divide
  nchi_spline.y * (nchi_spline.x - chi)/nchi_spline.x, 0.)
/lcrc/project/SPT3G/users/ac.yomori/repo/cosmosis-standard-library/structure/projection/projection_tools/kernel.py:178: RuntimeWarning: invalid value encountered in divide
  nchi_spline.y * (nchi_spline.x - chi)/nchi_spline.x, 0.)
/lcrc/project/SPT3G/users/ac.yomori/repo/cosmosis-standard-library/structure/projection/projection_tools/kernel.py:178: RuntimeWarning: divide by zero encountered in divide
  nchi_spline.y * (nchi_spline.x - chi)/nchi_spline.x, 0.)
/lcrc/project/SPT3G/users/ac.yomori/repo/cosmosis-standard-library/structure/projection/projection_tools/kernel.py:178: RuntimeWarning: invalid value encountered in divide
  nchi_spline.y * (nchi_spline.x - chi)/nchi_spline.x, 0.)
/lcrc/project/SPT3G/users/ac.yomori/repo/cosmosis-standard-library/structure/projection/projection_tools/kernel.py:178: RuntimeWarning: divide by zero encountered in divide
  nchi_spline.y * (nchi_spline.x - chi)/nchi_spline.x, 0.)
/lcrc/project/SPT3G/users/ac.yomori/repo/cosmosis-standard-library/structure/projection/projection_tools/kernel.py:178: RuntimeWarning: invalid value encountered in divide
  nchi_spline.y * (nchi_spline.x - chi)/nchi_spline.x, 0.)
/lcrc/project/SPT3G/users/ac.yomori/repo/cosmosis-standard-library/structure/projection/projection_tools/kernel.py:178: RuntimeWarning: divide by zero encountered in divide
  nchi_spline.y * (nchi_spline.x - chi)/nchi_spline.x, 0.)
/lcrc/project/SPT3G/users/ac.yomori/repo/cosmosis-standard-library/structure/projection/projection_tools/kernel.py:178: RuntimeWarning: invalid value encountered in divide
  nchi_spline.y * (nchi_spline.x - chi)/nchi_spline.x, 0.)
/lcrc/project/SPT3G/users/ac.yomori/repo/cosmosis-standard-library/structure/projection/projection_tools/kernel.py:178: RuntimeWarning: divide by zero encountered in divide
  nchi_spline.y * (nchi_spline.x - chi)/nchi_spline.x, 0.)
/lcrc/project/SPT3G/users/ac.yomori/repo/cosmosis-standard-library/structure/projection/projection_tools/kernel.py:178: RuntimeWarning: invalid value encountered in divide
  nchi_spline.y * (nchi_spline.x - chi)/nchi_spline.x, 0.)
/lcrc/project/SPT3G/users/ac.yomori/repo/cosmosis-standard-library/structure/projection/projection_tools/kernel.py:178: RuntimeWarning: divide by zero encountered in divide
  nchi_spline.y * (nchi_spline.x - chi)/nchi_spline.x, 0.)
/lcrc/project/SPT3G/users/ac.yomori/repo/cosmosis-standard-library/structure/projection/projection_tools/kernel.py:178: RuntimeWarning: invalid value encountered in divide
  nchi_spline.y * (nchi_spline.x - chi)/nchi_spline.x, 0.)
/lcrc/project/SPT3G/users/ac.yomori/repo/cosmosis-standard-library/structure/projection/projection_tools/kernel.py:178: RuntimeWarning: divide by zero encountered in divide
  nchi_spline.y * (nchi_spline.x - chi)/nchi_spline.x, 0.)
/lcrc/project/SPT3G/users/ac.yomori/repo/cosmosis-standard-library/structure/projection/projection_tools/kernel.py:178: RuntimeWarning: invalid value encountered in divide
  nchi_spline.y * (nchi_spline.x - chi)/nchi_spline.x, 0.)
/lcrc/project/SPT3G/users/ac.yomori/repo/cosmosis-standard-library/structure/projection/projection_tools/kernel.py:178: RuntimeWarning: divide by zero encountered in divide
  nchi_spline.y * (nchi_spline.x - chi)/nchi_spline.x, 0.)
/lcrc/project/SPT3G/users/ac.yomori/repo/cosmosis-standard-library/structure/projection/projection_tools/kernel.py:178: RuntimeWarning: invalid value encountered in divide
  nchi_spline.y * (nchi_spline.x - chi)/nchi_spline.x, 0.)
/lcrc/project/SPT3G/users/ac.yomori/repo/cosmosis-standard-library/structure/projection/projection_tools/kernel.py:178: RuntimeWarning: divide by zero encountered in divide
  nchi_spline.y * (nchi_spline.x - chi)/nchi_spline.x, 0.)
/lcrc/project/SPT3G/users/ac.yomori/repo/cosmosis-standard-library/structure/projection/projection_tools/kernel.py:178: RuntimeWarning: invalid value encountered in divide
  nchi_spline.y * (nchi_spline.x - chi)/nchi_spline.x, 0.)
/lcrc/project/SPT3G/users/ac.yomori/repo/cosmosis-standard-library/structure/projection/projection_tools/kernel.py:178: RuntimeWarning: divide by zero encountered in divide
  nchi_spline.y * (nchi_spline.x - chi)/nchi_spline.x, 0.)
/lcrc/project/SPT3G/users/ac.yomori/repo/cosmosis-standard-library/structure/projection/projection_tools/kernel.py:178: RuntimeWarning: invalid value encountered in divide
  nchi_spline.y * (nchi_spline.x - chi)/nchi_spline.x, 0.)
/lcrc/project/SPT3G/users/ac.yomori/repo/cosmosis-standard-library/structure/projection/projection_tools/kernel.py:178: RuntimeWarning: divide by zero encountered in divide
  nchi_spline.y * (nchi_spline.x - chi)/nchi_spline.x, 0.)
/lcrc/project/SPT3G/users/ac.yomori/repo/cosmosis-standard-library/structure/projection/projection_tools/kernel.py:178: RuntimeWarning: invalid value encountered in divide
  nchi_spline.y * (nchi_spline.x - chi)/nchi_spline.x, 0.)
/lcrc/project/SPT3G/users/ac.yomori/repo/cosmosis-standard-library/structure/projection/projection_tools/kernel.py:178: RuntimeWarning: divide by zero encountered in divide
  nchi_spline.y * (nchi_spline.x - chi)/nchi_spline.x, 0.)
/lcrc/project/SPT3G/users/ac.yomori/repo/cosmosis-standard-library/structure/projection/projection_tools/kernel.py:178: RuntimeWarning: invalid value encountered in divide
  nchi_spline.y * (nchi_spline.x - chi)/nchi_spline.x, 0.)
/lcrc/project/SPT3G/users/ac.yomori/repo/cosmosis-standard-library/structure/projection/projection_tools/kernel.py:178: RuntimeWarning: divide by zero encountered in divide
  nchi_spline.y * (nchi_spline.x - chi)/nchi_spline.x, 0.)
/lcrc/project/SPT3G/users/ac.yomori/repo/cosmosis-standard-library/structure/projection/projection_tools/kernel.py:178: RuntimeWarning: invalid value encountered in divide
  nchi_spline.y * (nchi_spline.x - chi)/nchi_spline.x, 0.)
/lcrc/project/SPT3G/users/ac.yomori/repo/cosmosis-standard-library/structure/projection/projection_tools/kernel.py:178: RuntimeWarning: divide by zero encountered in divide
  nchi_spline.y * (nchi_spline.x - chi)/nchi_spline.x, 0.)
Pipeline failed on these parameters: [ 9.26279470e-01  8.68750301e-01  2.14699551e-02  5.15062601e-02
  7.06515055e-01  1.37592553e-01  7.32854557e+00 -7.23425880e-03
 -5.79313423e-04 -2.60721945e-02 -3.09501358e-02  8.29448379e-03
 -7.29088755e-03 -1.31683628e-02 -7.37787070e-04 -1.34936786e-02
 -4.14594152e-02 -1.37373484e-02 -2.48212744e-03  1.00150345e+00
  1.17810928e+00  8.05341274e-01  8.39222157e-01  1.80082358e+00
  2.52484077e+00  1.79898506e+00  2.42847637e+00  4.35623346e+00
  4.83681346e+00 -4.82713966e+00  9.51272150e-01  2.92173072e-01
  9.96303410e-01  1.00199279e+00  9.91491491e-01  9.78048773e-01
  9.97854518e-01  9.68176212e-01  9.62623247e-01]
/lcrc/project/SPT3G/users/ac.yomori/repo/cosmosis-standard-library/structure/projection/projection_tools/kernel.py:178: RuntimeWarning: invalid value encountered in divide
  nchi_spline.y * (nchi_spline.x - chi)/nchi_spline.x, 0.)
/lcrc/project/SPT3G/users/ac.yomori/repo/cosmosis-standard-library/structure/projection/projection_tools/kernel.py:178: RuntimeWarning: divide by zero encountered in divide
  nchi_spline.y * (nchi_spline.x - chi)/nchi_spline.x, 0.)
/lcrc/project/SPT3G/users/ac.yomori/repo/cosmosis-standard-library/structure/projection/projection_tools/kernel.py:178: RuntimeWarning: invalid value encountered in divide
  nchi_spline.y * (nchi_spline.x - chi)/nchi_spline.x, 0.)
/lcrc/project/SPT3G/users/ac.yomori/repo/cosmosis-standard-library/structure/projection/projection_tools/kernel.py:178: RuntimeWarning: divide by zero encountered in divide
  nchi_spline.y * (nchi_spline.x - chi)/nchi_spline.x, 0.)
/lcrc/project/SPT3G/users/ac.yomori/repo/cosmosis-standard-library/structure/projection/projection_tools/kernel.py:178: RuntimeWarning: invalid value encountered in divide
  nchi_spline.y * (nchi_spline.x - chi)/nchi_spline.x, 0.)
/lcrc/project/SPT3G/users/ac.yomori/repo/cosmosis-standard-library/structure/projection/projection_tools/kernel.py:178: RuntimeWarning: divide by zero encountered in divide
  nchi_spline.y * (nchi_spline.x - chi)/nchi_spline.x, 0.)
/lcrc/project/SPT3G/users/ac.yomori/repo/cosmosis-standard-library/structure/projection/projection_tools/kernel.py:178: RuntimeWarning: invalid value encountered in divide
  nchi_spline.y * (nchi_spline.x - chi)/nchi_spline.x, 0.)
/lcrc/project/SPT3G/users/ac.yomori/repo/cosmosis-standard-library/structure/projection/projection_tools/kernel.py:178: RuntimeWarning: divide by zero encountered in divide
  nchi_spline.y * (nchi_spline.x - chi)/nchi_spline.x, 0.)
/lcrc/project/SPT3G/users/ac.yomori/repo/cosmosis-standard-library/structure/projection/projection_tools/kernel.py:178: RuntimeWarning: invalid value encountered in divide
  nchi_spline.y * (nchi_spline.x - chi)/nchi_spline.x, 0.)
/lcrc/project/SPT3G/users/ac.yomori/repo/cosmosis-standard-library/structure/projection/projection_tools/kernel.py:178: RuntimeWarning: divide by zero encountered in divide
  nchi_spline.y * (nchi_spline.x - chi)/nchi_spline.x, 0.)
/lcrc/project/SPT3G/users/ac.yomori/repo/cosmosis-standard-library/structure/projection/projection_tools/kernel.py:178: RuntimeWarning: invalid value encountered in divide
  nchi_spline.y * (nchi_spline.x - chi)/nchi_spline.x, 0.)
/lcrc/project/SPT3G/users/ac.yomori/repo/cosmosis-standard-library/structure/projection/projection_tools/kernel.py:178: RuntimeWarning: divide by zero encountered in divide
  nchi_spline.y * (nchi_spline.x - chi)/nchi_spline.x, 0.)
/lcrc/project/SPT3G/users/ac.yomori/repo/cosmosis-standard-library/structure/projection/projection_tools/kernel.py:178: RuntimeWarning: invalid value encountered in divide
  nchi_spline.y * (nchi_spline.x - chi)/nchi_spline.x, 0.)
/lcrc/project/SPT3G/users/ac.yomori/repo/cosmosis-standard-library/structure/projection/projection_tools/kernel.py:178: RuntimeWarning: divide by zero encountered in divide
  nchi_spline.y * (nchi_spline.x - chi)/nchi_spline.x, 0.)
/lcrc/project/SPT3G/users/ac.yomori/repo/cosmosis-standard-library/structure/projection/projection_tools/kernel.py:178: RuntimeWarning: invalid value encountered in divide
  nchi_spline.y * (nchi_spline.x - chi)/nchi_spline.x, 0.)
/lcrc/project/SPT3G/users/ac.yomori/repo/cosmosis-standard-library/structure/projection/projection_tools/kernel.py:178: RuntimeWarning: divide by zero encountered in divide
  nchi_spline.y * (nchi_spline.x - chi)/nchi_spline.x, 0.)
/lcrc/project/SPT3G/users/ac.yomori/repo/cosmosis-standard-library/structure/projection/projection_tools/kernel.py:178: RuntimeWarning: invalid value encountered in divide
  nchi_spline.y * (nchi_spline.x - chi)/nchi_spline.x, 0.)
/lcrc/project/SPT3G/users/ac.yomori/repo/cosmosis-standard-library/structure/projection/projection_tools/kernel.py:178: RuntimeWarning: divide by zero encountered in divide
  nchi_spline.y * (nchi_spline.x - chi)/nchi_spline.x, 0.)
/lcrc/project/SPT3G/users/ac.yomori/repo/cosmosis-standard-library/structure/projection/projection_tools/kernel.py:178: RuntimeWarning: invalid value encountered in divide
  nchi_spline.y * (nchi_spline.x - chi)/nchi_spline.x, 0.)
/lcrc/project/SPT3G/users/ac.yomori/repo/cosmosis-standard-library/structure/projection/projection_tools/kernel.py:178: RuntimeWarning: divide by zero encountered in divide
  nchi_spline.y * (nchi_spline.x - chi)/nchi_spline.x, 0.)
/lcrc/project/SPT3G/users/ac.yomori/repo/cosmosis-standard-library/structure/projection/projection_tools/kernel.py:178: RuntimeWarning: invalid value encountered in divide
  nchi_spline.y * (nchi_spline.x - chi)/nchi_spline.x, 0.)
/lcrc/project/SPT3G/users/ac.yomori/repo/cosmosis-standard-library/structure/projection/projection_tools/kernel.py:178: RuntimeWarning: divide by zero encountered in divide
  nchi_spline.y * (nchi_spline.x - chi)/nchi_spline.x, 0.)
/lcrc/project/SPT3G/users/ac.yomori/repo/cosmosis-standard-library/structure/projection/projection_tools/kernel.py:178: RuntimeWarning: invalid value encountered in divide
  nchi_spline.y * (nchi_spline.x - chi)/nchi_spline.x, 0.)
/lcrc/project/SPT3G/users/ac.yomori/repo/cosmosis-standard-library/structure/projection/projection_tools/kernel.py:178: RuntimeWarning: divide by zero encountered in divide
  nchi_spline.y * (nchi_spline.x - chi)/nchi_spline.x, 0.)
/lcrc/project/SPT3G/users/ac.yomori/repo/cosmosis-standard-library/structure/projection/projection_tools/kernel.py:178: RuntimeWarning: invalid value encountered in divide
  nchi_spline.y * (nchi_spline.x - chi)/nchi_spline.x, 0.)
/lcrc/project/SPT3G/users/ac.yomori/repo/cosmosis-standard-library/structure/projection/projection_tools/kernel.py:178: RuntimeWarning: divide by zero encountered in divide
  nchi_spline.y * (nchi_spline.x - chi)/nchi_spline.x, 0.)
/lcrc/project/SPT3G/users/ac.yomori/repo/cosmosis-standard-library/structure/projection/projection_tools/kernel.py:178: RuntimeWarning: invalid value encountered in divide
  nchi_spline.y * (nchi_spline.x - chi)/nchi_spline.x, 0.)
/lcrc/project/SPT3G/users/ac.yomori/repo/cosmosis-standard-library/structure/projection/projection_tools/kernel.py:178: RuntimeWarning: divide by zero encountered in divide
  nchi_spline.y * (nchi_spline.x - chi)/nchi_spline.x, 0.)
/lcrc/project/SPT3G/users/ac.yomori/repo/cosmosis-standard-library/structure/projection/projection_tools/kernel.py:178: RuntimeWarning: invalid value encountered in divide
  nchi_spline.y * (nchi_spline.x - chi)/nchi_spline.x, 0.)
/lcrc/project/SPT3G/users/ac.yomori/repo/cosmosis-standard-library/structure/projection/projection_tools/kernel.py:178: RuntimeWarning: divide by zero encountered in divide
  nchi_spline.y * (nchi_spline.x - chi)/nchi_spline.x, 0.)
/lcrc/project/SPT3G/users/ac.yomori/repo/cosmosis-standard-library/structure/projection/projection_tools/kernel.py:178: RuntimeWarning: invalid value encountered in divide
  nchi_spline.y * (nchi_spline.x - chi)/nchi_spline.x, 0.)
/lcrc/project/SPT3G/users/ac.yomori/repo/cosmosis-standard-library/structure/projection/projection_tools/kernel.py:178: RuntimeWarning: divide by zero encountered in divide
  nchi_spline.y * (nchi_spline.x - chi)/nchi_spline.x, 0.)
/lcrc/project/SPT3G/users/ac.yomori/repo/cosmosis-standard-library/structure/projection/projection_tools/kernel.py:178: RuntimeWarning: invalid value encountered in divide
  nchi_spline.y * (nchi_spline.x - chi)/nchi_spline.x, 0.)
/lcrc/project/SPT3G/users/ac.yomori/repo/cosmosis-standard-library/structure/projection/projection_tools/kernel.py:178: RuntimeWarning: divide by zero encountered in divide
  nchi_spline.y * (nchi_spline.x - chi)/nchi_spline.x, 0.)
/lcrc/project/SPT3G/users/ac.yomori/repo/cosmosis-standard-library/structure/projection/projection_tools/kernel.py:178: RuntimeWarning: invalid value encountered in divide
  nchi_spline.y * (nchi_spline.x - chi)/nchi_spline.x, 0.)
/lcrc/project/SPT3G/users/ac.yomori/repo/cosmosis-standard-library/structure/projection/projection_tools/kernel.py:178: RuntimeWarning: divide by zero encountered in divide
  nchi_spline.y * (nchi_spline.x - chi)/nchi_spline.x, 0.)
/lcrc/project/SPT3G/users/ac.yomori/repo/cosmosis-standard-library/structure/projection/projection_tools/kernel.py:178: RuntimeWarning: invalid value encountered in divide
  nchi_spline.y * (nchi_spline.x - chi)/nchi_spline.x, 0.)
/lcrc/project/SPT3G/users/ac.yomori/repo/cosmosis-standard-library/structure/projection/projection_tools/kernel.py:178: RuntimeWarning: divide by zero encountered in divide
  nchi_spline.y * (nchi_spline.x - chi)/nchi_spline.x, 0.)
/lcrc/project/SPT3G/users/ac.yomori/repo/cosmosis-standard-library/structure/projection/projection_tools/kernel.py:178: RuntimeWarning: invalid value encountered in divide
  nchi_spline.y * (nchi_spline.x - chi)/nchi_spline.x, 0.)
/lcrc/project/SPT3G/users/ac.yomori/repo/cosmosis-standard-library/structure/projection/projection_tools/kernel.py:178: RuntimeWarning: divide by zero encountered in divide
  nchi_spline.y * (nchi_spline.x - chi)/nchi_spline.x, 0.)
/lcrc/project/SPT3G/users/ac.yomori/repo/cosmosis-standard-library/structure/projection/projection_tools/kernel.py:178: RuntimeWarning: invalid value encountered in divide
  nchi_spline.y * (nchi_spline.x - chi)/nchi_spline.x, 0.)
/lcrc/project/SPT3G/users/ac.yomori/repo/cosmosis-standard-library/structure/projection/projection_tools/kernel.py:178: RuntimeWarning: divide by zero encountered in divide
  nchi_spline.y * (nchi_spline.x - chi)/nchi_spline.x, 0.)
/lcrc/project/SPT3G/users/ac.yomori/repo/cosmosis-standard-library/structure/projection/projection_tools/kernel.py:178: RuntimeWarning: invalid value encountered in divide
  nchi_spline.y * (nchi_spline.x - chi)/nchi_spline.x, 0.)
/lcrc/project/SPT3G/users/ac.yomori/repo/cosmosis-standard-library/structure/projection/projection_tools/kernel.py:178: RuntimeWarning: divide by zero encountered in divide
  nchi_spline.y * (nchi_spline.x - chi)/nchi_spline.x, 0.)
/lcrc/project/SPT3G/users/ac.yomori/repo/cosmosis-standard-library/structure/projection/projection_tools/kernel.py:178: RuntimeWarning: invalid value encountered in divide
  nchi_spline.y * (nchi_spline.x - chi)/nchi_spline.x, 0.)
/lcrc/project/SPT3G/users/ac.yomori/repo/cosmosis-standard-library/structure/projection/projection_tools/kernel.py:178: RuntimeWarning: divide by zero encountered in divide
  nchi_spline.y * (nchi_spline.x - chi)/nchi_spline.x, 0.)
/lcrc/project/SPT3G/users/ac.yomori/repo/cosmosis-standard-library/structure/projection/projection_tools/kernel.py:178: RuntimeWarning: invalid value encountered in divide
  nchi_spline.y * (nchi_spline.x - chi)/nchi_spline.x, 0.)
/lcrc/project/SPT3G/users/ac.yomori/repo/cosmosis-standard-library/structure/projection/projection_tools/kernel.py:178: RuntimeWarning: divide by zero encountered in divide
  nchi_spline.y * (nchi_spline.x - chi)/nchi_spline.x, 0.)
Pipeline failed on these parameters: [ 8.93576651e-01  1.06673684e+00  2.28942532e-02  5.18064509e-02
  7.21015604e-01  5.90019390e-01  7.83698546e+00 -1.50241375e-02
 -1.58887841e-02 -1.64089898e-02 -4.30106428e-02  4.91492744e-03
  1.64752996e-02  5.98365687e-04 -4.10687880e-03 -9.05482620e-03
 -3.79500805e-02 -4.26083644e-03 -8.86083707e-03  8.17167027e-01
  1.22840055e+00  8.38695350e-01  9.37730675e-01  2.12725097e+00
  2.04824526e+00  2.62696243e+00  1.57879947e+00  2.03817975e+00
 -3.86908448e+00 -1.27703496e+00 -1.75356423e+00  1.74869093e+00
  9.96089966e-01  1.00193299e+00  1.01459910e+00  9.75310940e-01
  1.00003557e+00  9.62234888e-01  9.27068896e-01]
/lcrc/project/SPT3G/users/ac.yomori/repo/cosmosis-standard-library/structure/projection/projection_tools/kernel.py:178: RuntimeWarning: invalid value encountered in divide
  nchi_spline.y * (nchi_spline.x - chi)/nchi_spline.x, 0.)
/lcrc/project/SPT3G/users/ac.yomori/repo/cosmosis-standard-library/structure/projection/projection_tools/kernel.py:178: RuntimeWarning: divide by zero encountered in divide
  nchi_spline.y * (nchi_spline.x - chi)/nchi_spline.x, 0.)
/lcrc/project/SPT3G/users/ac.yomori/repo/cosmosis-standard-library/structure/projection/projection_tools/kernel.py:178: RuntimeWarning: invalid value encountered in divide
  nchi_spline.y * (nchi_spline.x - chi)/nchi_spline.x, 0.)
/lcrc/project/SPT3G/users/ac.yomori/repo/cosmosis-standard-library/structure/projection/projection_tools/kernel.py:178: RuntimeWarning: divide by zero encountered in divide
  nchi_spline.y * (nchi_spline.x - chi)/nchi_spline.x, 0.)
/lcrc/project/SPT3G/users/ac.yomori/repo/cosmosis-standard-library/structure/projection/projection_tools/kernel.py:178: RuntimeWarning: invalid value encountered in divide
  nchi_spline.y * (nchi_spline.x - chi)/nchi_spline.x, 0.)
/lcrc/project/SPT3G/users/ac.yomori/repo/cosmosis-standard-library/structure/projection/projection_tools/kernel.py:178: RuntimeWarning: divide by zero encountered in divide
  nchi_spline.y * (nchi_spline.x - chi)/nchi_spline.x, 0.)
/lcrc/project/SPT3G/users/ac.yomori/repo/cosmosis-standard-library/structure/projection/projection_tools/kernel.py:178: RuntimeWarning: invalid value encountered in divide
  nchi_spline.y * (nchi_spline.x - chi)/nchi_spline.x, 0.)
/lcrc/project/SPT3G/users/ac.yomori/repo/cosmosis-standard-library/structure/projection/projection_tools/kernel.py:178: RuntimeWarning: divide by zero encountered in divide
  nchi_spline.y * (nchi_spline.x - chi)/nchi_spline.x, 0.)
/lcrc/project/SPT3G/users/ac.yomori/repo/cosmosis-standard-library/structure/projection/projection_tools/kernel.py:178: RuntimeWarning: invalid value encountered in divide
  nchi_spline.y * (nchi_spline.x - chi)/nchi_spline.x, 0.)
/lcrc/project/SPT3G/users/ac.yomori/repo/cosmosis-standard-library/structure/projection/projection_tools/kernel.py:178: RuntimeWarning: divide by zero encountered in divide
  nchi_spline.y * (nchi_spline.x - chi)/nchi_spline.x, 0.)
Pipeline failed on these parameters: [ 8.78257846e-01  9.58716073e-01  2.10340836e-02  5.60273883e-02
  7.47112304e-01  4.88480145e-01  7.90699843e+00 -1.16077975e-02
 -1.58156809e-02 -1.81196615e-02 -3.07888039e-02  2.67551356e-02
 -1.05139906e-02 -5.30595686e-03 -4.33891285e-03 -3.16054071e-03
 -2.96447157e-02 -9.09998055e-03 -7.34525913e-03  1.01710058e+00
  1.23691273e+00  8.88159898e-01  9.12186695e-01  1.73225780e+00
  1.63904835e+00  2.04681576e+00  1.48716030e+00  1.79132526e+00
  4.44015810e+00 -9.75017525e-01  3.31744428e+00  1.69099874e+00
  9.98212299e-01  1.00412981e+00  9.73467270e-01  9.75371306e-01
  9.98014256e-01  9.70764890e-01  9.46261355e-01]
/lcrc/project/SPT3G/users/ac.yomori/repo/cosmosis-standard-library/structure/projection/projection_tools/kernel.py:178: RuntimeWarning: invalid value encountered in divide
  nchi_spline.y * (nchi_spline.x - chi)/nchi_spline.x, 0.)
/lcrc/project/SPT3G/users/ac.yomori/repo/cosmosis-standard-library/structure/projection/projection_tools/kernel.py:178: RuntimeWarning: divide by zero encountered in divide
  nchi_spline.y * (nchi_spline.x - chi)/nchi_spline.x, 0.)
/lcrc/project/SPT3G/users/ac.yomori/repo/cosmosis-standard-library/structure/projection/projection_tools/kernel.py:178: RuntimeWarning: invalid value encountered in divide
  nchi_spline.y * (nchi_spline.x - chi)/nchi_spline.x, 0.)
/lcrc/project/SPT3G/users/ac.yomori/repo/cosmosis-standard-library/structure/projection/projection_tools/kernel.py:178: RuntimeWarning: divide by zero encountered in divide
  nchi_spline.y * (nchi_spline.x - chi)/nchi_spline.x, 0.)
/lcrc/project/SPT3G/users/ac.yomori/repo/cosmosis-standard-library/structure/projection/projection_tools/kernel.py:178: RuntimeWarning: invalid value encountered in divide
  nchi_spline.y * (nchi_spline.x - chi)/nchi_spline.x, 0.)
/lcrc/project/SPT3G/users/ac.yomori/repo/cosmosis-standard-library/structure/projection/projection_tools/kernel.py:178: RuntimeWarning: divide by zero encountered in divide
  nchi_spline.y * (nchi_spline.x - chi)/nchi_spline.x, 0.)
/lcrc/project/SPT3G/users/ac.yomori/repo/cosmosis-standard-library/structure/projection/projection_tools/kernel.py:178: RuntimeWarning: invalid value encountered in divide
  nchi_spline.y * (nchi_spline.x - chi)/nchi_spline.x, 0.)
/lcrc/project/SPT3G/users/ac.yomori/repo/cosmosis-standard-library/structure/projection/projection_tools/kernel.py:178: RuntimeWarning: divide by zero encountered in divide
  nchi_spline.y * (nchi_spline.x - chi)/nchi_spline.x, 0.)
/lcrc/project/SPT3G/users/ac.yomori/repo/cosmosis-standard-library/structure/projection/projection_tools/kernel.py:178: RuntimeWarning: invalid value encountered in divide
  nchi_spline.y * (nchi_spline.x - chi)/nchi_spline.x, 0.)
/lcrc/project/SPT3G/users/ac.yomori/repo/cosmosis-standard-library/structure/projection/projection_tools/kernel.py:178: RuntimeWarning: divide by zero encountered in divide
  nchi_spline.y * (nchi_spline.x - chi)/nchi_spline.x, 0.)
Pipeline failed on these parameters: [ 9.80392203e-01  9.36038795e-01  2.20776318e-02  5.50161085e-02
  6.50308385e-01  4.92991477e-01  7.68792462e+00  5.13302401e-03
 -2.24893794e-02 -2.16044180e-02 -4.30244000e-02 -5.98183793e-03
  3.11078559e-02  8.22173616e-03  1.39087737e-02 -2.42227099e-03
 -4.54135181e-02 -1.54477464e-02 -5.01617560e-03  9.32638541e-01
  1.35158793e+00  9.18245705e-01  9.15059936e-01  2.45559925e+00
  2.22698456e+00  1.76182230e+00  1.58300560e+00 -4.14538256e+00
  2.45288773e+00  1.87411948e+00  4.74018154e+00  1.25470317e+00
  9.97863749e-01  1.00222232e+00  9.52109157e-01  9.71117269e-01
  1.00095591e+00  9.49192489e-01  9.69804641e-01]
Pipeline failed on these parameters: [ 9.91954429e-01  9.35969915e-01  2.21544866e-02  5.59447226e-02
  6.50103404e-01  4.96586802e-01  7.68953748e+00  5.10176856e-03
 -2.24360470e-02 -2.14041073e-02 -4.28053174e-02 -5.66733197e-03
  3.15531256e-02  8.46890391e-03  1.44789526e-02 -2.50214989e-03
 -4.50121320e-02 -1.57407296e-02 -5.06829459e-03  9.32882742e-01
  1.35130617e+00  9.17346633e-01  9.14955400e-01  2.39788034e+00
  2.22891349e+00  1.76602176e+00  1.61722626e+00 -4.13639312e+00
  2.16921524e+00  1.77085145e+00  4.61064241e+00  1.25584959e+00
  9.97850388e-01  1.00206767e+00  9.53514329e-01  9.70986847e-01
  1.00097758e+00  9.49828368e-01  9.68888435e-01]
/lcrc/project/SPT3G/users/ac.yomori/repo/cosmosis-standard-library/structure/projection/projection_tools/kernel.py:178: RuntimeWarning: invalid value encountered in divide
  nchi_spline.y * (nchi_spline.x - chi)/nchi_spline.x, 0.)
/lcrc/project/SPT3G/users/ac.yomori/repo/cosmosis-standard-library/structure/projection/projection_tools/kernel.py:178: RuntimeWarning: divide by zero encountered in divide
  nchi_spline.y * (nchi_spline.x - chi)/nchi_spline.x, 0.)
/lcrc/project/SPT3G/users/ac.yomori/repo/cosmosis-standard-library/structure/projection/projection_tools/kernel.py:178: RuntimeWarning: invalid value encountered in divide
  nchi_spline.y * (nchi_spline.x - chi)/nchi_spline.x, 0.)
/lcrc/project/SPT3G/users/ac.yomori/repo/cosmosis-standard-library/structure/projection/projection_tools/kernel.py:178: RuntimeWarning: divide by zero encountered in divide
  nchi_spline.y * (nchi_spline.x - chi)/nchi_spline.x, 0.)
Pipeline failed on these parameters: [ 9.93903831e-01  9.35958302e-01  2.21674444e-02  5.61012878e-02
  6.50068844e-01  4.97192977e-01  7.68980941e+00  5.09651210e-03
 -2.24270673e-02 -2.13701534e-02 -4.27688634e-02 -5.61447861e-03
  3.16310044e-02  8.51099767e-03  1.45766925e-02 -2.51553430e-03
 -4.49457662e-02 -1.57927312e-02 -5.07706746e-03  9.32923850e-01
  1.35125870e+00  9.17196340e-01  9.14937774e-01  2.38814888e+00
  2.22923871e+00  1.76672980e+00  1.62299589e+00 -4.13487750e+00
  2.12138780e+00  1.75344036e+00  4.58880200e+00  1.25604288e+00
  9.97848132e-01  1.00204084e+00  9.53741735e-01  9.70964348e-01
  1.00098124e+00  9.49928428e-01  9.68738683e-01]
Pipeline failed on these parameters: [ 1.02281835e+00  9.35786047e-01  2.23596409e-02  5.84235420e-02
  6.49556231e-01  5.06184074e-01  7.69384281e+00  5.01898789e-03
 -2.22942766e-02 -2.08596417e-02 -4.22430260e-02 -4.83592129e-03
  3.29006716e-02  9.15080922e-03  1.60880393e-02 -2.71134967e-03
 -4.40005386e-02 -1.66812226e-02 -5.20672063e-03  9.33531436e-01
  1.35055607e+00  9.15008418e-01  9.14676291e-01  2.24380694e+00
  2.23406253e+00  1.77723171e+00  1.70857404e+00 -4.11239694e+00
  1.41198695e+00  1.49519033e+00  4.26485389e+00  1.25890982e+00
  9.97814557e-01  1.00161216e+00  9.56856046e-01  9.70609976e-01
  1.00103590e+00  9.51233780e-01  9.66651631e-01]
/lcrc/project/SPT3G/users/ac.yomori/repo/cosmosis-standard-library/structure/projection/projection_tools/kernel.py:178: RuntimeWarning: invalid value encountered in divide
  nchi_spline.y * (nchi_spline.x - chi)/nchi_spline.x, 0.)
/lcrc/project/SPT3G/users/ac.yomori/repo/cosmosis-standard-library/structure/projection/projection_tools/kernel.py:178: RuntimeWarning: divide by zero encountered in divide
  nchi_spline.y * (nchi_spline.x - chi)/nchi_spline.x, 0.)
/lcrc/project/SPT3G/users/ac.yomori/repo/cosmosis-standard-library/structure/projection/projection_tools/kernel.py:178: RuntimeWarning: invalid value encountered in divide
  nchi_spline.y * (nchi_spline.x - chi)/nchi_spline.x, 0.)
/lcrc/project/SPT3G/users/ac.yomori/repo/cosmosis-standard-library/structure/projection/projection_tools/kernel.py:178: RuntimeWarning: divide by zero encountered in divide
  nchi_spline.y * (nchi_spline.x - chi)/nchi_spline.x, 0.)
/lcrc/project/SPT3G/users/ac.yomori/repo/cosmosis-standard-library/structure/projection/projection_tools/kernel.py:178: RuntimeWarning: invalid value encountered in divide
  nchi_spline.y * (nchi_spline.x - chi)/nchi_spline.x, 0.)
/lcrc/project/SPT3G/users/ac.yomori/repo/cosmosis-standard-library/structure/projection/projection_tools/kernel.py:178: RuntimeWarning: divide by zero encountered in divide
  nchi_spline.y * (nchi_spline.x - chi)/nchi_spline.x, 0.)
/lcrc/project/SPT3G/users/ac.yomori/repo/cosmosis-standard-library/structure/projection/projection_tools/kernel.py:178: RuntimeWarning: invalid value encountered in divide
  nchi_spline.y * (nchi_spline.x - chi)/nchi_spline.x, 0.)
/lcrc/project/SPT3G/users/ac.yomori/repo/cosmosis-standard-library/structure/projection/projection_tools/kernel.py:178: RuntimeWarning: divide by zero encountered in divide
  nchi_spline.y * (nchi_spline.x - chi)/nchi_spline.x, 0.)
/lcrc/project/SPT3G/users/ac.yomori/repo/cosmosis-standard-library/structure/projection/projection_tools/kernel.py:178: RuntimeWarning: invalid value encountered in divide
  nchi_spline.y * (nchi_spline.x - chi)/nchi_spline.x, 0.)
/lcrc/project/SPT3G/users/ac.yomori/repo/cosmosis-standard-library/structure/projection/projection_tools/kernel.py:178: RuntimeWarning: divide by zero encountered in divide
  nchi_spline.y * (nchi_spline.x - chi)/nchi_spline.x, 0.)
/lcrc/project/SPT3G/users/ac.yomori/repo/cosmosis-standard-library/structure/projection/projection_tools/kernel.py:178: RuntimeWarning: invalid value encountered in divide
  nchi_spline.y * (nchi_spline.x - chi)/nchi_spline.x, 0.)
/lcrc/project/SPT3G/users/ac.yomori/repo/cosmosis-standard-library/structure/projection/projection_tools/kernel.py:178: RuntimeWarning: divide by zero encountered in divide
  nchi_spline.y * (nchi_spline.x - chi)/nchi_spline.x, 0.)
/lcrc/project/SPT3G/users/ac.yomori/repo/cosmosis-standard-library/structure/projection/projection_tools/kernel.py:178: RuntimeWarning: invalid value encountered in divide
  nchi_spline.y * (nchi_spline.x - chi)/nchi_spline.x, 0.)
/lcrc/project/SPT3G/users/ac.yomori/repo/cosmosis-standard-library/structure/projection/projection_tools/kernel.py:178: RuntimeWarning: divide by zero encountered in divide
  nchi_spline.y * (nchi_spline.x - chi)/nchi_spline.x, 0.)
/lcrc/project/SPT3G/users/ac.yomori/repo/cosmosis-standard-library/structure/projection/projection_tools/kernel.py:178: RuntimeWarning: invalid value encountered in divide
  nchi_spline.y * (nchi_spline.x - chi)/nchi_spline.x, 0.)
/lcrc/project/SPT3G/users/ac.yomori/repo/cosmosis-standard-library/structure/projection/projection_tools/kernel.py:178: RuntimeWarning: divide by zero encountered in divide
  nchi_spline.y * (nchi_spline.x - chi)/nchi_spline.x, 0.)
/lcrc/project/SPT3G/users/ac.yomori/repo/cosmosis-standard-library/structure/projection/projection_tools/kernel.py:178: RuntimeWarning: invalid value encountered in divide
  nchi_spline.y * (nchi_spline.x - chi)/nchi_spline.x, 0.)
/lcrc/project/SPT3G/users/ac.yomori/repo/cosmosis-standard-library/structure/projection/projection_tools/kernel.py:178: RuntimeWarning: divide by zero encountered in divide
  nchi_spline.y * (nchi_spline.x - chi)/nchi_spline.x, 0.)
/lcrc/project/SPT3G/users/ac.yomori/repo/cosmosis-standard-library/structure/projection/projection_tools/kernel.py:178: RuntimeWarning: invalid value encountered in divide
  nchi_spline.y * (nchi_spline.x - chi)/nchi_spline.x, 0.)
/lcrc/project/SPT3G/users/ac.yomori/repo/cosmosis-standard-library/structure/projection/projection_tools/kernel.py:178: RuntimeWarning: divide by zero encountered in divide
  nchi_spline.y * (nchi_spline.x - chi)/nchi_spline.x, 0.)
/lcrc/project/SPT3G/users/ac.yomori/repo/cosmosis-standard-library/structure/projection/projection_tools/kernel.py:178: RuntimeWarning: invalid value encountered in divide
  nchi_spline.y * (nchi_spline.x - chi)/nchi_spline.x, 0.)
/lcrc/project/SPT3G/users/ac.yomori/repo/cosmosis-standard-library/structure/projection/projection_tools/kernel.py:178: RuntimeWarning: divide by zero encountered in divide
  nchi_spline.y * (nchi_spline.x - chi)/nchi_spline.x, 0.)
/lcrc/project/SPT3G/users/ac.yomori/repo/cosmosis-standard-library/structure/projection/projection_tools/kernel.py:178: RuntimeWarning: invalid value encountered in divide
  nchi_spline.y * (nchi_spline.x - chi)/nchi_spline.x, 0.)
/lcrc/project/SPT3G/users/ac.yomori/repo/cosmosis-standard-library/structure/projection/projection_tools/kernel.py:178: RuntimeWarning: divide by zero encountered in divide
  nchi_spline.y * (nchi_spline.x - chi)/nchi_spline.x, 0.)
Pipeline failed on these parameters: [ 1.09437829e+00  9.27714322e-01  2.25367144e-02  6.03390028e-02
  6.56104148e-01  5.28058047e-01  7.73404299e+00 -1.16274601e-02
 -3.17255907e-02 -2.81042821e-02 -4.04850047e-02 -2.05829304e-03
  2.72713975e-02  1.18654740e-02  1.83494888e-02  5.77152474e-04
 -4.46759896e-02 -1.51191408e-02 -6.69062905e-03  9.51296349e-01
  1.34615221e+00  9.04415965e-01  9.11785402e-01  2.00432509e+00
  2.12983582e+00  1.76416794e+00  1.76187906e+00 -4.14662443e+00
  6.53496493e-01  1.17565802e+00  3.58773447e+00  1.29469806e+00
  1.00290090e+00  1.00555930e+00  9.47898991e-01  9.72803517e-01
  1.00083888e+00  9.54263267e-01  9.45679121e-01]
Pipeline failed on these parameters: [ 9.90164806e-01  9.04150340e-01  2.13459885e-02  6.20492113e-02
  7.66160853e-01  3.75112935e-01  7.65825199e+00  6.65987506e-03
 -2.35392747e-02 -2.87127919e-02 -2.85176276e-02  2.01022785e-02
  4.87679912e-03 -4.15559585e-03 -1.10763637e-02 -1.56764539e-02
 -1.87140348e-02 -4.13012253e-03 -1.49309839e-02  9.14612542e-01
  1.30222351e+00  7.96240229e-01  9.07113353e-01  1.14835836e+00
  1.77022985e+00  2.84872524e+00  1.29497697e+00  3.29835459e+00
 -2.37879148e+00 -7.34521163e-01 -1.21697888e+00  1.54288329e+00
  9.99814327e-01  1.00423293e+00  9.82892210e-01  9.69472139e-01
  9.96635249e-01  9.66800874e-01  9.41329866e-01]
/lcrc/project/SPT3G/users/ac.yomori/repo/cosmosis-standard-library/structure/projection/projection_tools/kernel.py:178: RuntimeWarning: invalid value encountered in divide
  nchi_spline.y * (nchi_spline.x - chi)/nchi_spline.x, 0.)
/lcrc/project/SPT3G/users/ac.yomori/repo/cosmosis-standard-library/structure/projection/projection_tools/kernel.py:178: RuntimeWarning: divide by zero encountered in divide
  nchi_spline.y * (nchi_spline.x - chi)/nchi_spline.x, 0.)
/lcrc/project/SPT3G/users/ac.yomori/repo/cosmosis-standard-library/structure/projection/projection_tools/kernel.py:178: RuntimeWarning: invalid value encountered in divide
  nchi_spline.y * (nchi_spline.x - chi)/nchi_spline.x, 0.)
/lcrc/project/SPT3G/users/ac.yomori/repo/cosmosis-standard-library/structure/projection/projection_tools/kernel.py:178: RuntimeWarning: divide by zero encountered in divide
  nchi_spline.y * (nchi_spline.x - chi)/nchi_spline.x, 0.)
Pipeline failed on these parameters: [ 1.28614700e+00  1.03331528e+00  2.39688419e-02  5.75654858e-02
  6.63386198e-01  3.48208572e-01  7.73308394e+00 -1.56114780e-02
 -1.71719444e-02 -2.82878200e-02 -3.50725280e-02 -9.83900452e-03
 -7.33070561e-03 -1.35440087e-03 -2.11869730e-03 -9.11403530e-03
 -4.54330387e-02  6.17437305e-03 -2.52733434e-03  1.07617977e+00
  1.41028000e+00  8.80993574e-01  8.45359527e-01  1.66346355e+00
  2.49217819e+00  2.35228725e+00  1.09563696e+00  1.42468727e+00
 -1.24468599e+00 -2.14067009e+00  4.57837132e+00  1.60996886e+00
  9.97245319e-01  1.00844388e+00  1.00101438e+00  9.68964765e-01
  1.00411765e+00  9.64635397e-01  9.54504120e-01]
Pipeline failed on these parameters: [ 1.28570211e+00  1.02907543e+00  2.40112514e-02  6.06805555e-02
  6.61413655e-01  3.33245839e-01  7.72434972e+00 -1.50831593e-02
 -1.71557447e-02 -2.90982461e-02 -3.51962256e-02 -9.93402298e-03
 -7.10166006e-03 -1.04432970e-03 -2.30470930e-03 -9.32675561e-03
 -4.51105474e-02  4.13878816e-03 -2.64310923e-03  1.06304129e+00
  1.40651300e+00  8.83360531e-01  8.47693589e-01  1.73080199e+00
  2.54033703e+00  2.31911924e+00  1.08084976e+00  1.50673206e+00
 -1.10889552e+00 -2.30575367e+00  4.61475593e+00  1.57971403e+00
  9.97337299e-01  1.00859748e+00  1.00407959e+00  9.69532068e-01
  1.00390011e+00  9.64071746e-01  9.55189554e-01]
Pipeline failed on these parameters: [ 1.28556204e+00  1.02774061e+00  2.40246030e-02  6.16612619e-02
  6.60792646e-01  3.28535174e-01  7.72159996e+00 -1.49228565e-02
 -1.71506422e-02 -2.93651529e-02 -3.52350741e-02 -9.96399456e-03
 -7.02989434e-03 -9.46894195e-04 -2.36332690e-03 -9.39377879e-03
 -4.50108040e-02  3.67453376e-03 -2.67922300e-03  1.05962895e+00
  1.40536067e+00  8.84110839e-01  8.48398728e-01  1.75200192e+00
  2.55549871e+00  2.30867707e+00  1.07619436e+00  1.53256194e+00
 -1.06614509e+00 -2.35772635e+00  4.62621077e+00  1.57018901e+00
  9.97365805e-01  1.00864625e+00  1.00515219e+00  9.69680762e-01
  1.00383812e+00  9.63895407e-01  9.55406806e-01]
/lcrc/project/SPT3G/users/ac.yomori/repo/cosmosis-standard-library/structure/projection/projection_tools/kernel.py:178: RuntimeWarning: invalid value encountered in divide
  nchi_spline.y * (nchi_spline.x - chi)/nchi_spline.x, 0.)
/lcrc/project/SPT3G/users/ac.yomori/repo/cosmosis-standard-library/structure/projection/projection_tools/kernel.py:178: RuntimeWarning: divide by zero encountered in divide
  nchi_spline.y * (nchi_spline.x - chi)/nchi_spline.x, 0.)
/lcrc/project/SPT3G/users/ac.yomori/repo/cosmosis-standard-library/structure/projection/projection_tools/kernel.py:178: RuntimeWarning: invalid value encountered in divide
  nchi_spline.y * (nchi_spline.x - chi)/nchi_spline.x, 0.)
/lcrc/project/SPT3G/users/ac.yomori/repo/cosmosis-standard-library/structure/projection/projection_tools/kernel.py:178: RuntimeWarning: divide by zero encountered in divide
  nchi_spline.y * (nchi_spline.x - chi)/nchi_spline.x, 0.)
/lcrc/project/SPT3G/users/ac.yomori/repo/cosmosis-standard-library/structure/projection/projection_tools/kernel.py:178: RuntimeWarning: invalid value encountered in divide
  nchi_spline.y * (nchi_spline.x - chi)/nchi_spline.x, 0.)
/lcrc/project/SPT3G/users/ac.yomori/repo/cosmosis-standard-library/structure/projection/projection_tools/kernel.py:178: RuntimeWarning: divide by zero encountered in divide
  nchi_spline.y * (nchi_spline.x - chi)/nchi_spline.x, 0.)
Pipeline failed on these parameters: [ 1.24241655e+00  1.02215760e+00  2.37074645e-02  5.60371624e-02
  6.64251188e-01  2.58868039e-01  7.77454198e+00 -1.17399038e-02
 -1.86001236e-02 -2.84882984e-02 -3.75766758e-02 -7.30559973e-03
 -7.26524700e-03  1.88651567e-03 -4.11893856e-03 -1.05920985e-02
 -4.53248117e-02  4.51023527e-03 -3.01813179e-03  1.01791809e+00
  1.39544716e+00  8.94947437e-01  8.43552522e-01  1.89381832e+00
  2.51112652e+00  2.29371075e+00  9.99716653e-01  3.64422391e+00
 -4.74756791e-01 -2.36644259e+00  4.70232106e+00  1.50267168e+00
  9.98893081e-01  1.00662428e+00  9.72635927e-01  9.73415995e-01
  1.00222363e+00  9.51868117e-01  9.73761475e-01]
Pipeline failed on these parameters: [ 1.25335863e+00  1.02098319e+00  2.37755923e-02  5.97879670e-02
  6.63238356e-01  2.61194105e-01  7.75400099e+00 -1.18642621e-02
 -1.86022281e-02 -2.86861197e-02 -3.77570839e-02 -7.47475609e-03
 -7.26080050e-03  1.67435553e-03 -3.94192846e-03 -1.06390021e-02
 -4.53408466e-02  3.26788378e-03 -3.01323485e-03  1.02283988e+00
  1.39330106e+00  8.94203556e-01  8.43552232e-01  1.89617886e+00
  2.54599778e+00  2.25997163e+00  1.01002119e+00  3.25399839e+00
 -6.16358619e-01 -2.50590804e+00  4.75335805e+00  1.47843372e+00
  9.98909487e-01  1.00662700e+00  9.70412257e-01  9.73206400e-01
  1.00226686e+00  9.51690441e-01  9.75873495e-01]
/lcrc/project/SPT3G/users/ac.yomori/repo/cosmosis-standard-library/structure/projection/projection_tools/kernel.py:178: RuntimeWarning: invalid value encountered in divide
  nchi_spline.y * (nchi_spline.x - chi)/nchi_spline.x, 0.)
/lcrc/project/SPT3G/users/ac.yomori/repo/cosmosis-standard-library/structure/projection/projection_tools/kernel.py:178: RuntimeWarning: divide by zero encountered in divide
  nchi_spline.y * (nchi_spline.x - chi)/nchi_spline.x, 0.)
/lcrc/project/SPT3G/users/ac.yomori/repo/cosmosis-standard-library/structure/projection/projection_tools/kernel.py:178: RuntimeWarning: invalid value encountered in divide
  nchi_spline.y * (nchi_spline.x - chi)/nchi_spline.x, 0.)
/lcrc/project/SPT3G/users/ac.yomori/repo/cosmosis-standard-library/structure/projection/projection_tools/kernel.py:178: RuntimeWarning: divide by zero encountered in divide
  nchi_spline.y * (nchi_spline.x - chi)/nchi_spline.x, 0.)
/lcrc/project/SPT3G/users/ac.yomori/repo/cosmosis-standard-library/structure/projection/projection_tools/kernel.py:178: RuntimeWarning: invalid value encountered in divide
  nchi_spline.y * (nchi_spline.x - chi)/nchi_spline.x, 0.)
/lcrc/project/SPT3G/users/ac.yomori/repo/cosmosis-standard-library/structure/projection/projection_tools/kernel.py:178: RuntimeWarning: divide by zero encountered in divide
  nchi_spline.y * (nchi_spline.x - chi)/nchi_spline.x, 0.)
Pipeline failed on these parameters: [ 1.26608117e+00  1.01961769e+00  2.38548056e-02  6.41490912e-02
  6.62060718e-01  2.63898662e-01  7.73011765e+00 -1.20101761e-02
 -1.86046749e-02 -2.89201163e-02 -3.79674636e-02 -7.67227171e-03
 -7.25563127e-03  1.42844866e-03 -3.73665045e-03 -1.06936305e-02
 -4.53595182e-02  2.16440565e-03 -3.00753775e-03  1.02897278e+00
  1.39086277e+00  8.93344360e-01  8.43551896e-01  1.89892351e+00
  2.58654319e+00  2.22074257e+00  1.02200246e+00  2.80027656e+00
 -7.81001465e-01 -2.66806688e+00  4.81269962e+00  1.45025183e+00
  9.98928550e-01  1.00663016e+00  9.67723484e-01  9.72962663e-01
  1.00231815e+00  9.51477277e-01  9.78884121e-01]
/lcrc/project/SPT3G/users/ac.yomori/repo/cosmosis-standard-library/structure/projection/projection_tools/kernel.py:178: RuntimeWarning: invalid value encountered in divide
  nchi_spline.y * (nchi_spline.x - chi)/nchi_spline.x, 0.)
/lcrc/project/SPT3G/users/ac.yomori/repo/cosmosis-standard-library/structure/projection/projection_tools/kernel.py:178: RuntimeWarning: divide by zero encountered in divide
  nchi_spline.y * (nchi_spline.x - chi)/nchi_spline.x, 0.)
/lcrc/project/SPT3G/users/ac.yomori/repo/cosmosis-standard-library/structure/projection/projection_tools/kernel.py:178: RuntimeWarning: invalid value encountered in divide
  nchi_spline.y * (nchi_spline.x - chi)/nchi_spline.x, 0.)
/lcrc/project/SPT3G/users/ac.yomori/repo/cosmosis-standard-library/structure/projection/projection_tools/kernel.py:178: RuntimeWarning: divide by zero encountered in divide
  nchi_spline.y * (nchi_spline.x - chi)/nchi_spline.x, 0.)
/lcrc/project/SPT3G/users/ac.yomori/repo/cosmosis-standard-library/structure/projection/projection_tools/kernel.py:178: RuntimeWarning: invalid value encountered in divide
  nchi_spline.y * (nchi_spline.x - chi)/nchi_spline.x, 0.)
/lcrc/project/SPT3G/users/ac.yomori/repo/cosmosis-standard-library/structure/projection/projection_tools/kernel.py:178: RuntimeWarning: divide by zero encountered in divide
  nchi_spline.y * (nchi_spline.x - chi)/nchi_spline.x, 0.)
/lcrc/project/SPT3G/users/ac.yomori/repo/cosmosis-standard-library/structure/projection/projection_tools/kernel.py:178: RuntimeWarning: invalid value encountered in divide
  nchi_spline.y * (nchi_spline.x - chi)/nchi_spline.x, 0.)
/lcrc/project/SPT3G/users/ac.yomori/repo/cosmosis-standard-library/structure/projection/projection_tools/kernel.py:178: RuntimeWarning: divide by zero encountered in divide
  nchi_spline.y * (nchi_spline.x - chi)/nchi_spline.x, 0.)
/lcrc/project/SPT3G/users/ac.yomori/repo/cosmosis-standard-library/shear/cl_to_xi_fullsky/cl_to_xi.py:38: RuntimeWarning: divide by zero encountered in log
  spec = -np.exp(self.interp_func(np.log(angle)))
/lcrc/project/SPT3G/users/ac.yomori/repo/cosmosis-standard-library/structure/projection/projection_tools/kernel.py:178: RuntimeWarning: invalid value encountered in divide
  nchi_spline.y * (nchi_spline.x - chi)/nchi_spline.x, 0.)
/lcrc/project/SPT3G/users/ac.yomori/repo/cosmosis-standard-library/structure/projection/projection_tools/kernel.py:178: RuntimeWarning: divide by zero encountered in divide
  nchi_spline.y * (nchi_spline.x - chi)/nchi_spline.x, 0.)
/lcrc/project/SPT3G/users/ac.yomori/repo/cosmosis-standard-library/structure/projection/projection_tools/kernel.py:178: RuntimeWarning: invalid value encountered in divide
  nchi_spline.y * (nchi_spline.x - chi)/nchi_spline.x, 0.)
/lcrc/project/SPT3G/users/ac.yomori/repo/cosmosis-standard-library/structure/projection/projection_tools/kernel.py:178: RuntimeWarning: divide by zero encountered in divide
  nchi_spline.y * (nchi_spline.x - chi)/nchi_spline.x, 0.)
/lcrc/project/SPT3G/users/ac.yomori/repo/cosmosis-standard-library/structure/projection/projection_tools/kernel.py:178: RuntimeWarning: invalid value encountered in divide
  nchi_spline.y * (nchi_spline.x - chi)/nchi_spline.x, 0.)
/lcrc/project/SPT3G/users/ac.yomori/repo/cosmosis-standard-library/structure/projection/projection_tools/kernel.py:178: RuntimeWarning: divide by zero encountered in divide
  nchi_spline.y * (nchi_spline.x - chi)/nchi_spline.x, 0.)
/lcrc/project/SPT3G/users/ac.yomori/repo/cosmosis-standard-library/structure/projection/projection_tools/kernel.py:178: RuntimeWarning: invalid value encountered in divide
  nchi_spline.y * (nchi_spline.x - chi)/nchi_spline.x, 0.)
/lcrc/project/SPT3G/users/ac.yomori/repo/cosmosis-standard-library/structure/projection/projection_tools/kernel.py:178: RuntimeWarning: divide by zero encountered in divide
  nchi_spline.y * (nchi_spline.x - chi)/nchi_spline.x, 0.)
/lcrc/project/SPT3G/users/ac.yomori/repo/cosmosis-standard-library/structure/projection/projection_tools/kernel.py:178: RuntimeWarning: invalid value encountered in divide
  nchi_spline.y * (nchi_spline.x - chi)/nchi_spline.x, 0.)
/lcrc/project/SPT3G/users/ac.yomori/repo/cosmosis-standard-library/structure/projection/projection_tools/kernel.py:178: RuntimeWarning: divide by zero encountered in divide
  nchi_spline.y * (nchi_spline.x - chi)/nchi_spline.x, 0.)
/lcrc/project/SPT3G/users/ac.yomori/repo/cosmosis-standard-library/structure/projection/projection_tools/kernel.py:178: RuntimeWarning: invalid value encountered in divide
  nchi_spline.y * (nchi_spline.x - chi)/nchi_spline.x, 0.)
/lcrc/project/SPT3G/users/ac.yomori/repo/cosmosis-standard-library/structure/projection/projection_tools/kernel.py:178: RuntimeWarning: divide by zero encountered in divide
  nchi_spline.y * (nchi_spline.x - chi)/nchi_spline.x, 0.)
/lcrc/project/SPT3G/users/ac.yomori/repo/cosmosis-standard-library/structure/projection/projection_tools/kernel.py:178: RuntimeWarning: invalid value encountered in divide
  nchi_spline.y * (nchi_spline.x - chi)/nchi_spline.x, 0.)
/lcrc/project/SPT3G/users/ac.yomori/repo/cosmosis-standard-library/structure/projection/projection_tools/kernel.py:178: RuntimeWarning: divide by zero encountered in divide
  nchi_spline.y * (nchi_spline.x - chi)/nchi_spline.x, 0.)
/lcrc/project/SPT3G/users/ac.yomori/repo/cosmosis-standard-library/structure/projection/projection_tools/kernel.py:178: RuntimeWarning: invalid value encountered in divide
  nchi_spline.y * (nchi_spline.x - chi)/nchi_spline.x, 0.)
/lcrc/project/SPT3G/users/ac.yomori/repo/cosmosis-standard-library/structure/projection/projection_tools/kernel.py:178: RuntimeWarning: divide by zero encountered in divide
  nchi_spline.y * (nchi_spline.x - chi)/nchi_spline.x, 0.)
/lcrc/project/SPT3G/users/ac.yomori/repo/cosmosis-standard-library/structure/projection/projection_tools/kernel.py:178: RuntimeWarning: invalid value encountered in divide
  nchi_spline.y * (nchi_spline.x - chi)/nchi_spline.x, 0.)
/lcrc/project/SPT3G/users/ac.yomori/repo/cosmosis-standard-library/structure/projection/projection_tools/kernel.py:178: RuntimeWarning: divide by zero encountered in divide
  nchi_spline.y * (nchi_spline.x - chi)/nchi_spline.x, 0.)
/lcrc/project/SPT3G/users/ac.yomori/repo/cosmosis-standard-library/structure/projection/projection_tools/kernel.py:178: RuntimeWarning: invalid value encountered in divide
  nchi_spline.y * (nchi_spline.x - chi)/nchi_spline.x, 0.)
/lcrc/project/SPT3G/users/ac.yomori/repo/cosmosis-standard-library/structure/projection/projection_tools/kernel.py:178: RuntimeWarning: divide by zero encountered in divide
  nchi_spline.y * (nchi_spline.x - chi)/nchi_spline.x, 0.)
/lcrc/project/SPT3G/users/ac.yomori/repo/cosmosis-standard-library/structure/projection/projection_tools/kernel.py:178: RuntimeWarning: invalid value encountered in divide
  nchi_spline.y * (nchi_spline.x - chi)/nchi_spline.x, 0.)
/lcrc/project/SPT3G/users/ac.yomori/repo/cosmosis-standard-library/structure/projection/projection_tools/kernel.py:178: RuntimeWarning: divide by zero encountered in divide
  nchi_spline.y * (nchi_spline.x - chi)/nchi_spline.x, 0.)
Pipeline failed on these parameters: [ 8.70104111e-01  9.50873955e-01  2.41198708e-02  5.77601556e-02
  7.85846731e-01  4.39964117e-01  7.60309947e+00  6.13923846e-03
 -2.36044433e-02 -1.85253147e-02 -4.45212281e-02 -1.16876865e-02
 -1.17367476e-02 -1.16242534e-02  2.46804707e-03  1.16467253e-03
 -3.54608961e-02 -6.58785740e-03 -1.63696792e-02  9.92523049e-01
  1.31555415e+00  8.38717178e-01  9.04388771e-01  1.56739529e+00
  2.76966145e+00  2.92993480e+00  1.42531508e+00  3.70856715e-01
 -7.77447858e-01 -3.96291057e+00 -2.72209201e+00  1.33899967e+00
  9.97623110e-01  1.00190073e+00  9.66817709e-01  9.71602835e-01
  1.00407823e+00  9.64286298e-01  9.46459272e-01]
/lcrc/project/SPT3G/users/ac.yomori/repo/cosmosis-standard-library/structure/projection/projection_tools/kernel.py:178: RuntimeWarning: invalid value encountered in divide
  nchi_spline.y * (nchi_spline.x - chi)/nchi_spline.x, 0.)
/lcrc/project/SPT3G/users/ac.yomori/repo/cosmosis-standard-library/structure/projection/projection_tools/kernel.py:178: RuntimeWarning: divide by zero encountered in divide
  nchi_spline.y * (nchi_spline.x - chi)/nchi_spline.x, 0.)
/lcrc/project/SPT3G/users/ac.yomori/repo/cosmosis-standard-library/structure/projection/projection_tools/kernel.py:178: RuntimeWarning: invalid value encountered in divide
  nchi_spline.y * (nchi_spline.x - chi)/nchi_spline.x, 0.)
/lcrc/project/SPT3G/users/ac.yomori/repo/cosmosis-standard-library/structure/projection/projection_tools/kernel.py:178: RuntimeWarning: divide by zero encountered in divide
  nchi_spline.y * (nchi_spline.x - chi)/nchi_spline.x, 0.)
/lcrc/project/SPT3G/users/ac.yomori/repo/cosmosis-standard-library/shear/cl_to_xi_fullsky/cl_to_xi.py:38: RuntimeWarning: divide by zero encountered in log
  spec = -np.exp(self.interp_func(np.log(angle)))
/lcrc/project/SPT3G/users/ac.yomori/repo/cosmosis-standard-library/structure/projection/projection_tools/kernel.py:178: RuntimeWarning: invalid value encountered in divide
  nchi_spline.y * (nchi_spline.x - chi)/nchi_spline.x, 0.)
/lcrc/project/SPT3G/users/ac.yomori/repo/cosmosis-standard-library/structure/projection/projection_tools/kernel.py:178: RuntimeWarning: divide by zero encountered in divide
  nchi_spline.y * (nchi_spline.x - chi)/nchi_spline.x, 0.)
Pipeline failed on these parameters: [ 9.32720129e-01  9.19670963e-01  2.45739612e-02  5.90054775e-02
  7.77743910e-01  4.58361878e-01  7.71326315e+00 -5.93212364e-03
 -2.86835944e-02 -1.59839035e-02 -3.19325913e-02 -1.19496457e-02
 -1.32891579e-02 -1.64902048e-02  3.23317742e-03 -1.14869959e-03
 -3.77810871e-02 -6.15994688e-03 -1.53207014e-02  9.85171765e-01
  1.29624648e+00  8.17673530e-01  9.09291430e-01  1.51640608e+00
  2.90264657e+00  2.99139130e+00  1.68750383e+00  6.79221832e-02
  2.71632979e-01 -3.89376165e+00 -3.61020921e+00  1.39855983e+00
  9.99657153e-01  1.00883195e+00  9.65488705e-01  9.73874528e-01
  9.98571302e-01  9.69222391e-01  9.50067229e-01]
/lcrc/project/SPT3G/users/ac.yomori/repo/cosmosis-standard-library/structure/projection/projection_tools/kernel.py:178: RuntimeWarning: invalid value encountered in divide
  nchi_spline.y * (nchi_spline.x - chi)/nchi_spline.x, 0.)
/lcrc/project/SPT3G/users/ac.yomori/repo/cosmosis-standard-library/structure/projection/projection_tools/kernel.py:178: RuntimeWarning: divide by zero encountered in divide
  nchi_spline.y * (nchi_spline.x - chi)/nchi_spline.x, 0.)
/lcrc/project/SPT3G/users/ac.yomori/repo/cosmosis-standard-library/structure/projection/projection_tools/kernel.py:178: RuntimeWarning: invalid value encountered in divide
  nchi_spline.y * (nchi_spline.x - chi)/nchi_spline.x, 0.)
/lcrc/project/SPT3G/users/ac.yomori/repo/cosmosis-standard-library/structure/projection/projection_tools/kernel.py:178: RuntimeWarning: divide by zero encountered in divide
  nchi_spline.y * (nchi_spline.x - chi)/nchi_spline.x, 0.)
/lcrc/project/SPT3G/users/ac.yomori/repo/cosmosis-standard-library/structure/projection/projection_tools/kernel.py:178: RuntimeWarning: invalid value encountered in divide
  nchi_spline.y * (nchi_spline.x - chi)/nchi_spline.x, 0.)
/lcrc/project/SPT3G/users/ac.yomori/repo/cosmosis-standard-library/structure/projection/projection_tools/kernel.py:178: RuntimeWarning: divide by zero encountered in divide
  nchi_spline.y * (nchi_spline.x - chi)/nchi_spline.x, 0.)
/lcrc/project/SPT3G/users/ac.yomori/repo/cosmosis-standard-library/structure/projection/projection_tools/kernel.py:178: RuntimeWarning: invalid value encountered in divide
  nchi_spline.y * (nchi_spline.x - chi)/nchi_spline.x, 0.)
/lcrc/project/SPT3G/users/ac.yomori/repo/cosmosis-standard-library/structure/projection/projection_tools/kernel.py:178: RuntimeWarning: divide by zero encountered in divide
  nchi_spline.y * (nchi_spline.x - chi)/nchi_spline.x, 0.)
Pipeline failed on these parameters: [ 1.07644511e+00  8.86483069e-01  2.08378649e-02  5.90492811e-02
  7.51878271e-01  4.04156884e-01  7.45450770e+00 -1.23438146e-02
 -1.19275205e-02 -2.82602517e-02 -3.40043640e-02  1.99720963e-02
  2.70664967e-03  1.50284004e-03 -1.38842033e-02 -1.84236115e-02
 -2.99265094e-02 -5.58401227e-03 -9.17178558e-03  8.98454415e-01
  1.39313712e+00  8.05042281e-01  8.83418497e-01  1.58537429e+00
  1.34804895e+00  2.94783060e+00  1.70197263e+00  3.44006205e+00
  1.56266125e-01 -3.78252301e+00  1.75182323e+00  1.46555765e+00
  1.00308802e+00  1.00604310e+00  9.71840205e-01  9.72773758e-01
  9.99566788e-01  9.61104153e-01  9.38497359e-01]
/lcrc/project/SPT3G/users/ac.yomori/repo/cosmosis-standard-library/structure/projection/projection_tools/kernel.py:178: RuntimeWarning: invalid value encountered in divide
  nchi_spline.y * (nchi_spline.x - chi)/nchi_spline.x, 0.)
/lcrc/project/SPT3G/users/ac.yomori/repo/cosmosis-standard-library/structure/projection/projection_tools/kernel.py:178: RuntimeWarning: divide by zero encountered in divide
  nchi_spline.y * (nchi_spline.x - chi)/nchi_spline.x, 0.)
Pipeline failed on these parameters: [ 1.07342873e+00  8.86011885e-01  2.08498329e-02  5.94340761e-02
  7.51953209e-01  4.02395148e-01  7.45244094e+00 -1.23340747e-02
 -1.17210608e-02 -2.83948405e-02 -3.39777459e-02  2.04843540e-02
  2.70422694e-03  1.57188000e-03 -1.38578008e-02 -1.86564096e-02
 -2.98581747e-02 -5.64703468e-03 -9.19088744e-03  8.99329699e-01
  1.39249294e+00  8.04526101e-01  8.83656421e-01  1.57800314e+00
  1.35244655e+00  2.94600839e+00  1.69935462e+00  3.44834891e+00
  2.25502918e-01 -3.76200089e+00  1.72672210e+00  1.46858868e+00
  1.00313569e+00  1.00606794e+00  9.72153670e-01  9.72777150e-01
  9.99566117e-01  9.61138169e-01  9.38678213e-01]
/lcrc/project/SPT3G/users/ac.yomori/repo/cosmosis-standard-library/structure/projection/projection_tools/kernel.py:178: RuntimeWarning: invalid value encountered in divide
  nchi_spline.y * (nchi_spline.x - chi)/nchi_spline.x, 0.)
/lcrc/project/SPT3G/users/ac.yomori/repo/cosmosis-standard-library/structure/projection/projection_tools/kernel.py:178: RuntimeWarning: divide by zero encountered in divide
  nchi_spline.y * (nchi_spline.x - chi)/nchi_spline.x, 0.)
/lcrc/project/SPT3G/users/ac.yomori/repo/cosmosis-standard-library/structure/projection/projection_tools/kernel.py:178: RuntimeWarning: invalid value encountered in divide
  nchi_spline.y * (nchi_spline.x - chi)/nchi_spline.x, 0.)
/lcrc/project/SPT3G/users/ac.yomori/repo/cosmosis-standard-library/structure/projection/projection_tools/kernel.py:178: RuntimeWarning: divide by zero encountered in divide
  nchi_spline.y * (nchi_spline.x - chi)/nchi_spline.x, 0.)
Pipeline failed on these parameters: [ 1.02875645e+00  8.79495381e-01  2.09764555e-02  6.45193364e-02
  7.52451013e-01  3.80359893e-01  7.41613786e+00 -1.39267882e-02
 -9.96725109e-03 -2.84144329e-02 -3.34928951e-02  3.43236424e-02
  2.50518765e-03  2.90700127e-03 -1.37967858e-02 -2.65887045e-02
 -2.87033605e-02 -6.61389279e-03 -9.47810072e-03  9.09583492e-01
  1.38221643e+00  7.94686698e-01  8.88056097e-01  1.44529073e+00
  1.40848006e+00  2.89295572e+00  1.68460726e+00  3.54220801e+00
  1.36590839e+00 -3.39191909e+00  1.28457428e+00  1.50342397e+00
  1.00413287e+00  1.00718282e+00  9.77799555e-01  9.72356939e-01
  9.99902682e-01  9.63615324e-01  9.35037852e-01]
Pipeline failed on these parameters: [ 1.03255941e+00  1.03245459e+00  2.24520697e-02  5.27505424e-02
  6.53283280e-01  2.84195784e-01  7.67302233e+00  4.68081684e-03
 -2.07810481e-03 -1.25426178e-02 -3.25991757e-02 -9.31497623e-03
 -7.65035994e-03  2.15458190e-03 -5.59416143e-03 -6.61989674e-03
 -4.78859399e-02  1.12248230e-02 -6.46379810e-04  1.00249995e+00
  1.37248087e+00  9.34472833e-01  8.57599605e-01  1.53899131e+00
  2.61303454e+00  2.55178866e+00  1.37361568e+00  4.86576087e-01
 -1.93652250e+00 -2.83534441e+00  4.76585836e+00  1.36152095e+00
  9.97614509e-01  1.00218066e+00  9.53108407e-01  9.72129781e-01
  9.97223315e-01  9.63846453e-01  9.40536578e-01]
/lcrc/project/SPT3G/users/ac.yomori/repo/cosmosis-standard-library/structure/projection/projection_tools/kernel.py:178: RuntimeWarning: invalid value encountered in divide
  nchi_spline.y * (nchi_spline.x - chi)/nchi_spline.x, 0.)
/lcrc/project/SPT3G/users/ac.yomori/repo/cosmosis-standard-library/structure/projection/projection_tools/kernel.py:178: RuntimeWarning: divide by zero encountered in divide
  nchi_spline.y * (nchi_spline.x - chi)/nchi_spline.x, 0.)
Pipeline failed on these parameters: [ 8.42633182e-01  1.05936831e+00  1.97899178e-02  5.57532107e-02
  8.02333074e-01  4.68486862e-01  7.91182150e+00 -1.33092290e-02
 -1.33878572e-02 -2.92715185e-02 -2.81619222e-02 -1.85173612e-02
 -1.29757266e-02 -6.44254492e-04  2.21552773e-03 -6.37514036e-03
 -2.77931398e-02 -1.01144272e-02 -8.28936369e-03  9.54442904e-01
  1.31537075e+00  8.69441609e-01  8.39419761e-01  2.75714157e+00
  1.58911670e+00  1.75946597e+00  2.17137614e+00 -1.01273318e-01
 -3.68930013e+00 -2.03970780e+00  3.29326995e-01  7.87611982e-01
  1.00185585e+00  1.00435896e+00  9.72807928e-01  9.80310969e-01
  9.92788117e-01  9.64350903e-01  9.62959580e-01]
Pipeline failed on these parameters: [ 1.04056935e+00  8.82233772e-01  2.09707690e-02  6.27477643e-02
  7.51412251e-01  3.74557003e-01  7.40989602e+00 -1.26980902e-02
 -1.41395100e-02 -1.91322687e-02 -4.77882643e-02  3.27947282e-02
  2.43679336e-03  2.96671718e-03 -1.33909322e-02 -2.64350518e-02
 -2.89335367e-02 -6.62787422e-03 -9.38244604e-03  9.11372210e-01
  1.38421854e+00  7.87346934e-01  8.87290850e-01  1.45953267e+00
  1.41866364e+00  2.88801242e+00  1.64204146e+00  3.53001172e+00
  1.28071295e+00 -3.41229593e+00  1.35121930e+00  1.53787163e+00
  1.00059563e+00  1.00924769e+00  9.78736254e-01  9.72836683e-01
  9.98596455e-01  9.56049610e-01  9.21351380e-01]
/lcrc/project/SPT3G/users/ac.yomori/repo/cosmosis-standard-library/structure/projection/projection_tools/kernel.py:178: RuntimeWarning: invalid value encountered in divide
  nchi_spline.y * (nchi_spline.x - chi)/nchi_spline.x, 0.)
/lcrc/project/SPT3G/users/ac.yomori/repo/cosmosis-standard-library/structure/projection/projection_tools/kernel.py:178: RuntimeWarning: divide by zero encountered in divide
  nchi_spline.y * (nchi_spline.x - chi)/nchi_spline.x, 0.)
Pipeline failed on these parameters: [ 9.88877978e-01  1.02827808e+00  2.23516415e-02  5.21948602e-02
  6.53496923e-01  2.88146977e-01  7.67811850e+00  1.85919913e-02
 -1.20630784e-02 -1.10642562e-02 -3.41583057e-02 -9.14093327e-03
 -8.02147956e-03  2.97016366e-03 -5.00510341e-03 -7.00701917e-03
 -4.68074252e-02  5.89795731e-03 -1.28952077e-03  1.00488931e+00
  1.37367667e+00  9.38806069e-01  8.62555409e-01  1.53975109e+00
  2.66002543e+00  2.57236233e+00  1.29123767e+00  3.57948954e-01
 -1.78422782e+00 -2.97767175e+00  4.77793467e+00  1.36868735e+00
  9.98533257e-01  1.00910599e+00  9.92882684e-01  9.72709979e-01
  9.99235473e-01  9.60356550e-01  9.27788157e-01]
Pipeline failed on these parameters: [ 8.31388998e-01  1.06020532e+00  1.95705314e-02  5.62742078e-02
  8.08925158e-01  4.70883160e-01  7.92519930e+00 -3.21459473e-03
 -1.36605835e-02 -2.52899634e-02 -4.96940781e-02 -2.32185916e-02
 -1.39895844e-02 -2.85819889e-03  3.77479669e-03 -6.08731455e-03
 -2.68630196e-02 -1.01078181e-02 -7.85501967e-03  9.51857338e-01
  1.31843930e+00  8.73016682e-01  8.23032983e-01  2.80357025e+00
  1.67168812e+00  1.84524832e+00  2.07758572e+00  1.61977751e-02
 -3.88292639e+00 -1.51253646e+00 -1.15210858e-01  7.02249534e-01
  1.00258397e+00  9.98939535e-01  9.73420411e-01  9.74029507e-01
  9.98270009e-01  9.48701048e-01  9.35170218e-01]
Pipeline failed on these parameters: [ 9.89871365e-01  1.02813037e+00  2.23538247e-02  5.27503879e-02
  6.53176497e-01  2.85599502e-01  7.67652385e+00  1.91853056e-02
 -1.20316969e-02 -1.11837370e-02 -3.41582948e-02 -9.01795576e-03
 -7.88597874e-03  2.84468805e-03 -5.16628734e-03 -7.00481609e-03
 -4.66917199e-02  6.28460513e-03 -1.25152285e-03  1.00485380e+00
  1.37371549e+00  9.38929678e-01  8.61665370e-01  1.53800401e+00
  2.65868097e+00  2.56906544e+00  1.29227755e+00  3.95436360e-01
 -1.77934907e+00 -2.93690670e+00  4.76315944e+00  1.36488663e+00
  9.98508663e-01  1.00915439e+00  9.92542101e-01  9.72714877e-01
  9.99233527e-01  9.60358190e-01  9.27892879e-01]
Pipeline failed on these parameters: [ 1.00145379e+00  8.81275378e-01  2.11722125e-02  6.00264336e-02
  7.49110753e-01  3.92624307e-01  7.45192978e+00 -1.36807810e-04
 -1.50742901e-02 -2.82561564e-02 -2.46813645e-02  3.99280004e-02
  3.69044712e-03  3.53924669e-03 -1.20473646e-02 -2.06172034e-02
 -3.04599253e-02 -6.81828349e-03 -9.69060796e-03  9.20467628e-01
  1.38340304e+00  8.01761968e-01  8.95651786e-01  1.51013954e+00
  1.43537873e+00  2.91201056e+00  1.64724742e+00  3.99189674e+00
  1.27734891e+00 -3.73840676e+00  1.17927375e+00  1.41162686e+00
  9.99996455e-01  1.00857201e+00  9.91338630e-01  9.72310952e-01
  9.97570758e-01  9.60524726e-01  9.32628820e-01]
Pipeline failed on these parameters: [ 1.00679044e+00  8.79261786e-01  2.11411012e-02  6.21388975e-02
  7.50621039e-01  3.89025820e-01  7.44507354e+00 -1.37450233e-04
 -1.53306999e-02 -2.83938787e-02 -2.37351994e-02  3.77509150e-02
  3.46908453e-03  3.24519459e-03 -1.25066640e-02 -2.16498257e-02
 -2.99007996e-02 -6.79979077e-03 -9.68382380e-03  9.17452183e-01
  1.38302275e+00  8.01771668e-01  8.93442227e-01  1.49443040e+00
  1.42646109e+00  2.91363302e+00  1.66129913e+00  3.87074726e+00
  1.31044484e+00 -3.65467777e+00  1.20715601e+00  1.43030403e+00
  9.99904934e-01  1.00864173e+00  9.92387293e-01  9.72306416e-01
  9.97519064e-01  9.60526711e-01  9.32597935e-01]
/lcrc/project/SPT3G/users/ac.yomori/repo/cosmosis-standard-library/structure/projection/projection_tools/kernel.py:178: RuntimeWarning: invalid value encountered in divide
  nchi_spline.y * (nchi_spline.x - chi)/nchi_spline.x, 0.)
/lcrc/project/SPT3G/users/ac.yomori/repo/cosmosis-standard-library/structure/projection/projection_tools/kernel.py:178: RuntimeWarning: divide by zero encountered in divide
  nchi_spline.y * (nchi_spline.x - chi)/nchi_spline.x, 0.)
Pipeline failed on these parameters: [ 1.00711774e+00  8.79138291e-01  2.11391931e-02  6.22684562e-02
  7.50713666e-01  3.88805122e-01  7.44465305e+00 -1.37489632e-04
 -1.53462668e-02 -2.84023709e-02 -2.36701334e-02  3.76340496e-02
  3.45553327e-03  3.22723757e-03 -1.25351290e-02 -2.17228059e-02
 -2.98660904e-02 -6.79865716e-03 -9.68340784e-03  9.17262813e-01
  1.38299947e+00  8.01772263e-01  8.93305244e-01  1.49346695e+00
  1.42591416e+00  2.91373253e+00  1.66216093e+00  3.86331709e+00
  1.31247463e+00 -3.64954262e+00  1.20886605e+00  1.43144951e+00
  9.99899348e-01  1.00864602e+00  9.92452616e-01  9.72306138e-01
  9.97515859e-01  9.60526833e-01  9.32596039e-01]
Pipeline failed on these parameters: [ 1.05160693e+00  8.78272488e-01  2.05321682e-02  6.33231961e-02
  7.53636726e-01  3.79509490e-01  7.45232021e+00  2.06699203e-03
 -1.87116421e-02 -2.96403804e-02 -4.21279659e-02  2.49268900e-02
  3.41947155e-03  1.90338443e-03 -1.23767208e-02 -2.69904441e-02
 -2.94369231e-02 -6.73258952e-03 -9.23552526e-03  9.14514922e-01
  1.37251714e+00  8.02265233e-01  8.88878221e-01  1.49955758e+00
  1.35577482e+00  2.91163405e+00  1.62360341e+00  3.73037720e+00
  1.40388103e+00 -3.96467501e+00  1.28120422e+00  1.47795852e+00
  9.98739705e-01  1.01105554e+00  9.68399118e-01  9.75714618e-01
  1.00250545e+00  9.72795642e-01  9.36900474e-01]
Pipeline failed on these parameters: [ 1.04817387e+00  8.78076217e-01  2.05847549e-02  6.35153858e-02
  7.53570917e-01  3.79884683e-01  7.45065736e+00  1.79805296e-03
 -1.87436124e-02 -2.96386070e-02 -4.20170200e-02  2.55811437e-02
  3.39243651e-03  1.98668725e-03 -1.24551847e-02 -2.65693558e-02
 -2.93979725e-02 -6.73623184e-03 -9.27601640e-03  9.14333330e-01
  1.37341390e+00  8.02220608e-01  8.88980532e-01  1.49682288e+00
  1.36111774e+00  2.91205416e+00  1.62915163e+00  3.72614311e+00
  1.39987633e+00 -3.92361570e+00  1.27826782e+00  1.47617400e+00
  9.98746079e-01  1.01105006e+00  9.68200657e-01  9.75726972e-01
  1.00252357e+00  9.72963789e-01  9.36801848e-01]
Pipeline failed on these parameters: [ 9.22178720e-01  1.07831683e+00  2.00968014e-02  5.23998631e-02
  7.99319114e-01  4.35560896e-01  7.96454935e+00 -1.40681396e-02
 -1.22309227e-02 -2.42358563e-02 -3.98006394e-02 -1.72331394e-02
 -1.22560194e-02 -2.46972688e-03  1.63243462e-03 -5.98632699e-03
 -2.89781620e-02 -7.31869525e-03 -7.86781094e-03  9.54932086e-01
  1.32152643e+00  8.55441572e-01  8.27516223e-01  2.79961970e+00
  1.57131009e+00  1.83957881e+00  2.17551105e+00  1.95911487e-01
 -4.02994268e+00 -2.06796191e+00 -1.23365107e-01  5.88410061e-01
  1.00168345e+00  1.01410958e+00  9.73118601e-01  9.74285318e-01
  1.00304901e+00  9.67664858e-01  9.80227539e-01]
Pipeline failed on these parameters: [ 9.05775622e-01  1.07581352e+00  2.00226133e-02  5.43232268e-02
  8.00510382e-01  4.36810491e-01  7.96312823e+00 -1.41361553e-02
 -1.27919119e-02 -2.41324631e-02 -3.95911077e-02 -1.77965519e-02
 -1.22397835e-02 -2.41559362e-03  1.77074616e-03 -6.11732426e-03
 -2.86541373e-02 -7.55319318e-03 -7.97277382e-03  9.53985912e-01
  1.31998265e+00  8.55773557e-01  8.32959051e-01  2.77910487e+00
  1.57572304e+00  1.81654104e+00  2.16337255e+00  1.74329877e-01
 -3.95984907e+00 -1.93574348e+00 -1.54834832e-01  5.97701626e-01
  1.00170031e+00  1.01387517e+00  9.73404618e-01  9.74272734e-01
  1.00290195e+00  9.67587815e-01  9.80284014e-01]
Pipeline failed on these parameters: [ 8.79939513e-01  9.30575888e-01  2.28706631e-02  5.74526926e-02
  7.67371408e-01  4.34276329e-01  7.66757756e+00 -2.21461491e-03
 -1.13005777e-02 -3.68658969e-02 -3.19162799e-02  5.64840927e-03
  1.30734050e-02 -5.29609465e-03 -8.83989785e-03 -5.37257962e-03
 -3.22820795e-02 -1.33619620e-02 -9.77392687e-03  1.05250505e+00
  1.17536401e+00  8.39580779e-01  9.12435499e-01  2.00073105e+00
  1.32983288e+00  2.73968013e+00  1.79304246e+00  2.02946542e+00
 -2.31404630e+00 -2.16531428e+00  4.90782632e+00  9.78040622e-01
  9.95723792e-01  1.00879062e+00  9.84238705e-01  9.74035681e-01
  1.00078606e+00  9.64292074e-01  9.63577847e-01]
/lcrc/project/SPT3G/users/ac.yomori/repo/cosmosis-standard-library/shear/cl_to_xi_fullsky/cl_to_xi.py:38: RuntimeWarning: divide by zero encountered in log
  spec = -np.exp(self.interp_func(np.log(angle)))
Pipeline failed on these parameters: [ 8.80778191e-01  8.81945806e-01  1.92892242e-02  5.63714512e-02
  7.56901751e-01  3.82541963e-01  7.80276562e+00 -8.31190680e-03
 -3.43104272e-02 -2.81358278e-02 -3.39843608e-02  5.77046645e-03
  1.61407015e-02 -3.29198637e-03 -1.16691007e-02 -1.70318738e-02
 -2.86480110e-02  3.67502272e-03 -8.09235348e-03  9.04990974e-01
  1.24071793e+00  8.05720630e-01  8.97084566e-01  1.01482622e+00
  2.06564912e+00  2.61837240e+00  1.11357367e+00  3.35279698e+00
 -2.22596889e+00  3.90113329e+00 -1.73517454e+00  1.09580234e+00
  1.00323301e+00  1.00903663e+00  9.83064421e-01  9.71910916e-01
  9.97858851e-01  9.49538831e-01  9.66960985e-01]
Pipeline failed on these parameters: [ 8.44765409e-01  1.03588943e+00  1.97852183e-02  5.11028284e-02
  7.98895644e-01  4.65711822e-01  7.43605062e+00  7.71565053e-03
 -2.20016667e-02 -1.80174703e-02 -3.45859616e-02  2.24203939e-02
 -4.15964550e-02 -1.30703161e-02 -1.29156121e-02 -1.92924871e-02
 -2.25017494e-02 -1.00575972e-02 -2.71799157e-03  1.01404279e+00
  1.26273171e+00  8.11547720e-01  9.89445470e-01  2.67295055e+00
  2.07779642e+00  1.68048834e+00  2.72738339e+00  3.92900416e+00
  1.66264509e+00 -2.79048850e+00 -4.81819325e+00  3.14373357e-01
  1.00054845e+00  1.00694320e+00  9.97193587e-01  9.75783530e-01
  1.00009609e+00  9.69572495e-01  9.34358485e-01]
Pipeline failed on these parameters: [ 8.79480274e-01  9.46656455e-01  2.39477042e-02  5.17587887e-02
  7.59937092e-01  4.07879639e-01  7.47731848e+00 -1.35351203e-02
 -2.96250277e-02 -1.77398168e-02 -3.43642204e-02 -1.10584265e-02
 -2.48204348e-02  1.00023104e-02  1.70322927e-02 -1.69592227e-03
 -3.29613299e-02 -5.00547047e-03 -1.36284290e-02  1.01619964e+00
  1.27196271e+00  8.51279905e-01  8.38997026e-01  1.93197384e+00
  2.19070705e+00  2.78984282e+00  2.06008326e+00 -6.13418028e-01
  1.55718364e+00 -3.59418471e+00 -3.52446458e+00  1.32764980e+00
  9.96652882e-01  1.00661567e+00  9.53211657e-01  9.72326500e-01
  1.00044291e+00  9.62300648e-01  9.29899054e-01]
/lcrc/project/SPT3G/users/ac.yomori/repo/cosmosis-standard-library/shear/cl_to_xi_fullsky/cl_to_xi.py:38: RuntimeWarning: divide by zero encountered in log
  spec = -np.exp(self.interp_func(np.log(angle)))
Pipeline failed on these parameters: [ 1.01833064e+00  9.18758442e-01  2.47102613e-02  5.89888702e-02
  7.82419235e-01  7.61298568e-02  7.98329385e+00 -3.44307197e-03
 -1.89682336e-02 -2.39039962e-02 -3.15851697e-02 -2.20197780e-02
  2.83425843e-02 -5.52227492e-03  2.19993860e-02  8.43451309e-03
 -2.76902336e-02 -8.42752828e-03 -6.02309361e-03  1.11804341e+00
  1.28741276e+00  8.96299561e-01  8.44339423e-01  1.69452663e+00
  2.15188154e+00  1.88761197e+00  2.55301733e+00 -1.38467620e+00
  4.43744372e+00  1.59235167e+00 -2.69898329e+00  1.28390233e+00
  1.00238016e+00  1.00758822e+00  9.59143210e-01  9.75032839e-01
  9.95726187e-01  9.52970885e-01  9.65192885e-01]
/lcrc/project/SPT3G/users/ac.yomori/repo/cosmosis-standard-library/shear/cl_to_xi_fullsky/cl_to_xi.py:38: RuntimeWarning: divide by zero encountered in log
  spec = -np.exp(self.interp_func(np.log(angle)))
Pipeline failed on these parameters: [ 1.04265258e+00  9.13224497e-01  2.48775931e-02  6.22904177e-02
  7.88654279e-01  9.05973673e-02  7.97788431e+00 -6.72108374e-04
 -1.53192517e-02 -1.78407756e-02 -4.51813237e-02 -2.37183484e-02
  2.58308782e-02 -5.22635051e-03  2.33777927e-02  5.11554415e-03
 -2.94432622e-02 -8.74242562e-03 -5.40048690e-03  1.08397065e+00
  1.29438098e+00  8.97170218e-01  8.56670690e-01  1.82885258e+00
  2.05657820e+00  1.87523218e+00  2.62143559e+00 -1.55191834e+00
  3.88849521e+00  1.37820897e+00 -3.25163273e+00  1.29638858e+00
  9.99512983e-01  1.01303270e+00  9.59576645e-01  9.75818607e-01
  1.00107548e+00  9.68993369e-01  9.28651438e-01]
Pipeline failed on these parameters: [ 1.10775658e+00  8.77848962e-01  2.48182051e-02  7.47380640e-02
  7.78685880e-01  5.96020693e-01  7.53179436e+00  1.22461664e-04
 -3.00952999e-02 -3.32455204e-02 -3.86261342e-02 -4.61893986e-03
  2.91319172e-02 -9.36082366e-03  2.23565213e-03 -1.34311687e-02
 -1.38339860e-02  2.48761921e-03 -6.21701057e-03  1.00587038e+00
  1.19501555e+00  8.39312600e-01  1.00750408e+00  2.64419468e+00
  1.51354028e+00  1.60570976e+00  2.14389858e+00  1.99523185e+00
  7.17414730e-01 -1.67697730e+00 -4.91776181e+00  2.19180642e-01
  9.98219807e-01  1.00711834e+00  9.53552801e-01  9.70791936e-01
  1.00076997e+00  9.59735804e-01  9.45761202e-01]
Pipeline failed on these parameters: [ 1.01217536e+00  9.17615044e-01  2.48134205e-02  6.08675984e-02
  7.86331520e-01  7.94032610e-02  7.97956418e+00 -3.55118862e-04
 -1.53381425e-02 -1.71270698e-02 -4.57568188e-02 -2.17974147e-02
  2.60839458e-02 -4.77571020e-03  2.18876342e-02  9.10954934e-03
 -2.91518706e-02 -8.46624074e-03 -5.18618643e-03  1.07198074e+00
  1.28865915e+00  8.97374718e-01  8.45354653e-01  1.83574515e+00
  2.04537458e+00  1.88952311e+00  2.59190429e+00 -1.65758579e+00
  3.77357271e+00  1.45502590e+00 -3.06903699e+00  1.26734792e+00
  9.99479837e-01  1.01328888e+00  9.59795724e-01  9.75850856e-01
  1.00112487e+00  9.69421754e-01  9.27763217e-01]
Pipeline failed on these parameters: [ 1.10382447e+00  8.77294858e-01  2.47970035e-02  7.49698085e-02
  7.78772758e-01  5.94706980e-01  7.52484141e+00  1.35821733e-04
 -3.01864812e-02 -3.35275787e-02 -3.86294777e-02 -4.75075900e-03
  2.89843267e-02 -9.21979183e-03  2.29303810e-03 -1.35547734e-02
 -1.38796526e-02  2.45245127e-03 -6.16686400e-03  1.00728458e+00
  1.19771655e+00  8.38808553e-01  1.00541399e+00  2.65146787e+00
  1.51570031e+00  1.60217198e+00  2.14677623e+00  1.93729550e+00
  7.52333602e-01 -1.65871753e+00 -4.92954588e+00  2.20435735e-01
  9.98213162e-01  1.00711031e+00  9.53450038e-01  9.70824302e-01
  1.00073937e+00  9.59824287e-01  9.45643944e-01]
/lcrc/project/SPT3G/users/ac.yomori/repo/cosmosis-standard-library/shear/cl_to_xi_fullsky/cl_to_xi.py:38: RuntimeWarning: divide by zero encountered in log
  spec = -np.exp(self.interp_func(np.log(angle)))
Pipeline failed on these parameters: [ 1.06034378e+00  8.80835363e-01  2.48019116e-02  6.33596016e-02
  7.94287486e-01  5.76796333e-01  7.47142140e+00 -3.31040409e-03
 -2.38147179e-02 -2.01889752e-02 -4.28907599e-02 -6.37946013e-03
  2.57786225e-02 -5.66367328e-03  7.69995685e-04 -1.49269962e-02
 -2.53994267e-03  1.22290713e-03 -7.22825088e-03  1.02410397e+00
  1.20094937e+00  8.36884729e-01  1.02187167e+00  2.72532402e+00
  1.32212458e+00  1.35555734e+00  2.17369419e+00  2.10126343e+00
  8.98278278e-01 -1.37669058e+00 -4.43884231e+00  2.68625944e-01
  9.99384113e-01  1.00710036e+00  9.53629830e-01  9.73372916e-01
  1.00031992e+00  9.69550253e-01  9.62751667e-01]
Pipeline failed on these parameters: [ 1.07677013e+00  8.76168330e-01  2.47176267e-02  7.26267735e-02
  7.83413943e-01  5.84728076e-01  7.48352165e+00 -3.45288613e-03
 -2.37782660e-02 -2.00686237e-02 -4.43637177e-02 -5.70687747e-03
  2.74856803e-02 -7.66213620e-03  2.08665938e-03 -1.44198283e-02
 -1.26837169e-02  1.95842869e-03 -6.27263030e-03  1.01747538e+00
  1.20806836e+00  8.36321301e-01  1.00146008e+00  2.69968476e+00
  1.47014658e+00  1.52018428e+00  2.16521340e+00  1.76221401e+00
  9.25859627e-01 -1.51082664e+00 -4.83809410e+00  2.38603738e-01
  9.99238135e-01  1.00741077e+00  9.50974652e-01  9.73530650e-01
  1.00009292e+00  9.69884886e-01  9.63933321e-01]
Pipeline failed on these parameters: [ 1.00419550e+00  9.50786525e-01  1.94019027e-02  5.27351831e-02
  7.02274387e-01  3.44348906e-01  7.74636896e+00 -9.66722623e-03
 -9.40768519e-03 -1.83479612e-02 -4.15833666e-02  6.34600351e-03
  9.51152027e-03  9.24071733e-03  1.08774919e-02 -1.52116280e-02
 -2.36881005e-02 -6.81545091e-03 -4.00062527e-04  9.17054826e-01
  1.42532673e+00  8.72403715e-01  1.07570192e+00  1.35124472e+00
  1.53659404e+00  1.37144769e+00  1.28802419e+00  4.70037955e+00
 -3.68586519e+00 -3.04442423e+00 -5.31910792e-01  1.76523777e+00
  1.00096412e+00  1.00844825e+00  9.97568940e-01  9.71376867e-01
  9.99846593e-01  9.65883999e-01  9.26545150e-01]
Pipeline failed on these parameters: [ 8.39707142e-01  9.90309997e-01  1.94477772e-02  5.57081764e-02
  7.53153708e-01  5.23085365e-01  7.65122182e+00 -7.75945534e-03
 -1.21304213e-02 -2.26585643e-02 -4.13653365e-02  5.33686454e-02
  1.07287114e-02  3.87878873e-05 -1.42149941e-02 -8.40713197e-03
 -4.50155886e-02 -5.09026955e-03 -5.04756687e-04  9.15258220e-01
  1.27688544e+00  9.38482777e-01  8.91816847e-01  2.00283936e+00
  2.11278671e+00  2.49497795e+00  1.69805136e+00 -3.48198409e+00
  1.67802471e-01 -3.39453129e+00 -9.93161022e-01  7.92726175e-01
  1.00130749e+00  1.00863113e+00  9.56363107e-01  9.74965552e-01
  9.98558265e-01  9.63810394e-01  9.15331034e-01]
/lcrc/project/SPT3G/users/ac.yomori/repo/cosmosis-standard-library/structure/projection/projection_tools/kernel.py:178: RuntimeWarning: invalid value encountered in divide
  nchi_spline.y * (nchi_spline.x - chi)/nchi_spline.x, 0.)
/lcrc/project/SPT3G/users/ac.yomori/repo/cosmosis-standard-library/structure/projection/projection_tools/kernel.py:178: RuntimeWarning: divide by zero encountered in divide
  nchi_spline.y * (nchi_spline.x - chi)/nchi_spline.x, 0.)
Pipeline failed on these parameters: [ 1.00607513e+00  1.09741818e+00  2.57425281e-02  5.93209117e-02
  7.47770634e-01  3.46033636e-01  7.93780592e+00  1.37907369e-02
 -1.62514700e-02 -2.48835745e-02 -4.47623178e-02 -6.64500322e-03
  4.09898587e-03 -2.12691107e-02 -1.12415038e-02 -5.21726968e-03
 -2.96692760e-02 -1.11666737e-02 -1.39646141e-02  1.03452179e+00
  1.40639387e+00  9.10313627e-01  1.03255029e+00  2.05527718e+00
  1.01747248e+00  2.23431109e+00  1.22231211e+00  2.16975537e+00
 -2.09337372e+00 -8.74248842e-01  2.40230817e+00  2.45344980e-01
  9.99240725e-01  1.00684959e+00  9.90747390e-01  9.75029616e-01
  9.96323313e-01  9.60240765e-01  9.48409474e-01]
Pipeline failed on these parameters: [ 1.10899772e+00  1.00350966e+00  2.01205019e-02  6.44669404e-02
  7.19369570e-01  4.22317491e-01  7.99136993e+00 -1.01384056e-02
 -2.85338534e-02 -3.79741374e-02 -3.34487384e-02  2.40785100e-02
  9.89736749e-03  1.38553365e-03  9.71503853e-03 -2.21297281e-02
 -3.22424109e-02 -1.71035657e-02 -5.44012028e-03  9.83564272e-01
  1.32708650e+00  9.66397956e-01  9.86310073e-01  2.51920963e+00
  1.94392280e+00  1.77957321e+00  1.15177144e+00  4.05770645e-01
  4.61673224e+00 -1.52485369e+00 -3.35163729e+00  1.74543806e+00
  9.99592662e-01  1.00141479e+00  9.63679669e-01  9.71244411e-01
  9.97324984e-01  9.67400303e-01  9.41448516e-01]
Pipeline failed on these parameters: [ 1.16421575e+00  1.07621012e+00  2.39185924e-02  5.60171734e-02
  7.25981028e-01  3.29355288e-01  7.90181989e+00 -8.40914577e-03
 -1.51521833e-02 -2.64505611e-02 -3.31125643e-02 -8.63634887e-03
  3.67909699e-03 -1.42970321e-02 -1.17993490e-02 -7.98830423e-03
 -3.27928321e-02 -1.39824034e-02 -1.38614348e-02  1.10733288e+00
  1.40916775e+00  9.04025494e-01  9.82307845e-01  1.81584151e+00
  1.03885495e+00  2.07323663e+00  1.44656915e+00  3.68720585e+00
 -1.48321053e-01 -9.10349873e-01  2.66860925e-01  1.52828454e-01
  9.96225836e-01  1.00510955e+00  9.65182607e-01  9.73494445e-01
  1.00032139e+00  9.68063753e-01  9.68122655e-01]
Pipeline failed on these parameters: [ 1.11959302e+00  1.07065662e+00  2.41544211e-02  5.84615126e-02
  7.29556550e-01  3.23709769e-01  7.89378183e+00 -8.26837922e-03
 -1.49270055e-02 -2.63989407e-02 -3.34967336e-02 -8.48585350e-03
  3.63377228e-03 -1.50554341e-02 -9.91246554e-03 -7.56848729e-03
 -3.26006382e-02 -1.39429003e-02 -1.46228561e-02  1.08216414e+00
  1.40981431e+00  9.05042830e-01  9.79727557e-01  1.81782921e+00
  1.06795027e+00  2.08786355e+00  1.44023624e+00  3.37252636e+00
 -2.37678388e-01 -9.32081283e-01  5.85490089e-01  1.30254427e-01
  9.96237837e-01  1.00510394e+00  9.63859122e-01  9.73549637e-01
  1.00039279e+00  9.66660275e-01  9.67100155e-01]
Pipeline failed on these parameters: [ 1.07893611e+00  1.06559668e+00  2.43692907e-02  6.06886123e-02
  7.32814300e-01  3.18565993e-01  7.88645816e+00 -8.14053290e-03
 -1.47182476e-02 -2.63520003e-02 -3.38393186e-02 -8.34924816e-03
  3.59250467e-03 -1.58148344e-02 -8.29428981e-03 -7.18148244e-03
 -3.24248869e-02 -1.39072425e-02 -1.54430812e-02  1.06876137e+00
  1.41040780e+00  9.05980696e-01  9.77506910e-01  1.81964026e+00
  1.09445975e+00  2.10119050e+00  1.43446617e+00  3.08581386e+00
 -3.19094134e-01 -9.51881325e-01  8.75801246e-01  1.09686655e-01
  9.96248720e-01  1.00509882e+00  9.62607733e-01  9.73600051e-01
  1.00045830e+00  9.65466142e-01  9.66213854e-01]
Pipeline failed on these parameters: [ 1.26195055e+00  1.02377242e+00  2.45781661e-02  5.93180961e-02
  6.72438882e-01  3.77952045e-01  7.40673741e+00 -5.49138225e-03
 -2.22842773e-02 -1.03970911e-02 -4.12813963e-02  2.28783334e-02
 -4.37666181e-03 -4.39752673e-03  2.38571482e-02 -3.25827113e-03
 -4.02452070e-02 -3.92057443e-03  3.81484724e-03  9.99364792e-01
  1.36717588e+00  9.23217573e-01  9.31275002e-01  2.03759545e+00
  1.48353650e+00  2.34278735e+00  1.83504147e+00  8.48873940e-01
  2.83610047e+00 -1.32624797e+00  3.80234309e+00  1.82319708e+00
  9.99382541e-01  1.00964464e+00  9.38861985e-01  9.72380787e-01
  1.00118307e+00  9.55882727e-01  9.65148352e-01]
Pipeline failed on these parameters: [ 1.27919346e+00  1.03293308e+00  2.46443156e-02  6.83764387e-02
  6.70550913e-01  3.56143148e-01  7.35171658e+00  8.82928248e-03
 -2.22207990e-02 -1.76952707e-02 -4.01401102e-02  1.90113600e-02
  5.51939370e-04 -6.34218567e-03  1.04763368e-02 -9.06153683e-04
 -4.11611326e-02 -3.58450976e-03  9.75004881e-04  9.98808820e-01
  1.40888992e+00  9.26026072e-01  9.33367452e-01  1.75936238e+00
  1.30298843e+00  2.57924698e+00  1.89949350e+00  1.56455725e+00
  1.46280281e+00 -8.90128756e-01  3.90593442e+00  1.84517563e+00
  1.00316929e+00  1.01108381e+00  9.58345463e-01  9.71800431e-01
  9.98924677e-01  9.72378931e-01  9.51892180e-01]
Pipeline failed on these parameters: [ 1.24974521e+00  1.02705014e+00  2.49853311e-02  5.84106566e-02
  6.63813060e-01  3.33634477e-01  7.35982037e+00  1.23169729e-03
 -2.35621268e-02 -2.90371657e-02 -2.60159244e-02  2.46408383e-02
 -6.79770816e-05 -6.16622377e-03  1.48364134e-02 -1.51783116e-03
 -3.82562377e-02 -2.78735447e-03  2.22242761e-03  1.00156354e+00
  1.41569204e+00  9.39824187e-01  9.24958916e-01  1.90465385e+00
  1.39687772e+00  2.56664288e+00  1.82537582e+00  1.73143980e+00
  1.89881280e+00 -1.41284685e+00  3.29469544e+00  1.92835055e+00
  9.99236890e-01  1.00904545e+00  1.01270182e+00  9.70453613e-01
  9.97341323e-01  9.72344271e-01  9.33535234e-01]
Pipeline failed on these parameters: [ 1.24269441e+00  1.02771200e+00  2.48981639e-02  6.12632453e-02
  6.65562309e-01  3.34289280e-01  7.35808818e+00  1.27822133e-03
 -2.28161229e-02 -2.89151595e-02 -2.58987676e-02  2.41847261e-02
 -4.60879752e-05 -5.90828115e-03  1.45806001e-02 -1.77529009e-03
 -3.89282433e-02 -2.86715082e-03  2.06615545e-03  1.00117890e+00
  1.41047668e+00  9.36651276e-01  9.27758476e-01  1.90430847e+00
  1.39575109e+00  2.56754411e+00  1.83103548e+00  1.62273683e+00
  2.02084920e+00 -1.22393929e+00  3.38799949e+00  1.90855218e+00
  9.99279217e-01  1.00904925e+00  1.01552796e+00  9.70362017e-01
  9.97243854e-01  9.73838623e-01  9.33522332e-01]
Pipeline failed on these parameters: [ 1.23291389e+00  1.02863010e+00  2.47772501e-02  6.52202120e-02
  6.67988778e-01  3.35197589e-01  7.35568536e+00  1.34308711e-03
 -2.18237814e-02 -2.87479409e-02 -2.57317929e-02  2.35766376e-02
 -1.57246673e-05 -5.55574320e-03  1.42311165e-02 -2.11703680e-03
 -3.98859863e-02 -2.97722231e-03  1.85906893e-03  1.00064701e+00
  1.40374409e+00  9.32597817e-01  9.31693141e-01  1.90382939e+00
  1.39418829e+00  2.56879426e+00  1.83888626e+00  1.47194958e+00
  2.19013190e+00 -9.61896274e-01  3.51742615e+00  1.88108888e+00
  9.99337962e-01  1.00905453e+00  1.02085707e+00  9.70229270e-01
  9.97101222e-01  9.76767988e-01  9.33504421e-01]
Pipeline failed on these parameters: [ 1.24880525e+00  8.73857141e-01  2.32299976e-02  7.06717370e-02
  7.60667590e-01  2.12929882e-01  7.90626247e+00  1.50713211e-04
 -2.28285871e-02 -3.25361858e-02 -3.11260765e-02  1.23831350e-03
 -2.15650300e-03 -7.74558122e-03 -3.96371434e-03 -4.43868650e-03
 -2.71262543e-02 -8.21695465e-04  3.60247772e-03  9.40607806e-01
  1.53886100e+00  8.48198982e-01  1.01030364e+00  1.11642040e+00
  2.95673016e+00  1.02321844e+00  1.94700610e+00 -4.69938109e-01
  4.62281143e+00  3.89924967e+00  3.63026686e-01  9.88816429e-01
  9.98224940e-01  1.00693696e+00  1.03019837e+00  9.71933980e-01
  9.97795929e-01  9.64931138e-01  9.78270171e-01]
Pipeline failed on these parameters: [ 1.24914023e+00  8.73366506e-01  2.32274471e-02  7.09090442e-02
  7.60453016e-01  2.12828007e-01  7.90302242e+00  8.46624536e-05
 -2.28221211e-02 -3.25219540e-02 -3.11113740e-02  1.21626764e-03
 -2.14941613e-03 -7.74871155e-03 -3.92552524e-03 -4.42331855e-03
 -2.70757848e-02 -8.12467712e-04  3.69814409e-03  9.40806937e-01
  1.53287380e+00  8.48346830e-01  1.01113623e+00  1.11766712e+00
  2.95753714e+00  1.02641113e+00  1.94937856e+00 -4.60282353e-01
  4.61873970e+00  3.89759318e+00  3.82124383e-01  9.83532140e-01
  9.98219674e-01  1.00693620e+00  1.02941000e+00  9.71940645e-01
  9.97797384e-01  9.64943068e-01  9.78130371e-01]
Pipeline failed on these parameters: [ 1.24988909e+00  8.72269692e-01  2.32217455e-02  7.14395439e-02
  7.59973338e-01  2.12600265e-01  7.89577929e+00 -6.17936233e-05
 -2.28076737e-02 -3.24902454e-02 -3.10784280e-02  1.16699072e-03
 -2.13357519e-03 -7.75571167e-03 -3.84022487e-03 -4.38888343e-03
 -2.69623518e-02 -7.91803167e-04  3.92242634e-03  9.41250827e-01
  1.52213226e+00  8.48676761e-01  1.01309286e+00  1.12045415e+00
  2.95934114e+00  1.03354838e+00  1.95468219e+00 -4.38696931e-01
  4.60963734e+00  3.89389011e+00  4.24817245e-01  9.71719123e-01
  9.98207890e-01  1.00693449e+00  1.02784866e+00  9.71955518e-01
  9.97800634e-01  9.64969752e-01  9.77823800e-01]
Pipeline failed on these parameters: [ 1.21447740e+00  1.02420604e+00  2.48805777e-02  6.34681169e-02
  6.76535578e-01  3.56017100e-01  7.36703289e+00 -7.20254436e-03
 -1.39619758e-02 -2.92028793e-02 -3.89572709e-02  2.02858432e-02
  3.30247835e-04 -4.09927650e-03  1.34081298e-02 -3.84164843e-03
 -3.92166551e-02 -2.71677979e-03  7.15312916e-03  9.97877680e-01
  1.41344071e+00  9.35957575e-01  9.28810463e-01  2.01366705e+00
  1.46502374e+00  2.62436093e+00  1.91193477e+00  9.44897820e-01
  2.15340700e+00 -5.13549025e-01  3.73986128e+00  1.87290346e+00
  1.00128452e+00  1.00085058e+00  9.83313414e-01  9.74813801e-01
  9.98832029e-01  9.66971984e-01  9.67755672e-01]
Pipeline failed on these parameters: [ 1.18509731e+00  1.02531569e+00  2.48032029e-02  6.25360093e-02
  6.60089389e-01  3.45559927e-01  7.37579061e+00 -1.31776659e-02
 -3.19517953e-02 -4.09387950e-02 -4.03868908e-02  2.19615012e-02
 -5.15288180e-04 -7.01740561e-03  1.61652467e-02 -2.59348611e-03
 -3.88036021e-02 -2.89179470e-03  1.54756451e-03  9.97079787e-01
  1.40661983e+00  9.31875509e-01  9.42764185e-01  1.96687398e+00
  1.37430238e+00  2.53470452e+00  1.94247498e+00  1.45562968e+00
  2.19738866e+00 -8.49186733e-01  3.73891994e+00  1.86137368e+00
  9.98345408e-01  1.00812201e+00  9.94918768e-01  9.75814183e-01
  9.99747655e-01  9.66197153e-01  9.44062947e-01]
Pipeline failed on these parameters: [ 1.13042665e+00  9.39655601e-01  2.25162636e-02  5.89131717e-02
  6.99407260e-01  9.43655329e-02  7.53154003e+00 -1.90116117e-03
 -2.35416311e-02 -1.81316347e-02 -4.26839257e-02 -1.01480316e-03
 -7.50595779e-03  2.50929167e-03  3.19055095e-02  2.90872567e-03
 -4.25670337e-02  7.19075000e-03 -1.68361788e-02  9.93530676e-01
  1.36913815e+00  8.32286640e-01  9.25776524e-01  8.58228942e-01
  2.04423616e+00  2.40112453e+00  9.88741512e-01  3.42008785e+00
  2.64230143e+00  2.63382814e+00 -1.24320585e+00  2.72836654e-01
  1.00169626e+00  1.01122291e+00  9.95889914e-01  9.70271621e-01
  9.97623771e-01  9.60400784e-01  9.38921637e-01]
Pipeline failed on these parameters: [ 1.13083323e+00  9.36298303e-01  2.24747632e-02  5.95516802e-02
  6.96747743e-01  9.56879877e-02  7.53899557e+00 -1.38259840e-03
 -2.32625856e-02 -1.79863530e-02 -4.25645530e-02 -1.70042202e-03
 -7.79198808e-03  2.72982567e-03  3.03572420e-02  1.80903029e-03
 -4.24441309e-02  5.73363791e-03 -1.65398459e-02  9.92468024e-01
  1.37079526e+00  8.32095391e-01  9.24847412e-01  8.46091756e-01
  2.04781394e+00  2.42981587e+00  9.71540384e-01  3.51678680e+00
  2.61156575e+00  2.72168269e+00 -1.21639034e+00  2.75633119e-01
  1.00180800e+00  1.01114285e+00  9.97344063e-01  9.70244467e-01
  9.97575626e-01  9.60361828e-01  9.38741605e-01]
/lcrc/project/SPT3G/users/ac.yomori/repo/cosmosis-standard-library/shear/cl_to_xi_fullsky/cl_to_xi.py:38: RuntimeWarning: divide by zero encountered in log
  spec = -np.exp(self.interp_func(np.log(angle)))
Pipeline failed on these parameters: [ 8.65643323e-01  1.02965223e+00  2.59593834e-02  5.14045891e-02
  7.73523226e-01  1.05806533e-01  7.61756821e+00 -8.61764421e-03
 -2.77129390e-02 -3.68440269e-02 -3.85857908e-02 -2.34550303e-02
 -6.64523635e-03  1.98999552e-02 -1.17382289e-02 -1.15853702e-02
 -4.63937560e-02 -1.70193749e-02 -1.08224580e-02  1.00445303e+00
  1.18556174e+00  9.27317721e-01  9.29677084e-01  1.04058642e+00
  2.08678037e+00  2.94614928e+00  1.74148845e+00 -3.21018246e+00
  1.08724552e+00  4.83019067e+00 -1.33723148e+00  7.91582285e-01
  1.00142513e+00  1.00445342e+00  9.58196062e-01  9.75893629e-01
  1.00275451e+00  9.59659920e-01  9.41902778e-01]
Pipeline failed on these parameters: [ 1.23089845e+00  1.00084446e+00  2.59190336e-02  6.79842287e-02
  7.23450407e-01  4.43109379e-01  7.41016370e+00 -2.18384992e-02
 -2.66180395e-02 -2.05021859e-02 -3.56205039e-02  3.19265231e-03
  7.99161923e-03 -2.31773536e-03 -1.67685868e-03 -6.64657767e-03
 -2.90001045e-02 -9.62921042e-03  8.72516983e-04  1.06212451e+00
  1.34898751e+00  9.21880086e-01  8.81076259e-01  9.05767270e-01
  1.61700526e+00  2.93890993e+00  1.51992356e+00 -8.26165273e-01
 -2.66656419e+00 -4.12237204e+00  2.70451639e+00  6.85337829e-01
  9.95573013e-01  1.00126231e+00  9.84138365e-01  9.68954868e-01
  9.96540829e-01  9.63695512e-01  9.48152221e-01]
Pipeline failed on these parameters: [ 9.63776212e-01  1.07138974e+00  2.26963875e-02  6.03036085e-02
  7.30061378e-01  5.82428471e-01  7.64817349e+00 -1.10073578e-02
 -2.83486075e-02 -3.17195919e-02 -3.14432336e-02  1.60842763e-02
 -9.13872469e-03 -4.96557037e-03  3.14056657e-02 -1.15509793e-02
 -3.59519601e-02 -1.94810232e-03 -3.63904192e-03  1.05788881e+00
  1.23081394e+00  8.57749227e-01  9.19116676e-01  2.13889045e+00
  1.21512912e+00  2.08368189e+00  2.22893294e+00 -9.27923808e-01
 -4.39804602e+00  4.29114393e+00 -1.14545547e-01  1.58890316e+00
  9.97921476e-01  1.01111589e+00  9.66081031e-01  9.74545208e-01
  1.00139728e+00  9.59997456e-01  9.50190587e-01]
/lcrc/project/SPT3G/users/ac.yomori/repo/cosmosis-standard-library/shear/cl_to_xi_fullsky/cl_to_xi.py:38: RuntimeWarning: divide by zero encountered in log
  spec = -np.exp(self.interp_func(np.log(angle)))
/lcrc/project/SPT3G/users/ac.yomori/repo/cosmosis-standard-library/shear/cl_to_xi_fullsky/cl_to_xi.py:38: RuntimeWarning: divide by zero encountered in log
  spec = -np.exp(self.interp_func(np.log(angle)))
/lcrc/project/SPT3G/users/ac.yomori/repo/cosmosis-standard-library/shear/cl_to_xi_fullsky/cl_to_xi.py:38: RuntimeWarning: divide by zero encountered in log
  spec = -np.exp(self.interp_func(np.log(angle)))
Pipeline failed on these parameters: [ 1.15677265e+00  9.62869180e-01  2.20800858e-02  5.14699195e-02
  8.12116608e-01  2.74958028e-01  7.72191752e+00 -6.95708295e-04
 -2.28351570e-02 -2.06271050e-02 -4.47075049e-02 -1.01623653e-02
  3.06088874e-02  3.98842654e-03 -1.33619888e-02 -5.83344387e-03
 -3.18821472e-02 -6.83483459e-03 -4.13447180e-03  9.62014931e-01
  1.34109826e+00  8.18227172e-01  8.53284811e-01  9.91355656e-01
  1.77243875e+00  1.42050138e+00  1.76178842e+00 -2.11322439e+00
  3.79942219e+00 -1.01629624e+00  2.95166356e+00  1.76386338e+00
  1.00094393e+00  1.00238442e+00  9.60716457e-01  9.71802024e-01
  9.99118184e-01  9.71698182e-01  9.40960698e-01]
mpirun: Forwarding signal 18 to job
slurmstepd: error: *** JOB 588884 ON xover-0001 CANCELLED AT 2026-07-22T18:02:19 ***
