Your shell is now configured to build the CosmoSIS standard library
Reading included ini file: examples/des-y3-maglim-scale-cuts.ini
Setting up pipeline from parameter file /lcrc/project/SPT3G/users/ac.yomori/repo/prestage/spt_candl_data/cosmosis/examples/SPT3G_D1_KK/desy3_3x2pt_gmv_maglim/des-y3-gmv-maglim.ini
-----------------------------------------------------------------------------------------------------------------------------------------------------------------------------------

Setting up module consistency
------------------------------

Setting up module bbn_consistency
----------------------------------

Setting up module s8_to_sigma8
-------------------------------

Setting up module camb
-----------------------

Setting up module as_to_log1e10as
----------------------------------

Setting up module fast_pt
--------------------------
You have asked for quantities from FAST-PT. FAST-PT will be run.

Setting up module fits_nz
--------------------------
Loading number density data from likelihood/des-y3/2pt_NG_final_2ptunblind_02_26_21_wnz_maglim_covupdate_newbins.fits:
    Looking at FITS extension NZ_LENS:
        Found 6 bins
        Putting n(0) = 0 at the start of the n(z)
    Looking at FITS extension NZ_SOURCE:
        Found 4 bins
        Putting n(0) = 0 at the start of the n(z)

Setting up module lens_photoz_width
------------------------------------

Setting up module lens_photoz_bias
-----------------------------------

Setting up module source_photoz_bias
-------------------------------------

Setting up module IA
---------------------

Setting up module pk_to_cl_gg
------------------------------
doing exact for option_name lingal-lingal
Calculating Limber: Kernel 1 = ('N', 'lens'), Kernel 2 = ('N', 'lens'), P_3D = MatterPower3D, section = matter_power_nl --> Output: galaxy_cl
Will project these spectra into 2D:
    -  galaxy_cl
Doing exact calculation for 33 ells
between 1.0 and 189.0

Setting up module pk_to_cl
---------------------------
Calculating Limber: Kernel 1 = ('W', 'source'), Kernel 2 = ('W', 'source'), P_3D = MatterPower3D, section = matter_power_nl --> Output: shear_cl
Calculating Limber: Kernel 1 = ('W', 'source'), Kernel 2 = ('N', 'source'), P_3D = MatterIntrinsicPower3D, section = matter_intrinsic_power --> Output: shear_cl_gi
Calculating Limber: Kernel 1 = ('N', 'source'), Kernel 2 = ('N', 'source'), P_3D = IntrinsicPower3D, section = intrinsic_power --> Output: shear_cl_ii
Calculating Limber: Kernel 1 = ('N', 'source'), Kernel 2 = ('N', 'source'), P_3D = IntrinsicBBPower3D, section = intrinsic_power_bb --> Output: shear_cl_bb
Calculating Limber: Kernel 1 = ('W', 'lens'), Kernel 2 = ('W', 'lens'), P_3D = MatterPower3D, section = matter_power_nl --> Output: magnification_cl
Calculating Limber: Kernel 1 = ('W', 'lens'), Kernel 2 = ('N', 'source'), P_3D = MatterIntrinsicPower3D, section = matter_intrinsic_power --> Output: magnification_intrinsic_cl
Calculating Limber: Kernel 1 = ('W', 'lens'), Kernel 2 = ('W', 'source'), P_3D = MatterPower3D, section = matter_power_nl --> Output: magnification_shear_cl
Calculating Limber: Kernel 1 = ('N', 'lens'), Kernel 2 = ('W', 'source'), P_3D = MatterPower3D, section = matter_power_nl --> Output: galaxy_shear_cl
Calculating Limber: Kernel 1 = ('N', 'lens'), Kernel 2 = ('W', 'lens'), P_3D = MatterPower3D, section = matter_power_nl --> Output: galaxy_magnification_cl
Calculating Limber: Kernel 1 = ('N', 'lens'), Kernel 2 = ('N', 'source'), P_3D = MatterIntrinsicPower3D, section = matter_intrinsic_power --> Output: galaxy_intrinsic_cl
Will project these spectra into 2D:
    -  shear_cl
    -  shear_cl_gi
    -  shear_cl_ii
    -  shear_cl_bb
    -  magnification_cl
    -  magnification_intrinsic_cl
    -  magnification_shear_cl
    -  galaxy_shear_cl
    -  galaxy_magnification_cl
    -  galaxy_intrinsic_cl

Setting up module add_magnification
------------------------------------

The add_magnification module will try to combine magnification terms into the following spectra:
galaxy-shear
galaxy-galaxy


Setting up module add_intrinsic
--------------------------------

The add_intrinsic module will try to combine IA terms into these spectra:
 - shear-shear.
 - position-shear.


Setting up module 2pt_shear
----------------------------
*** Reading in theta values from data file likelihood/des-y3/2pt_NG_final_2ptunblind_02_26_21_wnz_maglim_covupdate_newbins.fits ***
*** Using bin averaged Legendre coefficients ***
Note: we are assuming that the theta values for all bin pairs are the same. If this is not true, you need to modify cl_to_xi_interface
Computing coefficients to transform ('shear_cl', 'shear_cl_bb') -> ('shear_xi_plus', 'shear_xi_minus')
getting bin averaged leg factors for 22

Setting up module 2pt_gal
--------------------------
*** Reading in theta values from data file likelihood/des-y3/2pt_NG_final_2ptunblind_02_26_21_wnz_maglim_covupdate_newbins.fits ***
*** Using bin averaged Legendre coefficients ***
Note: we are assuming that the theta values for all bin pairs are the same. If this is not true, you need to modify cl_to_xi_interface
Computing coefficients to transform galaxy_cl -> galaxy_xi
getting bin averaged leg factors for 00

Setting up module 2pt_gal_shear
--------------------------------
*** Reading in theta values from data file likelihood/des-y3/2pt_NG_final_2ptunblind_02_26_21_wnz_maglim_covupdate_newbins.fits ***
*** Using bin averaged Legendre coefficients ***
Note: we are assuming that the theta values for all bin pairs are the same. If this is not true, you need to modify cl_to_xi_interface
Computing coefficients to transform galaxy_shear_cl -> galaxy_shear_xi
getting bin averaged leg factors for 02

Setting up module shear_m_bias
-------------------------------

The shear_m_bias module will use calibration values from shear_calibration_parameters and look for 
shear-shear spectra in ['shear_xi_plus', 'shear_xi_minus'] and position-shear in ['galaxy_shear_xi']
Currently this module will always use the same set of m values for each section

Setting up module add_point_mass
---------------------------------

Setting up module 2pt_like
---------------------------
Doing point-mass marginalization: True
Using sigma_crit_inv factors in pm-marg: True
Doing small-scale marginalization: False
Cutting xip bin pair (1,1) to angle range (2.475 - 999.0): this removes 0 values out of 20
Cutting xip bin pair (1,2) to angle range (6.21691892 - 999.0): this removes 4 values out of 20
Cutting xip bin pair (1,3) to angle range (6.21691892 - 999.0): this removes 4 values out of 20
Cutting xip bin pair (1,4) to angle range (4.93827423 - 999.0): this removes 3 values out of 20
Cutting xip bin pair (2,2) to angle range (6.21691892 - 999.0): this removes 4 values out of 20
Cutting xip bin pair (2,3) to angle range (6.21691892 - 999.0): this removes 4 values out of 20
Cutting xip bin pair (2,4) to angle range (6.21691892 - 999.0): this removes 4 values out of 20
Cutting xip bin pair (3,3) to angle range (6.21691892 - 999.0): this removes 4 values out of 20
Cutting xip bin pair (3,4) to angle range (6.21691892 - 999.0): this removes 4 values out of 20
Cutting xip bin pair (4,4) to angle range (4.93827423 - 999.0): this removes 3 values out of 20

Cutting xim bin pair (1,1) to angle range (24.75 - 999.0): this removes 10 values out of 20
Cutting xim bin pair (1,2) to angle range (62.16918918 - 999.0): this removes 14 values out of 20
Cutting xim bin pair (1,3) to angle range (62.16918918 - 999.0): this removes 14 values out of 20
Cutting xim bin pair (1,4) to angle range (49.3827423 - 999.0): this removes 13 values out of 20
Cutting xim bin pair (2,2) to angle range (62.16918918 - 999.0): this removes 14 values out of 20
Cutting xim bin pair (2,3) to angle range (78.26637209 - 999.0): this removes 15 values out of 20
Cutting xim bin pair (2,4) to angle range (78.26637209 - 999.0): this removes 15 values out of 20
Cutting xim bin pair (3,3) to angle range (78.26637209 - 999.0): this removes 15 values out of 20
Cutting xim bin pair (3,4) to angle range (78.26637209 - 999.0): this removes 15 values out of 20
Cutting xim bin pair (4,4) to angle range (62.16918918 - 999.0): this removes 14 values out of 20

Cutting gammat bin pair (1,1) to angle range (25.40688358 - 999.0): this removes 10 values out of 20
Cutting gammat bin pair (1,2) to angle range (25.40688358 - 999.0): this removes 10 values out of 20
Cutting gammat bin pair (1,3) to angle range (25.40688358 - 999.0): this removes 10 values out of 20
Cutting gammat bin pair (1,4) to angle range (25.40688358 - 999.0): this removes 10 values out of 20
Cutting gammat bin pair (2,1) to angle range (18.26006735 - 999.0): this removes 9 values out of 20
Cutting gammat bin pair (2,2) to angle range (18.26006735 - 999.0): this removes 9 values out of 20
Cutting gammat bin pair (2,3) to angle range (18.26006735 - 999.0): this removes 9 values out of 20
Cutting gammat bin pair (2,4) to angle range (18.26006735 - 999.0): this removes 9 values out of 20
Cutting gammat bin pair (3,1) to angle range (13.05578642 - 999.0): this removes 7 values out of 20
Cutting gammat bin pair (3,2) to angle range (13.05578642 - 999.0): this removes 7 values out of 20
Cutting gammat bin pair (3,3) to angle range (13.05578642 - 999.0): this removes 7 values out of 20
Cutting gammat bin pair (3,4) to angle range (13.05578642 - 999.0): this removes 7 values out of 20
Cutting gammat bin pair (4,1) to angle range (10.86591189 - 999.0): this removes 6 values out of 20
Cutting gammat bin pair (4,2) to angle range (10.86591189 - 999.0): this removes 6 values out of 20
Cutting gammat bin pair (4,3) to angle range (10.86591189 - 999.0): this removes 6 values out of 20
Cutting gammat bin pair (4,4) to angle range (10.86591189 - 999.0): this removes 6 values out of 20
Cutting gammat bin pair (5,1) to angle range (999.0 - 999.0): this removes 20 values out of 20
Cutting gammat bin pair (5,2) to angle range (999.0 - 999.0): this removes 20 values out of 20
Cutting gammat bin pair (5,3) to angle range (999.0 - 999.0): this removes 20 values out of 20
Cutting gammat bin pair (5,4) to angle range (999.0 - 999.0): this removes 20 values out of 20
Cutting gammat bin pair (6,1) to angle range (999.0 - 999.0): this removes 20 values out of 20
Cutting gammat bin pair (6,2) to angle range (999.0 - 999.0): this removes 20 values out of 20
Cutting gammat bin pair (6,3) to angle range (999.0 - 999.0): this removes 20 values out of 20
Cutting gammat bin pair (6,4) to angle range (999.0 - 999.0): this removes 20 values out of 20

Cutting wtheta bin pair (1,1) to angle range (33.8758448 - 999.0): this removes 11 values out of 20
Cutting wtheta bin pair (2,2) to angle range (24.3467565 - 999.0): this removes 10 values out of 20
Cutting wtheta bin pair (3,3) to angle range (17.40771522 - 999.0): this removes 8 values out of 20
Cutting wtheta bin pair (4,4) to angle range (14.48788252 - 999.0): this removes 8 values out of 20
Cutting wtheta bin pair (5,5) to angle range (999.0 - 999.0): this removes 20 values out of 20
Cutting wtheta bin pair (6,6) to angle range (999.0 - 999.0): this removes 20 values out of 20

Found these data sets in the file:
    - xip  166 data points after cuts   [using in likelihood]
    - xim  61 data points after cuts   [using in likelihood]
    - gammat  192 data points after cuts   [using in likelihood]
    - wtheta  43 data points after cuts   [using in likelihood]
Total data points used = 462
Original covariance log(det): SlogdetResult(sign=np.float64(1.0), logabsdet=np.float64(-12113.306412908034))
will get sigma_crit_inv factors from section sigma_crit_inv_lens_source
using sigma_crit_inv factors to retain shear-ratio info
setting up template matrix for pm-marginalization with shape: (4, 462)
**** WARNING: Parameter 'angle_range_wtheta_1_2' in the [2pt_like] section never used!

**** WARNING: Parameter 'angle_range_wtheta_1_3' in the [2pt_like] section never used!

**** WARNING: Parameter 'angle_range_wtheta_1_4' in the [2pt_like] section never used!

**** WARNING: Parameter 'angle_range_wtheta_1_5' in the [2pt_like] section never used!

**** WARNING: Parameter 'angle_range_wtheta_1_6' in the [2pt_like] section never used!

**** WARNING: Parameter 'angle_range_wtheta_2_3' in the [2pt_like] section never used!

**** WARNING: Parameter 'angle_range_wtheta_2_4' in the [2pt_like] section never used!

**** WARNING: Parameter 'angle_range_wtheta_2_5' in the [2pt_like] section never used!

**** WARNING: Parameter 'angle_range_wtheta_2_6' in the [2pt_like] section never used!

**** WARNING: Parameter 'angle_range_wtheta_3_4' in the [2pt_like] section never used!

**** WARNING: Parameter 'angle_range_wtheta_3_5' in the [2pt_like] section never used!

**** WARNING: Parameter 'angle_range_wtheta_3_6' in the [2pt_like] section never used!

**** WARNING: Parameter 'angle_range_wtheta_4_5' in the [2pt_like] section never used!

**** WARNING: Parameter 'angle_range_wtheta_4_6' in the [2pt_like] section never used!

**** WARNING: Parameter 'angle_range_wtheta_5_6' in the [2pt_like] section never used!

**** WARNING: Parameter 'include_norm' in the [2pt_like] section never used!

**** WARNING: Parameter 'make_covariance' in the [2pt_like] section never used!


Setting up module shear_ratio_like
-----------------------------------
9 4 3
Including -0.5*|C| normalization in shear_ratio likelihood where |C| = -72.97656263170983

Setting up module spt3g_d1_lensing
-----------------------------------
Successfully initialised candl likelihood 'SPT-3G D1 phiphi (Omori & Wu et al. 2026)' (type: <class 'candl.likelihood.LensLike'>).
Data loaded from '/lcrc/project/SPT3G/users/ac.yomori/repo/prestage/spt_candl_data/spt_candl_data/SPT3G_D1_KK_v0/GMV/'.
Functional likelihood form: gaussian
--------------------------------------------------------------------------------
It will analyse the following spectra:

Doing fast/slow parameter splitting

Analyzing pipeline to determine fast and slow parameters (because fast_slow=T in [pipeline] section)

Running pipeline once to make sure everything is initialized before timing.

Doing fast/slow parameter splitting

Analyzing pipeline to determine fast and slow parameters (because fast_slow=T in [pipeline] section)

Running pipeline once to make sure everything is initialized before timing.

Doing fast/slow parameter splitting

Analyzing pipeline to determine fast and slow parameters (because fast_slow=T in [pipeline] section)

Running pipeline once to make sure everything is initialized before timing.

Doing fast/slow parameter splitting

Analyzing pipeline to determine fast and slow parameters (because fast_slow=T in [pipeline] section)

Running pipeline once to make sure everything is initialized before timing.

Doing fast/slow parameter splitting

Analyzing pipeline to determine fast and slow parameters (because fast_slow=T in [pipeline] section)

Running pipeline once to make sure everything is initialized before timing.

Doing fast/slow parameter splitting

Analyzing pipeline to determine fast and slow parameters (because fast_slow=T in [pipeline] section)

Running pipeline once to make sure everything is initialized before timing.

Doing fast/slow parameter splitting

Analyzing pipeline to determine fast and slow parameters (because fast_slow=T in [pipeline] section)

Running pipeline once to make sure everything is initialized before timing.

Doing fast/slow parameter splitting

Analyzing pipeline to determine fast and slow parameters (because fast_slow=T in [pipeline] section)

Running pipeline once to make sure everything is initialized before timing.

Doing fast/slow parameter splitting

Analyzing pipeline to determine fast and slow parameters (because fast_slow=T in [pipeline] section)

Running pipeline once to make sure everything is initialized before timing.

Doing fast/slow parameter splitting

Analyzing pipeline to determine fast and slow parameters (because fast_slow=T in [pipeline] section)

Running pipeline once to make sure everything is initialized before timing.

Doing fast/slow parameter splitting

Analyzing pipeline to determine fast and slow parameters (because fast_slow=T in [pipeline] section)

Running pipeline once to make sure everything is initialized before timing.

Doing fast/slow parameter splitting

Analyzing pipeline to determine fast and slow parameters (because fast_slow=T in [pipeline] section)

Running pipeline once to make sure everything is initialized before timing.

Doing fast/slow parameter splitting

Analyzing pipeline to determine fast and slow parameters (because fast_slow=T in [pipeline] section)

Running pipeline once to make sure everything is initialized before timing.

Doing fast/slow parameter splitting

Analyzing pipeline to determine fast and slow parameters (because fast_slow=T in [pipeline] section)

Running pipeline once to make sure everything is initialized before timing.

Doing fast/slow parameter splitting

Analyzing pipeline to determine fast and slow parameters (because fast_slow=T in [pipeline] section)

Running pipeline once to make sure everything is initialized before timing.

Doing fast/slow parameter splitting

Analyzing pipeline to determine fast and slow parameters (because fast_slow=T in [pipeline] section)

Running pipeline once to make sure everything is initialized before timing.

Doing fast/slow parameter splitting

Analyzing pipeline to determine fast and slow parameters (because fast_slow=T in [pipeline] section)

Running pipeline once to make sure everything is initialized before timing.

Doing fast/slow parameter splitting

Analyzing pipeline to determine fast and slow parameters (because fast_slow=T in [pipeline] section)

Running pipeline once to make sure everything is initialized before timing.

Doing fast/slow parameter splitting

Analyzing pipeline to determine fast and slow parameters (because fast_slow=T in [pipeline] section)

Running pipeline once to make sure everything is initialized before timing.

Doing fast/slow parameter splitting

Analyzing pipeline to determine fast and slow parameters (because fast_slow=T in [pipeline] section)

Running pipeline once to make sure everything is initialized before timing.

Doing fast/slow parameter splitting

Analyzing pipeline to determine fast and slow parameters (because fast_slow=T in [pipeline] section)

Running pipeline once to make sure everything is initialized before timing.

Doing fast/slow parameter splitting

Analyzing pipeline to determine fast and slow parameters (because fast_slow=T in [pipeline] section)
Doing fast/slow parameter splitting

Running pipeline once to make sure everything is initialized before timing.


Analyzing pipeline to determine fast and slow parameters (because fast_slow=T in [pipeline] section)

Running pipeline once to make sure everything is initialized before timing.

Doing fast/slow parameter splitting

Analyzing pipeline to determine fast and slow parameters (because fast_slow=T in [pipeline] section)

Running pipeline once to make sure everything is initialized before timing.

Doing fast/slow parameter splitting

Analyzing pipeline to determine fast and slow parameters (because fast_slow=T in [pipeline] section)

Running pipeline once to make sure everything is initialized before timing.

Doing fast/slow parameter splitting

Analyzing pipeline to determine fast and slow parameters (because fast_slow=T in [pipeline] section)

Running pipeline once to make sure everything is initialized before timing.

Doing fast/slow parameter splitting

Analyzing pipeline to determine fast and slow parameters (because fast_slow=T in [pipeline] section)

Running pipeline once to make sure everything is initialized before timing.

Doing fast/slow parameter splitting

Analyzing pipeline to determine fast and slow parameters (because fast_slow=T in [pipeline] section)

Running pipeline once to make sure everything is initialized before timing.

Doing fast/slow parameter splitting

Analyzing pipeline to determine fast and slow parameters (because fast_slow=T in [pipeline] section)

Running pipeline once to make sure everything is initialized before timing.

Doing fast/slow parameter splitting

Analyzing pipeline to determine fast and slow parameters (because fast_slow=T in [pipeline] section)

Running pipeline once to make sure everything is initialized before timing.

Doing fast/slow parameter splitting

Analyzing pipeline to determine fast and slow parameters (because fast_slow=T in [pipeline] section)

Running pipeline once to make sure everything is initialized before timing.

Doing fast/slow parameter splitting

Analyzing pipeline to determine fast and slow parameters (because fast_slow=T in [pipeline] section)

Running pipeline once to make sure everything is initialized before timing.

Doing fast/slow parameter splitting

Analyzing pipeline to determine fast and slow parameters (because fast_slow=T in [pipeline] section)

Running pipeline once to make sure everything is initialized before timing.

Doing fast/slow parameter splitting

Analyzing pipeline to determine fast and slow parameters (because fast_slow=T in [pipeline] section)

Running pipeline once to make sure everything is initialized before timing.

Doing fast/slow parameter splitting

Analyzing pipeline to determine fast and slow parameters (because fast_slow=T in [pipeline] section)

Running pipeline once to make sure everything is initialized before timing.

Doing fast/slow parameter splitting

Analyzing pipeline to determine fast and slow parameters (because fast_slow=T in [pipeline] section)

Running pipeline once to make sure everything is initialized before timing.

Doing fast/slow parameter splitting

Analyzing pipeline to determine fast and slow parameters (because fast_slow=T in [pipeline] section)

Running pipeline once to make sure everything is initialized before timing.

Doing fast/slow parameter splitting

Analyzing pipeline to determine fast and slow parameters (because fast_slow=T in [pipeline] section)
Doing fast/slow parameter splitting

Analyzing pipeline to determine fast and slow parameters (because fast_slow=T in [pipeline] section)

Running pipeline once to make sure everything is initialized before timing.


Running pipeline once to make sure everything is initialized before timing.

Doing fast/slow parameter splitting

Analyzing pipeline to determine fast and slow parameters (because fast_slow=T in [pipeline] section)

Running pipeline once to make sure everything is initialized before timing.

kk           (17 bins, bin centres spanning ell = 37.6 - 2575.6)
--------------------------------------------------------------------------------
A data model consisting of 3 transformations has been initialised.
The following transformations will be applied to the theory spectra in this order:

(1) Name: 
    Type: <class 'spt_candl_data.transformations.KK_transformations.LensingSystematicsEmu'>
(2) Name: 
    Type: <class 'spt_candl_data.transformations.KK_transformations.Mll'>
(3) Name: 
    Type: <class 'spt_candl_data.transformations.KK_transformations.LensOnlyResponseCorrCMBliteBP'>
--------------------------------------------------------------------------------
No priors will be added to the likelihood in candl internally.

--------------------------------------------------------------------------------
Doing fast/slow parameter splitting

Analyzing pipeline to determine fast and slow parameters (because fast_slow=T in [pipeline] section)

Running pipeline once to make sure everything is initialized before timing.

Doing fast/slow parameter splitting
Doing fast/slow parameter splitting

Analyzing pipeline to determine fast and slow parameters (because fast_slow=T in [pipeline] section)

Running pipeline once to make sure everything is initialized before timing.


Analyzing pipeline to determine fast and slow parameters (because fast_slow=T in [pipeline] section)

Running pipeline once to make sure everything is initialized before timing.

Doing fast/slow parameter splitting

Analyzing pipeline to determine fast and slow parameters (because fast_slow=T in [pipeline] section)
Doing fast/slow parameter splitting

Running pipeline once to make sure everything is initialized before timing.


Analyzing pipeline to determine fast and slow parameters (because fast_slow=T in [pipeline] section)

Running pipeline once to make sure everything is initialized before timing.

Doing fast/slow parameter splitting

Analyzing pipeline to determine fast and slow parameters (because fast_slow=T in [pipeline] section)

Running pipeline once to make sure everything is initialized before timing.

Doing fast/slow parameter splitting

Analyzing pipeline to determine fast and slow parameters (because fast_slow=T in [pipeline] section)

Running pipeline once to make sure everything is initialized before timing.

Doing fast/slow parameter splitting

Analyzing pipeline to determine fast and slow parameters (because fast_slow=T in [pipeline] section)

Running pipeline once to make sure everything is initialized before timing.

Doing fast/slow parameter splitting

Analyzing pipeline to determine fast and slow parameters (because fast_slow=T in [pipeline] section)

Running pipeline once to make sure everything is initialized before timing.

Doing fast/slow parameter splitting

Analyzing pipeline to determine fast and slow parameters (because fast_slow=T in [pipeline] section)

Running pipeline once to make sure everything is initialized before timing.

Setup all pipeline modules


Parameter Priors
----------------
cosmological_parameters--s_8                    ~ U(0.1, 1.3)
cosmological_parameters--n_s                    ~ U(0.84, 1.1)
cosmological_parameters--ombh2                  ~ U(0.019, 0.026)
cosmological_parameters--omch2                  ~ U(0.051, 0.255)
cosmological_parameters--h0                     ~ U(0.64, 0.82)
cosmological_parameters--num_massive_neutrinos  ~ delta(3)
cosmological_parameters--omega_k                ~ delta(0.0)
cosmological_parameters--w                      ~ delta(-1.0)
cosmological_parameters--wa                     ~ delta(0.0)
cosmological_parameters--mnu                    ~ U(0.055, 0.6)
cosmological_parameters--nnu                    ~ delta(3.046)
cosmological_parameters--tau                    ~ delta(0.0697186)
halo_model_parameters--logt_agn                 ~ U(7.3, 8.0)
shear_calibration_parameters--m1                ~ N(-0.0063, 0.0091 ** 2)   [-0.1 < x < 0.1]
shear_calibration_parameters--m2                ~ N(-0.0198, 0.0078 ** 2)   [-0.1 < x < 0.1]
shear_calibration_parameters--m3                ~ N(-0.0241, 0.0076 ** 2)   [-0.1 < x < 0.1]
shear_calibration_parameters--m4                ~ N(-0.0369, 0.0076 ** 2)   [-0.1 < x < 0.1]
wl_photoz_errors--bias_1                        ~ N(0.0, 0.018 ** 2)   [-0.1 < x < 0.1]
wl_photoz_errors--bias_2                        ~ N(0.0, 0.015 ** 2)   [-0.1 < x < 0.1]
wl_photoz_errors--bias_3                        ~ N(0.0, 0.011 ** 2)   [-0.1 < x < 0.1]
wl_photoz_errors--bias_4                        ~ N(0.0, 0.017 ** 2)   [-0.1 < x < 0.1]
lens_photoz_errors--bias_1                      ~ N(-0.009, 0.007 ** 2)   [-0.05 < x < 0.05]
lens_photoz_errors--bias_2                      ~ N(-0.035, 0.011 ** 2)   [-0.05 < x < 0.05]
lens_photoz_errors--bias_3                      ~ N(-0.005, 0.006 ** 2)   [-0.05 < x < 0.05]
lens_photoz_errors--bias_4                      ~ N(-0.007, 0.006 ** 2)   [-0.05 < x < 0.05]
lens_photoz_errors--bias_5                      ~ delta(0.0)
lens_photoz_errors--bias_6                      ~ delta(0.0)
lens_photoz_errors--width_1                     ~ N(0.975, 0.062 ** 2)   [0.1 < x < 1.9]
lens_photoz_errors--width_2                     ~ N(1.306, 0.093 ** 2)   [0.1 < x < 1.9]
lens_photoz_errors--width_3                     ~ N(0.87, 0.054 ** 2)   [0.1 < x < 1.9]
lens_photoz_errors--width_4                     ~ N(0.918, 0.051 ** 2)   [0.1 < x < 1.9]
lens_photoz_errors--width_5                     ~ delta(1.0)
lens_photoz_errors--width_6                     ~ delta(1.0)
bias_lens--b1                                   ~ U(0.8, 3.0)
bias_lens--b2                                   ~ U(0.8, 3.0)
bias_lens--b3                                   ~ U(0.8, 3.0)
bias_lens--b4                                   ~ U(0.8, 3.0)
bias_lens--b5                                   ~ delta(2.3)
bias_lens--b6                                   ~ delta(2.3)
mag_alpha_lens--alpha_1                         ~ delta(1.21)
mag_alpha_lens--alpha_2                         ~ delta(1.15)
mag_alpha_lens--alpha_3                         ~ delta(1.88)
mag_alpha_lens--alpha_4                         ~ delta(1.97)
mag_alpha_lens--alpha_5                         ~ delta(1.78)
mag_alpha_lens--alpha_6                         ~ delta(2.48)
intrinsic_alignment_parameters--z_piv           ~ delta(0.62)
intrinsic_alignment_parameters--a1              ~ U(-5.0, 5.0)
intrinsic_alignment_parameters--a2              ~ U(-5.0, 5.0)
intrinsic_alignment_parameters--alpha1          ~ U(-5.0, 5.0)
intrinsic_alignment_parameters--alpha2          ~ U(-5.0, 5.0)
intrinsic_alignment_parameters--bias_ta         ~ U(0.0, 2.0)
candl_nuisance_parameters--beta_pol_90          ~ delta(0.5356272497452096)
candl_nuisance_parameters--beta_pol_150         ~ delta(0.685321881616958)
candl_nuisance_parameters--beta_pol_220         ~ delta(0.6580057999530474)
candl_nuisance_parameters--beam1                ~ delta(0.0)
candl_nuisance_parameters--beam2                ~ delta(0.0)
candl_nuisance_parameters--beam3                ~ delta(0.0)
candl_nuisance_parameters--beam4                ~ delta(0.0)
candl_nuisance_parameters--tcal_lens            ~ N(0.99921302, 0.0026951125 ** 2)   [0.98 < x < 1.02]
candl_nuisance_parameters--pcal_lens            ~ N(1.0071887, 0.0040049187 ** 2)   [0.98 < x < 1.03]
candl_nuisance_parameters--atsz                 ~ N(0.9782, 0.0223 ** 2)   [0.0 < x < 2.0]
candl_nuisance_parameters--acib150              ~ N(0.9732, 0.0027 ** 2)   [0.95 < x < 1.05]
candl_nuisance_parameters--acib220              ~ N(0.9998, 0.0024 ** 2)   [0.95 < x < 1.08]
candl_nuisance_parameters--arad90               ~ N(0.963, 0.0084 ** 2)   [0.9 < x < 1.1]
candl_nuisance_parameters--arad150              ~ N(0.9502, 0.018 ** 2)   [0.8 < x < 1.2]

Doing fast/slow parameter splitting

Analyzing pipeline to determine fast and slow parameters (because fast_slow=T in [pipeline] section)

Running pipeline once to make sure everything is initialized before timing.

Doing fast/slow parameter splitting

Analyzing pipeline to determine fast and slow parameters (because fast_slow=T in [pipeline] section)

Running pipeline once to make sure everything is initialized before timing.

Doing fast/slow parameter splitting

Analyzing pipeline to determine fast and slow parameters (because fast_slow=T in [pipeline] section)

Running pipeline once to make sure everything is initialized before timing.

Doing fast/slow parameter splitting

Analyzing pipeline to determine fast and slow parameters (because fast_slow=T in [pipeline] section)

Running pipeline once to make sure everything is initialized before timing.

Doing fast/slow parameter splitting

Analyzing pipeline to determine fast and slow parameters (because fast_slow=T in [pipeline] section)

Running pipeline once to make sure everything is initialized before timing.

Doing fast/slow parameter splitting

Analyzing pipeline to determine fast and slow parameters (because fast_slow=T in [pipeline] section)

Running pipeline once to make sure everything is initialized before timing.

Doing fast/slow parameter splitting

Analyzing pipeline to determine fast and slow parameters (because fast_slow=T in [pipeline] section)

Running pipeline once to make sure everything is initialized before timing.

Doing fast/slow parameter splitting

Analyzing pipeline to determine fast and slow parameters (because fast_slow=T in [pipeline] section)

Running pipeline once to make sure everything is initialized before timing.

Doing fast/slow parameter splitting

Analyzing pipeline to determine fast and slow parameters (because fast_slow=T in [pipeline] section)

Running pipeline once to make sure everything is initialized before timing.

Doing fast/slow parameter splitting

Analyzing pipeline to determine fast and slow parameters (because fast_slow=T in [pipeline] section)

Running pipeline once to make sure everything is initialized before timing.

Doing fast/slow parameter splitting

Analyzing pipeline to determine fast and slow parameters (because fast_slow=T in [pipeline] section)

Running pipeline once to make sure everything is initialized before timing.

Doing fast/slow parameter splitting

Analyzing pipeline to determine fast and slow parameters (because fast_slow=T in [pipeline] section)

Running pipeline once to make sure everything is initialized before timing.

Doing fast/slow parameter splitting

Analyzing pipeline to determine fast and slow parameters (because fast_slow=T in [pipeline] section)

Running pipeline once to make sure everything is initialized before timing.

Doing fast/slow parameter splitting

Analyzing pipeline to determine fast and slow parameters (because fast_slow=T in [pipeline] section)

Running pipeline once to make sure everything is initialized before timing.

Doing fast/slow parameter splitting

Analyzing pipeline to determine fast and slow parameters (because fast_slow=T in [pipeline] section)

Running pipeline once to make sure everything is initialized before timing.

Doing fast/slow parameter splitting

Analyzing pipeline to determine fast and slow parameters (because fast_slow=T in [pipeline] section)

Running pipeline once to make sure everything is initialized before timing.

Doing fast/slow parameter splitting

Analyzing pipeline to determine fast and slow parameters (because fast_slow=T in [pipeline] section)

Running pipeline once to make sure everything is initialized before timing.

Doing fast/slow parameter splitting

Analyzing pipeline to determine fast and slow parameters (because fast_slow=T in [pipeline] section)

Running pipeline once to make sure everything is initialized before timing.

Doing fast/slow parameter splitting

Analyzing pipeline to determine fast and slow parameters (because fast_slow=T in [pipeline] section)

Running pipeline once to make sure everything is initialized before timing.

Doing fast/slow parameter splitting

Analyzing pipeline to determine fast and slow parameters (because fast_slow=T in [pipeline] section)

Running pipeline once to make sure everything is initialized before timing.

Doing fast/slow parameter splitting

Analyzing pipeline to determine fast and slow parameters (because fast_slow=T in [pipeline] section)

Running pipeline once to make sure everything is initialized before timing.

Doing fast/slow parameter splitting

Analyzing pipeline to determine fast and slow parameters (because fast_slow=T in [pipeline] section)

Running pipeline once to make sure everything is initialized before timing.

Doing fast/slow parameter splitting

Analyzing pipeline to determine fast and slow parameters (because fast_slow=T in [pipeline] section)

Running pipeline once to make sure everything is initialized before timing.

Doing fast/slow parameter splitting

Analyzing pipeline to determine fast and slow parameters (because fast_slow=T in [pipeline] section)

Running pipeline once to make sure everything is initialized before timing.

Doing fast/slow parameter splitting

Analyzing pipeline to determine fast and slow parameters (because fast_slow=T in [pipeline] section)

Running pipeline once to make sure everything is initialized before timing.

Doing fast/slow parameter splitting

Analyzing pipeline to determine fast and slow parameters (because fast_slow=T in [pipeline] section)

Running pipeline once to make sure everything is initialized before timing.

Doing fast/slow parameter splitting

Analyzing pipeline to determine fast and slow parameters (because fast_slow=T in [pipeline] section)

Running pipeline once to make sure everything is initialized before timing.

Doing fast/slow parameter splitting

Analyzing pipeline to determine fast and slow parameters (because fast_slow=T in [pipeline] section)

Running pipeline once to make sure everything is initialized before timing.

Doing fast/slow parameter splitting

Analyzing pipeline to determine fast and slow parameters (because fast_slow=T in [pipeline] section)

Running pipeline once to make sure everything is initialized before timing.

Doing fast/slow parameter splitting

Analyzing pipeline to determine fast and slow parameters (because fast_slow=T in [pipeline] section)

Running pipeline once to make sure everything is initialized before timing.

Doing fast/slow parameter splitting

Analyzing pipeline to determine fast and slow parameters (because fast_slow=T in [pipeline] section)

Running pipeline once to make sure everything is initialized before timing.

Doing fast/slow parameter splitting

Analyzing pipeline to determine fast and slow parameters (because fast_slow=T in [pipeline] section)

Running pipeline once to make sure everything is initialized before timing.

Doing fast/slow parameter splitting

Analyzing pipeline to determine fast and slow parameters (because fast_slow=T in [pipeline] section)

Running pipeline once to make sure everything is initialized before timing.

Doing fast/slow parameter splitting

Analyzing pipeline to determine fast and slow parameters (because fast_slow=T in [pipeline] section)

Running pipeline once to make sure everything is initialized before timing.

Doing fast/slow parameter splitting

Analyzing pipeline to determine fast and slow parameters (because fast_slow=T in [pipeline] section)

Running pipeline once to make sure everything is initialized before timing.

Doing fast/slow parameter splitting

Analyzing pipeline to determine fast and slow parameters (because fast_slow=T in [pipeline] section)

Running pipeline once to make sure everything is initialized before timing.

Doing fast/slow parameter splitting

Analyzing pipeline to determine fast and slow parameters (because fast_slow=T in [pipeline] section)

Running pipeline once to make sure everything is initialized before timing.

Doing fast/slow parameter splitting

Analyzing pipeline to determine fast and slow parameters (because fast_slow=T in [pipeline] section)

Running pipeline once to make sure everything is initialized before timing.

Doing fast/slow parameter splitting

Analyzing pipeline to determine fast and slow parameters (because fast_slow=T in [pipeline] section)

Running pipeline once to make sure everything is initialized before timing.

Doing fast/slow parameter splitting

Analyzing pipeline to determine fast and slow parameters (because fast_slow=T in [pipeline] section)

Running pipeline once to make sure everything is initialized before timing.

Doing fast/slow parameter splitting

Analyzing pipeline to determine fast and slow parameters (because fast_slow=T in [pipeline] section)

Running pipeline once to make sure everything is initialized before timing.

Doing fast/slow parameter splitting

Analyzing pipeline to determine fast and slow parameters (because fast_slow=T in [pipeline] section)

Running pipeline once to make sure everything is initialized before timing.

Doing fast/slow parameter splitting

Analyzing pipeline to determine fast and slow parameters (because fast_slow=T in [pipeline] section)

Running pipeline once to make sure everything is initialized before timing.

Doing fast/slow parameter splitting

Analyzing pipeline to determine fast and slow parameters (because fast_slow=T in [pipeline] section)

Running pipeline once to make sure everything is initialized before timing.

Doing fast/slow parameter splitting

Analyzing pipeline to determine fast and slow parameters (because fast_slow=T in [pipeline] section)

Running pipeline once to make sure everything is initialized before timing.

Doing fast/slow parameter splitting

Analyzing pipeline to determine fast and slow parameters (because fast_slow=T in [pipeline] section)

Running pipeline once to make sure everything is initialized before timing.

Doing fast/slow parameter splitting

Analyzing pipeline to determine fast and slow parameters (because fast_slow=T in [pipeline] section)

Running pipeline once to make sure everything is initialized before timing.

Doing fast/slow parameter splitting

Analyzing pipeline to determine fast and slow parameters (because fast_slow=T in [pipeline] section)

Running pipeline once to make sure everything is initialized before timing.

Doing fast/slow parameter splitting

Analyzing pipeline to determine fast and slow parameters (because fast_slow=T in [pipeline] section)

Running pipeline once to make sure everything is initialized before timing.

Doing fast/slow parameter splitting

Analyzing pipeline to determine fast and slow parameters (because fast_slow=T in [pipeline] section)

Running pipeline once to make sure everything is initialized before timing.

Doing fast/slow parameter splitting

Analyzing pipeline to determine fast and slow parameters (because fast_slow=T in [pipeline] section)

Running pipeline once to make sure everything is initialized before timing.

Doing fast/slow parameter splitting

Analyzing pipeline to determine fast and slow parameters (because fast_slow=T in [pipeline] section)

Running pipeline once to make sure everything is initialized before timing.

Doing fast/slow parameter splitting

Analyzing pipeline to determine fast and slow parameters (because fast_slow=T in [pipeline] section)

Running pipeline once to make sure everything is initialized before timing.

Doing fast/slow parameter splitting

Analyzing pipeline to determine fast and slow parameters (because fast_slow=T in [pipeline] section)

Running pipeline once to make sure everything is initialized before timing.

Doing fast/slow parameter splitting

Analyzing pipeline to determine fast and slow parameters (because fast_slow=T in [pipeline] section)

Running pipeline once to make sure everything is initialized before timing.

Doing fast/slow parameter splitting

Analyzing pipeline to determine fast and slow parameters (because fast_slow=T in [pipeline] section)

Running pipeline once to make sure everything is initialized before timing.

Doing fast/slow parameter splitting

Analyzing pipeline to determine fast and slow parameters (because fast_slow=T in [pipeline] section)

Running pipeline once to make sure everything is initialized before timing.

Doing fast/slow parameter splitting

Analyzing pipeline to determine fast and slow parameters (because fast_slow=T in [pipeline] section)

Running pipeline once to make sure everything is initialized before timing.

Doing fast/slow parameter splitting

Analyzing pipeline to determine fast and slow parameters (because fast_slow=T in [pipeline] section)

Running pipeline once to make sure everything is initialized before timing.

Doing fast/slow parameter splitting

Analyzing pipeline to determine fast and slow parameters (because fast_slow=T in [pipeline] section)

Running pipeline once to make sure everything is initialized before timing.

Doing fast/slow parameter splitting

Analyzing pipeline to determine fast and slow parameters (because fast_slow=T in [pipeline] section)

Running pipeline once to make sure everything is initialized before timing.

Doing fast/slow parameter splitting

Analyzing pipeline to determine fast and slow parameters (because fast_slow=T in [pipeline] section)

Running pipeline once to make sure everything is initialized before timing.

Doing fast/slow parameter splitting

Analyzing pipeline to determine fast and slow parameters (because fast_slow=T in [pipeline] section)

Running pipeline once to make sure everything is initialized before timing.

Doing fast/slow parameter splitting

Analyzing pipeline to determine fast and slow parameters (because fast_slow=T in [pipeline] section)

Running pipeline once to make sure everything is initialized before timing.

Doing fast/slow parameter splitting

Analyzing pipeline to determine fast and slow parameters (because fast_slow=T in [pipeline] section)

Running pipeline once to make sure everything is initialized before timing.

Doing fast/slow parameter splitting

Analyzing pipeline to determine fast and slow parameters (because fast_slow=T in [pipeline] section)

Running pipeline once to make sure everything is initialized before timing.

Doing fast/slow parameter splitting

Analyzing pipeline to determine fast and slow parameters (because fast_slow=T in [pipeline] section)

Running pipeline once to make sure everything is initialized before timing.

Doing fast/slow parameter splitting

Analyzing pipeline to determine fast and slow parameters (because fast_slow=T in [pipeline] section)

Running pipeline once to make sure everything is initialized before timing.

Doing fast/slow parameter splitting

Analyzing pipeline to determine fast and slow parameters (because fast_slow=T in [pipeline] section)

Running pipeline once to make sure everything is initialized before timing.

Doing fast/slow parameter splitting

Analyzing pipeline to determine fast and slow parameters (because fast_slow=T in [pipeline] section)

Running pipeline once to make sure everything is initialized before timing.

Doing fast/slow parameter splitting

Analyzing pipeline to determine fast and slow parameters (because fast_slow=T in [pipeline] section)

Running pipeline once to make sure everything is initialized before timing.

Doing fast/slow parameter splitting

Analyzing pipeline to determine fast and slow parameters (because fast_slow=T in [pipeline] section)

Running pipeline once to make sure everything is initialized before timing.

Doing fast/slow parameter splitting

Analyzing pipeline to determine fast and slow parameters (because fast_slow=T in [pipeline] section)

Running pipeline once to make sure everything is initialized before timing.

Doing fast/slow parameter splitting

Analyzing pipeline to determine fast and slow parameters (because fast_slow=T in [pipeline] section)

Running pipeline once to make sure everything is initialized before timing.

Doing fast/slow parameter splitting

Analyzing pipeline to determine fast and slow parameters (because fast_slow=T in [pipeline] section)

Running pipeline once to make sure everything is initialized before timing.

Doing fast/slow parameter splitting

Analyzing pipeline to determine fast and slow parameters (because fast_slow=T in [pipeline] section)

Running pipeline once to make sure everything is initialized before timing.

Doing fast/slow parameter splitting

Analyzing pipeline to determine fast and slow parameters (because fast_slow=T in [pipeline] section)

Running pipeline once to make sure everything is initialized before timing.

Doing fast/slow parameter splitting

Analyzing pipeline to determine fast and slow parameters (because fast_slow=T in [pipeline] section)

Running pipeline once to make sure everything is initialized before timing.

Warning, you selected a extrap_low that is greater than k_min. Therefore no extrapolation will be done.
Warning, you selected a extrap_low that is greater than k_min. Therefore no extrapolation will be done.
Warning, you selected a extrap_low that is greater than k_min. Therefore no extrapolation will be done.
Warning, you selected a extrap_low that is greater than k_min. Therefore no extrapolation will be done.
Warning, you selected a extrap_low that is greater than k_min. Therefore no extrapolation will be done.
Warning, you selected a extrap_low that is greater than k_min. Therefore no extrapolation will be done.
Warning, you selected a extrap_low that is greater than k_min. Therefore no extrapolation will be done.
Warning, you selected a extrap_low that is greater than k_min. Therefore no extrapolation will be done.
Warning, you selected a extrap_low that is greater than k_min. Therefore no extrapolation will be done.
Warning, you selected a extrap_low that is greater than k_min. Therefore no extrapolation will be done.
Warning, you selected a extrap_low that is greater than k_min. Therefore no extrapolation will be done.
Warning, you selected a extrap_low that is greater than k_min. Therefore no extrapolation will be done.
Warning, you selected a extrap_low that is greater than k_min. Therefore no extrapolation will be done.
Warning, you selected a extrap_low that is greater than k_min. Therefore no extrapolation will be done.
Warning, you selected a extrap_low that is greater than k_min. Therefore no extrapolation will be done.
Warning, you selected a extrap_low that is greater than k_min. Therefore no extrapolation will be done.
Warning, you selected a extrap_low that is greater than k_min. Therefore no extrapolation will be done.
Warning, you selected a extrap_low that is greater than k_min. Therefore no extrapolation will be done.
Warning, you selected a extrap_low that is greater than k_min. Therefore no extrapolation will be done.
Warning, you selected a extrap_low that is greater than k_min. Therefore no extrapolation will be done.
Warning, you selected a extrap_low that is greater than k_min. Therefore no extrapolation will be done.
Warning, you selected a extrap_low that is greater than k_min. Therefore no extrapolation will be done.
Warning, you selected a extrap_low that is greater than k_min. Therefore no extrapolation will be done.
Warning, you selected a extrap_low that is greater than k_min. Therefore no extrapolation will be done.
Warning, you selected a extrap_low that is greater than k_min. Therefore no extrapolation will be done.
Warning, you selected a extrap_low that is greater than k_min. Therefore no extrapolation will be done.
Warning, you selected a extrap_low that is greater than k_min. Therefore no extrapolation will be done.
Warning, you selected a extrap_low that is greater than k_min. Therefore no extrapolation will be done.
Warning, you selected a extrap_low that is greater than k_min. Therefore no extrapolation will be done.
Warning, you selected a extrap_low that is greater than k_min. Therefore no extrapolation will be done.
Warning, you selected a extrap_low that is greater than k_min. Therefore no extrapolation will be done.
Warning, you selected a extrap_low that is greater than k_min. Therefore no extrapolation will be done.
Warning, you selected a extrap_low that is greater than k_min. Therefore no extrapolation will be done.
Warning, you selected a extrap_low that is greater than k_min. Therefore no extrapolation will be done.
Warning, you selected a extrap_low that is greater than k_min. Therefore no extrapolation will be done.
Warning, you selected a extrap_low that is greater than k_min. Therefore no extrapolation will be done.
Warning, you selected a extrap_low that is greater than k_min. Therefore no extrapolation will be done.
Warning, you selected a extrap_low that is greater than k_min. Therefore no extrapolation will be done.
Warning, you selected a extrap_low that is greater than k_min. Therefore no extrapolation will be done.
Warning, you selected a extrap_low that is greater than k_min. Therefore no extrapolation will be done.
Warning, you selected a extrap_low that is greater than k_min. Therefore no extrapolation will be done.
Warning, you selected a extrap_low that is greater than k_min. Therefore no extrapolation will be done.
Warning, you selected a extrap_low that is greater than k_min. Therefore no extrapolation will be done.
Warning, you selected a extrap_low that is greater than k_min. Therefore no extrapolation will be done.
Warning, you selected a extrap_low that is greater than k_min. Therefore no extrapolation will be done.
Warning, you selected a extrap_low that is greater than k_min. Therefore no extrapolation will be done.
Warning, you selected a extrap_low that is greater than k_min. Therefore no extrapolation will be done.
Warning, you selected a extrap_low that is greater than k_min. Therefore no extrapolation will be done.
Warning, you selected a extrap_low that is greater than k_min. Therefore no extrapolation will be done.
Warning, you selected a extrap_low that is greater than k_min. Therefore no extrapolation will be done.
Warning, you selected a extrap_low that is greater than k_min. Therefore no extrapolation will be done.
Warning, you selected a extrap_low that is greater than k_min. Therefore no extrapolation will be done.
Warning, you selected a extrap_low that is greater than k_min. Therefore no extrapolation will be done.
Warning, you selected a extrap_low that is greater than k_min. Therefore no extrapolation will be done.
Warning, you selected a extrap_low that is greater than k_min. Therefore no extrapolation will be done.
Warning, you selected a extrap_low that is greater than k_min. Therefore no extrapolation will be done.
Warning, you selected a extrap_low that is greater than k_min. Therefore no extrapolation will be done.
Warning, you selected a extrap_low that is greater than k_min. Therefore no extrapolation will be done.
Warning, you selected a extrap_low that is greater than k_min. Therefore no extrapolation will be done.
Warning, you selected a extrap_low that is greater than k_min. Therefore no extrapolation will be done.
Warning, you selected a extrap_low that is greater than k_min. Therefore no extrapolation will be done.
Warning, you selected a extrap_low that is greater than k_min. Therefore no extrapolation will be done.
Warning, you selected a extrap_low that is greater than k_min. Therefore no extrapolation will be done.
Warning, you selected a extrap_low that is greater than k_min. Therefore no extrapolation will be done.
Warning, you selected a extrap_low that is greater than k_min. Therefore no extrapolation will be done.
Warning, you selected a extrap_low that is greater than k_min. Therefore no extrapolation will be done.
Warning, you selected a extrap_low that is greater than k_min. Therefore no extrapolation will be done.
Warning, you selected a extrap_low that is greater than k_min. Therefore no extrapolation will be done.
Warning, you selected a extrap_low that is greater than k_min. Therefore no extrapolation will be done.
Warning, you selected a extrap_low that is greater than k_min. Therefore no extrapolation will be done.
Warning, you selected a extrap_low that is greater than k_min. Therefore no extrapolation will be done.
Warning, you selected a extrap_low that is greater than k_min. Therefore no extrapolation will be done.
Warning, you selected a extrap_low that is greater than k_min. Therefore no extrapolation will be done.
Warning, you selected a extrap_low that is greater than k_min. Therefore no extrapolation will be done.
Warning, you selected a extrap_low that is greater than k_min. Therefore no extrapolation will be done.
Warning, you selected a extrap_low that is greater than k_min. Therefore no extrapolation will be done.
Warning, you selected a extrap_low that is greater than k_min. Therefore no extrapolation will be done.
Warning, you selected a extrap_low that is greater than k_min. Therefore no extrapolation will be done.
Warning, you selected a extrap_low that is greater than k_min. Therefore no extrapolation will be done.
Warning, you selected a extrap_low that is greater than k_min. Therefore no extrapolation will be done.
Warning, you selected a extrap_low that is greater than k_min. Therefore no extrapolation will be done.
Warning, you selected a extrap_low that is greater than k_min. Therefore no extrapolation will be done.
Warning, you selected a extrap_low that is greater than k_min. Therefore no extrapolation will be done.
Warning, you selected a extrap_low that is greater than k_min. Therefore no extrapolation will be done.
Warning, you selected a extrap_low that is greater than k_min. Therefore no extrapolation will be done.
Warning, you selected a extrap_low that is greater than k_min. Therefore no extrapolation will be done.
Warning, you selected a extrap_low that is greater than k_min. Therefore no extrapolation will be done.
Warning, you selected a extrap_low that is greater than k_min. Therefore no extrapolation will be done.
Warning, you selected a extrap_low that is greater than k_min. Therefore no extrapolation will be done.
Warning, you selected a extrap_low that is greater than k_min. Therefore no extrapolation will be done.
Warning, you selected a extrap_low that is greater than k_min. Therefore no extrapolation will be done.
Warning, you selected a extrap_low that is greater than k_min. Therefore no extrapolation will be done.
Warning, you selected a extrap_low that is greater than k_min. Therefore no extrapolation will be done.
Warning, you selected a extrap_low that is greater than k_min. Therefore no extrapolation will be done.
Warning, you selected a extrap_low that is greater than k_min. Therefore no extrapolation will be done.
Warning, you selected a extrap_low that is greater than k_min. Therefore no extrapolation will be done.
Warning, you selected a extrap_low that is greater than k_min. Therefore no extrapolation will be done.
Warning, you selected a extrap_low that is greater than k_min. Therefore no extrapolation will be done.
Warning, you selected a extrap_low that is greater than k_min. Therefore no extrapolation will be done.
Warning, you selected a extrap_low that is greater than k_min. Therefore no extrapolation will be done.
Warning, you selected a extrap_low that is greater than k_min. Therefore no extrapolation will be done.
Warning, you selected a extrap_low that is greater than k_min. Therefore no extrapolation will be done.
Warning, you selected a extrap_low that is greater than k_min. Therefore no extrapolation will be done.
Warning, you selected a extrap_low that is greater than k_min. Therefore no extrapolation will be done.
Warning, you selected a extrap_low that is greater than k_min. Therefore no extrapolation will be done.
Warning, you selected a extrap_low that is greater than k_min. Therefore no extrapolation will be done.
Warning, you selected a extrap_low that is greater than k_min. Therefore no extrapolation will be done.
Warning, you selected a extrap_low that is greater than k_min. Therefore no extrapolation will be done.
Warning, you selected a extrap_low that is greater than k_min. Therefore no extrapolation will be done.
Warning, you selected a extrap_low that is greater than k_min. Therefore no extrapolation will be done.
Warning, you selected a extrap_low that is greater than k_min. Therefore no extrapolation will be done.
Warning, you selected a extrap_low that is greater than k_min. Therefore no extrapolation will be done.
Warning, you selected a extrap_low that is greater than k_min. Therefore no extrapolation will be done.
Warning, you selected a extrap_low that is greater than k_min. Therefore no extrapolation will be done.
Warning, you selected a extrap_low that is greater than k_min. Therefore no extrapolation will be done.
Warning, you selected a extrap_low that is greater than k_min. Therefore no extrapolation will be done.
Warning, you selected a extrap_low that is greater than k_min. Therefore no extrapolation will be done.
Warning, you selected a extrap_low that is greater than k_min. Therefore no extrapolation will be done.
Warning, you selected a extrap_low that is greater than k_min. Therefore no extrapolation will be done.
Warning, you selected a extrap_low that is greater than k_min. Therefore no extrapolation will be done.
Warning, you selected a extrap_low that is greater than k_min. Therefore no extrapolation will be done.
Warning, you selected a extrap_low that is greater than k_min. Therefore no extrapolation will be done.
Warning, you selected a extrap_low that is greater than k_min. Therefore no extrapolation will be done.
Warning, you selected a extrap_low that is greater than k_min. Therefore no extrapolation will be done.
Warning, you selected a extrap_low that is greater than k_min. Therefore no extrapolation will be done.
Warning, you selected a extrap_low that is greater than k_min. Therefore no extrapolation will be done.
Warning, you selected a extrap_low that is greater than k_min. Therefore no extrapolation will be done.
Using likelihooods from first run:
 - 2pt
 - candl.spt3g_d1_kk_index
 - shear_ratio

Running the pipeline again to determine timings and fast-slow split

consistency took: 0.001 seconds
bbn_consistency took: 0.000 seconds
s8_to_sigma8 took: 0.000 seconds
Warning, you selected a extrap_low that is greater than k_min. Therefore no extrapolation will be done.
Using likelihooods from first run:
 - 2pt
 - candl.spt3g_d1_kk_index
 - shear_ratio

Running the pipeline again to determine timings and fast-slow split

consistency took: 0.001 seconds
bbn_consistency took: 0.000 seconds
s8_to_sigma8 took: 0.000 seconds
Using likelihooods from first run:
 - 2pt
 - candl.spt3g_d1_kk_index
 - shear_ratio

Running the pipeline again to determine timings and fast-slow split

consistency took: 0.000 seconds
bbn_consistency took: 0.000 seconds
s8_to_sigma8 took: 0.000 seconds
Using likelihooods from first run:
 - 2pt
 - candl.spt3g_d1_kk_index
 - shear_ratio

Running the pipeline again to determine timings and fast-slow split

consistency took: 0.001 seconds
bbn_consistency took: 0.000 seconds
s8_to_sigma8 took: 0.000 seconds
Using likelihooods from first run:
 - 2pt
 - candl.spt3g_d1_kk_index
 - shear_ratio

Running the pipeline again to determine timings and fast-slow split

consistency took: 0.001 seconds
bbn_consistency took: 0.000 seconds
s8_to_sigma8 took: 0.000 seconds
Using likelihooods from first run:
 - 2pt
 - candl.spt3g_d1_kk_index
 - shear_ratio

Running the pipeline again to determine timings and fast-slow split

consistency took: 0.001 seconds
bbn_consistency took: 0.000 seconds
s8_to_sigma8 took: 0.000 seconds
Using likelihooods from first run:
 - 2pt
 - candl.spt3g_d1_kk_index
 - shear_ratio

Running the pipeline again to determine timings and fast-slow split

consistency took: 0.001 seconds
bbn_consistency took: 0.000 seconds
s8_to_sigma8 took: 0.000 seconds
Using likelihooods from first run:
 - 2pt
 - candl.spt3g_d1_kk_index
 - shear_ratio

Running the pipeline again to determine timings and fast-slow split

consistency took: 0.001 seconds
bbn_consistency took: 0.000 seconds
s8_to_sigma8 took: 0.000 seconds
Using likelihooods from first run:
 - 2pt
 - candl.spt3g_d1_kk_index
 - shear_ratio

Running the pipeline again to determine timings and fast-slow split

consistency took: 0.000 seconds
bbn_consistency took: 0.000 seconds
s8_to_sigma8 took: 0.000 seconds
Using likelihooods from first run:
 - 2pt
 - candl.spt3g_d1_kk_index
 - shear_ratio

Running the pipeline again to determine timings and fast-slow split

consistency took: 0.001 seconds
bbn_consistency took: 0.000 seconds
s8_to_sigma8 took: 0.000 seconds
Using likelihooods from first run:
 - 2pt
 - candl.spt3g_d1_kk_index
 - shear_ratio

Running the pipeline again to determine timings and fast-slow split

consistency took: 0.001 seconds
bbn_consistency took: 0.000 seconds
s8_to_sigma8 took: 0.000 seconds
Using likelihooods from first run:
 - 2pt
 - candl.spt3g_d1_kk_index
 - shear_ratio

Running the pipeline again to determine timings and fast-slow split

consistency took: 0.001 seconds
bbn_consistency took: 0.000 seconds
s8_to_sigma8 took: 0.000 seconds
Using likelihooods from first run:
 - 2pt
 - candl.spt3g_d1_kk_index
 - shear_ratio

Running the pipeline again to determine timings and fast-slow split

consistency took: 0.001 seconds
bbn_consistency took: 0.000 seconds
s8_to_sigma8 took: 0.000 seconds
Using likelihooods from first run:
 - 2pt
 - candl.spt3g_d1_kk_index
 - shear_ratio

Running the pipeline again to determine timings and fast-slow split

consistency took: 0.001 seconds
bbn_consistency took: 0.000 seconds
s8_to_sigma8 took: 0.000 seconds
Using likelihooods from first run:
 - 2pt
 - candl.spt3g_d1_kk_index
 - shear_ratio

Running the pipeline again to determine timings and fast-slow split

consistency took: 0.001 seconds
bbn_consistency took: 0.000 seconds
s8_to_sigma8 took: 0.000 seconds
Using likelihooods from first run:
 - 2pt
 - candl.spt3g_d1_kk_index
 - shear_ratio

Running the pipeline again to determine timings and fast-slow split

consistency took: 0.001 seconds
bbn_consistency took: 0.000 seconds
s8_to_sigma8 took: 0.000 seconds
Using likelihooods from first run:
 - 2pt
 - candl.spt3g_d1_kk_index
 - shear_ratio

Running the pipeline again to determine timings and fast-slow split

consistency took: 0.001 seconds
bbn_consistency took: 0.000 seconds
s8_to_sigma8 took: 0.000 seconds
Using likelihooods from first run:
 - 2pt
 - candl.spt3g_d1_kk_index
 - shear_ratio

Running the pipeline again to determine timings and fast-slow split

consistency took: 0.001 seconds
bbn_consistency took: 0.000 seconds
s8_to_sigma8 took: 0.000 seconds
Using likelihooods from first run:
 - 2pt
 - candl.spt3g_d1_kk_index
 - shear_ratio

Running the pipeline again to determine timings and fast-slow split

consistency took: 0.001 seconds
bbn_consistency took: 0.000 seconds
s8_to_sigma8 took: 0.000 seconds
Using likelihooods from first run:
 - 2pt
 - candl.spt3g_d1_kk_index
 - shear_ratio

Running the pipeline again to determine timings and fast-slow split

consistency took: 0.001 seconds
bbn_consistency took: 0.000 seconds
s8_to_sigma8 took: 0.000 seconds
Using likelihooods from first run:
 - 2pt
 - candl.spt3g_d1_kk_index
 - shear_ratio

Running the pipeline again to determine timings and fast-slow split

consistency took: 0.001 seconds
bbn_consistency took: 0.000 seconds
s8_to_sigma8 took: 0.000 seconds
Using likelihooods from first run:
 - 2pt
 - candl.spt3g_d1_kk_index
 - shear_ratio

Running the pipeline again to determine timings and fast-slow split

consistency took: 0.001 seconds
bbn_consistency took: 0.000 seconds
s8_to_sigma8 took: 0.000 seconds
Using likelihooods from first run:
 - 2pt
 - candl.spt3g_d1_kk_index
 - shear_ratio

Running the pipeline again to determine timings and fast-slow split

consistency took: 0.001 seconds
bbn_consistency took: 0.000 seconds
s8_to_sigma8 took: 0.000 seconds
Using likelihooods from first run:
 - 2pt
 - candl.spt3g_d1_kk_index
 - shear_ratio

Running the pipeline again to determine timings and fast-slow split

consistency took: 0.001 seconds
bbn_consistency took: 0.000 seconds
s8_to_sigma8 took: 0.000 seconds
Using likelihooods from first run:
Using likelihooods from first run:
 - 2pt
 - candl.spt3g_d1_kk_index
 - shear_ratio

Running the pipeline again to determine timings and fast-slow split

consistency took: 0.000 seconds
bbn_consistency took: 0.000 seconds
s8_to_sigma8 took: 0.000 seconds
 - 2pt
 - candl.spt3g_d1_kk_index
 - shear_ratio

Running the pipeline again to determine timings and fast-slow split

consistency took: 0.001 seconds
bbn_consistency took: 0.000 seconds
s8_to_sigma8 took: 0.000 seconds
Using likelihooods from first run:
 - 2pt
 - candl.spt3g_d1_kk_index
 - shear_ratio

Running the pipeline again to determine timings and fast-slow split

consistency took: 0.001 seconds
bbn_consistency took: 0.000 seconds
s8_to_sigma8 took: 0.000 seconds
Using likelihooods from first run:
 - 2pt
 - candl.spt3g_d1_kk_index
 - shear_ratio

Running the pipeline again to determine timings and fast-slow split

consistency took: 0.001 seconds
bbn_consistency took: 0.000 seconds
s8_to_sigma8 took: 0.000 seconds
Using likelihooods from first run:
 - 2pt
 - candl.spt3g_d1_kk_index
 - shear_ratio

Running the pipeline again to determine timings and fast-slow split

Using likelihooods from first run:
 - 2pt
 - candl.spt3g_d1_kk_index
 - shear_ratio
consistency took: 0.001 seconds
bbn_consistency took: 0.000 seconds
s8_to_sigma8 took: 0.000 seconds

Running the pipeline again to determine timings and fast-slow split

consistency took: 0.001 seconds
bbn_consistency took: 0.000 seconds
s8_to_sigma8 took: 0.000 seconds
Using likelihooods from first run:
 - 2pt
 - candl.spt3g_d1_kk_index
 - shear_ratio

Running the pipeline again to determine timings and fast-slow split

consistency took: 0.001 seconds
bbn_consistency took: 0.000 seconds
s8_to_sigma8 took: 0.000 seconds
Using likelihooods from first run:
 - 2pt
 - candl.spt3g_d1_kk_index
 - shear_ratio

Running the pipeline again to determine timings and fast-slow split

Using likelihooods from first run:
 - 2pt
consistency took: 0.001 seconds
 - candl.spt3g_d1_kk_index
 - shear_ratio
bbn_consistency took: 0.000 seconds
s8_to_sigma8 took: 0.000 seconds

Running the pipeline again to determine timings and fast-slow split

consistency took: 0.001 seconds
bbn_consistency took: 0.000 seconds
s8_to_sigma8 took: 0.000 seconds
Using likelihooods from first run:
 - 2pt
 - candl.spt3g_d1_kk_index
 - shear_ratio

Running the pipeline again to determine timings and fast-slow split

consistency took: 0.001 seconds
bbn_consistency took: 0.000 seconds
s8_to_sigma8 took: 0.000 seconds
Using likelihooods from first run:
 - 2pt
 - candl.spt3g_d1_kk_index
 - shear_ratio

Running the pipeline again to determine timings and fast-slow split

consistency took: 0.001 seconds
bbn_consistency took: 0.000 seconds
s8_to_sigma8 took: 0.000 seconds
Using likelihooods from first run:
 - 2pt
 - candl.spt3g_d1_kk_index
 - shear_ratio

Running the pipeline again to determine timings and fast-slow split

consistency took: 0.001 seconds
bbn_consistency took: 0.000 seconds
s8_to_sigma8 took: 0.000 seconds
Using likelihooods from first run:
 - 2pt
 - candl.spt3g_d1_kk_index
 - shear_ratio

Running the pipeline again to determine timings and fast-slow split

consistency took: 0.001 seconds
bbn_consistency took: 0.000 seconds
s8_to_sigma8 took: 0.000 seconds
Using likelihooods from first run:
 - 2pt
 - candl.spt3g_d1_kk_index
 - shear_ratio

Running the pipeline again to determine timings and fast-slow split

consistency took: 0.001 seconds
bbn_consistency took: 0.000 seconds
s8_to_sigma8 took: 0.000 seconds
Using likelihooods from first run:
 - 2pt
 - candl.spt3g_d1_kk_index
 - shear_ratio

Running the pipeline again to determine timings and fast-slow split

consistency took: 0.001 seconds
bbn_consistency took: 0.000 seconds
s8_to_sigma8 took: 0.000 seconds
Using likelihooods from first run:
 - 2pt
 - candl.spt3g_d1_kk_index
 - shear_ratio

Running the pipeline again to determine timings and fast-slow split

consistency took: 0.001 seconds
bbn_consistency took: 0.000 seconds
s8_to_sigma8 took: 0.000 seconds
Using likelihooods from first run:
 - 2pt
 - candl.spt3g_d1_kk_index
 - shear_ratio

Running the pipeline again to determine timings and fast-slow split

Using likelihooods from first run:
 - 2pt
 - candl.spt3g_d1_kk_index
 - shear_ratio

Running the pipeline again to determine timings and fast-slow split

consistency took: 0.001 seconds
bbn_consistency took: 0.000 seconds
s8_to_sigma8 took: 0.000 seconds
consistency took: 0.001 seconds
bbn_consistency took: 0.000 seconds
s8_to_sigma8 took: 0.000 seconds
Using likelihooods from first run:
 - 2pt
 - candl.spt3g_d1_kk_index
 - shear_ratio

Running the pipeline again to determine timings and fast-slow split

consistency took: 0.001 seconds
bbn_consistency took: 0.000 seconds
s8_to_sigma8 took: 0.000 seconds
Using likelihooods from first run:
 - 2pt
 - candl.spt3g_d1_kk_index
 - shear_ratio

Running the pipeline again to determine timings and fast-slow split

consistency took: 0.001 seconds
bbn_consistency took: 0.000 seconds
s8_to_sigma8 took: 0.000 seconds
Using likelihooods from first run:
 - 2pt
 - candl.spt3g_d1_kk_index
 - shear_ratio

Running the pipeline again to determine timings and fast-slow split

consistency took: 0.001 seconds
bbn_consistency took: 0.000 seconds
s8_to_sigma8 took: 0.000 seconds
Using likelihooods from first run:
 - 2pt
 - candl.spt3g_d1_kk_index
 - shear_ratio

Running the pipeline again to determine timings and fast-slow split

consistency took: 0.001 seconds
bbn_consistency took: 0.000 seconds
s8_to_sigma8 took: 0.000 seconds
Using likelihooods from first run:
 - 2pt
 - candl.spt3g_d1_kk_index
 - shear_ratio

Running the pipeline again to determine timings and fast-slow split

consistency took: 0.001 seconds
bbn_consistency took: 0.000 seconds
s8_to_sigma8 took: 0.000 seconds
Using likelihooods from first run:
 - 2pt
 - candl.spt3g_d1_kk_index
 - shear_ratio

Running the pipeline again to determine timings and fast-slow split

consistency took: 0.001 seconds
bbn_consistency took: 0.000 seconds
s8_to_sigma8 took: 0.000 seconds
Using likelihooods from first run:
 - 2pt
 - candl.spt3g_d1_kk_index
 - shear_ratio

Running the pipeline again to determine timings and fast-slow split

consistency took: 0.001 seconds
bbn_consistency took: 0.000 seconds
s8_to_sigma8 took: 0.000 seconds
Using likelihooods from first run:
 - 2pt
 - candl.spt3g_d1_kk_index
 - shear_ratio

Running the pipeline again to determine timings and fast-slow split

consistency took: 0.001 seconds
bbn_consistency took: 0.000 seconds
s8_to_sigma8 took: 0.000 seconds
Using likelihooods from first run:
 - 2pt
 - candl.spt3g_d1_kk_index
 - shear_ratio

Running the pipeline again to determine timings and fast-slow split

consistency took: 0.001 seconds
bbn_consistency took: 0.000 seconds
s8_to_sigma8 took: 0.000 seconds
Using likelihooods from first run:
 - 2pt
 - candl.spt3g_d1_kk_index
 - shear_ratio

Running the pipeline again to determine timings and fast-slow split

consistency took: 0.001 seconds
bbn_consistency took: 0.000 seconds
s8_to_sigma8 took: 0.000 seconds
Using likelihooods from first run:
 - 2pt
 - candl.spt3g_d1_kk_index
 - shear_ratio
Using likelihooods from first run:
 - 2pt
 - candl.spt3g_d1_kk_index
 - shear_ratio

Running the pipeline again to determine timings and fast-slow split


Running the pipeline again to determine timings and fast-slow split

consistency took: 0.001 seconds
bbn_consistency took: 0.000 seconds
s8_to_sigma8 took: 0.000 seconds
consistency took: 0.001 seconds
bbn_consistency took: 0.000 seconds
s8_to_sigma8 took: 0.000 seconds
Using likelihooods from first run:
 - 2pt
 - candl.spt3g_d1_kk_index
 - shear_ratio

Running the pipeline again to determine timings and fast-slow split

consistency took: 0.001 seconds
bbn_consistency took: 0.000 seconds
s8_to_sigma8 took: 0.000 seconds
Using likelihooods from first run:
 - 2pt
 - candl.spt3g_d1_kk_index
 - shear_ratio

Running the pipeline again to determine timings and fast-slow split

consistency took: 0.001 seconds
bbn_consistency took: 0.000 seconds
s8_to_sigma8 took: 0.000 seconds
Using likelihooods from first run:
 - 2pt
 - candl.spt3g_d1_kk_index
 - shear_ratio

Running the pipeline again to determine timings and fast-slow split

consistency took: 0.000 seconds
bbn_consistency took: 0.000 seconds
s8_to_sigma8 took: 0.000 seconds
Using likelihooods from first run:
 - 2pt
 - candl.spt3g_d1_kk_index
 - shear_ratio

Running the pipeline again to determine timings and fast-slow split

consistency took: 0.000 seconds
bbn_consistency took: 0.000 seconds
s8_to_sigma8 took: 0.000 seconds
Using likelihooods from first run:
 - 2pt
 - candl.spt3g_d1_kk_index
 - shear_ratio

Running the pipeline again to determine timings and fast-slow split

consistency took: 0.001 seconds
bbn_consistency took: 0.000 seconds
s8_to_sigma8 took: 0.000 seconds
Using likelihooods from first run:
 - 2pt
 - candl.spt3g_d1_kk_index
 - shear_ratio

Running the pipeline again to determine timings and fast-slow split

consistency took: 0.001 seconds
bbn_consistency took: 0.000 seconds
s8_to_sigma8 took: 0.000 seconds
Using likelihooods from first run:
 - 2pt
 - candl.spt3g_d1_kk_index
 - shear_ratio

Running the pipeline again to determine timings and fast-slow split

consistency took: 0.001 seconds
bbn_consistency took: 0.000 seconds
s8_to_sigma8 took: 0.000 seconds
Using likelihooods from first run:
 - 2pt
 - candl.spt3g_d1_kk_index
 - shear_ratio

Running the pipeline again to determine timings and fast-slow split

consistency took: 0.001 seconds
bbn_consistency took: 0.000 seconds
s8_to_sigma8 took: 0.000 seconds
Using likelihooods from first run:
 - 2pt
 - candl.spt3g_d1_kk_index
 - shear_ratio

Running the pipeline again to determine timings and fast-slow split

consistency took: 0.001 seconds
bbn_consistency took: 0.000 seconds
s8_to_sigma8 took: 0.000 seconds
Using likelihooods from first run:
 - 2pt
 - candl.spt3g_d1_kk_index
 - shear_ratio

Running the pipeline again to determine timings and fast-slow split

consistency took: 0.001 seconds
bbn_consistency took: 0.000 seconds
s8_to_sigma8 took: 0.000 seconds
Using likelihooods from first run:
 - 2pt
 - candl.spt3g_d1_kk_index
 - shear_ratio

Running the pipeline again to determine timings and fast-slow split

consistency took: 0.001 seconds
bbn_consistency took: 0.000 seconds
s8_to_sigma8 took: 0.000 seconds
Using likelihooods from first run:
 - 2pt
 - candl.spt3g_d1_kk_index
 - shear_ratio

Running the pipeline again to determine timings and fast-slow split
Using likelihooods from first run:
 - 2pt
 - candl.spt3g_d1_kk_index
 - shear_ratio


Running the pipeline again to determine timings and fast-slow split

consistency took: 0.001 seconds
bbn_consistency took: 0.000 seconds
s8_to_sigma8 took: 0.000 seconds
consistency took: 0.001 seconds
bbn_consistency took: 0.000 seconds
s8_to_sigma8 took: 0.000 seconds
Using likelihooods from first run:
 - 2pt
 - candl.spt3g_d1_kk_index
 - shear_ratio

Running the pipeline again to determine timings and fast-slow split

consistency took: 0.001 seconds
bbn_consistency took: 0.000 seconds
s8_to_sigma8 took: 0.000 seconds
Using likelihooods from first run:
 - 2pt
 - candl.spt3g_d1_kk_index
 - shear_ratio

Running the pipeline again to determine timings and fast-slow split

consistency took: 0.001 seconds
bbn_consistency took: 0.000 seconds
s8_to_sigma8 took: 0.000 seconds
Using likelihooods from first run:
 - 2pt
 - candl.spt3g_d1_kk_index
 - shear_ratio

Running the pipeline again to determine timings and fast-slow split

Using likelihooods from first run:
 - 2pt
consistency took: 0.001 seconds
bbn_consistency took: 0.000 seconds
s8_to_sigma8 took: 0.000 seconds
 - candl.spt3g_d1_kk_index
 - shear_ratio

Running the pipeline again to determine timings and fast-slow split

consistency took: 0.001 seconds
bbn_consistency took: 0.000 seconds
s8_to_sigma8 took: 0.000 seconds
Using likelihooods from first run:
 - 2pt
 - candl.spt3g_d1_kk_index
 - shear_ratio

Running the pipeline again to determine timings and fast-slow split

consistency took: 0.001 seconds
bbn_consistency took: 0.000 seconds
s8_to_sigma8 took: 0.000 seconds
Using likelihooods from first run:
 - 2pt
 - candl.spt3g_d1_kk_index
 - shear_ratio

Running the pipeline again to determine timings and fast-slow split

consistency took: 0.001 seconds
bbn_consistency took: 0.000 seconds
s8_to_sigma8 took: 0.000 seconds
Using likelihooods from first run:
 - 2pt
 - candl.spt3g_d1_kk_index
 - shear_ratio

Running the pipeline again to determine timings and fast-slow split

consistency took: 0.001 seconds
bbn_consistency took: 0.000 seconds
s8_to_sigma8 took: 0.000 seconds
Using likelihooods from first run:
 - 2pt
 - candl.spt3g_d1_kk_index
 - shear_ratio

Running the pipeline again to determine timings and fast-slow split

consistency took: 0.001 seconds
bbn_consistency took: 0.000 seconds
s8_to_sigma8 took: 0.000 seconds
Using likelihooods from first run:
 - 2pt
 - candl.spt3g_d1_kk_index
 - shear_ratio

Running the pipeline again to determine timings and fast-slow split

consistency took: 0.001 seconds
bbn_consistency took: 0.000 seconds
s8_to_sigma8 took: 0.000 seconds
Using likelihooods from first run:
 - 2pt
 - candl.spt3g_d1_kk_index
 - shear_ratio

Running the pipeline again to determine timings and fast-slow split

consistency took: 0.001 seconds
bbn_consistency took: 0.000 seconds
s8_to_sigma8 took: 0.000 seconds
Using likelihooods from first run:
 - 2pt
 - candl.spt3g_d1_kk_index
 - shear_ratio

Running the pipeline again to determine timings and fast-slow split

Using likelihooods from first run:
 - 2pt
 - candl.spt3g_d1_kk_index
consistency took: 0.000 seconds
bbn_consistency took: 0.000 seconds
s8_to_sigma8 took: 0.000 seconds
 - shear_ratio

Running the pipeline again to determine timings and fast-slow split

consistency took: 0.001 seconds
bbn_consistency took: 0.000 seconds
s8_to_sigma8 took: 0.000 seconds
Using likelihooods from first run:
 - 2pt
 - candl.spt3g_d1_kk_index
 - shear_ratio

Running the pipeline again to determine timings and fast-slow split

consistency took: 0.001 seconds
bbn_consistency took: 0.000 seconds
s8_to_sigma8 took: 0.000 seconds
Using likelihooods from first run:
 - 2pt
 - candl.spt3g_d1_kk_index
 - shear_ratio

Running the pipeline again to determine timings and fast-slow split

consistency took: 0.001 seconds
bbn_consistency took: 0.000 seconds
s8_to_sigma8 took: 0.000 seconds
Using likelihooods from first run:
 - 2pt
 - candl.spt3g_d1_kk_index
 - shear_ratio

Running the pipeline again to determine timings and fast-slow split

consistency took: 0.001 seconds
bbn_consistency took: 0.000 seconds
s8_to_sigma8 took: 0.000 seconds
Using likelihooods from first run:
 - 2pt
 - candl.spt3g_d1_kk_index
 - shear_ratio

Running the pipeline again to determine timings and fast-slow split

consistency took: 0.001 seconds
bbn_consistency took: 0.000 seconds
s8_to_sigma8 took: 0.000 seconds
Using likelihooods from first run:
 - 2pt
 - candl.spt3g_d1_kk_index
 - shear_ratio

Running the pipeline again to determine timings and fast-slow split

consistency took: 0.001 seconds
bbn_consistency took: 0.000 seconds
s8_to_sigma8 took: 0.000 seconds
Using likelihooods from first run:
 - 2pt
 - candl.spt3g_d1_kk_index
 - shear_ratio

Running the pipeline again to determine timings and fast-slow split

consistency took: 0.001 seconds
bbn_consistency took: 0.000 seconds
s8_to_sigma8 took: 0.000 seconds
Using likelihooods from first run:
 - 2pt
 - candl.spt3g_d1_kk_index
 - shear_ratio

Running the pipeline again to determine timings and fast-slow split

consistency took: 0.001 seconds
bbn_consistency took: 0.000 seconds
s8_to_sigma8 took: 0.000 seconds
Using likelihooods from first run:
 - 2pt
 - candl.spt3g_d1_kk_index
 - shear_ratio

Running the pipeline again to determine timings and fast-slow split

consistency took: 0.001 seconds
bbn_consistency took: 0.000 seconds
s8_to_sigma8 took: 0.000 seconds
Using likelihooods from first run:
 - 2pt
 - candl.spt3g_d1_kk_index
 - shear_ratio

Running the pipeline again to determine timings and fast-slow split

consistency took: 0.001 seconds
bbn_consistency took: 0.000 seconds
s8_to_sigma8 took: 0.000 seconds
Using likelihooods from first run:
 - 2pt
 - candl.spt3g_d1_kk_index
 - shear_ratio

Running the pipeline again to determine timings and fast-slow split

consistency took: 0.000 seconds
bbn_consistency took: 0.000 seconds
s8_to_sigma8 took: 0.000 seconds
Using likelihooods from first run:
 - 2pt
 - candl.spt3g_d1_kk_index
 - shear_ratio

Running the pipeline again to determine timings and fast-slow split

consistency took: 0.000 seconds
bbn_consistency took: 0.000 seconds
s8_to_sigma8 took: 0.000 seconds
Using likelihooods from first run:
 - 2pt
 - candl.spt3g_d1_kk_index
 - shear_ratio

Running the pipeline again to determine timings and fast-slow split

consistency took: 0.001 seconds
bbn_consistency took: 0.000 seconds
s8_to_sigma8 took: 0.000 seconds
Using likelihooods from first run:
 - 2pt
 - candl.spt3g_d1_kk_index
 - shear_ratio

Running the pipeline again to determine timings and fast-slow split

consistency took: 0.001 seconds
bbn_consistency took: 0.000 seconds
s8_to_sigma8 took: 0.000 seconds
Using likelihooods from first run:
 - 2pt
 - candl.spt3g_d1_kk_index
 - shear_ratio

Running the pipeline again to determine timings and fast-slow split

consistency took: 0.001 seconds
bbn_consistency took: 0.000 seconds
s8_to_sigma8 took: 0.000 seconds
Using likelihooods from first run:
 - 2pt
 - candl.spt3g_d1_kk_index
 - shear_ratio

Running the pipeline again to determine timings and fast-slow split

consistency took: 0.001 seconds
bbn_consistency took: 0.000 seconds
s8_to_sigma8 took: 0.000 seconds
Using likelihooods from first run:
 - 2pt
 - candl.spt3g_d1_kk_index
 - shear_ratio

Running the pipeline again to determine timings and fast-slow split

consistency took: 0.001 seconds
bbn_consistency took: 0.000 seconds
s8_to_sigma8 took: 0.000 seconds
Using likelihooods from first run:
 - 2pt
 - candl.spt3g_d1_kk_index
 - shear_ratio

Running the pipeline again to determine timings and fast-slow split

consistency took: 0.001 seconds
bbn_consistency took: 0.000 seconds
s8_to_sigma8 took: 0.000 seconds
Using likelihooods from first run:
 - 2pt
 - candl.spt3g_d1_kk_index
 - shear_ratio

Running the pipeline again to determine timings and fast-slow split

consistency took: 0.001 seconds
bbn_consistency took: 0.000 seconds
s8_to_sigma8 took: 0.000 seconds
Using likelihooods from first run:
 - 2pt
 - candl.spt3g_d1_kk_index
 - shear_ratio

Running the pipeline again to determine timings and fast-slow split

consistency took: 0.001 seconds
bbn_consistency took: 0.000 seconds
s8_to_sigma8 took: 0.000 seconds
Using likelihooods from first run:
 - 2pt
 - candl.spt3g_d1_kk_index
 - shear_ratio

Running the pipeline again to determine timings and fast-slow split

consistency took: 0.001 seconds
bbn_consistency took: 0.000 seconds
s8_to_sigma8 took: 0.000 seconds
Using likelihooods from first run:
 - 2pt
 - candl.spt3g_d1_kk_index
 - shear_ratio

Running the pipeline again to determine timings and fast-slow split

consistency took: 0.001 seconds
bbn_consistency took: 0.000 seconds
s8_to_sigma8 took: 0.000 seconds
Using likelihooods from first run:
 - 2pt
 - candl.spt3g_d1_kk_index
 - shear_ratio

Running the pipeline again to determine timings and fast-slow split

consistency took: 0.001 seconds
bbn_consistency took: 0.000 seconds
s8_to_sigma8 took: 0.000 seconds
Using likelihooods from first run:
 - 2pt
 - candl.spt3g_d1_kk_index
 - shear_ratio

Running the pipeline again to determine timings and fast-slow split

consistency took: 0.001 seconds
bbn_consistency took: 0.000 seconds
s8_to_sigma8 took: 0.000 seconds
Using likelihooods from first run:
 - 2pt
 - candl.spt3g_d1_kk_index
 - shear_ratio

Running the pipeline again to determine timings and fast-slow split

consistency took: 0.001 seconds
bbn_consistency took: 0.000 seconds
s8_to_sigma8 took: 0.000 seconds
Using likelihooods from first run:
 - 2pt
 - candl.spt3g_d1_kk_index
 - shear_ratio

Running the pipeline again to determine timings and fast-slow split

consistency took: 0.001 seconds
bbn_consistency took: 0.000 seconds
s8_to_sigma8 took: 0.000 seconds
Using likelihooods from first run:
 - 2pt
 - candl.spt3g_d1_kk_index
 - shear_ratio

Running the pipeline again to determine timings and fast-slow split

consistency took: 0.001 seconds
bbn_consistency took: 0.000 seconds
s8_to_sigma8 took: 0.000 seconds
Using likelihooods from first run:
 - 2pt
 - candl.spt3g_d1_kk_index
 - shear_ratio

Running the pipeline again to determine timings and fast-slow split

consistency took: 0.001 seconds
bbn_consistency took: 0.000 seconds
s8_to_sigma8 took: 0.000 seconds
Using likelihooods from first run:
 - 2pt
 - candl.spt3g_d1_kk_index
 - shear_ratio

Running the pipeline again to determine timings and fast-slow split

consistency took: 0.001 seconds
bbn_consistency took: 0.000 seconds
s8_to_sigma8 took: 0.000 seconds
Using likelihooods from first run:
 - 2pt
 - candl.spt3g_d1_kk_index
 - shear_ratio

Running the pipeline again to determine timings and fast-slow split

consistency took: 0.001 seconds
bbn_consistency took: 0.000 seconds
s8_to_sigma8 took: 0.000 seconds
Using likelihooods from first run:
 - 2pt
 - candl.spt3g_d1_kk_index
 - shear_ratio

Running the pipeline again to determine timings and fast-slow split

consistency took: 0.001 seconds
bbn_consistency took: 0.000 seconds
s8_to_sigma8 took: 0.000 seconds
Using likelihooods from first run:
 - 2pt
 - candl.spt3g_d1_kk_index
 - shear_ratio

Running the pipeline again to determine timings and fast-slow split

consistency took: 0.001 seconds
bbn_consistency took: 0.000 seconds
s8_to_sigma8 took: 0.000 seconds
Using likelihooods from first run:
 - 2pt
 - candl.spt3g_d1_kk_index
 - shear_ratio

Running the pipeline again to determine timings and fast-slow split

consistency took: 0.001 seconds
bbn_consistency took: 0.000 seconds
s8_to_sigma8 took: 0.000 seconds
Using likelihooods from first run:
 - 2pt
 - candl.spt3g_d1_kk_index
 - shear_ratio

Running the pipeline again to determine timings and fast-slow split

consistency took: 0.001 seconds
bbn_consistency took: 0.000 seconds
s8_to_sigma8 took: 0.000 seconds
Using likelihooods from first run:
 - 2pt
 - candl.spt3g_d1_kk_index
 - shear_ratio

Running the pipeline again to determine timings and fast-slow split

consistency took: 0.001 seconds
bbn_consistency took: 0.000 seconds
s8_to_sigma8 took: 0.000 seconds
Using likelihooods from first run:
 - 2pt
 - candl.spt3g_d1_kk_index
 - shear_ratio

Running the pipeline again to determine timings and fast-slow split

consistency took: 0.001 seconds
bbn_consistency took: 0.000 seconds
s8_to_sigma8 took: 0.000 seconds
Using likelihooods from first run:
 - 2pt
 - candl.spt3g_d1_kk_index
 - shear_ratio

Running the pipeline again to determine timings and fast-slow split

consistency took: 0.001 seconds
bbn_consistency took: 0.000 seconds
s8_to_sigma8 took: 0.000 seconds
Using likelihooods from first run:
 - 2pt
 - candl.spt3g_d1_kk_index
 - shear_ratio

Running the pipeline again to determine timings and fast-slow split

consistency took: 0.001 seconds
bbn_consistency took: 0.000 seconds
s8_to_sigma8 took: 0.000 seconds
Using likelihooods from first run:
 - 2pt
 - candl.spt3g_d1_kk_index
 - shear_ratio

Running the pipeline again to determine timings and fast-slow split

consistency took: 0.001 seconds
bbn_consistency took: 0.000 seconds
s8_to_sigma8 took: 0.000 seconds
Using likelihooods from first run:
 - 2pt
 - candl.spt3g_d1_kk_index
 - shear_ratio

Running the pipeline again to determine timings and fast-slow split

consistency took: 0.001 seconds
bbn_consistency took: 0.000 seconds
s8_to_sigma8 took: 0.000 seconds
Using likelihooods from first run:
 - 2pt
 - candl.spt3g_d1_kk_index
 - shear_ratio

Running the pipeline again to determine timings and fast-slow split

consistency took: 0.001 seconds
bbn_consistency took: 0.000 seconds
s8_to_sigma8 took: 0.000 seconds
Using likelihooods from first run:
 - 2pt
 - candl.spt3g_d1_kk_index
 - shear_ratio

Running the pipeline again to determine timings and fast-slow split

consistency took: 0.001 seconds
bbn_consistency took: 0.000 seconds
s8_to_sigma8 took: 0.000 seconds
Using likelihooods from first run:
 - 2pt
 - candl.spt3g_d1_kk_index
 - shear_ratio

Running the pipeline again to determine timings and fast-slow split

consistency took: 0.001 seconds
bbn_consistency took: 0.000 seconds
s8_to_sigma8 took: 0.000 seconds
Using likelihooods from first run:
 - 2pt
 - candl.spt3g_d1_kk_index
 - shear_ratio

Running the pipeline again to determine timings and fast-slow split

consistency took: 0.000 seconds
bbn_consistency took: 0.000 seconds
s8_to_sigma8 took: 0.000 seconds
Using likelihooods from first run:
 - 2pt
 - candl.spt3g_d1_kk_index
 - shear_ratio

Running the pipeline again to determine timings and fast-slow split

consistency took: 0.001 seconds
bbn_consistency took: 0.000 seconds
s8_to_sigma8 took: 0.000 seconds
Using likelihooods from first run:
 - 2pt
 - candl.spt3g_d1_kk_index
 - shear_ratio

Running the pipeline again to determine timings and fast-slow split

consistency took: 0.001 seconds
bbn_consistency took: 0.000 seconds
s8_to_sigma8 took: 0.000 seconds
Using likelihooods from first run:
 - 2pt
 - candl.spt3g_d1_kk_index
 - shear_ratio

Running the pipeline again to determine timings and fast-slow split

consistency took: 0.001 seconds
bbn_consistency took: 0.000 seconds
s8_to_sigma8 took: 0.000 seconds
Using likelihooods from first run:
 - 2pt
 - candl.spt3g_d1_kk_index
 - shear_ratio

Running the pipeline again to determine timings and fast-slow split

consistency took: 0.001 seconds
bbn_consistency took: 0.000 seconds
s8_to_sigma8 took: 0.000 seconds
Using likelihooods from first run:
 - 2pt
 - candl.spt3g_d1_kk_index
 - shear_ratio

Running the pipeline again to determine timings and fast-slow split

consistency took: 0.001 seconds
bbn_consistency took: 0.000 seconds
s8_to_sigma8 took: 0.000 seconds
Using likelihooods from first run:
 - 2pt
 - candl.spt3g_d1_kk_index
 - shear_ratio

Running the pipeline again to determine timings and fast-slow split

consistency took: 0.001 seconds
bbn_consistency took: 0.000 seconds
s8_to_sigma8 took: 0.000 seconds
Doing fast/slow parameter splitting

Analyzing pipeline to determine fast and slow parameters (because fast_slow=T in [pipeline] section)

Running pipeline once to make sure everything is initialized before timing.

Doing fast/slow parameter splitting

Analyzing pipeline to determine fast and slow parameters (because fast_slow=T in [pipeline] section)

Running pipeline once to make sure everything is initialized before timing.

Doing fast/slow parameter splitting

Analyzing pipeline to determine fast and slow parameters (because fast_slow=T in [pipeline] section)

Running pipeline once to make sure everything is initialized before timing.

Doing fast/slow parameter splitting

Analyzing pipeline to determine fast and slow parameters (because fast_slow=T in [pipeline] section)

Running pipeline once to make sure everything is initialized before timing.

Doing fast/slow parameter splitting

Analyzing pipeline to determine fast and slow parameters (because fast_slow=T in [pipeline] section)

Running pipeline once to make sure everything is initialized before timing.

Doing fast/slow parameter splitting

Analyzing pipeline to determine fast and slow parameters (because fast_slow=T in [pipeline] section)

Running pipeline once to make sure everything is initialized before timing.

Doing fast/slow parameter splitting

Analyzing pipeline to determine fast and slow parameters (because fast_slow=T in [pipeline] section)

Running pipeline once to make sure everything is initialized before timing.

Doing fast/slow parameter splitting

Analyzing pipeline to determine fast and slow parameters (because fast_slow=T in [pipeline] section)

Running pipeline once to make sure everything is initialized before timing.

Doing fast/slow parameter splitting

Analyzing pipeline to determine fast and slow parameters (because fast_slow=T in [pipeline] section)

Running pipeline once to make sure everything is initialized before timing.

Doing fast/slow parameter splitting

Analyzing pipeline to determine fast and slow parameters (because fast_slow=T in [pipeline] section)

Running pipeline once to make sure everything is initialized before timing.

Doing fast/slow parameter splitting

Analyzing pipeline to determine fast and slow parameters (because fast_slow=T in [pipeline] section)

Running pipeline once to make sure everything is initialized before timing.

Doing fast/slow parameter splitting

Analyzing pipeline to determine fast and slow parameters (because fast_slow=T in [pipeline] section)

Running pipeline once to make sure everything is initialized before timing.

Doing fast/slow parameter splitting

Analyzing pipeline to determine fast and slow parameters (because fast_slow=T in [pipeline] section)

Running pipeline once to make sure everything is initialized before timing.

Doing fast/slow parameter splitting

Analyzing pipeline to determine fast and slow parameters (because fast_slow=T in [pipeline] section)

Running pipeline once to make sure everything is initialized before timing.

Doing fast/slow parameter splitting

Analyzing pipeline to determine fast and slow parameters (because fast_slow=T in [pipeline] section)

Running pipeline once to make sure everything is initialized before timing.

Doing fast/slow parameter splitting

Analyzing pipeline to determine fast and slow parameters (because fast_slow=T in [pipeline] section)

Running pipeline once to make sure everything is initialized before timing.

Doing fast/slow parameter splitting

Analyzing pipeline to determine fast and slow parameters (because fast_slow=T in [pipeline] section)

Running pipeline once to make sure everything is initialized before timing.

Doing fast/slow parameter splitting

Analyzing pipeline to determine fast and slow parameters (because fast_slow=T in [pipeline] section)

Running pipeline once to make sure everything is initialized before timing.

Doing fast/slow parameter splitting

Analyzing pipeline to determine fast and slow parameters (because fast_slow=T in [pipeline] section)

Running pipeline once to make sure everything is initialized before timing.

Doing fast/slow parameter splitting

Analyzing pipeline to determine fast and slow parameters (because fast_slow=T in [pipeline] section)

Running pipeline once to make sure everything is initialized before timing.

Doing fast/slow parameter splitting

Analyzing pipeline to determine fast and slow parameters (because fast_slow=T in [pipeline] section)

Running pipeline once to make sure everything is initialized before timing.

camb took: 55.458 seconds
as_to_log1e10as took: 0.000 seconds
fast_pt took: 0.124 seconds
fits_nz took: 0.000 seconds
lens_photoz_width took: 0.001 seconds
lens_photoz_bias took: 0.001 seconds
source_photoz_bias took: 0.001 seconds
IA took: 0.018 seconds
camb took: 55.478 seconds
as_to_log1e10as took: 0.000 seconds
Doing fast/slow parameter splitting

Analyzing pipeline to determine fast and slow parameters (because fast_slow=T in [pipeline] section)

Running pipeline once to make sure everything is initialized before timing.

Doing fast/slow parameter splitting

Analyzing pipeline to determine fast and slow parameters (because fast_slow=T in [pipeline] section)

Running pipeline once to make sure everything is initialized before timing.

fast_pt took: 0.129 seconds
fits_nz took: 0.000 seconds
lens_photoz_width took: 0.001 seconds
camb took: 54.681 seconds
lens_photoz_bias took: 0.001 seconds
as_to_log1e10as took: 0.000 seconds
source_photoz_bias took: 0.001 seconds
Doing fast/slow parameter splitting

Analyzing pipeline to determine fast and slow parameters (because fast_slow=T in [pipeline] section)

Running pipeline once to make sure everything is initialized before timing.

camb took: 55.288 seconds
as_to_log1e10as took: 0.000 seconds
IA took: 0.029 seconds
fast_pt took: 0.125 seconds
fits_nz took: 0.000 seconds
lens_photoz_width took: 0.001 seconds
lens_photoz_bias took: 0.001 seconds
source_photoz_bias took: 0.001 seconds
fast_pt took: 0.126 seconds
IA took: 0.018 seconds
fits_nz took: 0.000 seconds
lens_photoz_width took: 0.001 seconds
lens_photoz_bias took: 0.001 seconds
source_photoz_bias took: 0.001 seconds
camb took: 54.517 seconds
as_to_log1e10as took: 0.000 seconds
IA took: 0.018 seconds
fast_pt took: 0.124 seconds
fits_nz took: 0.000 seconds
lens_photoz_width took: 0.001 seconds
lens_photoz_bias took: 0.001 seconds
source_photoz_bias took: 0.001 seconds
IA took: 0.017 seconds
camb took: 55.406 seconds
as_to_log1e10as took: 0.000 seconds
camb took: 55.648 seconds
as_to_log1e10as took: 0.000 seconds
Doing fast/slow parameter splitting

Analyzing pipeline to determine fast and slow parameters (because fast_slow=T in [pipeline] section)

Running pipeline once to make sure everything is initialized before timing.

camb took: 54.080 seconds
as_to_log1e10as took: 0.000 seconds
camb took: 54.184 seconds
as_to_log1e10as took: 0.000 seconds
camb took: 55.823 seconds
as_to_log1e10as took: 0.000 seconds
fast_pt took: 0.125 seconds
fits_nz took: 0.000 seconds
lens_photoz_width took: 0.001 seconds
lens_photoz_bias took: 0.001 seconds
source_photoz_bias took: 0.001 seconds
fast_pt took: 0.131 seconds
fits_nz took: 0.000 seconds
lens_photoz_width took: 0.001 seconds
lens_photoz_bias took: 0.001 seconds
source_photoz_bias took: 0.001 seconds
IA took: 0.018 seconds
camb took: 54.358 seconds
as_to_log1e10as took: 0.000 seconds
IA took: 0.029 seconds
fast_pt took: 0.128 seconds
fits_nz took: 0.000 seconds
lens_photoz_width took: 0.001 seconds
lens_photoz_bias took: 0.001 seconds
source_photoz_bias took: 0.001 seconds
fast_pt took: 0.126 seconds
fits_nz took: 0.000 seconds
lens_photoz_width took: 0.001 seconds
lens_photoz_bias took: 0.001 seconds
source_photoz_bias took: 0.001 seconds
IA took: 0.028 seconds
fast_pt took: 0.130 seconds
fits_nz took: 0.000 seconds
lens_photoz_width took: 0.001 seconds
lens_photoz_bias took: 0.001 seconds
source_photoz_bias took: 0.001 seconds
camb took: 55.374 seconds
as_to_log1e10as took: 0.000 seconds
camb took: 53.904 seconds
as_to_log1e10as took: 0.000 seconds
IA took: 0.028 seconds
IA took: 0.018 seconds
camb took: 55.980 seconds
as_to_log1e10as took: 0.000 seconds
fast_pt took: 0.127 seconds
fits_nz took: 0.000 seconds
lens_photoz_width took: 0.001 seconds
lens_photoz_bias took: 0.001 seconds
source_photoz_bias took: 0.001 seconds
camb took: 54.322 seconds
camb took: 55.181 seconds
as_to_log1e10as took: 0.000 seconds
as_to_log1e10as took: 0.000 seconds
camb took: 55.208 seconds
as_to_log1e10as took: 0.000 seconds
camb took: 55.655 seconds
as_to_log1e10as took: 0.000 seconds
camb took: 55.641 seconds
as_to_log1e10as took: 0.000 seconds
fast_pt took: 0.090 seconds
fits_nz took: 0.000 seconds
lens_photoz_width took: 0.001 seconds
IA took: 0.028 seconds
fast_pt took: 0.091 seconds
fits_nz took: 0.000 seconds
lens_photoz_width took: 0.001 seconds
lens_photoz_bias took: 0.001 seconds
source_photoz_bias took: 0.001 seconds
lens_photoz_bias took: 0.001 seconds
source_photoz_bias took: 0.001 seconds
camb took: 55.184 seconds
as_to_log1e10as took: 0.000 seconds
IA took: 0.016 seconds
IA took: 0.015 seconds
camb took: 55.314 seconds
as_to_log1e10as took: 0.000 seconds
camb took: 54.920 seconds
as_to_log1e10as took: 0.000 seconds
fast_pt took: 0.090 seconds
fits_nz took: 0.000 seconds
lens_photoz_width took: 0.001 seconds
lens_photoz_bias took: 0.001 seconds
source_photoz_bias took: 0.001 seconds
fast_pt took: 0.091 seconds
fits_nz took: 0.000 seconds
lens_photoz_width took: 0.001 seconds
lens_photoz_bias took: 0.001 seconds
source_photoz_bias took: 0.001 seconds
fast_pt took: 0.130 seconds
fits_nz took: 0.000 seconds
lens_photoz_width took: 0.001 seconds
lens_photoz_bias took: 0.001 seconds
source_photoz_bias took: 0.001 seconds
camb took: 54.297 seconds
as_to_log1e10as took: 0.000 seconds
IA took: 0.015 seconds
IA took: 0.024 seconds
IA took: 0.019 seconds
fast_pt took: 0.125 seconds
fits_nz took: 0.000 seconds
fast_pt took: 0.125 seconds
fits_nz took: 0.000 seconds
lens_photoz_width took: 0.001 seconds
lens_photoz_bias took: 0.001 seconds
lens_photoz_width took: 0.001 seconds
source_photoz_bias took: 0.001 seconds
lens_photoz_bias took: 0.001 seconds
source_photoz_bias took: 0.001 seconds
fast_pt took: 0.089 seconds
fits_nz took: 0.000 seconds
lens_photoz_width took: 0.001 seconds
lens_photoz_bias took: 0.001 seconds
source_photoz_bias took: 0.001 seconds
fast_pt took: 0.128 seconds
fits_nz took: 0.000 seconds
lens_photoz_width took: 0.001 seconds
IA took: 0.018 seconds
lens_photoz_bias took: 0.001 seconds
source_photoz_bias took: 0.001 seconds
IA took: 0.018 seconds
IA took: 0.016 seconds
camb took: 54.436 seconds
as_to_log1e10as took: 0.000 seconds
IA took: 0.029 seconds
fast_pt took: 0.129 seconds
fits_nz took: 0.000 seconds
lens_photoz_width took: 0.001 seconds
fast_pt took: 0.092 seconds
fits_nz took: 0.000 seconds
lens_photoz_bias took: 0.001 seconds
lens_photoz_width took: 0.001 seconds
source_photoz_bias took: 0.001 seconds
lens_photoz_bias took: 0.001 seconds
source_photoz_bias took: 0.001 seconds
camb took: 54.056 seconds
as_to_log1e10as took: 0.000 seconds
IA took: 0.015 seconds
camb took: 54.995 seconds
as_to_log1e10as took: 0.000 seconds
fast_pt took: 0.138 seconds
fits_nz took: 0.000 seconds
lens_photoz_width took: 0.001 seconds
lens_photoz_bias took: 0.001 seconds
source_photoz_bias took: 0.001 seconds
IA took: 0.028 seconds
camb took: 54.858 seconds
as_to_log1e10as took: 0.000 seconds
IA took: 0.020 seconds
camb took: 54.404 seconds
as_to_log1e10as took: 0.000 seconds
camb took: 54.701 seconds
as_to_log1e10as took: 0.000 seconds
fast_pt took: 0.091 seconds
fits_nz took: 0.000 seconds
lens_photoz_width took: 0.001 seconds
lens_photoz_bias took: 0.001 seconds
source_photoz_bias took: 0.001 seconds
camb took: 54.867 seconds
as_to_log1e10as took: 0.000 seconds
camb took: 54.629 seconds
as_to_log1e10as took: 0.000 seconds
IA took: 0.015 seconds
pk_to_cl_gg took: 1.107 seconds
camb took: 54.731 seconds
as_to_log1e10as took: 0.000 seconds
fast_pt took: 0.091 seconds
fits_nz took: 0.000 seconds
lens_photoz_width took: 0.001 seconds
lens_photoz_bias took: 0.001 seconds
source_photoz_bias took: 0.001 seconds
IA took: 0.015 seconds
fast_pt took: 0.091 seconds
fits_nz took: 0.000 seconds
lens_photoz_width took: 0.001 seconds
fast_pt took: 0.126 seconds
fits_nz took: 0.000 seconds
lens_photoz_bias took: 0.001 seconds
source_photoz_bias took: 0.001 seconds
lens_photoz_width took: 0.001 seconds
lens_photoz_bias took: 0.001 seconds
source_photoz_bias took: 0.001 seconds
fast_pt took: 0.089 seconds
fits_nz took: 0.000 seconds
lens_photoz_width took: 0.001 seconds
lens_photoz_bias took: 0.001 seconds
source_photoz_bias took: 0.001 seconds
IA took: 0.015 seconds
IA took: 0.018 seconds
IA took: 0.016 seconds
camb took: 55.941 seconds
as_to_log1e10as took: 0.000 seconds
fast_pt took: 0.091 seconds
fits_nz took: 0.000 seconds
lens_photoz_width took: 0.001 seconds
fast_pt took: 0.124 seconds
lens_photoz_bias took: 0.001 seconds
fits_nz took: 0.000 seconds
source_photoz_bias took: 0.001 seconds
lens_photoz_width took: 0.001 seconds
lens_photoz_bias took: 0.001 seconds
source_photoz_bias took: 0.001 seconds
fast_pt took: 0.105 seconds
fits_nz took: 0.000 seconds
lens_photoz_width took: 0.001 seconds
IA took: 0.015 seconds
fast_pt took: 0.090 seconds
fits_nz took: 0.000 seconds
lens_photoz_bias took: 0.001 seconds
source_photoz_bias took: 0.001 seconds
lens_photoz_width took: 0.001 seconds
lens_photoz_bias took: 0.001 seconds
source_photoz_bias took: 0.001 seconds
IA took: 0.025 seconds
IA took: 0.015 seconds
IA took: 0.025 seconds
camb took: 55.860 seconds
as_to_log1e10as took: 0.000 seconds
pk_to_cl_gg took: 0.963 seconds
camb took: 54.398 seconds
as_to_log1e10as took: 0.000 seconds
fast_pt took: 0.129 seconds
fits_nz took: 0.000 seconds
lens_photoz_width took: 0.001 seconds
camb took: 54.402 seconds
as_to_log1e10as took: 0.000 seconds
lens_photoz_bias took: 0.001 seconds
source_photoz_bias took: 0.001 seconds
IA took: 0.019 seconds
pk_to_cl_gg took: 1.005 seconds
camb took: 55.488 seconds
as_to_log1e10as took: 0.000 seconds
camb took: 53.948 seconds
as_to_log1e10as took: 0.000 seconds
fast_pt took: 0.127 seconds
fits_nz took: 0.000 seconds
lens_photoz_width took: 0.001 seconds
lens_photoz_bias took: 0.001 seconds
source_photoz_bias took: 0.001 seconds
fast_pt took: 0.092 seconds
fits_nz took: 0.000 seconds
lens_photoz_width took: 0.001 seconds
lens_photoz_bias took: 0.001 seconds
source_photoz_bias took: 0.001 seconds
IA took: 0.018 seconds
IA took: 0.024 seconds
fast_pt took: 0.126 seconds
fits_nz took: 0.000 seconds
lens_photoz_width took: 0.001 seconds
lens_photoz_bias took: 0.001 seconds
pk_to_cl_gg took: 1.245 seconds
source_photoz_bias took: 0.001 seconds
IA took: 0.018 seconds
fast_pt took: 0.091 seconds
fits_nz took: 0.000 seconds
lens_photoz_width took: 0.001 seconds
lens_photoz_bias took: 0.001 seconds
source_photoz_bias took: 0.001 seconds
fast_pt took: 0.128 seconds
fits_nz took: 0.000 seconds
lens_photoz_width took: 0.001 seconds
lens_photoz_bias took: 0.001 seconds
IA took: 0.015 seconds
source_photoz_bias took: 0.001 seconds
IA took: 0.029 seconds
camb took: 56.353 seconds
as_to_log1e10as took: 0.000 seconds
camb took: 55.541 seconds
as_to_log1e10as took: 0.000 seconds
camb took: 55.240 seconds
as_to_log1e10as took: 0.000 seconds
pk_to_cl took: 0.479 seconds
add_magnification took: 0.005 seconds
add_intrinsic took: 0.002 seconds
Doing fast/slow parameter splitting

Analyzing pipeline to determine fast and slow parameters (because fast_slow=T in [pipeline] section)

Running pipeline once to make sure everything is initialized before timing.

Doing fast/slow parameter splitting

Analyzing pipeline to determine fast and slow parameters (because fast_slow=T in [pipeline] section)

Running pipeline once to make sure everything is initialized before timing.

camb took: 55.510 seconds
as_to_log1e10as took: 0.000 seconds
camb took: 54.686 seconds
as_to_log1e10as took: 0.000 seconds
fast_pt took: 0.130 seconds
fits_nz took: 0.000 seconds
pk_to_cl_gg took: 1.003 seconds
lens_photoz_width took: 0.001 seconds
lens_photoz_bias took: 0.001 seconds
source_photoz_bias took: 0.001 seconds
Doing fast/slow parameter splitting

Analyzing pipeline to determine fast and slow parameters (because fast_slow=T in [pipeline] section)

Running pipeline once to make sure everything is initialized before timing.

fast_pt took: 0.093 seconds
fits_nz took: 0.000 seconds
lens_photoz_width took: 0.001 seconds
lens_photoz_bias took: 0.001 seconds
source_photoz_bias took: 0.001 seconds
IA took: 0.018 seconds
fast_pt took: 0.128 seconds
fits_nz took: 0.000 seconds
lens_photoz_width took: 0.001 seconds
lens_photoz_bias took: 0.001 seconds
source_photoz_bias took: 0.001 seconds
pk_to_cl_gg took: 0.936 seconds
2pt_shear took: 0.090 seconds
IA took: 0.024 seconds
camb took: 54.842 seconds
as_to_log1e10as took: 0.000 seconds
pk_to_cl_gg took: 1.028 seconds
2pt_gal took: 0.027 seconds
IA took: 0.029 seconds
pk_to_cl_gg took: 1.240 seconds
pk_to_cl_gg took: 0.990 seconds
fast_pt took: 0.089 seconds
fits_nz took: 0.000 seconds
lens_photoz_width took: 0.001 seconds
lens_photoz_bias took: 0.001 seconds
source_photoz_bias took: 0.001 seconds
fast_pt took: 0.107 seconds
fits_nz took: 0.000 seconds
lens_photoz_width took: 0.001 seconds
lens_photoz_bias took: 0.001 seconds
source_photoz_bias took: 0.001 seconds
pk_to_cl_gg took: 0.903 seconds
IA took: 0.016 seconds
IA took: 0.016 seconds
pk_to_cl took: 0.475 seconds
add_magnification took: 0.005 seconds
add_intrinsic took: 0.002 seconds
pk_to_cl_gg took: 0.907 seconds
Doing fast/slow parameter splitting

Analyzing pipeline to determine fast and slow parameters (because fast_slow=T in [pipeline] section)

Running pipeline once to make sure everything is initialized before timing.

pk_to_cl_gg took: 0.913 seconds
camb took: 55.753 seconds
as_to_log1e10as took: 0.000 seconds
fast_pt took: 0.089 seconds
fits_nz took: 0.000 seconds
lens_photoz_width took: 0.001 seconds
lens_photoz_bias took: 0.001 seconds
source_photoz_bias took: 0.001 seconds
IA took: 0.015 seconds
2pt_gal_shear took: 0.104 seconds
pk_to_cl took: 0.483 seconds
shear_m_bias took: 0.002 seconds
add_point_mass took: 0.000 seconds
pk_to_cl_gg took: 0.900 seconds
camb took: 54.817 seconds
as_to_log1e10as took: 0.000 seconds
add_magnification took: 0.005 seconds
add_intrinsic took: 0.002 seconds
pk_to_cl_gg took: 0.896 seconds
2pt_like took: 0.020 seconds
shear_ratio_like took: 0.001 seconds
2pt_shear took: 0.090 seconds
camb took: 55.523 seconds
as_to_log1e10as took: 0.000 seconds
pk_to_cl_gg took: 0.899 seconds
spt3g_d1_lensing took: 0.024 seconds
Total pipeline time: 57.5 seconds
2pt_gal took: 0.027 seconds
Doing fast/slow parameter splitting

Analyzing pipeline to determine fast and slow parameters (because fast_slow=T in [pipeline] section)

Running pipeline once to make sure everything is initialized before timing.



Parameters first used in each module:
consistency - 5 parameters:
     cosmological_parameters--ombh2
     cosmological_parameters--omch2
     cosmological_parameters--h0
     cosmological_parameters--mnu
     cosmological_parameters--s_8
bbn_consistency - 0 parameters:
s8_to_sigma8 - 0 parameters:
camb - 2 parameters:
     cosmological_parameters--n_s
     halo_model_parameters--logt_agn
as_to_log1e10as - 0 parameters:
fast_pt - 0 parameters:
fits_nz - 0 parameters:
lens_photoz_width - 4 parameters:
     lens_photoz_errors--width_1
     lens_photoz_errors--width_2
     lens_photoz_errors--width_3
     lens_photoz_errors--width_4
lens_photoz_bias - 4 parameters:
     lens_photoz_errors--bias_1
     lens_photoz_errors--bias_2
     lens_photoz_errors--bias_3
     lens_photoz_errors--bias_4
source_photoz_bias - 4 parameters:
     wl_photoz_errors--bias_1
     wl_photoz_errors--bias_2
     wl_photoz_errors--bias_3
     wl_photoz_errors--bias_4
IA - 5 parameters:
     intrinsic_alignment_parameters--a1
     intrinsic_alignment_parameters--a2
     intrinsic_alignment_parameters--alpha1
     intrinsic_alignment_parameters--alpha2
     intrinsic_alignment_parameters--bias_ta
pk_to_cl_gg - 4 parameters:
     bias_lens--b1
     bias_lens--b2
     bias_lens--b3
     bias_lens--b4
pk_to_cl - 0 parameters:
add_magnification - 0 parameters:
add_intrinsic - 0 parameters:
2pt_shear - 0 parameters:
2pt_gal - 0 parameters:
2pt_gal_shear - 0 parameters:
shear_m_bias - 4 parameters:
     shear_calibration_parameters--m1
     shear_calibration_parameters--m2
     shear_calibration_parameters--m3
     shear_calibration_parameters--m4
add_point_mass - 0 parameters:
2pt_like - 0 parameters:
shear_ratio_like - 0 parameters:
spt3g_d1_lensing - 7 parameters:
     candl_nuisance_parameters--acib150
     candl_nuisance_parameters--acib220
     candl_nuisance_parameters--arad150
     candl_nuisance_parameters--arad90
     candl_nuisance_parameters--atsz
     candl_nuisance_parameters--pcal_lens
     candl_nuisance_parameters--tcal_lens
Results - 0 parameters:
You manually told me in the parameter file to use module 18 as the first in the fast block
Time for full pipeline:  57.47s
Time for slow pipeline:  57.42s
Time for fast pipeline:  0.05s
Time saving: 99.92%

Based on this we have decided: 
   Slow modules (18):
        consistency
        bbn_consistency
        s8_to_sigma8
        camb
        as_to_log1e10as
        fast_pt
        fits_nz
        lens_photoz_width
        lens_photoz_bias
        source_photoz_bias
        IA
        pk_to_cl_gg
        pk_to_cl
        add_magnification
        add_intrinsic
        2pt_shear
        2pt_gal
        2pt_gal_shear
   Fast modules (5):
        shear_m_bias
        add_point_mass
        2pt_like
        shear_ratio_like
        spt3g_d1_lensing
   Slow parameters (28):
        cosmological_parameters--ombh2
        cosmological_parameters--omch2
        cosmological_parameters--h0
        cosmological_parameters--mnu
        cosmological_parameters--s_8
        cosmological_parameters--n_s
        halo_model_parameters--logt_agn
        lens_photoz_errors--width_1
        lens_photoz_errors--width_2
        lens_photoz_errors--width_3
        lens_photoz_errors--width_4
        lens_photoz_errors--bias_1
        lens_photoz_errors--bias_2
        lens_photoz_errors--bias_3
        lens_photoz_errors--bias_4
        wl_photoz_errors--bias_1
        wl_photoz_errors--bias_2
        wl_photoz_errors--bias_3
        wl_photoz_errors--bias_4
        intrinsic_alignment_parameters--a1
        intrinsic_alignment_parameters--a2
        intrinsic_alignment_parameters--alpha1
        intrinsic_alignment_parameters--alpha2
        intrinsic_alignment_parameters--bias_ta
        bias_lens--b1
        bias_lens--b2
        bias_lens--b3
        bias_lens--b4
   Fast parameters (11):
        shear_calibration_parameters--m1
        shear_calibration_parameters--m2
        shear_calibration_parameters--m3
        shear_calibration_parameters--m4
        candl_nuisance_parameters--acib150
        candl_nuisance_parameters--acib220
        candl_nuisance_parameters--arad150
        candl_nuisance_parameters--arad90
        candl_nuisance_parameters--atsz
        candl_nuisance_parameters--pcal_lens
        candl_nuisance_parameters--tcal_lens


pk_to_cl_gg took: 0.925 seconds
camb took: 54.469 seconds
as_to_log1e10as took: 0.000 seconds
2pt_shear took: 0.090 seconds
fast_pt took: 0.130 seconds
fits_nz took: 0.000 seconds
lens_photoz_width took: 0.001 seconds
camb took: 55.955 seconds
as_to_log1e10as took: 0.000 seconds
lens_photoz_bias took: 0.001 seconds
source_photoz_bias took: 0.001 seconds
pk_to_cl_gg took: 0.969 seconds
camb took: 56.254 seconds
as_to_log1e10as took: 0.000 seconds
fast_pt took: 0.113 seconds
fits_nz took: 0.000 seconds
lens_photoz_width took: 0.001 seconds
lens_photoz_bias took: 0.001 seconds
camb took: 54.594 seconds
as_to_log1e10as took: 0.000 seconds
source_photoz_bias took: 0.001 seconds
IA took: 0.018 seconds
2pt_gal took: 0.027 seconds
pk_to_cl_gg took: 0.908 seconds
Doing fast/slow parameter splitting

Analyzing pipeline to determine fast and slow parameters (because fast_slow=T in [pipeline] section)

Running pipeline once to make sure everything is initialized before timing.

pk_to_cl_gg took: 0.921 seconds
IA took: 0.024 seconds
2pt_gal_shear took: 0.104 seconds
shear_m_bias took: 0.002 seconds
add_point_mass took: 0.000 seconds
fast_pt took: 0.129 seconds
fits_nz took: 0.000 seconds
lens_photoz_width took: 0.001 seconds
lens_photoz_bias took: 0.001 seconds
source_photoz_bias took: 0.001 seconds
fast_pt took: 0.091 seconds
fits_nz took: 0.000 seconds
lens_photoz_width took: 0.001 seconds
pk_to_cl_gg took: 0.898 seconds
lens_photoz_bias took: 0.001 seconds
2pt_like took: 0.019 seconds
source_photoz_bias took: 0.001 seconds
shear_ratio_like took: 0.001 seconds
IA took: 0.018 seconds
pk_to_cl_gg took: 1.251 seconds
camb took: 55.182 seconds
as_to_log1e10as took: 0.000 seconds
IA took: 0.025 seconds
spt3g_d1_lensing took: 0.026 seconds
Total pipeline time: 56.5 seconds
fast_pt took: 0.092 seconds
fits_nz took: 0.000 seconds
lens_photoz_width took: 0.001 seconds
lens_photoz_bias took: 0.001 seconds
source_photoz_bias took: 0.001 seconds


Parameters first used in each module:
consistency - 5 parameters:
     cosmological_parameters--ombh2
     cosmological_parameters--omch2
     cosmological_parameters--h0
     cosmological_parameters--mnu
     cosmological_parameters--s_8
bbn_consistency - 0 parameters:
s8_to_sigma8 - 0 parameters:
camb - 2 parameters:
     cosmological_parameters--n_s
     halo_model_parameters--logt_agn
as_to_log1e10as - 0 parameters:
fast_pt - 0 parameters:
fits_nz - 0 parameters:
lens_photoz_width - 4 parameters:
     lens_photoz_errors--width_1
     lens_photoz_errors--width_2
     lens_photoz_errors--width_3
     lens_photoz_errors--width_4
lens_photoz_bias - 4 parameters:
     lens_photoz_errors--bias_1
     lens_photoz_errors--bias_2
     lens_photoz_errors--bias_3
     lens_photoz_errors--bias_4
source_photoz_bias - 4 parameters:
     wl_photoz_errors--bias_1
     wl_photoz_errors--bias_2
     wl_photoz_errors--bias_3
     wl_photoz_errors--bias_4
IA - 5 parameters:
     intrinsic_alignment_parameters--a1
     intrinsic_alignment_parameters--a2
     intrinsic_alignment_parameters--alpha1
     intrinsic_alignment_parameters--alpha2
     intrinsic_alignment_parameters--bias_ta
pk_to_cl_gg - 4 parameters:
     bias_lens--b1
     bias_lens--b2
     bias_lens--b3
     bias_lens--b4
pk_to_cl - 0 parameters:
add_magnification - 0 parameters:
add_intrinsic - 0 parameters:
2pt_shear - 0 parameters:
2pt_gal - 0 parameters:
2pt_gal_shear - 0 parameters:
shear_m_bias - 4 parameters:
     shear_calibration_parameters--m1
     shear_calibration_parameters--m2
     shear_calibration_parameters--m3
     shear_calibration_parameters--m4
add_point_mass - 0 parameters:
2pt_like - 0 parameters:
shear_ratio_like - 0 parameters:
spt3g_d1_lensing - 7 parameters:
     candl_nuisance_parameters--acib150
     candl_nuisance_parameters--acib220
     candl_nuisance_parameters--arad150
     candl_nuisance_parameters--arad90
     candl_nuisance_parameters--atsz
     candl_nuisance_parameters--pcal_lens
     candl_nuisance_parameters--tcal_lens
Results - 0 parameters:
You manually told me in the parameter file to use module 18 as the first in the fast block
Time for full pipeline:  56.54s
Time for slow pipeline:  56.49s
Time for fast pipeline:  0.05s
Time saving: 99.92%

Based on this we have decided: 
   Slow modules (18):
        consistency
        bbn_consistency
        s8_to_sigma8
        camb
        as_to_log1e10as
        fast_pt
        fits_nz
        lens_photoz_width
        lens_photoz_bias
        source_photoz_bias
        IA
        pk_to_cl_gg
        pk_to_cl
        add_magnification
        add_intrinsic
        2pt_shear
        2pt_gal
        2pt_gal_shear
   Fast modules (5):
        shear_m_bias
        add_point_mass
        2pt_like
        shear_ratio_like
        spt3g_d1_lensing
   Slow parameters (28):
        cosmological_parameters--ombh2
        cosmological_parameters--omch2
        cosmological_parameters--h0
        cosmological_parameters--mnu
        cosmological_parameters--s_8
        cosmological_parameters--n_s
        halo_model_parameters--logt_agn
        lens_photoz_errors--width_1
        lens_photoz_errors--width_2
        lens_photoz_errors--width_3
        lens_photoz_errors--width_4
        lens_photoz_errors--bias_1
        lens_photoz_errors--bias_2
        lens_photoz_errors--bias_3
        lens_photoz_errors--bias_4
        wl_photoz_errors--bias_1
        wl_photoz_errors--bias_2
        wl_photoz_errors--bias_3
        wl_photoz_errors--bias_4
        intrinsic_alignment_parameters--a1
        intrinsic_alignment_parameters--a2
        intrinsic_alignment_parameters--alpha1
        intrinsic_alignment_parameters--alpha2
        intrinsic_alignment_parameters--bias_ta
        bias_lens--b1
        bias_lens--b2
        bias_lens--b3
        bias_lens--b4
   Fast parameters (11):
        shear_calibration_parameters--m1
        shear_calibration_parameters--m2
        shear_calibration_parameters--m3
        shear_calibration_parameters--m4
        candl_nuisance_parameters--acib150
        candl_nuisance_parameters--acib220
        candl_nuisance_parameters--arad150
        candl_nuisance_parameters--arad90
        candl_nuisance_parameters--atsz
        candl_nuisance_parameters--pcal_lens
        candl_nuisance_parameters--tcal_lens


pk_to_cl_gg took: 0.898 seconds
fast_pt took: 0.128 seconds
2pt_gal_shear took: 0.105 seconds
fits_nz took: 0.000 seconds
lens_photoz_width took: 0.001 seconds
shear_m_bias took: 0.002 seconds
add_point_mass took: 0.000 seconds
lens_photoz_bias took: 0.001 seconds
source_photoz_bias took: 0.001 seconds
IA took: 0.025 seconds
fast_pt took: 0.127 seconds
fits_nz took: 0.000 seconds
lens_photoz_width took: 0.001 seconds
lens_photoz_bias took: 0.001 seconds
source_photoz_bias took: 0.001 seconds
pk_to_cl_gg took: 0.895 seconds
IA took: 0.018 seconds
2pt_like took: 0.020 seconds
shear_ratio_like took: 0.001 seconds
pk_to_cl took: 0.645 seconds
pk_to_cl_gg took: 0.917 seconds
add_magnification took: 0.006 seconds
add_intrinsic took: 0.003 seconds
IA took: 0.032 seconds
spt3g_d1_lensing took: 0.025 seconds
Total pipeline time: 57.2 seconds
pk_to_cl_gg took: 0.928 seconds


Parameters first used in each module:
consistency - 5 parameters:
     cosmological_parameters--ombh2
     cosmological_parameters--omch2
     cosmological_parameters--h0
     cosmological_parameters--mnu
     cosmological_parameters--s_8
bbn_consistency - 0 parameters:
s8_to_sigma8 - 0 parameters:
camb - 2 parameters:
     cosmological_parameters--n_s
     halo_model_parameters--logt_agn
as_to_log1e10as - 0 parameters:
fast_pt - 0 parameters:
fits_nz - 0 parameters:
lens_photoz_width - 4 parameters:
     lens_photoz_errors--width_1
     lens_photoz_errors--width_2
     lens_photoz_errors--width_3
     lens_photoz_errors--width_4
lens_photoz_bias - 4 parameters:
     lens_photoz_errors--bias_1
     lens_photoz_errors--bias_2
     lens_photoz_errors--bias_3
     lens_photoz_errors--bias_4
source_photoz_bias - 4 parameters:
     wl_photoz_errors--bias_1
     wl_photoz_errors--bias_2
     wl_photoz_errors--bias_3
     wl_photoz_errors--bias_4
IA - 5 parameters:
     intrinsic_alignment_parameters--a1
     intrinsic_alignment_parameters--a2
     intrinsic_alignment_parameters--alpha1
     intrinsic_alignment_parameters--alpha2
     intrinsic_alignment_parameters--bias_ta
pk_to_cl_gg - 4 parameters:
     bias_lens--b1
     bias_lens--b2
     bias_lens--b3
     bias_lens--b4
pk_to_cl - 0 parameters:
add_magnification - 0 parameters:
add_intrinsic - 0 parameters:
2pt_shear - 0 parameters:
2pt_gal - 0 parameters:
2pt_gal_shear - 0 parameters:
shear_m_bias - 4 parameters:
     shear_calibration_parameters--m1
     shear_calibration_parameters--m2
     shear_calibration_parameters--m3
     shear_calibration_parameters--m4
add_point_mass - 0 parameters:
2pt_like - 0 parameters:
shear_ratio_like - 0 parameters:
spt3g_d1_lensing - 7 parameters:
     candl_nuisance_parameters--acib150
     candl_nuisance_parameters--acib220
     candl_nuisance_parameters--arad150
     candl_nuisance_parameters--arad90
     candl_nuisance_parameters--atsz
     candl_nuisance_parameters--pcal_lens
     candl_nuisance_parameters--tcal_lens
Results - 0 parameters:
You manually told me in the parameter file to use module 18 as the first in the fast block
Time for full pipeline:  57.20s
Time for slow pipeline:  57.15s
Time for fast pipeline:  0.05s
Time saving: 99.92%

Based on this we have decided: 
   Slow modules (18):
        consistency
        bbn_consistency
        s8_to_sigma8
        camb
        as_to_log1e10as
        fast_pt
        fits_nz
        lens_photoz_width
        lens_photoz_bias
        source_photoz_bias
        IA
        pk_to_cl_gg
        pk_to_cl
        add_magnification
        add_intrinsic
        2pt_shear
        2pt_gal
        2pt_gal_shear
   Fast modules (5):
        shear_m_bias
        add_point_mass
        2pt_like
        shear_ratio_like
        spt3g_d1_lensing
   Slow parameters (28):
        cosmological_parameters--ombh2
        cosmological_parameters--omch2
        cosmological_parameters--h0
        cosmological_parameters--mnu
        cosmological_parameters--s_8
        cosmological_parameters--n_s
        halo_model_parameters--logt_agn
        lens_photoz_errors--width_1
        lens_photoz_errors--width_2
        lens_photoz_errors--width_3
        lens_photoz_errors--width_4
        lens_photoz_errors--bias_1
        lens_photoz_errors--bias_2
        lens_photoz_errors--bias_3
        lens_photoz_errors--bias_4
        wl_photoz_errors--bias_1
        wl_photoz_errors--bias_2
        wl_photoz_errors--bias_3
        wl_photoz_errors--bias_4
        intrinsic_alignment_parameters--a1
        intrinsic_alignment_parameters--a2
        intrinsic_alignment_parameters--alpha1
        intrinsic_alignment_parameters--alpha2
        intrinsic_alignment_parameters--bias_ta
        bias_lens--b1
        bias_lens--b2
        bias_lens--b3
        bias_lens--b4
   Fast parameters (11):
        shear_calibration_parameters--m1
        shear_calibration_parameters--m2
        shear_calibration_parameters--m3
        shear_calibration_parameters--m4
        candl_nuisance_parameters--acib150
        candl_nuisance_parameters--acib220
        candl_nuisance_parameters--arad150
        candl_nuisance_parameters--arad90
        candl_nuisance_parameters--atsz
        candl_nuisance_parameters--pcal_lens
        candl_nuisance_parameters--tcal_lens


fast_pt took: 0.095 seconds
fits_nz took: 0.000 seconds
lens_photoz_width took: 0.001 seconds
lens_photoz_bias took: 0.001 seconds
source_photoz_bias took: 0.001 seconds
pk_to_cl_gg took: 0.899 seconds
pk_to_cl_gg took: 0.898 seconds
pk_to_cl took: 0.470 seconds
pk_to_cl_gg took: 0.897 seconds
IA took: 0.015 seconds
add_magnification took: 0.005 seconds
add_intrinsic took: 0.002 seconds
camb took: 55.820 seconds
as_to_log1e10as took: 0.000 seconds
camb took: 54.886 seconds
as_to_log1e10as took: 0.000 seconds
pk_to_cl_gg took: 1.077 seconds
pk_to_cl_gg took: 0.937 seconds
pk_to_cl took: 0.474 seconds
add_magnification took: 0.005 seconds
add_intrinsic took: 0.002 seconds
camb took: 54.951 seconds
as_to_log1e10as took: 0.000 seconds
pk_to_cl took: 0.467 seconds
pk_to_cl took: 0.477 seconds
add_magnification took: 0.005 seconds
add_magnification took: 0.005 seconds
add_intrinsic took: 0.002 seconds
add_intrinsic took: 0.002 seconds
pk_to_cl took: 0.473 seconds
pk_to_cl_gg took: 1.264 seconds
add_magnification took: 0.005 seconds
add_intrinsic took: 0.002 seconds
2pt_shear took: 0.121 seconds
pk_to_cl took: 0.475 seconds
add_magnification took: 0.005 seconds
add_intrinsic took: 0.002 seconds
2pt_shear took: 0.091 seconds
pk_to_cl_gg took: 1.235 seconds
camb took: 55.549 seconds
as_to_log1e10as took: 0.000 seconds
fast_pt took: 0.107 seconds
fits_nz took: 0.000 seconds
lens_photoz_width took: 0.001 seconds
lens_photoz_bias took: 0.001 seconds
pk_to_cl took: 0.476 seconds
source_photoz_bias took: 0.001 seconds
add_magnification took: 0.005 seconds
2pt_gal took: 0.036 seconds
add_intrinsic took: 0.002 seconds
2pt_gal took: 0.027 seconds
camb took: 55.548 seconds
as_to_log1e10as took: 0.000 seconds
camb took: 56.041 seconds
as_to_log1e10as took: 0.000 seconds
IA took: 0.016 seconds
pk_to_cl took: 0.487 seconds
2pt_shear took: 0.090 seconds
fast_pt took: 0.129 seconds
fits_nz took: 0.001 seconds
add_magnification took: 0.007 seconds
lens_photoz_width took: 0.002 seconds
lens_photoz_bias took: 0.001 seconds
source_photoz_bias took: 0.001 seconds
add_intrinsic took: 0.003 seconds
camb took: 54.671 seconds
as_to_log1e10as took: 0.000 seconds
2pt_shear took: 0.090 seconds
2pt_shear took: 0.090 seconds
2pt_gal took: 0.027 seconds
IA took: 0.021 seconds
2pt_shear took: 0.090 seconds
pk_to_cl took: 0.479 seconds
fast_pt took: 0.127 seconds
fits_nz took: 0.000 seconds
camb took: 54.730 seconds
as_to_log1e10as took: 0.000 seconds
lens_photoz_width took: 0.001 seconds
add_magnification took: 0.005 seconds
Doing fast/slow parameter splitting

Analyzing pipeline to determine fast and slow parameters (because fast_slow=T in [pipeline] section)

Running pipeline once to make sure everything is initialized before timing.

lens_photoz_bias took: 0.001 seconds
pk_to_cl took: 0.475 seconds
source_photoz_bias took: 0.001 seconds
add_intrinsic took: 0.002 seconds
2pt_gal took: 0.026 seconds
2pt_gal took: 0.026 seconds
add_magnification took: 0.005 seconds
2pt_shear took: 0.092 seconds
add_intrinsic took: 0.002 seconds
pk_to_cl_gg took: 0.900 seconds
2pt_gal took: 0.027 seconds
IA took: 0.018 seconds
pk_to_cl took: 0.472 seconds
camb took: 55.614 seconds
as_to_log1e10as took: 0.000 seconds
fast_pt took: 0.097 seconds
fits_nz took: 0.000 seconds
lens_photoz_width took: 0.001 seconds
2pt_gal took: 0.027 seconds
lens_photoz_bias took: 0.001 seconds
2pt_shear took: 0.090 seconds
add_magnification took: 0.005 seconds
source_photoz_bias took: 0.001 seconds
add_intrinsic took: 0.002 seconds
Doing fast/slow parameter splitting

Analyzing pipeline to determine fast and slow parameters (because fast_slow=T in [pipeline] section)

Running pipeline once to make sure everything is initialized before timing.

2pt_gal_shear took: 0.105 seconds
IA took: 0.015 seconds
shear_m_bias took: 0.002 seconds
add_point_mass took: 0.000 seconds
pk_to_cl took: 0.475 seconds
add_magnification took: 0.005 seconds
2pt_gal took: 0.027 seconds
add_intrinsic took: 0.003 seconds
pk_to_cl_gg took: 0.896 seconds
2pt_like took: 0.020 seconds
shear_ratio_like took: 0.001 seconds
fast_pt took: 0.129 seconds
fits_nz took: 0.000 seconds
fast_pt took: 0.133 seconds
lens_photoz_width took: 0.001 seconds
fits_nz took: 0.000 seconds
2pt_gal_shear took: 0.140 seconds
lens_photoz_bias took: 0.001 seconds
source_photoz_bias took: 0.001 seconds
lens_photoz_width took: 0.001 seconds
2pt_shear took: 0.120 seconds
shear_m_bias took: 0.002 seconds
add_point_mass took: 0.000 seconds
2pt_gal_shear took: 0.104 seconds
lens_photoz_bias took: 0.001 seconds
source_photoz_bias took: 0.001 seconds
shear_m_bias took: 0.002 seconds
add_point_mass took: 0.000 seconds
fast_pt took: 0.092 seconds
fits_nz took: 0.000 seconds
lens_photoz_width took: 0.001 seconds
2pt_shear took: 0.090 seconds
lens_photoz_bias took: 0.001 seconds
source_photoz_bias took: 0.001 seconds
pk_to_cl took: 0.470 seconds
spt3g_d1_lensing took: 0.027 seconds
Total pipeline time: 57.3 seconds
add_magnification took: 0.005 seconds
2pt_shear took: 0.093 seconds
fast_pt took: 0.126 seconds
fits_nz took: 0.000 seconds
add_intrinsic took: 0.002 seconds
IA took: 0.018 seconds
lens_photoz_width took: 0.001 seconds
lens_photoz_bias took: 0.001 seconds
source_photoz_bias took: 0.001 seconds
2pt_like took: 0.018 seconds
shear_ratio_like took: 0.001 seconds
IA took: 0.019 seconds
2pt_gal_shear took: 0.104 seconds


Parameters first used in each module:
consistency - 5 parameters:
     cosmological_parameters--ombh2
     cosmological_parameters--omch2
     cosmological_parameters--h0
     cosmological_parameters--mnu
     cosmological_parameters--s_8
bbn_consistency - 0 parameters:
s8_to_sigma8 - 0 parameters:
camb - 2 parameters:
     cosmological_parameters--n_s
     halo_model_parameters--logt_agn
as_to_log1e10as - 0 parameters:
fast_pt - 0 parameters:
fits_nz - 0 parameters:
lens_photoz_width - 4 parameters:
     lens_photoz_errors--width_1
     lens_photoz_errors--width_2
     lens_photoz_errors--width_3
     lens_photoz_errors--width_4
lens_photoz_bias - 4 parameters:
     lens_photoz_errors--bias_1
     lens_photoz_errors--bias_2
     lens_photoz_errors--bias_3
     lens_photoz_errors--bias_4
source_photoz_bias - 4 parameters:
     wl_photoz_errors--bias_1
     wl_photoz_errors--bias_2
     wl_photoz_errors--bias_3
     wl_photoz_errors--bias_4
IA - 5 parameters:
     intrinsic_alignment_parameters--a1
     intrinsic_alignment_parameters--a2
     intrinsic_alignment_parameters--alpha1
     intrinsic_alignment_parameters--alpha2
     intrinsic_alignment_parameters--bias_ta
pk_to_cl_gg - 4 parameters:
     bias_lens--b1
     bias_lens--b2
     bias_lens--b3
     bias_lens--b4
pk_to_cl - 0 parameters:
add_magnification - 0 parameters:
add_intrinsic - 0 parameters:
2pt_shear - 0 parameters:
2pt_gal - 0 parameters:
2pt_gal_shear - 0 parameters:
shear_m_bias - 4 parameters:
     shear_calibration_parameters--m1
     shear_calibration_parameters--m2
     shear_calibration_parameters--m3
     shear_calibration_parameters--m4
add_point_mass - 0 parameters:
2pt_like - 0 parameters:
shear_ratio_like - 0 parameters:
spt3g_d1_lensing - 7 parameters:
     candl_nuisance_parameters--acib150
     candl_nuisance_parameters--acib220
shear_m_bias took: 0.002 seconds
     candl_nuisance_parameters--arad150
     candl_nuisance_parameters--arad90
     candl_nuisance_parameters--atsz
     candl_nuisance_parameters--pcal_lens
     candl_nuisance_parameters--tcal_lens
Results - 0 parameters:
You manually told me in the parameter file to use module 18 as the first in the fast block
Time for full pipeline:  57.31s
Time for slow pipeline:  57.26s
Time for fast pipeline:  0.05s
Time saving: 99.91%

Based on this we have decided: 
   Slow modules (18):
        consistency
        bbn_consistency
        s8_to_sigma8
        camb
        as_to_log1e10as
        fast_pt
add_point_mass took: 0.000 seconds
        fits_nz
        lens_photoz_width
        lens_photoz_bias
        source_photoz_bias
        IA
        pk_to_cl_gg
        pk_to_cl
        add_magnification
        add_intrinsic
        2pt_shear
        2pt_gal
        2pt_gal_shear
   Fast modules (5):
        shear_m_bias
        add_point_mass
        2pt_like
        shear_ratio_like
        spt3g_d1_lensing
   Slow parameters (28):
        cosmological_parameters--ombh2
        cosmological_parameters--omch2
        cosmological_parameters--h0
        cosmological_parameters--mnu
        cosmological_parameters--s_8
        cosmological_parameters--n_s
        halo_model_parameters--logt_agn
        lens_photoz_errors--width_1
        lens_photoz_errors--width_2
        lens_photoz_errors--width_3
        lens_photoz_errors--width_4
        lens_photoz_errors--bias_1
        lens_photoz_errors--bias_2
        lens_photoz_errors--bias_3
        lens_photoz_errors--bias_4
        wl_photoz_errors--bias_1
        wl_photoz_errors--bias_2
        wl_photoz_errors--bias_3
        wl_photoz_errors--bias_4
        intrinsic_alignment_parameters--a1
        intrinsic_alignment_parameters--a2
        intrinsic_alignment_parameters--alpha1
        intrinsic_alignment_parameters--alpha2
        intrinsic_alignment_parameters--bias_ta
        bias_lens--b1
        bias_lens--b2
        bias_lens--b3
        bias_lens--b4
   Fast parameters (11):
        shear_calibration_parameters--m1
        shear_calibration_parameters--m2
        shear_calibration_parameters--m3
        shear_calibration_parameters--m4
        candl_nuisance_parameters--acib150
        candl_nuisance_parameters--acib220
        candl_nuisance_parameters--arad150
        candl_nuisance_parameters--arad90
        candl_nuisance_parameters--atsz
        candl_nuisance_parameters--pcal_lens
        candl_nuisance_parameters--tcal_lens


2pt_gal_shear took: 0.107 seconds
2pt_like took: 0.025 seconds
shear_m_bias took: 0.002 seconds
shear_ratio_like took: 0.001 seconds
add_point_mass took: 0.000 seconds
IA took: 0.025 seconds
pk_to_cl took: 0.475 seconds
2pt_gal took: 0.027 seconds
2pt_gal took: 0.035 seconds
IA took: 0.018 seconds
add_magnification took: 0.006 seconds
2pt_gal took: 0.026 seconds
2pt_shear took: 0.090 seconds
add_intrinsic took: 0.003 seconds
spt3g_d1_lensing took: 0.023 seconds
Total pipeline time: 56.0 seconds
camb took: 55.044 seconds
as_to_log1e10as took: 0.000 seconds
2pt_like took: 0.022 seconds
shear_ratio_like took: 0.001 seconds
2pt_like took: 0.021 seconds
shear_ratio_like took: 0.001 seconds
2pt_gal_shear took: 0.106 seconds
shear_m_bias took: 0.002 seconds
add_point_mass took: 0.000 seconds
fast_pt took: 0.112 seconds


Parameters first used in each module:
consistency - 5 parameters:
     cosmological_parameters--ombh2
     cosmological_parameters--omch2
     cosmological_parameters--h0
     cosmological_parameters--mnu
     cosmological_parameters--s_8
bbn_consistency - 0 parameters:
fits_nz took: 0.000 seconds
s8_to_sigma8 - 0 parameters:
camb - 2 parameters:
     cosmological_parameters--n_s
     halo_model_parameters--logt_agn
as_to_log1e10as - 0 parameters:
fast_pt - 0 parameters:
fits_nz - 0 parameters:
lens_photoz_width - 4 parameters:
     lens_photoz_errors--width_1
     lens_photoz_errors--width_2
     lens_photoz_errors--width_3
     lens_photoz_errors--width_4
lens_photoz_bias - 4 parameters:
     lens_photoz_errors--bias_1
     lens_photoz_errors--bias_2
     lens_photoz_errors--bias_3
     lens_photoz_errors--bias_4
source_photoz_bias - 4 parameters:
     wl_photoz_errors--bias_1
     wl_photoz_errors--bias_2
     wl_photoz_errors--bias_3
     wl_photoz_errors--bias_4
IA - 5 parameters:
     intrinsic_alignment_parameters--a1
     intrinsic_alignment_parameters--a2
     intrinsic_alignment_parameters--alpha1
     intrinsic_alignment_parameters--alpha2
     intrinsic_alignment_parameters--bias_ta
pk_to_cl_gg - 4 parameters:
     bias_lens--b1
     bias_lens--b2
     bias_lens--b3
     bias_lens--b4
pk_to_cl - 0 parameters:
add_magnification - 0 parameters:
add_intrinsic - 0 parameters:
2pt_shear - 0 parameters:
2pt_gal - 0 parameters:
2pt_gal_shear - 0 parameters:
shear_m_bias - 4 parameters:
     shear_calibration_parameters--m1
     shear_calibration_parameters--m2
     shear_calibration_parameters--m3
     shear_calibration_parameters--m4
add_point_mass - 0 parameters:
2pt_like - 0 parameters:
shear_ratio_like - 0 parameters:
spt3g_d1_lensing - 7 parameters:
     candl_nuisance_parameters--acib150
     candl_nuisance_parameters--acib220
     candl_nuisance_parameters--arad150
     candl_nuisance_parameters--arad90
     candl_nuisance_parameters--atsz
     candl_nuisance_parameters--pcal_lens
     candl_nuisance_parameters--tcal_lens
Results - 0 parameters:
You manually told me in the parameter file to use module 18 as the first in the fast block
Time for full pipeline:  56.03s
Time for slow pipeline:  55.98s
Time for fast pipeline:  0.04s
Time saving: 99.92%

Based on this we have decided: 
   Slow modules (18):
        consistency
        bbn_consistency
        s8_to_sigma8
        camb
        as_to_log1e10as
        fast_pt
        fits_nz
        lens_photoz_width
        lens_photoz_bias
        source_photoz_bias
        IA
        pk_to_cl_gg
        pk_to_cl
        add_magnification
        add_intrinsic
        2pt_shear
        2pt_gal
        2pt_gal_shear
   Fast modules (5):
        shear_m_bias
        add_point_mass
        2pt_like
        shear_ratio_like
        spt3g_d1_lensing
   Slow parameters (28):
        cosmological_parameters--ombh2
        cosmological_parameters--omch2
        cosmological_parameters--h0
        cosmological_parameters--mnu
        cosmological_parameters--s_8
        cosmological_parameters--n_s
        halo_model_parameters--logt_agn
        lens_photoz_errors--width_1
        lens_photoz_errors--width_2
        lens_photoz_errors--width_3
        lens_photoz_errors--width_4
        lens_photoz_errors--bias_1
        lens_photoz_errors--bias_2
        lens_photoz_errors--bias_3
        lens_photoz_errors--bias_4
        wl_photoz_errors--bias_1
        wl_photoz_errors--bias_2
        wl_photoz_errors--bias_3
        wl_photoz_errors--bias_4
        intrinsic_alignment_parameters--a1
        intrinsic_alignment_parameters--a2
        intrinsic_alignment_parameters--alpha1
        intrinsic_alignment_parameters--alpha2
        intrinsic_alignment_parameters--bias_ta
        bias_lens--b1
        bias_lens--b2
        bias_lens--b3
        bias_lens--b4
   Fast parameters (11):
        shear_calibration_parameters--m1
        shear_calibration_parameters--m2
        shear_calibration_parameters--m3
        shear_calibration_parameters--m4
        candl_nuisance_parameters--acib150
        candl_nuisance_parameters--acib220
        candl_nuisance_parameters--arad150
        candl_nuisance_parameters--arad90
        candl_nuisance_parameters--atsz
        candl_nuisance_parameters--pcal_lens
        candl_nuisance_parameters--tcal_lens


2pt_gal_shear took: 0.129 seconds
lens_photoz_width took: 0.001 seconds
lens_photoz_bias took: 0.001 seconds
source_photoz_bias took: 0.001 seconds
shear_m_bias took: 0.002 seconds
add_point_mass took: 0.000 seconds
2pt_gal took: 0.027 seconds
spt3g_d1_lensing took: 0.043 seconds
Total pipeline time: 57.9 seconds
2pt_shear took: 0.096 seconds
spt3g_d1_lensing took: 0.026 seconds
Total pipeline time: 57.6 seconds
2pt_like took: 0.021 seconds
shear_ratio_like took: 0.001 seconds
spt3g_d1_lensing took: 0.030 seconds
Total pipeline time: 56.7 seconds
2pt_gal_shear took: 0.105 seconds
pk_to_cl took: 0.476 seconds
Doing fast/slow parameter splitting

Analyzing pipeline to determine fast and slow parameters (because fast_slow=T in [pipeline] section)

shear_m_bias took: 0.002 seconds
Running pipeline once to make sure everything is initialized before timing.

add_point_mass took: 0.000 seconds


Parameters first used in each module:
consistency - 5 parameters:
     cosmological_parameters--ombh2
     cosmological_parameters--omch2
     cosmological_parameters--h0
     cosmological_parameters--mnu
     cosmological_parameters--s_8
bbn_consistency - 0 parameters:
s8_to_sigma8 - 0 parameters:
camb - 2 parameters:
     cosmological_parameters--n_s
     halo_model_parameters--logt_agn
as_to_log1e10as - 0 parameters:
fast_pt - 0 parameters:
fits_nz - 0 parameters:
lens_photoz_width - 4 parameters:
     lens_photoz_errors--width_1
     lens_photoz_errors--width_2
     lens_photoz_errors--width_3
     lens_photoz_errors--width_4
lens_photoz_bias - 4 parameters:
     lens_photoz_errors--bias_1
     lens_photoz_errors--bias_2
     lens_photoz_errors--bias_3
     lens_photoz_errors--bias_4
source_photoz_bias - 4 parameters:
     wl_photoz_errors--bias_1
     wl_photoz_errors--bias_2
     wl_photoz_errors--bias_3
     wl_photoz_errors--bias_4
IA - 5 parameters:
     intrinsic_alignment_parameters--a1
     intrinsic_alignment_parameters--a2
     intrinsic_alignment_parameters--alpha1
     intrinsic_alignment_parameters--alpha2
     intrinsic_alignment_parameters--bias_ta
pk_to_cl_gg - 4 parameters:
     bias_lens--b1
     bias_lens--b2
     bias_lens--b3
     bias_lens--b4
pk_to_cl - 0 parameters:
add_magnification - 0 parameters:
add_intrinsic - 0 parameters:
2pt_shear - 0 parameters:
2pt_gal - 0 parameters:
2pt_gal_shear - 0 parameters:
shear_m_bias - 4 parameters:
     shear_calibration_parameters--m1
     shear_calibration_parameters--m2
     shear_calibration_parameters--m3
     shear_calibration_parameters--m4
add_point_mass - 0 parameters:
2pt_like - 0 parameters:
shear_ratio_like - 0 parameters:
spt3g_d1_lensing - 7 parameters:
     candl_nuisance_parameters--acib150
     candl_nuisance_parameters--acib220
     candl_nuisance_parameters--arad150
     candl_nuisance_parameters--arad90
     candl_nuisance_parameters--atsz
     candl_nuisance_parameters--pcal_lens
     candl_nuisance_parameters--tcal_lens
Results - 0 parameters:
You manually told me in the parameter file to use module 18 as the first in the fast block
Time for full pipeline:  57.60s
Time for slow pipeline:  57.54s
Time for fast pipeline:  0.05s
Time saving: 99.91%

Based on this we have decided: 
   Slow modules (18):
        consistency
        bbn_consistency
        s8_to_sigma8
        camb
        as_to_log1e10as
        fast_pt
        fits_nz
        lens_photoz_width
        lens_photoz_bias
        source_photoz_bias
        IA
        pk_to_cl_gg
        pk_to_cl
        add_magnification
pk_to_cl_gg took: 1.019 seconds


Parameters first used in each module:
consistency - 5 parameters:
     cosmological_parameters--ombh2
     cosmological_parameters--omch2
     cosmological_parameters--h0
     cosmological_parameters--mnu
        add_intrinsic
        2pt_shear
        2pt_gal
        2pt_gal_shear
   Fast modules (5):
        shear_m_bias
        add_point_mass
        2pt_like
        shear_ratio_like
        spt3g_d1_lensing
   Slow parameters (28):
        cosmological_parameters--ombh2
        cosmological_parameters--omch2
        cosmological_parameters--h0
        cosmological_parameters--mnu
        cosmological_parameters--s_8
        cosmological_parameters--n_s
        halo_model_parameters--logt_agn
        lens_photoz_errors--width_1
        lens_photoz_errors--width_2
        lens_photoz_errors--width_3
        lens_photoz_errors--width_4
        lens_photoz_errors--bias_1
        lens_photoz_errors--bias_2
        lens_photoz_errors--bias_3
        lens_photoz_errors--bias_4
        wl_photoz_errors--bias_1
        wl_photoz_errors--bias_2
        wl_photoz_errors--bias_3
        wl_photoz_errors--bias_4
     cosmological_parameters--s_8
bbn_consistency - 0 parameters:
s8_to_sigma8 - 0 parameters:
camb - 2 parameters:
     cosmological_parameters--n_s
        intrinsic_alignment_parameters--a1
        intrinsic_alignment_parameters--a2
        intrinsic_alignment_parameters--alpha1
        intrinsic_alignment_parameters--alpha2
        intrinsic_alignment_parameters--bias_ta
        bias_lens--b1
        bias_lens--b2
        bias_lens--b3
        bias_lens--b4
   Fast parameters (11):
        shear_calibration_parameters--m1
        shear_calibration_parameters--m2
        shear_calibration_parameters--m3
        shear_calibration_parameters--m4
        candl_nuisance_parameters--acib150
        candl_nuisance_parameters--acib220
        candl_nuisance_parameters--arad150
        candl_nuisance_parameters--arad90
        candl_nuisance_parameters--atsz
        candl_nuisance_parameters--pcal_lens
     halo_model_parameters--logt_agn
as_to_log1e10as - 0 parameters:
fast_pt - 0 parameters:
fits_nz - 0 parameters:
lens_photoz_width - 4 parameters:
     lens_photoz_errors--width_1
     lens_photoz_errors--width_2
     lens_photoz_errors--width_3
        candl_nuisance_parameters--tcal_lens


     lens_photoz_errors--width_4
lens_photoz_bias - 4 parameters:
     lens_photoz_errors--bias_1
     lens_photoz_errors--bias_2
     lens_photoz_errors--bias_3
     lens_photoz_errors--bias_4
source_photoz_bias - 4 parameters:
     wl_photoz_errors--bias_1
     wl_photoz_errors--bias_2
     wl_photoz_errors--bias_3
     wl_photoz_errors--bias_4
IA - 5 parameters:
     intrinsic_alignment_parameters--a1
     intrinsic_alignment_parameters--a2
     intrinsic_alignment_parameters--alpha1
     intrinsic_alignment_parameters--alpha2
     intrinsic_alignment_parameters--bias_ta
pk_to_cl_gg - 4 parameters:
     bias_lens--b1
     bias_lens--b2
     bias_lens--b3
     bias_lens--b4
pk_to_cl - 0 parameters:
add_magnification - 0 parameters:
add_intrinsic - 0 parameters:
2pt_shear - 0 parameters:
2pt_gal - 0 parameters:
2pt_gal_shear - 0 parameters:
shear_m_bias - 4 parameters:
     shear_calibration_parameters--m1
     shear_calibration_parameters--m2
     shear_calibration_parameters--m3
     shear_calibration_parameters--m4
add_point_mass - 0 parameters:
2pt_like - 0 parameters:
shear_ratio_like - 0 parameters:
spt3g_d1_lensing - 7 parameters:
     candl_nuisance_parameters--acib150
     candl_nuisance_parameters--acib220
     candl_nuisance_parameters--arad150
     candl_nuisance_parameters--arad90
     candl_nuisance_parameters--atsz
     candl_nuisance_parameters--pcal_lens
     candl_nuisance_parameters--tcal_lens
Results - 0 parameters:
You manually told me in the parameter file to use module 18 as the first in the fast block
Time for full pipeline:  57.91s
Time for slow pipeline:  57.84s
Time for fast pipeline:  0.07s
Time saving: 99.88%

2pt_like took: 0.024 seconds
Based on this we have decided: 
   Slow modules (18):
        consistency
        bbn_consistency
        s8_to_sigma8
        camb
        as_to_log1e10as
        fast_pt
        fits_nz
        lens_photoz_width
        lens_photoz_bias
        source_photoz_bias
        IA
        pk_to_cl_gg
        pk_to_cl
        add_magnification
        add_intrinsic
        2pt_shear
        2pt_gal
        2pt_gal_shear
   Fast modules (5):
        shear_m_bias
        add_point_mass
        2pt_like
        shear_ratio_like
        spt3g_d1_lensing
   Slow parameters (28):
        cosmological_parameters--ombh2
        cosmological_parameters--omch2
        cosmological_parameters--h0
        cosmological_parameters--mnu
        cosmological_parameters--s_8
        cosmological_parameters--n_s
        halo_model_parameters--logt_agn
        lens_photoz_errors--width_1
        lens_photoz_errors--width_2
        lens_photoz_errors--width_3
        lens_photoz_errors--width_4
        lens_photoz_errors--bias_1
        lens_photoz_errors--bias_2
        lens_photoz_errors--bias_3
        lens_photoz_errors--bias_4
        wl_photoz_errors--bias_1
        wl_photoz_errors--bias_2
        wl_photoz_errors--bias_3
IA took: 0.025 seconds
        wl_photoz_errors--bias_4
        intrinsic_alignment_parameters--a1
        intrinsic_alignment_parameters--a2
        intrinsic_alignment_parameters--alpha1
        intrinsic_alignment_parameters--alpha2
        intrinsic_alignment_parameters--bias_ta
        bias_lens--b1
        bias_lens--b2
        bias_lens--b3
        bias_lens--b4
   Fast parameters (11):
        shear_calibration_parameters--m1
        shear_calibration_parameters--m2
        shear_calibration_parameters--m3
        shear_calibration_parameters--m4
        candl_nuisance_parameters--acib150
        candl_nuisance_parameters--acib220
        candl_nuisance_parameters--arad150
        candl_nuisance_parameters--arad90
        candl_nuisance_parameters--atsz
        candl_nuisance_parameters--pcal_lens
        candl_nuisance_parameters--tcal_lens


shear_ratio_like took: 0.001 seconds
add_magnification took: 0.006 seconds
add_intrinsic took: 0.003 seconds


Parameters first used in each module:
consistency - 5 parameters:
     cosmological_parameters--ombh2
     cosmological_parameters--omch2
     cosmological_parameters--h0
     cosmological_parameters--mnu
     cosmological_parameters--s_8
bbn_consistency - 0 parameters:
s8_to_sigma8 - 0 parameters:
camb - 2 parameters:
     cosmological_parameters--n_s
     halo_model_parameters--logt_agn
as_to_log1e10as - 0 parameters:
fast_pt - 0 parameters:
fits_nz - 0 parameters:
lens_photoz_width - 4 parameters:
     lens_photoz_errors--width_1
     lens_photoz_errors--width_2
     lens_photoz_errors--width_3
     lens_photoz_errors--width_4
lens_photoz_bias - 4 parameters:
     lens_photoz_errors--bias_1
     lens_photoz_errors--bias_2
     lens_photoz_errors--bias_3
     lens_photoz_errors--bias_4
source_photoz_bias - 4 parameters:
     wl_photoz_errors--bias_1
     wl_photoz_errors--bias_2
     wl_photoz_errors--bias_3
     wl_photoz_errors--bias_4
IA - 5 parameters:
     intrinsic_alignment_parameters--a1
     intrinsic_alignment_parameters--a2
     intrinsic_alignment_parameters--alpha1
     intrinsic_alignment_parameters--alpha2
     intrinsic_alignment_parameters--bias_ta
pk_to_cl_gg - 4 parameters:
     bias_lens--b1
     bias_lens--b2
     bias_lens--b3
     bias_lens--b4
pk_to_cl - 0 parameters:
add_magnification - 0 parameters:
add_intrinsic - 0 parameters:
2pt_shear - 0 parameters:
2pt_gal - 0 parameters:
2pt_gal_shear - 0 parameters:
shear_m_bias - 4 parameters:
     shear_calibration_parameters--m1
     shear_calibration_parameters--m2
     shear_calibration_parameters--m3
     shear_calibration_parameters--m4
add_point_mass - 0 parameters:
2pt_like - 0 parameters:
shear_ratio_like - 0 parameters:
spt3g_d1_lensing - 7 parameters:
     candl_nuisance_parameters--acib150
     candl_nuisance_parameters--acib220
     candl_nuisance_parameters--arad150
     candl_nuisance_parameters--arad90
     candl_nuisance_parameters--atsz
     candl_nuisance_parameters--pcal_lens
     candl_nuisance_parameters--tcal_lens
Results - 0 parameters:
You manually told me in the parameter file to use module 18 as the first in the fast block
Time for full pipeline:  56.66s
Time for slow pipeline:  56.60s
Time for fast pipeline:  0.05s
Time saving: 99.91%

Based on this we have decided: 
   Slow modules (18):
        consistency
        bbn_consistency
        s8_to_sigma8
        camb
        as_to_log1e10as
        fast_pt
        fits_nz
        lens_photoz_width
        lens_photoz_bias
        source_photoz_bias
        IA
        pk_to_cl_gg
        pk_to_cl
        add_magnification
        add_intrinsic
        2pt_shear
        2pt_gal
        2pt_gal_shear
   Fast modules (5):
        shear_m_bias
        add_point_mass
        2pt_like
        shear_ratio_like
        spt3g_d1_lensing
   Slow parameters (28):
        cosmological_parameters--ombh2
        cosmological_parameters--omch2
        cosmological_parameters--h0
        cosmological_parameters--mnu
        cosmological_parameters--s_8
        cosmological_parameters--n_s
        halo_model_parameters--logt_agn
        lens_photoz_errors--width_1
        lens_photoz_errors--width_2
        lens_photoz_errors--width_3
        lens_photoz_errors--width_4
        lens_photoz_errors--bias_1
        lens_photoz_errors--bias_2
        lens_photoz_errors--bias_3
        lens_photoz_errors--bias_4
        wl_photoz_errors--bias_1
        wl_photoz_errors--bias_2
        wl_photoz_errors--bias_3
        wl_photoz_errors--bias_4
        intrinsic_alignment_parameters--a1
        intrinsic_alignment_parameters--a2
        intrinsic_alignment_parameters--alpha1
        intrinsic_alignment_parameters--alpha2
        intrinsic_alignment_parameters--bias_ta
        bias_lens--b1
        bias_lens--b2
        bias_lens--b3
        bias_lens--b4
   Fast parameters (11):
        shear_calibration_parameters--m1
        shear_calibration_parameters--m2
        shear_calibration_parameters--m3
        shear_calibration_parameters--m4
        candl_nuisance_parameters--acib150
        candl_nuisance_parameters--acib220
        candl_nuisance_parameters--arad150
        candl_nuisance_parameters--arad90
        candl_nuisance_parameters--atsz
        candl_nuisance_parameters--pcal_lens
        candl_nuisance_parameters--tcal_lens


2pt_like took: 0.021 seconds
shear_ratio_like took: 0.001 seconds
2pt_gal took: 0.031 seconds
spt3g_d1_lensing took: 0.030 seconds
Total pipeline time: 56.2 seconds
2pt_shear took: 0.094 seconds
spt3g_d1_lensing took: 0.028 seconds
Total pipeline time: 56.0 seconds


Parameters first used in each module:
consistency - 5 parameters:
     cosmological_parameters--ombh2
     cosmological_parameters--omch2
     cosmological_parameters--h0
     cosmological_parameters--mnu
     cosmological_parameters--s_8
bbn_consistency - 0 parameters:
s8_to_sigma8 - 0 parameters:
camb - 2 parameters:
     cosmological_parameters--n_s
     halo_model_parameters--logt_agn
as_to_log1e10as - 0 parameters:
fast_pt - 0 parameters:
fits_nz - 0 parameters:
lens_photoz_width - 4 parameters:
     lens_photoz_errors--width_1
     lens_photoz_errors--width_2
     lens_photoz_errors--width_3
     lens_photoz_errors--width_4
lens_photoz_bias - 4 parameters:
     lens_photoz_errors--bias_1
     lens_photoz_errors--bias_2
     lens_photoz_errors--bias_3
     lens_photoz_errors--bias_4
source_photoz_bias - 4 parameters:
     wl_photoz_errors--bias_1
     wl_photoz_errors--bias_2
     wl_photoz_errors--bias_3
     wl_photoz_errors--bias_4
IA - 5 parameters:
     intrinsic_alignment_parameters--a1
     intrinsic_alignment_parameters--a2
     intrinsic_alignment_parameters--alpha1
     intrinsic_alignment_parameters--alpha2
     intrinsic_alignment_parameters--bias_ta
pk_to_cl_gg - 4 parameters:
     bias_lens--b1
     bias_lens--b2
     bias_lens--b3
     bias_lens--b4
pk_to_cl - 0 parameters:
add_magnification - 0 parameters:
add_intrinsic - 0 parameters:
2pt_shear - 0 parameters:
2pt_gal - 0 parameters:
2pt_gal_shear - 0 parameters:
shear_m_bias - 4 parameters:
     shear_calibration_parameters--m1
     shear_calibration_parameters--m2
     shear_calibration_parameters--m3
     shear_calibration_parameters--m4
add_point_mass - 0 parameters:
2pt_like - 0 parameters:
shear_ratio_like - 0 parameters:
spt3g_d1_lensing - 7 parameters:
     candl_nuisance_parameters--acib150
     candl_nuisance_parameters--acib220
     candl_nuisance_parameters--arad150
     candl_nuisance_parameters--arad90
     candl_nuisance_parameters--atsz
     candl_nuisance_parameters--pcal_lens
     candl_nuisance_parameters--tcal_lens
Results - 0 parameters:
You manually told me in the parameter file to use module 18 as the first in the fast block
Time for full pipeline:  56.18s
Time for slow pipeline:  56.13s
Time for fast pipeline:  0.05s
Time saving: 99.90%

Based on this we have decided: 
   Slow modules (18):
        consistency
        bbn_consistency
        s8_to_sigma8
        camb
        as_to_log1e10as
        fast_pt
        fits_nz
        lens_photoz_width
        lens_photoz_bias
        source_photoz_bias
        IA
        pk_to_cl_gg
        pk_to_cl
        add_magnification
        add_intrinsic
        2pt_shear
        2pt_gal
        2pt_gal_shear
   Fast modules (5):
        shear_m_bias
        add_point_mass
        2pt_like
        shear_ratio_like
        spt3g_d1_lensing
   Slow parameters (28):
        cosmological_parameters--ombh2
        cosmological_parameters--omch2
        cosmological_parameters--h0
        cosmological_parameters--mnu
        cosmological_parameters--s_8
        cosmological_parameters--n_s
        halo_model_parameters--logt_agn
        lens_photoz_errors--width_1
        lens_photoz_errors--width_2
        lens_photoz_errors--width_3
        lens_photoz_errors--width_4
        lens_photoz_errors--bias_1
        lens_photoz_errors--bias_2
        lens_photoz_errors--bias_3
        lens_photoz_errors--bias_4
        wl_photoz_errors--bias_1
        wl_photoz_errors--bias_2
        wl_photoz_errors--bias_3
        wl_photoz_errors--bias_4
        intrinsic_alignment_parameters--a1
        intrinsic_alignment_parameters--a2
        intrinsic_alignment_parameters--alpha1
        intrinsic_alignment_parameters--alpha2
        intrinsic_alignment_parameters--bias_ta
        bias_lens--b1
        bias_lens--b2
        bias_lens--b3
        bias_lens--b4
   Fast parameters (11):
        shear_calibration_parameters--m1
        shear_calibration_parameters--m2
        shear_calibration_parameters--m3
        shear_calibration_parameters--m4
        candl_nuisance_parameters--acib150
        candl_nuisance_parameters--acib220
        candl_nuisance_parameters--arad150
        candl_nuisance_parameters--arad90
        candl_nuisance_parameters--atsz
        candl_nuisance_parameters--pcal_lens
        candl_nuisance_parameters--tcal_lens




Parameters first used in each module:
consistency - 5 parameters:
     cosmological_parameters--ombh2
     cosmological_parameters--omch2
     cosmological_parameters--h0
     cosmological_parameters--mnu
     cosmological_parameters--s_8
bbn_consistency - 0 parameters:
s8_to_sigma8 - 0 parameters:
camb - 2 parameters:
     cosmological_parameters--n_s
     halo_model_parameters--logt_agn
as_to_log1e10as - 0 parameters:
fast_pt - 0 parameters:
fits_nz - 0 parameters:
lens_photoz_width - 4 parameters:
     lens_photoz_errors--width_1
     lens_photoz_errors--width_2
     lens_photoz_errors--width_3
     lens_photoz_errors--width_4
lens_photoz_bias - 4 parameters:
     lens_photoz_errors--bias_1
     lens_photoz_errors--bias_2
     lens_photoz_errors--bias_3
     lens_photoz_errors--bias_4
source_photoz_bias - 4 parameters:
     wl_photoz_errors--bias_1
     wl_photoz_errors--bias_2
     wl_photoz_errors--bias_3
     wl_photoz_errors--bias_4
IA - 5 parameters:
     intrinsic_alignment_parameters--a1
     intrinsic_alignment_parameters--a2
     intrinsic_alignment_parameters--alpha1
     intrinsic_alignment_parameters--alpha2
     intrinsic_alignment_parameters--bias_ta
pk_to_cl_gg - 4 parameters:
     bias_lens--b1
     bias_lens--b2
     bias_lens--b3
     bias_lens--b4
pk_to_cl - 0 parameters:
add_magnification - 0 parameters:
add_intrinsic - 0 parameters:
2pt_shear - 0 parameters:
2pt_gal - 0 parameters:
2pt_gal_shear - 0 parameters:
shear_m_bias - 4 parameters:
     shear_calibration_parameters--m1
     shear_calibration_parameters--m2
     shear_calibration_parameters--m3
     shear_calibration_parameters--m4
add_point_mass - 0 parameters:
2pt_like - 0 parameters:
shear_ratio_like - 0 parameters:
spt3g_d1_lensing - 7 parameters:
     candl_nuisance_parameters--acib150
     candl_nuisance_parameters--acib220
     candl_nuisance_parameters--arad150
     candl_nuisance_parameters--arad90
     candl_nuisance_parameters--atsz
     candl_nuisance_parameters--pcal_lens
     candl_nuisance_parameters--tcal_lens
Results - 0 parameters:
You manually told me in the parameter file to use module 18 as the first in the fast block
Time for full pipeline:  56.01s
Time for slow pipeline:  55.96s
Time for fast pipeline:  0.05s
Time saving: 99.90%

Based on this we have decided: 
   Slow modules (18):
        consistency
        bbn_consistency
        s8_to_sigma8
        camb
        as_to_log1e10as
        fast_pt
        fits_nz
        lens_photoz_width
        lens_photoz_bias
        source_photoz_bias
        IA
        pk_to_cl_gg
        pk_to_cl
        add_magnification
        add_intrinsic
        2pt_shear
        2pt_gal
        2pt_gal_shear
   Fast modules (5):
        shear_m_bias
        add_point_mass
        2pt_like
        shear_ratio_like
        spt3g_d1_lensing
   Slow parameters (28):
        cosmological_parameters--ombh2
        cosmological_parameters--omch2
        cosmological_parameters--h0
        cosmological_parameters--mnu
        cosmological_parameters--s_8
        cosmological_parameters--n_s
        halo_model_parameters--logt_agn
        lens_photoz_errors--width_1
        lens_photoz_errors--width_2
        lens_photoz_errors--width_3
        lens_photoz_errors--width_4
        lens_photoz_errors--bias_1
        lens_photoz_errors--bias_2
        lens_photoz_errors--bias_3
        lens_photoz_errors--bias_4
        wl_photoz_errors--bias_1
        wl_photoz_errors--bias_2
        wl_photoz_errors--bias_3
        wl_photoz_errors--bias_4
        intrinsic_alignment_parameters--a1
        intrinsic_alignment_parameters--a2
        intrinsic_alignment_parameters--alpha1
        intrinsic_alignment_parameters--alpha2
        intrinsic_alignment_parameters--bias_ta
        bias_lens--b1
        bias_lens--b2
        bias_lens--b3
        bias_lens--b4
   Fast parameters (11):
        shear_calibration_parameters--m1
        shear_calibration_parameters--m2
        shear_calibration_parameters--m3
        shear_calibration_parameters--m4
        candl_nuisance_parameters--acib150
        candl_nuisance_parameters--acib220
        candl_nuisance_parameters--arad150
        candl_nuisance_parameters--arad90
        candl_nuisance_parameters--atsz
        candl_nuisance_parameters--pcal_lens
        candl_nuisance_parameters--tcal_lens


spt3g_d1_lensing took: 0.027 seconds
Total pipeline time: 55.7 seconds
pk_to_cl took: 0.479 seconds
fast_pt took: 0.091 seconds
fits_nz took: 0.000 seconds
lens_photoz_width took: 0.001 seconds
lens_photoz_bias took: 0.001 seconds
source_photoz_bias took: 0.001 seconds
add_magnification took: 0.005 seconds
2pt_shear took: 0.096 seconds
add_intrinsic took: 0.002 seconds


Parameters first used in each module:
consistency - 5 parameters:
     cosmological_parameters--ombh2
     cosmological_parameters--omch2
     cosmological_parameters--h0
     cosmological_parameters--mnu
     cosmological_parameters--s_8
bbn_consistency - 0 parameters:
s8_to_sigma8 - 0 parameters:
camb - 2 parameters:
     cosmological_parameters--n_s
     halo_model_parameters--logt_agn
as_to_log1e10as - 0 parameters:
fast_pt - 0 parameters:
fits_nz - 0 parameters:
lens_photoz_width - 4 parameters:
     lens_photoz_errors--width_1
     lens_photoz_errors--width_2
     lens_photoz_errors--width_3
     lens_photoz_errors--width_4
lens_photoz_bias - 4 parameters:
     lens_photoz_errors--bias_1
     lens_photoz_errors--bias_2
     lens_photoz_errors--bias_3
     lens_photoz_errors--bias_4
source_photoz_bias - 4 parameters:
     wl_photoz_errors--bias_1
     wl_photoz_errors--bias_2
     wl_photoz_errors--bias_3
     wl_photoz_errors--bias_4
IA - 5 parameters:
     intrinsic_alignment_parameters--a1
     intrinsic_alignment_parameters--a2
     intrinsic_alignment_parameters--alpha1
     intrinsic_alignment_parameters--alpha2
     intrinsic_alignment_parameters--bias_ta
pk_to_cl_gg - 4 parameters:
     bias_lens--b1
     bias_lens--b2
     bias_lens--b3
     bias_lens--b4
pk_to_cl - 0 parameters:
add_magnification - 0 parameters:
add_intrinsic - 0 parameters:
2pt_shear - 0 parameters:
2pt_gal - 0 parameters:
2pt_gal_shear - 0 parameters:
shear_m_bias - 4 parameters:
     shear_calibration_parameters--m1
     shear_calibration_parameters--m2
     shear_calibration_parameters--m3
     shear_calibration_parameters--m4
pk_to_cl took: 0.582 seconds
add_point_mass - 0 parameters:
2pt_like - 0 parameters:
shear_ratio_like - 0 parameters:
spt3g_d1_lensing - 7 parameters:
     candl_nuisance_parameters--acib150
     candl_nuisance_parameters--acib220
     candl_nuisance_parameters--arad150
     candl_nuisance_parameters--arad90
     candl_nuisance_parameters--atsz
     candl_nuisance_parameters--pcal_lens
     candl_nuisance_parameters--tcal_lens
Results - 0 parameters:
You manually told me in the parameter file to use module 18 as the first in the fast block
Time for full pipeline:  55.68s
Time for slow pipeline:  55.62s
Time for fast pipeline:  0.05s
Time saving: 99.91%

Based on this we have decided: 
   Slow modules (18):
        consistency
        bbn_consistency
        s8_to_sigma8
        camb
        as_to_log1e10as
        fast_pt
        fits_nz
        lens_photoz_width
        lens_photoz_bias
        source_photoz_bias
        IA
        pk_to_cl_gg
        pk_to_cl
        add_magnification
        add_intrinsic
        2pt_shear
        2pt_gal
        2pt_gal_shear
   Fast modules (5):
        shear_m_bias
        add_point_mass
        2pt_like
        shear_ratio_like
        spt3g_d1_lensing
   Slow parameters (28):
        cosmological_parameters--ombh2
        cosmological_parameters--omch2
        cosmological_parameters--h0
        cosmological_parameters--mnu
        cosmological_parameters--s_8
        cosmological_parameters--n_s
        halo_model_parameters--logt_agn
        lens_photoz_errors--width_1
        lens_photoz_errors--width_2
        lens_photoz_errors--width_3
        lens_photoz_errors--width_4
        lens_photoz_errors--bias_1
        lens_photoz_errors--bias_2
        lens_photoz_errors--bias_3
        lens_photoz_errors--bias_4
        wl_photoz_errors--bias_1
        wl_photoz_errors--bias_2
        wl_photoz_errors--bias_3
        wl_photoz_errors--bias_4
        intrinsic_alignment_parameters--a1
        intrinsic_alignment_parameters--a2
        intrinsic_alignment_parameters--alpha1
        intrinsic_alignment_parameters--alpha2
        intrinsic_alignment_parameters--bias_ta
        bias_lens--b1
        bias_lens--b2
        bias_lens--b3
        bias_lens--b4
   Fast parameters (11):
        shear_calibration_parameters--m1
        shear_calibration_parameters--m2
        shear_calibration_parameters--m3
        shear_calibration_parameters--m4
        candl_nuisance_parameters--acib150
        candl_nuisance_parameters--acib220
        candl_nuisance_parameters--arad150
        candl_nuisance_parameters--arad90
        candl_nuisance_parameters--atsz
        candl_nuisance_parameters--pcal_lens
2pt_gal took: 0.032 seconds
        candl_nuisance_parameters--tcal_lens


camb took: 55.339 seconds
as_to_log1e10as took: 0.000 seconds
2pt_gal_shear took: 0.111 seconds
2pt_gal_shear took: 0.104 seconds
shear_m_bias took: 0.002 seconds
add_magnification took: 0.005 seconds
add_point_mass took: 0.000 seconds
shear_m_bias took: 0.002 seconds
add_point_mass took: 0.000 seconds
add_intrinsic took: 0.002 seconds
2pt_gal_shear took: 0.121 seconds
shear_m_bias took: 0.002 seconds
add_point_mass took: 0.000 seconds
IA took: 0.024 seconds
2pt_gal took: 0.027 seconds
2pt_like took: 0.020 seconds
pk_to_cl_gg took: 1.231 seconds
shear_ratio_like took: 0.001 seconds
2pt_like took: 0.020 seconds
shear_ratio_like took: 0.001 seconds
2pt_gal_shear took: 0.106 seconds
shear_m_bias took: 0.002 seconds
add_point_mass took: 0.000 seconds
2pt_like took: 0.020 seconds
shear_ratio_like took: 0.001 seconds
pk_to_cl took: 0.472 seconds
add_magnification took: 0.005 seconds
add_intrinsic took: 0.002 seconds
pk_to_cl took: 0.495 seconds
camb took: 55.210 seconds
as_to_log1e10as took: 0.000 seconds
add_magnification took: 0.005 seconds
spt3g_d1_lensing took: 0.026 seconds
Total pipeline time: 57.4 seconds
add_intrinsic took: 0.002 seconds
pk_to_cl took: 0.518 seconds
2pt_like took: 0.021 seconds
shear_ratio_like took: 0.001 seconds
spt3g_d1_lensing took: 0.031 seconds
Total pipeline time: 57.0 seconds
add_magnification took: 0.005 seconds
add_intrinsic took: 0.002 seconds


Parameters first used in each module:
consistency - 5 parameters:
     cosmological_parameters--ombh2
     cosmological_parameters--omch2
     cosmological_parameters--h0
     cosmological_parameters--mnu
     cosmological_parameters--s_8
bbn_consistency - 0 parameters:
s8_to_sigma8 - 0 parameters:
camb - 2 parameters:
     cosmological_parameters--n_s
     halo_model_parameters--logt_agn
as_to_log1e10as - 0 parameters:
fast_pt - 0 parameters:
fits_nz - 0 parameters:
lens_photoz_width - 4 parameters:
     lens_photoz_errors--width_1
     lens_photoz_errors--width_2
     lens_photoz_errors--width_3
     lens_photoz_errors--width_4
lens_photoz_bias - 4 parameters:
     lens_photoz_errors--bias_1
     lens_photoz_errors--bias_2
     lens_photoz_errors--bias_3
     lens_photoz_errors--bias_4
source_photoz_bias - 4 parameters:
     wl_photoz_errors--bias_1
     wl_photoz_errors--bias_2
     wl_photoz_errors--bias_3
     wl_photoz_errors--bias_4
IA - 5 parameters:
     intrinsic_alignment_parameters--a1
     intrinsic_alignment_parameters--a2
     intrinsic_alignment_parameters--alpha1
     intrinsic_alignment_parameters--alpha2
     intrinsic_alignment_parameters--bias_ta
pk_to_cl_gg - 4 parameters:
     bias_lens--b1
     bias_lens--b2
     bias_lens--b3
     bias_lens--b4
pk_to_cl - 0 parameters:
add_magnification - 0 parameters:
add_intrinsic - 0 parameters:
2pt_shear - 0 parameters:
2pt_gal - 0 parameters:
2pt_gal_shear - 0 parameters:
shear_m_bias - 4 parameters:
     shear_calibration_parameters--m1
     shear_calibration_parameters--m2
     shear_calibration_parameters--m3
     shear_calibration_parameters--m4
add_point_mass - 0 parameters:
2pt_like - 0 parameters:
shear_ratio_like - 0 parameters:
spt3g_d1_lensing - 7 parameters:
     candl_nuisance_parameters--acib150
     candl_nuisance_parameters--acib220
     candl_nuisance_parameters--arad150
     candl_nuisance_parameters--arad90
     candl_nuisance_parameters--atsz
     candl_nuisance_parameters--pcal_lens
     candl_nuisance_parameters--tcal_lens
Results - 0 parameters:
You manually told me in the parameter file to use module 18 as the first in the fast block
Time for full pipeline:  57.42s
Time for slow pipeline:  57.38s
Time for fast pipeline:  0.05s
Time saving: 99.91%

Based on this we have decided: 
   Slow modules (18):
        consistency
        bbn_consistency
        s8_to_sigma8
        camb
        as_to_log1e10as
        fast_pt
        fits_nz
        lens_photoz_width
        lens_photoz_bias
        source_photoz_bias
        IA
        pk_to_cl_gg
        pk_to_cl
        add_magnification
        add_intrinsic
        2pt_shear
        2pt_gal
        2pt_gal_shear
   Fast modules (5):
        shear_m_bias
        add_point_mass
        2pt_like
        shear_ratio_like
        spt3g_d1_lensing
   Slow parameters (28):
        cosmological_parameters--ombh2
        cosmological_parameters--omch2
        cosmological_parameters--h0
        cosmological_parameters--mnu
        cosmological_parameters--s_8
        cosmological_parameters--n_s
        halo_model_parameters--logt_agn
        lens_photoz_errors--width_1
        lens_photoz_errors--width_2
        lens_photoz_errors--width_3
        lens_photoz_errors--width_4
        lens_photoz_errors--bias_1
        lens_photoz_errors--bias_2
        lens_photoz_errors--bias_3
        lens_photoz_errors--bias_4
        wl_photoz_errors--bias_1
        wl_photoz_errors--bias_2
        wl_photoz_errors--bias_3
        wl_photoz_errors--bias_4
        intrinsic_alignment_parameters--a1
        intrinsic_alignment_parameters--a2
        intrinsic_alignment_parameters--alpha1
        intrinsic_alignment_parameters--alpha2
        intrinsic_alignment_parameters--bias_ta
        bias_lens--b1
        bias_lens--b2
        bias_lens--b3
        bias_lens--b4
   Fast parameters (11):
        shear_calibration_parameters--m1
        shear_calibration_parameters--m2
        shear_calibration_parameters--m3
        shear_calibration_parameters--m4
        candl_nuisance_parameters--acib150
        candl_nuisance_parameters--acib220
        candl_nuisance_parameters--arad150
        candl_nuisance_parameters--arad90
        candl_nuisance_parameters--atsz
        candl_nuisance_parameters--pcal_lens
        candl_nuisance_parameters--tcal_lens


spt3g_d1_lensing took: 0.029 seconds
Total pipeline time: 57.2 seconds


Parameters first used in each module:
consistency - 5 parameters:
     cosmological_parameters--ombh2
     cosmological_parameters--omch2
     cosmological_parameters--h0
     cosmological_parameters--mnu
     cosmological_parameters--s_8
bbn_consistency - 0 parameters:
s8_to_sigma8 - 0 parameters:
camb - 2 parameters:
     cosmological_parameters--n_s
     halo_model_parameters--logt_agn
as_to_log1e10as - 0 parameters:
fast_pt - 0 parameters:
fits_nz - 0 parameters:
lens_photoz_width - 4 parameters:
     lens_photoz_errors--width_1
     lens_photoz_errors--width_2
     lens_photoz_errors--width_3
     lens_photoz_errors--width_4
lens_photoz_bias - 4 parameters:
     lens_photoz_errors--bias_1
     lens_photoz_errors--bias_2
pk_to_cl took: 0.480 seconds
     lens_photoz_errors--bias_3
     lens_photoz_errors--bias_4
source_photoz_bias - 4 parameters:
     wl_photoz_errors--bias_1
     wl_photoz_errors--bias_2
     wl_photoz_errors--bias_3
     wl_photoz_errors--bias_4
IA - 5 parameters:
     intrinsic_alignment_parameters--a1
     intrinsic_alignment_parameters--a2
     intrinsic_alignment_parameters--alpha1
     intrinsic_alignment_parameters--alpha2
     intrinsic_alignment_parameters--bias_ta
pk_to_cl_gg - 4 parameters:
     bias_lens--b1
     bias_lens--b2
     bias_lens--b3
     bias_lens--b4
pk_to_cl - 0 parameters:
add_magnification - 0 parameters:
add_intrinsic - 0 parameters:
2pt_shear - 0 parameters:
2pt_gal - 0 parameters:
2pt_gal_shear - 0 parameters:
shear_m_bias - 4 parameters:
     shear_calibration_parameters--m1
     shear_calibration_parameters--m2
     shear_calibration_parameters--m3
     shear_calibration_parameters--m4
add_point_mass - 0 parameters:
2pt_like - 0 parameters:
shear_ratio_like - 0 parameters:
spt3g_d1_lensing - 7 parameters:
     candl_nuisance_parameters--acib150
     candl_nuisance_parameters--acib220
     candl_nuisance_parameters--arad150
     candl_nuisance_parameters--arad90
     candl_nuisance_parameters--atsz
     candl_nuisance_parameters--pcal_lens
     candl_nuisance_parameters--tcal_lens
Results - 0 parameters:
You manually told me in the parameter file to use module 18 as the first in the fast block
Time for full pipeline:  56.96s
Time for slow pipeline:  56.90s
Time for fast pipeline:  0.05s
Time saving: 99.91%

Based on this we have decided: 
   Slow modules (18):
        consistency
        bbn_consistency
        s8_to_sigma8
        camb
        as_to_log1e10as
        fast_pt
        fits_nz
        lens_photoz_width
        lens_photoz_bias
        source_photoz_bias
2pt_gal_shear took: 0.106 seconds
        IA
        pk_to_cl_gg
        pk_to_cl
        add_magnification
        add_intrinsic
        2pt_shear
        2pt_gal
        2pt_gal_shear
   Fast modules (5):
        shear_m_bias
        add_point_mass
        2pt_like
        shear_ratio_like
        spt3g_d1_lensing
   Slow parameters (28):
        cosmological_parameters--ombh2
        cosmological_parameters--omch2
        cosmological_parameters--h0
        cosmological_parameters--mnu
        cosmological_parameters--s_8
        cosmological_parameters--n_s
        halo_model_parameters--logt_agn
        lens_photoz_errors--width_1
        lens_photoz_errors--width_2
        lens_photoz_errors--width_3
        lens_photoz_errors--width_4
        lens_photoz_errors--bias_1
        lens_photoz_errors--bias_2
        lens_photoz_errors--bias_3
        lens_photoz_errors--bias_4
        wl_photoz_errors--bias_1
        wl_photoz_errors--bias_2
        wl_photoz_errors--bias_3
        wl_photoz_errors--bias_4
        intrinsic_alignment_parameters--a1
        intrinsic_alignment_parameters--a2
        intrinsic_alignment_parameters--alpha1
        intrinsic_alignment_parameters--alpha2
        intrinsic_alignment_parameters--bias_ta
        bias_lens--b1
        bias_lens--b2
        bias_lens--b3
        bias_lens--b4
   Fast parameters (11):
        shear_calibration_parameters--m1
        shear_calibration_parameters--m2
        shear_calibration_parameters--m3
        shear_calibration_parameters--m4
        candl_nuisance_parameters--acib150
        candl_nuisance_parameters--acib220
        candl_nuisance_parameters--arad150
        candl_nuisance_parameters--arad90
        candl_nuisance_parameters--atsz
        candl_nuisance_parameters--pcal_lens
        candl_nuisance_parameters--tcal_lens


shear_m_bias took: 0.002 seconds
add_point_mass took: 0.000 seconds
add_magnification took: 0.005 seconds
add_intrinsic took: 0.002 seconds
2pt_shear took: 0.128 seconds
camb took: 55.880 seconds
as_to_log1e10as took: 0.000 seconds


Parameters first used in each module:
consistency - 5 parameters:
     cosmological_parameters--ombh2
     cosmological_parameters--omch2
     cosmological_parameters--h0
     cosmological_parameters--mnu
     cosmological_parameters--s_8
bbn_consistency - 0 parameters:
s8_to_sigma8 - 0 parameters:
camb - 2 parameters:
     cosmological_parameters--n_s
     halo_model_parameters--logt_agn
as_to_log1e10as - 0 parameters:
fast_pt - 0 parameters:
fits_nz - 0 parameters:
lens_photoz_width - 4 parameters:
     lens_photoz_errors--width_1
     lens_photoz_errors--width_2
pk_to_cl_gg took: 0.921 seconds
     lens_photoz_errors--width_3
     lens_photoz_errors--width_4
lens_photoz_bias - 4 parameters:
     lens_photoz_errors--bias_1
     lens_photoz_errors--bias_2
     lens_photoz_errors--bias_3
     lens_photoz_errors--bias_4
source_photoz_bias - 4 parameters:
     wl_photoz_errors--bias_1
     wl_photoz_errors--bias_2
     wl_photoz_errors--bias_3
     wl_photoz_errors--bias_4
IA - 5 parameters:
     intrinsic_alignment_parameters--a1
     intrinsic_alignment_parameters--a2
     intrinsic_alignment_parameters--alpha1
     intrinsic_alignment_parameters--alpha2
     intrinsic_alignment_parameters--bias_ta
pk_to_cl_gg - 4 parameters:
     bias_lens--b1
     bias_lens--b2
     bias_lens--b3
     bias_lens--b4
pk_to_cl - 0 parameters:
add_magnification - 0 parameters:
add_intrinsic - 0 parameters:
2pt_shear - 0 parameters:
2pt_gal - 0 parameters:
2pt_gal_shear - 0 parameters:
shear_m_bias - 4 parameters:
     shear_calibration_parameters--m1
     shear_calibration_parameters--m2
     shear_calibration_parameters--m3
     shear_calibration_parameters--m4
add_point_mass - 0 parameters:
2pt_like - 0 parameters:
shear_ratio_like - 0 parameters:
spt3g_d1_lensing - 7 parameters:
     candl_nuisance_parameters--acib150
     candl_nuisance_parameters--acib220
     candl_nuisance_parameters--arad150
     candl_nuisance_parameters--arad90
     candl_nuisance_parameters--atsz
     candl_nuisance_parameters--pcal_lens
     candl_nuisance_parameters--tcal_lens
Results - 0 parameters:
You manually told me in the parameter file to use module 18 as the first in the fast block
Time for full pipeline:  57.22s
Time for slow pipeline:  57.17s
Time for fast pipeline:  0.05s
Time saving: 99.91%

Based on this we have decided: 
   Slow modules (18):
        consistency
        bbn_consistency
        s8_to_sigma8
        camb
        as_to_log1e10as
        fast_pt
        fits_nz
        lens_photoz_width
        lens_photoz_bias
        source_photoz_bias
        IA
        pk_to_cl_gg
        pk_to_cl
        add_magnification
        add_intrinsic
        2pt_shear
        2pt_gal
        2pt_gal_shear
   Fast modules (5):
        shear_m_bias
        add_point_mass
        2pt_like
        shear_ratio_like
        spt3g_d1_lensing
   Slow parameters (28):
        cosmological_parameters--ombh2
        cosmological_parameters--omch2
        cosmological_parameters--h0
        cosmological_parameters--mnu
        cosmological_parameters--s_8
        cosmological_parameters--n_s
        halo_model_parameters--logt_agn
        lens_photoz_errors--width_1
        lens_photoz_errors--width_2
        lens_photoz_errors--width_3
        lens_photoz_errors--width_4
        lens_photoz_errors--bias_1
        lens_photoz_errors--bias_2
        lens_photoz_errors--bias_3
        lens_photoz_errors--bias_4
        wl_photoz_errors--bias_1
        wl_photoz_errors--bias_2
        wl_photoz_errors--bias_3
        wl_photoz_errors--bias_4
        intrinsic_alignment_parameters--a1
        intrinsic_alignment_parameters--a2
        intrinsic_alignment_parameters--alpha1
        intrinsic_alignment_parameters--alpha2
        intrinsic_alignment_parameters--bias_ta
        bias_lens--b1
        bias_lens--b2
        bias_lens--b3
        bias_lens--b4
   Fast parameters (11):
        shear_calibration_parameters--m1
        shear_calibration_parameters--m2
        shear_calibration_parameters--m3
        shear_calibration_parameters--m4
        candl_nuisance_parameters--acib150
        candl_nuisance_parameters--acib220
        candl_nuisance_parameters--arad150
        candl_nuisance_parameters--arad90
        candl_nuisance_parameters--atsz
        candl_nuisance_parameters--pcal_lens
        candl_nuisance_parameters--tcal_lens


spt3g_d1_lensing took: 0.024 seconds
Total pipeline time: 56.9 seconds
pk_to_cl took: 0.494 seconds


Parameters first used in each module:
consistency - 5 parameters:
     cosmological_parameters--ombh2
     cosmological_parameters--omch2
     cosmological_parameters--h0
     cosmological_parameters--mnu
     cosmological_parameters--s_8
bbn_consistency - 0 parameters:
s8_to_sigma8 - 0 parameters:
camb - 2 parameters:
     cosmological_parameters--n_s
     halo_model_parameters--logt_agn
as_to_log1e10as - 0 parameters:
fast_pt - 0 parameters:
fits_nz - 0 parameters:
lens_photoz_width - 4 parameters:
     lens_photoz_errors--width_1
     lens_photoz_errors--width_2
     lens_photoz_errors--width_3
     lens_photoz_errors--width_4
lens_photoz_bias - 4 parameters:
     lens_photoz_errors--bias_1
     lens_photoz_errors--bias_2
     lens_photoz_errors--bias_3
     lens_photoz_errors--bias_4
source_photoz_bias - 4 parameters:
     wl_photoz_errors--bias_1
     wl_photoz_errors--bias_2
     wl_photoz_errors--bias_3
     wl_photoz_errors--bias_4
IA - 5 parameters:
     intrinsic_alignment_parameters--a1
     intrinsic_alignment_parameters--a2
     intrinsic_alignment_parameters--alpha1
     intrinsic_alignment_parameters--alpha2
     intrinsic_alignment_parameters--bias_ta
pk_to_cl_gg - 4 parameters:
     bias_lens--b1
     bias_lens--b2
     bias_lens--b3
     bias_lens--b4
pk_to_cl - 0 parameters:
add_magnification - 0 parameters:
add_intrinsic - 0 parameters:
2pt_shear - 0 parameters:
2pt_gal - 0 parameters:
2pt_gal_shear - 0 parameters:
shear_m_bias - 4 parameters:
     shear_calibration_parameters--m1
     shear_calibration_parameters--m2
     shear_calibration_parameters--m3
     shear_calibration_parameters--m4
add_point_mass - 0 parameters:
2pt_like - 0 parameters:
shear_ratio_like - 0 parameters:
spt3g_d1_lensing - 7 parameters:
     candl_nuisance_parameters--acib150
     candl_nuisance_parameters--acib220
     candl_nuisance_parameters--arad150
     candl_nuisance_parameters--arad90
     candl_nuisance_parameters--atsz
     candl_nuisance_parameters--pcal_lens
     candl_nuisance_parameters--tcal_lens
Results - 0 parameters:
You manually told me in the parameter file to use module 18 as the first in the fast block
Time for full pipeline:  56.94s
Time for slow pipeline:  56.89s
Time for fast pipeline:  0.05s
Time saving: 99.92%

Based on this we have decided: 
   Slow modules (18):
        consistency
        bbn_consistency
        s8_to_sigma8
        camb
        as_to_log1e10as
        fast_pt
        fits_nz
        lens_photoz_width
        lens_photoz_bias
        source_photoz_bias
        IA
2pt_like took: 0.020 seconds
        pk_to_cl_gg
        pk_to_cl
        add_magnification
        add_intrinsic
        2pt_shear
        2pt_gal
        2pt_gal_shear
   Fast modules (5):
        shear_m_bias
        add_point_mass
        2pt_like
        shear_ratio_like
        spt3g_d1_lensing
   Slow parameters (28):
        cosmological_parameters--ombh2
        cosmological_parameters--omch2
        cosmological_parameters--h0
        cosmological_parameters--mnu
        cosmological_parameters--s_8
        cosmological_parameters--n_s
        halo_model_parameters--logt_agn
        lens_photoz_errors--width_1
        lens_photoz_errors--width_2
        lens_photoz_errors--width_3
        lens_photoz_errors--width_4
        lens_photoz_errors--bias_1
        lens_photoz_errors--bias_2
        lens_photoz_errors--bias_3
        lens_photoz_errors--bias_4
        wl_photoz_errors--bias_1
        wl_photoz_errors--bias_2
        wl_photoz_errors--bias_3
        wl_photoz_errors--bias_4
        intrinsic_alignment_parameters--a1
        intrinsic_alignment_parameters--a2
        intrinsic_alignment_parameters--alpha1
        intrinsic_alignment_parameters--alpha2
        intrinsic_alignment_parameters--bias_ta
        bias_lens--b1
        bias_lens--b2
        bias_lens--b3
        bias_lens--b4
   Fast parameters (11):
        shear_calibration_parameters--m1
        shear_calibration_parameters--m2
        shear_calibration_parameters--m3
        shear_calibration_parameters--m4
        candl_nuisance_parameters--acib150
        candl_nuisance_parameters--acib220
        candl_nuisance_parameters--arad150
        candl_nuisance_parameters--arad90
        candl_nuisance_parameters--atsz
        candl_nuisance_parameters--pcal_lens
        candl_nuisance_parameters--tcal_lens


shear_ratio_like took: 0.001 seconds
pk_to_cl took: 0.484 seconds
add_magnification took: 0.005 seconds
2pt_shear took: 0.098 seconds
add_intrinsic took: 0.002 seconds
add_magnification took: 0.005 seconds
2pt_shear took: 0.091 seconds
add_intrinsic took: 0.002 seconds
pk_to_cl_gg took: 0.895 seconds
pk_to_cl took: 0.526 seconds
pk_to_cl_gg took: 0.894 seconds
camb took: 56.230 seconds
as_to_log1e10as took: 0.000 seconds
fast_pt took: 0.110 seconds
fits_nz took: 0.000 seconds
add_magnification took: 0.005 seconds
lens_photoz_width took: 0.001 seconds
pk_to_cl_gg took: 1.243 seconds
2pt_gal_shear took: 0.112 seconds
lens_photoz_bias took: 0.001 seconds
2pt_gal took: 0.037 seconds
source_photoz_bias took: 0.001 seconds
shear_m_bias took: 0.002 seconds
add_intrinsic took: 0.002 seconds
add_point_mass took: 0.000 seconds
camb took: 55.041 seconds
as_to_log1e10as took: 0.000 seconds
spt3g_d1_lensing took: 0.027 seconds
Total pipeline time: 56.2 seconds
camb took: 55.603 seconds
as_to_log1e10as took: 0.000 seconds
pk_to_cl took: 0.643 seconds
2pt_gal took: 0.028 seconds
2pt_gal took: 0.027 seconds


Parameters first used in each module:
consistency - 5 parameters:
     cosmological_parameters--ombh2
     cosmological_parameters--omch2
     cosmological_parameters--h0
     cosmological_parameters--mnu
     cosmological_parameters--s_8
bbn_consistency - 0 parameters:
s8_to_sigma8 - 0 parameters:
camb - 2 parameters:
     cosmological_parameters--n_s
     halo_model_parameters--logt_agn
as_to_log1e10as - 0 parameters:
fast_pt - 0 parameters:
fits_nz - 0 parameters:
lens_photoz_width - 4 parameters:
     lens_photoz_errors--width_1
     lens_photoz_errors--width_2
     lens_photoz_errors--width_3
     lens_photoz_errors--width_4
lens_photoz_bias - 4 parameters:
     lens_photoz_errors--bias_1
     lens_photoz_errors--bias_2
     lens_photoz_errors--bias_3
     lens_photoz_errors--bias_4
source_photoz_bias - 4 parameters:
     wl_photoz_errors--bias_1
     wl_photoz_errors--bias_2
     wl_photoz_errors--bias_3
     wl_photoz_errors--bias_4
IA - 5 parameters:
     intrinsic_alignment_parameters--a1
     intrinsic_alignment_parameters--a2
     intrinsic_alignment_parameters--alpha1
     intrinsic_alignment_parameters--alpha2
     intrinsic_alignment_parameters--bias_ta
pk_to_cl_gg - 4 parameters:
     bias_lens--b1
     bias_lens--b2
     bias_lens--b3
     bias_lens--b4
pk_to_cl - 0 parameters:
add_magnification - 0 parameters:
add_intrinsic - 0 parameters:
2pt_shear - 0 parameters:
2pt_gal - 0 parameters:
2pt_gal_shear - 0 parameters:
shear_m_bias - 4 parameters:
     shear_calibration_parameters--m1
     shear_calibration_parameters--m2
     shear_calibration_parameters--m3
     shear_calibration_parameters--m4
add_point_mass - 0 parameters:
2pt_like - 0 parameters:
shear_ratio_like - 0 parameters:
spt3g_d1_lensing - 7 parameters:
     candl_nuisance_parameters--acib150
     candl_nuisance_parameters--acib220
     candl_nuisance_parameters--arad150
     candl_nuisance_parameters--arad90
     candl_nuisance_parameters--atsz
     candl_nuisance_parameters--pcal_lens
     candl_nuisance_parameters--tcal_lens
Results - 0 parameters:
You manually told me in the parameter file to use module 18 as the first in the fast block
Time for full pipeline:  56.16s
Time for slow pipeline:  56.11s
Time for fast pipeline:  0.05s
Time saving: 99.91%

Based on this we have decided: 
   Slow modules (18):
        consistency
        bbn_consistency
        s8_to_sigma8
        camb
        as_to_log1e10as
        fast_pt
        fits_nz
        lens_photoz_width
        lens_photoz_bias
        source_photoz_bias
        IA
        pk_to_cl_gg
        pk_to_cl
        add_magnification
        add_intrinsic
        2pt_shear
        2pt_gal
        2pt_gal_shear
   Fast modules (5):
        shear_m_bias
        add_point_mass
        2pt_like
        shear_ratio_like
        spt3g_d1_lensing
   Slow parameters (28):
        cosmological_parameters--ombh2
        cosmological_parameters--omch2
        cosmological_parameters--h0
        cosmological_parameters--mnu
        cosmological_parameters--s_8
        cosmological_parameters--n_s
        halo_model_parameters--logt_agn
        lens_photoz_errors--width_1
        lens_photoz_errors--width_2
        lens_photoz_errors--width_3
        lens_photoz_errors--width_4
        lens_photoz_errors--bias_1
        lens_photoz_errors--bias_2
        lens_photoz_errors--bias_3
        lens_photoz_errors--bias_4
        wl_photoz_errors--bias_1
        wl_photoz_errors--bias_2
        wl_photoz_errors--bias_3
        wl_photoz_errors--bias_4
        intrinsic_alignment_parameters--a1
        intrinsic_alignment_parameters--a2
        intrinsic_alignment_parameters--alpha1
        intrinsic_alignment_parameters--alpha2
        intrinsic_alignment_parameters--bias_ta
        bias_lens--b1
        bias_lens--b2
        bias_lens--b3
        bias_lens--b4
   Fast parameters (11):
        shear_calibration_parameters--m1
        shear_calibration_parameters--m2
        shear_calibration_parameters--m3
        shear_calibration_parameters--m4
        candl_nuisance_parameters--acib150
        candl_nuisance_parameters--acib220
        candl_nuisance_parameters--arad150
        candl_nuisance_parameters--arad90
        candl_nuisance_parameters--atsz
        candl_nuisance_parameters--pcal_lens
        candl_nuisance_parameters--tcal_lens


add_magnification took: 0.007 seconds
2pt_like took: 0.020 seconds
add_intrinsic took: 0.003 seconds
Doing fast/slow parameter splitting

Analyzing pipeline to determine fast and slow parameters (because fast_slow=T in [pipeline] section)

Running pipeline once to make sure everything is initialized before timing.

camb took: 54.748 seconds
as_to_log1e10as took: 0.000 seconds
shear_ratio_like took: 0.001 seconds
2pt_shear took: 0.091 seconds
2pt_gal_shear took: 0.114 seconds
shear_m_bias took: 0.002 seconds
IA took: 0.025 seconds
add_point_mass took: 0.000 seconds
2pt_shear took: 0.095 seconds
2pt_like took: 0.018 seconds
shear_ratio_like took: 0.001 seconds
spt3g_d1_lensing took: 0.024 seconds
Total pipeline time: 57.1 seconds
fast_pt took: 0.115 seconds
fits_nz took: 0.000 seconds
2pt_gal took: 0.027 seconds
lens_photoz_width took: 0.001 seconds
lens_photoz_bias took: 0.001 seconds
source_photoz_bias took: 0.001 seconds
fast_pt took: 0.091 seconds
pk_to_cl took: 0.563 seconds
fits_nz took: 0.000 seconds
lens_photoz_width took: 0.001 seconds


Parameters first used in each module:
consistency - 5 parameters:
     cosmological_parameters--ombh2
     cosmological_parameters--omch2
     cosmological_parameters--h0
     cosmological_parameters--mnu
     cosmological_parameters--s_8
bbn_consistency - 0 parameters:
s8_to_sigma8 - 0 parameters:
camb - 2 parameters:
     cosmological_parameters--n_s
     halo_model_parameters--logt_agn
as_to_log1e10as - 0 parameters:
fast_pt - 0 parameters:
fits_nz - 0 parameters:
lens_photoz_width - 4 parameters:
     lens_photoz_errors--width_1
     lens_photoz_errors--width_2
     lens_photoz_errors--width_3
     lens_photoz_errors--width_4
lens_photoz_bias - 4 parameters:
     lens_photoz_errors--bias_1
     lens_photoz_errors--bias_2
     lens_photoz_errors--bias_3
     lens_photoz_errors--bias_4
source_photoz_bias - 4 parameters:
     wl_photoz_errors--bias_1
     wl_photoz_errors--bias_2
     wl_photoz_errors--bias_3
     wl_photoz_errors--bias_4
IA - 5 parameters:
     intrinsic_alignment_parameters--a1
     intrinsic_alignment_parameters--a2
     intrinsic_alignment_parameters--alpha1
     intrinsic_alignment_parameters--alpha2
     intrinsic_alignment_parameters--bias_ta
pk_to_cl_gg - 4 parameters:
     bias_lens--b1
     bias_lens--b2
     bias_lens--b3
     bias_lens--b4
pk_to_cl - 0 parameters:
add_magnification - 0 parameters:
add_intrinsic - 0 parameters:
2pt_shear - 0 parameters:
2pt_gal - 0 parameters:
2pt_gal_shear - 0 parameters:
shear_m_bias - 4 parameters:
     shear_calibration_parameters--m1
     shear_calibration_parameters--m2
     shear_calibration_parameters--m3
     shear_calibration_parameters--m4
add_point_mass - 0 parameters:
2pt_like - 0 parameters:
shear_ratio_like - 0 parameters:
spt3g_d1_lensing - 7 parameters:
     candl_nuisance_parameters--acib150
     candl_nuisance_parameters--acib220
     candl_nuisance_parameters--arad150
     candl_nuisance_parameters--arad90
     candl_nuisance_parameters--atsz
     candl_nuisance_parameters--pcal_lens
     candl_nuisance_parameters--tcal_lens
Results - 0 parameters:
You manually told me in the parameter file to use module 18 as the first in the fast block
Time for full pipeline:  57.09s
Time for slow pipeline:  57.04s
Time for fast pipeline:  0.05s
Time saving: 99.92%

Based on this we have decided: 
   Slow modules (18):
        consistency
        bbn_consistency
        s8_to_sigma8
        camb
        as_to_log1e10as
        fast_pt
        fits_nz
        lens_photoz_width
        lens_photoz_bias
        source_photoz_bias
        IA
        pk_to_cl_gg
        pk_to_cl
        add_magnification
        add_intrinsic
        2pt_shear
        2pt_gal
        2pt_gal_shear
   Fast modules (5):
        shear_m_bias
        add_point_mass
        2pt_like
        shear_ratio_like
        spt3g_d1_lensing
   Slow parameters (28):
        cosmological_parameters--ombh2
        cosmological_parameters--omch2
        cosmological_parameters--h0
        cosmological_parameters--mnu
        cosmological_parameters--s_8
        cosmological_parameters--n_s
        halo_model_parameters--logt_agn
        lens_photoz_errors--width_1
        lens_photoz_errors--width_2
        lens_photoz_errors--width_3
        lens_photoz_errors--width_4
        lens_photoz_errors--bias_1
        lens_photoz_errors--bias_2
        lens_photoz_errors--bias_3
2pt_shear took: 0.095 seconds
pk_to_cl_gg took: 0.895 seconds
2pt_shear took: 0.116 seconds
        lens_photoz_errors--bias_4
        wl_photoz_errors--bias_1
        wl_photoz_errors--bias_2
        wl_photoz_errors--bias_3
        wl_photoz_errors--bias_4
        intrinsic_alignment_parameters--a1
        intrinsic_alignment_parameters--a2
        intrinsic_alignment_parameters--alpha1
        intrinsic_alignment_parameters--alpha2
        intrinsic_alignment_parameters--bias_ta
        bias_lens--b1
        bias_lens--b2
        bias_lens--b3
        bias_lens--b4
   Fast parameters (11):
        shear_calibration_parameters--m1
        shear_calibration_parameters--m2
        shear_calibration_parameters--m3
        shear_calibration_parameters--m4
        candl_nuisance_parameters--acib150
lens_photoz_bias took: 0.001 seconds
        candl_nuisance_parameters--acib220
        candl_nuisance_parameters--arad150
        candl_nuisance_parameters--arad90
        candl_nuisance_parameters--atsz
        candl_nuisance_parameters--pcal_lens
        candl_nuisance_parameters--tcal_lens


source_photoz_bias took: 0.001 seconds
camb took: 56.489 seconds
as_to_log1e10as took: 0.000 seconds
add_magnification took: 0.008 seconds
pk_to_cl took: 0.484 seconds
camb took: 55.829 seconds
as_to_log1e10as took: 0.000 seconds
add_intrinsic took: 0.003 seconds
IA took: 0.017 seconds
add_magnification took: 0.005 seconds
2pt_gal took: 0.027 seconds
add_intrinsic took: 0.002 seconds
spt3g_d1_lensing took: 0.028 seconds
Total pipeline time: 57.2 seconds
IA took: 0.016 seconds
Doing fast/slow parameter splitting

Analyzing pipeline to determine fast and slow parameters (because fast_slow=T in [pipeline] section)

Running pipeline once to make sure everything is initialized before timing.

2pt_shear took: 0.093 seconds
2pt_shear took: 0.098 seconds


Parameters first used in each module:
consistency - 5 parameters:
     cosmological_parameters--ombh2
     cosmological_parameters--omch2
     cosmological_parameters--h0
     cosmological_parameters--mnu
     cosmological_parameters--s_8
bbn_consistency - 0 parameters:
s8_to_sigma8 - 0 parameters:
camb - 2 parameters:
     cosmological_parameters--n_s
     halo_model_parameters--logt_agn
as_to_log1e10as - 0 parameters:
fast_pt - 0 parameters:
fits_nz - 0 parameters:
lens_photoz_width - 4 parameters:
     lens_photoz_errors--width_1
     lens_photoz_errors--width_2
     lens_photoz_errors--width_3
     lens_photoz_errors--width_4
lens_photoz_bias - 4 parameters:
     lens_photoz_errors--bias_1
     lens_photoz_errors--bias_2
     lens_photoz_errors--bias_3
     lens_photoz_errors--bias_4
source_photoz_bias - 4 parameters:
     wl_photoz_errors--bias_1
     wl_photoz_errors--bias_2
     wl_photoz_errors--bias_3
     wl_photoz_errors--bias_4
IA - 5 parameters:
     intrinsic_alignment_parameters--a1
     intrinsic_alignment_parameters--a2
     intrinsic_alignment_parameters--alpha1
     intrinsic_alignment_parameters--alpha2
     intrinsic_alignment_parameters--bias_ta
pk_to_cl_gg - 4 parameters:
     bias_lens--b1
     bias_lens--b2
     bias_lens--b3
     bias_lens--b4
pk_to_cl - 0 parameters:
add_magnification - 0 parameters:
add_intrinsic - 0 parameters:
2pt_shear - 0 parameters:
2pt_gal - 0 parameters:
2pt_gal_shear - 0 parameters:
shear_m_bias - 4 parameters:
     shear_calibration_parameters--m1
     shear_calibration_parameters--m2
     shear_calibration_parameters--m3
     shear_calibration_parameters--m4
add_point_mass - 0 parameters:
2pt_like - 0 parameters:
shear_ratio_like - 0 parameters:
spt3g_d1_lensing - 7 parameters:
     candl_nuisance_parameters--acib150
     candl_nuisance_parameters--acib220
     candl_nuisance_parameters--arad150
     candl_nuisance_parameters--arad90
     candl_nuisance_parameters--atsz
     candl_nuisance_parameters--pcal_lens
     candl_nuisance_parameters--tcal_lens
Results - 0 parameters:
You manually told me in the parameter file to use module 18 as the first in the fast block
Time for full pipeline:  57.15s
Time for slow pipeline:  57.10s
Time for fast pipeline:  0.05s
Time saving: 99.91%

Based on this we have decided: 
   Slow modules (18):
        consistency
        bbn_consistency
        s8_to_sigma8
        camb
        as_to_log1e10as
        fast_pt
        fits_nz
        lens_photoz_width
        lens_photoz_bias
        source_photoz_bias
        IA
        pk_to_cl_gg
        pk_to_cl
        add_magnification
        add_intrinsic
        2pt_shear
        2pt_gal
        2pt_gal_shear
   Fast modules (5):
        shear_m_bias
        add_point_mass
        2pt_like
        shear_ratio_like
        spt3g_d1_lensing
   Slow parameters (28):
        cosmological_parameters--ombh2
        cosmological_parameters--omch2
        cosmological_parameters--h0
        cosmological_parameters--mnu
        cosmological_parameters--s_8
        cosmological_parameters--n_s
        halo_model_parameters--logt_agn
        lens_photoz_errors--width_1
        lens_photoz_errors--width_2
        lens_photoz_errors--width_3
        lens_photoz_errors--width_4
        lens_photoz_errors--bias_1
        lens_photoz_errors--bias_2
        lens_photoz_errors--bias_3
        lens_photoz_errors--bias_4
        wl_photoz_errors--bias_1
        wl_photoz_errors--bias_2
        wl_photoz_errors--bias_3
        wl_photoz_errors--bias_4
        intrinsic_alignment_parameters--a1
        intrinsic_alignment_parameters--a2
        intrinsic_alignment_parameters--alpha1
        intrinsic_alignment_parameters--alpha2
        intrinsic_alignment_parameters--bias_ta
        bias_lens--b1
        bias_lens--b2
        bias_lens--b3
        bias_lens--b4
   Fast parameters (11):
        shear_calibration_parameters--m1
        shear_calibration_parameters--m2
        shear_calibration_parameters--m3
        shear_calibration_parameters--m4
        candl_nuisance_parameters--acib150
        candl_nuisance_parameters--acib220
        candl_nuisance_parameters--arad150
        candl_nuisance_parameters--arad90
        candl_nuisance_parameters--atsz
        candl_nuisance_parameters--pcal_lens
        candl_nuisance_parameters--tcal_lens


2pt_gal took: 0.033 seconds
2pt_gal took: 0.033 seconds
2pt_shear took: 0.095 seconds
pk_to_cl_gg took: 1.238 seconds
2pt_gal took: 0.026 seconds
2pt_gal took: 0.027 seconds
fast_pt took: 0.092 seconds
2pt_gal_shear took: 0.112 seconds
fits_nz took: 0.000 seconds
lens_photoz_width took: 0.001 seconds
shear_m_bias took: 0.002 seconds
add_point_mass took: 0.000 seconds
lens_photoz_bias took: 0.001 seconds
source_photoz_bias took: 0.001 seconds
2pt_gal_shear took: 0.106 seconds
2pt_gal_shear took: 0.107 seconds
shear_m_bias took: 0.002 seconds
shear_m_bias took: 0.002 seconds
add_point_mass took: 0.000 seconds
add_point_mass took: 0.000 seconds
2pt_gal took: 0.028 seconds
fast_pt took: 0.127 seconds
fits_nz took: 0.000 seconds
lens_photoz_width took: 0.001 seconds
lens_photoz_bias took: 0.001 seconds
source_photoz_bias took: 0.001 seconds
fast_pt took: 0.127 seconds
fits_nz took: 0.000 seconds
lens_photoz_width took: 0.001 seconds
lens_photoz_bias took: 0.001 seconds
source_photoz_bias took: 0.001 seconds
2pt_like took: 0.020 seconds
shear_ratio_like took: 0.001 seconds
Doing fast/slow parameter splitting

Analyzing pipeline to determine fast and slow parameters (because fast_slow=T in [pipeline] section)

Running pipeline once to make sure everything is initialized before timing.

2pt_like took: 0.018 seconds
2pt_like took: 0.018 seconds
shear_ratio_like took: 0.001 seconds
shear_ratio_like took: 0.001 seconds
IA took: 0.024 seconds
2pt_shear took: 0.121 seconds
fast_pt took: 0.132 seconds
fits_nz took: 0.000 seconds
camb took: 55.333 seconds
as_to_log1e10as took: 0.000 seconds
lens_photoz_width took: 0.001 seconds
lens_photoz_bias took: 0.001 seconds
source_photoz_bias took: 0.001 seconds
pk_to_cl took: 0.479 seconds
add_magnification took: 0.005 seconds
add_intrinsic took: 0.002 seconds
IA took: 0.032 seconds
2pt_shear took: 0.096 seconds
spt3g_d1_lensing took: 0.024 seconds
Total pipeline time: 56.8 seconds
2pt_shear took: 0.092 seconds
IA took: 0.030 seconds
spt3g_d1_lensing took: 0.025 seconds
Total pipeline time: 56.2 seconds
spt3g_d1_lensing took: 0.029 seconds
Total pipeline time: 56.3 seconds
2pt_gal_shear took: 0.119 seconds
shear_m_bias took: 0.002 seconds
add_point_mass took: 0.000 seconds


Parameters first used in each module:
consistency - 5 parameters:
     cosmological_parameters--ombh2
     cosmological_parameters--omch2
     cosmological_parameters--h0
     cosmological_parameters--mnu
     cosmological_parameters--s_8
bbn_consistency - 0 parameters:
s8_to_sigma8 - 0 parameters:
camb - 2 parameters:
     cosmological_parameters--n_s
     halo_model_parameters--logt_agn
as_to_log1e10as - 0 parameters:
fast_pt - 0 parameters:
fits_nz - 0 parameters:
lens_photoz_width - 4 parameters:
     lens_photoz_errors--width_1
     lens_photoz_errors--width_2
     lens_photoz_errors--width_3
     lens_photoz_errors--width_4
lens_photoz_bias - 4 parameters:
     lens_photoz_errors--bias_1
     lens_photoz_errors--bias_2
     lens_photoz_errors--bias_3
     lens_photoz_errors--bias_4
source_photoz_bias - 4 parameters:
     wl_photoz_errors--bias_1
     wl_photoz_errors--bias_2
     wl_photoz_errors--bias_3
     wl_photoz_errors--bias_4
IA - 5 parameters:
     intrinsic_alignment_parameters--a1
     intrinsic_alignment_parameters--a2
     intrinsic_alignment_parameters--alpha1
     intrinsic_alignment_parameters--alpha2
     intrinsic_alignment_parameters--bias_ta
pk_to_cl_gg - 4 parameters:
     bias_lens--b1
     bias_lens--b2
     bias_lens--b3
     bias_lens--b4
pk_to_cl - 0 parameters:
add_magnification - 0 parameters:
add_intrinsic - 0 parameters:
2pt_shear - 0 parameters:
2pt_gal - 0 parameters:
2pt_gal_shear - 0 parameters:
shear_m_bias - 4 parameters:
     shear_calibration_parameters--m1
     shear_calibration_parameters--m2
     shear_calibration_parameters--m3
     shear_calibration_parameters--m4
add_point_mass - 0 parameters:
2pt_like - 0 parameters:
shear_ratio_like - 0 parameters:
spt3g_d1_lensing - 7 parameters:
     candl_nuisance_parameters--acib150
     candl_nuisance_parameters--acib220
     candl_nuisance_parameters--arad150
     candl_nuisance_parameters--arad90
     candl_nuisance_parameters--atsz
     candl_nuisance_parameters--pcal_lens
     candl_nuisance_parameters--tcal_lens
Results - 0 parameters:
You manually told me in the parameter file to use module 18 as the first in the fast block
Time for full pipeline:  56.77s
Time for slow pipeline:  56.72s
Time for fast pipeline:  0.04s
Time saving: 99.92%

Based on this we have decided: 
   Slow modules (18):
        consistency
        bbn_consistency
        s8_to_sigma8
        camb
        as_to_log1e10as
        fast_pt
        fits_nz
        lens_photoz_width
        lens_photoz_bias
        source_photoz_bias
        IA
        pk_to_cl_gg
        pk_to_cl
        add_magnification
        add_intrinsic
        2pt_shear
        2pt_gal
        2pt_gal_shear
   Fast modules (5):
        shear_m_bias
        add_point_mass
        2pt_like
        shear_ratio_like
        spt3g_d1_lensing
   Slow parameters (28):
        cosmological_parameters--ombh2
        cosmological_parameters--omch2
        cosmological_parameters--h0
        cosmological_parameters--mnu
        cosmological_parameters--s_8
        cosmological_parameters--n_s
        halo_model_parameters--logt_agn
        lens_photoz_errors--width_1
        lens_photoz_errors--width_2
        lens_photoz_errors--width_3
        lens_photoz_errors--width_4
        lens_photoz_errors--bias_1
        lens_photoz_errors--bias_2
        lens_photoz_errors--bias_3
        lens_photoz_errors--bias_4
        wl_photoz_errors--bias_1
        wl_photoz_errors--bias_2
        wl_photoz_errors--bias_3
        wl_photoz_errors--bias_4
        intrinsic_alignment_parameters--a1
        intrinsic_alignment_parameters--a2
        intrinsic_alignment_parameters--alpha1
        intrinsic_alignment_parameters--alpha2
        intrinsic_alignment_parameters--bias_ta
        bias_lens--b1
        bias_lens--b2
        bias_lens--b3
        bias_lens--b4
   Fast parameters (11):
        shear_calibration_parameters--m1
        shear_calibration_parameters--m2
        shear_calibration_parameters--m3
        shear_calibration_parameters--m4
        candl_nuisance_parameters--acib150
        candl_nuisance_parameters--acib220
        candl_nuisance_parameters--arad150
        candl_nuisance_parameters--arad90
        candl_nuisance_parameters--atsz
        candl_nuisance_parameters--pcal_lens
        candl_nuisance_parameters--tcal_lens




Parameters first used in each module:
consistency - 5 parameters:
     cosmological_parameters--ombh2
     cosmological_parameters--omch2
     cosmological_parameters--h0
     cosmological_parameters--mnu
     cosmological_parameters--s_8
bbn_consistency - 0 parameters:
s8_to_sigma8 - 0 parameters:
camb - 2 parameters:
     cosmological_parameters--n_s
     halo_model_parameters--logt_agn
as_to_log1e10as - 0 parameters:
fast_pt - 0 parameters:
fits_nz - 0 parameters:
lens_photoz_width - 4 parameters:
     lens_photoz_errors--width_1
     lens_photoz_errors--width_2
     lens_photoz_errors--width_3
     lens_photoz_errors--width_4
lens_photoz_bias - 4 parameters:
     lens_photoz_errors--bias_1
     lens_photoz_errors--bias_2
     lens_photoz_errors--bias_3
     lens_photoz_errors--bias_4
source_photoz_bias - 4 parameters:
     wl_photoz_errors--bias_1
     wl_photoz_errors--bias_2
     wl_photoz_errors--bias_3
     wl_photoz_errors--bias_4
IA - 5 parameters:
     intrinsic_alignment_parameters--a1
     intrinsic_alignment_parameters--a2
     intrinsic_alignment_parameters--alpha1
     intrinsic_alignment_parameters--alpha2
     intrinsic_alignment_parameters--bias_ta
pk_to_cl_gg - 4 parameters:
     bias_lens--b1
     bias_lens--b2
     bias_lens--b3
     bias_lens--b4
pk_to_cl - 0 parameters:
add_magnification - 0 parameters:
add_intrinsic - 0 parameters:
2pt_shear - 0 parameters:
2pt_gal - 0 parameters:
2pt_gal_shear - 0 parameters:
shear_m_bias - 4 parameters:
     shear_calibration_parameters--m1
     shear_calibration_parameters--m2
     shear_calibration_parameters--m3
     shear_calibration_parameters--m4
add_point_mass - 0 parameters:
2pt_like - 0 parameters:
shear_ratio_like - 0 parameters:
spt3g_d1_lensing - 7 parameters:
     candl_nuisance_parameters--acib150
     candl_nuisance_parameters--acib220
     candl_nuisance_parameters--arad150
     candl_nuisance_parameters--arad90
     candl_nuisance_parameters--atsz
     candl_nuisance_parameters--pcal_lens
     candl_nuisance_parameters--tcal_lens
Results - 0 parameters:
You manually told me in the parameter file to use module 18 as the first in the fast block
Time for full pipeline:  56.19s
Time for slow pipeline:  56.14s
Time for fast pipeline:  0.05s
Time saving: 99.92%

Based on this we have decided: 
   Slow modules (18):
        consistency
        bbn_consistency
        s8_to_sigma8
        camb
        as_to_log1e10as
        fast_pt
        fits_nz
        lens_photoz_width
        lens_photoz_bias
        source_photoz_bias
        IA
        pk_to_cl_gg
        pk_to_cl
        add_magnification
        add_intrinsic
        2pt_shear
        2pt_gal
        2pt_gal_shear
   Fast modules (5):
        shear_m_bias
        add_point_mass
        2pt_like
        shear_ratio_like
        spt3g_d1_lensing
   Slow parameters (28):
        cosmological_parameters--ombh2
        cosmological_parameters--omch2
        cosmological_parameters--h0
        cosmological_parameters--mnu
        cosmological_parameters--s_8
        cosmological_parameters--n_s
        halo_model_parameters--logt_agn
        lens_photoz_errors--width_1
        lens_photoz_errors--width_2
        lens_photoz_errors--width_3
        lens_photoz_errors--width_4
        lens_photoz_errors--bias_1
        lens_photoz_errors--bias_2
        lens_photoz_errors--bias_3
        lens_photoz_errors--bias_4
        wl_photoz_errors--bias_1
        wl_photoz_errors--bias_2
        wl_photoz_errors--bias_3
        wl_photoz_errors--bias_4
        intrinsic_alignment_parameters--a1
        intrinsic_alignment_parameters--a2
        intrinsic_alignment_parameters--alpha1
        intrinsic_alignment_parameters--alpha2
        intrinsic_alignment_parameters--bias_ta
        bias_lens--b1
        bias_lens--b2
        bias_lens--b3
        bias_lens--b4
   Fast parameters (11):
        shear_calibration_parameters--m1
        shear_calibration_parameters--m2
        shear_calibration_parameters--m3
        shear_calibration_parameters--m4
        candl_nuisance_parameters--acib150
        candl_nuisance_parameters--acib220
        candl_nuisance_parameters--arad150
        candl_nuisance_parameters--arad90
        candl_nuisance_parameters--atsz
        candl_nuisance_parameters--pcal_lens
        candl_nuisance_parameters--tcal_lens


IA took: 0.029 seconds
Doing fast/slow parameter splitting

Analyzing pipeline to determine fast and slow parameters (because fast_slow=T in [pipeline] section)

Running pipeline once to make sure everything is initialized before timing.

2pt_gal took: 0.035 seconds


Parameters first used in each module:
consistency - 5 parameters:
     cosmological_parameters--ombh2
     cosmological_parameters--omch2
     cosmological_parameters--h0
     cosmological_parameters--mnu
     cosmological_parameters--s_8
bbn_consistency - 0 parameters:
s8_to_sigma8 - 0 parameters:
camb - 2 parameters:
     cosmological_parameters--n_s
     halo_model_parameters--logt_agn
as_to_log1e10as - 0 parameters:
fast_pt - 0 parameters:
fits_nz - 0 parameters:
lens_photoz_width - 4 parameters:
     lens_photoz_errors--width_1
     lens_photoz_errors--width_2
     lens_photoz_errors--width_3
     lens_photoz_errors--width_4
lens_photoz_bias - 4 parameters:
     lens_photoz_errors--bias_1
     lens_photoz_errors--bias_2
     lens_photoz_errors--bias_3
     lens_photoz_errors--bias_4
source_photoz_bias - 4 parameters:
     wl_photoz_errors--bias_1
     wl_photoz_errors--bias_2
     wl_photoz_errors--bias_3
     wl_photoz_errors--bias_4
IA - 5 parameters:
     intrinsic_alignment_parameters--a1
     intrinsic_alignment_parameters--a2
     intrinsic_alignment_parameters--alpha1
     intrinsic_alignment_parameters--alpha2
     intrinsic_alignment_parameters--bias_ta
pk_to_cl_gg - 4 parameters:
     bias_lens--b1
     bias_lens--b2
     bias_lens--b3
     bias_lens--b4
pk_to_cl - 0 parameters:
add_magnification - 0 parameters:
add_intrinsic - 0 parameters:
2pt_shear - 0 parameters:
2pt_gal - 0 parameters:
2pt_gal_shear - 0 parameters:
shear_m_bias - 4 parameters:
     shear_calibration_parameters--m1
     shear_calibration_parameters--m2
     shear_calibration_parameters--m3
     shear_calibration_parameters--m4
add_point_mass - 0 parameters:
2pt_like - 0 parameters:
shear_ratio_like - 0 parameters:
spt3g_d1_lensing - 7 parameters:
     candl_nuisance_parameters--acib150
     candl_nuisance_parameters--acib220
     candl_nuisance_parameters--arad150
     candl_nuisance_parameters--arad90
     candl_nuisance_parameters--atsz
     candl_nuisance_parameters--pcal_lens
     candl_nuisance_parameters--tcal_lens
Results - 0 parameters:
You manually told me in the parameter file to use module 18 as the first in the fast block
Time for full pipeline:  56.26s
Time for slow pipeline:  56.21s
Time for fast pipeline:  0.05s
Time saving: 99.91%

Based on this we have decided: 
   Slow modules (18):
        consistency
        bbn_consistency
        s8_to_sigma8
        camb
        as_to_log1e10as
        fast_pt
        fits_nz
        lens_photoz_width
        lens_photoz_bias
        source_photoz_bias
        IA
        pk_to_cl_gg
        pk_to_cl
        add_magnification
        add_intrinsic
        2pt_shear
        2pt_gal
        2pt_gal_shear
   Fast modules (5):
        shear_m_bias
        add_point_mass
        2pt_like
        shear_ratio_like
        spt3g_d1_lensing
   Slow parameters (28):
        cosmological_parameters--ombh2
        cosmological_parameters--omch2
        cosmological_parameters--h0
        cosmological_parameters--mnu
        cosmological_parameters--s_8
        cosmological_parameters--n_s
        halo_model_parameters--logt_agn
        lens_photoz_errors--width_1
        lens_photoz_errors--width_2
        lens_photoz_errors--width_3
        lens_photoz_errors--width_4
        lens_photoz_errors--bias_1
        lens_photoz_errors--bias_2
        lens_photoz_errors--bias_3
        lens_photoz_errors--bias_4
        wl_photoz_errors--bias_1
        wl_photoz_errors--bias_2
        wl_photoz_errors--bias_3
        wl_photoz_errors--bias_4
        intrinsic_alignment_parameters--a1
        intrinsic_alignment_parameters--a2
        intrinsic_alignment_parameters--alpha1
        intrinsic_alignment_parameters--alpha2
        intrinsic_alignment_parameters--bias_ta
        bias_lens--b1
        bias_lens--b2
        bias_lens--b3
        bias_lens--b4
   Fast parameters (11):
        shear_calibration_parameters--m1
        shear_calibration_parameters--m2
        shear_calibration_parameters--m3
        shear_calibration_parameters--m4
        candl_nuisance_parameters--acib150
        candl_nuisance_parameters--acib220
        candl_nuisance_parameters--arad150
        candl_nuisance_parameters--arad90
        candl_nuisance_parameters--atsz
        candl_nuisance_parameters--pcal_lens
        candl_nuisance_parameters--tcal_lens


2pt_like took: 0.019 seconds
shear_ratio_like took: 0.001 seconds
2pt_gal_shear took: 0.100 seconds
2pt_gal took: 0.027 seconds
2pt_gal_shear took: 0.101 seconds
shear_m_bias took: 0.002 seconds
add_point_mass took: 0.000 seconds
shear_m_bias took: 0.002 seconds
add_point_mass took: 0.000 seconds
fast_pt took: 0.129 seconds
fast_pt took: 0.132 seconds
fits_nz took: 0.000 seconds
2pt_gal took: 0.032 seconds
fits_nz took: 0.000 seconds
2pt_gal_shear took: 0.125 seconds
lens_photoz_width took: 0.001 seconds
lens_photoz_width took: 0.001 seconds
lens_photoz_bias took: 0.001 seconds
lens_photoz_bias took: 0.001 seconds
shear_m_bias took: 0.002 seconds
source_photoz_bias took: 0.001 seconds
add_point_mass took: 0.000 seconds
source_photoz_bias took: 0.001 seconds
pk_to_cl took: 0.470 seconds
add_magnification took: 0.005 seconds
add_intrinsic took: 0.002 seconds
pk_to_cl took: 0.654 seconds
2pt_gal_shear took: 0.101 seconds
shear_m_bias took: 0.002 seconds
add_point_mass took: 0.000 seconds
pk_to_cl_gg took: 0.894 seconds
2pt_like took: 0.019 seconds
shear_ratio_like took: 0.001 seconds
add_magnification took: 0.007 seconds
2pt_like took: 0.020 seconds
shear_ratio_like took: 0.001 seconds
IA took: 0.018 seconds
2pt_gal_shear took: 0.108 seconds
spt3g_d1_lensing took: 0.026 seconds
Total pipeline time: 55.9 seconds
add_intrinsic took: 0.003 seconds
2pt_like took: 0.020 seconds
shear_ratio_like took: 0.001 seconds
shear_m_bias took: 0.002 seconds
add_point_mass took: 0.000 seconds
IA took: 0.029 seconds
2pt_like took: 0.018 seconds


Parameters first used in each module:
consistency - 5 parameters:
     cosmological_parameters--ombh2
     cosmological_parameters--omch2
     cosmological_parameters--h0
     cosmological_parameters--mnu
     cosmological_parameters--s_8
bbn_consistency - 0 parameters:
s8_to_sigma8 - 0 parameters:
camb - 2 parameters:
     cosmological_parameters--n_s
     halo_model_parameters--logt_agn
as_to_log1e10as - 0 parameters:
fast_pt - 0 parameters:
fits_nz - 0 parameters:
lens_photoz_width - 4 parameters:
     lens_photoz_errors--width_1
     lens_photoz_errors--width_2
     lens_photoz_errors--width_3
     lens_photoz_errors--width_4
lens_photoz_bias - 4 parameters:
     lens_photoz_errors--bias_1
     lens_photoz_errors--bias_2
     lens_photoz_errors--bias_3
     lens_photoz_errors--bias_4
source_photoz_bias - 4 parameters:
     wl_photoz_errors--bias_1
     wl_photoz_errors--bias_2
     wl_photoz_errors--bias_3
     wl_photoz_errors--bias_4
IA - 5 parameters:
     intrinsic_alignment_parameters--a1
     intrinsic_alignment_parameters--a2
     intrinsic_alignment_parameters--alpha1
     intrinsic_alignment_parameters--alpha2
     intrinsic_alignment_parameters--bias_ta
pk_to_cl_gg - 4 parameters:
     bias_lens--b1
     bias_lens--b2
     bias_lens--b3
     bias_lens--b4
pk_to_cl - 0 parameters:
add_magnification - 0 parameters:
add_intrinsic - 0 parameters:
2pt_shear - 0 parameters:
2pt_gal - 0 parameters:
2pt_gal_shear - 0 parameters:
shear_m_bias - 4 parameters:
     shear_calibration_parameters--m1
     shear_calibration_parameters--m2
     shear_calibration_parameters--m3
     shear_calibration_parameters--m4
add_point_mass - 0 parameters:
2pt_like - 0 parameters:
shear_ratio_like - 0 parameters:
spt3g_d1_lensing - 7 parameters:
     candl_nuisance_parameters--acib150
     candl_nuisance_parameters--acib220
     candl_nuisance_parameters--arad150
     candl_nuisance_parameters--arad90
     candl_nuisance_parameters--atsz
     candl_nuisance_parameters--pcal_lens
     candl_nuisance_parameters--tcal_lens
Results - 0 parameters:
You manually told me in the parameter file to use module 18 as the first in the fast block
Time for full pipeline:  55.89s
Time for slow pipeline:  55.85s
Time for fast pipeline:  0.05s
Time saving: 99.92%
shear_ratio_like took: 0.001 seconds

Based on this we have decided: 
   Slow modules (18):
        consistency
        bbn_consistency
        s8_to_sigma8
        camb
        as_to_log1e10as
        fast_pt
        fits_nz
        lens_photoz_width
        lens_photoz_bias
        source_photoz_bias
        IA
        pk_to_cl_gg
        pk_to_cl
        add_magnification
        add_intrinsic
        2pt_shear
        2pt_gal
        2pt_gal_shear
   Fast modules (5):
        shear_m_bias
        add_point_mass
        2pt_like
        shear_ratio_like
        spt3g_d1_lensing
   Slow parameters (28):
        cosmological_parameters--ombh2
        cosmological_parameters--omch2
        cosmological_parameters--h0
        cosmological_parameters--mnu
        cosmological_parameters--s_8
        cosmological_parameters--n_s
        halo_model_parameters--logt_agn
        lens_photoz_errors--width_1
        lens_photoz_errors--width_2
        lens_photoz_errors--width_3
        lens_photoz_errors--width_4
        lens_photoz_errors--bias_1
        lens_photoz_errors--bias_2
        lens_photoz_errors--bias_3
        lens_photoz_errors--bias_4
        wl_photoz_errors--bias_1
        wl_photoz_errors--bias_2
        wl_photoz_errors--bias_3
        wl_photoz_errors--bias_4
        intrinsic_alignment_parameters--a1
        intrinsic_alignment_parameters--a2
        intrinsic_alignment_parameters--alpha1
        intrinsic_alignment_parameters--alpha2
        intrinsic_alignment_parameters--bias_ta
        bias_lens--b1
        bias_lens--b2
        bias_lens--b3
        bias_lens--b4
   Fast parameters (11):
        shear_calibration_parameters--m1
        shear_calibration_parameters--m2
        shear_calibration_parameters--m3
        shear_calibration_parameters--m4
        candl_nuisance_parameters--acib150
        candl_nuisance_parameters--acib220
        candl_nuisance_parameters--arad150
        candl_nuisance_parameters--arad90
        candl_nuisance_parameters--atsz
        candl_nuisance_parameters--pcal_lens
        candl_nuisance_parameters--tcal_lens


camb took: 56.376 seconds
as_to_log1e10as took: 0.000 seconds
2pt_gal_shear took: 0.106 seconds
shear_m_bias took: 0.002 seconds
add_point_mass took: 0.000 seconds
fast_pt took: 0.091 seconds
fits_nz took: 0.000 seconds
lens_photoz_width took: 0.001 seconds
lens_photoz_bias took: 0.001 seconds
source_photoz_bias took: 0.001 seconds
spt3g_d1_lensing took: 0.027 seconds
Total pipeline time: 56.7 seconds
spt3g_d1_lensing took: 0.025 seconds
Total pipeline time: 56.5 seconds
2pt_like took: 0.022 seconds
shear_ratio_like took: 0.001 seconds
spt3g_d1_lensing took: 0.024 seconds
Total pipeline time: 56.5 seconds
2pt_shear took: 0.090 seconds


Parameters first used in each module:
consistency - 5 parameters:
     cosmological_parameters--ombh2
     cosmological_parameters--omch2
     cosmological_parameters--h0
     cosmological_parameters--mnu
     cosmological_parameters--s_8
bbn_consistency - 0 parameters:
s8_to_sigma8 - 0 parameters:
camb - 2 parameters:
     cosmological_parameters--n_s
     halo_model_parameters--logt_agn
as_to_log1e10as - 0 parameters:
fast_pt - 0 parameters:
fits_nz - 0 parameters:
lens_photoz_width - 4 parameters:
     lens_photoz_errors--width_1
     lens_photoz_errors--width_2
     lens_photoz_errors--width_3
     lens_photoz_errors--width_4
lens_photoz_bias - 4 parameters:
     lens_photoz_errors--bias_1
     lens_photoz_errors--bias_2
     lens_photoz_errors--bias_3
     lens_photoz_errors--bias_4
source_photoz_bias - 4 parameters:
     wl_photoz_errors--bias_1
     wl_photoz_errors--bias_2
     wl_photoz_errors--bias_3
     wl_photoz_errors--bias_4
IA - 5 parameters:
     intrinsic_alignment_parameters--a1
     intrinsic_alignment_parameters--a2
     intrinsic_alignment_parameters--alpha1
     intrinsic_alignment_parameters--alpha2
     intrinsic_alignment_parameters--bias_ta
pk_to_cl_gg - 4 parameters:
     bias_lens--b1
     bias_lens--b2
     bias_lens--b3
     bias_lens--b4
pk_to_cl - 0 parameters:
add_magnification - 0 parameters:
add_intrinsic - 0 parameters:
2pt_shear - 0 parameters:
2pt_gal - 0 parameters:
2pt_gal_shear - 0 parameters:
shear_m_bias - 4 parameters:
     shear_calibration_parameters--m1
     shear_calibration_parameters--m2
     shear_calibration_parameters--m3
     shear_calibration_parameters--m4
add_point_mass - 0 parameters:
2pt_like - 0 parameters:
shear_ratio_like - 0 parameters:
spt3g_d1_lensing - 7 parameters:
     candl_nuisance_parameters--acib150
     candl_nuisance_parameters--acib220
     candl_nuisance_parameters--arad150
     candl_nuisance_parameters--arad90
     candl_nuisance_parameters--atsz
     candl_nuisance_parameters--pcal_lens
     candl_nuisance_parameters--tcal_lens
Results - 0 parameters:
You manually told me in the parameter file to use module 18 as the first in the fast block
Time for full pipeline:  56.69s
Time for slow pipeline:  56.64s
Time for fast pipeline:  0.05s
Time saving: 99.92%

Based on this we have decided: 
   Slow modules (18):
        consistency
        bbn_consistency
        s8_to_sigma8
        camb
        as_to_log1e10as
        fast_pt
        fits_nz
        lens_photoz_width
        lens_photoz_bias
        source_photoz_bias
        IA
        pk_to_cl_gg
        pk_to_cl
        add_magnification
        add_intrinsic
        2pt_shear
        2pt_gal
        2pt_gal_shear
   Fast modules (5):
        shear_m_bias
        add_point_mass
        2pt_like
        shear_ratio_like
        spt3g_d1_lensing
   Slow parameters (28):
        cosmological_parameters--ombh2
        cosmological_parameters--omch2
        cosmological_parameters--h0
        cosmological_parameters--mnu
        cosmological_parameters--s_8
        cosmological_parameters--n_s
        halo_model_parameters--logt_agn
        lens_photoz_errors--width_1
        lens_photoz_errors--width_2
        lens_photoz_errors--width_3
        lens_photoz_errors--width_4
        lens_photoz_errors--bias_1
        lens_photoz_errors--bias_2
        lens_photoz_errors--bias_3
        lens_photoz_errors--bias_4
        wl_photoz_errors--bias_1
        wl_photoz_errors--bias_2
        wl_photoz_errors--bias_3
        wl_photoz_errors--bias_4
        intrinsic_alignment_parameters--a1
        intrinsic_alignment_parameters--a2
        intrinsic_alignment_parameters--alpha1
        intrinsic_alignment_parameters--alpha2
        intrinsic_alignment_parameters--bias_ta
        bias_lens--b1
        bias_lens--b2
        bias_lens--b3
        bias_lens--b4
   Fast parameters (11):
        shear_calibration_parameters--m1
        shear_calibration_parameters--m2
        shear_calibration_parameters--m3
        shear_calibration_parameters--m4
        candl_nuisance_parameters--acib150
        candl_nuisance_parameters--acib220
        candl_nuisance_parameters--arad150
        candl_nuisance_parameters--arad90
        candl_nuisance_parameters--atsz
        candl_nuisance_parameters--pcal_lens
        candl_nuisance_parameters--tcal_lens


spt3g_d1_lensing took: 0.025 seconds
Total pipeline time: 56.7 seconds


Parameters first used in each module:
consistency - 5 parameters:
     cosmological_parameters--ombh2
     cosmological_parameters--omch2
     cosmological_parameters--h0
     cosmological_parameters--mnu
     cosmological_parameters--s_8
bbn_consistency - 0 parameters:
s8_to_sigma8 - 0 parameters:
camb - 2 parameters:
     cosmological_parameters--n_s
     halo_model_parameters--logt_agn
as_to_log1e10as - 0 parameters:
fast_pt - 0 parameters:
fits_nz - 0 parameters:
lens_photoz_width - 4 parameters:
     lens_photoz_errors--width_1
     lens_photoz_errors--width_2
     lens_photoz_errors--width_3
     lens_photoz_errors--width_4
lens_photoz_bias - 4 parameters:
     lens_photoz_errors--bias_1
     lens_photoz_errors--bias_2
     lens_photoz_errors--bias_3
     lens_photoz_errors--bias_4
source_photoz_bias - 4 parameters:
     wl_photoz_errors--bias_1
     wl_photoz_errors--bias_2
     wl_photoz_errors--bias_3
     wl_photoz_errors--bias_4
IA - 5 parameters:
     intrinsic_alignment_parameters--a1
     intrinsic_alignment_parameters--a2
     intrinsic_alignment_parameters--alpha1
     intrinsic_alignment_parameters--alpha2
     intrinsic_alignment_parameters--bias_ta
pk_to_cl_gg - 4 parameters:
     bias_lens--b1
     bias_lens--b2
     bias_lens--b3
     bias_lens--b4
pk_to_cl - 0 parameters:
add_magnification - 0 parameters:
add_intrinsic - 0 parameters:
2pt_shear - 0 parameters:
2pt_gal - 0 parameters:
2pt_gal_shear - 0 parameters:
shear_m_bias - 4 parameters:
     shear_calibration_parameters--m1
     shear_calibration_parameters--m2
     shear_calibration_parameters--m3
     shear_calibration_parameters--m4
add_point_mass - 0 parameters:
2pt_like - 0 parameters:
shear_ratio_like - 0 parameters:
spt3g_d1_lensing - 7 parameters:
     candl_nuisance_parameters--acib150
     candl_nuisance_parameters--acib220
     candl_nuisance_parameters--arad150
     candl_nuisance_parameters--arad90
     candl_nuisance_parameters--atsz
     candl_nuisance_parameters--pcal_lens
     candl_nuisance_parameters--tcal_lens
Results - 0 parameters:
You manually told me in the parameter file to use module 18 as the first in the fast block
Time for full pipeline:  56.52s
Time for slow pipeline:  56.48s
Time for fast pipeline:  0.05s
Time saving: 99.92%

Based on this we have decided: 
   Slow modules (18):
        consistency
        bbn_consistency
        s8_to_sigma8
        camb
        as_to_log1e10as
        fast_pt
        fits_nz
        lens_photoz_width
        lens_photoz_bias
        source_photoz_bias
        IA
        pk_to_cl_gg
        pk_to_cl
        add_magnification
        add_intrinsic
        2pt_shear
        2pt_gal
        2pt_gal_shear
   Fast modules (5):
        shear_m_bias
        add_point_mass
        2pt_like
        shear_ratio_like
        spt3g_d1_lensing
   Slow parameters (28):
        cosmological_parameters--ombh2
        cosmological_parameters--omch2
        cosmological_parameters--h0
        cosmological_parameters--mnu
        cosmological_parameters--s_8
        cosmological_parameters--n_s
        halo_model_parameters--logt_agn
        lens_photoz_errors--width_1
        lens_photoz_errors--width_2
        lens_photoz_errors--width_3
        lens_photoz_errors--width_4
        lens_photoz_errors--bias_1
        lens_photoz_errors--bias_2
        lens_photoz_errors--bias_3
        lens_photoz_errors--bias_4
        wl_photoz_errors--bias_1
        wl_photoz_errors--bias_2
        wl_photoz_errors--bias_3
        wl_photoz_errors--bias_4
        intrinsic_alignment_parameters--a1
        intrinsic_alignment_parameters--a2
        intrinsic_alignment_parameters--alpha1
        intrinsic_alignment_parameters--alpha2
        intrinsic_alignment_parameters--bias_ta
        bias_lens--b1
        bias_lens--b2
        bias_lens--b3
        bias_lens--b4
   Fast parameters (11):
        shear_calibration_parameters--m1
        shear_calibration_parameters--m2
        shear_calibration_parameters--m3
        shear_calibration_parameters--m4
        candl_nuisance_parameters--acib150
        candl_nuisance_parameters--acib220
        candl_nuisance_parameters--arad150
        candl_nuisance_parameters--arad90
        candl_nuisance_parameters--atsz
        candl_nuisance_parameters--pcal_lens
        candl_nuisance_parameters--tcal_lens
IA took: 0.015 seconds


2pt_like took: 0.022 seconds


Parameters first used in each module:
consistency - 5 parameters:
     cosmological_parameters--ombh2
     cosmological_parameters--omch2
     cosmological_parameters--h0
     cosmological_parameters--mnu
     cosmological_parameters--s_8
bbn_consistency - 0 parameters:
s8_to_sigma8 - 0 parameters:
camb - 2 parameters:
     cosmological_parameters--n_s
     halo_model_parameters--logt_agn
as_to_log1e10as - 0 parameters:
fast_pt - 0 parameters:
fits_nz - 0 parameters:
lens_photoz_width - 4 parameters:
     lens_photoz_errors--width_1
     lens_photoz_errors--width_2
     lens_photoz_errors--width_3
     lens_photoz_errors--width_4
lens_photoz_bias - 4 parameters:
     lens_photoz_errors--bias_1
     lens_photoz_errors--bias_2
     lens_photoz_errors--bias_3
     lens_photoz_errors--bias_4
source_photoz_bias - 4 parameters:
     wl_photoz_errors--bias_1
     wl_photoz_errors--bias_2
     wl_photoz_errors--bias_3
     wl_photoz_errors--bias_4
shear_ratio_like took: 0.001 seconds
IA - 5 parameters:
     intrinsic_alignment_parameters--a1
     intrinsic_alignment_parameters--a2
     intrinsic_alignment_parameters--alpha1
     intrinsic_alignment_parameters--alpha2
     intrinsic_alignment_parameters--bias_ta
pk_to_cl_gg - 4 parameters:
     bias_lens--b1
     bias_lens--b2
     bias_lens--b3
     bias_lens--b4
pk_to_cl - 0 parameters:
add_magnification - 0 parameters:
add_intrinsic - 0 parameters:
2pt_shear - 0 parameters:
2pt_gal - 0 parameters:
2pt_gal_shear - 0 parameters:
shear_m_bias - 4 parameters:
     shear_calibration_parameters--m1
     shear_calibration_parameters--m2
     shear_calibration_parameters--m3
     shear_calibration_parameters--m4
add_point_mass - 0 parameters:
2pt_like - 0 parameters:
shear_ratio_like - 0 parameters:
spt3g_d1_lensing - 7 parameters:
     candl_nuisance_parameters--acib150
     candl_nuisance_parameters--acib220
     candl_nuisance_parameters--arad150
     candl_nuisance_parameters--arad90
     candl_nuisance_parameters--atsz
     candl_nuisance_parameters--pcal_lens
     candl_nuisance_parameters--tcal_lens
Results - 0 parameters:
You manually told me in the parameter file to use module 18 as the first in the fast block
Time for full pipeline:  56.50s
Time for slow pipeline:  56.46s
Time for fast pipeline:  0.05s
Time saving: 99.92%

Based on this we have decided: 
   Slow modules (18):
        consistency
        bbn_consistency
        s8_to_sigma8
        camb
        as_to_log1e10as
        fast_pt
        fits_nz
        lens_photoz_width
        lens_photoz_bias
        source_photoz_bias
        IA
        pk_to_cl_gg
        pk_to_cl
        add_magnification
        add_intrinsic
        2pt_shear
        2pt_gal
        2pt_gal_shear
   Fast modules (5):
        shear_m_bias
        add_point_mass
        2pt_like
        shear_ratio_like
        spt3g_d1_lensing
   Slow parameters (28):
        cosmological_parameters--ombh2
        cosmological_parameters--omch2
        cosmological_parameters--h0
        cosmological_parameters--mnu
        cosmological_parameters--s_8
        cosmological_parameters--n_s
        halo_model_parameters--logt_agn
        lens_photoz_errors--width_1
        lens_photoz_errors--width_2
        lens_photoz_errors--width_3
        lens_photoz_errors--width_4
        lens_photoz_errors--bias_1
        lens_photoz_errors--bias_2
        lens_photoz_errors--bias_3
        lens_photoz_errors--bias_4
        wl_photoz_errors--bias_1
        wl_photoz_errors--bias_2
        wl_photoz_errors--bias_3
        wl_photoz_errors--bias_4
        intrinsic_alignment_parameters--a1
        intrinsic_alignment_parameters--a2
        intrinsic_alignment_parameters--alpha1
        intrinsic_alignment_parameters--alpha2
        intrinsic_alignment_parameters--bias_ta
        bias_lens--b1
        bias_lens--b2
        bias_lens--b3
        bias_lens--b4
   Fast parameters (11):
        shear_calibration_parameters--m1
        shear_calibration_parameters--m2
        shear_calibration_parameters--m3
        shear_calibration_parameters--m4
        candl_nuisance_parameters--acib150
        candl_nuisance_parameters--acib220
        candl_nuisance_parameters--arad150
        candl_nuisance_parameters--arad90
        candl_nuisance_parameters--atsz
        candl_nuisance_parameters--pcal_lens
        candl_nuisance_parameters--tcal_lens




Parameters first used in each module:
consistency - 5 parameters:
     cosmological_parameters--ombh2
     cosmological_parameters--omch2
     cosmological_parameters--h0
     cosmological_parameters--mnu
     cosmological_parameters--s_8
bbn_consistency - 0 parameters:
s8_to_sigma8 - 0 parameters:
camb - 2 parameters:
     cosmological_parameters--n_s
     halo_model_parameters--logt_agn
as_to_log1e10as - 0 parameters:
fast_pt - 0 parameters:
fits_nz - 0 parameters:
lens_photoz_width - 4 parameters:
     lens_photoz_errors--width_1
     lens_photoz_errors--width_2
     lens_photoz_errors--width_3
     lens_photoz_errors--width_4
lens_photoz_bias - 4 parameters:
     lens_photoz_errors--bias_1
     lens_photoz_errors--bias_2
     lens_photoz_errors--bias_3
     lens_photoz_errors--bias_4
source_photoz_bias - 4 parameters:
     wl_photoz_errors--bias_1
     wl_photoz_errors--bias_2
     wl_photoz_errors--bias_3
     wl_photoz_errors--bias_4
IA - 5 parameters:
     intrinsic_alignment_parameters--a1
     intrinsic_alignment_parameters--a2
     intrinsic_alignment_parameters--alpha1
     intrinsic_alignment_parameters--alpha2
     intrinsic_alignment_parameters--bias_ta
pk_to_cl_gg - 4 parameters:
     bias_lens--b1
     bias_lens--b2
     bias_lens--b3
     bias_lens--b4
pk_to_cl - 0 parameters:
add_magnification - 0 parameters:
add_intrinsic - 0 parameters:
2pt_shear - 0 parameters:
2pt_gal - 0 parameters:
2pt_gal_shear - 0 parameters:
shear_m_bias - 4 parameters:
     shear_calibration_parameters--m1
     shear_calibration_parameters--m2
     shear_calibration_parameters--m3
     shear_calibration_parameters--m4
add_point_mass - 0 parameters:
2pt_like - 0 parameters:
shear_ratio_like - 0 parameters:
spt3g_d1_lensing - 7 parameters:
     candl_nuisance_parameters--acib150
     candl_nuisance_parameters--acib220
     candl_nuisance_parameters--arad150
     candl_nuisance_parameters--arad90
     candl_nuisance_parameters--atsz
     candl_nuisance_parameters--pcal_lens
     candl_nuisance_parameters--tcal_lens
Results - 0 parameters:
You manually told me in the parameter file to use module 18 as the first in the fast block
Time for full pipeline:  56.67s
Time for slow pipeline:  56.62s
Time for fast pipeline:  0.05s
Time saving: 99.92%

Based on this we have decided: 
   Slow modules (18):
        consistency
        bbn_consistency
        s8_to_sigma8
        camb
        as_to_log1e10as
        fast_pt
        fits_nz
        lens_photoz_width
        lens_photoz_bias
        source_photoz_bias
        IA
        pk_to_cl_gg
        pk_to_cl
        add_magnification
        add_intrinsic
        2pt_shear
        2pt_gal
        2pt_gal_shear
   Fast modules (5):
        shear_m_bias
        add_point_mass
        2pt_like
        shear_ratio_like
        spt3g_d1_lensing
   Slow parameters (28):
        cosmological_parameters--ombh2
        cosmological_parameters--omch2
        cosmological_parameters--h0
        cosmological_parameters--mnu
        cosmological_parameters--s_8
        cosmological_parameters--n_s
        halo_model_parameters--logt_agn
        lens_photoz_errors--width_1
        lens_photoz_errors--width_2
        lens_photoz_errors--width_3
        lens_photoz_errors--width_4
        lens_photoz_errors--bias_1
        lens_photoz_errors--bias_2
        lens_photoz_errors--bias_3
        lens_photoz_errors--bias_4
        wl_photoz_errors--bias_1
        wl_photoz_errors--bias_2
        wl_photoz_errors--bias_3
        wl_photoz_errors--bias_4
        intrinsic_alignment_parameters--a1
        intrinsic_alignment_parameters--a2
        intrinsic_alignment_parameters--alpha1
        intrinsic_alignment_parameters--alpha2
        intrinsic_alignment_parameters--bias_ta
        bias_lens--b1
        bias_lens--b2
        bias_lens--b3
        bias_lens--b4
   Fast parameters (11):
        shear_calibration_parameters--m1
        shear_calibration_parameters--m2
        shear_calibration_parameters--m3
        shear_calibration_parameters--m4
        candl_nuisance_parameters--acib150
        candl_nuisance_parameters--acib220
        candl_nuisance_parameters--arad150
        candl_nuisance_parameters--arad90
        candl_nuisance_parameters--atsz
        candl_nuisance_parameters--pcal_lens
        candl_nuisance_parameters--tcal_lens


Doing fast/slow parameter splitting

Analyzing pipeline to determine fast and slow parameters (because fast_slow=T in [pipeline] section)

Running pipeline once to make sure everything is initialized before timing.

spt3g_d1_lensing took: 0.025 seconds
Total pipeline time: 56.4 seconds
2pt_gal took: 0.026 seconds


Parameters first used in each module:
consistency - 5 parameters:
     cosmological_parameters--ombh2
     cosmological_parameters--omch2
     cosmological_parameters--h0
     cosmological_parameters--mnu
     cosmological_parameters--s_8
bbn_consistency - 0 parameters:
s8_to_sigma8 - 0 parameters:
camb - 2 parameters:
     cosmological_parameters--n_s
     halo_model_parameters--logt_agn
as_to_log1e10as - 0 parameters:
fast_pt - 0 parameters:
fits_nz - 0 parameters:
lens_photoz_width - 4 parameters:
     lens_photoz_errors--width_1
     lens_photoz_errors--width_2
     lens_photoz_errors--width_3
     lens_photoz_errors--width_4
lens_photoz_bias - 4 parameters:
     lens_photoz_errors--bias_1
     lens_photoz_errors--bias_2
     lens_photoz_errors--bias_3
     lens_photoz_errors--bias_4
source_photoz_bias - 4 parameters:
     wl_photoz_errors--bias_1
     wl_photoz_errors--bias_2
     wl_photoz_errors--bias_3
     wl_photoz_errors--bias_4
IA - 5 parameters:
     intrinsic_alignment_parameters--a1
     intrinsic_alignment_parameters--a2
     intrinsic_alignment_parameters--alpha1
     intrinsic_alignment_parameters--alpha2
     intrinsic_alignment_parameters--bias_ta
pk_to_cl_gg - 4 parameters:
     bias_lens--b1
     bias_lens--b2
     bias_lens--b3
     bias_lens--b4
pk_to_cl - 0 parameters:
add_magnification - 0 parameters:
add_intrinsic - 0 parameters:
2pt_shear - 0 parameters:
2pt_gal - 0 parameters:
2pt_gal_shear - 0 parameters:
shear_m_bias - 4 parameters:
     shear_calibration_parameters--m1
     shear_calibration_parameters--m2
     shear_calibration_parameters--m3
     shear_calibration_parameters--m4
add_point_mass - 0 parameters:
2pt_like - 0 parameters:
shear_ratio_like - 0 parameters:
spt3g_d1_lensing - 7 parameters:
     candl_nuisance_parameters--acib150
     candl_nuisance_parameters--acib220
     candl_nuisance_parameters--arad150
     candl_nuisance_parameters--arad90
     candl_nuisance_parameters--atsz
     candl_nuisance_parameters--pcal_lens
     candl_nuisance_parameters--tcal_lens
Results - 0 parameters:
You manually told me in the parameter file to use module 18 as the first in the fast block
Time for full pipeline:  56.44s
Time for slow pipeline:  56.39s
Time for fast pipeline:  0.05s
Time saving: 99.91%

Based on this we have decided: 
   Slow modules (18):
        consistency
        bbn_consistency
        s8_to_sigma8
        camb
        as_to_log1e10as
        fast_pt
        fits_nz
        lens_photoz_width
        lens_photoz_bias
        source_photoz_bias
        IA
        pk_to_cl_gg
        pk_to_cl
        add_magnification
        add_intrinsic
        2pt_shear
        2pt_gal
        2pt_gal_shear
   Fast modules (5):
        shear_m_bias
        add_point_mass
        2pt_like
        shear_ratio_like
        spt3g_d1_lensing
   Slow parameters (28):
        cosmological_parameters--ombh2
        cosmological_parameters--omch2
        cosmological_parameters--h0
        cosmological_parameters--mnu
        cosmological_parameters--s_8
        cosmological_parameters--n_s
        halo_model_parameters--logt_agn
        lens_photoz_errors--width_1
        lens_photoz_errors--width_2
        lens_photoz_errors--width_3
        lens_photoz_errors--width_4
        lens_photoz_errors--bias_1
        lens_photoz_errors--bias_2
        lens_photoz_errors--bias_3
        lens_photoz_errors--bias_4
        wl_photoz_errors--bias_1
        wl_photoz_errors--bias_2
        wl_photoz_errors--bias_3
        wl_photoz_errors--bias_4
        intrinsic_alignment_parameters--a1
        intrinsic_alignment_parameters--a2
        intrinsic_alignment_parameters--alpha1
        intrinsic_alignment_parameters--alpha2
        intrinsic_alignment_parameters--bias_ta
        bias_lens--b1
        bias_lens--b2
        bias_lens--b3
        bias_lens--b4
   Fast parameters (11):
        shear_calibration_parameters--m1
        shear_calibration_parameters--m2
        shear_calibration_parameters--m3
        shear_calibration_parameters--m4
        candl_nuisance_parameters--acib150
        candl_nuisance_parameters--acib220
        candl_nuisance_parameters--arad150
        candl_nuisance_parameters--arad90
        candl_nuisance_parameters--atsz
        candl_nuisance_parameters--pcal_lens
        candl_nuisance_parameters--tcal_lens


spt3g_d1_lensing took: 0.024 seconds
Total pipeline time: 56.3 seconds


Parameters first used in each module:
consistency - 5 parameters:
     cosmological_parameters--ombh2
     cosmological_parameters--omch2
     cosmological_parameters--h0
     cosmological_parameters--mnu
     cosmological_parameters--s_8
bbn_consistency - 0 parameters:
s8_to_sigma8 - 0 parameters:
camb - 2 parameters:
     cosmological_parameters--n_s
     halo_model_parameters--logt_agn
as_to_log1e10as - 0 parameters:
fast_pt - 0 parameters:
fits_nz - 0 parameters:
lens_photoz_width - 4 parameters:
     lens_photoz_errors--width_1
     lens_photoz_errors--width_2
     lens_photoz_errors--width_3
     lens_photoz_errors--width_4
lens_photoz_bias - 4 parameters:
     lens_photoz_errors--bias_1
     lens_photoz_errors--bias_2
     lens_photoz_errors--bias_3
     lens_photoz_errors--bias_4
source_photoz_bias - 4 parameters:
     wl_photoz_errors--bias_1
     wl_photoz_errors--bias_2
     wl_photoz_errors--bias_3
     wl_photoz_errors--bias_4
IA - 5 parameters:
     intrinsic_alignment_parameters--a1
     intrinsic_alignment_parameters--a2
     intrinsic_alignment_parameters--alpha1
     intrinsic_alignment_parameters--alpha2
     intrinsic_alignment_parameters--bias_ta
pk_to_cl_gg - 4 parameters:
     bias_lens--b1
     bias_lens--b2
     bias_lens--b3
     bias_lens--b4
pk_to_cl - 0 parameters:
add_magnification - 0 parameters:
add_intrinsic - 0 parameters:
2pt_shear - 0 parameters:
2pt_gal - 0 parameters:
2pt_gal_shear - 0 parameters:
shear_m_bias - 4 parameters:
     shear_calibration_parameters--m1
     shear_calibration_parameters--m2
     shear_calibration_parameters--m3
     shear_calibration_parameters--m4
add_point_mass - 0 parameters:
2pt_like - 0 parameters:
shear_ratio_like - 0 parameters:
spt3g_d1_lensing - 7 parameters:
     candl_nuisance_parameters--acib150
     candl_nuisance_parameters--acib220
     candl_nuisance_parameters--arad150
     candl_nuisance_parameters--arad90
     candl_nuisance_parameters--atsz
     candl_nuisance_parameters--pcal_lens
     candl_nuisance_parameters--tcal_lens
Results - 0 parameters:
You manually told me in the parameter file to use module 18 as the first in the fast block
Time for full pipeline:  56.27s
Time for slow pipeline:  56.22s
Time for fast pipeline:  0.05s
Time saving: 99.91%

Based on this we have decided: 
   Slow modules (18):
        consistency
        bbn_consistency
        s8_to_sigma8
        camb
        as_to_log1e10as
        fast_pt
        fits_nz
        lens_photoz_width
        lens_photoz_bias
        source_photoz_bias
        IA
        pk_to_cl_gg
        pk_to_cl
        add_magnification
        add_intrinsic
        2pt_shear
        2pt_gal
        2pt_gal_shear
   Fast modules (5):
        shear_m_bias
        add_point_mass
        2pt_like
        shear_ratio_like
        spt3g_d1_lensing
   Slow parameters (28):
        cosmological_parameters--ombh2
        cosmological_parameters--omch2
        cosmological_parameters--h0
        cosmological_parameters--mnu
        cosmological_parameters--s_8
        cosmological_parameters--n_s
        halo_model_parameters--logt_agn
        lens_photoz_errors--width_1
        lens_photoz_errors--width_2
        lens_photoz_errors--width_3
        lens_photoz_errors--width_4
        lens_photoz_errors--bias_1
        lens_photoz_errors--bias_2
        lens_photoz_errors--bias_3
        lens_photoz_errors--bias_4
        wl_photoz_errors--bias_1
        wl_photoz_errors--bias_2
        wl_photoz_errors--bias_3
        wl_photoz_errors--bias_4
        intrinsic_alignment_parameters--a1
        intrinsic_alignment_parameters--a2
        intrinsic_alignment_parameters--alpha1
        intrinsic_alignment_parameters--alpha2
        intrinsic_alignment_parameters--bias_ta
        bias_lens--b1
        bias_lens--b2
        bias_lens--b3
        bias_lens--b4
   Fast parameters (11):
        shear_calibration_parameters--m1
        shear_calibration_parameters--m2
        shear_calibration_parameters--m3
        shear_calibration_parameters--m4
        candl_nuisance_parameters--acib150
        candl_nuisance_parameters--acib220
        candl_nuisance_parameters--arad150
        candl_nuisance_parameters--arad90
        candl_nuisance_parameters--atsz
        candl_nuisance_parameters--pcal_lens
        candl_nuisance_parameters--tcal_lens


pk_to_cl_gg took: 0.913 seconds
pk_to_cl_gg took: 1.262 seconds
2pt_shear took: 0.088 seconds
2pt_gal_shear took: 0.105 seconds
2pt_gal_shear took: 0.105 seconds
shear_m_bias took: 0.002 seconds
Doing fast/slow parameter splitting

Analyzing pipeline to determine fast and slow parameters (because fast_slow=T in [pipeline] section)

Running pipeline once to make sure everything is initialized before timing.

add_point_mass took: 0.000 seconds
pk_to_cl took: 0.471 seconds
shear_m_bias took: 0.002 seconds
add_point_mass took: 0.000 seconds
add_magnification took: 0.005 seconds
add_intrinsic took: 0.002 seconds
camb took: 55.158 seconds
as_to_log1e10as took: 0.000 seconds
pk_to_cl_gg took: 1.244 seconds
2pt_gal_shear took: 0.139 seconds
2pt_like took: 0.019 seconds
shear_ratio_like took: 0.001 seconds
shear_m_bias took: 0.002 seconds
add_point_mass took: 0.000 seconds
2pt_like took: 0.019 seconds
2pt_gal took: 0.026 seconds
Using two grades of parameter speed in polychord.
Telling Polychord to spend fraction 0.1 if its time in the fast subspace (adjust with fast_fraction option)
shear_ratio_like took: 0.001 seconds
Using two grades of parameter speed in polychord.
Telling Polychord to spend fraction 0.1 if its time in the fast subspace (adjust with fast_fraction option)
Using two grades of parameter speed in polychord.
Telling Polychord to spend fraction 0.1 if its time in the fast subspace (adjust with fast_fraction option)
Using two grades of parameter speed in polychord.
Using two grades of parameter speed in polychord.
Telling Polychord to spend fraction 0.1 if its time in the fast subspace (adjust with fast_fraction option)
Telling Polychord to spend fraction 0.1 if its time in the fast subspace (adjust with fast_fraction option)
Using two grades of parameter speed in polychord.
fast_pt took: 0.093 seconds
Telling Polychord to spend fraction 0.1 if its time in the fast subspace (adjust with fast_fraction option)
Using two grades of parameter speed in polychord.
Telling Polychord to spend fraction 0.1 if its time in the fast subspace (adjust with fast_fraction option)
Using two grades of parameter speed in polychord.
Using two grades of parameter speed in polychord.
Using two grades of parameter speed in polychord.
Using two grades of parameter speed in polychord.
Using two grades of parameter speed in polychord.
Telling Polychord to spend fraction 0.1 if its time in the fast subspace (adjust with fast_fraction option)
Telling Polychord to spend fraction 0.1 if its time in the fast subspace (adjust with fast_fraction option)
Telling Polychord to spend fraction 0.1 if its time in the fast subspace (adjust with fast_fraction option)
Telling Polychord to spend fraction 0.1 if its time in the fast subspace (adjust with fast_fraction option)
fits_nz took: 0.000 seconds
Telling Polychord to spend fraction 0.1 if its time in the fast subspace (adjust with fast_fraction option)
Using two grades of parameter speed in polychord.
Telling Polychord to spend fraction 0.1 if its time in the fast subspace (adjust with fast_fraction option)
Using two grades of parameter speed in polychord.
Telling Polychord to spend fraction 0.1 if its time in the fast subspace (adjust with fast_fraction option)
Using two grades of parameter speed in polychord.
Telling Polychord to spend fraction 0.1 if its time in the fast subspace (adjust with fast_fraction option)
Using two grades of parameter speed in polychord.
Telling Polychord to spend fraction 0.1 if its time in the fast subspace (adjust with fast_fraction option)
lens_photoz_width took: 0.001 seconds
lens_photoz_bias took: 0.001 seconds
source_photoz_bias took: 0.001 seconds
Doing fast/slow parameter splitting

Analyzing pipeline to determine fast and slow parameters (because fast_slow=T in [pipeline] section)

Running pipeline once to make sure everything is initialized before timing.

Polychord num_repeats = 74  (from parameter file)
Polychord num_repeats = 74  (from parameter file)
Polychord num_repeats = 74  (from parameter file)
Polychord num_repeats = 74  (from parameter file)
Polychord num_repeats = 74  (from parameter file)
Polychord num_repeats = 74  (from parameter file)
Polychord num_repeats = 74  (from parameter file)
Polychord num_repeats = 74  (from parameter file)
Polychord num_repeats = 74  (from parameter file)
Polychord num_repeats = 74  (from parameter file)
Polychord num_repeats = 74  (from parameter file)
Polychord num_repeats = 74  (from parameter file)
Polychord num_repeats = 74  (from parameter file)
Polychord num_repeats = 74  (from parameter file)
Polychord num_repeats = 74  (from parameter file)
Polychord num_repeats = 74  (from parameter file)
pk_to_cl_gg took: 1.205 seconds
pk_to_cl took: 0.494 seconds
add_magnification took: 0.010 seconds
add_intrinsic took: 0.003 seconds
pk_to_cl took: 0.633 seconds
add_magnification took: 0.007 seconds
add_intrinsic took: 0.003 seconds
2pt_shear took: 0.121 seconds
2pt_gal took: 0.038 seconds
2pt_gal_shear took: 0.138 seconds
shear_m_bias took: 0.002 seconds
add_point_mass took: 0.000 seconds
2pt_like took: 0.021 seconds
shear_ratio_like took: 0.001 seconds
spt3g_d1_lensing took: 0.026 seconds
Total pipeline time: 58.3 seconds


Parameters first used in each module:
consistency - 5 parameters:
     cosmological_parameters--ombh2
     cosmological_parameters--omch2
     cosmological_parameters--h0
     cosmological_parameters--mnu
     cosmological_parameters--s_8
bbn_consistency - 0 parameters:
s8_to_sigma8 - 0 parameters:
camb - 2 parameters:
     cosmological_parameters--n_s
     halo_model_parameters--logt_agn
as_to_log1e10as - 0 parameters:
fast_pt - 0 parameters:
fits_nz - 0 parameters:
lens_photoz_width - 4 parameters:
     lens_photoz_errors--width_1
     lens_photoz_errors--width_2
     lens_photoz_errors--width_3
     lens_photoz_errors--width_4
lens_photoz_bias - 4 parameters:
     lens_photoz_errors--bias_1
     lens_photoz_errors--bias_2
     lens_photoz_errors--bias_3
     lens_photoz_errors--bias_4
source_photoz_bias - 4 parameters:
     wl_photoz_errors--bias_1
     wl_photoz_errors--bias_2
     wl_photoz_errors--bias_3
     wl_photoz_errors--bias_4
IA - 5 parameters:
     intrinsic_alignment_parameters--a1
     intrinsic_alignment_parameters--a2
     intrinsic_alignment_parameters--alpha1
     intrinsic_alignment_parameters--alpha2
     intrinsic_alignment_parameters--bias_ta
pk_to_cl_gg - 4 parameters:
     bias_lens--b1
     bias_lens--b2
     bias_lens--b3
     bias_lens--b4
pk_to_cl - 0 parameters:
add_magnification - 0 parameters:
add_intrinsic - 0 parameters:
2pt_shear - 0 parameters:
2pt_gal - 0 parameters:
2pt_gal_shear - 0 parameters:
shear_m_bias - 4 parameters:
     shear_calibration_parameters--m1
     shear_calibration_parameters--m2
     shear_calibration_parameters--m3
     shear_calibration_parameters--m4
add_point_mass - 0 parameters:
2pt_like - 0 parameters:
shear_ratio_like - 0 parameters:
spt3g_d1_lensing - 7 parameters:
     candl_nuisance_parameters--acib150
     candl_nuisance_parameters--acib220
     candl_nuisance_parameters--arad150
     candl_nuisance_parameters--arad90
     candl_nuisance_parameters--atsz
     candl_nuisance_parameters--pcal_lens
     candl_nuisance_parameters--tcal_lens
Results - 0 parameters:
You manually told me in the parameter file to use module 18 as the first in the fast block
Time for full pipeline:  58.31s
Time for slow pipeline:  58.26s
Time for fast pipeline:  0.05s
Time saving: 99.91%

Based on this we have decided: 
   Slow modules (18):
        consistency
        bbn_consistency
        s8_to_sigma8
        camb
        as_to_log1e10as
        fast_pt
        fits_nz
        lens_photoz_width
        lens_photoz_bias
        source_photoz_bias
        IA
        pk_to_cl_gg
        pk_to_cl
        add_magnification
        add_intrinsic
        2pt_shear
        2pt_gal
        2pt_gal_shear
   Fast modules (5):
        shear_m_bias
        add_point_mass
        2pt_like
        shear_ratio_like
        spt3g_d1_lensing
   Slow parameters (28):
        cosmological_parameters--ombh2
        cosmological_parameters--omch2
        cosmological_parameters--h0
        cosmological_parameters--mnu
        cosmological_parameters--s_8
        cosmological_parameters--n_s
        halo_model_parameters--logt_agn
        lens_photoz_errors--width_1
        lens_photoz_errors--width_2
        lens_photoz_errors--width_3
        lens_photoz_errors--width_4
        lens_photoz_errors--bias_1
        lens_photoz_errors--bias_2
        lens_photoz_errors--bias_3
        lens_photoz_errors--bias_4
        wl_photoz_errors--bias_1
        wl_photoz_errors--bias_2
        wl_photoz_errors--bias_3
        wl_photoz_errors--bias_4
        intrinsic_alignment_parameters--a1
        intrinsic_alignment_parameters--a2
        intrinsic_alignment_parameters--alpha1
        intrinsic_alignment_parampk_to_cl_gg took: 0.974 seconds
pk_to_cl took: 0.473 seconds
add_magnification took: 0.005 seconds
add_intrinsic took: 0.002 seconds
2pt_shear took: 0.090 seconds
2pt_gal took: 0.026 seconds
2pt_gal_shear took: 0.107 seconds
shear_m_bias took: 0.002 seconds
add_point_mass took: 0.000 seconds
2pt_like took: 0.020 seconds
shear_ratio_like took: 0.001 seconds
spt3g_d1_lensing took: 0.026 seconds
Total pipeline time: 58.1 seconds


Parameters first used in each module:
consistency - 5 parameters:
     cosmological_parameters--ombh2
     cosmological_parameters--omch2
     cosmological_parameters--h0
     cosmological_parameters--mnu
     cosmological_parameters--s_8
bbn_consistency - 0 parameters:
s8_to_sigma8 - 0 parameters:
camb - 2 parameters:
     cosmological_parameters--n_s
     halo_model_parameters--logt_agn
as_to_log1e10as - 0 parameters:
fast_pt - 0 parameters:
fits_nz - 0 parameters:
lens_photoz_width - 4 parameters:
     lens_photoz_errors--width_1
     lens_photoz_errors--width_2
     lens_photoz_errors--width_3
     lens_photoz_errors--width_4
lens_photoz_bias - 4 parameters:
     lens_photoz_errors--bias_1
     lens_photoz_errors--bias_2
     lens_photoz_errors--bias_3
     lens_photoz_errors--bias_4
source_photoz_bias - 4 parameters:
     wl_photoz_errors--bias_1
     wl_photoz_errors--bias_2
     wl_photoz_errors--bias_3
     wl_photoz_errors--bias_4
IA - 5 parameters:
     intrinsic_alignment_parameters--a1
     intrinsic_alignment_parameters--a2
     intrinsic_alignment_parameters--alpha1
     intrinsic_alignment_parameters--alpha2
     intrinsic_alignment_parameters--bias_ta
pk_to_cl_gg - 4 parameters:
     bias_lens--b1
     bias_lens--b2
     bias_lens--b3
     bias_lens--b4
pk_to_cl - 0 parameters:
add_magnification - 0 parameters:
add_intrinsic - 0 parameters:
2pt_shear - 0 parameters:
2pt_gal - 0 parameters:
2pt_gal_shear - 0 parameters:
shear_m_bias - 4 parameters:
     shear_calibration_parameters--m1
     shear_calibration_parameters--m2
     shear_calibration_parameters--m3
     shear_calibration_parameters--m4
add_point_mass - 0 parameters:
2pt_like - 0 parameters:
shear_ratio_like - 0 parameters:
spt3g_d1_lensing - 7 parameters:
     candl_nuisance_parameters--acib150
     candl_nuisance_parameters--acib220
     candl_nuisance_parameters--arad150
     candl_nuisance_parameters--arad90
     candl_nuisance_parameters--atsz
     candl_nuisance_parameters--pcal_lens
     candl_nuisance_parameters--tcal_lens
Results - 0 parameters:
You manually told me in the parameter file to use module 18 as the first in the fast block
Time for full pipeline:  58.14s
Time for slow pipeline:  58.10s
Time for fast pipeline:  0.05s
Time saving: 99.92%

Based on this we have decided: 
   Slow modules (18):
        consistency
        bbn_consistency
        s8_to_sigma8
        camb
        as_to_log1e10as
        fast_pt
        fits_nz
        lens_photoz_width
        lens_photoz_bias
        source_photoz_bias
        IA
        pk_to_cl_gg
        pk_to_cl
        add_magnification
        add_intrinsic
        2pt_shear
        2pt_gal
        2pt_gal_shear
   Fast modules (5):
        shear_m_bias
        add_point_mass
        2pt_like
        shear_ratio_like
        spt3g_d1_lensing
   Slow parameters (28):
        cosmological_parameters--ombh2
        cosmological_parameters--omch2
        cosmological_parameters--h0
        cosmological_parameters--mnu
        cosmological_parameters--s_8
        cosmological_parameters--n_s
        halo_model_parameters--logt_agn
        lens_photoz_errors--width_1
        lens_photoz_errors--width_2
        lens_photoz_errors--width_3
        lens_photoz_errors--width_4
        lens_photoz_errors--bias_1
        lens_photoz_errors--bias_2
        lens_photoz_errors--bias_3
        lens_photoz_errors--bias_4
        wl_photoz_errors--bias_1
        wl_photoz_errors--bias_2
        wl_photoz_errors--bias_3
        wl_photoz_errors--bias_4
        intrinsic_alignment_parameters--a1
        intrinsic_alignment_parameters--a2
        intrinsic_alignment_parameters--alpha1
 camb took: 55.167 seconds
as_to_log1e10as took: 0.000 seconds
fast_pt took: 0.090 seconds
fits_nz took: 0.000 seconds
lens_photoz_width took: 0.001 seconds
lens_photoz_bias took: 0.001 seconds
source_photoz_bias took: 0.001 seconds
IA took: 0.024 seconds
Using two grades of parameter speed in polychord.
Telling Polychord to spend fraction 0.1 if its time in the fast subspace (adjust with fast_fraction option)
Polychord num_repeats = 74  (from parameter file)
pk_to_cl_gg took: 0.911 seconds
camb took: 55.335 seconds
as_to_log1e10as took: 0.000 seconds
fast_pt took: 0.118 seconds
fits_nz took: 0.000 seconds
lens_photoz_width took: 0.001 seconds
lens_photoz_bias took: 0.001 seconds
source_photoz_bias took: 0.001 seconds
IA took: 0.015 seconds
camb took: 55.608 seconds
as_to_log1e10as took: 0.000 seconds
fast_pt took: 0.091 seconds
fits_nz took: 0.000 seconds
lens_photoz_width took: 0.001 seconds
lens_photoz_bias took: 0.001 seconds
source_photoz_bias took: 0.001 seconds
IA took: 0.015 seconds
camb took: 55.198 seconds
as_to_log1e10as took: 0.000 seconds
fast_pt took: 0.089 seconds
fits_nz took: 0.000 seconds
lens_photoz_width took: 0.001 seconds
lens_photoz_bias took: 0.001 seconds
source_photoz_bias took: 0.001 seconds
IA took: 0.024 seconds
2pt_shear took: 0.088 seconds
2pt_gal took: 0.028 seconds
2pt_gal_shear took: 0.135 seconds
shear_m_bias took: 0.002 seconds
add_point_mass took: 0.000 seconds
2pt_like took: 0.017 seconds
shear_ratio_like took: 0.001 seconds
spt3g_d1_lensing took: 0.027 seconds
Total pipeline time: 56.3 seconds


Parameters first used in each module:
consistency - 5 parameters:
     cosmological_parameters--ombh2
     cosmological_parameters--omch2
     cosmological_parameters--h0
     cosmological_parameters--mnu
     cosmological_parameters--s_8
bbn_consistency - 0 parameters:
s8_to_sigma8 - 0 parameters:
camb - 2 parameters:
     cosmological_parameters--n_s
     halo_model_parameters--logt_agn
as_to_log1e10as - 0 parameters:
fast_pt - 0 parameters:
fits_nz - 0 parameters:
lens_photoz_width - 4 parameters:
     lens_photoz_errors--width_1
     lens_photoz_errors--width_2
     lens_photoz_errors--width_3
     lens_photoz_errors--width_4
lens_photoz_bias - 4 parameters:
     lens_photoz_errors--bias_1
     lens_photoz_errors--bias_2
     lens_photoz_errors--bias_3
     lens_photoz_errors--bias_4
source_photoz_bias - 4 parameters:
     wl_photoz_errors--bias_1
     wl_photoz_errors--bias_2
     wl_photoz_errors--bias_3
     wl_photoz_errors--bias_4
IA - 5 parameters:
     intrinsic_alignment_parameters--a1
     intrinsic_alignment_parameters--a2
     intrinsic_alignment_parameters--alpha1
     intrinsic_alignment_parameters--alpha2
     intrinsic_alignment_parameters--bias_ta
pk_to_cl_gg - 4 parameters:
     bias_lens--b1
     bias_lens--b2
     bias_lens--b3
     bias_lens--b4
pk_to_cl - 0 parameters:
add_magnification - 0 parameters:
add_intrinsic - 0 parameters:
2pt_shear - 0 parameters:
2pt_gal - 0 parameters:
2pt_gal_shear - 0 parameters:
shear_m_bias - 4 parameters:
     shear_calibration_parameters--m1
     shear_calibration_parameters--m2
     shear_calibration_parameters--m3
     shear_calibration_parameters--m4
add_point_mass - 0 parameters:
2pt_like - 0 parameters:
shear_ratio_like - 0 parameters:
spt3g_d1_lensing - 7 parameters:
     candl_nuisance_parameters--acib150
     candl_nuisance_parameters--acib220
     candl_nuisance_parameters--arad150
     candl_nuisance_parameters--arad90
     candl_nuisance_parameters--atsz
     candl_nuisance_parameters--pcal_lens
     candl_nuisance_parameters--tcal_lens
Results - 0 parameters:
You manually told me in the parameter file to use module 18 as the first in the fast block
Time for full pipeline:  56.34s
Time for slow pipeline:  56.30s
Time for fast pipeline:  0.05s
Time saving: 99.92%

Based on this we have decided: 
   Slow modules (18):
        consistency
        bbn_consistency
        s8_to_sigma8
        camb
        as_to_log1e10as
        fast_pt
        fits_nz
        lens_photoz_width
        lens_photoz_bias
        source_photoz_bias
        IA
        pk_to_cl_gg
        pk_to_cl
        add_magnification
        add_intrinsic
        2pt_shear
        2pt_gal
        2pt_gal_shear
   Fast modules (5):
        shear_m_bias
        add_point_mass
        2pt_like
        shear_ratio_like
        spt3g_d1_lensing
   Slow parameters (28):
        cosmological_parameters--ombh2
        cosmological_parameters--omch2
        cosmological_parameters--h0
        cosmological_parameters--mnu
        cosmological_parameters--s_8
        cosmological_parameters--n_s
        halo_model_parameters--logt_agn
        lens_photoz_errors--width_1
        lens_photoz_errors--width_2
        lens_photoz_errors--width_3
        lens_photoz_errors--width_4
        lens_photoz_errors--bias_1
        lens_photoz_errors--bias_2
        lens_photoz_errors--bias_3
        lens_photoz_errors--bias_4
        wl_photoz_errors--bias_1
        wl_photoz_errors--bias_2
        wl_photoz_errors--bias_3
        wl_photoz_errors--bias_4
        intrinsic_alignment_parameters--a1
        intrinsic_alignment_parameters--a2
        intrinsic_alignment_parameters--alpha1
        intrinsic_alignment_parameters--alpha2
        intrinsic_alignment_parameters--bias_ta
        bias_lens--b1
        bias_lenspk_to_cl_gg took: 0.906 seconds
pk_to_cl took: 0.471 seconds
add_magnification took: 0.005 seconds
add_intrinsic took: 0.002 seconds
2pt_shear took: 0.091 seconds
2pt_gal took: 0.028 seconds
2pt_gal_shear took: 0.105 seconds
shear_m_bias took: 0.002 seconds
add_point_mass took: 0.000 seconds
2pt_like took: 0.020 seconds
shear_ratio_like took: 0.001 seconds
spt3g_d1_lensing took: 0.026 seconds
Total pipeline time: 57.6 seconds


Parameters first used in each module:
consistency - 5 parameters:
     cosmological_parameters--ombh2
     cosmological_parameters--omch2
     cosmological_parameters--h0
     cosmological_parameters--mnu
     cosmological_parameters--s_8
bbn_consistency - 0 parameters:
s8_to_sigma8 - 0 parameters:
camb - 2 parameters:
     cosmological_parameters--n_s
     halo_model_parameters--logt_agn
as_to_log1e10as - 0 parameters:
fast_pt - 0 parameters:
fits_nz - 0 parameters:
lens_photoz_width - 4 parameters:
     lens_photoz_errors--width_1
     lens_photoz_errors--width_2
     lens_photoz_errors--width_3
     lens_photoz_errors--width_4
lens_photoz_bias - 4 parameters:
     lens_photoz_errors--bias_1
     lens_photoz_errors--bias_2
     lens_photoz_errors--bias_3
     lens_photoz_errors--bias_4
source_photoz_bias - 4 parameters:
     wl_photoz_errors--bias_1
     wl_photoz_errors--bias_2
     wl_photoz_errors--bias_3
     wl_photoz_errors--bias_4
IA - 5 parameters:
     intrinsic_alignment_parameters--a1
     intrinsic_alignment_parameters--a2
     intrinsic_alignment_parameters--alpha1
     intrinsic_alignment_parameters--alpha2
     intrinsic_alignment_parameters--bias_ta
pk_to_cl_gg - 4 parameters:
     bias_lens--b1
     bias_lens--b2
     bias_lens--b3
     bias_lens--b4
pk_to_cl - 0 parameters:
add_magnification - 0 parameters:
add_intrinsic - 0 parameters:
2pt_shear - 0 parameters:
2pt_gal - 0 parameters:
2pt_gal_shear - 0 parameters:
shear_m_bias - 4 parameters:
     shear_calibration_parameters--m1
     shear_calibration_parameters--m2
     shear_calibration_parameters--m3
     shear_calibration_parameters--m4
add_point_mass - 0 parameters:
2pt_like - 0 parameters:
shear_ratio_like - 0 parameters:
spt3g_d1_lensing - 7 parameters:
     candl_nuisance_parameters--acib150
     candl_nuisance_parameters--acib220
     candl_nuisance_parameters--arad150
     candl_nuisance_parameters--arad90
     candl_nuisance_parameters--atsz
     candl_nuisance_parameters--pcal_lens
     candl_nuisance_parameters--tcal_lens
Results - 0 parameters:
You manually told me in the parameter file to use module 18 as the first in the fast block
Time for full pipeline:  57.60s
Time for slow pipeline:  57.55s
Time for fast pipeline:  0.05s
Time saving: 99.92%

Based on this we have decided: 
   Slow modules (18):
        consistency
        bbn_consistency
        s8_to_sigma8
        camb
        as_to_log1e10as
        fast_pt
        fits_nz
        lens_photoz_width
        lens_photoz_bias
        source_photoz_bias
        IA
        pk_to_cl_gg
        pk_to_cl
        add_magnification
        add_intrinsic
        2pt_shear
        2pt_gal
        2pt_gal_shear
   Fast modules (5):
        shear_m_bias
        add_point_mass
        2pt_like
        shear_ratio_like
        spt3g_d1_lensing
   Slow parameters (28):
        cosmological_parameters--ombh2
        cosmological_parameters--omch2
        cosmological_parameters--h0
        cosmological_parameters--mnu
        cosmological_parameters--s_8
        cosmological_parameters--n_s
        halo_model_parameters--logt_agn
        lens_photoz_errors--width_1
        lens_photoz_errors--width_2
        lens_photoz_errors--width_3
        lens_photoz_errors--width_4
        lens_photoz_errors--bias_1
        lens_photoz_errors--bias_2
        lens_photoz_errors--bias_3
        lens_photoz_errors--bias_4
        wl_photoz_errors--bias_1
        wl_photoz_errors--bias_2
        wl_photoz_errors--bias_3
        wl_photoz_errors--bias_4
        intrinsic_alignment_parameters--a1
        intrinsic_alignment_parameters--a2
        intrinsic_alignment_parameters--alpha1
 camb took: 55.481 seconds
as_to_log1e10as took: 0.000 seconds
fast_pt took: 0.126 seconds
fits_nz took: 0.000 seconds
lens_photoz_width took: 0.001 seconds
lens_photoz_bias took: 0.001 seconds
source_photoz_bias took: 0.001 seconds
IA took: 0.030 seconds
pk_to_cl_gg took: 1.095 seconds
pk_to_cl took: 0.486 seconds
add_magnification took: 0.011 seconds
pk_to_cl took: 0.470 seconds
add_magnification took: 0.005 seconds
add_intrinsic took: 0.002 seconds
2pt_shear took: 0.093 seconds
2pt_gal took: 0.028 seconds
2pt_gal_shear took: 0.108 seconds
shear_m_bias took: 0.002 seconds
add_point_mass took: 0.000 seconds
2pt_like took: 0.019 seconds
shear_ratio_like took: 0.001 seconds
spt3g_d1_lensing took: 0.022 seconds
Total pipeline time: 56.3 seconds


Parameters first used in each module:
consistency - 5 parameters:
     cosmological_parameters--ombh2
     cosmological_parameters--omch2
     cosmological_parameters--h0
     cosmological_parameters--mnu
     cosmological_parameters--s_8
bbn_consistency - 0 parameters:
s8_to_sigma8 - 0 parameters:
camb - 2 parameters:
     cosmological_parameters--n_s
     halo_model_parameters--logt_agn
as_to_log1e10as - 0 parameters:
fast_pt - 0 parameters:
fits_nz - 0 parameters:
lens_photoz_width - 4 parameters:
     lens_photoz_errors--width_1
     lens_photoz_errors--width_2
     lens_photoz_errors--width_3
     lens_photoz_errors--width_4
lens_photoz_bias - 4 parameters:
     lens_photoz_errors--bias_1
     lens_photoz_errors--bias_2
     lens_photoz_errors--bias_3
     lens_photoz_errors--bias_4
source_photoz_bias - 4 parameters:
     wl_photoz_errors--bias_1
     wl_photoz_errors--bias_2
     wl_photoz_errors--bias_3
     wl_photoz_errors--bias_4
IA - 5 parameters:
     intrinsic_alignment_parameters--a1
     intrinsic_alignment_parameters--a2
     intrinsic_alignment_parameters--alpha1
     intrinsic_alignment_parameters--alpha2
     intrinsic_alignment_parameters--bias_ta
pk_to_cl_gg - 4 parameters:
     bias_lens--b1
     bias_lens--b2
     bias_lens--b3
     bias_lens--b4
pk_to_cl - 0 parameters:
add_magnification - 0 parameters:
add_intrinsic - 0 parameters:
2pt_shear - 0 parameters:
2pt_gal - 0 parameters:
2pt_gal_shear - 0 parameters:
shear_m_bias - 4 parameters:
     shear_calibration_parameters--m1
     shear_calibration_parameters--m2
     shear_calibration_parameters--m3
     shear_calibration_parameters--m4
add_point_mass - 0 parameters:
2pt_like - 0 parameters:
shear_ratio_like - 0 parameters:
spt3g_d1_lensing - 7 parameters:
     candl_nuisance_parameters--acib150
     candl_nuisance_parameters--acib220
     candl_nuisance_parameters--arad150
     candl_nuisance_parameters--arad90
     candl_nuisance_parameters--atsz
     candl_nuisance_parameters--pcal_lens
     candl_nuisance_parameters--tcal_lens
Results - 0 parameters:
You manually told me in the parameter file to use module 18 as the first in the fast block
Time for full pipeline:  56.25s
Time for slow pipeline:  56.21s
Time for fast pipeline:  0.04s
Time saving: 99.92%

Based on this we have decided: 
   Slow modules (18):
        consistency
        bbn_consistency
        s8_to_sigma8
        camb
        as_to_log1e10as
        fast_pt
        fits_nz
        lens_photoz_width
        lens_photoz_bias
        source_photoz_bias
        IA
        pk_to_cl_gg
        pk_to_cl
        add_magnification
        add_intrinsic
        2pt_shear
        2pt_gal
        2pt_gal_shear
   Fast modules (5):
        shear_m_bias
        add_point_mass
        2pt_like
        shear_ratio_like
        spt3g_d1_lensing
   Slow parameters (28):
        cosmological_parameters--ombh2
        cosmological_parameters--omch2
        cosmological_parameters--h0
        cosmological_parameters--mnu
        cosmological_parameters--s_8
        cosmological_parameters--n_s
        halo_model_parameters--logt_agn
        lens_photoz_errors--width_1
        lens_photoz_errors--width_2
        lens_photoz_errors--width_3
        lens_photoz_errors--width_4
        lens_photoz_errors--bias_1
        lens_photoz_errors--bias_2
        lens_photoz_errors--bias_3
        lens_photoz_errors--bias_4
        wl_photoz_errors--bias_1
        wl_photoz_errors--bias_2
        wl_photoz_errors--bias_3
        wl_photoz_errors--bias_4
        intrinsic_alignment_parameters--a1
        intrinsic_alignment_parameters--a2
        intrinsic_alignment_parameters--alpha1
        intrinsic_alignment_parampk_to_cl took: 0.495 seconds
add_magnification took: 0.005 seconds
add_intrinsic took: 0.002 seconds
2pt_shear took: 0.086 seconds
2pt_gal took: 0.026 seconds
2pt_gal_shear took: 0.099 seconds
shear_m_bias took: 0.002 seconds
add_point_mass took: 0.000 seconds
2pt_like took: 0.019 seconds
shear_ratio_like took: 0.001 seconds
spt3g_d1_lensing took: 0.023 seconds
Total pipeline time: 57.3 seconds


Parameters first used in each module:
consistency - 5 parameters:
     cosmological_parameters--ombh2
     cosmological_parameters--omch2
     cosmological_parameters--h0
     cosmological_parameters--mnu
     cosmological_parameters--s_8
bbn_consistency - 0 parameters:
s8_to_sigma8 - 0 parameters:
camb - 2 parameters:
     cosmological_parameters--n_s
     halo_model_parameters--logt_agn
as_to_log1e10as - 0 parameters:
fast_pt - 0 parameters:
fits_nz - 0 parameters:
lens_photoz_width - 4 parameters:
     lens_photoz_errors--width_1
     lens_photoz_errors--width_2
     lens_photoz_errors--width_3
     lens_photoz_errors--width_4
lens_photoz_bias - 4 parameters:
     lens_photoz_errors--bias_1
     lens_photoz_errors--bias_2
     lens_photoz_errors--bias_3
     lens_photoz_errors--bias_4
source_photoz_bias - 4 parameters:
     wl_photoz_errors--bias_1
     wl_photoz_errors--bias_2
     wl_photoz_errors--bias_3
     wl_photoz_errors--bias_4
IA - 5 parameters:
     intrinsic_alignment_parameters--a1
     intrinsic_alignment_parameters--a2
     intrinsic_alignment_parameters--alpha1
     intrinsic_alignment_parameters--alpha2
     intrinsic_alignment_parameters--bias_ta
pk_to_cl_gg - 4 parameters:
     bias_lens--b1
     bias_lens--b2
     bias_lens--b3
     bias_lens--b4
pk_to_cl - 0 parameters:
add_magnification - 0 parameters:
add_intrinsic - 0 parameters:
2pt_shear - 0 parameters:
2pt_gal - 0 parameters:
2pt_gal_shear - 0 parameters:
shear_m_bias - 4 parameters:
     shear_calibration_parameters--m1
     shear_calibration_parameters--m2
     shear_calibration_parameters--m3
     shear_calibration_parameters--m4
add_point_mass - 0 parameters:
2pt_like - 0 parameters:
shear_ratio_like - 0 parameters:
spt3g_d1_lensing - 7 parameters:
     candl_nuisance_parameters--acib150
     candl_nuisance_parameters--acib220
     candl_nuisance_parameters--arad150
     candl_nuisance_parameters--arad90
     candl_nuisance_parameters--atsz
     candl_nuisance_parameters--pcal_lens
     candl_nuisance_parameters--tcal_lens
Results - 0 parameters:
You manually told me in the parameter file to use module 18 as the first in the fast block
Time for full pipeline:  57.29s
Time for slow pipeline:  57.24s
Time for fast pipeline:  0.05s
Time saving: 99.92%

Based on this we have decided: 
   Slow modules (18):
        consistency
        bbn_consistency
        s8_to_sigma8
        camb
        as_to_log1e10as
        fast_pt
        fits_nz
        lens_photoz_width
        lens_photoz_bias
        source_photoz_bias
        IA
        pk_to_cl_gg
        pk_to_cl
        add_magnification
        add_intrinsic
        2pt_shear
        2pt_gal
        2pt_gal_shear
   Fast modules (5):
        shear_m_bias
        add_point_mass
        2pt_like
        shear_ratio_like
        spt3g_d1_lensing
   Slow parameters (28):
        cosmological_parameters--ombh2
        cosmological_parameters--omch2
        cosmological_parameters--h0
        cosmological_parameters--mnu
        cosmological_parameters--s_8
        cosmological_parameters--n_s
        halo_model_parameters--logt_agn
        lens_photoz_errors--width_1
        lens_photoz_errors--width_2
        lens_photoz_errors--width_3
        lens_photoz_errors--width_4
        lens_photoz_errors--bias_1
        lens_photoz_errors--bias_2
        lens_photoz_errors--bias_3
        lens_photoz_errors--bias_4
        wl_photoz_errors--bias_1
        wl_photoz_errors--bias_2
        wl_photoz_errors--bias_3
        wl_photoz_errors--bias_4
        intrinsic_alignment_parameters--a1
        intrinsic_alignment_parameters--a2
        intrinsic_alignment_parameters--alpha1
        intrinsic_alignment_parampk_to_cl_gg took: 1.085 seconds
Using two grades of parameter speed in polychord.
Telling Polychord to spend fraction 0.1 if its time in the fast subspace (adjust with fast_fraction option)
Polychord num_repeats = 74  (from parameter file)
camb took: 54.980 seconds
as_to_log1e10as took: 0.000 seconds
fast_pt took: 0.090 seconds
fits_nz took: 0.000 seconds
lens_photoz_width took: 0.001 seconds
lens_photoz_bias took: 0.001 seconds
source_photoz_bias took: 0.001 seconds
IA took: 0.024 seconds
pk_to_cl_gg took: 1.169 seconds
camb took: 55.566 seconds
as_to_log1e10as took: 0.000 seconds
fast_pt took: 0.090 seconds
fits_nz took: 0.000 seconds
lens_photoz_width took: 0.001 seconds
lens_photoz_bias took: 0.001 seconds
source_photoz_bias took: 0.001 seconds
IA took: 0.025 seconds
2pt_gal_shear took: 0.103 seconds
shear_m_bias took: 0.002 seconds
add_point_mass took: 0.000 seconds
2pt_like took: 0.020 seconds
shear_ratio_like took: 0.001 seconds
spt3g_d1_lensing took: 0.025 seconds
Total pipeline time: 55.7 seconds


Parameters first used in each module:
consistency - 5 parameters:
     cosmological_parameters--ombh2
     cosmological_parameters--omch2
     cosmological_parameters--h0
     cosmological_parameters--mnu
     cosmological_parameters--s_8
bbn_consistency - 0 parameters:
s8_to_sigma8 - 0 parameters:
camb - 2 parameters:
     cosmological_parameters--n_s
     halo_model_parameters--logt_agn
as_to_log1e10as - 0 parameters:
fast_pt - 0 parameters:
fits_nz - 0 parameters:
lens_photoz_width - 4 parameters:
     lens_photoz_errors--width_1
     lens_photoz_errors--width_2
     lens_photoz_errors--width_3
     lens_photoz_errors--width_4
lens_photoz_bias - 4 parameters:
     lens_photoz_errors--bias_1
     lens_photoz_errors--bias_2
     lens_photoz_errors--bias_3
     lens_photoz_errors--bias_4
source_photoz_bias - 4 parameters:
     wl_photoz_errors--bias_1
     wl_photoz_errors--bias_2
     wl_photoz_errors--bias_3
     wl_photoz_errors--bias_4
IA - 5 parameters:
     intrinsic_alignment_parameters--a1
     intrinsic_alignment_parameters--a2
     intrinsic_alignment_parameters--alpha1
     intrinsic_alignment_parameters--alpha2
     intrinsic_alignment_parameters--bias_ta
pk_to_cl_gg - 4 parameters:
     bias_lens--b1
     bias_lens--b2
     bias_lens--b3
     bias_lens--b4
pk_to_cl - 0 parameters:
add_magnification - 0 parameters:
add_intrinsic - 0 parameters:
2pt_shear - 0 parameters:
2pt_gal - 0 parameters:
2pt_gal_shear - 0 parameters:
shear_m_bias - 4 parameters:
     shear_calibration_parameters--m1
     shear_calibration_parameters--m2
     shear_calibration_parameters--m3
     shear_calibration_parameters--m4
add_point_mass - 0 parameters:
2pt_like - 0 parameters:
shear_ratio_like - 0 parameters:
spt3g_d1_lensing - 7 parameters:
     candl_nuisance_parameters--acib150
     candl_nuisance_parameters--acib220
     candl_nuisance_parameters--arad150
     candl_nuisance_parameters--arad90
     candl_nuisance_parameters--atsz
     candl_nuisance_parameters--pcal_lens
     candl_nuisance_parameters--tcal_lens
Results - 0 parameters:
You manually told me in the parameter file to use module 18 as the first in the fast block
Time for full pipeline:  55.69s
Time for slow pipeline:  55.65s
Time for fast pipeline:  0.05s
Time saving: 99.92%

Based on this we have decided: 
   Slow modules (18):
        consistency
        bbn_consistency
        s8_to_sigma8
        camb
        as_to_log1e10as
        fast_pt
        fits_nz
        lens_photoz_width
        lens_photoz_bias
        source_photoz_bias
        IA
        pk_to_cl_gg
        pk_to_cl
        add_magnification
        add_intrinsic
        2pt_shear
        2pt_gal
        2pt_gal_shear
   Fast modules (5):
        shear_m_bias
        add_point_mass
        2pt_like
        shear_ratio_like
        spt3g_d1_lensing
   Slow parameters (28):
        cosmological_parameters--ombh2
        cosmological_parameters--omch2
        cosmological_parameters--h0
        cosmological_parameters--mnu
        cosmological_parameters--s_8
        cosmological_parameters--n_s
        halo_model_parameters--logt_agn
        lens_photoz_errors--width_1
        lens_photoz_errors--width_2
        lens_photoz_errors--width_3
        lens_photoz_errors--width_4
        lens_photoz_errors--bias_1
        lens_photoz_errors--bias_2
        lens_photoz_errors--bias_3
        lens_photoz_errors--bias_4
        wl_photoz_errors--bias_1
        wl_photoz_errors--bias_2
        wl_photoz_errors--bias_3
        wl_photoz_errors--bias_4
        intrinsic_alignment_parameters--a1
        intrinsic_alignment_parameters--a2
        intrinsic_alignment_parameters--alpha1
        intrinsic_alignment_parameters--alpha2
        intrinsic_alignment_parameters--bias_ta
        bias_lens--b1
        bias_lens--b2
        bias_lens--b3
        bias_lens--b4
   Fast ppk_to_cl_gg took: 0.909 seconds
pk_to_cl took: 0.480 seconds
add_magnification took: 0.005 seconds
add_intrinsic took: 0.002 seconds
2pt_shear took: 0.091 seconds
2pt_gal took: 0.037 seconds
pk_to_cl_gg took: 0.976 seconds
pk_to_cl took: 0.492 seconds
add_magnification took: 0.007 seconds
add_intrinsic took: 0.004 seconds
2pt_shear took: 0.096 seconds
2pt_gal took: 0.026 seconds
2pt_gal_shear took: 0.104 seconds
shear_m_bias took: 0.002 seconds
add_point_mass took: 0.000 seconds
2pt_like took: 0.020 seconds
shear_ratio_like took: 0.001 seconds
spt3g_d1_lensing took: 0.025 seconds
Total pipeline time: 57.4 seconds


Parameters first used in each module:
consistency - 5 parameters:
     cosmological_parameters--ombh2
     cosmological_parameters--omch2
     cosmological_parameters--h0
     cosmological_parameters--mnu
     cosmological_parameters--s_8
bbn_consistency - 0 parameters:
s8_to_sigma8 - 0 parameters:
camb - 2 parameters:
     cosmological_parameters--n_s
     halo_model_parameters--logt_agn
as_to_log1e10as - 0 parameters:
fast_pt - 0 parameters:
fits_nz - 0 parameters:
lens_photoz_width - 4 parameters:
     lens_photoz_errors--width_1
     lens_photoz_errors--width_2
     lens_photoz_errors--width_3
     lens_photoz_errors--width_4
lens_photoz_bias - 4 parameters:
     lens_photoz_errors--bias_1
     lens_photoz_errors--bias_2
     lens_photoz_errors--bias_3
     lens_photoz_errors--bias_4
source_photoz_bias - 4 parameters:
     wl_photoz_errors--bias_1
     wl_photoz_errors--bias_2
     wl_photoz_errors--bias_3
     wl_photoz_errors--bias_4
IA - 5 parameters:
     intrinsic_alignment_parameters--a1
     intrinsic_alignment_parameters--a2
     intrinsic_alignment_parameters--alpha1
     intrinsic_alignment_parameters--alpha2
     intrinsic_alignment_parameters--bias_ta
pk_to_cl_gg - 4 parameters:
     bias_lens--b1
     bias_lens--b2
     bias_lens--b3
     bias_lens--b4
pk_to_cl - 0 parameters:
add_magnification - 0 parameters:
add_intrinsic - 0 parameters:
2pt_shear - 0 parameters:
2pt_gal - 0 parameters:
2pt_gal_shear - 0 parameters:
shear_m_bias - 4 parameters:
     shear_calibration_parameters--m1
     shear_calibration_parameters--m2
     shear_calibration_parameters--m3
     shear_calibration_parameters--m4
add_point_mass - 0 parameters:
2pt_like - 0 parameters:
shear_ratio_like - 0 parameters:
spt3g_d1_lensing - 7 parameters:
     candl_nuisance_parameters--acib150
     candl_nuisance_parameters--acib220
     candl_nuisance_parameters--arad150
     candl_nuisance_parameters--arad90
     candl_nuisance_parameters--atsz
     candl_nuisance_parameters--pcal_lens
     candl_nuisance_parameters--tcal_lens
Results - 0 parameters:
You manually told me in the parameter file to use module 18 as the first in the fast block
Time for full pipeline:  57.43s
Time for slow pipeline:  57.38s
Time for fast pipeline:  0.05s
Time saving: 99.92%

Based on this we have decided: 
   Slow modules (18):
        consistency
        bbn_consistency
        s8_to_sigma8
        camb
        as_to_log1e10as
        fast_pt
        fits_nz
        lens_photoz_width
        lens_photoz_bias
        source_photoz_bias
        IA
        pk_to_cl_gg
        pk_to_cl
        add_magnification
        add_intrinsic
        2pt_shear
        2pt_gal
        2pt_gal_shear
   Fast modules (5):
        shear_m_bias
        add_point_mass
        2pt_like
        shear_ratio_like
        spt3g_d1_lensing
   Slow parameters (28):
        cosmological_parameters--ombh2
        cosmological_parameters--omch2
        cosmological_parameters--h0
        cosmological_parameters--mnu
        cosmological_parameters--s_8
        cosmological_parameters--n_s
        halo_model_parameters--logt_agn
        lens_photoz_errors--width_1
        lens_photoz_errors--width_2
        lens_photoz_errors--width_3
        lens_photoz_errors--width_4
        lens_photoz_errors--bias_1
        lens_photoz_errors--bias_2
        lens_photoz_errors--bias_3
        lens_photoz_errors--bias_4
        wl_photoz_errors--bias_1
        wl_photoz_errors--bias_2
        wl_photoz_errors--bias_3
        wl_photoz_errors--bias_4
        intrinsic_alignment_parameters--a1
        intrinsic_alignment_parameters--a2
        intrinsic_alignment_parameters--alpha1
 Using two grades of parameter speed in polychord.
Telling Polychord to spend fraction 0.1 if its time in the fast subspace (adjust with fast_fraction option)
Polychord num_repeats = 74  (from parameter file)
pk_to_cl took: 0.476 seconds
add_magnification took: 0.005 seconds
add_intrinsic took: 0.002 seconds
2pt_shear took: 0.085 seconds
2pt_gal took: 0.035 seconds
2pt_gal_shear took: 0.103 seconds
shear_m_bias took: 0.002 seconds
add_point_mass took: 0.000 seconds
2pt_like took: 0.020 seconds
shear_ratio_like took: 0.001 seconds
spt3g_d1_lensing took: 0.027 seconds
Total pipeline time: 56.4 seconds


Parameters first used in each module:
consistency - 5 parameters:
     cosmological_parameters--ombh2
     cosmological_parameters--omch2
     cosmological_parameters--h0
     cosmological_parameters--mnu
     cosmological_parameters--s_8
bbn_consistency - 0 parameters:
s8_to_sigma8 - 0 parameters:
camb - 2 parameters:
     cosmological_parameters--n_s
     halo_model_parameters--logt_agn
as_to_log1e10as - 0 parameters:
fast_pt - 0 parameters:
fits_nz - 0 parameters:
lens_photoz_width - 4 parameters:
     lens_photoz_errors--width_1
     lens_photoz_errors--width_2
     lens_photoz_errors--width_3
     lens_photoz_errors--width_4
lens_photoz_bias - 4 parameters:
     lens_photoz_errors--bias_1
     lens_photoz_errors--bias_2
     lens_photoz_errors--bias_3
     lens_photoz_errors--bias_4
source_photoz_bias - 4 parameters:
     wl_photoz_errors--bias_1
     wl_photoz_errors--bias_2
     wl_photoz_errors--bias_3
     wl_photoz_errors--bias_4
IA - 5 parameters:
     intrinsic_alignment_parameters--a1
     intrinsic_alignment_parameters--a2
     intrinsic_alignment_parameters--alpha1
     intrinsic_alignment_parameters--alpha2
     intrinsic_alignment_parameters--bias_ta
pk_to_cl_gg - 4 parameters:
     bias_lens--b1
     bias_lens--b2
     bias_lens--b3
     bias_lens--b4
pk_to_cl - 0 parameters:
add_magnification - 0 parameters:
add_intrinsic - 0 parameters:
2pt_shear - 0 parameters:
2pt_gal - 0 parameters:
2pt_gal_shear - 0 parameters:
shear_m_bias - 4 parameters:
     shear_calibration_parameters--m1
     shear_calibration_parameters--m2
     shear_calibration_parameters--m3
     shear_calibration_parameters--m4
add_point_mass - 0 parameters:
2pt_like - 0 parameters:
shear_ratio_like - 0 parameters:
spt3g_d1_lensing - 7 parameters:
     candl_nuisance_parameters--acib150
     candl_nuisance_parameters--acib220
     candl_nuisance_parameters--arad150
     candl_nuisance_parameters--arad90
     candl_nuisance_parameters--atsz
     candl_nuisance_parameters--pcal_lens
     candl_nuisance_parameters--tcal_lens
Results - 0 parameters:
You manually told me in the parameter file to use module 18 as the first in the fast block
Time for full pipeline:  56.45s
Time for slow pipeline:  56.40s
Time for fast pipeline:  0.05s
Time saving: 99.91%

Based on this we have decided: 
   Slow modules (18):
        consistency
        bbn_consistency
        s8_to_sigma8
        camb
        as_to_log1e10as
        fast_pt
        fits_nz
        lens_photoz_width
        lens_photoz_bias
        source_photoz_bias
        IA
        pk_to_cl_gg
        pk_to_cl
        add_magnification
        add_intrinsic
        2pt_shear
        2pt_gal
        2pt_gal_shear
   Fast modules (5):
        shear_m_bias
        add_point_mass
        2pt_like
        shear_ratio_like
        spt3g_d1_lensing
   Slow parameters (28):
        cosmological_parameters--ombh2
        cosmological_parameters--omch2
        cosmological_parameters--h0
        cosmological_parameters--mnu
        cosmological_parameters--s_8
        cosmological_parameters--n_s
        halo_model_parameters--logt_agn
        lens_photoz_errors--width_1
        lens_photoz_errors--width_2
        lens_photoz_errors--width_3
        lens_photoz_errors--width_4
        lens_photoz_errors--bias_1
        lens_photoz_errors--bias_2
        lens_photoz_errors--bias_3
        lens_photoz_errors--bias_4
        wl_photoz_errors--bias_1
        wl_photoz_errors--bias_2
        wl_photoz_errors--bias_3
        wl_photoz_errors--bias_4
        intrinsic_alignment_parameters--a1
        intrinsic_alignment_parameters--a2
        intrinsic_alignment_parameters--alpha1
        intrinsic_alignment_parampk_to_cl took: 0.568 seconds
add_magnification took: 0.005 seconds
add_intrinsic took: 0.002 seconds
2pt_shear took: 0.090 seconds
2pt_gal took: 0.026 seconds
2pt_gal_shear took: 0.104 seconds
shear_m_bias took: 0.002 seconds
add_point_mass took: 0.000 seconds
2pt_like took: 0.020 seconds
shear_ratio_like took: 0.001 seconds
spt3g_d1_lensing took: 0.027 seconds
Total pipeline time: 57.1 seconds


Parameters first used in each module:
consistency - 5 parameters:
     cosmological_parameters--ombh2
     cosmological_parameters--omch2
     cosmological_parameters--h0
     cosmological_parameters--mnu
     cosmological_parameters--s_8
bbn_consistency - 0 parameters:
s8_to_sigma8 - 0 parameters:
camb - 2 parameters:
     cosmological_parameters--n_s
     halo_model_parameters--logt_agn
as_to_log1e10as - 0 parameters:
fast_pt - 0 parameters:
fits_nz - 0 parameters:
lens_photoz_width - 4 parameters:
     lens_photoz_errors--width_1
     lens_photoz_errors--width_2
     lens_photoz_errors--width_3
     lens_photoz_errors--width_4
lens_photoz_bias - 4 parameters:
     lens_photoz_errors--bias_1
     lens_photoz_errors--bias_2
     lens_photoz_errors--bias_3
     lens_photoz_errors--bias_4
source_photoz_bias - 4 parameters:
     wl_photoz_errors--bias_1
     wl_photoz_errors--bias_2
     wl_photoz_errors--bias_3
     wl_photoz_errors--bias_4
IA - 5 parameters:
     intrinsic_alignment_parameters--a1
     intrinsic_alignment_parameters--a2
     intrinsic_alignment_parameters--alpha1
     intrinsic_alignment_parameters--alpha2
     intrinsic_alignment_parameters--bias_ta
pk_to_cl_gg - 4 parameters:
     bias_lens--b1
     bias_lens--b2
     bias_lens--b3
     bias_lens--b4
pk_to_cl - 0 parameters:
add_magnification - 0 parameters:
add_intrinsic - 0 parameters:
2pt_shear - 0 parameters:
2pt_gal - 0 parameters:
2pt_gal_shear - 0 parameters:
shear_m_bias - 4 parameters:
     shear_calibration_parameters--m1
     shear_calibration_parameters--m2
     shear_calibration_parameters--m3
     shear_calibration_parameters--m4
add_point_mass - 0 parameters:
2pt_like - 0 parameters:
shear_ratio_like - 0 parameters:
spt3g_d1_lensing - 7 parameters:
     candl_nuisance_parameters--acib150
     candl_nuisance_parameters--acib220
     candl_nuisance_parameters--arad150
     candl_nuisance_parameters--arad90
     candl_nuisance_parameters--atsz
     candl_nuisance_parameters--pcal_lens
     candl_nuisance_parameters--tcal_lens
Results - 0 parameters:
You manually told me in the parameter file to use module 18 as the first in the fast block
Time for full pipeline:  57.13s
Time for slow pipeline:  57.08s
Time for fast pipeline:  0.05s
Time saving: 99.91%

Based on this we have decided: 
   Slow modules (18):
        consistency
        bbn_consistency
        s8_to_sigma8
        camb
        as_to_log1e10as
        fast_pt
        fits_nz
        lens_photoz_width
        lens_photoz_bias
        source_photoz_bias
        IA
        pk_to_cl_gg
        pk_to_cl
        add_magnification
        add_intrinsic
        2pt_shear
        2pt_gal
        2pt_gal_shear
   Fast modules (5):
        shear_m_bias
        add_point_mass
        2pt_like
        shear_ratio_like
        spt3g_d1_lensing
   Slow parameters (28):
        cosmological_parameters--ombh2
        cosmological_parameters--omch2
        cosmological_parameters--h0
        cosmological_parameters--mnu
        cosmological_parameters--s_8
        cosmological_parameters--n_s
        halo_model_parameters--logt_agn
        lens_photoz_errors--width_1
        lens_photoz_errors--width_2
        lens_photoz_errors--width_3
        lens_photoz_errors--width_4
        lens_photoz_errors--bias_1
        lens_photoz_errors--bias_2
        lens_photoz_errors--bias_3
        lens_photoz_errors--bias_4
        wl_photoz_errors--bias_1
        wl_photoz_errors--bias_2
        wl_photoz_errors--bias_3
        wl_photoz_errors--bias_4
        intrinsic_alignment_parameters--a1
        intrinsic_alignment_parameters--a2
        intrinsic_alignment_parameters--alpha1
        intrinsic_alignment_parampk_to_cl_gg took: 0.904 seconds
pk_to_cl took: 0.470 seconds
add_magnification took: 0.005 seconds
add_intrinsic took: 0.002 seconds
2pt_shear took: 0.090 seconds
2pt_gal took: 0.027 seconds
2pt_gal_shear took: 0.108 seconds
shear_m_bias took: 0.002 seconds
add_point_mass took: 0.000 seconds
2pt_like took: 0.018 seconds
shear_ratio_like took: 0.001 seconds
spt3g_d1_lensing took: 0.025 seconds
Total pipeline time: 56.9 seconds


Parameters first used in each module:
consistency - 5 parameters:
     cosmological_parameters--ombh2
     cosmological_parameters--omch2
     cosmological_parameters--h0
     cosmological_parameters--mnu
     cosmological_parameters--s_8
bbn_consistency - 0 parameters:
s8_to_sigma8 - 0 parameters:
camb - 2 parameters:
     cosmological_parameters--n_s
     halo_model_parameters--logt_agn
as_to_log1e10as - 0 parameters:
fast_pt - 0 parameters:
fits_nz - 0 parameters:
lens_photoz_width - 4 parameters:
     lens_photoz_errors--width_1
     lens_photoz_errors--width_2
     lens_photoz_errors--width_3
     lens_photoz_errors--width_4
lens_photoz_bias - 4 parameters:
     lens_photoz_errors--bias_1
     lens_photoz_errors--bias_2
     lens_photoz_errors--bias_3
     lens_photoz_errors--bias_4
source_photoz_bias - 4 parameters:
     wl_photoz_errors--bias_1
     wl_photoz_errors--bias_2
     wl_photoz_errors--bias_3
     wl_photoz_errors--bias_4
IA - 5 parameters:
     intrinsic_alignment_parameters--a1
     intrinsic_alignment_parameters--a2
     intrinsic_alignment_parameters--alpha1
     intrinsic_alignment_parameters--alpha2
     intrinsic_alignment_parameters--bias_ta
pk_to_cl_gg - 4 parameters:
     bias_lens--b1
     bias_lens--b2
     bias_lens--b3
     bias_lens--b4
pk_to_cl - 0 parameters:
add_magnification - 0 parameters:
add_intrinsic - 0 parameters:
2pt_shear - 0 parameters:
2pt_gal - 0 parameters:
2pt_gal_shear - 0 parameters:
shear_m_bias - 4 parameters:
     shear_calibration_parameters--m1
     shear_calibration_parameters--m2
     shear_calibration_parameters--m3
     shear_calibration_parameters--m4
add_point_mass - 0 parameters:
2pt_like - 0 parameters:
shear_ratio_like - 0 parameters:
spt3g_d1_lensing - 7 parameters:
     candl_nuisance_parameters--acib150
     candl_nuisance_parameters--acib220
     candl_nuisance_parameters--arad150
     candl_nuisance_parameters--arad90
     candl_nuisance_parameters--atsz
     candl_nuisance_parameters--pcal_lens
     candl_nuisance_parameters--tcal_lens
Results - 0 parameters:
You manually told me in the parameter file to use module 18 as the first in the fast block
Time for full pipeline:  56.95s
Time for slow pipeline:  56.90s
Time for fast pipeline:  0.05s
Time saving: 99.92%

Based on this we have decided: 
   Slow modules (18):
        consistency
        bbn_consistency
        s8_to_sigma8
        camb
        as_to_log1e10as
        fast_pt
        fits_nz
        lens_photoz_width
        lens_photoz_bias
        source_photoz_bias
        IA
        pk_to_cl_gg
        pk_to_cl
        add_magnification
        add_intrinsic
        2pt_shear
        2pt_gal
        2pt_gal_shear
   Fast modules (5):
        shear_m_bias
        add_point_mass
        2pt_like
        shear_ratio_like
        spt3g_d1_lensing
   Slow parameters (28):
        cosmological_parameters--ombh2
        cosmological_parameters--omch2
        cosmological_parameters--h0
        cosmological_parameters--mnu
        cosmological_parameters--s_8
        cosmological_parameters--n_s
        halo_model_parameters--logt_agn
        lens_photoz_errors--width_1
        lens_photoz_errors--width_2
        lens_photoz_errors--width_3
        lens_photoz_errors--width_4
        lens_photoz_errors--bias_1
        lens_photoz_errors--bias_2
        lens_photoz_errors--bias_3
        lens_photoz_errors--bias_4
        wl_photoz_errors--bias_1
        wl_photoz_errors--bias_2
        wl_photoz_errors--bias_3
        wl_photoz_errors--bias_4
        intrinsic_alignment_parameters--a1
        intrinsic_alignment_parameters--a2
        intrinsic_alignment_parameters--alpha1
 camb took: 55.056 seconds
as_to_log1e10as took: 0.000 seconds
fast_pt took: 0.088 seconds
fits_nz took: 0.000 seconds
lens_photoz_width took: 0.001 seconds
lens_photoz_bias took: 0.001 seconds
source_photoz_bias took: 0.001 seconds
IA took: 0.015 seconds
Using two grades of parameter speed in polychord.
Telling Polychord to spend fraction 0.1 if its time in the fast subspace (adjust with fast_fraction option)
Polychord num_repeats = 74  (from parameter file)
pk_to_cl took: 0.462 seconds
add_magnification took: 0.005 seconds
add_intrinsic took: 0.002 seconds
2pt_shear took: 0.108 seconds
2pt_gal took: 0.034 seconds
2pt_gal_shear took: 0.109 seconds
shear_m_bias took: 0.002 seconds
add_point_mass took: 0.000 seconds
2pt_like took: 0.017 seconds
shear_ratio_like took: 0.001 seconds
spt3g_d1_lensing took: 0.020 seconds
Total pipeline time: 56.6 seconds


Parameters first used in each module:
consistency - 5 parameters:
     cosmological_parameters--ombh2
     cosmological_parameters--omch2
     cosmological_parameters--h0
     cosmological_parameters--mnu
     cosmological_parameters--s_8
bbn_consistency - 0 parameters:
s8_to_sigma8 - 0 parameters:
camb - 2 parameters:
     cosmological_parameters--n_s
     halo_model_parameters--logt_agn
as_to_log1e10as - 0 parameters:
fast_pt - 0 parameters:
fits_nz - 0 parameters:
lens_photoz_width - 4 parameters:
     lens_photoz_errors--width_1
     lens_photoz_errors--width_2
     lens_photoz_errors--width_3
     lens_photoz_errors--width_4
lens_photoz_bias - 4 parameters:
     lens_photoz_errors--bias_1
     lens_photoz_errors--bias_2
     lens_photoz_errors--bias_3
     lens_photoz_errors--bias_4
source_photoz_bias - 4 parameters:
     wl_photoz_errors--bias_1
     wl_photoz_errors--bias_2
     wl_photoz_errors--bias_3
     wl_photoz_errors--bias_4
IA - 5 parameters:
     intrinsic_alignment_parameters--a1
     intrinsic_alignment_parameters--a2
     intrinsic_alignment_parameters--alpha1
     intrinsic_alignment_parameters--alpha2
     intrinsic_alignment_parameters--bias_ta
pk_to_cl_gg - 4 parameters:
     bias_lens--b1
     bias_lens--b2
     bias_lens--b3
     bias_lens--b4
pk_to_cl - 0 parameters:
add_magnification - 0 parameters:
add_intrinsic - 0 parameters:
2pt_shear - 0 parameters:
2pt_gal - 0 parameters:
2pt_gal_shear - 0 parameters:
shear_m_bias - 4 parameters:
     shear_calibration_parameters--m1
     shear_calibration_parameters--m2
     shear_calibration_parameters--m3
     shear_calibration_parameters--m4
add_point_mass - 0 parameters:
2pt_like - 0 parameters:
shear_ratio_like - 0 parameters:
spt3g_d1_lensing - 7 parameters:
     candl_nuisance_parameters--acib150
     candl_nuisance_parameters--acib220
     candl_nuisance_parameters--arad150
     candl_nuisance_parameters--arad90
     candl_nuisance_parameters--atsz
     candl_nuisance_parameters--pcal_lens
     candl_nuisance_parameters--tcal_lens
Results - 0 parameters:
You manually told me in the parameter file to use module 18 as the first in the fast block
Time for full pipeline:  56.61s
Time for slow pipeline:  56.57s
Time for fast pipeline:  0.04s
Time saving: 99.93%

Based on this we have decided: 
   Slow modules (18):
        consistency
        bbn_consistency
        s8_to_sigma8
        camb
        as_to_log1e10as
        fast_pt
        fits_nz
        lens_photoz_width
        lens_photoz_bias
        source_photoz_bias
        IA
        pk_to_cl_gg
        pk_to_cl
        add_magnification
        add_intrinsic
        2pt_shear
        2pt_gal
        2pt_gal_shear
   Fast modules (5):
        shear_m_bias
        add_point_mass
        2pt_like
        shear_ratio_like
        spt3g_d1_lensing
   Slow parameters (28):
        cosmological_parameters--ombh2
        cosmological_parameters--omch2
        cosmological_parameters--h0
        cosmological_parameters--mnu
        cosmological_parameters--s_8
        cosmological_parameters--n_s
        halo_model_parameters--logt_agn
        lens_photoz_errors--width_1
        lens_photoz_errors--width_2
        lens_photoz_errors--width_3
        lens_photoz_errors--width_4
        lens_photoz_errors--bias_1
        lens_photoz_errors--bias_2
        lens_photoz_errors--bias_3
        lens_photoz_errors--bias_4
        wl_photoz_errors--bias_1
        wl_photoz_errors--bias_2
        wl_photoz_errors--bias_3
        wl_photoz_errors--bias_4
        intrinsic_alignment_parameters--a1
        intrinsic_alignment_parameters--a2
        intrinsic_alignment_parameters--alpha1
        intrinsic_alignment_paramspt3g_d1_lensing took: 0.027 seconds
Total pipeline time: 57.0 seconds


Parameters first used in each module:
consistency - 5 parameters:
     cosmological_parameters--ombh2
     cosmological_parameters--omch2
     cosmological_parameters--h0
     cosmological_parameters--mnu
     cosmological_parameters--s_8
bbn_consistency - 0 parameters:
s8_to_sigma8 - 0 parameters:
camb - 2 parameters:
     cosmological_parameters--n_s
     halo_model_parameters--logt_agn
as_to_log1e10as - 0 parameters:
fast_pt - 0 parameters:
fits_nz - 0 parameters:
lens_photoz_width - 4 parameters:
     lens_photoz_errors--width_1
     lens_photoz_errors--width_2
     lens_photoz_errors--width_3
     lens_photoz_errors--width_4
lens_photoz_bias - 4 parameters:
     lens_photoz_errors--bias_1
     lens_photoz_errors--bias_2
     lens_photoz_errors--bias_3
     lens_photoz_errors--bias_4
source_photoz_bias - 4 parameters:
     wl_photoz_errors--bias_1
     wl_photoz_errors--bias_2
     wl_photoz_errors--bias_3
     wl_photoz_errors--bias_4
IA - 5 parameters:
     intrinsic_alignment_parameters--a1
     intrinsic_alignment_parameters--a2
     intrinsic_alignment_parameters--alpha1
     intrinsic_alignment_parameters--alpha2
     intrinsic_alignment_parameters--bias_ta
pk_to_cl_gg - 4 parameters:
     bias_lens--b1
     bias_lens--b2
     bias_lens--b3
     bias_lens--b4
pk_to_cl - 0 parameters:
add_magnification - 0 parameters:
add_intrinsic - 0 parameters:
2pt_shear - 0 parameters:
2pt_gal - 0 parameters:
2pt_gal_shear - 0 parameters:
shear_m_bias - 4 parameters:
     shear_calibration_parameters--m1
     shear_calibration_parameters--m2
     shear_calibration_parameters--m3
     shear_calibration_parameters--m4
add_point_mass - 0 parameters:
2pt_like - 0 parameters:
shear_ratio_like - 0 parameters:
spt3g_d1_lensing - 7 parameters:
     candl_nuisance_parameters--acib150
     candl_nuisance_parameters--acib220
     candl_nuisance_parameters--arad150
     candl_nuisance_parameters--arad90
     candl_nuisance_parameters--atsz
     candl_nuisance_parameters--pcal_lens
     candl_nuisance_parameters--tcal_lens
Results - 0 parameters:
You manually told me in the parameter file to use module 18 as the first in the fast block
Time for full pipeline:  57.01s
Time for slow pipeline:  56.97s
Time for fast pipeline:  0.05s
Time saving: 99.92%

Based on this we have decided: 
   Slow modules (18):
        consistency
        bbn_consistency
        s8_to_sigma8
        camb
        as_to_log1e10as
        fast_pt
        fits_nz
        lens_photoz_width
        lens_photoz_bias
        source_photoz_bias
        IA
        pk_to_cl_gg
        pk_to_cl
        add_magnification
        add_intrinsic
        2pt_shear
        2pt_gal
        2pt_gal_shear
   Fast modules (5):
        shear_m_bias
        add_point_mass
        2pt_like
        shear_ratio_like
        spt3g_d1_lensing
   Slow parameters (28):
        cosmological_parameters--ombh2
        cosmological_parameters--omch2
        cosmological_parameters--h0
        cosmological_parameters--mnu
        cosmological_parameters--s_8
        cosmological_parameters--n_s
        halo_model_parameters--logt_agn
        lens_photoz_errors--width_1
        lens_photoz_errors--width_2
        lens_photoz_errors--width_3
        lens_photoz_errors--width_4
        lens_photoz_errors--bias_1
        lens_photoz_errors--bias_2
        lens_photoz_errors--bias_3
        lens_photoz_errors--bias_4
        wl_photoz_errors--bias_1
        wl_photoz_errors--bias_2
        wl_photoz_errors--bias_3
        wl_photoz_errors--bias_4
        intrinsic_alignment_parameters--a1
        intrinsic_alignment_parameters--a2
        intrinsic_alignment_parameters--alpha1
        intrinsic_alignment_parameters--alpha2
        intrinsic_alignment_parameters--bias_ta
        bias_lens--b1
        bias_lens--b2
        bias_lens--b3
        bias_lens--b4
   Fast parameters (11):
        shear_calibration_parameters--m1
        shear_calibration_parameters--m2
        shear_calibration_parameters--m3
        shear_calibration_parpk_to_cl_gg took: 0.975 seconds
pk_to_cl took: 0.473 seconds
add_magnification took: 0.005 seconds
add_intrinsic took: 0.002 seconds
2pt_shear took: 0.095 seconds
2pt_gal took: 0.026 seconds
pk_to_cl_gg took: 0.905 seconds
Using two grades of parameter speed in polychord.
Telling Polychord to spend fraction 0.1 if its time in the fast subspace (adjust with fast_fraction option)
Polychord num_repeats = 74  (from parameter file)
Using two grades of parameter speed in polychord.
Telling Polychord to spend fraction 0.1 if its time in the fast subspace (adjust with fast_fraction option)
Polychord num_repeats = 74  (from parameter file)
camb took: 55.526 seconds
as_to_log1e10as took: 0.000 seconds
fast_pt took: 0.129 seconds
fits_nz took: 0.000 seconds
lens_photoz_width took: 0.001 seconds
lens_photoz_bias took: 0.001 seconds
source_photoz_bias took: 0.001 seconds
IA took: 0.026 seconds
Using two grades of parameter speed in polychord.
Telling Polychord to spend fraction 0.1 if its time in the fast subspace (adjust with fast_fraction option)
Polychord num_repeats = 74  (from parameter file)
Using two grades of parameter speed in polychord.
Telling Polychord to spend fraction 0.1 if its time in the fast subspace (adjust with fast_fraction option)
Polychord num_repeats = 74  (from parameter file)
pk_to_cl_gg took: 0.944 seconds
Using two grades of parameter speed in polychord.
Telling Polychord to spend fraction 0.1 if its time in the fast subspace (adjust with fast_fraction option)
Polychord num_repeats = 74  (from parameter file)
Using two grades of parameter speed in polychord.
Telling Polychord to spend fraction 0.1 if its time in the fast subspace (adjust with fast_fraction option)
Polychord num_repeats = 74  (from parameter file)
Using two grades of parameter speed in polychord.
Telling Polychord to spend fraction 0.1 if its time in the fast subspace (adjust with fast_fraction option)
Polychord num_repeats = 74  (from parameter file)
2pt_gal_shear took: 0.101 seconds
shear_m_bias took: 0.002 seconds
add_point_mass took: 0.000 seconds
2pt_like took: 0.020 seconds
shear_ratio_like took: 0.001 seconds
spt3g_d1_lensing took: 0.023 seconds
Total pipeline time: 56.2 seconds


Parameters first used in each module:
consistency - 5 parameters:
     cosmological_parameters--ombh2
     cosmological_parameters--omch2
     cosmological_parameters--h0
     cosmological_parameters--mnu
     cosmological_parameters--s_8
bbn_consistency - 0 parameters:
s8_to_sigma8 - 0 parameters:
camb - 2 parameters:
     cosmological_parameters--n_s
     halo_model_parameters--logt_agn
as_to_log1e10as - 0 parameters:
fast_pt - 0 parameters:
fits_nz - 0 parameters:
lens_photoz_width - 4 parameters:
     lens_photoz_errors--width_1
     lens_photoz_errors--width_2
     lens_photoz_errors--width_3
     lens_photoz_errors--width_4
lens_photoz_bias - 4 parameters:
     lens_photoz_errors--bias_1
     lens_photoz_errors--bias_2
     lens_photoz_errors--bias_3
     lens_photoz_errors--bias_4
source_photoz_bias - 4 parameters:
     wl_photoz_errors--bias_1
     wl_photoz_errors--bias_2
     wl_photoz_errors--bias_3
     wl_photoz_errors--bias_4
IA - 5 parameters:
     intrinsic_alignment_parameters--a1
     intrinsic_alignment_parameters--a2
     intrinsic_alignment_parameters--alpha1
     intrinsic_alignment_parameters--alpha2
     intrinsic_alignment_parameters--bias_ta
pk_to_cl_gg - 4 parameters:
     bias_lens--b1
     bias_lens--b2
     bias_lens--b3
     bias_lens--b4
pk_to_cl - 0 parameters:
add_magnification - 0 parameters:
add_intrinsic - 0 parameters:
2pt_shear - 0 parameters:
2pt_gal - 0 parameters:
2pt_gal_shear - 0 parameters:
shear_m_bias - 4 parameters:
     shear_calibration_parameters--m1
     shear_calibration_parameters--m2
     shear_calibration_parameters--m3
     shear_calibration_parameters--m4
add_point_mass - 0 parameters:
2pt_like - 0 parameters:
shear_ratio_like - 0 parameters:
spt3g_d1_lensing - 7 parameters:
     candl_nuisance_parameters--acib150
     candl_nuisance_parameters--acib220
     candl_nuisance_parameters--arad150
     candl_nuisance_parameters--arad90
     candl_nuisance_parameters--atsz
     candl_nuisance_parameters--pcal_lens
     candl_nuisance_parameters--tcal_lens
Results - 0 parameters:
You manually told me in the parameter file to use module 18 as the first in the fast block
Time for full pipeline:  56.17s
Time for slow pipeline:  56.12s
Time for fast pipeline:  0.05s
Time saving: 99.92%

Based on this we have decided: 
   Slow modules (18):
        consistency
        bbn_consistency
        s8_to_sigma8
        camb
        as_to_log1e10as
        fast_pt
        fits_nz
        lens_photoz_width
        lens_photoz_bias
        source_photoz_bias
        IA
        pk_to_cl_gg
        pk_to_cl
        add_magnification
        add_intrinsic
        2pt_shear
        2pt_gal
        2pt_gal_shear
   Fast modules (5):
        shear_m_bias
        add_point_mass
        2pt_like
        shear_ratio_like
        spt3g_d1_lensing
   Slow parameters (28):
        cosmological_parameters--ombh2
        cosmological_parameters--omch2
        cosmological_parameters--h0
        cosmological_parameters--mnu
        cosmological_parameters--s_8
        cosmological_parameters--n_s
        halo_model_parameters--logt_agn
        lens_photoz_errors--width_1
        lens_photoz_errors--width_2
        lens_photoz_errors--width_3
        lens_photoz_errors--width_4
        lens_photoz_errors--bias_1
        lens_photoz_errors--bias_2
        lens_photoz_errors--bias_3
        lens_photoz_errors--bias_4
        wl_photoz_errors--bias_1
        wl_photoz_errors--bias_2
        wl_photoz_errors--bias_3
        wl_photoz_errors--bias_4
        intrinsic_alignment_parameters--a1
        intrinsic_alignment_parameters--a2
        intrinsic_alignment_parameters--alpha1
        intrinsic_alignment_parameters--alpha2
        intrinsic_alignment_parameters--bias_ta
        bias_lens--b1
        bias_lens--b2
        bias_lens--b3
        bias_lens--b4
   Fast ppk_to_cl_gg took: 0.896 seconds
camb took: 55.479 seconds
as_to_log1e10as took: 0.000 seconds
fast_pt took: 0.089 seconds
fits_nz took: 0.000 seconds
lens_photoz_width took: 0.001 seconds
lens_photoz_bias took: 0.001 seconds
source_photoz_bias took: 0.001 seconds
IA took: 0.015 seconds
camb took: 55.034 seconds
as_to_log1e10as took: 0.000 seconds
fast_pt took: 0.091 seconds
fits_nz took: 0.000 seconds
lens_photoz_width took: 0.001 seconds
lens_photoz_bias took: 0.001 seconds
source_photoz_bias took: 0.001 seconds
IA took: 0.024 seconds
pk_to_cl_gg took: 0.947 seconds
pk_to_cl took: 0.467 seconds
add_magnification took: 0.005 seconds
add_intrinsic took: 0.002 seconds
2pt_shear took: 0.086 seconds
2pt_gal took: 0.025 seconds
2pt_gal_shear took: 0.105 seconds
shear_m_bias took: 0.002 seconds
add_point_mass took: 0.000 seconds
2pt_like took: 0.019 seconds
shear_ratio_like took: 0.001 seconds
spt3g_d1_lensing took: 0.024 seconds
Total pipeline time: 56.6 seconds


Parameters first used in each module:
consistency - 5 parameters:
     cosmological_parameters--ombh2
     cosmological_parameters--omch2
     cosmological_parameters--h0
     cosmological_parameters--mnu
     cosmological_parameters--s_8
bbn_consistency - 0 parameters:
s8_to_sigma8 - 0 parameters:
camb - 2 parameters:
     cosmological_parameters--n_s
     halo_model_parameters--logt_agn
as_to_log1e10as - 0 parameters:
fast_pt - 0 parameters:
fits_nz - 0 parameters:
lens_photoz_width - 4 parameters:
     lens_photoz_errors--width_1
     lens_photoz_errors--width_2
     lens_photoz_errors--width_3
     lens_photoz_errors--width_4
lens_photoz_bias - 4 parameters:
     lens_photoz_errors--bias_1
     lens_photoz_errors--bias_2
     lens_photoz_errors--bias_3
     lens_photoz_errors--bias_4
source_photoz_bias - 4 parameters:
     wl_photoz_errors--bias_1
     wl_photoz_errors--bias_2
     wl_photoz_errors--bias_3
     wl_photoz_errors--bias_4
IA - 5 parameters:
     intrinsic_alignment_parameters--a1
     intrinsic_alignment_parameters--a2
     intrinsic_alignment_parameters--alpha1
     intrinsic_alignment_parameters--alpha2
     intrinsic_alignment_parameters--bias_ta
pk_to_cl_gg - 4 parameters:
     bias_lens--b1
     bias_lens--b2
     bias_lens--b3
     bias_lens--b4
pk_to_cl - 0 parameters:
add_magnification - 0 parameters:
add_intrinsic - 0 parameters:
2pt_shear - 0 parameters:
2pt_gal - 0 parameters:
2pt_gal_shear - 0 parameters:
shear_m_bias - 4 parameters:
     shear_calibration_parameters--m1
     shear_calibration_parameters--m2
     shear_calibration_parameters--m3
     shear_calibration_parameters--m4
add_point_mass - 0 parameters:
2pt_like - 0 parameters:
shear_ratio_like - 0 parameters:
spt3g_d1_lensing - 7 parameters:
     candl_nuisance_parameters--acib150
     candl_nuisance_parameters--acib220
     candl_nuisance_parameters--arad150
     candl_nuisance_parameters--arad90
     candl_nuisance_parameters--atsz
     candl_nuisance_parameters--pcal_lens
     candl_nuisance_parameters--tcal_lens
Results - 0 parameters:
You manually told me in the parameter file to use module 18 as the first in the fast block
Time for full pipeline:  56.58s
Time for slow pipeline:  56.54s
Time for fast pipeline:  0.05s
Time saving: 99.92%

Based on this we have decided: 
   Slow modules (18):
        consistency
        bbn_consistency
        s8_to_sigma8
        camb
        as_to_log1e10as
        fast_pt
        fits_nz
        lens_photoz_width
        lens_photoz_bias
        source_photoz_bias
        IA
        pk_to_cl_gg
        pk_to_cl
        add_magnification
        add_intrinsic
        2pt_shear
        2pt_gal
        2pt_gal_shear
   Fast modules (5):
        shear_m_bias
        add_point_mass
        2pt_like
        shear_ratio_like
        spt3g_d1_lensing
   Slow parameters (28):
        cosmological_parameters--ombh2
        cosmological_parameters--omch2
        cosmological_parameters--h0
        cosmological_parameters--mnu
        cosmological_parameters--s_8
        cosmological_parameters--n_s
        halo_model_parameters--logt_agn
        lens_photoz_errors--width_1
        lens_photoz_errors--width_2
        lens_photoz_errors--width_3
        lens_photoz_errors--width_4
        lens_photoz_errors--bias_1
        lens_photoz_errors--bias_2
        lens_photoz_errors--bias_3
        lens_photoz_errors--bias_4
        wl_photoz_errors--bias_1
        wl_photoz_errors--bias_2
        wl_photoz_errors--bias_3
        wl_photoz_errors--bias_4
        intrinsic_alignment_parameters--a1
        intrinsic_alignment_parameters--a2
        intrinsic_alignment_parameters--alpha1
        intrinsic_alignment_parampk_to_cl_gg took: 0.925 seconds
Doing fast/slow parameter splitting

Analyzing pipeline to determine fast and slow parameters (because fast_slow=T in [pipeline] section)

Running pipeline once to make sure everything is initialized before timing.
eters--alpha2
        intrinsic_alignment_parameters--bias_ta
        bias_lens--b1
        bias_lens--b2
        bias_lens--b3
        bias_lens--b4
   Fast parameters (11):
        shear_calibration_parameters--m1
        shear_calibration_parameters--m2
        shear_calibration_parameters--m3
        shear_calibration_parameters--m4
        candl_nuisance_parameters--acib150
        candl_nuisance_parameters--acib220
        candl_nuisance_parameters--arad150
        candl_nuisance_parameters--arad90
        candl_nuisance_parameters--atsz
        candl_nuisance_parameters--pcal_lens
        candl_nuisance_parameters--tcal_lens


eters--alpha2
        intrinsic_alignment_parameters--bias_ta
        bias_lens--b1
        bias_lens--b2
        bias_lens--b3
        bias_lens--b4
   Fast parameters (11):
        shear_calibration_parameters--m1
        shear_calibration_parameters--m2
        shear_calibration_parameters--m3
        shear_calibration_parameters--m4
        candl_nuisance_parameters--acib150
        candl_nuisance_parameters--acib220
        candl_nuisance_parameters--arad150
        candl_nuisance_parameters--arad90
        candl_nuisance_parameters--atsz
        candl_nuisance_parameters--pcal_lens
        candl_nuisance_parameters--tcal_lens


Using two grades of parameter speed in polychord.
Telling Polychord to spend fraction 0.1 if its time in the fast subspace (adjust with fast_fraction option)
Polychord num_repeats = 74  (from parameter file)
arameters (11):
        shear_calibration_parameters--m1
        shear_calibration_parameters--m2
        shear_calibration_parameters--m3
        shear_calibration_parameters--m4
        candl_nuisance_parameters--acib150
        candl_nuisance_parameters--acib220
        candl_nuisance_parameters--arad150
        candl_nuisance_parameters--arad90
        candl_nuisance_parameters--atsz
        candl_nuisance_parameters--pcal_lens
        candl_nuisance_parameters--tcal_lens


Using two grades of parameter speed in polychord.
Telling Polychord to spend fraction 0.1 if its time in the fast subspace (adjust with fast_fraction option)
Polychord num_repeats = 74  (from parameter file)
arameters (11):
        shear_calibration_parameters--m1
        shear_calibration_parameters--m2
        shear_calibration_parameters--m3
        shear_calibration_parameters--m4
        candl_nuisance_parameters--acib150
        candl_nuisance_parameters--acib220
        candl_nuisance_parameters--arad150
        candl_nuisance_parameters--arad90
        candl_nuisance_parameters--atsz
        candl_nuisance_parameters--pcal_lens
        candl_nuisance_parameters--tcal_lens


Using two grades of parameter speed in polychord.
Telling Polychord to spend fraction 0.1 if its time in the fast subspace (adjust with fast_fraction option)
Polychord num_repeats = 74  (from parameter file)
       intrinsic_alignment_parameters--alpha2
        intrinsic_alignment_parameters--bias_ta
        bias_lens--b1
        bias_lens--b2
        bias_lens--b3
        bias_lens--b4
   Fast parameters (11):
        shear_calibration_parameters--m1
        shear_calibration_parameters--m2
        shear_calibration_parameters--m3
        shear_calibration_parameters--m4
        candl_nuisance_parameters--acib150
        candl_nuisance_parameters--acib220
        candl_nuisance_parameters--arad150
        candl_nuisance_parameters--arad90
        candl_nuisance_parameters--atsz
        candl_nuisance_parameters--pcal_lens
        candl_nuisance_parameters--tcal_lens


eters--alpha2
        intrinsic_alignment_parameters--bias_ta
        bias_lens--b1
        bias_lens--b2
        bias_lens--b3
        bias_lens--b4
   Fast parameters (11):
        shear_calibration_parameters--m1
        shear_calibration_parameters--m2
        shear_calibration_parameters--m3
        shear_calibration_parameters--m4
        candl_nuisance_parameters--acib150
        candl_nuisance_parameters--acib220
        candl_nuisance_parameters--arad150
        candl_nuisance_parameters--arad90
        candl_nuisance_parameters--atsz
        candl_nuisance_parameters--pcal_lens
        candl_nuisance_parameters--tcal_lens


Using two grades of parameter speed in polychord.
Telling Polychord to spend fraction 0.1 if its time in the fast subspace (adjust with fast_fraction option)
Polychord num_repeats = 74  (from parameter file)
eters--alpha2
        intrinsic_alignment_parameters--bias_ta
        bias_lens--b1
        bias_lens--b2
        bias_lens--b3
        bias_lens--b4
   Fast parameters (11):
        shear_calibration_parameters--m1
        shear_calibration_parameters--m2
        shear_calibration_parameters--m3
        shear_calibration_parameters--m4
        candl_nuisance_parameters--acib150
        candl_nuisance_parameters--acib220
        candl_nuisance_parameters--arad150
        candl_nuisance_parameters--arad90
        candl_nuisance_parameters--atsz
        candl_nuisance_parameters--pcal_lens
        candl_nuisance_parameters--tcal_lens


Using two grades of parameter speed in polychord.
Telling Polychord to spend fraction 0.1 if its time in the fast subspace (adjust with fast_fraction option)
Polychord num_repeats = 74  (from parameter file)
       intrinsic_alignment_parameters--alpha2
        intrinsic_alignment_parameters--bias_ta
        bias_lens--b1
        bias_lens--b2
        bias_lens--b3
        bias_lens--b4
   Fast parameters (11):
        shear_calibration_parameters--m1
        shear_calibration_parameters--m2
        shear_calibration_parameters--m3
        shear_calibration_parameters--m4
        candl_nuisance_parameters--acib150
        candl_nuisance_parameters--acib220
        candl_nuisance_parameters--arad150
        candl_nuisance_parameters--arad90
        candl_nuisance_parameters--atsz
        candl_nuisance_parameters--pcal_lens
        candl_nuisance_parameters--tcal_lens


eters--alpha2
        intrinsic_alignment_parameters--bias_ta
        bias_lens--b1
        bias_lens--b2
        bias_lens--b3
        bias_lens--b4
   Fast parameters (11):
        shear_calibration_parameters--m1
        shear_calibration_parameters--m2
        shear_calibration_parameters--m3
        shear_calibration_parameters--m4
        candl_nuisance_parameters--acib150
        candl_nuisance_parameters--acib220
        candl_nuisance_parameters--arad150
        candl_nuisance_parameters--arad90
        candl_nuisance_parameters--atsz
        candl_nuisance_parameters--pcal_lens
        candl_nuisance_parameters--tcal_lens


Using two grades of parameter speed in polychord.
Telling Polychord to spend fraction 0.1 if its time in the fast subspace (adjust with fast_fraction option)
Polychord num_repeats = 74  (from parameter file)
       intrinsic_alignment_parameters--alpha2
        intrinsic_alignment_parameters--bias_ta
        bias_lens--b1
        bias_lens--b2
        bias_lens--b3
        bias_lens--b4
   Fast parameters (11):
        shear_calibration_parameters--m1
        shear_calibration_parameters--m2
        shear_calibration_parameters--m3
        shear_calibration_parameters--m4
        candl_nuisance_parameters--acib150
        candl_nuisance_parameters--acib220
        candl_nuisance_parameters--arad150
        candl_nuisance_parameters--arad90
        candl_nuisance_parameters--atsz
        candl_nuisance_parameters--pcal_lens
        candl_nuisance_parameters--tcal_lens


eters--alpha2
        intrinsic_alignment_parameters--bias_ta
        bias_lens--b1
        bias_lens--b2
        bias_lens--b3
        bias_lens--b4
   Fast parameters (11):
        shear_calibration_parameters--m1
        shear_calibration_parameters--m2
        shear_calibration_parameters--m3
        shear_calibration_parameters--m4
        candl_nuisance_parameters--acib150
        candl_nuisance_parameters--acib220
        candl_nuisance_parameters--arad150
        candl_nuisance_parameters--arad90
        candl_nuisance_parameters--atsz
        candl_nuisance_parameters--pcal_lens
        candl_nuisance_parameters--tcal_lens


Using two grades of parameter speed in polychord.
Telling Polychord to spend fraction 0.1 if its time in the fast subspace (adjust with fast_fraction option)
Polychord num_repeats = 74  (from parameter file)
eters--alpha2
        intrinsic_alignment_parameters--bias_ta
        bias_lens--b1
        bias_lens--b2
        bias_lens--b3
        bias_lens--b4
   Fast parameters (11):
        shear_calibration_parameters--m1
        shear_calibration_parameters--m2
        shear_calibration_parameters--m3
        shear_calibration_parameters--m4
        candl_nuisance_parameters--acib150
        candl_nuisance_parameters--acib220
        candl_nuisance_parameters--arad150
        candl_nuisance_parameters--arad90
        candl_nuisance_parameters--atsz
        candl_nuisance_parameters--pcal_lens
        candl_nuisance_parameters--tcal_lens


Using two grades of parameter speed in polychord.
Telling Polychord to spend fraction 0.1 if its time in the fast subspace (adjust with fast_fraction option)
Polychord num_repeats = 74  (from parameter file)
--b2
        bias_lens--b3
        bias_lens--b4
   Fast parameters (11):
        shear_calibration_parameters--m1
        shear_calibration_parameters--m2
        shear_calibration_parameters--m3
        shear_calibration_parameters--m4
        candl_nuisance_parameters--acib150
        candl_nuisance_parameters--acib220
        candl_nuisance_parameters--arad150
        candl_nuisance_parameters--arad90
        candl_nuisance_parameters--atsz
        candl_nuisance_parameters--pcal_lens
        candl_nuisance_parameters--tcal_lens


Using two grades of parameter speed in polychord.
Telling Polychord to spend fraction 0.1 if its time in the fast subspace (adjust with fast_fraction option)
Polychord num_repeats = 74  (from parameter file)
       intrinsic_alignment_parameters--alpha2
        intrinsic_alignment_parameters--bias_ta
        bias_lens--b1
        bias_lens--b2
        bias_lens--b3
        bias_lens--b4
   Fast parameters (11):
        shear_calibration_parameters--m1
        shear_calibration_parameters--m2
        shear_calibration_parameters--m3
        shear_calibration_parameters--m4
        candl_nuisance_parameters--acib150
        candl_nuisance_parameters--acib220
        candl_nuisance_parameters--arad150
        candl_nuisance_parameters--arad90
        candl_nuisance_parameters--atsz
        candl_nuisance_parameters--pcal_lens
        candl_nuisance_parameters--tcal_lens


ameters--m4
        candl_nuisance_parameters--acib150
        candl_nuisance_parameters--acib220
        candl_nuisance_parameters--arad150
        candl_nuisance_parameters--arad90
        candl_nuisance_parameters--atsz
        candl_nuisance_parameters--pcal_lens
        candl_nuisance_parameters--tcal_lens


Using two grades of parameter speed in polychord.
Telling Polychord to spend fraction 0.1 if its time in the fast subspace (adjust with fast_fraction option)
Polychord num_repeats = 74  (from parameter file)
2pt_shear took: 0.123 seconds

IA took: 0.015 seconds
Doing fast/slow parameter splitting
2pt_like took: 0.024 seconds

Analyzing pipeline to determine fast and slow parameters (because fast_slow=T in [pipeline] section)

Running pipeline once to make sure everything is initialized before timing.

shear_ratio_like took: 0.001 seconds
Doing fast/slow parameter splitting

Analyzing pipeline to determine fast and slow parameters (because fast_slow=T in [pipeline] section)

Running pipeline once to make sure everything is initialized before timing.

spt3g_d1_lensing took: 0.032 seconds
Total pipeline time: 57.8 seconds


Parameters first used in each module:
consistency - 5 parameters:
     cosmological_parameters--ombh2
     cosmological_parameters--omch2
     cosmological_parameters--h0
     cosmological_parameters--mnu
     cosmological_parameters--s_8
bbn_consistency - 0 parameters:
s8_to_sigma8 - 0 parameters:
camb - 2 parameters:
     cosmological_parameters--n_s
     halo_model_parameters--logt_agn
as_to_log1e10as - 0 parameters:
Doing fast/slow parameter splitting

Analyzing pipeline to determine fast and slow parameters (because fast_slow=T in [pipeline] section)

Running pipeline once to make sure everything is initialized before timing.

fast_pt - 0 parameters:
fits_nz - 0 parameters:
lens_photoz_width - 4 parameters:
     lens_photoz_errors--width_1
     lens_photoz_errors--width_2
     lens_photoz_errors--width_3
     lens_photoz_errors--width_4
lens_photoz_bias - 4 parameters:
     lens_photoz_errors--bias_1
     lens_photoz_errors--bias_2
     lens_photoz_errors--bias_3
Doing fast/slow parameter splitting

Analyzing pipeline to determine fast and slow parameters (because fast_slow=T in [pipeline] section)

Running pipeline once to make sure everything is initialized before timing.

Doing fast/slow parameter splitting

Analyzing pipeline to determine fast and slow parameters (because fast_slow=T in [pipeline] section)
     lens_photoz_errors--bias_4
source_photoz_bias - 4 parameters:
     wl_photoz_errors--bias_1
     wl_photoz_errors--bias_2
     wl_photoz_errors--bias_3
     wl_photoz_errors--bias_4
IA - 5 parameters:
     intrinsic_alignment_parameters--a1
     intrinsic_alignment_parameters--a2
     intrinsic_alignment_parameters--alpha1
     intrinsic_alignment_parameters--alpha2
     intrinsic_alignment_parameters--bias_ta
pk_to_cl_gg - 4 parameters:
     bias_lens--b1
     bias_lens--b2
     bias_lens--b3
     bias_lens--b4
pk_to_cl - 0 parameters:
add_magnification - 0 parameters:
add_intrinsic - 0 parameters:
2pt_shear - 0 parameters:
2pt_gal - 0 parameters:
2pt_gal_shear - 0 parameters:
shear_m_bias - 4 parameters:
     shear_calibration_parameters--m1
     shear_calibration_parameters--m2
     shear_calibration_parameters--m3
     shear_calibration_parameters--m4
add_point_mass - 0 parameters:

Running pipeline once to make sure everything is initialized before timing.

2pt_like - 0 parameters:
shear_ratio_like - 0 parameters:
spt3g_d1_lensing - 7 parameters:
     candl_nuisance_parameters--acib150
     candl_nuisance_parameters--acib220
     candl_nuisance_parameters--arad150
     candl_nuisance_parameters--arad90
     candl_nuisance_parameters--atsz
     candl_nuisance_parameters--pcal_lens
     candl_nuisance_parameters--tcal_lens
Results - 0 parameters:
You manually told me in the parameter file to use module 18 as the first in the fast block
Time for full pipeline:  57.81s
Time for slow pipeline:  57.75s
Time for fast pipeline:  0.05s
Doing fast/slow parameter splitting

Analyzing pipeline to determine fast and slow parameters (because fast_slow=T in [pipeline] section)

Running pipeline once to make sure everything is initialized before timing.
Time saving: 99.91%

Based on this we have decided: 
   Slow modules (18):
        consistency
        bbn_consistency
        s8_to_sigma8

        camb
        as_to_log1e10as
        fast_pt
        fits_nz
        lens_photoz_width
        lens_photoz_bias
        source_photoz_bias
        IA
        pk_to_cl_gg
        pk_to_cl
        add_magnification
        add_intrinsic
        2pt_shear
        2pt_gal
Doing fast/slow parameter splitting
        2pt_gal_shear
   Fast modules (5):
        shear_m_bias
        add_point_mass
        2pt_like
        shear_ratio_like
        spt3g_d1_lensing
   Slow parameters (28):
        cosmological_parameters--ombh2
        cosmological_parameters--omch2
        cosmological_parameters--h0
        cosmological_parameters--mnu
        cosmological_parameters--s_8
        cosmological_parameters--n_s

Analyzing pipeline to determine fast and slow parameters (because fast_slow=T in [pipeline] section)
        halo_model_parameters--logt_agn
        lens_photoz_errors--width_1
        lens_photoz_errors--width_2
        lens_photoz_errors--width_3
        lens_photoz_errors--width_4
        lens_photoz_errors--bias_1
        lens_photoz_errors--bias_2
        lens_photoz_errors--bias_3
        lens_photoz_errors--bias_4
        wl_photoz_errors--bias_1
        wl_photoz_errors--bias_2
        wl_photoz_errors--bias_3
        wl_photoz_errors--bias_4
        intrinsic_alignment_parameters--a1
        intrinsic_alignment_parameters--a2

        intrinsic_alignment_parameters--alpha1
        intrinsic_alignment_parameters--alpha2
        intrinsic_alignment_parameters--bias_ta
        bias_lens--b1
        bias_lens--b2
        bias_lens--b3
        bias_lens--b4
   Fast parameters (11):
        shear_calibration_parameters--m1
        shear_calibration_parameters--m2
        shear_calibration_parameters--m3
        shear_calibration_parameters--m4
        candl_nuisance_parameters--acib150
        candl_nuisance_parameters--acib220
Running pipeline once to make sure everything is initialized before timing.
        candl_nuisance_parameters--arad150
        candl_nuisance_parameters--arad90
        candl_nuisance_parameters--atsz
        candl_nuisance_parameters--pcal_lens
        candl_nuisance_parameters--tcal_lens


2pt_gal took: 0.037 seconds

spt3g_d1_lensing took: 0.035 seconds
Total pipeline time: 58.2 seconds
Doing fast/slow parameter splitting

Analyzing pipeline to determine fast and slow parameters (because fast_slow=T in [pipeline] section)

Running pipeline once to make sure everything is initialized before timing.


Doing fast/slow parameter splitting

Analyzing pipeline to determine fast and slow parameters (because fast_slow=T in [pipeline] section)

Running pipeline once to make sure everything is initialized before timing.


Doing fast/slow parameter splitting
Parameters first used in each module:

consistency - 5 parameters:
Analyzing pipeline to determine fast and slow parameters (because fast_slow=T in [pipeline] section)
     cosmological_parameters--ombh2

Running pipeline once to make sure everything is initialized before timing.
     cosmological_parameters--omch2
     cosmological_parameters--h0

     cosmological_parameters--mnu
Doing fast/slow parameter splitting
     cosmological_parameters--s_8
Doing fast/slow parameter splitting
bbn_consistency - 0 parameters:

Analyzing pipeline to determine fast and slow parameters (because fast_slow=T in [pipeline] section)
s8_to_sigma8 - 0 parameters:

Running pipeline once to make sure everything is initialized before timing.


camb - 2 parameters:
Analyzing pipeline to determine fast and slow parameters (because fast_slow=T in [pipeline] section)
     cosmological_parameters--n_s
     halo_model_parameters--logt_agn

as_to_log1e10as - 0 parameters:
Running pipeline once to make sure everything is initialized before timing.
fast_pt - 0 parameters:

fits_nz - 0 parameters:
Doing fast/slow parameter splitting
lens_photoz_width - 4 parameters:

Analyzing pipeline to determine fast and slow parameters (because fast_slow=T in [pipeline] section)

Running pipeline once to make sure everything is initialized before timing.

     lens_photoz_errors--width_1
Doing fast/slow parameter splitting
     lens_photoz_errors--width_2

Analyzing pipeline to determine fast and slow parameters (because fast_slow=T in [pipeline] section)

Running pipeline once to make sure everything is initialized before timing.

     lens_photoz_errors--width_3
Doing fast/slow parameter splitting
     lens_photoz_errors--width_4

lens_photoz_bias - 4 parameters:
Analyzing pipeline to determine fast and slow parameters (because fast_slow=T in [pipeline] section)
     lens_photoz_errors--bias_1

     lens_photoz_errors--bias_2
Running pipeline once to make sure everything is initialized before timing.
     lens_photoz_errors--bias_3

     lens_photoz_errors--bias_4
Doing fast/slow parameter splitting

Analyzing pipeline to determine fast and slow parameters (because fast_slow=T in [pipeline] section)

Running pipeline once to make sure everything is initialized before timing.

source_photoz_bias - 4 parameters:
Doing fast/slow parameter splitting
     wl_photoz_errors--bias_1

     wl_photoz_errors--bias_2
Analyzing pipeline to determine fast and slow parameters (because fast_slow=T in [pipeline] section)
     wl_photoz_errors--bias_3

     wl_photoz_errors--bias_4
Running pipeline once to make sure everything is initialized before timing.
IA - 5 parameters:

     intrinsic_alignment_parameters--a1
Doing fast/slow parameter splitting

     intrinsic_alignment_parameters--a2
     intrinsic_alignment_parameters--alpha1
Analyzing pipeline to determine fast and slow parameters (because fast_slow=T in [pipeline] section)
     intrinsic_alignment_parameters--alpha2

     intrinsic_alignment_parameters--bias_ta
Running pipeline once to make sure everything is initialized before timing.
pk_to_cl_gg - 4 parameters:

     bias_lens--b1
Doing fast/slow parameter splitting

     bias_lens--b2
     bias_lens--b3
Analyzing pipeline to determine fast and slow parameters (because fast_slow=T in [pipeline] section)
     bias_lens--b4

pk_to_cl - 0 parameters:
Running pipeline once to make sure everything is initialized before timing.
add_magnification - 0 parameters:

add_intrinsic - 0 parameters:
Doing fast/slow parameter splitting
2pt_shear - 0 parameters:

2pt_gal - 0 parameters:
Analyzing pipeline to determine fast and slow parameters (because fast_slow=T in [pipeline] section)
2pt_gal_shear - 0 parameters:

shear_m_bias - 4 parameters:
Running pipeline once to make sure everything is initialized before timing.

     shear_calibration_parameters--m1
     shear_calibration_parameters--m2
Doing fast/slow parameter splitting

Analyzing pipeline to determine fast and slow parameters (because fast_slow=T in [pipeline] section)

Running pipeline once to make sure everything is initialized before timing.

Doing fast/slow parameter splitting
     shear_calibration_parameters--m3
     shear_calibration_parameters--m4

add_point_mass - 0 parameters:
Analyzing pipeline to determine fast and slow parameters (because fast_slow=T in [pipeline] section)

2pt_like - 0 parameters:
shear_ratio_like - 0 parameters:
Running pipeline once to make sure everything is initialized before timing.

spt3g_d1_lensing - 7 parameters:
     candl_nuisance_parameters--acib150
     candl_nuisance_parameters--acib220
     candl_nuisance_parameters--arad150
     candl_nuisance_parameters--arad90
     candl_nuisance_parameters--atsz
     candl_nuisance_parameters--pcal_lens
     candl_nuisance_parameters--tcal_lens
Results - 0 parameters:
You manually told me in the parameter file to use module 18 as the first in the fast block
Time for full pipeline:  58.24s
Time for slow pipeline:  58.18s
Time for fast pipeline:  0.06s
Time saving: 99.89%

Based on this we have decided: 
   Slow modules (18):
        consistency
        bbn_consistency
        s8_to_sigma8
        camb
        as_to_log1e10as
        fast_pt
        fits_nz
        lens_photoz_width
        lens_photoz_bias
        source_photoz_bias
        IA
        pk_to_cl_gg
        pk_to_cl
        add_magnification
        add_intrinsic
        2pt_shear
        2pt_gal
        2pt_gal_shear
   Fast modules (5):
        shear_m_bias
        add_point_mass
        2pt_like
        shear_ratio_like
        spt3g_d1_lensing
   Slow parameters (28):
        cosmological_parameters--ombh2
        cosmological_parameters--omch2
        cosmological_parameters--h0
        cosmological_parameters--mnu
        cosmological_parameters--s_8
        cosmological_parameters--n_s
        halo_model_parameters--logt_agn
        lens_photoz_errors--width_1
        lens_photoz_errors--width_2
        lens_photoz_errors--width_3
        lens_photoz_errors--width_4
        lens_photoz_errors--bias_1
        lens_photoz_errors--bias_2
        lens_photoz_errors--bias_3
        lens_photoz_errors--bias_4
        wl_photoz_errors--bias_1
        wl_photoz_errors--bias_2
        wl_photoz_errors--bias_3
        wl_photoz_errors--bias_4
        intrinsic_alignment_parameters--a1
        intrinsic_alignment_parameters--a2
        intrinsic_alignment_parameters--alpha1
        intrinsic_alignment_parameters--alpha2
        intrinsic_alignment_parameters--bias_ta
        bias_lens--b1
        bias_lens--b2
        bias_lens--b3
        bias_lens--b4
   Fast parameters (11):
        shear_calibration_parameters--m1
        shear_calibration_parameters--m2
        shear_calibration_parameters--m3
        shear_calibration_parameters--m4
        candl_nuisance_parameters--acib150
        candl_nuisance_parameters--acib220
        candl_nuisance_parameters--arad150
        candl_nuisance_parameters--arad90
        candl_nuisance_parameters--atsz
        candl_nuisance_parameters--pcal_lens
        candl_nuisance_parameters--tcal_lens


fast_pt took: 0.125 seconds
fits_nz took: 0.000 seconds
lens_photoz_width took: 0.001 seconds
lens_photoz_bias took: 0.001 seconds
source_photoz_bias took: 0.001 seconds
Using two grades of parameter speed in polychord.
Telling Polychord to spend fraction 0.1 if its time in the fast subspace (adjust with fast_fraction option)
Polychord num_repeats = 74  (from parameter file)
IA took: 0.025 seconds
camb took: 55.860 seconds
as_to_log1e10as took: 0.000 seconds
pk_to_cl took: 0.487 seconds
camb took: 54.771 seconds
as_to_log1e10as took: 0.000 seconds
add_magnification took: 0.005 seconds
add_intrinsic took: 0.002 seconds
pk_to_cl_gg took: 1.072 seconds
camb took: 54.915 seconds
as_to_log1e10as took: 0.000 seconds
camb took: 55.897 seconds
as_to_log1e10as took: 0.000 seconds
2pt_gal_shear took: 0.142 seconds
shear_m_bias took: 0.002 seconds
add_point_mass took: 0.000 seconds
camb took: 55.029 seconds
as_to_log1e10as took: 0.000 seconds
2pt_like took: 0.025 seconds
shear_ratio_like took: 0.001 seconds
pk_to_cl_gg took: 1.261 seconds
fast_pt took: 0.109 seconds
fits_nz took: 0.000 seconds
lens_photoz_width took: 0.001 seconds
lens_photoz_bias took: 0.001 seconds
source_photoz_bias took: 0.001 seconds
fast_pt took: 0.090 seconds
fits_nz took: 0.000 seconds
lens_photoz_width took: 0.001 seconds
lens_photoz_bias took: 0.001 seconds
source_photoz_bias took: 0.001 seconds
spt3g_d1_lensing took: 0.035 seconds
Total pipeline time: 58.4 seconds
2pt_shear took: 0.090 seconds
fast_pt took: 0.091 seconds
fits_nz took: 0.000 seconds
lens_photoz_width took: 0.001 seconds
lens_photoz_bias took: 0.001 seconds
source_photoz_bias took: 0.001 seconds


Parameters first used in each module:
consistency - 5 parameters:
     cosmological_parameters--ombh2
     cosmological_parameters--omch2
     cosmological_parameters--h0
     cosmological_parameters--mnu
     cosmological_parameters--s_8
bbn_consistency - 0 parameters:
s8_to_sigma8 - 0 parameters:
camb - 2 parameters:
     cosmological_parameters--n_s
     halo_model_parameters--logt_agn
as_to_log1e10as - 0 parameters:
fast_pt - 0 parameters:
fits_nz - 0 parameters:
lens_photoz_width - 4 parameters:
     lens_photoz_errors--width_1
     lens_photoz_errors--width_2
     lens_photoz_errors--width_3
     lens_photoz_errors--width_4
lens_photoz_bias - 4 parameters:
     lens_photoz_errors--bias_1
     lens_photoz_errors--bias_2
     lens_photoz_errors--bias_3
     lens_photoz_errors--bias_4
source_photoz_bias - 4 parameters:
     wl_photoz_errors--bias_1
     wl_photoz_errors--bias_2
     wl_photoz_errors--bias_3
     wl_photoz_errors--bias_4
IA - 5 parameters:
     intrinsic_alignment_parameters--a1
     intrinsic_alignment_parameters--a2
     intrinsic_alignment_parameters--alpha1
     intrinsic_alignment_parameters--alpha2
     intrinsic_alignment_parameters--bias_ta
pk_to_cl_gg - 4 parameters:
     bias_lens--b1
     bias_lens--b2
     bias_lens--b3
     bias_lens--b4
pk_to_cl - 0 parameters:
add_magnification - 0 parameters:
add_intrinsic - 0 parameters:
2pt_shear - 0 parameters:
2pt_gal - 0 parameters:
2pt_gal_shear - 0 parameters:
shear_m_bias - 4 parameters:
     shear_calibration_parameters--m1
     shear_calibration_parameters--m2
     shear_calibration_parameters--m3
     shear_calibration_parameters--m4
add_point_mass - 0 parameters:
2pt_like - 0 parameters:
shear_ratio_like - 0 parameters:
spt3g_d1_lensing - 7 parameters:
     candl_nuisance_parameters--acib150
fast_pt took: 0.090 seconds
     candl_nuisance_parameters--acib220
     candl_nuisance_parameters--arad150
     candl_nuisance_parameters--arad90
     candl_nuisance_parameters--atsz
     candl_nuisance_parameters--pcal_lens
     candl_nuisance_parameters--tcal_lens
Results - 0 parameters:
You manually told me in the parameter file to use module 18 as the first in the fast block
Time for full pipeline:  58.43s
Time for slow pipeline:  58.36s
Time for fast pipeline:  0.06s
Time saving: 99.89%

Based on this we have decided: 
   Slow modules (18):
        consistency
        bbn_consistency
        s8_to_sigma8
        camb
        as_to_log1e10as
        fast_pt
        fits_nz
        lens_photoz_width
        lens_photoz_bias
        source_photoz_bias
        IA
        pk_to_cl_gg
        pk_to_cl
        add_magnification
        add_intrinsic
        2pt_shear
        2pt_gal
        2pt_gal_shear
   Fast modules (5):
        shear_m_bias
        add_point_mass
        2pt_like
        shear_ratio_like
        spt3g_d1_lensing
   Slow parameters (28):
        cosmological_parameters--ombh2
        cosmological_parameters--omch2
fits_nz took: 0.000 seconds
        cosmological_parameters--h0
        cosmological_parameters--mnu
        cosmological_parameters--s_8
        cosmological_parameters--n_s
        halo_model_parameters--logt_agn
        lens_photoz_errors--width_1
        lens_photoz_errors--width_2
        lens_photoz_errors--width_3
        lens_photoz_errors--width_4
        lens_photoz_errors--bias_1
        lens_photoz_errors--bias_2
        lens_photoz_errors--bias_3
        lens_photoz_errors--bias_4
        wl_photoz_errors--bias_1
        wl_photoz_errors--bias_2
        wl_photoz_errors--bias_3
        wl_photoz_errors--bias_4
        intrinsic_alignment_parameters--a1
        intrinsic_alignment_parameters--a2
        intrinsic_alignment_parameters--alpha1
        intrinsic_alignment_parameters--alpha2
        intrinsic_alignment_parameters--bias_ta
        bias_lens--b1
        bias_lens--b2
        bias_lens--b3
        bias_lens--b4
   Fast parameters (11):
        shear_calibration_parameters--m1
        shear_calibration_parameters--m2
        shear_calibration_parameters--m3
        shear_calibration_parameters--m4
        candl_nuisance_parameters--acib150
        candl_nuisance_parameters--acib220
        candl_nuisance_parameters--arad150
        candl_nuisance_parameters--arad90
        candl_nuisance_parameters--atsz
        candl_nuisance_parameters--pcal_lens
        candl_nuisance_parameters--tcal_lens


lens_photoz_width took: 0.001 seconds
IA took: 0.025 seconds
lens_photoz_bias took: 0.001 seconds
source_photoz_bias took: 0.001 seconds
IA took: 0.025 seconds
2pt_gal took: 0.027 seconds
IA took: 0.015 seconds
fast_pt took: 0.092 seconds
fits_nz took: 0.000 seconds
lens_photoz_width took: 0.001 seconds
lens_photoz_bias took: 0.001 seconds
IA took: 0.016 seconds
source_photoz_bias took: 0.000 seconds
pk_to_cl_gg took: 0.922 seconds
IA took: 0.015 seconds
camb took: 55.280 seconds
as_to_log1e10as took: 0.000 seconds
pk_to_cl_gg took: 0.910 seconds
Using two grades of parameter speed in polychord.
Telling Polychord to spend fraction 0.1 if its time in the fast subspace (adjust with fast_fraction option)
Polychord num_repeats = 74  (from parameter file)
camb took: 55.275 seconds
as_to_log1e10as took: 0.000 seconds
2pt_gal_shear took: 0.104 seconds
shear_m_bias took: 0.002 seconds
add_point_mass took: 0.000 seconds
2pt_like took: 0.021 seconds
shear_ratio_like took: 0.001 seconds
pk_to_cl took: 0.639 seconds
add_magnification took: 0.006 seconds
add_intrinsic took: 0.003 seconds
fast_pt took: 0.090 seconds
fits_nz took: 0.000 seconds
lens_photoz_width took: 0.001 seconds
lens_photoz_bias took: 0.001 seconds
source_photoz_bias took: 0.001 seconds
spt3g_d1_lensing took: 0.029 seconds
Total pipeline time: 58.0 seconds
camb took: 56.321 seconds
as_to_log1e10as took: 0.000 seconds
Using two grades of parameter speed in polychord.
Telling Polychord to spend fraction 0.1 if its time in the fast subspace (adjust with fast_fraction option)
Polychord num_repeats = 74  (from parameter file)
IA took: 0.016 seconds
camb took: 55.423 seconds
as_to_log1e10as took: 0.000 seconds


Parameters first used in each module:
consistency - 5 parameters:
     cosmological_parameters--ombh2
     cosmological_parameters--omch2
     cosmological_parameters--h0
     cosmological_parameters--mnu
     cosmological_parameters--s_8
bbn_consistency - 0 parameters:
s8_to_sigma8 - 0 parameters:
camb - 2 parameters:
     cosmological_parameters--n_s
     halo_model_parameters--logt_agn
as_to_log1e10as - 0 parameters:
fast_pt - 0 parameters:
fits_nz - 0 parameters:
lens_photoz_width - 4 parameters:
     lens_photoz_errors--width_1
     lens_photoz_errors--width_2
     lens_photoz_errors--width_3
     lens_photoz_errors--width_4
lens_photoz_bias - 4 parameters:
     lens_photoz_errors--bias_1
     lens_photoz_errors--bias_2
     lens_photoz_errors--bias_3
     lens_photoz_errors--bias_4
source_photoz_bias - 4 parameters:
     wl_photoz_errors--bias_1
     wl_photoz_errors--bias_2
     wl_photoz_errors--bias_3
     wl_photoz_errors--bias_4
IA - 5 parameters:
     intrinsic_alignment_parameters--a1
     intrinsic_alignment_parameters--a2
     intrinsic_alignment_parameters--alpha1
     intrinsic_alignment_parameters--alpha2
     intrinsic_alignment_parameters--bias_ta
pk_to_cl_gg - 4 parameters:
     bias_lens--b1
     bias_lens--b2
     bias_lens--b3
     bias_lens--b4
pk_to_cl - 0 parameters:
add_magnification - 0 parameters:
add_intrinsic - 0 parameters:
2pt_shear - 0 parameters:
2pt_gal - 0 parameters:
2pt_gal_shear - 0 parameters:
shear_m_bias - 4 parameters:
     shear_calibration_parameters--m1
     shear_calibration_parameters--m2
     shear_calibration_parameters--m3
     shear_calibration_parameters--m4
add_point_mass - 0 parameters:
2pt_like - 0 parameters:
shear_ratio_like - 0 parameters:
spt3g_d1_lensing - 7 parameters:
     candl_nuisance_parameters--acib150
     candl_nuisance_parameters--acib220
     candl_nuisance_parameters--arad150
     candl_nuisance_parameters--arad90
     candl_nuisance_parameters--atsz
     candl_nuisance_parameters--pcal_lens
     candl_nuisance_parameters--tcal_lens
Results - 0 parameters:
You manually told me in the parameter file to use module 18 as the first in the fast block
Time for full pipeline:  58.02s
Time for slow pipeline:  57.97s
Time for fast pipeline:  0.05s
Time saving: 99.91%

Based on this we have decided: 
   Slow modules (18):
        consistency
        bbn_consistency
        s8_to_sigma8
        camb
        as_to_log1e10as
        fast_pt
        fits_nz
        lens_photoz_width
        lens_photoz_bias
        source_photoz_bias
        IA
        pk_to_cl_gg
        pk_to_cl
        add_magnification
        add_intrinsic
        2pt_shear
        2pt_gal
        2pt_gal_shear
   Fast modules (5):
        shear_m_bias
        add_point_mass
        2pt_like
        shear_ratio_like
        spt3g_d1_lensing
   Slow parameters (28):
        cosmological_parameters--ombh2
        cosmological_parameters--omch2
        cosmological_parameters--h0
        cosmological_parameters--mnu
        cosmological_parameters--s_8
        cosmological_parameters--n_s
        halo_model_parameters--logt_agn
        lens_photoz_errors--width_1
        lens_photoz_errors--width_2
        lens_photoz_errors--width_3
        lens_photoz_errors--width_4
        lens_photoz_errors--bias_1
        lens_photoz_errors--bias_2
        lens_photoz_errors--bias_3
        lens_photoz_errors--bias_4
        wl_photoz_errors--bias_1
        wl_photoz_errors--bias_2
        wl_photoz_errors--bias_3
        wl_photoz_errors--bias_4
        intrinsic_alignment_parameters--a1
        intrinsic_alignment_parameters--a2
        intrinsic_alignment_parameters--alpha1
        intrinsic_alignment_parameters--alpha2
        intrinsic_alignment_parameters--bias_ta
        bias_lens--b1
        bias_lens--b2
        bias_lens--b3
        bias_lens--b4
   Fast parameters (11):
        shear_calibration_parameters--m1
        shear_calibration_parameters--m2
        shear_calibration_parameters--m3
        shear_calibration_parameters--m4
        candl_nuisance_parameters--acib150
        candl_nuisance_parameters--acib220
        candl_nuisance_parameters--arad150
        candl_nuisance_parameters--arad90
        candl_nuisance_parameters--atsz
        candl_nuisance_parameters--pcal_lens
        candl_nuisance_parameters--tcal_lens


camb took: 56.622 seconds
as_to_log1e10as took: 0.000 seconds
pk_to_cl took: 0.509 seconds
add_magnification took: 0.005 seconds
fast_pt took: 0.114 seconds
fits_nz took: 0.000 seconds
add_intrinsic took: 0.002 seconds
lens_photoz_width took: 0.001 seconds
lens_photoz_bias took: 0.001 seconds
source_photoz_bias took: 0.001 seconds
IA took: 0.015 seconds
camb took: 56.711 seconds
as_to_log1e10as took: 0.000 seconds
fast_pt took: 0.091 seconds
fits_nz took: 0.000 seconds
lens_photoz_width took: 0.001 seconds
lens_photoz_bias took: 0.001 seconds
source_photoz_bias took: 0.000 seconds
2pt_shear took: 0.120 seconds
IA took: 0.025 seconds
camb took: 55.551 seconds
as_to_log1e10as took: 0.000 seconds
fast_pt took: 0.131 seconds
fits_nz took: 0.000 seconds
lens_photoz_width took: 0.001 seconds
lens_photoz_bias took: 0.001 seconds
source_photoz_bias took: 0.001 seconds
pk_to_cl took: 0.567 seconds
2pt_gal took: 0.035 seconds
add_magnification took: 0.005 seconds
add_intrinsic took: 0.002 seconds
2pt_shear took: 0.091 seconds
IA took: 0.030 seconds
pk_to_cl_gg took: 0.917 seconds
2pt_gal took: 0.027 seconds
pk_to_cl took: 0.669 seconds
Using two grades of parameter speed in polychord.
Telling Polychord to spend fraction 0.1 if its time in the fast subspace (adjust with fast_fraction option)
Polychord num_repeats = 74  (from parameter file)
fast_pt took: 0.146 seconds
fits_nz took: 0.001 seconds
add_magnification took: 0.009 seconds
lens_photoz_width took: 0.002 seconds
lens_photoz_bias took: 0.001 seconds
source_photoz_bias took: 0.001 seconds
pk_to_cl took: 0.477 seconds
add_intrinsic took: 0.005 seconds
pk_to_cl_gg took: 0.903 seconds
add_magnification took: 0.005 seconds
camb took: 53.655 seconds
as_to_log1e10as took: 0.000 seconds
add_intrinsic took: 0.002 seconds
fast_pt took: 0.133 seconds
fits_nz took: 0.000 seconds
lens_photoz_width took: 0.001 seconds
lens_photoz_bias took: 0.001 seconds
fast_pt took: 0.090 seconds
source_photoz_bias took: 0.001 seconds
fits_nz took: 0.000 seconds
lens_photoz_width took: 0.001 seconds
lens_photoz_bias took: 0.001 seconds
source_photoz_bias took: 0.001 seconds
2pt_shear took: 0.089 seconds
pk_to_cl_gg took: 1.242 seconds
IA took: 0.031 seconds
IA took: 0.026 seconds
IA took: 0.030 seconds
2pt_gal took: 0.026 seconds
Using two grades of parameter speed in polychord.
Telling Polychord to spend fraction 0.1 if its time in the fast subspace (adjust with fast_fraction option)
Polychord num_repeats = 74  (from parameter file)
2pt_gal_shear took: 0.141 seconds
shear_m_bias took: 0.002 seconds
add_point_mass took: 0.000 seconds
camb took: 54.818 seconds
as_to_log1e10as took: 0.000 seconds
2pt_gal_shear took: 0.105 seconds
shear_m_bias took: 0.002 seconds
add_point_mass took: 0.000 seconds
camb took: 56.341 seconds
as_to_log1e10as took: 0.000 seconds
2pt_shear took: 0.091 seconds
fast_pt took: 0.091 seconds
2pt_like took: 0.025 seconds
fits_nz took: 0.000 seconds
shear_ratio_like took: 0.001 seconds
lens_photoz_width took: 0.001 seconds
lens_photoz_bias took: 0.001 seconds
2pt_like took: 0.020 seconds
source_photoz_bias took: 0.001 seconds
shear_ratio_like took: 0.001 seconds
IA took: 0.016 seconds
2pt_gal took: 0.027 seconds
spt3g_d1_lensing took: 0.028 seconds
Total pipeline time: 57.9 seconds
spt3g_d1_lensing took: 0.027 seconds
Total pipeline time: 57.7 seconds
2pt_shear took: 0.128 seconds
pk_to_cl took: 0.475 seconds
add_magnification took: 0.005 seconds


Parameters first used in each module:
consistency - 5 parameters:
     cosmological_parameters--ombh2
     cosmological_parameters--omch2
     cosmological_parameters--h0
     cosmological_parameters--mnu
     cosmological_parameters--s_8
bbn_consistency - 0 parameters:
s8_to_sigma8 - 0 parameters:
camb - 2 parameters:
     cosmological_parameters--n_s
     halo_model_parameters--logt_agn
as_to_log1e10as - 0 parameters:
fast_pt - 0 parameters:
fits_nz - 0 parameters:
lens_photoz_width - 4 parameters:
     lens_photoz_errors--width_1
     lens_photoz_errors--width_2
     lens_photoz_errors--width_3
     lens_photoz_errors--width_4
lens_photoz_bias - 4 parameters:
     lens_photoz_errors--bias_1
     lens_photoz_errors--bias_2
     lens_photoz_errors--bias_3
     lens_photoz_errors--bias_4
source_photoz_bias - 4 parameters:
     wl_photoz_errors--bias_1
     wl_photoz_errors--bias_2
     wl_photoz_errors--bias_3
     wl_photoz_errors--bias_4
IA - 5 parameters:
     intrinsic_alignment_parameters--a1
     intrinsic_alignment_parameters--a2
     intrinsic_alignment_parameters--alpha1
     intrinsic_alignment_parameters--alpha2
     intrinsic_alignment_parameters--bias_ta
pk_to_cl_gg - 4 parameters:
     bias_lens--b1
     bias_lens--b2
     bias_lens--b3
     bias_lens--b4
pk_to_cl - 0 parameters:
add_magnification - 0 parameters:
add_intrinsic - 0 parameters:
2pt_shear - 0 parameters:
2pt_gal - 0 parameters:
2pt_gal_shear - 0 parameters:
shear_m_bias - 4 parameters:
     shear_calibration_parameters--m1
     shear_calibration_parameters--m2
     shear_calibration_parameters--m3
     shear_calibration_parameters--m4
add_point_mass - 0 parameters:
2pt_like - 0 parameters:
shear_ratio_like - 0 parameters:
spt3g_d1_lensing - 7 parameters:
     candl_nuisance_parameters--acib150
     candl_nuisance_parameters--acib220
     candl_nuisance_parameters--arad150
     candl_nuisance_parameters--arad90
     candl_nuisance_parameters--atsz
     candl_nuisance_parameters--pcal_lens
     candl_nuisance_parameters--tcal_lens
Results - 0 parameters:
You manually told me in the parameter file to use module 18 as the first in the fast block
Time for full pipeline:  57.89s
Time for slow pipeline:  57.83s
Time for fast pipeline:  0.06s
Time saving: 99.90%

Based on this we have decided: 
   Slow modules (18):
        consistency
        bbn_consistency
        s8_to_sigma8
        camb
        as_to_log1e10as
        fast_pt
        fits_nz
        lens_photoz_width
        lens_photoz_bias
        source_photoz_bias
        IA
        pk_to_cl_gg
        pk_to_cl
        add_magnification
        add_intrinsic
        2pt_shear
        2pt_gal
        2pt_gal_shear
   Fast modules (5):
        shear_m_bias
        add_point_mass


Parameters first used in each module:
consistency - 5 parameters:
     cosmological_parameters--ombh2
     cosmological_parameters--omch2
     cosmological_parameters--h0
     cosmological_parameters--mnu
     cosmological_parameters--s_8
bbn_consistency - 0 parameters:
s8_to_sigma8 - 0 parameters:
camb - 2 parameters:
     cosmological_parameters--n_s
     halo_model_parameters--logt_agn
as_to_log1e10as - 0 parameters:
fast_pt - 0 parameters:
fits_nz - 0 parameters:
lens_photoz_width - 4 parameters:
     lens_photoz_errors--width_1
     lens_photoz_errors--width_2
     lens_photoz_errors--width_3
     lens_photoz_errors--width_4
lens_photoz_bias - 4 parameters:
     lens_photoz_errors--bias_1
     lens_photoz_errors--bias_2
     lens_photoz_errors--bias_3
        2pt_like
        shear_ratio_like
        spt3g_d1_lensing
   Slow parameters (28):
        cosmological_parameters--ombh2
        cosmological_parameters--omch2
        cosmological_parameters--h0
        cosmological_parameters--mnu
        cosmological_parameters--s_8
        cosmological_parameters--n_s
        halo_model_parameters--logt_agn
        lens_photoz_errors--width_1
        lens_photoz_errors--width_2
        lens_photoz_errors--width_3
        lens_photoz_errors--width_4
        lens_photoz_errors--bias_1
        lens_photoz_errors--bias_2
        lens_photoz_errors--bias_3
        lens_photoz_errors--bias_4
        wl_photoz_errors--bias_1
        wl_photoz_errors--bias_2
        wl_photoz_errors--bias_3
        wl_photoz_errors--bias_4
        intrinsic_alignment_parameters--a1
        intrinsic_alignment_parameters--a2
        intrinsic_alignment_parameters--alpha1
        intrinsic_alignment_parameters--alpha2
        intrinsic_alignment_parameters--bias_ta
        bias_lens--b1
        bias_lens--b2
        bias_lens--b3
        bias_lens--b4
   Fast parameters (11):
        shear_calibration_parameters--m1
        shear_calibration_parameters--m2
        shear_calibration_parameters--m3
        shear_calibration_parameters--m4
        candl_nuisance_parameters--acib150
        candl_nuisance_parameters--acib220
        candl_nuisance_parameters--arad150
        candl_nuisance_parameters--arad90
     lens_photoz_errors--bias_4
source_photoz_bias - 4 parameters:
     wl_photoz_errors--bias_1
     wl_photoz_errors--bias_2
     wl_photoz_errors--bias_3
     wl_photoz_errors--bias_4
IA - 5 parameters:
     intrinsic_alignment_parameters--a1
     intrinsic_alignment_parameters--a2
     intrinsic_alignment_parameters--alpha1
     intrinsic_alignment_parameters--alpha2
     intrinsic_alignment_parameters--bias_ta
pk_to_cl_gg - 4 parameters:
     bias_lens--b1
     bias_lens--b2
     bias_lens--b3
     bias_lens--b4
pk_to_cl - 0 parameters:
add_magnification - 0 parameters:
add_intrinsic - 0 parameters:
2pt_shear - 0 parameters:
2pt_gal - 0 parameters:
2pt_gal_shear - 0 parameters:
shear_m_bias - 4 parameters:
     shear_calibration_parameters--m1
     shear_calibration_parameters--m2
        candl_nuisance_parameters--atsz
        candl_nuisance_parameters--pcal_lens
        candl_nuisance_parameters--tcal_lens


     shear_calibration_parameters--m3
     shear_calibration_parameters--m4
add_point_mass - 0 parameters:
2pt_like - 0 parameters:
shear_ratio_like - 0 parameters:
spt3g_d1_lensing - 7 parameters:
     candl_nuisance_parameters--acib150
     candl_nuisance_parameters--acib220
     candl_nuisance_parameters--arad150
     candl_nuisance_parameters--arad90
     candl_nuisance_parameters--atsz
     candl_nuisance_parameters--pcal_lens
     candl_nuisance_parameters--tcal_lens
Results - 0 parameters:
You manually told me in the parameter file to use module 18 as the first in the fast block
Time for full pipeline:  57.73s
Time for slow pipeline:  57.68s
Time for fast pipeline:  0.05s
Time saving: 99.91%

Based on this we have decided: 
   Slow modules (18):
        consistency
        bbn_consistency
        s8_to_sigma8
        camb
        as_to_log1e10as
        fast_pt
        fits_nz
        lens_photoz_width
        lens_photoz_bias
        source_photoz_bias
        IA
        pk_to_cl_gg
        pk_to_cl
        add_magnification
        add_intrinsic
        2pt_shear
        2pt_gal
        2pt_gal_shear
   Fast modules (5):
        shear_m_bias
        add_point_mass
        2pt_like
        shear_ratio_like
        spt3g_d1_lensing
   Slow parameters (28):
        cosmological_parameters--ombh2
        cosmological_parameters--omch2
        cosmological_parameters--h0
        cosmological_parameters--mnu
        cosmological_parameters--s_8
        cosmological_parameters--n_s
        halo_model_parameters--logt_agn
        lens_photoz_errors--width_1
        lens_photoz_errors--width_2
        lens_photoz_errors--width_3
        lens_photoz_errors--width_4
        lens_photoz_errors--bias_1
        lens_photoz_errors--bias_2
        lens_photoz_errors--bias_3
        lens_photoz_errors--bias_4
        wl_photoz_errors--bias_1
        wl_photoz_errors--bias_2
        wl_photoz_errors--bias_3
        wl_photoz_errors--bias_4
        intrinsic_alignment_parameters--a1
        intrinsic_alignment_parameters--a2
        intrinsic_alignment_parameters--alpha1
        intrinsic_alignment_parameters--alpha2
        intrinsic_alignment_parameters--bias_ta
        bias_lens--b1
        bias_lens--b2
        bias_lens--b3
        bias_lens--b4
   Fast parameters (11):
        shear_calibration_parameters--m1
        shear_calibration_parameters--m2
        shear_calibration_parameters--m3
        shear_calibration_parameters--m4
        candl_nuisance_parameters--acib150
        candl_nuisance_parameters--acib220
        candl_nuisance_parameters--arad150
        candl_nuisance_parameters--arad90
        candl_nuisance_parameters--atsz
        candl_nuisance_parameters--pcal_lens
        candl_nuisance_parameters--tcal_lens


add_intrinsic took: 0.002 seconds
pk_to_cl_gg took: 0.979 seconds
2pt_gal_shear took: 0.106 seconds
shear_m_bias took: 0.002 seconds
add_point_mass took: 0.000 seconds
fast_pt took: 0.090 seconds
fits_nz took: 0.000 seconds
2pt_gal took: 0.037 seconds
lens_photoz_width took: 0.001 seconds
lens_photoz_bias took: 0.001 seconds
source_photoz_bias took: 0.001 seconds
2pt_like took: 0.019 seconds
shear_ratio_like took: 0.001 seconds
IA took: 0.025 seconds
pk_to_cl took: 0.482 seconds
add_magnification took: 0.005 seconds
add_intrinsic took: 0.002 seconds
spt3g_d1_lensing took: 0.023 seconds
Total pipeline time: 56.5 seconds


Parameters first used in each module:
consistency - 5 parameters:
     cosmological_parameters--ombh2
     cosmological_parameters--omch2
     cosmological_parameters--h0
     cosmological_parameters--mnu
     cosmological_parameters--s_8
bbn_consistency - 0 parameters:
s8_to_sigma8 - 0 parameters:
camb - 2 parameters:
     cosmological_parameters--n_s
     halo_model_parameters--logt_agn
as_to_log1e10as - 0 parameters:
fast_pt - 0 parameters:
fits_nz - 0 parameters:
lens_photoz_width - 4 parameters:
     lens_photoz_errors--width_1
     lens_photoz_errors--width_2
     lens_photoz_errors--width_3
     lens_photoz_errors--width_4
lens_photoz_bias - 4 parameters:
     lens_photoz_errors--bias_1
     lens_photoz_errors--bias_2
     lens_photoz_errors--bias_3
     lens_photoz_errors--bias_4
source_photoz_bias - 4 parameters:
     wl_photoz_errors--bias_1
     wl_photoz_errors--bias_2
     wl_photoz_errors--bias_3
     wl_photoz_errors--bias_4
IA - 5 parameters:
     intrinsic_alignment_parameters--a1
     intrinsic_alignment_parameters--a2
     intrinsic_alignment_parameters--alpha1
     intrinsic_alignment_parameters--alpha2
     intrinsic_alignment_parameters--bias_ta
pk_to_cl_gg - 4 parameters:
     bias_lens--b1
     bias_lens--b2
     bias_lens--b3
     bias_lens--b4
pk_to_cl - 0 parameters:
add_magnification - 0 parameters:
add_intrinsic - 0 parameters:
2pt_shear - 0 parameters:
2pt_gal - 0 parameters:
2pt_gal_shear - 0 parameters:
shear_m_bias - 4 parameters:
     shear_calibration_parameters--m1
     shear_calibration_parameters--m2
     shear_calibration_parameters--m3
     shear_calibration_parameters--m4
add_point_mass - 0 parameters:
2pt_like - 0 parameters:
shear_ratio_like - 0 parameters:
spt3g_d1_lensing - 7 parameters:
     candl_nuisance_parameters--acib150
     candl_nuisance_parameters--acib220
     candl_nuisance_parameters--arad150
     candl_nuisance_parameters--arad90
     candl_nuisance_parameters--atsz
     candl_nuisance_parameters--pcal_lens
     candl_nuisance_parameters--tcal_lens
Results - 0 parameters:
You manually told me in the parameter file to use module 18 as the first in the fast block
Time for full pipeline:  56.48s
Time for slow pipeline:  56.43s
fast_pt took: 0.128 seconds
Time for fast pipeline:  0.05s
Time saving: 99.92%

Based on this we have decided: 
   Slow modules (18):
        consistency
        bbn_consistency
        s8_to_sigma8
        camb
        as_to_log1e10as
        fast_pt
        fits_nz
        lens_photoz_width
        lens_photoz_bias
        source_photoz_bias
        IA
        pk_to_cl_gg
        pk_to_cl
        add_magnification
        add_intrinsic
        2pt_shear
        2pt_gal
        2pt_gal_shear
   Fast modules (5):
        shear_m_bias
        add_point_mass
        2pt_like
        shear_ratio_like
        spt3g_d1_lensing
   Slow parameters (28):
        cosmological_parameters--ombh2
        cosmological_parameters--omch2
        cosmological_parameters--h0
        cosmological_parameters--mnu
        cosmological_parameters--s_8
        cosmological_parameters--n_s
        halo_model_parameters--logt_agn
        lens_photoz_errors--width_1
        lens_photoz_errors--width_2
        lens_photoz_errors--width_3
        lens_photoz_errors--width_4
        lens_photoz_errors--bias_1
        lens_photoz_errors--bias_2
        lens_photoz_errors--bias_3
        lens_photoz_errors--bias_4
        wl_photoz_errors--bias_1
        wl_photoz_errors--bias_2
        wl_photoz_errors--bias_3
        wl_photoz_errors--bias_4
        intrinsic_alignment_parameters--a1
        intrinsic_alignment_parameters--a2
        intrinsic_alignment_parameters--alpha1
        intrinsic_alignment_parameters--alpha2
        intrinsic_alignment_parameters--bias_ta
        bias_lens--b1
        bias_lens--b2
        bias_lens--b3
        bias_lens--b4
   Fast parameters (11):
        shear_calibration_parameters--m1
        shear_calibration_parameters--m2
        shear_calibration_parameters--m3
        shear_calibration_parameters--m4
        candl_nuisance_parameters--acib150
        candl_nuisance_parameters--acib220
        candl_nuisance_parameters--arad150
        candl_nuisance_parameters--arad90
        candl_nuisance_parameters--atsz
        candl_nuisance_parameters--pcal_lens
        candl_nuisance_parameters--tcal_lens


fits_nz took: 0.000 seconds
lens_photoz_width took: 0.001 seconds
lens_photoz_bias took: 0.001 seconds
source_photoz_bias took: 0.001 seconds
camb took: 55.982 seconds
as_to_log1e10as took: 0.000 seconds
camb took: 55.829 seconds
as_to_log1e10as took: 0.000 seconds
2pt_gal_shear took: 0.105 seconds
2pt_shear took: 0.091 seconds
shear_m_bias took: 0.002 seconds
add_point_mass took: 0.000 seconds
IA took: 0.018 seconds
pk_to_cl took: 0.654 seconds
add_magnification took: 0.007 seconds
add_intrinsic took: 0.003 seconds
2pt_like took: 0.020 seconds
shear_ratio_like took: 0.001 seconds
2pt_gal took: 0.027 seconds
spt3g_d1_lensing took: 0.025 seconds
Total pipeline time: 57.9 seconds


Parameters first used in each module:
consistency - 5 parameters:
     cosmological_parameters--ombh2
     cosmological_parameters--omch2
     cosmological_parameters--h0
     cosmological_parameters--mnu
     cosmological_parameters--s_8
bbn_consistency - 0 parameters:
s8_to_sigma8 - 0 parameters:
camb - 2 parameters:
     cosmological_parameters--n_s
     halo_model_parameters--logt_agn
as_to_log1e10as - 0 parameters:
fast_pt - 0 parameters:
fits_nz - 0 parameters:
lens_photoz_width - 4 parameters:
     lens_photoz_errors--width_1
     lens_photoz_errors--width_2
     lens_photoz_errors--width_3
     lens_photoz_errors--width_4
lens_photoz_bias - 4 parameters:
     lens_photoz_errors--bias_1
     lens_photoz_errors--bias_2
     lens_photoz_errors--bias_3
     lens_photoz_errors--bias_4
source_photoz_bias - 4 parameters:
     wl_photoz_errors--bias_1
     wl_photoz_errors--bias_2
     wl_photoz_errors--bias_3
     wl_photoz_errors--bias_4
IA - 5 parameters:
     intrinsic_alignment_parameters--a1
     intrinsic_alignment_parameters--a2
     intrinsic_alignment_parameters--alpha1
     intrinsic_alignment_parameters--alpha2
     intrinsic_alignment_parameters--bias_ta
pk_to_cl_gg - 4 parameters:
     bias_lens--b1
     bias_lens--b2
     bias_lens--b3
     bias_lens--b4
pk_to_cl - 0 parameters:
add_magnification - 0 parameters:
add_intrinsic - 0 parameters:
2pt_shear - 0 parameters:
2pt_gal - 0 parameters:
2pt_gal_shear - 0 parameters:
shear_m_bias - 4 parameters:
     shear_calibration_parameters--m1
     shear_calibration_parameters--m2
     shear_calibration_parameters--m3
     shear_calibration_parameters--m4
add_point_mass - 0 parameters:
2pt_like - 0 parameters:
shear_ratio_like - 0 parameters:
spt3g_d1_lensing - 7 parameters:
     candl_nuisance_parameters--acib150
     candl_nuisance_parameters--acib220
     candl_nuisance_parameters--arad150
     candl_nuisance_parameters--arad90
     candl_nuisance_parameters--atsz
     candl_nuisance_parameters--pcal_lens
     candl_nuisance_parameters--tcal_lens
Results - 0 parameters:
You manually told me in the parameter file to use module 18 as the first in the fast block
Time for full pipeline:  57.93s
Time for slow pipeline:  57.88s
Time for fast pipeline:  0.05s
Time saving: 99.92%

Based on this we have decided: 
   Slow modules (18):
        consistency
        bbn_consistency
        s8_to_sigma8
        camb
        as_to_log1e10as
        fast_pt
        fits_nz
        lens_photoz_width
        lens_photoz_bias
        source_photoz_bias
        IA
        pk_to_cl_gg
        pk_to_cl
        add_magnification
        add_intrinsic
        2pt_shear
        2pt_gal
        2pt_gal_shear
   Fast modules (5):
        shear_m_bias
        add_point_mass
        2pt_like
        shear_ratio_like
        spt3g_d1_lensing
   Slow parameters (28):
        cosmological_parameters--ombh2
        cosmological_parameters--omch2
        cosmological_parameters--h0
        cosmological_parameters--mnu
        cosmological_parameters--s_8
        cosmological_parameters--n_s
        halo_model_parameters--logt_agn
        lens_photoz_errors--width_1
        lens_photoz_errors--width_2
        lens_photoz_errors--width_3
        lens_photoz_errors--width_4
        lens_photoz_errors--bias_1
        lens_photoz_errors--bias_2
        lens_photoz_errors--bias_3
        lens_photoz_errors--bias_4
        wl_photoz_errors--bias_1
        wl_photoz_errors--bias_2
        wl_photoz_errors--bias_3
        wl_photoz_errors--bias_4
        intrinsic_alignment_parameters--a1
        intrinsic_alignment_parameters--a2
        intrinsic_alignment_parameters--alpha1
        intrinsic_alignment_parameters--alpha2
        intrinsic_alignment_parameters--bias_ta
        bias_lens--b1
        bias_lens--b2
        bias_lens--b3
        bias_lens--b4
   Fast parameters (11):
        shear_calibration_parameters--m1
        shear_calibration_parameters--m2
        shear_calibration_parameters--m3
        shear_calibration_parameters--m4
        candl_nuisance_parameters--acib150
        candl_nuisance_parameters--acib220
        candl_nuisance_parameters--arad150
        candl_nuisance_parameters--arad90
        candl_nuisance_parameters--atsz
        candl_nuisance_parameters--pcal_lens
        candl_nuisance_parameters--tcal_lens


pk_to_cl_gg took: 0.925 seconds
2pt_shear took: 0.090 seconds
fast_pt took: 0.090 seconds
fits_nz took: 0.000 seconds
lens_photoz_width took: 0.001 seconds
lens_photoz_bias took: 0.001 seconds
source_photoz_bias took: 0.001 seconds
2pt_gal_shear took: 0.147 seconds
shear_m_bias took: 0.003 seconds
add_point_mass took: 0.000 seconds
2pt_gal took: 0.027 seconds
IA took: 0.015 seconds
2pt_like took: 0.030 seconds
shear_ratio_like took: 0.001 seconds
fast_pt took: 0.129 seconds
fits_nz took: 0.000 seconds
lens_photoz_width took: 0.001 seconds
lens_photoz_bias took: 0.001 seconds
source_photoz_bias took: 0.001 seconds
2pt_gal_shear took: 0.105 seconds
shear_m_bias took: 0.002 seconds
add_point_mass took: 0.000 seconds
2pt_shear took: 0.122 seconds
IA took: 0.018 seconds
spt3g_d1_lensing took: 0.036 seconds
Total pipeline time: 58.8 seconds
2pt_like took: 0.020 seconds
shear_ratio_like took: 0.001 seconds
camb took: 54.965 seconds
as_to_log1e10as took: 0.000 seconds


Parameters first used in each module:
consistency - 5 parameters:
     cosmological_parameters--ombh2
     cosmological_parameters--omch2
     cosmological_parameters--h0
     cosmological_parameters--mnu
     cosmological_parameters--s_8
bbn_consistency - 0 parameters:
s8_to_sigma8 - 0 parameters:
camb - 2 parameters:
     cosmological_parameters--n_s
     halo_model_parameters--logt_agn
as_to_log1e10as - 0 parameters:
fast_pt - 0 parameters:
fits_nz - 0 parameters:
lens_photoz_width - 4 parameters:
     lens_photoz_errors--width_1
     lens_photoz_errors--width_2
     lens_photoz_errors--width_3
     lens_photoz_errors--width_4
lens_photoz_bias - 4 parameters:
     lens_photoz_errors--bias_1
     lens_photoz_errors--bias_2
     lens_photoz_errors--bias_3
     lens_photoz_errors--bias_4
source_photoz_bias - 4 parameters:
     wl_photoz_errors--bias_1
     wl_photoz_errors--bias_2
     wl_photoz_errors--bias_3
     wl_photoz_errors--bias_4
IA - 5 parameters:
     intrinsic_alignment_parameters--a1
     intrinsic_alignment_parameters--a2
     intrinsic_alignment_parameters--alpha1
     intrinsic_alignment_parameters--alpha2
     intrinsic_alignment_parameters--bias_ta
pk_to_cl_gg - 4 parameters:
     bias_lens--b1
     bias_lens--b2
     bias_lens--b3
     bias_lens--b4
pk_to_cl - 0 parameters:
add_magnification - 0 parameters:
add_intrinsic - 0 parameters:
2pt_shear - 0 parameters:
2pt_gal - 0 parameters:
2pt_gal_shear - 0 parameters:
shear_m_bias - 4 parameters:
     shear_calibration_parameters--m1
     shear_calibration_parameters--m2
     shear_calibration_parameters--m3
     shear_calibration_parameters--m4
add_point_mass - 0 parameters:
2pt_like - 0 parameters:
shear_ratio_like - 0 parameters:
spt3g_d1_lensing - 7 parameters:
     candl_nuisance_parameters--acib150
     candl_nuisance_parameters--acib220
     candl_nuisance_parameters--arad150
     candl_nuisance_parameters--arad90
     candl_nuisance_parameters--atsz
     candl_nuisance_parameters--pcal_lens
     candl_nuisance_parameters--tcal_lens
Results - 0 parameters:
You manually told me in the parameter file to use module 18 as the first in the fast block
Time for full pipeline:  58.83s
Time for slow pipeline:  58.76s
Time for fast pipeline:  0.07s
Time saving: 99.88%

Based on this we have decided: 
   Slow modules (18):
        consistency
        bbn_consistency
        s8_to_sigma8
        camb
        as_to_log1e10as
        fast_pt
        fits_nz
        lens_photoz_width
        lens_photoz_bias
        source_photoz_bias
        IA
        pk_to_cl_gg
        pk_to_cl
        add_magnification
        add_intrinsic
        2pt_shear
        2pt_gal
        2pt_gal_shear
   Fast modules (5):
        shear_m_bias
        add_point_mass
        2pt_like
        shear_ratio_like
        spt3g_d1_lensing
   Slow parameters (28):
        cosmological_parameters--ombh2
        cosmological_parameters--omch2
        cosmological_parameters--h0
        cosmological_parameters--mnu
        cosmological_parameters--s_8
        cosmological_parameters--n_s
        halo_model_parameters--logt_agn
        lens_photoz_errors--width_1
        lens_photoz_errors--width_2
        lens_photoz_errors--width_3
        lens_photoz_errors--width_4
        lens_photoz_errors--bias_1
        lens_photoz_errors--bias_2
        lens_photoz_errors--bias_3
        lens_photoz_errors--bias_4
        wl_photoz_errors--bias_1
        wl_photoz_errors--bias_2
        wl_photoz_errors--bias_3
        wl_photoz_errors--bias_4
        intrinsic_alignment_parameters--a1
        intrinsic_alignment_parameters--a2
        intrinsic_alignment_parameters--alpha1
        intrinsic_alignment_parameters--alpha2
        intrinsic_alignment_parameters--bias_ta
        bias_lens--b1
        bias_lens--b2
        bias_lens--b3
        bias_lens--b4
   Fast parameters (11):
        shear_calibration_parameters--m1
        shear_calibration_parameters--m2
        shear_calibration_parameters--m3
        shear_calibration_parameters--m4
        candl_nuisance_parameters--acib150
        candl_nuisance_parameters--acib220
        candl_nuisance_parameters--arad150
        candl_nuisance_parameters--arad90
        candl_nuisance_parameters--atsz
        candl_nuisance_parameters--pcal_lens
        candl_nuisance_parameters--tcal_lens


Using two grades of parameter speed in polychord.
Telling Polychord to spend fraction 0.1 if its time in the fast subspace (adjust with fast_fraction option)
Polychord num_repeats = 74  (from parameter file)
2pt_gal took: 0.036 seconds
spt3g_d1_lensing took: 0.025 seconds
Total pipeline time: 57.3 seconds
Using two grades of parameter speed in polychord.
Telling Polychord to spend fraction 0.1 if its time in the fast subspace (adjust with fast_fraction option)
Polychord num_repeats = 74  (from parameter file)
pk_to_cl_gg took: 0.930 seconds


Parameters first used in each module:
consistency - 5 parameters:
     cosmological_parameters--ombh2
     cosmological_parameters--omch2
     cosmological_parameters--h0
     cosmological_parameters--mnu
     cosmological_parameters--s_8
bbn_consistency - 0 parameters:
s8_to_sigma8 - 0 parameters:
camb - 2 parameters:
     cosmological_parameters--n_s
     halo_model_parameters--logt_agn
as_to_log1e10as - 0 parameters:
fast_pt - 0 parameters:
fits_nz - 0 parameters:
lens_photoz_width - 4 parameters:
     lens_photoz_errors--width_1
     lens_photoz_errors--width_2
     lens_photoz_errors--width_3
     lens_photoz_errors--width_4
lens_photoz_bias - 4 parameters:
     lens_photoz_errors--bias_1
     lens_photoz_errors--bias_2
     lens_photoz_errors--bias_3
     lens_photoz_errors--bias_4
source_photoz_bias - 4 parameters:
     wl_photoz_errors--bias_1
     wl_photoz_errors--bias_2
     wl_photoz_errors--bias_3
     wl_photoz_errors--bias_4
IA - 5 parameters:
     intrinsic_alignment_parameters--a1
     intrinsic_alignment_parameters--a2
     intrinsic_alignment_parameters--alpha1
     intrinsic_alignment_parameters--alpha2
     intrinsic_alignment_parameters--bias_ta
pk_to_cl_gg - 4 parameters:
     bias_lens--b1
     bias_lens--b2
     bias_lens--b3
     bias_lens--b4
pk_to_cl - 0 parameters:
add_magnification - 0 parameters:
add_intrinsic - 0 parameters:
2pt_shear - 0 parameters:
2pt_gal - 0 parameters:
2pt_gal_shear - 0 parameters:
shear_m_bias - 4 parameters:
     shear_calibration_parameters--m1
     shear_calibration_parameters--m2
     shear_calibration_parameters--m3
     shear_calibration_parameters--m4
add_point_mass - 0 parameters:
2pt_like - 0 parameters:
shear_ratio_like - 0 parameters:
spt3g_d1_lensing - 7 parameters:
     candl_nuisance_parameters--acib150
     candl_nuisance_parameters--acib220
     candl_nuisance_parameters--arad150
     candl_nuisance_parameters--arad90
     candl_nuisance_parameters--atsz
     candl_nuisance_parameters--pcal_lens
     candl_nuisance_parameters--tcal_lens
Results - 0 parameters:
You manually told me in the parameter file to use module 18 as the first in the fast block
Time for full pipeline:  57.34s
Time for slow pipeline:  57.29s
Time for fast pipeline:  0.05s
Time saving: 99.92%

Based on this we have decided: 
   Slow modules (18):
        consistency
        bbn_consistency
        s8_to_sigma8
        camb
        as_to_log1e10as
        fast_pt
        fits_nz
        lens_photoz_width
        lens_photoz_bias
        source_photoz_bias
        IA
        pk_to_cl_gg
        pk_to_cl
        add_magnification
        add_intrinsic
        2pt_shear
        2pt_gal
        2pt_gal_shear
   Fast modules (5):
        shear_m_bias
        add_point_mass
        2pt_like
        shear_ratio_like
        spt3g_d1_lensing
   Slow parameters (28):
        cosmological_parameters--ombh2
        cosmological_parameters--omch2
        cosmological_parameters--h0
        cosmological_parameters--mnu
        cosmological_parameters--s_8
        cosmological_parameters--n_s
        halo_model_parameters--logt_agn
        lens_photoz_errors--width_1
        lens_photoz_errors--width_2
        lens_photoz_errors--width_3
        lens_photoz_errors--width_4
        lens_photoz_errors--bias_1
        lens_photoz_errors--bias_2
        lens_photoz_errors--bias_3
        lens_photoz_errors--bias_4
        wl_photoz_errors--bias_1
        wl_photoz_errors--bias_2
        wl_photoz_errors--bias_3
        wl_photoz_errors--bias_4
        intrinsic_alignment_parameters--a1
        intrinsic_alignment_parameters--a2
        intrinsic_alignment_parameters--alpha1
        intrinsic_alignment_parameters--alpha2
        intrinsic_alignment_parameters--bias_ta
        bias_lens--b1
        bias_lens--b2
        bias_lens--b3
        bias_lens--b4
   Fast parameters (11):
        shear_calibration_parameters--m1
        shear_calibration_parameters--m2
        shear_calibration_parameters--m3
        shear_calibration_parameters--m4
        candl_nuisance_parameters--acib150
        candl_nuisance_parameters--acib220
        candl_nuisance_parameters--arad150
        candl_nuisance_parameters--arad90
        candl_nuisance_parameters--atsz
        candl_nuisance_parameters--pcal_lens
        candl_nuisance_parameters--tcal_lens


pk_to_cl_gg took: 1.179 seconds
2pt_gal_shear took: 0.119 seconds
shear_m_bias took: 0.002 seconds
add_point_mass took: 0.000 seconds
2pt_like took: 0.018 seconds
shear_ratio_like took: 0.001 seconds
pk_to_cl took: 0.495 seconds
add_magnification took: 0.008 seconds
add_intrinsic took: 0.004 seconds
Using two grades of parameter speed in polychord.
Telling Polychord to spend fraction 0.1 if its time in the fast subspace (adjust with fast_fraction option)
Polychord num_repeats = 74  (from parameter file)
fast_pt took: 0.098 seconds
fits_nz took: 0.000 seconds
lens_photoz_width took: 0.001 seconds
lens_photoz_bias took: 0.001 seconds
source_photoz_bias took: 0.001 seconds
pk_to_cl_gg took: 1.250 seconds
spt3g_d1_lensing took: 0.036 seconds
Total pipeline time: 56.5 seconds
IA took: 0.015 seconds


Parameters first used in each module:
consistency - 5 parameters:
     cosmological_parameters--ombh2
     cosmological_parameters--omch2
     cosmological_parameters--h0
     cosmological_parameters--mnu
     cosmological_parameters--s_8
bbn_consistency - 0 parameters:
s8_to_sigma8 - 0 parameters:
camb - 2 parameters:
     cosmological_parameters--n_s
     halo_model_parameters--logt_agn
as_to_log1e10as - 0 parameters:
fast_pt - 0 parameters:
fits_nz - 0 parameters:
lens_photoz_width - 4 parameters:
     lens_photoz_errors--width_1
     lens_photoz_errors--width_2
     lens_photoz_errors--width_3
     lens_photoz_errors--width_4
lens_photoz_bias - 4 parameters:
     lens_photoz_errors--bias_1
     lens_photoz_errors--bias_2
     lens_photoz_errors--bias_3
     lens_photoz_errors--bias_4
source_photoz_bias - 4 parameters:
     wl_photoz_errors--bias_1
     wl_photoz_errors--bias_2
     wl_photoz_errors--bias_3
     wl_photoz_errors--bias_4
IA - 5 parameters:
     intrinsic_alignment_parameters--a1
     intrinsic_alignment_parameters--a2
     intrinsic_alignment_parameters--alpha1
     intrinsic_alignment_parameters--alpha2
     intrinsic_alignment_parameters--bias_ta
pk_to_cl_gg - 4 parameters:
     bias_lens--b1
     bias_lens--b2
     bias_lens--b3
     bias_lens--b4
pk_to_cl - 0 parameters:
add_magnification - 0 parameters:
add_intrinsic - 0 parameters:
2pt_shear - 0 parameters:
2pt_gal - 0 parameters:
2pt_gal_shear - 0 parameters:
shear_m_bias - 4 parameters:
     shear_calibration_parameters--m1
     shear_calibration_parameters--m2
     shear_calibration_parameters--m3
     shear_calibration_parameters--m4
add_point_mass - 0 parameters:
2pt_like - 0 parameters:
shear_ratio_like - 0 parameters:
spt3g_d1_lensing - 7 parameters:
     candl_nuisance_parameters--acib150
     candl_nuisance_parameters--acib220
     candl_nuisance_parameters--arad150
     candl_nuisance_parameters--arad90
     candl_nuisance_parameters--atsz
     candl_nuisance_parameters--pcal_lens
     candl_nuisance_parameters--tcal_lens
Results - 0 parameters:
You manually told me in the parameter file to use module 18 as the first in the fast block
Time for full pipeline:  56.54s
Time for slow pipeline:  56.49s
Time for fast pipeline:  0.06s
Time saving: 99.90%

Based on this we have decided: 
   Slow modules (18):
        consistency
        bbn_consistency
        s8_to_sigma8
        camb
        as_to_log1e10as
        fast_pt
        fits_nz
        lens_photoz_width
        lens_photoz_bias
        source_photoz_bias
        IA
        pk_to_cl_gg
        pk_to_cl
        add_magnification
        add_intrinsic
        2pt_shear
        2pt_gal
        2pt_gal_shear
   Fast modules (5):
        shear_m_bias
        add_point_mass
        2pt_like
        shear_ratio_like
        spt3g_d1_lensing
   Slow parameters (28):
        cosmological_parameters--ombh2
        cosmological_parameters--omch2
        cosmological_parameters--h0
        cosmological_parameters--mnu
        cosmological_parameters--s_8
        cosmological_parameters--n_s
        halo_model_parameters--logt_agn
        lens_photoz_errors--width_1
        lens_photoz_errors--width_2
        lens_photoz_errors--width_3
        lens_photoz_errors--width_4
        lens_photoz_errors--bias_1
        lens_photoz_errors--bias_2
        lens_photoz_errors--bias_3
        lens_photoz_errors--bias_4
        wl_photoz_errors--bias_1
        wl_photoz_errors--bias_2
        wl_photoz_errors--bias_3
        wl_photoz_errors--bias_4
        intrinsic_alignment_parameters--a1
        intrinsic_alignment_parameters--a2
        intrinsic_alignment_parameters--alpha1
        intrinsic_alignment_parameters--alpha2
        intrinsic_alignment_parameters--bias_ta
        bias_lens--b1
        bias_lens--b2
        bias_lens--b3
        bias_lens--b4
   Fast parameters (11):
        shear_calibration_parameters--m1
        shear_calibration_parameters--m2
        shear_calibration_parameters--m3
        shear_calibration_parameters--m4
        candl_nuisance_parameters--acib150
        candl_nuisance_parameters--acib220
        candl_nuisance_parameters--arad150
        candl_nuisance_parameters--arad90
        candl_nuisance_parameters--atsz
        candl_nuisance_parameters--pcal_lens
        candl_nuisance_parameters--tcal_lens


pk_to_cl took: 0.485 seconds
pk_to_cl took: 0.517 seconds
add_magnification took: 0.005 seconds
add_intrinsic took: 0.002 seconds
add_magnification took: 0.005 seconds
add_intrinsic took: 0.002 seconds
pk_to_cl_gg took: 0.897 seconds
Using two grades of parameter speed in polychord.
Telling Polychord to spend fraction 0.1 if its time in the fast subspace (adjust with fast_fraction option)
Polychord num_repeats = 74  (from parameter file)
pk_to_cl_gg took: 0.908 seconds
2pt_gal_shear took: 0.143 seconds
shear_m_bias took: 0.002 seconds
add_point_mass took: 0.000 seconds
2pt_like took: 0.025 seconds
shear_ratio_like took: 0.001 seconds
pk_to_cl_gg took: 0.919 seconds
2pt_shear took: 0.113 seconds
pk_to_cl_gg took: 0.974 seconds
spt3g_d1_lensing took: 0.032 seconds
Total pipeline time: 58.2 seconds
2pt_shear took: 0.092 seconds
2pt_gal took: 0.027 seconds
2pt_shear took: 0.091 seconds
pk_to_cl took: 0.476 seconds


Parameters first used in each module:
consistency - 5 parameters:
     cosmological_parameters--ombh2
     cosmological_parameters--omch2
     cosmological_parameters--h0
     cosmological_parameters--mnu
     cosmological_parameters--s_8
bbn_consistency - 0 parameters:
s8_to_sigma8 - 0 parameters:
camb - 2 parameters:
     cosmological_parameters--n_s
     halo_model_parameters--logt_agn
as_to_log1e10as - 0 parameters:
fast_pt - 0 parameters:
fits_nz - 0 parameters:
lens_photoz_width - 4 parameters:
     lens_photoz_errors--width_1
     lens_photoz_errors--width_2
     lens_photoz_errors--width_3
     lens_photoz_errors--width_4
lens_photoz_bias - 4 parameters:
     lens_photoz_errors--bias_1
     lens_photoz_errors--bias_2
     lens_photoz_errors--bias_3
     lens_photoz_errors--bias_4
source_photoz_bias - 4 parameters:
     wl_photoz_errors--bias_1
     wl_photoz_errors--bias_2
     wl_photoz_errors--bias_3
     wl_photoz_errors--bias_4
IA - 5 parameters:
     intrinsic_alignment_parameters--a1
     intrinsic_alignment_parameters--a2
     intrinsic_alignment_parameters--alpha1
     intrinsic_alignment_parameters--alpha2
     intrinsic_alignment_parameters--bias_ta
pk_to_cl_gg - 4 parameters:
     bias_lens--b1
     bias_lens--b2
     bias_lens--b3
     bias_lens--b4
pk_to_cl - 0 parameters:
add_magnification - 0 parameters:
add_intrinsic - 0 parameters:
2pt_shear - 0 parameters:
2pt_gal - 0 parameters:
2pt_gal_shear - 0 parameters:
shear_m_bias - 4 parameters:
     shear_calibration_parameters--m1
     shear_calibration_parameters--m2
     shear_calibration_parameters--m3
     shear_calibration_parameters--m4
add_point_mass - 0 parameters:
2pt_like - 0 parameters:
shear_ratio_like - 0 parameters:
spt3g_d1_lensing - 7 parameters:
     candl_nuisance_parameters--acib150
     candl_nuisance_parameters--acib220
     candl_nuisance_parameters--arad150
     candl_nuisance_parameters--arad90
     candl_nuisance_parameters--atsz
     candl_nuisance_parameters--pcal_lens
     candl_nuisance_parameters--tcal_lens
Results - 0 parameters:
You manually told me in the parameter file to use module 18 as the first in the fast block
Time for full pipeline:  58.19s
Time for slow pipeline:  58.13s
Time for fast pipeline:  0.06s
Time saving: 99.90%

Based on this we have decided: 
   Slow modules (18):
        consistency
        bbn_consistency
        s8_to_sigma8
        camb
        as_to_log1e10as
        fast_pt
        fits_nz
        lens_photoz_width
        lens_photoz_bias
        source_photoz_bias
        IA
        pk_to_cl_gg
        pk_to_cl
        add_magnification
        add_intrinsic
        2pt_shear
        2pt_gal
        2pt_gal_shear
   Fast modules (5):
        shear_m_bias
        add_point_mass
        2pt_like
        shear_ratio_like
        spt3g_d1_lensing
   Slow parameters (28):
        cosmological_parameters--ombh2
        cosmological_parameters--omch2
        cosmological_parameters--h0
        cosmological_parameters--mnu
        cosmological_parameters--s_8
        cosmological_parameters--n_s
        halo_model_parameters--logt_agn
        lens_photoz_errors--width_1
        lens_photoz_errors--width_2
        lens_photoz_errors--width_3
        lens_photoz_errors--width_4
        lens_photoz_errors--bias_1
        lens_photoz_errors--bias_2
        lens_photoz_errors--bias_3
        lens_photoz_errors--bias_4
        wl_photoz_errors--bias_1
        wl_photoz_errors--bias_2
        wl_photoz_errors--bias_3
        wl_photoz_errors--bias_4
        intrinsic_alignment_parameters--a1
        intrinsic_alignment_parameters--a2
        intrinsic_alignment_parameters--alpha1
        intrinsic_alignment_parameters--alpha2
        intrinsic_alignment_parameters--bias_ta
        bias_lens--b1
        bias_lens--b2
        bias_lens--b3
        bias_lens--b4
   Fast parameters (11):
        shear_calibration_parameters--m1
        shear_calibration_parameters--m2
        shear_calibration_parameters--m3
        shear_calibration_parameters--m4
        candl_nuisance_parameters--acib150
        candl_nuisance_parameters--acib220
        candl_nuisance_parameters--arad150
        candl_nuisance_parameters--arad90
        candl_nuisance_parameters--atsz
        candl_nuisance_parameters--pcal_lens
        candl_nuisance_parameters--tcal_lens


add_magnification took: 0.005 seconds
add_intrinsic took: 0.002 seconds
2pt_gal took: 0.027 seconds
2pt_gal took: 0.026 seconds
pk_to_cl_gg took: 1.063 seconds
pk_to_cl_gg took: 0.897 seconds
Using two grades of parameter speed in polychord.
Telling Polychord to spend fraction 0.1 if its time in the fast subspace (adjust with fast_fraction option)
Polychord num_repeats = 74  (from parameter file)
2pt_shear took: 0.090 seconds
2pt_gal_shear took: 0.105 seconds
shear_m_bias took: 0.002 seconds
add_point_mass took: 0.000 seconds
2pt_like took: 0.020 seconds
shear_ratio_like took: 0.001 seconds
2pt_gal took: 0.027 seconds
2pt_gal_shear took: 0.105 seconds
shear_m_bias took: 0.002 seconds
add_point_mass took: 0.000 seconds
2pt_gal_shear took: 0.113 seconds
shear_m_bias took: 0.002 seconds
add_point_mass took: 0.000 seconds
spt3g_d1_lensing took: 0.025 seconds
Total pipeline time: 57.2 seconds
camb took: 55.256 seconds
as_to_log1e10as took: 0.000 seconds
2pt_like took: 0.020 seconds
shear_ratio_like took: 0.001 seconds
Using two grades of parameter speed in polychord.
Telling Polychord to spend fraction 0.1 if its time in the fast subspace (adjust with fast_fraction option)
Polychord num_repeats = 74  (from parameter file)


Parameters first used in each module:
consistency - 5 parameters:
     cosmological_parameters--ombh2
     cosmological_parameters--omch2
     cosmological_parameters--h0
     cosmological_parameters--mnu
     cosmological_parameters--s_8
bbn_consistency - 0 parameters:
s8_to_sigma8 - 0 parameters:
camb - 2 parameters:
     cosmological_parameters--n_s
     halo_model_parameters--logt_agn
as_to_log1e10as - 0 parameters:
fast_pt - 0 parameters:
fits_nz - 0 parameters:
lens_photoz_width - 4 parameters:
     lens_photoz_errors--width_1
     lens_photoz_errors--width_2
     lens_photoz_errors--width_3
     lens_photoz_errors--width_4
lens_photoz_bias - 4 parameters:
     lens_photoz_errors--bias_1
     lens_photoz_errors--bias_2
     lens_photoz_errors--bias_3
     lens_photoz_errors--bias_4
source_photoz_bias - 4 parameters:
     wl_photoz_errors--bias_1
     wl_photoz_errors--bias_2
     wl_photoz_errors--bias_3
     wl_photoz_errors--bias_4
IA - 5 parameters:
     intrinsic_alignment_parameters--a1
     intrinsic_alignment_parameters--a2
     intrinsic_alignment_parameters--alpha1
     intrinsic_alignment_parameters--alpha2
     intrinsic_alignment_parameters--bias_ta
pk_to_cl_gg - 4 parameters:
     bias_lens--b1
     bias_lens--b2
     bias_lens--b3
     bias_lens--b4
pk_to_cl - 0 parameters:
add_magnification - 0 parameters:
add_intrinsic - 0 parameters:
2pt_shear - 0 parameters:
2pt_gal - 0 parameters:
2pt_gal_shear - 0 parameters:
shear_m_bias - 4 parameters:
     shear_calibration_parameters--m1
     shear_calibration_parameters--m2
     shear_calibration_parameters--m3
     shear_calibration_parameters--m4
add_point_mass - 0 parameters:
2pt_like - 0 parameters:
shear_ratio_like - 0 parameters:
spt3g_d1_lensing - 7 parameters:
     candl_nuisance_parameters--acib150
     candl_nuisance_parameters--acib220
     candl_nuisance_parameters--arad150
     candl_nuisance_parameters--arad90
     candl_nuisance_parameters--atsz
     candl_nuisance_parameters--pcal_lens
     candl_nuisance_parameters--tcal_lens
Results - 0 parameters:
You manually told me in the parameter file to use module 18 as the first in the fast block
Time for full pipeline:  57.19s
Time for slow pipeline:  57.14s
Time for fast pipeline:  0.05s
Time saving: 99.92%

Based on this we have decided: 
   Slow modules (18):
        consistency
        bbn_consistency
        s8_to_sigma8
        camb
        as_to_log1e10as
        fast_pt
        fits_nz
        lens_photoz_width
        lens_photoz_bias
        source_photoz_bias
        IA
        pk_to_cl_gg
        pk_to_cl
        add_magnification
        add_intrinsic
        2pt_shear
        2pt_gal
        2pt_gal_shear
   Fast modules (5):
        shear_m_bias
        add_point_mass
        2pt_like
        shear_ratio_like
        spt3g_d1_lensing
   Slow parameters (28):
        cosmological_parameters--ombh2
        cosmological_parameters--omch2
        cosmological_parameters--h0
        cosmological_parameters--mnu
        cosmological_parameters--s_8
        cosmological_parameters--n_s
        halo_model_parameters--logt_agn
        lens_photoz_errors--width_1
        lens_photoz_errors--width_2
        lens_photoz_errors--width_3
        lens_photoz_errors--width_4
        lens_photoz_errors--bias_1
        lens_photoz_errors--bias_2
        lens_photoz_errors--bias_3
        lens_photoz_errors--bias_4
        wl_photoz_errors--bias_1
        wl_photoz_errors--bias_2
        wl_photoz_errors--bias_3
        wl_photoz_errors--bias_4
        intrinsic_alignment_parameters--a1
        intrinsic_alignment_parameters--a2
        intrinsic_alignment_parameters--alpha1
        intrinsic_alignment_parameters--alpha2
        intrinsic_alignment_parameters--bias_ta
        bias_lens--b1
        bias_lens--b2
        bias_lens--b3
        bias_lens--b4
   Fast parameters (11):
        shear_calibration_parameters--m1
        shear_calibration_parameters--m2
        shear_calibration_parameters--m3
        shear_calibration_parameters--m4
        candl_nuisance_parameters--acib150
        candl_nuisance_parameters--acib220
        candl_nuisance_parameters--arad150
        candl_nuisance_parameters--arad90
        candl_nuisance_parameters--atsz
        candl_nuisance_parameters--pcal_lens
        candl_nuisance_parameters--tcal_lens


Using two grades of parameter speed in polychord.
Telling Polychord to spend fraction 0.1 if its time in the fast subspace (adjust with fast_fraction option)
pk_to_cl took: 0.488 seconds
Polychord num_repeats = 74  (from parameter file)
2pt_like took: 0.022 seconds
shear_ratio_like took: 0.001 seconds
add_magnification took: 0.005 seconds
add_intrinsic took: 0.003 seconds
pk_to_cl_gg took: 0.919 seconds
spt3g_d1_lensing took: 0.025 seconds
Total pipeline time: 58.2 seconds


Parameters first used in each module:
consistency - 5 parameters:
     cosmological_parameters--ombh2
     cosmological_parameters--omch2
     cosmological_parameters--h0
     cosmological_parameters--mnu
     cosmological_parameters--s_8
bbn_consistency - 0 parameters:
s8_to_sigma8 - 0 parameters:
camb - 2 parameters:
     cosmological_parameters--n_s
     halo_model_parameters--logt_agn
as_to_log1e10as - 0 parameters:
fast_pt - 0 parameters:
fits_nz - 0 parameters:
lens_photoz_width - 4 parameters:
     lens_photoz_errors--width_1
     lens_photoz_errors--width_2
     lens_photoz_errors--width_3
     lens_photoz_errors--width_4
lens_photoz_bias - 4 parameters:
     lens_photoz_errors--bias_1
     lens_photoz_errors--bias_2
     lens_photoz_errors--bias_3
     lens_photoz_errors--bias_4
source_photoz_bias - 4 parameters:
     wl_photoz_errors--bias_1
     wl_photoz_errors--bias_2
     wl_photoz_errors--bias_3
     wl_photoz_errors--bias_4
IA - 5 parameters:
     intrinsic_alignment_parameters--a1
     intrinsic_alignment_parameters--a2
     intrinsic_alignment_parameters--alpha1
     intrinsic_alignment_parameters--alpha2
     intrinsic_alignment_parameters--bias_ta
pk_to_cl_gg - 4 parameters:
     bias_lens--b1
     bias_lens--b2
     bias_lens--b3
     bias_lens--b4
pk_to_cl - 0 parameters:
add_magnification - 0 parameters:
add_intrinsic - 0 parameters:
2pt_shear - 0 parameters:
2pt_gal - 0 parameters:
2pt_gal_shear - 0 parameters:
shear_m_bias - 4 parameters:
     shear_calibration_parameters--m1
     shear_calibration_parameters--m2
     shear_calibration_parameters--m3
     shear_calibration_parameters--m4
add_point_mass - 0 parameters:
2pt_like - 0 parameters:
shear_ratio_like - 0 parameters:
spt3g_d1_lensing - 7 parameters:
     candl_nuisance_parameters--acib150
     candl_nuisance_parameters--acib220
     candl_nuisance_parameters--arad150
     candl_nuisance_parameters--arad90
     candl_nuisance_parameters--atsz
     candl_nuisance_parameters--pcal_lens
     candl_nuisance_parameters--tcal_lens
Results - 0 parameters:
You manually told me in the parameter file to use module 18 as the first in the fast block
Time for full pipeline:  58.20s
Time for slow pipeline:  58.15s
Time for fast pipeline:  0.05s
Time saving: 99.92%

Based on this we have decided: 
   Slow modules (18):
        consistency
        bbn_consistency
        s8_to_sigma8
        camb
        as_to_log1e10as
        fast_pt
        fits_nz
        lens_photoz_width
        lens_photoz_bias
        source_photoz_bias
        IA
        pk_to_cl_gg
        pk_to_cl
        add_magnification
        add_intrinsic
        2pt_shear
        2pt_gal
        2pt_gal_shear
   Fast modules (5):
        shear_m_bias
        add_point_mass
        2pt_like
        shear_ratio_like
        spt3g_d1_lensing
   Slow parameters (28):
        cosmological_parameters--ombh2
        cosmological_parameters--omch2
        cosmological_parameters--h0
        cosmological_parameters--mnu
        cosmological_parameters--s_8
        cosmological_parameters--n_s
        halo_model_parameters--logt_agn
        lens_photoz_errors--width_1
        lens_photoz_errors--width_2
        lens_photoz_errors--width_3
        lens_photoz_errors--width_4
        lens_photoz_errors--bias_1
        lens_photoz_errors--bias_2
        lens_photoz_errors--bias_3
        lens_photoz_errors--bias_4
        wl_photoz_errors--bias_1
        wl_photoz_errors--bias_2
        wl_photoz_errors--bias_3
        wl_photoz_errors--bias_4
        intrinsic_alignment_parameters--a1
        intrinsic_alignment_parameters--a2
        intrinsic_alignment_parameters--alpha1
        intrinsic_alignment_parameters--alpha2
        intrinsic_alignment_parameters--bias_ta
        bias_lens--b1
        bias_lens--b2
        bias_lens--b3
        bias_lens--b4
   Fast parameters (11):
        shear_calibration_parameters--m1
        shear_calibration_parameters--m2
        shear_calibration_parameters--m3
        shear_calibration_parameters--m4
        candl_nuisance_parameters--acib150
        candl_nuisance_parameters--acib220
        candl_nuisance_parameters--arad150
        candl_nuisance_parameters--arad90
        candl_nuisance_parameters--atsz
        candl_nuisance_parameters--pcal_lens
        candl_nuisance_parameters--tcal_lens


spt3g_d1_lensing took: 0.032 seconds
Total pipeline time: 57.7 seconds
pk_to_cl_gg took: 0.898 seconds


Parameters first used in each module:
consistency - 5 parameters:
     cosmological_parameters--ombh2
     cosmological_parameters--omch2
     cosmological_parameters--h0
     cosmological_parameters--mnu
     cosmological_parameters--s_8
bbn_consistency - 0 parameters:
s8_to_sigma8 - 0 parameters:
camb - 2 parameters:
     cosmological_parameters--n_s
     halo_model_parameters--logt_agn
as_to_log1e10as - 0 parameters:
fast_pt - 0 parameters:
fits_nz - 0 parameters:
lens_photoz_width - 4 parameters:
     lens_photoz_errors--width_1
     lens_photoz_errors--width_2
     lens_photoz_errors--width_3
     lens_photoz_errors--width_4
lens_photoz_bias - 4 parameters:
     lens_photoz_errors--bias_1
     lens_photoz_errors--bias_2
     lens_photoz_errors--bias_3
     lens_photoz_errors--bias_4
source_photoz_bias - 4 parameters:
     wl_photoz_errors--bias_1
     wl_photoz_errors--bias_2
     wl_photoz_errors--bias_3
     wl_photoz_errors--bias_4
IA - 5 parameters:
     intrinsic_alignment_parameters--a1
     intrinsic_alignment_parameters--a2
     intrinsic_alignment_parameters--alpha1
     intrinsic_alignment_parameters--alpha2
     intrinsic_alignment_parameters--bias_ta
pk_to_cl_gg - 4 parameters:
     bias_lens--b1
     bias_lens--b2
     bias_lens--b3
     bias_lens--b4
pk_to_cl - 0 parameters:
add_magnification - 0 parameters:
add_intrinsic - 0 parameters:
2pt_shear - 0 parameters:
2pt_gal - 0 parameters:
2pt_gal_shear - 0 parameters:
shear_m_bias - 4 parameters:
     shear_calibration_parameters--m1
     shear_calibration_parameters--m2
     shear_calibration_parameters--m3
     shear_calibration_parameters--m4
add_point_mass - 0 parameters:
2pt_like - 0 parameters:
shear_ratio_like - 0 parameters:
spt3g_d1_lensing - 7 parameters:
     candl_nuisance_parameters--acib150
     candl_nuisance_parameters--acib220
     candl_nuisance_parameters--arad150
     candl_nuisance_parameters--arad90
     candl_nuisance_parameters--atsz
     candl_nuisance_parameters--pcal_lens
     candl_nuisance_parameters--tcal_lens
Results - 0 parameters:
You manually told me in the parameter file to use module 18 as the first in the fast block
Time for full pipeline:  57.71s
Time for slow pipeline:  57.65s
Time for fast pipeline:  0.06s
Time saving: 99.90%

Based on this we have decided: 
   Slow modules (18):
        consistency
        bbn_consistency
        s8_to_sigma8
        camb
        as_to_log1e10as
        fast_pt
        fits_nz
        lens_photoz_width
        lens_photoz_bias
        source_photoz_bias
        IA
        pk_to_cl_gg
        pk_to_cl
        add_magnification
        add_intrinsic
        2pt_shear
        2pt_gal
        2pt_gal_shear
   Fast modules (5):
        shear_m_bias
        add_point_mass
        2pt_like
        shear_ratio_like
        spt3g_d1_lensing
   Slow parameters (28):
        cosmological_parameters--ombh2
        cosmological_parameters--omch2
        cosmological_parameters--h0
        cosmological_parameters--mnu
        cosmological_parameters--s_8
        cosmological_parameters--n_s
        halo_model_parameters--logt_agn
        lens_photoz_errors--width_1
        lens_photoz_errors--width_2
        lens_photoz_errors--width_3
        lens_photoz_errors--width_4
        lens_photoz_errors--bias_1
        lens_photoz_errors--bias_2
        lens_photoz_errors--bias_3
        lens_photoz_errors--bias_4
        wl_photoz_errors--bias_1
        wl_photoz_errors--bias_2
        wl_photoz_errors--bias_3
        wl_photoz_errors--bias_4
        intrinsic_alignment_parameters--a1
        intrinsic_alignment_parameters--a2
        intrinsic_alignment_parameters--alpha1
        intrinsic_alignment_parameters--alpha2
        intrinsic_alignment_parameters--bias_ta
        bias_lens--b1
        bias_lens--b2
        bias_lens--b3
        bias_lens--b4
   Fast parameters (11):
        shear_calibration_parameters--m1
        shear_calibration_parameters--m2
        shear_calibration_parameters--m3
        shear_calibration_parameters--m4
        candl_nuisance_parameters--acib150
        candl_nuisance_parameters--acib220
        candl_nuisance_parameters--arad150
        candl_nuisance_parameters--arad90
        candl_nuisance_parameters--atsz
        candl_nuisance_parameters--pcal_lens
        candl_nuisance_parameters--tcal_lens


2pt_gal_shear took: 0.105 seconds
shear_m_bias took: 0.002 seconds
add_point_mass took: 0.000 seconds
fast_pt took: 0.090 seconds
fits_nz took: 0.000 seconds
lens_photoz_width took: 0.001 seconds
lens_photoz_bias took: 0.001 seconds
source_photoz_bias took: 0.000 seconds
camb took: 55.009 seconds
as_to_log1e10as took: 0.000 seconds
2pt_like took: 0.021 seconds
shear_ratio_like took: 0.001 seconds
2pt_shear took: 0.094 seconds
IA took: 0.028 seconds
spt3g_d1_lensing took: 0.024 seconds
Total pipeline time: 56.6 seconds
pk_to_cl took: 0.484 seconds
add_magnification took: 0.005 seconds
pk_to_cl took: 0.478 seconds
add_intrinsic took: 0.002 seconds
2pt_gal took: 0.028 seconds


Parameters first used in each module:
consistency - 5 parameters:
     cosmological_parameters--ombh2
     cosmological_parameters--omch2
     cosmological_parameters--h0
     cosmological_parameters--mnu
     cosmological_parameters--s_8
bbn_consistency - 0 parameters:
s8_to_sigma8 - 0 parameters:
camb - 2 parameters:
     cosmological_parameters--n_s
     halo_model_parameters--logt_agn
as_to_log1e10as - 0 parameters:
fast_pt - 0 parameters:
fits_nz - 0 parameters:
lens_photoz_width - 4 parameters:
     lens_photoz_errors--width_1
     lens_photoz_errors--width_2
     lens_photoz_errors--width_3
     lens_photoz_errors--width_4
lens_photoz_bias - 4 parameters:
     lens_photoz_errors--bias_1
     lens_photoz_errors--bias_2
     lens_photoz_errors--bias_3
     lens_photoz_errors--bias_4
source_photoz_bias - 4 parameters:
     wl_photoz_errors--bias_1
     wl_photoz_errors--bias_2
     wl_photoz_errors--bias_3
     wl_photoz_errors--bias_4
IA - 5 parameters:
     intrinsic_alignment_parameters--a1
     intrinsic_alignment_parameters--a2
     intrinsic_alignment_parameters--alpha1
     intrinsic_alignment_parameters--alpha2
     intrinsic_alignment_parameters--bias_ta
pk_to_cl_gg - 4 parameters:
     bias_lens--b1
     bias_lens--b2
     bias_lens--b3
     bias_lens--b4
pk_to_cl - 0 parameters:
add_magnification - 0 parameters:
add_intrinsic - 0 parameters:
2pt_shear - 0 parameters:
2pt_gal - 0 parameters:
2pt_gal_shear - 0 parameters:
shear_m_bias - 4 parameters:
     shear_calibration_parameters--m1
     shear_calibration_parameters--m2
     shear_calibration_parameters--m3
     shear_calibration_parameters--m4
add_point_mass - 0 parameters:
2pt_like - 0 parameters:
shear_ratio_like - 0 parameters:
spt3g_d1_lensing - 7 parameters:
     candl_nuisance_parameters--acib150
     candl_nuisance_parameters--acib220
     candl_nuisance_parameters--arad150
     candl_nuisance_parameters--arad90
     candl_nuisance_parameters--atsz
     candl_nuisance_parameters--pcal_lens
     candl_nuisance_parameters--tcal_lens
Results - 0 parameters:
You manually told me in the parameter file to use module 18 as the first in the fast block
Time for full pipeline:  56.60s
Time for slow pipeline:  56.55s
Time for fast pipeline:  0.05s
Time saving: 99.92%

Based on this we have decided: 
   Slow modules (18):
        consistency
        bbn_consistency
        s8_to_sigma8
        camb
        as_to_log1e10as
        fast_pt
        fits_nz
        lens_photoz_width
        lens_photoz_bias
        source_photoz_bias
        IA
        pk_to_cl_gg
        pk_to_cl
        add_magnification
        add_intrinsic
        2pt_shear
        2pt_gal
        2pt_gal_shear
   Fast modules (5):
        shear_m_bias
        add_point_mass
        2pt_like
        shear_ratio_like
        spt3g_d1_lensing
   Slow parameters (28):
        cosmological_parameters--ombh2
        cosmological_parameters--omch2
        cosmological_parameters--h0
        cosmological_parameters--mnu
        cosmological_parameters--s_8
        cosmological_parameters--n_s
        halo_model_parameters--logt_agn
        lens_photoz_errors--width_1
        lens_photoz_errors--width_2
        lens_photoz_errors--width_3
        lens_photoz_errors--width_4
        lens_photoz_errors--bias_1
        lens_photoz_errors--bias_2
        lens_photoz_errors--bias_3
        lens_photoz_errors--bias_4
        wl_photoz_errors--bias_1
        wl_photoz_errors--bias_2
        wl_photoz_errors--bias_3
        wl_photoz_errors--bias_4
        intrinsic_alignment_parameters--a1
        intrinsic_alignment_parameters--a2
        intrinsic_alignment_parameters--alpha1
        intrinsic_alignment_parameters--alpha2
        intrinsic_alignment_parameters--bias_ta
        bias_lens--b1
        bias_lens--b2
        bias_lens--b3
        bias_lens--b4
   Fast parameters (11):
        shear_calibration_parameters--m1
        shear_calibration_parameters--m2
        shear_calibration_parameters--m3
        shear_calibration_parameters--m4
        candl_nuisance_parameters--acib150
        candl_nuisance_parameters--acib220
        candl_nuisance_parameters--arad150
        candl_nuisance_parameters--arad90
        candl_nuisance_parameters--atsz
        candl_nuisance_parameters--pcal_lens
        candl_nuisance_parameters--tcal_lens


add_magnification took: 0.005 seconds
add_intrinsic took: 0.002 seconds
fast_pt took: 0.098 seconds
fits_nz took: 0.000 seconds
lens_photoz_width took: 0.001 seconds
lens_photoz_bias took: 0.001 seconds
source_photoz_bias took: 0.001 seconds
IA took: 0.025 seconds
Using two grades of parameter speed in polychord.
Telling Polychord to spend fraction 0.1 if its time in the fast subspace (adjust with fast_fraction option)
Polychord num_repeats = 74  (from parameter file)
2pt_shear took: 0.092 seconds
2pt_shear took: 0.089 seconds
pk_to_cl_gg took: 0.895 seconds
2pt_gal_shear took: 0.108 seconds
shear_m_bias took: 0.002 seconds
add_point_mass took: 0.000 seconds
pk_to_cl took: 0.479 seconds
pk_to_cl_gg took: 0.982 seconds
add_magnification took: 0.005 seconds
2pt_gal took: 0.026 seconds
add_intrinsic took: 0.002 seconds
pk_to_cl took: 0.484 seconds
2pt_gal took: 0.026 seconds
add_magnification took: 0.005 seconds
add_intrinsic took: 0.002 seconds
Using two grades of parameter speed in polychord.
Telling Polychord to spend fraction 0.1 if its time in the fast subspace (adjust with fast_fraction option)
Polychord num_repeats = 74  (from parameter file)
2pt_like took: 0.020 seconds
shear_ratio_like took: 0.001 seconds
pk_to_cl took: 0.475 seconds
add_magnification took: 0.005 seconds
add_intrinsic took: 0.002 seconds
Using two grades of parameter speed in polychord.
Telling Polychord to spend fraction 0.1 if its time in the fast subspace (adjust with fast_fraction option)
Polychord num_repeats = 74  (from parameter file)
spt3g_d1_lensing took: 0.029 seconds
Total pipeline time: 58.2 seconds
Using two grades of parameter speed in polychord.
Telling Polychord to spend fraction 0.1 if its time in the fast subspace (adjust with fast_fraction option)
pk_to_cl took: 0.475 seconds
Polychord num_repeats = 74  (from parameter file)


Parameters first used in each module:
consistency - 5 parameters:
     cosmological_parameters--ombh2
     cosmological_parameters--omch2
     cosmological_parameters--h0
     cosmological_parameters--mnu
     cosmological_parameters--s_8
bbn_consistency - 0 parameters:
s8_to_sigma8 - 0 parameters:
camb - 2 parameters:
     cosmological_parameters--n_s
     halo_model_parameters--logt_agn
as_to_log1e10as - 0 parameters:
fast_pt - 0 parameters:
fits_nz - 0 parameters:
lens_photoz_width - 4 parameters:
     lens_photoz_errors--width_1
     lens_photoz_errors--width_2
     lens_photoz_errors--width_3
     lens_photoz_errors--width_4
lens_photoz_bias - 4 parameters:
     lens_photoz_errors--bias_1
     lens_photoz_errors--bias_2
     lens_photoz_errors--bias_3
     lens_photoz_errors--bias_4
source_photoz_bias - 4 parameters:
     wl_photoz_errors--bias_1
     wl_photoz_errors--bias_2
     wl_photoz_errors--bias_3
     wl_photoz_errors--bias_4
IA - 5 parameters:
     intrinsic_alignment_parameters--a1
     intrinsic_alignment_parameters--a2
     intrinsic_alignment_parameters--alpha1
     intrinsic_alignment_parameters--alpha2
     intrinsic_alignment_parameters--bias_ta
pk_to_cl_gg - 4 parameters:
     bias_lens--b1
     bias_lens--b2
     bias_lens--b3
     bias_lens--b4
pk_to_cl - 0 parameters:
add_magnification - 0 parameters:
add_intrinsic - 0 parameters:
2pt_shear - 0 parameters:
2pt_gal - 0 parameters:
2pt_gal_shear - 0 parameters:
shear_m_bias - 4 parameters:
     shear_calibration_parameters--m1
     shear_calibration_parameters--m2
     shear_calibration_parameters--m3
     shear_calibration_parameters--m4
add_point_mass - 0 parameters:
2pt_like - 0 parameters:
shear_ratio_like - 0 parameters:
spt3g_d1_lensing - 7 parameters:
     candl_nuisance_parameters--acib150
     candl_nuisance_parameters--acib220
     candl_nuisance_parameters--arad150
     candl_nuisance_parameters--arad90
     candl_nuisance_parameters--atsz
     candl_nuisance_parameters--pcal_lens
     candl_nuisance_parameters--tcal_lens
Results - 0 parameters:
You manually told me in the parameter file to use module 18 as the first in the fast block
Time for full pipeline:  58.19s
Time for slow pipeline:  58.14s
Time for fast pipeline:  0.05s
Time saving: 99.91%

Based on this we have decided: 
   Slow modules (18):
        consistency
        bbn_consistency
        s8_to_sigma8
        camb
        as_to_log1e10as
        fast_pt
        fits_nz
        lens_photoz_width
        lens_photoz_bias
        source_photoz_bias
        IA
        pk_to_cl_gg
        pk_to_cl
        add_magnification
        add_intrinsic
        2pt_shear
        2pt_gal
        2pt_gal_shear
   Fast modules (5):
        shear_m_bias
        add_point_mass
        2pt_like
        shear_ratio_like
        spt3g_d1_lensing
   Slow parameters (28):
        cosmological_parameters--ombh2
        cosmological_parameters--omch2
        cosmological_parameters--h0
        cosmological_parameters--mnu
        cosmological_parameters--s_8
        cosmological_parameters--n_s
        halo_model_parameters--logt_agn
        lens_photoz_errors--width_1
        lens_photoz_errors--width_2
        lens_photoz_errors--width_3
        lens_photoz_errors--width_4
        lens_photoz_errors--bias_1
        lens_photoz_errors--bias_2
        lens_photoz_errors--bias_3
        lens_photoz_errors--bias_4
        wl_photoz_errors--bias_1
        wl_photoz_errors--bias_2
        wl_photoz_errors--bias_3
        wl_photoz_errors--bias_4
        intrinsic_alignment_parameters--a1
        intrinsic_alignment_parameters--a2
        intrinsic_alignment_parameters--alpha1
        intrinsic_alignment_parameters--alpha2
        intrinsic_alignment_parameters--bias_ta
        bias_lens--b1
        bias_lens--b2
        bias_lens--b3
        bias_lens--b4
   Fast parameters (11):
        shear_calibration_parameters--m1
        shear_calibration_parameters--m2
        shear_calibration_parameters--m3
        shear_calibration_parameters--m4
        candl_nuisance_parameters--acib150
        candl_nuisance_parameters--acib220
        candl_nuisance_parameters--arad150
        candl_nuisance_parameters--arad90
        candl_nuisance_parameters--atsz
        candl_nuisance_parameters--pcal_lens
        candl_nuisance_parameters--tcal_lens


add_magnification took: 0.005 seconds
add_intrinsic took: 0.002 seconds
pk_to_cl_gg took: 0.915 seconds
2pt_shear took: 0.088 seconds
2pt_gal_shear took: 0.102 seconds
shear_m_bias took: 0.002 seconds
add_point_mass took: 0.000 seconds
2pt_gal_shear took: 0.105 seconds
shear_m_bias took: 0.002 seconds
add_point_mass took: 0.000 seconds
2pt_gal took: 0.025 seconds
2pt_shear took: 0.106 seconds
2pt_shear took: 0.086 seconds
2pt_like took: 0.020 seconds
shear_ratio_like took: 0.001 seconds
2pt_like took: 0.020 seconds
shear_ratio_like took: 0.001 seconds
pk_to_cl took: 0.669 seconds
pk_to_cl took: 0.467 seconds
pk_to_cl_gg took: 0.931 seconds
add_magnification took: 0.007 seconds
add_magnification took: 0.005 seconds
2pt_gal took: 0.027 seconds
add_intrinsic took: 0.004 seconds
add_intrinsic took: 0.002 seconds
2pt_shear took: 0.091 seconds
spt3g_d1_lensing took: 0.024 seconds
Total pipeline time: 57.0 seconds
pk_to_cl_gg took: 1.147 seconds
2pt_gal took: 0.030 seconds
Using two grades of parameter speed in polychord.
Telling Polychord to spend fraction 0.1 if its time in the fast subspace (adjust with fast_fraction option)
Polychord num_repeats = 74  (from parameter file)
spt3g_d1_lensing took: 0.026 seconds
Total pipeline time: 57.9 seconds


Parameters first used in each module:
consistency - 5 parameters:
     cosmological_parameters--ombh2
     cosmological_parameters--omch2
     cosmological_parameters--h0
     cosmological_parameters--mnu
     cosmological_parameters--s_8
bbn_consistency - 0 parameters:
s8_to_sigma8 - 0 parameters:
camb - 2 parameters:
     cosmological_parameters--n_s
     halo_model_parameters--logt_agn
as_to_log1e10as - 0 parameters:
fast_pt - 0 parameters:
fits_nz - 0 parameters:
lens_photoz_width - 4 parameters:
     lens_photoz_errors--width_1
     lens_photoz_errors--width_2
     lens_photoz_errors--width_3
     lens_photoz_errors--width_4
lens_photoz_bias - 4 parameters:
     lens_photoz_errors--bias_1
     lens_photoz_errors--bias_2
     lens_photoz_errors--bias_3
     lens_photoz_errors--bias_4
source_photoz_bias - 4 parameters:
     wl_photoz_errors--bias_1
     wl_photoz_errors--bias_2
     wl_photoz_errors--bias_3
     wl_photoz_errors--bias_4
IA - 5 parameters:
     intrinsic_alignment_parameters--a1
     intrinsic_alignment_parameters--a2
     intrinsic_alignment_parameters--alpha1
     intrinsic_alignment_parameters--alpha2
     intrinsic_alignment_parameters--bias_ta
pk_to_cl_gg - 4 parameters:
     bias_lens--b1
     bias_lens--b2
     bias_lens--b3
     bias_lens--b4
pk_to_cl - 0 parameters:
add_magnification - 0 parameters:
add_intrinsic - 0 parameters:
2pt_shear - 0 parameters:
2pt_gal - 0 parameters:
2pt_gal_shear - 0 parameters:
shear_m_bias - 4 parameters:
     shear_calibration_parameters--m1
     shear_calibration_parameters--m2
     shear_calibration_parameters--m3
     shear_calibration_parameters--m4
add_point_mass - 0 parameters:
2pt_like - 0 parameters:
shear_ratio_like - 0 parameters:
spt3g_d1_lensing - 7 parameters:
     candl_nuisance_parameters--acib150
     candl_nuisance_parameters--acib220
     candl_nuisance_parameters--arad150
     candl_nuisance_parameters--arad90
     candl_nuisance_parameters--atsz
     candl_nuisance_parameters--pcal_lens
     candl_nuisance_parameters--tcal_lens
Results - 0 parameters:
You manually told me in the parameter file to use module 18 as the first in the fast block
Time for full pipeline:  57.00s
Time for slow pipeline:  56.95s
Time for fast pipeline:  0.05s
Time saving: 99.92%

Based on this we have decided: 
   Slow modules (18):
        consistency
        bbn_consistency
        s8_to_sigma8
        camb
        as_to_log1e10as
        fast_pt
        fits_nz
        lens_photoz_width
        lens_photoz_bias
        source_photoz_bias
        IA
        pk_to_cl_gg
        pk_to_cl
        add_magnification
        add_intrinsic
        2pt_shear
        2pt_gal
        2pt_gal_shear
   Fast modules (5):
        shear_m_bias
        add_point_mass
        2pt_like
        shear_ratio_like
        spt3g_d1_lensing
   Slow parameters (28):
        cosmological_parameters--ombh2
        cosmological_parameters--omch2
        cosmological_parameters--h0
        cosmological_parameters--mnu
        cosmological_parameters--s_8
        cosmological_parameters--n_s
        halo_model_parameters--logt_agn
        lens_photoz_errors--width_1
        lens_photoz_errors--width_2
        lens_photoz_errors--width_3
        lens_photoz_errors--width_4
        lens_photoz_errors--bias_1
        lens_photoz_errors--bias_2
        lens_photoz_errors--bias_3
        lens_photoz_errors--bias_4
        wl_photoz_errors--bias_1
        wl_photoz_errors--bias_2
        wl_photoz_errors--bias_3
        wl_photoz_errors--bias_4
        intrinsic_alignment_parameters--a1
        intrinsic_alignment_parameters--a2
        intrinsic_alignment_parameters--alpha1
        intrinsic_alignment_parameters--alpha2
        intrinsic_alignment_parameters--bias_ta
        bias_lens--b1
        bias_lens--b2
        bias_lens--b3
        bias_lens--b4
   Fast parameters (11):
        shear_calibration_parameters--m1
        shear_calibration_parameters--m2
        shear_calibration_parameters--m3
        shear_calibration_parameters--m4
        candl_nuisance_parameters--acib150
        candl_nuisance_parameters--acib220
        candl_nuisance_parameters--arad150
        candl_nuisance_parameters--arad90
        candl_nuisance_parameters--atsz
        candl_nuisance_parameters--pcal_lens
        candl_nuisance_parameters--tcal_lens




Parameters first used in each module:
consistency - 5 parameters:
     cosmological_parameters--ombh2
     cosmological_parameters--omch2
     cosmological_parameters--h0
     cosmological_parameters--mnu
     cosmological_parameters--s_8
bbn_consistency - 0 parameters:
s8_to_sigma8 - 0 parameters:
camb - 2 parameters:
     cosmological_parameters--n_s
     halo_model_parameters--logt_agn
as_to_log1e10as - 0 parameters:
fast_pt - 0 parameters:
fits_nz - 0 parameters:
lens_photoz_width - 4 parameters:
     lens_photoz_errors--width_1
     lens_photoz_errors--width_2
     lens_photoz_errors--width_3
     lens_photoz_errors--width_4
lens_photoz_bias - 4 parameters:
     lens_photoz_errors--bias_1
     lens_photoz_errors--bias_2
     lens_photoz_errors--bias_3
     lens_photoz_errors--bias_4
source_photoz_bias - 4 parameters:
     wl_photoz_errors--bias_1
     wl_photoz_errors--bias_2
     wl_photoz_errors--bias_3
     wl_photoz_errors--bias_4
IA - 5 parameters:
     intrinsic_alignment_parameters--a1
     intrinsic_alignment_parameters--a2
     intrinsic_alignment_parameters--alpha1
     intrinsic_alignment_parameters--alpha2
     intrinsic_alignment_parameters--bias_ta
pk_to_cl_gg - 4 parameters:
     bias_lens--b1
     bias_lens--b2
     bias_lens--b3
     bias_lens--b4
pk_to_cl - 0 parameters:
add_magnification - 0 parameters:
add_intrinsic - 0 parameters:
2pt_shear - 0 parameters:
2pt_gal - 0 parameters:
2pt_gal_shear - 0 parameters:
shear_m_bias - 4 parameters:
     shear_calibration_parameters--m1
     shear_calibration_parameters--m2
     shear_calibration_parameters--m3
     shear_calibration_parameters--m4
add_point_mass - 0 parameters:
2pt_like - 0 parameters:
shear_ratio_like - 0 parameters:
spt3g_d1_lensing - 7 parameters:
     candl_nuisance_parameters--acib150
     candl_nuisance_parameters--acib220
     candl_nuisance_parameters--arad150
     candl_nuisance_parameters--arad90
     candl_nuisance_parameters--atsz
     candl_nuisance_parameters--pcal_lens
     candl_nuisance_parameters--tcal_lens
Results - 0 parameters:
You manually told me in the parameter file to use module 18 as the first in the fast block
Time for full pipeline:  57.92s
Time for slow pipeline:  57.88s
Time for fast pipeline:  0.05s
Time saving: 99.92%

Based on this we have decided: 
   Slow modules (18):
        consistency
        bbn_consistency
        s8_to_sigma8
        camb
        as_to_log1e10as
        fast_pt
        fits_nz
        lens_photoz_width
        lens_photoz_bias
        source_photoz_bias
        IA
        pk_to_cl_gg
        pk_to_cl
        add_magnification
        add_intrinsic
        2pt_shear
        2pt_gal
        2pt_gal_shear
   Fast modules (5):
        shear_m_bias
        add_point_mass
        2pt_like
        shear_ratio_like
        spt3g_d1_lensing
   Slow parameters (28):
        cosmological_parameters--ombh2
        cosmological_parameters--omch2
        cosmological_parameters--h0
        cosmological_parameters--mnu
        cosmological_parameters--s_8
        cosmological_parameters--n_s
        halo_model_parameters--logt_agn
        lens_photoz_errors--width_1
        lens_photoz_errors--width_2
        lens_photoz_errors--width_3
        lens_photoz_errors--width_4
        lens_photoz_errors--bias_1
        lens_photoz_errors--bias_2
        lens_photoz_errors--bias_3
        lens_photoz_errors--bias_4
        wl_photoz_errors--bias_1
        wl_photoz_errors--bias_2
        wl_photoz_errors--bias_3
        wl_photoz_errors--bias_4
        intrinsic_alignment_parameters--a1
        intrinsic_alignment_parameters--a2
        intrinsic_alignment_parameters--alpha1
        intrinsic_alignment_parameters--alpha2
        intrinsic_alignment_parameters--bias_ta
        bias_lens--b1
        bias_lens--b2
        bias_lens--b3
        bias_lens--b4
   Fast parameters (11):
        shear_calibration_parameters--m1
        shear_calibration_parameters--m2
        shear_calibration_parameters--m3
        shear_calibration_parameters--m4
        candl_nuisance_parameters--acib150
        candl_nuisance_parameters--acib220
        candl_nuisance_parameters--arad150
        candl_nuisance_parameters--arad90
        candl_nuisance_parameters--atsz
        candl_nuisance_parameters--pcal_lens
        candl_nuisance_parameters--tcal_lens


2pt_gal took: 0.026 seconds
pk_to_cl took: 0.513 seconds
add_magnification took: 0.005 seconds
pk_to_cl_gg took: 0.886 seconds
add_intrinsic took: 0.002 seconds
pk_to_cl_gg took: 1.257 seconds
2pt_gal_shear took: 0.102 seconds
shear_m_bias took: 0.002 seconds
add_point_mass took: 0.000 seconds
2pt_like took: 0.017 seconds
shear_ratio_like took: 0.001 seconds
2pt_gal_shear took: 0.103 seconds
shear_m_bias took: 0.002 seconds
add_point_mass took: 0.000 seconds
2pt_gal_shear took: 0.102 seconds
2pt_shear took: 0.109 seconds
shear_m_bias took: 0.002 seconds
add_point_mass took: 0.000 seconds
pk_to_cl took: 0.466 seconds
spt3g_d1_lensing took: 0.025 seconds
Total pipeline time: 57.7 seconds
add_magnification took: 0.006 seconds
add_intrinsic took: 0.002 seconds
2pt_shear took: 0.123 seconds
2pt_like took: 0.019 seconds
shear_ratio_like took: 0.001 seconds


Parameters first used in each module:
consistency - 5 parameters:
     cosmological_parameters--ombh2
     cosmological_parameters--omch2
     cosmological_parameters--h0
     cosmological_parameters--mnu
     cosmological_parameters--s_8
bbn_consistency - 0 parameters:
s8_to_sigma8 - 0 parameters:
camb - 2 parameters:
     cosmological_parameters--n_s
     halo_model_parameters--logt_agn
as_to_log1e10as - 0 parameters:
fast_pt - 0 parameters:
fits_nz - 0 parameters:
lens_photoz_width - 4 parameters:
     lens_photoz_errors--width_1
     lens_photoz_errors--width_2
     lens_photoz_errors--width_3
     lens_photoz_errors--width_4
lens_photoz_bias - 4 parameters:
     lens_photoz_errors--bias_1
     lens_photoz_errors--bias_2
     lens_photoz_errors--bias_3
     lens_photoz_errors--bias_4
source_photoz_bias - 4 parameters:
     wl_photoz_errors--bias_1
     wl_photoz_errors--bias_2
     wl_photoz_errors--bias_3
     wl_photoz_errors--bias_4
IA - 5 parameters:
     intrinsic_alignment_parameters--a1
     intrinsic_alignment_parameters--a2
     intrinsic_alignment_parameters--alpha1
     intrinsic_alignment_parameters--alpha2
     intrinsic_alignment_parameters--bias_ta
pk_to_cl_gg - 4 parameters:
     bias_lens--b1
     bias_lens--b2
     bias_lens--b3
     bias_lens--b4
pk_to_cl - 0 parameters:
add_magnification - 0 parameters:
add_intrinsic - 0 parameters:
2pt_shear - 0 parameters:
2pt_gal - 0 parameters:
2pt_gal_shear - 0 parameters:
shear_m_bias - 4 parameters:
     shear_calibration_parameters--m1
     shear_calibration_parameters--m2
     shear_calibration_parameters--m3
     shear_calibration_parameters--m4
add_point_mass - 0 parameters:
2pt_like - 0 parameters:
shear_ratio_like - 0 parameters:
spt3g_d1_lensing - 7 parameters:
     candl_nuisance_parameters--acib150
     candl_nuisance_parameters--acib220
     candl_nuisance_parameters--arad150
     candl_nuisance_parameters--arad90
     candl_nuisance_parameters--atsz
     candl_nuisance_parameters--pcal_lens
     candl_nuisance_parameters--tcal_lens
Results - 0 parameters:
You manually told me in the parameter file to use module 18 as the first in the fast block
Time for full pipeline:  57.65s
Time for slow pipeline:  57.61s
Time for fast pipeline:  0.04s
Time saving: 99.92%

Based on this we have decided: 
   Slow modules (18):
        consistency
        bbn_consistency
        s8_to_sigma8
        camb
        as_to_log1e10as
        fast_pt
        fits_nz
        lens_photoz_width
        lens_photoz_bias
        source_photoz_bias
        IA
        pk_to_cl_gg
        pk_to_cl
        add_magnification
        add_intrinsic
        2pt_shear
        2pt_gal
        2pt_gal_shear
   Fast modules (5):
        shear_m_bias
        add_point_mass
        2pt_like
        shear_ratio_like
        spt3g_d1_lensing
   Slow parameters (28):
        cosmological_parameters--ombh2
        cosmological_parameters--omch2
        cosmological_parameters--h0
        cosmological_parameters--mnu
        cosmological_parameters--s_8
        cosmological_parameters--n_s
        halo_model_parameters--logt_agn
        lens_photoz_errors--width_1
        lens_photoz_errors--width_2
        lens_photoz_errors--width_3
        lens_photoz_errors--width_4
        lens_photoz_errors--bias_1
        lens_photoz_errors--bias_2
        lens_photoz_errors--bias_3
        lens_photoz_errors--bias_4
        wl_photoz_errors--bias_1
        wl_photoz_errors--bias_2
        wl_photoz_errors--bias_3
        wl_photoz_errors--bias_4
        intrinsic_alignment_parameters--a1
        intrinsic_alignment_parameters--a2
        intrinsic_alignment_parameters--alpha1
        intrinsic_alignment_parameters--alpha2
        intrinsic_alignment_parameters--bias_ta
        bias_lens--b1
        bias_lens--b2
        bias_lens--b3
        bias_lens--b4
   Fast parameters (11):
        shear_calibration_parameters--m1
        shear_calibration_parameters--m2
        shear_calibration_parameters--m3
        shear_calibration_parameters--m4
        candl_nuisance_parameters--acib150
        candl_nuisance_parameters--acib220
        candl_nuisance_parameters--arad150
        candl_nuisance_parameters--arad90
        candl_nuisance_parameters--atsz
        candl_nuisance_parameters--pcal_lens
        candl_nuisance_parameters--tcal_lens


2pt_like took: 0.017 seconds
shear_ratio_like took: 0.001 seconds
2pt_shear took: 0.088 seconds
2pt_gal_shear took: 0.103 seconds
shear_m_bias took: 0.002 seconds
add_point_mass took: 0.000 seconds
2pt_gal took: 0.027 seconds
pk_to_cl_gg took: 1.271 seconds
spt3g_d1_lensing took: 0.026 seconds
Total pipeline time: 56.7 seconds
pk_to_cl took: 0.530 seconds
spt3g_d1_lensing took: 0.026 seconds
Total pipeline time: 56.8 seconds
2pt_like took: 0.021 seconds
2pt_gal took: 0.026 seconds
add_magnification took: 0.005 seconds
shear_ratio_like took: 0.001 seconds
add_intrinsic took: 0.002 seconds
2pt_gal took: 0.037 seconds


Parameters first used in each module:
consistency - 5 parameters:
     cosmological_parameters--ombh2
     cosmological_parameters--omch2
     cosmological_parameters--h0
     cosmological_parameters--mnu
     cosmological_parameters--s_8
bbn_consistency - 0 parameters:
s8_to_sigma8 - 0 parameters:
camb - 2 parameters:
     cosmological_parameters--n_s
     halo_model_parameters--logt_agn
as_to_log1e10as - 0 parameters:
fast_pt - 0 parameters:
fits_nz - 0 parameters:
lens_photoz_width - 4 parameters:
     lens_photoz_errors--width_1
     lens_photoz_errors--width_2
     lens_photoz_errors--width_3
     lens_photoz_errors--width_4
lens_photoz_bias - 4 parameters:
     lens_photoz_errors--bias_1
     lens_photoz_errors--bias_2
     lens_photoz_errors--bias_3
     lens_photoz_errors--bias_4
source_photoz_bias - 4 parameters:
     wl_photoz_errors--bias_1
     wl_photoz_errors--bias_2
     wl_photoz_errors--bias_3
     wl_photoz_errors--bias_4
IA - 5 parameters:
     intrinsic_alignment_parameters--a1
     intrinsic_alignment_parameters--a2
     intrinsic_alignment_parameters--alpha1
     intrinsic_alignment_parameters--alpha2
     intrinsic_alignment_parameters--bias_ta
pk_to_cl_gg - 4 parameters:
     bias_lens--b1
     bias_lens--b2
     bias_lens--b3
     bias_lens--b4
pk_to_cl - 0 parameters:
add_magnification - 0 parameters:
add_intrinsic - 0 parameters:
2pt_shear - 0 parameters:
2pt_gal - 0 parameters:
2pt_gal_shear - 0 parameters:
shear_m_bias - 4 parameters:
     shear_calibration_parameters--m1
     shear_calibration_parameters--m2
     shear_calibration_parameters--m3
     shear_calibration_parameters--m4
add_point_mass - 0 parameters:
2pt_like - 0 parameters:
shear_ratio_like - 0 parameters:
spt3g_d1_lensing - 7 parameters:
     candl_nuisance_parameters--acib150
     candl_nuisance_parameters--acib220
     candl_nuisance_parameters--arad150
     candl_nuisance_parameters--arad90
     candl_nuisance_parameters--atsz
     candl_nuisance_parameters--pcal_lens
     candl_nuisance_parameters--tcal_lens
Results - 0 parameters:
You manually told me in the parameter file to use module 18 as the first in the fast block
Time for full pipeline:  56.71s
Time for slow pipeline:  56.66s
Time for fast pipeline:  0.05s
Time saving: 99.92%

Based on this we have decided: 
   Slow modules (18):
        consistency
        bbn_consistency
        s8_to_sigma8
        camb
        as_to_log1e10as
        fast_pt
        fits_nz
        lens_photoz_width
        lens_photoz_bias
        source_photoz_bias
        IA
        pk_to_cl_gg
        pk_to_cl
        add_magnification
        add_intrinsic
        2pt_shear
        2pt_gal
        2pt_gal_shear
   Fast modules (5):
        shear_m_bias
        add_point_mass
        2pt_like
        shear_ratio_like
        spt3g_d1_lensing
   Slow parameters (28):
        cosmological_parameters--ombh2
        cosmological_parameters--omch2
        cosmological_parameters--h0
        cosmological_parameters--mnu
        cosmological_parameters--s_8
        cosmological_parameters--n_s
        halo_model_parameters--logt_agn
        lens_photoz_errors--width_1
        lens_photoz_errors--width_2
        lens_photoz_errors--width_3
        lens_photoz_errors--width_4
        lens_photoz_errors--bias_1
        lens_photoz_errors--bias_2
        lens_photoz_errors--bias_3
        lens_photoz_errors--bias_4
        wl_photoz_errors--bias_1
        wl_photoz_errors--bias_2
        wl_photoz_errors--bias_3
        wl_photoz_errors--bias_4
        intrinsic_alignment_parameters--a1
        intrinsic_alignment_parameters--a2
        intrinsic_alignment_parameters--alpha1
        intrinsic_alignment_parameters--alpha2
        intrinsic_alignment_parameters--bias_ta
        bias_lens--b1
        bias_lens--b2
        bias_lens--b3
        bias_lens--b4
   Fast parameters (11):
        shear_calibration_parameters--m1
        shear_calibration_parameters--m2
        shear_calibration_parameters--m3
        shear_calibration_parameters--m4
        candl_nuisance_parameters--acib150
        candl_nuisance_parameters--acib220
        candl_nuisance_parameters--arad150
        candl_nuisance_parameters--arad90
        candl_nuisance_parameters--atsz
        candl_nuisance_parameters--pcal_lens
        candl_nuisance_parameters--tcal_lens




Parameters first used in each module:
consistency - 5 parameters:
     cosmological_parameters--ombh2
     cosmological_parameters--omch2
     cosmological_parameters--h0
     cosmological_parameters--mnu
     cosmological_parameters--s_8
bbn_consistency - 0 parameters:
s8_to_sigma8 - 0 parameters:
camb - 2 parameters:
     cosmological_parameters--n_s
     halo_model_parameters--logt_agn
as_to_log1e10as - 0 parameters:
fast_pt - 0 parameters:
fits_nz - 0 parameters:
lens_photoz_width - 4 parameters:
     lens_photoz_errors--width_1
     lens_photoz_errors--width_2
     lens_photoz_errors--width_3
     lens_photoz_errors--width_4
lens_photoz_bias - 4 parameters:
     lens_photoz_errors--bias_1
     lens_photoz_errors--bias_2
     lens_photoz_errors--bias_3
     lens_photoz_errors--bias_4
source_photoz_bias - 4 parameters:
     wl_photoz_errors--bias_1
     wl_photoz_errors--bias_2
     wl_photoz_errors--bias_3
     wl_photoz_errors--bias_4
IA - 5 parameters:
     intrinsic_alignment_parameters--a1
     intrinsic_alignment_parameters--a2
     intrinsic_alignment_parameters--alpha1
     intrinsic_alignment_parameters--alpha2
     intrinsic_alignment_parameters--bias_ta
pk_to_cl_gg - 4 parameters:
     bias_lens--b1
     bias_lens--b2
     bias_lens--b3
     bias_lens--b4
pk_to_cl - 0 parameters:
add_magnification - 0 parameters:
add_intrinsic - 0 parameters:
2pt_shear - 0 parameters:
2pt_gal - 0 parameters:
2pt_gal_shear - 0 parameters:
shear_m_bias - 4 parameters:
     shear_calibration_parameters--m1
     shear_calibration_parameters--m2
     shear_calibration_parameters--m3
     shear_calibration_parameters--m4
add_point_mass - 0 parameters:
2pt_like - 0 parameters:
shear_ratio_like - 0 parameters:
spt3g_d1_lensing - 7 parameters:
     candl_nuisance_parameters--acib150
     candl_nuisance_parameters--acib220
     candl_nuisance_parameters--arad150
     candl_nuisance_parameters--arad90
     candl_nuisance_parameters--atsz
     candl_nuisance_parameters--pcal_lens
     candl_nuisance_parameters--tcal_lens
Results - 0 parameters:
You manually told me in the parameter file to use module 18 as the first in the fast block
Time for full pipeline:  56.81s
Time for slow pipeline:  56.76s
Time for fast pipeline:  0.05s
Time saving: 99.92%

Based on this we have decided: 
   Slow modules (18):
        consistency
        bbn_consistency
        s8_to_sigma8
        camb
        as_to_log1e10as
        fast_pt
        fits_nz
        lens_photoz_width
        lens_photoz_bias
        source_photoz_bias
        IA
        pk_to_cl_gg
        pk_to_cl
        add_magnification
        add_intrinsic
        2pt_shear
        2pt_gal
        2pt_gal_shear
   Fast modules (5):
        shear_m_bias
        add_point_mass
        2pt_like
        shear_ratio_like
        spt3g_d1_lensing
   Slow parameters (28):
        cosmological_parameters--ombh2
        cosmological_parameters--omch2
        cosmological_parameters--h0
        cosmological_parameters--mnu
        cosmological_parameters--s_8
        cosmological_parameters--n_s
        halo_model_parameters--logt_agn
        lens_photoz_errors--width_1
        lens_photoz_errors--width_2
        lens_photoz_errors--width_3
        lens_photoz_errors--width_4
        lens_photoz_errors--bias_1
        lens_photoz_errors--bias_2
        lens_photoz_errors--bias_3
        lens_photoz_errors--bias_4
        wl_photoz_errors--bias_1
        wl_photoz_errors--bias_2
        wl_photoz_errors--bias_3
        wl_photoz_errors--bias_4
        intrinsic_alignment_parameters--a1
        intrinsic_alignment_parameters--a2
        intrinsic_alignment_parameters--alpha1
        intrinsic_alignment_parameters--alpha2
        intrinsic_alignment_parameters--bias_ta
        bias_lens--b1
        bias_lens--b2
        bias_lens--b3
        bias_lens--b4
   Fast parameters (11):
        shear_calibration_parameters--m1
        shear_calibration_parameters--m2
        shear_calibration_parameters--m3
        shear_calibration_parameters--m4
        candl_nuisance_parameters--acib150
        candl_nuisance_parameters--acib220
        candl_nuisance_parameters--arad150
        candl_nuisance_parameters--arad90
        candl_nuisance_parameters--atsz
        candl_nuisance_parameters--pcal_lens
        candl_nuisance_parameters--tcal_lens


Using two grades of parameter speed in polychord.
Telling Polychord to spend fraction 0.1 if its time in the fast subspace (adjust with fast_fraction option)
Polychord num_repeats = 74  (from parameter file)
spt3g_d1_lensing took: 0.023 seconds
Total pipeline time: 57.7 seconds


Parameters first used in each module:
consistency - 5 parameters:
     cosmological_parameters--ombh2
     cosmological_parameters--omch2
     cosmological_parameters--h0
     cosmological_parameters--mnu
     cosmological_parameters--s_8
bbn_consistency - 0 parameters:
s8_to_sigma8 - 0 parameters:
camb - 2 parameters:
     cosmological_parameters--n_s
     halo_model_parameters--logt_agn
as_to_log1e10as - 0 parameters:
fast_pt - 0 parameters:
fits_nz - 0 parameters:
lens_photoz_width - 4 parameters:
     lens_photoz_errors--width_1
     lens_photoz_errors--width_2
     lens_photoz_errors--width_3
     lens_photoz_errors--width_4
lens_photoz_bias - 4 parameters:
     lens_photoz_errors--bias_1
     lens_photoz_errors--bias_2
     lens_photoz_errors--bias_3
     lens_photoz_errors--bias_4
source_photoz_bias - 4 parameters:
     wl_photoz_errors--bias_1
     wl_photoz_errors--bias_2
     wl_photoz_errors--bias_3
     wl_photoz_errors--bias_4
IA - 5 parameters:
     intrinsic_alignment_parameters--a1
     intrinsic_alignment_parameters--a2
     intrinsic_alignment_parameters--alpha1
     intrinsic_alignment_parameters--alpha2
     intrinsic_alignment_parameters--bias_ta
pk_to_cl_gg - 4 parameters:
     bias_lens--b1
     bias_lens--b2
     bias_lens--b3
     bias_lens--b4
pk_to_cl - 0 parameters:
add_magnification - 0 parameters:
add_intrinsic - 0 parameters:
2pt_shear - 0 parameters:
2pt_gal - 0 parameters:
2pt_gal_shear - 0 parameters:
shear_m_bias - 4 parameters:
     shear_calibration_parameters--m1
     shear_calibration_parameters--m2
     shear_calibration_parameters--m3
     shear_calibration_parameters--m4
add_point_mass - 0 parameters:
2pt_like - 0 parameters:
shear_ratio_like - 0 parameters:
spt3g_d1_lensing - 7 parameters:
     candl_nuisance_parameters--acib150
     candl_nuisance_parameters--acib220
     candl_nuisance_parameters--arad150
     candl_nuisance_parameters--arad90
     candl_nuisance_parameters--atsz
     candl_nuisance_parameters--pcal_lens
     candl_nuisance_parameters--tcal_lens
Results - 0 parameters:
You manually told me in the parameter file to use module 18 as the first in the fast block
Time for full pipeline:  57.72s
Time for slow pipeline:  57.67s
Time for fast pipeline:  0.05s
Time saving: 99.92%

Based on this we have decided: 
   Slow modules (18):
        consistency
        bbn_consistency
        s8_to_sigma8
        camb
        as_to_log1e10as
        fast_pt
        fits_nz
        lens_photoz_width
        lens_photoz_bias
        source_photoz_bias
        IA
        pk_to_cl_gg
        pk_to_cl
        add_magnification
        add_intrinsic
        2pt_shear
        2pt_gal
        2pt_gal_shear
   Fast modules (5):
        shear_m_bias
        add_point_mass
        2pt_like
        shear_ratio_like
        spt3g_d1_lensing
   Slow parameters (28):
        cosmological_parameters--ombh2
        cosmological_parameters--omch2
        cosmological_parameters--h0
        cosmological_parameters--mnu
        cosmological_parameters--s_8
        cosmological_parameters--n_s
        halo_model_parameters--logt_agn
        lens_photoz_errors--width_1
        lens_photoz_errors--width_2
        lens_photoz_errors--width_3
        lens_photoz_errors--width_4
        lens_photoz_errors--bias_1
        lens_photoz_errors--bias_2
        lens_photoz_errors--bias_3
        lens_photoz_errors--bias_4
        wl_photoz_errors--bias_1
        wl_photoz_errors--bias_2
        wl_photoz_errors--bias_3
        wl_photoz_errors--bias_4
        intrinsic_alignment_parameters--a1
        intrinsic_alignment_parameters--a2
        intrinsic_alignment_parameters--alpha1
        intrinsic_alignment_parameters--alpha2
        intrinsic_alignment_parameters--bias_ta
        bias_lens--b1
        bias_lens--b2
        bias_lens--b3
        bias_lens--b4
   Fast parameters (11):
        shear_calibration_parameters--m1
        shear_calibration_parameters--m2
        shear_calibration_parameters--m3
        shear_calibration_parameters--m4
        candl_nuisance_parameters--acib150
        candl_nuisance_parameters--acib220
        candl_nuisance_parameters--arad150
        candl_nuisance_parameters--arad90
        candl_nuisance_parameters--atsz
        candl_nuisance_parameters--pcal_lens
        candl_nuisance_parameters--tcal_lens


2pt_shear took: 0.090 seconds
pk_to_cl_gg took: 0.882 seconds
2pt_gal took: 0.026 seconds
pk_to_cl took: 0.458 seconds
add_magnification took: 0.005 seconds
add_intrinsic took: 0.002 seconds
2pt_shear took: 0.091 seconds
2pt_gal took: 0.026 seconds
2pt_gal_shear took: 0.109 seconds
shear_m_bias took: 0.002 seconds
add_point_mass took: 0.000 seconds
2pt_like took: 0.021 seconds
shear_ratio_like took: 0.001 seconds
spt3g_d1_lensing took: 0.025 seconds
Total pipeline time: 57.7 seconds


Parameters first used in each module:
consistency - 5 parameters:
     cosmological_parameters--ombh2
     cosmological_parameters--omch2
     cosmological_parameters--h0
     cosmological_parameters--mnu
     cosmological_parameters--s_8
bbn_consistency - 0 parameters:
s8_to_sigma8 - 0 parameters:
camb - 2 parameters:
     cosmological_parameters--n_s
     halo_model_parameters--logt_agn
as_to_log1e10as - 0 parameters:
fast_pt - 0 parameters:
fits_nz - 0 parameters:
lens_photoz_width - 4 parameters:
     lens_photoz_errors--width_1
     lens_photoz_errors--width_2
     lens_photoz_errors--width_3
     lens_photoz_errors--width_4
lens_photoz_bias - 4 parameters:
     lens_photoz_errors--bias_1
     lens_photoz_errors--bias_2
     lens_photoz_errors--bias_3
     lens_photoz_errors--bias_4
source_photoz_bias - 4 parameters:
     wl_photoz_errors--bias_1
     wl_photoz_errors--bias_2
     wl_photoz_errors--bias_3
     wl_photoz_errors--bias_4
IA - 5 parameters:
     intrinsic_alignment_parameters--a1
     intrinsic_alignment_parameters--a2
     intrinsic_alignment_parameters--alpha1
     intrinsic_alignment_parameters--alpha2
     intrinsic_alignment_parameters--bias_ta
pk_to_cl_gg - 4 parameters:
     bias_lens--b1
     bias_lens--b2
     bias_lens--b3
     bias_lens--b4
pk_to_cl - 0 parameters:
add_magnification - 0 parameters:
add_intrinsic - 0 parameters:
2pt_shear - 0 parameters:
2pt_gal - 0 parameters:
2pt_gal_shear - 0 parameters:
shear_m_bias - 4 parameters:
     shear_calibration_parameters--m1
     shear_calibration_parameters--m2
     shear_calibration_parameters--m3
     shear_calibration_parameters--m4
add_point_mass - 0 parameters:
2pt_like - 0 parameters:
shear_ratio_like - 0 parameters:
spt3g_d1_lensing - 7 parameters:
     candl_nuisance_parameters--acib150
     candl_nuisance_parameters--acib220
     candl_nuisance_parameters--arad150
     candl_nuisance_parameters--arad90
     candl_nuisance_parameters--atsz
     candl_nuisance_parameters--pcal_lens
     candl_nuisance_parameters--tcal_lens
Results - 0 parameters:
You manually told me in the parameter file to use module 18 as the first in the fast block
Time for full pipeline:  57.72s
Time for slow pipeline:  57.67s
Time for fast pipeline:  0.05s
Time saving: 99.92%

Based on this we have decided: 
   Slow modules (18):
        consistency
        bbn_consistency
        s8_to_sigma8
        camb
        as_to_log1e10as
        fast_pt
        fits_nz
        lens_photoz_width
        lens_photoz_bias
        source_photoz_bias
        IA
        pk_to_cl_gg
        pk_to_cl
        add_magnification
        add_intrinsic
        2pt_shear
        2pt_gal
        2pt_gal_shear
   Fast modules (5):
        shear_m_bias
        add_point_mass
        2pt_like
        shear_ratio_like
        spt3g_d1_lensing
   Slow parameters (28):
        cosmological_parameters--ombh2
        cosmological_parameters--omch2
        cosmological_parameters--h0
        cosmological_parameters--mnu
        cosmological_parameters--s_8
        cosmological_parameters--n_s
        halo_model_parameters--logt_agn
        lens_photoz_errors--width_1
        lens_photoz_errors--width_2
        lens_photoz_errors--width_3
        lens_photoz_errors--width_4
        lens_photoz_errors--bias_1
        lens_photoz_errors--bias_2
        lens_photoz_errors--bias_3
        lens_photoz_errors--bias_4
        wl_photoz_errors--bias_1
        wl_photoz_errors--bias_2
        wl_photoz_errors--bias_3
        wl_photoz_errors--bias_4
        intrinsic_alignment_parameters--a1
        intrinsic_alignment_parameters--a2
        intrinsic_alignment_parameters--alpha1
        intrinsic_alignment_paramUsing two grades of parameter speed in polychord.
Telling Polychord to spend fraction 0.1 if its time in the fast subspace (adjust with fast_fraction option)
Polychord num_repeats = 74  (from parameter file)
2pt_gal_shear took: 0.113 seconds
shear_m_bias took: 0.002 seconds
add_point_mass took: 0.000 seconds
2pt_like took: 0.020 seconds
shear_ratio_like took: 0.001 seconds
spt3g_d1_lensing took: 0.025 seconds
Total pipeline time: 57.2 seconds


Parameters first used in each module:
consistency - 5 parameters:
     cosmological_parameters--ombh2
     cosmological_parameters--omch2
     cosmological_parameters--h0
     cosmological_parameters--mnu
     cosmological_parameters--s_8
bbn_consistency - 0 parameters:
s8_to_sigma8 - 0 parameters:
camb - 2 parameters:
     cosmological_parameters--n_s
     halo_model_parameters--logt_agn
as_to_log1e10as - 0 parameters:
fast_pt - 0 parameters:
fits_nz - 0 parameters:
lens_photoz_width - 4 parameters:
     lens_photoz_errors--width_1
     lens_photoz_errors--width_2
     lens_photoz_errors--width_3
     lens_photoz_errors--width_4
lens_photoz_bias - 4 parameters:
     lens_photoz_errors--bias_1
     lens_photoz_errors--bias_2
     lens_photoz_errors--bias_3
     lens_photoz_errors--bias_4
source_photoz_bias - 4 parameters:
     wl_photoz_errors--bias_1
     wl_photoz_errors--bias_2
     wl_photoz_errors--bias_3
     wl_photoz_errors--bias_4
IA - 5 parameters:
     intrinsic_alignment_parameters--a1
     intrinsic_alignment_parameters--a2
     intrinsic_alignment_parameters--alpha1
     intrinsic_alignment_parameters--alpha2
     intrinsic_alignment_parameters--bias_ta
pk_to_cl_gg - 4 parameters:
     bias_lens--b1
     bias_lens--b2
     bias_lens--b3
     bias_lens--b4
pk_to_cl - 0 parameters:
add_magnification - 0 parameters:
add_intrinsic - 0 parameters:
2pt_shear - 0 parameters:
2pt_gal - 0 parameters:
2pt_gal_shear - 0 parameters:
shear_m_bias - 4 parameters:
     shear_calibration_parameters--m1
     shear_calibration_parameters--m2
     shear_calibration_parameters--m3
     shear_calibration_parameters--m4
add_point_mass - 0 parameters:
2pt_like - 0 parameters:
shear_ratio_like - 0 parameters:
spt3g_d1_lensing - 7 parameters:
     candl_nuisance_parameters--acib150
     candl_nuisance_parameters--acib220
     candl_nuisance_parameters--arad150
     candl_nuisance_parameters--arad90
     candl_nuisance_parameters--atsz
     candl_nuisance_parameters--pcal_lens
     candl_nuisance_parameters--tcal_lens
Results - 0 parameters:
You manually told me in the parameter file to use module 18 as the first in the fast block
Time for full pipeline:  57.19s
Time for slow pipeline:  57.14s
Time for fast pipeline:  0.05s
Time saving: 99.92%

Based on this we have decided: 
   Slow modules (18):
        consistency
        bbn_consistency
        s8_to_sigma8
        camb
        as_to_log1e10as
        fast_pt
        fits_nz
        lens_photoz_width
        lens_photoz_bias
        source_photoz_bias
        IA
        pk_to_cl_gg
        pk_to_cl
        add_magnification
        add_intrinsic
        2pt_shear
        2pt_gal
        2pt_gal_shear
   Fast modules (5):
        shear_m_bias
        add_point_mass
        2pt_like
        shear_ratio_like
        spt3g_d1_lensing
   Slow parameters (28):
        cosmological_parameters--ombh2
        cosmological_parameters--omch2
        cosmological_parameters--h0
        cosmological_parameters--mnu
        cosmological_parameters--s_8
        cosmological_parameters--n_s
        halo_model_parameters--logt_agn
        lens_photoz_errors--width_1
        lens_photoz_errors--width_2
        lens_photoz_errors--width_3
        lens_photoz_errors--width_4
        lens_photoz_errors--bias_1
        lens_photoz_errors--bias_2
        lens_photoz_errors--bias_3
        lens_photoz_errors--bias_4
        wl_photoz_errors--bias_1
        wl_photoz_errors--bias_2
        wl_photoz_errors--bias_3
        wl_photoz_errors--bias_4
        intrinsic_alignment_parameters--a1
        intrinsic_alignment_parameters--a2
        intrinsic_alignment_parameters--alpha1
        intrinsic_alignment_parameters--alpha2
        intrinsic_alignment_parameters--bias_ta
        bias_lens--b1
        bias_lens--b2
        bias_lens--b3
        bias_lens--b4
   Fast pcamb took: 55.496 seconds
as_to_log1e10as took: 0.000 seconds
fast_pt took: 0.092 seconds
fits_nz took: 0.000 seconds
lens_photoz_width took: 0.001 seconds
lens_photoz_bias took: 0.001 seconds
source_photoz_bias took: 0.001 seconds
IA took: 0.016 seconds
camb took: 55.702 seconds
as_to_log1e10as took: 0.000 seconds
fast_pt took: 0.094 seconds
fits_nz took: 0.000 seconds
lens_photoz_width took: 0.001 seconds
lens_photoz_bias took: 0.001 seconds
source_photoz_bias took: 0.001 seconds
IA took: 0.026 seconds
Using two grades of parameter speed in polychord.
Telling Polychord to spend fraction 0.1 if its time in the fast subspace (adjust with fast_fraction option)
Polychord num_repeats = 74  (from parameter file)
pk_to_cl took: 0.465 seconds
add_magnification took: 0.005 seconds
add_intrinsic took: 0.003 seconds
2pt_shear took: 0.093 seconds
2pt_gal took: 0.026 seconds
2pt_gal_shear took: 0.101 seconds
shear_m_bias took: 0.002 seconds
add_point_mass took: 0.000 seconds
2pt_like took: 0.017 seconds
shear_ratio_like took: 0.001 seconds
spt3g_d1_lensing took: 0.024 seconds
Total pipeline time: 56.6 seconds


Parameters first used in each module:
consistency - 5 parameters:
     cosmological_parameters--ombh2
     cosmological_parameters--omch2
     cosmological_parameters--h0
     cosmological_parameters--mnu
     cosmological_parameters--s_8
bbn_consistency - 0 parameters:
s8_to_sigma8 - 0 parameters:
camb - 2 parameters:
     cosmological_parameters--n_s
     halo_model_parameters--logt_agn
as_to_log1e10as - 0 parameters:
fast_pt - 0 parameters:
fits_nz - 0 parameters:
lens_photoz_width - 4 parameters:
     lens_photoz_errors--width_1
     lens_photoz_errors--width_2
     lens_photoz_errors--width_3
     lens_photoz_errors--width_4
lens_photoz_bias - 4 parameters:
     lens_photoz_errors--bias_1
     lens_photoz_errors--bias_2
     lens_photoz_errors--bias_3
     lens_photoz_errors--bias_4
source_photoz_bias - 4 parameters:
     wl_photoz_errors--bias_1
     wl_photoz_errors--bias_2
     wl_photoz_errors--bias_3
     wl_photoz_errors--bias_4
IA - 5 parameters:
     intrinsic_alignment_parameters--a1
     intrinsic_alignment_parameters--a2
     intrinsic_alignment_parameters--alpha1
     intrinsic_alignment_parameters--alpha2
     intrinsic_alignment_parameters--bias_ta
pk_to_cl_gg - 4 parameters:
     bias_lens--b1
     bias_lens--b2
     bias_lens--b3
     bias_lens--b4
pk_to_cl - 0 parameters:
add_magnification - 0 parameters:
add_intrinsic - 0 parameters:
2pt_shear - 0 parameters:
2pt_gal - 0 parameters:
2pt_gal_shear - 0 parameters:
shear_m_bias - 4 parameters:
     shear_calibration_parameters--m1
     shear_calibration_parameters--m2
     shear_calibration_parameters--m3
     shear_calibration_parameters--m4
add_point_mass - 0 parameters:
2pt_like - 0 parameters:
shear_ratio_like - 0 parameters:
spt3g_d1_lensing - 7 parameters:
     candl_nuisance_parameters--acib150
     candl_nuisance_parameters--acib220
     candl_nuisance_parameters--arad150
     candl_nuisance_parameters--arad90
     candl_nuisance_parameters--atsz
     candl_nuisance_parameters--pcal_lens
     candl_nuisance_parameters--tcal_lens
Results - 0 parameters:
You manually told me in the parameter file to use module 18 as the first in the fast block
Time for full pipeline:  56.59s
Time for slow pipeline:  56.54s
Time for fast pipeline:  0.04s
Time saving: 99.92%

Based on this we have decided: 
   Slow modules (18):
        consistency
        bbn_consistency
        s8_to_sigma8
        camb
        as_to_log1e10as
        fast_pt
        fits_nz
        lens_photoz_width
        lens_photoz_bias
        source_photoz_bias
        IA
        pk_to_cl_gg
        pk_to_cl
        add_magnification
        add_intrinsic
        2pt_shear
        2pt_gal
        2pt_gal_shear
   Fast modules (5):
        shear_m_bias
        add_point_mass
        2pt_like
        shear_ratio_like
        spt3g_d1_lensing
   Slow parameters (28):
        cosmological_parameters--ombh2
        cosmological_parameters--omch2
        cosmological_parameters--h0
        cosmological_parameters--mnu
        cosmological_parameters--s_8
        cosmological_parameters--n_s
        halo_model_parameters--logt_agn
        lens_photoz_errors--width_1
        lens_photoz_errors--width_2
        lens_photoz_errors--width_3
        lens_photoz_errors--width_4
        lens_photoz_errors--bias_1
        lens_photoz_errors--bias_2
        lens_photoz_errors--bias_3
        lens_photoz_errors--bias_4
        wl_photoz_errors--bias_1
        wl_photoz_errors--bias_2
        wl_photoz_errors--bias_3
        wl_photoz_errors--bias_4
        intrinsic_alignment_parameters--a1
        intrinsic_alignment_parameters--a2
        intrinsic_alignment_parameters--alpha1
        intrinsic_alignment_param2pt_gal_shear took: 0.116 seconds
shear_m_bias took: 0.002 seconds
add_point_mass took: 0.000 seconds
2pt_like took: 0.020 seconds
shear_ratio_like took: 0.001 seconds
spt3g_d1_lensing took: 0.026 seconds
Total pipeline time: 57.1 seconds


Parameters first used in each module:
consistency - 5 parameters:
     cosmological_parameters--ombh2
     cosmological_parameters--omch2
     cosmological_parameters--h0
     cosmological_parameters--mnu
     cosmological_parameters--s_8
bbn_consistency - 0 parameters:
s8_to_sigma8 - 0 parameters:
camb - 2 parameters:
     cosmological_parameters--n_s
     halo_model_parameters--logt_agn
as_to_log1e10as - 0 parameters:
fast_pt - 0 parameters:
fits_nz - 0 parameters:
lens_photoz_width - 4 parameters:
     lens_photoz_errors--width_1
     lens_photoz_errors--width_2
     lens_photoz_errors--width_3
     lens_photoz_errors--width_4
lens_photoz_bias - 4 parameters:
     lens_photoz_errors--bias_1
     lens_photoz_errors--bias_2
     lens_photoz_errors--bias_3
     lens_photoz_errors--bias_4
source_photoz_bias - 4 parameters:
     wl_photoz_errors--bias_1
     wl_photoz_errors--bias_2
     wl_photoz_errors--bias_3
     wl_photoz_errors--bias_4
IA - 5 parameters:
     intrinsic_alignment_parameters--a1
     intrinsic_alignment_parameters--a2
     intrinsic_alignment_parameters--alpha1
     intrinsic_alignment_parameters--alpha2
     intrinsic_alignment_parameters--bias_ta
pk_to_cl_gg - 4 parameters:
     bias_lens--b1
     bias_lens--b2
     bias_lens--b3
     bias_lens--b4
pk_to_cl - 0 parameters:
add_magnification - 0 parameters:
add_intrinsic - 0 parameters:
2pt_shear - 0 parameters:
2pt_gal - 0 parameters:
2pt_gal_shear - 0 parameters:
shear_m_bias - 4 parameters:
     shear_calibration_parameters--m1
     shear_calibration_parameters--m2
     shear_calibration_parameters--m3
     shear_calibration_parameters--m4
add_point_mass - 0 parameters:
2pt_like - 0 parameters:
shear_ratio_like - 0 parameters:
spt3g_d1_lensing - 7 parameters:
     candl_nuisance_parameters--acib150
     candl_nuisance_parameters--acib220
     candl_nuisance_parameters--arad150
     candl_nuisance_parameters--arad90
     candl_nuisance_parameters--atsz
     candl_nuisance_parameters--pcal_lens
     candl_nuisance_parameters--tcal_lens
Results - 0 parameters:
You manually told me in the parameter file to use module 18 as the first in the fast block
Time for full pipeline:  57.06s
Time for slow pipeline:  57.01s
Time for fast pipeline:  0.05s
Time saving: 99.91%

Based on this we have decided: 
   Slow modules (18):
        consistency
        bbn_consistency
        s8_to_sigma8
        camb
        as_to_log1e10as
        fast_pt
        fits_nz
        lens_photoz_width
        lens_photoz_bias
        source_photoz_bias
        IA
        pk_to_cl_gg
        pk_to_cl
        add_magnification
        add_intrinsic
        2pt_shear
        2pt_gal
        2pt_gal_shear
   Fast modules (5):
        shear_m_bias
        add_point_mass
        2pt_like
        shear_ratio_like
        spt3g_d1_lensing
   Slow parameters (28):
        cosmological_parameters--ombh2
        cosmological_parameters--omch2
        cosmological_parameters--h0
        cosmological_parameters--mnu
        cosmological_parameters--s_8
        cosmological_parameters--n_s
        halo_model_parameters--logt_agn
        lens_photoz_errors--width_1
        lens_photoz_errors--width_2
        lens_photoz_errors--width_3
        lens_photoz_errors--width_4
        lens_photoz_errors--bias_1
        lens_photoz_errors--bias_2
        lens_photoz_errors--bias_3
        lens_photoz_errors--bias_4
        wl_photoz_errors--bias_1
        wl_photoz_errors--bias_2
        wl_photoz_errors--bias_3
        wl_photoz_errors--bias_4
        intrinsic_alignment_parameters--a1
        intrinsic_alignment_parameters--a2
        intrinsic_alignment_parameters--alpha1
        intrinsic_alignment_parameters--alpha2
        intrinsic_alignment_parameters--bias_ta
        bias_lens--b1
        bias_lens--b2
        bias_lens--b3
        bias_lens--b4
   Fast pUsing two grades of parameter speed in polychord.
Telling Polychord to spend fraction 0.1 if its time in the fast subspace (adjust with fast_fraction option)
Polychord num_repeats = 74  (from parameter file)
Using two grades of parameter speed in polychord.
Telling Polychord to spend fraction 0.1 if its time in the fast subspace (adjust with fast_fraction option)
Polychord num_repeats = 74  (from parameter file)
pk_to_cl_gg took: 0.869 seconds
pk_to_cl took: 0.460 seconds
add_magnification took: 0.005 seconds
add_intrinsic took: 0.002 seconds
2pt_shear took: 0.087 seconds
2pt_gal took: 0.026 seconds
camb took: 56.623 seconds
as_to_log1e10as took: 0.000 seconds
fast_pt took: 0.092 seconds
fits_nz took: 0.000 seconds
lens_photoz_width took: 0.001 seconds
lens_photoz_bias took: 0.001 seconds
source_photoz_bias took: 0.001 seconds
IA took: 0.015 seconds
pk_to_cl_gg took: 0.918 seconds
pk_to_cl took: 0.455 seconds
add_magnification took: 0.005 seconds
add_intrinsic took: 0.002 seconds
pk_to_cl took: 0.459 seconds
add_magnification took: 0.005 seconds
add_intrinsic took: 0.002 seconds
2pt_shear took: 0.093 seconds
2pt_gal took: 0.027 seconds
2pt_gal_shear took: 0.107 seconds
shear_m_bias took: 0.002 seconds
add_point_mass took: 0.000 seconds
2pt_like took: 0.021 seconds
shear_ratio_like took: 0.001 seconds
spt3g_d1_lensing took: 0.027 seconds
Total pipeline time: 57.4 seconds


Parameters first used in each module:
consistency - 5 parameters:
     cosmological_parameters--ombh2
     cosmological_parameters--omch2
     cosmological_parameters--h0
     cosmological_parameters--mnu
     cosmological_parameters--s_8
bbn_consistency - 0 parameters:
s8_to_sigma8 - 0 parameters:
camb - 2 parameters:
     cosmological_parameters--n_s
     halo_model_parameters--logt_agn
as_to_log1e10as - 0 parameters:
fast_pt - 0 parameters:
fits_nz - 0 parameters:
lens_photoz_width - 4 parameters:
     lens_photoz_errors--width_1
     lens_photoz_errors--width_2
     lens_photoz_errors--width_3
     lens_photoz_errors--width_4
lens_photoz_bias - 4 parameters:
     lens_photoz_errors--bias_1
     lens_photoz_errors--bias_2
     lens_photoz_errors--bias_3
     lens_photoz_errors--bias_4
source_photoz_bias - 4 parameters:
     wl_photoz_errors--bias_1
     wl_photoz_errors--bias_2
     wl_photoz_errors--bias_3
     wl_photoz_errors--bias_4
IA - 5 parameters:
     intrinsic_alignment_parameters--a1
     intrinsic_alignment_parameters--a2
     intrinsic_alignment_parameters--alpha1
     intrinsic_alignment_parameters--alpha2
     intrinsic_alignment_parameters--bias_ta
pk_to_cl_gg - 4 parameters:
     bias_lens--b1
     bias_lens--b2
     bias_lens--b3
     bias_lens--b4
pk_to_cl - 0 parameters:
add_magnification - 0 parameters:
add_intrinsic - 0 parameters:
2pt_shear - 0 parameters:
2pt_gal - 0 parameters:
2pt_gal_shear - 0 parameters:
shear_m_bias - 4 parameters:
     shear_calibration_parameters--m1
     shear_calibration_parameters--m2
     shear_calibration_parameters--m3
     shear_calibration_parameters--m4
add_point_mass - 0 parameters:
2pt_like - 0 parameters:
shear_ratio_like - 0 parameters:
spt3g_d1_lensing - 7 parameters:
     candl_nuisance_parameters--acib150
     candl_nuisance_parameters--acib220
     candl_nuisance_parameters--arad150
     candl_nuisance_parameters--arad90
     candl_nuisance_parameters--atsz
     candl_nuisance_parameters--pcal_lens
     candl_nuisance_parameters--tcal_lens
Results - 0 parameters:
You manually told me in the parameter file to use module 18 as the first in the fast block
Time for full pipeline:  57.40s
Time for slow pipeline:  57.35s
Time for fast pipeline:  0.05s
Time saving: 99.91%

Based on this we have decided: 
   Slow modules (18):
        consistency
        bbn_consistency
        s8_to_sigma8
        camb
        as_to_log1e10as
        fast_pt
        fits_nz
        lens_photoz_width
        lens_photoz_bias
        source_photoz_bias
        IA
        pk_to_cl_gg
        pk_to_cl
        add_magnification
        add_intrinsic
        2pt_shear
        2pt_gal
        2pt_gal_shear
   Fast modules (5):
        shear_m_bias
        add_point_mass
        2pt_like
        shear_ratio_like
        spt3g_d1_lensing
   Slow parameters (28):
        cosmological_parameters--ombh2
        cosmological_parameters--omch2
        cosmological_parameters--h0
        cosmological_parameters--mnu
        cosmological_parameters--s_8
        cosmological_parameters--n_s
        halo_model_parameters--logt_agn
        lens_photoz_errors--width_1
        lens_photoz_errors--width_2
        lens_photoz_errors--width_3
        lens_photoz_errors--width_4
        lens_photoz_errors--bias_1
        lens_photoz_errors--bias_2
        lens_photoz_errors--bias_3
        lens_photoz_errors--bias_4
        wl_photoz_errors--bias_1
        wl_photoz_errors--bias_2
        wl_photoz_errors--bias_3
        wl_photoz_errors--bias_4
        intrinsic_alignment_parameters--a1
        intrinsic_alignment_parameters--a2
        intrinsic_alignment_parameters--alpha1
        intrinsic_alignment_parampk_to_cl took: 0.630 seconds
add_magnification took: 0.005 seconds
add_intrinsic took: 0.002 seconds
2pt_shear took: 0.092 seconds
2pt_gal took: 0.027 seconds
2pt_gal_shear took: 0.108 seconds
shear_m_bias took: 0.002 seconds
add_point_mass took: 0.000 seconds
2pt_like took: 0.020 seconds
shear_ratio_like took: 0.001 seconds
spt3g_d1_lensing took: 0.025 seconds
Total pipeline time: 59.1 seconds


Parameters first used in each module:
consistency - 5 parameters:
     cosmological_parameters--ombh2
     cosmological_parameters--omch2
     cosmological_parameters--h0
     cosmological_parameters--mnu
     cosmological_parameters--s_8
bbn_consistency - 0 parameters:
s8_to_sigma8 - 0 parameters:
camb - 2 parameters:
     cosmological_parameters--n_s
     halo_model_parameters--logt_agn
as_to_log1e10as - 0 parameters:
fast_pt - 0 parameters:
fits_nz - 0 parameters:
lens_photoz_width - 4 parameters:
     lens_photoz_errors--width_1
     lens_photoz_errors--width_2
     lens_photoz_errors--width_3
     lens_photoz_errors--width_4
lens_photoz_bias - 4 parameters:
     lens_photoz_errors--bias_1
     lens_photoz_errors--bias_2
     lens_photoz_errors--bias_3
     lens_photoz_errors--bias_4
source_photoz_bias - 4 parameters:
     wl_photoz_errors--bias_1
     wl_photoz_errors--bias_2
     wl_photoz_errors--bias_3
     wl_photoz_errors--bias_4
IA - 5 parameters:
     intrinsic_alignment_parameters--a1
     intrinsic_alignment_parameters--a2
     intrinsic_alignment_parameters--alpha1
     intrinsic_alignment_parameters--alpha2
     intrinsic_alignment_parameters--bias_ta
pk_to_cl_gg - 4 parameters:
     bias_lens--b1
     bias_lens--b2
     bias_lens--b3
     bias_lens--b4
pk_to_cl - 0 parameters:
add_magnification - 0 parameters:
add_intrinsic - 0 parameters:
2pt_shear - 0 parameters:
2pt_gal - 0 parameters:
2pt_gal_shear - 0 parameters:
shear_m_bias - 4 parameters:
     shear_calibration_parameters--m1
     shear_calibration_parameters--m2
     shear_calibration_parameters--m3
     shear_calibration_parameters--m4
add_point_mass - 0 parameters:
2pt_like - 0 parameters:
shear_ratio_like - 0 parameters:
spt3g_d1_lensing - 7 parameters:
     candl_nuisance_parameters--acib150
     candl_nuisance_parameters--acib220
     candl_nuisance_parameters--arad150
     candl_nuisance_parameters--arad90
     candl_nuisance_parameters--atsz
     candl_nuisance_parameters--pcal_lens
     candl_nuisance_parameters--tcal_lens
Results - 0 parameters:
You manually told me in the parameter file to use module 18 as the first in the fast block
Time for full pipeline:  59.06s
Time for slow pipeline:  59.01s
Time for fast pipeline:  0.05s
Time saving: 99.92%

Based on this we have decided: 
   Slow modules (18):
        consistency
        bbn_consistency
        s8_to_sigma8
        camb
        as_to_log1e10as
        fast_pt
        fits_nz
        lens_photoz_width
        lens_photoz_bias
        source_photoz_bias
        IA
        pk_to_cl_gg
        pk_to_cl
        add_magnification
        add_intrinsic
        2pt_shear
        2pt_gal
        2pt_gal_shear
   Fast modules (5):
        shear_m_bias
        add_point_mass
        2pt_like
        shear_ratio_like
        spt3g_d1_lensing
   Slow parameters (28):
        cosmological_parameters--ombh2
        cosmological_parameters--omch2
        cosmological_parameters--h0
        cosmological_parameters--mnu
        cosmological_parameters--s_8
        cosmological_parameters--n_s
        halo_model_parameters--logt_agn
        lens_photoz_errors--width_1
        lens_photoz_errors--width_2
        lens_photoz_errors--width_3
        lens_photoz_errors--width_4
        lens_photoz_errors--bias_1
        lens_photoz_errors--bias_2
        lens_photoz_errors--bias_3
        lens_photoz_errors--bias_4
        wl_photoz_errors--bias_1
        wl_photoz_errors--bias_2
        wl_photoz_errors--bias_3
        wl_photoz_errors--bias_4
        intrinsic_alignment_parameters--a1
        intrinsic_alignment_parameters--a2
        intrinsic_alignment_parameters--alpha1
        intrinsic_alignment_paramUsing two grades of parameter speed in polychord.
Telling Polychord to spend fraction 0.1 if its time in the fast subspace (adjust with fast_fraction option)
Polychord num_repeats = 74  (from parameter file)
Using two grades of parameter speed in polychord.
Telling Polychord to spend fraction 0.1 if its time in the fast subspace (adjust with fast_fraction option)
Polychord num_repeats = 74  (from parameter file)
2pt_gal_shear took: 0.128 seconds
shear_m_bias took: 0.002 seconds
add_point_mass took: 0.000 seconds
2pt_like took: 0.018 seconds
shear_ratio_like took: 0.001 seconds
spt3g_d1_lensing took: 0.027 seconds
Total pipeline time: 58.9 seconds


Parameters first used in each module:
consistency - 5 parameters:
     cosmological_parameters--ombh2
     cosmological_parameters--omch2
     cosmological_parameters--h0
     cosmological_parameters--mnu
     cosmological_parameters--s_8
bbn_consistency - 0 parameters:
s8_to_sigma8 - 0 parameters:
camb - 2 parameters:
     cosmological_parameters--n_s
     halo_model_parameters--logt_agn
as_to_log1e10as - 0 parameters:
fast_pt - 0 parameters:
fits_nz - 0 parameters:
lens_photoz_width - 4 parameters:
     lens_photoz_errors--width_1
     lens_photoz_errors--width_2
     lens_photoz_errors--width_3
     lens_photoz_errors--width_4
lens_photoz_bias - 4 parameters:
     lens_photoz_errors--bias_1
     lens_photoz_errors--bias_2
     lens_photoz_errors--bias_3
     lens_photoz_errors--bias_4
source_photoz_bias - 4 parameters:
     wl_photoz_errors--bias_1
     wl_photoz_errors--bias_2
     wl_photoz_errors--bias_3
     wl_photoz_errors--bias_4
IA - 5 parameters:
     intrinsic_alignment_parameters--a1
     intrinsic_alignment_parameters--a2
     intrinsic_alignment_parameters--alpha1
     intrinsic_alignment_parameters--alpha2
     intrinsic_alignment_parameters--bias_ta
pk_to_cl_gg - 4 parameters:
     bias_lens--b1
     bias_lens--b2
     bias_lens--b3
     bias_lens--b4
pk_to_cl - 0 parameters:
add_magnification - 0 parameters:
add_intrinsic - 0 parameters:
2pt_shear - 0 parameters:
2pt_gal - 0 parameters:
2pt_gal_shear - 0 parameters:
shear_m_bias - 4 parameters:
     shear_calibration_parameters--m1
     shear_calibration_parameters--m2
     shear_calibration_parameters--m3
     shear_calibration_parameters--m4
add_point_mass - 0 parameters:
2pt_like - 0 parameters:
shear_ratio_like - 0 parameters:
spt3g_d1_lensing - 7 parameters:
     candl_nuisance_parameters--acib150
     candl_nuisance_parameters--acib220
     candl_nuisance_parameters--arad150
     candl_nuisance_parameters--arad90
     candl_nuisance_parameters--atsz
     candl_nuisance_parameters--pcal_lens
     candl_nuisance_parameters--tcal_lens
Results - 0 parameters:
You manually told me in the parameter file to use module 18 as the first in the fast block
Time for full pipeline:  58.91s
Time for slow pipeline:  58.86s
Time for fast pipeline:  0.05s
Time saving: 99.92%

Based on this we have decided: 
   Slow modules (18):
        consistency
        bbn_consistency
        s8_to_sigma8
        camb
        as_to_log1e10as
        fast_pt
        fits_nz
        lens_photoz_width
        lens_photoz_bias
        source_photoz_bias
        IA
        pk_to_cl_gg
        pk_to_cl
        add_magnification
        add_intrinsic
        2pt_shear
        2pt_gal
        2pt_gal_shear
   Fast modules (5):
        shear_m_bias
        add_point_mass
        2pt_like
        shear_ratio_like
        spt3g_d1_lensing
   Slow parameters (28):
        cosmological_parameters--ombh2
        cosmological_parameters--omch2
        cosmological_parameters--h0
        cosmological_parameters--mnu
        cosmological_parameters--s_8
        cosmological_parameters--n_s
        halo_model_parameters--logt_agn
        lens_photoz_errors--width_1
        lens_photoz_errors--width_2
        lens_photoz_errors--width_3
        lens_photoz_errors--width_4
        lens_photoz_errors--bias_1
        lens_photoz_errors--bias_2
        lens_photoz_errors--bias_3
        lens_photoz_errors--bias_4
        wl_photoz_errors--bias_1
        wl_photoz_errors--bias_2
        wl_photoz_errors--bias_3
        wl_photoz_errors--bias_4
        intrinsic_alignment_parameters--a1
        intrinsic_alignment_parameters--a2
        intrinsic_alignment_parameters--alpha1
        intrinsic_alignment_parameters--alpha2
        intrinsic_alignment_parameters--bias_ta
        bias_lens--b1
        bias_lens--b2
        bias_lens--b3
        bias_lens--b4
   Fast pcamb took: 56.024 seconds
as_to_log1e10as took: 0.000 seconds
fast_pt took: 0.091 seconds
fits_nz took: 0.000 seconds
lens_photoz_width took: 0.001 seconds
lens_photoz_bias took: 0.001 seconds
source_photoz_bias took: 0.001 seconds
IA took: 0.015 seconds
pk_to_cl took: 0.459 seconds
add_magnification took: 0.005 seconds
add_intrinsic took: 0.002 seconds
2pt_shear took: 0.089 seconds
2pt_gal took: 0.031 seconds
2pt_gal_shear took: 0.130 seconds
shear_m_bias took: 0.002 seconds
add_point_mass took: 0.000 seconds
2pt_like took: 0.018 seconds
shear_ratio_like took: 0.001 seconds
spt3g_d1_lensing took: 0.024 seconds
Total pipeline time: 58.2 seconds


Parameters first used in each module:
consistency - 5 parameters:
     cosmological_parameters--ombh2
     cosmological_parameters--omch2
     cosmological_parameters--h0
     cosmological_parameters--mnu
     cosmological_parameters--s_8
bbn_consistency - 0 parameters:
s8_to_sigma8 - 0 parameters:
camb - 2 parameters:
     cosmological_parameters--n_s
     halo_model_parameters--logt_agn
as_to_log1e10as - 0 parameters:
fast_pt - 0 parameters:
fits_nz - 0 parameters:
lens_photoz_width - 4 parameters:
     lens_photoz_errors--width_1
     lens_photoz_errors--width_2
     lens_photoz_errors--width_3
     lens_photoz_errors--width_4
lens_photoz_bias - 4 parameters:
     lens_photoz_errors--bias_1
     lens_photoz_errors--bias_2
     lens_photoz_errors--bias_3
     lens_photoz_errors--bias_4
source_photoz_bias - 4 parameters:
     wl_photoz_errors--bias_1
     wl_photoz_errors--bias_2
     wl_photoz_errors--bias_3
     wl_photoz_errors--bias_4
IA - 5 parameters:
     intrinsic_alignment_parameters--a1
     intrinsic_alignment_parameters--a2
     intrinsic_alignment_parameters--alpha1
     intrinsic_alignment_parameters--alpha2
     intrinsic_alignment_parameters--bias_ta
pk_to_cl_gg - 4 parameters:
     bias_lens--b1
     bias_lens--b2
     bias_lens--b3
     bias_lens--b4
pk_to_cl - 0 parameters:
add_magnification - 0 parameters:
add_intrinsic - 0 parameters:
2pt_shear - 0 parameters:
2pt_gal - 0 parameters:
2pt_gal_shear - 0 parameters:
shear_m_bias - 4 parameters:
     shear_calibration_parameters--m1
     shear_calibration_parameters--m2
     shear_calibration_parameters--m3
     shear_calibration_parameters--m4
add_point_mass - 0 parameters:
2pt_like - 0 parameters:
shear_ratio_like - 0 parameters:
spt3g_d1_lensing - 7 parameters:
     candl_nuisance_parameters--acib150
     candl_nuisance_parameters--acib220
     candl_nuisance_parameters--arad150
     candl_nuisance_parameters--arad90
     candl_nuisance_parameters--atsz
     candl_nuisance_parameters--pcal_lens
     candl_nuisance_parameters--tcal_lens
Results - 0 parameters:
You manually told me in the parameter file to use module 18 as the first in the fast block
Time for full pipeline:  58.18s
Time for slow pipeline:  58.14s
Time for fast pipeline:  0.04s
Time saving: 99.92%

Based on this we have decided: 
   Slow modules (18):
        consistency
        bbn_consistency
        s8_to_sigma8
        camb
        as_to_log1e10as
        fast_pt
        fits_nz
        lens_photoz_width
        lens_photoz_bias
        source_photoz_bias
        IA
        pk_to_cl_gg
        pk_to_cl
        add_magnification
        add_intrinsic
        2pt_shear
        2pt_gal
        2pt_gal_shear
   Fast modules (5):
        shear_m_bias
        add_point_mass
        2pt_like
        shear_ratio_like
        spt3g_d1_lensing
   Slow parameters (28):
        cosmological_parameters--ombh2
        cosmological_parameters--omch2
        cosmological_parameters--h0
        cosmological_parameters--mnu
        cosmological_parameters--s_8
        cosmological_parameters--n_s
        halo_model_parameters--logt_agn
        lens_photoz_errors--width_1
        lens_photoz_errors--width_2
        lens_photoz_errors--width_3
        lens_photoz_errors--width_4
        lens_photoz_errors--bias_1
        lens_photoz_errors--bias_2
        lens_photoz_errors--bias_3
        lens_photoz_errors--bias_4
        wl_photoz_errors--bias_1
        wl_photoz_errors--bias_2
        wl_photoz_errors--bias_3
        wl_photoz_errors--bias_4
        intrinsic_alignment_parameters--a1
        intrinsic_alignment_parameters--a2
        intrinsic_alignment_parameters--alpha1
        intrinsic_alignment_parampk_to_cl_gg took: 1.258 seconds
pk_to_cl took: 0.488 seconds
add_magnification took: 0.008 seconds
add_intrinsic took: 0.004 seconds
2pt_shear took: 0.127 seconds
2pt_gal took: 0.037 seconds
2pt_gal_shear took: 0.101 seconds
shear_m_bias took: 0.002 seconds
add_point_mass took: 0.000 seconds
2pt_like took: 0.020 seconds
shear_ratio_like took: 0.001 seconds
spt3g_d1_lensing took: 0.028 seconds
Total pipeline time: 56.7 seconds


Parameters first used in each module:
consistency - 5 parameters:
     cosmological_parameters--ombh2
     cosmological_parameters--omch2
     cosmological_parameters--h0
     cosmological_parameters--mnu
     cosmological_parameters--s_8
bbn_consistency - 0 parameters:
s8_to_sigma8 - 0 parameters:
camb - 2 parameters:
     cosmological_parameters--n_s
     halo_model_parameters--logt_agn
as_to_log1e10as - 0 parameters:
fast_pt - 0 parameters:
fits_nz - 0 parameters:
lens_photoz_width - 4 parameters:
     lens_photoz_errors--width_1
     lens_photoz_errors--width_2
     lens_photoz_errors--width_3
     lens_photoz_errors--width_4
lens_photoz_bias - 4 parameters:
     lens_photoz_errors--bias_1
     lens_photoz_errors--bias_2
     lens_photoz_errors--bias_3
     lens_photoz_errors--bias_4
source_photoz_bias - 4 parameters:
     wl_photoz_errors--bias_1
     wl_photoz_errors--bias_2
     wl_photoz_errors--bias_3
     wl_photoz_errors--bias_4
IA - 5 parameters:
     intrinsic_alignment_parameters--a1
     intrinsic_alignment_parameters--a2
     intrinsic_alignment_parameters--alpha1
     intrinsic_alignment_parameters--alpha2
     intrinsic_alignment_parameters--bias_ta
pk_to_cl_gg - 4 parameters:
     bias_lens--b1
     bias_lens--b2
     bias_lens--b3
     bias_lens--b4
pk_to_cl - 0 parameters:
add_magnification - 0 parameters:
add_intrinsic - 0 parameters:
2pt_shear - 0 parameters:
2pt_gal - 0 parameters:
2pt_gal_shear - 0 parameters:
shear_m_bias - 4 parameters:
     shear_calibration_parameters--m1
     shear_calibration_parameters--m2
     shear_calibration_parameters--m3
     shear_calibration_parameters--m4
add_point_mass - 0 parameters:
2pt_like - 0 parameters:
shear_ratio_like - 0 parameters:
spt3g_d1_lensing - 7 parameters:
     candl_nuisance_parameters--acib150
     candl_nuisance_parameters--acib220
     candl_nuisance_parameters--arad150
     candl_nuisance_parameters--arad90
     candl_nuisance_parameters--atsz
     candl_nuisance_parameters--pcal_lens
     candl_nuisance_parameters--tcal_lens
Results - 0 parameters:
You manually told me in the parameter file to use module 18 as the first in the fast block
Time for full pipeline:  56.74s
Time for slow pipeline:  56.69s
Time for fast pipeline:  0.05s
Time saving: 99.91%

Based on this we have decided: 
   Slow modules (18):
        consistency
        bbn_consistency
        s8_to_sigma8
        camb
        as_to_log1e10as
        fast_pt
        fits_nz
        lens_photoz_width
        lens_photoz_bias
        source_photoz_bias
        IA
        pk_to_cl_gg
        pk_to_cl
        add_magnification
        add_intrinsic
        2pt_shear
        2pt_gal
        2pt_gal_shear
   Fast modules (5):
        shear_m_bias
        add_point_mass
        2pt_like
        shear_ratio_like
        spt3g_d1_lensing
   Slow parameters (28):
        cosmological_parameters--ombh2
        cosmological_parameters--omch2
        cosmological_parameters--h0
        cosmological_parameters--mnu
        cosmological_parameters--s_8
        cosmological_parameters--n_s
        halo_model_parameters--logt_agn
        lens_photoz_errors--width_1
        lens_photoz_errors--width_2
        lens_photoz_errors--width_3
        lens_photoz_errors--width_4
        lens_photoz_errors--bias_1
        lens_photoz_errors--bias_2
        lens_photoz_errors--bias_3
        lens_photoz_errors--bias_4
        wl_photoz_errors--bias_1
        wl_photoz_errors--bias_2
        wl_photoz_errors--bias_3
        wl_photoz_errors--bias_4
        intrinsic_alignment_parameters--a1
        intrinsic_alignment_parameters--a2
        intrinsic_alignment_parameters--alpha1
        intrinsic_alignment_parameters--alpha2
        intrinsic_alignment_parameters--bias_ta
        bias_lens--b1
        bias_lens--b2
        bias_lens--b3
        bias_lens--b4
   Fast pcamb took: 56.550 seconds
as_to_log1e10as took: 0.000 seconds
fast_pt took: 0.127 seconds
fits_nz took: 0.000 seconds
lens_photoz_width took: 0.001 seconds
lens_photoz_bias took: 0.001 seconds
source_photoz_bias took: 0.001 seconds
IA took: 0.018 seconds
pk_to_cl took: 0.461 seconds
add_magnification took: 0.005 seconds
add_intrinsic took: 0.002 seconds
2pt_shear took: 0.092 seconds
2pt_gal took: 0.027 seconds
2pt_gal_shear took: 0.107 seconds
shear_m_bias took: 0.002 seconds
add_point_mass took: 0.000 seconds
2pt_like took: 0.018 seconds
shear_ratio_like took: 0.001 seconds
spt3g_d1_lensing took: 0.029 seconds
Total pipeline time: 55.4 seconds


Parameters first used in each module:
consistency - 5 parameters:
     cosmological_parameters--ombh2
     cosmological_parameters--omch2
     cosmological_parameters--h0
     cosmological_parameters--mnu
     cosmological_parameters--s_8
bbn_consistency - 0 parameters:
s8_to_sigma8 - 0 parameters:
camb - 2 parameters:
     cosmological_parameters--n_s
     halo_model_parameters--logt_agn
as_to_log1e10as - 0 parameters:
fast_pt - 0 parameters:
fits_nz - 0 parameters:
lens_photoz_width - 4 parameters:
     lens_photoz_errors--width_1
     lens_photoz_errors--width_2
     lens_photoz_errors--width_3
     lens_photoz_errors--width_4
lens_photoz_bias - 4 parameters:
     lens_photoz_errors--bias_1
     lens_photoz_errors--bias_2
     lens_photoz_errors--bias_3
     lens_photoz_errors--bias_4
source_photoz_bias - 4 parameters:
     wl_photoz_errors--bias_1
     wl_photoz_errors--bias_2
     wl_photoz_errors--bias_3
     wl_photoz_errors--bias_4
IA - 5 parameters:
     intrinsic_alignment_parameters--a1
     intrinsic_alignment_parameters--a2
     intrinsic_alignment_parameters--alpha1
     intrinsic_alignment_parameters--alpha2
     intrinsic_alignment_parameters--bias_ta
pk_to_cl_gg - 4 parameters:
     bias_lens--b1
     bias_lens--b2
     bias_lens--b3
     bias_lens--b4
pk_to_cl - 0 parameters:
add_magnification - 0 parameters:
add_intrinsic - 0 parameters:
2pt_shear - 0 parameters:
2pt_gal - 0 parameters:
2pt_gal_shear - 0 parameters:
shear_m_bias - 4 parameters:
     shear_calibration_parameters--m1
     shear_calibration_parameters--m2
     shear_calibration_parameters--m3
     shear_calibration_parameters--m4
add_point_mass - 0 parameters:
2pt_like - 0 parameters:
shear_ratio_like - 0 parameters:
spt3g_d1_lensing - 7 parameters:
     candl_nuisance_parameters--acib150
     candl_nuisance_parameters--acib220
     candl_nuisance_parameters--arad150
     candl_nuisance_parameters--arad90
     candl_nuisance_parameters--atsz
     candl_nuisance_parameters--pcal_lens
     candl_nuisance_parameters--tcal_lens
Results - 0 parameters:
You manually told me in the parameter file to use module 18 as the first in the fast block
Time for full pipeline:  55.40s
Time for slow pipeline:  55.35s
Time for fast pipeline:  0.05s
Time saving: 99.91%

Based on this we have decided: 
   Slow modules (18):
        consistency
        bbn_consistency
        s8_to_sigma8
        camb
        as_to_log1e10as
        fast_pt
        fits_nz
        lens_photoz_width
        lens_photoz_bias
        source_photoz_bias
        IA
        pk_to_cl_gg
        pk_to_cl
        add_magnification
        add_intrinsic
        2pt_shear
        2pt_gal
        2pt_gal_shear
   Fast modules (5):
        shear_m_bias
        add_point_mass
        2pt_like
        shear_ratio_like
        spt3g_d1_lensing
   Slow parameters (28):
        cosmological_parameters--ombh2
        cosmological_parameters--omch2
        cosmological_parameters--h0
        cosmological_parameters--mnu
        cosmological_parameters--s_8
        cosmological_parameters--n_s
        halo_model_parameters--logt_agn
        lens_photoz_errors--width_1
        lens_photoz_errors--width_2
        lens_photoz_errors--width_3
        lens_photoz_errors--width_4
        lens_photoz_errors--bias_1
        lens_photoz_errors--bias_2
        lens_photoz_errors--bias_3
        lens_photoz_errors--bias_4
        wl_photoz_errors--bias_1
        wl_photoz_errors--bias_2
        wl_photoz_errors--bias_3
        wl_photoz_errors--bias_4
        intrinsic_alignment_parameters--a1
        intrinsic_alignment_parameters--a2
        intrinsic_alignment_parameters--alpha1
        intrinsic_alignment_paramcamb took: 56.788 seconds
as_to_log1e10as took: 0.000 seconds
fast_pt took: 0.119 seconds
fits_nz took: 0.000 seconds
lens_photoz_width took: 0.001 seconds
lens_photoz_bias took: 0.001 seconds
source_photoz_bias took: 0.001 seconds
IA took: 0.015 seconds
2pt_shear took: 0.089 seconds
2pt_gal took: 0.026 seconds
2pt_gal_shear took: 0.104 seconds
shear_m_bias took: 0.002 seconds
add_point_mass took: 0.000 seconds
2pt_like took: 0.020 seconds
shear_ratio_like took: 0.001 seconds
spt3g_d1_lensing took: 0.022 seconds
Total pipeline time: 57.1 seconds


Parameters first used in each module:
consistency - 5 parameters:
     cosmological_parameters--ombh2
     cosmological_parameters--omch2
     cosmological_parameters--h0
     cosmological_parameters--mnu
     cosmological_parameters--s_8
bbn_consistency - 0 parameters:
s8_to_sigma8 - 0 parameters:
camb - 2 parameters:
     cosmological_parameters--n_s
     halo_model_parameters--logt_agn
as_to_log1e10as - 0 parameters:
fast_pt - 0 parameters:
fits_nz - 0 parameters:
lens_photoz_width - 4 parameters:
     lens_photoz_errors--width_1
     lens_photoz_errors--width_2
     lens_photoz_errors--width_3
     lens_photoz_errors--width_4
lens_photoz_bias - 4 parameters:
     lens_photoz_errors--bias_1
     lens_photoz_errors--bias_2
     lens_photoz_errors--bias_3
     lens_photoz_errors--bias_4
source_photoz_bias - 4 parameters:
     wl_photoz_errors--bias_1
     wl_photoz_errors--bias_2
     wl_photoz_errors--bias_3
     wl_photoz_errors--bias_4
IA - 5 parameters:
     intrinsic_alignment_parameters--a1
     intrinsic_alignment_parameters--a2
     intrinsic_alignment_parameters--alpha1
     intrinsic_alignment_parameters--alpha2
     intrinsic_alignment_parameters--bias_ta
pk_to_cl_gg - 4 parameters:
     bias_lens--b1
     bias_lens--b2
     bias_lens--b3
     bias_lens--b4
pk_to_cl - 0 parameters:
add_magnification - 0 parameters:
add_intrinsic - 0 parameters:
2pt_shear - 0 parameters:
2pt_gal - 0 parameters:
2pt_gal_shear - 0 parameters:
shear_m_bias - 4 parameters:
     shear_calibration_parameters--m1
     shear_calibration_parameters--m2
     shear_calibration_parameters--m3
     shear_calibration_parameters--m4
add_point_mass - 0 parameters:
2pt_like - 0 parameters:
shear_ratio_like - 0 parameters:
spt3g_d1_lensing - 7 parameters:
     candl_nuisance_parameters--acib150
     candl_nuisance_parameters--acib220
     candl_nuisance_parameters--arad150
     candl_nuisance_parameters--arad90
     candl_nuisance_parameters--atsz
     candl_nuisance_parameters--pcal_lens
     candl_nuisance_parameters--tcal_lens
Results - 0 parameters:
You manually told me in the parameter file to use module 18 as the first in the fast block
Time for full pipeline:  57.13s
Time for slow pipeline:  57.08s
Time for fast pipeline:  0.04s
Time saving: 99.92%

Based on this we have decided: 
   Slow modules (18):
        consistency
        bbn_consistency
        s8_to_sigma8
        camb
        as_to_log1e10as
        fast_pt
        fits_nz
        lens_photoz_width
        lens_photoz_bias
        source_photoz_bias
        IA
        pk_to_cl_gg
        pk_to_cl
        add_magnification
        add_intrinsic
        2pt_shear
        2pt_gal
        2pt_gal_shear
   Fast modules (5):
        shear_m_bias
        add_point_mass
        2pt_like
        shear_ratio_like
        spt3g_d1_lensing
   Slow parameters (28):
        cosmological_parameters--ombh2
        cosmological_parameters--omch2
        cosmological_parameters--h0
        cosmological_parameters--mnu
        cosmological_parameters--s_8
        cosmological_parameters--n_s
        halo_model_parameters--logt_agn
        lens_photoz_errors--width_1
        lens_photoz_errors--width_2
        lens_photoz_errors--width_3
        lens_photoz_errors--width_4
        lens_photoz_errors--bias_1
        lens_photoz_errors--bias_2
        lens_photoz_errors--bias_3
        lens_photoz_errors--bias_4
        wl_photoz_errors--bias_1
        wl_photoz_errors--bias_2
        wl_photoz_errors--bias_3
        wl_photoz_errors--bias_4
        intrinsic_alignment_parameters--a1
        intrinsic_alignment_parameters--a2
        intrinsic_alignment_parameters--alpha1
        intrinsic_alignment_parameters--alpha2
        intrinsic_alignment_parameters--bias_ta
        bias_lens--b1
        bias_lenspk_to_cl took: 0.497 seconds
add_magnification took: 0.005 seconds
add_intrinsic took: 0.002 seconds
2pt_shear took: 0.090 seconds
2pt_gal took: 0.030 seconds
2pt_gal_shear took: 0.103 seconds
shear_m_bias took: 0.002 seconds
add_point_mass took: 0.000 seconds
2pt_like took: 0.017 seconds
shear_ratio_like took: 0.001 seconds
spt3g_d1_lensing took: 0.022 seconds
Total pipeline time: 56.7 seconds


Parameters first used in each module:
consistency - 5 parameters:
     cosmological_parameters--ombh2
     cosmological_parameters--omch2
     cosmological_parameters--h0
     cosmological_parameters--mnu
     cosmological_parameters--s_8
bbn_consistency - 0 parameters:
s8_to_sigma8 - 0 parameters:
camb - 2 parameters:
     cosmological_parameters--n_s
     halo_model_parameters--logt_agn
as_to_log1e10as - 0 parameters:
fast_pt - 0 parameters:
fits_nz - 0 parameters:
lens_photoz_width - 4 parameters:
     lens_photoz_errors--width_1
     lens_photoz_errors--width_2
     lens_photoz_errors--width_3
     lens_photoz_errors--width_4
lens_photoz_bias - 4 parameters:
     lens_photoz_errors--bias_1
     lens_photoz_errors--bias_2
     lens_photoz_errors--bias_3
     lens_photoz_errors--bias_4
source_photoz_bias - 4 parameters:
     wl_photoz_errors--bias_1
     wl_photoz_errors--bias_2
     wl_photoz_errors--bias_3
     wl_photoz_errors--bias_4
IA - 5 parameters:
     intrinsic_alignment_parameters--a1
     intrinsic_alignment_parameters--a2
     intrinsic_alignment_parameters--alpha1
     intrinsic_alignment_parameters--alpha2
     intrinsic_alignment_parameters--bias_ta
pk_to_cl_gg - 4 parameters:
     bias_lens--b1
     bias_lens--b2
     bias_lens--b3
     bias_lens--b4
pk_to_cl - 0 parameters:
add_magnification - 0 parameters:
add_intrinsic - 0 parameters:
2pt_shear - 0 parameters:
2pt_gal - 0 parameters:
2pt_gal_shear - 0 parameters:
shear_m_bias - 4 parameters:
     shear_calibration_parameters--m1
     shear_calibration_parameters--m2
     shear_calibration_parameters--m3
     shear_calibration_parameters--m4
add_point_mass - 0 parameters:
2pt_like - 0 parameters:
shear_ratio_like - 0 parameters:
spt3g_d1_lensing - 7 parameters:
     candl_nuisance_parameters--acib150
     candl_nuisance_parameters--acib220
     candl_nuisance_parameters--arad150
     candl_nuisance_parameters--arad90
     candl_nuisance_parameters--atsz
     candl_nuisance_parameters--pcal_lens
     candl_nuisance_parameters--tcal_lens
Results - 0 parameters:
You manually told me in the parameter file to use module 18 as the first in the fast block
Time for full pipeline:  56.73s
Time for slow pipeline:  56.69s
Time for fast pipeline:  0.04s
Time saving: 99.93%

Based on this we have decided: 
   Slow modules (18):
        consistency
        bbn_consistency
        s8_to_sigma8
        camb
        as_to_log1e10as
        fast_pt
        fits_nz
        lens_photoz_width
        lens_photoz_bias
        source_photoz_bias
        IA
        pk_to_cl_gg
        pk_to_cl
        add_magnification
        add_intrinsic
        2pt_shear
        2pt_gal
        2pt_gal_shear
   Fast modules (5):
        shear_m_bias
        add_point_mass
        2pt_like
        shear_ratio_like
        spt3g_d1_lensing
   Slow parameters (28):
        cosmological_parameters--ombh2
        cosmological_parameters--omch2
        cosmological_parameters--h0
        cosmological_parameters--mnu
        cosmological_parameters--s_8
        cosmological_parameters--n_s
        halo_model_parameters--logt_agn
        lens_photoz_errors--width_1
        lens_photoz_errors--width_2
        lens_photoz_errors--width_3
        lens_photoz_errors--width_4
        lens_photoz_errors--bias_1
        lens_photoz_errors--bias_2
        lens_photoz_errors--bias_3
        lens_photoz_errors--bias_4
        wl_photoz_errors--bias_1
        wl_photoz_errors--bias_2
        wl_photoz_errors--bias_3
        wl_photoz_errors--bias_4
        intrinsic_alignment_parameters--a1
        intrinsic_alignment_parameters--a2
        intrinsic_alignment_parameters--alpha1
        intrinsic_alignment_parampk_to_cl took: 0.482 seconds
add_magnification took: 0.005 seconds
add_intrinsic took: 0.002 seconds
2pt_shear took: 0.091 seconds
2pt_gal took: 0.027 seconds
2pt_gal_shear took: 0.105 seconds
shear_m_bias took: 0.002 seconds
add_point_mass took: 0.000 seconds
2pt_like took: 0.020 seconds
shear_ratio_like took: 0.001 seconds
spt3g_d1_lensing took: 0.027 seconds
Total pipeline time: 58.7 seconds


Parameters first used in each module:
consistency - 5 parameters:
     cosmological_parameters--ombh2
     cosmological_parameters--omch2
     cosmological_parameters--h0
     cosmological_parameters--mnu
     cosmological_parameters--s_8
bbn_consistency - 0 parameters:
s8_to_sigma8 - 0 parameters:
camb - 2 parameters:
     cosmological_parameters--n_s
     halo_model_parameters--logt_agn
as_to_log1e10as - 0 parameters:
fast_pt - 0 parameters:
fits_nz - 0 parameters:
lens_photoz_width - 4 parameters:
     lens_photoz_errors--width_1
     lens_photoz_errors--width_2
     lens_photoz_errors--width_3
     lens_photoz_errors--width_4
lens_photoz_bias - 4 parameters:
     lens_photoz_errors--bias_1
     lens_photoz_errors--bias_2
     lens_photoz_errors--bias_3
     lens_photoz_errors--bias_4
source_photoz_bias - 4 parameters:
     wl_photoz_errors--bias_1
     wl_photoz_errors--bias_2
     wl_photoz_errors--bias_3
     wl_photoz_errors--bias_4
IA - 5 parameters:
     intrinsic_alignment_parameters--a1
     intrinsic_alignment_parameters--a2
     intrinsic_alignment_parameters--alpha1
     intrinsic_alignment_parameters--alpha2
     intrinsic_alignment_parameters--bias_ta
pk_to_cl_gg - 4 parameters:
     bias_lens--b1
     bias_lens--b2
     bias_lens--b3
     bias_lens--b4
pk_to_cl - 0 parameters:
add_magnification - 0 parameters:
add_intrinsic - 0 parameters:
2pt_shear - 0 parameters:
2pt_gal - 0 parameters:
2pt_gal_shear - 0 parameters:
shear_m_bias - 4 parameters:
     shear_calibration_parameters--m1
     shear_calibration_parameters--m2
     shear_calibration_parameters--m3
     shear_calibration_parameters--m4
add_point_mass - 0 parameters:
2pt_like - 0 parameters:
shear_ratio_like - 0 parameters:
spt3g_d1_lensing - 7 parameters:
     candl_nuisance_parameters--acib150
     candl_nuisance_parameters--acib220
     candl_nuisance_parameters--arad150
     candl_nuisance_parameters--arad90
     candl_nuisance_parameters--atsz
     candl_nuisance_parameters--pcal_lens
     candl_nuisance_parameters--tcal_lens
Results - 0 parameters:
You manually told me in the parameter file to use module 18 as the first in the fast block
Time for full pipeline:  58.71s
Time for slow pipeline:  58.66s
Time for fast pipeline:  0.05s
Time saving: 99.92%

Based on this we have decided: 
   Slow modules (18):
        consistency
        bbn_consistency
        s8_to_sigma8
        camb
        as_to_log1e10as
        fast_pt
        fits_nz
        lens_photoz_width
        lens_photoz_bias
        source_photoz_bias
        IA
        pk_to_cl_gg
        pk_to_cl
        add_magnification
        add_intrinsic
        2pt_shear
        2pt_gal
        2pt_gal_shear
   Fast modules (5):
        shear_m_bias
        add_point_mass
        2pt_like
        shear_ratio_like
        spt3g_d1_lensing
   Slow parameters (28):
        cosmological_parameters--ombh2
        cosmological_parameters--omch2
        cosmological_parameters--h0
        cosmological_parameters--mnu
        cosmological_parameters--s_8
        cosmological_parameters--n_s
        halo_model_parameters--logt_agn
        lens_photoz_errors--width_1
        lens_photoz_errors--width_2
        lens_photoz_errors--width_3
        lens_photoz_errors--width_4
        lens_photoz_errors--bias_1
        lens_photoz_errors--bias_2
        lens_photoz_errors--bias_3
        lens_photoz_errors--bias_4
        wl_photoz_errors--bias_1
        wl_photoz_errors--bias_2
        wl_photoz_errors--bias_3
        wl_photoz_errors--bias_4
        intrinsic_alignment_parameters--a1
        intrinsic_alignment_parameters--a2
        intrinsic_alignment_parameters--alpha1
        intrinsic_alignment_paramcamb took: 55.238 seconds
as_to_log1e10as took: 0.000 seconds
fast_pt took: 0.126 seconds
fits_nz took: 0.000 seconds
lens_photoz_width took: 0.001 seconds
lens_photoz_bias took: 0.001 seconds
source_photoz_bias took: 0.001 seconds
IA took: 0.018 seconds
pk_to_cl took: 0.640 seconds
add_magnification took: 0.007 seconds
add_intrinsic took: 0.003 seconds
2pt_shear took: 0.096 seconds
2pt_gal took: 0.029 seconds
2pt_gal_shear took: 0.106 seconds
shear_m_bias took: 0.002 seconds
add_point_mass took: 0.000 seconds
2pt_like took: 0.020 seconds
shear_ratio_like took: 0.001 seconds
spt3g_d1_lensing took: 0.023 seconds
Total pipeline time: 58.7 seconds


Parameters first used in each module:
consistency - 5 parameters:
     cosmological_parameters--ombh2
     cosmological_parameters--omch2
     cosmological_parameters--h0
     cosmological_parameters--mnu
     cosmological_parameters--s_8
bbn_consistency - 0 parameters:
s8_to_sigma8 - 0 parameters:
camb - 2 parameters:
     cosmological_parameters--n_s
     halo_model_parameters--logt_agn
as_to_log1e10as - 0 parameters:
fast_pt - 0 parameters:
fits_nz - 0 parameters:
lens_photoz_width - 4 parameters:
     lens_photoz_errors--width_1
     lens_photoz_errors--width_2
     lens_photoz_errors--width_3
     lens_photoz_errors--width_4
lens_photoz_bias - 4 parameters:
     lens_photoz_errors--bias_1
     lens_photoz_errors--bias_2
     lens_photoz_errors--bias_3
     lens_photoz_errors--bias_4
source_photoz_bias - 4 parameters:
     wl_photoz_errors--bias_1
     wl_photoz_errors--bias_2
     wl_photoz_errors--bias_3
     wl_photoz_errors--bias_4
IA - 5 parameters:
     intrinsic_alignment_parameters--a1
     intrinsic_alignment_parameters--a2
     intrinsic_alignment_parameters--alpha1
     intrinsic_alignment_parameters--alpha2
     intrinsic_alignment_parameters--bias_ta
pk_to_cl_gg - 4 parameters:
     bias_lens--b1
     bias_lens--b2
     bias_lens--b3
     bias_lens--b4
pk_to_cl - 0 parameters:
add_magnification - 0 parameters:
add_intrinsic - 0 parameters:
2pt_shear - 0 parameters:
2pt_gal - 0 parameters:
2pt_gal_shear - 0 parameters:
shear_m_bias - 4 parameters:
     shear_calibration_parameters--m1
     shear_calibration_parameters--m2
     shear_calibration_parameters--m3
     shear_calibration_parameters--m4
add_point_mass - 0 parameters:
2pt_like - 0 parameters:
shear_ratio_like - 0 parameters:
spt3g_d1_lensing - 7 parameters:
     candl_nuisance_parameters--acib150
     candl_nuisance_parameters--acib220
     candl_nuisance_parameters--arad150
     candl_nuisance_parameters--arad90
     candl_nuisance_parameters--atsz
     candl_nuisance_parameters--pcal_lens
     candl_nuisance_parameters--tcal_lens
Results - 0 parameters:
You manually told me in the parameter file to use module 18 as the first in the fast block
Time for full pipeline:  58.67s
Time for slow pipeline:  58.62s
Time for fast pipeline:  0.05s
Time saving: 99.92%

Based on this we have decided: 
   Slow modules (18):
        consistency
        bbn_consistency
        s8_to_sigma8
        camb
        as_to_log1e10as
        fast_pt
        fits_nz
        lens_photoz_width
        lens_photoz_bias
        source_photoz_bias
        IA
        pk_to_cl_gg
        pk_to_cl
        add_magnification
        add_intrinsic
        2pt_shear
        2pt_gal
        2pt_gal_shear
   Fast modules (5):
        shear_m_bias
        add_point_mass
        2pt_like
        shear_ratio_like
        spt3g_d1_lensing
   Slow parameters (28):
        cosmological_parameters--ombh2
        cosmological_parameters--omch2
        cosmological_parameters--h0
        cosmological_parameters--mnu
        cosmological_parameters--s_8
        cosmological_parameters--n_s
        halo_model_parameters--logt_agn
        lens_photoz_errors--width_1
        lens_photoz_errors--width_2
        lens_photoz_errors--width_3
        lens_photoz_errors--width_4
        lens_photoz_errors--bias_1
        lens_photoz_errors--bias_2
        lens_photoz_errors--bias_3
        lens_photoz_errors--bias_4
        wl_photoz_errors--bias_1
        wl_photoz_errors--bias_2
        wl_photoz_errors--bias_3
        wl_photoz_errors--bias_4
        intrinsic_alignment_parameters--a1
        intrinsic_alignment_parameters--a2
        intrinsic_alignment_parameters--alpha1
        intrinsic_alignment_paramarameters (11):
        shear_calibration_parameters--m1
        shear_calibration_parameters--m2
        shear_calibration_parameters--m3
        shear_calibration_parameters--m4
        candl_nuisance_parameters--acib150
        candl_nuisance_parameters--acib220
        candl_nuisance_parameters--arad150
        candl_nuisance_parameters--arad90
        candl_nuisance_parameters--atsz
        candl_nuisance_parameters--pcal_lens
        candl_nuisance_parameters--tcal_lens


Using two grades of parameter speed in polychord.
Telling Polychord to spend fraction 0.1 if its time in the fast subspace (adjust with fast_fraction option)
Polychord num_repeats = 74  (from parameter file)
eters--alpha2
        intrinsic_alignment_parameters--bias_ta
        bias_lens--b1
        bias_lens--b2
        bias_lens--b3
        bias_lens--b4
   Fast parameters (11):
        shear_calibration_parameters--m1
        shear_calibration_parameters--m2
        shear_calibration_parameters--m3
        shear_calibration_parameters--m4
        candl_nuisance_parameters--acib150
        candl_nuisance_parameters--acib220
        candl_nuisance_parameters--arad150
        candl_nuisance_parameters--arad90
        candl_nuisance_parameters--atsz
        candl_nuisance_parameters--pcal_lens
        candl_nuisance_parameters--tcal_lens


Using two grades of parameter speed in polychord.
Telling Polychord to spend fraction 0.1 if its time in the fast subspace (adjust with fast_fraction option)
Polychord num_repeats = 74  (from parameter file)
eters--alpha2
        intrinsic_alignment_parameters--bias_ta
        bias_lens--b1
        bias_lens--b2
        bias_lens--b3
        bias_lens--b4
   Fast parameters (11):
        shear_calibration_parameters--m1
        shear_calibration_parameters--m2
        shear_calibration_parameters--m3
        shear_calibration_parameters--m4
        candl_nuisance_parameters--acib150
        candl_nuisance_parameters--acib220
        candl_nuisance_parameters--arad150
        candl_nuisance_parameters--arad90
        candl_nuisance_parameters--atsz
        candl_nuisance_parameters--pcal_lens
        candl_nuisance_parameters--tcal_lens


Using two grades of parameter speed in polychord.
Telling Polychord to spend fraction 0.1 if its time in the fast subspace (adjust with fast_fraction option)
Polychord num_repeats = 74  (from parameter file)
eters--alpha2
        intrinsic_alignment_parameters--bias_ta
        bias_lens--b1
        bias_lens--b2
        bias_lens--b3
        bias_lens--b4
   Fast parameters (11):
        shear_calibration_parameters--m1
        shear_calibration_parameters--m2
        shear_calibration_parameters--m3
        shear_calibration_parameters--m4
        candl_nuisance_parameters--acib150
        candl_nuisance_parameters--acib220
        candl_nuisance_parameters--arad150
        candl_nuisance_parameters--arad90
        candl_nuisance_parameters--atsz
        candl_nuisance_parameters--pcal_lens
        candl_nuisance_parameters--tcal_lens


Using two grades of parameter speed in polychord.
Telling Polychord to spend fraction 0.1 if its time in the fast subspace (adjust with fast_fraction option)
Polychord num_repeats = 74  (from parameter file)
