Your shell is now configured to build the CosmoSIS standard library
Reading included ini file: examples/des-y3-maglim-scale-cuts.ini
Setting up pipeline from parameter file /lcrc/project/SPT3G/users/ac.yomori/repo/prestage/spt_candl_data/cosmosis/examples/SPT3G_D1_KK/desy3_3x2pt_maglim/des-y3-maglim.ini
---------------------------------------------------------------------------------------------------------------------------------------------------------------------------

Setting up module consistency
------------------------------

Setting up module bbn_consistency
----------------------------------

Setting up module s8_to_sigma8
-------------------------------

Setting up module camb
-----------------------

Setting up module as_to_log1e10as
----------------------------------

Setting up module fast_pt
--------------------------
You have asked for quantities from FAST-PT. FAST-PT will be run.

Setting up module fits_nz
--------------------------
Loading number density data from likelihood/des-y3/2pt_NG_final_2ptunblind_02_26_21_wnz_maglim_covupdate_newbins.fits:
    Looking at FITS extension NZ_LENS:
        Found 6 bins
        Putting n(0) = 0 at the start of the n(z)
    Looking at FITS extension NZ_SOURCE:
        Found 4 bins
        Putting n(0) = 0 at the start of the n(z)

Setting up module lens_photoz_width
------------------------------------

Setting up module lens_photoz_bias
-----------------------------------

Setting up module source_photoz_bias
-------------------------------------

Setting up module IA
---------------------

Setting up module pk_to_cl_gg
------------------------------
doing exact for option_name lingal-lingal
Calculating Limber: Kernel 1 = ('N', 'lens'), Kernel 2 = ('N', 'lens'), P_3D = MatterPower3D, section = matter_power_nl --> Output: galaxy_cl
Will project these spectra into 2D:
    -  galaxy_cl
Doing exact calculation for 33 ells
between 1.0 and 189.0

Setting up module pk_to_cl
---------------------------
Calculating Limber: Kernel 1 = ('W', 'source'), Kernel 2 = ('W', 'source'), P_3D = MatterPower3D, section = matter_power_nl --> Output: shear_cl
Calculating Limber: Kernel 1 = ('W', 'source'), Kernel 2 = ('N', 'source'), P_3D = MatterIntrinsicPower3D, section = matter_intrinsic_power --> Output: shear_cl_gi
Calculating Limber: Kernel 1 = ('N', 'source'), Kernel 2 = ('N', 'source'), P_3D = IntrinsicPower3D, section = intrinsic_power --> Output: shear_cl_ii
Calculating Limber: Kernel 1 = ('N', 'source'), Kernel 2 = ('N', 'source'), P_3D = IntrinsicBBPower3D, section = intrinsic_power_bb --> Output: shear_cl_bb
Calculating Limber: Kernel 1 = ('W', 'lens'), Kernel 2 = ('W', 'lens'), P_3D = MatterPower3D, section = matter_power_nl --> Output: magnification_cl
Calculating Limber: Kernel 1 = ('W', 'lens'), Kernel 2 = ('N', 'source'), P_3D = MatterIntrinsicPower3D, section = matter_intrinsic_power --> Output: magnification_intrinsic_cl
Calculating Limber: Kernel 1 = ('W', 'lens'), Kernel 2 = ('W', 'source'), P_3D = MatterPower3D, section = matter_power_nl --> Output: magnification_shear_cl
Calculating Limber: Kernel 1 = ('N', 'lens'), Kernel 2 = ('W', 'source'), P_3D = MatterPower3D, section = matter_power_nl --> Output: galaxy_shear_cl
Calculating Limber: Kernel 1 = ('N', 'lens'), Kernel 2 = ('W', 'lens'), P_3D = MatterPower3D, section = matter_power_nl --> Output: galaxy_magnification_cl
Calculating Limber: Kernel 1 = ('N', 'lens'), Kernel 2 = ('N', 'source'), P_3D = MatterIntrinsicPower3D, section = matter_intrinsic_power --> Output: galaxy_intrinsic_cl
Will project these spectra into 2D:
    -  shear_cl
    -  shear_cl_gi
    -  shear_cl_ii
    -  shear_cl_bb
    -  magnification_cl
    -  magnification_intrinsic_cl
    -  magnification_shear_cl
    -  galaxy_shear_cl
    -  galaxy_magnification_cl
    -  galaxy_intrinsic_cl

Setting up module add_magnification
------------------------------------

The add_magnification module will try to combine magnification terms into the following spectra:
galaxy-shear
galaxy-galaxy


Setting up module add_intrinsic
--------------------------------

The add_intrinsic module will try to combine IA terms into these spectra:
 - shear-shear.
 - position-shear.


Setting up module 2pt_shear
----------------------------
*** Reading in theta values from data file likelihood/des-y3/2pt_NG_final_2ptunblind_02_26_21_wnz_maglim_covupdate_newbins.fits ***
*** Using bin averaged Legendre coefficients ***
Note: we are assuming that the theta values for all bin pairs are the same. If this is not true, you need to modify cl_to_xi_interface
Computing coefficients to transform ('shear_cl', 'shear_cl_bb') -> ('shear_xi_plus', 'shear_xi_minus')
getting bin averaged leg factors for 22

Setting up module 2pt_gal
--------------------------
*** Reading in theta values from data file likelihood/des-y3/2pt_NG_final_2ptunblind_02_26_21_wnz_maglim_covupdate_newbins.fits ***
*** Using bin averaged Legendre coefficients ***
Note: we are assuming that the theta values for all bin pairs are the same. If this is not true, you need to modify cl_to_xi_interface
Computing coefficients to transform galaxy_cl -> galaxy_xi
getting bin averaged leg factors for 00

Setting up module 2pt_gal_shear
--------------------------------
*** Reading in theta values from data file likelihood/des-y3/2pt_NG_final_2ptunblind_02_26_21_wnz_maglim_covupdate_newbins.fits ***
*** Using bin averaged Legendre coefficients ***
Note: we are assuming that the theta values for all bin pairs are the same. If this is not true, you need to modify cl_to_xi_interface
Computing coefficients to transform galaxy_shear_cl -> galaxy_shear_xi
getting bin averaged leg factors for 02

Setting up module shear_m_bias
-------------------------------

The shear_m_bias module will use calibration values from shear_calibration_parameters and look for 
shear-shear spectra in ['shear_xi_plus', 'shear_xi_minus'] and position-shear in ['galaxy_shear_xi']
Currently this module will always use the same set of m values for each section

Setting up module add_point_mass
---------------------------------

Setting up module 2pt_like
---------------------------
Doing point-mass marginalization: True
Using sigma_crit_inv factors in pm-marg: True
Doing small-scale marginalization: False
Doing fast/slow parameter splitting

Analyzing pipeline to determine fast and slow parameters (because fast_slow=T in [pipeline] section)

Running pipeline once to make sure everything is initialized before timing.

Doing fast/slow parameter splitting

Analyzing pipeline to determine fast and slow parameters (because fast_slow=T in [pipeline] section)

Running pipeline once to make sure everything is initialized before timing.

Doing fast/slow parameter splitting

Analyzing pipeline to determine fast and slow parameters (because fast_slow=T in [pipeline] section)

Running pipeline once to make sure everything is initialized before timing.

Doing fast/slow parameter splitting

Analyzing pipeline to determine fast and slow parameters (because fast_slow=T in [pipeline] section)

Running pipeline once to make sure everything is initialized before timing.

Doing fast/slow parameter splitting

Analyzing pipeline to determine fast and slow parameters (because fast_slow=T in [pipeline] section)

Running pipeline once to make sure everything is initialized before timing.

Doing fast/slow parameter splitting

Analyzing pipeline to determine fast and slow parameters (because fast_slow=T in [pipeline] section)

Running pipeline once to make sure everything is initialized before timing.

Doing fast/slow parameter splitting

Analyzing pipeline to determine fast and slow parameters (because fast_slow=T in [pipeline] section)

Running pipeline once to make sure everything is initialized before timing.

Doing fast/slow parameter splitting

Analyzing pipeline to determine fast and slow parameters (because fast_slow=T in [pipeline] section)

Running pipeline once to make sure everything is initialized before timing.

Doing fast/slow parameter splitting

Analyzing pipeline to determine fast and slow parameters (because fast_slow=T in [pipeline] section)

Running pipeline once to make sure everything is initialized before timing.

Doing fast/slow parameter splitting

Analyzing pipeline to determine fast and slow parameters (because fast_slow=T in [pipeline] section)

Running pipeline once to make sure everything is initialized before timing.

Doing fast/slow parameter splitting

Analyzing pipeline to determine fast and slow parameters (because fast_slow=T in [pipeline] section)

Running pipeline once to make sure everything is initialized before timing.

Doing fast/slow parameter splitting

Analyzing pipeline to determine fast and slow parameters (because fast_slow=T in [pipeline] section)

Running pipeline once to make sure everything is initialized before timing.

Doing fast/slow parameter splitting

Analyzing pipeline to determine fast and slow parameters (because fast_slow=T in [pipeline] section)

Running pipeline once to make sure everything is initialized before timing.

Doing fast/slow parameter splitting

Analyzing pipeline to determine fast and slow parameters (because fast_slow=T in [pipeline] section)

Running pipeline once to make sure everything is initialized before timing.

Doing fast/slow parameter splitting

Analyzing pipeline to determine fast and slow parameters (because fast_slow=T in [pipeline] section)

Running pipeline once to make sure everything is initialized before timing.

Doing fast/slow parameter splitting

Analyzing pipeline to determine fast and slow parameters (because fast_slow=T in [pipeline] section)

Running pipeline once to make sure everything is initialized before timing.

Doing fast/slow parameter splitting

Analyzing pipeline to determine fast and slow parameters (because fast_slow=T in [pipeline] section)

Running pipeline once to make sure everything is initialized before timing.

Doing fast/slow parameter splitting

Analyzing pipeline to determine fast and slow parameters (because fast_slow=T in [pipeline] section)

Running pipeline once to make sure everything is initialized before timing.

Doing fast/slow parameter splitting

Analyzing pipeline to determine fast and slow parameters (because fast_slow=T in [pipeline] section)

Running pipeline once to make sure everything is initialized before timing.

Doing fast/slow parameter splitting

Analyzing pipeline to determine fast and slow parameters (because fast_slow=T in [pipeline] section)

Running pipeline once to make sure everything is initialized before timing.

Doing fast/slow parameter splitting

Analyzing pipeline to determine fast and slow parameters (because fast_slow=T in [pipeline] section)

Running pipeline once to make sure everything is initialized before timing.

Doing fast/slow parameter splitting

Analyzing pipeline to determine fast and slow parameters (because fast_slow=T in [pipeline] section)

Running pipeline once to make sure everything is initialized before timing.

Doing fast/slow parameter splitting

Analyzing pipeline to determine fast and slow parameters (because fast_slow=T in [pipeline] section)

Running pipeline once to make sure everything is initialized before timing.

Doing fast/slow parameter splitting

Analyzing pipeline to determine fast and slow parameters (because fast_slow=T in [pipeline] section)

Running pipeline once to make sure everything is initialized before timing.

Doing fast/slow parameter splitting

Analyzing pipeline to determine fast and slow parameters (because fast_slow=T in [pipeline] section)

Running pipeline once to make sure everything is initialized before timing.

Doing fast/slow parameter splitting

Analyzing pipeline to determine fast and slow parameters (because fast_slow=T in [pipeline] section)

Running pipeline once to make sure everything is initialized before timing.

Doing fast/slow parameter splitting

Analyzing pipeline to determine fast and slow parameters (because fast_slow=T in [pipeline] section)

Running pipeline once to make sure everything is initialized before timing.

Doing fast/slow parameter splitting

Analyzing pipeline to determine fast and slow parameters (because fast_slow=T in [pipeline] section)

Running pipeline once to make sure everything is initialized before timing.

Doing fast/slow parameter splitting

Analyzing pipeline to determine fast and slow parameters (because fast_slow=T in [pipeline] section)

Running pipeline once to make sure everything is initialized before timing.

Doing fast/slow parameter splitting

Analyzing pipeline to determine fast and slow parameters (because fast_slow=T in [pipeline] section)

Running pipeline once to make sure everything is initialized before timing.

Doing fast/slow parameter splitting

Analyzing pipeline to determine fast and slow parameters (because fast_slow=T in [pipeline] section)

Running pipeline once to make sure everything is initialized before timing.

Doing fast/slow parameter splitting

Analyzing pipeline to determine fast and slow parameters (because fast_slow=T in [pipeline] section)

Running pipeline once to make sure everything is initialized before timing.

Doing fast/slow parameter splitting

Analyzing pipeline to determine fast and slow parameters (because fast_slow=T in [pipeline] section)

Running pipeline once to make sure everything is initialized before timing.

Doing fast/slow parameter splitting

Analyzing pipeline to determine fast and slow parameters (because fast_slow=T in [pipeline] section)

Running pipeline once to make sure everything is initialized before timing.

Doing fast/slow parameter splitting

Analyzing pipeline to determine fast and slow parameters (because fast_slow=T in [pipeline] section)

Running pipeline once to make sure everything is initialized before timing.

Doing fast/slow parameter splitting

Analyzing pipeline to determine fast and slow parameters (because fast_slow=T in [pipeline] section)

Running pipeline once to make sure everything is initialized before timing.

Doing fast/slow parameter splitting

Analyzing pipeline to determine fast and slow parameters (because fast_slow=T in [pipeline] section)

Running pipeline once to make sure everything is initialized before timing.

Doing fast/slow parameter splitting

Analyzing pipeline to determine fast and slow parameters (because fast_slow=T in [pipeline] section)

Running pipeline once to make sure everything is initialized before timing.

Cutting xip bin pair (1,1) to angle range (2.475 - 999.0): this removes 0 values out of 20
Cutting xip bin pair (1,2) to angle range (6.21691892 - 999.0): this removes 4 values out of 20
Cutting xip bin pair (1,3) to angle range (6.21691892 - 999.0): this removes 4 values out of 20
Cutting xip bin pair (1,4) to angle range (4.93827423 - 999.0): this removes 3 values out of 20
Cutting xip bin pair (2,2) to angle range (6.21691892 - 999.0): this removes 4 values out of 20
Cutting xip bin pair (2,3) to angle range (6.21691892 - 999.0): this removes 4 values out of 20
Cutting xip bin pair (2,4) to angle range (6.21691892 - 999.0): this removes 4 values out of 20
Cutting xip bin pair (3,3) to angle range (6.21691892 - 999.0): this removes 4 values out of 20
Cutting xip bin pair (3,4) to angle range (6.21691892 - 999.0): this removes 4 values out of 20
Cutting xip bin pair (4,4) to angle range (4.93827423 - 999.0): this removes 3 values out of 20

Cutting xim bin pair (1,1) to angle range (24.75 - 999.0): this removes 10 values out of 20
Cutting xim bin pair (1,2) to angle range (62.16918918 - 999.0): this removes 14 values out of 20
Cutting xim bin pair (1,3) to angle range (62.16918918 - 999.0): this removes 14 values out of 20
Cutting xim bin pair (1,4) to angle range (49.3827423 - 999.0): this removes 13 values out of 20
Cutting xim bin pair (2,2) to angle range (62.16918918 - 999.0): this removes 14 values out of 20
Cutting xim bin pair (2,3) to angle range (78.26637209 - 999.0): this removes 15 values out of 20
Cutting xim bin pair (2,4) to angle range (78.26637209 - 999.0): this removes 15 values out of 20
Cutting xim bin pair (3,3) to angle range (78.26637209 - 999.0): this removes 15 values out of 20
Cutting xim bin pair (3,4) to angle range (78.26637209 - 999.0): this removes 15 values out of 20
Cutting xim bin pair (4,4) to angle range (62.16918918 - 999.0): this removes 14 values out of 20

Cutting gammat bin pair (1,1) to angle range (25.40688358 - 999.0): this removes 10 values out of 20
Cutting gammat bin pair (1,2) to angle range (25.40688358 - 999.0): this removes 10 values out of 20
Cutting gammat bin pair (1,3) to angle range (25.40688358 - 999.0): this removes 10 values out of 20
Cutting gammat bin pair (1,4) to angle range (25.40688358 - 999.0): this removes 10 values out of 20
Cutting gammat bin pair (2,1) to angle range (18.26006735 - 999.0): this removes 9 values out of 20
Cutting gammat bin pair (2,2) to angle range (18.26006735 - 999.0): this removes 9 values out of 20
Cutting gammat bin pair (2,3) to angle range (18.26006735 - 999.0): this removes 9 values out of 20
Cutting gammat bin pair (2,4) to angle range (18.26006735 - 999.0): this removes 9 values out of 20
Cutting gammat bin pair (3,1) to angle range (13.05578642 - 999.0): this removes 7 values out of 20
Cutting gammat bin pair (3,2) to angle range (13.05578642 - 999.0): this removes 7 values out of 20
Cutting gammat bin pair (3,3) to angle range (13.05578642 - 999.0): this removes 7 values out of 20
Cutting gammat bin pair (3,4) to angle range (13.05578642 - 999.0): this removes 7 values out of 20
Cutting gammat bin pair (4,1) to angle range (10.86591189 - 999.0): this removes 6 values out of 20
Cutting gammat bin pair (4,2) to angle range (10.86591189 - 999.0): this removes 6 values out of 20
Cutting gammat bin pair (4,3) to angle range (10.86591189 - 999.0): this removes 6 values out of 20
Cutting gammat bin pair (4,4) to angle range (10.86591189 - 999.0): this removes 6 values out of 20
Cutting gammat bin pair (5,1) to angle range (999.0 - 999.0): this removes 20 values out of 20
Cutting gammat bin pair (5,2) to angle range (999.0 - 999.0): this removes 20 values out of 20
Cutting gammat bin pair (5,3) to angle range (999.0 - 999.0): this removes 20 values out of 20
Cutting gammat bin pair (5,4) to angle range (999.0 - 999.0): this removes 20 values out of 20
Cutting gammat bin pair (6,1) to angle range (999.0 - 999.0): this removes 20 values out of 20
Cutting gammat bin pair (6,2) to angle range (999.0 - 999.0): this removes 20 values out of 20
Cutting gammat bin pair (6,3) to angle range (999.0 - 999.0): this removes 20 values out of 20
Cutting gammat bin pair (6,4) to angle range (999.0 - 999.0): this removes 20 values out of 20

Cutting wtheta bin pair (1,1) to angle range (33.8758448 - 999.0): this removes 11 values out of 20
Cutting wtheta bin pair (2,2) to angle range (24.3467565 - 999.0): this removes 10 values out of 20
Cutting wtheta bin pair (3,3) to angle range (17.40771522 - 999.0): this removes 8 values out of 20
Cutting wtheta bin pair (4,4) to angle range (14.48788252 - 999.0): this removes 8 values out of 20
Cutting wtheta bin pair (5,5) to angle range (999.0 - 999.0): this removes 20 values out of 20
Cutting wtheta bin pair (6,6) to angle range (999.0 - 999.0): this removes 20 values out of 20

Found these data sets in the file:
    - xip  166 data points after cuts   [using in likelihood]
    - xim  61 data points after cuts   [using in likelihood]
    - gammat  192 data points after cuts   [using in likelihood]
    - wtheta  43 data points after cuts   [using in likelihood]
Total data points used = 462
Original covariance log(det): SlogdetResult(sign=np.float64(1.0), logabsdet=np.float64(-12113.306412908034))
will get sigma_crit_inv factors from section sigma_crit_inv_lens_source
using sigma_crit_inv factors to retain shear-ratio info
setting up template matrix for pm-marginalization with shape: (4, 462)
**** WARNING: Parameter 'angle_range_wtheta_1_2' in the [2pt_like] section never used!

**** WARNING: Parameter 'angle_range_wtheta_1_3' in the [2pt_like] section never used!

**** WARNING: Parameter 'angle_range_wtheta_1_4' in the [2pt_like] section never used!

**** WARNING: Parameter 'angle_range_wtheta_1_5' in the [2pt_like] section never used!

**** WARNING: Parameter 'angle_range_wtheta_1_6' in the [2pt_like] section never used!

**** WARNING: Parameter 'angle_range_wtheta_2_3' in the [2pt_like] section never used!

**** WARNING: Parameter 'angle_range_wtheta_2_4' in the [2pt_like] section never used!

**** WARNING: Parameter 'angle_range_wtheta_2_5' in the [2pt_like] section never used!

**** WARNING: Parameter 'angle_range_wtheta_2_6' in the [2pt_like] section never used!

**** WARNING: Parameter 'angle_range_wtheta_3_4' in the [2pt_like] section never used!

**** WARNING: Parameter 'angle_range_wtheta_3_5' in the [2pt_like] section never used!

**** WARNING: Parameter 'angle_range_wtheta_3_6' in the [2pt_like] section never used!

**** WARNING: Parameter 'angle_range_wtheta_4_5' in the [2pt_like] section never used!

**** WARNING: Parameter 'angle_range_wtheta_4_6' in the [2pt_like] section never used!

**** WARNING: Parameter 'angle_range_wtheta_5_6' in the [2pt_like] section never used!

**** WARNING: Parameter 'include_norm' in the [2pt_like] section never used!

**** WARNING: Parameter 'make_covariance' in the [2pt_like] section never used!


Setting up module shear_ratio_like
-----------------------------------
9 4 3
Including -0.5*|C| normalization in shear_ratio likelihood where |C| = -72.97656263170983
Setup all pipeline modules


Parameter Priors
----------------
cosmological_parameters--s_8                    ~ U(0.1, 1.3)
cosmological_parameters--n_s                    ~ U(0.84, 1.1)
cosmological_parameters--ombh2                  ~ U(0.019, 0.026)
cosmological_parameters--omch2                  ~ U(0.051, 0.255)
cosmological_parameters--h0                     ~ U(0.64, 0.82)
cosmological_parameters--num_massive_neutrinos  ~ delta(3)
cosmological_parameters--omega_k                ~ delta(0.0)
cosmological_parameters--w                      ~ delta(-1.0)
cosmological_parameters--wa                     ~ delta(0.0)
cosmological_parameters--mnu                    ~ U(0.055, 0.6)
cosmological_parameters--nnu                    ~ delta(3.046)
cosmological_parameters--tau                    ~ delta(0.0697186)
halo_model_parameters--logt_agn                 ~ U(7.3, 8.0)
shear_calibration_parameters--m1                ~ N(-0.0063, 0.0091 ** 2)   [-0.1 < x < 0.1]
shear_calibration_parameters--m2                ~ N(-0.0198, 0.0078 ** 2)   [-0.1 < x < 0.1]
shear_calibration_parameters--m3                ~ N(-0.0241, 0.0076 ** 2)   [-0.1 < x < 0.1]
shear_calibration_parameters--m4                ~ N(-0.0369, 0.0076 ** 2)   [-0.1 < x < 0.1]
wl_photoz_errors--bias_1                        ~ N(0.0, 0.018 ** 2)   [-0.1 < x < 0.1]
wl_photoz_errors--bias_2                        ~ N(0.0, 0.015 ** 2)   [-0.1 < x < 0.1]
wl_photoz_errors--bias_3                        ~ N(0.0, 0.011 ** 2)   [-0.1 < x < 0.1]
wl_photoz_errors--bias_4                        ~ N(0.0, 0.017 ** 2)   [-0.1 < x < 0.1]
lens_photoz_errors--bias_1                      ~ N(-0.009, 0.007 ** 2)   [-0.05 < x < 0.05]
lens_photoz_errors--bias_2                      ~ N(-0.035, 0.011 ** 2)   [-0.05 < x < 0.05]
lens_photoz_errors--bias_3                      ~ N(-0.005, 0.006 ** 2)   [-0.05 < x < 0.05]
lens_photoz_errors--bias_4                      ~ N(-0.007, 0.006 ** 2)   [-0.05 < x < 0.05]
lens_photoz_errors--bias_5                      ~ delta(0.0)
lens_photoz_errors--bias_6                      ~ delta(0.0)
lens_photoz_errors--width_1                     ~ N(0.975, 0.062 ** 2)   [0.1 < x < 1.9]
lens_photoz_errors--width_2                     ~ N(1.306, 0.093 ** 2)   [0.1 < x < 1.9]
lens_photoz_errors--width_3                     ~ N(0.87, 0.054 ** 2)   [0.1 < x < 1.9]
lens_photoz_errors--width_4                     ~ N(0.918, 0.051 ** 2)   [0.1 < x < 1.9]
lens_photoz_errors--width_5                     ~ delta(1.0)
lens_photoz_errors--width_6                     ~ delta(1.0)
bias_lens--b1                                   ~ U(0.8, 3.0)
bias_lens--b2                                   ~ U(0.8, 3.0)
bias_lens--b3                                   ~ U(0.8, 3.0)
bias_lens--b4                                   ~ U(0.8, 3.0)
bias_lens--b5                                   ~ delta(2.3)
bias_lens--b6                                   ~ delta(2.3)
mag_alpha_lens--alpha_1                         ~ delta(1.21)
mag_alpha_lens--alpha_2                         ~ delta(1.15)
mag_alpha_lens--alpha_3                         ~ delta(1.88)
mag_alpha_lens--alpha_4                         ~ delta(1.97)
mag_alpha_lens--alpha_5                         ~ delta(1.78)
mag_alpha_lens--alpha_6                         ~ delta(2.48)
intrinsic_alignment_parameters--z_piv           ~ delta(0.62)
intrinsic_alignment_parameters--a1              ~ U(-5.0, 5.0)
intrinsic_alignment_parameters--a2              ~ U(-5.0, 5.0)
intrinsic_alignment_parameters--alpha1          ~ U(-5.0, 5.0)
intrinsic_alignment_parameters--alpha2          ~ U(-5.0, 5.0)
intrinsic_alignment_parameters--bias_ta         ~ U(0.0, 2.0)

Doing fast/slow parameter splitting

Analyzing pipeline to determine fast and slow parameters (because fast_slow=T in [pipeline] section)

Running pipeline once to make sure everything is initialized before timing.

Doing fast/slow parameter splitting

Analyzing pipeline to determine fast and slow parameters (because fast_slow=T in [pipeline] section)

Running pipeline once to make sure everything is initialized before timing.

Doing fast/slow parameter splitting

Analyzing pipeline to determine fast and slow parameters (because fast_slow=T in [pipeline] section)

Running pipeline once to make sure everything is initialized before timing.

Doing fast/slow parameter splitting

Analyzing pipeline to determine fast and slow parameters (because fast_slow=T in [pipeline] section)

Running pipeline once to make sure everything is initialized before timing.

Doing fast/slow parameter splitting

Analyzing pipeline to determine fast and slow parameters (because fast_slow=T in [pipeline] section)

Running pipeline once to make sure everything is initialized before timing.

Doing fast/slow parameter splitting

Analyzing pipeline to determine fast and slow parameters (because fast_slow=T in [pipeline] section)

Running pipeline once to make sure everything is initialized before timing.

Doing fast/slow parameter splitting

Analyzing pipeline to determine fast and slow parameters (because fast_slow=T in [pipeline] section)

Running pipeline once to make sure everything is initialized before timing.

Doing fast/slow parameter splitting

Analyzing pipeline to determine fast and slow parameters (because fast_slow=T in [pipeline] section)

Running pipeline once to make sure everything is initialized before timing.

Doing fast/slow parameter splitting

Analyzing pipeline to determine fast and slow parameters (because fast_slow=T in [pipeline] section)

Running pipeline once to make sure everything is initialized before timing.

Doing fast/slow parameter splitting

Analyzing pipeline to determine fast and slow parameters (because fast_slow=T in [pipeline] section)

Running pipeline once to make sure everything is initialized before timing.

Doing fast/slow parameter splitting

Analyzing pipeline to determine fast and slow parameters (because fast_slow=T in [pipeline] section)

Running pipeline once to make sure everything is initialized before timing.

Doing fast/slow parameter splitting

Analyzing pipeline to determine fast and slow parameters (because fast_slow=T in [pipeline] section)

Running pipeline once to make sure everything is initialized before timing.

Doing fast/slow parameter splitting

Analyzing pipeline to determine fast and slow parameters (because fast_slow=T in [pipeline] section)

Running pipeline once to make sure everything is initialized before timing.

Doing fast/slow parameter splitting

Analyzing pipeline to determine fast and slow parameters (because fast_slow=T in [pipeline] section)

Running pipeline once to make sure everything is initialized before timing.

Doing fast/slow parameter splitting

Analyzing pipeline to determine fast and slow parameters (because fast_slow=T in [pipeline] section)

Running pipeline once to make sure everything is initialized before timing.

Doing fast/slow parameter splitting

Analyzing pipeline to determine fast and slow parameters (because fast_slow=T in [pipeline] section)

Running pipeline once to make sure everything is initialized before timing.

Doing fast/slow parameter splitting

Analyzing pipeline to determine fast and slow parameters (because fast_slow=T in [pipeline] section)

Running pipeline once to make sure everything is initialized before timing.

Doing fast/slow parameter splitting

Analyzing pipeline to determine fast and slow parameters (because fast_slow=T in [pipeline] section)

Running pipeline once to make sure everything is initialized before timing.

Doing fast/slow parameter splitting

Analyzing pipeline to determine fast and slow parameters (because fast_slow=T in [pipeline] section)

Running pipeline once to make sure everything is initialized before timing.

Doing fast/slow parameter splitting

Analyzing pipeline to determine fast and slow parameters (because fast_slow=T in [pipeline] section)

Running pipeline once to make sure everything is initialized before timing.

Doing fast/slow parameter splitting

Analyzing pipeline to determine fast and slow parameters (because fast_slow=T in [pipeline] section)

Running pipeline once to make sure everything is initialized before timing.

Doing fast/slow parameter splitting

Analyzing pipeline to determine fast and slow parameters (because fast_slow=T in [pipeline] section)

Running pipeline once to make sure everything is initialized before timing.

Doing fast/slow parameter splitting

Analyzing pipeline to determine fast and slow parameters (because fast_slow=T in [pipeline] section)

Running pipeline once to make sure everything is initialized before timing.

Doing fast/slow parameter splitting

Analyzing pipeline to determine fast and slow parameters (because fast_slow=T in [pipeline] section)

Running pipeline once to make sure everything is initialized before timing.

Doing fast/slow parameter splitting

Analyzing pipeline to determine fast and slow parameters (because fast_slow=T in [pipeline] section)

Running pipeline once to make sure everything is initialized before timing.

Doing fast/slow parameter splitting

Analyzing pipeline to determine fast and slow parameters (because fast_slow=T in [pipeline] section)

Running pipeline once to make sure everything is initialized before timing.

Doing fast/slow parameter splitting

Analyzing pipeline to determine fast and slow parameters (because fast_slow=T in [pipeline] section)

Running pipeline once to make sure everything is initialized before timing.

Doing fast/slow parameter splitting

Analyzing pipeline to determine fast and slow parameters (because fast_slow=T in [pipeline] section)

Running pipeline once to make sure everything is initialized before timing.

Doing fast/slow parameter splitting

Analyzing pipeline to determine fast and slow parameters (because fast_slow=T in [pipeline] section)

Running pipeline once to make sure everything is initialized before timing.

Doing fast/slow parameter splitting

Analyzing pipeline to determine fast and slow parameters (because fast_slow=T in [pipeline] section)

Running pipeline once to make sure everything is initialized before timing.

Doing fast/slow parameter splitting

Analyzing pipeline to determine fast and slow parameters (because fast_slow=T in [pipeline] section)

Running pipeline once to make sure everything is initialized before timing.

Doing fast/slow parameter splitting

Analyzing pipeline to determine fast and slow parameters (because fast_slow=T in [pipeline] section)

Running pipeline once to make sure everything is initialized before timing.

Doing fast/slow parameter splitting

Analyzing pipeline to determine fast and slow parameters (because fast_slow=T in [pipeline] section)

Running pipeline once to make sure everything is initialized before timing.

Doing fast/slow parameter splitting

Analyzing pipeline to determine fast and slow parameters (because fast_slow=T in [pipeline] section)

Running pipeline once to make sure everything is initialized before timing.

Doing fast/slow parameter splitting

Analyzing pipeline to determine fast and slow parameters (because fast_slow=T in [pipeline] section)

Running pipeline once to make sure everything is initialized before timing.

Doing fast/slow parameter splitting

Analyzing pipeline to determine fast and slow parameters (because fast_slow=T in [pipeline] section)

Running pipeline once to make sure everything is initialized before timing.

Doing fast/slow parameter splitting

Analyzing pipeline to determine fast and slow parameters (because fast_slow=T in [pipeline] section)

Running pipeline once to make sure everything is initialized before timing.

Doing fast/slow parameter splitting

Analyzing pipeline to determine fast and slow parameters (because fast_slow=T in [pipeline] section)

Running pipeline once to make sure everything is initialized before timing.

Doing fast/slow parameter splitting

Analyzing pipeline to determine fast and slow parameters (because fast_slow=T in [pipeline] section)

Running pipeline once to make sure everything is initialized before timing.

Doing fast/slow parameter splitting

Analyzing pipeline to determine fast and slow parameters (because fast_slow=T in [pipeline] section)

Running pipeline once to make sure everything is initialized before timing.

Doing fast/slow parameter splitting

Analyzing pipeline to determine fast and slow parameters (because fast_slow=T in [pipeline] section)

Running pipeline once to make sure everything is initialized before timing.

Doing fast/slow parameter splitting

Analyzing pipeline to determine fast and slow parameters (because fast_slow=T in [pipeline] section)

Running pipeline once to make sure everything is initialized before timing.

Doing fast/slow parameter splitting

Analyzing pipeline to determine fast and slow parameters (because fast_slow=T in [pipeline] section)

Running pipeline once to make sure everything is initialized before timing.

Doing fast/slow parameter splitting

Analyzing pipeline to determine fast and slow parameters (because fast_slow=T in [pipeline] section)

Running pipeline once to make sure everything is initialized before timing.

Doing fast/slow parameter splitting

Analyzing pipeline to determine fast and slow parameters (because fast_slow=T in [pipeline] section)

Running pipeline once to make sure everything is initialized before timing.

Doing fast/slow parameter splitting

Analyzing pipeline to determine fast and slow parameters (because fast_slow=T in [pipeline] section)

Running pipeline once to make sure everything is initialized before timing.

Doing fast/slow parameter splitting

Analyzing pipeline to determine fast and slow parameters (because fast_slow=T in [pipeline] section)

Running pipeline once to make sure everything is initialized before timing.

Doing fast/slow parameter splitting

Analyzing pipeline to determine fast and slow parameters (because fast_slow=T in [pipeline] section)

Running pipeline once to make sure everything is initialized before timing.

Doing fast/slow parameter splitting

Analyzing pipeline to determine fast and slow parameters (because fast_slow=T in [pipeline] section)

Running pipeline once to make sure everything is initialized before timing.

Doing fast/slow parameter splitting

Analyzing pipeline to determine fast and slow parameters (because fast_slow=T in [pipeline] section)

Running pipeline once to make sure everything is initialized before timing.

Doing fast/slow parameter splitting

Analyzing pipeline to determine fast and slow parameters (because fast_slow=T in [pipeline] section)

Running pipeline once to make sure everything is initialized before timing.

Doing fast/slow parameter splitting

Analyzing pipeline to determine fast and slow parameters (because fast_slow=T in [pipeline] section)

Running pipeline once to make sure everything is initialized before timing.

Doing fast/slow parameter splitting

Analyzing pipeline to determine fast and slow parameters (because fast_slow=T in [pipeline] section)

Running pipeline once to make sure everything is initialized before timing.

Doing fast/slow parameter splitting

Analyzing pipeline to determine fast and slow parameters (because fast_slow=T in [pipeline] section)

Running pipeline once to make sure everything is initialized before timing.

Doing fast/slow parameter splitting

Analyzing pipeline to determine fast and slow parameters (because fast_slow=T in [pipeline] section)

Running pipeline once to make sure everything is initialized before timing.

Doing fast/slow parameter splitting

Analyzing pipeline to determine fast and slow parameters (because fast_slow=T in [pipeline] section)

Running pipeline once to make sure everything is initialized before timing.

Doing fast/slow parameter splitting

Analyzing pipeline to determine fast and slow parameters (because fast_slow=T in [pipeline] section)

Running pipeline once to make sure everything is initialized before timing.

Doing fast/slow parameter splitting

Analyzing pipeline to determine fast and slow parameters (because fast_slow=T in [pipeline] section)

Running pipeline once to make sure everything is initialized before timing.

Doing fast/slow parameter splitting

Analyzing pipeline to determine fast and slow parameters (because fast_slow=T in [pipeline] section)

Running pipeline once to make sure everything is initialized before timing.

Doing fast/slow parameter splitting

Analyzing pipeline to determine fast and slow parameters (because fast_slow=T in [pipeline] section)

Running pipeline once to make sure everything is initialized before timing.

Doing fast/slow parameter splitting

Analyzing pipeline to determine fast and slow parameters (because fast_slow=T in [pipeline] section)

Running pipeline once to make sure everything is initialized before timing.

Doing fast/slow parameter splitting

Analyzing pipeline to determine fast and slow parameters (because fast_slow=T in [pipeline] section)

Running pipeline once to make sure everything is initialized before timing.

Doing fast/slow parameter splitting

Analyzing pipeline to determine fast and slow parameters (because fast_slow=T in [pipeline] section)

Running pipeline once to make sure everything is initialized before timing.

Doing fast/slow parameter splitting

Analyzing pipeline to determine fast and slow parameters (because fast_slow=T in [pipeline] section)

Running pipeline once to make sure everything is initialized before timing.

Doing fast/slow parameter splitting

Analyzing pipeline to determine fast and slow parameters (because fast_slow=T in [pipeline] section)

Running pipeline once to make sure everything is initialized before timing.

Doing fast/slow parameter splitting

Analyzing pipeline to determine fast and slow parameters (because fast_slow=T in [pipeline] section)

Running pipeline once to make sure everything is initialized before timing.

Doing fast/slow parameter splitting

Analyzing pipeline to determine fast and slow parameters (because fast_slow=T in [pipeline] section)

Running pipeline once to make sure everything is initialized before timing.

Doing fast/slow parameter splitting

Analyzing pipeline to determine fast and slow parameters (because fast_slow=T in [pipeline] section)

Running pipeline once to make sure everything is initialized before timing.

Doing fast/slow parameter splitting

Analyzing pipeline to determine fast and slow parameters (because fast_slow=T in [pipeline] section)

Running pipeline once to make sure everything is initialized before timing.

Doing fast/slow parameter splitting

Analyzing pipeline to determine fast and slow parameters (because fast_slow=T in [pipeline] section)

Running pipeline once to make sure everything is initialized before timing.

Doing fast/slow parameter splitting

Analyzing pipeline to determine fast and slow parameters (because fast_slow=T in [pipeline] section)

Running pipeline once to make sure everything is initialized before timing.

Doing fast/slow parameter splitting

Analyzing pipeline to determine fast and slow parameters (because fast_slow=T in [pipeline] section)

Running pipeline once to make sure everything is initialized before timing.

Doing fast/slow parameter splitting

Analyzing pipeline to determine fast and slow parameters (because fast_slow=T in [pipeline] section)

Running pipeline once to make sure everything is initialized before timing.

Doing fast/slow parameter splitting

Analyzing pipeline to determine fast and slow parameters (because fast_slow=T in [pipeline] section)

Running pipeline once to make sure everything is initialized before timing.

Doing fast/slow parameter splitting

Analyzing pipeline to determine fast and slow parameters (because fast_slow=T in [pipeline] section)

Running pipeline once to make sure everything is initialized before timing.

Doing fast/slow parameter splitting

Analyzing pipeline to determine fast and slow parameters (because fast_slow=T in [pipeline] section)

Running pipeline once to make sure everything is initialized before timing.

Doing fast/slow parameter splitting

Analyzing pipeline to determine fast and slow parameters (because fast_slow=T in [pipeline] section)

Running pipeline once to make sure everything is initialized before timing.

Doing fast/slow parameter splitting

Analyzing pipeline to determine fast and slow parameters (because fast_slow=T in [pipeline] section)

Running pipeline once to make sure everything is initialized before timing.

Doing fast/slow parameter splitting

Analyzing pipeline to determine fast and slow parameters (because fast_slow=T in [pipeline] section)

Running pipeline once to make sure everything is initialized before timing.

Doing fast/slow parameter splitting

Analyzing pipeline to determine fast and slow parameters (because fast_slow=T in [pipeline] section)

Running pipeline once to make sure everything is initialized before timing.

Doing fast/slow parameter splitting

Analyzing pipeline to determine fast and slow parameters (because fast_slow=T in [pipeline] section)

Running pipeline once to make sure everything is initialized before timing.

Doing fast/slow parameter splitting

Analyzing pipeline to determine fast and slow parameters (because fast_slow=T in [pipeline] section)

Running pipeline once to make sure everything is initialized before timing.

Doing fast/slow parameter splitting

Analyzing pipeline to determine fast and slow parameters (because fast_slow=T in [pipeline] section)

Running pipeline once to make sure everything is initialized before timing.

Doing fast/slow parameter splitting

Analyzing pipeline to determine fast and slow parameters (because fast_slow=T in [pipeline] section)

Running pipeline once to make sure everything is initialized before timing.

Doing fast/slow parameter splitting

Analyzing pipeline to determine fast and slow parameters (because fast_slow=T in [pipeline] section)

Running pipeline once to make sure everything is initialized before timing.

Doing fast/slow parameter splitting

Analyzing pipeline to determine fast and slow parameters (because fast_slow=T in [pipeline] section)

Running pipeline once to make sure everything is initialized before timing.

Doing fast/slow parameter splitting

Analyzing pipeline to determine fast and slow parameters (because fast_slow=T in [pipeline] section)

Running pipeline once to make sure everything is initialized before timing.

Doing fast/slow parameter splitting

Analyzing pipeline to determine fast and slow parameters (because fast_slow=T in [pipeline] section)

Running pipeline once to make sure everything is initialized before timing.

Doing fast/slow parameter splitting

Analyzing pipeline to determine fast and slow parameters (because fast_slow=T in [pipeline] section)

Running pipeline once to make sure everything is initialized before timing.

Doing fast/slow parameter splitting

Analyzing pipeline to determine fast and slow parameters (because fast_slow=T in [pipeline] section)

Running pipeline once to make sure everything is initialized before timing.

Doing fast/slow parameter splitting

Analyzing pipeline to determine fast and slow parameters (because fast_slow=T in [pipeline] section)

Running pipeline once to make sure everything is initialized before timing.

Doing fast/slow parameter splitting

Analyzing pipeline to determine fast and slow parameters (because fast_slow=T in [pipeline] section)

Running pipeline once to make sure everything is initialized before timing.

Doing fast/slow parameter splitting

Analyzing pipeline to determine fast and slow parameters (because fast_slow=T in [pipeline] section)

Running pipeline once to make sure everything is initialized before timing.

Doing fast/slow parameter splitting

Analyzing pipeline to determine fast and slow parameters (because fast_slow=T in [pipeline] section)

Running pipeline once to make sure everything is initialized before timing.

Doing fast/slow parameter splitting

Analyzing pipeline to determine fast and slow parameters (because fast_slow=T in [pipeline] section)

Running pipeline once to make sure everything is initialized before timing.

Doing fast/slow parameter splitting

Analyzing pipeline to determine fast and slow parameters (because fast_slow=T in [pipeline] section)

Running pipeline once to make sure everything is initialized before timing.

Doing fast/slow parameter splitting

Analyzing pipeline to determine fast and slow parameters (because fast_slow=T in [pipeline] section)

Running pipeline once to make sure everything is initialized before timing.

Doing fast/slow parameter splitting

Analyzing pipeline to determine fast and slow parameters (because fast_slow=T in [pipeline] section)

Running pipeline once to make sure everything is initialized before timing.

Doing fast/slow parameter splitting

Analyzing pipeline to determine fast and slow parameters (because fast_slow=T in [pipeline] section)

Running pipeline once to make sure everything is initialized before timing.

Doing fast/slow parameter splitting

Analyzing pipeline to determine fast and slow parameters (because fast_slow=T in [pipeline] section)

Running pipeline once to make sure everything is initialized before timing.

Doing fast/slow parameter splitting

Analyzing pipeline to determine fast and slow parameters (because fast_slow=T in [pipeline] section)

Running pipeline once to make sure everything is initialized before timing.

Doing fast/slow parameter splitting

Analyzing pipeline to determine fast and slow parameters (because fast_slow=T in [pipeline] section)

Running pipeline once to make sure everything is initialized before timing.

Doing fast/slow parameter splitting

Analyzing pipeline to determine fast and slow parameters (because fast_slow=T in [pipeline] section)

Running pipeline once to make sure everything is initialized before timing.

Doing fast/slow parameter splitting

Analyzing pipeline to determine fast and slow parameters (because fast_slow=T in [pipeline] section)

Running pipeline once to make sure everything is initialized before timing.

Doing fast/slow parameter splitting

Analyzing pipeline to determine fast and slow parameters (because fast_slow=T in [pipeline] section)

Running pipeline once to make sure everything is initialized before timing.

Doing fast/slow parameter splitting

Analyzing pipeline to determine fast and slow parameters (because fast_slow=T in [pipeline] section)

Running pipeline once to make sure everything is initialized before timing.

Doing fast/slow parameter splitting

Analyzing pipeline to determine fast and slow parameters (because fast_slow=T in [pipeline] section)

Running pipeline once to make sure everything is initialized before timing.

Doing fast/slow parameter splitting

Analyzing pipeline to determine fast and slow parameters (because fast_slow=T in [pipeline] section)

Running pipeline once to make sure everything is initialized before timing.

Doing fast/slow parameter splitting

Analyzing pipeline to determine fast and slow parameters (because fast_slow=T in [pipeline] section)

Running pipeline once to make sure everything is initialized before timing.

Doing fast/slow parameter splitting

Analyzing pipeline to determine fast and slow parameters (because fast_slow=T in [pipeline] section)

Running pipeline once to make sure everything is initialized before timing.

Doing fast/slow parameter splitting

Analyzing pipeline to determine fast and slow parameters (because fast_slow=T in [pipeline] section)

Running pipeline once to make sure everything is initialized before timing.

Doing fast/slow parameter splitting

Analyzing pipeline to determine fast and slow parameters (because fast_slow=T in [pipeline] section)

Running pipeline once to make sure everything is initialized before timing.

Doing fast/slow parameter splitting

Analyzing pipeline to determine fast and slow parameters (because fast_slow=T in [pipeline] section)

Running pipeline once to make sure everything is initialized before timing.

Doing fast/slow parameter splitting

Analyzing pipeline to determine fast and slow parameters (because fast_slow=T in [pipeline] section)

Running pipeline once to make sure everything is initialized before timing.

Doing fast/slow parameter splitting

Analyzing pipeline to determine fast and slow parameters (because fast_slow=T in [pipeline] section)

Running pipeline once to make sure everything is initialized before timing.

Doing fast/slow parameter splitting

Analyzing pipeline to determine fast and slow parameters (because fast_slow=T in [pipeline] section)

Running pipeline once to make sure everything is initialized before timing.

Doing fast/slow parameter splitting

Analyzing pipeline to determine fast and slow parameters (because fast_slow=T in [pipeline] section)

Running pipeline once to make sure everything is initialized before timing.

Doing fast/slow parameter splitting

Analyzing pipeline to determine fast and slow parameters (because fast_slow=T in [pipeline] section)

Running pipeline once to make sure everything is initialized before timing.

Doing fast/slow parameter splitting

Analyzing pipeline to determine fast and slow parameters (because fast_slow=T in [pipeline] section)

Running pipeline once to make sure everything is initialized before timing.

Doing fast/slow parameter splitting

Analyzing pipeline to determine fast and slow parameters (because fast_slow=T in [pipeline] section)

Running pipeline once to make sure everything is initialized before timing.

Doing fast/slow parameter splitting

Analyzing pipeline to determine fast and slow parameters (because fast_slow=T in [pipeline] section)

Running pipeline once to make sure everything is initialized before timing.

Doing fast/slow parameter splitting

Analyzing pipeline to determine fast and slow parameters (because fast_slow=T in [pipeline] section)

Running pipeline once to make sure everything is initialized before timing.

Doing fast/slow parameter splitting

Analyzing pipeline to determine fast and slow parameters (because fast_slow=T in [pipeline] section)

Running pipeline once to make sure everything is initialized before timing.

Doing fast/slow parameter splitting

Analyzing pipeline to determine fast and slow parameters (because fast_slow=T in [pipeline] section)

Running pipeline once to make sure everything is initialized before timing.

Doing fast/slow parameter splitting

Analyzing pipeline to determine fast and slow parameters (because fast_slow=T in [pipeline] section)

Running pipeline once to make sure everything is initialized before timing.

Doing fast/slow parameter splitting

Analyzing pipeline to determine fast and slow parameters (because fast_slow=T in [pipeline] section)

Running pipeline once to make sure everything is initialized before timing.

Doing fast/slow parameter splitting

Analyzing pipeline to determine fast and slow parameters (because fast_slow=T in [pipeline] section)

Running pipeline once to make sure everything is initialized before timing.

Doing fast/slow parameter splitting

Analyzing pipeline to determine fast and slow parameters (because fast_slow=T in [pipeline] section)

Running pipeline once to make sure everything is initialized before timing.

Doing fast/slow parameter splitting

Analyzing pipeline to determine fast and slow parameters (because fast_slow=T in [pipeline] section)

Running pipeline once to make sure everything is initialized before timing.

Doing fast/slow parameter splitting

Analyzing pipeline to determine fast and slow parameters (because fast_slow=T in [pipeline] section)

Running pipeline once to make sure everything is initialized before timing.

Doing fast/slow parameter splitting

Analyzing pipeline to determine fast and slow parameters (because fast_slow=T in [pipeline] section)

Running pipeline once to make sure everything is initialized before timing.

Doing fast/slow parameter splitting

Analyzing pipeline to determine fast and slow parameters (because fast_slow=T in [pipeline] section)

Running pipeline once to make sure everything is initialized before timing.

Doing fast/slow parameter splitting

Analyzing pipeline to determine fast and slow parameters (because fast_slow=T in [pipeline] section)

Running pipeline once to make sure everything is initialized before timing.

Doing fast/slow parameter splitting

Analyzing pipeline to determine fast and slow parameters (because fast_slow=T in [pipeline] section)

Running pipeline once to make sure everything is initialized before timing.

Doing fast/slow parameter splitting

Analyzing pipeline to determine fast and slow parameters (because fast_slow=T in [pipeline] section)

Running pipeline once to make sure everything is initialized before timing.

Doing fast/slow parameter splitting

Analyzing pipeline to determine fast and slow parameters (because fast_slow=T in [pipeline] section)

Running pipeline once to make sure everything is initialized before timing.

Doing fast/slow parameter splitting

Analyzing pipeline to determine fast and slow parameters (because fast_slow=T in [pipeline] section)

Running pipeline once to make sure everything is initialized before timing.

Doing fast/slow parameter splitting

Analyzing pipeline to determine fast and slow parameters (because fast_slow=T in [pipeline] section)

Running pipeline once to make sure everything is initialized before timing.

Doing fast/slow parameter splitting

Analyzing pipeline to determine fast and slow parameters (because fast_slow=T in [pipeline] section)

Running pipeline once to make sure everything is initialized before timing.

Doing fast/slow parameter splitting

Analyzing pipeline to determine fast and slow parameters (because fast_slow=T in [pipeline] section)

Running pipeline once to make sure everything is initialized before timing.

Doing fast/slow parameter splitting

Analyzing pipeline to determine fast and slow parameters (because fast_slow=T in [pipeline] section)

Running pipeline once to make sure everything is initialized before timing.

Doing fast/slow parameter splitting

Analyzing pipeline to determine fast and slow parameters (because fast_slow=T in [pipeline] section)

Running pipeline once to make sure everything is initialized before timing.

Doing fast/slow parameter splitting

Analyzing pipeline to determine fast and slow parameters (because fast_slow=T in [pipeline] section)

Running pipeline once to make sure everything is initialized before timing.

Doing fast/slow parameter splitting

Analyzing pipeline to determine fast and slow parameters (because fast_slow=T in [pipeline] section)

Running pipeline once to make sure everything is initialized before timing.

Doing fast/slow parameter splitting

Analyzing pipeline to determine fast and slow parameters (because fast_slow=T in [pipeline] section)

Running pipeline once to make sure everything is initialized before timing.

Doing fast/slow parameter splitting

Analyzing pipeline to determine fast and slow parameters (because fast_slow=T in [pipeline] section)

Running pipeline once to make sure everything is initialized before timing.

Doing fast/slow parameter splitting

Analyzing pipeline to determine fast and slow parameters (because fast_slow=T in [pipeline] section)

Running pipeline once to make sure everything is initialized before timing.

Doing fast/slow parameter splitting

Analyzing pipeline to determine fast and slow parameters (because fast_slow=T in [pipeline] section)

Running pipeline once to make sure everything is initialized before timing.

Doing fast/slow parameter splitting

Analyzing pipeline to determine fast and slow parameters (because fast_slow=T in [pipeline] section)

Running pipeline once to make sure everything is initialized before timing.

Doing fast/slow parameter splitting

Analyzing pipeline to determine fast and slow parameters (because fast_slow=T in [pipeline] section)

Running pipeline once to make sure everything is initialized before timing.

Doing fast/slow parameter splitting

Analyzing pipeline to determine fast and slow parameters (because fast_slow=T in [pipeline] section)

Running pipeline once to make sure everything is initialized before timing.

Doing fast/slow parameter splitting

Analyzing pipeline to determine fast and slow parameters (because fast_slow=T in [pipeline] section)

Running pipeline once to make sure everything is initialized before timing.

Doing fast/slow parameter splitting

Analyzing pipeline to determine fast and slow parameters (because fast_slow=T in [pipeline] section)

Running pipeline once to make sure everything is initialized before timing.

Doing fast/slow parameter splitting

Analyzing pipeline to determine fast and slow parameters (because fast_slow=T in [pipeline] section)

Running pipeline once to make sure everything is initialized before timing.

Warning, you selected a extrap_low that is greater than k_min. Therefore no extrapolation will be done.
Warning, you selected a extrap_low that is greater than k_min. Therefore no extrapolation will be done.
Warning, you selected a extrap_low that is greater than k_min. Therefore no extrapolation will be done.
Warning, you selected a extrap_low that is greater than k_min. Therefore no extrapolation will be done.
Warning, you selected a extrap_low that is greater than k_min. Therefore no extrapolation will be done.
Warning, you selected a extrap_low that is greater than k_min. Therefore no extrapolation will be done.
Warning, you selected a extrap_low that is greater than k_min. Therefore no extrapolation will be done.
Warning, you selected a extrap_low that is greater than k_min. Therefore no extrapolation will be done.
Warning, you selected a extrap_low that is greater than k_min. Therefore no extrapolation will be done.
Warning, you selected a extrap_low that is greater than k_min. Therefore no extrapolation will be done.
Warning, you selected a extrap_low that is greater than k_min. Therefore no extrapolation will be done.
Warning, you selected a extrap_low that is greater than k_min. Therefore no extrapolation will be done.
Warning, you selected a extrap_low that is greater than k_min. Therefore no extrapolation will be done.
Warning, you selected a extrap_low that is greater than k_min. Therefore no extrapolation will be done.
Warning, you selected a extrap_low that is greater than k_min. Therefore no extrapolation will be done.
Warning, you selected a extrap_low that is greater than k_min. Therefore no extrapolation will be done.
Warning, you selected a extrap_low that is greater than k_min. Therefore no extrapolation will be done.
Warning, you selected a extrap_low that is greater than k_min. Therefore no extrapolation will be done.
Warning, you selected a extrap_low that is greater than k_min. Therefore no extrapolation will be done.
Warning, you selected a extrap_low that is greater than k_min. Therefore no extrapolation will be done.
Warning, you selected a extrap_low that is greater than k_min. Therefore no extrapolation will be done.
Warning, you selected a extrap_low that is greater than k_min. Therefore no extrapolation will be done.
Warning, you selected a extrap_low that is greater than k_min. Therefore no extrapolation will be done.
Warning, you selected a extrap_low that is greater than k_min. Therefore no extrapolation will be done.
Warning, you selected a extrap_low that is greater than k_min. Therefore no extrapolation will be done.
Warning, you selected a extrap_low that is greater than k_min. Therefore no extrapolation will be done.
Warning, you selected a extrap_low that is greater than k_min. Therefore no extrapolation will be done.
Warning, you selected a extrap_low that is greater than k_min. Therefore no extrapolation will be done.
Warning, you selected a extrap_low that is greater than k_min. Therefore no extrapolation will be done.
Warning, you selected a extrap_low that is greater than k_min. Therefore no extrapolation will be done.
Using likelihooods from first run:
 - 2pt
 - shear_ratio

Running the pipeline again to determine timings and fast-slow split

consistency took: 0.000 seconds
bbn_consistency took: 0.000 seconds
s8_to_sigma8 took: 0.000 seconds
Warning, you selected a extrap_low that is greater than k_min. Therefore no extrapolation will be done.
Warning, you selected a extrap_low that is greater than k_min. Therefore no extrapolation will be done.
Warning, you selected a extrap_low that is greater than k_min. Therefore no extrapolation will be done.
Warning, you selected a extrap_low that is greater than k_min. Therefore no extrapolation will be done.
Warning, you selected a extrap_low that is greater than k_min. Therefore no extrapolation will be done.
Using likelihooods from first run:
 - 2pt
 - shear_ratio

Running the pipeline again to determine timings and fast-slow split

consistency took: 0.000 seconds
bbn_consistency took: 0.000 seconds
s8_to_sigma8 took: 0.000 seconds
Warning, you selected a extrap_low that is greater than k_min. Therefore no extrapolation will be done.
Warning, you selected a extrap_low that is greater than k_min. Therefore no extrapolation will be done.
Using likelihooods from first run:
 - 2pt
 - shear_ratio

Running the pipeline again to determine timings and fast-slow split

consistency took: 0.001 seconds
bbn_consistency took: 0.000 seconds
s8_to_sigma8 took: 0.000 seconds
Warning, you selected a extrap_low that is greater than k_min. Therefore no extrapolation will be done.
Using likelihooods from first run:
 - 2pt
 - shear_ratio

Running the pipeline again to determine timings and fast-slow split

consistency took: 0.000 seconds
bbn_consistency took: 0.000 seconds
s8_to_sigma8 took: 0.000 seconds
Warning, you selected a extrap_low that is greater than k_min. Therefore no extrapolation will be done.
Warning, you selected a extrap_low that is greater than k_min. Therefore no extrapolation will be done.
Warning, you selected a extrap_low that is greater than k_min. Therefore no extrapolation will be done.
Warning, you selected a extrap_low that is greater than k_min. Therefore no extrapolation will be done.
Warning, you selected a extrap_low that is greater than k_min. Therefore no extrapolation will be done.
Warning, you selected a extrap_low that is greater than k_min. Therefore no extrapolation will be done.
Warning, you selected a extrap_low that is greater than k_min. Therefore no extrapolation will be done.
Warning, you selected a extrap_low that is greater than k_min. Therefore no extrapolation will be done.
Warning, you selected a extrap_low that is greater than k_min. Therefore no extrapolation will be done.
Warning, you selected a extrap_low that is greater than k_min. Therefore no extrapolation will be done.
Warning, you selected a extrap_low that is greater than k_min. Therefore no extrapolation will be done.
Warning, you selected a extrap_low that is greater than k_min. Therefore no extrapolation will be done.
Warning, you selected a extrap_low that is greater than k_min. Therefore no extrapolation will be done.
Warning, you selected a extrap_low that is greater than k_min. Therefore no extrapolation will be done.
Warning, you selected a extrap_low that is greater than k_min. Therefore no extrapolation will be done.
Warning, you selected a extrap_low that is greater than k_min. Therefore no extrapolation will be done.
Warning, you selected a extrap_low that is greater than k_min. Therefore no extrapolation will be done.
Warning, you selected a extrap_low that is greater than k_min. Therefore no extrapolation will be done.
Warning, you selected a extrap_low that is greater than k_min. Therefore no extrapolation will be done.
Warning, you selected a extrap_low that is greater than k_min. Therefore no extrapolation will be done.
Warning, you selected a extrap_low that is greater than k_min. Therefore no extrapolation will be done.
Warning, you selected a extrap_low that is greater than k_min. Therefore no extrapolation will be done.
Warning, you selected a extrap_low that is greater than k_min. Therefore no extrapolation will be done.
Using likelihooods from first run:
 - 2pt
 - shear_ratio

Running the pipeline again to determine timings and fast-slow split

consistency took: 0.000 seconds
bbn_consistency took: 0.000 seconds
s8_to_sigma8 took: 0.000 seconds
Warning, you selected a extrap_low that is greater than k_min. Therefore no extrapolation will be done.
Warning, you selected a extrap_low that is greater than k_min. Therefore no extrapolation will be done.
Using likelihooods from first run:
 - 2pt
 - shear_ratio

Running the pipeline again to determine timings and fast-slow split

consistency took: 0.001 seconds
bbn_consistency took: 0.000 seconds
s8_to_sigma8 took: 0.000 seconds
Warning, you selected a extrap_low that is greater than k_min. Therefore no extrapolation will be done.
Warning, you selected a extrap_low that is greater than k_min. Therefore no extrapolation will be done.
Warning, you selected a extrap_low that is greater than k_min. Therefore no extrapolation will be done.
Warning, you selected a extrap_low that is greater than k_min. Therefore no extrapolation will be done.
Warning, you selected a extrap_low that is greater than k_min. Therefore no extrapolation will be done.
Warning, you selected a extrap_low that is greater than k_min. Therefore no extrapolation will be done.
Warning, you selected a extrap_low that is greater than k_min. Therefore no extrapolation will be done.
Warning, you selected a extrap_low that is greater than k_min. Therefore no extrapolation will be done.
Warning, you selected a extrap_low that is greater than k_min. Therefore no extrapolation will be done.
Warning, you selected a extrap_low that is greater than k_min. Therefore no extrapolation will be done.
Using likelihooods from first run:
 - 2pt
 - shear_ratio

Running the pipeline again to determine timings and fast-slow split

Warning, you selected a extrap_low that is greater than k_min. Therefore no extrapolation will be done.
consistency took: 0.000 seconds
bbn_consistency took: 0.000 seconds
s8_to_sigma8 took: 0.000 seconds
Warning, you selected a extrap_low that is greater than k_min. Therefore no extrapolation will be done.
Using likelihooods from first run:
 - 2pt
 - shear_ratio

Running the pipeline again to determine timings and fast-slow split

consistency took: 0.000 seconds
bbn_consistency took: 0.000 seconds
s8_to_sigma8 took: 0.000 seconds
Warning, you selected a extrap_low that is greater than k_min. Therefore no extrapolation will be done.
Using likelihooods from first run:
 - 2pt
 - shear_ratio

Running the pipeline again to determine timings and fast-slow split

Warning, you selected a extrap_low that is greater than k_min. Therefore no extrapolation will be done.
consistency took: 0.001 seconds
bbn_consistency took: 0.000 seconds
s8_to_sigma8 took: 0.000 seconds
Warning, you selected a extrap_low that is greater than k_min. Therefore no extrapolation will be done.
Warning, you selected a extrap_low that is greater than k_min. Therefore no extrapolation will be done.
Warning, you selected a extrap_low that is greater than k_min. Therefore no extrapolation will be done.
Warning, you selected a extrap_low that is greater than k_min. Therefore no extrapolation will be done.
Warning, you selected a extrap_low that is greater than k_min. Therefore no extrapolation will be done.
Warning, you selected a extrap_low that is greater than k_min. Therefore no extrapolation will be done.
Warning, you selected a extrap_low that is greater than k_min. Therefore no extrapolation will be done.
Warning, you selected a extrap_low that is greater than k_min. Therefore no extrapolation will be done.
Warning, you selected a extrap_low that is greater than k_min. Therefore no extrapolation will be done.
Warning, you selected a extrap_low that is greater than k_min. Therefore no extrapolation will be done.
Warning, you selected a extrap_low that is greater than k_min. Therefore no extrapolation will be done.
Warning, you selected a extrap_low that is greater than k_min. Therefore no extrapolation will be done.
Warning, you selected a extrap_low that is greater than k_min. Therefore no extrapolation will be done.
Warning, you selected a extrap_low that is greater than k_min. Therefore no extrapolation will be done.
Using likelihooods from first run:
 - 2pt
 - shear_ratio

Running the pipeline again to determine timings and fast-slow split

consistency took: 0.000 seconds
bbn_consistency took: 0.000 seconds
s8_to_sigma8 took: 0.000 seconds
Warning, you selected a extrap_low that is greater than k_min. Therefore no extrapolation will be done.
Warning, you selected a extrap_low that is greater than k_min. Therefore no extrapolation will be done.
Warning, you selected a extrap_low that is greater than k_min. Therefore no extrapolation will be done.
Warning, you selected a extrap_low that is greater than k_min. Therefore no extrapolation will be done.
Using likelihooods from first run:
 - 2pt
 - shear_ratio

Running the pipeline again to determine timings and fast-slow split

Warning, you selected a extrap_low that is greater than k_min. Therefore no extrapolation will be done.
consistency took: 0.001 seconds
bbn_consistency took: 0.000 seconds
s8_to_sigma8 took: 0.000 seconds
Warning, you selected a extrap_low that is greater than k_min. Therefore no extrapolation will be done.
Warning, you selected a extrap_low that is greater than k_min. Therefore no extrapolation will be done.
Warning, you selected a extrap_low that is greater than k_min. Therefore no extrapolation will be done.
Warning, you selected a extrap_low that is greater than k_min. Therefore no extrapolation will be done.
Warning, you selected a extrap_low that is greater than k_min. Therefore no extrapolation will be done.
Warning, you selected a extrap_low that is greater than k_min. Therefore no extrapolation will be done.
Warning, you selected a extrap_low that is greater than k_min. Therefore no extrapolation will be done.
Warning, you selected a extrap_low that is greater than k_min. Therefore no extrapolation will be done.
Warning, you selected a extrap_low that is greater than k_min. Therefore no extrapolation will be done.
Warning, you selected a extrap_low that is greater than k_min. Therefore no extrapolation will be done.
Warning, you selected a extrap_low that is greater than k_min. Therefore no extrapolation will be done.
Warning, you selected a extrap_low that is greater than k_min. Therefore no extrapolation will be done.
Warning, you selected a extrap_low that is greater than k_min. Therefore no extrapolation will be done.
Warning, you selected a extrap_low that is greater than k_min. Therefore no extrapolation will be done.
Warning, you selected a extrap_low that is greater than k_min. Therefore no extrapolation will be done.
Warning, you selected a extrap_low that is greater than k_min. Therefore no extrapolation will be done.
Warning, you selected a extrap_low that is greater than k_min. Therefore no extrapolation will be done.
Warning, you selected a extrap_low that is greater than k_min. Therefore no extrapolation will be done.
Using likelihooods from first run:
 - 2pt
 - shear_ratio

Running the pipeline again to determine timings and fast-slow split

consistency took: 0.000 seconds
bbn_consistency took: 0.000 seconds
s8_to_sigma8 took: 0.000 seconds
Warning, you selected a extrap_low that is greater than k_min. Therefore no extrapolation will be done.
Warning, you selected a extrap_low that is greater than k_min. Therefore no extrapolation will be done.
Warning, you selected a extrap_low that is greater than k_min. Therefore no extrapolation will be done.
Warning, you selected a extrap_low that is greater than k_min. Therefore no extrapolation will be done.
Warning, you selected a extrap_low that is greater than k_min. Therefore no extrapolation will be done.
Warning, you selected a extrap_low that is greater than k_min. Therefore no extrapolation will be done.
Warning, you selected a extrap_low that is greater than k_min. Therefore no extrapolation will be done.
Warning, you selected a extrap_low that is greater than k_min. Therefore no extrapolation will be done.
Warning, you selected a extrap_low that is greater than k_min. Therefore no extrapolation will be done.
Warning, you selected a extrap_low that is greater than k_min. Therefore no extrapolation will be done.
Warning, you selected a extrap_low that is greater than k_min. Therefore no extrapolation will be done.
Warning, you selected a extrap_low that is greater than k_min. Therefore no extrapolation will be done.
Using likelihooods from first run:
 - 2pt
 - shear_ratio

Running the pipeline again to determine timings and fast-slow split

consistency took: 0.000 seconds
bbn_consistency took: 0.000 seconds
s8_to_sigma8 took: 0.000 seconds
Using likelihooods from first run:
 - 2pt
 - shear_ratio

Running the pipeline again to determine timings and fast-slow split

consistency took: 0.000 seconds
bbn_consistency took: 0.000 seconds
s8_to_sigma8 took: 0.000 seconds
Using likelihooods from first run:
 - 2pt
 - shear_ratio

Running the pipeline again to determine timings and fast-slow split

consistency took: 0.000 seconds
bbn_consistency took: 0.000 seconds
s8_to_sigma8 took: 0.000 seconds
Using likelihooods from first run:
 - 2pt
 - shear_ratio

Running the pipeline again to determine timings and fast-slow split

consistency took: 0.001 seconds
bbn_consistency took: 0.000 seconds
s8_to_sigma8 took: 0.000 seconds
Using likelihooods from first run:
 - 2pt
 - shear_ratio

Running the pipeline again to determine timings and fast-slow split

consistency took: 0.000 seconds
bbn_consistency took: 0.000 seconds
s8_to_sigma8 took: 0.000 seconds
Using likelihooods from first run:
 - 2pt
 - shear_ratio

Running the pipeline again to determine timings and fast-slow split

consistency took: 0.000 seconds
bbn_consistency took: 0.000 seconds
s8_to_sigma8 took: 0.000 seconds
Warning, you selected a extrap_low that is greater than k_min. Therefore no extrapolation will be done.
Using likelihooods from first run:
 - 2pt
 - shear_ratio

Running the pipeline again to determine timings and fast-slow split

consistency took: 0.000 seconds
bbn_consistency took: 0.000 seconds
s8_to_sigma8 took: 0.000 seconds
Warning, you selected a extrap_low that is greater than k_min. Therefore no extrapolation will be done.
Warning, you selected a extrap_low that is greater than k_min. Therefore no extrapolation will be done.
Warning, you selected a extrap_low that is greater than k_min. Therefore no extrapolation will be done.
Warning, you selected a extrap_low that is greater than k_min. Therefore no extrapolation will be done.
Using likelihooods from first run:
 - 2pt
 - shear_ratio
Using likelihooods from first run:
 - 2pt
 - shear_ratio

Running the pipeline again to determine timings and fast-slow split


Running the pipeline again to determine timings and fast-slow split

consistency took: 0.001 seconds
bbn_consistency took: 0.000 seconds
consistency took: 0.001 seconds
s8_to_sigma8 took: 0.000 seconds
bbn_consistency took: 0.000 seconds
s8_to_sigma8 took: 0.000 seconds
Using likelihooods from first run:
 - 2pt
 - shear_ratio

Running the pipeline again to determine timings and fast-slow split

consistency took: 0.001 seconds
bbn_consistency took: 0.000 seconds
s8_to_sigma8 took: 0.000 seconds
Warning, you selected a extrap_low that is greater than k_min. Therefore no extrapolation will be done.
Using likelihooods from first run:
 - 2pt
 - shear_ratio

Running the pipeline again to determine timings and fast-slow split

consistency took: 0.001 seconds
bbn_consistency took: 0.000 seconds
s8_to_sigma8 took: 0.000 seconds
Warning, you selected a extrap_low that is greater than k_min. Therefore no extrapolation will be done.
Warning, you selected a extrap_low that is greater than k_min. Therefore no extrapolation will be done.
Warning, you selected a extrap_low that is greater than k_min. Therefore no extrapolation will be done.
Using likelihooods from first run:
 - 2pt
 - shear_ratio

Running the pipeline again to determine timings and fast-slow split

consistency took: 0.001 seconds
bbn_consistency took: 0.000 seconds
s8_to_sigma8 took: 0.000 seconds
Using likelihooods from first run:
 - 2pt
 - shear_ratio
Warning, you selected a extrap_low that is greater than k_min. Therefore no extrapolation will be done.

Running the pipeline again to determine timings and fast-slow split

consistency took: 0.000 seconds
bbn_consistency took: 0.000 seconds
s8_to_sigma8 took: 0.000 seconds
Using likelihooods from first run:
 - 2pt
 - shear_ratio

Running the pipeline again to determine timings and fast-slow split

consistency took: 0.001 seconds
bbn_consistency took: 0.000 seconds
s8_to_sigma8 took: 0.000 seconds
Warning, you selected a extrap_low that is greater than k_min. Therefore no extrapolation will be done.
Warning, you selected a extrap_low that is greater than k_min. Therefore no extrapolation will be done.
Using likelihooods from first run:
 - 2pt
 - shear_ratio

Running the pipeline again to determine timings and fast-slow split

Using likelihooods from first run:
 - 2pt
 - shear_ratio

Running the pipeline again to determine timings and fast-slow split

consistency took: 0.001 seconds
bbn_consistency took: 0.000 seconds
s8_to_sigma8 took: 0.000 seconds
consistency took: 0.000 seconds
bbn_consistency took: 0.000 seconds
s8_to_sigma8 took: 0.000 seconds
Warning, you selected a extrap_low that is greater than k_min. Therefore no extrapolation will be done.
Warning, you selected a extrap_low that is greater than k_min. Therefore no extrapolation will be done.
Using likelihooods from first run:
 - 2pt
 - shear_ratio

Running the pipeline again to determine timings and fast-slow split

consistency took: 0.000 seconds
bbn_consistency took: 0.000 seconds
s8_to_sigma8 took: 0.000 seconds
Using likelihooods from first run:
 - 2pt
 - shear_ratio

Running the pipeline again to determine timings and fast-slow split

consistency took: 0.000 seconds
bbn_consistency took: 0.000 seconds
s8_to_sigma8 took: 0.000 seconds
Using likelihooods from first run:
 - 2pt
 - shear_ratio

Running the pipeline again to determine timings and fast-slow split

consistency took: 0.001 seconds
bbn_consistency took: 0.000 seconds
s8_to_sigma8 took: 0.000 seconds
Using likelihooods from first run:
 - 2pt
 - shear_ratio

Running the pipeline again to determine timings and fast-slow split

consistency took: 0.001 seconds
bbn_consistency took: 0.000 seconds
s8_to_sigma8 took: 0.000 seconds
Using likelihooods from first run:
 - 2pt
 - shear_ratio

Running the pipeline again to determine timings and fast-slow split

consistency took: 0.000 seconds
bbn_consistency took: 0.000 seconds
s8_to_sigma8 took: 0.000 seconds
Warning, you selected a extrap_low that is greater than k_min. Therefore no extrapolation will be done.
Warning, you selected a extrap_low that is greater than k_min. Therefore no extrapolation will be done.
Using likelihooods from first run:
 - 2pt
 - shear_ratio

Running the pipeline again to determine timings and fast-slow split

consistency took: 0.001 seconds
bbn_consistency took: 0.000 seconds
s8_to_sigma8 took: 0.000 seconds
Using likelihooods from first run:
 - 2pt
 - shear_ratio

Running the pipeline again to determine timings and fast-slow split

consistency took: 0.001 seconds
bbn_consistency took: 0.000 seconds
s8_to_sigma8 took: 0.000 seconds
Warning, you selected a extrap_low that is greater than k_min. Therefore no extrapolation will be done.
Using likelihooods from first run:
 - 2pt
 - shear_ratio

Running the pipeline again to determine timings and fast-slow split

consistency took: 0.000 seconds
bbn_consistency took: 0.000 seconds
s8_to_sigma8 took: 0.000 seconds
Warning, you selected a extrap_low that is greater than k_min. Therefore no extrapolation will be done.
Warning, you selected a extrap_low that is greater than k_min. Therefore no extrapolation will be done.
Using likelihooods from first run:
 - 2pt
 - shear_ratio

Running the pipeline again to determine timings and fast-slow split

consistency took: 0.000 seconds
bbn_consistency took: 0.000 seconds
s8_to_sigma8 took: 0.000 seconds
Using likelihooods from first run:
 - 2pt
 - shear_ratio

Running the pipeline again to determine timings and fast-slow split

consistency took: 0.001 seconds
bbn_consistency took: 0.000 seconds
s8_to_sigma8 took: 0.000 seconds
Warning, you selected a extrap_low that is greater than k_min. Therefore no extrapolation will be done.
Warning, you selected a extrap_low that is greater than k_min. Therefore no extrapolation will be done.
Using likelihooods from first run:
 - 2pt
 - shear_ratio

Running the pipeline again to determine timings and fast-slow split

consistency took: 0.000 seconds
bbn_consistency took: 0.000 seconds
s8_to_sigma8 took: 0.000 seconds
Warning, you selected a extrap_low that is greater than k_min. Therefore no extrapolation will be done.
Warning, you selected a extrap_low that is greater than k_min. Therefore no extrapolation will be done.
Using likelihooods from first run:
 - 2pt
 - shear_ratio
Warning, you selected a extrap_low that is greater than k_min. Therefore no extrapolation will be done.

Running the pipeline again to determine timings and fast-slow split

Using likelihooods from first run:
 - 2pt
 - shear_ratio
consistency took: 0.000 seconds
bbn_consistency took: 0.000 seconds
s8_to_sigma8 took: 0.000 seconds

Running the pipeline again to determine timings and fast-slow split

consistency took: 0.000 seconds
bbn_consistency took: 0.000 seconds
s8_to_sigma8 took: 0.000 seconds
Using likelihooods from first run:
 - 2pt
 - shear_ratio

Running the pipeline again to determine timings and fast-slow split

consistency took: 0.000 seconds
bbn_consistency took: 0.000 seconds
s8_to_sigma8 took: 0.000 seconds
Using likelihooods from first run:
 - 2pt
 - shear_ratio

Running the pipeline again to determine timings and fast-slow split

consistency took: 0.000 seconds
bbn_consistency took: 0.000 seconds
s8_to_sigma8 took: 0.000 seconds
Using likelihooods from first run:
 - 2pt
 - shear_ratio

Running the pipeline again to determine timings and fast-slow split

consistency took: 0.000 seconds
bbn_consistency took: 0.000 seconds
s8_to_sigma8 took: 0.000 seconds
Warning, you selected a extrap_low that is greater than k_min. Therefore no extrapolation will be done.
Warning, you selected a extrap_low that is greater than k_min. Therefore no extrapolation will be done.
Using likelihooods from first run:
 - 2pt
 - shear_ratio

Running the pipeline again to determine timings and fast-slow split

consistency took: 0.001 seconds
bbn_consistency took: 0.000 seconds
s8_to_sigma8 took: 0.000 seconds
Using likelihooods from first run:
 - 2pt
 - shear_ratio

Running the pipeline again to determine timings and fast-slow split

consistency took: 0.001 seconds
bbn_consistency took: 0.000 seconds
s8_to_sigma8 took: 0.000 seconds
Using likelihooods from first run:
 - 2pt
 - shear_ratio

Running the pipeline again to determine timings and fast-slow split

consistency took: 0.001 seconds
bbn_consistency took: 0.000 seconds
s8_to_sigma8 took: 0.000 seconds
Using likelihooods from first run:
 - 2pt
 - shear_ratio
Warning, you selected a extrap_low that is greater than k_min. Therefore no extrapolation will be done.

Running the pipeline again to determine timings and fast-slow split

consistency took: 0.001 seconds
bbn_consistency took: 0.000 seconds
s8_to_sigma8 took: 0.000 seconds
Warning, you selected a extrap_low that is greater than k_min. Therefore no extrapolation will be done.
Warning, you selected a extrap_low that is greater than k_min. Therefore no extrapolation will be done.
Using likelihooods from first run:
 - 2pt
 - shear_ratio

Running the pipeline again to determine timings and fast-slow split

consistency took: 0.001 seconds
bbn_consistency took: 0.000 seconds
s8_to_sigma8 took: 0.000 seconds
Using likelihooods from first run:
 - 2pt
 - shear_ratio

Running the pipeline again to determine timings and fast-slow split

consistency took: 0.000 seconds
bbn_consistency took: 0.000 seconds
s8_to_sigma8 took: 0.000 seconds
Warning, you selected a extrap_low that is greater than k_min. Therefore no extrapolation will be done.
Warning, you selected a extrap_low that is greater than k_min. Therefore no extrapolation will be done.
Using likelihooods from first run:
 - 2pt
 - shear_ratio

Running the pipeline again to determine timings and fast-slow split

Using likelihooods from first run:
 - 2pt
 - shear_ratio
consistency took: 0.000 seconds
bbn_consistency took: 0.000 seconds
s8_to_sigma8 took: 0.000 seconds

Running the pipeline again to determine timings and fast-slow split

consistency took: 0.001 seconds
bbn_consistency took: 0.000 seconds
s8_to_sigma8 took: 0.000 seconds
Using likelihooods from first run:
 - 2pt
 - shear_ratio

Running the pipeline again to determine timings and fast-slow split

consistency took: 0.000 seconds
bbn_consistency took: 0.000 seconds
s8_to_sigma8 took: 0.000 seconds
Using likelihooods from first run:
 - 2pt
 - shear_ratio

Running the pipeline again to determine timings and fast-slow split

consistency took: 0.001 seconds
bbn_consistency took: 0.000 seconds
s8_to_sigma8 took: 0.000 seconds
Warning, you selected a extrap_low that is greater than k_min. Therefore no extrapolation will be done.
Warning, you selected a extrap_low that is greater than k_min. Therefore no extrapolation will be done.
Using likelihooods from first run:
 - 2pt
 - shear_ratio

Running the pipeline again to determine timings and fast-slow split

consistency took: 0.001 seconds
bbn_consistency took: 0.000 seconds
s8_to_sigma8 took: 0.000 seconds
Warning, you selected a extrap_low that is greater than k_min. Therefore no extrapolation will be done.
Warning, you selected a extrap_low that is greater than k_min. Therefore no extrapolation will be done.
Using likelihooods from first run:
 - 2pt
 - shear_ratio

Running the pipeline again to determine timings and fast-slow split

consistency took: 0.000 seconds
bbn_consistency took: 0.000 seconds
s8_to_sigma8 took: 0.000 seconds
Using likelihooods from first run:
 - 2pt
 - shear_ratio

Running the pipeline again to determine timings and fast-slow split

Warning, you selected a extrap_low that is greater than k_min. Therefore no extrapolation will be done.
consistency took: 0.001 seconds
bbn_consistency took: 0.000 seconds
s8_to_sigma8 took: 0.000 seconds
Using likelihooods from first run:
 - 2pt
 - shear_ratio

Running the pipeline again to determine timings and fast-slow split

consistency took: 0.001 seconds
bbn_consistency took: 0.000 seconds
s8_to_sigma8 took: 0.000 seconds
Using likelihooods from first run:
 - 2pt
 - shear_ratio

Running the pipeline again to determine timings and fast-slow split

consistency took: 0.001 seconds
bbn_consistency took: 0.000 seconds
s8_to_sigma8 took: 0.000 seconds
Using likelihooods from first run:
 - 2pt
 - shear_ratio

Running the pipeline again to determine timings and fast-slow split

consistency took: 0.001 seconds
bbn_consistency took: 0.000 seconds
s8_to_sigma8 took: 0.000 seconds
Using likelihooods from first run:
 - 2pt
 - shear_ratio

Running the pipeline again to determine timings and fast-slow split

consistency took: 0.000 seconds
bbn_consistency took: 0.000 seconds
s8_to_sigma8 took: 0.000 seconds
Warning, you selected a extrap_low that is greater than k_min. Therefore no extrapolation will be done.
Using likelihooods from first run:
 - 2pt
 - shear_ratio
Using likelihooods from first run:
 - 2pt

Running the pipeline again to determine timings and fast-slow split

 - shear_ratio
consistency took: 0.000 seconds
bbn_consistency took: 0.000 seconds

s8_to_sigma8 took: 0.000 seconds
Running the pipeline again to determine timings and fast-slow split

consistency took: 0.001 seconds
Warning, you selected a extrap_low that is greater than k_min. Therefore no extrapolation will be done.
bbn_consistency took: 0.000 seconds
Warning, you selected a extrap_low that is greater than k_min. Therefore no extrapolation will be done.
s8_to_sigma8 took: 0.000 seconds
Warning, you selected a extrap_low that is greater than k_min. Therefore no extrapolation will be done.
Using likelihooods from first run:
 - 2pt
 - shear_ratio

Running the pipeline again to determine timings and fast-slow split

consistency took: 0.000 seconds
bbn_consistency took: 0.000 seconds
s8_to_sigma8 took: 0.000 seconds
Warning, you selected a extrap_low that is greater than k_min. Therefore no extrapolation will be done.
Using likelihooods from first run:
 - 2pt
 - shear_ratio

Running the pipeline again to determine timings and fast-slow split

consistency took: 0.000 seconds
bbn_consistency took: 0.000 seconds
s8_to_sigma8 took: 0.000 seconds
Using likelihooods from first run:
 - 2pt
 - shear_ratio
Warning, you selected a extrap_low that is greater than k_min. Therefore no extrapolation will be done.

Running the pipeline again to determine timings and fast-slow split

consistency took: 0.001 seconds
bbn_consistency took: 0.000 seconds
s8_to_sigma8 took: 0.000 seconds
Using likelihooods from first run:
 - 2pt
 - shear_ratio
Warning, you selected a extrap_low that is greater than k_min. Therefore no extrapolation will be done.

Running the pipeline again to determine timings and fast-slow split

consistency took: 0.001 seconds
bbn_consistency took: 0.000 seconds
s8_to_sigma8 took: 0.000 seconds
Using likelihooods from first run:
 - 2pt
 - shear_ratio

Running the pipeline again to determine timings and fast-slow split

consistency took: 0.001 seconds
bbn_consistency took: 0.000 seconds
s8_to_sigma8 took: 0.000 seconds
Warning, you selected a extrap_low that is greater than k_min. Therefore no extrapolation will be done.
Warning, you selected a extrap_low that is greater than k_min. Therefore no extrapolation will be done.
Using likelihooods from first run:
 - 2pt
 - shear_ratio

Running the pipeline again to determine timings and fast-slow split

consistency took: 0.001 seconds
bbn_consistency took: 0.000 seconds
s8_to_sigma8 took: 0.000 seconds
Warning, you selected a extrap_low that is greater than k_min. Therefore no extrapolation will be done.
Warning, you selected a extrap_low that is greater than k_min. Therefore no extrapolation will be done.
Warning, you selected a extrap_low that is greater than k_min. Therefore no extrapolation will be done.
Warning, you selected a extrap_low that is greater than k_min. Therefore no extrapolation will be done.
Using likelihooods from first run:
 - 2pt
 - shear_ratio

Running the pipeline again to determine timings and fast-slow split

consistency took: 0.000 seconds
bbn_consistency took: 0.000 seconds
s8_to_sigma8 took: 0.000 seconds
Using likelihooods from first run:
 - 2pt
 - shear_ratio

Running the pipeline again to determine timings and fast-slow split

consistency took: 0.000 seconds
bbn_consistency took: 0.000 seconds
s8_to_sigma8 took: 0.000 seconds
Using likelihooods from first run:
 - 2pt
 - shear_ratio

Running the pipeline again to determine timings and fast-slow split

consistency took: 0.000 seconds
bbn_consistency took: 0.000 seconds
s8_to_sigma8 took: 0.000 seconds
Warning, you selected a extrap_low that is greater than k_min. Therefore no extrapolation will be done.
Warning, you selected a extrap_low that is greater than k_min. Therefore no extrapolation will be done.
Warning, you selected a extrap_low that is greater than k_min. Therefore no extrapolation will be done.
Warning, you selected a extrap_low that is greater than k_min. Therefore no extrapolation will be done.
Using likelihooods from first run:
 - 2pt
 - shear_ratio

Running the pipeline again to determine timings and fast-slow split

consistency took: 0.001 seconds
bbn_consistency took: 0.000 seconds
s8_to_sigma8 took: 0.000 seconds
Using likelihooods from first run:
 - 2pt
 - shear_ratio

Running the pipeline again to determine timings and fast-slow split

consistency took: 0.000 seconds
bbn_consistency took: 0.000 seconds
s8_to_sigma8 took: 0.000 seconds
Using likelihooods from first run:
 - 2pt
 - shear_ratio

Running the pipeline again to determine timings and fast-slow split

consistency took: 0.001 seconds
bbn_consistency took: 0.000 seconds
s8_to_sigma8 took: 0.000 seconds
Using likelihooods from first run:
 - 2pt
 - shear_ratio

Running the pipeline again to determine timings and fast-slow split

consistency took: 0.001 seconds
bbn_consistency took: 0.000 seconds
s8_to_sigma8 took: 0.000 seconds
Using likelihooods from first run:
 - 2pt
 - shear_ratio

Running the pipeline again to determine timings and fast-slow split

consistency took: 0.001 seconds
bbn_consistency took: 0.000 seconds
s8_to_sigma8 took: 0.000 seconds
Using likelihooods from first run:
 - 2pt
 - shear_ratio

Running the pipeline again to determine timings and fast-slow split

consistency took: 0.000 seconds
bbn_consistency took: 0.000 seconds
s8_to_sigma8 took: 0.000 seconds
Using likelihooods from first run:
 - 2pt
 - shear_ratio

Running the pipeline again to determine timings and fast-slow split

consistency took: 0.000 seconds
bbn_consistency took: 0.000 seconds
s8_to_sigma8 took: 0.000 seconds
Warning, you selected a extrap_low that is greater than k_min. Therefore no extrapolation will be done.
Using likelihooods from first run:
 - 2pt
 - shear_ratio

Running the pipeline again to determine timings and fast-slow split

consistency took: 0.000 seconds
bbn_consistency took: 0.000 seconds
s8_to_sigma8 took: 0.000 seconds
Using likelihooods from first run:
 - 2pt
 - shear_ratio

Running the pipeline again to determine timings and fast-slow split

consistency took: 0.001 seconds
bbn_consistency took: 0.000 seconds
s8_to_sigma8 took: 0.000 seconds
Using likelihooods from first run:
 - 2pt
 - shear_ratio

Running the pipeline again to determine timings and fast-slow split

consistency took: 0.001 seconds
bbn_consistency took: 0.000 seconds
s8_to_sigma8 took: 0.000 seconds
Using likelihooods from first run:
 - 2pt
 - shear_ratio

Running the pipeline again to determine timings and fast-slow split

consistency took: 0.000 seconds
bbn_consistency took: 0.000 seconds
s8_to_sigma8 took: 0.000 seconds
Warning, you selected a extrap_low that is greater than k_min. Therefore no extrapolation will be done.
Using likelihooods from first run:
 - 2pt
 - shear_ratio

Running the pipeline again to determine timings and fast-slow split

consistency took: 0.001 seconds
bbn_consistency took: 0.000 seconds
s8_to_sigma8 took: 0.000 seconds
Using likelihooods from first run:
 - 2pt
 - shear_ratio

Running the pipeline again to determine timings and fast-slow split

consistency took: 0.001 seconds
bbn_consistency took: 0.000 seconds
Warning, you selected a extrap_low that is greater than k_min. Therefore no extrapolation will be done.
s8_to_sigma8 took: 0.000 seconds
Warning, you selected a extrap_low that is greater than k_min. Therefore no extrapolation will be done.
Using likelihooods from first run:
 - 2pt
 - shear_ratio

Running the pipeline again to determine timings and fast-slow split

consistency took: 0.001 seconds
bbn_consistency took: 0.000 seconds
s8_to_sigma8 took: 0.000 seconds
Using likelihooods from first run:
 - 2pt
 - shear_ratio

Running the pipeline again to determine timings and fast-slow split

consistency took: 0.001 seconds
bbn_consistency took: 0.000 seconds
s8_to_sigma8 took: 0.000 seconds
Warning, you selected a extrap_low that is greater than k_min. Therefore no extrapolation will be done.
Using likelihooods from first run:
 - 2pt
 - shear_ratio

Running the pipeline again to determine timings and fast-slow split

consistency took: 0.001 seconds
bbn_consistency took: 0.000 seconds
s8_to_sigma8 took: 0.000 seconds
Using likelihooods from first run:
 - 2pt
 - shear_ratio

Running the pipeline again to determine timings and fast-slow split

Using likelihooods from first run:
 - 2pt
 - shear_ratio
consistency took: 0.000 seconds
bbn_consistency took: 0.000 seconds
s8_to_sigma8 took: 0.000 seconds

Running the pipeline again to determine timings and fast-slow split

consistency took: 0.001 seconds
bbn_consistency took: 0.000 seconds
s8_to_sigma8 took: 0.000 seconds
Using likelihooods from first run:
 - 2pt
 - shear_ratio

Running the pipeline again to determine timings and fast-slow split

consistency took: 0.000 seconds
bbn_consistency took: 0.000 seconds
s8_to_sigma8 took: 0.000 seconds
Using likelihooods from first run:
 - 2pt
 - shear_ratio

Running the pipeline again to determine timings and fast-slow split

consistency took: 0.001 seconds
bbn_consistency took: 0.000 seconds
s8_to_sigma8 took: 0.000 seconds
Using likelihooods from first run:
 - 2pt
 - shear_ratio

Running the pipeline again to determine timings and fast-slow split

consistency took: 0.000 seconds
Using likelihooods from first run:
 - 2pt
 - shear_ratio
bbn_consistency took: 0.000 seconds
s8_to_sigma8 took: 0.000 seconds
Using likelihooods from first run:
 - 2pt
 - shear_ratio

Running the pipeline again to determine timings and fast-slow split


Running the pipeline again to determine timings and fast-slow split

consistency took: 0.000 seconds
bbn_consistency took: 0.000 seconds
s8_to_sigma8 took: 0.000 seconds
consistency took: 0.001 seconds
bbn_consistency took: 0.000 seconds
s8_to_sigma8 took: 0.000 seconds
Using likelihooods from first run:
 - 2pt
 - shear_ratio

Running the pipeline again to determine timings and fast-slow split

consistency took: 0.001 seconds
bbn_consistency took: 0.000 seconds
s8_to_sigma8 took: 0.000 seconds
Warning, you selected a extrap_low that is greater than k_min. Therefore no extrapolation will be done.
Using likelihooods from first run:
 - 2pt
 - shear_ratio

Running the pipeline again to determine timings and fast-slow split

Using likelihooods from first run:
 - 2pt
 - shear_ratio

Running the pipeline again to determine timings and fast-slow split

consistency took: 0.001 seconds
bbn_consistency took: 0.000 seconds
s8_to_sigma8 took: 0.000 seconds
consistency took: 0.001 seconds
bbn_consistency took: 0.000 seconds
s8_to_sigma8 took: 0.000 seconds
Using likelihooods from first run:
 - 2pt
 - shear_ratio

Running the pipeline again to determine timings and fast-slow split

consistency took: 0.001 seconds
bbn_consistency took: 0.000 seconds
s8_to_sigma8 took: 0.000 seconds
Using likelihooods from first run:
 - 2pt
 - shear_ratio

Running the pipeline again to determine timings and fast-slow split

consistency took: 0.001 seconds
bbn_consistency took: 0.000 seconds
s8_to_sigma8 took: 0.000 seconds
Using likelihooods from first run:
 - 2pt
 - shear_ratio

Running the pipeline again to determine timings and fast-slow split

consistency took: 0.001 seconds
bbn_consistency took: 0.000 seconds
s8_to_sigma8 took: 0.000 seconds
Using likelihooods from first run:
 - 2pt
 - shear_ratio

Running the pipeline again to determine timings and fast-slow split

consistency took: 0.001 seconds
bbn_consistency took: 0.000 seconds
s8_to_sigma8 took: 0.000 seconds
Using likelihooods from first run:
 - 2pt
 - shear_ratio

Running the pipeline again to determine timings and fast-slow split

consistency took: 0.001 seconds
bbn_consistency took: 0.000 seconds
s8_to_sigma8 took: 0.000 seconds
Using likelihooods from first run:
 - 2pt
 - shear_ratio

Running the pipeline again to determine timings and fast-slow split

consistency took: 0.000 seconds
bbn_consistency took: 0.000 seconds
s8_to_sigma8 took: 0.000 seconds
Using likelihooods from first run:
 - 2pt
 - shear_ratio
Using likelihooods from first run:

Running the pipeline again to determine timings and fast-slow split

 - 2pt
 - shear_ratio
consistency took: 0.001 seconds
bbn_consistency took: 0.000 seconds
s8_to_sigma8 took: 0.000 seconds

Running the pipeline again to determine timings and fast-slow split

consistency took: 0.001 seconds
bbn_consistency took: 0.000 seconds
s8_to_sigma8 took: 0.000 seconds
Using likelihooods from first run:
 - 2pt
 - shear_ratio

Running the pipeline again to determine timings and fast-slow split

consistency took: 0.001 seconds
bbn_consistency took: 0.000 seconds
s8_to_sigma8 took: 0.000 seconds
Using likelihooods from first run:
 - 2pt
 - shear_ratio

Running the pipeline again to determine timings and fast-slow split

consistency took: 0.000 seconds
bbn_consistency took: 0.000 seconds
s8_to_sigma8 took: 0.000 seconds
Using likelihooods from first run:
 - 2pt
 - shear_ratio

Running the pipeline again to determine timings and fast-slow split

consistency took: 0.001 seconds
bbn_consistency took: 0.000 seconds
s8_to_sigma8 took: 0.000 seconds
Using likelihooods from first run:
 - 2pt
 - shear_ratio

Running the pipeline again to determine timings and fast-slow split

consistency took: 0.000 seconds
bbn_consistency took: 0.000 seconds
s8_to_sigma8 took: 0.000 seconds
Using likelihooods from first run:
 - 2pt
 - shear_ratio

Running the pipeline again to determine timings and fast-slow split

consistency took: 0.001 seconds
bbn_consistency took: 0.000 seconds
s8_to_sigma8 took: 0.000 seconds
Warning, you selected a extrap_low that is greater than k_min. Therefore no extrapolation will be done.
Using likelihooods from first run:
 - 2pt
 - shear_ratio

Running the pipeline again to determine timings and fast-slow split

consistency took: 0.001 seconds
bbn_consistency took: 0.000 seconds
s8_to_sigma8 took: 0.000 seconds
Using likelihooods from first run:
 - 2pt
 - shear_ratio

Running the pipeline again to determine timings and fast-slow split

consistency took: 0.000 seconds
bbn_consistency took: 0.000 seconds
s8_to_sigma8 took: 0.000 seconds
Using likelihooods from first run:
 - 2pt
 - shear_ratio

Running the pipeline again to determine timings and fast-slow split

consistency took: 0.001 seconds
bbn_consistency took: 0.000 seconds
s8_to_sigma8 took: 0.000 seconds
Using likelihooods from first run:
 - 2pt
 - shear_ratio

Running the pipeline again to determine timings and fast-slow split

Using likelihooods from first run:
 - 2pt
 - shear_ratio
consistency took: 0.000 seconds

Running the pipeline again to determine timings and fast-slow split
bbn_consistency took: 0.000 seconds
s8_to_sigma8 took: 0.000 seconds

consistency took: 0.001 seconds
bbn_consistency took: 0.000 seconds
s8_to_sigma8 took: 0.000 seconds
Using likelihooods from first run:
 - 2pt
 - shear_ratio

Running the pipeline again to determine timings and fast-slow split

consistency took: 0.000 seconds
bbn_consistency took: 0.000 seconds
s8_to_sigma8 took: 0.000 seconds
Using likelihooods from first run:
 - 2pt
 - shear_ratio

Running the pipeline again to determine timings and fast-slow split

consistency took: 0.001 seconds
bbn_consistency took: 0.000 seconds
s8_to_sigma8 took: 0.000 seconds
Using likelihooods from first run:
 - 2pt
 - shear_ratio

Running the pipeline again to determine timings and fast-slow split

consistency took: 0.001 seconds
bbn_consistency took: 0.000 seconds
s8_to_sigma8 took: 0.000 seconds
Using likelihooods from first run:
 - 2pt
 - shear_ratio

Running the pipeline again to determine timings and fast-slow split

consistency took: 0.000 seconds
bbn_consistency took: 0.000 seconds
s8_to_sigma8 took: 0.000 seconds
Warning, you selected a extrap_low that is greater than k_min. Therefore no extrapolation will be done.
Using likelihooods from first run:
 - 2pt
 - shear_ratio

Running the pipeline again to determine timings and fast-slow split

consistency took: 0.001 seconds
bbn_consistency took: 0.000 seconds
s8_to_sigma8 took: 0.000 seconds
Using likelihooods from first run:
 - 2pt
 - shear_ratio

Running the pipeline again to determine timings and fast-slow split

consistency took: 0.001 seconds
bbn_consistency took: 0.000 seconds
s8_to_sigma8 took: 0.000 seconds
Using likelihooods from first run:
 - 2pt
 - shear_ratio

Running the pipeline again to determine timings and fast-slow split

consistency took: 0.001 seconds
bbn_consistency took: 0.000 seconds
s8_to_sigma8 took: 0.000 seconds
Using likelihooods from first run:
 - 2pt
 - shear_ratio

Running the pipeline again to determine timings and fast-slow split

consistency took: 0.001 seconds
bbn_consistency took: 0.000 seconds
s8_to_sigma8 took: 0.000 seconds
Using likelihooods from first run:
 - 2pt
 - shear_ratio

Running the pipeline again to determine timings and fast-slow split

consistency took: 0.001 seconds
bbn_consistency took: 0.000 seconds
s8_to_sigma8 took: 0.000 seconds
Warning, you selected a extrap_low that is greater than k_min. Therefore no extrapolation will be done.
Warning, you selected a extrap_low that is greater than k_min. Therefore no extrapolation will be done.
Using likelihooods from first run:
 - 2pt
 - shear_ratio

Running the pipeline again to determine timings and fast-slow split

consistency took: 0.000 seconds
bbn_consistency took: 0.000 seconds
s8_to_sigma8 took: 0.000 seconds
Using likelihooods from first run:
 - 2pt
 - shear_ratio

Running the pipeline again to determine timings and fast-slow split

consistency took: 0.000 seconds
bbn_consistency took: 0.000 seconds
s8_to_sigma8 took: 0.000 seconds
Warning, you selected a extrap_low that is greater than k_min. Therefore no extrapolation will be done.
Using likelihooods from first run:
 - 2pt
 - shear_ratio

Running the pipeline again to determine timings and fast-slow split

consistency took: 0.000 seconds
bbn_consistency took: 0.000 seconds
s8_to_sigma8 took: 0.000 seconds
Using likelihooods from first run:
 - 2pt
 - shear_ratio

Running the pipeline again to determine timings and fast-slow split

consistency took: 0.001 seconds
bbn_consistency took: 0.000 seconds
s8_to_sigma8 took: 0.000 seconds
Warning, you selected a extrap_low that is greater than k_min. Therefore no extrapolation will be done.
Using likelihooods from first run:
 - 2pt
 - shear_ratio

Running the pipeline again to determine timings and fast-slow split

consistency took: 0.001 seconds
Using likelihooods from first run:
 - 2pt
bbn_consistency took: 0.000 seconds
s8_to_sigma8 took: 0.000 seconds
 - shear_ratio

Running the pipeline again to determine timings and fast-slow split

consistency took: 0.001 seconds
bbn_consistency took: 0.000 seconds
s8_to_sigma8 took: 0.000 seconds
Using likelihooods from first run:
 - 2pt
 - shear_ratio

Running the pipeline again to determine timings and fast-slow split

consistency took: 0.000 seconds
bbn_consistency took: 0.000 seconds
s8_to_sigma8 took: 0.000 seconds
Warning, you selected a extrap_low that is greater than k_min. Therefore no extrapolation will be done.
Using likelihooods from first run:
 - 2pt
 - shear_ratio

Running the pipeline again to determine timings and fast-slow split

consistency took: 0.001 seconds
bbn_consistency took: 0.000 seconds
s8_to_sigma8 took: 0.000 seconds
Using likelihooods from first run:
 - 2pt
 - shear_ratio

Running the pipeline again to determine timings and fast-slow split

consistency took: 0.001 seconds
bbn_consistency took: 0.000 seconds
s8_to_sigma8 took: 0.000 seconds
Using likelihooods from first run:
 - 2pt
 - shear_ratio

Running the pipeline again to determine timings and fast-slow split

consistency took: 0.001 seconds
bbn_consistency took: 0.000 seconds
s8_to_sigma8 took: 0.000 seconds
Using likelihooods from first run:
 - 2pt
 - shear_ratio

Running the pipeline again to determine timings and fast-slow split

consistency took: 0.001 seconds
bbn_consistency took: 0.000 seconds
s8_to_sigma8 took: 0.000 seconds
Using likelihooods from first run:
 - 2pt
 - shear_ratio

Running the pipeline again to determine timings and fast-slow split

consistency took: 0.001 seconds
bbn_consistency took: 0.000 seconds
s8_to_sigma8 took: 0.000 seconds
Using likelihooods from first run:
 - 2pt
 - shear_ratio

Running the pipeline again to determine timings and fast-slow split

consistency took: 0.001 seconds
bbn_consistency took: 0.000 seconds
s8_to_sigma8 took: 0.000 seconds
Using likelihooods from first run:
 - 2pt
 - shear_ratio

Running the pipeline again to determine timings and fast-slow split

consistency took: 0.000 seconds
bbn_consistency took: 0.000 seconds
s8_to_sigma8 took: 0.000 seconds
Using likelihooods from first run:
 - 2pt
 - shear_ratio

Running the pipeline again to determine timings and fast-slow split

consistency took: 0.001 seconds
bbn_consistency took: 0.000 seconds
s8_to_sigma8 took: 0.000 seconds
Using likelihooods from first run:
 - 2pt
 - shear_ratio

Running the pipeline again to determine timings and fast-slow split

consistency took: 0.000 seconds
bbn_consistency took: 0.000 seconds
s8_to_sigma8 took: 0.000 seconds
Using likelihooods from first run:
 - 2pt
 - shear_ratio

Running the pipeline again to determine timings and fast-slow split

consistency took: 0.001 seconds
bbn_consistency took: 0.000 seconds
s8_to_sigma8 took: 0.000 seconds
Using likelihooods from first run:
 - 2pt
 - shear_ratio

Running the pipeline again to determine timings and fast-slow split

consistency took: 0.000 seconds
bbn_consistency took: 0.000 seconds
s8_to_sigma8 took: 0.000 seconds
Using likelihooods from first run:
 - 2pt
 - shear_ratio

Running the pipeline again to determine timings and fast-slow split

consistency took: 0.001 seconds
bbn_consistency took: 0.000 seconds
s8_to_sigma8 took: 0.000 seconds
Using likelihooods from first run:
 - 2pt
 - shear_ratio

Running the pipeline again to determine timings and fast-slow split

consistency took: 0.000 seconds
bbn_consistency took: 0.000 seconds
s8_to_sigma8 took: 0.000 seconds
Using likelihooods from first run:
 - 2pt
 - shear_ratio

Running the pipeline again to determine timings and fast-slow split

consistency took: 0.000 seconds
bbn_consistency took: 0.000 seconds
s8_to_sigma8 took: 0.000 seconds
Using likelihooods from first run:
 - 2pt
 - shear_ratio

Running the pipeline again to determine timings and fast-slow split

consistency took: 0.000 seconds
bbn_consistency took: 0.000 seconds
s8_to_sigma8 took: 0.000 seconds
Using likelihooods from first run:
 - 2pt
 - shear_ratio

Running the pipeline again to determine timings and fast-slow split

consistency took: 0.000 seconds
bbn_consistency took: 0.000 seconds
s8_to_sigma8 took: 0.000 seconds
Using likelihooods from first run:
 - 2pt
 - shear_ratio

Running the pipeline again to determine timings and fast-slow split

consistency took: 0.001 seconds
bbn_consistency took: 0.000 seconds
s8_to_sigma8 took: 0.000 seconds
Using likelihooods from first run:
 - 2pt
 - shear_ratio

Running the pipeline again to determine timings and fast-slow split

consistency took: 0.000 seconds
bbn_consistency took: 0.000 seconds
s8_to_sigma8 took: 0.000 seconds
Using likelihooods from first run:
 - 2pt
 - shear_ratio

Running the pipeline again to determine timings and fast-slow split

consistency took: 0.001 seconds
bbn_consistency took: 0.000 seconds
s8_to_sigma8 took: 0.000 seconds
Using likelihooods from first run:
 - 2pt
 - shear_ratio

Running the pipeline again to determine timings and fast-slow split

consistency took: 0.001 seconds
bbn_consistency took: 0.000 seconds
s8_to_sigma8 took: 0.000 seconds
Using likelihooods from first run:
 - 2pt
 - shear_ratio

Running the pipeline again to determine timings and fast-slow split

consistency took: 0.001 seconds
bbn_consistency took: 0.000 seconds
s8_to_sigma8 took: 0.000 seconds
Using likelihooods from first run:
 - 2pt
 - shear_ratio

Running the pipeline again to determine timings and fast-slow split

consistency took: 0.001 seconds
bbn_consistency took: 0.000 seconds
s8_to_sigma8 took: 0.000 seconds
Using likelihooods from first run:
 - 2pt
 - shear_ratio

Running the pipeline again to determine timings and fast-slow split

consistency took: 0.000 seconds
bbn_consistency took: 0.000 seconds
s8_to_sigma8 took: 0.000 seconds
Using likelihooods from first run:
 - 2pt
 - shear_ratio

Running the pipeline again to determine timings and fast-slow split

consistency took: 0.000 seconds
bbn_consistency took: 0.000 seconds
s8_to_sigma8 took: 0.000 seconds
Using likelihooods from first run:
 - 2pt
 - shear_ratio

Running the pipeline again to determine timings and fast-slow split

consistency took: 0.001 seconds
bbn_consistency took: 0.000 seconds
s8_to_sigma8 took: 0.000 seconds
Using likelihooods from first run:
 - 2pt
 - shear_ratio

Running the pipeline again to determine timings and fast-slow split

consistency took: 0.000 seconds
bbn_consistency took: 0.000 seconds
s8_to_sigma8 took: 0.000 seconds
Using likelihooods from first run:
 - 2pt
 - shear_ratio

Running the pipeline again to determine timings and fast-slow split

Using likelihooods from first run:
 - 2pt
 - shear_ratio

Running the pipeline again to determine timings and fast-slow split

consistency took: 0.001 seconds
bbn_consistency took: 0.000 seconds
s8_to_sigma8 took: 0.000 seconds
consistency took: 0.000 seconds
bbn_consistency took: 0.000 seconds
s8_to_sigma8 took: 0.000 seconds
Using likelihooods from first run:
 - 2pt
 - shear_ratio

Running the pipeline again to determine timings and fast-slow split

consistency took: 0.001 seconds
bbn_consistency took: 0.000 seconds
s8_to_sigma8 took: 0.000 seconds
Using likelihooods from first run:
 - 2pt
 - shear_ratio

Running the pipeline again to determine timings and fast-slow split

consistency took: 0.000 seconds
bbn_consistency took: 0.000 seconds
s8_to_sigma8 took: 0.000 seconds
Using likelihooods from first run:
 - 2pt
 - shear_ratio

Running the pipeline again to determine timings and fast-slow split

consistency took: 0.001 seconds
bbn_consistency took: 0.000 seconds
s8_to_sigma8 took: 0.000 seconds
Using likelihooods from first run:
 - 2pt
 - shear_ratio

Running the pipeline again to determine timings and fast-slow split

consistency took: 0.001 seconds
bbn_consistency took: 0.000 seconds
s8_to_sigma8 took: 0.000 seconds
Using likelihooods from first run:
 - 2pt
 - shear_ratio

Running the pipeline again to determine timings and fast-slow split

consistency took: 0.001 seconds
bbn_consistency took: 0.000 seconds
s8_to_sigma8 took: 0.000 seconds
Using likelihooods from first run:
 - 2pt
 - shear_ratio

Running the pipeline again to determine timings and fast-slow split

consistency took: 0.000 seconds
bbn_consistency took: 0.000 seconds
s8_to_sigma8 took: 0.000 seconds
Using likelihooods from first run:
 - 2pt
 - shear_ratio

Running the pipeline again to determine timings and fast-slow split

consistency took: 0.001 seconds
bbn_consistency took: 0.000 seconds
s8_to_sigma8 took: 0.000 seconds
Using likelihooods from first run:
 - 2pt
 - shear_ratio

Running the pipeline again to determine timings and fast-slow split

consistency took: 0.001 seconds
bbn_consistency took: 0.000 seconds
s8_to_sigma8 took: 0.000 seconds
Using likelihooods from first run:
 - 2pt
 - shear_ratio

Running the pipeline again to determine timings and fast-slow split

consistency took: 0.001 seconds
bbn_consistency took: 0.000 seconds
s8_to_sigma8 took: 0.000 seconds
Using likelihooods from first run:
 - 2pt
 - shear_ratio

Running the pipeline again to determine timings and fast-slow split

consistency took: 0.001 seconds
bbn_consistency took: 0.000 seconds
s8_to_sigma8 took: 0.000 seconds
Using likelihooods from first run:
 - 2pt
 - shear_ratio

Running the pipeline again to determine timings and fast-slow split

consistency took: 0.000 seconds
bbn_consistency took: 0.000 seconds
s8_to_sigma8 took: 0.000 seconds
Using likelihooods from first run:
 - 2pt
 - shear_ratio

Running the pipeline again to determine timings and fast-slow split

consistency took: 0.000 seconds
bbn_consistency took: 0.000 seconds
s8_to_sigma8 took: 0.000 seconds
Using likelihooods from first run:
 - 2pt
 - shear_ratio

Running the pipeline again to determine timings and fast-slow split

consistency took: 0.001 seconds
bbn_consistency took: 0.000 seconds
s8_to_sigma8 took: 0.000 seconds
Using likelihooods from first run:
 - 2pt
 - shear_ratio

Running the pipeline again to determine timings and fast-slow split

consistency took: 0.001 seconds
bbn_consistency took: 0.000 seconds
s8_to_sigma8 took: 0.000 seconds
Using likelihooods from first run:
 - 2pt
 - shear_ratio

Running the pipeline again to determine timings and fast-slow split

consistency took: 0.001 seconds
bbn_consistency took: 0.000 seconds
s8_to_sigma8 took: 0.000 seconds
Using likelihooods from first run:
 - 2pt
 - shear_ratio

Running the pipeline again to determine timings and fast-slow split

consistency took: 0.001 seconds
bbn_consistency took: 0.000 seconds
s8_to_sigma8 took: 0.000 seconds
Using likelihooods from first run:
 - 2pt
 - shear_ratio

Running the pipeline again to determine timings and fast-slow split

consistency took: 0.001 seconds
bbn_consistency took: 0.000 seconds
s8_to_sigma8 took: 0.000 seconds
Using likelihooods from first run:
 - 2pt
 - shear_ratio

Running the pipeline again to determine timings and fast-slow split

consistency took: 0.001 seconds
bbn_consistency took: 0.000 seconds
s8_to_sigma8 took: 0.000 seconds
Using likelihooods from first run:
 - 2pt
 - shear_ratio

Running the pipeline again to determine timings and fast-slow split

consistency took: 0.001 seconds
bbn_consistency took: 0.000 seconds
s8_to_sigma8 took: 0.000 seconds
Using likelihooods from first run:
 - 2pt
 - shear_ratio

Running the pipeline again to determine timings and fast-slow split

consistency took: 0.001 seconds
bbn_consistency took: 0.000 seconds
s8_to_sigma8 took: 0.000 seconds
Using likelihooods from first run:
 - 2pt
 - shear_ratio

Running the pipeline again to determine timings and fast-slow split

consistency took: 0.001 seconds
bbn_consistency took: 0.000 seconds
s8_to_sigma8 took: 0.000 seconds
Using likelihooods from first run:
 - 2pt
 - shear_ratio

Running the pipeline again to determine timings and fast-slow split

consistency took: 0.001 seconds
bbn_consistency took: 0.000 seconds
s8_to_sigma8 took: 0.000 seconds
Using likelihooods from first run:
 - 2pt
 - shear_ratio

Running the pipeline again to determine timings and fast-slow split

consistency took: 0.001 seconds
bbn_consistency took: 0.000 seconds
s8_to_sigma8 took: 0.000 seconds
Using likelihooods from first run:
 - 2pt
 - shear_ratio

Running the pipeline again to determine timings and fast-slow split

consistency took: 0.000 seconds
bbn_consistency took: 0.000 seconds
s8_to_sigma8 took: 0.000 seconds
Using likelihooods from first run:
 - 2pt
 - shear_ratio

Running the pipeline again to determine timings and fast-slow split

consistency took: 0.001 seconds
bbn_consistency took: 0.000 seconds
s8_to_sigma8 took: 0.000 seconds
Using likelihooods from first run:
 - 2pt
 - shear_ratio

Running the pipeline again to determine timings and fast-slow split

consistency took: 0.001 seconds
bbn_consistency took: 0.000 seconds
s8_to_sigma8 took: 0.000 seconds
Using likelihooods from first run:
 - 2pt
 - shear_ratio

Running the pipeline again to determine timings and fast-slow split

consistency took: 0.001 seconds
bbn_consistency took: 0.000 seconds
s8_to_sigma8 took: 0.000 seconds
Using likelihooods from first run:
 - 2pt
 - shear_ratio

Running the pipeline again to determine timings and fast-slow split

consistency took: 0.000 seconds
bbn_consistency took: 0.000 seconds
s8_to_sigma8 took: 0.000 seconds
Using likelihooods from first run:
 - 2pt
 - shear_ratio

Running the pipeline again to determine timings and fast-slow split

consistency took: 0.001 seconds
bbn_consistency took: 0.000 seconds
s8_to_sigma8 took: 0.000 seconds
Using likelihooods from first run:
 - 2pt
 - shear_ratio

Running the pipeline again to determine timings and fast-slow split

consistency took: 0.001 seconds
bbn_consistency took: 0.000 seconds
s8_to_sigma8 took: 0.000 seconds
Using likelihooods from first run:
 - 2pt
 - shear_ratio

Running the pipeline again to determine timings and fast-slow split

consistency took: 0.001 seconds
bbn_consistency took: 0.000 seconds
s8_to_sigma8 took: 0.000 seconds
Using likelihooods from first run:
 - 2pt
 - shear_ratio

Running the pipeline again to determine timings and fast-slow split

consistency took: 0.001 seconds
bbn_consistency took: 0.000 seconds
s8_to_sigma8 took: 0.000 seconds
camb took: 53.214 seconds
as_to_log1e10as took: 0.000 seconds
fast_pt took: 0.122 seconds
fits_nz took: 0.000 seconds
lens_photoz_width took: 0.001 seconds
lens_photoz_bias took: 0.001 seconds
source_photoz_bias took: 0.001 seconds
IA took: 0.018 seconds
camb took: 53.288 seconds
as_to_log1e10as took: 0.000 seconds
fast_pt took: 0.116 seconds
fits_nz took: 0.000 seconds
lens_photoz_width took: 0.001 seconds
lens_photoz_bias took: 0.001 seconds
source_photoz_bias took: 0.001 seconds
IA took: 0.028 seconds
camb took: 53.537 seconds
as_to_log1e10as took: 0.000 seconds
camb took: 53.056 seconds
as_to_log1e10as took: 0.000 seconds
fast_pt took: 0.122 seconds
fits_nz took: 0.000 seconds
lens_photoz_width took: 0.001 seconds
lens_photoz_bias took: 0.001 seconds
source_photoz_bias took: 0.001 seconds
fast_pt took: 0.089 seconds
fits_nz took: 0.000 seconds
lens_photoz_width took: 0.001 seconds
lens_photoz_bias took: 0.001 seconds
source_photoz_bias took: 0.001 seconds
IA took: 0.029 seconds
IA took: 0.025 seconds
camb took: 54.141 seconds
as_to_log1e10as took: 0.000 seconds
pk_to_cl_gg took: 1.200 seconds
camb took: 52.889 seconds
as_to_log1e10as took: 0.000 seconds
fast_pt took: 0.126 seconds
fits_nz took: 0.000 seconds
lens_photoz_width took: 0.001 seconds
lens_photoz_bias took: 0.001 seconds
source_photoz_bias took: 0.001 seconds
camb took: 53.686 seconds
as_to_log1e10as took: 0.000 seconds
fast_pt took: 0.088 seconds
fits_nz took: 0.000 seconds
lens_photoz_width took: 0.001 seconds
lens_photoz_bias took: 0.001 seconds
source_photoz_bias took: 0.000 seconds
IA took: 0.029 seconds
IA took: 0.024 seconds
fast_pt took: 0.088 seconds
fits_nz took: 0.000 seconds
lens_photoz_width took: 0.001 seconds
lens_photoz_bias took: 0.001 seconds
source_photoz_bias took: 0.001 seconds
IA took: 0.024 seconds
pk_to_cl_gg took: 1.177 seconds
pk_to_cl_gg took: 0.887 seconds
camb took: 53.561 seconds
as_to_log1e10as took: 0.000 seconds
pk_to_cl took: 0.466 seconds
add_magnification took: 0.005 seconds
add_intrinsic took: 0.002 seconds
fast_pt took: 0.125 seconds
fits_nz took: 0.000 seconds
lens_photoz_width took: 0.001 seconds
lens_photoz_bias took: 0.001 seconds
source_photoz_bias took: 0.001 seconds
IA took: 0.029 seconds
2pt_shear took: 0.090 seconds
2pt_gal took: 0.026 seconds
pk_to_cl_gg took: 1.193 seconds
camb took: 54.454 seconds
as_to_log1e10as took: 0.000 seconds
2pt_gal_shear took: 0.104 seconds
shear_m_bias took: 0.002 seconds
add_point_mass took: 0.000 seconds
2pt_like took: 0.020 seconds
shear_ratio_like took: 0.001 seconds
Total pipeline time: 55.3 seconds


Parameters first used in each module:
consistency - 5 parameters:
     cosmological_parameters--ombh2
     cosmological_parameters--omch2
     cosmological_parameters--h0
     cosmological_parameters--mnu
     cosmological_parameters--s_8
bbn_consistency - 0 parameters:
s8_to_sigma8 - 0 parameters:
camb - 2 parameters:
     cosmological_parameters--n_s
     halo_model_parameters--logt_agn
as_to_log1e10as - 0 parameters:
fast_pt - 0 parameters:
fits_nz - 0 parameters:
lens_photoz_width - 4 parameters:
     lens_photoz_errors--width_1
     lens_photoz_errors--width_2
     lens_photoz_errors--width_3
     lens_photoz_errors--width_4
lens_photoz_bias - 4 parameters:
     lens_photoz_errors--bias_1
     lens_photoz_errors--bias_2
     lens_photoz_errors--bias_3
     lens_photoz_errors--bias_4
source_photoz_bias - 4 parameters:
     wl_photoz_errors--bias_1
     wl_photoz_errors--bias_2
     wl_photoz_errors--bias_3
     wl_photoz_errors--bias_4
IA - 5 parameters:
     intrinsic_alignment_parameters--a1
     intrinsic_alignment_parameters--a2
     intrinsic_alignment_parameters--alpha1
     intrinsic_alignment_parameters--alpha2
     intrinsic_alignment_parameters--bias_ta
pk_to_cl_gg - 4 parameters:
     bias_lens--b1
     bias_lens--b2
     bias_lens--b3
     bias_lens--b4
pk_to_cl - 0 parameters:
add_magnification - 0 parameters:
add_intrinsic - 0 parameters:
2pt_shear - 0 parameters:
2pt_gal - 0 parameters:
2pt_gal_shear - 0 parameters:
shear_m_bias - 4 parameters:
     shear_calibration_parameters--m1
     shear_calibration_parameters--m2
     shear_calibration_parameters--m3
     shear_calibration_parameters--m4
add_point_mass - 0 parameters:
2pt_like - 0 parameters:
shear_ratio_like - 0 parameters:
Results - 0 parameters:
You manually told me in the parameter file to use module 18 as the first in the fast block
Time for full pipeline:  55.27s
Time for slow pipeline:  55.25s
Time for fast pipeline:  0.02s
Time saving: 99.96%

Based on this we have decided: 
   Slow modules (18):
        consistency
        bbn_consistency
        s8_to_sigma8
        camb
        as_to_log1e10as
        fast_pt
        fits_nz
        lens_photoz_width
        lens_photoz_bias
        source_photoz_bias
        IA
        pk_to_cl_gg
        pk_to_cl
        add_magnification
        add_intrinsic
        2pt_shear
        2pt_gal
        2pt_gal_shear
   Fast modules (4):
        shear_m_bias
        add_point_mass
        2pt_like
        shear_ratio_like
   Slow parameters (28):
        cosmological_parameters--ombh2
        cosmological_parameters--omch2
        cosmological_parameters--h0
        cosmological_parameters--mnu
        cosmological_parameters--s_8
        cosmological_parameters--n_s
        halo_model_parameters--logt_agn
        lens_photoz_errors--width_1
        lens_photoz_errors--width_2
        lens_photoz_errors--width_3
        lens_photoz_errors--width_4
        lens_photoz_errors--bias_1
        lens_photoz_errors--bias_2
        lens_photoz_errors--bias_3
        lens_photoz_errors--bias_4
        wl_photoz_errors--bias_1
        wl_photoz_errors--bias_2
        wl_photoz_errors--bias_3
        wl_photoz_errors--bias_4
        intrinsic_alignment_parameters--a1
        intrinsic_alignment_parameters--a2
        intrinsic_alignment_parameters--alpha1
        intrinsic_alignment_parameters--alpha2
        intrinsic_alignment_parameters--bias_ta
        bias_lens--b1
        bias_lens--b2
        bias_lens--b3
        bias_lens--b4
   Fast parameters (4):
        shear_calibration_parameters--m1
        shear_calibration_parameters--m2
        shear_calibration_parameters--m3
        shear_calibration_parameters--m4


pk_to_cl took: 0.469 seconds
add_magnification took: 0.005 seconds
add_intrinsic took: 0.002 seconds
fast_pt took: 0.128 seconds
fits_nz took: 0.000 seconds
lens_photoz_width took: 0.001 seconds
lens_photoz_bias took: 0.001 seconds
source_photoz_bias took: 0.001 seconds
pk_to_cl took: 0.506 seconds
add_magnification took: 0.005 seconds
add_intrinsic took: 0.002 seconds
IA took: 0.029 seconds
2pt_shear took: 0.089 seconds
2pt_shear took: 0.088 seconds
2pt_gal took: 0.027 seconds
2pt_gal took: 0.026 seconds
pk_to_cl_gg took: 0.879 seconds
2pt_gal_shear took: 0.103 seconds
shear_m_bias took: 0.002 seconds
add_point_mass took: 0.000 seconds
2pt_like took: 0.020 seconds
shear_ratio_like took: 0.001 seconds
Total pipeline time: 54.8 seconds
2pt_gal_shear took: 0.102 seconds
shear_m_bias took: 0.002 seconds
add_point_mass took: 0.000 seconds


Parameters first used in each module:
consistency - 5 parameters:
     cosmological_parameters--ombh2
     cosmological_parameters--omch2
     cosmological_parameters--h0
     cosmological_parameters--mnu
     cosmological_parameters--s_8
bbn_consistency - 0 parameters:
s8_to_sigma8 - 0 parameters:
camb - 2 parameters:
     cosmological_parameters--n_s
     halo_model_parameters--logt_agn
as_to_log1e10as - 0 parameters:
fast_pt - 0 parameters:
fits_nz - 0 parameters:
lens_photoz_width - 4 parameters:
     lens_photoz_errors--width_1
     lens_photoz_errors--width_2
     lens_photoz_errors--width_3
     lens_photoz_errors--width_4
lens_photoz_bias - 4 parameters:
     lens_photoz_errors--bias_1
     lens_photoz_errors--bias_2
     lens_photoz_errors--bias_3
     lens_photoz_errors--bias_4
source_photoz_bias - 4 parameters:
     wl_photoz_errors--bias_1
     wl_photoz_errors--bias_2
     wl_photoz_errors--bias_3
     wl_photoz_errors--bias_4
IA - 5 parameters:
     intrinsic_alignment_parameters--a1
     intrinsic_alignment_parameters--a2
     intrinsic_alignment_parameters--alpha1
     intrinsic_alignment_parameters--alpha2
     intrinsic_alignment_parameters--bias_ta
pk_to_cl_gg - 4 parameters:
     bias_lens--b1
     bias_lens--b2
     bias_lens--b3
     bias_lens--b4
pk_to_cl - 0 parameters:
add_magnification - 0 parameters:
add_intrinsic - 0 parameters:
2pt_shear - 0 parameters:
2pt_gal - 0 parameters:
2pt_gal_shear - 0 parameters:
shear_m_bias - 4 parameters:
     shear_calibration_parameters--m1
     shear_calibration_parameters--m2
     shear_calibration_parameters--m3
     shear_calibration_parameters--m4
add_point_mass - 0 parameters:
2pt_like - 0 parameters:
shear_ratio_like - 0 parameters:
Results - 0 parameters:
You manually told me in the parameter file to use module 18 as the first in the fast block
Time for full pipeline:  54.78s
Time for slow pipeline:  54.75s
Time for fast pipeline:  0.02s
Time saving: 99.96%

Based on this we have decided: 
   Slow modules (18):
        consistency
        bbn_consistency
        s8_to_sigma8
        camb
        as_to_log1e10as
        fast_pt
        fits_nz
        lens_photoz_width
        lens_photoz_bias
        source_photoz_bias
        IA
        pk_to_cl_gg
        pk_to_cl
        add_magnification
        add_intrinsic
        2pt_shear
        2pt_gal
        2pt_gal_shear
   Fast modules (4):
        shear_m_bias
        add_point_mass
        2pt_like
        shear_ratio_like
   Slow parameters (28):
        cosmological_parameters--ombh2
        cosmological_parameters--omch2
        cosmological_parameters--h0
        cosmological_parameters--mnu
        cosmological_parameters--s_8
        cosmological_parameters--n_s
        halo_model_parameters--logt_agn
        lens_photoz_errors--width_1
        lens_photoz_errors--width_2
        lens_photoz_errors--width_3
        lens_photoz_errors--width_4
        lens_photoz_errors--bias_1
        lens_photoz_errors--bias_2
        lens_photoz_errors--bias_3
        lens_photoz_errors--bias_4
        wl_photoz_errors--bias_1
        wl_photoz_errors--bias_2
        wl_photoz_errors--bias_3
        wl_photoz_errors--bias_4
        intrinsic_alignment_parameters--a1
        intrinsic_alignment_parameters--a2
        intrinsic_alignment_parameters--alpha1
        intrinsic_alignment_parameters--alpha2
        intrinsic_alignment_parameters--bias_ta
        bias_lens--b1
        bias_lens--b2
        bias_lens--b3
        bias_lens--b4
   Fast parameters (4):
        shear_calibration_parameters--m1
        shear_calibration_parameters--m2
        shear_calibration_parameters--m3
        shear_calibration_parameters--m4


2pt_like took: 0.019 seconds
shear_ratio_like took: 0.001 seconds
Total pipeline time: 55.4 seconds


Parameters first used in each module:
consistency - 5 parameters:
     cosmological_parameters--ombh2
     cosmological_parameters--omch2
     cosmological_parameters--h0
     cosmological_parameters--mnu
     cosmological_parameters--s_8
bbn_consistency - 0 parameters:
s8_to_sigma8 - 0 parameters:
camb - 2 parameters:
     cosmological_parameters--n_s
     halo_model_parameters--logt_agn
as_to_log1e10as - 0 parameters:
fast_pt - 0 parameters:
fits_nz - 0 parameters:
lens_photoz_width - 4 parameters:
     lens_photoz_errors--width_1
     lens_photoz_errors--width_2
     lens_photoz_errors--width_3
     lens_photoz_errors--width_4
lens_photoz_bias - 4 parameters:
     lens_photoz_errors--bias_1
     lens_photoz_errors--bias_2
     lens_photoz_errors--bias_3
     lens_photoz_errors--bias_4
source_photoz_bias - 4 parameters:
     wl_photoz_errors--bias_1
     wl_photoz_errors--bias_2
     wl_photoz_errors--bias_3
     wl_photoz_errors--bias_4
IA - 5 parameters:
     intrinsic_alignment_parameters--a1
     intrinsic_alignment_parameters--a2
     intrinsic_alignment_parameters--alpha1
     intrinsic_alignment_parameters--alpha2
     intrinsic_alignment_parameters--bias_ta
pk_to_cl_gg - 4 parameters:
     bias_lens--b1
     bias_lens--b2
     bias_lens--b3
     bias_lens--b4
pk_to_cl - 0 parameters:
add_magnification - 0 parameters:
add_intrinsic - 0 parameters:
2pt_shear - 0 parameters:
2pt_gal - 0 parameters:
2pt_gal_shear - 0 parameters:
shear_m_bias - 4 parameters:
     shear_calibration_parameters--m1
     shear_calibration_parameters--m2
     shear_calibration_parameters--m3
     shear_calibration_parameters--m4
add_point_mass - 0 parameters:
2pt_like - 0 parameters:
shear_ratio_like - 0 parameters:
Results - 0 parameters:
You manually told me in the parameter file to use module 18 as the first in the fast block
Time for full pipeline:  55.36s
Time for slow pipeline:  55.34s
Time for fast pipeline:  0.02s
Time saving: 99.96%

Based on this we have decided: 
   Slow modules (18):
        consistency
        bbn_consistency
        s8_to_sigma8
        camb
        as_to_log1e10as
        fast_pt
        fits_nz
        lens_photoz_width
        lens_photoz_bias
        source_photoz_bias
        IA
        pk_to_cl_gg
        pk_to_cl
        add_magnification
        add_intrinsic
        2pt_shear
        2pt_gal
        2pt_gal_shear
   Fast modules (4):
        shear_m_bias
        add_point_mass
        2pt_like
        shear_ratio_like
   Slow parameters (28):
        cosmological_parameters--ombh2
        cosmological_parameters--omch2
        cosmological_parameters--h0
        cosmological_parameters--mnu
        cosmological_parameters--s_8
        cosmological_parameters--n_s
        halo_model_parameters--logt_agn
        lens_photoz_errors--width_1
        lens_photoz_errors--width_2
        lens_photoz_errors--width_3
        lens_photoz_errors--width_4
        lens_photoz_errors--bias_1
        lens_photoz_errors--bias_2
        lens_photoz_errors--bias_3
        lens_photoz_errors--bias_4
        wl_photoz_errors--bias_1
        wl_photoz_errors--bias_2
        wl_photoz_errors--bias_3
        wl_photoz_errors--bias_4
        intrinsic_alignment_parameters--a1
        intrinsic_alignment_parameters--a2
        intrinsic_alignment_parameters--alpha1
        intrinsic_alignment_parameters--alpha2
        intrinsic_alignment_parameters--bias_ta
        bias_lens--b1
        bias_lens--b2
        bias_lens--b3
        bias_lens--b4
   Fast parameters (4):
        shear_calibration_parameters--m1
        shear_calibration_parameters--m2
        shear_calibration_parameters--m3
        shear_calibration_parameters--m4


pk_to_cl_gg took: 0.885 seconds
pk_to_cl took: 0.491 seconds
add_magnification took: 0.005 seconds
add_intrinsic took: 0.002 seconds
camb took: 54.669 seconds
as_to_log1e10as took: 0.000 seconds
2pt_shear took: 0.091 seconds
2pt_gal took: 0.027 seconds
fast_pt took: 0.128 seconds
fits_nz took: 0.000 seconds
lens_photoz_width took: 0.001 seconds
lens_photoz_bias took: 0.001 seconds
source_photoz_bias took: 0.001 seconds
IA took: 0.029 seconds
pk_to_cl_gg took: 1.235 seconds
2pt_gal_shear took: 0.105 seconds
shear_m_bias took: 0.002 seconds
add_point_mass took: 0.000 seconds
2pt_like took: 0.020 seconds
shear_ratio_like took: 0.001 seconds
Total pipeline time: 55.6 seconds


Parameters first used in each module:
consistency - 5 parameters:
     cosmological_parameters--ombh2
     cosmological_parameters--omch2
     cosmological_parameters--h0
     cosmological_parameters--mnu
     cosmological_parameters--s_8
bbn_consistency - 0 parameters:
s8_to_sigma8 - 0 parameters:
camb - 2 parameters:
     cosmological_parameters--n_s
     halo_model_parameters--logt_agn
as_to_log1e10as - 0 parameters:
fast_pt - 0 parameters:
fits_nz - 0 parameters:
lens_photoz_width - 4 parameters:
     lens_photoz_errors--width_1
     lens_photoz_errors--width_2
     lens_photoz_errors--width_3
     lens_photoz_errors--width_4
lens_photoz_bias - 4 parameters:
     lens_photoz_errors--bias_1
     lens_photoz_errors--bias_2
     lens_photoz_errors--bias_3
     lens_photoz_errors--bias_4
source_photoz_bias - 4 parameters:
     wl_photoz_errors--bias_1
     wl_photoz_errors--bias_2
     wl_photoz_errors--bias_3
     wl_photoz_errors--bias_4
IA - 5 parameters:
     intrinsic_alignment_parameters--a1
     intrinsic_alignment_parameters--a2
     intrinsic_alignment_parameters--alpha1
     intrinsic_alignment_parameters--alpha2
     intrinsic_alignment_parameters--bias_ta
pk_to_cl_gg - 4 parameters:
     bias_lens--b1
     bias_lens--b2
     bias_lens--b3
     bias_lens--b4
pk_to_cl - 0 parameters:
add_magnification - 0 parameters:
add_intrinsic - 0 parameters:
2pt_shear - 0 parameters:
2pt_gal - 0 parameters:
2pt_gal_shear - 0 parameters:
shear_m_bias - 4 parameters:
     shear_calibration_parameters--m1
     shear_calibration_parameters--m2
     shear_calibration_parameters--m3
     shear_calibration_parameters--m4
add_point_mass - 0 parameters:
2pt_like - 0 parameters:
shear_ratio_like - 0 parameters:
Results - 0 parameters:
You manually told me in the parameter file to use module 18 as the first in the fast block
Time for full pipeline:  55.63s
Time for slow pipeline:  55.61s
Time for fast pipeline:  0.02s
Time saving: 99.96%

Based on this we have decided: 
   Slow modules (18):
        consistency
        bbn_consistency
        s8_to_sigma8
        camb
        as_to_log1e10as
        fast_pt
        fits_nz
        lens_photoz_width
        lens_photoz_bias
        source_photoz_bias
        IA
        pk_to_cl_gg
        pk_to_cl
        add_magnification
        add_intrinsic
        2pt_shear
        2pt_gal
        2pt_gal_shear
   Fast modules (4):
        shear_m_bias
        add_point_mass
        2pt_like
        shear_ratio_like
   Slow parameters (28):
        cosmological_parameters--ombh2
        cosmological_parameters--omch2
        cosmological_parameters--h0
        cosmological_parameters--mnu
        cosmological_parameters--s_8
        cosmological_parameters--n_s
        halo_model_parameters--logt_agn
        lens_photoz_errors--width_1
        lens_photoz_errors--width_2
        lens_photoz_errors--width_3
        lens_photoz_errors--width_4
        lens_photoz_errors--bias_1
        lens_photoz_errors--bias_2
        lens_photoz_errors--bias_3
        lens_photoz_errors--bias_4
        wl_photoz_errors--bias_1
        wl_photoz_errors--bias_2
        wl_photoz_errors--bias_3
        wl_photoz_errors--bias_4
        intrinsic_alignment_parameters--a1
        intrinsic_alignment_parameters--a2
        intrinsic_alignment_parameters--alpha1
        intrinsic_alignment_parameters--alpha2
        intrinsic_alignment_parameters--bias_ta
        bias_lens--b1
        bias_lens--b2
        bias_lens--b3
        bias_lens--b4
   Fast parameters (4):
        shear_calibration_parameters--m1
        shear_calibration_parameters--m2
        shear_calibration_parameters--m3
        shear_calibration_parameters--m4


camb took: 53.701 seconds
as_to_log1e10as took: 0.000 seconds
pk_to_cl took: 0.466 seconds
add_magnification took: 0.005 seconds
add_intrinsic took: 0.002 seconds
camb took: 53.784 seconds
as_to_log1e10as took: 0.000 seconds
fast_pt took: 0.092 seconds
fits_nz took: 0.000 seconds
lens_photoz_width took: 0.001 seconds
lens_photoz_bias took: 0.001 seconds
source_photoz_bias took: 0.000 seconds
IA took: 0.024 seconds
2pt_shear took: 0.088 seconds
2pt_gal took: 0.027 seconds
fast_pt took: 0.109 seconds
fits_nz took: 0.000 seconds
lens_photoz_width took: 0.001 seconds
lens_photoz_bias took: 0.001 seconds
source_photoz_bias took: 0.001 seconds
camb took: 53.059 seconds
as_to_log1e10as took: 0.000 seconds
IA took: 0.023 seconds
pk_to_cl_gg took: 1.085 seconds
pk_to_cl took: 0.579 seconds
add_magnification took: 0.005 seconds
add_intrinsic took: 0.002 seconds
2pt_gal_shear took: 0.112 seconds
shear_m_bias took: 0.002 seconds
add_point_mass took: 0.000 seconds
fast_pt took: 0.089 seconds
fits_nz took: 0.000 seconds
lens_photoz_width took: 0.001 seconds
lens_photoz_bias took: 0.001 seconds
source_photoz_bias took: 0.000 seconds
2pt_like took: 0.022 seconds
shear_ratio_like took: 0.001 seconds
Total pipeline time: 54.6 seconds
IA took: 0.029 seconds


Parameters first used in each module:
consistency - 5 parameters:
     cosmological_parameters--ombh2
     cosmological_parameters--omch2
     cosmological_parameters--h0
     cosmological_parameters--mnu
     cosmological_parameters--s_8
bbn_consistency - 0 parameters:
s8_to_sigma8 - 0 parameters:
camb - 2 parameters:
     cosmological_parameters--n_s
     halo_model_parameters--logt_agn
as_to_log1e10as - 0 parameters:
fast_pt - 0 parameters:
fits_nz - 0 parameters:
lens_photoz_width - 4 parameters:
     lens_photoz_errors--width_1
     lens_photoz_errors--width_2
     lens_photoz_errors--width_3
     lens_photoz_errors--width_4
lens_photoz_bias - 4 parameters:
     lens_photoz_errors--bias_1
     lens_photoz_errors--bias_2
     lens_photoz_errors--bias_3
     lens_photoz_errors--bias_4
source_photoz_bias - 4 parameters:
     wl_photoz_errors--bias_1
     wl_photoz_errors--bias_2
     wl_photoz_errors--bias_3
     wl_photoz_errors--bias_4
IA - 5 parameters:
     intrinsic_alignment_parameters--a1
     intrinsic_alignment_parameters--a2
     intrinsic_alignment_parameters--alpha1
     intrinsic_alignment_parameters--alpha2
     intrinsic_alignment_parameters--bias_ta
pk_to_cl_gg - 4 parameters:
     bias_lens--b1
     bias_lens--b2
     bias_lens--b3
     bias_lens--b4
pk_to_cl - 0 parameters:
add_magnification - 0 parameters:
add_intrinsic - 0 parameters:
2pt_shear - 0 parameters:
2pt_gal - 0 parameters:
2pt_gal_shear - 0 parameters:
shear_m_bias - 4 parameters:
     shear_calibration_parameters--m1
     shear_calibration_parameters--m2
     shear_calibration_parameters--m3
     shear_calibration_parameters--m4
add_point_mass - 0 parameters:
2pt_like - 0 parameters:
shear_ratio_like - 0 parameters:
Results - 0 parameters:
You manually told me in the parameter file to use module 18 as the first in the fast block
Time for full pipeline:  54.61s
Time for slow pipeline:  54.58s
Time for fast pipeline:  0.03s
Time saving: 99.95%

Based on this we have decided: 
   Slow modules (18):
        consistency
        bbn_consistency
        s8_to_sigma8
        camb
        as_to_log1e10as
        fast_pt
        fits_nz
        lens_photoz_width
        lens_photoz_bias
        source_photoz_bias
        IA
        pk_to_cl_gg
        pk_to_cl
        add_magnification
        add_intrinsic
        2pt_shear
        2pt_gal
        2pt_gal_shear
   Fast modules (4):
        shear_m_bias
        add_point_mass
        2pt_like
        shear_ratio_like
   Slow parameters (28):
        cosmological_parameters--ombh2
        cosmological_parameters--omch2
        cosmological_parameters--h0
        cosmological_parameters--mnu
        cosmological_parameters--s_8
        cosmological_parameters--n_s
        halo_model_parameters--logt_agn
        lens_photoz_errors--width_1
        lens_photoz_errors--width_2
        lens_photoz_errors--width_3
        lens_photoz_errors--width_4
        lens_photoz_errors--bias_1
        lens_photoz_errors--bias_2
        lens_photoz_errors--bias_3
        lens_photoz_errors--bias_4
        wl_photoz_errors--bias_1
        wl_photoz_errors--bias_2
        wl_photoz_errors--bias_3
        wl_photoz_errors--bias_4
        intrinsic_alignment_parameters--a1
        intrinsic_alignment_parameters--a2
        intrinsic_alignment_parameters--alpha1
        intrinsic_alignment_parameters--alpha2
        intrinsic_alignment_parameters--bias_ta
        bias_lens--b1
        bias_lens--b2
        bias_lens--b3
        bias_lens--b4
   Fast parameters (4):
        shear_calibration_parameters--m1
        shear_calibration_parameters--m2
        shear_calibration_parameters--m3
        shear_calibration_parameters--m4


camb took: 55.307 seconds
as_to_log1e10as took: 0.000 seconds
2pt_shear took: 0.090 seconds
2pt_gal took: 0.026 seconds
camb took: 53.468 seconds
as_to_log1e10as took: 0.000 seconds
Using two grades of parameter speed in polychord.
Telling Polychord to spend fraction 0.1 if its time in the fast subspace (adjust with fast_fraction option)
Polychord num_repeats = 74  (from parameter file)
Using two grades of parameter speed in polychord.
Telling Polychord to spend fraction 0.1 if its time in the fast subspace (adjust with fast_fraction option)
Using two grades of parameter speed in polychord.
Telling Polychord to spend fraction 0.1 if its time in the fast subspace (adjust with fast_fraction option)
Using two grades of parameter speed in polychord.
Telling Polychord to spend fraction 0.1 if its time in the fast subspace (adjust with fast_fraction option)
Polychord num_repeats = 74  (from parameter file)
Polychord num_repeats = 74  (from parameter file)
Polychord num_repeats = 74  (from parameter file)
camb took: 55.146 seconds
as_to_log1e10as took: 0.000 seconds
fast_pt took: 0.128 seconds
fits_nz took: 0.000 seconds
lens_photoz_width took: 0.001 seconds
lens_photoz_bias took: 0.001 seconds
source_photoz_bias took: 0.001 seconds
2pt_gal_shear took: 0.104 seconds
shear_m_bias took: 0.002 seconds
add_point_mass took: 0.000 seconds
fast_pt took: 0.089 seconds
fits_nz took: 0.000 seconds
lens_photoz_width took: 0.001 seconds
lens_photoz_bias took: 0.001 seconds
IA took: 0.030 seconds
source_photoz_bias took: 0.000 seconds
2pt_like took: 0.019 seconds
shear_ratio_like took: 0.001 seconds
Total pipeline time: 55.5 seconds


Parameters first used in each module:
consistency - 5 parameters:
     cosmological_parameters--ombh2
     cosmological_parameters--omch2
     cosmological_parameters--h0
     cosmological_parameters--mnu
     cosmological_parameters--s_8
bbn_consistency - 0 parameters:
s8_to_sigma8 - 0 parameters:
camb - 2 parameters:
     cosmological_parameters--n_s
     halo_model_parameters--logt_agn
as_to_log1e10as - 0 parameters:
fast_pt - 0 parameters:
fits_nz - 0 parameters:
lens_photoz_width - 4 parameters:
     lens_photoz_errors--width_1
     lens_photoz_errors--width_2
     lens_photoz_errors--width_3
     lens_photoz_errors--width_4
lens_photoz_bias - 4 parameters:
     lens_photoz_errors--bias_1
     lens_photoz_errors--bias_2
     lens_photoz_errors--bias_3
     lens_photoz_errors--bias_4
source_photoz_bias - 4 parameters:
     wl_photoz_errors--bias_1
     wl_photoz_errors--bias_2
     wl_photoz_errors--bias_3
     wl_photoz_errors--bias_4
IA - 5 parameters:
     intrinsic_alignment_parameters--a1
     intrinsic_alignment_parameters--a2
     intrinsic_alignment_parameters--alpha1
     intrinsic_alignment_parameters--alpha2
     intrinsic_alignment_parameters--bias_ta
pk_to_cl_gg - 4 parameters:
     bias_lens--b1
     bias_lens--b2
     bias_lens--b3
     bias_lens--b4
pk_to_cl - 0 parameters:
add_magnification - 0 parameters:
add_intrinsic - 0 parameters:
2pt_shear - 0 parameters:
2pt_gal - 0 parameters:
2pt_gal_shear - 0 parameters:
shear_m_bias - 4 parameters:
     shear_calibration_parameters--m1
     shear_calibration_parameters--m2
     shear_calibration_parameters--m3
     shear_calibration_parameters--m4
add_point_mass - 0 parameters:
2pt_like - 0 parameters:
shear_ratio_like - 0 parameters:
Results - 0 parameters:
You manually told me in the parameter file to use module 18 as the first in the fast block
Time for full pipeline:  55.51s
Time for slow pipeline:  55.49s
Time for fast pipeline:  0.02s
Time saving: 99.96%

Based on this we have decided: 
   Slow modules (18):
        consistency
        bbn_consistency
        s8_to_sigma8
        camb
        as_to_log1e10as
        fast_pt
        fits_nz
        lens_photoz_width
        lens_photoz_bias
        source_photoz_bias
        IA
        pk_to_cl_gg
        pk_to_cl
        add_magnification
        add_intrinsic
        2pt_shear
        2pt_gal
        2pt_gal_shear
   Fast modules (4):
        shear_m_bias
        add_point_mass
        2pt_like
        shear_ratio_like
   Slow parameters (28):
        cosmological_parameters--ombh2
        cosmological_parameters--omch2
        cosmological_parameters--h0
        cosmological_parameters--mnu
        cosmological_parameters--s_8
        cosmological_parameters--n_s
        halo_model_parameters--logt_agn
        lens_photoz_errors--width_1
        lens_photoz_errors--width_2
        lens_photoz_errors--width_3
        lens_photoz_errors--width_4
        lens_photoz_errors--bias_1
        lens_photoz_errors--bias_2
        lens_photoz_errors--bias_3
        lens_photoz_errors--bias_4
        wl_photoz_errors--bias_1
        wl_photoz_errors--bias_2
        wl_photoz_errors--bias_3
        wl_photoz_errors--bias_4
        intrinsic_alignment_parameters--a1
        intrinsic_alignment_parameters--a2
        intrinsic_alignment_parameters--alpha1
        intrinsic_alignment_parameters--alpha2
        intrinsic_alignment_parameters--bias_ta
        bias_lens--b1
        bias_lens--b2
        bias_lens--b3
        bias_lens--b4
   Fast parameters (4):
        shear_calibration_parameters--m1
        shear_calibration_parameters--m2
        shear_calibration_parameters--m3
        shear_calibration_parameters--m4


IA took: 0.024 seconds
camb took: 54.137 seconds
as_to_log1e10as took: 0.000 seconds
fast_pt took: 0.126 seconds
fits_nz took: 0.000 seconds
lens_photoz_width took: 0.001 seconds
lens_photoz_bias took: 0.001 seconds
source_photoz_bias took: 0.001 seconds
pk_to_cl took: 0.638 seconds
add_magnification took: 0.006 seconds
add_intrinsic took: 0.003 seconds
IA took: 0.028 seconds
Using two grades of parameter speed in polychord.
Telling Polychord to spend fraction 0.1 if its time in the fast subspace (adjust with fast_fraction option)
Polychord num_repeats = 74  (from parameter file)
fast_pt took: 0.126 seconds
fits_nz took: 0.000 seconds
lens_photoz_width took: 0.001 seconds
lens_photoz_bias took: 0.001 seconds
source_photoz_bias took: 0.001 seconds
pk_to_cl_gg took: 1.246 seconds
pk_to_cl took: 0.465 seconds
add_magnification took: 0.005 seconds
add_intrinsic took: 0.002 seconds
2pt_shear took: 0.121 seconds
IA took: 0.029 seconds
2pt_gal took: 0.036 seconds
Using two grades of parameter speed in polychord.
Telling Polychord to spend fraction 0.1 if its time in the fast subspace (adjust with fast_fraction option)
Polychord num_repeats = 74  (from parameter file)
2pt_shear took: 0.092 seconds
camb took: 53.495 seconds
as_to_log1e10as took: 0.000 seconds
camb took: 53.959 seconds
as_to_log1e10as took: 0.000 seconds
2pt_gal took: 0.027 seconds
camb took: 53.911 seconds
as_to_log1e10as took: 0.000 seconds
camb took: 54.828 seconds
as_to_log1e10as took: 0.000 seconds
2pt_gal_shear took: 0.141 seconds
shear_m_bias took: 0.002 seconds
add_point_mass took: 0.000 seconds
fast_pt took: 0.090 seconds
fits_nz took: 0.000 seconds
lens_photoz_width took: 0.001 seconds
lens_photoz_bias took: 0.001 seconds
source_photoz_bias took: 0.000 seconds
fast_pt took: 0.115 seconds
fits_nz took: 0.000 seconds
lens_photoz_width took: 0.001 seconds
lens_photoz_bias took: 0.001 seconds
source_photoz_bias took: 0.001 seconds
2pt_like took: 0.025 seconds
shear_ratio_like took: 0.001 seconds
Total pipeline time: 56.5 seconds
IA took: 0.024 seconds
2pt_gal_shear took: 0.107 seconds


Parameters first used in each module:
consistency - 5 parameters:
     cosmological_parameters--ombh2
     cosmological_parameters--omch2
     cosmological_parameters--h0
     cosmological_parameters--mnu
     cosmological_parameters--s_8
bbn_consistency - 0 parameters:
s8_to_sigma8 - 0 parameters:
camb - 2 parameters:
     cosmological_parameters--n_s
     halo_model_parameters--logt_agn
as_to_log1e10as - 0 parameters:
fast_pt - 0 parameters:
fits_nz - 0 parameters:
lens_photoz_width - 4 parameters:
     lens_photoz_errors--width_1
     lens_photoz_errors--width_2
     lens_photoz_errors--width_3
     lens_photoz_errors--width_4
lens_photoz_bias - 4 parameters:
     lens_photoz_errors--bias_1
     lens_photoz_errors--bias_2
     lens_photoz_errors--bias_3
     lens_photoz_errors--bias_4
source_photoz_bias - 4 parameters:
     wl_photoz_errors--bias_1
     wl_photoz_errors--bias_2
     wl_photoz_errors--bias_3
     wl_photoz_errors--bias_4
IA - 5 parameters:
     intrinsic_alignment_parameters--a1
     intrinsic_alignment_parameters--a2
     intrinsic_alignment_parameters--alpha1
     intrinsic_alignment_parameters--alpha2
     intrinsic_alignment_parameters--bias_ta
pk_to_cl_gg - 4 parameters:
     bias_lens--b1
     bias_lens--b2
     bias_lens--b3
     bias_lens--b4
pk_to_cl - 0 parameters:
add_magnification - 0 parameters:
shear_m_bias took: 0.002 seconds
add_intrinsic - 0 parameters:
2pt_shear - 0 parameters:
2pt_gal - 0 parameters:
2pt_gal_shear - 0 parameters:
shear_m_bias - 4 parameters:
     shear_calibration_parameters--m1
     shear_calibration_parameters--m2
     shear_calibration_parameters--m3
     shear_calibration_parameters--m4
add_point_mass - 0 parameters:
2pt_like - 0 parameters:
shear_ratio_like - 0 parameters:
Results - 0 parameters:
You manually told me in the parameter file to use module 18 as the first in the fast block
Time for full pipeline:  56.51s
Time for slow pipeline:  56.48s
Time for fast pipeline:  0.03s
Time saving: 99.95%

Based on this we have decided: 
   Slow modules (18):
        consistency
        bbn_consistency
        s8_to_sigma8
        camb
        as_to_log1e10as
        fast_pt
        fits_nz
        lens_photoz_width
add_point_mass took: 0.000 seconds
        lens_photoz_bias
        source_photoz_bias
        IA
        pk_to_cl_gg
        pk_to_cl
        add_magnification
        add_intrinsic
        2pt_shear
        2pt_gal
        2pt_gal_shear
   Fast modules (4):
        shear_m_bias
        add_point_mass
        2pt_like
        shear_ratio_like
   Slow parameters (28):
        cosmological_parameters--ombh2
        cosmological_parameters--omch2
        cosmological_parameters--h0
        cosmological_parameters--mnu
        cosmological_parameters--s_8
        cosmological_parameters--n_s
        halo_model_parameters--logt_agn
        lens_photoz_errors--width_1
        lens_photoz_errors--width_2
        lens_photoz_errors--width_3
        lens_photoz_errors--width_4
        lens_photoz_errors--bias_1
        lens_photoz_errors--bias_2
        lens_photoz_errors--bias_3
        lens_photoz_errors--bias_4
        wl_photoz_errors--bias_1
        wl_photoz_errors--bias_2
        wl_photoz_errors--bias_3
        wl_photoz_errors--bias_4
        intrinsic_alignment_parameters--a1
        intrinsic_alignment_parameters--a2
        intrinsic_alignment_parameters--alpha1
        intrinsic_alignment_parameters--alpha2
        intrinsic_alignment_parameters--bias_ta
        bias_lens--b1
        bias_lens--b2
        bias_lens--b3
        bias_lens--b4
   Fast parameters (4):
        shear_calibration_parameters--m1
        shear_calibration_parameters--m2
        shear_calibration_parameters--m3
        shear_calibration_parameters--m4


camb took: 54.790 seconds
as_to_log1e10as took: 0.000 seconds
IA took: 0.025 seconds
2pt_like took: 0.020 seconds
shear_ratio_like took: 0.001 seconds
Total pipeline time: 55.5 seconds


Parameters first used in each module:
consistency - 5 parameters:
     cosmological_parameters--ombh2
     cosmological_parameters--omch2
     cosmological_parameters--h0
     cosmological_parameters--mnu
     cosmological_parameters--s_8
bbn_consistency - 0 parameters:
s8_to_sigma8 - 0 parameters:
camb - 2 parameters:
     cosmological_parameters--n_s
     halo_model_parameters--logt_agn
as_to_log1e10as - 0 parameters:
fast_pt - 0 parameters:
fits_nz - 0 parameters:
lens_photoz_width - 4 parameters:
     lens_photoz_errors--width_1
     lens_photoz_errors--width_2
     lens_photoz_errors--width_3
     lens_photoz_errors--width_4
lens_photoz_bias - 4 parameters:
     lens_photoz_errors--bias_1
     lens_photoz_errors--bias_2
     lens_photoz_errors--bias_3
     lens_photoz_errors--bias_4
source_photoz_bias - 4 parameters:
     wl_photoz_errors--bias_1
     wl_photoz_errors--bias_2
     wl_photoz_errors--bias_3
     wl_photoz_errors--bias_4
IA - 5 parameters:
     intrinsic_alignment_parameters--a1
     intrinsic_alignment_parameters--a2
     intrinsic_alignment_parameters--alpha1
     intrinsic_alignment_parameters--alpha2
     intrinsic_alignment_parameters--bias_ta
pk_to_cl_gg - 4 parameters:
     bias_lens--b1
     bias_lens--b2
     bias_lens--b3
     bias_lens--b4
pk_to_cl - 0 parameters:
add_magnification - 0 parameters:
add_intrinsic - 0 parameters:
2pt_shear - 0 parameters:
2pt_gal - 0 parameters:
2pt_gal_shear - 0 parameters:
shear_m_bias - 4 parameters:
     shear_calibration_parameters--m1
     shear_calibration_parameters--m2
     shear_calibration_parameters--m3
     shear_calibration_parameters--m4
add_point_mass - 0 parameters:
2pt_like - 0 parameters:
shear_ratio_like - 0 parameters:
Results - 0 parameters:
You manually told me in the parameter file to use module 18 as the first in the fast block
Time for full pipeline:  55.52s
Time for slow pipeline:  55.50s
Time for fast pipeline:  0.02s
Time saving: 99.96%

Based on this we have decided: 
   Slow modules (18):
        consistency
        bbn_consistency
        s8_to_sigma8
        camb
        as_to_log1e10as
        fast_pt
        fits_nz
        lens_photoz_width
        lens_photoz_bias
        source_photoz_bias
        IA
        pk_to_cl_gg
        pk_to_cl
        add_magnification
        add_intrinsic
        2pt_shear
        2pt_gal
        2pt_gal_shear
   Fast modules (4):
        shear_m_bias
        add_point_mass
        2pt_like
        shear_ratio_like
   Slow parameters (28):
        cosmological_parameters--ombh2
        cosmological_parameters--omch2
        cosmological_parameters--h0
        cosmological_parameters--mnu
        cosmological_parameters--s_8
        cosmological_parameters--n_s
        halo_model_parameters--logt_agn
        lens_photoz_errors--width_1
        lens_photoz_errors--width_2
        lens_photoz_errors--width_3
        lens_photoz_errors--width_4
        lens_photoz_errors--bias_1
        lens_photoz_errors--bias_2
        lens_photoz_errors--bias_3
        lens_photoz_errors--bias_4
        wl_photoz_errors--bias_1
        wl_photoz_errors--bias_2
        wl_photoz_errors--bias_3
        wl_photoz_errors--bias_4
        intrinsic_alignment_parameters--a1
        intrinsic_alignment_parameters--a2
        intrinsic_alignment_parameters--alpha1
        intrinsic_alignment_parameters--alpha2
        intrinsic_alignment_parameters--bias_ta
        bias_lens--b1
        bias_lens--b2
        bias_lens--b3
        bias_lens--b4
   Fast parameters (4):
        shear_calibration_parameters--m1
        shear_calibration_parameters--m2
        shear_calibration_parameters--m3
        shear_calibration_parameters--m4


fast_pt took: 0.091 seconds
fits_nz took: 0.000 seconds
lens_photoz_width took: 0.001 seconds
lens_photoz_bias took: 0.001 seconds
source_photoz_bias took: 0.001 seconds
fast_pt took: 0.127 seconds
fits_nz took: 0.000 seconds
lens_photoz_width took: 0.001 seconds
lens_photoz_bias took: 0.001 seconds
source_photoz_bias took: 0.001 seconds
IA took: 0.024 seconds
camb took: 55.051 seconds
as_to_log1e10as took: 0.000 seconds
IA took: 0.029 seconds
pk_to_cl_gg took: 0.881 seconds
fast_pt took: 0.127 seconds
fits_nz took: 0.000 seconds
lens_photoz_width took: 0.001 seconds
lens_photoz_bias took: 0.001 seconds
source_photoz_bias took: 0.001 seconds
IA took: 0.028 seconds
fast_pt took: 0.126 seconds
fits_nz took: 0.000 seconds
lens_photoz_width took: 0.001 seconds
lens_photoz_bias took: 0.001 seconds
source_photoz_bias took: 0.001 seconds
camb took: 53.951 seconds
as_to_log1e10as took: 0.000 seconds
pk_to_cl_gg took: 1.235 seconds
camb took: 55.136 seconds
as_to_log1e10as took: 0.000 seconds
IA took: 0.029 seconds
pk_to_cl_gg took: 0.939 seconds
camb took: 55.190 seconds
as_to_log1e10as took: 0.000 seconds
Using two grades of parameter speed in polychord.
Telling Polychord to spend fraction 0.1 if its time in the fast subspace (adjust with fast_fraction option)
Polychord num_repeats = 74  (from parameter file)
pk_to_cl_gg took: 0.923 seconds
fast_pt took: 0.103 seconds
fits_nz took: 0.000 seconds
lens_photoz_width took: 0.001 seconds
lens_photoz_bias took: 0.001 seconds
source_photoz_bias took: 0.001 seconds
fast_pt took: 0.124 seconds
fits_nz took: 0.000 seconds
lens_photoz_width took: 0.001 seconds
lens_photoz_bias took: 0.001 seconds
source_photoz_bias took: 0.001 seconds
camb took: 55.243 seconds
as_to_log1e10as took: 0.000 seconds
IA took: 0.029 seconds
IA took: 0.029 seconds
camb took: 55.297 seconds
as_to_log1e10as took: 0.000 seconds
fast_pt took: 0.127 seconds
fits_nz took: 0.000 seconds
lens_photoz_width took: 0.001 seconds
lens_photoz_bias took: 0.001 seconds
pk_to_cl took: 0.632 seconds
source_photoz_bias took: 0.001 seconds
add_magnification took: 0.006 seconds
add_intrinsic took: 0.003 seconds
IA took: 0.029 seconds
fast_pt took: 0.128 seconds
fits_nz took: 0.000 seconds
lens_photoz_width took: 0.001 seconds
lens_photoz_bias took: 0.001 seconds
source_photoz_bias took: 0.001 seconds
camb took: 54.132 seconds
as_to_log1e10as took: 0.000 seconds
pk_to_cl_gg took: 0.885 seconds
camb took: 54.563 seconds
as_to_log1e10as took: 0.000 seconds
IA took: 0.029 seconds
2pt_shear took: 0.123 seconds
fast_pt took: 0.153 seconds
fits_nz took: 0.001 seconds
lens_photoz_width took: 0.001 seconds
lens_photoz_bias took: 0.001 seconds
source_photoz_bias took: 0.001 seconds
camb took: 55.162 seconds
as_to_log1e10as took: 0.000 seconds
Using two grades of parameter speed in polychord.
Telling Polychord to spend fraction 0.1 if its time in the fast subspace (adjust with fast_fraction option)
Polychord num_repeats = 74  (from parameter file)
camb took: 53.529 seconds
as_to_log1e10as took: 0.000 seconds
pk_to_cl took: 0.470 seconds
add_magnification took: 0.005 seconds
2pt_gal took: 0.036 seconds
add_intrinsic took: 0.002 seconds
IA took: 0.032 seconds
camb took: 55.516 seconds
as_to_log1e10as took: 0.000 seconds
camb took: 54.211 seconds
as_to_log1e10as took: 0.000 seconds
camb took: 54.849 seconds
as_to_log1e10as took: 0.000 seconds
camb took: 53.977 seconds
as_to_log1e10as took: 0.000 seconds
camb took: 55.041 seconds
as_to_log1e10as took: 0.000 seconds
fast_pt took: 0.126 seconds
fits_nz took: 0.000 seconds
lens_photoz_width took: 0.001 seconds
lens_photoz_bias took: 0.001 seconds
source_photoz_bias took: 0.001 seconds
fast_pt took: 0.124 seconds
fits_nz took: 0.000 seconds
lens_photoz_width took: 0.001 seconds
lens_photoz_bias took: 0.001 seconds
source_photoz_bias took: 0.001 seconds
IA took: 0.029 seconds
IA took: 0.029 seconds
2pt_shear took: 0.095 seconds
fast_pt took: 0.126 seconds
fits_nz took: 0.000 seconds
lens_photoz_width took: 0.001 seconds
lens_photoz_bias took: 0.001 seconds
fast_pt took: 0.119 seconds
source_photoz_bias took: 0.001 seconds
fits_nz took: 0.000 seconds
lens_photoz_width took: 0.001 seconds
fast_pt took: 0.090 seconds
fits_nz took: 0.000 seconds
lens_photoz_bias took: 0.001 seconds
source_photoz_bias took: 0.001 seconds
lens_photoz_width took: 0.001 seconds
lens_photoz_bias took: 0.001 seconds
source_photoz_bias took: 0.000 seconds
2pt_gal took: 0.028 seconds
camb took: 54.691 seconds
as_to_log1e10as took: 0.000 seconds
fast_pt took: 0.105 seconds
fits_nz took: 0.000 seconds
fast_pt took: 0.089 seconds
fits_nz took: 0.000 seconds
lens_photoz_width took: 0.001 seconds
lens_photoz_width took: 0.001 seconds
lens_photoz_bias took: 0.001 seconds
lens_photoz_bias took: 0.001 seconds
source_photoz_bias took: 0.000 seconds
source_photoz_bias took: 0.000 seconds
IA took: 0.026 seconds
IA took: 0.029 seconds
IA took: 0.026 seconds
fast_pt took: 0.130 seconds
2pt_gal_shear took: 0.141 seconds
fits_nz took: 0.000 seconds
lens_photoz_width took: 0.001 seconds
shear_m_bias took: 0.002 seconds
add_point_mass took: 0.000 seconds
lens_photoz_bias took: 0.001 seconds
source_photoz_bias took: 0.001 seconds
pk_to_cl took: 0.475 seconds
IA took: 0.015 seconds
camb took: 54.780 seconds
as_to_log1e10as took: 0.000 seconds
add_magnification took: 0.005 seconds
fast_pt took: 0.106 seconds
fits_nz took: 0.000 seconds
add_intrinsic took: 0.002 seconds
lens_photoz_width took: 0.001 seconds
lens_photoz_bias took: 0.001 seconds
source_photoz_bias took: 0.001 seconds
IA took: 0.024 seconds
2pt_like took: 0.024 seconds
shear_ratio_like took: 0.001 seconds
Total pipeline time: 56.8 seconds
camb took: 55.096 seconds
as_to_log1e10as took: 0.000 seconds
IA took: 0.032 seconds


Parameters first used in each module:
consistency - 5 parameters:
     cosmological_parameters--ombh2
     cosmological_parameters--omch2
     cosmological_parameters--h0
     cosmological_parameters--mnu
     cosmological_parameters--s_8
bbn_consistency - 0 parameters:
s8_to_sigma8 - 0 parameters:
camb - 2 parameters:
     cosmological_parameters--n_s
     halo_model_parameters--logt_agn
as_to_log1e10as - 0 parameters:
fast_pt - 0 parameters:
fits_nz - 0 parameters:
lens_photoz_width - 4 parameters:
     lens_photoz_errors--width_1
     lens_photoz_errors--width_2
     lens_photoz_errors--width_3
     lens_photoz_errors--width_4
lens_photoz_bias - 4 parameters:
     lens_photoz_errors--bias_1
     lens_photoz_errors--bias_2
     lens_photoz_errors--bias_3
     lens_photoz_errors--bias_4
source_photoz_bias - 4 parameters:
     wl_photoz_errors--bias_1
     wl_photoz_errors--bias_2
     wl_photoz_errors--bias_3
     wl_photoz_errors--bias_4
IA - 5 parameters:
     intrinsic_alignment_parameters--a1
     intrinsic_alignment_parameters--a2
     intrinsic_alignment_parameters--alpha1
     intrinsic_alignment_parameters--alpha2
     intrinsic_alignment_parameters--bias_ta
pk_to_cl_gg - 4 parameters:
     bias_lens--b1
     bias_lens--b2
     bias_lens--b3
     bias_lens--b4
pk_to_cl - 0 parameters:
add_magnification - 0 parameters:
add_intrinsic - 0 parameters:
2pt_shear - 0 parameters:
2pt_gal - 0 parameters:
2pt_gal_shear - 0 parameters:
shear_m_bias - 4 parameters:
     shear_calibration_parameters--m1
     shear_calibration_parameters--m2
     shear_calibration_parameters--m3
     shear_calibration_parameters--m4
add_point_mass - 0 parameters:
2pt_like - 0 parameters:
shear_ratio_like - 0 parameters:
Results - 0 parameters:
You manually told me in the parameter file to use module 18 as the first in the fast block
Time for full pipeline:  56.83s
Time for slow pipeline:  56.80s
Time for fast pipeline:  0.03s
Time saving: 99.95%

Based on this we have decided: 
   Slow modules (18):
        consistency
        bbn_consistency
        s8_to_sigma8
        camb
        as_to_log1e10as
        fast_pt
        fits_nz
        lens_photoz_width
        lens_photoz_bias
        source_photoz_bias
        IA
        pk_to_cl_gg
        pk_to_cl
        add_magnification
        add_intrinsic
        2pt_shear
        2pt_gal
        2pt_gal_shear
   Fast modules (4):
        shear_m_bias
        add_point_mass
        2pt_like
        shear_ratio_like
   Slow parameters (28):
        cosmological_parameters--ombh2
        cosmological_parameters--omch2
        cosmological_parameters--h0
        cosmological_parameters--mnu
        cosmological_parameters--s_8
        cosmological_parameters--n_s
        halo_model_parameters--logt_agn
        lens_photoz_errors--width_1
        lens_photoz_errors--width_2
        lens_photoz_errors--width_3
        lens_photoz_errors--width_4
        lens_photoz_errors--bias_1
        lens_photoz_errors--bias_2
        lens_photoz_errors--bias_3
        lens_photoz_errors--bias_4
        wl_photoz_errors--bias_1
        wl_photoz_errors--bias_2
        wl_photoz_errors--bias_3
        wl_photoz_errors--bias_4
        intrinsic_alignment_parameters--a1
        intrinsic_alignment_parameters--a2
        intrinsic_alignment_parameters--alpha1
        intrinsic_alignment_parameters--alpha2
        intrinsic_alignment_parameters--bias_ta
        bias_lens--b1
        bias_lens--b2
        bias_lens--b3
        bias_lens--b4
   Fast parameters (4):
        shear_calibration_parameters--m1
        shear_calibration_parameters--m2
        shear_calibration_parameters--m3
        shear_calibration_parameters--m4


IA took: 0.030 seconds
camb took: 54.248 seconds
as_to_log1e10as took: 0.000 seconds
2pt_gal_shear took: 0.109 seconds
shear_m_bias took: 0.002 seconds
add_point_mass took: 0.000 seconds
pk_to_cl took: 0.473 seconds
add_magnification took: 0.005 seconds
add_intrinsic took: 0.002 seconds
pk_to_cl_gg took: 1.229 seconds
camb took: 55.134 seconds
as_to_log1e10as took: 0.000 seconds
camb took: 55.583 seconds
as_to_log1e10as took: 0.000 seconds
2pt_like took: 0.020 seconds
shear_ratio_like took: 0.001 seconds
Total pipeline time: 55.4 seconds
2pt_shear took: 0.100 seconds
fast_pt took: 0.133 seconds
fits_nz took: 0.000 seconds
camb took: 53.934 seconds
as_to_log1e10as took: 0.000 seconds
lens_photoz_width took: 0.001 seconds
fast_pt took: 0.111 seconds
lens_photoz_bias took: 0.001 seconds
fits_nz took: 0.000 seconds
source_photoz_bias took: 0.001 seconds
lens_photoz_width took: 0.001 seconds
lens_photoz_bias took: 0.001 seconds


Parameters first used in each module:
consistency - 5 parameters:
     cosmological_parameters--ombh2
     cosmological_parameters--omch2
     cosmological_parameters--h0
     cosmological_parameters--mnu
     cosmological_parameters--s_8
bbn_consistency - 0 parameters:
s8_to_sigma8 - 0 parameters:
camb - 2 parameters:
     cosmological_parameters--n_s
     halo_model_parameters--logt_agn
as_to_log1e10as - 0 parameters:
fast_pt - 0 parameters:
fits_nz - 0 parameters:
lens_photoz_width - 4 parameters:
     lens_photoz_errors--width_1
     lens_photoz_errors--width_2
     lens_photoz_errors--width_3
     lens_photoz_errors--width_4
lens_photoz_bias - 4 parameters:
     lens_photoz_errors--bias_1
     lens_photoz_errors--bias_2
     lens_photoz_errors--bias_3
     lens_photoz_errors--bias_4
source_photoz_bias - 4 parameters:
     wl_photoz_errors--bias_1
     wl_photoz_errors--bias_2
     wl_photoz_errors--bias_3
     wl_photoz_errors--bias_4
IA - 5 parameters:
     intrinsic_alignment_parameters--a1
     intrinsic_alignment_parameters--a2
     intrinsic_alignment_parameters--alpha1
     intrinsic_alignment_parameters--alpha2
     intrinsic_alignment_parameters--bias_ta
pk_to_cl_gg - 4 parameters:
     bias_lens--b1
     bias_lens--b2
     bias_lens--b3
     bias_lens--b4
pk_to_cl - 0 parameters:
add_magnification - 0 parameters:
add_intrinsic - 0 parameters:
2pt_shear - 0 parameters:
2pt_gal - 0 parameters:
2pt_gal_shear - 0 parameters:
shear_m_bias - 4 parameters:
     shear_calibration_parameters--m1
     shear_calibration_parameters--m2
     shear_calibration_parameters--m3
     shear_calibration_parameters--m4
add_point_mass - 0 parameters:
2pt_like - 0 parameters:
shear_ratio_like - 0 parameters:
Results - 0 parameters:
You manually told me in the parameter file to use module 18 as the first in the fast block
Time for full pipeline:  55.43s
Time for slow pipeline:  55.41s
Time for fast pipeline:  0.02s
Time saving: 99.96%

Based on this we have decided: 
   Slow modules (18):
        consistency
        bbn_consistency
        s8_to_sigma8
        camb
        as_to_log1e10as
        fast_pt
        fits_nz
        lens_photoz_width
        lens_photoz_bias
        source_photoz_bias
        IA
        pk_to_cl_gg
        pk_to_cl
        add_magnification
        add_intrinsic
        2pt_shear
        2pt_gal
        2pt_gal_shear
   Fast modules (4):
        shear_m_bias
        add_point_mass
        2pt_like
        shear_ratio_like
   Slow parameters (28):
        cosmological_parameters--ombh2
        cosmological_parameters--omch2
        cosmological_parameters--h0
        cosmological_parameters--mnu
        cosmological_parameters--s_8
        cosmological_parameters--n_s
        halo_model_parameters--logt_agn
        lens_photoz_errors--width_1
        lens_photoz_errors--width_2
        lens_photoz_errors--width_3
        lens_photoz_errors--width_4
        lens_photoz_errors--bias_1
        lens_photoz_errors--bias_2
source_photoz_bias took: 0.001 seconds
        lens_photoz_errors--bias_3
        lens_photoz_errors--bias_4
        wl_photoz_errors--bias_1
        wl_photoz_errors--bias_2
        wl_photoz_errors--bias_3
        wl_photoz_errors--bias_4
        intrinsic_alignment_parameters--a1
        intrinsic_alignment_parameters--a2
        intrinsic_alignment_parameters--alpha1
        intrinsic_alignment_parameters--alpha2
        intrinsic_alignment_parameters--bias_ta
        bias_lens--b1
        bias_lens--b2
        bias_lens--b3
        bias_lens--b4
   Fast parameters (4):
        shear_calibration_parameters--m1
        shear_calibration_parameters--m2
        shear_calibration_parameters--m3
        shear_calibration_parameters--m4


camb took: 53.960 seconds
as_to_log1e10as took: 0.000 seconds
camb took: 54.643 seconds
as_to_log1e10as took: 0.000 seconds
IA took: 0.026 seconds
2pt_gal took: 0.039 seconds
pk_to_cl took: 0.635 seconds
IA took: 0.034 seconds
pk_to_cl_gg took: 1.071 seconds
fast_pt took: 0.128 seconds
fits_nz took: 0.000 seconds
add_magnification took: 0.006 seconds
lens_photoz_width took: 0.001 seconds
lens_photoz_bias took: 0.001 seconds
source_photoz_bias took: 0.001 seconds
add_intrinsic took: 0.003 seconds
camb took: 55.208 seconds
as_to_log1e10as took: 0.000 seconds
camb took: 55.612 seconds
as_to_log1e10as took: 0.000 seconds
pk_to_cl_gg took: 0.890 seconds
camb took: 54.372 seconds
as_to_log1e10as took: 0.000 seconds
fast_pt took: 0.136 seconds
fits_nz took: 0.001 seconds
camb took: 55.225 seconds
as_to_log1e10as took: 0.000 seconds
lens_photoz_width took: 0.002 seconds
lens_photoz_bias took: 0.001 seconds
source_photoz_bias took: 0.001 seconds
IA took: 0.029 seconds
pk_to_cl_gg took: 1.227 seconds
2pt_shear took: 0.094 seconds
pk_to_cl_gg took: 0.895 seconds
camb took: 54.540 seconds
as_to_log1e10as took: 0.000 seconds
camb took: 54.426 seconds
as_to_log1e10as took: 0.000 seconds
IA took: 0.034 seconds
2pt_gal took: 0.028 seconds
camb took: 55.724 seconds
as_to_log1e10as took: 0.000 seconds
fast_pt took: 0.129 seconds
fits_nz took: 0.000 seconds
lens_photoz_width took: 0.001 seconds
lens_photoz_bias took: 0.001 seconds
source_photoz_bias took: 0.001 seconds
fast_pt took: 0.136 seconds
fits_nz took: 0.000 seconds
lens_photoz_width took: 0.001 seconds
lens_photoz_bias took: 0.001 seconds
fast_pt took: 0.125 seconds
fits_nz took: 0.000 seconds
source_photoz_bias took: 0.001 seconds
lens_photoz_width took: 0.001 seconds
lens_photoz_bias took: 0.001 seconds
pk_to_cl took: 0.467 seconds
source_photoz_bias took: 0.000 seconds
add_magnification took: 0.005 seconds
fast_pt took: 0.140 seconds
fits_nz took: 0.000 seconds
add_intrinsic took: 0.002 seconds
lens_photoz_width took: 0.001 seconds
lens_photoz_bias took: 0.001 seconds
source_photoz_bias took: 0.001 seconds
fast_pt took: 0.126 seconds
fits_nz took: 0.000 seconds
lens_photoz_width took: 0.001 seconds
lens_photoz_bias took: 0.001 seconds
source_photoz_bias took: 0.001 seconds
fast_pt took: 0.090 seconds
fits_nz took: 0.000 seconds
lens_photoz_width took: 0.001 seconds
pk_to_cl_gg took: 0.905 seconds
lens_photoz_bias took: 0.001 seconds
IA took: 0.029 seconds
fast_pt took: 0.090 seconds
source_photoz_bias took: 0.001 seconds
fits_nz took: 0.000 seconds
lens_photoz_width took: 0.001 seconds
lens_photoz_bias took: 0.001 seconds
source_photoz_bias took: 0.001 seconds
fast_pt took: 0.091 seconds
fits_nz took: 0.000 seconds
lens_photoz_width took: 0.001 seconds
lens_photoz_bias took: 0.001 seconds
source_photoz_bias took: 0.001 seconds
IA took: 0.026 seconds
2pt_gal_shear took: 0.129 seconds
IA took: 0.031 seconds
shear_m_bias took: 0.002 seconds
add_point_mass took: 0.000 seconds
2pt_shear took: 0.121 seconds
IA took: 0.029 seconds
IA took: 0.026 seconds
camb took: 54.888 seconds
as_to_log1e10as took: 0.000 seconds
IA took: 0.015 seconds
IA took: 0.025 seconds
camb took: 54.702 seconds
as_to_log1e10as took: 0.000 seconds
IA took: 0.026 seconds
fast_pt took: 0.096 seconds
fits_nz took: 0.000 seconds
camb took: 54.831 seconds
as_to_log1e10as took: 0.000 seconds
lens_photoz_width took: 0.001 seconds
lens_photoz_bias took: 0.001 seconds
source_photoz_bias took: 0.000 seconds
2pt_like took: 0.021 seconds
shear_ratio_like took: 0.001 seconds
Total pipeline time: 55.6 seconds
fast_pt took: 0.138 seconds
fits_nz took: 0.000 seconds
lens_photoz_width took: 0.001 seconds


Parameters first used in each module:
consistency - 5 parameters:
     cosmological_parameters--ombh2
     cosmological_parameters--omch2
     cosmological_parameters--h0
     cosmological_parameters--mnu
     cosmological_parameters--s_8
bbn_consistency - 0 parameters:
s8_to_sigma8 - 0 parameters:
camb - 2 parameters:
     cosmological_parameters--n_s
     halo_model_parameters--logt_agn
as_to_log1e10as - 0 parameters:
fast_pt - 0 parameters:
fits_nz - 0 parameters:
lens_photoz_width - 4 parameters:
     lens_photoz_errors--width_1
     lens_photoz_errors--width_2
     lens_photoz_errors--width_3
     lens_photoz_errors--width_4
lens_photoz_bias - 4 parameters:
     lens_photoz_errors--bias_1
     lens_photoz_errors--bias_2
     lens_photoz_errors--bias_3
     lens_photoz_errors--bias_4
source_photoz_bias - 4 parameters:
     wl_photoz_errors--bias_1
     wl_photoz_errors--bias_2
     wl_photoz_errors--bias_3
     wl_photoz_errors--bias_4
IA - 5 parameters:
     intrinsic_alignment_parameters--a1
     intrinsic_alignment_parameters--a2
     intrinsic_alignment_parameters--alpha1
     intrinsic_alignment_parameters--alpha2
     intrinsic_alignment_parameters--bias_ta
pk_to_cl_gg - 4 parameters:
     bias_lens--b1
     bias_lens--b2
     bias_lens--b3
     bias_lens--b4
pk_to_cl - 0 parameters:
add_magnification - 0 parameters:
add_intrinsic - 0 parameters:
2pt_shear - 0 parameters:
2pt_gal - 0 parameters:
2pt_gal_shear - 0 parameters:
shear_m_bias - 4 parameters:
     shear_calibration_parameters--m1
     shear_calibration_parameters--m2
     shear_calibration_parameters--m3
     shear_calibration_parameters--m4
add_point_mass - 0 parameters:
2pt_like - 0 parameters:
shear_ratio_like - 0 parameters:
Results - 0 parameters:
You manually told me in the parameter file to use module 18 as the first in the fast block
Time for full pipeline:  55.63s
Time for slow pipeline:  55.61s
Time for fast pipeline:  0.02s
Time saving: 99.96%

Based on this we have decided: 
   Slow modules (18):
        consistency
        bbn_consistency
        s8_to_sigma8
        camb
        as_to_log1e10as
        fast_pt
        fits_nz
        lens_photoz_width
        lens_photoz_bias
        source_photoz_bias
        IA
        pk_to_cl_gg
        pk_to_cl
        add_magnification
        add_intrinsic
        2pt_shear
        2pt_gal
        2pt_gal_shear
   Fast modules (4):
        shear_m_bias
        add_point_mass
        2pt_like
        shear_ratio_like
   Slow parameters (28):
        cosmological_parameters--ombh2
        cosmological_parameters--omch2
        cosmological_parameters--h0
        cosmological_parameters--mnu
        cosmological_parameters--s_8
        cosmological_parameters--n_s
        halo_model_parameters--logt_agn
        lens_photoz_errors--width_1
        lens_photoz_errors--width_2
        lens_photoz_errors--width_3
        lens_photoz_errors--width_4
        lens_photoz_errors--bias_1
        lens_photoz_errors--bias_2
        lens_photoz_errors--bias_3
        lens_photoz_errors--bias_4
        wl_photoz_errors--bias_1
        wl_photoz_errors--bias_2
        wl_photoz_errors--bias_3
        wl_photoz_errors--bias_4
        intrinsic_alignment_parameters--a1
        intrinsic_alignment_parameters--a2
        intrinsic_alignment_parameters--alpha1
        intrinsic_alignment_parameters--alpha2
        intrinsic_alignment_parameters--bias_ta
        bias_lens--b1
        bias_lens--b2
        bias_lens--b3
        bias_lens--b4
   Fast parameters (4):
        shear_calibration_parameters--m1
        shear_calibration_parameters--m2
        shear_calibration_parameters--m3
        shear_calibration_parameters--m4


lens_photoz_bias took: 0.001 seconds
source_photoz_bias took: 0.001 seconds
2pt_gal took: 0.035 seconds
fast_pt took: 0.091 seconds
fits_nz took: 0.000 seconds
lens_photoz_width took: 0.001 seconds
lens_photoz_bias took: 0.001 seconds
source_photoz_bias took: 0.001 seconds
camb took: 55.177 seconds
as_to_log1e10as took: 0.000 seconds
IA took: 0.024 seconds
fast_pt took: 0.129 seconds
fits_nz took: 0.000 seconds
lens_photoz_width took: 0.001 seconds
camb took: 54.549 seconds
as_to_log1e10as took: 0.000 seconds
lens_photoz_bias took: 0.001 seconds
source_photoz_bias took: 0.001 seconds
2pt_gal_shear took: 0.110 seconds
shear_m_bias took: 0.002 seconds
add_point_mass took: 0.000 seconds
IA took: 0.024 seconds
IA took: 0.032 seconds
2pt_shear took: 0.089 seconds
2pt_like took: 0.021 seconds
shear_ratio_like took: 0.001 seconds
Total pipeline time: 54.8 seconds
IA took: 0.029 seconds


Parameters first used in each module:
consistency - 5 parameters:
     cosmological_parameters--ombh2
     cosmological_parameters--omch2
     cosmological_parameters--h0
     cosmological_parameters--mnu
     cosmological_parameters--s_8
bbn_consistency - 0 parameters:
s8_to_sigma8 - 0 parameters:
camb - 2 parameters:
     cosmological_parameters--n_s
     halo_model_parameters--logt_agn
as_to_log1e10as - 0 parameters:
fast_pt - 0 parameters:
fits_nz - 0 parameters:
lens_photoz_width - 4 parameters:
     lens_photoz_errors--width_1
     lens_photoz_errors--width_2
     lens_photoz_errors--width_3
     lens_photoz_errors--width_4
lens_photoz_bias - 4 parameters:
     lens_photoz_errors--bias_1
     lens_photoz_errors--bias_2
     lens_photoz_errors--bias_3
     lens_photoz_errors--bias_4
source_photoz_bias - 4 parameters:
     wl_photoz_errors--bias_1
     wl_photoz_errors--bias_2
     wl_photoz_errors--bias_3
     wl_photoz_errors--bias_4
IA - 5 parameters:
     intrinsic_alignment_parameters--a1
     intrinsic_alignment_parameters--a2
     intrinsic_alignment_parameters--alpha1
     intrinsic_alignment_parameters--alpha2
     intrinsic_alignment_parameters--bias_ta
pk_to_cl_gg - 4 parameters:
     bias_lens--b1
     bias_lens--b2
     bias_lens--b3
     bias_lens--b4
pk_to_cl - 0 parameters:
add_magnification - 0 parameters:
add_intrinsic - 0 parameters:
2pt_shear - 0 parameters:
2pt_gal - 0 parameters:
2pt_gal_shear - 0 parameters:
shear_m_bias - 4 parameters:
     shear_calibration_parameters--m1
     shear_calibration_parameters--m2
     shear_calibration_parameters--m3
     shear_calibration_parameters--m4
add_point_mass - 0 parameters:
2pt_like - 0 parameters:
shear_ratio_like - 0 parameters:
Results - 0 parameters:
You manually told me in the parameter file to use module 18 as the first in the fast block
Time for full pipeline:  54.84s
Time for slow pipeline:  54.81s
Time for fast pipeline:  0.02s
Time saving: 99.96%

Based on this we have decided: 
   Slow modules (18):
        consistency
        bbn_consistency
        s8_to_sigma8
        camb
        as_to_log1e10as
        fast_pt
        fits_nz
        lens_photoz_width
        lens_photoz_bias
        source_photoz_bias
        IA
        pk_to_cl_gg
        pk_to_cl
        add_magnification
        add_intrinsic
        2pt_shear
        2pt_gal
        2pt_gal_shear
   Fast modules (4):
        shear_m_bias
        add_point_mass
        2pt_like
        shear_ratio_like
   Slow parameters (28):
        cosmological_parameters--ombh2
        cosmological_parameters--omch2
        cosmological_parameters--h0
        cosmological_parameters--mnu
        cosmological_parameters--s_8
        cosmological_parameters--n_s
        halo_model_parameters--logt_agn
        lens_photoz_errors--width_1
        lens_photoz_errors--width_2
        lens_photoz_errors--width_3
        lens_photoz_errors--width_4
        lens_photoz_errors--bias_1
        lens_photoz_errors--bias_2
        lens_photoz_errors--bias_3
        lens_photoz_errors--bias_4
        wl_photoz_errors--bias_1
        wl_photoz_errors--bias_2
        wl_photoz_errors--bias_3
        wl_photoz_errors--bias_4
        intrinsic_alignment_parameters--a1
        intrinsic_alignment_parameters--a2
        intrinsic_alignment_parameters--alpha1
        intrinsic_alignment_parameters--alpha2
        intrinsic_alignment_parameters--bias_ta
        bias_lens--b1
        bias_lens--b2
        bias_lens--b3
        bias_lens--b4
   Fast parameters (4):
        shear_calibration_parameters--m1
        shear_calibration_parameters--m2
        shear_calibration_parameters--m3
        shear_calibration_parameters--m4


camb took: 55.583 seconds
as_to_log1e10as took: 0.000 seconds
2pt_gal took: 0.026 seconds
Using two grades of parameter speed in polychord.
Telling Polychord to spend fraction 0.1 if its time in the fast subspace (adjust with fast_fraction option)
Polychord num_repeats = 74  (from parameter file)
Using two grades of parameter speed in polychord.
Telling Polychord to spend fraction 0.1 if its time in the fast subspace (adjust with fast_fraction option)
Polychord num_repeats = 74  (from parameter file)
camb took: 54.946 seconds
as_to_log1e10as took: 0.000 seconds
pk_to_cl_gg took: 1.050 seconds
fast_pt took: 0.138 seconds
fits_nz took: 0.000 seconds
fast_pt took: 0.147 seconds
fits_nz took: 0.000 seconds
lens_photoz_width took: 0.001 seconds
lens_photoz_bias took: 0.001 seconds
lens_photoz_width took: 0.002 seconds
source_photoz_bias took: 0.001 seconds
lens_photoz_bias took: 0.001 seconds
source_photoz_bias took: 0.001 seconds
camb took: 54.787 seconds
as_to_log1e10as took: 0.000 seconds
fast_pt took: 0.150 seconds
fits_nz took: 0.000 seconds
fast_pt took: 0.125 seconds
fits_nz took: 0.000 seconds
lens_photoz_width took: 0.002 seconds
lens_photoz_width took: 0.001 seconds
lens_photoz_bias took: 0.001 seconds
lens_photoz_bias took: 0.001 seconds
source_photoz_bias took: 0.001 seconds
source_photoz_bias took: 0.001 seconds
fast_pt took: 0.125 seconds
fits_nz took: 0.000 seconds
lens_photoz_width took: 0.001 seconds
2pt_gal_shear took: 0.140 seconds
lens_photoz_bias took: 0.001 seconds
source_photoz_bias took: 0.001 seconds
shear_m_bias took: 0.002 seconds
add_point_mass took: 0.000 seconds
IA took: 0.032 seconds
2pt_gal_shear took: 0.104 seconds
shear_m_bias took: 0.002 seconds
add_point_mass took: 0.000 seconds
IA took: 0.027 seconds
IA took: 0.029 seconds
2pt_like took: 0.026 seconds
shear_ratio_like took: 0.001 seconds
Total pipeline time: 57.0 seconds
IA took: 0.029 seconds
fast_pt took: 0.097 seconds
fits_nz took: 0.000 seconds
lens_photoz_width took: 0.001 seconds
lens_photoz_bias took: 0.001 seconds
source_photoz_bias took: 0.000 seconds
IA took: 0.054 seconds
2pt_like took: 0.020 seconds


Parameters first used in each module:
consistency - 5 parameters:
     cosmological_parameters--ombh2
     cosmological_parameters--omch2
     cosmological_parameters--h0
     cosmological_parameters--mnu
     cosmological_parameters--s_8
bbn_consistency - 0 parameters:
s8_to_sigma8 - 0 parameters:
camb - 2 parameters:
     cosmological_parameters--n_s
     halo_model_parameters--logt_agn
as_to_log1e10as - 0 parameters:
fast_pt - 0 parameters:
fits_nz - 0 parameters:
lens_photoz_width - 4 parameters:
     lens_photoz_errors--width_1
     lens_photoz_errors--width_2
     lens_photoz_errors--width_3
     lens_photoz_errors--width_4
lens_photoz_bias - 4 parameters:
     lens_photoz_errors--bias_1
     lens_photoz_errors--bias_2
     lens_photoz_errors--bias_3
     lens_photoz_errors--bias_4
source_photoz_bias - 4 parameters:
     wl_photoz_errors--bias_1
     wl_photoz_errors--bias_2
     wl_photoz_errors--bias_3
     wl_photoz_errors--bias_4
IA - 5 parameters:
     intrinsic_alignment_parameters--a1
     intrinsic_alignment_parameters--a2
     intrinsic_alignment_parameters--alpha1
shear_ratio_like took: 0.001 seconds
     intrinsic_alignment_parameters--alpha2
     intrinsic_alignment_parameters--bias_ta
pk_to_cl_gg - 4 parameters:
     bias_lens--b1
     bias_lens--b2
     bias_lens--b3
     bias_lens--b4
Total pipeline time: 55.2 seconds
pk_to_cl - 0 parameters:
add_magnification - 0 parameters:
add_intrinsic - 0 parameters:
2pt_shear - 0 parameters:
2pt_gal - 0 parameters:
2pt_gal_shear - 0 parameters:
shear_m_bias - 4 parameters:
     shear_calibration_parameters--m1
     shear_calibration_parameters--m2
     shear_calibration_parameters--m3
     shear_calibration_parameters--m4
add_point_mass - 0 parameters:
2pt_like - 0 parameters:
shear_ratio_like - 0 parameters:
Results - 0 parameters:
You manually told me in the parameter file to use module 18 as the first in the fast block
Time for full pipeline:  57.03s
Time for slow pipeline:  57.01s
Time for fast pipeline:  0.03s
Time saving: 99.95%

Based on this we have decided: 
   Slow modules (18):
        consistency
        bbn_consistency
        s8_to_sigma8
        camb
        as_to_log1e10as
        fast_pt
        fits_nz
        lens_photoz_width
        lens_photoz_bias
        source_photoz_bias
        IA
        pk_to_cl_gg
        pk_to_cl
        add_magnification
        add_intrinsic
        2pt_shear
        2pt_gal
        2pt_gal_shear
   Fast modules (4):
        shear_m_bias
        add_point_mass
        2pt_like
        shear_ratio_like
   Slow parameters (28):
        cosmological_parameters--ombh2
        cosmological_parameters--omch2
        cosmological_parameters--h0
        cosmological_parameters--mnu
        cosmological_parameters--s_8
        cosmological_parameters--n_s
        halo_model_parameters--logt_agn
        lens_photoz_errors--width_1
        lens_photoz_errors--width_2
        lens_photoz_errors--width_3
        lens_photoz_errors--width_4
        lens_photoz_errors--bias_1
        lens_photoz_errors--bias_2
        lens_photoz_errors--bias_3
        lens_photoz_errors--bias_4
        wl_photoz_errors--bias_1
        wl_photoz_errors--bias_2
        wl_photoz_errors--bias_3
        wl_photoz_errors--bias_4
        intrinsic_alignment_parameters--a1
        intrinsic_alignment_parameters--a2
        intrinsic_alignment_parameters--alpha1
        intrinsic_alignment_parameters--alpha2
        intrinsic_alignment_parameters--bias_ta
        bias_lens--b1
fast_pt took: 0.128 seconds
        bias_lens--b2
        bias_lens--b3
        bias_lens--b4
   Fast parameters (4):
        shear_calibration_parameters--m1
        shear_calibration_parameters--m2
        shear_calibration_parameters--m3
        shear_calibration_parameters--m4


fits_nz took: 0.000 seconds
camb took: 54.569 seconds
as_to_log1e10as took: 0.000 seconds
lens_photoz_width took: 0.001 seconds
lens_photoz_bias took: 0.001 seconds
source_photoz_bias took: 0.001 seconds


Parameters first used in each module:
consistency - 5 parameters:
     cosmological_parameters--ombh2
     cosmological_parameters--omch2
     cosmological_parameters--h0
     cosmological_parameters--mnu
     cosmological_parameters--s_8
bbn_consistency - 0 parameters:
s8_to_sigma8 - 0 parameters:
camb - 2 parameters:
     cosmological_parameters--n_s
     halo_model_parameters--logt_agn
as_to_log1e10as - 0 parameters:
fast_pt - 0 parameters:
fits_nz - 0 parameters:
lens_photoz_width - 4 parameters:
     lens_photoz_errors--width_1
     lens_photoz_errors--width_2
     lens_photoz_errors--width_3
     lens_photoz_errors--width_4
lens_photoz_bias - 4 parameters:
     lens_photoz_errors--bias_1
     lens_photoz_errors--bias_2
     lens_photoz_errors--bias_3
     lens_photoz_errors--bias_4
source_photoz_bias - 4 parameters:
     wl_photoz_errors--bias_1
     wl_photoz_errors--bias_2
     wl_photoz_errors--bias_3
     wl_photoz_errors--bias_4
IA - 5 parameters:
     intrinsic_alignment_parameters--a1
     intrinsic_alignment_parameters--a2
     intrinsic_alignment_parameters--alpha1
     intrinsic_alignment_parameters--alpha2
     intrinsic_alignment_parameters--bias_ta
pk_to_cl_gg - 4 parameters:
     bias_lens--b1
     bias_lens--b2
     bias_lens--b3
     bias_lens--b4
pk_to_cl - 0 parameters:
add_magnification - 0 parameters:
add_intrinsic - 0 parameters:
2pt_shear - 0 parameters:
2pt_gal - 0 parameters:
2pt_gal_shear - 0 parameters:
shear_m_bias - 4 parameters:
     shear_calibration_parameters--m1
     shear_calibration_parameters--m2
     shear_calibration_parameters--m3
     shear_calibration_parameters--m4
add_point_mass - 0 parameters:
2pt_like - 0 parameters:
shear_ratio_like - 0 parameters:
Results - 0 parameters:
You manually told me in the parameter file to use module 18 as the first in the fast block
Time for full pipeline:  55.19s
Time for slow pipeline:  55.16s
Time for fast pipeline:  0.02s
Time saving: 99.96%

Based on this we have decided: 
   Slow modules (18):
        consistency
        bbn_consistency
        s8_to_sigma8
        camb
        as_to_log1e10as
        fast_pt
        fits_nz
        lens_photoz_width
        lens_photoz_bias
        source_photoz_bias
        IA
        pk_to_cl_gg
        pk_to_cl
        add_magnification
        add_intrinsic
        2pt_shear
        2pt_gal
        2pt_gal_shear
   Fast modules (4):
        shear_m_bias
        add_point_mass
        2pt_like
        shear_ratio_like
   Slow parameters (28):
        cosmological_parameters--ombh2
        cosmological_parameters--omch2
        cosmological_parameters--h0
        cosmological_parameters--mnu
        cosmological_parameters--s_8
        cosmological_parameters--n_s
        halo_model_parameters--logt_agn
        lens_photoz_errors--width_1
        lens_photoz_errors--width_2
        lens_photoz_errors--width_3
        lens_photoz_errors--width_4
        lens_photoz_errors--bias_1
        lens_photoz_errors--bias_2
        lens_photoz_errors--bias_3
        lens_photoz_errors--bias_4
        wl_photoz_errors--bias_1
        wl_photoz_errors--bias_2
        wl_photoz_errors--bias_3
        wl_photoz_errors--bias_4
        intrinsic_alignment_parameters--a1
        intrinsic_alignment_parameters--a2
        intrinsic_alignment_parameters--alpha1
        intrinsic_alignment_parameters--alpha2
        intrinsic_alignment_parameters--bias_ta
        bias_lens--b1
        bias_lens--b2
        bias_lens--b3
        bias_lens--b4
   Fast parameters (4):
        shear_calibration_parameters--m1
        shear_calibration_parameters--m2
        shear_calibration_parameters--m3
        shear_calibration_parameters--m4


IA took: 0.023 seconds
IA took: 0.030 seconds
fast_pt took: 0.091 seconds
fits_nz took: 0.000 seconds
lens_photoz_width took: 0.001 seconds
lens_photoz_bias took: 0.001 seconds
source_photoz_bias took: 0.000 seconds
camb took: 55.264 seconds
as_to_log1e10as took: 0.000 seconds
Using two grades of parameter speed in polychord.
Telling Polychord to spend fraction 0.1 if its time in the fast subspace (adjust with fast_fraction option)
camb took: 53.465 seconds
as_to_log1e10as took: 0.000 seconds
Polychord num_repeats = 74  (from parameter file)
IA took: 0.030 seconds
camb took: 54.841 seconds
as_to_log1e10as took: 0.000 seconds
fast_pt took: 0.090 seconds
fits_nz took: 0.000 seconds
lens_photoz_width took: 0.001 seconds
lens_photoz_bias took: 0.001 seconds
source_photoz_bias took: 0.001 seconds
camb took: 55.550 seconds
as_to_log1e10as took: 0.000 seconds
Using two grades of parameter speed in polychord.
Telling Polychord to spend fraction 0.1 if its time in the fast subspace (adjust with fast_fraction option)
Polychord num_repeats = 74  (from parameter file)
IA took: 0.024 seconds
pk_to_cl_gg took: 0.955 seconds
pk_to_cl took: 0.475 seconds
fast_pt took: 0.090 seconds
fits_nz took: 0.000 seconds
add_magnification took: 0.005 seconds
camb took: 55.106 seconds
as_to_log1e10as took: 0.000 seconds
lens_photoz_width took: 0.001 seconds
lens_photoz_bias took: 0.001 seconds
add_intrinsic took: 0.002 seconds
source_photoz_bias took: 0.001 seconds
pk_to_cl took: 0.482 seconds
IA took: 0.024 seconds
add_magnification took: 0.005 seconds
camb took: 54.177 seconds
as_to_log1e10as took: 0.000 seconds
add_intrinsic took: 0.002 seconds
pk_to_cl took: 0.476 seconds
add_magnification took: 0.005 seconds
camb took: 55.257 seconds
as_to_log1e10as took: 0.000 seconds
camb took: 55.361 seconds
as_to_log1e10as took: 0.000 seconds
fast_pt took: 0.126 seconds
add_intrinsic took: 0.002 seconds
fits_nz took: 0.000 seconds
lens_photoz_width took: 0.001 seconds
lens_photoz_bias took: 0.001 seconds
source_photoz_bias took: 0.001 seconds
fast_pt took: 0.091 seconds
fits_nz took: 0.000 seconds
lens_photoz_width took: 0.001 seconds
lens_photoz_bias took: 0.001 seconds
source_photoz_bias took: 0.001 seconds
camb took: 54.598 seconds
as_to_log1e10as took: 0.000 seconds
camb took: 54.864 seconds
as_to_log1e10as took: 0.000 seconds
fast_pt took: 0.127 seconds
fits_nz took: 0.000 seconds
lens_photoz_width took: 0.001 seconds
lens_photoz_bias took: 0.001 seconds
source_photoz_bias took: 0.001 seconds
camb took: 54.504 seconds
as_to_log1e10as took: 0.000 seconds
IA took: 0.025 seconds
IA took: 0.029 seconds
pk_to_cl_gg took: 1.268 seconds
2pt_shear took: 0.092 seconds
pk_to_cl_gg took: 1.210 seconds
camb took: 55.583 seconds
as_to_log1e10as took: 0.000 seconds
camb took: 55.142 seconds
as_to_log1e10as took: 0.000 seconds
IA took: 0.029 seconds
pk_to_cl took: 0.641 seconds
add_magnification took: 0.007 seconds
camb took: 55.305 seconds
as_to_log1e10as took: 0.000 seconds
pk_to_cl took: 0.485 seconds
add_intrinsic took: 0.003 seconds
2pt_gal took: 0.027 seconds
2pt_shear took: 0.092 seconds
add_magnification took: 0.005 seconds
Using two grades of parameter speed in polychord.
Telling Polychord to spend fraction 0.1 if its time in the fast subspace (adjust with fast_fraction option)
Polychord num_repeats = 74  (from parameter file)
add_intrinsic took: 0.002 seconds
fast_pt took: 0.127 seconds
fits_nz took: 0.000 seconds
lens_photoz_width took: 0.001 seconds
lens_photoz_bias took: 0.001 seconds
source_photoz_bias took: 0.001 seconds
camb took: 55.414 seconds
as_to_log1e10as took: 0.000 seconds
camb took: 55.315 seconds
as_to_log1e10as took: 0.000 seconds
pk_to_cl took: 0.577 seconds
add_magnification took: 0.005 seconds
add_intrinsic took: 0.002 seconds
fast_pt took: 0.090 seconds
fits_nz took: 0.000 seconds
lens_photoz_width took: 0.001 seconds
2pt_shear took: 0.098 seconds
lens_photoz_bias took: 0.001 seconds
source_photoz_bias took: 0.000 seconds
2pt_gal took: 0.028 seconds
fast_pt took: 0.126 seconds
fits_nz took: 0.000 seconds
lens_photoz_width took: 0.001 seconds
lens_photoz_bias took: 0.001 seconds
source_photoz_bias took: 0.001 seconds
IA took: 0.030 seconds
fast_pt took: 0.090 seconds
fits_nz took: 0.000 seconds
lens_photoz_width took: 0.001 seconds
lens_photoz_bias took: 0.001 seconds
source_photoz_bias took: 0.001 seconds
IA took: 0.025 seconds
fast_pt took: 0.127 seconds
fits_nz took: 0.000 seconds
2pt_gal took: 0.030 seconds
camb took: 53.891 seconds
as_to_log1e10as took: 0.000 seconds
lens_photoz_width took: 0.001 seconds
lens_photoz_bias took: 0.001 seconds
source_photoz_bias took: 0.001 seconds
camb took: 54.184 seconds
as_to_log1e10as took: 0.000 seconds
camb took: 55.248 seconds
as_to_log1e10as took: 0.000 seconds
IA took: 0.028 seconds
IA took: 0.024 seconds
fast_pt took: 0.091 seconds
fits_nz took: 0.000 seconds
lens_photoz_width took: 0.001 seconds
lens_photoz_bias took: 0.001 seconds
source_photoz_bias took: 0.001 seconds
fast_pt took: 0.092 seconds
fits_nz took: 0.000 seconds
lens_photoz_width took: 0.001 seconds
fast_pt took: 0.125 seconds
lens_photoz_bias took: 0.001 seconds
fits_nz took: 0.000 seconds
source_photoz_bias took: 0.001 seconds
lens_photoz_width took: 0.001 seconds
Using two grades of parameter speed in polychord.
Telling Polychord to spend fraction 0.1 if its time in the fast subspace (adjust with fast_fraction option)
Polychord num_repeats = 74  (from parameter file)
lens_photoz_bias took: 0.001 seconds
source_photoz_bias took: 0.001 seconds
IA took: 0.029 seconds
fast_pt took: 0.090 seconds
fits_nz took: 0.000 seconds
lens_photoz_width took: 0.001 seconds
lens_photoz_bias took: 0.001 seconds
fast_pt took: 0.128 seconds
fits_nz took: 0.000 seconds
source_photoz_bias took: 0.001 seconds
lens_photoz_width took: 0.001 seconds
lens_photoz_bias took: 0.001 seconds
source_photoz_bias took: 0.001 seconds
2pt_shear took: 0.095 seconds
IA took: 0.025 seconds
IA took: 0.025 seconds
2pt_gal_shear took: 0.106 seconds
shear_m_bias took: 0.002 seconds
add_point_mass took: 0.000 seconds
IA took: 0.029 seconds
2pt_shear took: 0.092 seconds
IA took: 0.024 seconds
2pt_shear took: 0.121 seconds
IA took: 0.028 seconds
2pt_gal took: 0.028 seconds
2pt_like took: 0.020 seconds
shear_ratio_like took: 0.001 seconds
Total pipeline time: 56.1 seconds
pk_to_cl_gg took: 1.230 seconds
2pt_gal_shear took: 0.106 seconds
shear_m_bias took: 0.002 seconds
add_point_mass took: 0.000 seconds


Parameters first used in each module:
consistency - 5 parameters:
     cosmological_parameters--ombh2
     cosmological_parameters--omch2
     cosmological_parameters--h0
     cosmological_parameters--mnu
     cosmological_parameters--s_8
bbn_consistency - 0 parameters:
s8_to_sigma8 - 0 parameters:
camb - 2 parameters:
     cosmological_parameters--n_s
     halo_model_parameters--logt_agn
as_to_log1e10as - 0 parameters:
fast_pt - 0 parameters:
fits_nz - 0 parameters:
lens_photoz_width - 4 parameters:
     lens_photoz_errors--width_1
     lens_photoz_errors--width_2
     lens_photoz_errors--width_3
     lens_photoz_errors--width_4
lens_photoz_bias - 4 parameters:
     lens_photoz_errors--bias_1
     lens_photoz_errors--bias_2
     lens_photoz_errors--bias_3
     lens_photoz_errors--bias_4
source_photoz_bias - 4 parameters:
     wl_photoz_errors--bias_1
     wl_photoz_errors--bias_2
     wl_photoz_errors--bias_3
     wl_photoz_errors--bias_4
IA - 5 parameters:
     intrinsic_alignment_parameters--a1
     intrinsic_alignment_parameters--a2
     intrinsic_alignment_parameters--alpha1
     intrinsic_alignment_parameters--alpha2
     intrinsic_alignment_parameters--bias_ta
pk_to_cl_gg - 4 parameters:
     bias_lens--b1
     bias_lens--b2
     bias_lens--b3
     bias_lens--b4
pk_to_cl - 0 parameters:
add_magnification - 0 parameters:
add_intrinsic - 0 parameters:
2pt_shear - 0 parameters:
2pt_gal - 0 parameters:
2pt_gal_shear - 0 parameters:
shear_m_bias - 4 parameters:
     shear_calibration_parameters--m1
     shear_calibration_parameters--m2
     shear_calibration_parameters--m3
     shear_calibration_parameters--m4
add_point_mass - 0 parameters:
2pt_like - 0 parameters:
shear_ratio_like - 0 parameters:
Results - 0 parameters:
You manually told me in the parameter file to use module 18 as the first in the fast block
Time for full pipeline:  56.09s
Time for slow pipeline:  56.07s
Time for fast pipeline:  0.02s
Time saving: 99.96%

Based on this we have decided: 
   Slow modules (18):
        consistency
        bbn_consistency
        s8_to_sigma8
        camb
        as_to_log1e10as
        fast_pt
        fits_nz
        lens_photoz_width
        lens_photoz_bias
        source_photoz_bias
        IA
        pk_to_cl_gg
        pk_to_cl
        add_magnification
        add_intrinsic
        2pt_shear
        2pt_gal
        2pt_gal_shear
   Fast modules (4):
        shear_m_bias
        add_point_mass
        2pt_like
        shear_ratio_like
   Slow parameters (28):
        cosmological_parameters--ombh2
        cosmological_parameters--omch2
        cosmological_parameters--h0
        cosmological_parameters--mnu
        cosmological_parameters--s_8
        cosmological_parameters--n_s
        halo_model_parameters--logt_agn
        lens_photoz_errors--width_1
        lens_photoz_errors--width_2
        lens_photoz_errors--width_3
        lens_photoz_errors--width_4
        lens_photoz_errors--bias_1
        lens_photoz_errors--bias_2
        lens_photoz_errors--bias_3
        lens_photoz_errors--bias_4
        wl_photoz_errors--bias_1
        wl_photoz_errors--bias_2
        wl_photoz_errors--bias_3
        wl_photoz_errors--bias_4
        intrinsic_alignment_parameters--a1
        intrinsic_alignment_parameters--a2
        intrinsic_alignment_parameters--alpha1
        intrinsic_alignment_parameters--alpha2
        intrinsic_alignment_parameters--bias_ta
        bias_lens--b1
        bias_lens--b2
        bias_lens--b3
        bias_lens--b4
   Fast parameters (4):
        shear_calibration_parameters--m1
        shear_calibration_parameters--m2
        shear_calibration_parameters--m3
        shear_calibration_parameters--m4


2pt_gal took: 0.027 seconds
fast_pt took: 0.128 seconds
fits_nz took: 0.000 seconds
lens_photoz_width took: 0.001 seconds
fast_pt took: 0.129 seconds
fits_nz took: 0.000 seconds
lens_photoz_bias took: 0.001 seconds
source_photoz_bias took: 0.001 seconds
lens_photoz_width took: 0.001 seconds
lens_photoz_bias took: 0.001 seconds
source_photoz_bias took: 0.001 seconds
pk_to_cl_gg took: 0.896 seconds
pk_to_cl took: 0.478 seconds
add_magnification took: 0.005 seconds
add_intrinsic took: 0.002 seconds
2pt_gal took: 0.036 seconds
2pt_like took: 0.018 seconds
shear_ratio_like took: 0.001 seconds
Total pipeline time: 55.7 seconds
pk_to_cl_gg took: 0.898 seconds
camb took: 55.777 seconds
as_to_log1e10as took: 0.000 seconds
pk_to_cl_gg took: 0.918 seconds
camb took: 55.678 seconds
as_to_log1e10as took: 0.000 seconds


Parameters first used in each module:
consistency - 5 parameters:
     cosmological_parameters--ombh2
     cosmological_parameters--omch2
     cosmological_parameters--h0
     cosmological_parameters--mnu
     cosmological_parameters--s_8
bbn_consistency - 0 parameters:
s8_to_sigma8 - 0 parameters:
camb - 2 parameters:
     cosmological_parameters--n_s
     halo_model_parameters--logt_agn
as_to_log1e10as - 0 parameters:
fast_pt - 0 parameters:
fits_nz - 0 parameters:
lens_photoz_width - 4 parameters:
     lens_photoz_errors--width_1
     lens_photoz_errors--width_2
     lens_photoz_errors--width_3
     lens_photoz_errors--width_4
lens_photoz_bias - 4 parameters:
     lens_photoz_errors--bias_1
     lens_photoz_errors--bias_2
     lens_photoz_errors--bias_3
     lens_photoz_errors--bias_4
source_photoz_bias - 4 parameters:
     wl_photoz_errors--bias_1
     wl_photoz_errors--bias_2
     wl_photoz_errors--bias_3
     wl_photoz_errors--bias_4
IA - 5 parameters:
     intrinsic_alignment_parameters--a1
     intrinsic_alignment_parameters--a2
     intrinsic_alignment_parameters--alpha1
     intrinsic_alignment_parameters--alpha2
     intrinsic_alignment_parameters--bias_ta
pk_to_cl_gg - 4 parameters:
     bias_lens--b1
     bias_lens--b2
     bias_lens--b3
     bias_lens--b4
pk_to_cl - 0 parameters:
add_magnification - 0 parameters:
add_intrinsic - 0 parameters:
2pt_shear - 0 parameters:
2pt_gal - 0 parameters:
2pt_gal_shear - 0 parameters:
shear_m_bias - 4 parameters:
     shear_calibration_parameters--m1
     shear_calibration_parameters--m2
     shear_calibration_parameters--m3
     shear_calibration_parameters--m4
add_point_mass - 0 parameters:
2pt_like - 0 parameters:
shear_ratio_like - 0 parameters:
Results - 0 parameters:
You manually told me in the parameter file to use module 18 as the first in the fast block
Time for full pipeline:  55.70s
Time for slow pipeline:  55.68s
Time for fast pipeline:  0.02s
Time saving: 99.96%

Based on this we have decided: 
   Slow modules (18):
        consistency
        bbn_consistency
        s8_to_sigma8
        camb
        as_to_log1e10as
        fast_pt
        fits_nz
        lens_photoz_width
camb took: 54.691 seconds
        lens_photoz_bias
        source_photoz_bias
        IA
        pk_to_cl_gg
        pk_to_cl
        add_magnification
        add_intrinsic
        2pt_shear
        2pt_gal
        2pt_gal_shear
   Fast modules (4):
        shear_m_bias
        add_point_mass
        2pt_like
        shear_ratio_like
   Slow parameters (28):
        cosmological_parameters--ombh2
        cosmological_parameters--omch2
        cosmological_parameters--h0
        cosmological_parameters--mnu
        cosmological_parameters--s_8
        cosmological_parameters--n_s
        halo_model_parameters--logt_agn
as_to_log1e10as took: 0.000 seconds
        lens_photoz_errors--width_1
        lens_photoz_errors--width_2
        lens_photoz_errors--width_3
        lens_photoz_errors--width_4
        lens_photoz_errors--bias_1
        lens_photoz_errors--bias_2
        lens_photoz_errors--bias_3
        lens_photoz_errors--bias_4
        wl_photoz_errors--bias_1
        wl_photoz_errors--bias_2
        wl_photoz_errors--bias_3
        wl_photoz_errors--bias_4
        intrinsic_alignment_parameters--a1
        intrinsic_alignment_parameters--a2
        intrinsic_alignment_parameters--alpha1
        intrinsic_alignment_parameters--alpha2
        intrinsic_alignment_parameters--bias_ta
        bias_lens--b1
        bias_lens--b2
        bias_lens--b3
        bias_lens--b4
   Fast parameters (4):
        shear_calibration_parameters--m1
        shear_calibration_parameters--m2
        shear_calibration_parameters--m3
        shear_calibration_parameters--m4


pk_to_cl_gg took: 0.986 seconds
2pt_gal_shear took: 0.116 seconds
shear_m_bias took: 0.002 seconds
add_point_mass took: 0.000 seconds
IA took: 0.030 seconds
pk_to_cl_gg took: 0.980 seconds
IA took: 0.029 seconds
fast_pt took: 0.125 seconds
fits_nz took: 0.000 seconds
lens_photoz_width took: 0.001 seconds
lens_photoz_bias took: 0.001 seconds
source_photoz_bias took: 0.001 seconds
fast_pt took: 0.126 seconds
fits_nz took: 0.000 seconds
lens_photoz_width took: 0.001 seconds
lens_photoz_bias took: 0.001 seconds
fast_pt took: 0.127 seconds
source_photoz_bias took: 0.001 seconds
fits_nz took: 0.000 seconds
lens_photoz_width took: 0.001 seconds
lens_photoz_bias took: 0.001 seconds
source_photoz_bias took: 0.001 seconds
2pt_like took: 0.023 seconds
shear_ratio_like took: 0.001 seconds
Total pipeline time: 55.3 seconds
camb took: 54.576 seconds
as_to_log1e10as took: 0.000 seconds


Parameters first used in each module:
consistency - 5 parameters:
     cosmological_parameters--ombh2
     cosmological_parameters--omch2
     cosmological_parameters--h0
     cosmological_parameters--mnu
     cosmological_parameters--s_8
bbn_consistency - 0 parameters:
s8_to_sigma8 - 0 parameters:
camb - 2 parameters:
     cosmological_parameters--n_s
     halo_model_parameters--logt_agn
as_to_log1e10as - 0 parameters:
fast_pt - 0 parameters:
fits_nz - 0 parameters:
lens_photoz_width - 4 parameters:
     lens_photoz_errors--width_1
     lens_photoz_errors--width_2
     lens_photoz_errors--width_3
     lens_photoz_errors--width_4
lens_photoz_bias - 4 parameters:
     lens_photoz_errors--bias_1
     lens_photoz_errors--bias_2
     lens_photoz_errors--bias_3
     lens_photoz_errors--bias_4
source_photoz_bias - 4 parameters:
     wl_photoz_errors--bias_1
     wl_photoz_errors--bias_2
     wl_photoz_errors--bias_3
     wl_photoz_errors--bias_4
IA - 5 parameters:
     intrinsic_alignment_parameters--a1
     intrinsic_alignment_parameters--a2
     intrinsic_alignment_parameters--alpha1
     intrinsic_alignment_parameters--alpha2
     intrinsic_alignment_parameters--bias_ta
pk_to_cl_gg - 4 parameters:
     bias_lens--b1
     bias_lens--b2
     bias_lens--b3
     bias_lens--b4
pk_to_cl - 0 parameters:
add_magnification - 0 parameters:
add_intrinsic - 0 parameters:
2pt_shear - 0 parameters:
2pt_gal - 0 parameters:
2pt_gal_shear - 0 parameters:
shear_m_bias - 4 parameters:
     shear_calibration_parameters--m1
     shear_calibration_parameters--m2
     shear_calibration_parameters--m3
     shear_calibration_parameters--m4
add_point_mass - 0 parameters:
2pt_like - 0 parameters:
shear_ratio_like - 0 parameters:
Results - 0 parameters:
You manually told me in the parameter file to use module 18 as the first in the fast block
Time for full pipeline:  55.29s
Time for slow pipeline:  55.26s
Time for fast pipeline:  0.03s
Time saving: 99.95%

Based on this we have decided: 
   Slow modules (18):
        consistency
        bbn_consistency
        s8_to_sigma8
        camb
        as_to_log1e10as
        fast_pt
        fits_nz
        lens_photoz_width
        lens_photoz_bias
        source_photoz_bias
        IA
        pk_to_cl_gg
        pk_to_cl
        add_magnification
        add_intrinsic
        2pt_shear
        2pt_gal
        2pt_gal_shear
   Fast modules (4):
        shear_m_bias
        add_point_mass
        2pt_like
        shear_ratio_like
   Slow parameters (28):
        cosmological_parameters--ombh2
        cosmological_parameters--omch2
        cosmological_parameters--h0
        cosmological_parameters--mnu
        cosmological_parameters--s_8
        cosmological_parameters--n_s
        halo_model_parameters--logt_agn
        lens_photoz_errors--width_1
        lens_photoz_errors--width_2
        lens_photoz_errors--width_3
        lens_photoz_errors--width_4
        lens_photoz_errors--bias_1
        lens_photoz_errors--bias_2
        lens_photoz_errors--bias_3
        lens_photoz_errors--bias_4
        wl_photoz_errors--bias_1
        wl_photoz_errors--bias_2
        wl_photoz_errors--bias_3
        wl_photoz_errors--bias_4
        intrinsic_alignment_parameters--a1
        intrinsic_alignment_parameters--a2
        intrinsic_alignment_parameters--alpha1
        intrinsic_alignment_parameters--alpha2
        intrinsic_alignment_parameters--bias_ta
        bias_lens--b1
        bias_lens--b2
        bias_lens--b3
        bias_lens--b4
   Fast parameters (4):
        shear_calibration_parameters--m1
        shear_calibration_parameters--m2
        shear_calibration_parameters--m3
        shear_calibration_parameters--m4


camb took: 54.692 seconds
as_to_log1e10as took: 0.000 seconds
IA took: 0.028 seconds
camb took: 54.474 seconds
as_to_log1e10as took: 0.000 seconds
IA took: 0.029 seconds
IA took: 0.029 seconds
pk_to_cl_gg took: 0.982 seconds
2pt_gal_shear took: 0.108 seconds
shear_m_bias took: 0.002 seconds
add_point_mass took: 0.000 seconds
pk_to_cl_gg took: 1.278 seconds
2pt_gal_shear took: 0.106 seconds
2pt_shear took: 0.091 seconds
shear_m_bias took: 0.002 seconds
add_point_mass took: 0.000 seconds
pk_to_cl_gg took: 1.200 seconds
camb took: 54.673 seconds
as_to_log1e10as took: 0.000 seconds
2pt_like took: 0.020 seconds
shear_ratio_like took: 0.001 seconds
Total pipeline time: 56.6 seconds
camb took: 54.855 seconds
as_to_log1e10as took: 0.000 seconds
fast_pt took: 0.096 seconds
fits_nz took: 0.000 seconds
lens_photoz_width took: 0.001 seconds
lens_photoz_bias took: 0.001 seconds
source_photoz_bias took: 0.001 seconds
2pt_gal_shear took: 0.109 seconds
shear_m_bias took: 0.002 seconds
add_point_mass took: 0.000 seconds
2pt_like took: 0.021 seconds


Parameters first used in each module:
consistency - 5 parameters:
     cosmological_parameters--ombh2
     cosmological_parameters--omch2
     cosmological_parameters--h0
     cosmological_parameters--mnu
     cosmological_parameters--s_8
bbn_consistency - 0 parameters:
s8_to_sigma8 - 0 parameters:
camb - 2 parameters:
     cosmological_parameters--n_s
     halo_model_parameters--logt_agn
as_to_log1e10as - 0 parameters:
fast_pt - 0 parameters:
fits_nz - 0 parameters:
lens_photoz_width - 4 parameters:
     lens_photoz_errors--width_1
     lens_photoz_errors--width_2
     lens_photoz_errors--width_3
     lens_photoz_errors--width_4
lens_photoz_bias - 4 parameters:
     lens_photoz_errors--bias_1
     lens_photoz_errors--bias_2
     lens_photoz_errors--bias_3
     lens_photoz_errors--bias_4
source_photoz_bias - 4 parameters:
     wl_photoz_errors--bias_1
     wl_photoz_errors--bias_2
     wl_photoz_errors--bias_3
     wl_photoz_errors--bias_4
IA - 5 parameters:
     intrinsic_alignment_parameters--a1
     intrinsic_alignment_parameters--a2
     intrinsic_alignment_parameters--alpha1
     intrinsic_alignment_parameters--alpha2
     intrinsic_alignment_parameters--bias_ta
pk_to_cl_gg - 4 parameters:
     bias_lens--b1
     bias_lens--b2
     bias_lens--b3
     bias_lens--b4
pk_to_cl - 0 parameters:
add_magnification - 0 parameters:
add_intrinsic - 0 parameters:
2pt_shear - 0 parameters:
2pt_gal - 0 parameters:
2pt_gal_shear - 0 parameters:
shear_m_bias - 4 parameters:
     shear_calibration_parameters--m1
     shear_calibration_parameters--m2
     shear_calibration_parameters--m3
     shear_calibration_parameters--m4
add_point_mass - 0 parameters:
2pt_like - 0 parameters:
shear_ratio_like - 0 parameters:
Results - 0 parameters:
You manually told me in the parameter file to use module 18 as the first in the fast block
Time for full pipeline:  56.60s
Time for slow pipeline:  56.57s
Time for fast pipeline:  0.02s
Time saving: 99.96%

Based on this we have decided: 
   Slow modules (18):
        consistency
        bbn_consistency
        s8_to_sigma8
        camb
        as_to_log1e10as
        fast_pt
        fits_nz
        lens_photoz_width
        lens_photoz_bias
        source_photoz_bias
        IA
        pk_to_cl_gg
        pk_to_cl
        add_magnification
        add_intrinsic
        2pt_shear
        2pt_gal
        2pt_gal_shear
   Fast modules (4):
        shear_m_bias
        add_point_mass
        2pt_like
        shear_ratio_like
   Slow parameters (28):
        cosmological_parameters--ombh2
shear_ratio_like took: 0.001 seconds
Total pipeline time: 57.4 seconds
        cosmological_parameters--omch2
        cosmological_parameters--h0
        cosmological_parameters--mnu
        cosmological_parameters--s_8
        cosmological_parameters--n_s
        halo_model_parameters--logt_agn
        lens_photoz_errors--width_1
        lens_photoz_errors--width_2
        lens_photoz_errors--width_3
        lens_photoz_errors--width_4
        lens_photoz_errors--bias_1
        lens_photoz_errors--bias_2
        lens_photoz_errors--bias_3
        lens_photoz_errors--bias_4
        wl_photoz_errors--bias_1
        wl_photoz_errors--bias_2
        wl_photoz_errors--bias_3
        wl_photoz_errors--bias_4
        intrinsic_alignment_parameters--a1
        intrinsic_alignment_parameters--a2
        intrinsic_alignment_parameters--alpha1
        intrinsic_alignment_parameters--alpha2
        intrinsic_alignment_parameters--bias_ta
        bias_lens--b1
        bias_lens--b2
        bias_lens--b3
        bias_lens--b4
   Fast parameters (4):
        shear_calibration_parameters--m1
        shear_calibration_parameters--m2
        shear_calibration_parameters--m3
        shear_calibration_parameters--m4


camb took: 55.476 seconds
as_to_log1e10as took: 0.000 seconds
2pt_gal took: 0.027 seconds
camb took: 55.075 seconds
as_to_log1e10as took: 0.000 seconds
camb took: 54.768 seconds
as_to_log1e10as took: 0.000 seconds


Parameters first used in each module:
consistency - 5 parameters:
     cosmological_parameters--ombh2
     cosmological_parameters--omch2
     cosmological_parameters--h0
     cosmological_parameters--mnu
     cosmological_parameters--s_8
bbn_consistency - 0 parameters:
s8_to_sigma8 - 0 parameters:
camb - 2 parameters:
     cosmological_parameters--n_s
     halo_model_parameters--logt_agn
as_to_log1e10as - 0 parameters:
fast_pt - 0 parameters:
fits_nz - 0 parameters:
lens_photoz_width - 4 parameters:
     lens_photoz_errors--width_1
     lens_photoz_errors--width_2
     lens_photoz_errors--width_3
     lens_photoz_errors--width_4
lens_photoz_bias - 4 parameters:
     lens_photoz_errors--bias_1
     lens_photoz_errors--bias_2
     lens_photoz_errors--bias_3
     lens_photoz_errors--bias_4
source_photoz_bias - 4 parameters:
     wl_photoz_errors--bias_1
     wl_photoz_errors--bias_2
     wl_photoz_errors--bias_3
     wl_photoz_errors--bias_4
IA - 5 parameters:
     intrinsic_alignment_parameters--a1
     intrinsic_alignment_parameters--a2
     intrinsic_alignment_parameters--alpha1
     intrinsic_alignment_parameters--alpha2
     intrinsic_alignment_parameters--bias_ta
pk_to_cl_gg - 4 parameters:
     bias_lens--b1
     bias_lens--b2
     bias_lens--b3
     bias_lens--b4
pk_to_cl - 0 parameters:
add_magnification - 0 parameters:
add_intrinsic - 0 parameters:
2pt_shear - 0 parameters:
2pt_gal - 0 parameters:
2pt_gal_shear - 0 parameters:
shear_m_bias - 4 parameters:
     shear_calibration_parameters--m1
     shear_calibration_parameters--m2
     shear_calibration_parameters--m3
     shear_calibration_parameters--m4
add_point_mass - 0 parameters:
2pt_like - 0 parameters:
shear_ratio_like - 0 parameters:
Results - 0 parameters:
You manually told me in the parameter file to use module 18 as the first in the fast block
Time for full pipeline:  57.36s
Time for slow pipeline:  57.34s
Time for fast pipeline:  0.02s
Time saving: 99.96%

Based on this we have decided: 
   Slow modules (18):
        consistency
        bbn_consistency
        s8_to_sigma8
        camb
        as_to_log1e10as
        fast_pt
        fits_nz
        lens_photoz_width
        lens_photoz_bias
        source_photoz_bias
        IA
        pk_to_cl_gg
        pk_to_cl
        add_magnification
        add_intrinsic
        2pt_shear
        2pt_gal
        2pt_gal_shear
   Fast modules (4):
        shear_m_bias
        add_point_mass
        2pt_like
        shear_ratio_like
   Slow parameters (28):
        cosmological_parameters--ombh2
        cosmological_parameters--omch2
        cosmological_parameters--h0
        cosmological_parameters--mnu
        cosmological_parameters--s_8
        cosmological_parameters--n_s
        halo_model_parameters--logt_agn
        lens_photoz_errors--width_1
        lens_photoz_errors--width_2
        lens_photoz_errors--width_3
        lens_photoz_errors--width_4
        lens_photoz_errors--bias_1
        lens_photoz_errors--bias_2
        lens_photoz_errors--bias_3
        lens_photoz_errors--bias_4
        wl_photoz_errors--bias_1
        wl_photoz_errors--bias_2
        wl_photoz_errors--bias_3
        wl_photoz_errors--bias_4
        intrinsic_alignment_parameters--a1
        intrinsic_alignment_parameters--a2
        intrinsic_alignment_parameters--alpha1
        intrinsic_alignment_parameters--alpha2
        intrinsic_alignment_parameters--bias_ta
        bias_lens--b1
        bias_lens--b2
        bias_lens--b3
        bias_lens--b4
   Fast parameters (4):
        shear_calibration_parameters--m1
        shear_calibration_parameters--m2
        shear_calibration_parameters--m3
        shear_calibration_parameters--m4


2pt_like took: 0.020 seconds
shear_ratio_like took: 0.001 seconds
Total pipeline time: 57.6 seconds
pk_to_cl_gg took: 0.897 seconds
fast_pt took: 0.093 seconds
fits_nz took: 0.000 seconds
IA took: 0.026 seconds
lens_photoz_width took: 0.001 seconds
lens_photoz_bias took: 0.001 seconds
source_photoz_bias took: 0.001 seconds
fast_pt took: 0.129 seconds
fits_nz took: 0.000 seconds
fast_pt took: 0.137 seconds
fits_nz took: 0.000 seconds
lens_photoz_width took: 0.001 seconds
lens_photoz_bias took: 0.001 seconds
lens_photoz_width took: 0.001 seconds


Parameters first used in each module:
consistency - 5 parameters:
     cosmological_parameters--ombh2
     cosmological_parameters--omch2
     cosmological_parameters--h0
     cosmological_parameters--mnu
     cosmological_parameters--s_8
bbn_consistency - 0 parameters:
s8_to_sigma8 - 0 parameters:
camb - 2 parameters:
     cosmological_parameters--n_s
     halo_model_parameters--logt_agn
as_to_log1e10as - 0 parameters:
fast_pt - 0 parameters:
fits_nz - 0 parameters:
lens_photoz_width - 4 parameters:
     lens_photoz_errors--width_1
     lens_photoz_errors--width_2
     lens_photoz_errors--width_3
     lens_photoz_errors--width_4
lens_photoz_bias - 4 parameters:
     lens_photoz_errors--bias_1
     lens_photoz_errors--bias_2
     lens_photoz_errors--bias_3
     lens_photoz_errors--bias_4
source_photoz_bias - 4 parameters:
     wl_photoz_errors--bias_1
     wl_photoz_errors--bias_2
     wl_photoz_errors--bias_3
     wl_photoz_errors--bias_4
IA - 5 parameters:
     intrinsic_alignment_parameters--a1
     intrinsic_alignment_parameters--a2
     intrinsic_alignment_parameters--alpha1
     intrinsic_alignment_parameters--alpha2
     intrinsic_alignment_parameters--bias_ta
pk_to_cl_gg - 4 parameters:
     bias_lens--b1
     bias_lens--b2
     bias_lens--b3
     bias_lens--b4
pk_to_cl - 0 parameters:
add_magnification - 0 parameters:
add_intrinsic - 0 parameters:
2pt_shear - 0 parameters:
2pt_gal - 0 parameters:
2pt_gal_shear - 0 parameters:
shear_m_bias - 4 parameters:
     shear_calibration_parameters--m1
     shear_calibration_parameters--m2
     shear_calibration_parameters--m3
     shear_calibration_parameters--m4
add_point_mass - 0 parameters:
2pt_like - 0 parameters:
shear_ratio_like - 0 parameters:
Results - 0 parameters:
You manually told me in the parameter file to use module 18 as the first in the fast block
Time for full pipeline:  57.64s
Time for slow pipeline:  57.61s
Time for fast pipeline:  0.02s
Time saving: 99.96%

Based on this we have decided: 
   Slow modules (18):
        consistency
        bbn_consistency
        s8_to_sigma8
        camb
        as_to_log1e10as
        fast_pt
        fits_nz
        lens_photoz_width
        lens_photoz_bias
        source_photoz_bias
        IA
        pk_to_cl_gg
        pk_to_cl
        add_magnification
        add_intrinsic
        2pt_shear
        2pt_gal
        2pt_gal_shear
   Fast modules (4):
        shear_m_bias
        add_point_mass
        2pt_like
        shear_ratio_like
   Slow parameters (28):
        cosmological_parameters--ombh2
        cosmological_parameters--omch2
        cosmological_parameters--h0
        cosmological_parameters--mnu
        cosmological_parameters--s_8
        cosmological_parameters--n_s
        halo_model_parameters--logt_agn
        lens_photoz_errors--width_1
        lens_photoz_errors--width_2
        lens_photoz_errors--width_3
        lens_photoz_errors--width_4
        lens_photoz_errors--bias_1
        lens_photoz_errors--bias_2
        lens_photoz_errors--bias_3
        lens_photoz_errors--bias_4
        wl_photoz_errors--bias_1
        wl_photoz_errors--bias_2
        wl_photoz_errors--bias_3
        wl_photoz_errors--bias_4
        intrinsic_alignment_parameters--a1
        intrinsic_alignment_parameters--a2
        intrinsic_alignment_parameters--alpha1
        intrinsic_alignment_parameters--alpha2
        intrinsic_alignment_parameters--bias_ta
        bias_lens--b1
        bias_lens--b2
        bias_lens--b3
        bias_lens--b4
   Fast parameters (4):
        shear_calibration_parameters--m1
        shear_calibration_parameters--m2
        shear_calibration_parameters--m3
        shear_calibration_parameters--m4


source_photoz_bias took: 0.001 seconds
lens_photoz_bias took: 0.001 seconds
source_photoz_bias took: 0.001 seconds
fast_pt took: 0.093 seconds
fast_pt took: 0.091 seconds
fits_nz took: 0.000 seconds
fits_nz took: 0.000 seconds
lens_photoz_width took: 0.001 seconds
lens_photoz_width took: 0.001 seconds
lens_photoz_bias took: 0.001 seconds
lens_photoz_bias took: 0.001 seconds
source_photoz_bias took: 0.001 seconds
source_photoz_bias took: 0.000 seconds
IA took: 0.026 seconds
IA took: 0.017 seconds
IA took: 0.032 seconds
IA took: 0.026 seconds
IA took: 0.033 seconds
fast_pt took: 0.089 seconds
fits_nz took: 0.000 seconds
lens_photoz_width took: 0.001 seconds
lens_photoz_bias took: 0.001 seconds
source_photoz_bias took: 0.000 seconds
pk_to_cl_gg took: 0.960 seconds
fast_pt took: 0.090 seconds
fits_nz took: 0.000 seconds
camb took: 54.853 seconds
as_to_log1e10as took: 0.000 seconds
lens_photoz_width took: 0.001 seconds
lens_photoz_bias took: 0.001 seconds
source_photoz_bias took: 0.001 seconds
pk_to_cl_gg took: 0.933 seconds
IA took: 0.025 seconds
fast_pt took: 0.109 seconds
fits_nz took: 0.000 seconds
lens_photoz_width took: 0.001 seconds
lens_photoz_bias took: 0.001 seconds
source_photoz_bias took: 0.001 seconds
2pt_gal_shear took: 0.105 seconds
fast_pt took: 0.101 seconds
fits_nz took: 0.000 seconds
lens_photoz_width took: 0.001 seconds
shear_m_bias took: 0.002 seconds
add_point_mass took: 0.000 seconds
lens_photoz_bias took: 0.001 seconds
source_photoz_bias took: 0.001 seconds
pk_to_cl took: 0.518 seconds
Using two grades of parameter speed in polychord.
Telling Polychord to spend fraction 0.1 if its time in the fast subspace (adjust with fast_fraction option)
Polychord num_repeats = 74  (from parameter file)
add_magnification took: 0.005 seconds
IA took: 0.024 seconds
add_intrinsic took: 0.002 seconds
fast_pt took: 0.116 seconds
fits_nz took: 0.000 seconds
lens_photoz_width took: 0.001 seconds
lens_photoz_bias took: 0.001 seconds
source_photoz_bias took: 0.001 seconds
IA took: 0.025 seconds
2pt_like took: 0.019 seconds
shear_ratio_like took: 0.001 seconds
Total pipeline time: 55.9 seconds
IA took: 0.024 seconds
pk_to_cl_gg took: 1.128 seconds
camb took: 54.828 seconds
as_to_log1e10as took: 0.000 seconds


Parameters first used in each module:
consistency - 5 parameters:
     cosmological_parameters--ombh2
     cosmological_parameters--omch2
     cosmological_parameters--h0
     cosmological_parameters--mnu
     cosmological_parameters--s_8
bbn_consistency - 0 parameters:
s8_to_sigma8 - 0 parameters:
camb - 2 parameters:
     cosmological_parameters--n_s
     halo_model_parameters--logt_agn
as_to_log1e10as - 0 parameters:
fast_pt - 0 parameters:
fits_nz - 0 parameters:
lens_photoz_width - 4 parameters:
     lens_photoz_errors--width_1
     lens_photoz_errors--width_2
     lens_photoz_errors--width_3
     lens_photoz_errors--width_4
lens_photoz_bias - 4 parameters:
     lens_photoz_errors--bias_1
     lens_photoz_errors--bias_2
     lens_photoz_errors--bias_3
     lens_photoz_errors--bias_4
source_photoz_bias - 4 parameters:
     wl_photoz_errors--bias_1
     wl_photoz_errors--bias_2
     wl_photoz_errors--bias_3
     wl_photoz_errors--bias_4
IA - 5 parameters:
     intrinsic_alignment_parameters--a1
     intrinsic_alignment_parameters--a2
     intrinsic_alignment_parameters--alpha1
     intrinsic_alignment_parameters--alpha2
     intrinsic_alignment_parameters--bias_ta
pk_to_cl_gg - 4 parameters:
     bias_lens--b1
     bias_lens--b2
     bias_lens--b3
     bias_lens--b4
pk_to_cl - 0 parameters:
add_magnification - 0 parameters:
add_intrinsic - 0 parameters:
2pt_shear - 0 parameters:
2pt_gal - 0 parameters:
2pt_gal_shear - 0 parameters:
shear_m_bias - 4 parameters:
     shear_calibration_parameters--m1
     shear_calibration_parameters--m2
     shear_calibration_parameters--m3
     shear_calibration_parameters--m4
add_point_mass - 0 parameters:
2pt_like - 0 parameters:
shear_ratio_like - 0 parameters:
Results - 0 parameters:
You manually told me in the parameter file to use module 18 as the first in the fast block
Time for full pipeline:  55.85s
Time for slow pipeline:  55.83s
Time for fast pipeline:  0.02s
Time saving: 99.96%

Based on this we have decided: 
   Slow modules (18):
        consistency
        bbn_consistency
        s8_to_sigma8
        camb
        as_to_log1e10as
        fast_pt
        fits_nz
        lens_photoz_width
        lens_photoz_bias
        source_photoz_bias
        IA
        pk_to_cl_gg
        pk_to_cl
        add_magnification
        add_intrinsic
        2pt_shear
        2pt_gal
        2pt_gal_shear
   Fast modules (4):
        shear_m_bias
        add_point_mass
        2pt_like
        shear_ratio_like
   Slow parameters (28):
        cosmological_parameters--ombh2
        cosmological_parameters--omch2
        cosmological_parameters--h0
        cosmological_parameters--mnu
        cosmological_parameters--s_8
        cosmological_parameters--n_s
        halo_model_parameters--logt_agn
        lens_photoz_errors--width_1
        lens_photoz_errors--width_2
        lens_photoz_errors--width_3
        lens_photoz_errors--width_4
        lens_photoz_errors--bias_1
        lens_photoz_errors--bias_2
        lens_photoz_errors--bias_3
        lens_photoz_errors--bias_4
        wl_photoz_errors--bias_1
        wl_photoz_errors--bias_2
        wl_photoz_errors--bias_3
        wl_photoz_errors--bias_4
        intrinsic_alignment_parameters--a1
        intrinsic_alignment_parameters--a2
        intrinsic_alignment_parameters--alpha1
        intrinsic_alignment_parameters--alpha2
        intrinsic_alignment_parameters--bias_ta
        bias_lens--b1
        bias_lens--b2
        bias_lens--b3
        bias_lens--b4
   Fast parameters (4):
        shear_calibration_parameters--m1
        shear_calibration_parameters--m2
        shear_calibration_parameters--m3
        shear_calibration_parameters--m4


Using two grades of parameter speed in polychord.
Telling Polychord to spend fraction 0.1 if its time in the fast subspace (adjust with fast_fraction option)
Polychord num_repeats = 74  (from parameter file)
IA took: 0.025 seconds
pk_to_cl_gg took: 0.899 seconds
pk_to_cl_gg took: 1.334 seconds
pk_to_cl_gg took: 0.899 seconds
pk_to_cl_gg took: 0.911 seconds
pk_to_cl_gg took: 0.909 seconds
Using two grades of parameter speed in polychord.
Telling Polychord to spend fraction 0.1 if its time in the fast subspace (adjust with fast_fraction option)
Polychord num_repeats = 74  (from parameter file)
fast_pt took: 0.095 seconds
fits_nz took: 0.000 seconds
camb took: 55.757 seconds
as_to_log1e10as took: 0.000 seconds
lens_photoz_width took: 0.001 seconds
pk_to_cl took: 0.479 seconds
lens_photoz_bias took: 0.001 seconds
source_photoz_bias took: 0.001 seconds
pk_to_cl_gg took: 0.928 seconds
add_magnification took: 0.005 seconds
add_intrinsic took: 0.002 seconds
pk_to_cl_gg took: 0.898 seconds
2pt_shear took: 0.093 seconds
pk_to_cl_gg took: 1.245 seconds
IA took: 0.033 seconds
pk_to_cl_gg took: 0.907 seconds
2pt_gal took: 0.028 seconds
fast_pt took: 0.112 seconds
fits_nz took: 0.000 seconds
lens_photoz_width took: 0.001 seconds
lens_photoz_bias took: 0.001 seconds
source_photoz_bias took: 0.000 seconds
camb took: 54.598 seconds
as_to_log1e10as took: 0.000 seconds
camb took: 54.574 seconds
as_to_log1e10as took: 0.000 seconds
camb took: 55.323 seconds
as_to_log1e10as took: 0.000 seconds
pk_to_cl_gg took: 1.253 seconds
IA took: 0.024 seconds
fast_pt took: 0.090 seconds
Using two grades of parameter speed in polychord.
Telling Polychord to spend fraction 0.1 if its time in the fast subspace (adjust with fast_fraction option)
fits_nz took: 0.000 seconds
Polychord num_repeats = 74  (from parameter file)
lens_photoz_width took: 0.001 seconds
lens_photoz_bias took: 0.001 seconds
source_photoz_bias took: 0.001 seconds
Using two grades of parameter speed in polychord.
Telling Polychord to spend fraction 0.1 if its time in the fast subspace (adjust with fast_fraction option)
Polychord num_repeats = 74  (from parameter file)
camb took: 55.441 seconds
as_to_log1e10as took: 0.000 seconds
Using two grades of parameter speed in polychord.
Telling Polychord to spend fraction 0.1 if its time in the fast subspace (adjust with fast_fraction option)
Polychord num_repeats = 74  (from parameter file)
2pt_shear took: 0.092 seconds
camb took: 53.525 seconds
as_to_log1e10as took: 0.000 seconds
IA took: 0.024 seconds
pk_to_cl_gg took: 1.059 seconds
2pt_gal took: 0.027 seconds
pk_to_cl took: 0.466 seconds
fast_pt took: 0.090 seconds
fits_nz took: 0.000 seconds
lens_photoz_width took: 0.001 seconds
pk_to_cl took: 0.479 seconds
lens_photoz_bias took: 0.001 seconds
source_photoz_bias took: 0.000 seconds
add_magnification took: 0.005 seconds
2pt_gal_shear took: 0.107 seconds
shear_m_bias took: 0.002 seconds
add_point_mass took: 0.000 seconds
add_intrinsic took: 0.002 seconds
add_magnification took: 0.005 seconds
add_intrinsic took: 0.002 seconds
pk_to_cl took: 0.475 seconds
pk_to_cl took: 0.478 seconds
add_magnification took: 0.005 seconds
IA took: 0.023 seconds
add_magnification took: 0.005 seconds
add_intrinsic took: 0.003 seconds
2pt_like took: 0.022 seconds
shear_ratio_like took: 0.001 seconds
Total pipeline time: 55.8 seconds
add_intrinsic took: 0.003 seconds
pk_to_cl took: 0.476 seconds
add_magnification took: 0.005 seconds
fast_pt took: 0.088 seconds
fits_nz took: 0.000 seconds
pk_to_cl took: 0.476 seconds
fast_pt took: 0.091 seconds
fits_nz took: 0.000 seconds
lens_photoz_width took: 0.001 seconds
lens_photoz_width took: 0.001 seconds
lens_photoz_bias took: 0.001 seconds
lens_photoz_bias took: 0.001 seconds
add_intrinsic took: 0.002 seconds
source_photoz_bias took: 0.001 seconds
pk_to_cl_gg took: 0.889 seconds
source_photoz_bias took: 0.001 seconds
add_magnification took: 0.005 seconds


Parameters first used in each module:
consistency - 5 parameters:
     cosmological_parameters--ombh2
     cosmological_parameters--omch2
     cosmological_parameters--h0
     cosmological_parameters--mnu
     cosmological_parameters--s_8
bbn_consistency - 0 parameters:
s8_to_sigma8 - 0 parameters:
camb - 2 parameters:
     cosmological_parameters--n_s
     halo_model_parameters--logt_agn
as_to_log1e10as - 0 parameters:
fast_pt - 0 parameters:
fits_nz - 0 parameters:
lens_photoz_width - 4 parameters:
     lens_photoz_errors--width_1
     lens_photoz_errors--width_2
     lens_photoz_errors--width_3
     lens_photoz_errors--width_4
lens_photoz_bias - 4 parameters:
     lens_photoz_errors--bias_1
     lens_photoz_errors--bias_2
     lens_photoz_errors--bias_3
     lens_photoz_errors--bias_4
source_photoz_bias - 4 parameters:
     wl_photoz_errors--bias_1
     wl_photoz_errors--bias_2
     wl_photoz_errors--bias_3
     wl_photoz_errors--bias_4
IA - 5 parameters:
     intrinsic_alignment_parameters--a1
     intrinsic_alignment_parameters--a2
     intrinsic_alignment_parameters--alpha1
     intrinsic_alignment_parameters--alpha2
     intrinsic_alignment_parameters--bias_ta
pk_to_cl_gg - 4 parameters:
     bias_lens--b1
     bias_lens--b2
     bias_lens--b3
     bias_lens--b4
pk_to_cl - 0 parameters:
add_magnification - 0 parameters:
add_intrinsic - 0 parameters:
2pt_shear - 0 parameters:
2pt_gal - 0 parameters:
2pt_gal_shear - 0 parameters:
shear_m_bias - 4 parameters:
     shear_calibration_parameters--m1
     shear_calibration_parameters--m2
     shear_calibration_parameters--m3
     shear_calibration_parameters--m4
add_point_mass - 0 parameters:
2pt_like - 0 parameters:
shear_ratio_like - 0 parameters:
Results - 0 parameters:
You manually told me in the parameter file to use module 18 as the first in the fast block
Time for full pipeline:  55.84s
Time for slow pipeline:  55.82s
Time for fast pipeline:  0.02s
Time saving: 99.96%

Based on this we have decided: 
   Slow modules (18):
        consistency
        bbn_consistency
        s8_to_sigma8
        camb
        as_to_log1e10as
        fast_pt
        fits_nz
        lens_photoz_width
        lens_photoz_bias
        source_photoz_bias
        IA
        pk_to_cl_gg
        pk_to_cl
        add_magnification
        add_intrinsic
        2pt_shear
        2pt_gal
        2pt_gal_shear
   Fast modules (4):
        shear_m_bias
        add_point_mass
        2pt_like
        shear_ratio_like
   Slow parameters (28):
        cosmological_parameters--ombh2
        cosmological_parameters--omch2
        cosmological_parameters--h0
        cosmological_parameters--mnu
        cosmological_parameters--s_8
        cosmological_parameters--n_s
        halo_model_parameters--logt_agn
        lens_photoz_errors--width_1
        lens_photoz_errors--width_2
        lens_photoz_errors--width_3
        lens_photoz_errors--width_4
        lens_photoz_errors--bias_1
        lens_photoz_errors--bias_2
        lens_photoz_errors--bias_3
        lens_photoz_errors--bias_4
        wl_photoz_errors--bias_1
        wl_photoz_errors--bias_2
        wl_photoz_errors--bias_3
        wl_photoz_errors--bias_4
        intrinsic_alignment_parameters--a1
        intrinsic_alignment_parameters--a2
        intrinsic_alignment_parameters--alpha1
        intrinsic_alignment_parameters--alpha2
        intrinsic_alignment_parameters--bias_ta
        bias_lens--b1
        bias_lens--b2
Using two grades of parameter speed in polychord.
Telling Polychord to spend fraction 0.1 if its time in the fast subspace (adjust with fast_fraction option)
        bias_lens--b3
        bias_lens--b4
   Fast parameters (4):
        shear_calibration_parameters--m1
        shear_calibration_parameters--m2
        shear_calibration_parameters--m3
        shear_calibration_parameters--m4


add_intrinsic took: 0.002 seconds
Polychord num_repeats = 74  (from parameter file)
fast_pt took: 0.124 seconds
fits_nz took: 0.000 seconds
lens_photoz_width took: 0.001 seconds
lens_photoz_bias took: 0.001 seconds
source_photoz_bias took: 0.001 seconds
camb took: 55.288 seconds
as_to_log1e10as took: 0.000 seconds
pk_to_cl_gg took: 0.944 seconds
pk_to_cl took: 0.706 seconds
IA took: 0.024 seconds
IA took: 0.025 seconds
add_magnification took: 0.007 seconds
fast_pt took: 0.138 seconds
fits_nz took: 0.000 seconds
lens_photoz_width took: 0.001 seconds
add_intrinsic took: 0.004 seconds
lens_photoz_bias took: 0.001 seconds
pk_to_cl_gg took: 1.220 seconds
source_photoz_bias took: 0.001 seconds
pk_to_cl_gg took: 0.945 seconds
camb took: 53.424 seconds
as_to_log1e10as took: 0.000 seconds
IA took: 0.029 seconds
2pt_gal_shear took: 0.106 seconds
shear_m_bias took: 0.002 seconds
add_point_mass took: 0.000 seconds
pk_to_cl_gg took: 0.888 seconds
2pt_shear took: 0.090 seconds
2pt_like took: 0.020 seconds
shear_ratio_like took: 0.001 seconds
Total pipeline time: 57.2 seconds
2pt_shear took: 0.092 seconds
IA took: 0.032 seconds
pk_to_cl took: 0.497 seconds
add_magnification took: 0.005 seconds


Parameters first used in each module:
consistency - 5 parameters:
     cosmological_parameters--ombh2
     cosmological_parameters--omch2
     cosmological_parameters--h0
     cosmological_parameters--mnu
     cosmological_parameters--s_8
bbn_consistency - 0 parameters:
s8_to_sigma8 - 0 parameters:
camb - 2 parameters:
     cosmological_parameters--n_s
     halo_model_parameters--logt_agn
as_to_log1e10as - 0 parameters:
fast_pt - 0 parameters:
fits_nz - 0 parameters:
lens_photoz_width - 4 parameters:
     lens_photoz_errors--width_1
     lens_photoz_errors--width_2
     lens_photoz_errors--width_3
     lens_photoz_errors--width_4
lens_photoz_bias - 4 parameters:
     lens_photoz_errors--bias_1
     lens_photoz_errors--bias_2
     lens_photoz_errors--bias_3
     lens_photoz_errors--bias_4
source_photoz_bias - 4 parameters:
     wl_photoz_errors--bias_1
     wl_photoz_errors--bias_2
     wl_photoz_errors--bias_3
     wl_photoz_errors--bias_4
IA - 5 parameters:
     intrinsic_alignment_parameters--a1
     intrinsic_alignment_parameters--a2
     intrinsic_alignment_parameters--alpha1
     intrinsic_alignment_parameters--alpha2
     intrinsic_alignment_parameters--bias_ta
pk_to_cl_gg - 4 parameters:
     bias_lens--b1
     bias_lens--b2
     bias_lens--b3
     bias_lens--b4
pk_to_cl - 0 parameters:
add_magnification - 0 parameters:
add_intrinsic - 0 parameters:
2pt_shear - 0 parameters:
2pt_gal - 0 parameters:
2pt_gal_shear - 0 parameters:
shear_m_bias - 4 parameters:
     shear_calibration_parameters--m1
     shear_calibration_parameters--m2
     shear_calibration_parameters--m3
     shear_calibration_parameters--m4
add_point_mass - 0 parameters:
2pt_like - 0 parameters:
shear_ratio_like - 0 parameters:
Results - 0 parameters:
You manually told me in the parameter file to use module 18 as the first in the fast block
Time for full pipeline:  57.15s
Time for slow pipeline:  57.13s
Time for fast pipeline:  0.02s
Time saving: 99.96%

Based on this we have decided: 
   Slow modules (18):
        consistency
        bbn_consistency
        s8_to_sigma8
        camb
        as_to_log1e10as
        fast_pt
        fits_nz
        lens_photoz_width
        lens_photoz_bias
        source_photoz_bias
        IA
        pk_to_cl_gg
        pk_to_cl
        add_magnification
        add_intrinsic
        2pt_shear
        2pt_gal
        2pt_gal_shear
   Fast modules (4):
        shear_m_bias
        add_point_mass
        2pt_like
        shear_ratio_like
   Slow parameters (28):
        cosmological_parameters--ombh2
        cosmological_parameters--omch2
        cosmological_parameters--h0
        cosmological_parameters--mnu
        cosmological_parameters--s_8
        cosmological_parameters--n_s
        halo_model_parameters--logt_agn
        lens_photoz_errors--width_1
        lens_photoz_errors--width_2
        lens_photoz_errors--width_3
        lens_photoz_errors--width_4
        lens_photoz_errors--bias_1
        lens_photoz_errors--bias_2
        lens_photoz_errors--bias_3
        lens_photoz_errors--bias_4
        wl_photoz_errors--bias_1
        wl_photoz_errors--bias_2
        wl_photoz_errors--bias_3
        wl_photoz_errors--bias_4
        intrinsic_alignment_parameters--a1
        intrinsic_alignment_parameters--a2
        intrinsic_alignment_parameters--alpha1
        intrinsic_alignment_parameters--alpha2
        intrinsic_alignment_parameters--bias_ta
        bias_lens--b1
        bias_lens--b2
        bias_lens--b3
        bias_lens--b4
   Fast parameters (4):
        shear_calibration_parameters--m1
        shear_calibration_parameters--m2
        shear_calibration_parameters--m3
        shear_calibration_parameters--m4


add_intrinsic took: 0.002 seconds
pk_to_cl took: 0.480 seconds
add_magnification took: 0.005 seconds
2pt_shear took: 0.093 seconds
camb took: 54.205 seconds
as_to_log1e10as took: 0.000 seconds
add_intrinsic took: 0.002 seconds
2pt_shear took: 0.094 seconds
2pt_gal took: 0.027 seconds
pk_to_cl_gg took: 1.204 seconds
2pt_gal took: 0.027 seconds
2pt_shear took: 0.094 seconds
2pt_shear took: 0.093 seconds
fast_pt took: 0.090 seconds
fits_nz took: 0.000 seconds
lens_photoz_width took: 0.001 seconds
lens_photoz_bias took: 0.001 seconds
pk_to_cl_gg took: 0.898 seconds
source_photoz_bias took: 0.001 seconds
2pt_gal took: 0.027 seconds
2pt_gal took: 0.027 seconds
pk_to_cl took: 0.480 seconds
camb took: 55.790 seconds
as_to_log1e10as took: 0.000 seconds
2pt_gal took: 0.028 seconds
add_magnification took: 0.005 seconds
add_intrinsic took: 0.002 seconds
2pt_gal took: 0.027 seconds
pk_to_cl_gg took: 1.263 seconds
camb took: 55.180 seconds
as_to_log1e10as took: 0.000 seconds
IA took: 0.025 seconds
pk_to_cl_gg took: 1.061 seconds
camb took: 55.043 seconds
as_to_log1e10as took: 0.000 seconds
fast_pt took: 0.117 seconds
fits_nz took: 0.000 seconds
pk_to_cl took: 0.566 seconds
lens_photoz_width took: 0.001 seconds
lens_photoz_bias took: 0.001 seconds
source_photoz_bias took: 0.001 seconds
pk_to_cl_gg took: 0.903 seconds
2pt_shear took: 0.126 seconds
add_magnification took: 0.005 seconds
add_intrinsic took: 0.002 seconds
2pt_shear took: 0.092 seconds
camb took: 54.822 seconds
as_to_log1e10as took: 0.000 seconds
fast_pt took: 0.089 seconds
fits_nz took: 0.000 seconds
lens_photoz_width took: 0.001 seconds
lens_photoz_bias took: 0.001 seconds
source_photoz_bias took: 0.000 seconds
2pt_shear took: 0.093 seconds
pk_to_cl took: 0.471 seconds
add_magnification took: 0.005 seconds
IA took: 0.028 seconds
camb took: 55.663 seconds
as_to_log1e10as took: 0.000 seconds
add_intrinsic took: 0.002 seconds
2pt_gal_shear took: 0.105 seconds
pk_to_cl took: 0.476 seconds
shear_m_bias took: 0.002 seconds
add_point_mass took: 0.000 seconds
camb took: 55.811 seconds
as_to_log1e10as took: 0.000 seconds
2pt_gal took: 0.028 seconds
2pt_gal took: 0.037 seconds
add_magnification took: 0.005 seconds
2pt_gal_shear took: 0.107 seconds
add_intrinsic took: 0.002 seconds
pk_to_cl_gg took: 1.246 seconds
shear_m_bias took: 0.002 seconds
add_point_mass took: 0.000 seconds
IA took: 0.025 seconds
2pt_gal took: 0.028 seconds
2pt_like took: 0.020 seconds
shear_ratio_like took: 0.001 seconds
Total pipeline time: 56.6 seconds
2pt_shear took: 0.092 seconds
pk_to_cl_gg took: 0.906 seconds
2pt_gal_shear took: 0.107 seconds
shear_m_bias took: 0.002 seconds
2pt_like took: 0.020 seconds
add_point_mass took: 0.000 seconds
shear_ratio_like took: 0.001 seconds
Total pipeline time: 57.2 seconds
2pt_gal_shear took: 0.107 seconds
shear_m_bias took: 0.002 seconds
add_point_mass took: 0.000 seconds


Parameters first used in each module:
consistency - 5 parameters:
     cosmological_parameters--ombh2
     cosmological_parameters--omch2
     cosmological_parameters--h0
     cosmological_parameters--mnu
     cosmological_parameters--s_8
bbn_consistency - 0 parameters:
s8_to_sigma8 - 0 parameters:
camb - 2 parameters:
     cosmological_parameters--n_s
     halo_model_parameters--logt_agn
as_to_log1e10as - 0 parameters:
fast_pt - 0 parameters:
fits_nz - 0 parameters:
lens_photoz_width - 4 parameters:
     lens_photoz_errors--width_1
     lens_photoz_errors--width_2
     lens_photoz_errors--width_3
     lens_photoz_errors--width_4
lens_photoz_bias - 4 parameters:
     lens_photoz_errors--bias_1
     lens_photoz_errors--bias_2
     lens_photoz_errors--bias_3
     lens_photoz_errors--bias_4
source_photoz_bias - 4 parameters:
     wl_photoz_errors--bias_1
     wl_photoz_errors--bias_2
     wl_photoz_errors--bias_3
     wl_photoz_errors--bias_4
IA - 5 parameters:
     intrinsic_alignment_parameters--a1
     intrinsic_alignment_parameters--a2
     intrinsic_alignment_parameters--alpha1
     intrinsic_alignment_parameters--alpha2
     intrinsic_alignment_parameters--bias_ta
pk_to_cl_gg - 4 parameters:
     bias_lens--b1
     bias_lens--b2
     bias_lens--b3
     bias_lens--b4
pk_to_cl - 0 parameters:
add_magnification - 0 parameters:
add_intrinsic - 0 parameters:
2pt_shear - 0 parameters:
2pt_gal - 0 parameters:
2pt_gal_shear - 0 parameters:
shear_m_bias - 4 parameters:
     shear_calibration_parameters--m1
     shear_calibration_parameters--m2
     shear_calibration_parameters--m3
     shear_calibration_parameters--m4
add_point_mass - 0 parameters:
2pt_like - 0 parameters:
shear_ratio_like - 0 parameters:
Results - 0 parameters:
You manually told me in the parameter file to use module 18 as the first in the fast block
Time for full pipeline:  56.59s
Time for slow pipeline:  56.56s
Time for fast pipeline:  0.02s
Time saving: 99.96%

Based on this we have decided: 
   Slow modules (18):
        consistency
        bbn_consistency
        s8_to_sigma8
        camb
        as_to_log1e10as
        fast_pt
        fits_nz
        lens_photoz_width
        lens_photoz_bias
        source_photoz_bias
        IA
        pk_to_cl_gg
        pk_to_cl
        add_magnification
        add_intrinsic
        2pt_shear
        2pt_gal
        2pt_gal_shear
   Fast modules (4):
        shear_m_bias
        add_point_mass
        2pt_like
        shear_ratio_like
   Slow parameters (28):
        cosmological_parameters--ombh2
        cosmological_parameters--omch2
        cosmological_parameters--h0
        cosmological_parameters--mnu
        cosmological_parameters--s_8
        cosmological_parameters--n_s
        halo_model_parameters--logt_agn
        lens_photoz_errors--width_1
        lens_photoz_errors--width_2
        lens_photoz_errors--width_3
        lens_photoz_errors--width_4
        lens_photoz_errors--bias_1
        lens_photoz_errors--bias_2
        lens_photoz_errors--bias_3
        lens_photoz_errors--bias_4
        wl_photoz_errors--bias_1
        wl_photoz_errors--bias_2
        wl_photoz_errors--bias_3
        wl_photoz_errors--bias_4
        intrinsic_alignment_parameters--a1
        intrinsic_alignment_parameters--a2
        intrinsic_alignment_parameters--alpha1
        intrinsic_alignment_parameters--alpha2
        intrinsic_alignment_parameters--bias_ta
        bias_lens--b1
        bias_lens--b2
        bias_lens--b3
        bias_lens--b4
   Fast parameters (4):
        shear_calibration_parameters--m1
        shear_calibration_parameters--m2
        shear_calibration_parameters--m3
        shear_calibration_parameters--m4




Parameters first used in each module:
consistency - 5 parameters:
     cosmological_parameters--ombh2
     cosmological_parameters--omch2
     cosmological_parameters--h0
     cosmological_parameters--mnu
     cosmological_parameters--s_8
bbn_consistency - 0 parameters:
s8_to_sigma8 - 0 parameters:
camb - 2 parameters:
     cosmological_parameters--n_s
     halo_model_parameters--logt_agn
as_to_log1e10as - 0 parameters:
fast_pt - 0 parameters:
fits_nz - 0 parameters:
lens_photoz_width - 4 parameters:
     lens_photoz_errors--width_1
     lens_photoz_errors--width_2
     lens_photoz_errors--width_3
     lens_photoz_errors--width_4
lens_photoz_bias - 4 parameters:
     lens_photoz_errors--bias_1
     lens_photoz_errors--bias_2
     lens_photoz_errors--bias_3
     lens_photoz_errors--bias_4
source_photoz_bias - 4 parameters:
     wl_photoz_errors--bias_1
     wl_photoz_errors--bias_2
     wl_photoz_errors--bias_3
     wl_photoz_errors--bias_4
IA - 5 parameters:
     intrinsic_alignment_parameters--a1
     intrinsic_alignment_parameters--a2
     intrinsic_alignment_parameters--alpha1
     intrinsic_alignment_parameters--alpha2
     intrinsic_alignment_parameters--bias_ta
pk_to_cl_gg - 4 parameters:
     bias_lens--b1
     bias_lens--b2
     bias_lens--b3
     bias_lens--b4
pk_to_cl - 0 parameters:
add_magnification - 0 parameters:
add_intrinsic - 0 parameters:
2pt_shear - 0 parameters:
2pt_gal - 0 parameters:
2pt_gal_shear - 0 parameters:
shear_m_bias - 4 parameters:
     shear_calibration_parameters--m1
     shear_calibration_parameters--m2
     shear_calibration_parameters--m3
     shear_calibration_parameters--m4
add_point_mass - 0 parameters:
2pt_like - 0 parameters:
shear_ratio_like - 0 parameters:
Results - 0 parameters:
You manually told me in the parameter file to use module 18 as the first in the fast block
Time for full pipeline:  57.24s
Time for slow pipeline:  57.21s
Time for fast pipeline:  0.02s
Time saving: 99.96%

Based on this we have decided: 
   Slow modules (18):
        consistency
        bbn_consistency
        s8_to_sigma8
        camb
        as_to_log1e10as
        fast_pt
        fits_nz
        lens_photoz_width
        lens_photoz_bias
        source_photoz_bias
        IA
        pk_to_cl_gg
        pk_to_cl
        add_magnification
        add_intrinsic
        2pt_shear
        2pt_gal
        2pt_gal_shear
   Fast modules (4):
        shear_m_bias
        add_point_mass
        2pt_like
        shear_ratio_like
   Slow parameters (28):
        cosmological_parameters--ombh2
        cosmological_parameters--omch2
        cosmological_parameters--h0
        cosmological_parameters--mnu
        cosmological_parameters--s_8
        cosmological_parameters--n_s
        halo_model_parameters--logt_agn
        lens_photoz_errors--width_1
        lens_photoz_errors--width_2
        lens_photoz_errors--width_3
        lens_photoz_errors--width_4
        lens_photoz_errors--bias_1
        lens_photoz_errors--bias_2
        lens_photoz_errors--bias_3
        lens_photoz_errors--bias_4
        wl_photoz_errors--bias_1
        wl_photoz_errors--bias_2
        wl_photoz_errors--bias_3
        wl_photoz_errors--bias_4
        intrinsic_alignment_parameters--a1
        intrinsic_alignment_parameters--a2
        intrinsic_alignment_parameters--alpha1
        intrinsic_alignment_parameters--alpha2
        intrinsic_alignment_parameters--bias_ta
        bias_lens--b1
        bias_lens--b2
        bias_lens--b3
        bias_lens--b4
   Fast parameters (4):
        shear_calibration_parameters--m1
        shear_calibration_parameters--m2
        shear_calibration_parameters--m3
        shear_calibration_parameters--m4


2pt_gal_shear took: 0.109 seconds
pk_to_cl_gg took: 1.165 seconds
shear_m_bias took: 0.002 seconds
add_point_mass took: 0.000 seconds
2pt_gal_shear took: 0.107 seconds
camb took: 55.907 seconds
as_to_log1e10as took: 0.000 seconds
pk_to_cl took: 0.480 seconds
shear_m_bias took: 0.002 seconds
add_point_mass took: 0.000 seconds
fast_pt took: 0.092 seconds
fits_nz took: 0.000 seconds
lens_photoz_width took: 0.001 seconds
lens_photoz_bias took: 0.001 seconds
add_magnification took: 0.005 seconds
source_photoz_bias took: 0.001 seconds
2pt_like took: 0.021 seconds
shear_ratio_like took: 0.001 seconds
Total pipeline time: 56.0 seconds
add_intrinsic took: 0.002 seconds
2pt_like took: 0.021 seconds
shear_ratio_like took: 0.001 seconds
Total pipeline time: 55.7 seconds
2pt_gal took: 0.028 seconds
fast_pt took: 0.131 seconds
pk_to_cl took: 0.481 seconds
camb took: 55.801 seconds
as_to_log1e10as took: 0.000 seconds
fits_nz took: 0.001 seconds


Parameters first used in each module:
consistency - 5 parameters:
     cosmological_parameters--ombh2
     cosmological_parameters--omch2
     cosmological_parameters--h0
     cosmological_parameters--mnu
     cosmological_parameters--s_8
bbn_consistency - 0 parameters:
s8_to_sigma8 - 0 parameters:
camb - 2 parameters:
     cosmological_parameters--n_s
     halo_model_parameters--logt_agn
as_to_log1e10as - 0 parameters:
fast_pt - 0 parameters:
fits_nz - 0 parameters:
lens_photoz_width - 4 parameters:
     lens_photoz_errors--width_1
     lens_photoz_errors--width_2
     lens_photoz_errors--width_3
     lens_photoz_errors--width_4
lens_photoz_bias - 4 parameters:
     lens_photoz_errors--bias_1
     lens_photoz_errors--bias_2
     lens_photoz_errors--bias_3
     lens_photoz_errors--bias_4
source_photoz_bias - 4 parameters:
     wl_photoz_errors--bias_1
     wl_photoz_errors--bias_2
     wl_photoz_errors--bias_3
     wl_photoz_errors--bias_4
IA - 5 parameters:
     intrinsic_alignment_parameters--a1
     intrinsic_alignment_parameters--a2
     intrinsic_alignment_parameters--alpha1
     intrinsic_alignment_parameters--alpha2
     intrinsic_alignment_parameters--bias_ta
pk_to_cl_gg - 4 parameters:
     bias_lens--b1
     bias_lens--b2
     bias_lens--b3
     bias_lens--b4
pk_to_cl - 0 parameters:
add_magnification - 0 parameters:
add_intrinsic - 0 parameters:
2pt_shear - 0 parameters:
2pt_gal - 0 parameters:
2pt_gal_shear - 0 parameters:
shear_m_bias - 4 parameters:
     shear_calibration_parameters--m1
     shear_calibration_parameters--m2
     shear_calibration_parameters--m3
     shear_calibration_parameters--m4
add_point_mass - 0 parameters:
2pt_like - 0 parameters:
shear_ratio_like - 0 parameters:
Results - 0 parameters:
You manually told me in the parameter file to use module 18 as the first in the fast block
Time for full pipeline:  55.98s
Time for slow pipeline:  55.96s
Time for fast pipeline:  0.02s
Time saving: 99.96%

Based on this we have decided: 
   Slow modules (18):
        consistency
        bbn_consistency
        s8_to_sigma8
        camb
        as_to_log1e10as
        fast_pt
        fits_nz
        lens_photoz_width
        lens_photoz_bias
        source_photoz_bias
        IA
        pk_to_cl_gg
        pk_to_cl
        add_magnification
        add_intrinsic
        2pt_shear
        2pt_gal
        2pt_gal_shear
   Fast modules (4):
        shear_m_bias
        add_point_mass
        2pt_like
        shear_ratio_like
   Slow parameters (28):
        cosmological_parameters--ombh2
        cosmological_parameters--omch2
        cosmological_parameters--h0
        cosmological_parameters--mnu
        cosmological_parameters--s_8
        cosmological_parameters--n_s
        halo_model_parameters--logt_agn
pk_to_cl_gg took: 1.312 seconds
        lens_photoz_errors--width_1
        lens_photoz_errors--width_2
        lens_photoz_errors--width_3
        lens_photoz_errors--width_4
        lens_photoz_errors--bias_1
        lens_photoz_errors--bias_2
        lens_photoz_errors--bias_3
        lens_photoz_errors--bias_4
        wl_photoz_errors--bias_1
        wl_photoz_errors--bias_2
        wl_photoz_errors--bias_3
        wl_photoz_errors--bias_4
        intrinsic_alignment_parameters--a1
        intrinsic_alignment_parameters--a2
        intrinsic_alignment_parameters--alpha1
        intrinsic_alignment_parameters--alpha2
        intrinsic_alignment_parameters--bias_ta
        bias_lens--b1
        bias_lens--b2
        bias_lens--b3
        bias_lens--b4
   Fast parameters (4):
        shear_calibration_parameters--m1
        shear_calibration_parameters--m2
        shear_calibration_parameters--m3
        shear_calibration_parameters--m4


lens_photoz_width took: 0.002 seconds
2pt_like took: 0.021 seconds
lens_photoz_bias took: 0.001 seconds
2pt_shear took: 0.092 seconds
shear_ratio_like took: 0.001 seconds
Total pipeline time: 56.0 seconds


Parameters first used in each module:
consistency - 5 parameters:
     cosmological_parameters--ombh2
     cosmological_parameters--omch2
     cosmological_parameters--h0
     cosmological_parameters--mnu
     cosmological_parameters--s_8
bbn_consistency - 0 parameters:
s8_to_sigma8 - 0 parameters:
camb - 2 parameters:
     cosmological_parameters--n_s
     halo_model_parameters--logt_agn
as_to_log1e10as - 0 parameters:
fast_pt - 0 parameters:
fits_nz - 0 parameters:
lens_photoz_width - 4 parameters:
     lens_photoz_errors--width_1
     lens_photoz_errors--width_2
     lens_photoz_errors--width_3
     lens_photoz_errors--width_4
lens_photoz_bias - 4 parameters:
     lens_photoz_errors--bias_1
     lens_photoz_errors--bias_2
     lens_photoz_errors--bias_3
     lens_photoz_errors--bias_4
source_photoz_bias - 4 parameters:
     wl_photoz_errors--bias_1
     wl_photoz_errors--bias_2
     wl_photoz_errors--bias_3
     wl_photoz_errors--bias_4
IA - 5 parameters:
     intrinsic_alignment_parameters--a1
     intrinsic_alignment_parameters--a2
     intrinsic_alignment_parameters--alpha1
     intrinsic_alignment_parameters--alpha2
     intrinsic_alignment_parameters--bias_ta
pk_to_cl_gg - 4 parameters:
     bias_lens--b1
     bias_lens--b2
     bias_lens--b3
     bias_lens--b4
pk_to_cl - 0 parameters:
add_magnification - 0 parameters:
add_intrinsic - 0 parameters:
2pt_shear - 0 parameters:
2pt_gal - 0 parameters:
2pt_gal_shear - 0 parameters:
shear_m_bias - 4 parameters:
     shear_calibration_parameters--m1
     shear_calibration_parameters--m2
     shear_calibration_parameters--m3
     shear_calibration_parameters--m4
add_point_mass - 0 parameters:
2pt_like - 0 parameters:
shear_ratio_like - 0 parameters:
Results - 0 parameters:
You manually told me in the parameter file to use module 18 as the first in the fast block
Time for full pipeline:  55.73s
Time for slow pipeline:  55.71s
Time for fast pipeline:  0.02s
Time saving: 99.96%

Based on this we have decided: 
   Slow modules (18):
        consistency
        bbn_consistency
        s8_to_sigma8
        camb
        as_to_log1e10as
        fast_pt
        fits_nz
        lens_photoz_width
source_photoz_bias took: 0.001 seconds
        lens_photoz_bias
        source_photoz_bias
        IA
        pk_to_cl_gg
        pk_to_cl
        add_magnification
        add_intrinsic
        2pt_shear
        2pt_gal
        2pt_gal_shear
   Fast modules (4):
        shear_m_bias
        add_point_mass
        2pt_like
        shear_ratio_like
   Slow parameters (28):
        cosmological_parameters--ombh2
        cosmological_parameters--omch2
        cosmological_parameters--h0
        cosmological_parameters--mnu
        cosmological_parameters--s_8
        cosmological_parameters--n_s
        halo_model_parameters--logt_agn
        lens_photoz_errors--width_1
        lens_photoz_errors--width_2
        lens_photoz_errors--width_3
        lens_photoz_errors--width_4
        lens_photoz_errors--bias_1
        lens_photoz_errors--bias_2
        lens_photoz_errors--bias_3
        lens_photoz_errors--bias_4
        wl_photoz_errors--bias_1
        wl_photoz_errors--bias_2
        wl_photoz_errors--bias_3
        wl_photoz_errors--bias_4
        intrinsic_alignment_parameters--a1
        intrinsic_alignment_parameters--a2
        intrinsic_alignment_parameters--alpha1
        intrinsic_alignment_parameters--alpha2
        intrinsic_alignment_parameters--bias_ta
        bias_lens--b1
        bias_lens--b2
        bias_lens--b3
        bias_lens--b4
   Fast parameters (4):
        shear_calibration_parameters--m1
        shear_calibration_parameters--m2
        shear_calibration_parameters--m3
        shear_calibration_parameters--m4


2pt_like took: 0.021 seconds
shear_ratio_like took: 0.001 seconds
Total pipeline time: 56.4 seconds
add_magnification took: 0.006 seconds
fast_pt took: 0.127 seconds
fits_nz took: 0.000 seconds
add_intrinsic took: 0.003 seconds
lens_photoz_width took: 0.001 seconds
lens_photoz_bias took: 0.001 seconds
source_photoz_bias took: 0.001 seconds


Parameters first used in each module:
consistency - 5 parameters:
     cosmological_parameters--ombh2
     cosmological_parameters--omch2
     cosmological_parameters--h0
     cosmological_parameters--mnu
     cosmological_parameters--s_8
bbn_consistency - 0 parameters:
s8_to_sigma8 - 0 parameters:
camb - 2 parameters:
     cosmological_parameters--n_s
     halo_model_parameters--logt_agn
as_to_log1e10as - 0 parameters:
fast_pt - 0 parameters:
fits_nz - 0 parameters:
lens_photoz_width - 4 parameters:
     lens_photoz_errors--width_1
     lens_photoz_errors--width_2
     lens_photoz_errors--width_3
     lens_photoz_errors--width_4
lens_photoz_bias - 4 parameters:
     lens_photoz_errors--bias_1
     lens_photoz_errors--bias_2
     lens_photoz_errors--bias_3
     lens_photoz_errors--bias_4
source_photoz_bias - 4 parameters:
     wl_photoz_errors--bias_1
     wl_photoz_errors--bias_2
IA took: 0.024 seconds
     wl_photoz_errors--bias_3
     wl_photoz_errors--bias_4
IA - 5 parameters:
     intrinsic_alignment_parameters--a1
     intrinsic_alignment_parameters--a2
     intrinsic_alignment_parameters--alpha1
     intrinsic_alignment_parameters--alpha2
     intrinsic_alignment_parameters--bias_ta
pk_to_cl_gg - 4 parameters:
     bias_lens--b1
     bias_lens--b2
     bias_lens--b3
     bias_lens--b4
pk_to_cl - 0 parameters:
add_magnification - 0 parameters:
add_intrinsic - 0 parameters:
2pt_shear - 0 parameters:
2pt_gal - 0 parameters:
2pt_gal_shear - 0 parameters:
shear_m_bias - 4 parameters:
     shear_calibration_parameters--m1
     shear_calibration_parameters--m2
     shear_calibration_parameters--m3
     shear_calibration_parameters--m4
add_point_mass - 0 parameters:
2pt_like - 0 parameters:
shear_ratio_like - 0 parameters:
Results - 0 parameters:
You manually told me in the parameter file to use module 18 as the first in the fast block
Time for full pipeline:  56.01s
Time for slow pipeline:  55.99s
Time for fast pipeline:  0.02s
Time saving: 99.96%

Based on this we have decided: 
   Slow modules (18):
        consistency
        bbn_consistency
        s8_to_sigma8
        camb
        as_to_log1e10as
        fast_pt
        fits_nz
        lens_photoz_width
        lens_photoz_bias
        source_photoz_bias
        IA
        pk_to_cl_gg
        pk_to_cl
        add_magnification
        add_intrinsic
        2pt_shear
        2pt_gal
        2pt_gal_shear
   Fast modules (4):
        shear_m_bias
        add_point_mass
        2pt_like
        shear_ratio_like
   Slow parameters (28):
        cosmological_parameters--ombh2
        cosmological_parameters--omch2
        cosmological_parameters--h0
        cosmological_parameters--mnu
        cosmological_parameters--s_8
        cosmological_parameters--n_s
        halo_model_parameters--logt_agn
        lens_photoz_errors--width_1
        lens_photoz_errors--width_2
        lens_photoz_errors--width_3
        lens_photoz_errors--width_4
        lens_photoz_errors--bias_1
        lens_photoz_errors--bias_2
        lens_photoz_errors--bias_3
        lens_photoz_errors--bias_4
        wl_photoz_errors--bias_1
        wl_photoz_errors--bias_2
        wl_photoz_errors--bias_3
        wl_photoz_errors--bias_4
        intrinsic_alignment_parameters--a1
        intrinsic_alignment_parameters--a2
        intrinsic_alignment_parameters--alpha1
        intrinsic_alignment_parameters--alpha2
        intrinsic_alignment_parameters--bias_ta
        bias_lens--b1
        bias_lens--b2
        bias_lens--b3
        bias_lens--b4
   Fast parameters (4):
        shear_calibration_parameters--m1
        shear_calibration_parameters--m2
        shear_calibration_parameters--m3
        shear_calibration_parameters--m4


pk_to_cl took: 0.475 seconds


Parameters first used in each module:
consistency - 5 parameters:
     cosmological_parameters--ombh2
     cosmological_parameters--omch2
     cosmological_parameters--h0
     cosmological_parameters--mnu
     cosmological_parameters--s_8
bbn_consistency - 0 parameters:
s8_to_sigma8 - 0 parameters:
camb - 2 parameters:
     cosmological_parameters--n_s
     halo_model_parameters--logt_agn
as_to_log1e10as - 0 parameters:
fast_pt - 0 parameters:
fits_nz - 0 parameters:
lens_photoz_width - 4 parameters:
     lens_photoz_errors--width_1
     lens_photoz_errors--width_2
     lens_photoz_errors--width_3
     lens_photoz_errors--width_4
lens_photoz_bias - 4 parameters:
     lens_photoz_errors--bias_1
     lens_photoz_errors--bias_2
     lens_photoz_errors--bias_3
     lens_photoz_errors--bias_4
source_photoz_bias - 4 parameters:
     wl_photoz_errors--bias_1
     wl_photoz_errors--bias_2
     wl_photoz_errors--bias_3
     wl_photoz_errors--bias_4
IA - 5 parameters:
     intrinsic_alignment_parameters--a1
     intrinsic_alignment_parameters--a2
     intrinsic_alignment_parameters--alpha1
     intrinsic_alignment_parameters--alpha2
     intrinsic_alignment_parameters--bias_ta
pk_to_cl_gg - 4 parameters:
     bias_lens--b1
     bias_lens--b2
     bias_lens--b3
     bias_lens--b4
pk_to_cl - 0 parameters:
add_magnification - 0 parameters:
add_intrinsic - 0 parameters:
2pt_shear - 0 parameters:
2pt_gal - 0 parameters:
2pt_gal_shear - 0 parameters:
shear_m_bias - 4 parameters:
     shear_calibration_parameters--m1
     shear_calibration_parameters--m2
     shear_calibration_parameters--m3
     shear_calibration_parameters--m4
add_point_mass - 0 parameters:
2pt_like - 0 parameters:
shear_ratio_like - 0 parameters:
Results - 0 parameters:
You manually told me in the parameter file to use module 18 as the first in the fast block
Time for full pipeline:  56.43s
Time for slow pipeline:  56.41s
Time for fast pipeline:  0.02s
Time saving: 99.96%

Based on this we have decided: 
   Slow modules (18):
        consistency
        bbn_consistency
        s8_to_sigma8
        camb
        as_to_log1e10as
        fast_pt
        fits_nz
        lens_photoz_width
        lens_photoz_bias
        source_photoz_bias
        IA
        pk_to_cl_gg
        pk_to_cl
        add_magnification
        add_intrinsic
        2pt_shear
        2pt_gal
        2pt_gal_shear
   Fast modules (4):
        shear_m_bias
        add_point_mass
        2pt_like
        shear_ratio_like
   Slow parameters (28):
        cosmological_parameters--ombh2
        cosmological_parameters--omch2
        cosmological_parameters--h0
        cosmological_parameters--mnu
        cosmological_parameters--s_8
        cosmological_parameters--n_s
        halo_model_parameters--logt_agn
        lens_photoz_errors--width_1
        lens_photoz_errors--width_2
        lens_photoz_errors--width_3
        lens_photoz_errors--width_4
        lens_photoz_errors--bias_1
        lens_photoz_errors--bias_2
        lens_photoz_errors--bias_3
        lens_photoz_errors--bias_4
        wl_photoz_errors--bias_1
        wl_photoz_errors--bias_2
        wl_photoz_errors--bias_3
        wl_photoz_errors--bias_4
camb took: 54.084 seconds
as_to_log1e10as took: 0.000 seconds
        intrinsic_alignment_parameters--a1
        intrinsic_alignment_parameters--a2
        intrinsic_alignment_parameters--alpha1
        intrinsic_alignment_parameters--alpha2
        intrinsic_alignment_parameters--bias_ta
        bias_lens--b1
        bias_lens--b2
        bias_lens--b3
        bias_lens--b4
   Fast parameters (4):
        shear_calibration_parameters--m1
        shear_calibration_parameters--m2
        shear_calibration_parameters--m3
        shear_calibration_parameters--m4


add_magnification took: 0.005 seconds
add_intrinsic took: 0.003 seconds
fast_pt took: 0.091 seconds
fits_nz took: 0.000 seconds
lens_photoz_width took: 0.001 seconds
lens_photoz_bias took: 0.001 seconds
source_photoz_bias took: 0.001 seconds
2pt_shear took: 0.094 seconds
IA took: 0.018 seconds
pk_to_cl took: 0.484 seconds
2pt_gal took: 0.027 seconds
pk_to_cl took: 0.486 seconds
pk_to_cl took: 0.473 seconds
add_magnification took: 0.005 seconds
Using two grades of parameter speed in polychord.
Telling Polychord to spend fraction 0.1 if its time in the fast subspace (adjust with fast_fraction option)
Polychord num_repeats = 74  (from parameter file)
add_magnification took: 0.005 seconds
camb took: 54.264 seconds
as_to_log1e10as took: 0.000 seconds
add_magnification took: 0.005 seconds
IA took: 0.034 seconds
add_intrinsic took: 0.002 seconds
pk_to_cl_gg took: 1.162 seconds
2pt_shear took: 0.092 seconds
add_intrinsic took: 0.002 seconds
add_intrinsic took: 0.002 seconds
fast_pt took: 0.125 seconds
fits_nz took: 0.000 seconds
lens_photoz_width took: 0.001 seconds
lens_photoz_bias took: 0.001 seconds
source_photoz_bias took: 0.001 seconds
pk_to_cl_gg took: 0.904 seconds
IA took: 0.026 seconds
2pt_gal took: 0.028 seconds
2pt_gal_shear took: 0.110 seconds
pk_to_cl took: 0.497 seconds
pk_to_cl_gg took: 0.897 seconds
shear_m_bias took: 0.002 seconds
add_point_mass took: 0.000 seconds
2pt_gal took: 0.027 seconds
pk_to_cl_gg took: 1.241 seconds
Using two grades of parameter speed in polychord.
Telling Polychord to spend fraction 0.1 if its time in the fast subspace (adjust with fast_fraction option)
Polychord num_repeats = 74  (from parameter file)
add_magnification took: 0.006 seconds
2pt_gal_shear took: 0.130 seconds
add_intrinsic took: 0.003 seconds
pk_to_cl_gg took: 0.988 seconds
shear_m_bias took: 0.003 seconds
add_point_mass took: 0.000 seconds
IA took: 0.029 seconds
camb took: 55.450 seconds
as_to_log1e10as took: 0.000 seconds
pk_to_cl took: 0.486 seconds
fast_pt took: 0.141 seconds
fits_nz took: 0.000 seconds
lens_photoz_width took: 0.002 seconds
2pt_shear took: 0.095 seconds
2pt_like took: 0.021 seconds
lens_photoz_bias took: 0.001 seconds
shear_ratio_like took: 0.001 seconds
Total pipeline time: 57.3 seconds
source_photoz_bias took: 0.001 seconds
add_magnification took: 0.006 seconds
fast_pt took: 0.091 seconds
fits_nz took: 0.000 seconds
add_intrinsic took: 0.003 seconds
lens_photoz_width took: 0.001 seconds
2pt_gal_shear took: 0.148 seconds
lens_photoz_bias took: 0.001 seconds
source_photoz_bias took: 0.001 seconds
shear_m_bias took: 0.003 seconds
add_point_mass took: 0.000 seconds


Parameters first used in each module:
consistency - 5 parameters:
     cosmological_parameters--ombh2
     cosmological_parameters--omch2
     cosmological_parameters--h0
     cosmological_parameters--mnu
     cosmological_parameters--s_8
bbn_consistency - 0 parameters:
s8_to_sigma8 - 0 parameters:
camb - 2 parameters:
     cosmological_parameters--n_s
     halo_model_parameters--logt_agn
as_to_log1e10as - 0 parameters:
fast_pt - 0 parameters:
fits_nz - 0 parameters:
lens_photoz_width - 4 parameters:
     lens_photoz_errors--width_1
     lens_photoz_errors--width_2
     lens_photoz_errors--width_3
     lens_photoz_errors--width_4
lens_photoz_bias - 4 parameters:
     lens_photoz_errors--bias_1
     lens_photoz_errors--bias_2
     lens_photoz_errors--bias_3
     lens_photoz_errors--bias_4
source_photoz_bias - 4 parameters:
     wl_photoz_errors--bias_1
     wl_photoz_errors--bias_2
     wl_photoz_errors--bias_3
     wl_photoz_errors--bias_4
IA - 5 parameters:
     intrinsic_alignment_parameters--a1
     intrinsic_alignment_parameters--a2
     intrinsic_alignment_parameters--alpha1
     intrinsic_alignment_parameters--alpha2
     intrinsic_alignment_parameters--bias_ta
pk_to_cl_gg - 4 parameters:
     bias_lens--b1
     bias_lens--b2
     bias_lens--b3
     bias_lens--b4
pk_to_cl - 0 parameters:
add_magnification - 0 parameters:
add_intrinsic - 0 parameters:
2pt_shear - 0 parameters:
2pt_gal - 0 parameters:
2pt_gal_shear - 0 parameters:
shear_m_bias - 4 parameters:
     shear_calibration_parameters--m1
     shear_calibration_parameters--m2
     shear_calibration_parameters--m3
     shear_calibration_parameters--m4
add_point_mass - 0 parameters:
2pt_like - 0 parameters:
shear_ratio_like - 0 parameters:
Results - 0 parameters:
You manually told me in the parameter file to use module 18 as the first in the fast block
Time for full pipeline:  57.34s
Time for slow pipeline:  57.32s
Time for fast pipeline:  0.02s
Time saving: 99.96%

Based on this we have decided: 
   Slow modules (18):
        consistency
        bbn_consistency
        s8_to_sigma8
        camb
        as_to_log1e10as
        fast_pt
        fits_nz
        lens_photoz_width
        lens_photoz_bias
        source_photoz_bias
        IA
        pk_to_cl_gg
        pk_to_cl
        add_magnification
        add_intrinsic
        2pt_shear
        2pt_gal
        2pt_gal_shear
   Fast modules (4):
        shear_m_bias
        add_point_mass
        2pt_like
        shear_ratio_like
   Slow parameters (28):
        cosmological_parameters--ombh2
        cosmological_parameters--omch2
        cosmological_parameters--h0
        cosmological_parameters--mnu
        cosmological_parameters--s_8
        cosmological_parameters--n_s
        halo_model_parameters--logt_agn
        lens_photoz_errors--width_1
        lens_photoz_errors--width_2
        lens_photoz_errors--width_3
        lens_photoz_errors--width_4
        lens_photoz_errors--bias_1
        lens_photoz_errors--bias_2
        lens_photoz_errors--bias_3
        lens_photoz_errors--bias_4
        wl_photoz_errors--bias_1
        wl_photoz_errors--bias_2
        wl_photoz_errors--bias_3
        wl_photoz_errors--bias_4
        intrinsic_alignment_parameters--a1
        intrinsic_alignment_parameters--a2
        intrinsic_alignment_parameters--alpha1
        intrinsic_alignment_parameters--alpha2
        intrinsic_alignment_parameters--bias_ta
        bias_lens--b1
        bias_lens--b2
        bias_lens--b3
        bias_lens--b4
   Fast parameters (4):
        shear_calibration_parameters--m1
        shear_calibration_parameters--m2
        shear_calibration_parameters--m3
        shear_calibration_parameters--m4


2pt_gal_shear took: 0.107 seconds
shear_m_bias took: 0.002 seconds
add_point_mass took: 0.000 seconds
2pt_like took: 0.026 seconds
pk_to_cl_gg took: 0.900 seconds
shear_ratio_like took: 0.001 seconds
Total pipeline time: 55.4 seconds
IA took: 0.015 seconds
pk_to_cl_gg took: 0.915 seconds
2pt_gal took: 0.029 seconds
fast_pt took: 0.133 seconds
fits_nz took: 0.000 seconds
pk_to_cl_gg took: 0.905 seconds
fast_pt took: 0.101 seconds
fits_nz took: 0.000 seconds
lens_photoz_width took: 0.001 seconds
lens_photoz_width took: 0.001 seconds
lens_photoz_bias took: 0.001 seconds
lens_photoz_bias took: 0.001 seconds
2pt_shear took: 0.096 seconds
source_photoz_bias took: 0.001 seconds
source_photoz_bias took: 0.000 seconds


Parameters first used in each module:
consistency - 5 parameters:
     cosmological_parameters--ombh2
     cosmological_parameters--omch2
     cosmological_parameters--h0
     cosmological_parameters--mnu
     cosmological_parameters--s_8
bbn_consistency - 0 parameters:
s8_to_sigma8 - 0 parameters:
camb - 2 parameters:
2pt_like took: 0.023 seconds
     cosmological_parameters--n_s
     halo_model_parameters--logt_agn
as_to_log1e10as - 0 parameters:
fast_pt - 0 parameters:
fits_nz - 0 parameters:
lens_photoz_width - 4 parameters:
     lens_photoz_errors--width_1
     lens_photoz_errors--width_2
     lens_photoz_errors--width_3
     lens_photoz_errors--width_4
lens_photoz_bias - 4 parameters:
     lens_photoz_errors--bias_1
     lens_photoz_errors--bias_2
     lens_photoz_errors--bias_3
     lens_photoz_errors--bias_4
source_photoz_bias - 4 parameters:
     wl_photoz_errors--bias_1
     wl_photoz_errors--bias_2
     wl_photoz_errors--bias_3
     wl_photoz_errors--bias_4
IA - 5 parameters:
     intrinsic_alignment_parameters--a1
     intrinsic_alignment_parameters--a2
     intrinsic_alignment_parameters--alpha1
     intrinsic_alignment_parameters--alpha2
     intrinsic_alignment_parameters--bias_ta
pk_to_cl_gg - 4 parameters:
     bias_lens--b1
     bias_lens--b2
     bias_lens--b3
     bias_lens--b4
pk_to_cl - 0 parameters:
add_magnification - 0 parameters:
add_intrinsic - 0 parameters:
2pt_shear - 0 parameters:
2pt_gal - 0 parameters:
2pt_gal_shear - 0 parameters:
shear_m_bias - 4 parameters:
     shear_calibration_parameters--m1
     shear_calibration_parameters--m2
     shear_calibration_parameters--m3
     shear_calibration_parameters--m4
add_point_mass - 0 parameters:
2pt_like - 0 parameters:
shear_ratio_like - 0 parameters:
Results - 0 parameters:
You manually told me in the parameter file to use module 18 as the first in the fast block
Time for full pipeline:  55.44s
Time for slow pipeline:  55.41s
Time for fast pipeline:  0.03s
Time saving: 99.95%

Based on this we have decided: 
   Slow modules (18):
        consistency
        bbn_consistency
        s8_to_sigma8
        camb
        as_to_log1e10as
        fast_pt
        fits_nz
        lens_photoz_width
        lens_photoz_bias
        source_photoz_bias
        IA
        pk_to_cl_gg
        pk_to_cl
        add_magnification
        add_intrinsic
        2pt_shear
        2pt_gal
        2pt_gal_shear
   Fast modules (4):
        shear_m_bias
        add_point_mass
        2pt_like
        shear_ratio_like
   Slow parameters (28):
        cosmological_parameters--ombh2
        cosmological_parameters--omch2
        cosmological_parameters--h0
        cosmological_parameters--mnu
        cosmological_parameters--s_8
        cosmological_parameters--n_s
        halo_model_parameters--logt_agn
        lens_photoz_errors--width_1
        lens_photoz_errors--width_2
        lens_photoz_errors--width_3
        lens_photoz_errors--width_4
        lens_photoz_errors--bias_1
        lens_photoz_errors--bias_2
        lens_photoz_errors--bias_3
        lens_photoz_errors--bias_4
        wl_photoz_errors--bias_1
        wl_photoz_errors--bias_2
        wl_photoz_errors--bias_3
        wl_photoz_errors--bias_4
        intrinsic_alignment_parameters--a1
        intrinsic_alignment_parameters--a2
        intrinsic_alignment_parameters--alpha1
        intrinsic_alignment_parameters--alpha2
        intrinsic_alignment_parameters--bias_ta
        bias_lens--b1
camb took: 54.804 seconds
as_to_log1e10as took: 0.000 seconds
        bias_lens--b2
        bias_lens--b3
        bias_lens--b4
   Fast parameters (4):
        shear_calibration_parameters--m1
        shear_calibration_parameters--m2
        shear_calibration_parameters--m3
        shear_calibration_parameters--m4


IA took: 0.033 seconds
shear_ratio_like took: 0.001 seconds
Total pipeline time: 57.3 seconds
2pt_like took: 0.020 seconds
shear_ratio_like took: 0.001 seconds
Total pipeline time: 56.6 seconds
fast_pt took: 0.089 seconds
fits_nz took: 0.000 seconds
lens_photoz_width took: 0.001 seconds
lens_photoz_bias took: 0.001 seconds
source_photoz_bias took: 0.000 seconds
2pt_shear took: 0.122 seconds
pk_to_cl_gg took: 0.922 seconds


Parameters first used in each module:
consistency - 5 parameters:
     cosmological_parameters--ombh2
     cosmological_parameters--omch2
     cosmological_parameters--h0
     cosmological_parameters--mnu
     cosmological_parameters--s_8
bbn_consistency - 0 parameters:
s8_to_sigma8 - 0 parameters:
camb - 2 parameters:
     cosmological_parameters--n_s
     halo_model_parameters--logt_agn
as_to_log1e10as - 0 parameters:
fast_pt - 0 parameters:
fits_nz - 0 parameters:
lens_photoz_width - 4 parameters:
     lens_photoz_errors--width_1
     lens_photoz_errors--width_2
     lens_photoz_errors--width_3
     lens_photoz_errors--width_4
lens_photoz_bias - 4 parameters:
     lens_photoz_errors--bias_1
     lens_photoz_errors--bias_2
     lens_photoz_errors--bias_3
     lens_photoz_errors--bias_4
source_photoz_bias - 4 parameters:
     wl_photoz_errors--bias_1
     wl_photoz_errors--bias_2
     wl_photoz_errors--bias_3
     wl_photoz_errors--bias_4
IA - 5 parameters:
     intrinsic_alignment_parameters--a1
     intrinsic_alignment_parameters--a2
     intrinsic_alignment_parameters--alpha1
     intrinsic_alignment_parameters--alpha2
     intrinsic_alignment_parameters--bias_ta
pk_to_cl_gg - 4 parameters:
     bias_lens--b1
     bias_lens--b2
     bias_lens--b3
     bias_lens--b4
pk_to_cl - 0 parameters:
add_magnification - 0 parameters:
add_intrinsic - 0 parameters:
2pt_shear - 0 parameters:
2pt_gal - 0 parameters:
2pt_gal_shear - 0 parameters:
shear_m_bias - 4 parameters:
     shear_calibration_parameters--m1
     shear_calibration_parameters--m2
     shear_calibration_parameters--m3
     shear_calibration_parameters--m4
add_point_mass - 0 parameters:
2pt_like - 0 parameters:
shear_ratio_like - 0 parameters:
Results - 0 parameters:
2pt_shear took: 0.093 seconds
You manually told me in the parameter file to use module 18 as the first in the fast block
Time for full pipeline:  56.55s
Time for slow pipeline:  56.53s
Time for fast pipeline:  0.02s
Time saving: 99.96%

Based on this we have decided: 
   Slow modules (18):
        consistency
        bbn_consistency
        s8_to_sigma8
        camb
        as_to_log1e10as
        fast_pt
        fits_nz
        lens_photoz_width
        lens_photoz_bias
        source_photoz_bias
        IA
        pk_to_cl_gg
        pk_to_cl
        add_magnification
        add_intrinsic
        2pt_shear
        2pt_gal
        2pt_gal_shear
   Fast modules (4):
        shear_m_bias
        add_point_mass
        2pt_like
        shear_ratio_like
   Slow parameters (28):
        cosmological_parameters--ombh2
        cosmological_parameters--omch2
        cosmological_parameters--h0
        cosmological_parameters--mnu
        cosmological_parameters--s_8
        cosmological_parameters--n_s
        halo_model_parameters--logt_agn
        lens_photoz_errors--width_1
        lens_photoz_errors--width_2
        lens_photoz_errors--width_3
        lens_photoz_errors--width_4
        lens_photoz_errors--bias_1
        lens_photoz_errors--bias_2
        lens_photoz_errors--bias_3
        lens_photoz_errors--bias_4
        wl_photoz_errors--bias_1
        wl_photoz_errors--bias_2
        wl_photoz_errors--bias_3
        wl_photoz_errors--bias_4
        intrinsic_alignment_parameters--a1
        intrinsic_alignment_parameters--a2
        intrinsic_alignment_parameters--alpha1
        intrinsic_alignment_parameters--alpha2
        intrinsic_alignment_parameters--bias_ta
        bias_lens--b1
        bias_lens--b2
        bias_lens--b3
        bias_lens--b4
   Fast parameters (4):
        shear_calibration_parameters--m1
        shear_calibration_parameters--m2
        shear_calibration_parameters--m3
        shear_calibration_parameters--m4


2pt_shear took: 0.094 seconds
IA took: 0.015 seconds
2pt_shear took: 0.096 seconds


Parameters first used in each module:
consistency - 5 parameters:
     cosmological_parameters--ombh2
     cosmological_parameters--omch2
     cosmological_parameters--h0
     cosmological_parameters--mnu
     cosmological_parameters--s_8
bbn_consistency - 0 parameters:
s8_to_sigma8 - 0 parameters:
camb - 2 parameters:
     cosmological_parameters--n_s
     halo_model_parameters--logt_agn
as_to_log1e10as - 0 parameters:
fast_pt - 0 parameters:
fits_nz - 0 parameters:
lens_photoz_width - 4 parameters:
     lens_photoz_errors--width_1
     lens_photoz_errors--width_2
     lens_photoz_errors--width_3
     lens_photoz_errors--width_4
lens_photoz_bias - 4 parameters:
     lens_photoz_errors--bias_1
     lens_photoz_errors--bias_2
     lens_photoz_errors--bias_3
     lens_photoz_errors--bias_4
source_photoz_bias - 4 parameters:
     wl_photoz_errors--bias_1
     wl_photoz_errors--bias_2
     wl_photoz_errors--bias_3
     wl_photoz_errors--bias_4
IA - 5 parameters:
     intrinsic_alignment_parameters--a1
     intrinsic_alignment_parameters--a2
     intrinsic_alignment_parameters--alpha1
     intrinsic_alignment_parameters--alpha2
     intrinsic_alignment_parameters--bias_ta
pk_to_cl_gg - 4 parameters:
     bias_lens--b1
     bias_lens--b2
     bias_lens--b3
     bias_lens--b4
pk_to_cl - 0 parameters:
add_magnification - 0 parameters:
add_intrinsic - 0 parameters:
2pt_shear - 0 parameters:
2pt_gal - 0 parameters:
2pt_gal_shear - 0 parameters:
shear_m_bias - 4 parameters:
     shear_calibration_parameters--m1
     shear_calibration_parameters--m2
     shear_calibration_parameters--m3
     shear_calibration_parameters--m4
add_point_mass - 0 parameters:
2pt_like - 0 parameters:
shear_ratio_like - 0 parameters:
Results - 0 parameters:
You manually told me in the parameter file to use module 18 as the first in the fast block
Time for full pipeline:  57.27s
Time for slow pipeline:  57.25s
Time for fast pipeline:  0.03s
Time saving: 99.95%

Based on this we have decided: 
   Slow modules (18):
        consistency
        bbn_consistency
        s8_to_sigma8
        camb
        as_to_log1e10as
        fast_pt
        fits_nz
        lens_photoz_width
        lens_photoz_bias
        source_photoz_bias
        IA
        pk_to_cl_gg
        pk_to_cl
        add_magnification
        add_intrinsic
        2pt_shear
        2pt_gal
        2pt_gal_shear
   Fast modules (4):
        shear_m_bias
        add_point_mass
        2pt_like
        shear_ratio_like
   Slow parameters (28):
        cosmological_parameters--ombh2
        cosmological_parameters--omch2
        cosmological_parameters--h0
        cosmological_parameters--mnu
        cosmological_parameters--s_8
        cosmological_parameters--n_s
        halo_model_parameters--logt_agn
        lens_photoz_errors--width_1
        lens_photoz_errors--width_2
        lens_photoz_errors--width_3
        lens_photoz_errors--width_4
        lens_photoz_errors--bias_1
        lens_photoz_errors--bias_2
        lens_photoz_errors--bias_3
        lens_photoz_errors--bias_4
        wl_photoz_errors--bias_1
        wl_photoz_errors--bias_2
        wl_photoz_errors--bias_3
        wl_photoz_errors--bias_4
        intrinsic_alignment_parameters--a1
        intrinsic_alignment_parameters--a2
        intrinsic_alignment_parameters--alpha1
        intrinsic_alignment_parameters--alpha2
        intrinsic_alignment_parameters--bias_ta
        bias_lens--b1
        bias_lens--b2
        bias_lens--b3
        bias_lens--b4
   Fast parameters (4):
        shear_calibration_parameters--m1
        shear_calibration_parameters--m2
        shear_calibration_parameters--m3
        shear_calibration_parameters--m4


2pt_gal_shear took: 0.107 seconds
IA took: 0.020 seconds
shear_m_bias took: 0.002 seconds
add_point_mass took: 0.000 seconds
camb took: 54.151 seconds
as_to_log1e10as took: 0.000 seconds
camb took: 54.557 seconds
as_to_log1e10as took: 0.000 seconds
IA took: 0.025 seconds
2pt_gal took: 0.038 seconds
2pt_gal took: 0.028 seconds
2pt_like took: 0.020 seconds
shear_ratio_like took: 0.001 seconds
Total pipeline time: 57.5 seconds
2pt_gal took: 0.027 seconds
2pt_gal took: 0.027 seconds
2pt_gal took: 0.028 seconds
2pt_gal_shear took: 0.109 seconds
pk_to_cl took: 0.484 seconds
shear_m_bias took: 0.002 seconds
add_point_mass took: 0.000 seconds


Parameters first used in each module:
consistency - 5 parameters:
     cosmological_parameters--ombh2
     cosmological_parameters--omch2
     cosmological_parameters--h0
     cosmological_parameters--mnu
     cosmological_parameters--s_8
bbn_consistency - 0 parameters:
s8_to_sigma8 - 0 parameters:
camb - 2 parameters:
     cosmological_parameters--n_s
     halo_model_parameters--logt_agn
as_to_log1e10as - 0 parameters:
fast_pt - 0 parameters:
fits_nz - 0 parameters:
lens_photoz_width - 4 parameters:
     lens_photoz_errors--width_1
     lens_photoz_errors--width_2
     lens_photoz_errors--width_3
     lens_photoz_errors--width_4
lens_photoz_bias - 4 parameters:
     lens_photoz_errors--bias_1
     lens_photoz_errors--bias_2
     lens_photoz_errors--bias_3
     lens_photoz_errors--bias_4
source_photoz_bias - 4 parameters:
     wl_photoz_errors--bias_1
     wl_photoz_errors--bias_2
     wl_photoz_errors--bias_3
     wl_photoz_errors--bias_4
IA - 5 parameters:
     intrinsic_alignment_parameters--a1
     intrinsic_alignment_parameters--a2
     intrinsic_alignment_parameters--alpha1
     intrinsic_alignment_parameters--alpha2
     intrinsic_alignment_parameters--bias_ta
pk_to_cl_gg - 4 parameters:
     bias_lens--b1
     bias_lens--b2
     bias_lens--b3
     bias_lens--b4
pk_to_cl - 0 parameters:
add_magnification - 0 parameters:
add_intrinsic - 0 parameters:
2pt_shear - 0 parameters:
2pt_gal - 0 parameters:
2pt_gal_shear - 0 parameters:
shear_m_bias - 4 parameters:
     shear_calibration_parameters--m1
     shear_calibration_parameters--m2
     shear_calibration_parameters--m3
     shear_calibration_parameters--m4
add_point_mass - 0 parameters:
2pt_like - 0 parameters:
shear_ratio_like - 0 parameters:
Results - 0 parameters:
You manually told me in the parameter file to use module 18 as the first in the fast block
Time for full pipeline:  57.45s
Time for slow pipeline:  57.43s
Time for fast pipeline:  0.02s
Time saving: 99.96%

Based on this we have decided: 
   Slow modules (18):
        consistency
        bbn_consistency
        s8_to_sigma8
        camb
        as_to_log1e10as
        fast_pt
        fits_nz
        lens_photoz_width
        lens_photoz_bias
        source_photoz_bias
        IA
        pk_to_cl_gg
        pk_to_cl
        add_magnification
        add_intrinsic
        2pt_shear
        2pt_gal
        2pt_gal_shear
   Fast modules (4):
        shear_m_bias
        add_point_mass
        2pt_like
        shear_ratio_like
   Slow parameters (28):
        cosmological_parameters--ombh2
        cosmological_parameters--omch2
        cosmological_parameters--h0
        cosmological_parameters--mnu
        cosmological_parameters--s_8
        cosmological_parameters--n_s
        halo_model_parameters--logt_agn
        lens_photoz_errors--width_1
        lens_photoz_errors--width_2
        lens_photoz_errors--width_3
        lens_photoz_errors--width_4
        lens_photoz_errors--bias_1
        lens_photoz_errors--bias_2
        lens_photoz_errors--bias_3
        lens_photoz_errors--bias_4
        wl_photoz_errors--bias_1
        wl_photoz_errors--bias_2
        wl_photoz_errors--bias_3
        wl_photoz_errors--bias_4
        intrinsic_alignment_parameters--a1
        intrinsic_alignment_parameters--a2
        intrinsic_alignment_parameters--alpha1
        intrinsic_alignment_parameters--alpha2
        intrinsic_alignment_parameters--bias_ta
        bias_lens--b1
        bias_lens--b2
        bias_lens--b3
        bias_lens--b4
   Fast parameters (4):
        shear_calibration_parameters--m1
        shear_calibration_parameters--m2
        shear_calibration_parameters--m3
        shear_calibration_parameters--m4


add_magnification took: 0.005 seconds
add_intrinsic took: 0.002 seconds
2pt_shear took: 0.105 seconds
2pt_gal_shear took: 0.114 seconds
fast_pt took: 0.100 seconds
fits_nz took: 0.000 seconds
shear_m_bias took: 0.002 seconds
add_point_mass took: 0.000 seconds
lens_photoz_width took: 0.001 seconds
lens_photoz_bias took: 0.001 seconds
source_photoz_bias took: 0.001 seconds
2pt_like took: 0.021 seconds
shear_ratio_like took: 0.001 seconds
Total pipeline time: 56.6 seconds
camb took: 54.121 seconds
as_to_log1e10as took: 0.000 seconds


Parameters first used in each module:
consistency - 5 parameters:
     cosmological_parameters--ombh2
     cosmological_parameters--omch2
     cosmological_parameters--h0
     cosmological_parameters--mnu
     cosmological_parameters--s_8
bbn_consistency - 0 parameters:
s8_to_sigma8 - 0 parameters:
camb - 2 parameters:
     cosmological_parameters--n_s
     halo_model_parameters--logt_agn
as_to_log1e10as - 0 parameters:
fast_pt - 0 parameters:
fits_nz - 0 parameters:
lens_photoz_width - 4 parameters:
     lens_photoz_errors--width_1
     lens_photoz_errors--width_2
     lens_photoz_errors--width_3
     lens_photoz_errors--width_4
lens_photoz_bias - 4 parameters:
     lens_photoz_errors--bias_1
     lens_photoz_errors--bias_2
     lens_photoz_errors--bias_3
     lens_photoz_errors--bias_4
source_photoz_bias - 4 parameters:
     wl_photoz_errors--bias_1
     wl_photoz_errors--bias_2
     wl_photoz_errors--bias_3
     wl_photoz_errors--bias_4
IA - 5 parameters:
     intrinsic_alignment_parameters--a1
     intrinsic_alignment_parameters--a2
     intrinsic_alignment_parameters--alpha1
     intrinsic_alignment_parameters--alpha2
     intrinsic_alignment_parameters--bias_ta
pk_to_cl_gg - 4 parameters:
     bias_lens--b1
     bias_lens--b2
     bias_lens--b3
     bias_lens--b4
pk_to_cl - 0 parameters:
add_magnification - 0 parameters:
add_intrinsic - 0 parameters:
2pt_shear - 0 parameters:
2pt_gal - 0 parameters:
2pt_gal_shear - 0 parameters:
shear_m_bias - 4 parameters:
     shear_calibration_parameters--m1
     shear_calibration_parameters--m2
     shear_calibration_parameters--m3
     shear_calibration_parameters--m4
add_point_mass - 0 parameters:
2pt_like - 0 parameters:
shear_ratio_like - 0 parameters:
Results - 0 parameters:
You manually told me in the parameter file to use module 18 as the first in the fast block
Time for full pipeline:  56.55s
Time for slow pipeline:  56.53s
Time for fast pipeline:  0.02s
Time saving: 99.96%

Based on this we have decided: 
   Slow modules (18):
        consistency
        bbn_consistency
        s8_to_sigma8
        camb
        as_to_log1e10as
        fast_pt
        fits_nz
        lens_photoz_width
        lens_photoz_bias
        source_photoz_bias
        IA
        pk_to_cl_gg
        pk_to_cl
        add_magnification
        add_intrinsic
        2pt_shear
        2pt_gal
        2pt_gal_shear
   Fast modules (4):
        shear_m_bias
        add_point_mass
        2pt_like
        shear_ratio_like
   Slow parameters (28):
        cosmological_parameters--ombh2
        cosmological_parameters--omch2
        cosmological_parameters--h0
        cosmological_parameters--mnu
        cosmological_parameters--s_8
        cosmological_parameters--n_s
        halo_model_parameters--logt_agn
        lens_photoz_errors--width_1
        lens_photoz_errors--width_2
        lens_photoz_errors--width_3
        lens_photoz_errors--width_4
        lens_photoz_errors--bias_1
        lens_photoz_errors--bias_2
        lens_photoz_errors--bias_3
        lens_photoz_errors--bias_4
        wl_photoz_errors--bias_1
        wl_photoz_errors--bias_2
        wl_photoz_errors--bias_3
        wl_photoz_errors--bias_4
        intrinsic_alignment_parameters--a1
        intrinsic_alignment_parameters--a2
        intrinsic_alignment_parameters--alpha1
        intrinsic_alignment_parameters--alpha2
        intrinsic_alignment_parameters--bias_ta
        bias_lens--b1
        bias_lens--b2
        bias_lens--b3
        bias_lens--b4
   Fast parameters (4):
        shear_calibration_parameters--m1
        shear_calibration_parameters--m2
        shear_calibration_parameters--m3
        shear_calibration_parameters--m4


camb took: 56.148 seconds
as_to_log1e10as took: 0.000 seconds
2pt_like took: 0.022 seconds
shear_ratio_like took: 0.001 seconds
Total pipeline time: 56.9 seconds
2pt_gal took: 0.028 seconds
pk_to_cl_gg took: 1.069 seconds
camb took: 55.026 seconds
as_to_log1e10as took: 0.000 seconds
IA took: 0.024 seconds
camb took: 55.212 seconds
as_to_log1e10as took: 0.000 seconds
2pt_shear took: 0.121 seconds
pk_to_cl took: 0.632 seconds
camb took: 54.000 seconds
as_to_log1e10as took: 0.000 seconds


Parameters first used in each module:
consistency - 5 parameters:
     cosmological_parameters--ombh2
     cosmological_parameters--omch2
     cosmological_parameters--h0
     cosmological_parameters--mnu
     cosmological_parameters--s_8
bbn_consistency - 0 parameters:
s8_to_sigma8 - 0 parameters:
camb - 2 parameters:
     cosmological_parameters--n_s
     halo_model_parameters--logt_agn
as_to_log1e10as - 0 parameters:
fast_pt - 0 parameters:
fits_nz - 0 parameters:
lens_photoz_width - 4 parameters:
     lens_photoz_errors--width_1
     lens_photoz_errors--width_2
     lens_photoz_errors--width_3
     lens_photoz_errors--width_4
lens_photoz_bias - 4 parameters:
     lens_photoz_errors--bias_1
     lens_photoz_errors--bias_2
     lens_photoz_errors--bias_3
     lens_photoz_errors--bias_4
source_photoz_bias - 4 parameters:
     wl_photoz_errors--bias_1
     wl_photoz_errors--bias_2
     wl_photoz_errors--bias_3
     wl_photoz_errors--bias_4
IA - 5 parameters:
     intrinsic_alignment_parameters--a1
     intrinsic_alignment_parameters--a2
     intrinsic_alignment_parameters--alpha1
     intrinsic_alignment_parameters--alpha2
     intrinsic_alignment_parameters--bias_ta
pk_to_cl_gg - 4 parameters:
     bias_lens--b1
     bias_lens--b2
     bias_lens--b3
     bias_lens--b4
pk_to_cl - 0 parameters:
add_magnification - 0 parameters:
add_intrinsic - 0 parameters:
2pt_shear - 0 parameters:
2pt_gal - 0 parameters:
2pt_gal_shear - 0 parameters:
shear_m_bias - 4 parameters:
     shear_calibration_parameters--m1
     shear_calibration_parameters--m2
     shear_calibration_parameters--m3
     shear_calibration_parameters--m4
add_point_mass - 0 parameters:
2pt_like - 0 parameters:
shear_ratio_like - 0 parameters:
Results - 0 parameters:
You manually told me in the parameter file to use module 18 as the first in the fast block
Time for full pipeline:  56.93s
Time for slow pipeline:  56.90s
Time for fast pipeline:  0.02s
Time saving: 99.96%

Based on this we have decided: 
   Slow modules (18):
        consistency
        bbn_consistency
        s8_to_sigma8
        camb
        as_to_log1e10as
        fast_pt
        fits_nz
        lens_photoz_width
        lens_photoz_bias
        source_photoz_bias
        IA
        pk_to_cl_gg
        pk_to_cl
        add_magnification
        add_intrinsic
        2pt_shear
        2pt_gal
        2pt_gal_shear
   Fast modules (4):
        shear_m_bias
        add_point_mass
        2pt_like
        shear_ratio_like
   Slow parameters (28):
        cosmological_parameters--ombh2
        cosmological_parameters--omch2
        cosmological_parameters--h0
        cosmological_parameters--mnu
        cosmological_parameters--s_8
        cosmological_parameters--n_s
        halo_model_parameters--logt_agn
        lens_photoz_errors--width_1
        lens_photoz_errors--width_2
        lens_photoz_errors--width_3
        lens_photoz_errors--width_4
        lens_photoz_errors--bias_1
        lens_photoz_errors--bias_2
        lens_photoz_errors--bias_3
        lens_photoz_errors--bias_4
        wl_photoz_errors--bias_1
        wl_photoz_errors--bias_2
        wl_photoz_errors--bias_3
        wl_photoz_errors--bias_4
        intrinsic_alignment_parameters--a1
add_magnification took: 0.005 seconds
        intrinsic_alignment_parameters--a2
        intrinsic_alignment_parameters--alpha1
        intrinsic_alignment_parameters--alpha2
        intrinsic_alignment_parameters--bias_ta
        bias_lens--b1
        bias_lens--b2
        bias_lens--b3
        bias_lens--b4
   Fast parameters (4):
        shear_calibration_parameters--m1
        shear_calibration_parameters--m2
        shear_calibration_parameters--m3
        shear_calibration_parameters--m4


add_intrinsic took: 0.002 seconds
2pt_gal_shear took: 0.109 seconds
shear_m_bias took: 0.002 seconds
add_point_mass took: 0.000 seconds
pk_to_cl took: 0.481 seconds
Using two grades of parameter speed in polychord.
Telling Polychord to spend fraction 0.1 if its time in the fast subspace (adjust with fast_fraction option)
Polychord num_repeats = 74  (from parameter file)
Using two grades of parameter speed in polychord.
Telling Polychord to spend fraction 0.1 if its time in the fast subspace (adjust with fast_fraction option)
Polychord num_repeats = 74  (from parameter file)
camb took: 54.383 seconds
as_to_log1e10as took: 0.000 seconds
add_magnification took: 0.005 seconds
add_intrinsic took: 0.002 seconds
pk_to_cl took: 0.471 seconds
fast_pt took: 0.092 seconds
fits_nz took: 0.000 seconds
2pt_gal took: 0.028 seconds
lens_photoz_width took: 0.001 seconds
lens_photoz_bias took: 0.001 seconds
source_photoz_bias took: 0.001 seconds
add_magnification took: 0.005 seconds
2pt_like took: 0.020 seconds
shear_ratio_like took: 0.001 seconds
Total pipeline time: 57.6 seconds
add_intrinsic took: 0.002 seconds
fast_pt took: 0.128 seconds
fits_nz took: 0.000 seconds
pk_to_cl_gg took: 1.083 seconds
lens_photoz_width took: 0.001 seconds
lens_photoz_bias took: 0.001 seconds
camb took: 55.375 seconds
as_to_log1e10as took: 0.000 seconds
source_photoz_bias took: 0.001 seconds
Using two grades of parameter speed in polychord.
Telling Polychord to spend fraction 0.1 if its time in the fast subspace (adjust with fast_fraction option)
Polychord num_repeats = 74  (from parameter file)
pk_to_cl took: 0.472 seconds
camb took: 55.702 seconds
as_to_log1e10as took: 0.000 seconds


Parameters first used in each module:
consistency - 5 parameters:
     cosmological_parameters--ombh2
     cosmological_parameters--omch2
     cosmological_parameters--h0
     cosmological_parameters--mnu
     cosmological_parameters--s_8
bbn_consistency - 0 parameters:
s8_to_sigma8 - 0 parameters:
camb - 2 parameters:
     cosmological_parameters--n_s
     halo_model_parameters--logt_agn
as_to_log1e10as - 0 parameters:
fast_pt - 0 parameters:
fits_nz - 0 parameters:
lens_photoz_width - 4 parameters:
     lens_photoz_errors--width_1
     lens_photoz_errors--width_2
     lens_photoz_errors--width_3
     lens_photoz_errors--width_4
lens_photoz_bias - 4 parameters:
     lens_photoz_errors--bias_1
     lens_photoz_errors--bias_2
     lens_photoz_errors--bias_3
     lens_photoz_errors--bias_4
source_photoz_bias - 4 parameters:
     wl_photoz_errors--bias_1
     wl_photoz_errors--bias_2
     wl_photoz_errors--bias_3
     wl_photoz_errors--bias_4
IA - 5 parameters:
     intrinsic_alignment_parameters--a1
     intrinsic_alignment_parameters--a2
     intrinsic_alignment_parameters--alpha1
     intrinsic_alignment_parameters--alpha2
     intrinsic_alignment_parameters--bias_ta
pk_to_cl_gg - 4 parameters:
     bias_lens--b1
     bias_lens--b2
     bias_lens--b3
     bias_lens--b4
pk_to_cl - 0 parameters:
add_magnification - 0 parameters:
add_intrinsic - 0 parameters:
2pt_shear - 0 parameters:
2pt_gal - 0 parameters:
2pt_gal_shear - 0 parameters:
shear_m_bias - 4 parameters:
     shear_calibration_parameters--m1
     shear_calibration_parameters--m2
     shear_calibration_parameters--m3
     shear_calibration_parameters--m4
add_point_mass - 0 parameters:
2pt_like - 0 parameters:
shear_ratio_like - 0 parameters:
Results - 0 parameters:
You manually told me in the parameter file to use module 18 as the first in the fast block
Time for full pipeline:  57.55s
Time for slow pipeline:  57.53s
Time for fast pipeline:  0.02s
Time saving: 99.96%

Based on this we have decided: 
   Slow modules (18):
        consistency
        bbn_consistency
        s8_to_sigma8
        camb
        as_to_log1e10as
        fast_pt
        fits_nz
        lens_photoz_width
        lens_photoz_bias
        source_photoz_bias
        IA
        pk_to_cl_gg
        pk_to_cl
        add_magnification
        add_intrinsic
        2pt_shear
        2pt_gal
        2pt_gal_shear
   Fast modules (4):
        shear_m_bias
        add_point_mass
        2pt_like
        shear_ratio_like
   Slow parameters (28):
        cosmological_parameters--ombh2
        cosmological_parameters--omch2
        cosmological_parameters--h0
        cosmological_parameters--mnu
        cosmological_parameters--s_8
        cosmological_parameters--n_s
        halo_model_parameters--logt_agn
        lens_photoz_errors--width_1
        lens_photoz_errors--width_2
        lens_photoz_errors--width_3
        lens_photoz_errors--width_4
        lens_photoz_errors--bias_1
        lens_photoz_errors--bias_2
        lens_photoz_errors--bias_3
        lens_photoz_errors--bias_4
        wl_photoz_errors--bias_1
        wl_photoz_errors--bias_2
        wl_photoz_errors--bias_3
        wl_photoz_errors--bias_4
        intrinsic_alignment_parameters--a1
        intrinsic_alignment_parameters--a2
        intrinsic_alignment_parameters--alpha1
        intrinsic_alignment_parameters--alpha2
        intrinsic_alignment_parameters--bias_ta
        bias_lens--b1
        bias_lens--b2
        bias_lens--b3
        bias_lens--b4
   Fast parameters (4):
        shear_calibration_parameters--m1
        shear_calibration_parameters--m2
        shear_calibration_parameters--m3
        shear_calibration_parameters--m4


Using two grades of parameter speed in polychord.
Telling Polychord to spend fraction 0.1 if its time in the fast subspace (adjust with fast_fraction option)
pk_to_cl took: 0.473 seconds
Polychord num_repeats = 74  (from parameter file)
add_magnification took: 0.005 seconds
Using two grades of parameter speed in polychord.
Telling Polychord to spend fraction 0.1 if its time in the fast subspace (adjust with fast_fraction option)
Polychord num_repeats = 74  (from parameter file)
add_intrinsic took: 0.002 seconds
add_magnification took: 0.005 seconds
Using two grades of parameter speed in polychord.
Telling Polychord to spend fraction 0.1 if its time in the fast subspace (adjust with fast_fraction option)
Polychord num_repeats = 74  (from parameter file)
add_intrinsic took: 0.002 seconds
camb took: 53.947 seconds
as_to_log1e10as took: 0.000 seconds
2pt_gal_shear took: 0.107 seconds
2pt_shear took: 0.093 seconds
IA took: 0.024 seconds
shear_m_bias took: 0.002 seconds
add_point_mass took: 0.000 seconds
2pt_gal_shear took: 0.107 seconds
shear_m_bias took: 0.002 seconds
add_point_mass took: 0.000 seconds
2pt_gal_shear took: 0.110 seconds
2pt_gal_shear took: 0.111 seconds
pk_to_cl_gg took: 1.212 seconds
shear_m_bias took: 0.002 seconds
shear_m_bias took: 0.002 seconds
add_point_mass took: 0.000 seconds
add_point_mass took: 0.000 seconds
pk_to_cl took: 0.739 seconds
fast_pt took: 0.135 seconds
add_magnification took: 0.005 seconds
fits_nz took: 0.000 seconds
IA took: 0.029 seconds
lens_photoz_width took: 0.001 seconds
add_intrinsic took: 0.002 seconds
lens_photoz_bias took: 0.001 seconds
source_photoz_bias took: 0.001 seconds
2pt_gal_shear took: 0.129 seconds
pk_to_cl_gg took: 0.899 seconds
shear_m_bias took: 0.002 seconds
2pt_like took: 0.018 seconds
add_point_mass took: 0.000 seconds
2pt_like took: 0.021 seconds
shear_ratio_like took: 0.001 seconds
Total pipeline time: 57.0 seconds
shear_ratio_like took: 0.001 seconds
Total pipeline time: 55.8 seconds
2pt_like took: 0.021 seconds
2pt_like took: 0.021 seconds
shear_ratio_like took: 0.001 seconds
Total pipeline time: 56.5 seconds
2pt_gal took: 0.028 seconds
shear_ratio_like took: 0.001 seconds
Total pipeline time: 57.4 seconds
fast_pt took: 0.090 seconds
fits_nz took: 0.000 seconds


Parameters first used in each module:
consistency - 5 parameters:
     cosmological_parameters--ombh2
     cosmological_parameters--omch2
     cosmological_parameters--h0
     cosmological_parameters--mnu
     cosmological_parameters--s_8
bbn_consistency - 0 parameters:
s8_to_sigma8 - 0 parameters:
camb - 2 parameters:
     cosmological_parameters--n_s
     halo_model_parameters--logt_agn
as_to_log1e10as - 0 parameters:
fast_pt - 0 parameters:
fits_nz - 0 parameters:
lens_photoz_width - 4 parameters:
     lens_photoz_errors--width_1
     lens_photoz_errors--width_2
     lens_photoz_errors--width_3
     lens_photoz_errors--width_4
lens_photoz_bias - 4 parameters:
     lens_photoz_errors--bias_1
     lens_photoz_errors--bias_2
     lens_photoz_errors--bias_3
     lens_photoz_errors--bias_4
source_photoz_bias - 4 parameters:
     wl_photoz_errors--bias_1
     wl_photoz_errors--bias_2
     wl_photoz_errors--bias_3
     wl_photoz_errors--bias_4
IA - 5 parameters:
     intrinsic_alignment_parameters--a1
     intrinsic_alignment_parameters--a2
     intrinsic_alignment_parameters--alpha1
     intrinsic_alignment_parameters--alpha2
     intrinsic_alignment_parameters--bias_ta
pk_to_cl_gg - 4 parameters:
     bias_lens--b1
     bias_lens--b2
     bias_lens--b3
     bias_lens--b4
pk_to_cl - 0 parameters:
add_magnification - 0 parameters:
add_intrinsic - 0 parameters:
2pt_shear - 0 parameters:
2pt_gal - 0 parameters:
2pt_gal_shear - 0 parameters:
shear_m_bias - 4 parameters:
     shear_calibration_parameters--m1
     shear_calibration_parameters--m2
     shear_calibration_parameters--m3
     shear_calibration_parameters--m4
add_point_mass - 0 parameters:
2pt_like - 0 parameters:
shear_ratio_like - 0 parameters:
Results - 0 parameters:
You manually told me in the parameter file to use module 18 as the first in the fast block
Time for full pipeline:  56.99s
Time for slow pipeline:  56.97s
Time for fast pipeline:  0.02s
Time saving: 99.96%

Based on this we have decided: 
   Slow modules (18):
        consistency
        bbn_consistency
        s8_to_sigma8
        camb
        as_to_log1e10as
        fast_pt
        fits_nz
        lens_photoz_width
        lens_photoz_bias
        source_photoz_bias
        IA
        pk_to_cl_gg
        pk_to_cl
        add_magnification
        add_intrinsic
        2pt_shear
        2pt_gal
        2pt_gal_shear
   Fast modules (4):
        shear_m_bias
        add_point_mass
        2pt_like
        shear_ratio_like
   Slow parameters (28):
        cosmological_parameters--ombh2
        cosmological_parameters--omch2
        cosmological_parameters--h0
        cosmological_parameters--mnu
        cosmological_parameters--s_8
        cosmological_parameters--n_s
        halo_model_parameters--logt_agn
        lens_photoz_errors--width_1
        lens_photoz_errors--width_2
        lens_photoz_errors--width_3
        lens_photoz_errors--width_4
        lens_photoz_errors--bias_1
        lens_photoz_errors--bias_2
        lens_photoz_errors--bias_3
        lens_photoz_errors--bias_4
        wl_photoz_errors--bias_1
        wl_photoz_errors--bias_2
        wl_photoz_errors--bias_3
        wl_photoz_errors--bias_4
        intrinsic_alignment_parameters--a1
        intrinsic_alignment_parameters--a2
        intrinsic_alignment_parameters--alpha1
        intrinsic_alignment_parameters--alpha2
        intrinsic_alignment_parameters--bias_ta
        bias_lens--b1
        bias_lens--b2
        bias_lens--b3
        bias_lens--b4
   Fast parameters (4):
        shear_calibration_parameters--m1
        shear_calibration_parameters--m2
        shear_calibration_parameters--m3
        shear_calibration_parameters--m4




Parameters first used in each module:
consistency - 5 parameters:
     cosmological_parameters--ombh2
     cosmological_parameters--omch2
     cosmological_parameters--h0
     cosmological_parameters--mnu
     cosmological_parameters--s_8
bbn_consistency - 0 parameters:
s8_to_sigma8 - 0 parameters:
camb - 2 parameters:
     cosmological_parameters--n_s
     halo_model_parameters--logt_agn
as_to_log1e10as - 0 parameters:
fast_pt - 0 parameters:
fits_nz - 0 parameters:
lens_photoz_width - 4 parameters:
     lens_photoz_errors--width_1
     lens_photoz_errors--width_2
     lens_photoz_errors--width_3
     lens_photoz_errors--width_4
lens_photoz_bias - 4 parameters:
     lens_photoz_errors--bias_1
     lens_photoz_errors--bias_2
     lens_photoz_errors--bias_3
     lens_photoz_errors--bias_4
source_photoz_bias - 4 parameters:
     wl_photoz_errors--bias_1
     wl_photoz_errors--bias_2
     wl_photoz_errors--bias_3
     wl_photoz_errors--bias_4
IA - 5 parameters:
     intrinsic_alignment_parameters--a1
     intrinsic_alignment_parameters--a2
lens_photoz_width took: 0.001 seconds
     intrinsic_alignment_parameters--alpha1
     intrinsic_alignment_parameters--alpha2
     intrinsic_alignment_parameters--bias_ta
pk_to_cl_gg - 4 parameters:
     bias_lens--b1
     bias_lens--b2
     bias_lens--b3
     bias_lens--b4
pk_to_cl - 0 parameters:
add_magnification - 0 parameters:
add_intrinsic - 0 parameters:
2pt_shear - 0 parameters:
2pt_gal - 0 parameters:
2pt_gal_shear - 0 parameters:
shear_m_bias - 4 parameters:
     shear_calibration_parameters--m1
     shear_calibration_parameters--m2
     shear_calibration_parameters--m3
     shear_calibration_parameters--m4
add_point_mass - 0 parameters:
2pt_like - 0 parameters:
shear_ratio_like - 0 parameters:
Results - 0 parameters:
You manually told me in the parameter file to use module 18 as the first in the fast block
Time for full pipeline:  55.78s
Time for slow pipeline:  55.76s
Time for fast pipeline:  0.02s
Time saving: 99.96%

Based on this we have decided: 
   Slow modules (18):
        consistency
        bbn_consistency
        s8_to_sigma8
        camb
        as_to_log1e10as
        fast_pt
        fits_nz
        lens_photoz_width
        lens_photoz_bias
        source_photoz_bias
        IA
        pk_to_cl_gg
        pk_to_cl
        add_magnification
        add_intrinsic
        2pt_shear
        2pt_gal
        2pt_gal_shear
   Fast modules (4):
        shear_m_bias
        add_point_mass
        2pt_like
        shear_ratio_like
   Slow parameters (28):
        cosmological_parameters--ombh2
        cosmological_parameters--omch2
        cosmological_parameters--h0
        cosmological_parameters--mnu
        cosmological_parameters--s_8
        cosmological_parameters--n_s
        halo_model_parameters--logt_agn
        lens_photoz_errors--width_1
        lens_photoz_errors--width_2
        lens_photoz_errors--width_3
        lens_photoz_errors--width_4
        lens_photoz_errors--bias_1
        lens_photoz_errors--bias_2
        lens_photoz_errors--bias_3
        lens_photoz_errors--bias_4
        wl_photoz_errors--bias_1
        wl_photoz_errors--bias_2
        wl_photoz_errors--bias_3
        wl_photoz_errors--bias_4
        intrinsic_alignment_parameters--a1
        intrinsic_alignment_parameters--a2
        intrinsic_alignment_parameters--alpha1
        intrinsic_alignment_parameters--alpha2
        intrinsic_alignment_parameters--bias_ta
        bias_lens--b1
        bias_lens--b2
        bias_lens--b3
        bias_lens--b4
   Fast parameters (4):
        shear_calibration_parameters--m1
        shear_calibration_parameters--m2
        shear_calibration_parameters--m3
        shear_calibration_parameters--m4


lens_photoz_bias took: 0.001 seconds
source_photoz_bias took: 0.000 seconds
fast_pt took: 0.089 seconds
fits_nz took: 0.000 seconds
lens_photoz_width took: 0.001 seconds


Parameters first used in each module:
consistency - 5 parameters:
     cosmological_parameters--ombh2
     cosmological_parameters--omch2
     cosmological_parameters--h0
     cosmological_parameters--mnu
     cosmological_parameters--s_8
bbn_consistency - 0 parameters:
s8_to_sigma8 - 0 parameters:
camb - 2 parameters:
     cosmological_parameters--n_s
     halo_model_parameters--logt_agn
as_to_log1e10as - 0 parameters:
fast_pt - 0 parameters:
fits_nz - 0 parameters:
lens_photoz_width - 4 parameters:
     lens_photoz_errors--width_1
     lens_photoz_errors--width_2
     lens_photoz_errors--width_3
     lens_photoz_errors--width_4
lens_photoz_bias - 4 parameters:
     lens_photoz_errors--bias_1
     lens_photoz_errors--bias_2
     lens_photoz_errors--bias_3
     lens_photoz_errors--bias_4
source_photoz_bias - 4 parameters:
     wl_photoz_errors--bias_1
     wl_photoz_errors--bias_2
     wl_photoz_errors--bias_3
     wl_photoz_errors--bias_4
IA - 5 parameters:
     intrinsic_alignment_parameters--a1
     intrinsic_alignment_parameters--a2
     intrinsic_alignment_parameters--alpha1
     intrinsic_alignment_parameters--alpha2
     intrinsic_alignment_parameters--bias_ta
pk_to_cl_gg - 4 parameters:
     bias_lens--b1
     bias_lens--b2
     bias_lens--b3
     bias_lens--b4
pk_to_cl - 0 parameters:
add_magnification - 0 parameters:
add_intrinsic - 0 parameters:
2pt_shear - 0 parameters:
2pt_gal - 0 parameters:
2pt_gal_shear - 0 parameters:
shear_m_bias - 4 parameters:
     shear_calibration_parameters--m1
     shear_calibration_parameters--m2
     shear_calibration_parameters--m3
     shear_calibration_parameters--m4
add_point_mass - 0 parameters:
2pt_like - 0 parameters:
shear_ratio_like - 0 parameters:
Results - 0 parameters:
You manually told me in the parameter file to use module 18 as the first in the fast block


Parameters first used in each module:
consistency - 5 parameters:
     cosmological_parameters--ombh2
     cosmological_parameters--omch2
     cosmological_parameters--h0
     cosmological_parameters--mnu
     cosmological_parameters--s_8
bbn_consistency - 0 parameters:
s8_to_sigma8 - 0 parameters:
camb - 2 parameters:
     cosmological_parameters--n_s
     halo_model_parameters--logt_agn
as_to_log1e10as - 0 parameters:
fast_pt - 0 parameters:
fits_nz - 0 parameters:
lens_photoz_width - 4 parameters:
     lens_photoz_errors--width_1
     lens_photoz_errors--width_2
     lens_photoz_errors--width_3
     lens_photoz_errors--width_4
lens_photoz_bias - 4 parameters:
     lens_photoz_errors--bias_1
     lens_photoz_errors--bias_2
     lens_photoz_errors--bias_3
     lens_photoz_errors--bias_4
source_photoz_bias - 4 parameters:
Time for full pipeline:  56.46s
Time for slow pipeline:  56.44s
Time for fast pipeline:  0.02s
Time saving: 99.96%

Based on this we have decided: 
   Slow modules (18):
        consistency
        bbn_consistency
        s8_to_sigma8
        camb
        as_to_log1e10as
        fast_pt
        fits_nz
        lens_photoz_width
        lens_photoz_bias
        source_photoz_bias
        IA
     wl_photoz_errors--bias_1
     wl_photoz_errors--bias_2
     wl_photoz_errors--bias_3
     wl_photoz_errors--bias_4
IA - 5 parameters:
     intrinsic_alignment_parameters--a1
     intrinsic_alignment_parameters--a2
     intrinsic_alignment_parameters--alpha1
     intrinsic_alignment_parameters--alpha2
     intrinsic_alignment_parameters--bias_ta
pk_to_cl_gg - 4 parameters:
     bias_lens--b1
     bias_lens--b2
     bias_lens--b3
     bias_lens--b4
pk_to_cl - 0 parameters:
        pk_to_cl_gg
        pk_to_cl
        add_magnification
        add_intrinsic
        2pt_shear
        2pt_gal
        2pt_gal_shear
   Fast modules (4):
        shear_m_bias
        add_point_mass
        2pt_like
        shear_ratio_like
add_magnification - 0 parameters:
add_intrinsic - 0 parameters:
2pt_shear - 0 parameters:
2pt_gal - 0 parameters:
2pt_gal_shear - 0 parameters:
shear_m_bias - 4 parameters:
     shear_calibration_parameters--m1
     shear_calibration_parameters--m2
     shear_calibration_parameters--m3
     shear_calibration_parameters--m4
add_point_mass - 0 parameters:
2pt_like - 0 parameters:
shear_ratio_like - 0 parameters:
Results - 0 parameters:
   Slow parameters (28):
        cosmological_parameters--ombh2
        cosmological_parameters--omch2
        cosmological_parameters--h0
        cosmological_parameters--mnu
        cosmological_parameters--s_8
        cosmological_parameters--n_s
        halo_model_parameters--logt_agn
        lens_photoz_errors--width_1
        lens_photoz_errors--width_2
        lens_photoz_errors--width_3
        lens_photoz_errors--width_4
        lens_photoz_errors--bias_1
        lens_photoz_errors--bias_2
You manually told me in the parameter file to use module 18 as the first in the fast block
Time for full pipeline:  57.39s
Time for slow pipeline:  57.37s
Time for fast pipeline:  0.02s
Time saving: 99.96%

Based on this we have decided: 
   Slow modules (18):
        consistency
        bbn_consistency
        s8_to_sigma8
        lens_photoz_errors--bias_3
        lens_photoz_errors--bias_4
        wl_photoz_errors--bias_1
        wl_photoz_errors--bias_2
        wl_photoz_errors--bias_3
        wl_photoz_errors--bias_4
        intrinsic_alignment_parameters--a1
        intrinsic_alignment_parameters--a2
        intrinsic_alignment_parameters--alpha1
        intrinsic_alignment_parameters--alpha2
        intrinsic_alignment_parameters--bias_ta
        bias_lens--b1
        bias_lens--b2
        bias_lens--b3
lens_photoz_bias took: 0.001 seconds
        camb
        as_to_log1e10as
        fast_pt
        fits_nz
        lens_photoz_width
        lens_photoz_bias
        source_photoz_bias
        IA
        pk_to_cl_gg
        pk_to_cl
        add_magnification
        add_intrinsic
        2pt_shear
        2pt_gal
        bias_lens--b4
   Fast parameters (4):
        shear_calibration_parameters--m1
        shear_calibration_parameters--m2
        shear_calibration_parameters--m3
        shear_calibration_parameters--m4


        2pt_gal_shear
   Fast modules (4):
        shear_m_bias
        add_point_mass
        2pt_like
        shear_ratio_like
   Slow parameters (28):
        cosmological_parameters--ombh2
        cosmological_parameters--omch2
        cosmological_parameters--h0
        cosmological_parameters--mnu
        cosmological_parameters--s_8
        cosmological_parameters--n_s
        halo_model_parameters--logt_agn
        lens_photoz_errors--width_1
        lens_photoz_errors--width_2
        lens_photoz_errors--width_3
        lens_photoz_errors--width_4
        lens_photoz_errors--bias_1
        lens_photoz_errors--bias_2
        lens_photoz_errors--bias_3
        lens_photoz_errors--bias_4
        wl_photoz_errors--bias_1
        wl_photoz_errors--bias_2
        wl_photoz_errors--bias_3
        wl_photoz_errors--bias_4
        intrinsic_alignment_parameters--a1
        intrinsic_alignment_parameters--a2
        intrinsic_alignment_parameters--alpha1
        intrinsic_alignment_parameters--alpha2
        intrinsic_alignment_parameters--bias_ta
        bias_lens--b1
        bias_lens--b2
        bias_lens--b3
        bias_lens--b4
   Fast parameters (4):
        shear_calibration_parameters--m1
        shear_calibration_parameters--m2
        shear_calibration_parameters--m3
        shear_calibration_parameters--m4


source_photoz_bias took: 0.001 seconds
pk_to_cl took: 0.470 seconds
2pt_like took: 0.020 seconds
shear_ratio_like took: 0.001 seconds
Total pipeline time: 56.2 seconds
pk_to_cl took: 0.508 seconds
add_magnification took: 0.005 seconds
add_intrinsic took: 0.002 seconds
IA took: 0.031 seconds
pk_to_cl_gg took: 0.898 seconds
camb took: 55.766 seconds
as_to_log1e10as took: 0.000 seconds
2pt_shear took: 0.094 seconds
add_magnification took: 0.008 seconds


Parameters first used in each module:
consistency - 5 parameters:
     cosmological_parameters--ombh2
     cosmological_parameters--omch2
     cosmological_parameters--h0
     cosmological_parameters--mnu
     cosmological_parameters--s_8
bbn_consistency - 0 parameters:
s8_to_sigma8 - 0 parameters:
camb - 2 parameters:
     cosmological_parameters--n_s
     halo_model_parameters--logt_agn
as_to_log1e10as - 0 parameters:
fast_pt - 0 parameters:
fits_nz - 0 parameters:
lens_photoz_width - 4 parameters:
     lens_photoz_errors--width_1
     lens_photoz_errors--width_2
     lens_photoz_errors--width_3
     lens_photoz_errors--width_4
lens_photoz_bias - 4 parameters:
     lens_photoz_errors--bias_1
     lens_photoz_errors--bias_2
     lens_photoz_errors--bias_3
     lens_photoz_errors--bias_4
source_photoz_bias - 4 parameters:
     wl_photoz_errors--bias_1
     wl_photoz_errors--bias_2
     wl_photoz_errors--bias_3
     wl_photoz_errors--bias_4
IA - 5 parameters:
     intrinsic_alignment_parameters--a1
     intrinsic_alignment_parameters--a2
     intrinsic_alignment_parameters--alpha1
     intrinsic_alignment_parameters--alpha2
     intrinsic_alignment_parameters--bias_ta
pk_to_cl_gg - 4 parameters:
     bias_lens--b1
     bias_lens--b2
     bias_lens--b3
     bias_lens--b4
pk_to_cl - 0 parameters:
add_magnification - 0 parameters:
pk_to_cl_gg took: 0.900 seconds
add_intrinsic - 0 parameters:
2pt_shear - 0 parameters:
2pt_gal - 0 parameters:
2pt_gal_shear - 0 parameters:
shear_m_bias - 4 parameters:
     shear_calibration_parameters--m1
     shear_calibration_parameters--m2
     shear_calibration_parameters--m3
     shear_calibration_parameters--m4
add_point_mass - 0 parameters:
2pt_like - 0 parameters:
shear_ratio_like - 0 parameters:
Results - 0 parameters:
You manually told me in the parameter file to use module 18 as the first in the fast block
Time for full pipeline:  56.16s
Time for slow pipeline:  56.14s
Time for fast pipeline:  0.02s
Time saving: 99.96%

Based on this we have decided: 
   Slow modules (18):
        consistency
        bbn_consistency
        s8_to_sigma8
        camb
        as_to_log1e10as
        fast_pt
        fits_nz
        lens_photoz_width
        lens_photoz_bias
        source_photoz_bias
        IA
        pk_to_cl_gg
        pk_to_cl
        add_magnification
        add_intrinsic
        2pt_shear
        2pt_gal
        2pt_gal_shear
   Fast modules (4):
        shear_m_bias
        add_point_mass
        2pt_like
        shear_ratio_like
   Slow parameters (28):
        cosmological_parameters--ombh2
        cosmological_parameters--omch2
        cosmological_parameters--h0
        cosmological_parameters--mnu
        cosmological_parameters--s_8
        cosmological_parameters--n_s
        halo_model_parameters--logt_agn
        lens_photoz_errors--width_1
        lens_photoz_errors--width_2
        lens_photoz_errors--width_3
        lens_photoz_errors--width_4
        lens_photoz_errors--bias_1
        lens_photoz_errors--bias_2
        lens_photoz_errors--bias_3
        lens_photoz_errors--bias_4
        wl_photoz_errors--bias_1
        wl_photoz_errors--bias_2
        wl_photoz_errors--bias_3
        wl_photoz_errors--bias_4
        intrinsic_alignment_parameters--a1
        intrinsic_alignment_parameters--a2
        intrinsic_alignment_parameters--alpha1
        intrinsic_alignment_parameters--alpha2
        intrinsic_alignment_parameters--bias_ta
        bias_lens--b1
        bias_lens--b2
        bias_lens--b3
        bias_lens--b4
   Fast parameters (4):
        shear_calibration_parameters--m1
        shear_calibration_parameters--m2
        shear_calibration_parameters--m3
        shear_calibration_parameters--m4


add_intrinsic took: 0.004 seconds
IA took: 0.025 seconds
2pt_shear took: 0.090 seconds
2pt_gal_shear took: 0.121 seconds
pk_to_cl_gg took: 0.898 seconds
shear_m_bias took: 0.002 seconds
add_point_mass took: 0.000 seconds
IA took: 0.024 seconds
fast_pt took: 0.134 seconds
fits_nz took: 0.000 seconds
lens_photoz_width took: 0.001 seconds
lens_photoz_bias took: 0.001 seconds
source_photoz_bias took: 0.001 seconds
fast_pt took: 0.137 seconds
fits_nz took: 0.000 seconds
pk_to_cl_gg took: 1.156 seconds
lens_photoz_width took: 0.001 seconds
pk_to_cl took: 0.480 seconds
fast_pt took: 0.128 seconds
2pt_shear took: 0.093 seconds
fits_nz took: 0.000 seconds
lens_photoz_bias took: 0.001 seconds
source_photoz_bias took: 0.001 seconds
lens_photoz_width took: 0.001 seconds
pk_to_cl took: 0.701 seconds
lens_photoz_bias took: 0.001 seconds
source_photoz_bias took: 0.001 seconds
2pt_gal took: 0.028 seconds
add_magnification took: 0.005 seconds
add_magnification took: 0.005 seconds
add_intrinsic took: 0.002 seconds
fast_pt took: 0.093 seconds
fast_pt took: 0.097 seconds
fits_nz took: 0.000 seconds
2pt_gal_shear took: 0.108 seconds
fits_nz took: 0.000 seconds
add_intrinsic took: 0.003 seconds
lens_photoz_width took: 0.001 seconds
lens_photoz_width took: 0.001 seconds
shear_m_bias took: 0.002 seconds
lens_photoz_bias took: 0.001 seconds
add_point_mass took: 0.000 seconds
source_photoz_bias took: 0.001 seconds
lens_photoz_bias took: 0.001 seconds
source_photoz_bias took: 0.001 seconds
2pt_shear took: 0.090 seconds
2pt_like took: 0.024 seconds
2pt_gal took: 0.027 seconds
shear_ratio_like took: 0.001 seconds
Total pipeline time: 56.2 seconds
pk_to_cl_gg took: 0.889 seconds
2pt_shear took: 0.098 seconds
IA took: 0.031 seconds
camb took: 54.488 seconds
as_to_log1e10as took: 0.000 seconds
IA took: 0.016 seconds


Parameters first used in each module:
consistency - 5 parameters:
     cosmological_parameters--ombh2
     cosmological_parameters--omch2
     cosmological_parameters--h0
     cosmological_parameters--mnu
     cosmological_parameters--s_8
bbn_consistency - 0 parameters:
s8_to_sigma8 - 0 parameters:
camb - 2 parameters:
     cosmological_parameters--n_s
     halo_model_parameters--logt_agn
as_to_log1e10as - 0 parameters:
fast_pt - 0 parameters:
fits_nz - 0 parameters:
lens_photoz_width - 4 parameters:
     lens_photoz_errors--width_1
     lens_photoz_errors--width_2
     lens_photoz_errors--width_3
     lens_photoz_errors--width_4
lens_photoz_bias - 4 parameters:
     lens_photoz_errors--bias_1
     lens_photoz_errors--bias_2
     lens_photoz_errors--bias_3
     lens_photoz_errors--bias_4
source_photoz_bias - 4 parameters:
     wl_photoz_errors--bias_1
     wl_photoz_errors--bias_2
     wl_photoz_errors--bias_3
     wl_photoz_errors--bias_4
IA - 5 parameters:
     intrinsic_alignment_parameters--a1
     intrinsic_alignment_parameters--a2
     intrinsic_alignment_parameters--alpha1
     intrinsic_alignment_parameters--alpha2
     intrinsic_alignment_parameters--bias_ta
pk_to_cl_gg - 4 parameters:
     bias_lens--b1
     bias_lens--b2
     bias_lens--b3
     bias_lens--b4
pk_to_cl - 0 parameters:
add_magnification - 0 parameters:
add_intrinsic - 0 parameters:
2pt_shear - 0 parameters:
2pt_gal - 0 parameters:
2pt_gal_shear - 0 parameters:
shear_m_bias - 4 parameters:
     shear_calibration_parameters--m1
     shear_calibration_parameters--m2
     shear_calibration_parameters--m3
     shear_calibration_parameters--m4
add_point_mass - 0 parameters:
2pt_like - 0 parameters:
shear_ratio_like - 0 parameters:
Results - 0 parameters:
You manually told me in the parameter file to use module 18 as the first in the fast block
Time for full pipeline:  56.23s
Time for slow pipeline:  56.21s
Time for fast pipeline:  0.03s
pk_to_cl took: 0.477 seconds
Time saving: 99.95%

Based on this we have decided: 
   Slow modules (18):
        consistency
        bbn_consistency
        s8_to_sigma8
        camb
        as_to_log1e10as
        fast_pt
        fits_nz
        lens_photoz_width
        lens_photoz_bias
        source_photoz_bias
        IA
        pk_to_cl_gg
        pk_to_cl
        add_magnification
        add_intrinsic
        2pt_shear
        2pt_gal
        2pt_gal_shear
   Fast modules (4):
        shear_m_bias
        add_point_mass
        2pt_like
        shear_ratio_like
   Slow parameters (28):
        cosmological_parameters--ombh2
        cosmological_parameters--omch2
        cosmological_parameters--h0
        cosmological_parameters--mnu
        cosmological_parameters--s_8
        cosmological_parameters--n_s
        halo_model_parameters--logt_agn
        lens_photoz_errors--width_1
        lens_photoz_errors--width_2
        lens_photoz_errors--width_3
        lens_photoz_errors--width_4
        lens_photoz_errors--bias_1
        lens_photoz_errors--bias_2
        lens_photoz_errors--bias_3
        lens_photoz_errors--bias_4
        wl_photoz_errors--bias_1
        wl_photoz_errors--bias_2
        wl_photoz_errors--bias_3
        wl_photoz_errors--bias_4
        intrinsic_alignment_parameters--a1
        intrinsic_alignment_parameters--a2
        intrinsic_alignment_parameters--alpha1
        intrinsic_alignment_parameters--alpha2
        intrinsic_alignment_parameters--bias_ta
        bias_lens--b1
        bias_lens--b2
        bias_lens--b3
        bias_lens--b4
   Fast parameters (4):
        shear_calibration_parameters--m1
        shear_calibration_parameters--m2
        shear_calibration_parameters--m3
        shear_calibration_parameters--m4


2pt_gal took: 0.029 seconds
fast_pt took: 0.135 seconds
fits_nz took: 0.000 seconds
lens_photoz_width took: 0.001 seconds
2pt_like took: 0.021 seconds
IA took: 0.029 seconds
shear_ratio_like took: 0.001 seconds
Total pipeline time: 57.5 seconds
lens_photoz_bias took: 0.001 seconds
add_magnification took: 0.005 seconds
source_photoz_bias took: 0.001 seconds
fast_pt took: 0.108 seconds
fits_nz took: 0.000 seconds
IA took: 0.034 seconds
add_intrinsic took: 0.002 seconds
lens_photoz_width took: 0.001 seconds
IA took: 0.025 seconds
lens_photoz_bias took: 0.001 seconds
2pt_shear took: 0.094 seconds
source_photoz_bias took: 0.000 seconds
Using two grades of parameter speed in polychord.
Telling Polychord to spend fraction 0.1 if its time in the fast subspace (adjust with fast_fraction option)
2pt_gal took: 0.027 seconds
Polychord num_repeats = 74  (from parameter file)


Parameters first used in each module:
consistency - 5 parameters:
     cosmological_parameters--ombh2
     cosmological_parameters--omch2
     cosmological_parameters--h0
     cosmological_parameters--mnu
     cosmological_parameters--s_8
bbn_consistency - 0 parameters:
s8_to_sigma8 - 0 parameters:
camb - 2 parameters:
     cosmological_parameters--n_s
     halo_model_parameters--logt_agn
as_to_log1e10as - 0 parameters:
fast_pt - 0 parameters:
fits_nz - 0 parameters:
lens_photoz_width - 4 parameters:
     lens_photoz_errors--width_1
     lens_photoz_errors--width_2
     lens_photoz_errors--width_3
     lens_photoz_errors--width_4
lens_photoz_bias - 4 parameters:
     lens_photoz_errors--bias_1
     lens_photoz_errors--bias_2
     lens_photoz_errors--bias_3
     lens_photoz_errors--bias_4
source_photoz_bias - 4 parameters:
     wl_photoz_errors--bias_1
     wl_photoz_errors--bias_2
     wl_photoz_errors--bias_3
     wl_photoz_errors--bias_4
IA - 5 parameters:
     intrinsic_alignment_parameters--a1
     intrinsic_alignment_parameters--a2
     intrinsic_alignment_parameters--alpha1
     intrinsic_alignment_parameters--alpha2
     intrinsic_alignment_parameters--bias_ta
pk_to_cl_gg - 4 parameters:
     bias_lens--b1
     bias_lens--b2
     bias_lens--b3
     bias_lens--b4
pk_to_cl - 0 parameters:
add_magnification - 0 parameters:
add_intrinsic - 0 parameters:
2pt_shear - 0 parameters:
2pt_gal - 0 parameters:
2pt_gal_shear - 0 parameters:
shear_m_bias - 4 parameters:
     shear_calibration_parameters--m1
     shear_calibration_parameters--m2
     shear_calibration_parameters--m3
     shear_calibration_parameters--m4
add_point_mass - 0 parameters:
2pt_like - 0 parameters:
shear_ratio_like - 0 parameters:
Results - 0 parameters:
You manually told me in the parameter file to use module 18 as the first in the fast block
Time for full pipeline:  57.53s
Time for slow pipeline:  57.50s
Time for fast pipeline:  0.02s
Time saving: 99.96%

Based on this we have decided: 
   Slow modules (18):
        consistency
        bbn_consistency
        s8_to_sigma8
        camb
        as_to_log1e10as
        fast_pt
        fits_nz
        lens_photoz_width
        lens_photoz_bias
        source_photoz_bias
        IA
        pk_to_cl_gg
        pk_to_cl
        add_magnification
        add_intrinsic
        2pt_shear
        2pt_gal
        2pt_gal_shear
   Fast modules (4):
        shear_m_bias
        add_point_mass
        2pt_like
        shear_ratio_like
   Slow parameters (28):
        cosmological_parameters--ombh2
        cosmological_parameters--omch2
        cosmological_parameters--h0
        cosmological_parameters--mnu
        cosmological_parameters--s_8
        cosmological_parameters--n_s
        halo_model_parameters--logt_agn
        lens_photoz_errors--width_1
        lens_photoz_errors--width_2
        lens_photoz_errors--width_3
        lens_photoz_errors--width_4
        lens_photoz_errors--bias_1
        lens_photoz_errors--bias_2
        lens_photoz_errors--bias_3
        lens_photoz_errors--bias_4
        wl_photoz_errors--bias_1
        wl_photoz_errors--bias_2
        wl_photoz_errors--bias_3
        wl_photoz_errors--bias_4
        intrinsic_alignment_parameters--a1
        intrinsic_alignment_parameters--a2
        intrinsic_alignment_parameters--alpha1
        intrinsic_alignment_parameters--alpha2
        intrinsic_alignment_parameters--bias_ta
        bias_lens--b1
        bias_lens--b2
        bias_lens--b3
        bias_lens--b4
   Fast parameters (4):
        shear_calibration_parameters--m1
        shear_calibration_parameters--m2
        shear_calibration_parameters--m3
        shear_calibration_parameters--m4


pk_to_cl took: 0.483 seconds
pk_to_cl_gg took: 0.888 seconds
camb took: 54.118 seconds
as_to_log1e10as took: 0.000 seconds
pk_to_cl_gg took: 0.904 seconds
2pt_gal took: 0.030 seconds
add_magnification took: 0.005 seconds
pk_to_cl_gg took: 0.898 seconds
add_intrinsic took: 0.002 seconds
camb took: 56.000 seconds
as_to_log1e10as took: 0.000 seconds
IA took: 0.025 seconds
2pt_gal_shear took: 0.108 seconds
2pt_gal took: 0.027 seconds
IA took: 0.031 seconds
shear_m_bias took: 0.002 seconds
2pt_shear took: 0.091 seconds
add_point_mass took: 0.000 seconds
fast_pt took: 0.091 seconds
fits_nz took: 0.000 seconds
lens_photoz_width took: 0.001 seconds
lens_photoz_bias took: 0.001 seconds
source_photoz_bias took: 0.001 seconds
Using two grades of parameter speed in polychord.
Telling Polychord to spend fraction 0.1 if its time in the fast subspace (adjust with fast_fraction option)
Polychord num_repeats = 74  (from parameter file)
Using two grades of parameter speed in polychord.
Telling Polychord to spend fraction 0.1 if its time in the fast subspace (adjust with fast_fraction option)
Polychord num_repeats = 74  (from parameter file)
camb took: 54.923 seconds
as_to_log1e10as took: 0.000 seconds
2pt_like took: 0.018 seconds
2pt_shear took: 0.102 seconds
shear_ratio_like took: 0.001 seconds
Total pipeline time: 57.6 seconds
Using two grades of parameter speed in polychord.
Telling Polychord to spend fraction 0.1 if its time in the fast subspace (adjust with fast_fraction option)
Polychord num_repeats = 74  (from parameter file)
pk_to_cl_gg took: 1.107 seconds
pk_to_cl_gg took: 1.000 seconds
2pt_gal took: 0.027 seconds


Parameters first used in each module:
consistency - 5 parameters:
     cosmological_parameters--ombh2
     cosmological_parameters--omch2
     cosmological_parameters--h0
     cosmological_parameters--mnu
     cosmological_parameters--s_8
bbn_consistency - 0 parameters:
s8_to_sigma8 - 0 parameters:
camb - 2 parameters:
     cosmological_parameters--n_s
     halo_model_parameters--logt_agn
as_to_log1e10as - 0 parameters:
fast_pt - 0 parameters:
fits_nz - 0 parameters:
lens_photoz_width - 4 parameters:
     lens_photoz_errors--width_1
     lens_photoz_errors--width_2
     lens_photoz_errors--width_3
     lens_photoz_errors--width_4
lens_photoz_bias - 4 parameters:
     lens_photoz_errors--bias_1
     lens_photoz_errors--bias_2
     lens_photoz_errors--bias_3
     lens_photoz_errors--bias_4
source_photoz_bias - 4 parameters:
     wl_photoz_errors--bias_1
     wl_photoz_errors--bias_2
     wl_photoz_errors--bias_3
     wl_photoz_errors--bias_4
IA - 5 parameters:
     intrinsic_alignment_parameters--a1
     intrinsic_alignment_parameters--a2
     intrinsic_alignment_parameters--alpha1
     intrinsic_alignment_parameters--alpha2
     intrinsic_alignment_parameters--bias_ta
pk_to_cl_gg - 4 parameters:
     bias_lens--b1
     bias_lens--b2
     bias_lens--b3
     bias_lens--b4
pk_to_cl - 0 parameters:
add_magnification - 0 parameters:
add_intrinsic - 0 parameters:
2pt_shear - 0 parameters:
2pt_gal - 0 parameters:
2pt_gal_shear - 0 parameters:
shear_m_bias - 4 parameters:
     shear_calibration_parameters--m1
     shear_calibration_parameters--m2
     shear_calibration_parameters--m3
     shear_calibration_parameters--m4
add_point_mass - 0 parameters:
2pt_like - 0 parameters:
shear_ratio_like - 0 parameters:
Results - 0 parameters:
You manually told me in the parameter file to use module 18 as the first in the fast block
Time for full pipeline:  57.55s
Time for slow pipeline:  57.53s
Time for fast pipeline:  0.02s
Time saving: 99.96%

Based on this we have decided: 
   Slow modules (18):
        consistency
        bbn_consistency
        s8_to_sigma8
        camb
        as_to_log1e10as
        fast_pt
        fits_nz
        lens_photoz_width
        lens_photoz_bias
        source_photoz_bias
        IA
        pk_to_cl_gg
        pk_to_cl
        add_magnification
        add_intrinsic
        2pt_shear
        2pt_gal
        2pt_gal_shear
   Fast modules (4):
        shear_m_bias
        add_point_mass
        2pt_like
        shear_ratio_like
   Slow parameters (28):
        cosmological_parameters--ombh2
        cosmological_parameters--omch2
        cosmological_parameters--h0
        cosmological_parameters--mnu
        cosmological_parameters--s_8
        cosmological_parameters--n_s
        halo_model_parameters--logt_agn
        lens_photoz_errors--width_1
        lens_photoz_errors--width_2
        lens_photoz_errors--width_3
        lens_photoz_errors--width_4
        lens_photoz_errors--bias_1
        lens_photoz_errors--bias_2
        lens_photoz_errors--bias_3
        lens_photoz_errors--bias_4
        wl_photoz_errors--bias_1
        wl_photoz_errors--bias_2
        wl_photoz_errors--bias_3
        wl_photoz_errors--bias_4
        intrinsic_alignment_parameters--a1
        intrinsic_alignment_parameters--a2
        intrinsic_alignment_parameters--alpha1
        intrinsic_alignment_parameters--alpha2
        intrinsic_alignment_parameters--bias_ta
        bias_lens--b1
        bias_lens--b2
        bias_lens--b3
        bias_lens--b4
   Fast parameters (4):
        shear_calibration_parameters--m1
        shear_calibration_parameters--m2
        shear_calibration_parameters--m3
        shear_calibration_parameters--m4


pk_to_cl_gg took: 1.216 seconds
IA took: 0.025 seconds
pk_to_cl_gg took: 0.917 seconds
camb took: 54.106 seconds
as_to_log1e10as took: 0.000 seconds
2pt_shear took: 0.093 seconds
Using two grades of parameter speed in polychord.
Telling Polychord to spend fraction 0.1 if its time in the fast subspace (adjust with fast_fraction option)
Polychord num_repeats = 74  (from parameter file)
2pt_shear took: 0.096 seconds
2pt_gal took: 0.027 seconds
2pt_gal_shear took: 0.109 seconds
shear_m_bias took: 0.002 seconds
add_point_mass took: 0.000 seconds
2pt_gal_shear took: 0.107 seconds
pk_to_cl took: 0.481 seconds
shear_m_bias took: 0.002 seconds
add_point_mass took: 0.000 seconds
fast_pt took: 0.097 seconds
fits_nz took: 0.000 seconds
lens_photoz_width took: 0.001 seconds
lens_photoz_bias took: 0.001 seconds
source_photoz_bias took: 0.000 seconds
add_magnification took: 0.005 seconds
add_intrinsic took: 0.002 seconds
2pt_gal took: 0.028 seconds
2pt_shear took: 0.097 seconds
2pt_gal took: 0.029 seconds
2pt_like took: 0.020 seconds
camb took: 54.731 seconds
shear_ratio_like took: 0.001 seconds
Total pipeline time: 57.5 seconds
as_to_log1e10as took: 0.000 seconds
pk_to_cl_gg took: 1.048 seconds
2pt_gal_shear took: 0.111 seconds
IA took: 0.015 seconds
shear_m_bias took: 0.002 seconds
add_point_mass took: 0.000 seconds
2pt_like took: 0.020 seconds
2pt_gal_shear took: 0.105 seconds
shear_ratio_like took: 0.001 seconds
Total pipeline time: 56.7 seconds
shear_m_bias took: 0.002 seconds


Parameters first used in each module:
consistency - 5 parameters:
     cosmological_parameters--ombh2
     cosmological_parameters--omch2
     cosmological_parameters--h0
     cosmological_parameters--mnu
     cosmological_parameters--s_8
bbn_consistency - 0 parameters:
s8_to_sigma8 - 0 parameters:
camb - 2 parameters:
     cosmological_parameters--n_s
     halo_model_parameters--logt_agn
as_to_log1e10as - 0 parameters:
fast_pt - 0 parameters:
fits_nz - 0 parameters:
lens_photoz_width - 4 parameters:
     lens_photoz_errors--width_1
     lens_photoz_errors--width_2
     lens_photoz_errors--width_3
     lens_photoz_errors--width_4
lens_photoz_bias - 4 parameters:
add_point_mass took: 0.000 seconds
     lens_photoz_errors--bias_1
     lens_photoz_errors--bias_2
     lens_photoz_errors--bias_3
     lens_photoz_errors--bias_4
source_photoz_bias - 4 parameters:
     wl_photoz_errors--bias_1
     wl_photoz_errors--bias_2
     wl_photoz_errors--bias_3
     wl_photoz_errors--bias_4
IA - 5 parameters:
     intrinsic_alignment_parameters--a1
     intrinsic_alignment_parameters--a2
     intrinsic_alignment_parameters--alpha1
     intrinsic_alignment_parameters--alpha2
     intrinsic_alignment_parameters--bias_ta
pk_to_cl_gg - 4 parameters:
     bias_lens--b1
     bias_lens--b2
     bias_lens--b3
     bias_lens--b4
pk_to_cl - 0 parameters:
add_magnification - 0 parameters:
add_intrinsic - 0 parameters:
2pt_shear - 0 parameters:
2pt_gal - 0 parameters:
2pt_gal_shear - 0 parameters:
shear_m_bias - 4 parameters:
     shear_calibration_parameters--m1
     shear_calibration_parameters--m2
     shear_calibration_parameters--m3
     shear_calibration_parameters--m4
add_point_mass - 0 parameters:
2pt_like - 0 parameters:
shear_ratio_like - 0 parameters:
Results - 0 parameters:
You manually told me in the parameter file to use module 18 as the first in the fast block
Time for full pipeline:  57.46s
Time for slow pipeline:  57.44s
Time for fast pipeline:  0.02s
Time saving: 99.96%

Based on this we have decided: 
   Slow modules (18):
        consistency
        bbn_consistency
        s8_to_sigma8
        camb
        as_to_log1e10as
        fast_pt
        fits_nz
        lens_photoz_width
        lens_photoz_bias
        source_photoz_bias
        IA
        pk_to_cl_gg
        pk_to_cl
        add_magnification
        add_intrinsic
        2pt_shear
        2pt_gal
        2pt_gal_shear
   Fast modules (4):
        shear_m_bias
        add_point_mass
        2pt_like
        shear_ratio_like
   Slow parameters (28):
        cosmological_parameters--ombh2
        cosmological_parameters--omch2
        cosmological_parameters--h0
        cosmological_parameters--mnu
        cosmological_parameters--s_8
        cosmological_parameters--n_s
        halo_model_parameters--logt_agn
        lens_photoz_errors--width_1
        lens_photoz_errors--width_2
        lens_photoz_errors--width_3
        lens_photoz_errors--width_4
        lens_photoz_errors--bias_1
        lens_photoz_errors--bias_2
        lens_photoz_errors--bias_3
        lens_photoz_errors--bias_4
        wl_photoz_errors--bias_1
        wl_photoz_errors--bias_2
        wl_photoz_errors--bias_3
        wl_photoz_errors--bias_4
        intrinsic_alignment_parameters--a1
        intrinsic_alignment_parameters--a2
        intrinsic_alignment_parameters--alpha1
        intrinsic_alignment_parameters--alpha2
        intrinsic_alignment_parameters--bias_ta
        bias_lens--b1
        bias_lens--b2
        bias_lens--b3
        bias_lens--b4
   Fast parameters (4):
        shear_calibration_parameters--m1
        shear_calibration_parameters--m2
        shear_calibration_parameters--m3
        shear_calibration_parameters--m4


Using two grades of parameter speed in polychord.
Telling Polychord to spend fraction 0.1 if its time in the fast subspace (adjust with fast_fraction option)
2pt_shear took: 0.094 seconds
Polychord num_repeats = 74  (from parameter file)
Using two grades of parameter speed in polychord.
Telling Polychord to spend fraction 0.1 if its time in the fast subspace (adjust with fast_fraction option)
Polychord num_repeats = 74  (from parameter file)


Parameters first used in each module:
consistency - 5 parameters:
     cosmological_parameters--ombh2
     cosmological_parameters--omch2
     cosmological_parameters--h0
     cosmological_parameters--mnu
     cosmological_parameters--s_8
bbn_consistency - 0 parameters:
s8_to_sigma8 - 0 parameters:
camb - 2 parameters:
     cosmological_parameters--n_s
     halo_model_parameters--logt_agn
as_to_log1e10as - 0 parameters:
fast_pt - 0 parameters:
fits_nz - 0 parameters:
lens_photoz_width - 4 parameters:
     lens_photoz_errors--width_1
     lens_photoz_errors--width_2
     lens_photoz_errors--width_3
     lens_photoz_errors--width_4
lens_photoz_bias - 4 parameters:
     lens_photoz_errors--bias_1
     lens_photoz_errors--bias_2
     lens_photoz_errors--bias_3
     lens_photoz_errors--bias_4
source_photoz_bias - 4 parameters:
     wl_photoz_errors--bias_1
     wl_photoz_errors--bias_2
     wl_photoz_errors--bias_3
     wl_photoz_errors--bias_4
IA - 5 parameters:
     intrinsic_alignment_parameters--a1
     intrinsic_alignment_parameters--a2
     intrinsic_alignment_parameters--alpha1
     intrinsic_alignment_parameters--alpha2
     intrinsic_alignment_parameters--bias_ta
pk_to_cl_gg - 4 parameters:
     bias_lens--b1
     bias_lens--b2
     bias_lens--b3
     bias_lens--b4
pk_to_cl - 0 parameters:
add_magnification - 0 parameters:
add_intrinsic - 0 parameters:
2pt_shear - 0 parameters:
2pt_gal - 0 parameters:
2pt_gal_shear - 0 parameters:
shear_m_bias - 4 parameters:
     shear_calibration_parameters--m1
     shear_calibration_parameters--m2
     shear_calibration_parameters--m3
     shear_calibration_parameters--m4
add_point_mass - 0 parameters:
2pt_like - 0 parameters:
shear_ratio_like - 0 parameters:
Results - 0 parameters:
You manually told me in the parameter file to use module 18 as the first in the fast block
Time for full pipeline:  56.69s
Time for slow pipeline:  56.67s
Time for fast pipeline:  0.02s
Time saving: 99.96%

Based on this we have decided: 
   Slow modules (18):
        consistency
        bbn_consistency
        s8_to_sigma8
        camb
        as_to_log1e10as
        fast_pt
        fits_nz
        lens_photoz_width
        lens_photoz_bias
        source_photoz_bias
        IA
        pk_to_cl_gg
        pk_to_cl
        add_magnification
        add_intrinsic
        2pt_shear
        2pt_gal
        2pt_gal_shear
   Fast modules (4):
        shear_m_bias
        add_point_mass
        2pt_like
        shear_ratio_like
   Slow parameters (28):
        cosmological_parameters--ombh2
        cosmological_parameters--omch2
        cosmological_parameters--h0
        cosmological_parameters--mnu
        cosmological_parameters--s_8
        cosmological_parameters--n_s
        halo_model_parameters--logt_agn
        lens_photoz_errors--width_1
        lens_photoz_errors--width_2
        lens_photoz_errors--width_3
        lens_photoz_errors--width_4
        lens_photoz_errors--bias_1
        lens_photoz_errors--bias_2
        lens_photoz_errors--bias_3
        lens_photoz_errors--bias_4
        wl_photoz_errors--bias_1
        wl_photoz_errors--bias_2
        wl_photoz_errors--bias_3
        wl_photoz_errors--bias_4
        intrinsic_alignment_parameters--a1
        intrinsic_alignment_parameters--a2
        intrinsic_alignment_parameters--alpha1
        intrinsic_alignment_parameters--alpha2
        intrinsic_alignment_parameters--bias_ta
        bias_lens--b1
        bias_lens--b2
        bias_lens--b3
        bias_lens--b4
   Fast parameters (4):
        shear_calibration_parameters--m1
        shear_calibration_parameters--m2
        shear_calibration_parameters--m3
        shear_calibration_parameters--m4


camb took: 55.775 seconds
as_to_log1e10as took: 0.000 seconds
2pt_gal took: 0.028 seconds
2pt_like took: 0.020 seconds
2pt_like took: 0.024 seconds
shear_ratio_like took: 0.001 seconds
Total pipeline time: 56.4 seconds
shear_ratio_like took: 0.001 seconds
Total pipeline time: 56.7 seconds
2pt_gal_shear took: 0.117 seconds
shear_m_bias took: 0.002 seconds
add_point_mass took: 0.000 seconds
2pt_gal_shear took: 0.108 seconds
pk_to_cl_gg took: 0.919 seconds
shear_m_bias took: 0.002 seconds
add_point_mass took: 0.000 seconds
fast_pt took: 0.091 seconds
Using two grades of parameter speed in polychord.
Telling Polychord to spend fraction 0.1 if its time in the fast subspace (adjust with fast_fraction option)
fits_nz took: 0.000 seconds
Polychord num_repeats = 74  (from parameter file)
fast_pt took: 0.124 seconds
lens_photoz_width took: 0.001 seconds
fits_nz took: 0.000 seconds
lens_photoz_bias took: 0.001 seconds
source_photoz_bias took: 0.001 seconds


Parameters first used in each module:
consistency - 5 parameters:
     cosmological_parameters--ombh2
     cosmological_parameters--omch2
     cosmological_parameters--h0
     cosmological_parameters--mnu
     cosmological_parameters--s_8
bbn_consistency - 0 parameters:
s8_to_sigma8 - 0 parameters:
camb - 2 parameters:
     cosmological_parameters--n_s
     halo_model_parameters--logt_agn
as_to_log1e10as - 0 parameters:
fast_pt - 0 parameters:
fits_nz - 0 parameters:
lens_photoz_width - 4 parameters:
     lens_photoz_errors--width_1
     lens_photoz_errors--width_2
     lens_photoz_errors--width_3
     lens_photoz_errors--width_4
lens_photoz_bias - 4 parameters:
lens_photoz_width took: 0.001 seconds
     lens_photoz_errors--bias_1
     lens_photoz_errors--bias_2
     lens_photoz_errors--bias_3
     lens_photoz_errors--bias_4
source_photoz_bias - 4 parameters:
     wl_photoz_errors--bias_1
     wl_photoz_errors--bias_2
     wl_photoz_errors--bias_3
     wl_photoz_errors--bias_4
IA - 5 parameters:
     intrinsic_alignment_parameters--a1
     intrinsic_alignment_parameters--a2
     intrinsic_alignment_parameters--alpha1
     intrinsic_alignment_parameters--alpha2
     intrinsic_alignment_parameters--bias_ta
pk_to_cl_gg - 4 parameters:
     bias_lens--b1
     bias_lens--b2
     bias_lens--b3
     bias_lens--b4
pk_to_cl - 0 parameters:
add_magnification - 0 parameters:
add_intrinsic - 0 parameters:
2pt_shear - 0 parameters:
2pt_gal - 0 parameters:
2pt_gal_shear - 0 parameters:
shear_m_bias - 4 parameters:
     shear_calibration_parameters--m1
     shear_calibration_parameters--m2
     shear_calibration_parameters--m3
     shear_calibration_parameters--m4
add_point_mass - 0 parameters:
2pt_like - 0 parameters:
shear_ratio_like - 0 parameters:
Results - 0 parameters:
You manually told me in the parameter file to use module 18 as the first in the fast block
Time for full pipeline:  56.37s
Time for slow pipeline:  56.34s
Time for fast pipeline:  0.02s
Time saving: 99.96%

Based on this we have decided: 
   Slow modules (18):
        consistency
        bbn_consistency
        s8_to_sigma8
        camb
        as_to_log1e10as
        fast_pt
        fits_nz
        lens_photoz_width
        lens_photoz_bias
        source_photoz_bias
        IA
        pk_to_cl_gg
        pk_to_cl
        add_magnification
        add_intrinsic
        2pt_shear
        2pt_gal
        2pt_gal_shear
   Fast modules (4):
        shear_m_bias
        add_point_mass
        2pt_like
        shear_ratio_like
   Slow parameters (28):
        cosmological_parameters--ombh2
        cosmological_parameters--omch2
        cosmological_parameters--h0
        cosmological_parameters--mnu
        cosmological_parameters--s_8
        cosmological_parameters--n_s
        halo_model_parameters--logt_agn
        lens_photoz_errors--width_1
        lens_photoz_errors--width_2
        lens_photoz_errors--width_3
        lens_photoz_errors--width_4
        lens_photoz_errors--bias_1
        lens_photoz_errors--bias_2
        lens_photoz_errors--bias_3
        lens_photoz_errors--bias_4
        wl_photoz_errors--bias_1
        wl_photoz_errors--bias_2
        wl_photoz_errors--bias_3
        wl_photoz_errors--bias_4
        intrinsic_alignment_parameters--a1
        intrinsic_alignment_parameters--a2
        intrinsic_alignment_parameters--alpha1
        intrinsic_alignment_parameters--alpha2
        intrinsic_alignment_parameters--bias_ta
        bias_lens--b1
        bias_lens--b2
        bias_lens--b3
        bias_lens--b4
   Fast parameters (4):
        shear_calibration_parameters--m1
        shear_calibration_parameters--m2
        shear_calibration_parameters--m3
        shear_calibration_parameters--m4


camb took: 54.447 seconds
as_to_log1e10as took: 0.000 seconds
lens_photoz_bias took: 0.001 seconds
source_photoz_bias took: 0.001 seconds
2pt_gal took: 0.028 seconds
pk_to_cl_gg took: 1.247 seconds


Parameters first used in each module:
consistency - 5 parameters:
     cosmological_parameters--ombh2
     cosmological_parameters--omch2
     cosmological_parameters--h0
     cosmological_parameters--mnu
     cosmological_parameters--s_8
bbn_consistency - 0 parameters:
s8_to_sigma8 - 0 parameters:
camb - 2 parameters:
     cosmological_parameters--n_s
     halo_model_parameters--logt_agn
as_to_log1e10as - 0 parameters:
fast_pt - 0 parameters:
fits_nz - 0 parameters:
lens_photoz_width - 4 parameters:
     lens_photoz_errors--width_1
     lens_photoz_errors--width_2
     lens_photoz_errors--width_3
     lens_photoz_errors--width_4
lens_photoz_bias - 4 parameters:
     lens_photoz_errors--bias_1
     lens_photoz_errors--bias_2
     lens_photoz_errors--bias_3
     lens_photoz_errors--bias_4
source_photoz_bias - 4 parameters:
     wl_photoz_errors--bias_1
     wl_photoz_errors--bias_2
     wl_photoz_errors--bias_3
     wl_photoz_errors--bias_4
IA - 5 parameters:
     intrinsic_alignment_parameters--a1
     intrinsic_alignment_parameters--a2
     intrinsic_alignment_parameters--alpha1
     intrinsic_alignment_parameters--alpha2
     intrinsic_alignment_parameters--bias_ta
pk_to_cl_gg - 4 parameters:
     bias_lens--b1
     bias_lens--b2
     bias_lens--b3
     bias_lens--b4
pk_to_cl - 0 parameters:
add_magnification - 0 parameters:
add_intrinsic - 0 parameters:
2pt_shear - 0 parameters:
2pt_gal - 0 parameters:
2pt_gal_shear - 0 parameters:
shear_m_bias - 4 parameters:
     shear_calibration_parameters--m1
     shear_calibration_parameters--m2
     shear_calibration_parameters--m3
     shear_calibration_parameters--m4
add_point_mass - 0 parameters:
2pt_like - 0 parameters:
shear_ratio_like - 0 parameters:
Results - 0 parameters:
You manually told me in the parameter file to use module 18 as the first in the fast block
Time for full pipeline:  56.69s
Time for slow pipeline:  56.67s
Time for fast pipeline:  0.03s
Time saving: 99.95%

Based on this we have decided: 
   Slow modules (18):
        consistency
        bbn_consistency
        s8_to_sigma8
        camb
        as_to_log1e10as
        fast_pt
        fits_nz
        lens_photoz_width
        lens_photoz_bias
        source_photoz_bias
        IA
        pk_to_cl_gg
        pk_to_cl
        add_magnification
        add_intrinsic
        2pt_shear
        2pt_gal
        2pt_gal_shear
   Fast modules (4):
        shear_m_bias
        add_point_mass
        2pt_like
        shear_ratio_like
   Slow parameters (28):
        cosmological_parameters--ombh2
        cosmological_parameters--omch2
        cosmological_parameters--h0
        cosmological_parameters--mnu
        cosmological_parameters--s_8
        cosmological_parameters--n_s
        halo_model_parameters--logt_agn
        lens_photoz_errors--width_1
        lens_photoz_errors--width_2
        lens_photoz_errors--width_3
        lens_photoz_errors--width_4
        lens_photoz_errors--bias_1
        lens_photoz_errors--bias_2
        lens_photoz_errors--bias_3
        lens_photoz_errors--bias_4
        wl_photoz_errors--bias_1
        wl_photoz_errors--bias_2
        wl_photoz_errors--bias_3
        wl_photoz_errors--bias_4
        intrinsic_alignment_parameters--a1
        intrinsic_alignment_parameters--a2
        intrinsic_alignment_parameters--alpha1
        intrinsic_alignment_parameters--alpha2
        intrinsic_alignment_parameters--bias_ta
        bias_lens--b1
        bias_lens--b2
        bias_lens--b3
        bias_lens--b4
   Fast parameters (4):
        shear_calibration_parameters--m1
        shear_calibration_parameters--m2
        shear_calibration_parameters--m3
        shear_calibration_parameters--m4


pk_to_cl took: 0.484 seconds
add_magnification took: 0.005 seconds
fast_pt took: 0.128 seconds
fits_nz took: 0.000 seconds
lens_photoz_width took: 0.001 seconds
add_intrinsic took: 0.002 seconds
pk_to_cl_gg took: 1.222 seconds
lens_photoz_bias took: 0.001 seconds
pk_to_cl_gg took: 1.259 seconds
2pt_like took: 0.020 seconds
pk_to_cl took: 0.480 seconds
source_photoz_bias took: 0.001 seconds
shear_ratio_like took: 0.001 seconds
Total pipeline time: 56.8 seconds
IA took: 0.015 seconds
pk_to_cl_gg took: 0.889 seconds
2pt_like took: 0.022 seconds
add_magnification took: 0.005 seconds
shear_ratio_like took: 0.001 seconds
Total pipeline time: 57.8 seconds
add_intrinsic took: 0.002 seconds
pk_to_cl took: 0.572 seconds
2pt_gal_shear took: 0.107 seconds
shear_m_bias took: 0.002 seconds
add_point_mass took: 0.000 seconds
pk_to_cl took: 0.477 seconds


Parameters first used in each module:
consistency - 5 parameters:
     cosmological_parameters--ombh2
     cosmological_parameters--omch2
     cosmological_parameters--h0
     cosmological_parameters--mnu
     cosmological_parameters--s_8
bbn_consistency - 0 parameters:
s8_to_sigma8 - 0 parameters:
camb - 2 parameters:
     cosmological_parameters--n_s
     halo_model_parameters--logt_agn
as_to_log1e10as - 0 parameters:
fast_pt - 0 parameters:
fits_nz - 0 parameters:
lens_photoz_width - 4 parameters:
     lens_photoz_errors--width_1
     lens_photoz_errors--width_2
     lens_photoz_errors--width_3
     lens_photoz_errors--width_4
lens_photoz_bias - 4 parameters:
     lens_photoz_errors--bias_1
     lens_photoz_errors--bias_2
     lens_photoz_errors--bias_3
     lens_photoz_errors--bias_4
source_photoz_bias - 4 parameters:
     wl_photoz_errors--bias_1
     wl_photoz_errors--bias_2
     wl_photoz_errors--bias_3
     wl_photoz_errors--bias_4
IA - 5 parameters:
     intrinsic_alignment_parameters--a1
     intrinsic_alignment_parameters--a2
     intrinsic_alignment_parameters--alpha1
     intrinsic_alignment_parameters--alpha2
     intrinsic_alignment_parameters--bias_ta
pk_to_cl_gg - 4 parameters:
     bias_lens--b1
     bias_lens--b2
     bias_lens--b3
     bias_lens--b4
pk_to_cl - 0 parameters:
add_magnification - 0 parameters:
add_intrinsic - 0 parameters:
2pt_shear - 0 parameters:
2pt_gal - 0 parameters:
2pt_gal_shear - 0 parameters:
shear_m_bias - 4 parameters:
     shear_calibration_parameters--m1
     shear_calibration_parameters--m2
     shear_calibration_parameters--m3
     shear_calibration_parameters--m4
add_point_mass - 0 parameters:
2pt_like - 0 parameters:
shear_ratio_like - 0 parameters:
Results - 0 parameters:
You manually told me in the parameter file to use module 18 as the first in the fast block
Time for full pipeline:  56.79s
Time for slow pipeline:  56.76s
Time for fast pipeline:  0.02s
Time saving: 99.96%

Based on this we have decided: 
   Slow modules (18):
        consistency
        bbn_consistency
        s8_to_sigma8
        camb
        as_to_log1e10as
        fast_pt
        fits_nz
        lens_photoz_width
        lens_photoz_bias
        source_photoz_bias
        IA
        pk_to_cl_gg
        pk_to_cl
        add_magnification
        add_intrinsic
        2pt_shear
        2pt_gal
        2pt_gal_shear
   Fast modules (4):
        shear_m_bias
        add_point_mass
        2pt_like
        shear_ratio_like
   Slow parameters (28):
        cosmological_parameters--ombh2
        cosmological_parameters--omch2
        cosmological_parameters--h0
        cosmological_parameters--mnu
        cosmological_parameters--s_8
        cosmological_parameters--n_s
        halo_model_parameters--logt_agn
        lens_photoz_errors--width_1
        lens_photoz_errors--width_2
        lens_photoz_errors--width_3
        lens_photoz_errors--width_4
        lens_photoz_errors--bias_1
        lens_photoz_errors--bias_2
        lens_photoz_errors--bias_3
        lens_photoz_errors--bias_4
        wl_photoz_errors--bias_1
        wl_photoz_errors--bias_2
        wl_photoz_errors--bias_3
        wl_photoz_errors--bias_4
        intrinsic_alignment_parameters--a1
        intrinsic_alignment_parameters--a2
        intrinsic_alignment_parameters--alpha1
        intrinsic_alignment_parameters--alpha2
        intrinsic_alignment_parameters--bias_ta
        bias_lens--b1
        bias_lens--b2
        bias_lens--b3
        bias_lens--b4
   Fast parameters (4):
        shear_calibration_parameters--m1
        shear_calibration_parameters--m2
        shear_calibration_parameters--m3
        shear_calibration_parameters--m4


add_magnification took: 0.005 seconds
pk_to_cl took: 0.669 seconds
pk_to_cl_gg took: 1.231 seconds
add_intrinsic took: 0.002 seconds
add_magnification took: 0.005 seconds
IA took: 0.029 seconds
add_intrinsic took: 0.002 seconds
add_magnification took: 0.005 seconds


Parameters first used in each module:
consistency - 5 parameters:
     cosmological_parameters--ombh2
     cosmological_parameters--omch2
     cosmological_parameters--h0
     cosmological_parameters--mnu
     cosmological_parameters--s_8
bbn_consistency - 0 parameters:
s8_to_sigma8 - 0 parameters:
camb - 2 parameters:
     cosmological_parameters--n_s
     halo_model_parameters--logt_agn
as_to_log1e10as - 0 parameters:
fast_pt - 0 parameters:
fits_nz - 0 parameters:
lens_photoz_width - 4 parameters:
     lens_photoz_errors--width_1
     lens_photoz_errors--width_2
     lens_photoz_errors--width_3
     lens_photoz_errors--width_4
lens_photoz_bias - 4 parameters:
     lens_photoz_errors--bias_1
     lens_photoz_errors--bias_2
     lens_photoz_errors--bias_3
     lens_photoz_errors--bias_4
source_photoz_bias - 4 parameters:
     wl_photoz_errors--bias_1
     wl_photoz_errors--bias_2
     wl_photoz_errors--bias_3
     wl_photoz_errors--bias_4
IA - 5 parameters:
     intrinsic_alignment_parameters--a1
     intrinsic_alignment_parameters--a2
     intrinsic_alignment_parameters--alpha1
     intrinsic_alignment_parameters--alpha2
     intrinsic_alignment_parameters--bias_ta
pk_to_cl_gg - 4 parameters:
     bias_lens--b1
     bias_lens--b2
     bias_lens--b3
     bias_lens--b4
pk_to_cl - 0 parameters:
add_magnification - 0 parameters:
add_intrinsic - 0 parameters:
2pt_shear - 0 parameters:
2pt_gal - 0 parameters:
2pt_gal_shear - 0 parameters:
shear_m_bias - 4 parameters:
     shear_calibration_parameters--m1
     shear_calibration_parameters--m2
     shear_calibration_parameters--m3
     shear_calibration_parameters--m4
add_point_mass - 0 parameters:
2pt_like - 0 parameters:
shear_ratio_like - 0 parameters:
Results - 0 parameters:
You manually told me in the parameter file to use module 18 as the first in the fast block
Time for full pipeline:  57.82s
Time for slow pipeline:  57.80s
Time for fast pipeline:  0.02s
Time saving: 99.96%

Based on this we have decided: 
   Slow modules (18):
        consistency
        bbn_consistency
        s8_to_sigma8
        camb
        as_to_log1e10as
        fast_pt
        fits_nz
        lens_photoz_width
        lens_photoz_bias
        source_photoz_bias
        IA
        pk_to_cl_gg
        pk_to_cl
        add_magnification
        add_intrinsic
        2pt_shear
        2pt_gal
        2pt_gal_shear
   Fast modules (4):
        shear_m_bias
        add_point_mass
        2pt_like
        shear_ratio_like
   Slow parameters (28):
        cosmological_parameters--ombh2
        cosmological_parameters--omch2
        cosmological_parameters--h0
        cosmological_parameters--mnu
        cosmological_parameters--s_8
        cosmological_parameters--n_s
        halo_model_parameters--logt_agn
        lens_photoz_errors--width_1
        lens_photoz_errors--width_2
        lens_photoz_errors--width_3
        lens_photoz_errors--width_4
        lens_photoz_errors--bias_1
        lens_photoz_errors--bias_2
        lens_photoz_errors--bias_3
        lens_photoz_errors--bias_4
        wl_photoz_errors--bias_1
        wl_photoz_errors--bias_2
        wl_photoz_errors--bias_3
        wl_photoz_errors--bias_4
        intrinsic_alignment_parameters--a1
        intrinsic_alignment_parameters--a2
        intrinsic_alignment_parameters--alpha1
        intrinsic_alignment_parameters--alpha2
        intrinsic_alignment_parameters--bias_ta
        bias_lens--b1
        bias_lens--b2
        bias_lens--b3
        bias_lens--b4
   Fast parameters (4):
        shear_calibration_parameters--m1
        shear_calibration_parameters--m2
        shear_calibration_parameters--m3
        shear_calibration_parameters--m4


IA took: 0.018 seconds
add_intrinsic took: 0.002 seconds
Using two grades of parameter speed in polychord.
Telling Polychord to spend fraction 0.1 if its time in the fast subspace (adjust with fast_fraction option)
Polychord num_repeats = 74  (from parameter file)
Using two grades of parameter speed in polychord.
Telling Polychord to spend fraction 0.1 if its time in the fast subspace (adjust with fast_fraction option)
Polychord num_repeats = 74  (from parameter file)
pk_to_cl took: 0.483 seconds
2pt_gal_shear took: 0.107 seconds
2pt_like took: 0.018 seconds
shear_ratio_like took: 0.001 seconds
Total pipeline time: 56.0 seconds
shear_m_bias took: 0.002 seconds
add_point_mass took: 0.000 seconds
add_magnification took: 0.006 seconds
2pt_shear took: 0.095 seconds
fast_pt took: 0.128 seconds
fits_nz took: 0.000 seconds
add_intrinsic took: 0.003 seconds
lens_photoz_width took: 0.001 seconds
lens_photoz_bias took: 0.001 seconds
source_photoz_bias took: 0.001 seconds


Parameters first used in each module:
consistency - 5 parameters:
     cosmological_parameters--ombh2
     cosmological_parameters--omch2
     cosmological_parameters--h0
     cosmological_parameters--mnu
     cosmological_parameters--s_8
bbn_consistency - 0 parameters:
s8_to_sigma8 - 0 parameters:
camb - 2 parameters:
     cosmological_parameters--n_s
     halo_model_parameters--logt_agn
as_to_log1e10as - 0 parameters:
fast_pt - 0 parameters:
fits_nz - 0 parameters:
lens_photoz_width - 4 parameters:
     lens_photoz_errors--width_1
     lens_photoz_errors--width_2
     lens_photoz_errors--width_3
     lens_photoz_errors--width_4
lens_photoz_bias - 4 parameters:
     lens_photoz_errors--bias_1
     lens_photoz_errors--bias_2
     lens_photoz_errors--bias_3
     lens_photoz_errors--bias_4
source_photoz_bias - 4 parameters:
     wl_photoz_errors--bias_1
     wl_photoz_errors--bias_2
     wl_photoz_errors--bias_3
     wl_photoz_errors--bias_4
IA - 5 parameters:
     intrinsic_alignment_parameters--a1
     intrinsic_alignment_parameters--a2
     intrinsic_alignment_parameters--alpha1
     intrinsic_alignment_parameters--alpha2
     intrinsic_alignment_parameters--bias_ta
pk_to_cl_gg - 4 parameters:
     bias_lens--b1
     bias_lens--b2
     bias_lens--b3
     bias_lens--b4
pk_to_cl - 0 parameters:
add_magnification - 0 parameters:
add_intrinsic - 0 parameters:
2pt_shear - 0 parameters:
2pt_gal - 0 parameters:
2pt_gal_shear - 0 parameters:
shear_m_bias - 4 parameters:
     shear_calibration_parameters--m1
     shear_calibration_parameters--m2
     shear_calibration_parameters--m3
     shear_calibration_parameters--m4
add_point_mass - 0 parameters:
2pt_like - 0 parameters:
shear_ratio_like - 0 parameters:
Results - 0 parameters:
You manually told me in the parameter file to use module 18 as the first in the fast block
Time for full pipeline:  56.03s
Time for slow pipeline:  56.01s
Time for fast pipeline:  0.02s
Time saving: 99.96%

Based on this we have decided: 
   Slow modules (18):
        consistency
        bbn_consistency
        s8_to_sigma8
        camb
        as_to_log1e10as
        fast_pt
        fits_nz
        lens_photoz_width
        lens_photoz_bias
        source_photoz_bias
        IA
        pk_to_cl_gg
        pk_to_cl
        add_magnification
        add_intrinsic
        2pt_shear
        2pt_gal
        2pt_gal_shear
   Fast modules (4):
        shear_m_bias
        add_point_mass
        2pt_like
        shear_ratio_like
   Slow parameters (28):
        cosmological_parameters--ombh2
        cosmological_parameters--omch2
        cosmological_parameters--h0
        cosmological_parameters--mnu
        cosmological_parameters--s_8
        cosmological_parameters--n_s
        halo_model_parameters--logt_agn
        lens_photoz_errors--width_1
        lens_photoz_errors--width_2
        lens_photoz_errors--width_3
        lens_photoz_errors--width_4
        lens_photoz_errors--bias_1
        lens_photoz_errors--bias_2
        lens_photoz_errors--bias_3
        lens_photoz_errors--bias_4
        wl_photoz_errors--bias_1
        wl_photoz_errors--bias_2
        wl_photoz_errors--bias_3
        wl_photoz_errors--bias_4
        intrinsic_alignment_parameters--a1
        intrinsic_alignment_parameters--a2
        intrinsic_alignment_parameters--alpha1
        intrinsic_alignment_parameters--alpha2
        intrinsic_alignment_parameters--bias_ta
        bias_lens--b1
        bias_lens--b2
        bias_lens--b3
        bias_lens--b4
   Fast parameters (4):
        shear_calibration_parameters--m1
        shear_calibration_parameters--m2
        shear_calibration_parameters--m3
        shear_calibration_parameters--m4


Using two grades of parameter speed in polychord.
Telling Polychord to spend fraction 0.1 if its time in the fast subspace (adjust with fast_fraction option)
Polychord num_repeats = 74  (from parameter file)
2pt_gal_shear took: 0.109 seconds
2pt_like took: 0.020 seconds
shear_m_bias took: 0.002 seconds
add_point_mass took: 0.000 seconds
shear_ratio_like took: 0.001 seconds
Total pipeline time: 56.6 seconds
2pt_gal_shear took: 0.112 seconds
shear_m_bias took: 0.002 seconds
add_point_mass took: 0.000 seconds
camb took: 56.031 seconds
as_to_log1e10as took: 0.000 seconds
pk_to_cl took: 0.641 seconds


Parameters first used in each module:
consistency - 5 parameters:
     cosmological_parameters--ombh2
     cosmological_parameters--omch2
     cosmological_parameters--h0
     cosmological_parameters--mnu
     cosmological_parameters--s_8
bbn_consistency - 0 parameters:
s8_to_sigma8 - 0 parameters:
camb - 2 parameters:
     cosmological_parameters--n_s
     halo_model_parameters--logt_agn
as_to_log1e10as - 0 parameters:
fast_pt - 0 parameters:
fits_nz - 0 parameters:
lens_photoz_width - 4 parameters:
     lens_photoz_errors--width_1
     lens_photoz_errors--width_2
     lens_photoz_errors--width_3
     lens_photoz_errors--width_4
lens_photoz_bias - 4 parameters:
     lens_photoz_errors--bias_1
     lens_photoz_errors--bias_2
     lens_photoz_errors--bias_3
     lens_photoz_errors--bias_4
source_photoz_bias - 4 parameters:
     wl_photoz_errors--bias_1
     wl_photoz_errors--bias_2
     wl_photoz_errors--bias_3
     wl_photoz_errors--bias_4
IA - 5 parameters:
     intrinsic_alignment_parameters--a1
     intrinsic_alignment_parameters--a2
     intrinsic_alignment_parameters--alpha1
     intrinsic_alignment_parameters--alpha2
     intrinsic_alignment_parameters--bias_ta
pk_to_cl_gg - 4 parameters:
     bias_lens--b1
     bias_lens--b2
     bias_lens--b3
     bias_lens--b4
pk_to_cl - 0 parameters:
add_magnification - 0 parameters:
add_intrinsic - 0 parameters:
2pt_shear - 0 parameters:
2pt_gal - 0 parameters:
2pt_gal_shear - 0 parameters:
shear_m_bias - 4 parameters:
     shear_calibration_parameters--m1
     shear_calibration_parameters--m2
     shear_calibration_parameters--m3
     shear_calibration_parameters--m4
add_point_mass - 0 parameters:
2pt_like - 0 parameters:
shear_ratio_like - 0 parameters:
Results - 0 parameters:
You manually told me in the parameter file to use module 18 as the first in the fast block
Time for full pipeline:  56.58s
Time for slow pipeline:  56.55s
Time for fast pipeline:  0.02s
Time saving: 99.96%

Based on this we have decided: 
   Slow modules (18):
        consistency
        bbn_consistency
        s8_to_sigma8
        camb
        as_to_log1e10as
        fast_pt
        fits_nz
        lens_photoz_width
        lens_photoz_bias
        source_photoz_bias
        IA
        pk_to_cl_gg
        pk_to_cl
        add_magnification
        add_intrinsic
        2pt_shear
        2pt_gal
        2pt_gal_shear
   Fast modules (4):
        shear_m_bias
        add_point_mass
        2pt_like
        shear_ratio_like
   Slow parameters (28):
        cosmological_parameters--ombh2
        cosmological_parameters--omch2
        cosmological_parameters--h0
        cosmological_parameters--mnu
        cosmological_parameters--s_8
        cosmological_parameters--n_s
        halo_model_parameters--logt_agn
        lens_photoz_errors--width_1
        lens_photoz_errors--width_2
        lens_photoz_errors--width_3
        lens_photoz_errors--width_4
        lens_photoz_errors--bias_1
        lens_photoz_errors--bias_2
        lens_photoz_errors--bias_3
        lens_photoz_errors--bias_4
        wl_photoz_errors--bias_1
        wl_photoz_errors--bias_2
        wl_photoz_errors--bias_3
        wl_photoz_errors--bias_4
        intrinsic_alignment_parameters--a1
        intrinsic_alignment_parameters--a2
        intrinsic_alignment_parameters--alpha1
        intrinsic_alignment_parameters--alpha2
        intrinsic_alignment_parameters--bias_ta
        bias_lens--b1
        bias_lens--b2
        bias_lens--b3
        bias_lens--b4
   Fast parameters (4):
        shear_calibration_parameters--m1
        shear_calibration_parameters--m2
        shear_calibration_parameters--m3
        shear_calibration_parameters--m4


2pt_gal took: 0.028 seconds
IA took: 0.025 seconds
add_magnification took: 0.006 seconds
pk_to_cl took: 0.480 seconds
add_intrinsic took: 0.003 seconds
Using two grades of parameter speed in polychord.
Telling Polychord to spend fraction 0.1 if its time in the fast subspace (adjust with fast_fraction option)
Polychord num_repeats = 74  (from parameter file)
2pt_like took: 0.020 seconds
shear_ratio_like took: 0.001 seconds
Total pipeline time: 57.4 seconds
add_magnification took: 0.005 seconds
add_intrinsic took: 0.002 seconds
fast_pt took: 0.128 seconds
fits_nz took: 0.000 seconds
lens_photoz_width took: 0.001 seconds
pk_to_cl took: 0.492 seconds
2pt_like took: 0.020 seconds
lens_photoz_bias took: 0.001 seconds
shear_ratio_like took: 0.001 seconds
Total pipeline time: 56.3 seconds
source_photoz_bias took: 0.001 seconds
pk_to_cl took: 0.506 seconds
pk_to_cl_gg took: 0.936 seconds


Parameters first used in each module:
consistency - 5 parameters:
     cosmological_parameters--ombh2
     cosmological_parameters--omch2
     cosmological_parameters--h0
     cosmological_parameters--mnu
     cosmological_parameters--s_8
bbn_consistency - 0 parameters:
s8_to_sigma8 - 0 parameters:
camb - 2 parameters:
     cosmological_parameters--n_s
     halo_model_parameters--logt_agn
as_to_log1e10as - 0 parameters:
fast_pt - 0 parameters:
fits_nz - 0 parameters:
lens_photoz_width - 4 parameters:
     lens_photoz_errors--width_1
     lens_photoz_errors--width_2
     lens_photoz_errors--width_3
     lens_photoz_errors--width_4
lens_photoz_bias - 4 parameters:
     lens_photoz_errors--bias_1
     lens_photoz_errors--bias_2
     lens_photoz_errors--bias_3
     lens_photoz_errors--bias_4
source_photoz_bias - 4 parameters:
     wl_photoz_errors--bias_1
     wl_photoz_errors--bias_2
     wl_photoz_errors--bias_3
     wl_photoz_errors--bias_4
IA - 5 parameters:
     intrinsic_alignment_parameters--a1
     intrinsic_alignment_parameters--a2
     intrinsic_alignment_parameters--alpha1
     intrinsic_alignment_parameters--alpha2
     intrinsic_alignment_parameters--bias_ta
pk_to_cl_gg - 4 parameters:
     bias_lens--b1
     bias_lens--b2
     bias_lens--b3
     bias_lens--b4
pk_to_cl - 0 parameters:
add_magnification - 0 parameters:
add_intrinsic - 0 parameters:
2pt_shear - 0 parameters:
2pt_gal - 0 parameters:
2pt_gal_shear - 0 parameters:
shear_m_bias - 4 parameters:
     shear_calibration_parameters--m1
     shear_calibration_parameters--m2
     shear_calibration_parameters--m3
     shear_calibration_parameters--m4
add_point_mass - 0 parameters:
2pt_like - 0 parameters:
shear_ratio_like - 0 parameters:
Results - 0 parameters:
You manually told me in the parameter file to use module 18 as the first in the fast block
Time for full pipeline:  57.39s
Time for slow pipeline:  57.37s
Time for fast pipeline:  0.02s
Time saving: 99.96%

Based on this we have decided: 
   Slow modules (18):
        consistency
        bbn_consistency
        s8_to_sigma8
        camb
        as_to_log1e10as
        fast_pt
        fits_nz
        lens_photoz_width
add_magnification took: 0.005 seconds
        lens_photoz_bias
        source_photoz_bias
        IA
        pk_to_cl_gg
        pk_to_cl
        add_magnification
        add_intrinsic
        2pt_shear
        2pt_gal
        2pt_gal_shear
   Fast modules (4):
        shear_m_bias
        add_point_mass
        2pt_like
        shear_ratio_like
   Slow parameters (28):
        cosmological_parameters--ombh2
        cosmological_parameters--omch2
        cosmological_parameters--h0
        cosmological_parameters--mnu
        cosmological_parameters--s_8
        cosmological_parameters--n_s
        halo_model_parameters--logt_agn
        lens_photoz_errors--width_1
        lens_photoz_errors--width_2
        lens_photoz_errors--width_3
        lens_photoz_errors--width_4
        lens_photoz_errors--bias_1
        lens_photoz_errors--bias_2
        lens_photoz_errors--bias_3
        lens_photoz_errors--bias_4
        wl_photoz_errors--bias_1
        wl_photoz_errors--bias_2
        wl_photoz_errors--bias_3
        wl_photoz_errors--bias_4
        intrinsic_alignment_parameters--a1
        intrinsic_alignment_parameters--a2
        intrinsic_alignment_parameters--alpha1
        intrinsic_alignment_parameters--alpha2
        intrinsic_alignment_parameters--bias_ta
        bias_lens--b1
        bias_lens--b2
        bias_lens--b3
        bias_lens--b4
   Fast parameters (4):
        shear_calibration_parameters--m1
        shear_calibration_parameters--m2
        shear_calibration_parameters--m3
        shear_calibration_parameters--m4


2pt_gal_shear took: 0.112 seconds
camb took: 55.529 seconds
as_to_log1e10as took: 0.000 seconds
camb took: 54.879 seconds
as_to_log1e10as took: 0.000 seconds
shear_m_bias took: 0.002 seconds
add_intrinsic took: 0.002 seconds
add_magnification took: 0.005 seconds
add_point_mass took: 0.000 seconds
add_intrinsic took: 0.002 seconds


Parameters first used in each module:
consistency - 5 parameters:
     cosmological_parameters--ombh2
     cosmological_parameters--omch2
     cosmological_parameters--h0
     cosmological_parameters--mnu
     cosmological_parameters--s_8
bbn_consistency - 0 parameters:
s8_to_sigma8 - 0 parameters:
camb - 2 parameters:
     cosmological_parameters--n_s
     halo_model_parameters--logt_agn
as_to_log1e10as - 0 parameters:
fast_pt - 0 parameters:
fits_nz - 0 parameters:
lens_photoz_width - 4 parameters:
     lens_photoz_errors--width_1
     lens_photoz_errors--width_2
     lens_photoz_errors--width_3
     lens_photoz_errors--width_4
lens_photoz_bias - 4 parameters:
     lens_photoz_errors--bias_1
     lens_photoz_errors--bias_2
     lens_photoz_errors--bias_3
     lens_photoz_errors--bias_4
source_photoz_bias - 4 parameters:
     wl_photoz_errors--bias_1
     wl_photoz_errors--bias_2
     wl_photoz_errors--bias_3
     wl_photoz_errors--bias_4
IA - 5 parameters:
     intrinsic_alignment_parameters--a1
     intrinsic_alignment_parameters--a2
     intrinsic_alignment_parameters--alpha1
     intrinsic_alignment_parameters--alpha2
     intrinsic_alignment_parameters--bias_ta
pk_to_cl_gg - 4 parameters:
     bias_lens--b1
     bias_lens--b2
     bias_lens--b3
     bias_lens--b4
pk_to_cl - 0 parameters:
add_magnification - 0 parameters:
add_intrinsic - 0 parameters:
2pt_shear - 0 parameters:
2pt_gal - 0 parameters:
2pt_gal_shear - 0 parameters:
shear_m_bias - 4 parameters:
     shear_calibration_parameters--m1
     shear_calibration_parameters--m2
     shear_calibration_parameters--m3
     shear_calibration_parameters--m4
add_point_mass - 0 parameters:
2pt_like - 0 parameters:
shear_ratio_like - 0 parameters:
Results - 0 parameters:
You manually told me in the parameter file to use module 18 as the first in the fast block
Time for full pipeline:  56.33s
Time for slow pipeline:  56.31s
Time for fast pipeline:  0.02s
Time saving: 99.96%

Based on this we have decided: 
   Slow modules (18):
        consistency
        bbn_consistency
        s8_to_sigma8
        camb
        as_to_log1e10as
        fast_pt
        fits_nz
        lens_photoz_width
        lens_photoz_bias
        source_photoz_bias
        IA
        pk_to_cl_gg
        pk_to_cl
        add_magnification
        add_intrinsic
        2pt_shear
        2pt_gal
        2pt_gal_shear
   Fast modules (4):
        shear_m_bias
        add_point_mass
        2pt_like
        shear_ratio_like
   Slow parameters (28):
        cosmological_parameters--ombh2
        cosmological_parameters--omch2
        cosmological_parameters--h0
        cosmological_parameters--mnu
        cosmological_parameters--s_8
        cosmological_parameters--n_s
        halo_model_parameters--logt_agn
        lens_photoz_errors--width_1
        lens_photoz_errors--width_2
        lens_photoz_errors--width_3
        lens_photoz_errors--width_4
        lens_photoz_errors--bias_1
        lens_photoz_errors--bias_2
        lens_photoz_errors--bias_3
        lens_photoz_errors--bias_4
        wl_photoz_errors--bias_1
        wl_photoz_errors--bias_2
        wl_photoz_errors--bias_3
        wl_photoz_errors--bias_4
        intrinsic_alignment_parameters--a1
        intrinsic_alignment_parameters--a2
        intrinsic_alignment_parameters--alpha1
        intrinsic_alignment_parameters--alpha2
        intrinsic_alignment_parameters--bias_ta
        bias_lens--b1
        bias_lens--b2
        bias_lens--b3
        bias_lens--b4
   Fast parameters (4):
        shear_calibration_parameters--m1
        shear_calibration_parameters--m2
        shear_calibration_parameters--m3
        shear_calibration_parameters--m4


fast_pt took: 0.129 seconds
fits_nz took: 0.000 seconds
2pt_shear took: 0.097 seconds
lens_photoz_width took: 0.001 seconds
lens_photoz_bias took: 0.001 seconds
source_photoz_bias took: 0.001 seconds
camb took: 55.712 seconds
as_to_log1e10as took: 0.000 seconds
2pt_gal_shear took: 0.111 seconds
pk_to_cl_gg took: 0.893 seconds
2pt_shear took: 0.093 seconds
shear_m_bias took: 0.002 seconds
Using two grades of parameter speed in polychord.
Telling Polychord to spend fraction 0.1 if its time in the fast subspace (adjust with fast_fraction option)
2pt_like took: 0.018 seconds
add_point_mass took: 0.000 seconds
Polychord num_repeats = 74  (from parameter file)
shear_ratio_like took: 0.001 seconds
Total pipeline time: 56.5 seconds
IA took: 0.029 seconds
Using two grades of parameter speed in polychord.
Telling Polychord to spend fraction 0.1 if its time in the fast subspace (adjust with fast_fraction option)
2pt_shear took: 0.093 seconds
Polychord num_repeats = 74  (from parameter file)
fast_pt took: 0.123 seconds
pk_to_cl took: 0.640 seconds
fits_nz took: 0.000 seconds
2pt_shear took: 0.093 seconds
lens_photoz_width took: 0.001 seconds


Parameters first used in each module:
consistency - 5 parameters:
     cosmological_parameters--ombh2
     cosmological_parameters--omch2
     cosmological_parameters--h0
     cosmological_parameters--mnu
     cosmological_parameters--s_8
bbn_consistency - 0 parameters:
s8_to_sigma8 - 0 parameters:
camb - 2 parameters:
     cosmological_parameters--n_s
     halo_model_parameters--logt_agn
as_to_log1e10as - 0 parameters:
fast_pt - 0 parameters:
fits_nz - 0 parameters:
lens_photoz_width - 4 parameters:
     lens_photoz_errors--width_1
     lens_photoz_errors--width_2
     lens_photoz_errors--width_3
     lens_photoz_errors--width_4
lens_photoz_bias - 4 parameters:
     lens_photoz_errors--bias_1
     lens_photoz_errors--bias_2
     lens_photoz_errors--bias_3
     lens_photoz_errors--bias_4
source_photoz_bias - 4 parameters:
     wl_photoz_errors--bias_1
     wl_photoz_errors--bias_2
     wl_photoz_errors--bias_3
     wl_photoz_errors--bias_4
IA - 5 parameters:
     intrinsic_alignment_parameters--a1
     intrinsic_alignment_parameters--a2
     intrinsic_alignment_parameters--alpha1
     intrinsic_alignment_parameters--alpha2
     intrinsic_alignment_parameters--bias_ta
pk_to_cl_gg - 4 parameters:
     bias_lens--b1
     bias_lens--b2
     bias_lens--b3
     bias_lens--b4
pk_to_cl - 0 parameters:
add_magnification - 0 parameters:
add_intrinsic - 0 parameters:
2pt_shear - 0 parameters:
2pt_gal - 0 parameters:
2pt_gal_shear - 0 parameters:
shear_m_bias - 4 parameters:
     shear_calibration_parameters--m1
     shear_calibration_parameters--m2
     shear_calibration_parameters--m3
     shear_calibration_parameters--m4
add_point_mass - 0 parameters:
2pt_like - 0 parameters:
shear_ratio_like - 0 parameters:
Results - 0 parameters:
You manually told me in the parameter file to use module 18 as the first in the fast block
Time for full pipeline:  56.51s
Time for slow pipeline:  56.49s
Time for fast pipeline:  0.02s
Time saving: 99.96%

Based on this we have decided: 
   Slow modules (18):
        consistency
        bbn_consistency
        s8_to_sigma8
        camb
        as_to_log1e10as
        fast_pt
        fits_nz
        lens_photoz_width
        lens_photoz_bias
        source_photoz_bias
        IA
        pk_to_cl_gg
        pk_to_cl
        add_magnification
        add_intrinsic
        2pt_shear
        2pt_gal
        2pt_gal_shear
   Fast modules (4):
        shear_m_bias
        add_point_mass
        2pt_like
        shear_ratio_like
   Slow parameters (28):
        cosmological_parameters--ombh2
        cosmological_parameters--omch2
        cosmological_parameters--h0
        cosmological_parameters--mnu
        cosmological_parameters--s_8
        cosmological_parameters--n_s
        halo_model_parameters--logt_agn
        lens_photoz_errors--width_1
        lens_photoz_errors--width_2
        lens_photoz_errors--width_3
        lens_photoz_errors--width_4
        lens_photoz_errors--bias_1
        lens_photoz_errors--bias_2
        lens_photoz_errors--bias_3
        lens_photoz_errors--bias_4
        wl_photoz_errors--bias_1
        wl_photoz_errors--bias_2
        wl_photoz_errors--bias_3
        wl_photoz_errors--bias_4
        intrinsic_alignment_parameters--a1
        intrinsic_alignment_parameters--a2
        intrinsic_alignment_parameters--alpha1
        intrinsic_alignment_parameters--alpha2
        intrinsic_alignment_parameters--bias_ta
        bias_lens--b1
        bias_lens--b2
        bias_lens--b3
        bias_lens--b4
   Fast parameters (4):
        shear_calibration_parameters--m1
        shear_calibration_parameters--m2
        shear_calibration_parameters--m3
        shear_calibration_parameters--m4


lens_photoz_bias took: 0.001 seconds
source_photoz_bias took: 0.001 seconds
2pt_shear took: 0.093 seconds
pk_to_cl took: 0.512 seconds
add_magnification took: 0.006 seconds
Using two grades of parameter speed in polychord.
Telling Polychord to spend fraction 0.1 if its time in the fast subspace (adjust with fast_fraction option)
Polychord num_repeats = 74  (from parameter file)
add_magnification took: 0.005 seconds
add_intrinsic took: 0.003 seconds
add_intrinsic took: 0.002 seconds
2pt_like took: 0.021 seconds
shear_ratio_like took: 0.001 seconds
Total pipeline time: 57.0 seconds
2pt_gal took: 0.029 seconds
camb took: 55.293 seconds
as_to_log1e10as took: 0.000 seconds
IA took: 0.028 seconds
2pt_gal took: 0.027 seconds
camb took: 54.198 seconds
as_to_log1e10as took: 0.000 seconds
pk_to_cl_gg took: 0.890 seconds


Parameters first used in each module:
consistency - 5 parameters:
     cosmological_parameters--ombh2
     cosmological_parameters--omch2
     cosmological_parameters--h0
     cosmological_parameters--mnu
     cosmological_parameters--s_8
bbn_consistency - 0 parameters:
s8_to_sigma8 - 0 parameters:
camb - 2 parameters:
     cosmological_parameters--n_s
     halo_model_parameters--logt_agn
as_to_log1e10as - 0 parameters:
fast_pt - 0 parameters:
fits_nz - 0 parameters:
lens_photoz_width - 4 parameters:
     lens_photoz_errors--width_1
     lens_photoz_errors--width_2
     lens_photoz_errors--width_3
     lens_photoz_errors--width_4
lens_photoz_bias - 4 parameters:
     lens_photoz_errors--bias_1
     lens_photoz_errors--bias_2
     lens_photoz_errors--bias_3
     lens_photoz_errors--bias_4
source_photoz_bias - 4 parameters:
     wl_photoz_errors--bias_1
     wl_photoz_errors--bias_2
     wl_photoz_errors--bias_3
     wl_photoz_errors--bias_4
IA - 5 parameters:
     intrinsic_alignment_parameters--a1
     intrinsic_alignment_parameters--a2
     intrinsic_alignment_parameters--alpha1
     intrinsic_alignment_parameters--alpha2
     intrinsic_alignment_parameters--bias_ta
pk_to_cl_gg - 4 parameters:
     bias_lens--b1
     bias_lens--b2
     bias_lens--b3
     bias_lens--b4
pk_to_cl - 0 parameters:
add_magnification - 0 parameters:
add_intrinsic - 0 parameters:
2pt_shear - 0 parameters:
2pt_gal - 0 parameters:
2pt_gal_shear - 0 parameters:
shear_m_bias - 4 parameters:
     shear_calibration_parameters--m1
     shear_calibration_parameters--m2
     shear_calibration_parameters--m3
     shear_calibration_parameters--m4
add_point_mass - 0 parameters:
2pt_like - 0 parameters:
shear_ratio_like - 0 parameters:
Results - 0 parameters:
You manually told me in the parameter file to use module 18 as the first in the fast block
Time for full pipeline:  57.03s
Time for slow pipeline:  57.01s
Time for fast pipeline:  0.02s
Time saving: 99.96%

Based on this we have decided: 
   Slow modules (18):
        consistency
        bbn_consistency
        s8_to_sigma8
        camb
        as_to_log1e10as
        fast_pt
        fits_nz
        lens_photoz_width
        lens_photoz_bias
        source_photoz_bias
        IA
        pk_to_cl_gg
        pk_to_cl
        add_magnification
        add_intrinsic
        2pt_shear
        2pt_gal
        2pt_gal_shear
   Fast modules (4):
        shear_m_bias
        add_point_mass
        2pt_like
        shear_ratio_like
   Slow parameters (28):
        cosmological_parameters--ombh2
        cosmological_parameters--omch2
        cosmological_parameters--h0
        cosmological_parameters--mnu
        cosmological_parameters--s_8
        cosmological_parameters--n_s
        halo_model_parameters--logt_agn
        lens_photoz_errors--width_1
        lens_photoz_errors--width_2
        lens_photoz_errors--width_3
        lens_photoz_errors--width_4
        lens_photoz_errors--bias_1
        lens_photoz_errors--bias_2
        lens_photoz_errors--bias_3
        lens_photoz_errors--bias_4
        wl_photoz_errors--bias_1
        wl_photoz_errors--bias_2
        wl_photoz_errors--bias_3
        wl_photoz_errors--bias_4
        intrinsic_alignment_parameters--a1
        intrinsic_alignment_parameters--a2
        intrinsic_alignment_parameters--alpha1
        intrinsic_alignment_parameters--alpha2
        intrinsic_alignment_parameters--bias_ta
        bias_lens--b1
        bias_lens--b2
        bias_lens--b3
        bias_lens--b4
   Fast parameters (4):
        shear_calibration_parameters--m1
        shear_calibration_parameters--m2
        shear_calibration_parameters--m3
        shear_calibration_parameters--m4


2pt_gal took: 0.028 seconds
2pt_gal took: 0.028 seconds
2pt_gal took: 0.028 seconds
IA took: 0.028 seconds
camb took: 55.905 seconds
as_to_log1e10as took: 0.000 seconds
2pt_shear took: 0.119 seconds
Using two grades of parameter speed in polychord.
Telling Polychord to spend fraction 0.1 if its time in the fast subspace (adjust with fast_fraction option)
Polychord num_repeats = 74  (from parameter file)
pk_to_cl_gg took: 0.907 seconds
2pt_shear took: 0.096 seconds
2pt_gal_shear took: 0.109 seconds
shear_m_bias took: 0.002 seconds
add_point_mass took: 0.000 seconds
camb took: 53.891 seconds
as_to_log1e10as took: 0.000 seconds
fast_pt took: 0.092 seconds
fast_pt took: 0.091 seconds
fits_nz took: 0.000 seconds
fits_nz took: 0.000 seconds
lens_photoz_width took: 0.001 seconds
lens_photoz_width took: 0.001 seconds
lens_photoz_bias took: 0.001 seconds
lens_photoz_bias took: 0.001 seconds
source_photoz_bias took: 0.001 seconds
source_photoz_bias took: 0.001 seconds
pk_to_cl took: 0.501 seconds
2pt_shear took: 0.093 seconds
2pt_shear took: 0.096 seconds
2pt_gal took: 0.027 seconds
add_magnification took: 0.006 seconds
fast_pt took: 0.128 seconds
fits_nz took: 0.000 seconds
lens_photoz_width took: 0.001 seconds
pk_to_cl took: 0.649 seconds
add_intrinsic took: 0.003 seconds
lens_photoz_bias took: 0.001 seconds
source_photoz_bias took: 0.001 seconds
pk_to_cl took: 0.470 seconds
fast_pt took: 0.091 seconds
fits_nz took: 0.000 seconds
pk_to_cl_gg took: 0.948 seconds
IA took: 0.015 seconds
lens_photoz_width took: 0.001 seconds
2pt_like took: 0.020 seconds
lens_photoz_bias took: 0.001 seconds
2pt_shear took: 0.124 seconds
source_photoz_bias took: 0.001 seconds
shear_ratio_like took: 0.001 seconds
Total pipeline time: 56.8 seconds
add_magnification took: 0.007 seconds
add_magnification took: 0.005 seconds
add_intrinsic took: 0.002 seconds
2pt_gal took: 0.028 seconds
add_intrinsic took: 0.003 seconds
camb took: 55.641 seconds
as_to_log1e10as took: 0.000 seconds
IA took: 0.026 seconds


Parameters first used in each module:
consistency - 5 parameters:
     cosmological_parameters--ombh2
     cosmological_parameters--omch2
     cosmological_parameters--h0
     cosmological_parameters--mnu
     cosmological_parameters--s_8
bbn_consistency - 0 parameters:
s8_to_sigma8 - 0 parameters:
camb - 2 parameters:
     cosmological_parameters--n_s
     halo_model_parameters--logt_agn
as_to_log1e10as - 0 parameters:
fast_pt - 0 parameters:
fits_nz - 0 parameters:
lens_photoz_width - 4 parameters:
     lens_photoz_errors--width_1
     lens_photoz_errors--width_2
     lens_photoz_errors--width_3
     lens_photoz_errors--width_4
lens_photoz_bias - 4 parameters:
     lens_photoz_errors--bias_1
     lens_photoz_errors--bias_2
     lens_photoz_errors--bias_3
     lens_photoz_errors--bias_4
source_photoz_bias - 4 parameters:
     wl_photoz_errors--bias_1
     wl_photoz_errors--bias_2
     wl_photoz_errors--bias_3
     wl_photoz_errors--bias_4
IA - 5 parameters:
     intrinsic_alignment_parameters--a1
     intrinsic_alignment_parameters--a2
     intrinsic_alignment_parameters--alpha1
     intrinsic_alignment_parameters--alpha2
     intrinsic_alignment_parameters--bias_ta
pk_to_cl_gg - 4 parameters:
     bias_lens--b1
     bias_lens--b2
     bias_lens--b3
     bias_lens--b4
pk_to_cl - 0 parameters:
add_magnification - 0 parameters:
add_intrinsic - 0 parameters:
2pt_shear - 0 parameters:
2pt_gal - 0 parameters:
2pt_gal_shear - 0 parameters:
shear_m_bias - 4 parameters:
     shear_calibration_parameters--m1
     shear_calibration_parameters--m2
     shear_calibration_parameters--m3
     shear_calibration_parameters--m4
add_point_mass - 0 parameters:
2pt_like - 0 parameters:
shear_ratio_like - 0 parameters:
Results - 0 parameters:
You manually told me in the parameter file to use module 18 as the first in the fast block
Time for full pipeline:  56.78s
Time for slow pipeline:  56.76s
Time for fast pipeline:  0.02s
Time saving: 99.96%

Based on this we have decided: 
   Slow modules (18):
        consistency
        bbn_consistency
        s8_to_sigma8
        camb
        as_to_log1e10as
        fast_pt
        fits_nz
        lens_photoz_width
        lens_photoz_bias
        source_photoz_bias
        IA
        pk_to_cl_gg
        pk_to_cl
        add_magnification
        add_intrinsic
        2pt_shear
        2pt_gal
        2pt_gal_shear
   Fast modules (4):
        shear_m_bias
        add_point_mass
        2pt_like
        shear_ratio_like
   Slow parameters (28):
        cosmological_parameters--ombh2
        cosmological_parameters--omch2
        cosmological_parameters--h0
        cosmological_parameters--mnu
        cosmological_parameters--s_8
        cosmological_parameters--n_s
        halo_model_parameters--logt_agn
        lens_photoz_errors--width_1
        lens_photoz_errors--width_2
        lens_photoz_errors--width_3
        lens_photoz_errors--width_4
        lens_photoz_errors--bias_1
        lens_photoz_errors--bias_2
        lens_photoz_errors--bias_3
        lens_photoz_errors--bias_4
        wl_photoz_errors--bias_1
        wl_photoz_errors--bias_2
        wl_photoz_errors--bias_3
        wl_photoz_errors--bias_4
        intrinsic_alignment_parameters--a1
        intrinsic_alignment_parameters--a2
        intrinsic_alignment_parameters--alpha1
        intrinsic_alignment_parameters--alpha2
        intrinsic_alignment_parameters--bias_ta
        bias_lens--b1
        bias_lens--b2
        bias_lens--b3
        bias_lens--b4
   Fast parameters (4):
        shear_calibration_parameters--m1
        shear_calibration_parameters--m2
        shear_calibration_parameters--m3
        shear_calibration_parameters--m4


2pt_gal took: 0.027 seconds
2pt_gal took: 0.028 seconds
2pt_shear took: 0.092 seconds
Using two grades of parameter speed in polychord.
Telling Polychord to spend fraction 0.1 if its time in the fast subspace (adjust with fast_fraction option)
Polychord num_repeats = 74  (from parameter file)
IA took: 0.029 seconds
fast_pt took: 0.088 seconds
fits_nz took: 0.000 seconds
IA took: 0.025 seconds
fast_pt took: 0.092 seconds
lens_photoz_width took: 0.001 seconds
fits_nz took: 0.000 seconds
camb took: 55.804 seconds
as_to_log1e10as took: 0.000 seconds
lens_photoz_bias took: 0.001 seconds
source_photoz_bias took: 0.001 seconds
lens_photoz_width took: 0.001 seconds
lens_photoz_bias took: 0.001 seconds
source_photoz_bias took: 0.001 seconds
camb took: 54.593 seconds
as_to_log1e10as took: 0.000 seconds
2pt_gal took: 0.037 seconds
Using two grades of parameter speed in polychord.
Telling Polychord to spend fraction 0.1 if its time in the fast subspace (adjust with fast_fraction option)
Polychord num_repeats = 74  (from parameter file)
2pt_gal_shear took: 0.108 seconds
shear_m_bias took: 0.002 seconds
2pt_gal_shear took: 0.113 seconds
add_point_mass took: 0.000 seconds
fast_pt took: 0.092 seconds
fits_nz took: 0.000 seconds
shear_m_bias took: 0.002 seconds
lens_photoz_width took: 0.001 seconds
add_point_mass took: 0.000 seconds
2pt_gal took: 0.027 seconds
lens_photoz_bias took: 0.001 seconds
source_photoz_bias took: 0.001 seconds
Using two grades of parameter speed in polychord.
Telling Polychord to spend fraction 0.1 if its time in the fast subspace (adjust with fast_fraction option)
Polychord num_repeats = 74  (from parameter file)
pk_to_cl took: 0.485 seconds
2pt_shear took: 0.123 seconds
IA took: 0.024 seconds
IA took: 0.025 seconds
2pt_gal_shear took: 0.112 seconds
add_magnification took: 0.005 seconds
2pt_gal_shear took: 0.109 seconds
shear_m_bias took: 0.002 seconds
add_point_mass took: 0.000 seconds
add_intrinsic took: 0.002 seconds
shear_m_bias took: 0.002 seconds
add_point_mass took: 0.000 seconds
2pt_gal_shear took: 0.109 seconds
shear_m_bias took: 0.002 seconds
add_point_mass took: 0.000 seconds
camb took: 54.438 seconds
as_to_log1e10as took: 0.000 seconds
Using two grades of parameter speed in polychord.
Telling Polychord to spend fraction 0.1 if its time in the fast subspace (adjust with fast_fraction option)
Polychord num_repeats = 74  (from parameter file)
2pt_like took: 0.021 seconds
shear_ratio_like took: 0.001 seconds
Total pipeline time: 57.1 seconds
2pt_like took: 0.021 seconds
shear_ratio_like took: 0.001 seconds
Total pipeline time: 57.7 seconds
pk_to_cl_gg took: 0.910 seconds
IA took: 0.024 seconds
fast_pt took: 0.094 seconds
fits_nz took: 0.000 seconds
Using two grades of parameter speed in polychord.
Telling Polychord to spend fraction 0.1 if its time in the fast subspace (adjust with fast_fraction option)
lens_photoz_width took: 0.001 seconds
Polychord num_repeats = 74  (from parameter file)
lens_photoz_bias took: 0.001 seconds
source_photoz_bias took: 0.001 seconds
2pt_like took: 0.020 seconds
2pt_like took: 0.021 seconds
shear_ratio_like took: 0.001 seconds
Total pipeline time: 56.3 seconds
shear_ratio_like took: 0.001 seconds
Total pipeline time: 57.4 seconds


Parameters first used in each module:
consistency - 5 parameters:
     cosmological_parameters--ombh2
     cosmological_parameters--omch2
     cosmological_parameters--h0
     cosmological_parameters--mnu
     cosmological_parameters--s_8
bbn_consistency - 0 parameters:
s8_to_sigma8 - 0 parameters:
camb - 2 parameters:
     cosmological_parameters--n_s
     halo_model_parameters--logt_agn
as_to_log1e10as - 0 parameters:
fast_pt - 0 parameters:
fits_nz - 0 parameters:
lens_photoz_width - 4 parameters:
     lens_photoz_errors--width_1
     lens_photoz_errors--width_2
     lens_photoz_errors--width_3
     lens_photoz_errors--width_4
lens_photoz_bias - 4 parameters:
     lens_photoz_errors--bias_1
     lens_photoz_errors--bias_2
     lens_photoz_errors--bias_3
     lens_photoz_errors--bias_4
source_photoz_bias - 4 parameters:
     wl_photoz_errors--bias_1
     wl_photoz_errors--bias_2
     wl_photoz_errors--bias_3
     wl_photoz_errors--bias_4
IA - 5 parameters:
     intrinsic_alignment_parameters--a1
     intrinsic_alignment_parameters--a2
     intrinsic_alignment_parameters--alpha1
     intrinsic_alignment_parameters--alpha2
     intrinsic_alignment_parameters--bias_ta
pk_to_cl_gg - 4 parameters:
     bias_lens--b1
     bias_lens--b2
     bias_lens--b3
     bias_lens--b4
pk_to_cl - 0 parameters:
add_magnification - 0 parameters:
add_intrinsic - 0 parameters:
2pt_shear - 0 parameters:
2pt_gal - 0 parameters:
2pt_gal_shear - 0 parameters:
shear_m_bias - 4 parameters:
     shear_calibration_parameters--m1
     shear_calibration_parameters--m2
     shear_calibration_parameters--m3
     shear_calibration_parameters--m4
add_point_mass - 0 parameters:
2pt_like - 0 parameters:
shear_ratio_like - 0 parameters:
Results - 0 parameters:
You manually told me in the parameter file to use module 18 as the first in the fast block
Time for full pipeline:  57.66s
Time for slow pipeline:  57.64s
Time for fast pipeline:  0.02s
Time saving: 99.96%

Based on this we have decided: 
   Slow modules (18):
        consistency
        bbn_consistency
        s8_to_sigma8
        camb
        as_to_log1e10as
        fast_pt
        fits_nz
        lens_photoz_width
        lens_photoz_bias
        source_photoz_bias
        IA
        pk_to_cl_gg
        pk_to_cl
        add_magnification
        add_intrinsic
        2pt_shear
        2pt_gal
        2pt_gal_shear
   Fast modules (4):
        shear_m_bias
        add_point_mass
        2pt_like
        shear_ratio_like
   Slow parameters (28):
        cosmological_parameters--ombh2
        cosmological_parameters--omch2
        cosmological_parameters--h0
        cosmological_parameters--mnu
        cosmological_parameters--s_8
        cosmological_parameters--n_s
        halo_model_parameters--logt_agn
        lens_photoz_errors--width_1
        lens_photoz_errors--width_2
        lens_photoz_errors--width_3
        lens_photoz_errors--width_4
        lens_photoz_errors--bias_1
        lens_photoz_errors--bias_2
        lens_photoz_errors--bias_3
        lens_photoz_errors--bias_4
        wl_photoz_errors--bias_1
        wl_photoz_errors--bias_2
        wl_photoz_errors--bias_3
        wl_photoz_errors--bias_4
        intrinsic_alignment_parameters--a1
        intrinsic_alignment_parameters--a2
        intrinsic_alignment_parameters--alpha1
        intrinsic_alignment_parameters--alpha2
        intrinsic_alignment_parameters--bias_ta
        bias_lens--b1
        bias_lens--b2
        bias_lens--b3
        bias_lens--b4
   Fast parameters (4):
        shear_calibration_parameters--m1
        shear_calibration_parameters--m2
        shear_calibration_parameters--m3
        shear_calibration_parameters--m4


2pt_like took: 0.020 seconds


Parameters first used in each module:
consistency - 5 parameters:
     cosmological_parameters--ombh2
     cosmological_parameters--omch2
     cosmological_parameters--h0
     cosmological_parameters--mnu
     cosmological_parameters--s_8
bbn_consistency - 0 parameters:
s8_to_sigma8 - 0 parameters:
camb - 2 parameters:
shear_ratio_like took: 0.001 seconds
Total pipeline time: 57.5 seconds
     cosmological_parameters--n_s
     halo_model_parameters--logt_agn
as_to_log1e10as - 0 parameters:
fast_pt - 0 parameters:
fits_nz - 0 parameters:
lens_photoz_width - 4 parameters:
     lens_photoz_errors--width_1
     lens_photoz_errors--width_2
     lens_photoz_errors--width_3
     lens_photoz_errors--width_4
lens_photoz_bias - 4 parameters:
     lens_photoz_errors--bias_1
     lens_photoz_errors--bias_2
     lens_photoz_errors--bias_3
     lens_photoz_errors--bias_4
source_photoz_bias - 4 parameters:
     wl_photoz_errors--bias_1
     wl_photoz_errors--bias_2
     wl_photoz_errors--bias_3
     wl_photoz_errors--bias_4
IA - 5 parameters:
     intrinsic_alignment_parameters--a1
     intrinsic_alignment_parameters--a2
     intrinsic_alignment_parameters--alpha1
     intrinsic_alignment_parameters--alpha2
     intrinsic_alignment_parameters--bias_ta
pk_to_cl_gg - 4 parameters:
     bias_lens--b1
     bias_lens--b2
     bias_lens--b3
     bias_lens--b4
pk_to_cl - 0 parameters:
add_magnification - 0 parameters:
add_intrinsic - 0 parameters:
2pt_shear - 0 parameters:
2pt_gal - 0 parameters:
2pt_gal_shear - 0 parameters:
shear_m_bias - 4 parameters:
     shear_calibration_parameters--m1
     shear_calibration_parameters--m2
     shear_calibration_parameters--m3
     shear_calibration_parameters--m4
add_point_mass - 0 parameters:
2pt_like - 0 parameters:
shear_ratio_like - 0 parameters:
Results - 0 parameters:
You manually told me in the parameter file to use module 18 as the first in the fast block
Time for full pipeline:  57.12s
Time for slow pipeline:  57.10s
Time for fast pipeline:  0.02s
Time saving: 99.96%

Based on this we have decided: 
   Slow modules (18):
        consistency
        bbn_consistency
        s8_to_sigma8
        camb
        as_to_log1e10as
        fast_pt
        fits_nz
        lens_photoz_width
        lens_photoz_bias
        source_photoz_bias
        IA
        pk_to_cl_gg
        pk_to_cl
        add_magnification
        add_intrinsic
        2pt_shear
        2pt_gal
        2pt_gal_shear
   Fast modules (4):
        shear_m_bias
        add_point_mass
        2pt_like
        shear_ratio_like
   Slow parameters (28):
        cosmological_parameters--ombh2
        cosmological_parameters--omch2
        cosmological_parameters--h0
        cosmological_parameters--mnu
        cosmological_parameters--s_8
        cosmological_parameters--n_s
        halo_model_parameters--logt_agn
        lens_photoz_errors--width_1
        lens_photoz_errors--width_2
        lens_photoz_errors--width_3
        lens_photoz_errors--width_4
        lens_photoz_errors--bias_1
        lens_photoz_errors--bias_2
        lens_photoz_errors--bias_3
        lens_photoz_errors--bias_4
        wl_photoz_errors--bias_1
        wl_photoz_errors--bias_2
        wl_photoz_errors--bias_3
        wl_photoz_errors--bias_4
        intrinsic_alignment_parameters--a1
        intrinsic_alignment_parameters--a2
        intrinsic_alignment_parameters--alpha1
        intrinsic_alignment_parameters--alpha2
        intrinsic_alignment_parameters--bias_ta
        bias_lens--b1
        bias_lens--b2
        bias_lens--b3
        bias_lens--b4
   Fast parameters (4):
        shear_calibration_parameters--m1
        shear_calibration_parameters--m2
        shear_calibration_parameters--m3
        shear_calibration_parameters--m4


camb took: 55.963 seconds
as_to_log1e10as took: 0.000 seconds
2pt_gal took: 0.036 seconds


Parameters first used in each module:
consistency - 5 parameters:
     cosmological_parameters--ombh2
     cosmological_parameters--omch2
     cosmological_parameters--h0
     cosmological_parameters--mnu
     cosmological_parameters--s_8
bbn_consistency - 0 parameters:
s8_to_sigma8 - 0 parameters:
camb - 2 parameters:
     cosmological_parameters--n_s
     halo_model_parameters--logt_agn
as_to_log1e10as - 0 parameters:
fast_pt - 0 parameters:
fits_nz - 0 parameters:
lens_photoz_width - 4 parameters:
     lens_photoz_errors--width_1
     lens_photoz_errors--width_2
     lens_photoz_errors--width_3
     lens_photoz_errors--width_4
lens_photoz_bias - 4 parameters:
     lens_photoz_errors--bias_1
     lens_photoz_errors--bias_2
pk_to_cl took: 0.492 seconds
     lens_photoz_errors--bias_3
     lens_photoz_errors--bias_4
source_photoz_bias - 4 parameters:
     wl_photoz_errors--bias_1
     wl_photoz_errors--bias_2
     wl_photoz_errors--bias_3
     wl_photoz_errors--bias_4
IA - 5 parameters:
     intrinsic_alignment_parameters--a1
     intrinsic_alignment_parameters--a2
     intrinsic_alignment_parameters--alpha1
     intrinsic_alignment_parameters--alpha2
     intrinsic_alignment_parameters--bias_ta
pk_to_cl_gg - 4 parameters:
     bias_lens--b1
     bias_lens--b2
     bias_lens--b3
     bias_lens--b4
pk_to_cl - 0 parameters:
add_magnification - 0 parameters:
add_intrinsic - 0 parameters:
2pt_shear - 0 parameters:
2pt_gal - 0 parameters:
2pt_gal_shear - 0 parameters:
shear_m_bias - 4 parameters:
     shear_calibration_parameters--m1
     shear_calibration_parameters--m2
     shear_calibration_parameters--m3
     shear_calibration_parameters--m4
add_point_mass - 0 parameters:
2pt_like - 0 parameters:
shear_ratio_like - 0 parameters:
Results - 0 parameters:


Parameters first used in each module:
consistency - 5 parameters:
     cosmological_parameters--ombh2
     cosmological_parameters--omch2
     cosmological_parameters--h0
     cosmological_parameters--mnu
     cosmological_parameters--s_8
bbn_consistency - 0 parameters:
s8_to_sigma8 - 0 parameters:
camb - 2 parameters:
     cosmological_parameters--n_s
     halo_model_parameters--logt_agn
as_to_log1e10as - 0 parameters:
fast_pt - 0 parameters:
fits_nz - 0 parameters:
lens_photoz_width - 4 parameters:
     lens_photoz_errors--width_1
     lens_photoz_errors--width_2
     lens_photoz_errors--width_3
     lens_photoz_errors--width_4
lens_photoz_bias - 4 parameters:
     lens_photoz_errors--bias_1
     lens_photoz_errors--bias_2
     lens_photoz_errors--bias_3
     lens_photoz_errors--bias_4
source_photoz_bias - 4 parameters:
     wl_photoz_errors--bias_1
     wl_photoz_errors--bias_2
     wl_photoz_errors--bias_3
     wl_photoz_errors--bias_4
IA - 5 parameters:
     intrinsic_alignment_parameters--a1
     intrinsic_alignment_parameters--a2
     intrinsic_alignment_parameters--alpha1
     intrinsic_alignment_parameters--alpha2
     intrinsic_alignment_parameters--bias_ta
pk_to_cl_gg - 4 parameters:
     bias_lens--b1
     bias_lens--b2
     bias_lens--b3
     bias_lens--b4
pk_to_cl - 0 parameters:
add_magnification - 0 parameters:
add_intrinsic - 0 parameters:
2pt_shear - 0 parameters:
2pt_gal - 0 parameters:
2pt_gal_shear - 0 parameters:
shear_m_bias - 4 parameters:
     shear_calibration_parameters--m1
     shear_calibration_parameters--m2
     shear_calibration_parameters--m3
You manually told me in the parameter file to use module 18 as the first in the fast block
Time for full pipeline:  57.41s
Time for slow pipeline:  57.39s
Time for fast pipeline:  0.02s
Time saving: 99.96%

Based on this we have decided: 
   Slow modules (18):
        consistency
        bbn_consistency
        s8_to_sigma8
     shear_calibration_parameters--m4
add_point_mass - 0 parameters:
2pt_like - 0 parameters:
shear_ratio_like - 0 parameters:
Results - 0 parameters:
You manually told me in the parameter file to use module 18 as the first in the fast block
Time for full pipeline:  56.35s
Time for slow pipeline:  56.33s
Time for fast pipeline:  0.02s
Time saving: 99.96%

Based on this we have decided: 
        camb
        as_to_log1e10as
        fast_pt
        fits_nz
        lens_photoz_width
        lens_photoz_bias
        source_photoz_bias
        IA
        pk_to_cl_gg
        pk_to_cl
        add_magnification
        add_intrinsic
        2pt_shear
        2pt_gal
        2pt_gal_shear
   Fast modules (4):
        shear_m_bias
        add_point_mass
        2pt_like
   Slow modules (18):
        consistency
        bbn_consistency
        s8_to_sigma8
        camb
        as_to_log1e10as
        fast_pt
        fits_nz
        lens_photoz_width
        lens_photoz_bias
        source_photoz_bias
        IA
        pk_to_cl_gg
        pk_to_cl
        add_magnification
        add_intrinsic
        2pt_shear
        2pt_gal
        2pt_gal_shear
   Fast modules (4):
        shear_m_bias
        add_point_mass
        2pt_like
        shear_ratio_like
        shear_ratio_like
   Slow parameters (28):
        cosmological_parameters--ombh2
        cosmological_parameters--omch2
        cosmological_parameters--h0
        cosmological_parameters--mnu
        cosmological_parameters--s_8
        cosmological_parameters--n_s
        halo_model_parameters--logt_agn
        lens_photoz_errors--width_1
        lens_photoz_errors--width_2
        lens_photoz_errors--width_3
        lens_photoz_errors--width_4
   Slow parameters (28):
        cosmological_parameters--ombh2
        cosmological_parameters--omch2
        cosmological_parameters--h0
        cosmological_parameters--mnu
        cosmological_parameters--s_8
        cosmological_parameters--n_s
        halo_model_parameters--logt_agn
        lens_photoz_errors--width_1
        lens_photoz_errors--width_2
        lens_photoz_errors--width_3
        lens_photoz_errors--width_4
        lens_photoz_errors--bias_1
        lens_photoz_errors--bias_2
        lens_photoz_errors--bias_3
        lens_photoz_errors--bias_4
        wl_photoz_errors--bias_1
        wl_photoz_errors--bias_2
        lens_photoz_errors--bias_1
        lens_photoz_errors--bias_2
        lens_photoz_errors--bias_3
        lens_photoz_errors--bias_4
        wl_photoz_errors--bias_1
        wl_photoz_errors--bias_2
        wl_photoz_errors--bias_3
        wl_photoz_errors--bias_4
        intrinsic_alignment_parameters--a1
        intrinsic_alignment_parameters--a2
        intrinsic_alignment_parameters--alpha1
        intrinsic_alignment_parameters--alpha2
        intrinsic_alignment_parameters--bias_ta
        bias_lens--b1
        bias_lens--b2
        bias_lens--b3
        wl_photoz_errors--bias_3
        wl_photoz_errors--bias_4
        intrinsic_alignment_parameters--a1
        intrinsic_alignment_parameters--a2
        intrinsic_alignment_parameters--alpha1
        intrinsic_alignment_parameters--alpha2
        intrinsic_alignment_parameters--bias_ta
        bias_lens--b1
        bias_lens--b2
        bias_lens--b3
        bias_lens--b4
   Fast parameters (4):
        shear_calibration_parameters--m1
        shear_calibration_parameters--m2
        shear_calibration_parameters--m3
        shear_calibration_parameters--m4
        bias_lens--b4
   Fast parameters (4):
        shear_calibration_parameters--m1
        shear_calibration_parameters--m2
        shear_calibration_parameters--m3
        shear_calibration_parameters--m4






Parameters first used in each module:
consistency - 5 parameters:
     cosmological_parameters--ombh2
     cosmological_parameters--omch2
     cosmological_parameters--h0
     cosmological_parameters--mnu
     cosmological_parameters--s_8
bbn_consistency - 0 parameters:
s8_to_sigma8 - 0 parameters:
camb - 2 parameters:
     cosmological_parameters--n_s
     halo_model_parameters--logt_agn
as_to_log1e10as - 0 parameters:
fast_pt - 0 parameters:
fits_nz - 0 parameters:
lens_photoz_width - 4 parameters:
     lens_photoz_errors--width_1
     lens_photoz_errors--width_2
     lens_photoz_errors--width_3
     lens_photoz_errors--width_4
lens_photoz_bias - 4 parameters:
     lens_photoz_errors--bias_1
     lens_photoz_errors--bias_2
     lens_photoz_errors--bias_3
     lens_photoz_errors--bias_4
source_photoz_bias - 4 parameters:
     wl_photoz_errors--bias_1
     wl_photoz_errors--bias_2
     wl_photoz_errors--bias_3
     wl_photoz_errors--bias_4
IA - 5 parameters:
     intrinsic_alignment_parameters--a1
     intrinsic_alignment_parameters--a2
     intrinsic_alignment_parameters--alpha1
     intrinsic_alignment_parameters--alpha2
     intrinsic_alignment_parameters--bias_ta
pk_to_cl_gg - 4 parameters:
     bias_lens--b1
     bias_lens--b2
     bias_lens--b3
     bias_lens--b4
pk_to_cl - 0 parameters:
add_magnification - 0 parameters:
add_intrinsic - 0 parameters:
2pt_shear - 0 parameters:
2pt_gal - 0 parameters:
2pt_gal_shear - 0 parameters:
shear_m_bias - 4 parameters:
     shear_calibration_parameters--m1
     shear_calibration_parameters--m2
     shear_calibration_parameters--m3
     shear_calibration_parameters--m4
add_point_mass - 0 parameters:
2pt_like - 0 parameters:
shear_ratio_like - 0 parameters:
Results - 0 parameters:
You manually told me in the parameter file to use module 18 as the first in the fast block
Time for full pipeline:  57.49s
Time for slow pipeline:  57.46s
Time for fast pipeline:  0.02s
Time saving: 99.96%

Based on this we have decided: 
   Slow modules (18):
        consistency
        bbn_consistency
        s8_to_sigma8
        camb
        as_to_log1e10as
        fast_pt
        fits_nz
        lens_photoz_width
        lens_photoz_bias
        source_photoz_bias
        IA
        pk_to_cl_gg
        pk_to_cl
        add_magnification
        add_intrinsic
        2pt_shear
        2pt_gal
        2pt_gal_shear
   Fast modules (4):
        shear_m_bias
        add_point_mass
        2pt_like
        shear_ratio_like
   Slow parameters (28):
        cosmological_parameters--ombh2
        cosmological_parameters--omch2
        cosmological_parameters--h0
pk_to_cl took: 0.486 seconds
        cosmological_parameters--mnu
        cosmological_parameters--s_8
        cosmological_parameters--n_s
        halo_model_parameters--logt_agn
        lens_photoz_errors--width_1
        lens_photoz_errors--width_2
        lens_photoz_errors--width_3
        lens_photoz_errors--width_4
        lens_photoz_errors--bias_1
        lens_photoz_errors--bias_2
        lens_photoz_errors--bias_3
        lens_photoz_errors--bias_4
        wl_photoz_errors--bias_1
        wl_photoz_errors--bias_2
        wl_photoz_errors--bias_3
        wl_photoz_errors--bias_4
        intrinsic_alignment_parameters--a1
        intrinsic_alignment_parameters--a2
        intrinsic_alignment_parameters--alpha1
        intrinsic_alignment_parameters--alpha2
        intrinsic_alignment_parameters--bias_ta
        bias_lens--b1
        bias_lens--b2
        bias_lens--b3
        bias_lens--b4
   Fast parameters (4):
        shear_calibration_parameters--m1
        shear_calibration_parameters--m2
        shear_calibration_parameters--m3
        shear_calibration_parameters--m4


2pt_gal_shear took: 0.106 seconds
add_magnification took: 0.006 seconds
add_magnification took: 0.005 seconds
Using two grades of parameter speed in polychord.
Telling Polychord to spend fraction 0.1 if its time in the fast subspace (adjust with fast_fraction option)
2pt_shear took: 0.092 seconds
shear_m_bias took: 0.002 seconds
Polychord num_repeats = 74  (from parameter file)
add_point_mass took: 0.000 seconds
camb took: 55.793 seconds
as_to_log1e10as took: 0.000 seconds
add_intrinsic took: 0.003 seconds
add_intrinsic took: 0.002 seconds
pk_to_cl took: 0.484 seconds
2pt_shear took: 0.106 seconds
camb took: 55.571 seconds
as_to_log1e10as took: 0.000 seconds
Using two grades of parameter speed in polychord.
Telling Polychord to spend fraction 0.1 if its time in the fast subspace (adjust with fast_fraction option)
Polychord num_repeats = 74  (from parameter file)
IA took: 0.025 seconds
add_magnification took: 0.005 seconds
fast_pt took: 0.096 seconds
fits_nz took: 0.000 seconds
camb took: 54.717 seconds
as_to_log1e10as took: 0.000 seconds
pk_to_cl took: 0.473 seconds
lens_photoz_width took: 0.001 seconds
add_intrinsic took: 0.003 seconds
lens_photoz_bias took: 0.001 seconds
source_photoz_bias took: 0.001 seconds
add_magnification took: 0.005 seconds
2pt_gal_shear took: 0.108 seconds
add_intrinsic took: 0.002 seconds
Using two grades of parameter speed in polychord.
Telling Polychord to spend fraction 0.1 if its time in the fast subspace (adjust with fast_fraction option)
shear_m_bias took: 0.002 seconds
Polychord num_repeats = 74  (from parameter file)
add_point_mass took: 0.000 seconds
2pt_like took: 0.020 seconds
pk_to_cl took: 0.525 seconds
shear_ratio_like took: 0.001 seconds
Total pipeline time: 56.8 seconds
fast_pt took: 0.094 seconds
fits_nz took: 0.000 seconds
2pt_gal_shear took: 0.108 seconds
add_magnification took: 0.005 seconds
fast_pt took: 0.089 seconds
lens_photoz_width took: 0.001 seconds
fits_nz took: 0.000 seconds
pk_to_cl_gg took: 0.897 seconds
lens_photoz_bias took: 0.001 seconds
shear_m_bias took: 0.002 seconds
2pt_gal took: 0.028 seconds
lens_photoz_width took: 0.001 seconds
add_point_mass took: 0.000 seconds
source_photoz_bias took: 0.001 seconds
lens_photoz_bias took: 0.001 seconds
add_intrinsic took: 0.003 seconds
source_photoz_bias took: 0.001 seconds


Parameters first used in each module:
consistency - 5 parameters:
     cosmological_parameters--ombh2
     cosmological_parameters--omch2
     cosmological_parameters--h0
     cosmological_parameters--mnu
     cosmological_parameters--s_8
bbn_consistency - 0 parameters:
s8_to_sigma8 - 0 parameters:
camb - 2 parameters:
     cosmological_parameters--n_s
     halo_model_parameters--logt_agn
as_to_log1e10as - 0 parameters:
fast_pt - 0 parameters:
fits_nz - 0 parameters:
lens_photoz_width - 4 parameters:
     lens_photoz_errors--width_1
     lens_photoz_errors--width_2
     lens_photoz_errors--width_3
     lens_photoz_errors--width_4
lens_photoz_bias - 4 parameters:
     lens_photoz_errors--bias_1
     lens_photoz_errors--bias_2
     lens_photoz_errors--bias_3
     lens_photoz_errors--bias_4
source_photoz_bias - 4 parameters:
     wl_photoz_errors--bias_1
     wl_photoz_errors--bias_2
     wl_photoz_errors--bias_3
     wl_photoz_errors--bias_4
IA - 5 parameters:
     intrinsic_alignment_parameters--a1
     intrinsic_alignment_parameters--a2
     intrinsic_alignment_parameters--alpha1
     intrinsic_alignment_parameters--alpha2
     intrinsic_alignment_parameters--bias_ta
pk_to_cl_gg - 4 parameters:
     bias_lens--b1
     bias_lens--b2
     bias_lens--b3
     bias_lens--b4
pk_to_cl - 0 parameters:
add_magnification - 0 parameters:
add_intrinsic - 0 parameters:
2pt_shear - 0 parameters:
2pt_gal - 0 parameters:
2pt_gal_shear - 0 parameters:
shear_m_bias - 4 parameters:
     shear_calibration_parameters--m1
     shear_calibration_parameters--m2
     shear_calibration_parameters--m3
     shear_calibration_parameters--m4
add_point_mass - 0 parameters:
2pt_like - 0 parameters:
shear_ratio_like - 0 parameters:
Results - 0 parameters:
You manually told me in the parameter file to use module 18 as the first in the fast block
Time for full pipeline:  56.75s
Time for slow pipeline:  56.73s
Time for fast pipeline:  0.02s
Time saving: 99.96%

Based on this we have decided: 
   Slow modules (18):
        consistency
        bbn_consistency
        s8_to_sigma8
        camb
        as_to_log1e10as
        fast_pt
        fits_nz
        lens_photoz_width
        lens_photoz_bias
        source_photoz_bias
        IA
        pk_to_cl_gg
        pk_to_cl
        add_magnification
        add_intrinsic
        2pt_shear
        2pt_gal
        2pt_gal_shear
   Fast modules (4):
        shear_m_bias
        add_point_mass
        2pt_like
        shear_ratio_like
   Slow parameters (28):
        cosmological_parameters--ombh2
        cosmological_parameters--omch2
        cosmological_parameters--h0
        cosmological_parameters--mnu
        cosmological_parameters--s_8
        cosmological_parameters--n_s
        halo_model_parameters--logt_agn
        lens_photoz_errors--width_1
        lens_photoz_errors--width_2
        lens_photoz_errors--width_3
        lens_photoz_errors--width_4
        lens_photoz_errors--bias_1
        lens_photoz_errors--bias_2
        lens_photoz_errors--bias_3
        lens_photoz_errors--bias_4
        wl_photoz_errors--bias_1
        wl_photoz_errors--bias_2
        wl_photoz_errors--bias_3
        wl_photoz_errors--bias_4
        intrinsic_alignment_parameters--a1
        intrinsic_alignment_parameters--a2
        intrinsic_alignment_parameters--alpha1
        intrinsic_alignment_parameters--alpha2
        intrinsic_alignment_parameters--bias_ta
        bias_lens--b1
        bias_lens--b2
        bias_lens--b3
        bias_lens--b4
   Fast parameters (4):
        shear_calibration_parameters--m1
        shear_calibration_parameters--m2
        shear_calibration_parameters--m3
        shear_calibration_parameters--m4


2pt_gal took: 0.028 seconds
2pt_gal_shear took: 0.113 seconds
pk_to_cl took: 0.579 seconds
shear_m_bias took: 0.002 seconds
add_point_mass took: 0.000 seconds
IA took: 0.025 seconds
add_magnification took: 0.005 seconds
2pt_shear took: 0.130 seconds
2pt_like took: 0.021 seconds
shear_ratio_like took: 0.001 seconds
Total pipeline time: 57.1 seconds
add_intrinsic took: 0.002 seconds
camb took: 54.531 seconds
as_to_log1e10as took: 0.000 seconds
Using two grades of parameter speed in polychord.
Telling Polychord to spend fraction 0.1 if its time in the fast subspace (adjust with fast_fraction option)
Polychord num_repeats = 74  (from parameter file)
2pt_like took: 0.020 seconds
shear_ratio_like took: 0.001 seconds
Total pipeline time: 56.9 seconds


Parameters first used in each module:
consistency - 5 parameters:
     cosmological_parameters--ombh2
     cosmological_parameters--omch2
     cosmological_parameters--h0
     cosmological_parameters--mnu
     cosmological_parameters--s_8
bbn_consistency - 0 parameters:
s8_to_sigma8 - 0 parameters:
camb - 2 parameters:
     cosmological_parameters--n_s
     halo_model_parameters--logt_agn
as_to_log1e10as - 0 parameters:
fast_pt - 0 parameters:
fits_nz - 0 parameters:
lens_photoz_width - 4 parameters:
     lens_photoz_errors--width_1
     lens_photoz_errors--width_2
     lens_photoz_errors--width_3
     lens_photoz_errors--width_4
IA took: 0.024 seconds
lens_photoz_bias - 4 parameters:
     lens_photoz_errors--bias_1
     lens_photoz_errors--bias_2
     lens_photoz_errors--bias_3
     lens_photoz_errors--bias_4
source_photoz_bias - 4 parameters:
     wl_photoz_errors--bias_1
     wl_photoz_errors--bias_2
     wl_photoz_errors--bias_3
     wl_photoz_errors--bias_4
IA - 5 parameters:
     intrinsic_alignment_parameters--a1
     intrinsic_alignment_parameters--a2
     intrinsic_alignment_parameters--alpha1
     intrinsic_alignment_parameters--alpha2
     intrinsic_alignment_parameters--bias_ta
pk_to_cl_gg - 4 parameters:
     bias_lens--b1
     bias_lens--b2
     bias_lens--b3
     bias_lens--b4
pk_to_cl - 0 parameters:
add_magnification - 0 parameters:
add_intrinsic - 0 parameters:
2pt_shear - 0 parameters:
2pt_gal - 0 parameters:
2pt_gal_shear - 0 parameters:
shear_m_bias - 4 parameters:
     shear_calibration_parameters--m1
     shear_calibration_parameters--m2
     shear_calibration_parameters--m3
     shear_calibration_parameters--m4
add_point_mass - 0 parameters:
2pt_like - 0 parameters:
shear_ratio_like - 0 parameters:
Results - 0 parameters:
You manually told me in the parameter file to use module 18 as the first in the fast block
Time for full pipeline:  57.07s
Time for slow pipeline:  57.05s
Time for fast pipeline:  0.02s
Time saving: 99.96%

Based on this we have decided: 
   Slow modules (18):
        consistency
        bbn_consistency
        s8_to_sigma8
        camb
        as_to_log1e10as
        fast_pt
        fits_nz
        lens_photoz_width
        lens_photoz_bias
        source_photoz_bias
        IA
        pk_to_cl_gg
        pk_to_cl
        add_magnification
        add_intrinsic
        2pt_shear
        2pt_gal
        2pt_gal_shear
   Fast modules (4):
        shear_m_bias
        add_point_mass
        2pt_like
        shear_ratio_like
   Slow parameters (28):
        cosmological_parameters--ombh2
        cosmological_parameters--omch2
        cosmological_parameters--h0
        cosmological_parameters--mnu
        cosmological_parameters--s_8
        cosmological_parameters--n_s
        halo_model_parameters--logt_agn
        lens_photoz_errors--width_1
        lens_photoz_errors--width_2
        lens_photoz_errors--width_3
        lens_photoz_errors--width_4
        lens_photoz_errors--bias_1
        lens_photoz_errors--bias_2
        lens_photoz_errors--bias_3
        lens_photoz_errors--bias_4
        wl_photoz_errors--bias_1
        wl_photoz_errors--bias_2
        wl_photoz_errors--bias_3
        wl_photoz_errors--bias_4
        intrinsic_alignment_parameters--a1
        intrinsic_alignment_parameters--a2
        intrinsic_alignment_parameters--alpha1
        intrinsic_alignment_parameters--alpha2
        intrinsic_alignment_parameters--bias_ta
        bias_lens--b1
        bias_lens--b2
        bias_lens--b3
        bias_lens--b4
   Fast parameters (4):
        shear_calibration_parameters--m1
        shear_calibration_parameters--m2
        shear_calibration_parameters--m3
        shear_calibration_parameters--m4


pk_to_cl took: 0.482 seconds
IA took: 0.026 seconds
2pt_like took: 0.021 seconds
fast_pt took: 0.091 seconds
fits_nz took: 0.000 seconds
shear_ratio_like took: 0.001 seconds
Total pipeline time: 57.4 seconds
2pt_shear took: 0.096 seconds
lens_photoz_width took: 0.001 seconds
lens_photoz_bias took: 0.001 seconds
pk_to_cl took: 0.486 seconds


Parameters first used in each module:
consistency - 5 parameters:
     cosmological_parameters--ombh2
     cosmological_parameters--omch2
     cosmological_parameters--h0
     cosmological_parameters--mnu
     cosmological_parameters--s_8
bbn_consistency - 0 parameters:
s8_to_sigma8 - 0 parameters:
camb - 2 parameters:
     cosmological_parameters--n_s
     halo_model_parameters--logt_agn
as_to_log1e10as - 0 parameters:
fast_pt - 0 parameters:
fits_nz - 0 parameters:
lens_photoz_width - 4 parameters:
     lens_photoz_errors--width_1
     lens_photoz_errors--width_2
     lens_photoz_errors--width_3
     lens_photoz_errors--width_4
lens_photoz_bias - 4 parameters:
     lens_photoz_errors--bias_1
source_photoz_bias took: 0.001 seconds
     lens_photoz_errors--bias_2
     lens_photoz_errors--bias_3
     lens_photoz_errors--bias_4
source_photoz_bias - 4 parameters:
     wl_photoz_errors--bias_1
     wl_photoz_errors--bias_2
     wl_photoz_errors--bias_3
     wl_photoz_errors--bias_4
IA - 5 parameters:
     intrinsic_alignment_parameters--a1
     intrinsic_alignment_parameters--a2
     intrinsic_alignment_parameters--alpha1
     intrinsic_alignment_parameters--alpha2
     intrinsic_alignment_parameters--bias_ta
pk_to_cl_gg - 4 parameters:
     bias_lens--b1
     bias_lens--b2
     bias_lens--b3
     bias_lens--b4
pk_to_cl - 0 parameters:
add_magnification - 0 parameters:
add_intrinsic - 0 parameters:
2pt_shear - 0 parameters:
2pt_gal - 0 parameters:
2pt_gal_shear - 0 parameters:
shear_m_bias - 4 parameters:
     shear_calibration_parameters--m1
     shear_calibration_parameters--m2
     shear_calibration_parameters--m3
     shear_calibration_parameters--m4
add_point_mass - 0 parameters:
2pt_like - 0 parameters:
shear_ratio_like - 0 parameters:
Results - 0 parameters:
You manually told me in the parameter file to use module 18 as the first in the fast block
Time for full pipeline:  56.93s
Time for slow pipeline:  56.90s
add_magnification took: 0.005 seconds
Time for fast pipeline:  0.02s
Time saving: 99.96%

Based on this we have decided: 
   Slow modules (18):
        consistency
        bbn_consistency
        s8_to_sigma8
        camb
        as_to_log1e10as
        fast_pt
        fits_nz
        lens_photoz_width
        lens_photoz_bias
        source_photoz_bias
        IA
        pk_to_cl_gg
        pk_to_cl
        add_magnification
        add_intrinsic
        2pt_shear
        2pt_gal
        2pt_gal_shear
   Fast modules (4):
        shear_m_bias
        add_point_mass
        2pt_like
        shear_ratio_like
   Slow parameters (28):
        cosmological_parameters--ombh2
        cosmological_parameters--omch2
        cosmological_parameters--h0
        cosmological_parameters--mnu
        cosmological_parameters--s_8
        cosmological_parameters--n_s
        halo_model_parameters--logt_agn
        lens_photoz_errors--width_1
        lens_photoz_errors--width_2
        lens_photoz_errors--width_3
        lens_photoz_errors--width_4
        lens_photoz_errors--bias_1
        lens_photoz_errors--bias_2
        lens_photoz_errors--bias_3
        lens_photoz_errors--bias_4
        wl_photoz_errors--bias_1
        wl_photoz_errors--bias_2
        wl_photoz_errors--bias_3
        wl_photoz_errors--bias_4
        intrinsic_alignment_parameters--a1
        intrinsic_alignment_parameters--a2
        intrinsic_alignment_parameters--alpha1
        intrinsic_alignment_parameters--alpha2
        intrinsic_alignment_parameters--bias_ta
        bias_lens--b1
        bias_lens--b2
        bias_lens--b3
        bias_lens--b4
   Fast parameters (4):
        shear_calibration_parameters--m1
        shear_calibration_parameters--m2
        shear_calibration_parameters--m3
        shear_calibration_parameters--m4


2pt_gal_shear took: 0.108 seconds
shear_m_bias took: 0.002 seconds
add_intrinsic took: 0.002 seconds
add_point_mass took: 0.000 seconds
add_magnification took: 0.005 seconds
pk_to_cl took: 0.489 seconds
camb took: 54.625 seconds
as_to_log1e10as took: 0.000 seconds
add_intrinsic took: 0.002 seconds


Parameters first used in each module:
consistency - 5 parameters:
     cosmological_parameters--ombh2
     cosmological_parameters--omch2
     cosmological_parameters--h0
     cosmological_parameters--mnu
     cosmological_parameters--s_8
bbn_consistency - 0 parameters:
s8_to_sigma8 - 0 parameters:
camb - 2 parameters:
     cosmological_parameters--n_s
     halo_model_parameters--logt_agn
as_to_log1e10as - 0 parameters:
fast_pt - 0 parameters:
fits_nz - 0 parameters:
lens_photoz_width - 4 parameters:
     lens_photoz_errors--width_1
     lens_photoz_errors--width_2
     lens_photoz_errors--width_3
     lens_photoz_errors--width_4
lens_photoz_bias - 4 parameters:
     lens_photoz_errors--bias_1
     lens_photoz_errors--bias_2
     lens_photoz_errors--bias_3
     lens_photoz_errors--bias_4
source_photoz_bias - 4 parameters:
     wl_photoz_errors--bias_1
     wl_photoz_errors--bias_2
     wl_photoz_errors--bias_3
     wl_photoz_errors--bias_4
IA - 5 parameters:
     intrinsic_alignment_parameters--a1
     intrinsic_alignment_parameters--a2
     intrinsic_alignment_parameters--alpha1
     intrinsic_alignment_parameters--alpha2
     intrinsic_alignment_parameters--bias_ta
pk_to_cl_gg - 4 parameters:
     bias_lens--b1
     bias_lens--b2
     bias_lens--b3
     bias_lens--b4
pk_to_cl - 0 parameters:
add_magnification - 0 parameters:
add_intrinsic - 0 parameters:
2pt_shear - 0 parameters:
2pt_gal - 0 parameters:
2pt_gal_shear - 0 parameters:
shear_m_bias - 4 parameters:
     shear_calibration_parameters--m1
     shear_calibration_parameters--m2
     shear_calibration_parameters--m3
     shear_calibration_parameters--m4
add_point_mass - 0 parameters:
2pt_like - 0 parameters:
shear_ratio_like - 0 parameters:
Results - 0 parameters:
You manually told me in the parameter file to use module 18 as the first in the fast block
Time for full pipeline:  57.38s
Time for slow pipeline:  57.35s
Time for fast pipeline:  0.02s
Time saving: 99.96%

Based on this we have decided: 
   Slow modules (18):
        consistency
        bbn_consistency
        s8_to_sigma8
        camb
        as_to_log1e10as
        fast_pt
        fits_nz
        lens_photoz_width
        lens_photoz_bias
        source_photoz_bias
        IA
        pk_to_cl_gg
        pk_to_cl
        add_magnification
        add_intrinsic
        2pt_shear
        2pt_gal
        2pt_gal_shear
   Fast modules (4):
        shear_m_bias
        add_point_mass
        2pt_like
        shear_ratio_like
   Slow parameters (28):
        cosmological_parameters--ombh2
        cosmological_parameters--omch2
        cosmological_parameters--h0
        cosmological_parameters--mnu
        cosmological_parameters--s_8
        cosmological_parameters--n_s
        halo_model_parameters--logt_agn
        lens_photoz_errors--width_1
        lens_photoz_errors--width_2
        lens_photoz_errors--width_3
        lens_photoz_errors--width_4
        lens_photoz_errors--bias_1
        lens_photoz_errors--bias_2
        lens_photoz_errors--bias_3
        lens_photoz_errors--bias_4
        wl_photoz_errors--bias_1
        wl_photoz_errors--bias_2
        wl_photoz_errors--bias_3
        wl_photoz_errors--bias_4
        intrinsic_alignment_parameters--a1
        intrinsic_alignment_parameters--a2
        intrinsic_alignment_parameters--alpha1
        intrinsic_alignment_parameters--alpha2
        intrinsic_alignment_parameters--bias_ta
        bias_lens--b1
        bias_lens--b2
        bias_lens--b3
        bias_lens--b4
   Fast parameters (4):
        shear_calibration_parameters--m1
        shear_calibration_parameters--m2
        shear_calibration_parameters--m3
        shear_calibration_parameters--m4


add_magnification took: 0.005 seconds
add_intrinsic took: 0.002 seconds
Using two grades of parameter speed in polychord.
Telling Polychord to spend fraction 0.1 if its time in the fast subspace (adjust with fast_fraction option)
Polychord num_repeats = 74  (from parameter file)
2pt_gal took: 0.038 seconds
2pt_like took: 0.018 seconds
shear_ratio_like took: 0.001 seconds
Total pipeline time: 56.7 seconds
IA took: 0.024 seconds
fast_pt took: 0.094 seconds
fits_nz took: 0.000 seconds
lens_photoz_width took: 0.001 seconds
lens_photoz_bias took: 0.001 seconds
2pt_gal_shear took: 0.144 seconds
Using two grades of parameter speed in polychord.
source_photoz_bias took: 0.001 seconds
Telling Polychord to spend fraction 0.1 if its time in the fast subspace (adjust with fast_fraction option)
Polychord num_repeats = 74  (from parameter file)
2pt_gal took: 0.030 seconds
shear_m_bias took: 0.002 seconds
add_point_mass took: 0.000 seconds


Parameters first used in each module:
consistency - 5 parameters:
     cosmological_parameters--ombh2
     cosmological_parameters--omch2
     cosmological_parameters--h0
     cosmological_parameters--mnu
     cosmological_parameters--s_8
bbn_consistency - 0 parameters:
s8_to_sigma8 - 0 parameters:
camb - 2 parameters:
     cosmological_parameters--n_s
     halo_model_parameters--logt_agn
as_to_log1e10as - 0 parameters:
fast_pt - 0 parameters:
fits_nz - 0 parameters:
lens_photoz_width - 4 parameters:
     lens_photoz_errors--width_1
     lens_photoz_errors--width_2
     lens_photoz_errors--width_3
     lens_photoz_errors--width_4
lens_photoz_bias - 4 parameters:
     lens_photoz_errors--bias_1
     lens_photoz_errors--bias_2
     lens_photoz_errors--bias_3
     lens_photoz_errors--bias_4
source_photoz_bias - 4 parameters:
     wl_photoz_errors--bias_1
     wl_photoz_errors--bias_2
     wl_photoz_errors--bias_3
     wl_photoz_errors--bias_4
IA - 5 parameters:
     intrinsic_alignment_parameters--a1
     intrinsic_alignment_parameters--a2
     intrinsic_alignment_parameters--alpha1
     intrinsic_alignment_parameters--alpha2
     intrinsic_alignment_parameters--bias_ta
pk_to_cl_gg - 4 parameters:
     bias_lens--b1
     bias_lens--b2
     bias_lens--b3
     bias_lens--b4
pk_to_cl - 0 parameters:
add_magnification - 0 parameters:
add_intrinsic - 0 parameters:
2pt_shear - 0 parameters:
2pt_gal - 0 parameters:
2pt_gal_shear - 0 parameters:
shear_m_bias - 4 parameters:
     shear_calibration_parameters--m1
     shear_calibration_parameters--m2
     shear_calibration_parameters--m3
     shear_calibration_parameters--m4
add_point_mass - 0 parameters:
2pt_like - 0 parameters:
shear_ratio_like - 0 parameters:
Results - 0 parameters:
You manually told me in the parameter file to use module 18 as the first in the fast block
Time for full pipeline:  56.71s
Time for slow pipeline:  56.69s
Time for fast pipeline:  0.02s
Time saving: 99.96%

Based on this we have decided: 
   Slow modules (18):
        consistency
        bbn_consistency
        s8_to_sigma8
        camb
        as_to_log1e10as
        fast_pt
        fits_nz
        lens_photoz_width
        lens_photoz_bias
        source_photoz_bias
        IA
        pk_to_cl_gg
        pk_to_cl
        add_magnification
        add_intrinsic
        2pt_shear
        2pt_gal
        2pt_gal_shear
   Fast modules (4):
        shear_m_bias
        add_point_mass
        2pt_like
        shear_ratio_like
   Slow parameters (28):
        cosmological_parameters--ombh2
        cosmological_parameters--omch2
        cosmological_parameters--h0
        cosmological_parameters--mnu
        cosmological_parameters--s_8
        cosmological_parameters--n_s
        halo_model_parameters--logt_agn
        lens_photoz_errors--width_1
        lens_photoz_errors--width_2
        lens_photoz_errors--width_3
        lens_photoz_errors--width_4
        lens_photoz_errors--bias_1
        lens_photoz_errors--bias_2
        lens_photoz_errors--bias_3
        lens_photoz_errors--bias_4
        wl_photoz_errors--bias_1
        wl_photoz_errors--bias_2
        wl_photoz_errors--bias_3
        wl_photoz_errors--bias_4
        intrinsic_alignment_parameters--a1
        intrinsic_alignment_parameters--a2
        intrinsic_alignment_parameters--alpha1
        intrinsic_alignment_parameters--alpha2
        intrinsic_alignment_parameters--bias_ta
        bias_lens--b1
        bias_lens--b2
        bias_lens--b3
        bias_lens--b4
   Fast parameters (4):
        shear_calibration_parameters--m1
        shear_calibration_parameters--m2
        shear_calibration_parameters--m3
        shear_calibration_parameters--m4


pk_to_cl took: 0.484 seconds
add_magnification took: 0.005 seconds
Using two grades of parameter speed in polychord.
Telling Polychord to spend fraction 0.1 if its time in the fast subspace (adjust with fast_fraction option)
Polychord num_repeats = 74  (from parameter file)
fast_pt took: 0.089 seconds
add_intrinsic took: 0.002 seconds
fits_nz took: 0.000 seconds
lens_photoz_width took: 0.001 seconds
lens_photoz_bias took: 0.001 seconds
source_photoz_bias took: 0.000 seconds
2pt_shear took: 0.102 seconds
2pt_shear took: 0.094 seconds
pk_to_cl took: 0.493 seconds
pk_to_cl took: 0.492 seconds
add_magnification took: 0.005 seconds
2pt_shear took: 0.093 seconds
IA took: 0.025 seconds
add_intrinsic took: 0.002 seconds
2pt_like took: 0.025 seconds
add_magnification took: 0.005 seconds
shear_ratio_like took: 0.001 seconds
Total pipeline time: 56.9 seconds
add_intrinsic took: 0.003 seconds
pk_to_cl_gg took: 0.924 seconds
2pt_shear took: 0.120 seconds
2pt_shear took: 0.096 seconds
IA took: 0.024 seconds


Parameters first used in each module:
consistency - 5 parameters:
     cosmological_parameters--ombh2
     cosmological_parameters--omch2
     cosmological_parameters--h0
     cosmological_parameters--mnu
     cosmological_parameters--s_8
bbn_consistency - 0 parameters:
s8_to_sigma8 - 0 parameters:
camb - 2 parameters:
     cosmological_parameters--n_s
     halo_model_parameters--logt_agn
as_to_log1e10as - 0 parameters:
fast_pt - 0 parameters:
fits_nz - 0 parameters:
lens_photoz_width - 4 parameters:
     lens_photoz_errors--width_1
     lens_photoz_errors--width_2
     lens_photoz_errors--width_3
     lens_photoz_errors--width_4
lens_photoz_bias - 4 parameters:
     lens_photoz_errors--bias_1
     lens_photoz_errors--bias_2
     lens_photoz_errors--bias_3
     lens_photoz_errors--bias_4
source_photoz_bias - 4 parameters:
     wl_photoz_errors--bias_1
     wl_photoz_errors--bias_2
     wl_photoz_errors--bias_3
     wl_photoz_errors--bias_4
IA - 5 parameters:
     intrinsic_alignment_parameters--a1
     intrinsic_alignment_parameters--a2
     intrinsic_alignment_parameters--alpha1
     intrinsic_alignment_parameters--alpha2
     intrinsic_alignment_parameters--bias_ta
pk_to_cl_gg - 4 parameters:
     bias_lens--b1
     bias_lens--b2
     bias_lens--b3
fast_pt took: 0.128 seconds
     bias_lens--b4
pk_to_cl - 0 parameters:
add_magnification - 0 parameters:
add_intrinsic - 0 parameters:
2pt_shear - 0 parameters:
2pt_gal - 0 parameters:
2pt_gal_shear - 0 parameters:
shear_m_bias - 4 parameters:
     shear_calibration_parameters--m1
     shear_calibration_parameters--m2
     shear_calibration_parameters--m3
     shear_calibration_parameters--m4
add_point_mass - 0 parameters:
2pt_like - 0 parameters:
shear_ratio_like - 0 parameters:
Results - 0 parameters:
You manually told me in the parameter file to use module 18 as the first in the fast block
Time for full pipeline:  56.93s
Time for slow pipeline:  56.90s
Time for fast pipeline:  0.03s
Time saving: 99.95%

Based on this we have decided: 
   Slow modules (18):
        consistency
        bbn_consistency
        s8_to_sigma8
        camb
        as_to_log1e10as
        fast_pt
        fits_nz
        lens_photoz_width
        lens_photoz_bias
        source_photoz_bias
        IA
        pk_to_cl_gg
        pk_to_cl
        add_magnification
        add_intrinsic
        2pt_shear
        2pt_gal
        2pt_gal_shear
   Fast modules (4):
        shear_m_bias
        add_point_mass
        2pt_like
        shear_ratio_like
   Slow parameters (28):
        cosmological_parameters--ombh2
        cosmological_parameters--omch2
        cosmological_parameters--h0
        cosmological_parameters--mnu
        cosmological_parameters--s_8
        cosmological_parameters--n_s
        halo_model_parameters--logt_agn
        lens_photoz_errors--width_1
        lens_photoz_errors--width_2
fits_nz took: 0.000 seconds
        lens_photoz_errors--width_3
        lens_photoz_errors--width_4
        lens_photoz_errors--bias_1
        lens_photoz_errors--bias_2
        lens_photoz_errors--bias_3
        lens_photoz_errors--bias_4
        wl_photoz_errors--bias_1
        wl_photoz_errors--bias_2
        wl_photoz_errors--bias_3
        wl_photoz_errors--bias_4
        intrinsic_alignment_parameters--a1
        intrinsic_alignment_parameters--a2
        intrinsic_alignment_parameters--alpha1
        intrinsic_alignment_parameters--alpha2
        intrinsic_alignment_parameters--bias_ta
        bias_lens--b1
        bias_lens--b2
        bias_lens--b3
        bias_lens--b4
   Fast parameters (4):
        shear_calibration_parameters--m1
        shear_calibration_parameters--m2
        shear_calibration_parameters--m3
        shear_calibration_parameters--m4


fast_pt took: 0.090 seconds
lens_photoz_width took: 0.001 seconds
fits_nz took: 0.000 seconds
2pt_gal took: 0.028 seconds
lens_photoz_bias took: 0.001 seconds
lens_photoz_width took: 0.001 seconds
source_photoz_bias took: 0.001 seconds
2pt_gal_shear took: 0.142 seconds
lens_photoz_bias took: 0.001 seconds
2pt_gal took: 0.030 seconds
source_photoz_bias took: 0.000 seconds
fast_pt took: 0.129 seconds
2pt_shear took: 0.093 seconds
fits_nz took: 0.000 seconds
shear_m_bias took: 0.002 seconds
add_point_mass took: 0.000 seconds
lens_photoz_width took: 0.001 seconds
2pt_gal_shear took: 0.108 seconds
lens_photoz_bias took: 0.001 seconds
source_photoz_bias took: 0.001 seconds
shear_m_bias took: 0.002 seconds
add_point_mass took: 0.000 seconds
2pt_gal took: 0.028 seconds
2pt_gal_shear took: 0.109 seconds
shear_m_bias took: 0.002 seconds
add_point_mass took: 0.000 seconds
IA took: 0.015 seconds
pk_to_cl_gg took: 1.153 seconds
2pt_gal took: 0.028 seconds
pk_to_cl took: 0.493 seconds
2pt_gal took: 0.028 seconds
add_magnification took: 0.005 seconds
2pt_like took: 0.021 seconds
shear_ratio_like took: 0.001 seconds
Total pipeline time: 57.7 seconds
2pt_like took: 0.020 seconds
add_intrinsic took: 0.002 seconds
shear_ratio_like took: 0.001 seconds
Total pipeline time: 56.1 seconds
2pt_shear took: 0.093 seconds
pk_to_cl_gg took: 0.926 seconds
2pt_gal took: 0.028 seconds
IA took: 0.029 seconds
2pt_like took: 0.020 seconds
shear_ratio_like took: 0.001 seconds
Total pipeline time: 57.1 seconds
2pt_shear took: 0.093 seconds
IA took: 0.029 seconds


Parameters first used in each module:
consistency - 5 parameters:
     cosmological_parameters--ombh2
     cosmological_parameters--omch2
     cosmological_parameters--h0
     cosmological_parameters--mnu
     cosmological_parameters--s_8
bbn_consistency - 0 parameters:
s8_to_sigma8 - 0 parameters:
camb - 2 parameters:
     cosmological_parameters--n_s
     halo_model_parameters--logt_agn
as_to_log1e10as - 0 parameters:
fast_pt - 0 parameters:
fits_nz - 0 parameters:
lens_photoz_width - 4 parameters:
     lens_photoz_errors--width_1
     lens_photoz_errors--width_2
     lens_photoz_errors--width_3
     lens_photoz_errors--width_4
lens_photoz_bias - 4 parameters:
     lens_photoz_errors--bias_1
     lens_photoz_errors--bias_2
     lens_photoz_errors--bias_3
     lens_photoz_errors--bias_4
source_photoz_bias - 4 parameters:
     wl_photoz_errors--bias_1
     wl_photoz_errors--bias_2
     wl_photoz_errors--bias_3
     wl_photoz_errors--bias_4
IA - 5 parameters:
     intrinsic_alignment_parameters--a1
     intrinsic_alignment_parameters--a2
     intrinsic_alignment_parameters--alpha1
     intrinsic_alignment_parameters--alpha2
     intrinsic_alignment_parameters--bias_ta
pk_to_cl_gg - 4 parameters:
     bias_lens--b1
     bias_lens--b2
     bias_lens--b3
     bias_lens--b4
pk_to_cl - 0 parameters:
add_magnification - 0 parameters:
add_intrinsic - 0 parameters:
2pt_shear - 0 parameters:
2pt_gal - 0 parameters:
2pt_gal_shear - 0 parameters:
shear_m_bias - 4 parameters:
     shear_calibration_parameters--m1
     shear_calibration_parameters--m2
     shear_calibration_parameters--m3
     shear_calibration_parameters--m4
add_point_mass - 0 parameters:
2pt_like - 0 parameters:
shear_ratio_like - 0 parameters:
Results - 0 parameters:
You manually told me in the parameter file to use module 18 as the first in the fast block
Time for full pipeline:  57.67s
Time for slow pipeline:  57.64s
Time for fast pipeline:  0.02s
Time saving: 99.96%

Based on this we have decided: 
   Slow modules (18):
        consistency
        bbn_consistency
        s8_to_sigma8
        camb
        as_to_log1e10as
        fast_pt
        fits_nz
        lens_photoz_width
        lens_photoz_bias
        source_photoz_bias
        IA
        pk_to_cl_gg
        pk_to_cl
        add_magnification
        add_intrinsic
        2pt_shear
        2pt_gal
        2pt_gal_shear
   Fast modules (4):
        shear_m_bias
        add_point_mass
        2pt_like
        shear_ratio_like
   Slow parameters (28):
        cosmological_parameters--ombh2
        cosmological_parameters--omch2
        cosmological_parameters--h0
        cosmological_parameters--mnu
        cosmological_parameters--s_8
        cosmological_parameters--n_s
        halo_model_parameters--logt_agn
        lens_photoz_errors--width_1
        lens_photoz_errors--width_2
        lens_photoz_errors--width_3
        lens_photoz_errors--width_4
        lens_photoz_errors--bias_1
        lens_photoz_errors--bias_2
        lens_photoz_errors--bias_3
        lens_photoz_errors--bias_4
        wl_photoz_errors--bias_1
        wl_photoz_errors--bias_2
        wl_photoz_errors--bias_3
        wl_photoz_errors--bias_4
        intrinsic_alignment_parameters--a1
        intrinsic_alignment_parameters--a2
        intrinsic_alignment_parameters--alpha1
        intrinsic_alignment_parameters--alpha2
        intrinsic_alignment_parameters--bias_ta
        bias_lens--b1
        bias_lens--b2
        bias_lens--b3
        bias_lens--b4
   Fast parameters (4):
        shear_calibration_parameters--m1
        shear_calibration_parameters--m2
        shear_calibration_parameters--m3
        shear_calibration_parameters--m4




Parameters first used in each module:
consistency - 5 parameters:
     cosmological_parameters--ombh2
     cosmological_parameters--omch2
     cosmological_parameters--h0
     cosmological_parameters--mnu
     cosmological_parameters--s_8
bbn_consistency - 0 parameters:
s8_to_sigma8 - 0 parameters:
camb - 2 parameters:
     cosmological_parameters--n_s
     halo_model_parameters--logt_agn
as_to_log1e10as - 0 parameters:
fast_pt - 0 parameters:
fits_nz - 0 parameters:
lens_photoz_width - 4 parameters:
     lens_photoz_errors--width_1
     lens_photoz_errors--width_2
     lens_photoz_errors--width_3
     lens_photoz_errors--width_4
lens_photoz_bias - 4 parameters:
     lens_photoz_errors--bias_1
     lens_photoz_errors--bias_2
     lens_photoz_errors--bias_3
     lens_photoz_errors--bias_4
source_photoz_bias - 4 parameters:
     wl_photoz_errors--bias_1
     wl_photoz_errors--bias_2
     wl_photoz_errors--bias_3
     wl_photoz_errors--bias_4
IA - 5 parameters:
     intrinsic_alignment_parameters--a1
     intrinsic_alignment_parameters--a2
     intrinsic_alignment_parameters--alpha1
     intrinsic_alignment_parameters--alpha2
     intrinsic_alignment_parameters--bias_ta
pk_to_cl_gg - 4 parameters:
     bias_lens--b1
     bias_lens--b2
     bias_lens--b3
     bias_lens--b4
pk_to_cl - 0 parameters:
add_magnification - 0 parameters:
add_intrinsic - 0 parameters:
2pt_shear - 0 parameters:
2pt_gal - 0 parameters:
2pt_gal_shear - 0 parameters:
shear_m_bias - 4 parameters:
     shear_calibration_parameters--m1
     shear_calibration_parameters--m2
     shear_calibration_parameters--m3
     shear_calibration_parameters--m4
add_point_mass - 0 parameters:
2pt_like - 0 parameters:
shear_ratio_like - 0 parameters:
Results - 0 parameters:
You manually told me in the parameter file to use module 18 as the first in the fast block
Time for full pipeline:  56.15s
Time for slow pipeline:  56.12s
Time for fast pipeline:  0.02s
Time saving: 99.96%

Based on this we have decided: 
   Slow modules (18):
        consistency
        bbn_consistency
        s8_to_sigma8
        camb
        as_to_log1e10as
        fast_pt
        fits_nz
        lens_photoz_width
        lens_photoz_bias
        source_photoz_bias
        IA
        pk_to_cl_gg
        pk_to_cl
        add_magnification
        add_intrinsic
        2pt_shear
        2pt_gal
        2pt_gal_shear
   Fast modules (4):
        shear_m_bias
        add_point_mass
        2pt_like
        shear_ratio_like
   Slow parameters (28):
        cosmological_parameters--ombh2
        cosmological_parameters--omch2
        cosmological_parameters--h0
        cosmological_parameters--mnu
        cosmological_parameters--s_8
        cosmological_parameters--n_s
        halo_model_parameters--logt_agn
        lens_photoz_errors--width_1
        lens_photoz_errors--width_2
        lens_photoz_errors--width_3
        lens_photoz_errors--width_4
        lens_photoz_errors--bias_1
        lens_photoz_errors--bias_2
        lens_photoz_errors--bias_3
        lens_photoz_errors--bias_4
        wl_photoz_errors--bias_1
        wl_photoz_errors--bias_2
        wl_photoz_errors--bias_3
        wl_photoz_errors--bias_4
        intrinsic_alignment_parameters--a1
        intrinsic_alignment_parameters--a2
        intrinsic_alignment_parameters--alpha1
        intrinsic_alignment_parameters--alpha2
        intrinsic_alignment_parameters--bias_ta
        bias_lens--b1
        bias_lens--b2
        bias_lens--b3
        bias_lens--b4
   Fast parameters (4):
        shear_calibration_parameters--m1
        shear_calibration_parameters--m2
        shear_calibration_parameters--m3
        shear_calibration_parameters--m4


pk_to_cl took: 0.552 seconds
add_magnification took: 0.005 seconds


Parameters first used in each module:
consistency - 5 parameters:
     cosmological_parameters--ombh2
     cosmological_parameters--omch2
     cosmological_parameters--h0
     cosmological_parameters--mnu
     cosmological_parameters--s_8
bbn_consistency - 0 parameters:
s8_to_sigma8 - 0 parameters:
camb - 2 parameters:
     cosmological_parameters--n_s
     halo_model_parameters--logt_agn
as_to_log1e10as - 0 parameters:
fast_pt - 0 parameters:
fits_nz - 0 parameters:
lens_photoz_width - 4 parameters:
     lens_photoz_errors--width_1
     lens_photoz_errors--width_2
     lens_photoz_errors--width_3
     lens_photoz_errors--width_4
lens_photoz_bias - 4 parameters:
     lens_photoz_errors--bias_1
     lens_photoz_errors--bias_2
     lens_photoz_errors--bias_3
     lens_photoz_errors--bias_4
source_photoz_bias - 4 parameters:
     wl_photoz_errors--bias_1
     wl_photoz_errors--bias_2
     wl_photoz_errors--bias_3
     wl_photoz_errors--bias_4
IA - 5 parameters:
     intrinsic_alignment_parameters--a1
     intrinsic_alignment_parameters--a2
     intrinsic_alignment_parameters--alpha1
     intrinsic_alignment_parameters--alpha2
     intrinsic_alignment_parameters--bias_ta
pk_to_cl_gg - 4 parameters:
     bias_lens--b1
     bias_lens--b2
     bias_lens--b3
     bias_lens--b4
pk_to_cl - 0 parameters:
add_magnification - 0 parameters:
add_intrinsic - 0 parameters:
2pt_shear - 0 parameters:
2pt_gal - 0 parameters:
2pt_gal_shear - 0 parameters:
shear_m_bias - 4 parameters:
     shear_calibration_parameters--m1
     shear_calibration_parameters--m2
     shear_calibration_parameters--m3
     shear_calibration_parameters--m4
add_point_mass - 0 parameters:
2pt_like - 0 parameters:
shear_ratio_like - 0 parameters:
Results - 0 parameters:
You manually told me in the parameter file to use module 18 as the first in the fast block
Time for full pipeline:  57.11s
Time for slow pipeline:  57.09s
Time for fast pipeline:  0.02s
Time saving: 99.96%

Based on this we have decided: 
   Slow modules (18):
        consistency
        bbn_consistency
        s8_to_sigma8
        camb
        as_to_log1e10as
        fast_pt
        fits_nz
        lens_photoz_width
        lens_photoz_bias
        source_photoz_bias
        IA
        pk_to_cl_gg
        pk_to_cl
        add_magnification
        add_intrinsic
        2pt_shear
        2pt_gal
        2pt_gal_shear
   Fast modules (4):
        shear_m_bias
        add_point_mass
        2pt_like
        shear_ratio_like
   Slow parameters (28):
        cosmological_parameters--ombh2
        cosmological_parameters--omch2
        cosmological_parameters--h0
        cosmological_parameters--mnu
        cosmological_parameters--s_8
        cosmological_parameters--n_s
        halo_model_parameters--logt_agn
        lens_photoz_errors--width_1
        lens_photoz_errors--width_2
        lens_photoz_errors--width_3
        lens_photoz_errors--width_4
        lens_photoz_errors--bias_1
        lens_photoz_errors--bias_2
        lens_photoz_errors--bias_3
        lens_photoz_errors--bias_4
        wl_photoz_errors--bias_1
        wl_photoz_errors--bias_2
        wl_photoz_errors--bias_3
        wl_photoz_errors--bias_4
        intrinsic_alignment_parameters--a1
        intrinsic_alignment_parameters--a2
        intrinsic_alignment_parameters--alpha1
        intrinsic_alignment_parameters--alpha2
        intrinsic_alignment_parameters--bias_ta
        bias_lens--b1
        bias_lens--b2
        bias_lens--b3
        bias_lens--b4
   Fast parameters (4):
        shear_calibration_parameters--m1
        shear_calibration_parameters--m2
        shear_calibration_parameters--m3
        shear_calibration_parameters--m4


add_intrinsic took: 0.002 seconds
camb took: 55.062 seconds
as_to_log1e10as took: 0.000 seconds
camb took: 54.548 seconds
as_to_log1e10as took: 0.000 seconds
2pt_gal took: 0.027 seconds
2pt_shear took: 0.126 seconds
2pt_gal took: 0.028 seconds
2pt_shear took: 0.094 seconds
pk_to_cl took: 0.500 seconds
Using two grades of parameter speed in polychord.
Telling Polychord to spend fraction 0.1 if its time in the fast subspace (adjust with fast_fraction option)
Polychord num_repeats = 74  (from parameter file)
pk_to_cl took: 0.486 seconds
add_magnification took: 0.005 seconds
2pt_gal_shear took: 0.112 seconds
fast_pt took: 0.135 seconds
shear_m_bias took: 0.002 seconds
add_point_mass took: 0.000 seconds
fits_nz took: 0.000 seconds
add_intrinsic took: 0.003 seconds
camb took: 55.048 seconds
as_to_log1e10as took: 0.000 seconds
pk_to_cl_gg took: 0.886 seconds
lens_photoz_width took: 0.001 seconds
add_magnification took: 0.005 seconds
pk_to_cl took: 0.487 seconds
lens_photoz_bias took: 0.001 seconds
source_photoz_bias took: 0.001 seconds
add_intrinsic took: 0.002 seconds
camb took: 54.905 seconds
as_to_log1e10as took: 0.000 seconds
pk_to_cl took: 0.505 seconds
2pt_shear took: 0.095 seconds
add_magnification took: 0.005 seconds
add_intrinsic took: 0.002 seconds
add_magnification took: 0.005 seconds
add_intrinsic took: 0.002 seconds
2pt_shear took: 0.098 seconds
2pt_gal took: 0.028 seconds
2pt_like took: 0.018 seconds
shear_ratio_like took: 0.001 seconds
Total pipeline time: 56.5 seconds
2pt_gal took: 0.028 seconds
2pt_gal_shear took: 0.146 seconds
shear_m_bias took: 0.002 seconds
add_point_mass took: 0.000 seconds
pk_to_cl_gg took: 0.894 seconds


Parameters first used in each module:
consistency - 5 parameters:
     cosmological_parameters--ombh2
     cosmological_parameters--omch2
     cosmological_parameters--h0
     cosmological_parameters--mnu
     cosmological_parameters--s_8
bbn_consistency - 0 parameters:
s8_to_sigma8 - 0 parameters:
camb - 2 parameters:
     cosmological_parameters--n_s
     halo_model_parameters--logt_agn
as_to_log1e10as - 0 parameters:
fast_pt - 0 parameters:
fits_nz - 0 parameters:
lens_photoz_width - 4 parameters:
     lens_photoz_errors--width_1
     lens_photoz_errors--width_2
     lens_photoz_errors--width_3
     lens_photoz_errors--width_4
lens_photoz_bias - 4 parameters:
     lens_photoz_errors--bias_1
     lens_photoz_errors--bias_2
     lens_photoz_errors--bias_3
     lens_photoz_errors--bias_4
source_photoz_bias - 4 parameters:
     wl_photoz_errors--bias_1
     wl_photoz_errors--bias_2
     wl_photoz_errors--bias_3
     wl_photoz_errors--bias_4
IA - 5 parameters:
     intrinsic_alignment_parameters--a1
     intrinsic_alignment_parameters--a2
     intrinsic_alignment_parameters--alpha1
     intrinsic_alignment_parameters--alpha2
     intrinsic_alignment_parameters--bias_ta
pk_to_cl_gg - 4 parameters:
     bias_lens--b1
     bias_lens--b2
     bias_lens--b3
     bias_lens--b4
pk_to_cl - 0 parameters:
add_magnification - 0 parameters:
add_intrinsic - 0 parameters:
2pt_shear - 0 parameters:
2pt_gal - 0 parameters:
2pt_gal_shear - 0 parameters:
shear_m_bias - 4 parameters:
     shear_calibration_parameters--m1
     shear_calibration_parameters--m2
     shear_calibration_parameters--m3
     shear_calibration_parameters--m4
add_point_mass - 0 parameters:
2pt_like - 0 parameters:
shear_ratio_like - 0 parameters:
Results - 0 parameters:
You manually told me in the parameter file to use module 18 as the first in the fast block
Time for full pipeline:  56.46s
Time for slow pipeline:  56.44s
Time for fast pipeline:  0.02s
Time saving: 99.96%

Based on this we have decided: 
   Slow modules (18):
        consistency
        bbn_consistency
        s8_to_sigma8
        camb
        as_to_log1e10as
        fast_pt
        fits_nz
        lens_photoz_width
        lens_photoz_bias
        source_photoz_bias
        IA
        pk_to_cl_gg
        pk_to_cl
        add_magnification
        add_intrinsic
        2pt_shear
        2pt_gal
        2pt_gal_shear
   Fast modules (4):
        shear_m_bias
        add_point_mass
        2pt_like
        shear_ratio_like
   Slow parameters (28):
        cosmological_parameters--ombh2
        cosmological_parameters--omch2
        cosmological_parameters--h0
        cosmological_parameters--mnu
        cosmological_parameters--s_8
        cosmological_parameters--n_s
        halo_model_parameters--logt_agn
        lens_photoz_errors--width_1
        lens_photoz_errors--width_2
        lens_photoz_errors--width_3
        lens_photoz_errors--width_4
        lens_photoz_errors--bias_1
        lens_photoz_errors--bias_2
        lens_photoz_errors--bias_3
        lens_photoz_errors--bias_4
        wl_photoz_errors--bias_1
        wl_photoz_errors--bias_2
        wl_photoz_errors--bias_3
        wl_photoz_errors--bias_4
        intrinsic_alignment_parameters--a1
        intrinsic_alignment_parameters--a2
        intrinsic_alignment_parameters--alpha1
        intrinsic_alignment_parameters--alpha2
        intrinsic_alignment_parameters--bias_ta
        bias_lens--b1
        bias_lens--b2
        bias_lens--b3
        bias_lens--b4
   Fast parameters (4):
        shear_calibration_parameters--m1
        shear_calibration_parameters--m2
        shear_calibration_parameters--m3
        shear_calibration_parameters--m4


IA took: 0.030 seconds
2pt_gal took: 0.028 seconds
2pt_gal_shear took: 0.109 seconds
shear_m_bias took: 0.002 seconds
add_point_mass took: 0.000 seconds
2pt_gal took: 0.029 seconds
Using two grades of parameter speed in polychord.
Telling Polychord to spend fraction 0.1 if its time in the fast subspace (adjust with fast_fraction option)
Polychord num_repeats = 74  (from parameter file)
2pt_gal_shear took: 0.108 seconds
Using two grades of parameter speed in polychord.
Telling Polychord to spend fraction 0.1 if its time in the fast subspace (adjust with fast_fraction option)
Polychord num_repeats = 74  (from parameter file)
shear_m_bias took: 0.002 seconds
add_point_mass took: 0.000 seconds
2pt_like took: 0.025 seconds
Using two grades of parameter speed in polychord.
Telling Polychord to spend fraction 0.1 if its time in the fast subspace (adjust with fast_fraction option)
Polychord num_repeats = 74  (from parameter file)
shear_ratio_like took: 0.001 seconds
Total pipeline time: 57.6 seconds
2pt_gal_shear took: 0.119 seconds
2pt_shear took: 0.096 seconds
shear_m_bias took: 0.002 seconds
add_point_mass took: 0.000 seconds
Using two grades of parameter speed in polychord.
Telling Polychord to spend fraction 0.1 if its time in the fast subspace (adjust with fast_fraction option)
Polychord num_repeats = 74  (from parameter file)
Using two grades of parameter speed in polychord.
Telling Polychord to spend fraction 0.1 if its time in the fast subspace (adjust with fast_fraction option)
Polychord num_repeats = 74  (from parameter file)
2pt_gal_shear took: 0.111 seconds
camb took: 54.895 seconds
as_to_log1e10as took: 0.000 seconds
2pt_like took: 0.020 seconds
shear_m_bias took: 0.002 seconds
add_point_mass took: 0.000 seconds
shear_ratio_like took: 0.001 seconds
Total pipeline time: 57.3 seconds
2pt_like took: 0.018 seconds


Parameters first used in each module:
consistency - 5 parameters:
     cosmological_parameters--ombh2
     cosmological_parameters--omch2
     cosmological_parameters--h0
     cosmological_parameters--mnu
     cosmological_parameters--s_8
bbn_consistency - 0 parameters:
s8_to_sigma8 - 0 parameters:
camb - 2 parameters:
     cosmological_parameters--n_s
     halo_model_parameters--logt_agn
as_to_log1e10as - 0 parameters:
fast_pt - 0 parameters:
fits_nz - 0 parameters:
lens_photoz_width - 4 parameters:
     lens_photoz_errors--width_1
     lens_photoz_errors--width_2
     lens_photoz_errors--width_3
     lens_photoz_errors--width_4
lens_photoz_bias - 4 parameters:
     lens_photoz_errors--bias_1
     lens_photoz_errors--bias_2
     lens_photoz_errors--bias_3
     lens_photoz_errors--bias_4
source_photoz_bias - 4 parameters:
     wl_photoz_errors--bias_1
     wl_photoz_errors--bias_2
     wl_photoz_errors--bias_3
     wl_photoz_errors--bias_4
IA - 5 parameters:
     intrinsic_alignment_parameters--a1
     intrinsic_alignment_parameters--a2
     intrinsic_alignment_parameters--alpha1
     intrinsic_alignment_parameters--alpha2
     intrinsic_alignment_parameters--bias_ta
pk_to_cl_gg - 4 parameters:
     bias_lens--b1
     bias_lens--b2
     bias_lens--b3
     bias_lens--b4
pk_to_cl - 0 parameters:
add_magnification - 0 parameters:
add_intrinsic - 0 parameters:
2pt_shear - 0 parameters:
2pt_gal - 0 parameters:
2pt_gal_shear - 0 parameters:
shear_m_bias - 4 parameters:
     shear_calibration_parameters--m1
     shear_calibration_parameters--m2
     shear_calibration_parameters--m3
     shear_calibration_parameters--m4
add_point_mass - 0 parameters:
2pt_like - 0 parameters:
shear_ratio_like - 0 parameters:
Results - 0 parameters:
You manually told me in the parameter file to use module 18 as the first in the fast block
Time for full pipeline:  57.58s
Time for slow pipeline:  57.55s
Time for fast pipeline:  0.03s
Time saving: 99.95%
shear_ratio_like took: 0.001 seconds
Total pipeline time: 56.4 seconds

Based on this we have decided: 
   Slow modules (18):
        consistency
        bbn_consistency
        s8_to_sigma8
        camb
        as_to_log1e10as
        fast_pt
        fits_nz
        lens_photoz_width
        lens_photoz_bias
        source_photoz_bias
        IA
        pk_to_cl_gg
        pk_to_cl
        add_magnification
        add_intrinsic
        2pt_shear
        2pt_gal
        2pt_gal_shear
   Fast modules (4):
        shear_m_bias
        add_point_mass
        2pt_like
        shear_ratio_like
   Slow parameters (28):
        cosmological_parameters--ombh2
        cosmological_parameters--omch2
        cosmological_parameters--h0
        cosmological_parameters--mnu
        cosmological_parameters--s_8
        cosmological_parameters--n_s
        halo_model_parameters--logt_agn
        lens_photoz_errors--width_1
        lens_photoz_errors--width_2
        lens_photoz_errors--width_3
        lens_photoz_errors--width_4
        lens_photoz_errors--bias_1
        lens_photoz_errors--bias_2
        lens_photoz_errors--bias_3
        lens_photoz_errors--bias_4
        wl_photoz_errors--bias_1
        wl_photoz_errors--bias_2
        wl_photoz_errors--bias_3
        wl_photoz_errors--bias_4
        intrinsic_alignment_parameters--a1
        intrinsic_alignment_parameters--a2
        intrinsic_alignment_parameters--alpha1
        intrinsic_alignment_parameters--alpha2
        intrinsic_alignment_parameters--bias_ta
        bias_lens--b1
        bias_lens--b2
        bias_lens--b3
        bias_lens--b4
   Fast parameters (4):
        shear_calibration_parameters--m1
        shear_calibration_parameters--m2
        shear_calibration_parameters--m3
        shear_calibration_parameters--m4


2pt_shear took: 0.092 seconds
2pt_gal_shear took: 0.109 seconds
shear_m_bias took: 0.002 seconds


Parameters first used in each module:
consistency - 5 parameters:
     cosmological_parameters--ombh2
     cosmological_parameters--omch2
     cosmological_parameters--h0
     cosmological_parameters--mnu
     cosmological_parameters--s_8
bbn_consistency - 0 parameters:
s8_to_sigma8 - 0 parameters:
camb - 2 parameters:
     cosmological_parameters--n_s
     halo_model_parameters--logt_agn
as_to_log1e10as - 0 parameters:
fast_pt - 0 parameters:
fits_nz - 0 parameters:
lens_photoz_width - 4 parameters:
     lens_photoz_errors--width_1
     lens_photoz_errors--width_2
     lens_photoz_errors--width_3
     lens_photoz_errors--width_4
lens_photoz_bias - 4 parameters:
     lens_photoz_errors--bias_1
     lens_photoz_errors--bias_2
     lens_photoz_errors--bias_3
     lens_photoz_errors--bias_4
source_photoz_bias - 4 parameters:
     wl_photoz_errors--bias_1
     wl_photoz_errors--bias_2
     wl_photoz_errors--bias_3
     wl_photoz_errors--bias_4
IA - 5 parameters:
     intrinsic_alignment_parameters--a1
     intrinsic_alignment_parameters--a2
     intrinsic_alignment_parameters--alpha1
     intrinsic_alignment_parameters--alpha2
     intrinsic_alignment_parameters--bias_ta
pk_to_cl_gg - 4 parameters:
     bias_lens--b1
     bias_lens--b2
     bias_lens--b3
     bias_lens--b4
pk_to_cl - 0 parameters:
add_magnification - 0 parameters:
add_intrinsic - 0 parameters:
2pt_shear - 0 parameters:
2pt_gal - 0 parameters:
2pt_gal_shear - 0 parameters:
shear_m_bias - 4 parameters:
     shear_calibration_parameters--m1
     shear_calibration_parameters--m2
     shear_calibration_parameters--m3
     shear_calibration_parameters--m4
add_point_mass - 0 parameters:
2pt_like - 0 parameters:
shear_ratio_like - 0 parameters:
Results - 0 parameters:
You manually told me in the parameter file to use module 18 as the first in the fast block
Time for full pipeline:  57.32s
Time for slow pipeline:  57.29s
Time for fast pipeline:  0.02s
Time saving: 99.96%
add_point_mass took: 0.000 seconds

Based on this we have decided: 
   Slow modules (18):
        consistency
        bbn_consistency
        s8_to_sigma8
        camb
        as_to_log1e10as
        fast_pt
        fits_nz
        lens_photoz_width
        lens_photoz_bias
        source_photoz_bias
        IA
        pk_to_cl_gg
        pk_to_cl
        add_magnification
        add_intrinsic
        2pt_shear
        2pt_gal
        2pt_gal_shear
   Fast modules (4):
        shear_m_bias
        add_point_mass
        2pt_like
        shear_ratio_like
   Slow parameters (28):
        cosmological_parameters--ombh2
        cosmological_parameters--omch2
        cosmological_parameters--h0
        cosmological_parameters--mnu
        cosmological_parameters--s_8
        cosmological_parameters--n_s
        halo_model_parameters--logt_agn
        lens_photoz_errors--width_1
        lens_photoz_errors--width_2
        lens_photoz_errors--width_3
        lens_photoz_errors--width_4
        lens_photoz_errors--bias_1
        lens_photoz_errors--bias_2
        lens_photoz_errors--bias_3
        lens_photoz_errors--bias_4
        wl_photoz_errors--bias_1
        wl_photoz_errors--bias_2
        wl_photoz_errors--bias_3
        wl_photoz_errors--bias_4
        intrinsic_alignment_parameters--a1
        intrinsic_alignment_parameters--a2
        intrinsic_alignment_parameters--alpha1
        intrinsic_alignment_parameters--alpha2
        intrinsic_alignment_parameters--bias_ta
        bias_lens--b1
        bias_lens--b2
        bias_lens--b3
        bias_lens--b4
   Fast parameters (4):
        shear_calibration_parameters--m1
        shear_calibration_parameters--m2
        shear_calibration_parameters--m3
        shear_calibration_parameters--m4




Parameters first used in each module:
consistency - 5 parameters:
     cosmological_parameters--ombh2
     cosmological_parameters--omch2
     cosmological_parameters--h0
     cosmological_parameters--mnu
     cosmological_parameters--s_8
bbn_consistency - 0 parameters:
s8_to_sigma8 - 0 parameters:
camb - 2 parameters:
     cosmological_parameters--n_s
     halo_model_parameters--logt_agn
as_to_log1e10as - 0 parameters:
fast_pt - 0 parameters:
fits_nz - 0 parameters:
lens_photoz_width - 4 parameters:
     lens_photoz_errors--width_1
     lens_photoz_errors--width_2
     lens_photoz_errors--width_3
     lens_photoz_errors--width_4
lens_photoz_bias - 4 parameters:
     lens_photoz_errors--bias_1
     lens_photoz_errors--bias_2
     lens_photoz_errors--bias_3
     lens_photoz_errors--bias_4
source_photoz_bias - 4 parameters:
     wl_photoz_errors--bias_1
     wl_photoz_errors--bias_2
     wl_photoz_errors--bias_3
     wl_photoz_errors--bias_4
IA - 5 parameters:
     intrinsic_alignment_parameters--a1
     intrinsic_alignment_parameters--a2
     intrinsic_alignment_parameters--alpha1
     intrinsic_alignment_parameters--alpha2
     intrinsic_alignment_parameters--bias_ta
pk_to_cl_gg - 4 parameters:
     bias_lens--b1
     bias_lens--b2
     bias_lens--b3
     bias_lens--b4
pk_to_cl - 0 parameters:
add_magnification - 0 parameters:
add_intrinsic - 0 parameters:
2pt_shear - 0 parameters:
2pt_gal - 0 parameters:
2pt_gal_shear - 0 parameters:
shear_m_bias - 4 parameters:
     shear_calibration_parameters--m1
     shear_calibration_parameters--m2
     shear_calibration_parameters--m3
     shear_calibration_parameters--m4
add_point_mass - 0 parameters:
2pt_like - 0 parameters:
shear_ratio_like - 0 parameters:
Results - 0 parameters:
You manually told me in the parameter file to use module 18 as the first in the fast block
Time for full pipeline:  56.41s
Time for slow pipeline:  56.39s
Time for fast pipeline:  0.02s
Time saving: 99.96%

Based on this we have decided: 
   Slow modules (18):
        consistency
        bbn_consistency
        s8_to_sigma8
        camb
        as_to_log1e10as
        fast_pt
        fits_nz
        lens_photoz_width
        lens_photoz_bias
        source_photoz_bias
        IA
        pk_to_cl_gg
        pk_to_cl
        add_magnification
        add_intrinsic
        2pt_shear
        2pt_gal
        2pt_gal_shear
   Fast modules (4):
        shear_m_bias
        add_point_mass
        2pt_like
        shear_ratio_like
   Slow parameters (28):
        cosmological_parameters--ombh2
        cosmological_parameters--omch2
        cosmological_parameters--h0
        cosmological_parameters--mnu
        cosmological_parameters--s_8
        cosmological_parameters--n_s
        halo_model_parameters--logt_agn
        lens_photoz_errors--width_1
        lens_photoz_errors--width_2
        lens_photoz_errors--width_3
        lens_photoz_errors--width_4
        lens_photoz_errors--bias_1
        lens_photoz_errors--bias_2
        lens_photoz_errors--bias_3
        lens_photoz_errors--bias_4
        wl_photoz_errors--bias_1
        wl_photoz_errors--bias_2
        wl_photoz_errors--bias_3
        wl_photoz_errors--bias_4
        intrinsic_alignment_parameters--a1
        intrinsic_alignment_parameters--a2
        intrinsic_alignment_parameters--alpha1
        intrinsic_alignment_parameters--alpha2
        intrinsic_alignment_parameters--bias_ta
        bias_lens--b1
        bias_lens--b2
        bias_lens--b3
        bias_lens--b4
   Fast parameters (4):
        shear_calibration_parameters--m1
        shear_calibration_parameters--m2
        shear_calibration_parameters--m3
        shear_calibration_parameters--m4


camb took: 55.773 seconds
as_to_log1e10as took: 0.000 seconds
2pt_like took: 0.024 seconds
shear_ratio_like took: 0.001 seconds
Total pipeline time: 56.3 seconds
Using two grades of parameter speed in polychord.
Telling Polychord to spend fraction 0.1 if its time in the fast subspace (adjust with fast_fraction option)
2pt_gal took: 0.029 seconds
2pt_like took: 0.019 seconds
Polychord num_repeats = 74  (from parameter file)
shear_ratio_like took: 0.001 seconds
Total pipeline time: 56.5 seconds
2pt_gal_shear took: 0.133 seconds
shear_m_bias took: 0.002 seconds
add_point_mass took: 0.000 seconds
fast_pt took: 0.108 seconds
fits_nz took: 0.000 seconds


Parameters first used in each module:
consistency - 5 parameters:
     cosmological_parameters--ombh2
     cosmological_parameters--omch2
     cosmological_parameters--h0
     cosmological_parameters--mnu
     cosmological_parameters--s_8
bbn_consistency - 0 parameters:
s8_to_sigma8 - 0 parameters:
camb - 2 parameters:
     cosmological_parameters--n_s
     halo_model_parameters--logt_agn
as_to_log1e10as - 0 parameters:
fast_pt - 0 parameters:
fits_nz - 0 parameters:
lens_photoz_width - 4 parameters:
     lens_photoz_errors--width_1
     lens_photoz_errors--width_2
     lens_photoz_errors--width_3
     lens_photoz_errors--width_4
lens_photoz_bias - 4 parameters:
     lens_photoz_errors--bias_1
     lens_photoz_errors--bias_2
     lens_photoz_errors--bias_3
     lens_photoz_errors--bias_4
source_photoz_bias - 4 parameters:
     wl_photoz_errors--bias_1
     wl_photoz_errors--bias_2
     wl_photoz_errors--bias_3
     wl_photoz_errors--bias_4
IA - 5 parameters:
     intrinsic_alignment_parameters--a1
     intrinsic_alignment_parameters--a2
     intrinsic_alignment_parameters--alpha1
     intrinsic_alignment_parameters--alpha2
     intrinsic_alignment_parameters--bias_ta
pk_to_cl_gg - 4 parameters:
     bias_lens--b1
     bias_lens--b2
     bias_lens--b3
     bias_lens--b4
pk_to_cl - 0 parameters:
add_magnification - 0 parameters:
add_intrinsic - 0 parameters:
2pt_shear - 0 parameters:
2pt_gal - 0 parameters:
2pt_gal_shear - 0 parameters:
shear_m_bias - 4 parameters:
     shear_calibration_parameters--m1
     shear_calibration_parameters--m2
     shear_calibration_parameters--m3
     shear_calibration_parameters--m4
add_point_mass - 0 parameters:
2pt_like - 0 parameters:
shear_ratio_like - 0 parameters:
Results - 0 parameters:
You manually told me in the parameter file to use module 18 as the first in the fast block
Time for full pipeline:  56.49s
Time for slow pipeline:  56.46s
Time for fast pipeline:  0.02s
Time saving: 99.96%

Based on this we have decided: 
   Slow modules (18):
        consistency
        bbn_consistency
        s8_to_sigma8
        camb
        as_to_log1e10as
        fast_pt
        fits_nz
        lens_photoz_width
        lens_photoz_bias
        source_photoz_bias
        IA
        pk_to_cl_gg
        pk_to_cl
        add_magnification
        add_intrinsic
        2pt_shear
        2pt_gal
        2pt_gal_shear
   Fast modules (4):
        shear_m_bias
        add_point_mass
        2pt_like
        shear_ratio_like
   Slow parameters (28):
        cosmological_parameters--ombh2
        cosmological_parameters--omch2
        cosmological_parameters--h0
        cosmological_parameters--mnu
        cosmological_parameters--s_8
        cosmological_parameters--n_s
        halo_model_parameters--logt_agn
        lens_photoz_errors--width_1
        lens_photoz_errors--width_2
        lens_photoz_errors--width_3
        lens_photoz_errors--width_4
        lens_photoz_errors--bias_1
        lens_photoz_errors--bias_2
        lens_photoz_errors--bias_3
        lens_photoz_errors--bias_4
        wl_photoz_errors--bias_1
        wl_photoz_errors--bias_2
        wl_photoz_errors--bias_3
        wl_photoz_errors--bias_4
        intrinsic_alignment_parameters--a1
        intrinsic_alignment_parameters--a2
        intrinsic_alignment_parameters--alpha1
        intrinsic_alignment_parameters--alpha2
        intrinsic_alignment_parameters--bias_ta
        bias_lens--b1
        bias_lens--b2
lens_photoz_width took: 0.001 seconds
        bias_lens--b3
        bias_lens--b4
   Fast parameters (4):
        shear_calibration_parameters--m1
        shear_calibration_parameters--m2
        shear_calibration_parameters--m3
        shear_calibration_parameters--m4




Parameters first used in each module:
consistency - 5 parameters:
     cosmological_parameters--ombh2
     cosmological_parameters--omch2
     cosmological_parameters--h0
     cosmological_parameters--mnu
     cosmological_parameters--s_8
bbn_consistency - 0 parameters:
s8_to_sigma8 - 0 parameters:
camb - 2 parameters:
     cosmological_parameters--n_s
     halo_model_parameters--logt_agn
as_to_log1e10as - 0 parameters:
fast_pt - 0 parameters:
fits_nz - 0 parameters:
lens_photoz_width - 4 parameters:
     lens_photoz_errors--width_1
     lens_photoz_errors--width_2
     lens_photoz_errors--width_3
     lens_photoz_errors--width_4
lens_photoz_bias - 4 parameters:
     lens_photoz_errors--bias_1
     lens_photoz_errors--bias_2
     lens_photoz_errors--bias_3
     lens_photoz_errors--bias_4
source_photoz_bias - 4 parameters:
     wl_photoz_errors--bias_1
     wl_photoz_errors--bias_2
     wl_photoz_errors--bias_3
     wl_photoz_errors--bias_4
IA - 5 parameters:
     intrinsic_alignment_parameters--a1
     intrinsic_alignment_parameters--a2
     intrinsic_alignment_parameters--alpha1
     intrinsic_alignment_parameters--alpha2
     intrinsic_alignment_parameters--bias_ta
pk_to_cl_gg - 4 parameters:
     bias_lens--b1
     bias_lens--b2
     bias_lens--b3
     bias_lens--b4
pk_to_cl - 0 parameters:
add_magnification - 0 parameters:
add_intrinsic - 0 parameters:
2pt_shear - 0 parameters:
2pt_gal - 0 parameters:
2pt_gal_shear - 0 parameters:
shear_m_bias - 4 parameters:
     shear_calibration_parameters--m1
     shear_calibration_parameters--m2
     shear_calibration_parameters--m3
     shear_calibration_parameters--m4
add_point_mass - 0 parameters:
2pt_like - 0 parameters:
shear_ratio_like - 0 parameters:
Results - 0 parameters:
You manually told me in the parameter file to use module 18 as the first in the fast block
Time for full pipeline:  56.26s
Time for slow pipeline:  56.24s
Time for fast pipeline:  0.03s
Time saving: 99.95%

Based on this we have decided: 
   Slow modules (18):
        consistency
        bbn_consistency
        s8_to_sigma8
        camb
        as_to_log1e10as
        fast_pt
        fits_nz
        lens_photoz_width
        lens_photoz_bias
        source_photoz_bias
        IA
        pk_to_cl_gg
        pk_to_cl
        add_magnification
        add_intrinsic
        2pt_shear
        2pt_gal
        2pt_gal_shear
   Fast modules (4):
        shear_m_bias
        add_point_mass
        2pt_like
        shear_ratio_like
   Slow parameters (28):
        cosmological_parameters--ombh2
        cosmological_parameters--omch2
        cosmological_parameters--h0
        cosmological_parameters--mnu
        cosmological_parameters--s_8
        cosmological_parameters--n_s
        halo_model_parameters--logt_agn
        lens_photoz_errors--width_1
        lens_photoz_errors--width_2
        lens_photoz_errors--width_3
        lens_photoz_errors--width_4
        lens_photoz_errors--bias_1
        lens_photoz_errors--bias_2
        lens_photoz_errors--bias_3
        lens_photoz_errors--bias_4
        wl_photoz_errors--bias_1
        wl_photoz_errors--bias_2
        wl_photoz_errors--bias_3
        wl_photoz_errors--bias_4
        intrinsic_alignment_parameters--a1
        intrinsic_alignment_parameters--a2
        intrinsic_alignment_parameters--alpha1
        intrinsic_alignment_parameters--alpha2
        intrinsic_alignment_parameters--bias_ta
        bias_lens--b1
        bias_lens--b2
        bias_lens--b3
        bias_lens--b4
   Fast parameters (4):
        shear_calibration_parameters--m1
        shear_calibration_parameters--m2
        shear_calibration_parameters--m3
        shear_calibration_parameters--m4

lens_photoz_bias took: 0.001 seconds

2pt_like took: 0.021 seconds
fast_pt took: 0.092 seconds
2pt_gal_shear took: 0.108 seconds
fits_nz took: 0.000 seconds
source_photoz_bias took: 0.000 seconds
shear_ratio_like took: 0.001 seconds
Total pipeline time: 55.7 seconds
2pt_gal took: 0.027 seconds
lens_photoz_width took: 0.001 seconds
shear_m_bias took: 0.002 seconds
add_point_mass took: 0.000 seconds
lens_photoz_bias took: 0.001 seconds
source_photoz_bias took: 0.001 seconds
pk_to_cl took: 0.506 seconds
2pt_shear took: 0.097 seconds
camb took: 55.538 seconds
as_to_log1e10as took: 0.000 seconds
2pt_shear took: 0.095 seconds
add_magnification took: 0.006 seconds
2pt_gal_shear took: 0.111 seconds


Parameters first used in each module:
consistency - 5 parameters:
     cosmological_parameters--ombh2
     cosmological_parameters--omch2
     cosmological_parameters--h0
     cosmological_parameters--mnu
     cosmological_parameters--s_8
bbn_consistency - 0 parameters:
s8_to_sigma8 - 0 parameters:
camb - 2 parameters:
     cosmological_parameters--n_s
     halo_model_parameters--logt_agn
as_to_log1e10as - 0 parameters:
fast_pt - 0 parameters:
fits_nz - 0 parameters:
lens_photoz_width - 4 parameters:
     lens_photoz_errors--width_1
     lens_photoz_errors--width_2
     lens_photoz_errors--width_3
     lens_photoz_errors--width_4
lens_photoz_bias - 4 parameters:
     lens_photoz_errors--bias_1
     lens_photoz_errors--bias_2
     lens_photoz_errors--bias_3
     lens_photoz_errors--bias_4
source_photoz_bias - 4 parameters:
     wl_photoz_errors--bias_1
     wl_photoz_errors--bias_2
     wl_photoz_errors--bias_3
     wl_photoz_errors--bias_4
IA - 5 parameters:
     intrinsic_alignment_parameters--a1
     intrinsic_alignment_parameters--a2
     intrinsic_alignment_parameters--alpha1
     intrinsic_alignment_parameters--alpha2
     intrinsic_alignment_parameters--bias_ta
pk_to_cl_gg - 4 parameters:
     bias_lens--b1
     bias_lens--b2
     bias_lens--b3
     bias_lens--b4
pk_to_cl - 0 parameters:
add_magnification - 0 parameters:
add_intrinsic - 0 parameters:
2pt_shear - 0 parameters:
2pt_gal - 0 parameters:
2pt_gal_shear - 0 parameters:
shear_m_bias - 4 parameters:
     shear_calibration_parameters--m1
     shear_calibration_parameters--m2
     shear_calibration_parameters--m3
     shear_calibration_parameters--m4
add_point_mass - 0 parameters:
2pt_like - 0 parameters:
shear_ratio_like - 0 parameters:
Results - 0 parameters:
You manually told me in the parameter file to use module 18 as the first in the fast block
Time for full pipeline:  55.68s
Time for slow pipeline:  55.65s
Time for fast pipeline:  0.02s
Time saving: 99.96%

Based on this we have decided: 
   Slow modules (18):
        consistency
        bbn_consistency
        s8_to_sigma8
        camb
        as_to_log1e10as
        fast_pt
        fits_nz
        lens_photoz_width
        lens_photoz_bias
        source_photoz_bias
        IA
        pk_to_cl_gg
        pk_to_cl
        add_magnification
        add_intrinsic
        2pt_shear
        2pt_gal
        2pt_gal_shear
   Fast modules (4):
        shear_m_bias
        add_point_mass
        2pt_like
        shear_ratio_like
   Slow parameters (28):
        cosmological_parameters--ombh2
        cosmological_parameters--omch2
        cosmological_parameters--h0
        cosmological_parameters--mnu
        cosmological_parameters--s_8
        cosmological_parameters--n_s
        halo_model_parameters--logt_agn
        lens_photoz_errors--width_1
        lens_photoz_errors--width_2
        lens_photoz_errors--width_3
        lens_photoz_errors--width_4
        lens_photoz_errors--bias_1
        lens_photoz_errors--bias_2
        lens_photoz_errors--bias_3
        lens_photoz_errors--bias_4
        wl_photoz_errors--bias_1
        wl_photoz_errors--bias_2
        wl_photoz_errors--bias_3
shear_m_bias took: 0.002 seconds
        wl_photoz_errors--bias_4
        intrinsic_alignment_parameters--a1
        intrinsic_alignment_parameters--a2
        intrinsic_alignment_parameters--alpha1
        intrinsic_alignment_parameters--alpha2
        intrinsic_alignment_parameters--bias_ta
        bias_lens--b1
        bias_lens--b2
        bias_lens--b3
add_point_mass took: 0.000 seconds
        bias_lens--b4
   Fast parameters (4):
        shear_calibration_parameters--m1
        shear_calibration_parameters--m2
        shear_calibration_parameters--m3
        shear_calibration_parameters--m4


add_intrinsic took: 0.003 seconds
2pt_shear took: 0.093 seconds
2pt_like took: 0.021 seconds
shear_ratio_like took: 0.001 seconds
Total pipeline time: 56.4 seconds
pk_to_cl_gg took: 0.921 seconds
Using two grades of parameter speed in polychord.
Telling Polychord to spend fraction 0.1 if its time in the fast subspace (adjust with fast_fraction option)
fast_pt took: 0.105 seconds
fits_nz took: 0.000 seconds
Polychord num_repeats = 74  (from parameter file)
lens_photoz_width took: 0.001 seconds
lens_photoz_bias took: 0.001 seconds
source_photoz_bias took: 0.001 seconds
fast_pt took: 0.138 seconds
fits_nz took: 0.000 seconds
camb took: 54.960 seconds
as_to_log1e10as took: 0.000 seconds
lens_photoz_width took: 0.001 seconds
pk_to_cl took: 0.471 seconds
2pt_like took: 0.021 seconds
lens_photoz_bias took: 0.001 seconds
shear_ratio_like took: 0.001 seconds
Total pipeline time: 57.2 seconds
source_photoz_bias took: 0.001 seconds
pk_to_cl took: 0.505 seconds
camb took: 54.642 seconds
as_to_log1e10as took: 0.000 seconds
IA took: 0.024 seconds
add_magnification took: 0.005 seconds
IA took: 0.025 seconds
add_magnification took: 0.005 seconds
2pt_gal_shear took: 0.107 seconds
add_intrinsic took: 0.002 seconds
2pt_shear took: 0.113 seconds
shear_m_bias took: 0.002 seconds
add_point_mass took: 0.000 seconds


Parameters first used in each module:
consistency - 5 parameters:
     cosmological_parameters--ombh2
     cosmological_parameters--omch2
     cosmological_parameters--h0
     cosmological_parameters--mnu
     cosmological_parameters--s_8
bbn_consistency - 0 parameters:
s8_to_sigma8 - 0 parameters:
camb - 2 parameters:
     cosmological_parameters--n_s
     halo_model_parameters--logt_agn
as_to_log1e10as - 0 parameters:
fast_pt - 0 parameters:
fits_nz - 0 parameters:
lens_photoz_width - 4 parameters:
     lens_photoz_errors--width_1
     lens_photoz_errors--width_2
     lens_photoz_errors--width_3
     lens_photoz_errors--width_4
lens_photoz_bias - 4 parameters:
     lens_photoz_errors--bias_1
     lens_photoz_errors--bias_2
     lens_photoz_errors--bias_3
     lens_photoz_errors--bias_4
source_photoz_bias - 4 parameters:
     wl_photoz_errors--bias_1
     wl_photoz_errors--bias_2
     wl_photoz_errors--bias_3
     wl_photoz_errors--bias_4
IA - 5 parameters:
     intrinsic_alignment_parameters--a1
     intrinsic_alignment_parameters--a2
     intrinsic_alignment_parameters--alpha1
     intrinsic_alignment_parameters--alpha2
     intrinsic_alignment_parameters--bias_ta
pk_to_cl_gg - 4 parameters:
     bias_lens--b1
     bias_lens--b2
     bias_lens--b3
     bias_lens--b4
pk_to_cl - 0 parameters:
add_magnification - 0 parameters:
add_intrinsic - 0 parameters:
2pt_shear - 0 parameters:
2pt_gal - 0 parameters:
2pt_gal_shear - 0 parameters:
shear_m_bias - 4 parameters:
     shear_calibration_parameters--m1
     shear_calibration_parameters--m2
     shear_calibration_parameters--m3
     shear_calibration_parameters--m4
add_point_mass - 0 parameters:
2pt_like - 0 parameters:
shear_ratio_like - 0 parameters:
Results - 0 parameters:
You manually told me in the parameter file to use module 18 as the first in the fast block
Time for full pipeline:  56.41s
Time for slow pipeline:  56.39s
Time for fast pipeline:  0.02s
Time saving: 99.96%

Based on this we have decided: 
   Slow modules (18):
        consistency
        bbn_consistency
        s8_to_sigma8
        camb
        as_to_log1e10as
        fast_pt
        fits_nz
        lens_photoz_width
        lens_photoz_bias
        source_photoz_bias
        IA
        pk_to_cl_gg
        pk_to_cl
        add_magnification
        add_intrinsic
        2pt_shear
        2pt_gal
        2pt_gal_shear
   Fast modules (4):
        shear_m_bias
        add_point_mass
        2pt_like
        shear_ratio_like
   Slow parameters (28):
        cosmological_parameters--ombh2
        cosmological_parameters--omch2
        cosmological_parameters--h0
        cosmological_parameters--mnu
        cosmological_parameters--s_8
        cosmological_parameters--n_s
        halo_model_parameters--logt_agn
        lens_photoz_errors--width_1
        lens_photoz_errors--width_2
        lens_photoz_errors--width_3
        lens_photoz_errors--width_4
        lens_photoz_errors--bias_1
        lens_photoz_errors--bias_2
add_intrinsic took: 0.002 seconds
        lens_photoz_errors--bias_3
        lens_photoz_errors--bias_4
        wl_photoz_errors--bias_1
        wl_photoz_errors--bias_2
        wl_photoz_errors--bias_3
        wl_photoz_errors--bias_4
        intrinsic_alignment_parameters--a1
        intrinsic_alignment_parameters--a2
        intrinsic_alignment_parameters--alpha1
        intrinsic_alignment_parameters--alpha2
        intrinsic_alignment_parameters--bias_ta
        bias_lens--b1
        bias_lens--b2
        bias_lens--b3
        bias_lens--b4
   Fast parameters (4):
        shear_calibration_parameters--m1
        shear_calibration_parameters--m2
        shear_calibration_parameters--m3
        shear_calibration_parameters--m4


2pt_like took: 0.020 seconds
camb took: 54.982 seconds
as_to_log1e10as took: 0.000 seconds
shear_ratio_like took: 0.001 seconds
Total pipeline time: 56.6 seconds


Parameters first used in each module:
consistency - 5 parameters:
     cosmological_parameters--ombh2
     cosmological_parameters--omch2
     cosmological_parameters--h0
     cosmological_parameters--mnu
     cosmological_parameters--s_8
bbn_consistency - 0 parameters:
s8_to_sigma8 - 0 parameters:
camb - 2 parameters:
     cosmological_parameters--n_s
     halo_model_parameters--logt_agn
as_to_log1e10as - 0 parameters:
fast_pt - 0 parameters:
fits_nz - 0 parameters:
lens_photoz_width - 4 parameters:
     lens_photoz_errors--width_1
     lens_photoz_errors--width_2
     lens_photoz_errors--width_3
     lens_photoz_errors--width_4
Using two grades of parameter speed in polychord.
Telling Polychord to spend fraction 0.1 if its time in the fast subspace (adjust with fast_fraction option)
lens_photoz_bias - 4 parameters:
     lens_photoz_errors--bias_1
     lens_photoz_errors--bias_2
     lens_photoz_errors--bias_3
     lens_photoz_errors--bias_4
source_photoz_bias - 4 parameters:
     wl_photoz_errors--bias_1
     wl_photoz_errors--bias_2
     wl_photoz_errors--bias_3
     wl_photoz_errors--bias_4
IA - 5 parameters:
     intrinsic_alignment_parameters--a1
     intrinsic_alignment_parameters--a2
     intrinsic_alignment_parameters--alpha1
     intrinsic_alignment_parameters--alpha2
     intrinsic_alignment_parameters--bias_ta
pk_to_cl_gg - 4 parameters:
     bias_lens--b1
     bias_lens--b2
     bias_lens--b3
     bias_lens--b4
pk_to_cl - 0 parameters:
add_magnification - 0 parameters:
add_intrinsic - 0 parameters:
2pt_shear - 0 parameters:
2pt_gal - 0 parameters:
2pt_gal_shear - 0 parameters:
shear_m_bias - 4 parameters:
     shear_calibration_parameters--m1
     shear_calibration_parameters--m2
     shear_calibration_parameters--m3
     shear_calibration_parameters--m4
add_point_mass - 0 parameters:
2pt_like - 0 parameters:
shear_ratio_like - 0 parameters:
Results - 0 parameters:
You manually told me in the parameter file to use module 18 as the first in the fast block
Time for full pipeline:  57.24s
Time for slow pipeline:  57.22s
Time for fast pipeline:  0.02s
Time saving: 99.96%

Based on this we have decided: 
   Slow modules (18):
        consistency
        bbn_consistency
        s8_to_sigma8
        camb
        as_to_log1e10as
        fast_pt
        fits_nz
        lens_photoz_width
        lens_photoz_bias
        source_photoz_bias
        IA
        pk_to_cl_gg
        pk_to_cl
        add_magnification
        add_intrinsic
        2pt_shear
        2pt_gal
        2pt_gal_shear
   Fast modules (4):
        shear_m_bias
        add_point_mass
        2pt_like
        shear_ratio_like
   Slow parameters (28):
        cosmological_parameters--ombh2
        cosmological_parameters--omch2
        cosmological_parameters--h0
        cosmological_parameters--mnu
        cosmological_parameters--s_8
        cosmological_parameters--n_s
        halo_model_parameters--logt_agn
2pt_gal took: 0.029 seconds
Using two grades of parameter speed in polychord.
        lens_photoz_errors--width_1
        lens_photoz_errors--width_2
        lens_photoz_errors--width_3
        lens_photoz_errors--width_4
        lens_photoz_errors--bias_1
        lens_photoz_errors--bias_2
        lens_photoz_errors--bias_3
        lens_photoz_errors--bias_4
        wl_photoz_errors--bias_1
        wl_photoz_errors--bias_2
        wl_photoz_errors--bias_3
        wl_photoz_errors--bias_4
        intrinsic_alignment_parameters--a1
        intrinsic_alignment_parameters--a2
        intrinsic_alignment_parameters--alpha1
        intrinsic_alignment_parameters--alpha2
        intrinsic_alignment_parameters--bias_ta
        bias_lens--b1
        bias_lens--b2
Polychord num_repeats = 74  (from parameter file)
Telling Polychord to spend fraction 0.1 if its time in the fast subspace (adjust with fast_fraction option)
        bias_lens--b3
        bias_lens--b4
   Fast parameters (4):
        shear_calibration_parameters--m1
        shear_calibration_parameters--m2
        shear_calibration_parameters--m3
        shear_calibration_parameters--m4


Polychord num_repeats = 74  (from parameter file)
2pt_gal took: 0.028 seconds
pk_to_cl took: 0.618 seconds
2pt_gal_shear took: 0.109 seconds
shear_m_bias took: 0.002 seconds
add_point_mass took: 0.000 seconds
add_magnification took: 0.005 seconds
camb took: 54.924 seconds
as_to_log1e10as took: 0.000 seconds
2pt_gal took: 0.028 seconds


Parameters first used in each module:
consistency - 5 parameters:
     cosmological_parameters--ombh2
     cosmological_parameters--omch2
     cosmological_parameters--h0
     cosmological_parameters--mnu
     cosmological_parameters--s_8
bbn_consistency - 0 parameters:
s8_to_sigma8 - 0 parameters:
camb - 2 parameters:
     cosmological_parameters--n_s
     halo_model_parameters--logt_agn
as_to_log1e10as - 0 parameters:
fast_pt - 0 parameters:
fits_nz - 0 parameters:
lens_photoz_width - 4 parameters:
     lens_photoz_errors--width_1
     lens_photoz_errors--width_2
     lens_photoz_errors--width_3
     lens_photoz_errors--width_4
lens_photoz_bias - 4 parameters:
     lens_photoz_errors--bias_1
     lens_photoz_errors--bias_2
     lens_photoz_errors--bias_3
     lens_photoz_errors--bias_4
source_photoz_bias - 4 parameters:
     wl_photoz_errors--bias_1
     wl_photoz_errors--bias_2
     wl_photoz_errors--bias_3
     wl_photoz_errors--bias_4
IA - 5 parameters:
     intrinsic_alignment_parameters--a1
     intrinsic_alignment_parameters--a2
     intrinsic_alignment_parameters--alpha1
     intrinsic_alignment_parameters--alpha2
     intrinsic_alignment_parameters--bias_ta
pk_to_cl_gg - 4 parameters:
     bias_lens--b1
     bias_lens--b2
     bias_lens--b3
     bias_lens--b4
pk_to_cl - 0 parameters:
add_magnification - 0 parameters:
add_intrinsic - 0 parameters:
2pt_shear - 0 parameters:
2pt_gal - 0 parameters:
2pt_gal_shear - 0 parameters:
shear_m_bias - 4 parameters:
     shear_calibration_parameters--m1
IA took: 0.019 seconds
     shear_calibration_parameters--m2
     shear_calibration_parameters--m3
     shear_calibration_parameters--m4
add_point_mass - 0 parameters:
2pt_like - 0 parameters:
shear_ratio_like - 0 parameters:
Results - 0 parameters:
You manually told me in the parameter file to use module 18 as the first in the fast block
Time for full pipeline:  56.64s
Time for slow pipeline:  56.62s
Time for fast pipeline:  0.02s
Time saving: 99.96%

Based on this we have decided: 
   Slow modules (18):
        consistency
        bbn_consistency
        s8_to_sigma8
        camb
        as_to_log1e10as
        fast_pt
        fits_nz
        lens_photoz_width
        lens_photoz_bias
        source_photoz_bias
        IA
        pk_to_cl_gg
        pk_to_cl
        add_magnification
        add_intrinsic
        2pt_shear
        2pt_gal
        2pt_gal_shear
   Fast modules (4):
        shear_m_bias
        add_point_mass
        2pt_like
        shear_ratio_like
   Slow parameters (28):
        cosmological_parameters--ombh2
        cosmological_parameters--omch2
        cosmological_parameters--h0
        cosmological_parameters--mnu
        cosmological_parameters--s_8
        cosmological_parameters--n_s
        halo_model_parameters--logt_agn
        lens_photoz_errors--width_1
        lens_photoz_errors--width_2
        lens_photoz_errors--width_3
        lens_photoz_errors--width_4
        lens_photoz_errors--bias_1
        lens_photoz_errors--bias_2
        lens_photoz_errors--bias_3
        lens_photoz_errors--bias_4
        wl_photoz_errors--bias_1
        wl_photoz_errors--bias_2
        wl_photoz_errors--bias_3
        wl_photoz_errors--bias_4
        intrinsic_alignment_parameters--a1
        intrinsic_alignment_parameters--a2
        intrinsic_alignment_parameters--alpha1
        intrinsic_alignment_parameters--alpha2
        intrinsic_alignment_parameters--bias_ta
        bias_lens--b1
        bias_lens--b2
        bias_lens--b3
        bias_lens--b4
   Fast parameters (4):
        shear_calibration_parameters--m1
        shear_calibration_parameters--m2
        shear_calibration_parameters--m3
        shear_calibration_parameters--m4


add_intrinsic took: 0.002 seconds
IA took: 0.025 seconds
camb took: 54.240 seconds
as_to_log1e10as took: 0.000 seconds
Using two grades of parameter speed in polychord.
Telling Polychord to spend fraction 0.1 if its time in the fast subspace (adjust with fast_fraction option)
Polychord num_repeats = 74  (from parameter file)
2pt_like took: 0.021 seconds
shear_ratio_like took: 0.001 seconds
Total pipeline time: 56.6 seconds
2pt_gal_shear took: 0.111 seconds
shear_m_bias took: 0.002 seconds
add_point_mass took: 0.000 seconds
fast_pt took: 0.088 seconds
fits_nz took: 0.000 seconds
lens_photoz_width took: 0.001 seconds
lens_photoz_bias took: 0.001 seconds
source_photoz_bias took: 0.001 seconds
2pt_like took: 0.020 seconds
shear_ratio_like took: 0.001 seconds
Total pipeline time: 57.3 seconds


Parameters first used in each module:
consistency - 5 parameters:
     cosmological_parameters--ombh2
     cosmological_parameters--omch2
     cosmological_parameters--h0
     cosmological_parameters--mnu
     cosmological_parameters--s_8
bbn_consistency - 0 parameters:
s8_to_sigma8 - 0 parameters:
camb - 2 parameters:
     cosmological_parameters--n_s
     halo_model_parameters--logt_agn
as_to_log1e10as - 0 parameters:
fast_pt - 0 parameters:
fits_nz - 0 parameters:
lens_photoz_width - 4 parameters:
     lens_photoz_errors--width_1
     lens_photoz_errors--width_2
     lens_photoz_errors--width_3
     lens_photoz_errors--width_4
lens_photoz_bias - 4 parameters:
     lens_photoz_errors--bias_1
     lens_photoz_errors--bias_2
     lens_photoz_errors--bias_3
     lens_photoz_errors--bias_4
source_photoz_bias - 4 parameters:
     wl_photoz_errors--bias_1
     wl_photoz_errors--bias_2
     wl_photoz_errors--bias_3
     wl_photoz_errors--bias_4
IA - 5 parameters:
     intrinsic_alignment_parameters--a1
     intrinsic_alignment_parameters--a2
     intrinsic_alignment_parameters--alpha1
     intrinsic_alignment_parameters--alpha2
     intrinsic_alignment_parameters--bias_ta
pk_to_cl_gg - 4 parameters:
     bias_lens--b1
     bias_lens--b2
     bias_lens--b3
     bias_lens--b4
pk_to_cl - 0 parameters:
add_magnification - 0 parameters:
add_intrinsic - 0 parameters:
2pt_shear - 0 parameters:
2pt_gal - 0 parameters:
2pt_gal_shear - 0 parameters:
shear_m_bias - 4 parameters:
     shear_calibration_parameters--m1
     shear_calibration_parameters--m2
     shear_calibration_parameters--m3
     shear_calibration_parameters--m4
add_point_mass - 0 parameters:
2pt_like - 0 parameters:
shear_ratio_like - 0 parameters:
Results - 0 parameters:
You manually told me in the parameter file to use module 18 as the first in the fast block
Time for full pipeline:  56.56s
Time for slow pipeline:  56.53s
Time for fast pipeline:  0.02s
Time saving: 99.96%

Based on this we have decided: 
   Slow modules (18):
        consistency
        bbn_consistency
        s8_to_sigma8
        camb
        as_to_log1e10as
        fast_pt
        fits_nz
        lens_photoz_width
        lens_photoz_bias
        source_photoz_bias
        IA
        pk_to_cl_gg
        pk_to_cl
        add_magnification
        add_intrinsic
        2pt_shear
        2pt_gal
        2pt_gal_shear
   Fast modules (4):
        shear_m_bias
        add_point_mass
        2pt_like
        shear_ratio_like
   Slow parameters (28):
        cosmological_parameters--ombh2
        cosmological_parameters--omch2
        cosmological_parameters--h0
        cosmological_parameters--mnu
        cosmological_parameters--s_8
        cosmological_parameters--n_s
        halo_model_parameters--logt_agn
        lens_photoz_errors--width_1
        lens_photoz_errors--width_2
        lens_photoz_errors--width_3
        lens_photoz_errors--width_4
        lens_photoz_errors--bias_1
        lens_photoz_errors--bias_2
        lens_photoz_errors--bias_3
        lens_photoz_errors--bias_4
        wl_photoz_errors--bias_1
        wl_photoz_errors--bias_2
        wl_photoz_errors--bias_3
        wl_photoz_errors--bias_4
        intrinsic_alignment_parameters--a1
        intrinsic_alignment_parameters--a2
        intrinsic_alignment_parameters--alpha1
        intrinsic_alignment_parameters--alpha2
        intrinsic_alignment_parameters--bias_ta
        bias_lens--b1
        bias_lens--b2
        bias_lens--b3
        bias_lens--b4
   Fast parameters (4):
        shear_calibration_parameters--m1
        shear_calibration_parameters--m2
        shear_calibration_parameters--m3
        shear_calibration_parameters--m4


camb took: 56.201 seconds
as_to_log1e10as took: 0.000 seconds
pk_to_cl took: 0.482 seconds
2pt_gal took: 0.037 seconds
2pt_gal_shear took: 0.117 seconds
shear_m_bias took: 0.002 seconds
add_point_mass took: 0.000 seconds
add_magnification took: 0.005 seconds


Parameters first used in each module:
consistency - 5 parameters:
     cosmological_parameters--ombh2
     cosmological_parameters--omch2
     cosmological_parameters--h0
     cosmological_parameters--mnu
     cosmological_parameters--s_8
bbn_consistency - 0 parameters:
s8_to_sigma8 - 0 parameters:
camb - 2 parameters:
     cosmological_parameters--n_s
     halo_model_parameters--logt_agn
as_to_log1e10as - 0 parameters:
fast_pt - 0 parameters:
fits_nz - 0 parameters:
lens_photoz_width - 4 parameters:
     lens_photoz_errors--width_1
     lens_photoz_errors--width_2
     lens_photoz_errors--width_3
     lens_photoz_errors--width_4
lens_photoz_bias - 4 parameters:
     lens_photoz_errors--bias_1
     lens_photoz_errors--bias_2
     lens_photoz_errors--bias_3
     lens_photoz_errors--bias_4
source_photoz_bias - 4 parameters:
     wl_photoz_errors--bias_1
     wl_photoz_errors--bias_2
     wl_photoz_errors--bias_3
     wl_photoz_errors--bias_4
IA - 5 parameters:
     intrinsic_alignment_parameters--a1
     intrinsic_alignment_parameters--a2
     intrinsic_alignment_parameters--alpha1
     intrinsic_alignment_parameters--alpha2
     intrinsic_alignment_parameters--bias_ta
pk_to_cl_gg - 4 parameters:
     bias_lens--b1
     bias_lens--b2
     bias_lens--b3
     bias_lens--b4
pk_to_cl - 0 parameters:
add_magnification - 0 parameters:
add_intrinsic - 0 parameters:
2pt_shear - 0 parameters:
2pt_gal - 0 parameters:
2pt_gal_shear - 0 parameters:
shear_m_bias - 4 parameters:
     shear_calibration_parameters--m1
     shear_calibration_parameters--m2
     shear_calibration_parameters--m3
     shear_calibration_parameters--m4
add_point_mass - 0 parameters:
2pt_like - 0 parameters:
shear_ratio_like - 0 parameters:
Results - 0 parameters:
You manually told me in the parameter file to use module 18 as the first in the fast block
Time for full pipeline:  57.26s
Time for slow pipeline:  57.24s
Time for fast pipeline:  0.02s
Time saving: 99.96%

Based on this we have decided: 
   Slow modules (18):
        consistency
        bbn_consistency
        s8_to_sigma8
        camb
        as_to_log1e10as
        fast_pt
        fits_nz
        lens_photoz_width
        lens_photoz_bias
        source_photoz_bias
        IA
        pk_to_cl_gg
        pk_to_cl
        add_magnification
        add_intrinsic
        2pt_shear
        2pt_gal
        2pt_gal_shear
   Fast modules (4):
        shear_m_bias
        add_point_mass
        2pt_like
        shear_ratio_like
   Slow parameters (28):
        cosmological_parameters--ombh2
        cosmological_parameters--omch2
        cosmological_parameters--h0
        cosmological_parameters--mnu
        cosmological_parameters--s_8
        cosmological_parameters--n_s
        halo_model_parameters--logt_agn
        lens_photoz_errors--width_1
        lens_photoz_errors--width_2
        lens_photoz_errors--width_3
        lens_photoz_errors--width_4
        lens_photoz_errors--bias_1
        lens_photoz_errors--bias_2
        lens_photoz_errors--bias_3
        lens_photoz_errors--bias_4
        wl_photoz_errors--bias_1
        wl_photoz_errors--bias_2
        wl_photoz_errors--bias_3
        wl_photoz_errors--bias_4
        intrinsic_alignment_parameters--a1
        intrinsic_alignment_parameters--a2
        intrinsic_alignment_parameters--alpha1
        intrinsic_alignment_parameters--alpha2
        intrinsic_alignment_parameters--bias_ta
        bias_lens--b1
        bias_lens--b2
        bias_lens--b3
        bias_lens--b4
   Fast parameters (4):
        shear_calibration_parameters--m1
        shear_calibration_parameters--m2
        shear_calibration_parameters--m3
        shear_calibration_parameters--m4


pk_to_cl_gg took: 1.063 seconds
add_intrinsic took: 0.002 seconds
camb took: 55.080 seconds
as_to_log1e10as took: 0.000 seconds
2pt_like took: 0.021 seconds
shear_ratio_like took: 0.001 seconds
Total pipeline time: 57.7 seconds
IA took: 0.025 seconds
pk_to_cl_gg took: 1.118 seconds
pk_to_cl_gg took: 0.916 seconds


Parameters first used in each module:
consistency - 5 parameters:
     cosmological_parameters--ombh2
     cosmological_parameters--omch2
     cosmological_parameters--h0
     cosmological_parameters--mnu
     cosmological_parameters--s_8
bbn_consistency - 0 parameters:
s8_to_sigma8 - 0 parameters:
camb - 2 parameters:
     cosmological_parameters--n_s
     halo_model_parameters--logt_agn
as_to_log1e10as - 0 parameters:
fast_pt - 0 parameters:
fits_nz - 0 parameters:
lens_photoz_width - 4 parameters:
     lens_photoz_errors--width_1
     lens_photoz_errors--width_2
     lens_photoz_errors--width_3
     lens_photoz_errors--width_4
lens_photoz_bias - 4 parameters:
     lens_photoz_errors--bias_1
     lens_photoz_errors--bias_2
     lens_photoz_errors--bias_3
     lens_photoz_errors--bias_4
source_photoz_bias - 4 parameters:
     wl_photoz_errors--bias_1
     wl_photoz_errors--bias_2
     wl_photoz_errors--bias_3
     wl_photoz_errors--bias_4
IA - 5 parameters:
     intrinsic_alignment_parameters--a1
     intrinsic_alignment_parameters--a2
     intrinsic_alignment_parameters--alpha1
     intrinsic_alignment_parameters--alpha2
     intrinsic_alignment_parameters--bias_ta
pk_to_cl_gg - 4 parameters:
     bias_lens--b1
     bias_lens--b2
     bias_lens--b3
     bias_lens--b4
pk_to_cl - 0 parameters:
add_magnification - 0 parameters:
add_intrinsic - 0 parameters:
2pt_shear - 0 parameters:
2pt_gal - 0 parameters:
2pt_gal_shear - 0 parameters:
shear_m_bias - 4 parameters:
     shear_calibration_parameters--m1
     shear_calibration_parameters--m2
     shear_calibration_parameters--m3
     shear_calibration_parameters--m4
add_point_mass - 0 parameters:
2pt_like - 0 parameters:
shear_ratio_like - 0 parameters:
Results - 0 parameters:
You manually told me in the parameter file to use module 18 as the first in the fast block
Time for full pipeline:  57.71s
Time for slow pipeline:  57.69s
Time for fast pipeline:  0.02s
Time saving: 99.96%

Based on this we have decided: 
   Slow modules (18):
        consistency
        bbn_consistency
        s8_to_sigma8
        camb
        as_to_log1e10as
        fast_pt
        fits_nz
        lens_photoz_width
        lens_photoz_bias
        source_photoz_bias
        IA
        pk_to_cl_gg
        pk_to_cl
        add_magnification
        add_intrinsic
        2pt_shear
        2pt_gal
        2pt_gal_shear
   Fast modules (4):
        shear_m_bias
        add_point_mass
        2pt_like
        shear_ratio_like
   Slow parameters (28):
        cosmological_parameters--ombh2
        cosmological_parameters--omch2
        cosmological_parameters--h0
        cosmological_parameters--mnu
        cosmological_parameters--s_8
        cosmological_parameters--n_s
        halo_model_parameters--logt_agn
        lens_photoz_errors--width_1
        lens_photoz_errors--width_2
        lens_photoz_errors--width_3
        lens_photoz_errors--width_4
        lens_photoz_errors--bias_1
        lens_photoz_errors--bias_2
        lens_photoz_errors--bias_3
        lens_photoz_errors--bias_4
        wl_photoz_errors--bias_1
        wl_photoz_errors--bias_2
        wl_photoz_errors--bias_3
        wl_photoz_errors--bias_4
        intrinsic_alignment_parameters--a1
        intrinsic_alignment_parameters--a2
        intrinsic_alignment_parameters--alpha1
        intrinsic_alignment_parameters--alpha2
        intrinsic_alignment_parameters--bias_ta
        bias_lens--b1
        bias_lens--b2
        bias_lens--b3
        bias_lens--b4
   Fast parameters (4):
        shear_calibration_parameters--m1
        shear_calibration_parameters--m2
        shear_calibration_parameters--m3
        shear_calibration_parameters--m4


2pt_like took: 0.019 seconds
shear_ratio_like took: 0.001 seconds
Total pipeline time: 56.9 seconds
pk_to_cl_gg took: 1.268 seconds
camb took: 55.075 seconds
as_to_log1e10as took: 0.000 seconds


Parameters first used in each module:
consistency - 5 parameters:
     cosmological_parameters--ombh2
     cosmological_parameters--omch2
     cosmological_parameters--h0
     cosmological_parameters--mnu
     cosmological_parameters--s_8
bbn_consistency - 0 parameters:
s8_to_sigma8 - 0 parameters:
camb - 2 parameters:
     cosmological_parameters--n_s
     halo_model_parameters--logt_agn
as_to_log1e10as - 0 parameters:
fast_pt - 0 parameters:
fits_nz - 0 parameters:
lens_photoz_width - 4 parameters:
     lens_photoz_errors--width_1
     lens_photoz_errors--width_2
     lens_photoz_errors--width_3
     lens_photoz_errors--width_4
lens_photoz_bias - 4 parameters:
     lens_photoz_errors--bias_1
     lens_photoz_errors--bias_2
     lens_photoz_errors--bias_3
     lens_photoz_errors--bias_4
source_photoz_bias - 4 parameters:
     wl_photoz_errors--bias_1
     wl_photoz_errors--bias_2
     wl_photoz_errors--bias_3
     wl_photoz_errors--bias_4
IA - 5 parameters:
     intrinsic_alignment_parameters--a1
     intrinsic_alignment_parameters--a2
     intrinsic_alignment_parameters--alpha1
     intrinsic_alignment_parameters--alpha2
     intrinsic_alignment_parameters--bias_ta
pk_to_cl_gg - 4 parameters:
     bias_lens--b1
     bias_lens--b2
     bias_lens--b3
     bias_lens--b4
pk_to_cl - 0 parameters:
add_magnification - 0 parameters:
add_intrinsic - 0 parameters:
2pt_shear - 0 parameters:
2pt_gal - 0 parameters:
2pt_gal_shear - 0 parameters:
shear_m_bias - 4 parameters:
     shear_calibration_parameters--m1
     shear_calibration_parameters--m2
     shear_calibration_parameters--m3
     shear_calibration_parameters--m4
add_point_mass - 0 parameters:
2pt_like - 0 parameters:
shear_ratio_like - 0 parameters:
Results - 0 parameters:
You manually told me in the parameter file to use module 18 as the first in the fast block
Time for full pipeline:  56.90s
Time for slow pipeline:  56.88s
Time for fast pipeline:  0.02s
Time saving: 99.96%

Based on this we have decided: 
   Slow modules (18):
        consistency
        bbn_consistency
        s8_to_sigma8
        camb
        as_to_log1e10as
        fast_pt
        fits_nz
        lens_photoz_width
        lens_photoz_bias
        source_photoz_bias
        IA
        pk_to_cl_gg
        pk_to_cl
        add_magnification
        add_intrinsic
        2pt_shear
        2pt_gal
        2pt_gal_shear
   Fast modules (4):
        shear_m_bias
        add_point_mass
        2pt_like
        shear_ratio_like
   Slow parameters (28):
        cosmological_parameters--ombh2
        cosmological_parameters--omch2
        cosmological_parameters--h0
        cosmological_parameters--mnu
        cosmological_parameters--s_8
        cosmological_parameters--n_s
        halo_model_parameters--logt_agn
        lens_photoz_errors--width_1
        lens_photoz_errors--width_2
        lens_photoz_errors--width_3
        lens_photoz_errors--width_4
        lens_photoz_errors--bias_1
        lens_photoz_errors--bias_2
        lens_photoz_errors--bias_3
        lens_photoz_errors--bias_4
        wl_photoz_errors--bias_1
        wl_photoz_errors--bias_2
        wl_photoz_errors--bias_3
        wl_photoz_errors--bias_4
        intrinsic_alignment_parameters--a1
        intrinsic_alignment_parameters--a2
        intrinsic_alignment_parameters--alpha1
        intrinsic_alignment_parameters--alpha2
        intrinsic_alignment_parameters--bias_ta
        bias_lens--b1
        bias_lens--b2
        bias_lens--b3
        bias_lens--b4
   Fast parameters (4):
        shear_calibration_parameters--m1
        shear_calibration_parameters--m2
        shear_calibration_parameters--m3
        shear_calibration_parameters--m4


2pt_gal_shear took: 0.113 seconds
camb took: 54.456 seconds
as_to_log1e10as took: 0.000 seconds
fast_pt took: 0.096 seconds
fits_nz took: 0.000 seconds
shear_m_bias took: 0.002 seconds
add_point_mass took: 0.000 seconds
lens_photoz_width took: 0.001 seconds
lens_photoz_bias took: 0.001 seconds
source_photoz_bias took: 0.001 seconds
camb took: 56.078 seconds
as_to_log1e10as took: 0.000 seconds
pk_to_cl_gg took: 0.890 seconds
2pt_gal_shear took: 0.108 seconds
pk_to_cl took: 0.677 seconds
shear_m_bias took: 0.002 seconds
add_point_mass took: 0.000 seconds
fast_pt took: 0.088 seconds
fits_nz took: 0.000 seconds
lens_photoz_width took: 0.001 seconds
lens_photoz_bias took: 0.001 seconds
source_photoz_bias took: 0.000 seconds
add_magnification took: 0.007 seconds
pk_to_cl_gg took: 0.962 seconds
add_intrinsic took: 0.004 seconds
2pt_shear took: 0.092 seconds
fast_pt took: 0.093 seconds
2pt_shear took: 0.112 seconds
fits_nz took: 0.000 seconds
2pt_like took: 0.022 seconds
shear_ratio_like took: 0.001 seconds
Total pipeline time: 57.7 seconds
fast_pt took: 0.141 seconds
lens_photoz_width took: 0.001 seconds
fits_nz took: 0.001 seconds
pk_to_cl_gg took: 0.913 seconds
lens_photoz_bias took: 0.001 seconds
2pt_shear took: 0.096 seconds
source_photoz_bias took: 0.001 seconds
fast_pt took: 0.106 seconds
lens_photoz_width took: 0.001 seconds
Using two grades of parameter speed in polychord.
Telling Polychord to spend fraction 0.1 if its time in the fast subspace (adjust with fast_fraction option)
fits_nz took: 0.000 seconds
Polychord num_repeats = 74  (from parameter file)
lens_photoz_bias took: 0.001 seconds
lens_photoz_width took: 0.001 seconds
source_photoz_bias took: 0.001 seconds
pk_to_cl_gg took: 1.133 seconds
lens_photoz_bias took: 0.001 seconds
fast_pt took: 0.089 seconds
source_photoz_bias took: 0.001 seconds
fits_nz took: 0.000 seconds
Using two grades of parameter speed in polychord.
Telling Polychord to spend fraction 0.1 if its time in the fast subspace (adjust with fast_fraction option)
Polychord num_repeats = 74  (from parameter file)
lens_photoz_width took: 0.001 seconds
2pt_like took: 0.020 seconds
IA took: 0.027 seconds
lens_photoz_bias took: 0.001 seconds
shear_ratio_like took: 0.001 seconds
Total pipeline time: 56.7 seconds
source_photoz_bias took: 0.001 seconds
fast_pt took: 0.088 seconds
2pt_shear took: 0.091 seconds
fits_nz took: 0.000 seconds
Using two grades of parameter speed in polychord.
Telling Polychord to spend fraction 0.1 if its time in the fast subspace (adjust with fast_fraction option)
Polychord num_repeats = 74  (from parameter file)
lens_photoz_width took: 0.001 seconds
lens_photoz_bias took: 0.001 seconds
source_photoz_bias took: 0.000 seconds
pk_to_cl_gg took: 1.221 seconds
IA took: 0.025 seconds


Parameters first used in each module:
consistency - 5 parameters:
     cosmological_parameters--ombh2
     cosmological_parameters--omch2
     cosmological_parameters--h0
     cosmological_parameters--mnu
     cosmological_parameters--s_8
bbn_consistency - 0 parameters:
s8_to_sigma8 - 0 parameters:
camb - 2 parameters:
     cosmological_parameters--n_s
     halo_model_parameters--logt_agn
as_to_log1e10as - 0 parameters:
fast_pt - 0 parameters:
fits_nz - 0 parameters:
lens_photoz_width - 4 parameters:
     lens_photoz_errors--width_1
     lens_photoz_errors--width_2
     lens_photoz_errors--width_3
     lens_photoz_errors--width_4
lens_photoz_bias - 4 parameters:
     lens_photoz_errors--bias_1
     lens_photoz_errors--bias_2
     lens_photoz_errors--bias_3
     lens_photoz_errors--bias_4
source_photoz_bias - 4 parameters:
     wl_photoz_errors--bias_1
     wl_photoz_errors--bias_2
     wl_photoz_errors--bias_3
     wl_photoz_errors--bias_4
IA - 5 parameters:
     intrinsic_alignment_parameters--a1
     intrinsic_alignment_parameters--a2
     intrinsic_alignment_parameters--alpha1
     intrinsic_alignment_parameters--alpha2
     intrinsic_alignment_parameters--bias_ta
pk_to_cl_gg - 4 parameters:
     bias_lens--b1
     bias_lens--b2
     bias_lens--b3
     bias_lens--b4
pk_to_cl - 0 parameters:
add_magnification - 0 parameters:
add_intrinsic - 0 parameters:
2pt_shear - 0 parameters:
2pt_gal - 0 parameters:
2pt_gal_shear - 0 parameters:
shear_m_bias - 4 parameters:
     shear_calibration_parameters--m1
     shear_calibration_parameters--m2
     shear_calibration_parameters--m3
     shear_calibration_parameters--m4
add_point_mass - 0 parameters:
2pt_like - 0 parameters:
shear_ratio_like - 0 parameters:
Results - 0 parameters:
You manually told me in the parameter file to use module 18 as the first in the fast block
Time for full pipeline:  57.65s
Time for slow pipeline:  57.63s
Time for fast pipeline:  0.02s
Time saving: 99.96%

Based on this we have decided: 
   Slow modules (18):
        consistency
        bbn_consistency
        s8_to_sigma8
        camb
        as_to_log1e10as
        fast_pt
        fits_nz
        lens_photoz_width
        lens_photoz_bias
        source_photoz_bias
        IA
        pk_to_cl_gg
        pk_to_cl
        add_magnification
        add_intrinsic
        2pt_shear
        2pt_gal
        2pt_gal_shear
   Fast modules (4):
        shear_m_bias
        add_point_mass
        2pt_like
        shear_ratio_like
   Slow parameters (28):
        cosmological_parameters--ombh2
        cosmological_parameters--omch2
        cosmological_parameters--h0
        cosmological_parameters--mnu
        cosmological_parameters--s_8
        cosmological_parameters--n_s
        halo_model_parameters--logt_agn
        lens_photoz_errors--width_1
        lens_photoz_errors--width_2
        lens_photoz_errors--width_3
        lens_photoz_errors--width_4
        lens_photoz_errors--bias_1
        lens_photoz_errors--bias_2
        lens_photoz_errors--bias_3
        lens_photoz_errors--bias_4
        wl_photoz_errors--bias_1
        wl_photoz_errors--bias_2
        wl_photoz_errors--bias_3
        wl_photoz_errors--bias_4
        intrinsic_alignment_parameters--a1
        intrinsic_alignment_parameters--a2
        intrinsic_alignment_parameters--alpha1
        intrinsic_alignment_parameters--alpha2
        intrinsic_alignment_parameters--bias_ta
        bias_lens--b1
        bias_lens--b2
        bias_lens--b3
        bias_lens--b4
   Fast parameters (4):
        shear_calibration_parameters--m1
        shear_calibration_parameters--m2
        shear_calibration_parameters--m3
        shear_calibration_parameters--m4




Parameters first used in each module:
consistency - 5 parameters:
     cosmological_parameters--ombh2
     cosmological_parameters--omch2
     cosmological_parameters--h0
     cosmological_parameters--mnu
     cosmological_parameters--s_8
bbn_consistency - 0 parameters:
s8_to_sigma8 - 0 parameters:
camb - 2 parameters:
     cosmological_parameters--n_s
     halo_model_parameters--logt_agn
as_to_log1e10as - 0 parameters:
fast_pt - 0 parameters:
fits_nz - 0 parameters:
lens_photoz_width - 4 parameters:
     lens_photoz_errors--width_1
     lens_photoz_errors--width_2
     lens_photoz_errors--width_3
     lens_photoz_errors--width_4
lens_photoz_bias - 4 parameters:
     lens_photoz_errors--bias_1
     lens_photoz_errors--bias_2
     lens_photoz_errors--bias_3
     lens_photoz_errors--bias_4
source_photoz_bias - 4 parameters:
     wl_photoz_errors--bias_1
     wl_photoz_errors--bias_2
     wl_photoz_errors--bias_3
     wl_photoz_errors--bias_4
IA - 5 parameters:
     intrinsic_alignment_parameters--a1
     intrinsic_alignment_parameters--a2
     intrinsic_alignment_parameters--alpha1
     intrinsic_alignment_parameters--alpha2
     intrinsic_alignment_parameters--bias_ta
pk_to_cl_gg - 4 parameters:
     bias_lens--b1
     bias_lens--b2
     bias_lens--b3
     bias_lens--b4
pk_to_cl - 0 parameters:
add_magnification - 0 parameters:
add_intrinsic - 0 parameters:
2pt_shear - 0 parameters:
2pt_gal - 0 parameters:
2pt_gal_shear - 0 parameters:
shear_m_bias - 4 parameters:
     shear_calibration_parameters--m1
     shear_calibration_parameters--m2
     shear_calibration_parameters--m3
     shear_calibration_parameters--m4
add_point_mass - 0 parameters:
2pt_like - 0 parameters:
shear_ratio_like - 0 parameters:
Results - 0 parameters:
You manually told me in the parameter file to use module 18 as the first in the fast block
Time for full pipeline:  56.69s
Time for slow pipeline:  56.67s
Time for fast pipeline:  0.02s
Time saving: 99.96%

Based on this we have decided: 
   Slow modules (18):
        consistency
        bbn_consistency
        s8_to_sigma8
        camb
        as_to_log1e10as
        fast_pt
        fits_nz
        lens_photoz_width
        lens_photoz_bias
        source_photoz_bias
        IA
        pk_to_cl_gg
        pk_to_cl
        add_magnification
        add_intrinsic
        2pt_shear
        2pt_gal
        2pt_gal_shear
   Fast modules (4):
        shear_m_bias
        add_point_mass
        2pt_like
        shear_ratio_like
   Slow parameters (28):
        cosmological_parameters--ombh2
        cosmological_parameters--omch2
        cosmological_parameters--h0
        cosmological_parameters--mnu
        cosmological_parameters--s_8
        cosmological_parameters--n_s
        halo_model_parameters--logt_agn
        lens_photoz_errors--width_1
        lens_photoz_errors--width_2
        lens_photoz_errors--width_3
        lens_photoz_errors--width_4
        lens_photoz_errors--bias_1
        lens_photoz_errors--bias_2
        lens_photoz_errors--bias_3
        lens_photoz_errors--bias_4
        wl_photoz_errors--bias_1
        wl_photoz_errors--bias_2
        wl_photoz_errors--bias_3
        wl_photoz_errors--bias_4
        intrinsic_alignment_parameters--a1
        intrinsic_alignment_parameters--a2
        intrinsic_alignment_parameters--alpha1
        intrinsic_alignment_parameters--alpha2
        intrinsic_alignment_parameters--bias_ta
        bias_lens--b1
        bias_lens--b2
        bias_lens--b3
        bias_lens--b4
   Fast parameters (4):
        shear_calibration_parameters--m1
        shear_calibration_parameters--m2
        shear_calibration_parameters--m3
        shear_calibration_parameters--m4


2pt_gal_shear took: 0.112 seconds
2pt_gal_shear took: 0.111 seconds
shear_m_bias took: 0.002 seconds
2pt_gal took: 0.027 seconds
add_point_mass took: 0.000 seconds
shear_m_bias took: 0.002 seconds
add_point_mass took: 0.000 seconds
2pt_gal_shear took: 0.109 seconds
IA took: 0.015 seconds
shear_m_bias took: 0.002 seconds
add_point_mass took: 0.000 seconds
2pt_gal took: 0.029 seconds
IA took: 0.026 seconds
fast_pt took: 0.093 seconds
2pt_gal took: 0.028 seconds
fits_nz took: 0.000 seconds
IA took: 0.024 seconds
IA took: 0.026 seconds
lens_photoz_width took: 0.001 seconds
lens_photoz_bias took: 0.001 seconds
source_photoz_bias took: 0.001 seconds
pk_to_cl_gg took: 0.906 seconds
2pt_gal took: 0.027 seconds
IA took: 0.033 seconds
2pt_shear took: 0.093 seconds
pk_to_cl took: 0.555 seconds
2pt_like took: 0.020 seconds
shear_ratio_like took: 0.001 seconds
Total pipeline time: 56.7 seconds
2pt_like took: 0.021 seconds
fast_pt took: 0.096 seconds
fits_nz took: 0.000 seconds
shear_ratio_like took: 0.001 seconds
Total pipeline time: 57.6 seconds
add_magnification took: 0.005 seconds
lens_photoz_width took: 0.001 seconds
lens_photoz_bias took: 0.001 seconds
source_photoz_bias took: 0.001 seconds
add_intrinsic took: 0.003 seconds
2pt_like took: 0.020 seconds
shear_ratio_like took: 0.001 seconds
Total pipeline time: 57.5 seconds
IA took: 0.015 seconds
pk_to_cl took: 0.493 seconds


Parameters first used in each module:
consistency - 5 parameters:
     cosmological_parameters--ombh2
     cosmological_parameters--omch2
     cosmological_parameters--h0
     cosmological_parameters--mnu
     cosmological_parameters--s_8
bbn_consistency - 0 parameters:
s8_to_sigma8 - 0 parameters:
camb - 2 parameters:
     cosmological_parameters--n_s
     halo_model_parameters--logt_agn
as_to_log1e10as - 0 parameters:
fast_pt - 0 parameters:
fits_nz - 0 parameters:
lens_photoz_width - 4 parameters:
     lens_photoz_errors--width_1
     lens_photoz_errors--width_2
     lens_photoz_errors--width_3
     lens_photoz_errors--width_4
lens_photoz_bias - 4 parameters:
     lens_photoz_errors--bias_1
     lens_photoz_errors--bias_2
     lens_photoz_errors--bias_3
2pt_gal_shear took: 0.112 seconds
     lens_photoz_errors--bias_4
source_photoz_bias - 4 parameters:
     wl_photoz_errors--bias_1
     wl_photoz_errors--bias_2
     wl_photoz_errors--bias_3
     wl_photoz_errors--bias_4
IA - 5 parameters:
     intrinsic_alignment_parameters--a1
     intrinsic_alignment_parameters--a2
     intrinsic_alignment_parameters--alpha1
     intrinsic_alignment_parameters--alpha2
     intrinsic_alignment_parameters--bias_ta
pk_to_cl_gg - 4 parameters:
     bias_lens--b1
     bias_lens--b2
     bias_lens--b3
     bias_lens--b4
pk_to_cl - 0 parameters:
add_magnification - 0 parameters:
add_intrinsic - 0 parameters:
2pt_shear - 0 parameters:
2pt_gal - 0 parameters:
2pt_gal_shear - 0 parameters:
shear_m_bias - 4 parameters:
     shear_calibration_parameters--m1
     shear_calibration_parameters--m2
     shear_calibration_parameters--m3
     shear_calibration_parameters--m4
add_point_mass - 0 parameters:
2pt_like - 0 parameters:
shear_ratio_like - 0 parameters:
Results - 0 parameters:
You manually told me in the parameter file to use module 18 as the first in the fast block
Time for full pipeline:  56.67s
Time for slow pipeline:  56.65s
Time for fast pipeline:  0.02s
Time saving: 99.96%

Based on this we have decided: 
   Slow modules (18):
        consistency
        bbn_consistency
        s8_to_sigma8
        camb
        as_to_log1e10as
        fast_pt
        fits_nz
        lens_photoz_width
        lens_photoz_bias
        source_photoz_bias
        IA
        pk_to_cl_gg
        pk_to_cl
        add_magnification
        add_intrinsic
        2pt_shear
        2pt_gal
        2pt_gal_shear
   Fast modules (4):
        shear_m_bias
        add_point_mass
        2pt_like
        shear_ratio_like
   Slow parameters (28):
        cosmological_parameters--ombh2
        cosmological_parameters--omch2
        cosmological_parameters--h0
        cosmological_parameters--mnu
        cosmological_parameters--s_8
        cosmological_parameters--n_s
        halo_model_parameters--logt_agn
        lens_photoz_errors--width_1
        lens_photoz_errors--width_2
        lens_photoz_errors--width_3
        lens_photoz_errors--width_4
        lens_photoz_errors--bias_1
        lens_photoz_errors--bias_2
        lens_photoz_errors--bias_3
        lens_photoz_errors--bias_4
        wl_photoz_errors--bias_1
        wl_photoz_errors--bias_2
        wl_photoz_errors--bias_3
        wl_photoz_errors--bias_4
        intrinsic_alignment_parameters--a1
        intrinsic_alignment_parameters--a2
        intrinsic_alignment_parameters--alpha1
        intrinsic_alignment_parameters--alpha2
        intrinsic_alignment_parameters--bias_ta
        bias_lens--b1
        bias_lens--b2
        bias_lens--b3
        bias_lens--b4
   Fast parameters (4):
        shear_calibration_parameters--m1
        shear_calibration_parameters--m2
        shear_calibration_parameters--m3
        shear_calibration_parameters--m4


add_magnification took: 0.005 seconds


Parameters first used in each module:
consistency - 5 parameters:
     cosmological_parameters--ombh2
     cosmological_parameters--omch2
     cosmological_parameters--h0
     cosmological_parameters--mnu
     cosmological_parameters--s_8
bbn_consistency - 0 parameters:
s8_to_sigma8 - 0 parameters:
camb - 2 parameters:
     cosmological_parameters--n_s
     halo_model_parameters--logt_agn
as_to_log1e10as - 0 parameters:
fast_pt - 0 parameters:
fits_nz - 0 parameters:
lens_photoz_width - 4 parameters:
     lens_photoz_errors--width_1
     lens_photoz_errors--width_2
     lens_photoz_errors--width_3
     lens_photoz_errors--width_4
lens_photoz_bias - 4 parameters:
     lens_photoz_errors--bias_1
     lens_photoz_errors--bias_2
     lens_photoz_errors--bias_3
     lens_photoz_errors--bias_4
source_photoz_bias - 4 parameters:
     wl_photoz_errors--bias_1
     wl_photoz_errors--bias_2
     wl_photoz_errors--bias_3
     wl_photoz_errors--bias_4
IA - 5 parameters:
     intrinsic_alignment_parameters--a1
     intrinsic_alignment_parameters--a2
     intrinsic_alignment_parameters--alpha1
     intrinsic_alignment_parameters--alpha2
     intrinsic_alignment_parameters--bias_ta
pk_to_cl_gg - 4 parameters:
     bias_lens--b1
     bias_lens--b2
     bias_lens--b3
     bias_lens--b4
pk_to_cl - 0 parameters:
add_magnification - 0 parameters:
add_intrinsic - 0 parameters:
2pt_shear - 0 parameters:
2pt_gal - 0 parameters:
2pt_gal_shear - 0 parameters:
shear_m_bias - 4 parameters:
     shear_calibration_parameters--m1
     shear_calibration_parameters--m2
     shear_calibration_parameters--m3
     shear_calibration_parameters--m4
add_point_mass - 0 parameters:
2pt_like - 0 parameters:
shear_ratio_like - 0 parameters:
Results - 0 parameters:
You manually told me in the parameter file to use module 18 as the first in the fast block
Time for full pipeline:  57.59s
Time for slow pipeline:  57.56s
Time for fast pipeline:  0.02s
Time saving: 99.96%

Based on this we have decided: 
   Slow modules (18):
        consistency
        bbn_consistency
        s8_to_sigma8
        camb
        as_to_log1e10as
        fast_pt
        fits_nz
        lens_photoz_width
        lens_photoz_bias
        source_photoz_bias
        IA
        pk_to_cl_gg
        pk_to_cl
        add_magnification
        add_intrinsic
        2pt_shear
        2pt_gal
        2pt_gal_shear
   Fast modules (4):
        shear_m_bias
        add_point_mass
        2pt_like
        shear_ratio_like
   Slow parameters (28):
        cosmological_parameters--ombh2
        cosmological_parameters--omch2
        cosmological_parameters--h0
        cosmological_parameters--mnu
        cosmological_parameters--s_8
        cosmological_parameters--n_s
        halo_model_parameters--logt_agn
        lens_photoz_errors--width_1
        lens_photoz_errors--width_2
        lens_photoz_errors--width_3
        lens_photoz_errors--width_4
        lens_photoz_errors--bias_1
        lens_photoz_errors--bias_2
        lens_photoz_errors--bias_3
        lens_photoz_errors--bias_4
        wl_photoz_errors--bias_1
        wl_photoz_errors--bias_2
        wl_photoz_errors--bias_3
        wl_photoz_errors--bias_4
        intrinsic_alignment_parameters--a1
        intrinsic_alignment_parameters--a2
        intrinsic_alignment_parameters--alpha1
        intrinsic_alignment_parameters--alpha2
        intrinsic_alignment_parameters--bias_ta
        bias_lens--b1
        bias_lens--b2
        bias_lens--b3
        bias_lens--b4
   Fast parameters (4):
        shear_calibration_parameters--m1
        shear_calibration_parameters--m2
        shear_calibration_parameters--m3
        shear_calibration_parameters--m4


shear_m_bias took: 0.002 seconds
add_point_mass took: 0.000 seconds
add_intrinsic took: 0.002 seconds


Parameters first used in each module:
consistency - 5 parameters:
     cosmological_parameters--ombh2
     cosmological_parameters--omch2
     cosmological_parameters--h0
     cosmological_parameters--mnu
     cosmological_parameters--s_8
bbn_consistency - 0 parameters:
s8_to_sigma8 - 0 parameters:
camb - 2 parameters:
     cosmological_parameters--n_s
     halo_model_parameters--logt_agn
as_to_log1e10as - 0 parameters:
fast_pt - 0 parameters:
fits_nz - 0 parameters:
lens_photoz_width - 4 parameters:
     lens_photoz_errors--width_1
     lens_photoz_errors--width_2
     lens_photoz_errors--width_3
     lens_photoz_errors--width_4
lens_photoz_bias - 4 parameters:
     lens_photoz_errors--bias_1
     lens_photoz_errors--bias_2
     lens_photoz_errors--bias_3
     lens_photoz_errors--bias_4
source_photoz_bias - 4 parameters:
     wl_photoz_errors--bias_1
     wl_photoz_errors--bias_2
     wl_photoz_errors--bias_3
     wl_photoz_errors--bias_4
IA - 5 parameters:
     intrinsic_alignment_parameters--a1
     intrinsic_alignment_parameters--a2
     intrinsic_alignment_parameters--alpha1
     intrinsic_alignment_parameters--alpha2
     intrinsic_alignment_parameters--bias_ta
pk_to_cl_gg - 4 parameters:
     bias_lens--b1
     bias_lens--b2
     bias_lens--b3
     bias_lens--b4
pk_to_cl - 0 parameters:
add_magnification - 0 parameters:
add_intrinsic - 0 parameters:
2pt_shear - 0 parameters:
2pt_gal - 0 parameters:
2pt_gal_shear - 0 parameters:
shear_m_bias - 4 parameters:
     shear_calibration_parameters--m1
     shear_calibration_parameters--m2
     shear_calibration_parameters--m3
     shear_calibration_parameters--m4
add_point_mass - 0 parameters:
2pt_like - 0 parameters:
shear_ratio_like - 0 parameters:
Results - 0 parameters:
You manually told me in the parameter file to use module 18 as the first in the fast block
Time for full pipeline:  57.49s
Time for slow pipeline:  57.47s
Time for fast pipeline:  0.02s
Time saving: 99.96%

Based on this we have decided: 
   Slow modules (18):
        consistency
        bbn_consistency
        s8_to_sigma8
        camb
        as_to_log1e10as
        fast_pt
        fits_nz
        lens_photoz_width
        lens_photoz_bias
        source_photoz_bias
        IA
        pk_to_cl_gg
        pk_to_cl
        add_magnification
        add_intrinsic
        2pt_shear
        2pt_gal
        2pt_gal_shear
   Fast modules (4):
        shear_m_bias
        add_point_mass
        2pt_like
        shear_ratio_like
   Slow parameters (28):
        cosmological_parameters--ombh2
        cosmological_parameters--omch2
        cosmological_parameters--h0
        cosmological_parameters--mnu
        cosmological_parameters--s_8
        cosmological_parameters--n_s
        halo_model_parameters--logt_agn
        lens_photoz_errors--width_1
        lens_photoz_errors--width_2
        lens_photoz_errors--width_3
        lens_photoz_errors--width_4
        lens_photoz_errors--bias_1
        lens_photoz_errors--bias_2
        lens_photoz_errors--bias_3
        lens_photoz_errors--bias_4
        wl_photoz_errors--bias_1
        wl_photoz_errors--bias_2
        wl_photoz_errors--bias_3
        wl_photoz_errors--bias_4
        intrinsic_alignment_parameters--a1
        intrinsic_alignment_parameters--a2
        intrinsic_alignment_parameters--alpha1
        intrinsic_alignment_parameters--alpha2
        intrinsic_alignment_parameters--bias_ta
        bias_lens--b1
        bias_lens--b2
        bias_lens--b3
        bias_lens--b4
   Fast parameters (4):
        shear_calibration_parameters--m1
        shear_calibration_parameters--m2
        shear_calibration_parameters--m3
        shear_calibration_parameters--m4


fast_pt took: 0.097 seconds
fits_nz took: 0.000 seconds
lens_photoz_width took: 0.001 seconds
lens_photoz_bias took: 0.001 seconds
source_photoz_bias took: 0.001 seconds
Using two grades of parameter speed in polychord.
Telling Polychord to spend fraction 0.1 if its time in the fast subspace (adjust with fast_fraction option)
Polychord num_repeats = 74  (from parameter file)
2pt_gal took: 0.028 seconds
IA took: 0.026 seconds
pk_to_cl_gg took: 0.935 seconds
fast_pt took: 0.094 seconds
2pt_like took: 0.020 seconds
fits_nz took: 0.000 seconds
shear_ratio_like took: 0.001 seconds
Total pipeline time: 56.6 seconds
lens_photoz_width took: 0.001 seconds
lens_photoz_bias took: 0.001 seconds
source_photoz_bias took: 0.001 seconds


Parameters first used in each module:
consistency - 5 parameters:
     cosmological_parameters--ombh2
     cosmological_parameters--omch2
     cosmological_parameters--h0
     cosmological_parameters--mnu
     cosmological_parameters--s_8
bbn_consistency - 0 parameters:
s8_to_sigma8 - 0 parameters:
camb - 2 parameters:
     cosmological_parameters--n_s
     halo_model_parameters--logt_agn
as_to_log1e10as - 0 parameters:
fast_pt - 0 parameters:
fits_nz - 0 parameters:
lens_photoz_width - 4 parameters:
     lens_photoz_errors--width_1
     lens_photoz_errors--width_2
     lens_photoz_errors--width_3
     lens_photoz_errors--width_4
lens_photoz_bias - 4 parameters:
     lens_photoz_errors--bias_1
     lens_photoz_errors--bias_2
     lens_photoz_errors--bias_3
     lens_photoz_errors--bias_4
source_photoz_bias - 4 parameters:
     wl_photoz_errors--bias_1
     wl_photoz_errors--bias_2
     wl_photoz_errors--bias_3
     wl_photoz_errors--bias_4
IA - 5 parameters:
     intrinsic_alignment_parameters--a1
     intrinsic_alignment_parameters--a2
     intrinsic_alignment_parameters--alpha1
     intrinsic_alignment_parameters--alpha2
     intrinsic_alignment_parameters--bias_ta
pk_to_cl_gg - 4 parameters:
     bias_lens--b1
     bias_lens--b2
     bias_lens--b3
     bias_lens--b4
pk_to_cl - 0 parameters:
add_magnification - 0 parameters:
add_intrinsic - 0 parameters:
2pt_shear - 0 parameters:
2pt_gal - 0 parameters:
2pt_gal_shear - 0 parameters:
shear_m_bias - 4 parameters:
     shear_calibration_parameters--m1
     shear_calibration_parameters--m2
     shear_calibration_parameters--m3
     shear_calibration_parameters--m4
add_point_mass - 0 parameters:
2pt_like - 0 parameters:
shear_ratio_like - 0 parameters:
Results - 0 parameters:
You manually told me in the parameter file to use module 18 as the first in the fast block
Time for full pipeline:  56.64s
Time for slow pipeline:  56.61s
Time for fast pipeline:  0.02s
Time saving: 99.96%

Based on this we have decided: 
   Slow modules (18):
        consistency
        bbn_consistency
        s8_to_sigma8
        camb
        as_to_log1e10as
        fast_pt
        fits_nz
        lens_photoz_width
        lens_photoz_bias
        source_photoz_bias
        IA
        pk_to_cl_gg
        pk_to_cl
        add_magnification
        add_intrinsic
        2pt_shear
        2pt_gal
        2pt_gal_shear
   Fast modules (4):
        shear_m_bias
        add_point_mass
        2pt_like
        shear_ratio_like
   Slow parameters (28):
        cosmological_parameters--ombh2
        cosmological_parameters--omch2
        cosmological_parameters--h0
        cosmological_parameters--mnu
        cosmological_parameters--s_8
        cosmological_parameters--n_s
        halo_model_parameters--logt_agn
        lens_photoz_errors--width_1
        lens_photoz_errors--width_2
        lens_photoz_errors--width_3
        lens_photoz_errors--width_4
        lens_photoz_errors--bias_1
        lens_photoz_errors--bias_2
        lens_photoz_errors--bias_3
        lens_photoz_errors--bias_4
        wl_photoz_errors--bias_1
        wl_photoz_errors--bias_2
        wl_photoz_errors--bias_3
        wl_photoz_errors--bias_4
        intrinsic_alignment_parameters--a1
        intrinsic_alignment_parameters--a2
        intrinsic_alignment_parameters--alpha1
        intrinsic_alignment_parameters--alpha2
        intrinsic_alignment_parameters--bias_ta
        bias_lens--b1
        bias_lens--b2
        bias_lens--b3
        bias_lens--b4
   Fast parameters (4):
        shear_calibration_parameters--m1
        shear_calibration_parameters--m2
        shear_calibration_parameters--m3
        shear_calibration_parameters--m4


Using two grades of parameter speed in polychord.
Telling Polychord to spend fraction 0.1 if its time in the fast subspace (adjust with fast_fraction option)
Polychord num_repeats = 74  (from parameter file)
IA took: 0.026 seconds
pk_to_cl took: 0.484 seconds
fast_pt took: 0.120 seconds
fits_nz took: 0.000 seconds
add_magnification took: 0.005 seconds
lens_photoz_width took: 0.001 seconds
lens_photoz_bias took: 0.001 seconds
source_photoz_bias took: 0.000 seconds
add_intrinsic took: 0.002 seconds
IA took: 0.026 seconds
2pt_shear took: 0.113 seconds
Using two grades of parameter speed in polychord.
Telling Polychord to spend fraction 0.1 if its time in the fast subspace (adjust with fast_fraction option)
Polychord num_repeats = 74  (from parameter file)
Using two grades of parameter speed in polychord.
Telling Polychord to spend fraction 0.1 if its time in the fast subspace (adjust with fast_fraction option)
Polychord num_repeats = 74  (from parameter file)
pk_to_cl_gg took: 1.316 seconds
pk_to_cl_gg took: 0.922 seconds
IA took: 0.024 seconds
pk_to_cl_gg took: 0.993 seconds
2pt_gal_shear took: 0.104 seconds
Using two grades of parameter speed in polychord.
Telling Polychord to spend fraction 0.1 if its time in the fast subspace (adjust with fast_fraction option)
Polychord num_repeats = 74  (from parameter file)
shear_m_bias took: 0.002 seconds
add_point_mass took: 0.000 seconds
pk_to_cl_gg took: 0.888 seconds
2pt_gal took: 0.027 seconds
Using two grades of parameter speed in polychord.
Telling Polychord to spend fraction 0.1 if its time in the fast subspace (adjust with fast_fraction option)
Polychord num_repeats = 74  (from parameter file)
2pt_gal_shear took: 0.103 seconds
2pt_gal_shear took: 0.111 seconds
shear_m_bias took: 0.002 seconds
add_point_mass took: 0.000 seconds
2pt_gal_shear took: 0.111 seconds
shear_m_bias took: 0.002 seconds
add_point_mass took: 0.000 seconds
2pt_shear took: 0.096 seconds
shear_m_bias took: 0.002 seconds
add_point_mass took: 0.000 seconds
Using two grades of parameter speed in polychord.
Telling Polychord to spend fraction 0.1 if its time in the fast subspace (adjust with fast_fraction option)
Polychord num_repeats = 74  (from parameter file)
2pt_like took: 0.020 seconds
shear_ratio_like took: 0.001 seconds
Total pipeline time: 55.3 seconds
Using two grades of parameter speed in polychord.
Telling Polychord to spend fraction 0.1 if its time in the fast subspace (adjust with fast_fraction option)
Polychord num_repeats = 74  (from parameter file)
2pt_shear took: 0.098 seconds


Parameters first used in each module:
consistency - 5 parameters:
     cosmological_parameters--ombh2
     cosmological_parameters--omch2
     cosmological_parameters--h0
     cosmological_parameters--mnu
     cosmological_parameters--s_8
bbn_consistency - 0 parameters:
s8_to_sigma8 - 0 parameters:
camb - 2 parameters:
     cosmological_parameters--n_s
     halo_model_parameters--logt_agn
as_to_log1e10as - 0 parameters:
fast_pt - 0 parameters:
fits_nz - 0 parameters:
lens_photoz_width - 4 parameters:
     lens_photoz_errors--width_1
     lens_photoz_errors--width_2
     lens_photoz_errors--width_3
     lens_photoz_errors--width_4
lens_photoz_bias - 4 parameters:
     lens_photoz_errors--bias_1
     lens_photoz_errors--bias_2
     lens_photoz_errors--bias_3
     lens_photoz_errors--bias_4
source_photoz_bias - 4 parameters:
     wl_photoz_errors--bias_1
     wl_photoz_errors--bias_2
     wl_photoz_errors--bias_3
     wl_photoz_errors--bias_4
IA - 5 parameters:
     intrinsic_alignment_parameters--a1
     intrinsic_alignment_parameters--a2
     intrinsic_alignment_parameters--alpha1
     intrinsic_alignment_parameters--alpha2
     intrinsic_alignment_parameters--bias_ta
pk_to_cl_gg - 4 parameters:
     bias_lens--b1
     bias_lens--b2
     bias_lens--b3
     bias_lens--b4
pk_to_cl - 0 parameters:
add_magnification - 0 parameters:
add_intrinsic - 0 parameters:
2pt_shear - 0 parameters:
2pt_gal - 0 parameters:
2pt_gal_shear - 0 parameters:
shear_m_bias - 4 parameters:
     shear_calibration_parameters--m1
     shear_calibration_parameters--m2
     shear_calibration_parameters--m3
     shear_calibration_parameters--m4
add_point_mass - 0 parameters:
2pt_like - 0 parameters:
shear_ratio_like - 0 parameters:
Results - 0 parameters:
You manually told me in the parameter file to use module 18 as the first in the fast block
Time for full pipeline:  55.25s
Time for slow pipeline:  55.23s
Time for fast pipeline:  0.02s
Time saving: 99.96%

Based on this we have decided: 
   Slow modules (18):
        consistency
        bbn_consistency
        s8_to_sigma8
        camb
        as_to_log1e10as
        fast_pt
        fits_nz
        lens_photoz_width
        lens_photoz_bias
        source_photoz_bias
        IA
        pk_to_cl_gg
        pk_to_cl
        add_magnification
        add_intrinsic
        2pt_shear
        2pt_gal
        2pt_gal_shear
   Fast modules (4):
        shear_m_bias
        add_point_mass
        2pt_like
        shear_ratio_like
   Slow parameters (28):
        cosmological_parameters--ombh2
        cosmological_parameters--omch2
        cosmological_parameters--h0
        cosmological_parameters--mnu
        cosmological_parameters--s_8
        cosmological_parameters--n_s
        halo_model_parameters--logt_agn
        lens_photoz_errors--width_1
        lens_photoz_errors--width_2
        lens_photoz_errors--width_3
        lens_photoz_errors--width_4
        lens_photoz_errors--bias_1
        lens_photoz_errors--bias_2
        lens_photoz_errors--bias_3
        lens_photoz_errors--bias_4
        wl_photoz_errors--bias_1
        wl_photoz_errors--bias_2
        wl_photoz_errors--bias_3
        wl_photoz_errors--bias_4
        intrinsic_alignment_parameters--a1
        intrinsic_alignment_parameters--a2
        intrinsic_alignment_parameters--alpha1
        intrinsic_alignment_parameters--alpha2
        intrinsic_alignment_parameters--bias_ta
        bias_lens--b1
        bias_lens--b2
        bias_lens--b3
        bias_lens--b4
   Fast parameters (4):
        shear_calibration_parameters--m1
        shear_calibration_parameters--m2
        shear_calibration_parameters--m3
        shear_calibration_parameters--m4


2pt_like took: 0.017 seconds
shear_ratio_like took: 0.001 seconds
Total pipeline time: 56.1 seconds
Using two grades of parameter speed in polychord.
Telling Polychord to spend fraction 0.1 if its time in the fast subspace (adjust with fast_fraction option)
Polychord num_repeats = 74  (from parameter file)
2pt_like took: 0.021 seconds
shear_ratio_like took: 0.001 seconds
Total pipeline time: 57.6 seconds
camb took: 54.715 seconds
as_to_log1e10as took: 0.000 seconds
2pt_like took: 0.021 seconds
shear_ratio_like took: 0.001 seconds
Total pipeline time: 56.4 seconds
pk_to_cl_gg took: 1.029 seconds


Parameters first used in each module:
consistency - 5 parameters:
     cosmological_parameters--ombh2
     cosmological_parameters--omch2
     cosmological_parameters--h0
     cosmological_parameters--mnu
     cosmological_parameters--s_8
bbn_consistency - 0 parameters:
s8_to_sigma8 - 0 parameters:
camb - 2 parameters:
     cosmological_parameters--n_s
     halo_model_parameters--logt_agn
as_to_log1e10as - 0 parameters:
fast_pt - 0 parameters:
fits_nz - 0 parameters:
lens_photoz_width - 4 parameters:
     lens_photoz_errors--width_1
     lens_photoz_errors--width_2
     lens_photoz_errors--width_3
     lens_photoz_errors--width_4
lens_photoz_bias - 4 parameters:
     lens_photoz_errors--bias_1
     lens_photoz_errors--bias_2
     lens_photoz_errors--bias_3
     lens_photoz_errors--bias_4
source_photoz_bias - 4 parameters:
     wl_photoz_errors--bias_1
     wl_photoz_errors--bias_2
     wl_photoz_errors--bias_3
     wl_photoz_errors--bias_4
IA - 5 parameters:
     intrinsic_alignment_parameters--a1
     intrinsic_alignment_parameters--a2
     intrinsic_alignment_parameters--alpha1
     intrinsic_alignment_parameters--alpha2
     intrinsic_alignment_parameters--bias_ta
pk_to_cl_gg - 4 parameters:
     bias_lens--b1
     bias_lens--b2
     bias_lens--b3
     bias_lens--b4
pk_to_cl - 0 parameters:
add_magnification - 0 parameters:
add_intrinsic - 0 parameters:
2pt_shear - 0 parameters:
2pt_gal - 0 parameters:
2pt_gal_shear - 0 parameters:
shear_m_bias - 4 parameters:
     shear_calibration_parameters--m1
     shear_calibration_parameters--m2
     shear_calibration_parameters--m3
     shear_calibration_parameters--m4
add_point_mass - 0 parameters:
2pt_like - 0 parameters:
shear_ratio_like - 0 parameters:
Results - 0 parameters:
You manually told me in the parameter file to use module 18 as the first in the fast block
Time for full pipeline:  56.14s
Time for slow pipeline:  56.12s
Time for fast pipeline:  0.02s
Time saving: 99.96%

Based on this we have decided: 
   Slow modules (18):
        consistency
        bbn_consistency
        s8_to_sigma8
        camb
        as_to_log1e10as
        fast_pt
        fits_nz
        lens_photoz_width
        lens_photoz_bias
        source_photoz_bias
        IA
        pk_to_cl_gg
        pk_to_cl
        add_magnification
        add_intrinsic
        2pt_shear
        2pt_gal
        2pt_gal_shear
   Fast modules (4):
        shear_m_bias
        add_point_mass
        2pt_like
        shear_ratio_like
   Slow parameters (28):
        cosmological_parameters--ombh2
        cosmological_parameters--omch2
        cosmological_parameters--h0
        cosmological_parameters--mnu
        cosmological_parameters--s_8
        cosmological_parameters--n_s
        halo_model_parameters--logt_agn
        lens_photoz_errors--width_1
        lens_photoz_errors--width_2
        lens_photoz_errors--width_3
        lens_photoz_errors--width_4
        lens_photoz_errors--bias_1
        lens_photoz_errors--bias_2
        lens_photoz_errors--bias_3
        lens_photoz_errors--bias_4
        wl_photoz_errors--bias_1
        wl_photoz_errors--bias_2
        wl_photoz_errors--bias_3
        wl_photoz_errors--bias_4
        intrinsic_alignment_parameters--a1
        intrinsic_alignment_parameters--a2
        intrinsic_alignment_parameters--alpha1
        intrinsic_alignment_parameters--alpha2
        intrinsic_alignment_parameters--bias_ta
        bias_lens--b1
        bias_lens--b2
        bias_lens--b3
        bias_lens--b4
   Fast parameters (4):
        shear_calibration_parameters--m1
        shear_calibration_parameters--m2
        shear_calibration_parameters--m3
        shear_calibration_parameters--m4


2pt_gal took: 0.028 seconds


Parameters first used in each module:
consistency - 5 parameters:
     cosmological_parameters--ombh2
     cosmological_parameters--omch2
     cosmological_parameters--h0
     cosmological_parameters--mnu
     cosmological_parameters--s_8
bbn_consistency - 0 parameters:
s8_to_sigma8 - 0 parameters:
camb - 2 parameters:
     cosmological_parameters--n_s
     halo_model_parameters--logt_agn
as_to_log1e10as - 0 parameters:
fast_pt - 0 parameters:
fits_nz - 0 parameters:
lens_photoz_width - 4 parameters:
     lens_photoz_errors--width_1
     lens_photoz_errors--width_2
     lens_photoz_errors--width_3
     lens_photoz_errors--width_4
lens_photoz_bias - 4 parameters:
     lens_photoz_errors--bias_1
     lens_photoz_errors--bias_2
     lens_photoz_errors--bias_3
     lens_photoz_errors--bias_4
source_photoz_bias - 4 parameters:
     wl_photoz_errors--bias_1
     wl_photoz_errors--bias_2
     wl_photoz_errors--bias_3
     wl_photoz_errors--bias_4
IA - 5 parameters:
     intrinsic_alignment_parameters--a1
     intrinsic_alignment_parameters--a2
     intrinsic_alignment_parameters--alpha1
     intrinsic_alignment_parameters--alpha2
     intrinsic_alignment_parameters--bias_ta
pk_to_cl_gg - 4 parameters:
     bias_lens--b1
     bias_lens--b2
     bias_lens--b3
     bias_lens--b4
pk_to_cl - 0 parameters:
add_magnification - 0 parameters:
add_intrinsic - 0 parameters:
2pt_shear - 0 parameters:
2pt_gal - 0 parameters:
2pt_gal_shear - 0 parameters:
shear_m_bias - 4 parameters:
     shear_calibration_parameters--m1
     shear_calibration_parameters--m2
     shear_calibration_parameters--m3
     shear_calibration_parameters--m4
add_point_mass - 0 parameters:
2pt_like - 0 parameters:
shear_ratio_like - 0 parameters:
Results - 0 parameters:
You manually told me in the parameter file to use module 18 as the first in the fast block
Time for full pipeline:  57.60s
Time for slow pipeline:  57.58s
Time for fast pipeline:  0.02s
Time saving: 99.96%

Based on this we have decided: 
   Slow modules (18):
        consistency
        bbn_consistency
        s8_to_sigma8
        camb
        as_to_log1e10as
        fast_pt
        fits_nz
        lens_photoz_width
        lens_photoz_bias
        source_photoz_bias
        IA
        pk_to_cl_gg
        pk_to_cl
        add_magnification
        add_intrinsic
        2pt_shear
        2pt_gal
        2pt_gal_shear
   Fast modules (4):
        shear_m_bias
        add_point_mass
        2pt_like
        shear_ratio_like
   Slow parameters (28):
        cosmological_parameters--ombh2
        cosmological_parameters--omch2
        cosmological_parameters--h0
        cosmological_parameters--mnu
        cosmological_parameters--s_8
        cosmological_parameters--n_s
        halo_model_parameters--logt_agn
        lens_photoz_errors--width_1
        lens_photoz_errors--width_2
        lens_photoz_errors--width_3
        lens_photoz_errors--width_4
        lens_photoz_errors--bias_1
        lens_photoz_errors--bias_2
        lens_photoz_errors--bias_3
        lens_photoz_errors--bias_4
        wl_photoz_errors--bias_1
        wl_photoz_errors--bias_2
        wl_photoz_errors--bias_3
        wl_photoz_errors--bias_4
        intrinsic_alignment_parameters--a1
        intrinsic_alignment_parameters--a2
        intrinsic_alignment_parameters--alpha1
        intrinsic_alignment_parameters--alpha2
        intrinsic_alignment_parameters--bias_ta
        bias_lens--b1
        bias_lens--b2
        bias_lens--b3
        bias_lens--b4
   Fast parameters (4):
        shear_calibration_parameters--m1
        shear_calibration_parameters--m2
        shear_calibration_parameters--m3
        shear_calibration_parameters--m4




Parameters first used in each module:
consistency - 5 parameters:
     cosmological_parameters--ombh2
     cosmological_parameters--omch2
     cosmological_parameters--h0
     cosmological_parameters--mnu
     cosmological_parameters--s_8
bbn_consistency - 0 parameters:
s8_to_sigma8 - 0 parameters:
camb - 2 parameters:
     cosmological_parameters--n_s
     halo_model_parameters--logt_agn
as_to_log1e10as - 0 parameters:
fast_pt - 0 parameters:
fits_nz - 0 parameters:
lens_photoz_width - 4 parameters:
     lens_photoz_errors--width_1
     lens_photoz_errors--width_2
     lens_photoz_errors--width_3
     lens_photoz_errors--width_4
lens_photoz_bias - 4 parameters:
     lens_photoz_errors--bias_1
     lens_photoz_errors--bias_2
     lens_photoz_errors--bias_3
     lens_photoz_errors--bias_4
source_photoz_bias - 4 parameters:
     wl_photoz_errors--bias_1
     wl_photoz_errors--bias_2
     wl_photoz_errors--bias_3
     wl_photoz_errors--bias_4
IA - 5 parameters:
     intrinsic_alignment_parameters--a1
     intrinsic_alignment_parameters--a2
     intrinsic_alignment_parameters--alpha1
     intrinsic_alignment_parameters--alpha2
     intrinsic_alignment_parameters--bias_ta
pk_to_cl_gg - 4 parameters:
     bias_lens--b1
     bias_lens--b2
     bias_lens--b3
     bias_lens--b4
pk_to_cl - 0 parameters:
add_magnification - 0 parameters:
add_intrinsic - 0 parameters:
2pt_shear - 0 parameters:
2pt_gal - 0 parameters:
2pt_gal_shear - 0 parameters:
shear_m_bias - 4 parameters:
     shear_calibration_parameters--m1
     shear_calibration_parameters--m2
     shear_calibration_parameters--m3
     shear_calibration_parameters--m4
add_point_mass - 0 parameters:
2pt_like - 0 parameters:
shear_ratio_like - 0 parameters:
Results - 0 parameters:
You manually told me in the parameter file to use module 18 as the first in the fast block
Time for full pipeline:  56.38s
Time for slow pipeline:  56.36s
2pt_gal_shear took: 0.108 seconds
Time for fast pipeline:  0.02s
Time saving: 99.96%

Based on this we have decided: 
   Slow modules (18):
        consistency
        bbn_consistency
        s8_to_sigma8
        camb
        as_to_log1e10as
        fast_pt
        fits_nz
        lens_photoz_width
        lens_photoz_bias
        source_photoz_bias
        IA
        pk_to_cl_gg
        pk_to_cl
        add_magnification
        add_intrinsic
        2pt_shear
        2pt_gal
        2pt_gal_shear
   Fast modules (4):
        shear_m_bias
        add_point_mass
        2pt_like
        shear_ratio_like
   Slow parameters (28):
        cosmological_parameters--ombh2
        cosmological_parameters--omch2
        cosmological_parameters--h0
        cosmological_parameters--mnu
        cosmological_parameters--s_8
        cosmological_parameters--n_s
        halo_model_parameters--logt_agn
        lens_photoz_errors--width_1
        lens_photoz_errors--width_2
        lens_photoz_errors--width_3
        lens_photoz_errors--width_4
        lens_photoz_errors--bias_1
        lens_photoz_errors--bias_2
        lens_photoz_errors--bias_3
        lens_photoz_errors--bias_4
        wl_photoz_errors--bias_1
        wl_photoz_errors--bias_2
        wl_photoz_errors--bias_3
        wl_photoz_errors--bias_4
        intrinsic_alignment_parameters--a1
        intrinsic_alignment_parameters--a2
        intrinsic_alignment_parameters--alpha1
        intrinsic_alignment_parameters--alpha2
        intrinsic_alignment_parameters--bias_ta
        bias_lens--b1
        bias_lens--b2
        bias_lens--b3
        bias_lens--b4
   Fast parameters (4):
        shear_calibration_parameters--m1
        shear_calibration_parameters--m2
        shear_calibration_parameters--m3
        shear_calibration_parameters--m4


shear_m_bias took: 0.002 seconds
add_point_mass took: 0.000 seconds
Using two grades of parameter speed in polychord.
Telling Polychord to spend fraction 0.1 if its time in the fast subspace (adjust with fast_fraction option)
Polychord num_repeats = 74  (from parameter file)
Using two grades of parameter speed in polychord.
Telling Polychord to spend fraction 0.1 if its time in the fast subspace (adjust with fast_fraction option)
Polychord num_repeats = 74  (from parameter file)
camb took: 55.326 seconds
as_to_log1e10as took: 0.000 seconds
2pt_gal took: 0.039 seconds
2pt_like took: 0.020 seconds
2pt_shear took: 0.098 seconds
shear_ratio_like took: 0.001 seconds
Total pipeline time: 56.4 seconds
pk_to_cl took: 0.502 seconds
Using two grades of parameter speed in polychord.
Telling Polychord to spend fraction 0.1 if its time in the fast subspace (adjust with fast_fraction option)
Polychord num_repeats = 74  (from parameter file)
Using two grades of parameter speed in polychord.
Telling Polychord to spend fraction 0.1 if its time in the fast subspace (adjust with fast_fraction option)
add_magnification took: 0.005 seconds
Polychord num_repeats = 74  (from parameter file)


Parameters first used in each module:
consistency - 5 parameters:
     cosmological_parameters--ombh2
     cosmological_parameters--omch2
     cosmological_parameters--h0
     cosmological_parameters--mnu
     cosmological_parameters--s_8
bbn_consistency - 0 parameters:
s8_to_sigma8 - 0 parameters:
camb - 2 parameters:
     cosmological_parameters--n_s
     halo_model_parameters--logt_agn
as_to_log1e10as - 0 parameters:
fast_pt - 0 parameters:
fits_nz - 0 parameters:
lens_photoz_width - 4 parameters:
     lens_photoz_errors--width_1
     lens_photoz_errors--width_2
     lens_photoz_errors--width_3
     lens_photoz_errors--width_4
lens_photoz_bias - 4 parameters:
     lens_photoz_errors--bias_1
     lens_photoz_errors--bias_2
     lens_photoz_errors--bias_3
     lens_photoz_errors--bias_4
source_photoz_bias - 4 parameters:
     wl_photoz_errors--bias_1
     wl_photoz_errors--bias_2
     wl_photoz_errors--bias_3
     wl_photoz_errors--bias_4
IA - 5 parameters:
     intrinsic_alignment_parameters--a1
     intrinsic_alignment_parameters--a2
     intrinsic_alignment_parameters--alpha1
     intrinsic_alignment_parameters--alpha2
     intrinsic_alignment_parameters--bias_ta
pk_to_cl_gg - 4 parameters:
     bias_lens--b1
     bias_lens--b2
     bias_lens--b3
     bias_lens--b4
pk_to_cl - 0 parameters:
add_magnification - 0 parameters:
add_intrinsic - 0 parameters:
2pt_shear - 0 parameters:
2pt_gal - 0 parameters:
2pt_gal_shear - 0 parameters:
shear_m_bias - 4 parameters:
     shear_calibration_parameters--m1
     shear_calibration_parameters--m2
     shear_calibration_parameters--m3
     shear_calibration_parameters--m4
add_point_mass - 0 parameters:
2pt_like - 0 parameters:
shear_ratio_like - 0 parameters:
Results - 0 parameters:
You manually told me in the parameter file to use module 18 as the first in the fast block
Time for full pipeline:  56.38s
Time for slow pipeline:  56.36s
Time for fast pipeline:  0.02s
Time saving: 99.96%

Based on this we have decided: 
   Slow modules (18):
        consistency
        bbn_consistency
        s8_to_sigma8
        camb
        as_to_log1e10as
        fast_pt
        fits_nz
        lens_photoz_width
        lens_photoz_bias
        source_photoz_bias
        IA
        pk_to_cl_gg
        pk_to_cl
        add_magnification
        add_intrinsic
        2pt_shear
        2pt_gal
        2pt_gal_shear
   Fast modules (4):
        shear_m_bias
        add_point_mass
        2pt_like
        shear_ratio_like
   Slow parameters (28):
        cosmological_parameters--ombh2
        cosmological_parameters--omch2
        cosmological_parameters--h0
        cosmological_parameters--mnu
        cosmological_parameters--s_8
        cosmological_parameters--n_s
        halo_model_parameters--logt_agn
        lens_photoz_errors--width_1
        lens_photoz_errors--width_2
        lens_photoz_errors--width_3
        lens_photoz_errors--width_4
        lens_photoz_errors--bias_1
        lens_photoz_errors--bias_2
        lens_photoz_errors--bias_3
        lens_photoz_errors--bias_4
        wl_photoz_errors--bias_1
        wl_photoz_errors--bias_2
        wl_photoz_errors--bias_3
        wl_photoz_errors--bias_4
        intrinsic_alignment_parameters--a1
        intrinsic_alignment_parameters--a2
        intrinsic_alignment_parameters--alpha1
        intrinsic_alignment_parameters--alpha2
        intrinsic_alignment_parameters--bias_ta
        bias_lens--b1
        bias_lens--b2
        bias_lens--b3
        bias_lens--b4
   Fast parameters (4):
        shear_calibration_parameters--m1
        shear_calibration_parameters--m2
        shear_calibration_parameters--m3
        shear_calibration_parameters--m4


add_intrinsic took: 0.002 seconds
pk_to_cl_gg took: 1.313 seconds
pk_to_cl took: 0.485 seconds
camb took: 55.687 seconds
as_to_log1e10as took: 0.000 seconds
add_magnification took: 0.005 seconds
Using two grades of parameter speed in polychord.
Telling Polychord to spend fraction 0.1 if its time in the fast subspace (adjust with fast_fraction option)
Polychord num_repeats = 74  (from parameter file)
add_intrinsic took: 0.003 seconds
2pt_gal took: 0.037 seconds
Using two grades of parameter speed in polychord.
Telling Polychord to spend fraction 0.1 if its time in the fast subspace (adjust with fast_fraction option)
Polychord num_repeats = 74  (from parameter file)
pk_to_cl_gg took: 1.165 seconds
2pt_gal_shear took: 0.108 seconds
shear_m_bias took: 0.002 seconds
add_point_mass took: 0.000 seconds
pk_to_cl_gg took: 1.087 seconds
fast_pt took: 0.090 seconds
fits_nz took: 0.000 seconds
lens_photoz_width took: 0.001 seconds
lens_photoz_bias took: 0.001 seconds
source_photoz_bias took: 0.000 seconds
pk_to_cl took: 0.514 seconds
add_magnification took: 0.005 seconds
add_intrinsic took: 0.003 seconds
2pt_like took: 0.020 seconds
shear_ratio_like took: 0.001 seconds
Total pipeline time: 56.5 seconds
pk_to_cl_gg took: 0.911 seconds
pk_to_cl_gg took: 0.972 seconds
Using two grades of parameter speed in polychord.
Telling Polychord to spend fraction 0.1 if its time in the fast subspace (adjust with fast_fraction option)
Polychord num_repeats = 74  (from parameter file)


Parameters first used in each module:
consistency - 5 parameters:
     cosmological_parameters--ombh2
     cosmological_parameters--omch2
     cosmological_parameters--h0
     cosmological_parameters--mnu
     cosmological_parameters--s_8
bbn_consistency - 0 parameters:
s8_to_sigma8 - 0 parameters:
camb - 2 parameters:
     cosmological_parameters--n_s
     halo_model_parameters--logt_agn
as_to_log1e10as - 0 parameters:
fast_pt - 0 parameters:
fits_nz - 0 parameters:
lens_photoz_width - 4 parameters:
     lens_photoz_errors--width_1
     lens_photoz_errors--width_2
     lens_photoz_errors--width_3
     lens_photoz_errors--width_4
lens_photoz_bias - 4 parameters:
     lens_photoz_errors--bias_1
     lens_photoz_errors--bias_2
     lens_photoz_errors--bias_3
     lens_photoz_errors--bias_4
source_photoz_bias - 4 parameters:
     wl_photoz_errors--bias_1
     wl_photoz_errors--bias_2
     wl_photoz_errors--bias_3
     wl_photoz_errors--bias_4
IA - 5 parameters:
     intrinsic_alignment_parameters--a1
     intrinsic_alignment_parameters--a2
     intrinsic_alignment_parameters--alpha1
     intrinsic_alignment_parameters--alpha2
     intrinsic_alignment_parameters--bias_ta
pk_to_cl_gg - 4 parameters:
     bias_lens--b1
     bias_lens--b2
     bias_lens--b3
     bias_lens--b4
pk_to_cl - 0 parameters:
add_magnification - 0 parameters:
add_intrinsic - 0 parameters:
2pt_shear - 0 parameters:
2pt_gal - 0 parameters:
2pt_gal_shear - 0 parameters:
shear_m_bias - 4 parameters:
     shear_calibration_parameters--m1
     shear_calibration_parameters--m2
     shear_calibration_parameters--m3
     shear_calibration_parameters--m4
add_point_mass - 0 parameters:
2pt_like - 0 parameters:
shear_ratio_like - 0 parameters:
Results - 0 parameters:
You manually told me in the parameter file to use module 18 as the first in the fast block
Time for full pipeline:  56.53s
Time for slow pipeline:  56.51s
Time for fast pipeline:  0.02s
Time saving: 99.96%

Based on this we have decided: 
   Slow modules (18):
        consistency
        bbn_consistency
        s8_to_sigma8
        camb
        as_to_log1e10as
        fast_pt
        fits_nz
        lens_photoz_width
        lens_photoz_bias
        source_photoz_bias
        IA
        pk_to_cl_gg
        pk_to_cl
        add_magnification
        add_intrinsic
        2pt_shear
        2pt_gal
        2pt_gal_shear
   Fast modules (4):
        shear_m_bias
        add_point_mass
        2pt_like
        shear_ratio_like
   Slow parameters (28):
        cosmological_parameters--ombh2
        cosmological_parameters--omch2
        cosmological_parameters--h0
        cosmological_parameters--mnu
        cosmological_parameters--s_8
        cosmological_parameters--n_s
        halo_model_parameters--logt_agn
        lens_photoz_errors--width_1
        lens_photoz_errors--width_2
        lens_photoz_errors--width_3
        lens_photoz_errors--width_4
        lens_photoz_errors--bias_1
        lens_photoz_errors--bias_2
        lens_photoz_errors--bias_3
        lens_photoz_errors--bias_4
        wl_photoz_errors--bias_1
        wl_photoz_errors--bias_2
        wl_photoz_errors--bias_3
        wl_photoz_errors--bias_4
        intrinsic_alignment_parameters--a1
        intrinsic_alignment_parameters--a2
        intrinsic_alignment_parameters--alpha1
        intrinsic_alignment_parameters--alpha2
        intrinsic_alignment_parameters--bias_ta
        bias_lens--b1
        bias_lens--b2
        bias_lens--b3
        bias_lens--b4
   Fast parameters (4):
        shear_calibration_parameters--m1
        shear_calibration_parameters--m2
        shear_calibration_parameters--m3
        shear_calibration_parameters--m4


fast_pt took: 0.092 seconds
fits_nz took: 0.000 seconds
lens_photoz_width took: 0.001 seconds
lens_photoz_bias took: 0.001 seconds
source_photoz_bias took: 0.001 seconds
IA took: 0.024 seconds
2pt_gal_shear took: 0.111 seconds
pk_to_cl took: 0.473 seconds
pk_to_cl_gg took: 0.970 seconds
shear_m_bias took: 0.002 seconds
pk_to_cl_gg took: 1.120 seconds
add_point_mass took: 0.000 seconds
add_magnification took: 0.005 seconds
add_intrinsic took: 0.002 seconds
pk_to_cl took: 0.509 seconds
add_magnification took: 0.005 seconds
add_intrinsic took: 0.002 seconds
Using two grades of parameter speed in polychord.
Telling Polychord to spend fraction 0.1 if its time in the fast subspace (adjust with fast_fraction option)
Polychord num_repeats = 74  (from parameter file)
2pt_shear took: 0.096 seconds
2pt_like took: 0.021 seconds
IA took: 0.025 seconds
shear_ratio_like took: 0.001 seconds
Total pipeline time: 57.3 seconds
camb took: 56.181 seconds
as_to_log1e10as took: 0.000 seconds
Using two grades of parameter speed in polychord.
Telling Polychord to spend fraction 0.1 if its time in the fast subspace (adjust with fast_fraction option)
Using two grades of parameter speed in polychord.
Telling Polychord to spend fraction 0.1 if its time in the fast subspace (adjust with fast_fraction option)
Polychord num_repeats = 74  (from parameter file)
Polychord num_repeats = 74  (from parameter file)


Parameters first used in each module:
consistency - 5 parameters:
     cosmological_parameters--ombh2
     cosmological_parameters--omch2
     cosmological_parameters--h0
     cosmological_parameters--mnu
     cosmological_parameters--s_8
bbn_consistency - 0 parameters:
s8_to_sigma8 - 0 parameters:
camb - 2 parameters:
     cosmological_parameters--n_s
     halo_model_parameters--logt_agn
as_to_log1e10as - 0 parameters:
fast_pt - 0 parameters:
fits_nz - 0 parameters:
lens_photoz_width - 4 parameters:
     lens_photoz_errors--width_1
     lens_photoz_errors--width_2
     lens_photoz_errors--width_3
     lens_photoz_errors--width_4
lens_photoz_bias - 4 parameters:
     lens_photoz_errors--bias_1
     lens_photoz_errors--bias_2
     lens_photoz_errors--bias_3
     lens_photoz_errors--bias_4
source_photoz_bias - 4 parameters:
     wl_photoz_errors--bias_1
     wl_photoz_errors--bias_2
     wl_photoz_errors--bias_3
     wl_photoz_errors--bias_4
IA - 5 parameters:
     intrinsic_alignment_parameters--a1
     intrinsic_alignment_parameters--a2
     intrinsic_alignment_parameters--alpha1
     intrinsic_alignment_parameters--alpha2
     intrinsic_alignment_parameters--bias_ta
pk_to_cl_gg - 4 parameters:
     bias_lens--b1
     bias_lens--b2
     bias_lens--b3
     bias_lens--b4
pk_to_cl - 0 parameters:
add_magnification - 0 parameters:
add_intrinsic - 0 parameters:
2pt_shear - 0 parameters:
2pt_gal - 0 parameters:
2pt_gal_shear - 0 parameters:
shear_m_bias - 4 parameters:
     shear_calibration_parameters--m1
     shear_calibration_parameters--m2
     shear_calibration_parameters--m3
     shear_calibration_parameters--m4
add_point_mass - 0 parameters:
2pt_like - 0 parameters:
shear_ratio_like - 0 parameters:
Results - 0 parameters:
You manually told me in the parameter file to use module 18 as the first in the fast block
Time for full pipeline:  57.33s
Time for slow pipeline:  57.30s
Time for fast pipeline:  0.02s
Time saving: 99.96%

Based on this we have decided: 
   Slow modules (18):
        consistency
        bbn_consistency
        s8_to_sigma8
        camb
        as_to_log1e10as
        fast_pt
        fits_nz
        lens_photoz_width
        lens_photoz_bias
        source_photoz_bias
        IA
        pk_to_cl_gg
        pk_to_cl
        add_magnification
        add_intrinsic
        2pt_shear
        2pt_gal
        2pt_gal_shear
   Fast modules (4):
        shear_m_bias
        add_point_mass
        2pt_like
        shear_ratio_like
   Slow parameters (28):
        cosmological_parameters--ombh2
        cosmological_parameters--omch2
        cosmological_parameters--h0
        cosmological_parameters--mnu
        cosmological_parameters--s_8
        cosmological_parameters--n_s
        halo_model_parameters--logt_agn
        lens_photoz_errors--width_1
        lens_photoz_errors--width_2
        lens_photoz_errors--width_3
        lens_photoz_errors--width_4
        lens_photoz_errors--bias_1
        lens_photoz_errors--bias_2
        lens_photoz_errors--bias_3
        lens_photoz_errors--bias_4
        wl_photoz_errors--bias_1
        wl_photoz_errors--bias_2
        wl_photoz_errors--bias_3
        wl_photoz_errors--bias_4
        intrinsic_alignment_parameters--a1
        intrinsic_alignment_parameters--a2
        intrinsic_alignment_parameters--alpha1
        intrinsic_alignment_parameters--alpha2
        intrinsic_alignment_parameters--bias_ta
        bias_lens--b1
        bias_lens--b2
        bias_lens--b3
        bias_lens--b4
   Fast parameters (4):
        shear_calibration_parameters--m1
        shear_calibration_parameters--m2
        shear_calibration_parameters--m3
        shear_calibration_parameters--m4


2pt_shear took: 0.097 seconds
2pt_gal_shear took: 0.134 seconds
shear_m_bias took: 0.002 seconds
add_point_mass took: 0.000 seconds
2pt_gal took: 0.029 seconds
camb took: 53.972 seconds
as_to_log1e10as took: 0.000 seconds
pk_to_cl_gg took: 0.920 seconds
Using two grades of parameter speed in polychord.
Telling Polychord to spend fraction 0.1 if its time in the fast subspace (adjust with fast_fraction option)
Polychord num_repeats = 74  (from parameter file)
fast_pt took: 0.124 seconds
fits_nz took: 0.000 seconds
lens_photoz_width took: 0.001 seconds
lens_photoz_bias took: 0.001 seconds
source_photoz_bias took: 0.001 seconds
2pt_gal took: 0.029 seconds
pk_to_cl_gg took: 1.041 seconds
2pt_like took: 0.021 seconds
shear_ratio_like took: 0.001 seconds
Total pipeline time: 57.1 seconds


Parameters first used in each module:
consistency - 5 parameters:
     cosmological_parameters--ombh2
     cosmological_parameters--omch2
     cosmological_parameters--h0
     cosmological_parameters--mnu
     cosmological_parameters--s_8
bbn_consistency - 0 parameters:
s8_to_sigma8 - 0 parameters:
camb - 2 parameters:
     cosmological_parameters--n_s
     halo_model_parameters--logt_agn
as_to_log1e10as - 0 parameters:
fast_pt - 0 parameters:
fits_nz - 0 parameters:
lens_photoz_width - 4 parameters:
     lens_photoz_errors--width_1
     lens_photoz_errors--width_2
     lens_photoz_errors--width_3
     lens_photoz_errors--width_4
lens_photoz_bias - 4 parameters:
     lens_photoz_errors--bias_1
     lens_photoz_errors--bias_2
     lens_photoz_errors--bias_3
     lens_photoz_errors--bias_4
source_photoz_bias - 4 parameters:
     wl_photoz_errors--bias_1
     wl_photoz_errors--bias_2
     wl_photoz_errors--bias_3
     wl_photoz_errors--bias_4
IA - 5 parameters:
     intrinsic_alignment_parameters--a1
     intrinsic_alignment_parameters--a2
     intrinsic_alignment_parameters--alpha1
     intrinsic_alignment_parameters--alpha2
     intrinsic_alignment_parameters--bias_ta
pk_to_cl_gg - 4 parameters:
     bias_lens--b1
     bias_lens--b2
     bias_lens--b3
     bias_lens--b4
pk_to_cl - 0 parameters:
add_magnification - 0 parameters:
add_intrinsic - 0 parameters:
2pt_shear - 0 parameters:
2pt_gal - 0 parameters:
2pt_gal_shear - 0 parameters:
shear_m_bias - 4 parameters:
     shear_calibration_parameters--m1
     shear_calibration_parameters--m2
     shear_calibration_parameters--m3
     shear_calibration_parameters--m4
add_point_mass - 0 parameters:
2pt_like - 0 parameters:
shear_ratio_like - 0 parameters:
Results - 0 parameters:
You manually told me in the parameter file to use module 18 as the first in the fast block
Time for full pipeline:  57.11s
Time for slow pipeline:  57.09s
Time for fast pipeline:  0.02s
Time saving: 99.96%

Based on this we have decided: 
   Slow modules (18):
        consistency
        bbn_consistency
        s8_to_sigma8
        camb
        as_to_log1e10as
        fast_pt
        fits_nz
        lens_photoz_width
        lens_photoz_bias
        source_photoz_bias
        IA
        pk_to_cl_gg
        pk_to_cl
        add_magnification
        add_intrinsic
        2pt_shear
        2pt_gal
        2pt_gal_shear
   Fast modules (4):
        shear_m_bias
        add_point_mass
        2pt_like
        shear_ratio_like
   Slow parameters (28):
        cosmological_parameters--ombh2
        cosmological_parameters--omch2
        cosmological_parameters--h0
        cosmological_parameters--mnu
        cosmological_parameters--s_8
        cosmological_parameters--n_s
        halo_model_parameters--logt_agn
        lens_photoz_errors--width_1
        lens_photoz_errors--width_2
        lens_photoz_errors--width_3
        lens_photoz_errors--width_4
        lens_photoz_errors--bias_1
        lens_photoz_errors--bias_2
        lens_photoz_errors--bias_3
        lens_photoz_errors--bias_4
        wl_photoz_errors--bias_1
        wl_photoz_errors--bias_2
        wl_photoz_errors--bias_3
        wl_photoz_errors--bias_4
        intrinsic_alignment_parameters--a1
        intrinsic_alignment_parameters--a2
        intrinsic_alignment_parameters--alpha1
        intrinsic_alignment_parameters--alpha2
        intrinsic_alignment_parameters--bias_ta
        bias_lens--b1
        bias_lens--b2
        bias_lens--b3
        bias_lens--b4
   Fast parameters (4):
        shear_calibration_parameters--m1
        shear_calibration_parameters--m2
        shear_calibration_parameters--m3
        shear_calibration_parameters--m4


2pt_gal_shear took: 0.128 seconds
Using two grades of parameter speed in polychord.
Telling Polychord to spend fraction 0.1 if its time in the fast subspace (adjust with fast_fraction option)
2pt_shear took: 0.099 seconds
Polychord num_repeats = 74  (from parameter file)
shear_m_bias took: 0.002 seconds
add_point_mass took: 0.000 seconds
IA took: 0.025 seconds
pk_to_cl_gg took: 1.244 seconds
2pt_shear took: 0.090 seconds
camb took: 55.956 seconds
as_to_log1e10as took: 0.000 seconds
2pt_like took: 0.021 seconds
shear_ratio_like took: 0.001 seconds
Total pipeline time: 56.0 seconds
2pt_shear took: 0.090 seconds
pk_to_cl took: 0.500 seconds
2pt_gal took: 0.029 seconds


Parameters first used in each module:
consistency - 5 parameters:
     cosmological_parameters--ombh2
     cosmological_parameters--omch2
     cosmological_parameters--h0
     cosmological_parameters--mnu
     cosmological_parameters--s_8
bbn_consistency - 0 parameters:
s8_to_sigma8 - 0 parameters:
camb - 2 parameters:
     cosmological_parameters--n_s
     halo_model_parameters--logt_agn
as_to_log1e10as - 0 parameters:
fast_pt - 0 parameters:
fits_nz - 0 parameters:
lens_photoz_width - 4 parameters:
     lens_photoz_errors--width_1
     lens_photoz_errors--width_2
     lens_photoz_errors--width_3
     lens_photoz_errors--width_4
lens_photoz_bias - 4 parameters:
     lens_photoz_errors--bias_1
     lens_photoz_errors--bias_2
     lens_photoz_errors--bias_3
     lens_photoz_errors--bias_4
source_photoz_bias - 4 parameters:
     wl_photoz_errors--bias_1
     wl_photoz_errors--bias_2
     wl_photoz_errors--bias_3
     wl_photoz_errors--bias_4
IA - 5 parameters:
add_magnification took: 0.005 seconds
     intrinsic_alignment_parameters--a1
     intrinsic_alignment_parameters--a2
     intrinsic_alignment_parameters--alpha1
     intrinsic_alignment_parameters--alpha2
     intrinsic_alignment_parameters--bias_ta
pk_to_cl_gg - 4 parameters:
     bias_lens--b1
     bias_lens--b2
     bias_lens--b3
     bias_lens--b4
pk_to_cl - 0 parameters:
add_magnification - 0 parameters:
add_intrinsic - 0 parameters:
2pt_shear - 0 parameters:
2pt_gal - 0 parameters:
2pt_gal_shear - 0 parameters:
shear_m_bias - 4 parameters:
     shear_calibration_parameters--m1
     shear_calibration_parameters--m2
     shear_calibration_parameters--m3
     shear_calibration_parameters--m4
add_point_mass - 0 parameters:
2pt_like - 0 parameters:
shear_ratio_like - 0 parameters:
Results - 0 parameters:
You manually told me in the parameter file to use module 18 as the first in the fast block
Time for full pipeline:  56.00s
Time for slow pipeline:  55.97s
Time for fast pipeline:  0.02s
Time saving: 99.96%

Based on this we have decided: 
   Slow modules (18):
        consistency
        bbn_consistency
        s8_to_sigma8
        camb
        as_to_log1e10as
        fast_pt
        fits_nz
        lens_photoz_width
        lens_photoz_bias
        source_photoz_bias
        IA
        pk_to_cl_gg
        pk_to_cl
        add_magnification
        add_intrinsic
        2pt_shear
        2pt_gal
        2pt_gal_shear
   Fast modules (4):
        shear_m_bias
        add_point_mass
        2pt_like
        shear_ratio_like
   Slow parameters (28):
        cosmological_parameters--ombh2
        cosmological_parameters--omch2
        cosmological_parameters--h0
        cosmological_parameters--mnu
        cosmological_parameters--s_8
        cosmological_parameters--n_s
        halo_model_parameters--logt_agn
        lens_photoz_errors--width_1
        lens_photoz_errors--width_2
        lens_photoz_errors--width_3
        lens_photoz_errors--width_4
        lens_photoz_errors--bias_1
        lens_photoz_errors--bias_2
        lens_photoz_errors--bias_3
        lens_photoz_errors--bias_4
        wl_photoz_errors--bias_1
        wl_photoz_errors--bias_2
        wl_photoz_errors--bias_3
        wl_photoz_errors--bias_4
        intrinsic_alignment_parameters--a1
        intrinsic_alignment_parameters--a2
        intrinsic_alignment_parameters--alpha1
        intrinsic_alignment_parameters--alpha2
        intrinsic_alignment_parameters--bias_ta
        bias_lens--b1
        bias_lens--b2
        bias_lens--b3
        bias_lens--b4
   Fast parameters (4):
        shear_calibration_parameters--m1
        shear_calibration_parameters--m2
        shear_calibration_parameters--m3
        shear_calibration_parameters--m4


add_intrinsic took: 0.003 seconds
Using two grades of parameter speed in polychord.
Telling Polychord to spend fraction 0.1 if its time in the fast subspace (adjust with fast_fraction option)
pk_to_cl_gg took: 0.918 seconds
Polychord num_repeats = 74  (from parameter file)
2pt_gal took: 0.027 seconds
Using two grades of parameter speed in polychord.
Telling Polychord to spend fraction 0.1 if its time in the fast subspace (adjust with fast_fraction option)
Polychord num_repeats = 74  (from parameter file)
2pt_gal took: 0.027 seconds
pk_to_cl_gg took: 0.891 seconds
Using two grades of parameter speed in polychord.
Telling Polychord to spend fraction 0.1 if its time in the fast subspace (adjust with fast_fraction option)
Polychord num_repeats = 74  (from parameter file)
Using two grades of parameter speed in polychord.
Telling Polychord to spend fraction 0.1 if its time in the fast subspace (adjust with fast_fraction option)
Polychord num_repeats = 74  (from parameter file)
pk_to_cl took: 0.475 seconds
pk_to_cl_gg took: 1.041 seconds
add_magnification took: 0.005 seconds
pk_to_cl_gg took: 0.932 seconds
pk_to_cl took: 0.486 seconds
pk_to_cl took: 0.486 seconds
2pt_gal_shear took: 0.112 seconds
add_intrinsic took: 0.002 seconds
shear_m_bias took: 0.002 seconds
add_point_mass took: 0.000 seconds
add_magnification took: 0.005 seconds
add_magnification took: 0.005 seconds
fast_pt took: 0.142 seconds
fits_nz took: 0.000 seconds
add_intrinsic took: 0.002 seconds
pk_to_cl took: 0.470 seconds
add_intrinsic took: 0.003 seconds
lens_photoz_width took: 0.002 seconds
lens_photoz_bias took: 0.001 seconds
source_photoz_bias took: 0.001 seconds
add_magnification took: 0.005 seconds
fast_pt took: 0.124 seconds
fits_nz took: 0.000 seconds
add_intrinsic took: 0.002 seconds
2pt_gal_shear took: 0.111 seconds
lens_photoz_width took: 0.001 seconds
lens_photoz_bias took: 0.001 seconds
shear_m_bias took: 0.002 seconds
add_point_mass took: 0.000 seconds
source_photoz_bias took: 0.001 seconds
pk_to_cl took: 0.521 seconds
pk_to_cl_gg took: 0.928 seconds
2pt_like took: 0.021 seconds
shear_ratio_like took: 0.001 seconds
Total pipeline time: 56.9 seconds
add_magnification took: 0.005 seconds
add_intrinsic took: 0.002 seconds
fast_pt took: 0.095 seconds
fits_nz took: 0.000 seconds
lens_photoz_width took: 0.001 seconds
lens_photoz_bias took: 0.001 seconds
source_photoz_bias took: 0.001 seconds


Parameters first used in each module:
consistency - 5 parameters:
     cosmological_parameters--ombh2
     cosmological_parameters--omch2
     cosmological_parameters--h0
     cosmological_parameters--mnu
     cosmological_parameters--s_8
bbn_consistency - 0 parameters:
s8_to_sigma8 - 0 parameters:
camb - 2 parameters:
     cosmological_parameters--n_s
     halo_model_parameters--logt_agn
as_to_log1e10as - 0 parameters:
fast_pt - 0 parameters:
fits_nz - 0 parameters:
lens_photoz_width - 4 parameters:
     lens_photoz_errors--width_1
     lens_photoz_errors--width_2
     lens_photoz_errors--width_3
     lens_photoz_errors--width_4
lens_photoz_bias - 4 parameters:
     lens_photoz_errors--bias_1
     lens_photoz_errors--bias_2
     lens_photoz_errors--bias_3
     lens_photoz_errors--bias_4
source_photoz_bias - 4 parameters:
     wl_photoz_errors--bias_1
     wl_photoz_errors--bias_2
     wl_photoz_errors--bias_3
     wl_photoz_errors--bias_4
IA - 5 parameters:
     intrinsic_alignment_parameters--a1
     intrinsic_alignment_parameters--a2
     intrinsic_alignment_parameters--alpha1
     intrinsic_alignment_parameters--alpha2
     intrinsic_alignment_parameters--bias_ta
pk_to_cl_gg - 4 parameters:
     bias_lens--b1
     bias_lens--b2
     bias_lens--b3
     bias_lens--b4
pk_to_cl - 0 parameters:
add_magnification - 0 parameters:
add_intrinsic - 0 parameters:
2pt_shear - 0 parameters:
2pt_gal - 0 parameters:
2pt_gal_shear - 0 parameters:
shear_m_bias - 4 parameters:
     shear_calibration_parameters--m1
     shear_calibration_parameters--m2
     shear_calibration_parameters--m3
     shear_calibration_parameters--m4
add_point_mass - 0 parameters:
2pt_like - 0 parameters:
shear_ratio_like - 0 parameters:
Results - 0 parameters:
You manually told me in the parameter file to use module 18 as the first in the fast block
Time for full pipeline:  56.86s
Time for slow pipeline:  56.83s
Time for fast pipeline:  0.02s
Time saving: 99.96%

Based on this we have decided: 
   Slow modules (18):
        consistency
        bbn_consistency
        s8_to_sigma8
        camb
        as_to_log1e10as
        fast_pt
        fits_nz
        lens_photoz_width
        lens_photoz_bias
        source_photoz_bias
        IA
        pk_to_cl_gg
        pk_to_cl
        add_magnification
        add_intrinsic
        2pt_shear
        2pt_gal
        2pt_gal_shear
   Fast modules (4):
        shear_m_bias
        add_point_mass
        2pt_like
        shear_ratio_like
   Slow parameters (28):
        cosmological_parameters--ombh2
        cosmological_parameters--omch2
        cosmological_parameters--h0
        cosmological_parameters--mnu
        cosmological_parameters--s_8
        cosmological_parameters--n_s
        halo_model_parameters--logt_agn
        lens_photoz_errors--width_1
        lens_photoz_errors--width_2
        lens_photoz_errors--width_3
        lens_photoz_errors--width_4
        lens_photoz_errors--bias_1
        lens_photoz_errors--bias_2
        lens_photoz_errors--bias_3
        lens_photoz_errors--bias_4
        wl_photoz_errors--bias_1
        wl_photoz_errors--bias_2
        wl_photoz_errors--bias_3
        wl_photoz_errors--bias_4
        intrinsic_alignment_parameters--a1
pk_to_cl_gg took: 0.922 seconds
        intrinsic_alignment_parameters--a2
        intrinsic_alignment_parameters--alpha1
        intrinsic_alignment_parameters--alpha2
        intrinsic_alignment_parameters--bias_ta
        bias_lens--b1
        bias_lens--b2
        bias_lens--b3
        bias_lens--b4
   Fast parameters (4):
        shear_calibration_parameters--m1
        shear_calibration_parameters--m2
        shear_calibration_parameters--m3
        shear_calibration_parameters--m4


IA took: 0.026 seconds
2pt_like took: 0.022 seconds
shear_ratio_like took: 0.001 seconds
Total pipeline time: 57.4 seconds
pk_to_cl_gg took: 0.990 seconds
IA took: 0.028 seconds
pk_to_cl took: 0.490 seconds
Using two grades of parameter speed in polychord.
Telling Polychord to spend fraction 0.1 if its time in the fast subspace (adjust with fast_fraction option)
Polychord num_repeats = 74  (from parameter file)
pk_to_cl_gg took: 1.059 seconds
pk_to_cl took: 0.504 seconds
add_magnification took: 0.005 seconds
2pt_shear took: 0.097 seconds


Parameters first used in each module:
consistency - 5 parameters:
     cosmological_parameters--ombh2
     cosmological_parameters--omch2
     cosmological_parameters--h0
     cosmological_parameters--mnu
     cosmological_parameters--s_8
bbn_consistency - 0 parameters:
s8_to_sigma8 - 0 parameters:
camb - 2 parameters:
     cosmological_parameters--n_s
     halo_model_parameters--logt_agn
as_to_log1e10as - 0 parameters:
fast_pt - 0 parameters:
fits_nz - 0 parameters:
lens_photoz_width - 4 parameters:
     lens_photoz_errors--width_1
     lens_photoz_errors--width_2
     lens_photoz_errors--width_3
     lens_photoz_errors--width_4
lens_photoz_bias - 4 parameters:
     lens_photoz_errors--bias_1
     lens_photoz_errors--bias_2
     lens_photoz_errors--bias_3
     lens_photoz_errors--bias_4
source_photoz_bias - 4 parameters:
     wl_photoz_errors--bias_1
     wl_photoz_errors--bias_2
     wl_photoz_errors--bias_3
     wl_photoz_errors--bias_4
IA - 5 parameters:
     intrinsic_alignment_parameters--a1
     intrinsic_alignment_parameters--a2
     intrinsic_alignment_parameters--alpha1
     intrinsic_alignment_parameters--alpha2
     intrinsic_alignment_parameters--bias_ta
pk_to_cl_gg - 4 parameters:
     bias_lens--b1
     bias_lens--b2
     bias_lens--b3
     bias_lens--b4
pk_to_cl - 0 parameters:
add_magnification - 0 parameters:
add_intrinsic - 0 parameters:
2pt_shear - 0 parameters:
2pt_gal - 0 parameters:
2pt_gal_shear - 0 parameters:
shear_m_bias - 4 parameters:
     shear_calibration_parameters--m1
     shear_calibration_parameters--m2
     shear_calibration_parameters--m3
     shear_calibration_parameters--m4
add_point_mass - 0 parameters:
2pt_like - 0 parameters:
shear_ratio_like - 0 parameters:
Results - 0 parameters:
You manually told me in the parameter file to use module 18 as the first in the fast block
Time for full pipeline:  57.41s
Time for slow pipeline:  57.38s
Time for fast pipeline:  0.02s
Time saving: 99.96%

Based on this we have decided: 
   Slow modules (18):
        consistency
        bbn_consistency
        s8_to_sigma8
        camb
        as_to_log1e10as
        fast_pt
        fits_nz
        lens_photoz_width
        lens_photoz_bias
        source_photoz_bias
        IA
        pk_to_cl_gg
        pk_to_cl
        add_magnification
        add_intrinsic
        2pt_shear
        2pt_gal
        2pt_gal_shear
   Fast modules (4):
        shear_m_bias
        add_point_mass
        2pt_like
        shear_ratio_like
   Slow parameters (28):
        cosmological_parameters--ombh2
        cosmological_parameters--omch2
        cosmological_parameters--h0
        cosmological_parameters--mnu
        cosmological_parameters--s_8
        cosmological_parameters--n_s
        halo_model_parameters--logt_agn
        lens_photoz_errors--width_1
        lens_photoz_errors--width_2
        lens_photoz_errors--width_3
        lens_photoz_errors--width_4
        lens_photoz_errors--bias_1
        lens_photoz_errors--bias_2
        lens_photoz_errors--bias_3
        lens_photoz_errors--bias_4
        wl_photoz_errors--bias_1
        wl_photoz_errors--bias_2
        wl_photoz_errors--bias_3
        wl_photoz_errors--bias_4
        intrinsic_alignment_parameters--a1
        intrinsic_alignment_parameters--a2
        intrinsic_alignment_parameters--alpha1
        intrinsic_alignment_parameters--alpha2
        intrinsic_alignment_parameters--bias_ta
        bias_lens--b1
        bias_lens--b2
        bias_lens--b3
        bias_lens--b4
   Fast parameters (4):
        shear_calibration_parameters--m1
        shear_calibration_parameters--m2
        shear_calibration_parameters--m3
        shear_calibration_parameters--m4


add_intrinsic took: 0.002 seconds
pk_to_cl took: 0.487 seconds
add_magnification took: 0.005 seconds
pk_to_cl took: 0.469 seconds
add_intrinsic took: 0.003 seconds
IA took: 0.025 seconds
add_magnification took: 0.005 seconds
pk_to_cl_gg took: 0.919 seconds
pk_to_cl took: 0.502 seconds
2pt_gal_shear took: 0.114 seconds
add_magnification took: 0.005 seconds
add_intrinsic took: 0.002 seconds
shear_m_bias took: 0.002 seconds
add_point_mass took: 0.000 seconds
add_intrinsic took: 0.002 seconds
add_magnification took: 0.005 seconds
2pt_gal_shear took: 0.106 seconds
shear_m_bias took: 0.002 seconds
add_point_mass took: 0.000 seconds
add_intrinsic took: 0.002 seconds
pk_to_cl_gg took: 0.885 seconds
2pt_gal_shear took: 0.106 seconds
shear_m_bias took: 0.002 seconds
add_point_mass took: 0.000 seconds
2pt_gal took: 0.029 seconds
Using two grades of parameter speed in polychord.
Telling Polychord to spend fraction 0.1 if its time in the fast subspace (adjust with fast_fraction option)
2pt_like took: 0.021 seconds
Polychord num_repeats = 74  (from parameter file)
shear_ratio_like took: 0.001 seconds
Total pipeline time: 57.5 seconds
2pt_like took: 0.020 seconds
shear_ratio_like took: 0.001 seconds
Total pipeline time: 56.0 seconds
2pt_shear took: 0.091 seconds


Parameters first used in each module:
consistency - 5 parameters:
     cosmological_parameters--ombh2
     cosmological_parameters--omch2
     cosmological_parameters--h0
     cosmological_parameters--mnu
     cosmological_parameters--s_8
bbn_consistency - 0 parameters:
s8_to_sigma8 - 0 parameters:
camb - 2 parameters:
     cosmological_parameters--n_s
     halo_model_parameters--logt_agn
as_to_log1e10as - 0 parameters:
fast_pt - 0 parameters:
fits_nz - 0 parameters:
lens_photoz_width - 4 parameters:
     lens_photoz_errors--width_1
     lens_photoz_errors--width_2
     lens_photoz_errors--width_3
     lens_photoz_errors--width_4
lens_photoz_bias - 4 parameters:
     lens_photoz_errors--bias_1
     lens_photoz_errors--bias_2
     lens_photoz_errors--bias_3
     lens_photoz_errors--bias_4
source_photoz_bias - 4 parameters:
     wl_photoz_errors--bias_1
     wl_photoz_errors--bias_2
     wl_photoz_errors--bias_3
     wl_photoz_errors--bias_4
IA - 5 parameters:
     intrinsic_alignment_parameters--a1
     intrinsic_alignment_parameters--a2
     intrinsic_alignment_parameters--alpha1
     intrinsic_alignment_parameters--alpha2
     intrinsic_alignment_parameters--bias_ta
pk_to_cl_gg - 4 parameters:
     bias_lens--b1
     bias_lens--b2
     bias_lens--b3
     bias_lens--b4
pk_to_cl - 0 parameters:
add_magnification - 0 parameters:
add_intrinsic - 0 parameters:
2pt_shear - 0 parameters:
2pt_gal - 0 parameters:
2pt_gal_shear - 0 parameters:
shear_m_bias - 4 parameters:
     shear_calibration_parameters--m1
     shear_calibration_parameters--m2
     shear_calibration_parameters--m3
     shear_calibration_parameters--m4
add_point_mass - 0 parameters:
2pt_like - 0 parameters:
shear_ratio_like - 0 parameters:
Results - 0 parameters:
You manually told me in the parameter file to use module 18 as the first in the fast block
Time for full pipeline:  57.50s
Time for slow pipeline:  57.47s
Time for fast pipeline:  0.02s
Time saving: 99.96%

Based on this we have decided: 
   Slow modules (18):
        consistency
        bbn_consistency
        s8_to_sigma8
        camb
        as_to_log1e10as
        fast_pt
        fits_nz
        lens_photoz_width
        lens_photoz_bias
        source_photoz_bias
        IA
        pk_to_cl_gg
        pk_to_cl
        add_magnification
        add_intrinsic
        2pt_shear
        2pt_gal
        2pt_gal_shear
   Fast modules (4):
        shear_m_bias
        add_point_mass
        2pt_like
        shear_ratio_like
   Slow parameters (28):
        cosmological_parameters--ombh2
        cosmological_parameters--omch2
        cosmological_parameters--h0
        cosmological_parameters--mnu
        cosmological_parameters--s_8
        cosmological_parameters--n_s
        halo_model_parameters--logt_agn
        lens_photoz_errors--width_1
        lens_photoz_errors--width_2
        lens_photoz_errors--width_3
        lens_photoz_errors--width_4
        lens_photoz_errors--bias_1
        lens_photoz_errors--bias_2
        lens_photoz_errors--bias_3
        lens_photoz_errors--bias_4
        wl_photoz_errors--bias_1
        wl_photoz_errors--bias_2
        wl_photoz_errors--bias_3
        wl_photoz_errors--bias_4
        intrinsic_alignment_parameters--a1
        intrinsic_alignment_parameters--a2
        intrinsic_alignment_parameters--alpha1
        intrinsic_alignment_parameters--alpha2
        intrinsic_alignment_parameters--bias_ta
        bias_lens--b1
        bias_lens--b2
        bias_lens--b3
        bias_lens--b4
   Fast parameters (4):
        shear_calibration_parameters--m1
        shear_calibration_parameters--m2
        shear_calibration_parameters--m3
        shear_calibration_parameters--m4


2pt_like took: 0.020 seconds
shear_ratio_like took: 0.001 seconds
Total pipeline time: 55.9 seconds


Parameters first used in each module:
consistency - 5 parameters:
     cosmological_parameters--ombh2
     cosmological_parameters--omch2
     cosmological_parameters--h0
     cosmological_parameters--mnu
     cosmological_parameters--s_8
bbn_consistency - 0 parameters:
s8_to_sigma8 - 0 parameters:
camb - 2 parameters:
     cosmological_parameters--n_s
     halo_model_parameters--logt_agn
as_to_log1e10as - 0 parameters:
fast_pt - 0 parameters:
fits_nz - 0 parameters:
lens_photoz_width - 4 parameters:
     lens_photoz_errors--width_1
     lens_photoz_errors--width_2
     lens_photoz_errors--width_3
     lens_photoz_errors--width_4
lens_photoz_bias - 4 parameters:
     lens_photoz_errors--bias_1
     lens_photoz_errors--bias_2
     lens_photoz_errors--bias_3
     lens_photoz_errors--bias_4
source_photoz_bias - 4 parameters:
     wl_photoz_errors--bias_1
     wl_photoz_errors--bias_2
     wl_photoz_errors--bias_3
     wl_photoz_errors--bias_4
IA - 5 parameters:
     intrinsic_alignment_parameters--a1
     intrinsic_alignment_parameters--a2
     intrinsic_alignment_parameters--alpha1
     intrinsic_alignment_parameters--alpha2
     intrinsic_alignment_parameters--bias_ta
pk_to_cl_gg - 4 parameters:
     bias_lens--b1
     bias_lens--b2
     bias_lens--b3
     bias_lens--b4
pk_to_cl - 0 parameters:
add_magnification - 0 parameters:
add_intrinsic - 0 parameters:
2pt_shear - 0 parameters:
2pt_gal - 0 parameters:
2pt_gal_shear - 0 parameters:
shear_m_bias - 4 parameters:
     shear_calibration_parameters--m1
     shear_calibration_parameters--m2
     shear_calibration_parameters--m3
     shear_calibration_parameters--m4
add_point_mass - 0 parameters:
2pt_like - 0 parameters:
shear_ratio_like - 0 parameters:
Results - 0 parameters:
You manually told me in the parameter file to use module 18 as the first in the fast block
Time for full pipeline:  56.00s
Time for slow pipeline:  55.98s
Time for fast pipeline:  0.02s
Time saving: 99.96%

Based on this we have decided: 
   Slow modules (18):
        consistency
        bbn_consistency
        s8_to_sigma8
        camb
        as_to_log1e10as
        fast_pt
        fits_nz
        lens_photoz_width
        lens_photoz_bias
        source_photoz_bias
        IA
        pk_to_cl_gg
        pk_to_cl
        add_magnification
        add_intrinsic
        2pt_shear
        2pt_gal
        2pt_gal_shear
   Fast modules (4):
        shear_m_bias
        add_point_mass
        2pt_like
        shear_ratio_like
   Slow parameters (28):
        cosmological_parameters--ombh2
        cosmological_parameters--omch2
        cosmological_parameters--h0
        cosmological_parameters--mnu
        cosmological_parameters--s_8
        cosmological_parameters--n_s
        halo_model_parameters--logt_agn
        lens_photoz_errors--width_1
        lens_photoz_errors--width_2
        lens_photoz_errors--width_3
        lens_photoz_errors--width_4
        lens_photoz_errors--bias_1
        lens_photoz_errors--bias_2
        lens_photoz_errors--bias_3
        lens_photoz_errors--bias_4
        wl_photoz_errors--bias_1
        wl_photoz_errors--bias_2
        wl_photoz_errors--bias_3
        wl_photoz_errors--bias_4
        intrinsic_alignment_parameters--a1
        intrinsic_alignment_parameters--a2
        intrinsic_alignment_parameters--alpha1
        intrinsic_alignment_parameters--alpha2
        intrinsic_alignment_parameters--bias_ta
        bias_lens--b1
        bias_lens--b2
        bias_lens--b3
        bias_lens--b4
   Fast parameters (4):
        shear_calibration_parameters--m1
        shear_calibration_parameters--m2
        shear_calibration_parameters--m3
        shear_calibration_parameters--m4


2pt_shear took: 0.094 seconds
2pt_shear took: 0.095 seconds
2pt_shear took: 0.091 seconds


Parameters first used in each module:
consistency - 5 parameters:
     cosmological_parameters--ombh2
     cosmological_parameters--omch2
     cosmological_parameters--h0
     cosmological_parameters--mnu
     cosmological_parameters--s_8
bbn_consistency - 0 parameters:
s8_to_sigma8 - 0 parameters:
camb - 2 parameters:
     cosmological_parameters--n_s
     halo_model_parameters--logt_agn
as_to_log1e10as - 0 parameters:
fast_pt - 0 parameters:
fits_nz - 0 parameters:
lens_photoz_width - 4 parameters:
     lens_photoz_errors--width_1
     lens_photoz_errors--width_2
     lens_photoz_errors--width_3
     lens_photoz_errors--width_4
lens_photoz_bias - 4 parameters:
     lens_photoz_errors--bias_1
     lens_photoz_errors--bias_2
     lens_photoz_errors--bias_3
     lens_photoz_errors--bias_4
source_photoz_bias - 4 parameters:
     wl_photoz_errors--bias_1
     wl_photoz_errors--bias_2
     wl_photoz_errors--bias_3
     wl_photoz_errors--bias_4
IA - 5 parameters:
     intrinsic_alignment_parameters--a1
     intrinsic_alignment_parameters--a2
     intrinsic_alignment_parameters--alpha1
     intrinsic_alignment_parameters--alpha2
     intrinsic_alignment_parameters--bias_ta
pk_to_cl_gg - 4 parameters:
     bias_lens--b1
     bias_lens--b2
     bias_lens--b3
     bias_lens--b4
pk_to_cl - 0 parameters:
add_magnification - 0 parameters:
add_intrinsic - 0 parameters:
2pt_shear - 0 parameters:
2pt_gal - 0 parameters:
2pt_gal_shear - 0 parameters:
shear_m_bias - 4 parameters:
     shear_calibration_parameters--m1
     shear_calibration_parameters--m2
     shear_calibration_parameters--m3
     shear_calibration_parameters--m4
add_point_mass - 0 parameters:
2pt_like - 0 parameters:
shear_ratio_like - 0 parameters:
Results - 0 parameters:
You manually told me in the parameter file to use module 18 as the first in the fast block
Time for full pipeline:  55.85s
Time for slow pipeline:  55.83s
Time for fast pipeline:  0.02s
Time saving: 99.96%

Based on this we have decided: 
   Slow modules (18):
        consistency
        bbn_consistency
        s8_to_sigma8
        camb
        as_to_log1e10as
        fast_pt
        fits_nz
        lens_photoz_width
        lens_photoz_bias
        source_photoz_bias
        IA
        pk_to_cl_gg
        pk_to_cl
        add_magnification
        add_intrinsic
        2pt_shear
        2pt_gal
        2pt_gal_shear
   Fast modules (4):
        shear_m_bias
        add_point_mass
        2pt_like
        shear_ratio_like
   Slow parameters (28):
        cosmological_parameters--ombh2
        cosmological_parameters--omch2
        cosmological_parameters--h0
        cosmological_parameters--mnu
        cosmological_parameters--s_8
        cosmological_parameters--n_s
        halo_model_parameters--logt_agn
        lens_photoz_errors--width_1
        lens_photoz_errors--width_2
        lens_photoz_errors--width_3
        lens_photoz_errors--width_4
        lens_photoz_errors--bias_1
        lens_photoz_errors--bias_2
        lens_photoz_errors--bias_3
        lens_photoz_errors--bias_4
        wl_photoz_errors--bias_1
        wl_photoz_errors--bias_2
        wl_photoz_errors--bias_3
        wl_photoz_errors--bias_4
        intrinsic_alignment_parameters--a1
        intrinsic_alignment_parameters--a2
        intrinsic_alignment_parameters--alpha1
        intrinsic_alignment_parameters--alpha2
        intrinsic_alignment_parameters--bias_ta
        bias_lens--b1
        bias_lens--b2
        bias_lens--b3
        bias_lens--b4
   Fast parameters (4):
        shear_calibration_parameters--m1
        shear_calibration_parameters--m2
        shear_calibration_parameters--m3
        shear_calibration_parameters--m4


2pt_gal took: 0.027 seconds
2pt_gal took: 0.028 seconds
2pt_shear took: 0.102 seconds
2pt_gal took: 0.028 seconds
2pt_gal took: 0.027 seconds
pk_to_cl_gg took: 0.960 seconds
pk_to_cl took: 0.508 seconds
add_magnification took: 0.005 seconds
pk_to_cl_gg took: 0.922 seconds
add_intrinsic took: 0.003 seconds
2pt_shear took: 0.094 seconds
pk_to_cl_gg took: 0.891 seconds
Using two grades of parameter speed in polychord.
Telling Polychord to spend fraction 0.1 if its time in the fast subspace (adjust with fast_fraction option)
Polychord num_repeats = 74  (from parameter file)
2pt_shear took: 0.091 seconds
pk_to_cl took: 0.470 seconds
2pt_shear took: 0.094 seconds
2pt_shear took: 0.099 seconds
camb took: 55.372 seconds
as_to_log1e10as took: 0.000 seconds
2pt_gal took: 0.030 seconds
pk_to_cl_gg took: 0.970 seconds
add_magnification took: 0.005 seconds
add_intrinsic took: 0.002 seconds
2pt_shear took: 0.098 seconds
camb took: 54.365 seconds
as_to_log1e10as took: 0.000 seconds
pk_to_cl took: 0.496 seconds
pk_to_cl_gg took: 0.889 seconds
Using two grades of parameter speed in polychord.
Telling Polychord to spend fraction 0.1 if its time in the fast subspace (adjust with fast_fraction option)
Polychord num_repeats = 74  (from parameter file)
add_magnification took: 0.005 seconds
2pt_gal took: 0.028 seconds
add_intrinsic took: 0.002 seconds
2pt_gal took: 0.027 seconds
pk_to_cl took: 0.506 seconds
2pt_gal took: 0.029 seconds
2pt_gal took: 0.029 seconds
pk_to_cl took: 0.518 seconds
add_magnification took: 0.005 seconds
add_intrinsic took: 0.002 seconds
2pt_gal_shear took: 0.113 seconds
add_magnification took: 0.005 seconds
shear_m_bias took: 0.002 seconds
add_point_mass took: 0.000 seconds
2pt_gal took: 0.029 seconds
pk_to_cl_gg took: 0.948 seconds
add_intrinsic took: 0.003 seconds
Using two grades of parameter speed in polychord.
Telling Polychord to spend fraction 0.1 if its time in the fast subspace (adjust with fast_fraction option)
Polychord num_repeats = 74  (from parameter file)
2pt_like took: 0.022 seconds
shear_ratio_like took: 0.001 seconds
Total pipeline time: 57.3 seconds
pk_to_cl took: 0.499 seconds
add_magnification took: 0.005 seconds
add_intrinsic took: 0.003 seconds


Parameters first used in each module:
consistency - 5 parameters:
     cosmological_parameters--ombh2
     cosmological_parameters--omch2
     cosmological_parameters--h0
     cosmological_parameters--mnu
     cosmological_parameters--s_8
bbn_consistency - 0 parameters:
s8_to_sigma8 - 0 parameters:
camb - 2 parameters:
     cosmological_parameters--n_s
     halo_model_parameters--logt_agn
as_to_log1e10as - 0 parameters:
fast_pt - 0 parameters:
fits_nz - 0 parameters:
lens_photoz_width - 4 parameters:
     lens_photoz_errors--width_1
     lens_photoz_errors--width_2
     lens_photoz_errors--width_3
     lens_photoz_errors--width_4
lens_photoz_bias - 4 parameters:
     lens_photoz_errors--bias_1
     lens_photoz_errors--bias_2
     lens_photoz_errors--bias_3
     lens_photoz_errors--bias_4
source_photoz_bias - 4 parameters:
     wl_photoz_errors--bias_1
     wl_photoz_errors--bias_2
     wl_photoz_errors--bias_3
     wl_photoz_errors--bias_4
IA - 5 parameters:
     intrinsic_alignment_parameters--a1
     intrinsic_alignment_parameters--a2
     intrinsic_alignment_parameters--alpha1
     intrinsic_alignment_parameters--alpha2
     intrinsic_alignment_parameters--bias_ta
pk_to_cl_gg - 4 parameters:
     bias_lens--b1
     bias_lens--b2
     bias_lens--b3
     bias_lens--b4
pk_to_cl - 0 parameters:
add_magnification - 0 parameters:
add_intrinsic - 0 parameters:
2pt_shear - 0 parameters:
2pt_gal - 0 parameters:
2pt_gal_shear - 0 parameters:
shear_m_bias - 4 parameters:
     shear_calibration_parameters--m1
     shear_calibration_parameters--m2
     shear_calibration_parameters--m3
     shear_calibration_parameters--m4
add_point_mass - 0 parameters:
2pt_like - 0 parameters:
shear_ratio_like - 0 parameters:
Results - 0 parameters:
You manually told me in the parameter file to use module 18 as the first in the fast block
Time for full pipeline:  57.27s
Time for slow pipeline:  57.25s
Time for fast pipeline:  0.02s
Time saving: 99.96%

Based on this we have decided: 
   Slow modules (18):
        consistency
        bbn_consistency
        s8_to_sigma8
        camb
        as_to_log1e10as
        fast_pt
        fits_nz
        lens_photoz_width
        lens_photoz_bias
        source_photoz_bias
        IA
        pk_to_cl_gg
        pk_to_cl
        add_magnification
        add_intrinsic
        2pt_shear
        2pt_gal
        2pt_gal_shear
   Fast modules (4):
        shear_m_bias
        add_point_mass
        2pt_like
        shear_ratio_like
   Slow parameters (28):
        cosmological_parameters--ombh2
        cosmological_parameters--omch2
        cosmological_parameters--h0
        cosmological_parameters--mnu
        cosmological_parameters--s_8
        cosmological_parameters--n_s
        halo_model_parameters--logt_agn
        lens_photoz_errors--width_1
        lens_photoz_errors--width_2
        lens_photoz_errors--width_3
        lens_photoz_errors--width_4
        lens_photoz_errors--bias_1
        lens_photoz_errors--bias_2
        lens_photoz_errors--bias_3
        lens_photoz_errors--bias_4
        wl_photoz_errors--bias_1
        wl_photoz_errors--bias_2
        wl_photoz_errors--bias_3
        wl_photoz_errors--bias_4
        intrinsic_alignment_parameters--a1
        intrinsic_alignment_parameters--a2
        intrinsic_alignment_parameters--alpha1
        intrinsic_alignment_parameters--alpha2
        intrinsic_alignment_parameters--bias_ta
        bias_lens--b1
        bias_lens--b2
        bias_lens--b3
        bias_lens--b4
   Fast parameters (4):
        shear_calibration_parameters--m1
        shear_calibration_parameters--m2
        shear_calibration_parameters--m3
        shear_calibration_parameters--m4


camb took: 54.912 seconds
as_to_log1e10as took: 0.000 seconds
2pt_gal_shear took: 0.104 seconds
shear_m_bias took: 0.002 seconds
add_point_mass took: 0.000 seconds
2pt_gal_shear took: 0.110 seconds
2pt_shear took: 0.096 seconds
shear_m_bias took: 0.002 seconds
add_point_mass took: 0.000 seconds
2pt_gal_shear took: 0.111 seconds
shear_m_bias took: 0.002 seconds
add_point_mass took: 0.000 seconds
fast_pt took: 0.092 seconds
fits_nz took: 0.000 seconds
lens_photoz_width took: 0.001 seconds
2pt_shear took: 0.090 seconds
lens_photoz_bias took: 0.001 seconds
source_photoz_bias took: 0.001 seconds
2pt_like took: 0.020 seconds
2pt_gal_shear took: 0.139 seconds
shear_ratio_like took: 0.001 seconds
Total pipeline time: 55.7 seconds
shear_m_bias took: 0.002 seconds
add_point_mass took: 0.000 seconds
2pt_like took: 0.020 seconds
shear_ratio_like took: 0.001 seconds
Total pipeline time: 56.8 seconds
2pt_like took: 0.020 seconds
shear_ratio_like took: 0.001 seconds
Total pipeline time: 56.6 seconds


Parameters first used in each module:
consistency - 5 parameters:
     cosmological_parameters--ombh2
     cosmological_parameters--omch2
     cosmological_parameters--h0
     cosmological_parameters--mnu
     cosmological_parameters--s_8
bbn_consistency - 0 parameters:
s8_to_sigma8 - 0 parameters:
camb - 2 parameters:
     cosmological_parameters--n_s
     halo_model_parameters--logt_agn
as_to_log1e10as - 0 parameters:
fast_pt - 0 parameters:
fits_nz - 0 parameters:
lens_photoz_width - 4 parameters:
     lens_photoz_errors--width_1
     lens_photoz_errors--width_2
     lens_photoz_errors--width_3
     lens_photoz_errors--width_4
lens_photoz_bias - 4 parameters:
     lens_photoz_errors--bias_1
     lens_photoz_errors--bias_2
     lens_photoz_errors--bias_3
     lens_photoz_errors--bias_4
source_photoz_bias - 4 parameters:
     wl_photoz_errors--bias_1
     wl_photoz_errors--bias_2
     wl_photoz_errors--bias_3
     wl_photoz_errors--bias_4
IA - 5 parameters:
     intrinsic_alignment_parameters--a1
     intrinsic_alignment_parameters--a2
     intrinsic_alignment_parameters--alpha1
     intrinsic_alignment_parameters--alpha2
     intrinsic_alignment_parameters--bias_ta
pk_to_cl_gg - 4 parameters:
     bias_lens--b1
     bias_lens--b2
     bias_lens--b3
     bias_lens--b4
pk_to_cl - 0 parameters:
add_magnification - 0 parameters:
add_intrinsic - 0 parameters:
pk_to_cl took: 0.500 seconds
2pt_shear - 0 parameters:
2pt_gal - 0 parameters:
2pt_gal_shear - 0 parameters:
shear_m_bias - 4 parameters:
     shear_calibration_parameters--m1
     shear_calibration_parameters--m2
     shear_calibration_parameters--m3
     shear_calibration_parameters--m4
add_point_mass - 0 parameters:
2pt_like - 0 parameters:
shear_ratio_like - 0 parameters:
Results - 0 parameters:
You manually told me in the parameter file to use module 18 as the first in the fast block
Time for full pipeline:  55.73s
Time for slow pipeline:  55.71s
Time for fast pipeline:  0.02s
Time saving: 99.96%
2pt_gal took: 0.029 seconds

Based on this we have decided: 
   Slow modules (18):
        consistency
        bbn_consistency
        s8_to_sigma8
        camb
        as_to_log1e10as
        fast_pt
        fits_nz
        lens_photoz_width
        lens_photoz_bias
        source_photoz_bias
        IA
        pk_to_cl_gg
        pk_to_cl
        add_magnification
        add_intrinsic
        2pt_shear
        2pt_gal
        2pt_gal_shear
   Fast modules (4):
        shear_m_bias
        add_point_mass
        2pt_like
        shear_ratio_like
   Slow parameters (28):
        cosmological_parameters--ombh2
        cosmological_parameters--omch2
        cosmological_parameters--h0
        cosmological_parameters--mnu
        cosmological_parameters--s_8
        cosmological_parameters--n_s
        halo_model_parameters--logt_agn
        lens_photoz_errors--width_1
        lens_photoz_errors--width_2
        lens_photoz_errors--width_3
        lens_photoz_errors--width_4
        lens_photoz_errors--bias_1
        lens_photoz_errors--bias_2
        lens_photoz_errors--bias_3
        lens_photoz_errors--bias_4
        wl_photoz_errors--bias_1
        wl_photoz_errors--bias_2
        wl_photoz_errors--bias_3
        wl_photoz_errors--bias_4
        intrinsic_alignment_parameters--a1
        intrinsic_alignment_parameters--a2
        intrinsic_alignment_parameters--alpha1
        intrinsic_alignment_parameters--alpha2
        intrinsic_alignment_parameters--bias_ta
        bias_lens--b1
        bias_lens--b2
        bias_lens--b3
        bias_lens--b4
   Fast parameters (4):
        shear_calibration_parameters--m1
        shear_calibration_parameters--m2
        shear_calibration_parameters--m3
        shear_calibration_parameters--m4




Parameters first used in each module:
consistency - 5 parameters:
     cosmological_parameters--ombh2
     cosmological_parameters--omch2
     cosmological_parameters--h0
     cosmological_parameters--mnu
     cosmological_parameters--s_8
bbn_consistency - 0 parameters:
s8_to_sigma8 - 0 parameters:
camb - 2 parameters:
     cosmological_parameters--n_s
     halo_model_parameters--logt_agn
as_to_log1e10as - 0 parameters:
fast_pt - 0 parameters:
fits_nz - 0 parameters:
lens_photoz_width - 4 parameters:
     lens_photoz_errors--width_1
     lens_photoz_errors--width_2
     lens_photoz_errors--width_3
     lens_photoz_errors--width_4
lens_photoz_bias - 4 parameters:
     lens_photoz_errors--bias_1
     lens_photoz_errors--bias_2
     lens_photoz_errors--bias_3
     lens_photoz_errors--bias_4
source_photoz_bias - 4 parameters:
     wl_photoz_errors--bias_1
     wl_photoz_errors--bias_2
     wl_photoz_errors--bias_3
     wl_photoz_errors--bias_4
IA - 5 parameters:
     intrinsic_alignment_parameters--a1
     intrinsic_alignment_parameters--a2
     intrinsic_alignment_parameters--alpha1
     intrinsic_alignment_parameters--alpha2
     intrinsic_alignment_parameters--bias_ta
pk_to_cl_gg - 4 parameters:
     bias_lens--b1
     bias_lens--b2
     bias_lens--b3
     bias_lens--b4
pk_to_cl - 0 parameters:
add_magnification - 0 parameters:
add_intrinsic - 0 parameters:
2pt_shear - 0 parameters:
2pt_gal - 0 parameters:
2pt_gal_shear - 0 parameters:
shear_m_bias - 4 parameters:
     shear_calibration_parameters--m1
     shear_calibration_parameters--m2
     shear_calibration_parameters--m3
     shear_calibration_parameters--m4
add_point_mass - 0 parameters:
2pt_like - 0 parameters:
shear_ratio_like - 0 parameters:
Results - 0 parameters:
You manually told me in the parameter file to use module 18 as the first in the fast block
Time for full pipeline:  56.85s
Time for slow pipeline:  56.82s
Time for fast pipeline:  0.02s
Time saving: 99.96%

Based on this we have decided: 
   Slow modules (18):
        consistency
        bbn_consistency
        s8_to_sigma8
        camb
        as_to_log1e10as
        fast_pt
        fits_nz
        lens_photoz_width
        lens_photoz_bias
        source_photoz_bias
        IA
        pk_to_cl_gg
        pk_to_cl
        add_magnification
        add_intrinsic
        2pt_shear
        2pt_gal
        2pt_gal_shear
   Fast modules (4):
        shear_m_bias
        add_point_mass
        2pt_like
        shear_ratio_like
   Slow parameters (28):
        cosmological_parameters--ombh2
        cosmological_parameters--omch2
        cosmological_parameters--h0
        cosmological_parameters--mnu
        cosmological_parameters--s_8
        cosmological_parameters--n_s
        halo_model_parameters--logt_agn
        lens_photoz_errors--width_1
        lens_photoz_errors--width_2
        lens_photoz_errors--width_3
        lens_photoz_errors--width_4
        lens_photoz_errors--bias_1
        lens_photoz_errors--bias_2
        lens_photoz_errors--bias_3
        lens_photoz_errors--bias_4
        wl_photoz_errors--bias_1
        wl_photoz_errors--bias_2
        wl_photoz_errors--bias_3
        wl_photoz_errors--bias_4
        intrinsic_alignment_parameters--a1
        intrinsic_alignment_parameters--a2
        intrinsic_alignment_parameters--alpha1
        intrinsic_alignment_parameters--alpha2
        intrinsic_alignment_parameters--bias_ta
        bias_lens--b1
        bias_lens--b2
        bias_lens--b3
        bias_lens--b4
   Fast parameters (4):
        shear_calibration_parameters--m1
        shear_calibration_parameters--m2
        shear_calibration_parameters--m3
        shear_calibration_parameters--m4


2pt_gal_shear took: 0.113 seconds
add_magnification took: 0.005 seconds
pk_to_cl took: 0.477 seconds
shear_m_bias took: 0.002 seconds
add_point_mass took: 0.000 seconds


Parameters first used in each module:
consistency - 5 parameters:
     cosmological_parameters--ombh2
     cosmological_parameters--omch2
     cosmological_parameters--h0
     cosmological_parameters--mnu
     cosmological_parameters--s_8
bbn_consistency - 0 parameters:
s8_to_sigma8 - 0 parameters:
camb - 2 parameters:
     cosmological_parameters--n_s
     halo_model_parameters--logt_agn
as_to_log1e10as - 0 parameters:
fast_pt - 0 parameters:
fits_nz - 0 parameters:
lens_photoz_width - 4 parameters:
     lens_photoz_errors--width_1
     lens_photoz_errors--width_2
     lens_photoz_errors--width_3
     lens_photoz_errors--width_4
lens_photoz_bias - 4 parameters:
     lens_photoz_errors--bias_1
     lens_photoz_errors--bias_2
     lens_photoz_errors--bias_3
     lens_photoz_errors--bias_4
source_photoz_bias - 4 parameters:
     wl_photoz_errors--bias_1
     wl_photoz_errors--bias_2
     wl_photoz_errors--bias_3
     wl_photoz_errors--bias_4
IA - 5 parameters:
     intrinsic_alignment_parameters--a1
     intrinsic_alignment_parameters--a2
     intrinsic_alignment_parameters--alpha1
     intrinsic_alignment_parameters--alpha2
     intrinsic_alignment_parameters--bias_ta
pk_to_cl_gg - 4 parameters:
     bias_lens--b1
     bias_lens--b2
     bias_lens--b3
     bias_lens--b4
pk_to_cl - 0 parameters:
add_magnification - 0 parameters:
add_intrinsic - 0 parameters:
2pt_shear - 0 parameters:
2pt_gal - 0 parameters:
2pt_gal_shear - 0 parameters:
shear_m_bias - 4 parameters:
     shear_calibration_parameters--m1
     shear_calibration_parameters--m2
     shear_calibration_parameters--m3
     shear_calibration_parameters--m4
add_point_mass - 0 parameters:
2pt_like - 0 parameters:
shear_ratio_like - 0 parameters:
Results - 0 parameters:
You manually told me in the parameter file to use module 18 as the first in the fast block
Time for full pipeline:  56.63s
Time for slow pipeline:  56.61s
Time for fast pipeline:  0.02s
Time saving: 99.96%

Based on this we have decided: 
   Slow modules (18):
        consistency
        bbn_consistency
        s8_to_sigma8
        camb
        as_to_log1e10as
        fast_pt
        fits_nz
        lens_photoz_width
        lens_photoz_bias
        source_photoz_bias
        IA
        pk_to_cl_gg
        pk_to_cl
        add_magnification
        add_intrinsic
        2pt_shear
        2pt_gal
        2pt_gal_shear
   Fast modules (4):
        shear_m_bias
        add_point_mass
        2pt_like
        shear_ratio_like
   Slow parameters (28):
        cosmological_parameters--ombh2
        cosmological_parameters--omch2
        cosmological_parameters--h0
        cosmological_parameters--mnu
        cosmological_parameters--s_8
        cosmological_parameters--n_s
        halo_model_parameters--logt_agn
        lens_photoz_errors--width_1
        lens_photoz_errors--width_2
        lens_photoz_errors--width_3
        lens_photoz_errors--width_4
        lens_photoz_errors--bias_1
        lens_photoz_errors--bias_2
        lens_photoz_errors--bias_3
        lens_photoz_errors--bias_4
        wl_photoz_errors--bias_1
        wl_photoz_errors--bias_2
        wl_photoz_errors--bias_3
        wl_photoz_errors--bias_4
        intrinsic_alignment_parameters--a1
        intrinsic_alignment_parameters--a2
        intrinsic_alignment_parameters--alpha1
        intrinsic_alignment_parameters--alpha2
        intrinsic_alignment_parameters--bias_ta
        bias_lens--b1
        bias_lens--b2
        bias_lens--b3
        bias_lens--b4
   Fast parameters (4):
        shear_calibration_parameters--m1
        shear_calibration_parameters--m2
        shear_calibration_parameters--m3
        shear_calibration_parameters--m4


2pt_shear took: 0.099 seconds
add_intrinsic took: 0.003 seconds
add_magnification took: 0.005 seconds
IA took: 0.025 seconds
2pt_gal took: 0.027 seconds
add_intrinsic took: 0.003 seconds
2pt_gal_shear took: 0.109 seconds
shear_m_bias took: 0.002 seconds
add_point_mass took: 0.000 seconds
2pt_like took: 0.025 seconds
2pt_gal_shear took: 0.105 seconds
shear_ratio_like took: 0.001 seconds
Total pipeline time: 55.6 seconds
shear_m_bias took: 0.002 seconds
add_point_mass took: 0.000 seconds
2pt_shear took: 0.097 seconds
Using two grades of parameter speed in polychord.
Telling Polychord to spend fraction 0.1 if its time in the fast subspace (adjust with fast_fraction option)
Polychord num_repeats = 74  (from parameter file)
fast_pt took: 0.126 seconds
fits_nz took: 0.000 seconds
2pt_shear took: 0.104 seconds
2pt_gal_shear took: 0.110 seconds
lens_photoz_width took: 0.001 seconds
2pt_like took: 0.022 seconds
lens_photoz_bias took: 0.001 seconds
shear_m_bias took: 0.002 seconds
add_point_mass took: 0.000 seconds
shear_ratio_like took: 0.001 seconds
Total pipeline time: 57.9 seconds
source_photoz_bias took: 0.001 seconds


Parameters first used in each module:
consistency - 5 parameters:
     cosmological_parameters--ombh2
     cosmological_parameters--omch2
     cosmological_parameters--h0
     cosmological_parameters--mnu
     cosmological_parameters--s_8
bbn_consistency - 0 parameters:
s8_to_sigma8 - 0 parameters:
camb - 2 parameters:
     cosmological_parameters--n_s
     halo_model_parameters--logt_agn
as_to_log1e10as - 0 parameters:
fast_pt - 0 parameters:
fits_nz - 0 parameters:
lens_photoz_width - 4 parameters:
     lens_photoz_errors--width_1
     lens_photoz_errors--width_2
     lens_photoz_errors--width_3
     lens_photoz_errors--width_4
lens_photoz_bias - 4 parameters:
     lens_photoz_errors--bias_1
     lens_photoz_errors--bias_2
     lens_photoz_errors--bias_3
     lens_photoz_errors--bias_4
source_photoz_bias - 4 parameters:
     wl_photoz_errors--bias_1
     wl_photoz_errors--bias_2
     wl_photoz_errors--bias_3
     wl_photoz_errors--bias_4
IA - 5 parameters:
     intrinsic_alignment_parameters--a1
     intrinsic_alignment_parameters--a2
     intrinsic_alignment_parameters--alpha1
     intrinsic_alignment_parameters--alpha2
     intrinsic_alignment_parameters--bias_ta
pk_to_cl_gg - 4 parameters:
     bias_lens--b1
     bias_lens--b2
     bias_lens--b3
     bias_lens--b4
pk_to_cl - 0 parameters:
add_magnification - 0 parameters:
add_intrinsic - 0 parameters:
2pt_shear - 0 parameters:
2pt_gal - 0 parameters:
2pt_gal_shear - 0 parameters:
shear_m_bias - 4 parameters:
     shear_calibration_parameters--m1
     shear_calibration_parameters--m2
     shear_calibration_parameters--m3
     shear_calibration_parameters--m4
add_point_mass - 0 parameters:
2pt_like - 0 parameters:
shear_ratio_like - 0 parameters:
Results - 0 parameters:
You manually told me in the parameter file to use module 18 as the first in the fast block
Time for full pipeline:  55.61s
Time for slow pipeline:  55.58s
Time for fast pipeline:  0.03s
Time saving: 99.95%

Based on this we have decided: 
   Slow modules (18):
        consistency
        bbn_consistency
        s8_to_sigma8
        camb
        as_to_log1e10as
        fast_pt
        fits_nz
        lens_photoz_width
        lens_photoz_bias
        source_photoz_bias
        IA
        pk_to_cl_gg
        pk_to_cl
        add_magnification
        add_intrinsic
        2pt_shear
        2pt_gal
        2pt_gal_shear
   Fast modules (4):
        shear_m_bias
        add_point_mass
        2pt_like
        shear_ratio_like
   Slow parameters (28):
        cosmological_parameters--ombh2
        cosmological_parameters--omch2
        cosmological_parameters--h0
        cosmological_parameters--mnu
        cosmological_parameters--s_8
        cosmological_parameters--n_s
        halo_model_parameters--logt_agn
        lens_photoz_errors--width_1
        lens_photoz_errors--width_2
        lens_photoz_errors--width_3
        lens_photoz_errors--width_4
        lens_photoz_errors--bias_1
        lens_photoz_errors--bias_2
        lens_photoz_errors--bias_3
        lens_photoz_errors--bias_4
        wl_photoz_errors--bias_1
        wl_photoz_errors--bias_2
        wl_photoz_errors--bias_3
        wl_photoz_errors--bias_4
        intrinsic_alignment_parameters--a1
        intrinsic_alignment_parameters--a2
        intrinsic_alignment_parameters--alpha1
        intrinsic_alignment_parameters--alpha2
        intrinsic_alignment_parameters--bias_ta
        bias_lens--b1
        bias_lens--b2
        bias_lens--b3
        bias_lens--b4
   Fast parameters (4):
        shear_calibration_parameters--m1
        shear_calibration_parameters--m2
        shear_calibration_parameters--m3
        shear_calibration_parameters--m4


2pt_gal_shear took: 0.114 seconds
shear_m_bias took: 0.002 seconds
add_point_mass took: 0.000 seconds
2pt_gal took: 0.030 seconds
2pt_like took: 0.021 seconds
shear_ratio_like took: 0.001 seconds
Total pipeline time: 56.8 seconds
2pt_like took: 0.019 seconds
shear_ratio_like took: 0.001 seconds
Total pipeline time: 55.9 seconds
2pt_gal_shear took: 0.114 seconds
pk_to_cl took: 0.473 seconds
shear_m_bias took: 0.002 seconds
add_point_mass took: 0.000 seconds


Parameters first used in each module:
consistency - 5 parameters:
     cosmological_parameters--ombh2
     cosmological_parameters--omch2
     cosmological_parameters--h0
     cosmological_parameters--mnu
     cosmological_parameters--s_8
bbn_consistency - 0 parameters:
s8_to_sigma8 - 0 parameters:
camb - 2 parameters:
     cosmological_parameters--n_s
     halo_model_parameters--logt_agn
as_to_log1e10as - 0 parameters:
fast_pt - 0 parameters:
fits_nz - 0 parameters:
lens_photoz_width - 4 parameters:
     lens_photoz_errors--width_1
     lens_photoz_errors--width_2
     lens_photoz_errors--width_3
     lens_photoz_errors--width_4
lens_photoz_bias - 4 parameters:
     lens_photoz_errors--bias_1
     lens_photoz_errors--bias_2
     lens_photoz_errors--bias_3
     lens_photoz_errors--bias_4
source_photoz_bias - 4 parameters:
     wl_photoz_errors--bias_1
     wl_photoz_errors--bias_2
     wl_photoz_errors--bias_3
     wl_photoz_errors--bias_4
IA - 5 parameters:
     intrinsic_alignment_parameters--a1
     intrinsic_alignment_parameters--a2
     intrinsic_alignment_parameters--alpha1
     intrinsic_alignment_parameters--alpha2
     intrinsic_alignment_parameters--bias_ta
pk_to_cl_gg - 4 parameters:
     bias_lens--b1
     bias_lens--b2
     bias_lens--b3
     bias_lens--b4
pk_to_cl - 0 parameters:
add_magnification - 0 parameters:
add_intrinsic - 0 parameters:
2pt_shear - 0 parameters:
2pt_gal - 0 parameters:
2pt_gal_shear - 0 parameters:
shear_m_bias - 4 parameters:
     shear_calibration_parameters--m1
     shear_calibration_parameters--m2
     shear_calibration_parameters--m3
     shear_calibration_parameters--m4
add_point_mass - 0 parameters:
2pt_like - 0 parameters:
shear_ratio_like - 0 parameters:
Results - 0 parameters:
You manually told me in the parameter file to use module 18 as the first in the fast block
Time for full pipeline:  57.85s
Time for slow pipeline:  57.82s
Time for fast pipeline:  0.02s
Time saving: 99.96%

Based on this we have decided: 
   Slow modules (18):
        consistency
        bbn_consistency
        s8_to_sigma8
        camb
        as_to_log1e10as
        fast_pt
        fits_nz
        lens_photoz_width
        lens_photoz_bias
        source_photoz_bias
        IA
        pk_to_cl_gg
        pk_to_cl
        add_magnification
        add_intrinsic
        2pt_shear
        2pt_gal
        2pt_gal_shear
   Fast modules (4):
        shear_m_bias
        add_point_mass
        2pt_like
        shear_ratio_like
   Slow parameters (28):
        cosmological_parameters--ombh2
        cosmological_parameters--omch2
        cosmological_parameters--h0
        cosmological_parameters--mnu
        cosmological_parameters--s_8
        cosmological_parameters--n_s
        halo_model_parameters--logt_agn
        lens_photoz_errors--width_1
        lens_photoz_errors--width_2
        lens_photoz_errors--width_3
        lens_photoz_errors--width_4
        lens_photoz_errors--bias_1
        lens_photoz_errors--bias_2
        lens_photoz_errors--bias_3
        lens_photoz_errors--bias_4
        wl_photoz_errors--bias_1
        wl_photoz_errors--bias_2
        wl_photoz_errors--bias_3
        wl_photoz_errors--bias_4
        intrinsic_alignment_parameters--a1
        intrinsic_alignment_parameters--a2
        intrinsic_alignment_parameters--alpha1
        intrinsic_alignment_parameters--alpha2
        intrinsic_alignment_parameters--bias_ta
        bias_lens--b1
        bias_lens--b2
        bias_lens--b3
        bias_lens--b4
   Fast parameters (4):
        shear_calibration_parameters--m1
        shear_calibration_parameters--m2
        shear_calibration_parameters--m3
        shear_calibration_parameters--m4


pk_to_cl_gg took: 0.943 seconds
add_magnification took: 0.005 seconds
pk_to_cl took: 0.494 seconds
add_intrinsic took: 0.002 seconds


Parameters first used in each module:
consistency - 5 parameters:
     cosmological_parameters--ombh2
     cosmological_parameters--omch2
     cosmological_parameters--h0
     cosmological_parameters--mnu
     cosmological_parameters--s_8
bbn_consistency - 0 parameters:
s8_to_sigma8 - 0 parameters:
camb - 2 parameters:
     cosmological_parameters--n_s
     halo_model_parameters--logt_agn
as_to_log1e10as - 0 parameters:
fast_pt - 0 parameters:
fits_nz - 0 parameters:
lens_photoz_width - 4 parameters:
     lens_photoz_errors--width_1
     lens_photoz_errors--width_2
     lens_photoz_errors--width_3
     lens_photoz_errors--width_4
lens_photoz_bias - 4 parameters:
     lens_photoz_errors--bias_1
     lens_photoz_errors--bias_2
     lens_photoz_errors--bias_3
     lens_photoz_errors--bias_4
source_photoz_bias - 4 parameters:
     wl_photoz_errors--bias_1
     wl_photoz_errors--bias_2
     wl_photoz_errors--bias_3
     wl_photoz_errors--bias_4
IA - 5 parameters:
     intrinsic_alignment_parameters--a1
     intrinsic_alignment_parameters--a2
     intrinsic_alignment_parameters--alpha1
     intrinsic_alignment_parameters--alpha2
     intrinsic_alignment_parameters--bias_ta
pk_to_cl_gg - 4 parameters:
     bias_lens--b1
     bias_lens--b2
     bias_lens--b3
     bias_lens--b4
pk_to_cl - 0 parameters:
add_magnification - 0 parameters:
add_intrinsic - 0 parameters:
2pt_shear - 0 parameters:
2pt_gal - 0 parameters:
2pt_gal_shear - 0 parameters:
shear_m_bias - 4 parameters:
     shear_calibration_parameters--m1
     shear_calibration_parameters--m2
     shear_calibration_parameters--m3
     shear_calibration_parameters--m4
add_point_mass - 0 parameters:
2pt_like - 0 parameters:
shear_ratio_like - 0 parameters:
Results - 0 parameters:
You manually told me in the parameter file to use module 18 as the first in the fast block
Time for full pipeline:  55.92s
Time for slow pipeline:  55.89s
Time for fast pipeline:  0.02s
Time saving: 99.96%

Based on this we have decided: 
   Slow modules (18):
        consistency
        bbn_consistency
        s8_to_sigma8
        camb
        as_to_log1e10as
        fast_pt
        fits_nz
        lens_photoz_width
        lens_photoz_bias
        source_photoz_bias
        IA
        pk_to_cl_gg
        pk_to_cl
        add_magnification
        add_intrinsic
        2pt_shear
        2pt_gal
        2pt_gal_shear
   Fast modules (4):
        shear_m_bias
        add_point_mass
        2pt_like
        shear_ratio_like
   Slow parameters (28):
        cosmological_parameters--ombh2
        cosmological_parameters--omch2
        cosmological_parameters--h0
        cosmological_parameters--mnu
        cosmological_parameters--s_8
        cosmological_parameters--n_s
        halo_model_parameters--logt_agn
        lens_photoz_errors--width_1
        lens_photoz_errors--width_2
        lens_photoz_errors--width_3
        lens_photoz_errors--width_4
        lens_photoz_errors--bias_1
        lens_photoz_errors--bias_2
        lens_photoz_errors--bias_3
        lens_photoz_errors--bias_4
        wl_photoz_errors--bias_1
        wl_photoz_errors--bias_2
        wl_photoz_errors--bias_3
        wl_photoz_errors--bias_4
        intrinsic_alignment_parameters--a1
        intrinsic_alignment_parameters--a2
        intrinsic_alignment_parameters--alpha1
        intrinsic_alignment_parameters--alpha2
        intrinsic_alignment_parameters--bias_ta
        bias_lens--b1
        bias_lens--b2
        bias_lens--b3
        bias_lens--b4
   Fast parameters (4):
        shear_calibration_parameters--m1
        shear_calibration_parameters--m2
        shear_calibration_parameters--m3
        shear_calibration_parameters--m4


2pt_like took: 0.021 seconds
shear_ratio_like took: 0.001 seconds
Total pipeline time: 57.3 seconds
add_magnification took: 0.005 seconds
2pt_gal took: 0.029 seconds


Parameters first used in each module:
consistency - 5 parameters:
     cosmological_parameters--ombh2
     cosmological_parameters--omch2
     cosmological_parameters--h0
     cosmological_parameters--mnu
     cosmological_parameters--s_8
bbn_consistency - 0 parameters:
s8_to_sigma8 - 0 parameters:
camb - 2 parameters:
     cosmological_parameters--n_s
     halo_model_parameters--logt_agn
as_to_log1e10as - 0 parameters:
fast_pt - 0 parameters:
fits_nz - 0 parameters:
lens_photoz_width - 4 parameters:
     lens_photoz_errors--width_1
     lens_photoz_errors--width_2
     lens_photoz_errors--width_3
     lens_photoz_errors--width_4
lens_photoz_bias - 4 parameters:
     lens_photoz_errors--bias_1
     lens_photoz_errors--bias_2
     lens_photoz_errors--bias_3
     lens_photoz_errors--bias_4
source_photoz_bias - 4 parameters:
     wl_photoz_errors--bias_1
     wl_photoz_errors--bias_2
     wl_photoz_errors--bias_3
     wl_photoz_errors--bias_4
IA - 5 parameters:
     intrinsic_alignment_parameters--a1
     intrinsic_alignment_parameters--a2
     intrinsic_alignment_parameters--alpha1
     intrinsic_alignment_parameters--alpha2
     intrinsic_alignment_parameters--bias_ta
pk_to_cl_gg - 4 parameters:
     bias_lens--b1
     bias_lens--b2
     bias_lens--b3
     bias_lens--b4
pk_to_cl - 0 parameters:
add_magnification - 0 parameters:
add_intrinsic - 0 parameters:
2pt_shear - 0 parameters:
2pt_gal - 0 parameters:
2pt_gal_shear - 0 parameters:
shear_m_bias - 4 parameters:
add_intrinsic took: 0.002 seconds
     shear_calibration_parameters--m1
     shear_calibration_parameters--m2
     shear_calibration_parameters--m3
     shear_calibration_parameters--m4
add_point_mass - 0 parameters:
2pt_like - 0 parameters:
shear_ratio_like - 0 parameters:
Results - 0 parameters:
You manually told me in the parameter file to use module 18 as the first in the fast block
Time for full pipeline:  56.81s
Time for slow pipeline:  56.79s
Time for fast pipeline:  0.02s
Time saving: 99.96%

Based on this we have decided: 
   Slow modules (18):
        consistency
        bbn_consistency
        s8_to_sigma8
        camb
        as_to_log1e10as
        fast_pt
        fits_nz
        lens_photoz_width
        lens_photoz_bias
        source_photoz_bias
        IA
        pk_to_cl_gg
        pk_to_cl
        add_magnification
        add_intrinsic
        2pt_shear
        2pt_gal
        2pt_gal_shear
   Fast modules (4):
        shear_m_bias
        add_point_mass
        2pt_like
        shear_ratio_like
   Slow parameters (28):
        cosmological_parameters--ombh2
        cosmological_parameters--omch2
        cosmological_parameters--h0
        cosmological_parameters--mnu
        cosmological_parameters--s_8
        cosmological_parameters--n_s
        halo_model_parameters--logt_agn
        lens_photoz_errors--width_1
        lens_photoz_errors--width_2
        lens_photoz_errors--width_3
        lens_photoz_errors--width_4
        lens_photoz_errors--bias_1
        lens_photoz_errors--bias_2
        lens_photoz_errors--bias_3
        lens_photoz_errors--bias_4
        wl_photoz_errors--bias_1
        wl_photoz_errors--bias_2
        wl_photoz_errors--bias_3
        wl_photoz_errors--bias_4
        intrinsic_alignment_parameters--a1
        intrinsic_alignment_parameters--a2
        intrinsic_alignment_parameters--alpha1
        intrinsic_alignment_parameters--alpha2
        intrinsic_alignment_parameters--bias_ta
        bias_lens--b1
        bias_lens--b2
        bias_lens--b3
        bias_lens--b4
   Fast parameters (4):
        shear_calibration_parameters--m1
        shear_calibration_parameters--m2
        shear_calibration_parameters--m3
        shear_calibration_parameters--m4


2pt_like took: 0.022 seconds
shear_ratio_like took: 0.001 seconds
Total pipeline time: 56.4 seconds
pk_to_cl_gg took: 1.028 seconds
2pt_shear took: 0.099 seconds
IA took: 0.029 seconds
2pt_gal took: 0.032 seconds
pk_to_cl took: 0.521 seconds


Parameters first used in each module:
consistency - 5 parameters:
     cosmological_parameters--ombh2
     cosmological_parameters--omch2
     cosmological_parameters--h0
     cosmological_parameters--mnu
     cosmological_parameters--s_8
bbn_consistency - 0 parameters:
s8_to_sigma8 - 0 parameters:
camb - 2 parameters:
     cosmological_parameters--n_s
     halo_model_parameters--logt_agn
as_to_log1e10as - 0 parameters:
fast_pt - 0 parameters:
fits_nz - 0 parameters:
lens_photoz_width - 4 parameters:
     lens_photoz_errors--width_1
     lens_photoz_errors--width_2
     lens_photoz_errors--width_3
     lens_photoz_errors--width_4
lens_photoz_bias - 4 parameters:
     lens_photoz_errors--bias_1
     lens_photoz_errors--bias_2
     lens_photoz_errors--bias_3
     lens_photoz_errors--bias_4
source_photoz_bias - 4 parameters:
     wl_photoz_errors--bias_1
     wl_photoz_errors--bias_2
     wl_photoz_errors--bias_3
     wl_photoz_errors--bias_4
IA - 5 parameters:
     intrinsic_alignment_parameters--a1
     intrinsic_alignment_parameters--a2
     intrinsic_alignment_parameters--alpha1
     intrinsic_alignment_parameters--alpha2
     intrinsic_alignment_parameters--bias_ta
pk_to_cl_gg - 4 parameters:
     bias_lens--b1
     bias_lens--b2
     bias_lens--b3
     bias_lens--b4
pk_to_cl - 0 parameters:
add_magnification - 0 parameters:
add_intrinsic - 0 parameters:
2pt_shear - 0 parameters:
2pt_gal - 0 parameters:
2pt_gal_shear - 0 parameters:
shear_m_bias - 4 parameters:
     shear_calibration_parameters--m1
     shear_calibration_parameters--m2
     shear_calibration_parameters--m3
     shear_calibration_parameters--m4
add_point_mass - 0 parameters:
2pt_like - 0 parameters:
shear_ratio_like - 0 parameters:
Results - 0 parameters:
You manually told me in the parameter file to use module 18 as the first in the fast block
Time for full pipeline:  57.30s
Time for slow pipeline:  57.28s
Time for fast pipeline:  0.02s
Time saving: 99.96%

Based on this we have decided: 
   Slow modules (18):
        consistency
        bbn_consistency
        s8_to_sigma8
        camb
        as_to_log1e10as
        fast_pt
        fits_nz
        lens_photoz_width
        lens_photoz_bias
        source_photoz_bias
        IA
        pk_to_cl_gg
        pk_to_cl
        add_magnification
        add_intrinsic
        2pt_shear
        2pt_gal
        2pt_gal_shear
   Fast modules (4):
        shear_m_bias
        add_point_mass
        2pt_like
        shear_ratio_like
   Slow parameters (28):
        cosmological_parameters--ombh2
        cosmological_parameters--omch2
        cosmological_parameters--h0
        cosmological_parameters--mnu
        cosmological_parameters--s_8
        cosmological_parameters--n_s
        halo_model_parameters--logt_agn
        lens_photoz_errors--width_1
        lens_photoz_errors--width_2
        lens_photoz_errors--width_3
        lens_photoz_errors--width_4
        lens_photoz_errors--bias_1
        lens_photoz_errors--bias_2
        lens_photoz_errors--bias_3
        lens_photoz_errors--bias_4
        wl_photoz_errors--bias_1
        wl_photoz_errors--bias_2
        wl_photoz_errors--bias_3
        wl_photoz_errors--bias_4
        intrinsic_alignment_parameters--a1
        intrinsic_alignment_parameters--a2
        intrinsic_alignment_parameters--alpha1
        intrinsic_alignment_parameters--alpha2
        intrinsic_alignment_parameters--bias_ta
        bias_lens--b1
        bias_lens--b2
        bias_lens--b3
        bias_lens--b4
   Fast parameters (4):
        shear_calibration_parameters--m1
        shear_calibration_parameters--m2
        shear_calibration_parameters--m3
        shear_calibration_parameters--m4


2pt_like took: 0.021 seconds
pk_to_cl_gg took: 1.030 seconds
shear_ratio_like took: 0.001 seconds
Total pipeline time: 57.8 seconds


Parameters first used in each module:
consistency - 5 parameters:
     cosmological_parameters--ombh2
     cosmological_parameters--omch2
     cosmological_parameters--h0
     cosmological_parameters--mnu
     cosmological_parameters--s_8
bbn_consistency - 0 parameters:
s8_to_sigma8 - 0 parameters:
camb - 2 parameters:
     cosmological_parameters--n_s
     halo_model_parameters--logt_agn
as_to_log1e10as - 0 parameters:
fast_pt - 0 parameters:
fits_nz - 0 parameters:
lens_photoz_width - 4 parameters:
     lens_photoz_errors--width_1
     lens_photoz_errors--width_2
     lens_photoz_errors--width_3
     lens_photoz_errors--width_4
lens_photoz_bias - 4 parameters:
     lens_photoz_errors--bias_1
     lens_photoz_errors--bias_2
     lens_photoz_errors--bias_3
     lens_photoz_errors--bias_4
source_photoz_bias - 4 parameters:
     wl_photoz_errors--bias_1
     wl_photoz_errors--bias_2
     wl_photoz_errors--bias_3
     wl_photoz_errors--bias_4
IA - 5 parameters:
     intrinsic_alignment_parameters--a1
     intrinsic_alignment_parameters--a2
     intrinsic_alignment_parameters--alpha1
     intrinsic_alignment_parameters--alpha2
     intrinsic_alignment_parameters--bias_ta
pk_to_cl_gg - 4 parameters:
     bias_lens--b1
     bias_lens--b2
     bias_lens--b3
     bias_lens--b4
pk_to_cl - 0 parameters:
add_magnification - 0 parameters:
add_intrinsic - 0 parameters:
2pt_shear - 0 parameters:
2pt_gal - 0 parameters:
2pt_gal_shear - 0 parameters:
shear_m_bias - 4 parameters:
     shear_calibration_parameters--m1
     shear_calibration_parameters--m2
     shear_calibration_parameters--m3
     shear_calibration_parameters--m4
add_point_mass - 0 parameters:
2pt_like - 0 parameters:
shear_ratio_like - 0 parameters:
Results - 0 parameters:
You manually told me in the parameter file to use module 18 as the first in the fast block
Time for full pipeline:  56.42s
Time for slow pipeline:  56.39s
Time for fast pipeline:  0.02s
camb took: 54.658 seconds
as_to_log1e10as took: 0.000 seconds
Time saving: 99.96%

Based on this we have decided: 
   Slow modules (18):
        consistency
        bbn_consistency
        s8_to_sigma8
        camb
        as_to_log1e10as
        fast_pt
        fits_nz
        lens_photoz_width
        lens_photoz_bias
        source_photoz_bias
        IA
        pk_to_cl_gg
        pk_to_cl
        add_magnification
        add_intrinsic
        2pt_shear
        2pt_gal
        2pt_gal_shear
   Fast modules (4):
        shear_m_bias
        add_point_mass
        2pt_like
        shear_ratio_like
   Slow parameters (28):
        cosmological_parameters--ombh2
        cosmological_parameters--omch2
        cosmological_parameters--h0
        cosmological_parameters--mnu
        cosmological_parameters--s_8
        cosmological_parameters--n_s
        halo_model_parameters--logt_agn
        lens_photoz_errors--width_1
        lens_photoz_errors--width_2
        lens_photoz_errors--width_3
        lens_photoz_errors--width_4
        lens_photoz_errors--bias_1
        lens_photoz_errors--bias_2
        lens_photoz_errors--bias_3
        lens_photoz_errors--bias_4
        wl_photoz_errors--bias_1
        wl_photoz_errors--bias_2
        wl_photoz_errors--bias_3
        wl_photoz_errors--bias_4
        intrinsic_alignment_parameters--a1
        intrinsic_alignment_parameters--a2
        intrinsic_alignment_parameters--alpha1
        intrinsic_alignment_parameters--alpha2
        intrinsic_alignment_parameters--bias_ta
        bias_lens--b1
        bias_lens--b2
        bias_lens--b3
        bias_lens--b4
   Fast parameters (4):
        shear_calibration_parameters--m1
        shear_calibration_parameters--m2
        shear_calibration_parameters--m3
        shear_calibration_parameters--m4


add_magnification took: 0.006 seconds
pk_to_cl_gg took: 1.273 seconds
add_intrinsic took: 0.003 seconds
Using two grades of parameter speed in polychord.
Telling Polychord to spend fraction 0.1 if its time in the fast subspace (adjust with fast_fraction option)
Polychord num_repeats = 74  (from parameter file)


Parameters first used in each module:
consistency - 5 parameters:
     cosmological_parameters--ombh2
     cosmological_parameters--omch2
     cosmological_parameters--h0
     cosmological_parameters--mnu
     cosmological_parameters--s_8
bbn_consistency - 0 parameters:
s8_to_sigma8 - 0 parameters:
camb - 2 parameters:
     cosmological_parameters--n_s
     halo_model_parameters--logt_agn
as_to_log1e10as - 0 parameters:
fast_pt - 0 parameters:
fits_nz - 0 parameters:
lens_photoz_width - 4 parameters:
     lens_photoz_errors--width_1
     lens_photoz_errors--width_2
     lens_photoz_errors--width_3
     lens_photoz_errors--width_4
lens_photoz_bias - 4 parameters:
     lens_photoz_errors--bias_1
     lens_photoz_errors--bias_2
     lens_photoz_errors--bias_3
     lens_photoz_errors--bias_4
source_photoz_bias - 4 parameters:
     wl_photoz_errors--bias_1
     wl_photoz_errors--bias_2
     wl_photoz_errors--bias_3
     wl_photoz_errors--bias_4
IA - 5 parameters:
     intrinsic_alignment_parameters--a1
     intrinsic_alignment_parameters--a2
     intrinsic_alignment_parameters--alpha1
     intrinsic_alignment_parameters--alpha2
     intrinsic_alignment_parameters--bias_ta
pk_to_cl_gg - 4 parameters:
     bias_lens--b1
     bias_lens--b2
     bias_lens--b3
     bias_lens--b4
pk_to_cl - 0 parameters:
add_magnification - 0 parameters:
add_intrinsic - 0 parameters:
2pt_shear - 0 parameters:
2pt_gal - 0 parameters:
2pt_gal_shear - 0 parameters:
shear_m_bias - 4 parameters:
     shear_calibration_parameters--m1
     shear_calibration_parameters--m2
     shear_calibration_parameters--m3
     shear_calibration_parameters--m4
add_point_mass - 0 parameters:
2pt_like - 0 parameters:
shear_ratio_like - 0 parameters:
Results - 0 parameters:
You manually told me in the parameter file to use module 18 as the first in the fast block
Time for full pipeline:  57.82s
Time for slow pipeline:  57.79s
Time for fast pipeline:  0.02s
Time saving: 99.96%

Based on this we have decided: 
   Slow modules (18):
        consistency
        bbn_consistency
        s8_to_sigma8
        camb
        as_to_log1e10as
        fast_pt
        fits_nz
        lens_photoz_width
        lens_photoz_bias
        source_photoz_bias
        IA
        pk_to_cl_gg
        pk_to_cl
        add_magnification
        add_intrinsic
        2pt_shear
        2pt_gal
pk_to_cl took: 0.506 seconds
        2pt_gal_shear
   Fast modules (4):
        shear_m_bias
        add_point_mass
        2pt_like
        shear_ratio_like
   Slow parameters (28):
        cosmological_parameters--ombh2
        cosmological_parameters--omch2
        cosmological_parameters--h0
        cosmological_parameters--mnu
        cosmological_parameters--s_8
        cosmological_parameters--n_s
        halo_model_parameters--logt_agn
        lens_photoz_errors--width_1
        lens_photoz_errors--width_2
        lens_photoz_errors--width_3
        lens_photoz_errors--width_4
        lens_photoz_errors--bias_1
        lens_photoz_errors--bias_2
        lens_photoz_errors--bias_3
        lens_photoz_errors--bias_4
        wl_photoz_errors--bias_1
        wl_photoz_errors--bias_2
        wl_photoz_errors--bias_3
        wl_photoz_errors--bias_4
        intrinsic_alignment_parameters--a1
        intrinsic_alignment_parameters--a2
        intrinsic_alignment_parameters--alpha1
        intrinsic_alignment_parameters--alpha2
        intrinsic_alignment_parameters--bias_ta
        bias_lens--b1
        bias_lens--b2
        bias_lens--b3
        bias_lens--b4
   Fast parameters (4):
        shear_calibration_parameters--m1
        shear_calibration_parameters--m2
        shear_calibration_parameters--m3
        shear_calibration_parameters--m4


pk_to_cl took: 0.523 seconds
Using two grades of parameter speed in polychord.
Telling Polychord to spend fraction 0.1 if its time in the fast subspace (adjust with fast_fraction option)
Polychord num_repeats = 74  (from parameter file)
add_magnification took: 0.005 seconds
add_intrinsic took: 0.003 seconds
add_magnification took: 0.006 seconds
add_intrinsic took: 0.003 seconds
2pt_gal took: 0.029 seconds
Using two grades of parameter speed in polychord.
Telling Polychord to spend fraction 0.1 if its time in the fast subspace (adjust with fast_fraction option)
Polychord num_repeats = 74  (from parameter file)
Using two grades of parameter speed in polychord.
Telling Polychord to spend fraction 0.1 if its time in the fast subspace (adjust with fast_fraction option)
Polychord num_repeats = 74  (from parameter file)
fast_pt took: 0.125 seconds
fits_nz took: 0.000 seconds
lens_photoz_width took: 0.001 seconds
lens_photoz_bias took: 0.001 seconds
source_photoz_bias took: 0.001 seconds
2pt_shear took: 0.094 seconds
2pt_shear took: 0.099 seconds
pk_to_cl_gg took: 0.923 seconds
pk_to_cl took: 0.478 seconds
2pt_gal_shear took: 0.114 seconds
shear_m_bias took: 0.002 seconds
add_point_mass took: 0.000 seconds
2pt_gal_shear took: 0.105 seconds
add_magnification took: 0.005 seconds
shear_m_bias took: 0.002 seconds
add_point_mass took: 0.000 seconds
pk_to_cl took: 0.494 seconds
add_intrinsic took: 0.002 seconds
IA took: 0.029 seconds
add_magnification took: 0.005 seconds
add_intrinsic took: 0.002 seconds
2pt_gal took: 0.028 seconds
2pt_gal took: 0.029 seconds
2pt_like took: 0.021 seconds
shear_ratio_like took: 0.001 seconds
Total pipeline time: 57.5 seconds
2pt_like took: 0.020 seconds
2pt_shear took: 0.091 seconds
shear_ratio_like took: 0.001 seconds
Total pipeline time: 56.2 seconds
pk_to_cl_gg took: 0.954 seconds


Parameters first used in each module:
consistency - 5 parameters:
     cosmological_parameters--ombh2
     cosmological_parameters--omch2
     cosmological_parameters--h0
     cosmological_parameters--mnu
     cosmological_parameters--s_8
bbn_consistency - 0 parameters:
s8_to_sigma8 - 0 parameters:
camb - 2 parameters:
     cosmological_parameters--n_s
     halo_model_parameters--logt_agn
as_to_log1e10as - 0 parameters:
fast_pt - 0 parameters:
fits_nz - 0 parameters:
lens_photoz_width - 4 parameters:
     lens_photoz_errors--width_1
     lens_photoz_errors--width_2
     lens_photoz_errors--width_3
     lens_photoz_errors--width_4
lens_photoz_bias - 4 parameters:
     lens_photoz_errors--bias_1
     lens_photoz_errors--bias_2
     lens_photoz_errors--bias_3
     lens_photoz_errors--bias_4
source_photoz_bias - 4 parameters:
     wl_photoz_errors--bias_1
     wl_photoz_errors--bias_2
     wl_photoz_errors--bias_3
     wl_photoz_errors--bias_4
IA - 5 parameters:
     intrinsic_alignment_parameters--a1
     intrinsic_alignment_parameters--a2
     intrinsic_alignment_parameters--alpha1
     intrinsic_alignment_parameters--alpha2
     intrinsic_alignment_parameters--bias_ta
pk_to_cl_gg - 4 parameters:
     bias_lens--b1
     bias_lens--b2
     bias_lens--b3
     bias_lens--b4
pk_to_cl - 0 parameters:
add_magnification - 0 parameters:
add_intrinsic - 0 parameters:
2pt_shear - 0 parameters:
2pt_gal - 0 parameters:
2pt_gal_shear - 0 parameters:
shear_m_bias - 4 parameters:
     shear_calibration_parameters--m1
     shear_calibration_parameters--m2
     shear_calibration_parameters--m3
     shear_calibration_parameters--m4
add_point_mass - 0 parameters:
2pt_like - 0 parameters:
shear_ratio_like - 0 parameters:
Results - 0 parameters:
You manually told me in the parameter file to use module 18 as the first in the fast block
Time for full pipeline:  57.54s
Time for slow pipeline:  57.51s
Time for fast pipeline:  0.02s
Time saving: 99.96%

Based on this we have decided: 
   Slow modules (18):
        consistency
        bbn_consistency
        s8_to_sigma8
        camb
        as_to_log1e10as
        fast_pt
        fits_nz
        lens_photoz_width
        lens_photoz_bias
        source_photoz_bias
        IA
        pk_to_cl_gg
        pk_to_cl
        add_magnification
        add_intrinsic
        2pt_shear
        2pt_gal
        2pt_gal_shear
   Fast modules (4):
        shear_m_bias
        add_point_mass
        2pt_like
        shear_ratio_like
   Slow parameters (28):
        cosmological_parameters--ombh2
        cosmological_parameters--omch2
        cosmological_parameters--h0
        cosmological_parameters--mnu
        cosmological_parameters--s_8
        cosmological_parameters--n_s
        halo_model_parameters--logt_agn
        lens_photoz_errors--width_1
        lens_photoz_errors--width_2
        lens_photoz_errors--width_3
        lens_photoz_errors--width_4
        lens_photoz_errors--bias_1
        lens_photoz_errors--bias_2
        lens_photoz_errors--bias_3
        lens_photoz_errors--bias_4
        wl_photoz_errors--bias_1
        wl_photoz_errors--bias_2
        wl_photoz_errors--bias_3
        wl_photoz_errors--bias_4
        intrinsic_alignment_parameters--a1
        intrinsic_alignment_parameters--a2
        intrinsic_alignment_parameters--alpha1
        intrinsic_alignment_parameters--alpha2
        intrinsic_alignment_parameters--bias_ta
        bias_lens--b1
        bias_lens--b2
        bias_lens--b3
        bias_lens--b4
   Fast parameters (4):
        shear_calibration_parameters--m1
        shear_calibration_parameters--m2
        shear_calibration_parameters--m3
        shear_calibration_parameters--m4




Parameters first used in each module:
consistency - 5 parameters:
     cosmological_parameters--ombh2
     cosmological_parameters--omch2
     cosmological_parameters--h0
     cosmological_parameters--mnu
     cosmological_parameters--s_8
bbn_consistency - 0 parameters:
s8_to_sigma8 - 0 parameters:
camb - 2 parameters:
     cosmological_parameters--n_s
     halo_model_parameters--logt_agn
as_to_log1e10as - 0 parameters:
fast_pt - 0 parameters:
fits_nz - 0 parameters:
lens_photoz_width - 4 parameters:
     lens_photoz_errors--width_1
     lens_photoz_errors--width_2
     lens_photoz_errors--width_3
     lens_photoz_errors--width_4
lens_photoz_bias - 4 parameters:
     lens_photoz_errors--bias_1
     lens_photoz_errors--bias_2
     lens_photoz_errors--bias_3
     lens_photoz_errors--bias_4
source_photoz_bias - 4 parameters:
     wl_photoz_errors--bias_1
     wl_photoz_errors--bias_2
     wl_photoz_errors--bias_3
     wl_photoz_errors--bias_4
IA - 5 parameters:
     intrinsic_alignment_parameters--a1
     intrinsic_alignment_parameters--a2
     intrinsic_alignment_parameters--alpha1
     intrinsic_alignment_parameters--alpha2
     intrinsic_alignment_parameters--bias_ta
pk_to_cl_gg - 4 parameters:
     bias_lens--b1
     bias_lens--b2
     bias_lens--b3
     bias_lens--b4
pk_to_cl - 0 parameters:
add_magnification - 0 parameters:
add_intrinsic - 0 parameters:
2pt_shear - 0 parameters:
2pt_gal - 0 parameters:
2pt_gal_shear - 0 parameters:
shear_m_bias - 4 parameters:
     shear_calibration_parameters--m1
     shear_calibration_parameters--m2
     shear_calibration_parameters--m3
     shear_calibration_parameters--m4
add_point_mass - 0 parameters:
2pt_like - 0 parameters:
shear_ratio_like - 0 parameters:
Results - 0 parameters:
You manually told me in the parameter file to use module 18 as the first in the fast block
Time for full pipeline:  56.21s
Time for slow pipeline:  56.19s
Time for fast pipeline:  0.02s
Time saving: 99.96%

Based on this we have decided: 
   Slow modules (18):
        consistency
        bbn_consistency
        s8_to_sigma8
        camb
        as_to_log1e10as
        fast_pt
2pt_shear took: 0.095 seconds
        fits_nz
        lens_photoz_width
        lens_photoz_bias
        source_photoz_bias
        IA
        pk_to_cl_gg
        pk_to_cl
        add_magnification
        add_intrinsic
        2pt_shear
        2pt_gal
        2pt_gal_shear
   Fast modules (4):
        shear_m_bias
        add_point_mass
        2pt_like
        shear_ratio_like
   Slow parameters (28):
        cosmological_parameters--ombh2
        cosmological_parameters--omch2
        cosmological_parameters--h0
        cosmological_parameters--mnu
        cosmological_parameters--s_8
        cosmological_parameters--n_s
        halo_model_parameters--logt_agn
        lens_photoz_errors--width_1
        lens_photoz_errors--width_2
        lens_photoz_errors--width_3
        lens_photoz_errors--width_4
        lens_photoz_errors--bias_1
        lens_photoz_errors--bias_2
        lens_photoz_errors--bias_3
        lens_photoz_errors--bias_4
        wl_photoz_errors--bias_1
        wl_photoz_errors--bias_2
        wl_photoz_errors--bias_3
        wl_photoz_errors--bias_4
        intrinsic_alignment_parameters--a1
        intrinsic_alignment_parameters--a2
        intrinsic_alignment_parameters--alpha1
        intrinsic_alignment_parameters--alpha2
        intrinsic_alignment_parameters--bias_ta
        bias_lens--b1
        bias_lens--b2
        bias_lens--b3
        bias_lens--b4
   Fast parameters (4):
        shear_calibration_parameters--m1
        shear_calibration_parameters--m2
        shear_calibration_parameters--m3
        shear_calibration_parameters--m4


2pt_gal_shear took: 0.116 seconds
shear_m_bias took: 0.002 seconds
add_point_mass took: 0.000 seconds
pk_to_cl_gg took: 0.952 seconds
fast_pt took: 0.094 seconds
fits_nz took: 0.000 seconds
lens_photoz_width took: 0.001 seconds
lens_photoz_bias took: 0.001 seconds
source_photoz_bias took: 0.001 seconds
pk_to_cl_gg took: 0.922 seconds
2pt_gal took: 0.027 seconds
2pt_gal_shear took: 0.117 seconds
shear_m_bias took: 0.002 seconds
add_point_mass took: 0.000 seconds
pk_to_cl took: 0.487 seconds
2pt_shear took: 0.106 seconds
2pt_like took: 0.022 seconds
2pt_gal took: 0.028 seconds
shear_ratio_like took: 0.001 seconds
Total pipeline time: 57.6 seconds
add_magnification took: 0.005 seconds
2pt_gal_shear took: 0.122 seconds
add_intrinsic took: 0.002 seconds
2pt_shear took: 0.101 seconds
shear_m_bias took: 0.002 seconds
add_point_mass took: 0.000 seconds
IA took: 0.025 seconds


Parameters first used in each module:
consistency - 5 parameters:
     cosmological_parameters--ombh2
     cosmological_parameters--omch2
     cosmological_parameters--h0
     cosmological_parameters--mnu
     cosmological_parameters--s_8
bbn_consistency - 0 parameters:
s8_to_sigma8 - 0 parameters:
camb - 2 parameters:
     cosmological_parameters--n_s
     halo_model_parameters--logt_agn
as_to_log1e10as - 0 parameters:
fast_pt - 0 parameters:
fits_nz - 0 parameters:
lens_photoz_width - 4 parameters:
     lens_photoz_errors--width_1
     lens_photoz_errors--width_2
     lens_photoz_errors--width_3
     lens_photoz_errors--width_4
lens_photoz_bias - 4 parameters:
     lens_photoz_errors--bias_1
     lens_photoz_errors--bias_2
     lens_photoz_errors--bias_3
     lens_photoz_errors--bias_4
source_photoz_bias - 4 parameters:
     wl_photoz_errors--bias_1
     wl_photoz_errors--bias_2
     wl_photoz_errors--bias_3
     wl_photoz_errors--bias_4
IA - 5 parameters:
     intrinsic_alignment_parameters--a1
     intrinsic_alignment_parameters--a2
     intrinsic_alignment_parameters--alpha1
     intrinsic_alignment_parameters--alpha2
     intrinsic_alignment_parameters--bias_ta
pk_to_cl_gg - 4 parameters:
     bias_lens--b1
     bias_lens--b2
     bias_lens--b3
     bias_lens--b4
pk_to_cl - 0 parameters:
add_magnification - 0 parameters:
add_intrinsic - 0 parameters:
2pt_shear - 0 parameters:
2pt_gal - 0 parameters:
2pt_gal_shear - 0 parameters:
shear_m_bias - 4 parameters:
     shear_calibration_parameters--m1
     shear_calibration_parameters--m2
     shear_calibration_parameters--m3
     shear_calibration_parameters--m4
add_point_mass - 0 parameters:
2pt_like - 0 parameters:
shear_ratio_like - 0 parameters:
Results - 0 parameters:
You manually told me in the parameter file to use module 18 as the first in the fast block
Time for full pipeline:  57.58s
Time for slow pipeline:  57.56s
Time for fast pipeline:  0.02s
Time saving: 99.96%

Based on this we have decided: 
   Slow modules (18):
        consistency
        bbn_consistency
        s8_to_sigma8
        camb
        as_to_log1e10as
        fast_pt
        fits_nz
        lens_photoz_width
        lens_photoz_bias
        source_photoz_bias
        IA
        pk_to_cl_gg
        pk_to_cl
        add_magnification
        add_intrinsic
        2pt_shear
        2pt_gal
        2pt_gal_shear
   Fast modules (4):
        shear_m_bias
        add_point_mass
        2pt_like
        shear_ratio_like
   Slow parameters (28):
        cosmological_parameters--ombh2
        cosmological_parameters--omch2
        cosmological_parameters--h0
        cosmological_parameters--mnu
        cosmological_parameters--s_8
        cosmological_parameters--n_s
        halo_model_parameters--logt_agn
        lens_photoz_errors--width_1
        lens_photoz_errors--width_2
        lens_photoz_errors--width_3
        lens_photoz_errors--width_4
        lens_photoz_errors--bias_1
        lens_photoz_errors--bias_2
        lens_photoz_errors--bias_3
        lens_photoz_errors--bias_4
        wl_photoz_errors--bias_1
        wl_photoz_errors--bias_2
        wl_photoz_errors--bias_3
        wl_photoz_errors--bias_4
        intrinsic_alignment_parameters--a1
        intrinsic_alignment_parameters--a2
        intrinsic_alignment_parameters--alpha1
        intrinsic_alignment_parameters--alpha2
        intrinsic_alignment_parameters--bias_ta
        bias_lens--b1
        bias_lens--b2
        bias_lens--b3
        bias_lens--b4
   Fast parameters (4):
        shear_calibration_parameters--m1
        shear_calibration_parameters--m2
        shear_calibration_parameters--m3
        shear_calibration_parameters--m4


pk_to_cl took: 0.478 seconds
2pt_like took: 0.021 seconds
shear_ratio_like took: 0.001 seconds
Total pipeline time: 58.1 seconds
add_magnification took: 0.005 seconds
add_intrinsic took: 0.002 seconds
2pt_gal_shear took: 0.114 seconds
shear_m_bias took: 0.002 seconds
add_point_mass took: 0.000 seconds


Parameters first used in each module:
consistency - 5 parameters:
     cosmological_parameters--ombh2
     cosmological_parameters--omch2
     cosmological_parameters--h0
     cosmological_parameters--mnu
     cosmological_parameters--s_8
bbn_consistency - 0 parameters:
s8_to_sigma8 - 0 parameters:
camb - 2 parameters:
     cosmological_parameters--n_s
     halo_model_parameters--logt_agn
as_to_log1e10as - 0 parameters:
fast_pt - 0 parameters:
fits_nz - 0 parameters:
lens_photoz_width - 4 parameters:
     lens_photoz_errors--width_1
     lens_photoz_errors--width_2
     lens_photoz_errors--width_3
     lens_photoz_errors--width_4
lens_photoz_bias - 4 parameters:
     lens_photoz_errors--bias_1
     lens_photoz_errors--bias_2
     lens_photoz_errors--bias_3
     lens_photoz_errors--bias_4
source_photoz_bias - 4 parameters:
     wl_photoz_errors--bias_1
     wl_photoz_errors--bias_2
     wl_photoz_errors--bias_3
     wl_photoz_errors--bias_4
IA - 5 parameters:
     intrinsic_alignment_parameters--a1
     intrinsic_alignment_parameters--a2
     intrinsic_alignment_parameters--alpha1
     intrinsic_alignment_parameters--alpha2
     intrinsic_alignment_parameters--bias_ta
pk_to_cl_gg - 4 parameters:
     bias_lens--b1
     bias_lens--b2
     bias_lens--b3
     bias_lens--b4
pk_to_cl - 0 parameters:
add_magnification - 0 parameters:
add_intrinsic - 0 parameters:
2pt_shear - 0 parameters:
2pt_gal - 0 parameters:
2pt_gal_shear - 0 parameters:
shear_m_bias - 4 parameters:
     shear_calibration_parameters--m1
     shear_calibration_parameters--m2
     shear_calibration_parameters--m3
     shear_calibration_parameters--m4
add_point_mass - 0 parameters:
2pt_like - 0 parameters:
shear_ratio_like - 0 parameters:
Results - 0 parameters:
You manually told me in the parameter file to use module 18 as the first in the fast block
Time for full pipeline:  58.07s
Time for slow pipeline:  58.04s
Time for fast pipeline:  0.02s
Time saving: 99.96%

Based on this we have decided: 
   Slow modules (18):
        consistency
        bbn_consistency
        s8_to_sigma8
        camb
        as_to_log1e10as
        fast_pt
        fits_nz
        lens_photoz_width
        lens_photoz_bias
        source_photoz_bias
        IA
        pk_to_cl_gg
        pk_to_cl
        add_magnification
        add_intrinsic
        2pt_shear
        2pt_gal
        2pt_gal_shear
   Fast modules (4):
        shear_m_bias
        add_point_mass
        2pt_like
        shear_ratio_like
   Slow parameters (28):
        cosmological_parameters--ombh2
        cosmological_parameters--omch2
        cosmological_parameters--h0
        cosmological_parameters--mnu
        cosmological_parameters--s_8
        cosmological_parameters--n_s
        halo_model_parameters--logt_agn
        lens_photoz_errors--width_1
        lens_photoz_errors--width_2
        lens_photoz_errors--width_3
        lens_photoz_errors--width_4
        lens_photoz_errors--bias_1
        lens_photoz_errors--bias_2
        lens_photoz_errors--bias_3
        lens_photoz_errors--bias_4
        wl_photoz_errors--bias_1
        wl_photoz_errors--bias_2
        wl_photoz_errors--bias_3
        wl_photoz_errors--bias_4
        intrinsic_alignment_parameters--a1
        intrinsic_alignment_parameters--a2
        intrinsic_alignment_parameters--alpha1
        intrinsic_alignment_parameters--alpha2
        intrinsic_alignment_parameters--bias_ta
        bias_lens--b1
        bias_lens--b2
        bias_lens--b3
        bias_lens--b4
   Fast parameters (4):
        shear_calibration_parameters--m1
        shear_calibration_parameters--m2
        shear_calibration_parameters--m3
        shear_calibration_parameters--m4


2pt_gal took: 0.029 seconds
pk_to_cl_gg took: 1.002 seconds
2pt_like took: 0.022 seconds
shear_ratio_like took: 0.001 seconds
Total pipeline time: 57.3 seconds
pk_to_cl_gg took: 0.894 seconds
pk_to_cl_gg took: 0.890 seconds
2pt_shear took: 0.122 seconds
2pt_shear took: 0.092 seconds
2pt_gal took: 0.030 seconds


Parameters first used in each module:
consistency - 5 parameters:
     cosmological_parameters--ombh2
     cosmological_parameters--omch2
     cosmological_parameters--h0
     cosmological_parameters--mnu
     cosmological_parameters--s_8
bbn_consistency - 0 parameters:
s8_to_sigma8 - 0 parameters:
camb - 2 parameters:
     cosmological_parameters--n_s
     halo_model_parameters--logt_agn
as_to_log1e10as - 0 parameters:
fast_pt - 0 parameters:
fits_nz - 0 parameters:
lens_photoz_width - 4 parameters:
     lens_photoz_errors--width_1
     lens_photoz_errors--width_2
     lens_photoz_errors--width_3
     lens_photoz_errors--width_4
lens_photoz_bias - 4 parameters:
     lens_photoz_errors--bias_1
     lens_photoz_errors--bias_2
     lens_photoz_errors--bias_3
     lens_photoz_errors--bias_4
source_photoz_bias - 4 parameters:
     wl_photoz_errors--bias_1
     wl_photoz_errors--bias_2
     wl_photoz_errors--bias_3
     wl_photoz_errors--bias_4
IA - 5 parameters:
     intrinsic_alignment_parameters--a1
     intrinsic_alignment_parameters--a2
     intrinsic_alignment_parameters--alpha1
     intrinsic_alignment_parameters--alpha2
     intrinsic_alignment_parameters--bias_ta
pk_to_cl_gg - 4 parameters:
     bias_lens--b1
     bias_lens--b2
     bias_lens--b3
     bias_lens--b4
pk_to_cl - 0 parameters:
add_magnification - 0 parameters:
add_intrinsic - 0 parameters:
2pt_shear - 0 parameters:
2pt_gal - 0 parameters:
2pt_gal_shear - 0 parameters:
shear_m_bias - 4 parameters:
     shear_calibration_parameters--m1
     shear_calibration_parameters--m2
     shear_calibration_parameters--m3
     shear_calibration_parameters--m4
add_point_mass - 0 parameters:
2pt_like - 0 parameters:
shear_ratio_like - 0 parameters:
Results - 0 parameters:
You manually told me in the parameter file to use module 18 as the first in the fast block
Time for full pipeline:  57.28s
Time for slow pipeline:  57.26s
Time for fast pipeline:  0.03s
Time saving: 99.96%

Based on this we have decided: 
   Slow modules (18):
        consistency
        bbn_consistency
        s8_to_sigma8
        camb
        as_to_log1e10as
        fast_pt
        fits_nz
        lens_photoz_width
        lens_photoz_bias
        source_photoz_bias
        IA
        pk_to_cl_gg
        pk_to_cl
        add_magnification
        add_intrinsic
        2pt_shear
        2pt_gal
        2pt_gal_shear
   Fast modules (4):
        shear_m_bias
        add_point_mass
        2pt_like
        shear_ratio_like
   Slow parameters (28):
        cosmological_parameters--ombh2
        cosmological_parameters--omch2
        cosmological_parameters--h0
        cosmological_parameters--mnu
        cosmological_parameters--s_8
        cosmological_parameters--n_s
        halo_model_parameters--logt_agn
        lens_photoz_errors--width_1
        lens_photoz_errors--width_2
        lens_photoz_errors--width_3
        lens_photoz_errors--width_4
        lens_photoz_errors--bias_1
        lens_photoz_errors--bias_2
        lens_photoz_errors--bias_3
        lens_photoz_errors--bias_4
        wl_photoz_errors--bias_1
        wl_photoz_errors--bias_2
        wl_photoz_errors--bias_3
        wl_photoz_errors--bias_4
        intrinsic_alignment_parameters--a1
        intrinsic_alignment_parameters--a2
        intrinsic_alignment_parameters--alpha1
        intrinsic_alignment_parameters--alpha2
        intrinsic_alignment_parameters--bias_ta
        bias_lens--b1
        bias_lens--b2
        bias_lens--b3
        bias_lens--b4
   Fast parameters (4):
        shear_calibration_parameters--m1
        shear_calibration_parameters--m2
        shear_calibration_parameters--m3
        shear_calibration_parameters--m4


Using two grades of parameter speed in polychord.
Telling Polychord to spend fraction 0.1 if its time in the fast subspace (adjust with fast_fraction option)
Polychord num_repeats = 74  (from parameter file)
camb took: 56.195 seconds
as_to_log1e10as took: 0.000 seconds
pk_to_cl took: 0.498 seconds
2pt_shear took: 0.096 seconds
pk_to_cl_gg took: 0.925 seconds
2pt_like took: 0.022 seconds
shear_ratio_like took: 0.001 seconds
Total pipeline time: 58.1 seconds
pk_to_cl took: 0.499 seconds
add_magnification took: 0.005 seconds
add_intrinsic took: 0.002 seconds
add_magnification took: 0.005 seconds
add_intrinsic took: 0.002 seconds


Parameters first used in each module:
consistency - 5 parameters:
     cosmological_parameters--ombh2
     cosmological_parameters--omch2
     cosmological_parameters--h0
     cosmological_parameters--mnu
     cosmological_parameters--s_8
bbn_consistency - 0 parameters:
s8_to_sigma8 - 0 parameters:
camb - 2 parameters:
     cosmological_parameters--n_s
     halo_model_parameters--logt_agn
as_to_log1e10as - 0 parameters:
fast_pt - 0 parameters:
fits_nz - 0 parameters:
lens_photoz_width - 4 parameters:
     lens_photoz_errors--width_1
     lens_photoz_errors--width_2
     lens_photoz_errors--width_3
     lens_photoz_errors--width_4
lens_photoz_bias - 4 parameters:
     lens_photoz_errors--bias_1
     lens_photoz_errors--bias_2
     lens_photoz_errors--bias_3
     lens_photoz_errors--bias_4
source_photoz_bias - 4 parameters:
     wl_photoz_errors--bias_1
     wl_photoz_errors--bias_2
     wl_photoz_errors--bias_3
     wl_photoz_errors--bias_4
IA - 5 parameters:
     intrinsic_alignment_parameters--a1
     intrinsic_alignment_parameters--a2
     intrinsic_alignment_parameters--alpha1
     intrinsic_alignment_parameters--alpha2
     intrinsic_alignment_parameters--bias_ta
pk_to_cl_gg - 4 parameters:
2pt_gal took: 0.029 seconds
     bias_lens--b1
     bias_lens--b2
     bias_lens--b3
     bias_lens--b4
pk_to_cl - 0 parameters:
add_magnification - 0 parameters:
add_intrinsic - 0 parameters:
2pt_shear - 0 parameters:
2pt_gal - 0 parameters:
2pt_gal_shear - 0 parameters:
shear_m_bias - 4 parameters:
     shear_calibration_parameters--m1
     shear_calibration_parameters--m2
     shear_calibration_parameters--m3
     shear_calibration_parameters--m4
add_point_mass - 0 parameters:
2pt_like - 0 parameters:
shear_ratio_like - 0 parameters:
Results - 0 parameters:
You manually told me in the parameter file to use module 18 as the first in the fast block
Time for full pipeline:  58.13s
Time for slow pipeline:  58.10s
Time for fast pipeline:  0.02s
Time saving: 99.96%

Based on this we have decided: 
   Slow modules (18):
        consistency
        bbn_consistency
        s8_to_sigma8
        camb
        as_to_log1e10as
        fast_pt
        fits_nz
        lens_photoz_width
        lens_photoz_bias
        source_photoz_bias
        IA
        pk_to_cl_gg
        pk_to_cl
        add_magnification
        add_intrinsic
        2pt_shear
        2pt_gal
        2pt_gal_shear
   Fast modules (4):
        shear_m_bias
        add_point_mass
        2pt_like
        shear_ratio_like
   Slow parameters (28):
        cosmological_parameters--ombh2
        cosmological_parameters--omch2
        cosmological_parameters--h0
        cosmological_parameters--mnu
        cosmological_parameters--s_8
        cosmological_parameters--n_s
        halo_model_parameters--logt_agn
        lens_photoz_errors--width_1
        lens_photoz_errors--width_2
        lens_photoz_errors--width_3
        lens_photoz_errors--width_4
        lens_photoz_errors--bias_1
        lens_photoz_errors--bias_2
        lens_photoz_errors--bias_3
        lens_photoz_errors--bias_4
        wl_photoz_errors--bias_1
        wl_photoz_errors--bias_2
        wl_photoz_errors--bias_3
        wl_photoz_errors--bias_4
        intrinsic_alignment_parameters--a1
        intrinsic_alignment_parameters--a2
        intrinsic_alignment_parameters--alpha1
        intrinsic_alignment_parameters--alpha2
        intrinsic_alignment_parameters--bias_ta
        bias_lens--b1
        bias_lens--b2
        bias_lens--b3
        bias_lens--b4
   Fast parameters (4):
        shear_calibration_parameters--m1
        shear_calibration_parameters--m2
        shear_calibration_parameters--m3
        shear_calibration_parameters--m4


Resuming sampling using polychord internal mechanism, so starting a new output chain file.
****************************************************
* Running sampler 1/1: polychord
* Using MPI with 192 processes.
* Saving output -> /lcrc/project/SPT3G/users/ac.yomori/repo/cosmosis-standard-library/output2//desy3_3x2pt_maglim//chain_desy3_3x2pt_maglim.txt
2pt_gal took: 0.027 seconds
****************************************************
2pt_gal_shear took: 0.108 seconds
shear_m_bias took: 0.002 seconds
add_point_mass took: 0.000 seconds
pk_to_cl_gg took: 0.953 seconds
Using two grades of parameter speed in polychord.
Telling Polychord to spend fraction 0.1 if its time in the fast subspace (adjust with fast_fraction option)
pk_to_cl_gg took: 0.929 seconds
Polychord num_repeats = 74  (from parameter file)
2pt_gal_shear took: 0.114 seconds
pk_to_cl_gg took: 0.935 seconds
shear_m_bias took: 0.002 seconds
2pt_gal took: 0.028 seconds
add_point_mass took: 0.000 seconds
camb took: 54.420 seconds
as_to_log1e10as took: 0.000 seconds
pk_to_cl took: 0.490 seconds
pk_to_cl took: 0.502 seconds
pk_to_cl took: 0.478 seconds
Using two grades of parameter speed in polychord.
Telling Polychord to spend fraction 0.1 if its time in the fast subspace (adjust with fast_fraction option)
add_magnification took: 0.005 seconds
add_magnification took: 0.005 seconds
add_magnification took: 0.005 seconds
Polychord num_repeats = 74  (from parameter file)
Using two grades of parameter speed in polychord.
Telling Polychord to spend fraction 0.1 if its time in the fast subspace (adjust with fast_fraction option)
add_intrinsic took: 0.002 seconds
Polychord num_repeats = 74  (from parameter file)
add_intrinsic took: 0.003 seconds
2pt_like took: 0.020 seconds
add_intrinsic took: 0.002 seconds
shear_ratio_like took: 0.001 seconds
Total pipeline time: 56.2 seconds
2pt_like took: 0.019 seconds
shear_ratio_like took: 0.001 seconds
Total pipeline time: 58.1 seconds
2pt_gal_shear took: 0.105 seconds
shear_m_bias took: 0.002 seconds
add_point_mass took: 0.000 seconds


Parameters first used in each module:
consistency - 5 parameters:
     cosmological_parameters--ombh2
     cosmological_parameters--omch2
     cosmological_parameters--h0
     cosmological_parameters--mnu
     cosmological_parameters--s_8
bbn_consistency - 0 parameters:
s8_to_sigma8 - 0 parameters:
camb - 2 parameters:
     cosmological_parameters--n_s
     halo_model_parameters--logt_agn
as_to_log1e10as - 0 parameters:
fast_pt - 0 parameters:
fits_nz - 0 parameters:
lens_photoz_width - 4 parameters:
     lens_photoz_errors--width_1
     lens_photoz_errors--width_2
     lens_photoz_errors--width_3
     lens_photoz_errors--width_4
lens_photoz_bias - 4 parameters:
     lens_photoz_errors--bias_1
     lens_photoz_errors--bias_2
     lens_photoz_errors--bias_3
     lens_photoz_errors--bias_4
source_photoz_bias - 4 parameters:
     wl_photoz_errors--bias_1
     wl_photoz_errors--bias_2
     wl_photoz_errors--bias_3
     wl_photoz_errors--bias_4
IA - 5 parameters:
     intrinsic_alignment_parameters--a1
     intrinsic_alignment_parameters--a2
     intrinsic_alignment_parameters--alpha1
     intrinsic_alignment_parameters--alpha2
     intrinsic_alignment_parameters--bias_ta
pk_to_cl_gg - 4 parameters:
     bias_lens--b1
     bias_lens--b2
     bias_lens--b3
     bias_lens--b4
pk_to_cl - 0 parameters:
add_magnification - 0 parameters:
add_intrinsic - 0 parameters:
2pt_shear - 0 parameters:
2pt_gal - 0 parameters:
2pt_gal_shear - 0 parameters:
shear_m_bias - 4 parameters:
     shear_calibration_parameters--m1
     shear_calibration_parameters--m2
     shear_calibration_parameters--m3
     shear_calibration_parameters--m4
add_point_mass - 0 parameters:
2pt_like - 0 parameters:
shear_ratio_like - 0 parameters:
Results - 0 parameters:
You manually told me in the parameter file to use module 18 as the first in the fast block
Time for full pipeline:  56.22s
Time for slow pipeline:  56.20s
Time for fast pipeline:  0.02s
Time saving: 99.96%

Based on this we have decided: 
   Slow modules (18):
        consistency
        bbn_consistency
        s8_to_sigma8
        camb
        as_to_log1e10as
        fast_pt
        fits_nz
        lens_photoz_width
        lens_photoz_bias
        source_photoz_bias
        IA
        pk_to_cl_gg
        pk_to_cl
        add_magnification
        add_intrinsic
        2pt_shear
        2pt_gal
        2pt_gal_shear
   Fast modules (4):
        shear_m_bias
        add_point_mass
        2pt_like
        shear_ratio_like
   Slow parameters (28):
        cosmological_parameters--ombh2
        cosmological_parameters--omch2
        cosmological_parameters--h0
        cosmological_parameters--mnu
        cosmological_parameters--s_8
        cosmological_parameters--n_s
        halo_model_parameters--logt_agn
        lens_photoz_errors--width_1
        lens_photoz_errors--width_2
        lens_photoz_errors--width_3
        lens_photoz_errors--width_4
        lens_photoz_errors--bias_1
        lens_photoz_errors--bias_2
        lens_photoz_errors--bias_3
        lens_photoz_errors--bias_4
        wl_photoz_errors--bias_1
        wl_photoz_errors--bias_2
        wl_photoz_errors--bias_3
        wl_photoz_errors--bias_4
        intrinsic_alignment_parameters--a1
        intrinsic_alignment_parameters--a2
        intrinsic_alignment_parameters--alpha1
        intrinsic_alignment_parameters--alpha2
        intrinsic_alignment_parameters--bias_ta
        bias_lens--b1
        bias_lens--b2
        bias_lens--b3
        bias_lens--b4
   Fast parameters (4):
        shear_calibration_parameters--m1
        shear_calibration_parameters--m2
        shear_calibration_parameters--m3
        shear_calibration_parameters--m4


pk_to_cl took: 0.504 seconds
pk_to_cl_gg took: 0.942 seconds
2pt_shear took: 0.095 seconds
Using two grades of parameter speed in polychord.
Telling Polychord to spend fraction 0.1 if its time in the fast subspace (adjust with fast_fraction option)
Polychord num_repeats = 74  (from parameter file)
add_magnification took: 0.005 seconds


Parameters first used in each module:
consistency - 5 parameters:
     cosmological_parameters--ombh2
     cosmological_parameters--omch2
     cosmological_parameters--h0
     cosmological_parameters--mnu
     cosmological_parameters--s_8
bbn_consistency - 0 parameters:
s8_to_sigma8 - 0 parameters:
camb - 2 parameters:
     cosmological_parameters--n_s
     halo_model_parameters--logt_agn
as_to_log1e10as - 0 parameters:
fast_pt - 0 parameters:
fits_nz - 0 parameters:
lens_photoz_width - 4 parameters:
     lens_photoz_errors--width_1
     lens_photoz_errors--width_2
     lens_photoz_errors--width_3
     lens_photoz_errors--width_4
lens_photoz_bias - 4 parameters:
     lens_photoz_errors--bias_1
     lens_photoz_errors--bias_2
     lens_photoz_errors--bias_3
     lens_photoz_errors--bias_4
source_photoz_bias - 4 parameters:
     wl_photoz_errors--bias_1
     wl_photoz_errors--bias_2
     wl_photoz_errors--bias_3
     wl_photoz_errors--bias_4
IA - 5 parameters:
     intrinsic_alignment_parameters--a1
     intrinsic_alignment_parameters--a2
     intrinsic_alignment_parameters--alpha1
     intrinsic_alignment_parameters--alpha2
     intrinsic_alignment_parameters--bias_ta
pk_to_cl_gg - 4 parameters:
     bias_lens--b1
     bias_lens--b2
     bias_lens--b3
     bias_lens--b4
pk_to_cl - 0 parameters:
add_magnification - 0 parameters:
add_intrinsic - 0 parameters:
2pt_shear - 0 parameters:
2pt_gal - 0 parameters:
2pt_gal_shear - 0 parameters:
shear_m_bias - 4 parameters:
     shear_calibration_parameters--m1
     shear_calibration_parameters--m2
     shear_calibration_parameters--m3
     shear_calibration_parameters--m4
add_point_mass - 0 parameters:
2pt_like - 0 parameters:
shear_ratio_like - 0 parameters:
Results - 0 parameters:
You manually told me in the parameter file to use module 18 as the first in the fast block
Time for full pipeline:  58.15s
Time for slow pipeline:  58.13s
Time for fast pipeline:  0.02s
Time saving: 99.96%

Based on this we have decided: 
   Slow modules (18):
        consistency
        bbn_consistency
        s8_to_sigma8
        camb
        as_to_log1e10as
        fast_pt
        fits_nz
        lens_photoz_width
        lens_photoz_bias
        source_photoz_bias
        IA
        pk_to_cl_gg
        pk_to_cl
        add_magnification
        add_intrinsic
        2pt_shear
        2pt_gal
        2pt_gal_shear
   Fast modules (4):
        shear_m_bias
        add_point_mass
        2pt_like
        shear_ratio_like
   Slow parameters (28):
        cosmological_parameters--ombh2
        cosmological_parameters--omch2
        cosmological_parameters--h0
        cosmological_parameters--mnu
        cosmological_parameters--s_8
        cosmological_parameters--n_s
        halo_model_parameters--logt_agn
        lens_photoz_errors--width_1
        lens_photoz_errors--width_2
        lens_photoz_errors--width_3
        lens_photoz_errors--width_4
        lens_photoz_errors--bias_1
        lens_photoz_errors--bias_2
        lens_photoz_errors--bias_3
        lens_photoz_errors--bias_4
        wl_photoz_errors--bias_1
        wl_photoz_errors--bias_2
        wl_photoz_errors--bias_3
        wl_photoz_errors--bias_4
        intrinsic_alignment_parameters--a1
        intrinsic_alignment_parameters--a2
        intrinsic_alignment_parameters--alpha1
        intrinsic_alignment_parameters--alpha2
        intrinsic_alignment_parameters--bias_ta
        bias_lens--b1
        bias_lens--b2
        bias_lens--b3
        bias_lens--b4
   Fast parameters (4):
        shear_calibration_parameters--m1
        shear_calibration_parameters--m2
        shear_calibration_parameters--m3
        shear_calibration_parameters--m4


add_intrinsic took: 0.003 seconds
pk_to_cl took: 0.499 seconds
2pt_like took: 0.018 seconds
shear_ratio_like took: 0.001 seconds
Total pipeline time: 55.9 seconds
2pt_gal_shear took: 0.114 seconds
2pt_shear took: 0.094 seconds
shear_m_bias took: 0.002 seconds
add_point_mass took: 0.000 seconds
Using two grades of parameter speed in polychord.
Telling Polychord to spend fraction 0.1 if its time in the fast subspace (adjust with fast_fraction option)
Polychord num_repeats = 74  (from parameter file)
add_magnification took: 0.005 seconds
add_intrinsic took: 0.003 seconds


Parameters first used in each module:
consistency - 5 parameters:
     cosmological_parameters--ombh2
     cosmological_parameters--omch2
     cosmological_parameters--h0
     cosmological_parameters--mnu
     cosmological_parameters--s_8
bbn_consistency - 0 parameters:
s8_to_sigma8 - 0 parameters:
camb - 2 parameters:
     cosmological_parameters--n_s
     halo_model_parameters--logt_agn
as_to_log1e10as - 0 parameters:
fast_pt - 0 parameters:
fits_nz - 0 parameters:
lens_photoz_width - 4 parameters:
     lens_photoz_errors--width_1
     lens_photoz_errors--width_2
     lens_photoz_errors--width_3
     lens_photoz_errors--width_4
lens_photoz_bias - 4 parameters:
     lens_photoz_errors--bias_1
     lens_photoz_errors--bias_2
     lens_photoz_errors--bias_3
     lens_photoz_errors--bias_4
source_photoz_bias - 4 parameters:
     wl_photoz_errors--bias_1
     wl_photoz_errors--bias_2
     wl_photoz_errors--bias_3
     wl_photoz_errors--bias_4
IA - 5 parameters:
     intrinsic_alignment_parameters--a1
     intrinsic_alignment_parameters--a2
     intrinsic_alignment_parameters--alpha1
     intrinsic_alignment_parameters--alpha2
     intrinsic_alignment_parameters--bias_ta
pk_to_cl_gg - 4 parameters:
     bias_lens--b1
     bias_lens--b2
     bias_lens--b3
     bias_lens--b4
pk_to_cl - 0 parameters:
add_magnification - 0 parameters:
add_intrinsic - 0 parameters:
2pt_shear - 0 parameters:
2pt_gal - 0 parameters:
2pt_gal_shear - 0 parameters:
shear_m_bias - 4 parameters:
     shear_calibration_parameters--m1
     shear_calibration_parameters--m2
     shear_calibration_parameters--m3
     shear_calibration_parameters--m4
add_point_mass - 0 parameters:
2pt_like - 0 parameters:
shear_ratio_like - 0 parameters:
Results - 0 parameters:
You manually told me in the parameter file to use module 18 as the first in the fast block
Time for full pipeline:  55.93s
Time for slow pipeline:  55.91s
Time for fast pipeline:  0.02s
Time saving: 99.96%

Based on this we have decided: 
   Slow modules (18):
        consistency
        bbn_consistency
        s8_to_sigma8
        camb
        as_to_log1e10as
        fast_pt
        fits_nz
        lens_photoz_width
        lens_photoz_bias
        source_photoz_bias
        IA
        pk_to_cl_gg
        pk_to_cl
        add_magnification
        add_intrinsic
        2pt_shear
        2pt_gal
        2pt_gal_shear
   Fast modules (4):
        shear_m_bias
        add_point_mass
        2pt_like
        shear_ratio_like
   Slow parameters (28):
        cosmological_parameters--ombh2
        cosmological_parameters--omch2
        cosmological_parameters--h0
        cosmological_parameters--mnu
        cosmological_parameters--s_8
        cosmological_parameters--n_s
        halo_model_parameters--logt_agn
        lens_photoz_errors--width_1
        lens_photoz_errors--width_2
        lens_photoz_errors--width_3
        lens_photoz_errors--width_4
        lens_photoz_errors--bias_1
        lens_photoz_errors--bias_2
        lens_photoz_errors--bias_3
        lens_photoz_errors--bias_4
        wl_photoz_errors--bias_1
        wl_photoz_errors--bias_2
        wl_photoz_errors--bias_3
        wl_photoz_errors--bias_4
        intrinsic_alignment_parameters--a1
        intrinsic_alignment_parameters--a2
        intrinsic_alignment_parameters--alpha1
        intrinsic_alignment_parameters--alpha2
        intrinsic_alignment_parameters--bias_ta
        bias_lens--b1
        bias_lens--b2
        bias_lens--b3
        bias_lens--b4
   Fast parameters (4):
        shear_calibration_parameters--m1
        shear_calibration_parameters--m2
        shear_calibration_parameters--m3
        shear_calibration_parameters--m4


2pt_gal took: 0.028 seconds
pk_to_cl_gg took: 0.933 seconds
2pt_like took: 0.020 seconds
pk_to_cl took: 0.651 seconds
shear_ratio_like took: 0.001 seconds
Total pipeline time: 55.9 seconds
Using two grades of parameter speed in polychord.
Telling Polychord to spend fraction 0.1 if its time in the fast subspace (adjust with fast_fraction option)
2pt_gal_shear took: 0.111 seconds
Polychord num_repeats = 74  (from parameter file)
shear_m_bias took: 0.002 seconds
add_point_mass took: 0.000 seconds
2pt_gal took: 0.028 seconds
add_magnification took: 0.006 seconds
add_intrinsic took: 0.003 seconds


Parameters first used in each module:
consistency - 5 parameters:
     cosmological_parameters--ombh2
     cosmological_parameters--omch2
     cosmological_parameters--h0
     cosmological_parameters--mnu
     cosmological_parameters--s_8
bbn_consistency - 0 parameters:
s8_to_sigma8 - 0 parameters:
camb - 2 parameters:
     cosmological_parameters--n_s
     halo_model_parameters--logt_agn
as_to_log1e10as - 0 parameters:
fast_pt - 0 parameters:
fits_nz - 0 parameters:
lens_photoz_width - 4 parameters:
     lens_photoz_errors--width_1
     lens_photoz_errors--width_2
     lens_photoz_errors--width_3
     lens_photoz_errors--width_4
lens_photoz_bias - 4 parameters:
     lens_photoz_errors--bias_1
     lens_photoz_errors--bias_2
     lens_photoz_errors--bias_3
     lens_photoz_errors--bias_4
source_photoz_bias - 4 parameters:
     wl_photoz_errors--bias_1
     wl_photoz_errors--bias_2
     wl_photoz_errors--bias_3
     wl_photoz_errors--bias_4
IA - 5 parameters:
     intrinsic_alignment_parameters--a1
     intrinsic_alignment_parameters--a2
     intrinsic_alignment_parameters--alpha1
     intrinsic_alignment_parameters--alpha2
     intrinsic_alignment_parameters--bias_ta
pk_to_cl_gg - 4 parameters:
     bias_lens--b1
     bias_lens--b2
     bias_lens--b3
     bias_lens--b4
pk_to_cl - 0 parameters:
add_magnification - 0 parameters:
add_intrinsic - 0 parameters:
2pt_shear - 0 parameters:
2pt_gal - 0 parameters:
2pt_gal_shear - 0 parameters:
shear_m_bias - 4 parameters:
     shear_calibration_parameters--m1
     shear_calibration_parameters--m2
     shear_calibration_parameters--m3
     shear_calibration_parameters--m4
add_point_mass - 0 parameters:
2pt_like - 0 parameters:
shear_ratio_like - 0 parameters:
Results - 0 parameters:
You manually told me in the parameter file to use module 18 as the first in the fast block
Time for full pipeline:  55.94s
Time for slow pipeline:  55.91s
Time for fast pipeline:  0.02s
Time saving: 99.96%

Based on this we have decided: 
   Slow modules (18):
        consistency
        bbn_consistency
        s8_to_sigma8
        camb
        as_to_log1e10as
        fast_pt
        fits_nz
        lens_photoz_width
        lens_photoz_bias
        source_photoz_bias
        IA
        pk_to_cl_gg
        pk_to_cl
        add_magnification
        add_intrinsic
        2pt_shear
        2pt_gal
        2pt_gal_shear
   Fast modules (4):
        shear_m_bias
        add_point_mass
        2pt_like
        shear_ratio_like
   Slow parameters (28):
        cosmological_parameters--ombh2
        cosmological_parameters--omch2
        cosmological_parameters--h0
        cosmological_parameters--mnu
        cosmological_parameters--s_8
        cosmological_parameters--n_s
        halo_model_parameters--logt_agn
        lens_photoz_errors--width_1
        lens_photoz_errors--width_2
        lens_photoz_errors--width_3
        lens_photoz_errors--width_4
        lens_photoz_errors--bias_1
        lens_photoz_errors--bias_2
        lens_photoz_errors--bias_3
        lens_photoz_errors--bias_4
        wl_photoz_errors--bias_1
        wl_photoz_errors--bias_2
        wl_photoz_errors--bias_3
        wl_photoz_errors--bias_4
        intrinsic_alignment_parameters--a1
        intrinsic_alignment_parameters--a2
        intrinsic_alignment_parameters--alpha1
        intrinsic_alignment_parameters--alpha2
        intrinsic_alignment_parameters--bias_ta
        bias_lens--b1
        bias_lens--b2
        bias_lens--b3
        bias_lens--b4
   Fast parameters (4):
        shear_calibration_parameters--m1
        shear_calibration_parameters--m2
        shear_calibration_parameters--m3
        shear_calibration_parameters--m4


Using two grades of parameter speed in polychord.
Telling Polychord to spend fraction 0.1 if its time in the fast subspace (adjust with fast_fraction option)
Polychord num_repeats = 74  (from parameter file)
2pt_gal_shear took: 0.117 seconds
pk_to_cl took: 0.524 seconds
Using two grades of parameter speed in polychord.
Telling Polychord to spend fraction 0.1 if its time in the fast subspace (adjust with fast_fraction option)
Polychord num_repeats = 74  (from parameter file)
shear_m_bias took: 0.002 seconds
add_point_mass took: 0.000 seconds
add_magnification took: 0.005 seconds
add_intrinsic took: 0.002 seconds
2pt_shear took: 0.099 seconds
2pt_shear took: 0.100 seconds
pk_to_cl_gg took: 0.976 seconds
Using two grades of parameter speed in polychord.
Telling Polychord to spend fraction 0.1 if its time in the fast subspace (adjust with fast_fraction option)
2pt_like took: 0.021 seconds
Polychord num_repeats = 74  (from parameter file)
shear_ratio_like took: 0.001 seconds
Total pipeline time: 56.4 seconds
fast_pt took: 0.090 seconds
fits_nz took: 0.000 seconds
lens_photoz_width took: 0.001 seconds
lens_photoz_bias took: 0.001 seconds
source_photoz_bias took: 0.001 seconds
2pt_gal_shear took: 0.108 seconds
shear_m_bias took: 0.002 seconds
add_point_mass took: 0.000 seconds


Parameters first used in each module:
consistency - 5 parameters:
     cosmological_parameters--ombh2
     cosmological_parameters--omch2
     cosmological_parameters--h0
     cosmological_parameters--mnu
     cosmological_parameters--s_8
bbn_consistency - 0 parameters:
s8_to_sigma8 - 0 parameters:
camb - 2 parameters:
     cosmological_parameters--n_s
     halo_model_parameters--logt_agn
as_to_log1e10as - 0 parameters:
fast_pt - 0 parameters:
fits_nz - 0 parameters:
lens_photoz_width - 4 parameters:
     lens_photoz_errors--width_1
     lens_photoz_errors--width_2
     lens_photoz_errors--width_3
     lens_photoz_errors--width_4
lens_photoz_bias - 4 parameters:
     lens_photoz_errors--bias_1
     lens_photoz_errors--bias_2
     lens_photoz_errors--bias_3
     lens_photoz_errors--bias_4
source_photoz_bias - 4 parameters:
     wl_photoz_errors--bias_1
     wl_photoz_errors--bias_2
     wl_photoz_errors--bias_3
     wl_photoz_errors--bias_4
IA - 5 parameters:
     intrinsic_alignment_parameters--a1
     intrinsic_alignment_parameters--a2
     intrinsic_alignment_parameters--alpha1
     intrinsic_alignment_parameters--alpha2
     intrinsic_alignment_parameters--bias_ta
pk_to_cl_gg - 4 parameters:
     bias_lens--b1
     bias_lens--b2
     bias_lens--b3
     bias_lens--b4
pk_to_cl - 0 parameters:
add_magnification - 0 parameters:
add_intrinsic - 0 parameters:
2pt_shear - 0 parameters:
2pt_gal - 0 parameters:
2pt_gal_shear - 0 parameters:
shear_m_bias - 4 parameters:
     shear_calibration_parameters--m1
     shear_calibration_parameters--m2
     shear_calibration_parameters--m3
     shear_calibration_parameters--m4
add_point_mass - 0 parameters:
2pt_like - 0 parameters:
shear_ratio_like - 0 parameters:
Results - 0 parameters:
fast_pt took: 0.130 seconds
You manually told me in the parameter file to use module 18 as the first in the fast block
Time for full pipeline:  56.44s
Time for slow pipeline:  56.42s
Time for fast pipeline:  0.02s
Time saving: 99.96%

Based on this we have decided: 
   Slow modules (18):
        consistency
        bbn_consistency
        s8_to_sigma8
        camb
        as_to_log1e10as
        fast_pt
        fits_nz
        lens_photoz_width
        lens_photoz_bias
fits_nz took: 0.000 seconds
pk_to_cl_gg took: 0.960 seconds
        source_photoz_bias
        IA
        pk_to_cl_gg
        pk_to_cl
        add_magnification
        add_intrinsic
        2pt_shear
        2pt_gal
        2pt_gal_shear
   Fast modules (4):
        shear_m_bias
        add_point_mass
        2pt_like
        shear_ratio_like
   Slow parameters (28):
        cosmological_parameters--ombh2
        cosmological_parameters--omch2
        cosmological_parameters--h0
        cosmological_parameters--mnu
        cosmological_parameters--s_8
        cosmological_parameters--n_s
        halo_model_parameters--logt_agn
        lens_photoz_errors--width_1
        lens_photoz_errors--width_2
        lens_photoz_errors--width_3
        lens_photoz_errors--width_4
        lens_photoz_errors--bias_1
        lens_photoz_errors--bias_2
        lens_photoz_errors--bias_3
2pt_gal_shear took: 0.114 seconds
        lens_photoz_errors--bias_4
        wl_photoz_errors--bias_1
        wl_photoz_errors--bias_2
        wl_photoz_errors--bias_3
        wl_photoz_errors--bias_4
        intrinsic_alignment_parameters--a1
        intrinsic_alignment_parameters--a2
        intrinsic_alignment_parameters--alpha1
        intrinsic_alignment_parameters--alpha2
        intrinsic_alignment_parameters--bias_ta
        bias_lens--b1
        bias_lens--b2
        bias_lens--b3
        bias_lens--b4
   Fast parameters (4):
        shear_calibration_parameters--m1
        shear_calibration_parameters--m2
        shear_calibration_parameters--m3
        shear_calibration_parameters--m4


lens_photoz_width took: 0.001 seconds
shear_m_bias took: 0.002 seconds
add_point_mass took: 0.000 seconds
lens_photoz_bias took: 0.001 seconds
2pt_like took: 0.021 seconds
camb took: 55.408 seconds
source_photoz_bias took: 0.001 seconds
as_to_log1e10as took: 0.000 seconds
shear_ratio_like took: 0.001 seconds
Total pipeline time: 57.9 seconds
pk_to_cl_gg took: 0.946 seconds
2pt_gal took: 0.028 seconds
2pt_shear took: 0.094 seconds
2pt_shear took: 0.097 seconds
2pt_gal_shear took: 0.109 seconds
2pt_shear took: 0.099 seconds
IA took: 0.015 seconds
pk_to_cl took: 0.479 seconds
shear_m_bias took: 0.002 seconds
add_point_mass took: 0.000 seconds


Parameters first used in each module:
consistency - 5 parameters:
     cosmological_parameters--ombh2
     cosmological_parameters--omch2
     cosmological_parameters--h0
     cosmological_parameters--mnu
     cosmological_parameters--s_8
bbn_consistency - 0 parameters:
s8_to_sigma8 - 0 parameters:
camb - 2 parameters:
     cosmological_parameters--n_s
     halo_model_parameters--logt_agn
as_to_log1e10as - 0 parameters:
fast_pt - 0 parameters:
fits_nz - 0 parameters:
lens_photoz_width - 4 parameters:
     lens_photoz_errors--width_1
     lens_photoz_errors--width_2
     lens_photoz_errors--width_3
     lens_photoz_errors--width_4
lens_photoz_bias - 4 parameters:
     lens_photoz_errors--bias_1
     lens_photoz_errors--bias_2
     lens_photoz_errors--bias_3
     lens_photoz_errors--bias_4
source_photoz_bias - 4 parameters:
     wl_photoz_errors--bias_1
     wl_photoz_errors--bias_2
     wl_photoz_errors--bias_3
     wl_photoz_errors--bias_4
IA - 5 parameters:
     intrinsic_alignment_parameters--a1
     intrinsic_alignment_parameters--a2
     intrinsic_alignment_parameters--alpha1
     intrinsic_alignment_parameters--alpha2
     intrinsic_alignment_parameters--bias_ta
pk_to_cl_gg - 4 parameters:
     bias_lens--b1
     bias_lens--b2
     bias_lens--b3
     bias_lens--b4
pk_to_cl - 0 parameters:
add_magnification - 0 parameters:
add_intrinsic - 0 parameters:
2pt_shear - 0 parameters:
2pt_gal - 0 parameters:
2pt_gal_shear - 0 parameters:
shear_m_bias - 4 parameters:
     shear_calibration_parameters--m1
     shear_calibration_parameters--m2
     shear_calibration_parameters--m3
     shear_calibration_parameters--m4
add_point_mass - 0 parameters:
2pt_like - 0 parameters:
shear_ratio_like - 0 parameters:
Results - 0 parameters:
You manually told me in the parameter file to use module 18 as the first in the fast block
Time for full pipeline:  57.91s
Time for slow pipeline:  57.88s
Time for fast pipeline:  0.02s
Time saving: 99.96%

Based on this we have decided: 
   Slow modules (18):
        consistency
        bbn_consistency
        s8_to_sigma8
        camb
        as_to_log1e10as
        fast_pt
        fits_nz
        lens_photoz_width
        lens_photoz_bias
        source_photoz_bias
        IA
        pk_to_cl_gg
        pk_to_cl
        add_magnification
        add_intrinsic
        2pt_shear
        2pt_gal
        2pt_gal_shear
   Fast modules (4):
        shear_m_bias
        add_point_mass
        2pt_like
        shear_ratio_like
   Slow parameters (28):
        cosmological_parameters--ombh2
        cosmological_parameters--omch2
        cosmological_parameters--h0
        cosmological_parameters--mnu
        cosmological_parameters--s_8
        cosmological_parameters--n_s
        halo_model_parameters--logt_agn
        lens_photoz_errors--width_1
        lens_photoz_errors--width_2
        lens_photoz_errors--width_3
        lens_photoz_errors--width_4
        lens_photoz_errors--bias_1
        lens_photoz_errors--bias_2
        lens_photoz_errors--bias_3
        lens_photoz_errors--bias_4
        wl_photoz_errors--bias_1
        wl_photoz_errors--bias_2
        wl_photoz_errors--bias_3
        wl_photoz_errors--bias_4
        intrinsic_alignment_parameters--a1
        intrinsic_alignment_parameters--a2
        intrinsic_alignment_parameters--alpha1
        intrinsic_alignment_parameters--alpha2
        intrinsic_alignment_parameters--bias_ta
        bias_lens--b1
        bias_lens--b2
        bias_lens--b3
        bias_lens--b4
   Fast parameters (4):
        shear_calibration_parameters--m1
        shear_calibration_parameters--m2
        shear_calibration_parameters--m3
        shear_calibration_parameters--m4


pk_to_cl took: 0.493 seconds
add_magnification took: 0.005 seconds
2pt_like took: 0.018 seconds
shear_ratio_like took: 0.001 seconds
Total pipeline time: 56.0 seconds
add_intrinsic took: 0.002 seconds
add_magnification took: 0.005 seconds
add_intrinsic took: 0.002 seconds
Using two grades of parameter speed in polychord.
Telling Polychord to spend fraction 0.1 if its time in the fast subspace (adjust with fast_fraction option)
Polychord num_repeats = 74  (from parameter file)
2pt_like took: 0.022 seconds
2pt_gal took: 0.041 seconds
shear_ratio_like took: 0.001 seconds
Total pipeline time: 56.8 seconds
pk_to_cl took: 0.472 seconds


Parameters first used in each module:
consistency - 5 parameters:
     cosmological_parameters--ombh2
     cosmological_parameters--omch2
     cosmological_parameters--h0
     cosmological_parameters--mnu
     cosmological_parameters--s_8
bbn_consistency - 0 parameters:
s8_to_sigma8 - 0 parameters:
camb - 2 parameters:
     cosmological_parameters--n_s
     halo_model_parameters--logt_agn
as_to_log1e10as - 0 parameters:
fast_pt - 0 parameters:
fits_nz - 0 parameters:
lens_photoz_width - 4 parameters:
     lens_photoz_errors--width_1
     lens_photoz_errors--width_2
     lens_photoz_errors--width_3
     lens_photoz_errors--width_4
lens_photoz_bias - 4 parameters:
     lens_photoz_errors--bias_1
     lens_photoz_errors--bias_2
     lens_photoz_errors--bias_3
     lens_photoz_errors--bias_4
source_photoz_bias - 4 parameters:
     wl_photoz_errors--bias_1
     wl_photoz_errors--bias_2
     wl_photoz_errors--bias_3
     wl_photoz_errors--bias_4
IA - 5 parameters:
     intrinsic_alignment_parameters--a1
     intrinsic_alignment_parameters--a2
     intrinsic_alignment_parameters--alpha1
     intrinsic_alignment_parameters--alpha2
     intrinsic_alignment_parameters--bias_ta
pk_to_cl_gg - 4 parameters:
     bias_lens--b1
     bias_lens--b2
     bias_lens--b3
     bias_lens--b4
pk_to_cl - 0 parameters:
add_magnification - 0 parameters:
add_intrinsic - 0 parameters:
2pt_shear - 0 parameters:
2pt_gal - 0 parameters:
2pt_gal_shear - 0 parameters:
shear_m_bias - 4 parameters:
     shear_calibration_parameters--m1
     shear_calibration_parameters--m2
     shear_calibration_parameters--m3
     shear_calibration_parameters--m4
add_point_mass - 0 parameters:
2pt_like - 0 parameters:
shear_ratio_like - 0 parameters:
Results - 0 parameters:
You manually told me in the parameter file to use module 18 as the first in the fast block
Time for full pipeline:  56.05s
Time for slow pipeline:  56.03s
Time for fast pipeline:  0.02s
Time saving: 99.96%

Based on this we have decided: 
   Slow modules (18):
        consistency
        bbn_consistency
        s8_to_sigma8
        camb
        as_to_log1e10as
        fast_pt
        fits_nz
        lens_photoz_width
        lens_photoz_bias
        source_photoz_bias
        IA
        pk_to_cl_gg
        pk_to_cl
        add_magnification
        add_intrinsic
        2pt_shear
        2pt_gal
        2pt_gal_shear
   Fast modules (4):
        shear_m_bias
        add_point_mass
        2pt_like
        shear_ratio_like
   Slow parameters (28):
        cosmological_parameters--ombh2
        cosmological_parameters--omch2
        cosmological_parameters--h0
        cosmological_parameters--mnu
        cosmological_parameters--s_8
        cosmological_parameters--n_s
        halo_model_parameters--logt_agn
        lens_photoz_errors--width_1
        lens_photoz_errors--width_2
        lens_photoz_errors--width_3
        lens_photoz_errors--width_4
        lens_photoz_errors--bias_1
        lens_photoz_errors--bias_2
        lens_photoz_errors--bias_3
        lens_photoz_errors--bias_4
        wl_photoz_errors--bias_1
        wl_photoz_errors--bias_2
        wl_photoz_errors--bias_3
        wl_photoz_errors--bias_4
        intrinsic_alignment_parameters--a1
        intrinsic_alignment_parameters--a2
        intrinsic_alignment_parameters--alpha1
        intrinsic_alignment_parameters--alpha2
        intrinsic_alignment_parameters--bias_ta
        bias_lens--b1
        bias_lens--b2
        bias_lens--b3
        bias_lens--b4
   Fast parameters (4):
        shear_calibration_parameters--m1
        shear_calibration_parameters--m2
        shear_calibration_parameters--m3
        shear_calibration_parameters--m4


camb took: 56.157 seconds
as_to_log1e10as took: 0.000 seconds
camb took: 55.855 seconds
as_to_log1e10as took: 0.000 seconds
add_magnification took: 0.005 seconds
add_intrinsic took: 0.002 seconds
2pt_like took: 0.022 seconds
shear_ratio_like took: 0.001 seconds
Total pipeline time: 57.6 seconds
IA took: 0.032 seconds
2pt_shear took: 0.102 seconds


Parameters first used in each module:
consistency - 5 parameters:
     cosmological_parameters--ombh2
     cosmological_parameters--omch2
     cosmological_parameters--h0
     cosmological_parameters--mnu
     cosmological_parameters--s_8
bbn_consistency - 0 parameters:
s8_to_sigma8 - 0 parameters:
camb - 2 parameters:
     cosmological_parameters--n_s
     halo_model_parameters--logt_agn
as_to_log1e10as - 0 parameters:
fast_pt - 0 parameters:
fits_nz - 0 parameters:
lens_photoz_width - 4 parameters:
     lens_photoz_errors--width_1
     lens_photoz_errors--width_2
     lens_photoz_errors--width_3
     lens_photoz_errors--width_4
lens_photoz_bias - 4 parameters:
     lens_photoz_errors--bias_1
     lens_photoz_errors--bias_2
     lens_photoz_errors--bias_3
     lens_photoz_errors--bias_4
source_photoz_bias - 4 parameters:
     wl_photoz_errors--bias_1
     wl_photoz_errors--bias_2
     wl_photoz_errors--bias_3
     wl_photoz_errors--bias_4
IA - 5 parameters:
     intrinsic_alignment_parameters--a1
     intrinsic_alignment_parameters--a2
     intrinsic_alignment_parameters--alpha1
     intrinsic_alignment_parameters--alpha2
     intrinsic_alignment_parameters--bias_ta
pk_to_cl_gg - 4 parameters:
     bias_lens--b1
     bias_lens--b2
     bias_lens--b3
     bias_lens--b4
pk_to_cl - 0 parameters:
add_magnification - 0 parameters:
add_intrinsic - 0 parameters:
2pt_shear - 0 parameters:
2pt_gal - 0 parameters:
2pt_gal_shear - 0 parameters:
shear_m_bias - 4 parameters:
     shear_calibration_parameters--m1
     shear_calibration_parameters--m2
     shear_calibration_parameters--m3
     shear_calibration_parameters--m4
add_point_mass - 0 parameters:
2pt_like - 0 parameters:
shear_ratio_like - 0 parameters:
Results - 0 parameters:
You manually told me in the parameter file to use module 18 as the first in the fast block
Time for full pipeline:  56.83s
Time for slow pipeline:  56.80s
Time for fast pipeline:  0.02s
Time saving: 99.96%

Based on this we have decided: 
   Slow modules (18):
        consistency
        bbn_consistency
        s8_to_sigma8
        camb
        as_to_log1e10as
        fast_pt
        fits_nz
        lens_photoz_width
        lens_photoz_bias
        source_photoz_bias
        IA
        pk_to_cl_gg
        pk_to_cl
        add_magnification
        add_intrinsic
        2pt_shear
        2pt_gal
        2pt_gal_shear
   Fast modules (4):
        shear_m_bias
        add_point_mass
        2pt_like
        shear_ratio_like
   Slow parameters (28):
        cosmological_parameters--ombh2
        cosmological_parameters--omch2
        cosmological_parameters--h0
        cosmological_parameters--mnu
        cosmological_parameters--s_8
        cosmological_parameters--n_s
        halo_model_parameters--logt_agn
        lens_photoz_errors--width_1
        lens_photoz_errors--width_2
        lens_photoz_errors--width_3
        lens_photoz_errors--width_4
        lens_photoz_errors--bias_1
        lens_photoz_errors--bias_2
        lens_photoz_errors--bias_3
        lens_photoz_errors--bias_4
        wl_photoz_errors--bias_1
        wl_photoz_errors--bias_2
        wl_photoz_errors--bias_3
        wl_photoz_errors--bias_4
        intrinsic_alignment_parameters--a1
        intrinsic_alignment_parameters--a2
        intrinsic_alignment_parameters--alpha1
        intrinsic_alignment_parameters--alpha2
        intrinsic_alignment_parameters--bias_ta
        bias_lens--b1
        bias_lens--b2
        bias_lens--b3
        bias_lens--b4
   Fast parameters (4):
        shear_calibration_parameters--m1
        shear_calibration_parameters--m2
        shear_calibration_parameters--m3
        shear_calibration_parameters--m4


2pt_gal took: 0.028 seconds
2pt_gal took: 0.028 seconds
2pt_gal took: 0.030 seconds
2pt_shear took: 0.097 seconds
Using two grades of parameter speed in polychord.
Telling Polychord to spend fraction 0.1 if its time in the fast subspace (adjust with fast_fraction option)


Parameters first used in each module:
consistency - 5 parameters:
     cosmological_parameters--ombh2
     cosmological_parameters--omch2
     cosmological_parameters--h0
     cosmological_parameters--mnu
     cosmological_parameters--s_8
bbn_consistency - 0 parameters:
s8_to_sigma8 - 0 parameters:
camb - 2 parameters:
     cosmological_parameters--n_s
     halo_model_parameters--logt_agn
as_to_log1e10as - 0 parameters:
fast_pt - 0 parameters:
fits_nz - 0 parameters:
lens_photoz_width - 4 parameters:
     lens_photoz_errors--width_1
     lens_photoz_errors--width_2
     lens_photoz_errors--width_3
     lens_photoz_errors--width_4
lens_photoz_bias - 4 parameters:
     lens_photoz_errors--bias_1
     lens_photoz_errors--bias_2
     lens_photoz_errors--bias_3
     lens_photoz_errors--bias_4
source_photoz_bias - 4 parameters:
     wl_photoz_errors--bias_1
     wl_photoz_errors--bias_2
     wl_photoz_errors--bias_3
     wl_photoz_errors--bias_4
IA - 5 parameters:
     intrinsic_alignment_parameters--a1
     intrinsic_alignment_parameters--a2
     intrinsic_alignment_parameters--alpha1
     intrinsic_alignment_parameters--alpha2
     intrinsic_alignment_parameters--bias_ta
pk_to_cl_gg - 4 parameters:
     bias_lens--b1
     bias_lens--b2
     bias_lens--b3
     bias_lens--b4
pk_to_cl - 0 parameters:
add_magnification - 0 parameters:
add_intrinsic - 0 parameters:
2pt_shear - 0 parameters:
2pt_gal - 0 parameters:
2pt_gal_shear - 0 parameters:
shear_m_bias - 4 parameters:
     shear_calibration_parameters--m1
     shear_calibration_parameters--m2
     shear_calibration_parameters--m3
     shear_calibration_parameters--m4
add_point_mass - 0 parameters:
2pt_like - 0 parameters:
shear_ratio_like - 0 parameters:
Results - 0 parameters:
You manually told me in the parameter file to use module 18 as the first in the fast block
Time for full pipeline:  57.62s
Time for slow pipeline:  57.59s
Time for fast pipeline:  0.02s
Time saving: 99.96%
Polychord num_repeats = 74  (from parameter file)

Based on this we have decided: 
   Slow modules (18):
        consistency
        bbn_consistency
        s8_to_sigma8
        camb
        as_to_log1e10as
        fast_pt
        fits_nz
        lens_photoz_width
        lens_photoz_bias
        source_photoz_bias
        IA
        pk_to_cl_gg
        pk_to_cl
        add_magnification
        add_intrinsic
        2pt_shear
        2pt_gal
        2pt_gal_shear
   Fast modules (4):
        shear_m_bias
        add_point_mass
        2pt_like
        shear_ratio_like
   Slow parameters (28):
        cosmological_parameters--ombh2
        cosmological_parameters--omch2
        cosmological_parameters--h0
        cosmological_parameters--mnu
        cosmological_parameters--s_8
        cosmological_parameters--n_s
        halo_model_parameters--logt_agn
        lens_photoz_errors--width_1
        lens_photoz_errors--width_2
        lens_photoz_errors--width_3
        lens_photoz_errors--width_4
        lens_photoz_errors--bias_1
        lens_photoz_errors--bias_2
        lens_photoz_errors--bias_3
        lens_photoz_errors--bias_4
        wl_photoz_errors--bias_1
        wl_photoz_errors--bias_2
        wl_photoz_errors--bias_3
        wl_photoz_errors--bias_4
        intrinsic_alignment_parameters--a1
        intrinsic_alignment_parameters--a2
        intrinsic_alignment_parameters--alpha1
        intrinsic_alignment_parameters--alpha2
        intrinsic_alignment_parameters--bias_ta
        bias_lens--b1
        bias_lens--b2
        bias_lens--b3
        bias_lens--b4
   Fast parameters (4):
        shear_calibration_parameters--m1
        shear_calibration_parameters--m2
        shear_calibration_parameters--m3
        shear_calibration_parameters--m4


pk_to_cl took: 0.535 seconds
add_magnification took: 0.005 seconds
add_intrinsic took: 0.003 seconds
Using two grades of parameter speed in polychord.
Telling Polychord to spend fraction 0.1 if its time in the fast subspace (adjust with fast_fraction option)
Polychord num_repeats = 74  (from parameter file)
2pt_gal took: 0.031 seconds
2pt_gal_shear took: 0.111 seconds
shear_m_bias took: 0.002 seconds
add_point_mass took: 0.000 seconds
pk_to_cl took: 0.528 seconds
2pt_gal took: 0.028 seconds
add_magnification took: 0.005 seconds
add_intrinsic took: 0.003 seconds
camb took: 54.584 seconds
as_to_log1e10as took: 0.000 seconds
2pt_gal_shear took: 0.108 seconds
shear_m_bias took: 0.002 seconds
add_point_mass took: 0.000 seconds
pk_to_cl took: 0.509 seconds
2pt_shear took: 0.114 seconds
2pt_like took: 0.021 seconds
shear_ratio_like took: 0.001 seconds
Total pipeline time: 56.7 seconds
add_magnification took: 0.005 seconds
add_intrinsic took: 0.003 seconds
pk_to_cl_gg took: 1.123 seconds
fast_pt took: 0.095 seconds
fits_nz took: 0.000 seconds
lens_photoz_width took: 0.001 seconds


Parameters first used in each module:
consistency - 5 parameters:
     cosmological_parameters--ombh2
     cosmological_parameters--omch2
     cosmological_parameters--h0
     cosmological_parameters--mnu
     cosmological_parameters--s_8
bbn_consistency - 0 parameters:
s8_to_sigma8 - 0 parameters:
camb - 2 parameters:
     cosmological_parameters--n_s
     halo_model_parameters--logt_agn
as_to_log1e10as - 0 parameters:
fast_pt - 0 parameters:
fits_nz - 0 parameters:
lens_photoz_width - 4 parameters:
     lens_photoz_errors--width_1
     lens_photoz_errors--width_2
     lens_photoz_errors--width_3
     lens_photoz_errors--width_4
lens_photoz_bias - 4 parameters:
     lens_photoz_errors--bias_1
     lens_photoz_errors--bias_2
     lens_photoz_errors--bias_3
     lens_photoz_errors--bias_4
source_photoz_bias - 4 parameters:
     wl_photoz_errors--bias_1
     wl_photoz_errors--bias_2
     wl_photoz_errors--bias_3
     wl_photoz_errors--bias_4
IA - 5 parameters:
     intrinsic_alignment_parameters--a1
     intrinsic_alignment_parameters--a2
     intrinsic_alignment_parameters--alpha1
     intrinsic_alignment_parameters--alpha2
     intrinsic_alignment_parameters--bias_ta
pk_to_cl_gg - 4 parameters:
     bias_lens--b1
     bias_lens--b2
     bias_lens--b3
     bias_lens--b4
pk_to_cl - 0 parameters:
add_magnification - 0 parameters:
add_intrinsic - 0 parameters:
2pt_shear - 0 parameters:
2pt_gal - 0 parameters:
2pt_gal_shear - 0 parameters:
shear_m_bias - 4 parameters:
     shear_calibration_parameters--m1
     shear_calibration_parameters--m2
     shear_calibration_parameters--m3
     shear_calibration_parameters--m4
add_point_mass - 0 parameters:
2pt_like - 0 parameters:
shear_ratio_like - 0 parameters:
Results - 0 parameters:
You manually told me in the parameter file to use module 18 as the first in the fast block
Time for full pipeline:  56.66s
Time for slow pipeline:  56.63s
Time for fast pipeline:  0.02s
Time saving: 99.96%

Based on this we have decided: 
   Slow modules (18):
        consistency
        bbn_consistency
        s8_to_sigma8
        camb
        as_to_log1e10as
        fast_pt
        fits_nz
        lens_photoz_width
        lens_photoz_bias
        source_photoz_bias
        IA
        pk_to_cl_gg
        pk_to_cl
        add_magnification
        add_intrinsic
        2pt_shear
        2pt_gal
        2pt_gal_shear
   Fast modules (4):
        shear_m_bias
        add_point_mass
        2pt_like
        shear_ratio_like
   Slow parameters (28):
        cosmological_parameters--ombh2
        cosmological_parameters--omch2
        cosmological_parameters--h0
        cosmological_parameters--mnu
        cosmological_parameters--s_8
        cosmological_parameters--n_s
        halo_model_parameters--logt_agn
        lens_photoz_errors--width_1
        lens_photoz_errors--width_2
        lens_photoz_errors--width_3
        lens_photoz_errors--width_4
        lens_photoz_errors--bias_1
        lens_photoz_errors--bias_2
        lens_photoz_errors--bias_3
        lens_photoz_errors--bias_4
        wl_photoz_errors--bias_1
        wl_photoz_errors--bias_2
        wl_photoz_errors--bias_3
        wl_photoz_errors--bias_4
        intrinsic_alignment_parameters--a1
        intrinsic_alignment_parameters--a2
        intrinsic_alignment_parameters--alpha1
        intrinsic_alignment_parameters--alpha2
        intrinsic_alignment_parameters--bias_ta
        bias_lens--b1
        bias_lens--b2
        bias_lens--b3
        bias_lens--b4
   Fast parameters (4):
        shear_calibration_parameters--m1
        shear_calibration_parameters--m2
        shear_calibration_parameters--m3
        shear_calibration_parameters--m4


lens_photoz_bias took: 0.001 seconds
source_photoz_bias took: 0.001 seconds
Using two grades of parameter speed in polychord.
Telling Polychord to spend fraction 0.1 if its time in the fast subspace (adjust with fast_fraction option)
Polychord num_repeats = 74  (from parameter file)
2pt_like took: 0.021 seconds
shear_ratio_like took: 0.001 seconds
Total pipeline time: 55.9 seconds
2pt_shear took: 0.122 seconds


Parameters first used in each module:
consistency - 5 parameters:
     cosmological_parameters--ombh2
     cosmological_parameters--omch2
     cosmological_parameters--h0
     cosmological_parameters--mnu
     cosmological_parameters--s_8
bbn_consistency - 0 parameters:
s8_to_sigma8 - 0 parameters:
camb - 2 parameters:
     cosmological_parameters--n_s
     halo_model_parameters--logt_agn
as_to_log1e10as - 0 parameters:
fast_pt - 0 parameters:
fits_nz - 0 parameters:
lens_photoz_width - 4 parameters:
     lens_photoz_errors--width_1
     lens_photoz_errors--width_2
     lens_photoz_errors--width_3
     lens_photoz_errors--width_4
lens_photoz_bias - 4 parameters:
     lens_photoz_errors--bias_1
     lens_photoz_errors--bias_2
     lens_photoz_errors--bias_3
     lens_photoz_errors--bias_4
source_photoz_bias - 4 parameters:
     wl_photoz_errors--bias_1
     wl_photoz_errors--bias_2
     wl_photoz_errors--bias_3
     wl_photoz_errors--bias_4
IA - 5 parameters:
     intrinsic_alignment_parameters--a1
     intrinsic_alignment_parameters--a2
     intrinsic_alignment_parameters--alpha1
     intrinsic_alignment_parameters--alpha2
     intrinsic_alignment_parameters--bias_ta
pk_to_cl_gg - 4 parameters:
     bias_lens--b1
     bias_lens--b2
     bias_lens--b3
     bias_lens--b4
pk_to_cl - 0 parameters:
add_magnification - 0 parameters:
add_intrinsic - 0 parameters:
2pt_shear - 0 parameters:
2pt_gal - 0 parameters:
2pt_gal_shear - 0 parameters:
shear_m_bias - 4 parameters:
     shear_calibration_parameters--m1
     shear_calibration_parameters--m2
     shear_calibration_parameters--m3
     shear_calibration_parameters--m4
add_point_mass - 0 parameters:
2pt_like - 0 parameters:
shear_ratio_like - 0 parameters:
Results - 0 parameters:
You manually told me in the parameter file to use module 18 as the first in the fast block
Time for full pipeline:  55.94s
Time for slow pipeline:  55.92s
Time for fast pipeline:  0.02s
Time saving: 99.96%

Based on this we have decided: 
   Slow modules (18):
        consistency
        bbn_consistency
        s8_to_sigma8
        camb
        as_to_log1e10as
        fast_pt
        fits_nz
        lens_photoz_width
        lens_photoz_bias
        source_photoz_bias
        IA
        pk_to_cl_gg
        pk_to_cl
        add_magnification
        add_intrinsic
        2pt_shear
        2pt_gal
        2pt_gal_shear
   Fast modules (4):
        shear_m_bias
        add_point_mass
        2pt_like
        shear_ratio_like
   Slow parameters (28):
        cosmological_parameters--ombh2
        cosmological_parameters--omch2
        cosmological_parameters--h0
        cosmological_parameters--mnu
        cosmological_parameters--s_8
        cosmological_parameters--n_s
        halo_model_parameters--logt_agn
        lens_photoz_errors--width_1
        lens_photoz_errors--width_2
        lens_photoz_errors--width_3
        lens_photoz_errors--width_4
        lens_photoz_errors--bias_1
        lens_photoz_errors--bias_2
        lens_photoz_errors--bias_3
        lens_photoz_errors--bias_4
        wl_photoz_errors--bias_1
        wl_photoz_errors--bias_2
        wl_photoz_errors--bias_3
        wl_photoz_errors--bias_4
        intrinsic_alignment_parameters--a1
        intrinsic_alignment_parameters--a2
        intrinsic_alignment_parameters--alpha1
        intrinsic_alignment_parameters--alpha2
        intrinsic_alignment_parameters--bias_ta
        bias_lens--b1
        bias_lens--b2
        bias_lens--b3
        bias_lens--b4
   Fast parameters (4):
        shear_calibration_parameters--m1
        shear_calibration_parameters--m2
        shear_calibration_parameters--m3
        shear_calibration_parameters--m4


2pt_shear took: 0.094 seconds
2pt_gal_shear took: 0.108 seconds
2pt_gal took: 0.028 seconds
shear_m_bias took: 0.002 seconds
add_point_mass took: 0.000 seconds
2pt_shear took: 0.097 seconds
2pt_shear took: 0.092 seconds
IA took: 0.025 seconds
2pt_like took: 0.021 seconds
shear_ratio_like took: 0.001 seconds
Total pipeline time: 56.7 seconds
2pt_gal took: 0.032 seconds
2pt_gal took: 0.028 seconds
pk_to_cl_gg took: 0.928 seconds
2pt_gal_shear took: 0.109 seconds
Using two grades of parameter speed in polychord.
Telling Polychord to spend fraction 0.1 if its time in the fast subspace (adjust with fast_fraction option)
Polychord num_repeats = 74  (from parameter file)
shear_m_bias took: 0.002 seconds
add_point_mass took: 0.000 seconds
2pt_gal took: 0.028 seconds


Parameters first used in each module:
consistency - 5 parameters:
     cosmological_parameters--ombh2
     cosmological_parameters--omch2
     cosmological_parameters--h0
     cosmological_parameters--mnu
     cosmological_parameters--s_8
bbn_consistency - 0 parameters:
s8_to_sigma8 - 0 parameters:
camb - 2 parameters:
     cosmological_parameters--n_s
     halo_model_parameters--logt_agn
as_to_log1e10as - 0 parameters:
fast_pt - 0 parameters:
fits_nz - 0 parameters:
lens_photoz_width - 4 parameters:
     lens_photoz_errors--width_1
     lens_photoz_errors--width_2
     lens_photoz_errors--width_3
     lens_photoz_errors--width_4
lens_photoz_bias - 4 parameters:
     lens_photoz_errors--bias_1
     lens_photoz_errors--bias_2
     lens_photoz_errors--bias_3
     lens_photoz_errors--bias_4
source_photoz_bias - 4 parameters:
     wl_photoz_errors--bias_1
     wl_photoz_errors--bias_2
     wl_photoz_errors--bias_3
     wl_photoz_errors--bias_4
IA - 5 parameters:
     intrinsic_alignment_parameters--a1
     intrinsic_alignment_parameters--a2
     intrinsic_alignment_parameters--alpha1
     intrinsic_alignment_parameters--alpha2
     intrinsic_alignment_parameters--bias_ta
pk_to_cl_gg - 4 parameters:
     bias_lens--b1
     bias_lens--b2
     bias_lens--b3
     bias_lens--b4
pk_to_cl - 0 parameters:
add_magnification - 0 parameters:
add_intrinsic - 0 parameters:
2pt_shear - 0 parameters:
2pt_gal - 0 parameters:
2pt_gal_shear - 0 parameters:
shear_m_bias - 4 parameters:
     shear_calibration_parameters--m1
     shear_calibration_parameters--m2
     shear_calibration_parameters--m3
     shear_calibration_parameters--m4
add_point_mass - 0 parameters:
2pt_like - 0 parameters:
shear_ratio_like - 0 parameters:
Results - 0 parameters:
You manually told me in the parameter file to use module 18 as the first in the fast block
Time for full pipeline:  56.70s
Time for slow pipeline:  56.67s
Time for fast pipeline:  0.02s
Time saving: 99.96%

Based on this we have decided: 
   Slow modules (18):
        consistency
        bbn_consistency
        s8_to_sigma8
        camb
        as_to_log1e10as
        fast_pt
        fits_nz
        lens_photoz_width
        lens_photoz_bias
        source_photoz_bias
        IA
        pk_to_cl_gg
        pk_to_cl
        add_magnification
        add_intrinsic
        2pt_shear
        2pt_gal
        2pt_gal_shear
   Fast modules (4):
        shear_m_bias
        add_point_mass
        2pt_like
        shear_ratio_like
   Slow parameters (28):
        cosmological_parameters--ombh2
        cosmological_parameters--omch2
        cosmological_parameters--h0
        cosmological_parameters--mnu
        cosmological_parameters--s_8
        cosmological_parameters--n_s
        halo_model_parameters--logt_agn
        lens_photoz_errors--width_1
        lens_photoz_errors--width_2
        lens_photoz_errors--width_3
        lens_photoz_errors--width_4
        lens_photoz_errors--bias_1
        lens_photoz_errors--bias_2
        lens_photoz_errors--bias_3
        lens_photoz_errors--bias_4
        wl_photoz_errors--bias_1
        wl_photoz_errors--bias_2
        wl_photoz_errors--bias_3
        wl_photoz_errors--bias_4
        intrinsic_alignment_parameters--a1
        intrinsic_alignment_parameters--a2
        intrinsic_alignment_parameters--alpha1
        intrinsic_alignment_parameters--alpha2
        intrinsic_alignment_parameters--bias_ta
        bias_lens--b1
        bias_lens--b2
        bias_lens--b3
        bias_lens--b4
   Fast parameters (4):
        shear_calibration_parameters--m1
        shear_calibration_parameters--m2
        shear_calibration_parameters--m3
        shear_calibration_parameters--m4


2pt_gal_shear took: 0.111 seconds
shear_m_bias took: 0.002 seconds
add_point_mass took: 0.000 seconds
2pt_gal took: 0.027 seconds
Using two grades of parameter speed in polychord.
Telling Polychord to spend fraction 0.1 if its time in the fast subspace (adjust with fast_fraction option)
Polychord num_repeats = 74  (from parameter file)
fast_pt took: 0.128 seconds
fits_nz took: 0.000 seconds
2pt_shear took: 0.102 seconds
lens_photoz_width took: 0.001 seconds
lens_photoz_bias took: 0.001 seconds
2pt_gal_shear took: 0.120 seconds
source_photoz_bias took: 0.001 seconds
shear_m_bias took: 0.002 seconds
add_point_mass took: 0.000 seconds
camb took: 55.151 seconds
as_to_log1e10as took: 0.000 seconds
fast_pt took: 0.136 seconds
fits_nz took: 0.000 seconds
pk_to_cl_gg took: 0.926 seconds
2pt_gal_shear took: 0.141 seconds
lens_photoz_width took: 0.001 seconds
2pt_like took: 0.020 seconds
shear_ratio_like took: 0.001 seconds
Total pipeline time: 56.4 seconds
lens_photoz_bias took: 0.001 seconds
shear_m_bias took: 0.002 seconds
add_point_mass took: 0.000 seconds
source_photoz_bias took: 0.001 seconds
pk_to_cl took: 0.478 seconds
camb took: 55.968 seconds
as_to_log1e10as took: 0.000 seconds
2pt_like took: 0.021 seconds
shear_ratio_like took: 0.001 seconds
Total pipeline time: 57.1 seconds
2pt_shear took: 0.097 seconds
add_magnification took: 0.005 seconds


Parameters first used in each module:
consistency - 5 parameters:
     cosmological_parameters--ombh2
     cosmological_parameters--omch2
     cosmological_parameters--h0
     cosmological_parameters--mnu
     cosmological_parameters--s_8
bbn_consistency - 0 parameters:
s8_to_sigma8 - 0 parameters:
camb - 2 parameters:
     cosmological_parameters--n_s
     halo_model_parameters--logt_agn
as_to_log1e10as - 0 parameters:
fast_pt - 0 parameters:
fits_nz - 0 parameters:
lens_photoz_width - 4 parameters:
     lens_photoz_errors--width_1
     lens_photoz_errors--width_2
     lens_photoz_errors--width_3
     lens_photoz_errors--width_4
lens_photoz_bias - 4 parameters:
     lens_photoz_errors--bias_1
     lens_photoz_errors--bias_2
     lens_photoz_errors--bias_3
     lens_photoz_errors--bias_4
source_photoz_bias - 4 parameters:
     wl_photoz_errors--bias_1
     wl_photoz_errors--bias_2
     wl_photoz_errors--bias_3
     wl_photoz_errors--bias_4
IA - 5 parameters:
     intrinsic_alignment_parameters--a1
     intrinsic_alignment_parameters--a2
     intrinsic_alignment_parameters--alpha1
     intrinsic_alignment_parameters--alpha2
     intrinsic_alignment_parameters--bias_ta
pk_to_cl_gg - 4 parameters:
     bias_lens--b1
     bias_lens--b2
     bias_lens--b3
     bias_lens--b4
pk_to_cl - 0 parameters:
add_magnification - 0 parameters:
add_intrinsic - 0 parameters:
2pt_shear - 0 parameters:
2pt_gal - 0 parameters:
2pt_gal_shear - 0 parameters:
shear_m_bias - 4 parameters:
     shear_calibration_parameters--m1
     shear_calibration_parameters--m2
     shear_calibration_parameters--m3
     shear_calibration_parameters--m4
add_point_mass - 0 parameters:
2pt_like - 0 parameters:
shear_ratio_like - 0 parameters:
Results - 0 parameters:
You manually told me in the parameter file to use module 18 as the first in the fast block
Time for full pipeline:  56.40s
Time for slow pipeline:  56.38s
Time for fast pipeline:  0.02s
Time saving: 99.96%

Based on this we have decided: 
   Slow modules (18):
        consistency
        bbn_consistency
        s8_to_sigma8
        camb
        as_to_log1e10as
        fast_pt
        fits_nz
        lens_photoz_width
        lens_photoz_bias
        source_photoz_bias
        IA
        pk_to_cl_gg
        pk_to_cl
        add_magnification
        add_intrinsic
IA took: 0.017 seconds
        2pt_shear
        2pt_gal
        2pt_gal_shear
   Fast modules (4):
        shear_m_bias
        add_point_mass
        2pt_like
        shear_ratio_like
   Slow parameters (28):
        cosmological_parameters--ombh2
        cosmological_parameters--omch2
        cosmological_parameters--h0
        cosmological_parameters--mnu
        cosmological_parameters--s_8
        cosmological_parameters--n_s
        halo_model_parameters--logt_agn
        lens_photoz_errors--width_1
        lens_photoz_errors--width_2
        lens_photoz_errors--width_3
        lens_photoz_errors--width_4
        lens_photoz_errors--bias_1
        lens_photoz_errors--bias_2
        lens_photoz_errors--bias_3
        lens_photoz_errors--bias_4
        wl_photoz_errors--bias_1
        wl_photoz_errors--bias_2
        wl_photoz_errors--bias_3
        wl_photoz_errors--bias_4
        intrinsic_alignment_parameters--a1
        intrinsic_alignment_parameters--a2
        intrinsic_alignment_parameters--alpha1
        intrinsic_alignment_parameters--alpha2
        intrinsic_alignment_parameters--bias_ta
        bias_lens--b1
        bias_lens--b2
        bias_lens--b3
        bias_lens--b4
   Fast parameters (4):
        shear_calibration_parameters--m1
        shear_calibration_parameters--m2
        shear_calibration_parameters--m3
        shear_calibration_parameters--m4


add_intrinsic took: 0.002 seconds
2pt_gal_shear took: 0.110 seconds
shear_m_bias took: 0.002 seconds
add_point_mass took: 0.000 seconds
2pt_like took: 0.023 seconds
Using two grades of parameter speed in polychord.
Telling Polychord to spend fraction 0.1 if its time in the fast subspace (adjust with fast_fraction option)
shear_ratio_like took: 0.001 seconds
Total pipeline time: 57.7 seconds
2pt_gal_shear took: 0.121 seconds
Polychord num_repeats = 74  (from parameter file)
2pt_gal took: 0.030 seconds


Parameters first used in each module:
consistency - 5 parameters:
     cosmological_parameters--ombh2
     cosmological_parameters--omch2
     cosmological_parameters--h0
     cosmological_parameters--mnu
     cosmological_parameters--s_8
bbn_consistency - 0 parameters:
s8_to_sigma8 - 0 parameters:
camb - 2 parameters:
     cosmological_parameters--n_s
     halo_model_parameters--logt_agn
as_to_log1e10as - 0 parameters:
fast_pt - 0 parameters:
fits_nz - 0 parameters:
lens_photoz_width - 4 parameters:
     lens_photoz_errors--width_1
     lens_photoz_errors--width_2
     lens_photoz_errors--width_3
     lens_photoz_errors--width_4
lens_photoz_bias - 4 parameters:
     lens_photoz_errors--bias_1
     lens_photoz_errors--bias_2
     lens_photoz_errors--bias_3
     lens_photoz_errors--bias_4
source_photoz_bias - 4 parameters:
     wl_photoz_errors--bias_1
     wl_photoz_errors--bias_2
     wl_photoz_errors--bias_3
     wl_photoz_errors--bias_4
IA - 5 parameters:
     intrinsic_alignment_parameters--a1
     intrinsic_alignment_parameters--a2
     intrinsic_alignment_parameters--alpha1
     intrinsic_alignment_parameters--alpha2
     intrinsic_alignment_parameters--bias_ta
pk_to_cl_gg - 4 parameters:
     bias_lens--b1
     bias_lens--b2
     bias_lens--b3
     bias_lens--b4
pk_to_cl - 0 parameters:
shear_m_bias took: 0.002 seconds
add_magnification - 0 parameters:
add_intrinsic - 0 parameters:
2pt_shear - 0 parameters:
2pt_gal - 0 parameters:
2pt_gal_shear - 0 parameters:
shear_m_bias - 4 parameters:
     shear_calibration_parameters--m1
     shear_calibration_parameters--m2
     shear_calibration_parameters--m3
     shear_calibration_parameters--m4
add_point_mass - 0 parameters:
2pt_like - 0 parameters:
shear_ratio_like - 0 parameters:
Results - 0 parameters:
You manually told me in the parameter file to use module 18 as the first in the fast block
Time for full pipeline:  57.11s
Time for slow pipeline:  57.09s
Time for fast pipeline:  0.02s
Time saving: 99.96%

Based on this we have decided: 
   Slow modules (18):
        consistency
        bbn_consistency
        s8_to_sigma8
        camb
        as_to_log1e10as
        fast_pt
        fits_nz
        lens_photoz_width
        lens_photoz_bias
        source_photoz_bias
        IA
        pk_to_cl_gg
        pk_to_cl
        add_magnification
        add_intrinsic
        2pt_shear
        2pt_gal
        2pt_gal_shear
   Fast modules (4):
        shear_m_bias
        add_point_mass
        2pt_like
        shear_ratio_like
   Slow parameters (28):
        cosmological_parameters--ombh2
        cosmological_parameters--omch2
        cosmological_parameters--h0
add_point_mass took: 0.000 seconds
        cosmological_parameters--mnu
        cosmological_parameters--s_8
        cosmological_parameters--n_s
        halo_model_parameters--logt_agn
        lens_photoz_errors--width_1
        lens_photoz_errors--width_2
        lens_photoz_errors--width_3
        lens_photoz_errors--width_4
        lens_photoz_errors--bias_1
        lens_photoz_errors--bias_2
        lens_photoz_errors--bias_3
        lens_photoz_errors--bias_4
        wl_photoz_errors--bias_1
        wl_photoz_errors--bias_2
        wl_photoz_errors--bias_3
        wl_photoz_errors--bias_4
        intrinsic_alignment_parameters--a1
        intrinsic_alignment_parameters--a2
        intrinsic_alignment_parameters--alpha1
        intrinsic_alignment_parameters--alpha2
        intrinsic_alignment_parameters--bias_ta
        bias_lens--b1
        bias_lens--b2
        bias_lens--b3
        bias_lens--b4
   Fast parameters (4):
        shear_calibration_parameters--m1
        shear_calibration_parameters--m2
        shear_calibration_parameters--m3
        shear_calibration_parameters--m4


2pt_like took: 0.022 seconds
shear_ratio_like took: 0.001 seconds
Total pipeline time: 57.6 seconds
2pt_shear took: 0.098 seconds
Using two grades of parameter speed in polychord.
Telling Polychord to spend fraction 0.1 if its time in the fast subspace (adjust with fast_fraction option)
Polychord num_repeats = 74  (from parameter file)


Parameters first used in each module:
consistency - 5 parameters:
     cosmological_parameters--ombh2
     cosmological_parameters--omch2
     cosmological_parameters--h0
     cosmological_parameters--mnu
     cosmological_parameters--s_8
bbn_consistency - 0 parameters:
s8_to_sigma8 - 0 parameters:
camb - 2 parameters:
     cosmological_parameters--n_s
     halo_model_parameters--logt_agn
as_to_log1e10as - 0 parameters:
fast_pt - 0 parameters:
fits_nz - 0 parameters:
lens_photoz_width - 4 parameters:
     lens_photoz_errors--width_1
     lens_photoz_errors--width_2
     lens_photoz_errors--width_3
     lens_photoz_errors--width_4
lens_photoz_bias - 4 parameters:
     lens_photoz_errors--bias_1
     lens_photoz_errors--bias_2
     lens_photoz_errors--bias_3
     lens_photoz_errors--bias_4
source_photoz_bias - 4 parameters:
     wl_photoz_errors--bias_1
     wl_photoz_errors--bias_2
     wl_photoz_errors--bias_3
     wl_photoz_errors--bias_4
IA - 5 parameters:
     intrinsic_alignment_parameters--a1
     intrinsic_alignment_parameters--a2
     intrinsic_alignment_parameters--alpha1
     intrinsic_alignment_parameters--alpha2
     intrinsic_alignment_parameters--bias_ta
pk_to_cl_gg - 4 parameters:
     bias_lens--b1
     bias_lens--b2
     bias_lens--b3
     bias_lens--b4
pk_to_cl - 0 parameters:
add_magnification - 0 parameters:
add_intrinsic - 0 parameters:
2pt_shear - 0 parameters:
2pt_gal - 0 parameters:
2pt_gal_shear - 0 parameters:
shear_m_bias - 4 parameters:
     shear_calibration_parameters--m1
     shear_calibration_parameters--m2
     shear_calibration_parameters--m3
     shear_calibration_parameters--m4
add_point_mass - 0 parameters:
2pt_like - 0 parameters:
shear_ratio_like - 0 parameters:
Results - 0 parameters:
You manually told me in the parameter file to use module 18 as the first in the fast block
Time for full pipeline:  57.72s
Time for slow pipeline:  57.69s
Time for fast pipeline:  0.03s
Time saving: 99.96%

Based on this we have decided: 
   Slow modules (18):
        consistency
        bbn_consistency
        s8_to_sigma8
        camb
        as_to_log1e10as
        fast_pt
        fits_nz
        lens_photoz_width
        lens_photoz_bias
        source_photoz_bias
        IA
        pk_to_cl_gg
        pk_to_cl
        add_magnification
        add_intrinsic
        2pt_shear
        2pt_gal
        2pt_gal_shear
   Fast modules (4):
        shear_m_bias
        add_point_mass
        2pt_like
        shear_ratio_like
   Slow parameters (28):
        cosmological_parameters--ombh2
        cosmological_parameters--omch2
        cosmological_parameters--h0
        cosmological_parameters--mnu
        cosmological_parameters--s_8
        cosmological_parameters--n_s
        halo_model_parameters--logt_agn
        lens_photoz_errors--width_1
Using two grades of parameter speed in polychord.
        lens_photoz_errors--width_2
        lens_photoz_errors--width_3
        lens_photoz_errors--width_4
        lens_photoz_errors--bias_1
        lens_photoz_errors--bias_2
        lens_photoz_errors--bias_3
        lens_photoz_errors--bias_4
        wl_photoz_errors--bias_1
        wl_photoz_errors--bias_2
        wl_photoz_errors--bias_3
        wl_photoz_errors--bias_4
        intrinsic_alignment_parameters--a1
Telling Polychord to spend fraction 0.1 if its time in the fast subspace (adjust with fast_fraction option)
        intrinsic_alignment_parameters--a2
        intrinsic_alignment_parameters--alpha1
        intrinsic_alignment_parameters--alpha2
        intrinsic_alignment_parameters--bias_ta
        bias_lens--b1
        bias_lens--b2
        bias_lens--b3
        bias_lens--b4
   Fast parameters (4):
        shear_calibration_parameters--m1
        shear_calibration_parameters--m2
        shear_calibration_parameters--m3
        shear_calibration_parameters--m4


camb took: 56.094 seconds
as_to_log1e10as took: 0.000 seconds
Polychord num_repeats = 74  (from parameter file)
pk_to_cl took: 0.492 seconds


Parameters first used in each module:
consistency - 5 parameters:
     cosmological_parameters--ombh2
     cosmological_parameters--omch2
     cosmological_parameters--h0
     cosmological_parameters--mnu
     cosmological_parameters--s_8
bbn_consistency - 0 parameters:
s8_to_sigma8 - 0 parameters:
camb - 2 parameters:
     cosmological_parameters--n_s
     halo_model_parameters--logt_agn
as_to_log1e10as - 0 parameters:
fast_pt - 0 parameters:
fits_nz - 0 parameters:
lens_photoz_width - 4 parameters:
     lens_photoz_errors--width_1
     lens_photoz_errors--width_2
     lens_photoz_errors--width_3
     lens_photoz_errors--width_4
lens_photoz_bias - 4 parameters:
     lens_photoz_errors--bias_1
     lens_photoz_errors--bias_2
     lens_photoz_errors--bias_3
     lens_photoz_errors--bias_4
source_photoz_bias - 4 parameters:
     wl_photoz_errors--bias_1
     wl_photoz_errors--bias_2
     wl_photoz_errors--bias_3
     wl_photoz_errors--bias_4
IA - 5 parameters:
     intrinsic_alignment_parameters--a1
     intrinsic_alignment_parameters--a2
     intrinsic_alignment_parameters--alpha1
     intrinsic_alignment_parameters--alpha2
     intrinsic_alignment_parameters--bias_ta
pk_to_cl_gg - 4 parameters:
     bias_lens--b1
     bias_lens--b2
     bias_lens--b3
     bias_lens--b4
pk_to_cl - 0 parameters:
add_magnification - 0 parameters:
add_intrinsic - 0 parameters:
2pt_shear - 0 parameters:
2pt_gal - 0 parameters:
2pt_gal_shear - 0 parameters:
shear_m_bias - 4 parameters:
     shear_calibration_parameters--m1
     shear_calibration_parameters--m2
     shear_calibration_parameters--m3
     shear_calibration_parameters--m4
add_point_mass - 0 parameters:
2pt_like - 0 parameters:
shear_ratio_like - 0 parameters:
Results - 0 parameters:
You manually told me in the parameter file to use module 18 as the first in the fast block
Time for full pipeline:  57.58s
Time for slow pipeline:  57.55s
Time for fast pipeline:  0.02s
Time saving: 99.96%

Based on this we have decided: 
   Slow modules (18):
        consistency
        bbn_consistency
        s8_to_sigma8
        camb
        as_to_log1e10as
        fast_pt
        fits_nz
        lens_photoz_width
        lens_photoz_bias
        source_photoz_bias
        IA
        pk_to_cl_gg
        pk_to_cl
        add_magnification
        add_intrinsic
        2pt_shear
        2pt_gal
        2pt_gal_shear
   Fast modules (4):
        shear_m_bias
        add_point_mass
        2pt_like
        shear_ratio_like
   Slow parameters (28):
        cosmological_parameters--ombh2
        cosmological_parameters--omch2
        cosmological_parameters--h0
        cosmological_parameters--mnu
        cosmological_parameters--s_8
        cosmological_parameters--n_s
        halo_model_parameters--logt_agn
        lens_photoz_errors--width_1
        lens_photoz_errors--width_2
        lens_photoz_errors--width_3
        lens_photoz_errors--width_4
        lens_photoz_errors--bias_1
        lens_photoz_errors--bias_2
        lens_photoz_errors--bias_3
        lens_photoz_errors--bias_4
        wl_photoz_errors--bias_1
        wl_photoz_errors--bias_2
        wl_photoz_errors--bias_3
        wl_photoz_errors--bias_4
        intrinsic_alignment_parameters--a1
        intrinsic_alignment_parameters--a2
        intrinsic_alignment_parameters--alpha1
        intrinsic_alignment_parameters--alpha2
        intrinsic_alignment_parameters--bias_ta
        bias_lens--b1
        bias_lens--b2
        bias_lens--b3
        bias_lens--b4
   Fast parameters (4):
        shear_calibration_parameters--m1
        shear_calibration_parameters--m2
        shear_calibration_parameters--m3
        shear_calibration_parameters--m4


IA took: 0.033 seconds
2pt_gal took: 0.029 seconds
add_magnification took: 0.005 seconds
Using two grades of parameter speed in polychord.
Telling Polychord to spend fraction 0.1 if its time in the fast subspace (adjust with fast_fraction option)
Polychord num_repeats = 74  (from parameter file)
add_intrinsic took: 0.003 seconds
2pt_like took: 0.021 seconds
fast_pt took: 0.128 seconds
shear_ratio_like took: 0.001 seconds
Total pipeline time: 55.7 seconds
fits_nz took: 0.000 seconds
lens_photoz_width took: 0.001 seconds
lens_photoz_bias took: 0.001 seconds
source_photoz_bias took: 0.001 seconds
pk_to_cl took: 0.491 seconds
2pt_like took: 0.024 seconds
pk_to_cl took: 0.500 seconds
add_magnification took: 0.005 seconds
shear_ratio_like took: 0.001 seconds
Total pipeline time: 57.4 seconds
camb took: 55.131 seconds
as_to_log1e10as took: 0.000 seconds
add_intrinsic took: 0.002 seconds


Parameters first used in each module:
consistency - 5 parameters:
     cosmological_parameters--ombh2
     cosmological_parameters--omch2
     cosmological_parameters--h0
     cosmological_parameters--mnu
     cosmological_parameters--s_8
bbn_consistency - 0 parameters:
s8_to_sigma8 - 0 parameters:
camb - 2 parameters:
     cosmological_parameters--n_s
     halo_model_parameters--logt_agn
as_to_log1e10as - 0 parameters:
fast_pt - 0 parameters:
fits_nz - 0 parameters:
lens_photoz_width - 4 parameters:
     lens_photoz_errors--width_1
     lens_photoz_errors--width_2
     lens_photoz_errors--width_3
     lens_photoz_errors--width_4
lens_photoz_bias - 4 parameters:
     lens_photoz_errors--bias_1
     lens_photoz_errors--bias_2
     lens_photoz_errors--bias_3
     lens_photoz_errors--bias_4
source_photoz_bias - 4 parameters:
     wl_photoz_errors--bias_1
     wl_photoz_errors--bias_2
     wl_photoz_errors--bias_3
     wl_photoz_errors--bias_4
IA - 5 parameters:
     intrinsic_alignment_parameters--a1
     intrinsic_alignment_parameters--a2
     intrinsic_alignment_parameters--alpha1
     intrinsic_alignment_parameters--alpha2
     intrinsic_alignment_parameters--bias_ta
pk_to_cl_gg - 4 parameters:
     bias_lens--b1
     bias_lens--b2
     bias_lens--b3
     bias_lens--b4
pk_to_cl - 0 parameters:
add_magnification - 0 parameters:
add_intrinsic - 0 parameters:
2pt_shear - 0 parameters:
2pt_gal - 0 parameters:
2pt_gal_shear - 0 parameters:
shear_m_bias - 4 parameters:
     shear_calibration_parameters--m1
     shear_calibration_parameters--m2
     shear_calibration_parameters--m3
     shear_calibration_parameters--m4
add_point_mass - 0 parameters:
2pt_like - 0 parameters:
shear_ratio_like - 0 parameters:
Results - 0 parameters:
You manually told me in the parameter file to use module 18 as the first in the fast block
Time for full pipeline:  55.70s
Time for slow pipeline:  55.67s
Time for fast pipeline:  0.02s
Time saving: 99.96%

Based on this we have decided: 
   Slow modules (18):
        consistency
        bbn_consistency
        s8_to_sigma8
        camb
        as_to_log1e10as
        fast_pt
        fits_nz
        lens_photoz_width
        lens_photoz_bias
        source_photoz_bias
        IA
        pk_to_cl_gg
        pk_to_cl
        add_magnification
        add_intrinsic
        2pt_shear
        2pt_gal
        2pt_gal_shear
   Fast modules (4):
        shear_m_bias
        add_point_mass
        2pt_like
        shear_ratio_like
   Slow parameters (28):
        cosmological_parameters--ombh2
        cosmological_parameters--omch2
        cosmological_parameters--h0
        cosmological_parameters--mnu
        cosmological_parameters--s_8
        cosmological_parameters--n_s
        halo_model_parameters--logt_agn
        lens_photoz_errors--width_1
        lens_photoz_errors--width_2
        lens_photoz_errors--width_3
        lens_photoz_errors--width_4
        lens_photoz_errors--bias_1
        lens_photoz_errors--bias_2
        lens_photoz_errors--bias_3
        lens_photoz_errors--bias_4
        wl_photoz_errors--bias_1
        wl_photoz_errors--bias_2
        wl_photoz_errors--bias_3
        wl_photoz_errors--bias_4
        intrinsic_alignment_parameters--a1
        intrinsic_alignment_parameters--a2
        intrinsic_alignment_parameters--alpha1
        intrinsic_alignment_parameters--alpha2
        intrinsic_alignment_parameters--bias_ta
        bias_lens--b1
        bias_lens--b2
        bias_lens--b3
        bias_lens--b4
   Fast parameters (4):
        shear_calibration_parameters--m1
        shear_calibration_parameters--m2
        shear_calibration_parameters--m3
        shear_calibration_parameters--m4


add_magnification took: 0.005 seconds
2pt_gal took: 0.029 seconds
add_intrinsic took: 0.003 seconds
2pt_gal_shear took: 0.111 seconds


Parameters first used in each module:
consistency - 5 parameters:
     cosmological_parameters--ombh2
     cosmological_parameters--omch2
     cosmological_parameters--h0
     cosmological_parameters--mnu
     cosmological_parameters--s_8
bbn_consistency - 0 parameters:
s8_to_sigma8 - 0 parameters:
camb - 2 parameters:
     cosmological_parameters--n_s
     halo_model_parameters--logt_agn
as_to_log1e10as - 0 parameters:
fast_pt - 0 parameters:
fits_nz - 0 parameters:
lens_photoz_width - 4 parameters:
     lens_photoz_errors--width_1
     lens_photoz_errors--width_2
     lens_photoz_errors--width_3
     lens_photoz_errors--width_4
lens_photoz_bias - 4 parameters:
     lens_photoz_errors--bias_1
     lens_photoz_errors--bias_2
     lens_photoz_errors--bias_3
     lens_photoz_errors--bias_4
source_photoz_bias - 4 parameters:
     wl_photoz_errors--bias_1
     wl_photoz_errors--bias_2
     wl_photoz_errors--bias_3
     wl_photoz_errors--bias_4
IA - 5 parameters:
     intrinsic_alignment_parameters--a1
     intrinsic_alignment_parameters--a2
     intrinsic_alignment_parameters--alpha1
     intrinsic_alignment_parameters--alpha2
     intrinsic_alignment_parameters--bias_ta
pk_to_cl_gg - 4 parameters:
     bias_lens--b1
     bias_lens--b2
     bias_lens--b3
     bias_lens--b4
pk_to_cl - 0 parameters:
add_magnification - 0 parameters:
add_intrinsic - 0 parameters:
2pt_shear - 0 parameters:
2pt_gal - 0 parameters:
2pt_gal_shear - 0 parameters:
shear_m_bias - 4 parameters:
     shear_calibration_parameters--m1
     shear_calibration_parameters--m2
     shear_calibration_parameters--m3
     shear_calibration_parameters--m4
add_point_mass - 0 parameters:
2pt_like - 0 parameters:
shear_ratio_like - 0 parameters:
Results - 0 parameters:
You manually told me in the parameter file to use module 18 as the first in the fast block
Time for full pipeline:  57.43s
Time for slow pipeline:  57.41s
Time for fast pipeline:  0.03s
Time saving: 99.95%

Based on this we have decided: 
   Slow modules (18):
        consistency
        bbn_consistency
        s8_to_sigma8
        camb
        as_to_log1e10as
        fast_pt
        fits_nz
        lens_photoz_width
        lens_photoz_bias
        source_photoz_bias
        IA
        pk_to_cl_gg
        pk_to_cl
        add_magnification
        add_intrinsic
        2pt_shear
        2pt_gal
        2pt_gal_shear
   Fast modules (4):
        shear_m_bias
        add_point_mass
        2pt_like
        shear_ratio_like
   Slow parameters (28):
        cosmological_parameters--ombh2
        cosmological_parameters--omch2
        cosmological_parameters--h0
        cosmological_parameters--mnu
        cosmological_parameters--s_8
        cosmological_parameters--n_s
        halo_model_parameters--logt_agn
        lens_photoz_errors--width_1
        lens_photoz_errors--width_2
        lens_photoz_errors--width_3
        lens_photoz_errors--width_4
        lens_photoz_errors--bias_1
        lens_photoz_errors--bias_2
        lens_photoz_errors--bias_3
        lens_photoz_errors--bias_4
        wl_photoz_errors--bias_1
        wl_photoz_errors--bias_2
        wl_photoz_errors--bias_3
        wl_photoz_errors--bias_4
        intrinsic_alignment_parameters--a1
        intrinsic_alignment_parameters--a2
        intrinsic_alignment_parameters--alpha1
        intrinsic_alignment_parameters--alpha2
        intrinsic_alignment_parameters--bias_ta
        bias_lens--b1
        bias_lens--b2
        bias_lens--b3
        bias_lens--b4
   Fast parameters (4):
        shear_calibration_parameters--m1
        shear_calibration_parameters--m2
        shear_calibration_parameters--m3
        shear_calibration_parameters--m4


Using two grades of parameter speed in polychord.
Telling Polychord to spend fraction 0.1 if its time in the fast subspace (adjust with fast_fraction option)
Polychord num_repeats = 74  (from parameter file)
shear_m_bias took: 0.002 seconds
add_point_mass took: 0.000 seconds
IA took: 0.025 seconds
camb took: 55.022 seconds
as_to_log1e10as took: 0.000 seconds
2pt_gal_shear took: 0.106 seconds
shear_m_bias took: 0.002 seconds
add_point_mass took: 0.000 seconds
2pt_gal_shear took: 0.109 seconds
2pt_like took: 0.021 seconds
shear_ratio_like took: 0.001 seconds
Total pipeline time: 57.6 seconds
shear_m_bias took: 0.002 seconds
add_point_mass took: 0.000 seconds
Using two grades of parameter speed in polychord.
Telling Polychord to spend fraction 0.1 if its time in the fast subspace (adjust with fast_fraction option)
Polychord num_repeats = 74  (from parameter file)
pk_to_cl took: 0.497 seconds
pk_to_cl_gg took: 0.952 seconds
2pt_gal_shear took: 0.111 seconds
2pt_gal_shear took: 0.107 seconds
shear_m_bias took: 0.002 seconds
shear_m_bias took: 0.002 seconds
add_point_mass took: 0.000 seconds
add_point_mass took: 0.000 seconds


Parameters first used in each module:
consistency - 5 parameters:
     cosmological_parameters--ombh2
     cosmological_parameters--omch2
     cosmological_parameters--h0
     cosmological_parameters--mnu
     cosmological_parameters--s_8
bbn_consistency - 0 parameters:
s8_to_sigma8 - 0 parameters:
camb - 2 parameters:
     cosmological_parameters--n_s
     halo_model_parameters--logt_agn
as_to_log1e10as - 0 parameters:
fast_pt - 0 parameters:
fits_nz - 0 parameters:
lens_photoz_width - 4 parameters:
     lens_photoz_errors--width_1
     lens_photoz_errors--width_2
     lens_photoz_errors--width_3
     lens_photoz_errors--width_4
lens_photoz_bias - 4 parameters:
     lens_photoz_errors--bias_1
     lens_photoz_errors--bias_2
     lens_photoz_errors--bias_3
     lens_photoz_errors--bias_4
source_photoz_bias - 4 parameters:
     wl_photoz_errors--bias_1
     wl_photoz_errors--bias_2
     wl_photoz_errors--bias_3
     wl_photoz_errors--bias_4
IA - 5 parameters:
     intrinsic_alignment_parameters--a1
     intrinsic_alignment_parameters--a2
     intrinsic_alignment_parameters--alpha1
     intrinsic_alignment_parameters--alpha2
     intrinsic_alignment_parameters--bias_ta
pk_to_cl_gg - 4 parameters:
     bias_lens--b1
     bias_lens--b2
     bias_lens--b3
     bias_lens--b4
pk_to_cl - 0 parameters:
add_magnification - 0 parameters:
add_intrinsic - 0 parameters:
2pt_shear - 0 parameters:
2pt_gal - 0 parameters:
2pt_gal_shear - 0 parameters:
shear_m_bias - 4 parameters:
     shear_calibration_parameters--m1
     shear_calibration_parameters--m2
     shear_calibration_parameters--m3
     shear_calibration_parameters--m4
add_point_mass - 0 parameters:
2pt_like - 0 parameters:
shear_ratio_like - 0 parameters:
Results - 0 parameters:
You manually told me in the parameter file to use module 18 as the first in the fast block
Time for full pipeline:  57.55s
Time for slow pipeline:  57.53s
Time for fast pipeline:  0.02s
Time saving: 99.96%

Based on this we have decided: 
   Slow modules (18):
        consistency
        bbn_consistency
        s8_to_sigma8
        camb
        as_to_log1e10as
        fast_pt
        fits_nz
        lens_photoz_width
        lens_photoz_bias
        source_photoz_bias
        IA
        pk_to_cl_gg
        pk_to_cl
        add_magnification
        add_intrinsic
        2pt_shear
        2pt_gal
        2pt_gal_shear
   Fast modules (4):
        shear_m_bias
        add_point_mass
        2pt_like
        shear_ratio_like
   Slow parameters (28):
        cosmological_parameters--ombh2
        cosmological_parameters--omch2
        cosmological_parameters--h0
        cosmological_parameters--mnu
        cosmological_parameters--s_8
        cosmological_parameters--n_s
        halo_model_parameters--logt_agn
        lens_photoz_errors--width_1
        lens_photoz_errors--width_2
        lens_photoz_errors--width_3
        lens_photoz_errors--width_4
        lens_photoz_errors--bias_1
        lens_photoz_errors--bias_2
        lens_photoz_errors--bias_3
        lens_photoz_errors--bias_4
        wl_photoz_errors--bias_1
        wl_photoz_errors--bias_2
        wl_photoz_errors--bias_3
        wl_photoz_errors--bias_4
        intrinsic_alignment_parameters--a1
        intrinsic_alignment_parameters--a2
        intrinsic_alignment_parameters--alpha1
        intrinsic_alignment_parameters--alpha2
        intrinsic_alignment_parameters--bias_ta
        bias_lens--b1
        bias_lens--b2
        bias_lens--b3
        bias_lens--b4
   Fast parameters (4):
        shear_calibration_parameters--m1
        shear_calibration_parameters--m2
        shear_calibration_parameters--m3
        shear_calibration_parameters--m4


add_magnification took: 0.005 seconds
add_intrinsic took: 0.003 seconds
2pt_like took: 0.024 seconds
2pt_shear took: 0.094 seconds
2pt_like took: 0.022 seconds
shear_ratio_like took: 0.001 seconds
Total pipeline time: 56.4 seconds
shear_ratio_like took: 0.001 seconds
Total pipeline time: 56.5 seconds
fast_pt took: 0.117 seconds
2pt_like took: 0.021 seconds
Using two grades of parameter speed in polychord.
Telling Polychord to spend fraction 0.1 if its time in the fast subspace (adjust with fast_fraction option)
fits_nz took: 0.000 seconds
Polychord num_repeats = 74  (from parameter file)
2pt_like took: 0.021 seconds
shear_ratio_like took: 0.001 seconds
Total pipeline time: 56.3 seconds
shear_ratio_like took: 0.001 seconds
Total pipeline time: 56.2 seconds
lens_photoz_width took: 0.001 seconds


Parameters first used in each module:
consistency - 5 parameters:
     cosmological_parameters--ombh2
     cosmological_parameters--omch2
     cosmological_parameters--h0
     cosmological_parameters--mnu
     cosmological_parameters--s_8
bbn_consistency - 0 parameters:
s8_to_sigma8 - 0 parameters:
camb - 2 parameters:
     cosmological_parameters--n_s
     halo_model_parameters--logt_agn
as_to_log1e10as - 0 parameters:
fast_pt - 0 parameters:
fits_nz - 0 parameters:
lens_photoz_width - 4 parameters:
     lens_photoz_errors--width_1
     lens_photoz_errors--width_2
     lens_photoz_errors--width_3
     lens_photoz_errors--width_4
lens_photoz_bias - 4 parameters:
     lens_photoz_errors--bias_1
     lens_photoz_errors--bias_2
     lens_photoz_errors--bias_3
     lens_photoz_errors--bias_4
source_photoz_bias - 4 parameters:
     wl_photoz_errors--bias_1
     wl_photoz_errors--bias_2
     wl_photoz_errors--bias_3
     wl_photoz_errors--bias_4
IA - 5 parameters:
     intrinsic_alignment_parameters--a1
     intrinsic_alignment_parameters--a2
     intrinsic_alignment_parameters--alpha1
     intrinsic_alignment_parameters--alpha2
     intrinsic_alignment_parameters--bias_ta
pk_to_cl_gg - 4 parameters:
     bias_lens--b1
     bias_lens--b2
     bias_lens--b3
     bias_lens--b4
pk_to_cl - 0 parameters:
add_magnification - 0 parameters:
add_intrinsic - 0 parameters:
2pt_shear - 0 parameters:
2pt_gal - 0 parameters:
2pt_gal_shear - 0 parameters:
shear_m_bias - 4 parameters:
     shear_calibration_parameters--m1
     shear_calibration_parameters--m2
     shear_calibration_parameters--m3
     shear_calibration_parameters--m4
add_point_mass - 0 parameters:
2pt_like - 0 parameters:
shear_ratio_like - 0 parameters:
Results - 0 parameters:
You manually told me in the parameter file to use module 18 as the first in the fast block
Time for full pipeline:  56.47s
Time for slow pipeline:  56.44s
Time for fast pipeline:  0.02s
Time saving: 99.96%

Based on this we have decided: 
   Slow modules (18):
        consistency
        bbn_consistency
        s8_to_sigma8
        camb
        as_to_log1e10as
        fast_pt
        fits_nz
        lens_photoz_width
        lens_photoz_bias
        source_photoz_bias
        IA
        pk_to_cl_gg
        pk_to_cl
        add_magnification
        add_intrinsic
        2pt_shear
        2pt_gal
        2pt_gal_shear
   Fast modules (4):
        shear_m_bias
        add_point_mass
        2pt_like
        shear_ratio_like
   Slow parameters (28):
        cosmological_parameters--ombh2
        cosmological_parameters--omch2
        cosmological_parameters--h0
        cosmological_parameters--mnu
        cosmological_parameters--s_8
        cosmological_parameters--n_s
        halo_model_parameters--logt_agn
        lens_photoz_errors--width_1
        lens_photoz_errors--width_2
        lens_photoz_errors--width_3
        lens_photoz_errors--width_4
        lens_photoz_errors--bias_1
        lens_photoz_errors--bias_2
        lens_photoz_errors--bias_3
        lens_photoz_errors--bias_4
        wl_photoz_errors--bias_1
        wl_photoz_errors--bias_2
        wl_photoz_errors--bias_3
        wl_photoz_errors--bias_4
        intrinsic_alignment_parameters--a1
        intrinsic_alignment_parameters--a2
        intrinsic_alignment_parameters--alpha1
lens_photoz_bias took: 0.001 seconds
        intrinsic_alignment_parameters--alpha2
        intrinsic_alignment_parameters--bias_ta
        bias_lens--b1
        bias_lens--b2
        bias_lens--b3
        bias_lens--b4
   Fast parameters (4):
        shear_calibration_parameters--m1
        shear_calibration_parameters--m2
        shear_calibration_parameters--m3
        shear_calibration_parameters--m4


source_photoz_bias took: 0.001 seconds


Parameters first used in each module:
consistency - 5 parameters:
     cosmological_parameters--ombh2
     cosmological_parameters--omch2
     cosmological_parameters--h0
     cosmological_parameters--mnu
     cosmological_parameters--s_8
bbn_consistency - 0 parameters:
s8_to_sigma8 - 0 parameters:
camb - 2 parameters:
     cosmological_parameters--n_s
     halo_model_parameters--logt_agn
as_to_log1e10as - 0 parameters:
fast_pt - 0 parameters:
fits_nz - 0 parameters:
lens_photoz_width - 4 parameters:
     lens_photoz_errors--width_1
     lens_photoz_errors--width_2
     lens_photoz_errors--width_3
     lens_photoz_errors--width_4
lens_photoz_bias - 4 parameters:
     lens_photoz_errors--bias_1
     lens_photoz_errors--bias_2
     lens_photoz_errors--bias_3
     lens_photoz_errors--bias_4
source_photoz_bias - 4 parameters:
     wl_photoz_errors--bias_1
     wl_photoz_errors--bias_2
     wl_photoz_errors--bias_3
     wl_photoz_errors--bias_4
IA - 5 parameters:
     intrinsic_alignment_parameters--a1
     intrinsic_alignment_parameters--a2
     intrinsic_alignment_parameters--alpha1
     intrinsic_alignment_parameters--alpha2
     intrinsic_alignment_parameters--bias_ta
pk_to_cl_gg - 4 parameters:
     bias_lens--b1
     bias_lens--b2
     bias_lens--b3
     bias_lens--b4
pk_to_cl - 0 parameters:
add_magnification - 0 parameters:
add_intrinsic - 0 parameters:
2pt_shear - 0 parameters:
2pt_gal - 0 parameters:
2pt_gal_shear - 0 parameters:
shear_m_bias - 4 parameters:
     shear_calibration_parameters--m1
     shear_calibration_parameters--m2
     shear_calibration_parameters--m3
     shear_calibration_parameters--m4
add_point_mass - 0 parameters:
2pt_like - 0 parameters:
shear_ratio_like - 0 parameters:
Results - 0 parameters:
You manually told me in the parameter file to use module 18 as the first in the fast block
Time for full pipeline:  56.41s
Time for slow pipeline:  56.38s
Time for fast pipeline:  0.03s
Time saving: 99.95%

Based on this we have decided: 
   Slow modules (18):
        consistency
        bbn_consistency
        s8_to_sigma8
        camb
        as_to_log1e10as
        fast_pt
        fits_nz
        lens_photoz_width
        lens_photoz_bias
        source_photoz_bias
        IA
        pk_to_cl_gg
        pk_to_cl
        add_magnification
        add_intrinsic
        2pt_shear
        2pt_gal
        2pt_gal_shear
   Fast modules (4):
        shear_m_bias
        add_point_mass
        2pt_like
        shear_ratio_like
   Slow parameters (28):
        cosmological_parameters--ombh2
        cosmological_parameters--omch2
        cosmological_parameters--h0
        cosmological_parameters--mnu
        cosmological_parameters--s_8
        cosmological_parameters--n_s
        halo_model_parameters--logt_agn
        lens_photoz_errors--width_1
        lens_photoz_errors--width_2
        lens_photoz_errors--width_3
        lens_photoz_errors--width_4
        lens_photoz_errors--bias_1
        lens_photoz_errors--bias_2
        lens_photoz_errors--bias_3
        lens_photoz_errors--bias_4
        wl_photoz_errors--bias_1
        wl_photoz_errors--bias_2
        wl_photoz_errors--bias_3
        wl_photoz_errors--bias_4
        intrinsic_alignment_parameters--a1
        intrinsic_alignment_parameters--a2
        intrinsic_alignment_parameters--alpha1
        intrinsic_alignment_parameters--alpha2
        intrinsic_alignment_parameters--bias_ta
        bias_lens--b1
        bias_lens--b2
        bias_lens--b3
        bias_lens--b4
   Fast parameters (4):
        shear_calibration_parameters--m1
        shear_calibration_parameters--m2
        shear_calibration_parameters--m3
        shear_calibration_parameters--m4


fast_pt took: 0.094 seconds
fits_nz took: 0.000 seconds


Parameters first used in each module:
consistency - 5 parameters:
     cosmological_parameters--ombh2
     cosmological_parameters--omch2
     cosmological_parameters--h0
     cosmological_parameters--mnu
     cosmological_parameters--s_8
bbn_consistency - 0 parameters:
s8_to_sigma8 - 0 parameters:
camb - 2 parameters:
     cosmological_parameters--n_s
     halo_model_parameters--logt_agn
as_to_log1e10as - 0 parameters:
fast_pt - 0 parameters:
fits_nz - 0 parameters:
lens_photoz_width - 4 parameters:
     lens_photoz_errors--width_1
     lens_photoz_errors--width_2
     lens_photoz_errors--width_3
     lens_photoz_errors--width_4
lens_photoz_bias - 4 parameters:
     lens_photoz_errors--bias_1
     lens_photoz_errors--bias_2
     lens_photoz_errors--bias_3
     lens_photoz_errors--bias_4
source_photoz_bias - 4 parameters:
     wl_photoz_errors--bias_1
     wl_photoz_errors--bias_2
     wl_photoz_errors--bias_3
     wl_photoz_errors--bias_4
IA - 5 parameters:
     intrinsic_alignment_parameters--a1
     intrinsic_alignment_parameters--a2
     intrinsic_alignment_parameters--alpha1
     intrinsic_alignment_parameters--alpha2
     intrinsic_alignment_parameters--bias_ta
pk_to_cl_gg - 4 parameters:
     bias_lens--b1
     bias_lens--b2
     bias_lens--b3
     bias_lens--b4
pk_to_cl - 0 parameters:
add_magnification - 0 parameters:
add_intrinsic - 0 parameters:
2pt_shear - 0 parameters:
2pt_gal - 0 parameters:
2pt_gal_shear - 0 parameters:
shear_m_bias - 4 parameters:
     shear_calibration_parameters--m1
     shear_calibration_parameters--m2
     shear_calibration_parameters--m3
     shear_calibration_parameters--m4
add_point_mass - 0 parameters:
2pt_like - 0 parameters:
shear_ratio_like - 0 parameters:
Results - 0 parameters:
You manually told me in the parameter file to use module 18 as the first in the fast block
Time for full pipeline:  56.26s
Time for slow pipeline:  56.23s
Time for fast pipeline:  0.02s
Time saving: 99.96%

Based on this we have decided: 
   Slow modules (18):
        consistency
        bbn_consistency
        s8_to_sigma8
        camb
        as_to_log1e10as
        fast_pt
        fits_nz
        lens_photoz_width
        lens_photoz_bias
        source_photoz_bias
        IA
        pk_to_cl_gg
        pk_to_cl
        add_magnification
        add_intrinsic
        2pt_shear
        2pt_gal
        2pt_gal_shear
   Fast modules (4):
        shear_m_bias
        add_point_mass
        2pt_like
        shear_ratio_like
   Slow parameters (28):
        cosmological_parameters--ombh2
        cosmological_parameters--omch2
        cosmological_parameters--h0
        cosmological_parameters--mnu
        cosmological_parameters--s_8
        cosmological_parameters--n_s
        halo_model_parameters--logt_agn
        lens_photoz_errors--width_1
        lens_photoz_errors--width_2
        lens_photoz_errors--width_3
        lens_photoz_errors--width_4
        lens_photoz_errors--bias_1
        lens_photoz_errors--bias_2
        lens_photoz_errors--bias_3
        lens_photoz_errors--bias_4
        wl_photoz_errors--bias_1
        wl_photoz_errors--bias_2
        wl_photoz_errors--bias_3
        wl_photoz_errors--bias_4
        intrinsic_alignment_parameters--a1
        intrinsic_alignment_parameters--a2
        intrinsic_alignment_parameters--alpha1
        intrinsic_alignment_parameters--alpha2
        intrinsic_alignment_parameters--bias_ta
        bias_lens--b1
        bias_lens--b2
        bias_lens--b3
        bias_lens--b4
   Fast parameters (4):
        shear_calibration_parameters--m1
        shear_calibration_parameters--m2
        shear_calibration_parameters--m3
        shear_calibration_parameters--m4


pk_to_cl took: 0.503 seconds


Parameters first used in each module:
consistency - 5 parameters:
     cosmological_parameters--ombh2
     cosmological_parameters--omch2
     cosmological_parameters--h0
     cosmological_parameters--mnu
     cosmological_parameters--s_8
bbn_consistency - 0 parameters:
s8_to_sigma8 - 0 parameters:
camb - 2 parameters:
     cosmological_parameters--n_s
     halo_model_parameters--logt_agn
as_to_log1e10as - 0 parameters:
fast_pt - 0 parameters:
fits_nz - 0 parameters:
lens_photoz_width - 4 parameters:
     lens_photoz_errors--width_1
     lens_photoz_errors--width_2
     lens_photoz_errors--width_3
     lens_photoz_errors--width_4
lens_photoz_bias - 4 parameters:
     lens_photoz_errors--bias_1
     lens_photoz_errors--bias_2
     lens_photoz_errors--bias_3
     lens_photoz_errors--bias_4
source_photoz_bias - 4 parameters:
     wl_photoz_errors--bias_1
     wl_photoz_errors--bias_2
     wl_photoz_errors--bias_3
     wl_photoz_errors--bias_4
IA - 5 parameters:
     intrinsic_alignment_parameters--a1
     intrinsic_alignment_parameters--a2
     intrinsic_alignment_parameters--alpha1
     intrinsic_alignment_parameters--alpha2
     intrinsic_alignment_parameters--bias_ta
pk_to_cl_gg - 4 parameters:
     bias_lens--b1
     bias_lens--b2
     bias_lens--b3
     bias_lens--b4
pk_to_cl - 0 parameters:
add_magnification - 0 parameters:
add_intrinsic - 0 parameters:
2pt_shear - 0 parameters:
2pt_gal - 0 parameters:
2pt_gal_shear - 0 parameters:
shear_m_bias - 4 parameters:
     shear_calibration_parameters--m1
     shear_calibration_parameters--m2
     shear_calibration_parameters--m3
     shear_calibration_parameters--m4
add_point_mass - 0 parameters:
2pt_like - 0 parameters:
shear_ratio_like - 0 parameters:
Results - 0 parameters:
You manually told me in the parameter file to use module 18 as the first in the fast block
pk_to_cl took: 0.477 seconds
Time for full pipeline:  56.24s
Time for slow pipeline:  56.22s
Time for fast pipeline:  0.02s
Time saving: 99.96%

Based on this we have decided: 
   Slow modules (18):
        consistency
        bbn_consistency
        s8_to_sigma8
        camb
        as_to_log1e10as
        fast_pt
        fits_nz
        lens_photoz_width
        lens_photoz_bias
        source_photoz_bias
        IA
        pk_to_cl_gg
        pk_to_cl
        add_magnification
        add_intrinsic
        2pt_shear
        2pt_gal
        2pt_gal_shear
   Fast modules (4):
        shear_m_bias
        add_point_mass
        2pt_like
        shear_ratio_like
   Slow parameters (28):
        cosmological_parameters--ombh2
        cosmological_parameters--omch2
        cosmological_parameters--h0
        cosmological_parameters--mnu
        cosmological_parameters--s_8
        cosmological_parameters--n_s
lens_photoz_width took: 0.001 seconds
        halo_model_parameters--logt_agn
        lens_photoz_errors--width_1
        lens_photoz_errors--width_2
        lens_photoz_errors--width_3
        lens_photoz_errors--width_4
        lens_photoz_errors--bias_1
        lens_photoz_errors--bias_2
        lens_photoz_errors--bias_3
        lens_photoz_errors--bias_4
        wl_photoz_errors--bias_1
        wl_photoz_errors--bias_2
        wl_photoz_errors--bias_3
        wl_photoz_errors--bias_4
        intrinsic_alignment_parameters--a1
        intrinsic_alignment_parameters--a2
        intrinsic_alignment_parameters--alpha1
        intrinsic_alignment_parameters--alpha2
        intrinsic_alignment_parameters--bias_ta
        bias_lens--b1
        bias_lens--b2
        bias_lens--b3
        bias_lens--b4
   Fast parameters (4):
        shear_calibration_parameters--m1
        shear_calibration_parameters--m2
        shear_calibration_parameters--m3
        shear_calibration_parameters--m4


lens_photoz_bias took: 0.001 seconds
source_photoz_bias took: 0.001 seconds
add_magnification took: 0.005 seconds
add_magnification took: 0.005 seconds
Using two grades of parameter speed in polychord.
Telling Polychord to spend fraction 0.1 if its time in the fast subspace (adjust with fast_fraction option)
Polychord num_repeats = 74  (from parameter file)
add_intrinsic took: 0.002 seconds
add_intrinsic took: 0.002 seconds
pk_to_cl took: 0.492 seconds
2pt_gal took: 0.028 seconds
2pt_shear took: 0.095 seconds
Using two grades of parameter speed in polychord.
Telling Polychord to spend fraction 0.1 if its time in the fast subspace (adjust with fast_fraction option)
Polychord num_repeats = 74  (from parameter file)
2pt_gal_shear took: 0.116 seconds
add_magnification took: 0.005 seconds
shear_m_bias took: 0.002 seconds
add_point_mass took: 0.000 seconds
fast_pt took: 0.135 seconds
add_intrinsic took: 0.002 seconds
fits_nz took: 0.000 seconds
fast_pt took: 0.093 seconds
lens_photoz_width took: 0.001 seconds
fits_nz took: 0.000 seconds
IA took: 0.025 seconds
lens_photoz_bias took: 0.001 seconds
lens_photoz_width took: 0.001 seconds
source_photoz_bias took: 0.001 seconds
lens_photoz_bias took: 0.001 seconds
source_photoz_bias took: 0.001 seconds
2pt_shear took: 0.098 seconds
2pt_gal_shear took: 0.113 seconds
shear_m_bias took: 0.002 seconds
add_point_mass took: 0.000 seconds
2pt_shear took: 0.097 seconds
IA took: 0.025 seconds
Using two grades of parameter speed in polychord.
Telling Polychord to spend fraction 0.1 if its time in the fast subspace (adjust with fast_fraction option)
Polychord num_repeats = 74  (from parameter file)
2pt_like took: 0.022 seconds
shear_ratio_like took: 0.001 seconds
Total pipeline time: 57.5 seconds
2pt_gal took: 0.028 seconds
fast_pt took: 0.093 seconds
2pt_gal_shear took: 0.116 seconds
fits_nz took: 0.000 seconds
IA took: 0.025 seconds
lens_photoz_width took: 0.001 seconds
lens_photoz_bias took: 0.001 seconds
shear_m_bias took: 0.002 seconds
add_point_mass took: 0.000 seconds
2pt_like took: 0.021 seconds
source_photoz_bias took: 0.001 seconds
pk_to_cl took: 0.483 seconds


Parameters first used in each module:
consistency - 5 parameters:
     cosmological_parameters--ombh2
     cosmological_parameters--omch2
     cosmological_parameters--h0
     cosmological_parameters--mnu
     cosmological_parameters--s_8
bbn_consistency - 0 parameters:
s8_to_sigma8 - 0 parameters:
camb - 2 parameters:
     cosmological_parameters--n_s
     halo_model_parameters--logt_agn
as_to_log1e10as - 0 parameters:
fast_pt - 0 parameters:
fits_nz - 0 parameters:
lens_photoz_width - 4 parameters:
     lens_photoz_errors--width_1
     lens_photoz_errors--width_2
     lens_photoz_errors--width_3
     lens_photoz_errors--width_4
lens_photoz_bias - 4 parameters:
     lens_photoz_errors--bias_1
     lens_photoz_errors--bias_2
     lens_photoz_errors--bias_3
     lens_photoz_errors--bias_4
source_photoz_bias - 4 parameters:
     wl_photoz_errors--bias_1
     wl_photoz_errors--bias_2
     wl_photoz_errors--bias_3
     wl_photoz_errors--bias_4
IA - 5 parameters:
     intrinsic_alignment_parameters--a1
     intrinsic_alignment_parameters--a2
     intrinsic_alignment_parameters--alpha1
     intrinsic_alignment_parameters--alpha2
     intrinsic_alignment_parameters--bias_ta
pk_to_cl_gg - 4 parameters:
     bias_lens--b1
     bias_lens--b2
     bias_lens--b3
shear_ratio_like took: 0.001 seconds
Total pipeline time: 57.7 seconds
     bias_lens--b4
pk_to_cl - 0 parameters:
add_magnification - 0 parameters:
add_intrinsic - 0 parameters:
2pt_shear - 0 parameters:
2pt_gal - 0 parameters:
2pt_gal_shear - 0 parameters:
shear_m_bias - 4 parameters:
     shear_calibration_parameters--m1
     shear_calibration_parameters--m2
     shear_calibration_parameters--m3
     shear_calibration_parameters--m4
add_point_mass - 0 parameters:
2pt_like - 0 parameters:
shear_ratio_like - 0 parameters:
Results - 0 parameters:
You manually told me in the parameter file to use module 18 as the first in the fast block
Time for full pipeline:  57.54s
Time for slow pipeline:  57.52s
Time for fast pipeline:  0.02s
Time saving: 99.96%

Based on this we have decided: 
   Slow modules (18):
        consistency
        bbn_consistency
        s8_to_sigma8
        camb
        as_to_log1e10as
        fast_pt
        fits_nz
        lens_photoz_width
        lens_photoz_bias
        source_photoz_bias
        IA
        pk_to_cl_gg
        pk_to_cl
        add_magnification
        add_intrinsic
        2pt_shear
        2pt_gal
        2pt_gal_shear
   Fast modules (4):
        shear_m_bias
        add_point_mass
        2pt_like
        shear_ratio_like
   Slow parameters (28):
        cosmological_parameters--ombh2
        cosmological_parameters--omch2
        cosmological_parameters--h0
        cosmological_parameters--mnu
        cosmological_parameters--s_8
        cosmological_parameters--n_s
        halo_model_parameters--logt_agn
        lens_photoz_errors--width_1
        lens_photoz_errors--width_2
        lens_photoz_errors--width_3
        lens_photoz_errors--width_4
        lens_photoz_errors--bias_1
        lens_photoz_errors--bias_2
        lens_photoz_errors--bias_3
        lens_photoz_errors--bias_4
        wl_photoz_errors--bias_1
        wl_photoz_errors--bias_2
        wl_photoz_errors--bias_3
        wl_photoz_errors--bias_4
        intrinsic_alignment_parameters--a1
        intrinsic_alignment_parameters--a2
        intrinsic_alignment_parameters--alpha1
        intrinsic_alignment_parameters--alpha2
        intrinsic_alignment_parameters--bias_ta
        bias_lens--b1
        bias_lens--b2
        bias_lens--b3
        bias_lens--b4
   Fast parameters (4):
        shear_calibration_parameters--m1
        shear_calibration_parameters--m2
        shear_calibration_parameters--m3
        shear_calibration_parameters--m4


pk_to_cl took: 0.485 seconds
IA took: 0.030 seconds
add_magnification took: 0.005 seconds
2pt_gal took: 0.029 seconds
add_magnification took: 0.005 seconds
add_intrinsic took: 0.002 seconds
2pt_gal took: 0.029 seconds
add_intrinsic took: 0.002 seconds


Parameters first used in each module:
consistency - 5 parameters:
     cosmological_parameters--ombh2
     cosmological_parameters--omch2
     cosmological_parameters--h0
     cosmological_parameters--mnu
     cosmological_parameters--s_8
bbn_consistency - 0 parameters:
s8_to_sigma8 - 0 parameters:
camb - 2 parameters:
     cosmological_parameters--n_s
     halo_model_parameters--logt_agn
as_to_log1e10as - 0 parameters:
fast_pt - 0 parameters:
fits_nz - 0 parameters:
lens_photoz_width - 4 parameters:
     lens_photoz_errors--width_1
     lens_photoz_errors--width_2
     lens_photoz_errors--width_3
     lens_photoz_errors--width_4
lens_photoz_bias - 4 parameters:
     lens_photoz_errors--bias_1
     lens_photoz_errors--bias_2
     lens_photoz_errors--bias_3
     lens_photoz_errors--bias_4
source_photoz_bias - 4 parameters:
     wl_photoz_errors--bias_1
     wl_photoz_errors--bias_2
     wl_photoz_errors--bias_3
     wl_photoz_errors--bias_4
IA - 5 parameters:
     intrinsic_alignment_parameters--a1
     intrinsic_alignment_parameters--a2
     intrinsic_alignment_parameters--alpha1
     intrinsic_alignment_parameters--alpha2
     intrinsic_alignment_parameters--bias_ta
pk_to_cl_gg - 4 parameters:
     bias_lens--b1
     bias_lens--b2
     bias_lens--b3
     bias_lens--b4
pk_to_cl - 0 parameters:
add_magnification - 0 parameters:
add_intrinsic - 0 parameters:
2pt_shear - 0 parameters:
2pt_gal - 0 parameters:
2pt_gal_shear - 0 parameters:
shear_m_bias - 4 parameters:
     shear_calibration_parameters--m1
     shear_calibration_parameters--m2
     shear_calibration_parameters--m3
     shear_calibration_parameters--m4
add_point_mass - 0 parameters:
2pt_like - 0 parameters:
shear_ratio_like - 0 parameters:
Results - 0 parameters:
You manually told me in the parameter file to use module 18 as the first in the fast block
Time for full pipeline:  57.70s
Time for slow pipeline:  57.67s
Time for fast pipeline:  0.02s
Time saving: 99.96%

Based on this we have decided: 
   Slow modules (18):
        consistency
        bbn_consistency
        s8_to_sigma8
        camb
        as_to_log1e10as
        fast_pt
        fits_nz
        lens_photoz_width
        lens_photoz_bias
        source_photoz_bias
        IA
        pk_to_cl_gg
        pk_to_cl
        add_magnification
        add_intrinsic
        2pt_shear
        2pt_gal
        2pt_gal_shear
   Fast modules (4):
        shear_m_bias
        add_point_mass
        2pt_like
        shear_ratio_like
   Slow parameters (28):
        cosmological_parameters--ombh2
        cosmological_parameters--omch2
        cosmological_parameters--h0
        cosmological_parameters--mnu
        cosmological_parameters--s_8
        cosmological_parameters--n_s
        halo_model_parameters--logt_agn
        lens_photoz_errors--width_1
        lens_photoz_errors--width_2
        lens_photoz_errors--width_3
        lens_photoz_errors--width_4
        lens_photoz_errors--bias_1
        lens_photoz_errors--bias_2
        lens_photoz_errors--bias_3
        lens_photoz_errors--bias_4
        wl_photoz_errors--bias_1
        wl_photoz_errors--bias_2
        wl_photoz_errors--bias_3
        wl_photoz_errors--bias_4
        intrinsic_alignment_parameters--a1
        intrinsic_alignment_parameters--a2
        intrinsic_alignment_parameters--alpha1
        intrinsic_alignment_parameters--alpha2
        intrinsic_alignment_parameters--bias_ta
        bias_lens--b1
        bias_lens--b2
        bias_lens--b3
        bias_lens--b4
   Fast parameters (4):
        shear_calibration_parameters--m1
        shear_calibration_parameters--m2
        shear_calibration_parameters--m3
        shear_calibration_parameters--m4


Using two grades of parameter speed in polychord.
Telling Polychord to spend fraction 0.1 if its time in the fast subspace (adjust with fast_fraction option)
Polychord num_repeats = 74  (from parameter file)
2pt_shear took: 0.095 seconds
IA took: 0.025 seconds
2pt_like took: 0.025 seconds
shear_ratio_like took: 0.001 seconds
Total pipeline time: 57.8 seconds
pk_to_cl took: 0.510 seconds
Using two grades of parameter speed in polychord.
Telling Polychord to spend fraction 0.1 if its time in the fast subspace (adjust with fast_fraction option)
Polychord num_repeats = 74  (from parameter file)
pk_to_cl_gg took: 0.952 seconds
add_magnification took: 0.005 seconds
add_intrinsic took: 0.002 seconds


Parameters first used in each module:
consistency - 5 parameters:
     cosmological_parameters--ombh2
     cosmological_parameters--omch2
     cosmological_parameters--h0
     cosmological_parameters--mnu
     cosmological_parameters--s_8
bbn_consistency - 0 parameters:
s8_to_sigma8 - 0 parameters:
camb - 2 parameters:
     cosmological_parameters--n_s
     halo_model_parameters--logt_agn
as_to_log1e10as - 0 parameters:
fast_pt - 0 parameters:
fits_nz - 0 parameters:
lens_photoz_width - 4 parameters:
     lens_photoz_errors--width_1
     lens_photoz_errors--width_2
     lens_photoz_errors--width_3
     lens_photoz_errors--width_4
lens_photoz_bias - 4 parameters:
     lens_photoz_errors--bias_1
     lens_photoz_errors--bias_2
     lens_photoz_errors--bias_3
     lens_photoz_errors--bias_4
source_photoz_bias - 4 parameters:
     wl_photoz_errors--bias_1
     wl_photoz_errors--bias_2
     wl_photoz_errors--bias_3
     wl_photoz_errors--bias_4
IA - 5 parameters:
     intrinsic_alignment_parameters--a1
     intrinsic_alignment_parameters--a2
     intrinsic_alignment_parameters--alpha1
     intrinsic_alignment_parameters--alpha2
     intrinsic_alignment_parameters--bias_ta
pk_to_cl_gg - 4 parameters:
     bias_lens--b1
     bias_lens--b2
     bias_lens--b3
     bias_lens--b4
pk_to_cl - 0 parameters:
add_magnification - 0 parameters:
add_intrinsic - 0 parameters:
2pt_shear - 0 parameters:
2pt_gal - 0 parameters:
2pt_gal_shear - 0 parameters:
shear_m_bias - 4 parameters:
     shear_calibration_parameters--m1
     shear_calibration_parameters--m2
     shear_calibration_parameters--m3
     shear_calibration_parameters--m4
add_point_mass - 0 parameters:
2pt_like - 0 parameters:
shear_ratio_like - 0 parameters:
Results - 0 parameters:
You manually told me in the parameter file to use module 18 as the first in the fast block
Time for full pipeline:  57.82s
Time for slow pipeline:  57.79s
Time for fast pipeline:  0.03s
Time saving: 99.95%

Based on this we have decided: 
   Slow modules (18):
        consistency
        bbn_consistency
        s8_to_sigma8
        camb
        as_to_log1e10as
        fast_pt
        fits_nz
        lens_photoz_width
        lens_photoz_bias
        source_photoz_bias
        IA
        pk_to_cl_gg
        pk_to_cl
        add_magnification
        add_intrinsic
        2pt_shear
        2pt_gal
        2pt_gal_shear
   Fast modules (4):
        shear_m_bias
        add_point_mass
        2pt_like
        shear_ratio_like
   Slow parameters (28):
        cosmological_parameters--ombh2
        cosmological_parameters--omch2
        cosmological_parameters--h0
        cosmological_parameters--mnu
        cosmological_parameters--s_8
        cosmological_parameters--n_s
        halo_model_parameters--logt_agn
        lens_photoz_errors--width_1
        lens_photoz_errors--width_2
        lens_photoz_errors--width_3
        lens_photoz_errors--width_4
        lens_photoz_errors--bias_1
        lens_photoz_errors--bias_2
        lens_photoz_errors--bias_3
        lens_photoz_errors--bias_4
        wl_photoz_errors--bias_1
        wl_photoz_errors--bias_2
        wl_photoz_errors--bias_3
        wl_photoz_errors--bias_4
        intrinsic_alignment_parameters--a1
        intrinsic_alignment_parameters--a2
        intrinsic_alignment_parameters--alpha1
        intrinsic_alignment_parameters--alpha2
        intrinsic_alignment_parameters--bias_ta
        bias_lens--b1
        bias_lens--b2
        bias_lens--b3
        bias_lens--b4
   Fast parameters (4):
        shear_calibration_parameters--m1
        shear_calibration_parameters--m2
        shear_calibration_parameters--m3
        shear_calibration_parameters--m4


pk_to_cl took: 0.491 seconds
pk_to_cl took: 0.489 seconds
2pt_gal took: 0.028 seconds
pk_to_cl_gg took: 0.951 seconds
add_magnification took: 0.005 seconds
add_magnification took: 0.005 seconds
add_intrinsic took: 0.002 seconds
add_intrinsic took: 0.002 seconds
2pt_shear took: 0.096 seconds
2pt_shear took: 0.096 seconds
pk_to_cl took: 0.527 seconds
Using two grades of parameter speed in polychord.
Telling Polychord to spend fraction 0.1 if its time in the fast subspace (adjust with fast_fraction option)
Polychord num_repeats = 74  (from parameter file)
2pt_shear took: 0.098 seconds
add_magnification took: 0.005 seconds
add_intrinsic took: 0.002 seconds
pk_to_cl took: 0.515 seconds
2pt_gal_shear took: 0.110 seconds
shear_m_bias took: 0.002 seconds
add_point_mass took: 0.000 seconds
add_magnification took: 0.005 seconds
add_intrinsic took: 0.003 seconds
2pt_gal took: 0.028 seconds
2pt_gal took: 0.028 seconds
2pt_like took: 0.020 seconds
shear_ratio_like took: 0.001 seconds
Total pipeline time: 56.5 seconds
pk_to_cl took: 0.508 seconds
2pt_gal took: 0.029 seconds
camb took: 56.431 seconds
as_to_log1e10as took: 0.000 seconds
add_magnification took: 0.005 seconds
2pt_gal_shear took: 0.110 seconds
shear_m_bias took: 0.002 seconds
add_point_mass took: 0.000 seconds
add_intrinsic took: 0.003 seconds
2pt_shear took: 0.095 seconds


Parameters first used in each module:
consistency - 5 parameters:
     cosmological_parameters--ombh2
     cosmological_parameters--omch2
     cosmological_parameters--h0
     cosmological_parameters--mnu
     cosmological_parameters--s_8
bbn_consistency - 0 parameters:
s8_to_sigma8 - 0 parameters:
camb - 2 parameters:
     cosmological_parameters--n_s
     halo_model_parameters--logt_agn
as_to_log1e10as - 0 parameters:
fast_pt - 0 parameters:
fits_nz - 0 parameters:
lens_photoz_width - 4 parameters:
     lens_photoz_errors--width_1
     lens_photoz_errors--width_2
     lens_photoz_errors--width_3
     lens_photoz_errors--width_4
lens_photoz_bias - 4 parameters:
     lens_photoz_errors--bias_1
     lens_photoz_errors--bias_2
     lens_photoz_errors--bias_3
     lens_photoz_errors--bias_4
source_photoz_bias - 4 parameters:
     wl_photoz_errors--bias_1
     wl_photoz_errors--bias_2
     wl_photoz_errors--bias_3
     wl_photoz_errors--bias_4
IA - 5 parameters:
     intrinsic_alignment_parameters--a1
     intrinsic_alignment_parameters--a2
     intrinsic_alignment_parameters--alpha1
     intrinsic_alignment_parameters--alpha2
     intrinsic_alignment_parameters--bias_ta
pk_to_cl_gg - 4 parameters:
     bias_lens--b1
     bias_lens--b2
     bias_lens--b3
     bias_lens--b4
pk_to_cl - 0 parameters:
add_magnification - 0 parameters:
add_intrinsic - 0 parameters:
2pt_shear - 0 parameters:
2pt_gal - 0 parameters:
2pt_gal_shear - 0 parameters:
shear_m_bias - 4 parameters:
     shear_calibration_parameters--m1
     shear_calibration_parameters--m2
     shear_calibration_parameters--m3
     shear_calibration_parameters--m4
add_point_mass - 0 parameters:
2pt_like - 0 parameters:
shear_ratio_like - 0 parameters:
Results - 0 parameters:
You manually told me in the parameter file to use module 18 as the first in the fast block
Time for full pipeline:  56.48s
Time for slow pipeline:  56.45s
Time for fast pipeline:  0.02s
Time saving: 99.96%

Based on this we have decided: 
   Slow modules (18):
        consistency
        bbn_consistency
        s8_to_sigma8
        camb
        as_to_log1e10as
        fast_pt
        fits_nz
        lens_photoz_width
        lens_photoz_bias
        source_photoz_bias
        IA
        pk_to_cl_gg
        pk_to_cl
        add_magnification
        add_intrinsic
        2pt_shear
        2pt_gal
        2pt_gal_shear
   Fast modules (4):
        shear_m_bias
        add_point_mass
        2pt_like
        shear_ratio_like
   Slow parameters (28):
        cosmological_parameters--ombh2
        cosmological_parameters--omch2
        cosmological_parameters--h0
        cosmological_parameters--mnu
        cosmological_parameters--s_8
        cosmological_parameters--n_s
        halo_model_parameters--logt_agn
        lens_photoz_errors--width_1
        lens_photoz_errors--width_2
        lens_photoz_errors--width_3
        lens_photoz_errors--width_4
        lens_photoz_errors--bias_1
        lens_photoz_errors--bias_2
        lens_photoz_errors--bias_3
        lens_photoz_errors--bias_4
        wl_photoz_errors--bias_1
        wl_photoz_errors--bias_2
        wl_photoz_errors--bias_3
        wl_photoz_errors--bias_4
        intrinsic_alignment_parameters--a1
        intrinsic_alignment_parameters--a2
        intrinsic_alignment_parameters--alpha1
        intrinsic_alignment_parameters--alpha2
        intrinsic_alignment_parameters--bias_ta
        bias_lens--b1
        bias_lens--b2
        bias_lens--b3
        bias_lens--b4
   Fast parameters (4):
        shear_calibration_parameters--m1
        shear_calibration_parameters--m2
        shear_calibration_parameters--m3
        shear_calibration_parameters--m4


2pt_shear took: 0.101 seconds
pk_to_cl took: 0.490 seconds
add_magnification took: 0.005 seconds
add_intrinsic took: 0.002 seconds
2pt_gal_shear took: 0.114 seconds
Using two grades of parameter speed in polychord.
Telling Polychord to spend fraction 0.1 if its time in the fast subspace (adjust with fast_fraction option)
shear_m_bias took: 0.002 seconds
add_point_mass took: 0.000 seconds
Polychord num_repeats = 74  (from parameter file)
2pt_like took: 0.018 seconds
2pt_gal_shear took: 0.113 seconds
shear_ratio_like took: 0.001 seconds
Total pipeline time: 57.7 seconds
Using two grades of parameter speed in polychord.
Telling Polychord to spend fraction 0.1 if its time in the fast subspace (adjust with fast_fraction option)
shear_m_bias took: 0.002 seconds
Polychord num_repeats = 74  (from parameter file)
add_point_mass took: 0.000 seconds
pk_to_cl_gg took: 1.044 seconds
2pt_shear took: 0.098 seconds
Using two grades of parameter speed in polychord.
Telling Polychord to spend fraction 0.1 if its time in the fast subspace (adjust with fast_fraction option)
2pt_gal took: 0.027 seconds
Polychord num_repeats = 74  (from parameter file)


Parameters first used in each module:
consistency - 5 parameters:
     cosmological_parameters--ombh2
     cosmological_parameters--omch2
     cosmological_parameters--h0
     cosmological_parameters--mnu
     cosmological_parameters--s_8
bbn_consistency - 0 parameters:
s8_to_sigma8 - 0 parameters:
camb - 2 parameters:
     cosmological_parameters--n_s
     halo_model_parameters--logt_agn
as_to_log1e10as - 0 parameters:
fast_pt - 0 parameters:
fits_nz - 0 parameters:
lens_photoz_width - 4 parameters:
     lens_photoz_errors--width_1
     lens_photoz_errors--width_2
     lens_photoz_errors--width_3
     lens_photoz_errors--width_4
lens_photoz_bias - 4 parameters:
     lens_photoz_errors--bias_1
     lens_photoz_errors--bias_2
     lens_photoz_errors--bias_3
     lens_photoz_errors--bias_4
source_photoz_bias - 4 parameters:
     wl_photoz_errors--bias_1
     wl_photoz_errors--bias_2
     wl_photoz_errors--bias_3
     wl_photoz_errors--bias_4
IA - 5 parameters:
     intrinsic_alignment_parameters--a1
     intrinsic_alignment_parameters--a2
     intrinsic_alignment_parameters--alpha1
     intrinsic_alignment_parameters--alpha2
     intrinsic_alignment_parameters--bias_ta
pk_to_cl_gg - 4 parameters:
     bias_lens--b1
     bias_lens--b2
     bias_lens--b3
     bias_lens--b4
pk_to_cl - 0 parameters:
add_magnification - 0 parameters:
add_intrinsic - 0 parameters:
2pt_shear - 0 parameters:
2pt_gal - 0 parameters:
2pt_gal_shear - 0 parameters:
shear_m_bias - 4 parameters:
     shear_calibration_parameters--m1
     shear_calibration_parameters--m2
     shear_calibration_parameters--m3
     shear_calibration_parameters--m4
add_point_mass - 0 parameters:
2pt_like - 0 parameters:
shear_ratio_like - 0 parameters:
Results - 0 parameters:
You manually told me in the parameter file to use module 18 as the first in the fast block
Time for full pipeline:  57.74s
Time for slow pipeline:  57.72s
Time for fast pipeline:  0.02s
Time saving: 99.96%

Based on this we have decided: 
   Slow modules (18):
        consistency
        bbn_consistency
        s8_to_sigma8
        camb
        as_to_log1e10as
        fast_pt
        fits_nz
        lens_photoz_width
        lens_photoz_bias
        source_photoz_bias
        IA
        pk_to_cl_gg
        pk_to_cl
        add_magnification
        add_intrinsic
        2pt_shear
        2pt_gal
        2pt_gal_shear
   Fast modules (4):
        shear_m_bias
        add_point_mass
        2pt_like
        shear_ratio_like
   Slow parameters (28):
        cosmological_parameters--ombh2
        cosmological_parameters--omch2
        cosmological_parameters--h0
        cosmological_parameters--mnu
        cosmological_parameters--s_8
        cosmological_parameters--n_s
        halo_model_parameters--logt_agn
        lens_photoz_errors--width_1
        lens_photoz_errors--width_2
        lens_photoz_errors--width_3
        lens_photoz_errors--width_4
        lens_photoz_errors--bias_1
        lens_photoz_errors--bias_2
        lens_photoz_errors--bias_3
        lens_photoz_errors--bias_4
        wl_photoz_errors--bias_1
        wl_photoz_errors--bias_2
        wl_photoz_errors--bias_3
        wl_photoz_errors--bias_4
        intrinsic_alignment_parameters--a1
        intrinsic_alignment_parameters--a2
        intrinsic_alignment_parameters--alpha1
        intrinsic_alignment_parameters--alpha2
        intrinsic_alignment_parameters--bias_ta
        bias_lens--b1
        bias_lens--b2
        bias_lens--b3
        bias_lens--b4
   Fast parameters (4):
        shear_calibration_parameters--m1
        shear_calibration_parameters--m2
        shear_calibration_parameters--m3
        shear_calibration_parameters--m4


Using two grades of parameter speed in polychord.
Telling Polychord to spend fraction 0.1 if its time in the fast subspace (adjust with fast_fraction option)
Polychord num_repeats = 74  (from parameter file)
2pt_gal took: 0.030 seconds
2pt_like took: 0.020 seconds
shear_ratio_like took: 0.001 seconds
Total pipeline time: 58.2 seconds
2pt_like took: 0.021 seconds
Using two grades of parameter speed in polychord.
Telling Polychord to spend fraction 0.1 if its time in the fast subspace (adjust with fast_fraction option)
Polychord num_repeats = 74  (from parameter file)
shear_ratio_like took: 0.001 seconds
Total pipeline time: 57.5 seconds
pk_to_cl took: 0.506 seconds


Parameters first used in each module:
consistency - 5 parameters:
     cosmological_parameters--ombh2
     cosmological_parameters--omch2
     cosmological_parameters--h0
     cosmological_parameters--mnu
     cosmological_parameters--s_8
bbn_consistency - 0 parameters:
s8_to_sigma8 - 0 parameters:
camb - 2 parameters:
     cosmological_parameters--n_s
     halo_model_parameters--logt_agn
as_to_log1e10as - 0 parameters:
fast_pt - 0 parameters:
fits_nz - 0 parameters:
lens_photoz_width - 4 parameters:
     lens_photoz_errors--width_1
     lens_photoz_errors--width_2
     lens_photoz_errors--width_3
     lens_photoz_errors--width_4
lens_photoz_bias - 4 parameters:
     lens_photoz_errors--bias_1
     lens_photoz_errors--bias_2
     lens_photoz_errors--bias_3
     lens_photoz_errors--bias_4
source_photoz_bias - 4 parameters:
     wl_photoz_errors--bias_1
     wl_photoz_errors--bias_2
     wl_photoz_errors--bias_3
     wl_photoz_errors--bias_4
IA - 5 parameters:
     intrinsic_alignment_parameters--a1
     intrinsic_alignment_parameters--a2
     intrinsic_alignment_parameters--alpha1
     intrinsic_alignment_parameters--alpha2
     intrinsic_alignment_parameters--bias_ta
pk_to_cl_gg - 4 parameters:
     bias_lens--b1
     bias_lens--b2
     bias_lens--b3
     bias_lens--b4
pk_to_cl - 0 parameters:
add_magnification - 0 parameters:
add_intrinsic - 0 parameters:
2pt_shear - 0 parameters:
2pt_gal - 0 parameters:
2pt_gal_shear - 0 parameters:
shear_m_bias - 4 parameters:
     shear_calibration_parameters--m1
     shear_calibration_parameters--m2
     shear_calibration_parameters--m3
     shear_calibration_parameters--m4
add_point_mass - 0 parameters:
2pt_like - 0 parameters:
shear_ratio_like - 0 parameters:
Results - 0 parameters:
You manually told me in the parameter file to use module 18 as the first in the fast block
Time for full pipeline:  58.23s
Time for slow pipeline:  58.20s
Time for fast pipeline:  0.02s
Time saving: 99.96%

Based on this we have decided: 
   Slow modules (18):
        consistency
        bbn_consistency
        s8_to_sigma8
        camb
        as_to_log1e10as
        fast_pt
        fits_nz
        lens_photoz_width
        lens_photoz_bias
        source_photoz_bias
        IA
        pk_to_cl_gg
        pk_to_cl
        add_magnification
        add_intrinsic
        2pt_shear
        2pt_gal
        2pt_gal_shear
   Fast modules (4):
        shear_m_bias
        add_point_mass
        2pt_like
        shear_ratio_like
   Slow parameters (28):
        cosmological_parameters--ombh2
        cosmological_parameters--omch2
        cosmological_parameters--h0
        cosmological_parameters--mnu
        cosmological_parameters--s_8
        cosmological_parameters--n_s
        halo_model_parameters--logt_agn
        lens_photoz_errors--width_1
        lens_photoz_errors--width_2
        lens_photoz_errors--width_3
        lens_photoz_errors--width_4
        lens_photoz_errors--bias_1
        lens_photoz_errors--bias_2
        lens_photoz_errors--bias_3
        lens_photoz_errors--bias_4
        wl_photoz_errors--bias_1
        wl_photoz_errors--bias_2
        wl_photoz_errors--bias_3
        wl_photoz_errors--bias_4
        intrinsic_alignment_parameters--a1
        intrinsic_alignment_parameters--a2
        intrinsic_alignment_parameters--alpha1
        intrinsic_alignment_parameters--alpha2
        intrinsic_alignment_parameters--bias_ta
        bias_lens--b1
        bias_lens--b2
        bias_lens--b3
        bias_lens--b4
   Fast parameters (4):
        shear_calibration_parameters--m1
        shear_calibration_parameters--m2
        shear_calibration_parameters--m3
        shear_calibration_parameters--m4


pk_to_cl took: 0.491 seconds


Parameters first used in each module:
consistency - 5 parameters:
     cosmological_parameters--ombh2
     cosmological_parameters--omch2
     cosmological_parameters--h0
     cosmological_parameters--mnu
     cosmological_parameters--s_8
bbn_consistency - 0 parameters:
s8_to_sigma8 - 0 parameters:
camb - 2 parameters:
     cosmological_parameters--n_s
     halo_model_parameters--logt_agn
as_to_log1e10as - 0 parameters:
fast_pt - 0 parameters:
fits_nz - 0 parameters:
lens_photoz_width - 4 parameters:
     lens_photoz_errors--width_1
     lens_photoz_errors--width_2
     lens_photoz_errors--width_3
     lens_photoz_errors--width_4
lens_photoz_bias - 4 parameters:
     lens_photoz_errors--bias_1
     lens_photoz_errors--bias_2
     lens_photoz_errors--bias_3
     lens_photoz_errors--bias_4
source_photoz_bias - 4 parameters:
     wl_photoz_errors--bias_1
     wl_photoz_errors--bias_2
     wl_photoz_errors--bias_3
     wl_photoz_errors--bias_4
IA - 5 parameters:
     intrinsic_alignment_parameters--a1
     intrinsic_alignment_parameters--a2
     intrinsic_alignment_parameters--alpha1
     intrinsic_alignment_parameters--alpha2
     intrinsic_alignment_parameters--bias_ta
pk_to_cl_gg - 4 parameters:
     bias_lens--b1
     bias_lens--b2
     bias_lens--b3
     bias_lens--b4
pk_to_cl - 0 parameters:
add_magnification - 0 parameters:
add_intrinsic - 0 parameters:
2pt_shear - 0 parameters:
2pt_gal - 0 parameters:
2pt_gal_shear - 0 parameters:
shear_m_bias - 4 parameters:
     shear_calibration_parameters--m1
     shear_calibration_parameters--m2
     shear_calibration_parameters--m3
     shear_calibration_parameters--m4
add_point_mass - 0 parameters:
2pt_like - 0 parameters:
shear_ratio_like - 0 parameters:
Results - 0 parameters:
You manually told me in the parameter file to use module 18 as the first in the fast block
Time for full pipeline:  57.53s
Time for slow pipeline:  57.51s
Time for fast pipeline:  0.02s
Time saving: 99.96%

Based on this we have decided: 
   Slow modules (18):
        consistency
        bbn_consistency
        s8_to_sigma8
        camb
        as_to_log1e10as
        fast_pt
        fits_nz
        lens_photoz_width
        lens_photoz_bias
        source_photoz_bias
        IA
        pk_to_cl_gg
        pk_to_cl
        add_magnification
        add_intrinsic
        2pt_shear
        2pt_gal
        2pt_gal_shear
   Fast modules (4):
add_magnification took: 0.005 seconds
        shear_m_bias
        add_point_mass
        2pt_like
        shear_ratio_like
   Slow parameters (28):
        cosmological_parameters--ombh2
        cosmological_parameters--omch2
        cosmological_parameters--h0
        cosmological_parameters--mnu
        cosmological_parameters--s_8
        cosmological_parameters--n_s
        halo_model_parameters--logt_agn
        lens_photoz_errors--width_1
        lens_photoz_errors--width_2
        lens_photoz_errors--width_3
        lens_photoz_errors--width_4
        lens_photoz_errors--bias_1
        lens_photoz_errors--bias_2
        lens_photoz_errors--bias_3
        lens_photoz_errors--bias_4
        wl_photoz_errors--bias_1
        wl_photoz_errors--bias_2
        wl_photoz_errors--bias_3
        wl_photoz_errors--bias_4
        intrinsic_alignment_parameters--a1
        intrinsic_alignment_parameters--a2
        intrinsic_alignment_parameters--alpha1
        intrinsic_alignment_parameters--alpha2
        intrinsic_alignment_parameters--bias_ta
        bias_lens--b1
        bias_lens--b2
        bias_lens--b3
        bias_lens--b4
   Fast parameters (4):
        shear_calibration_parameters--m1
        shear_calibration_parameters--m2
        shear_calibration_parameters--m3
        shear_calibration_parameters--m4


2pt_shear took: 0.100 seconds
2pt_shear took: 0.101 seconds
add_intrinsic took: 0.003 seconds
add_magnification took: 0.005 seconds
2pt_gal took: 0.029 seconds
2pt_gal_shear took: 0.111 seconds
add_intrinsic took: 0.002 seconds
shear_m_bias took: 0.002 seconds
add_point_mass took: 0.000 seconds
2pt_shear took: 0.096 seconds
pk_to_cl took: 0.512 seconds
2pt_shear took: 0.096 seconds
add_magnification took: 0.005 seconds
add_intrinsic took: 0.002 seconds
Using two grades of parameter speed in polychord.
Telling Polychord to spend fraction 0.1 if its time in the fast subspace (adjust with fast_fraction option)
Polychord num_repeats = 74  (from parameter file)
2pt_like took: 0.021 seconds
shear_ratio_like took: 0.001 seconds
Total pipeline time: 56.9 seconds
2pt_gal took: 0.030 seconds
2pt_gal took: 0.030 seconds
Using two grades of parameter speed in polychord.
Telling Polychord to spend fraction 0.1 if its time in the fast subspace (adjust with fast_fraction option)
Polychord num_repeats = 74  (from parameter file)
fast_pt took: 0.095 seconds
fits_nz took: 0.000 seconds
lens_photoz_width took: 0.001 seconds
2pt_gal took: 0.028 seconds
lens_photoz_bias took: 0.001 seconds
source_photoz_bias took: 0.001 seconds
2pt_gal_shear took: 0.110 seconds


Parameters first used in each module:
consistency - 5 parameters:
     cosmological_parameters--ombh2
     cosmological_parameters--omch2
     cosmological_parameters--h0
     cosmological_parameters--mnu
     cosmological_parameters--s_8
bbn_consistency - 0 parameters:
s8_to_sigma8 - 0 parameters:
camb - 2 parameters:
     cosmological_parameters--n_s
     halo_model_parameters--logt_agn
as_to_log1e10as - 0 parameters:
fast_pt - 0 parameters:
fits_nz - 0 parameters:
lens_photoz_width - 4 parameters:
     lens_photoz_errors--width_1
     lens_photoz_errors--width_2
     lens_photoz_errors--width_3
     lens_photoz_errors--width_4
lens_photoz_bias - 4 parameters:
     lens_photoz_errors--bias_1
     lens_photoz_errors--bias_2
     lens_photoz_errors--bias_3
     lens_photoz_errors--bias_4
source_photoz_bias - 4 parameters:
     wl_photoz_errors--bias_1
     wl_photoz_errors--bias_2
     wl_photoz_errors--bias_3
     wl_photoz_errors--bias_4
IA - 5 parameters:
     intrinsic_alignment_parameters--a1
     intrinsic_alignment_parameters--a2
     intrinsic_alignment_parameters--alpha1
     intrinsic_alignment_parameters--alpha2
     intrinsic_alignment_parameters--bias_ta
pk_to_cl_gg - 4 parameters:
     bias_lens--b1
     bias_lens--b2
     bias_lens--b3
     bias_lens--b4
pk_to_cl - 0 parameters:
add_magnification - 0 parameters:
add_intrinsic - 0 parameters:
2pt_shear - 0 parameters:
2pt_gal - 0 parameters:
2pt_gal_shear - 0 parameters:
shear_m_bias - 4 parameters:
     shear_calibration_parameters--m1
     shear_calibration_parameters--m2
     shear_calibration_parameters--m3
     shear_calibration_parameters--m4
add_point_mass - 0 parameters:
2pt_like - 0 parameters:
shear_ratio_like - 0 parameters:
Results - 0 parameters:
You manually told me in the parameter file to use module 18 as the first in the fast block
Time for full pipeline:  56.85s
Time for slow pipeline:  56.83s
Time for fast pipeline:  0.02s
Time saving: 99.96%

Based on this we have decided: 
   Slow modules (18):
        consistency
        bbn_consistency
        s8_to_sigma8
        camb
        as_to_log1e10as
        fast_pt
        fits_nz
        lens_photoz_width
        lens_photoz_bias
        source_photoz_bias
        IA
        pk_to_cl_gg
        pk_to_cl
        add_magnification
        add_intrinsic
        2pt_shear
        2pt_gal
        2pt_gal_shear
   Fast modules (4):
        shear_m_bias
        add_point_mass
        2pt_like
        shear_ratio_like
   Slow parameters (28):
        cosmological_parameters--ombh2
        cosmological_parameters--omch2
        cosmological_parameters--h0
        cosmological_parameters--mnu
        cosmological_parameters--s_8
        cosmological_parameters--n_s
        halo_model_parameters--logt_agn
        lens_photoz_errors--width_1
        lens_photoz_errors--width_2
        lens_photoz_errors--width_3
        lens_photoz_errors--width_4
        lens_photoz_errors--bias_1
        lens_photoz_errors--bias_2
        lens_photoz_errors--bias_3
        lens_photoz_errors--bias_4
        wl_photoz_errors--bias_1
        wl_photoz_errors--bias_2
        wl_photoz_errors--bias_3
        wl_photoz_errors--bias_4
        intrinsic_alignment_parameters--a1
        intrinsic_alignment_parameters--a2
        intrinsic_alignment_parameters--alpha1
        intrinsic_alignment_parameters--alpha2
        intrinsic_alignment_parameters--bias_ta
        bias_lens--b1
        bias_lens--b2
        bias_lens--b3
        bias_lens--b4
   Fast parameters (4):
        shear_calibration_parameters--m1
        shear_calibration_parameters--m2
        shear_calibration_parameters--m3
        shear_calibration_parameters--m4


shear_m_bias took: 0.002 seconds
add_point_mass took: 0.000 seconds
2pt_gal_shear took: 0.111 seconds
Using two grades of parameter speed in polychord.
Telling Polychord to spend fraction 0.1 if its time in the fast subspace (adjust with fast_fraction option)
Polychord num_repeats = 74  (from parameter file)
shear_m_bias took: 0.002 seconds
add_point_mass took: 0.000 seconds
2pt_shear took: 0.098 seconds
2pt_gal took: 0.029 seconds
Using two grades of parameter speed in polychord.
Telling Polychord to spend fraction 0.1 if its time in the fast subspace (adjust with fast_fraction option)
Polychord num_repeats = 74  (from parameter file)
2pt_gal_shear took: 0.115 seconds
shear_m_bias took: 0.002 seconds
add_point_mass took: 0.000 seconds
2pt_shear took: 0.097 seconds
Using two grades of parameter speed in polychord.
Telling Polychord to spend fraction 0.1 if its time in the fast subspace (adjust with fast_fraction option)
Polychord num_repeats = 74  (from parameter file)
2pt_like took: 0.021 seconds
2pt_like took: 0.019 seconds
shear_ratio_like took: 0.001 seconds
Total pipeline time: 56.4 seconds
shear_ratio_like took: 0.001 seconds
Total pipeline time: 56.7 seconds
IA took: 0.025 seconds
Using two grades of parameter speed in polychord.
Telling Polychord to spend fraction 0.1 if its time in the fast subspace (adjust with fast_fraction option)
Polychord num_repeats = 74  (from parameter file)


Parameters first used in each module:
consistency - 5 parameters:
     cosmological_parameters--ombh2
     cosmological_parameters--omch2
     cosmological_parameters--h0
     cosmological_parameters--mnu
     cosmological_parameters--s_8
bbn_consistency - 0 parameters:
s8_to_sigma8 - 0 parameters:
camb - 2 parameters:
     cosmological_parameters--n_s
     halo_model_parameters--logt_agn
as_to_log1e10as - 0 parameters:
fast_pt - 0 parameters:
fits_nz - 0 parameters:
lens_photoz_width - 4 parameters:
     lens_photoz_errors--width_1
     lens_photoz_errors--width_2
     lens_photoz_errors--width_3
     lens_photoz_errors--width_4
lens_photoz_bias - 4 parameters:
     lens_photoz_errors--bias_1
     lens_photoz_errors--bias_2
     lens_photoz_errors--bias_3
     lens_photoz_errors--bias_4
source_photoz_bias - 4 parameters:
     wl_photoz_errors--bias_1
     wl_photoz_errors--bias_2
     wl_photoz_errors--bias_3
     wl_photoz_errors--bias_4
IA - 5 parameters:
     intrinsic_alignment_parameters--a1
     intrinsic_alignment_parameters--a2
     intrinsic_alignment_parameters--alpha1
     intrinsic_alignment_parameters--alpha2
     intrinsic_alignment_parameters--bias_ta
pk_to_cl_gg - 4 parameters:
     bias_lens--b1
     bias_lens--b2
     bias_lens--b3
     bias_lens--b4
pk_to_cl - 0 parameters:
add_magnification - 0 parameters:
add_intrinsic - 0 parameters:
2pt_shear - 0 parameters:
2pt_gal - 0 parameters:
2pt_gal_shear - 0 parameters:
shear_m_bias - 4 parameters:
     shear_calibration_parameters--m1
     shear_calibration_parameters--m2
     shear_calibration_parameters--m3
     shear_calibration_parameters--m4
add_point_mass - 0 parameters:
2pt_like - 0 parameters:
shear_ratio_like - 0 parameters:
Results - 0 parameters:
You manually told me in the parameter file to use module 18 as the first in the fast block
Time for full pipeline:  56.41s
Time for slow pipeline:  56.38s
Time for fast pipeline:  0.02s
Time saving: 99.96%

Based on this we have decided: 
   Slow modules (18):


Parameters first used in each module:
consistency - 5 parameters:
     cosmological_parameters--ombh2
     cosmological_parameters--omch2
     cosmological_parameters--h0
     cosmological_parameters--mnu
     cosmological_parameters--s_8
bbn_consistency - 0 parameters:
        consistency
        bbn_consistency
        s8_to_sigma8
        camb
        as_to_log1e10as
        fast_pt
        fits_nz
        lens_photoz_width
        lens_photoz_bias
        source_photoz_bias
        IA
        pk_to_cl_gg
        pk_to_cl
        add_magnification
        add_intrinsic
        2pt_shear
        2pt_gal
        2pt_gal_shear
   Fast modules (4):
        shear_m_bias
        add_point_mass
        2pt_like
        shear_ratio_like
   Slow parameters (28):
        cosmological_parameters--ombh2
        cosmological_parameters--omch2
        cosmological_parameters--h0
        cosmological_parameters--mnu
        cosmological_parameters--s_8
s8_to_sigma8 - 0 parameters:
camb - 2 parameters:
     cosmological_parameters--n_s
     halo_model_parameters--logt_agn
as_to_log1e10as - 0 parameters:
fast_pt - 0 parameters:
fits_nz - 0 parameters:
lens_photoz_width - 4 parameters:
     lens_photoz_errors--width_1
     lens_photoz_errors--width_2
        cosmological_parameters--n_s
        halo_model_parameters--logt_agn
        lens_photoz_errors--width_1
        lens_photoz_errors--width_2
        lens_photoz_errors--width_3
        lens_photoz_errors--width_4
        lens_photoz_errors--bias_1
        lens_photoz_errors--bias_2
        lens_photoz_errors--bias_3
        lens_photoz_errors--bias_4
        wl_photoz_errors--bias_1
        wl_photoz_errors--bias_2
        wl_photoz_errors--bias_3
        wl_photoz_errors--bias_4
        intrinsic_alignment_parameters--a1
        intrinsic_alignment_parameters--a2
        intrinsic_alignment_parameters--alpha1
        intrinsic_alignment_parameters--alpha2
        intrinsic_alignment_parameters--bias_ta
        bias_lens--b1
        bias_lens--b2
        bias_lens--b3
        bias_lens--b4
   Fast parameters (4):
        shear_calibration_parameters--m1
        shear_calibration_parameters--m2
        shear_calibration_parameters--m3
        shear_calibration_parameters--m4


     lens_photoz_errors--width_3
     lens_photoz_errors--width_4
lens_photoz_bias - 4 parameters:
     lens_photoz_errors--bias_1
     lens_photoz_errors--bias_2
     lens_photoz_errors--bias_3
     lens_photoz_errors--bias_4
source_photoz_bias - 4 parameters:
     wl_photoz_errors--bias_1
     wl_photoz_errors--bias_2
     wl_photoz_errors--bias_3
     wl_photoz_errors--bias_4
IA - 5 parameters:
     intrinsic_alignment_parameters--a1
     intrinsic_alignment_parameters--a2
     intrinsic_alignment_parameters--alpha1
     intrinsic_alignment_parameters--alpha2
     intrinsic_alignment_parameters--bias_ta
pk_to_cl_gg - 4 parameters:
     bias_lens--b1
     bias_lens--b2
     bias_lens--b3
     bias_lens--b4
pk_to_cl - 0 parameters:
add_magnification - 0 parameters:
add_intrinsic - 0 parameters:
2pt_shear - 0 parameters:
2pt_gal - 0 parameters:
2pt_gal_shear - 0 parameters:
shear_m_bias - 4 parameters:
     shear_calibration_parameters--m1
     shear_calibration_parameters--m2
     shear_calibration_parameters--m3
     shear_calibration_parameters--m4
add_point_mass - 0 parameters:
2pt_like - 0 parameters:
shear_ratio_like - 0 parameters:
Results - 0 parameters:
You manually told me in the parameter file to use module 18 as the first in the fast block
Time for full pipeline:  56.68s
Time for slow pipeline:  56.65s
Time for fast pipeline:  0.02s
Time saving: 99.96%

Based on this we have decided: 
   Slow modules (18):
        consistency
        bbn_consistency
        s8_to_sigma8
        camb
        as_to_log1e10as
        fast_pt
        fits_nz
        lens_photoz_width
        lens_photoz_bias
        source_photoz_bias
        IA
        pk_to_cl_gg
        pk_to_cl
        add_magnification
        add_intrinsic
        2pt_shear
        2pt_gal
        2pt_gal_shear
   Fast modules (4):
        shear_m_bias
        add_point_mass
        2pt_like
        shear_ratio_like
   Slow parameters (28):
        cosmological_parameters--ombh2
        cosmological_parameters--omch2
        cosmological_parameters--h0
        cosmological_parameters--mnu
        cosmological_parameters--s_8
        cosmological_parameters--n_s
        halo_model_parameters--logt_agn
        lens_photoz_errors--width_1
        lens_photoz_errors--width_2
        lens_photoz_errors--width_3
        lens_photoz_errors--width_4
        lens_photoz_errors--bias_1
        lens_photoz_errors--bias_2
        lens_photoz_errors--bias_3
        lens_photoz_errors--bias_4
        wl_photoz_errors--bias_1
        wl_photoz_errors--bias_2
        wl_photoz_errors--bias_3
        wl_photoz_errors--bias_4
        intrinsic_alignment_parameters--a1
        intrinsic_alignment_parameters--a2
        intrinsic_alignment_parameters--alpha1
        intrinsic_alignment_parameters--alpha2
        intrinsic_alignment_parameters--bias_ta
        bias_lens--b1
        bias_lens--b2
        bias_lens--b3
        bias_lens--b4
   Fast parameters (4):
        shear_calibration_parameters--m1
        shear_calibration_parameters--m2
        shear_calibration_parameters--m3
        shear_calibration_parameters--m4


2pt_gal took: 0.029 seconds
2pt_like took: 0.023 seconds
shear_ratio_like took: 0.001 seconds
Total pipeline time: 56.8 seconds
2pt_gal took: 0.029 seconds


Parameters first used in each module:
consistency - 5 parameters:
     cosmological_parameters--ombh2
     cosmological_parameters--omch2
     cosmological_parameters--h0
     cosmological_parameters--mnu
     cosmological_parameters--s_8
bbn_consistency - 0 parameters:
s8_to_sigma8 - 0 parameters:
camb - 2 parameters:
     cosmological_parameters--n_s
     halo_model_parameters--logt_agn
as_to_log1e10as - 0 parameters:
fast_pt - 0 parameters:
fits_nz - 0 parameters:
lens_photoz_width - 4 parameters:
     lens_photoz_errors--width_1
     lens_photoz_errors--width_2
     lens_photoz_errors--width_3
     lens_photoz_errors--width_4
lens_photoz_bias - 4 parameters:
     lens_photoz_errors--bias_1
     lens_photoz_errors--bias_2
     lens_photoz_errors--bias_3
     lens_photoz_errors--bias_4
source_photoz_bias - 4 parameters:
     wl_photoz_errors--bias_1
     wl_photoz_errors--bias_2
     wl_photoz_errors--bias_3
     wl_photoz_errors--bias_4
IA - 5 parameters:
     intrinsic_alignment_parameters--a1
     intrinsic_alignment_parameters--a2
     intrinsic_alignment_parameters--alpha1
     intrinsic_alignment_parameters--alpha2
     intrinsic_alignment_parameters--bias_ta
pk_to_cl_gg - 4 parameters:
     bias_lens--b1
     bias_lens--b2
     bias_lens--b3
     bias_lens--b4
pk_to_cl - 0 parameters:
add_magnification - 0 parameters:
add_intrinsic - 0 parameters:
2pt_shear - 0 parameters:
2pt_gal - 0 parameters:
2pt_gal_shear - 0 parameters:
shear_m_bias - 4 parameters:
     shear_calibration_parameters--m1
     shear_calibration_parameters--m2
     shear_calibration_parameters--m3
     shear_calibration_parameters--m4
add_point_mass - 0 parameters:
2pt_like - 0 parameters:
shear_ratio_like - 0 parameters:
Results - 0 parameters:
You manually told me in the parameter file to use module 18 as the first in the fast block
Time for full pipeline:  56.76s
Time for slow pipeline:  56.73s
Time for fast pipeline:  0.03s
Time saving: 99.95%

Based on this we have decided: 
   Slow modules (18):
        consistency
        bbn_consistency
        s8_to_sigma8
        camb
        as_to_log1e10as
        fast_pt
        fits_nz
        lens_photoz_width
        lens_photoz_bias
        source_photoz_bias
        IA
        pk_to_cl_gg
        pk_to_cl
        add_magnification
        add_intrinsic
        2pt_shear
        2pt_gal
        2pt_gal_shear
   Fast modules (4):
        shear_m_bias
        add_point_mass
        2pt_like
        shear_ratio_like
   Slow parameters (28):
        cosmological_parameters--ombh2
        cosmological_parameters--omch2
        cosmological_parameters--h0
        cosmological_parameters--mnu
        cosmological_parameters--s_8
        cosmological_parameters--n_s
        halo_model_parameters--logt_agn
        lens_photoz_errors--width_1
        lens_photoz_errors--width_2
        lens_photoz_errors--width_3
        lens_photoz_errors--width_4
        lens_photoz_errors--bias_1
        lens_photoz_errors--bias_2
        lens_photoz_errors--bias_3
        lens_photoz_errors--bias_4
        wl_photoz_errors--bias_1
        wl_photoz_errors--bias_2
        wl_photoz_errors--bias_3
        wl_photoz_errors--bias_4
        intrinsic_alignment_parameters--a1
        intrinsic_alignment_parameters--a2
        intrinsic_alignment_parameters--alpha1
        intrinsic_alignment_parameters--alpha2
        intrinsic_alignment_parameters--bias_ta
        bias_lens--b1
        bias_lens--b2
        bias_lens--b3
        bias_lens--b4
   Fast parameters (4):
        shear_calibration_parameters--m1
        shear_calibration_parameters--m2
        shear_calibration_parameters--m3
        shear_calibration_parameters--m4


2pt_gal_shear took: 0.116 seconds
shear_m_bias took: 0.002 seconds
add_point_mass took: 0.000 seconds
pk_to_cl took: 0.502 seconds
2pt_shear took: 0.096 seconds
pk_to_cl_gg took: 0.937 seconds
2pt_shear took: 0.102 seconds
2pt_gal_shear took: 0.131 seconds
add_magnification took: 0.005 seconds
shear_m_bias took: 0.003 seconds
add_intrinsic took: 0.002 seconds
add_point_mass took: 0.000 seconds
2pt_gal_shear took: 0.114 seconds
Using two grades of parameter speed in polychord.
Telling Polychord to spend fraction 0.1 if its time in the fast subspace (adjust with fast_fraction option)
Polychord num_repeats = 74  (from parameter file)
shear_m_bias took: 0.002 seconds
add_point_mass took: 0.000 seconds
2pt_shear took: 0.097 seconds
2pt_like took: 0.021 seconds
shear_ratio_like took: 0.001 seconds
Total pipeline time: 56.0 seconds
2pt_gal took: 0.028 seconds


Parameters first used in each module:
consistency - 5 parameters:
     cosmological_parameters--ombh2
     cosmological_parameters--omch2
     cosmological_parameters--h0
     cosmological_parameters--mnu
     cosmological_parameters--s_8
bbn_consistency - 0 parameters:
s8_to_sigma8 - 0 parameters:
camb - 2 parameters:
     cosmological_parameters--n_s
     halo_model_parameters--logt_agn
as_to_log1e10as - 0 parameters:
fast_pt - 0 parameters:
fits_nz - 0 parameters:
lens_photoz_width - 4 parameters:
     lens_photoz_errors--width_1
     lens_photoz_errors--width_2
     lens_photoz_errors--width_3
     lens_photoz_errors--width_4
lens_photoz_bias - 4 parameters:
     lens_photoz_errors--bias_1
     lens_photoz_errors--bias_2
     lens_photoz_errors--bias_3
     lens_photoz_errors--bias_4
source_photoz_bias - 4 parameters:
     wl_photoz_errors--bias_1
     wl_photoz_errors--bias_2
     wl_photoz_errors--bias_3
     wl_photoz_errors--bias_4
IA - 5 parameters:
     intrinsic_alignment_parameters--a1
     intrinsic_alignment_parameters--a2
     intrinsic_alignment_parameters--alpha1
     intrinsic_alignment_parameters--alpha2
     intrinsic_alignment_parameters--bias_ta
pk_to_cl_gg - 4 parameters:
     bias_lens--b1
     bias_lens--b2
     bias_lens--b3
     bias_lens--b4
pk_to_cl - 0 parameters:
add_magnification - 0 parameters:
add_intrinsic - 0 parameters:
2pt_shear - 0 parameters:
2pt_gal - 0 parameters:
2pt_gal_shear - 0 parameters:
shear_m_bias - 4 parameters:
     shear_calibration_parameters--m1
     shear_calibration_parameters--m2
     shear_calibration_parameters--m3
     shear_calibration_parameters--m4
add_point_mass - 0 parameters:
2pt_like - 0 parameters:
shear_ratio_like - 0 parameters:
Results - 0 parameters:
You manually told me in the parameter file to use module 18 as the first in the fast block
Time for full pipeline:  56.00s
Time for slow pipeline:  55.98s
Time for fast pipeline:  0.02s
Time saving: 99.96%

Based on this we have decided: 
   Slow modules (18):
        consistency
        bbn_consistency
        s8_to_sigma8
        camb
        as_to_log1e10as
        fast_pt
        fits_nz
        lens_photoz_width
        lens_photoz_bias
        source_photoz_bias
        IA
        pk_to_cl_gg
        pk_to_cl
        add_magnification
        add_intrinsic
        2pt_shear
        2pt_gal
        2pt_gal_shear
   Fast modules (4):
        shear_m_bias
        add_point_mass
        2pt_like
        shear_ratio_like
   Slow parameters (28):
        cosmological_parameters--ombh2
        cosmological_parameters--omch2
        cosmological_parameters--h0
        cosmological_parameters--mnu
        cosmological_parameters--s_8
        cosmological_parameters--n_s
        halo_model_parameters--logt_agn
        lens_photoz_errors--width_1
        lens_photoz_errors--width_2
        lens_photoz_errors--width_3
        lens_photoz_errors--width_4
        lens_photoz_errors--bias_1
        lens_photoz_errors--bias_2
        lens_photoz_errors--bias_3
        lens_photoz_errors--bias_4
        wl_photoz_errors--bias_1
        wl_photoz_errors--bias_2
        wl_photoz_errors--bias_3
        wl_photoz_errors--bias_4
        intrinsic_alignment_parameters--a1
        intrinsic_alignment_parameters--a2
        intrinsic_alignment_parameters--alpha1
        intrinsic_alignment_parameters--alpha2
        intrinsic_alignment_parameters--bias_ta
        bias_lens--b1
        bias_lens--b2
        bias_lens--b3
        bias_lens--b4
   Fast parameters (4):
        shear_calibration_parameters--m1
        shear_calibration_parameters--m2
        shear_calibration_parameters--m3
        shear_calibration_parameters--m4


2pt_gal took: 0.030 seconds
2pt_like took: 0.027 seconds
shear_ratio_like took: 0.001 seconds
Total pipeline time: 56.7 seconds
2pt_like took: 0.021 seconds
shear_ratio_like took: 0.001 seconds
Total pipeline time: 57.0 seconds
2pt_gal_shear took: 0.115 seconds
shear_m_bias took: 0.002 seconds
add_point_mass took: 0.000 seconds
2pt_gal_shear took: 0.110 seconds
shear_m_bias took: 0.002 seconds
add_point_mass took: 0.000 seconds
2pt_gal took: 0.029 seconds


Parameters first used in each module:
consistency - 5 parameters:
     cosmological_parameters--ombh2
     cosmological_parameters--omch2
     cosmological_parameters--h0
     cosmological_parameters--mnu
     cosmological_parameters--s_8
bbn_consistency - 0 parameters:
s8_to_sigma8 - 0 parameters:
camb - 2 parameters:
     cosmological_parameters--n_s
     halo_model_parameters--logt_agn
as_to_log1e10as - 0 parameters:
fast_pt - 0 parameters:
fits_nz - 0 parameters:
lens_photoz_width - 4 parameters:
     lens_photoz_errors--width_1
     lens_photoz_errors--width_2


Parameters first used in each module:
consistency - 5 parameters:
     cosmological_parameters--ombh2
     cosmological_parameters--omch2
     cosmological_parameters--h0
     cosmological_parameters--mnu
     cosmological_parameters--s_8
bbn_consistency - 0 parameters:
s8_to_sigma8 - 0 parameters:
camb - 2 parameters:
     cosmological_parameters--n_s
     halo_model_parameters--logt_agn
as_to_log1e10as - 0 parameters:
fast_pt - 0 parameters:
fits_nz - 0 parameters:
lens_photoz_width - 4 parameters:
     lens_photoz_errors--width_1
     lens_photoz_errors--width_2
     lens_photoz_errors--width_3
     lens_photoz_errors--width_4
lens_photoz_bias - 4 parameters:
     lens_photoz_errors--bias_1
     lens_photoz_errors--bias_2
     lens_photoz_errors--bias_3
     lens_photoz_errors--bias_4
source_photoz_bias - 4 parameters:
     wl_photoz_errors--bias_1
     wl_photoz_errors--bias_2
     wl_photoz_errors--bias_3
     wl_photoz_errors--bias_4
IA - 5 parameters:
     intrinsic_alignment_parameters--a1
     intrinsic_alignment_parameters--a2
     intrinsic_alignment_parameters--alpha1
     intrinsic_alignment_parameters--alpha2
     intrinsic_alignment_parameters--bias_ta
pk_to_cl_gg - 4 parameters:
     bias_lens--b1
     bias_lens--b2
     bias_lens--b3
     lens_photoz_errors--width_3
     lens_photoz_errors--width_4
lens_photoz_bias - 4 parameters:
     lens_photoz_errors--bias_1
     lens_photoz_errors--bias_2
     lens_photoz_errors--bias_3
     lens_photoz_errors--bias_4
source_photoz_bias - 4 parameters:
     wl_photoz_errors--bias_1
     wl_photoz_errors--bias_2
     wl_photoz_errors--bias_3
     bias_lens--b4
pk_to_cl - 0 parameters:
add_magnification - 0 parameters:
add_intrinsic - 0 parameters:
2pt_shear - 0 parameters:
2pt_gal - 0 parameters:
2pt_gal_shear - 0 parameters:
shear_m_bias - 4 parameters:
     shear_calibration_parameters--m1
     shear_calibration_parameters--m2
     shear_calibration_parameters--m3
     shear_calibration_parameters--m4
add_point_mass - 0 parameters:
2pt_like - 0 parameters:
shear_ratio_like - 0 parameters:
Results - 0 parameters:
     wl_photoz_errors--bias_4
IA - 5 parameters:
     intrinsic_alignment_parameters--a1
     intrinsic_alignment_parameters--a2
     intrinsic_alignment_parameters--alpha1
     intrinsic_alignment_parameters--alpha2
     intrinsic_alignment_parameters--bias_ta
pk_to_cl_gg - 4 parameters:
     bias_lens--b1
     bias_lens--b2
     bias_lens--b3
     bias_lens--b4
pk_to_cl - 0 parameters:
add_magnification - 0 parameters:
add_intrinsic - 0 parameters:
2pt_shear - 0 parameters:
2pt_gal - 0 parameters:
2pt_gal_shear - 0 parameters:
shear_m_bias - 4 parameters:
You manually told me in the parameter file to use module 18 as the first in the fast block
Time for full pipeline:  57.01s
Time for slow pipeline:  56.98s
Time for fast pipeline:  0.02s
Time saving: 99.96%

Based on this we have decided: 
   Slow modules (18):
        consistency
        bbn_consistency
        s8_to_sigma8
     shear_calibration_parameters--m1
     shear_calibration_parameters--m2
     shear_calibration_parameters--m3
     shear_calibration_parameters--m4
add_point_mass - 0 parameters:
2pt_like - 0 parameters:
shear_ratio_like - 0 parameters:
Results - 0 parameters:
You manually told me in the parameter file to use module 18 as the first in the fast block
Time for full pipeline:  56.71s
Time for slow pipeline:  56.68s
Time for fast pipeline:  0.03s
Time saving: 99.95%
        camb
        as_to_log1e10as
        fast_pt
        fits_nz
        lens_photoz_width
        lens_photoz_bias
        source_photoz_bias
        IA
        pk_to_cl_gg
        pk_to_cl
        add_magnification
        add_intrinsic

Based on this we have decided: 
   Slow modules (18):
        consistency
        bbn_consistency
        s8_to_sigma8
        camb
        as_to_log1e10as
        fast_pt
        fits_nz
2pt_gal_shear took: 0.123 seconds
        lens_photoz_width
        lens_photoz_bias
        source_photoz_bias
        IA
        pk_to_cl_gg
        pk_to_cl
        add_magnification
        add_intrinsic
        2pt_shear
        2pt_gal
        2pt_gal_shear
   Fast modules (4):
        shear_m_bias
        2pt_shear
        2pt_gal
        2pt_gal_shear
   Fast modules (4):
        shear_m_bias
        add_point_mass
        2pt_like
        shear_ratio_like
   Slow parameters (28):
        cosmological_parameters--ombh2
        cosmological_parameters--omch2
        cosmological_parameters--h0
        cosmological_parameters--mnu
        add_point_mass
        2pt_like
        shear_ratio_like
   Slow parameters (28):
        cosmological_parameters--ombh2
        cosmological_parameters--omch2
        cosmological_parameters--h0
        cosmological_parameters--mnu
        cosmological_parameters--s_8
        cosmological_parameters--n_s
        halo_model_parameters--logt_agn
        lens_photoz_errors--width_1
        lens_photoz_errors--width_2
        cosmological_parameters--s_8
        cosmological_parameters--n_s
        halo_model_parameters--logt_agn
        lens_photoz_errors--width_1
        lens_photoz_errors--width_2
        lens_photoz_errors--width_3
        lens_photoz_errors--width_4
        lens_photoz_errors--bias_1
        lens_photoz_errors--bias_2
        lens_photoz_errors--bias_3
        lens_photoz_errors--bias_4
        wl_photoz_errors--bias_1
        lens_photoz_errors--width_3
        lens_photoz_errors--width_4
        lens_photoz_errors--bias_1
        lens_photoz_errors--bias_2
        lens_photoz_errors--bias_3
        lens_photoz_errors--bias_4
        wl_photoz_errors--bias_1
        wl_photoz_errors--bias_2
        wl_photoz_errors--bias_3
        wl_photoz_errors--bias_4
        intrinsic_alignment_parameters--a1
        intrinsic_alignment_parameters--a2
        intrinsic_alignment_parameters--alpha1
        intrinsic_alignment_parameters--alpha2
        wl_photoz_errors--bias_2
        wl_photoz_errors--bias_3
        wl_photoz_errors--bias_4
        intrinsic_alignment_parameters--a1
        intrinsic_alignment_parameters--a2
        intrinsic_alignment_parameters--alpha1
        intrinsic_alignment_parameters--alpha2
        intrinsic_alignment_parameters--bias_ta
        bias_lens--b1
        bias_lens--b2
        bias_lens--b3
        bias_lens--b4
        intrinsic_alignment_parameters--bias_ta
        bias_lens--b1
        bias_lens--b2
        bias_lens--b3
        bias_lens--b4
   Fast parameters (4):
        shear_calibration_parameters--m1
        shear_calibration_parameters--m2
        shear_calibration_parameters--m3
        shear_calibration_parameters--m4


   Fast parameters (4):
        shear_calibration_parameters--m1
        shear_calibration_parameters--m2
        shear_calibration_parameters--m3
        shear_calibration_parameters--m4


shear_m_bias took: 0.002 seconds
add_point_mass took: 0.000 seconds
Using two grades of parameter speed in polychord.
Telling Polychord to spend fraction 0.1 if its time in the fast subspace (adjust with fast_fraction option)
Polychord num_repeats = 74  (from parameter file)
2pt_gal_shear took: 0.113 seconds
shear_m_bias took: 0.002 seconds
add_point_mass took: 0.000 seconds
Using two grades of parameter speed in polychord.
Telling Polychord to spend fraction 0.1 if its time in the fast subspace (adjust with fast_fraction option)
Polychord num_repeats = 74  (from parameter file)
2pt_like took: 0.021 seconds
shear_ratio_like took: 0.001 seconds
Total pipeline time: 56.8 seconds
2pt_like took: 0.021 seconds
shear_ratio_like took: 0.001 seconds
Total pipeline time: 56.5 seconds


Parameters first used in each module:
consistency - 5 parameters:
     cosmological_parameters--ombh2
     cosmological_parameters--omch2
     cosmological_parameters--h0
     cosmological_parameters--mnu
     cosmological_parameters--s_8
bbn_consistency - 0 parameters:
s8_to_sigma8 - 0 parameters:
camb - 2 parameters:
     cosmological_parameters--n_s
     halo_model_parameters--logt_agn
as_to_log1e10as - 0 parameters:
fast_pt - 0 parameters:
fits_nz - 0 parameters:
lens_photoz_width - 4 parameters:
     lens_photoz_errors--width_1
     lens_photoz_errors--width_2
     lens_photoz_errors--width_3
     lens_photoz_errors--width_4
lens_photoz_bias - 4 parameters:
     lens_photoz_errors--bias_1
     lens_photoz_errors--bias_2
     lens_photoz_errors--bias_3
     lens_photoz_errors--bias_4
source_photoz_bias - 4 parameters:
     wl_photoz_errors--bias_1
     wl_photoz_errors--bias_2
     wl_photoz_errors--bias_3
     wl_photoz_errors--bias_4
IA - 5 parameters:
     intrinsic_alignment_parameters--a1
     intrinsic_alignment_parameters--a2
     intrinsic_alignment_parameters--alpha1
     intrinsic_alignment_parameters--alpha2
     intrinsic_alignment_parameters--bias_ta
pk_to_cl_gg - 4 parameters:
     bias_lens--b1
     bias_lens--b2
     bias_lens--b3
     bias_lens--b4
pk_to_cl - 0 parameters:
add_magnification - 0 parameters:
add_intrinsic - 0 parameters:
2pt_shear - 0 parameters:
2pt_gal - 0 parameters:
2pt_gal_shear - 0 parameters:
shear_m_bias - 4 parameters:
     shear_calibration_parameters--m1
     shear_calibration_parameters--m2
     shear_calibration_parameters--m3
     shear_calibration_parameters--m4
add_point_mass - 0 parameters:
2pt_like - 0 parameters:
shear_ratio_like - 0 parameters:
Results - 0 parameters:
You manually told me in the parameter file to use module 18 as the first in the fast block
Time for full pipeline:  56.79s
Time for slow pipeline:  56.77s
Time for fast pipeline:  0.02s
Time saving: 99.96%

Based on this we have decided: 
   Slow modules (18):
        consistency
        bbn_consistency
        s8_to_sigma8
        camb
        as_to_log1e10as
        fast_pt
        fits_nz
        lens_photoz_width
        lens_photoz_bias
        source_photoz_bias
        IA
        pk_to_cl_gg
        pk_to_cl
        add_magnification
        add_intrinsic
        2pt_shear
        2pt_gal
        2pt_gal_shear
   Fast modules (4):
        shear_m_bias
        add_point_mass
        2pt_like
        shear_ratio_like
   Slow parameters (28):
        cosmological_parameters--ombh2
        cosmological_parameters--omch2
        cosmological_parameters--h0
        cosmological_parameters--mnu
        cosmological_parameters--s_8
        cosmological_parameters--n_s
        halo_model_parameters--logt_agn
        lens_photoz_errors--width_1
        lens_photoz_errors--width_2
        lens_photoz_errors--width_3
        lens_photoz_errors--width_4
        lens_photoz_errors--bias_1
        lens_photoz_errors--bias_2
        lens_photoz_errors--bias_3
        lens_photoz_errors--bias_4
        wl_photoz_errors--bias_1
        wl_photoz_errors--bias_2
        wl_photoz_errors--bias_3
        wl_photoz_errors--bias_4
        intrinsic_alignment_parameters--a1
        intrinsic_alignment_parameters--a2
        intrinsic_alignment_parameters--alpha1
        intrinsic_alignment_parameters--alpha2
        intrinsic_alignment_parameters--bias_ta
        bias_lens--b1
        bias_lens--b2
        bias_lens--b3
        bias_lens--b4
   Fast parameters (4):
        shear_calibration_parameters--m1
        shear_calibration_parameters--m2
        shear_calibration_parameters--m3
        shear_calibration_parameters--m4


2pt_like took: 0.024 seconds
shear_ratio_like took: 0.001 seconds
Total pipeline time: 56.8 seconds


Parameters first used in each module:
consistency - 5 parameters:
     cosmological_parameters--ombh2
     cosmological_parameters--omch2
     cosmological_parameters--h0
     cosmological_parameters--mnu
     cosmological_parameters--s_8
bbn_consistency - 0 parameters:
s8_to_sigma8 - 0 parameters:
camb - 2 parameters:
     cosmological_parameters--n_s
     halo_model_parameters--logt_agn
as_to_log1e10as - 0 parameters:
fast_pt - 0 parameters:
fits_nz - 0 parameters:
lens_photoz_width - 4 parameters:
     lens_photoz_errors--width_1
     lens_photoz_errors--width_2
     lens_photoz_errors--width_3
     lens_photoz_errors--width_4
lens_photoz_bias - 4 parameters:
     lens_photoz_errors--bias_1
     lens_photoz_errors--bias_2
     lens_photoz_errors--bias_3
     lens_photoz_errors--bias_4
source_photoz_bias - 4 parameters:
     wl_photoz_errors--bias_1
     wl_photoz_errors--bias_2
     wl_photoz_errors--bias_3
     wl_photoz_errors--bias_4
IA - 5 parameters:
     intrinsic_alignment_parameters--a1
     intrinsic_alignment_parameters--a2
     intrinsic_alignment_parameters--alpha1
     intrinsic_alignment_parameters--alpha2
     intrinsic_alignment_parameters--bias_ta
pk_to_cl_gg - 4 parameters:
     bias_lens--b1
     bias_lens--b2
     bias_lens--b3
     bias_lens--b4
pk_to_cl - 0 parameters:
add_magnification - 0 parameters:
add_intrinsic - 0 parameters:
2pt_shear - 0 parameters:
2pt_gal - 0 parameters:
2pt_gal_shear - 0 parameters:
shear_m_bias - 4 parameters:
     shear_calibration_parameters--m1
     shear_calibration_parameters--m2
     shear_calibration_parameters--m3
     shear_calibration_parameters--m4
add_point_mass - 0 parameters:
2pt_like - 0 parameters:
shear_ratio_like - 0 parameters:
Results - 0 parameters:
You manually told me in the parameter file to use module 18 as the first in the fast block
Time for full pipeline:  56.47s
Time for slow pipeline:  56.45s
Time for fast pipeline:  0.02s
Time saving: 99.96%

Based on this we have decided: 
   Slow modules (18):
        consistency
        bbn_consistency
        s8_to_sigma8
        camb
        as_to_log1e10as
        fast_pt
        fits_nz
        lens_photoz_width
        lens_photoz_bias
        source_photoz_bias
        IA
        pk_to_cl_gg
        pk_to_cl
        add_magnification
        add_intrinsic
        2pt_shear
        2pt_gal
        2pt_gal_shear
   Fast modules (4):
        shear_m_bias
        add_point_mass
        2pt_like
        shear_ratio_like
   Slow parameters (28):
        cosmological_parameters--ombh2
        cosmological_parameters--omch2
        cosmological_parameters--h0
        cosmological_parameters--mnu
        cosmological_parameters--s_8
        cosmological_parameters--n_s
        halo_model_parameters--logt_agn
        lens_photoz_errors--width_1
        lens_photoz_errors--width_2
        lens_photoz_errors--width_3
        lens_photoz_errors--width_4
        lens_photoz_errors--bias_1
        lens_photoz_errors--bias_2
        lens_photoz_errors--bias_3
        lens_photoz_errors--bias_4
        wl_photoz_errors--bias_1
        wl_photoz_errors--bias_2
        wl_photoz_errors--bias_3
        wl_photoz_errors--bias_4
        intrinsic_alignment_parameters--a1
        intrinsic_alignment_parameters--a2
        intrinsic_alignment_parameters--alpha1
        intrinsic_alignment_parameters--alpha2
        intrinsic_alignment_parameters--bias_ta
        bias_lens--b1
        bias_lens--b2
        bias_lens--b3
        bias_lens--b4
   Fast parameters (4):
        shear_calibration_parameters--m1
        shear_calibration_parameters--m2
        shear_calibration_parameters--m3
        shear_calibration_parameters--m4


2pt_like took: 0.022 seconds
shear_ratio_like took: 0.001 seconds
Total pipeline time: 57.4 seconds
2pt_gal_shear took: 0.114 seconds
shear_m_bias took: 0.002 seconds
add_point_mass took: 0.000 seconds
pk_to_cl took: 0.542 seconds


Parameters first used in each module:
consistency - 5 parameters:
     cosmological_parameters--ombh2
     cosmological_parameters--omch2
     cosmological_parameters--h0
     cosmological_parameters--mnu
     cosmological_parameters--s_8
bbn_consistency - 0 parameters:
s8_to_sigma8 - 0 parameters:
camb - 2 parameters:
     cosmological_parameters--n_s
     halo_model_parameters--logt_agn
as_to_log1e10as - 0 parameters:
fast_pt - 0 parameters:
fits_nz - 0 parameters:
lens_photoz_width - 4 parameters:
     lens_photoz_errors--width_1
     lens_photoz_errors--width_2
     lens_photoz_errors--width_3
     lens_photoz_errors--width_4
lens_photoz_bias - 4 parameters:
     lens_photoz_errors--bias_1
     lens_photoz_errors--bias_2
     lens_photoz_errors--bias_3
     lens_photoz_errors--bias_4
source_photoz_bias - 4 parameters:
     wl_photoz_errors--bias_1
     wl_photoz_errors--bias_2
     wl_photoz_errors--bias_3
     wl_photoz_errors--bias_4
IA - 5 parameters:
     intrinsic_alignment_parameters--a1
     intrinsic_alignment_parameters--a2
     intrinsic_alignment_parameters--alpha1
     intrinsic_alignment_parameters--alpha2
     intrinsic_alignment_parameters--bias_ta
pk_to_cl_gg - 4 parameters:
     bias_lens--b1
     bias_lens--b2
     bias_lens--b3
     bias_lens--b4
pk_to_cl - 0 parameters:
add_magnification - 0 parameters:
add_intrinsic - 0 parameters:
2pt_shear - 0 parameters:
2pt_gal - 0 parameters:
2pt_gal_shear - 0 parameters:
shear_m_bias - 4 parameters:
     shear_calibration_parameters--m1
     shear_calibration_parameters--m2
     shear_calibration_parameters--m3
     shear_calibration_parameters--m4
add_point_mass - 0 parameters:
2pt_like - 0 parameters:
shear_ratio_like - 0 parameters:
Results - 0 parameters:
You manually told me in the parameter file to use module 18 as the first in the fast block
Time for full pipeline:  56.82s
Time for slow pipeline:  56.79s
Time for fast pipeline:  0.03s
Time saving: 99.95%

Based on this we have decided: 
   Slow modules (18):
        consistency
        bbn_consistency
        s8_to_sigma8
        camb
        as_to_log1e10as
        fast_pt
        fits_nz
        lens_photoz_width
        lens_photoz_bias
        source_photoz_bias
        IA
        pk_to_cl_gg
        pk_to_cl
        add_magnification
        add_intrinsic
        2pt_shear
        2pt_gal
        2pt_gal_shear
   Fast modules (4):
        shear_m_bias
        add_point_mass
        2pt_like
        shear_ratio_like
   Slow parameters (28):
        cosmological_parameters--ombh2
        cosmological_parameters--omch2
        cosmological_parameters--h0
        cosmological_parameters--mnu
        cosmological_parameters--s_8
        cosmological_parameters--n_s
        halo_model_parameters--logt_agn
        lens_photoz_errors--width_1
        lens_photoz_errors--width_2
        lens_photoz_errors--width_3
        lens_photoz_errors--width_4
        lens_photoz_errors--bias_1
        lens_photoz_errors--bias_2
        lens_photoz_errors--bias_3
        lens_photoz_errors--bias_4
        wl_photoz_errors--bias_1
        wl_photoz_errors--bias_2
        wl_photoz_errors--bias_3
        wl_photoz_errors--bias_4
        intrinsic_alignment_parameters--a1
        intrinsic_alignment_parameters--a2
        intrinsic_alignment_parameters--alpha1
        intrinsic_alignment_parameters--alpha2
        intrinsic_alignment_parameters--bias_ta
        bias_lens--b1


Parameters first used in each module:
consistency - 5 parameters:
     cosmological_parameters--ombh2
     cosmological_parameters--omch2
     cosmological_parameters--h0
     cosmological_parameters--mnu
     cosmological_parameters--s_8
        bias_lens--b2
        bias_lens--b3
        bias_lens--b4
   Fast parameters (4):
        shear_calibration_parameters--m1
        shear_calibration_parameters--m2
        shear_calibration_parameters--m3
        shear_calibration_parameters--m4


bbn_consistency - 0 parameters:
s8_to_sigma8 - 0 parameters:
camb - 2 parameters:
     cosmological_parameters--n_s
     halo_model_parameters--logt_agn
as_to_log1e10as - 0 parameters:
fast_pt - 0 parameters:
fits_nz - 0 parameters:
lens_photoz_width - 4 parameters:
     lens_photoz_errors--width_1
     lens_photoz_errors--width_2
     lens_photoz_errors--width_3
     lens_photoz_errors--width_4
lens_photoz_bias - 4 parameters:
     lens_photoz_errors--bias_1
     lens_photoz_errors--bias_2
     lens_photoz_errors--bias_3
     lens_photoz_errors--bias_4
source_photoz_bias - 4 parameters:
     wl_photoz_errors--bias_1
     wl_photoz_errors--bias_2
     wl_photoz_errors--bias_3
     wl_photoz_errors--bias_4
IA - 5 parameters:
     intrinsic_alignment_parameters--a1
     intrinsic_alignment_parameters--a2
     intrinsic_alignment_parameters--alpha1
     intrinsic_alignment_parameters--alpha2
     intrinsic_alignment_parameters--bias_ta
pk_to_cl_gg - 4 parameters:
     bias_lens--b1
     bias_lens--b2
     bias_lens--b3
     bias_lens--b4
pk_to_cl - 0 parameters:
add_magnification - 0 parameters:
add_intrinsic - 0 parameters:
2pt_shear - 0 parameters:
2pt_gal - 0 parameters:
2pt_gal_shear - 0 parameters:
shear_m_bias - 4 parameters:
     shear_calibration_parameters--m1
     shear_calibration_parameters--m2
     shear_calibration_parameters--m3
     shear_calibration_parameters--m4
add_point_mass - 0 parameters:
2pt_like - 0 parameters:
shear_ratio_like - 0 parameters:
Results - 0 parameters:
You manually told me in the parameter file to use module 18 as the first in the fast block
Time for full pipeline:  57.40s
Time for slow pipeline:  57.38s
Time for fast pipeline:  0.02s
Time saving: 99.96%

Based on this we have decided: 
   Slow modules (18):
        consistency
        bbn_consistency
        s8_to_sigma8
        camb
        as_to_log1e10as
        fast_pt
        fits_nz
        lens_photoz_width
        lens_photoz_bias
        source_photoz_bias
        IA
        pk_to_cl_gg
        pk_to_cl
        add_magnification
        add_intrinsic
        2pt_shear
        2pt_gal
        2pt_gal_shear
   Fast modules (4):
        shear_m_bias
        add_point_mass
        2pt_like
        shear_ratio_like
   Slow parameters (28):
        cosmological_parameters--ombh2
        cosmological_parameters--omch2
        cosmological_parameters--h0
        cosmological_parameters--mnu
        cosmological_parameters--s_8
        cosmological_parameters--n_s
        halo_model_parameters--logt_agn
        lens_photoz_errors--width_1
        lens_photoz_errors--width_2
        lens_photoz_errors--width_3
        lens_photoz_errors--width_4
        lens_photoz_errors--bias_1
        lens_photoz_errors--bias_2
        lens_photoz_errors--bias_3
        lens_photoz_errors--bias_4
        wl_photoz_errors--bias_1
        wl_photoz_errors--bias_2
        wl_photoz_errors--bias_3
        wl_photoz_errors--bias_4
        intrinsic_alignment_parameters--a1
        intrinsic_alignment_parameters--a2
        intrinsic_alignment_parameters--alpha1
        intrinsic_alignment_parameters--alpha2
        intrinsic_alignment_parameters--bias_ta
        bias_lens--b1
        bias_lens--b2
        bias_lens--b3
        bias_lens--b4
   Fast parameters (4):
        shear_calibration_parameters--m1
        shear_calibration_parameters--m2
        shear_calibration_parameters--m3
        shear_calibration_parameters--m4


add_magnification took: 0.005 seconds
add_intrinsic took: 0.002 seconds
2pt_gal_shear took: 0.114 seconds
shear_m_bias took: 0.002 seconds
add_point_mass took: 0.000 seconds
2pt_shear took: 0.096 seconds
2pt_like took: 0.019 seconds
shear_ratio_like took: 0.001 seconds
Total pipeline time: 58.0 seconds
Using two grades of parameter speed in polychord.
Telling Polychord to spend fraction 0.1 if its time in the fast subspace (adjust with fast_fraction option)
Polychord num_repeats = 74  (from parameter file)
pk_to_cl took: 0.542 seconds
add_magnification took: 0.005 seconds
pk_to_cl_gg took: 1.005 seconds


Parameters first used in each module:
consistency - 5 parameters:
     cosmological_parameters--ombh2
     cosmological_parameters--omch2
     cosmological_parameters--h0
     cosmological_parameters--mnu
     cosmological_parameters--s_8
bbn_consistency - 0 parameters:
s8_to_sigma8 - 0 parameters:
camb - 2 parameters:
     cosmological_parameters--n_s
     halo_model_parameters--logt_agn
as_to_log1e10as - 0 parameters:
fast_pt - 0 parameters:
fits_nz - 0 parameters:
lens_photoz_width - 4 parameters:
     lens_photoz_errors--width_1
     lens_photoz_errors--width_2
     lens_photoz_errors--width_3
     lens_photoz_errors--width_4
lens_photoz_bias - 4 parameters:
     lens_photoz_errors--bias_1
     lens_photoz_errors--bias_2
     lens_photoz_errors--bias_3
     lens_photoz_errors--bias_4
source_photoz_bias - 4 parameters:
     wl_photoz_errors--bias_1
     wl_photoz_errors--bias_2
     wl_photoz_errors--bias_3
     wl_photoz_errors--bias_4
IA - 5 parameters:
     intrinsic_alignment_parameters--a1
     intrinsic_alignment_parameters--a2
     intrinsic_alignment_parameters--alpha1
     intrinsic_alignment_parameters--alpha2
     intrinsic_alignment_parameters--bias_ta
pk_to_cl_gg - 4 parameters:
     bias_lens--b1
     bias_lens--b2
     bias_lens--b3
     bias_lens--b4
pk_to_cl - 0 parameters:
add_magnification - 0 parameters:
add_intrinsic - 0 parameters:
2pt_shear - 0 parameters:
2pt_gal - 0 parameters:
2pt_gal_shear - 0 parameters:
shear_m_bias - 4 parameters:
     shear_calibration_parameters--m1
     shear_calibration_parameters--m2
     shear_calibration_parameters--m3
     shear_calibration_parameters--m4
add_point_mass - 0 parameters:
2pt_like - 0 parameters:
shear_ratio_like - 0 parameters:
Results - 0 parameters:
You manually told me in the parameter file to use module 18 as the first in the fast block
Time for full pipeline:  58.03s
Time for slow pipeline:  58.01s
Time for fast pipeline:  0.02s
Time saving: 99.96%

Based on this we have decided: 
   Slow modules (18):
        consistency
        bbn_consistency
        s8_to_sigma8
        camb
        as_to_log1e10as
        fast_pt
        fits_nz
        lens_photoz_width
        lens_photoz_bias
        source_photoz_bias
        IA
        pk_to_cl_gg
        pk_to_cl
        add_magnification
        add_intrinsic
        2pt_shear
        2pt_gal
        2pt_gal_shear
   Fast modules (4):
        shear_m_bias
        add_point_mass
        2pt_like
        shear_ratio_like
   Slow parameters (28):
        cosmological_parameters--ombh2
        cosmological_parameters--omch2
        cosmological_parameters--h0
        cosmological_parameters--mnu
        cosmological_parameters--s_8
        cosmological_parameters--n_s
        halo_model_parameters--logt_agn
        lens_photoz_errors--width_1
        lens_photoz_errors--width_2
        lens_photoz_errors--width_3
        lens_photoz_errors--width_4
        lens_photoz_errors--bias_1
        lens_photoz_errors--bias_2
        lens_photoz_errors--bias_3
        lens_photoz_errors--bias_4
        wl_photoz_errors--bias_1
        wl_photoz_errors--bias_2
        wl_photoz_errors--bias_3
        wl_photoz_errors--bias_4
        intrinsic_alignment_parameters--a1
        intrinsic_alignment_parameters--a2
        intrinsic_alignment_parameters--alpha1
        intrinsic_alignment_parameters--alpha2
        intrinsic_alignment_parameters--bias_ta
        bias_lens--b1
        bias_lens--b2
        bias_lens--b3
        bias_lens--b4
add_intrinsic took: 0.003 seconds
   Fast parameters (4):
        shear_calibration_parameters--m1
        shear_calibration_parameters--m2
        shear_calibration_parameters--m3
        shear_calibration_parameters--m4


2pt_like took: 0.021 seconds
shear_ratio_like took: 0.001 seconds
Total pipeline time: 56.9 seconds
2pt_gal took: 0.028 seconds


Parameters first used in each module:
consistency - 5 parameters:
     cosmological_parameters--ombh2
     cosmological_parameters--omch2
     cosmological_parameters--h0
     cosmological_parameters--mnu
     cosmological_parameters--s_8
bbn_consistency - 0 parameters:
s8_to_sigma8 - 0 parameters:
camb - 2 parameters:
     cosmological_parameters--n_s
     halo_model_parameters--logt_agn
as_to_log1e10as - 0 parameters:
fast_pt - 0 parameters:
fits_nz - 0 parameters:
lens_photoz_width - 4 parameters:
     lens_photoz_errors--width_1
     lens_photoz_errors--width_2
     lens_photoz_errors--width_3
     lens_photoz_errors--width_4
lens_photoz_bias - 4 parameters:
     lens_photoz_errors--bias_1
     lens_photoz_errors--bias_2
     lens_photoz_errors--bias_3
     lens_photoz_errors--bias_4
source_photoz_bias - 4 parameters:
     wl_photoz_errors--bias_1
     wl_photoz_errors--bias_2
     wl_photoz_errors--bias_3
     wl_photoz_errors--bias_4
IA - 5 parameters:
     intrinsic_alignment_parameters--a1
     intrinsic_alignment_parameters--a2
     intrinsic_alignment_parameters--alpha1
     intrinsic_alignment_parameters--alpha2
     intrinsic_alignment_parameters--bias_ta
pk_to_cl_gg - 4 parameters:
     bias_lens--b1
     bias_lens--b2
     bias_lens--b3
     bias_lens--b4
pk_to_cl - 0 parameters:
add_magnification - 0 parameters:
add_intrinsic - 0 parameters:
2pt_shear - 0 parameters:
2pt_gal - 0 parameters:
2pt_gal_shear - 0 parameters:
shear_m_bias - 4 parameters:
     shear_calibration_parameters--m1
     shear_calibration_parameters--m2
     shear_calibration_parameters--m3
     shear_calibration_parameters--m4
add_point_mass - 0 parameters:
2pt_like - 0 parameters:
shear_ratio_like - 0 parameters:
Results - 0 parameters:
You manually told me in the parameter file to use module 18 as the first in the fast block
Time for full pipeline:  56.90s
Time for slow pipeline:  56.87s
Time for fast pipeline:  0.02s
Time saving: 99.96%

Based on this we have decided: 
   Slow modules (18):
        consistency
        bbn_consistency
        s8_to_sigma8
        camb
        as_to_log1e10as
        fast_pt
        fits_nz
        lens_photoz_width
        lens_photoz_bias
        source_photoz_bias
        IA
        pk_to_cl_gg
        pk_to_cl
        add_magnification
        add_intrinsic
        2pt_shear
        2pt_gal
        2pt_gal_shear
   Fast modules (4):
        shear_m_bias
        add_point_mass
        2pt_like
        shear_ratio_like
   Slow parameters (28):
        cosmological_parameters--ombh2
        cosmological_parameters--omch2
        cosmological_parameters--h0
        cosmological_parameters--mnu
        cosmological_parameters--s_8
        cosmological_parameters--n_s
        halo_model_parameters--logt_agn
        lens_photoz_errors--width_1
        lens_photoz_errors--width_2
        lens_photoz_errors--width_3
        lens_photoz_errors--width_4
        lens_photoz_errors--bias_1
        lens_photoz_errors--bias_2
        lens_photoz_errors--bias_3
        lens_photoz_errors--bias_4
        wl_photoz_errors--bias_1
        wl_photoz_errors--bias_2
        wl_photoz_errors--bias_3
        wl_photoz_errors--bias_4
        intrinsic_alignment_parameters--a1
        intrinsic_alignment_parameters--a2
        intrinsic_alignment_parameters--alpha1
        intrinsic_alignment_parameters--alpha2
        intrinsic_alignment_parameters--bias_ta
        bias_lens--b1
        bias_lens--b2
        bias_lens--b3
        bias_lens--b4
   Fast parameters (4):
        shear_calibration_parameters--m1
        shear_calibration_parameters--m2
        shear_calibration_parameters--m3
        shear_calibration_parameters--m4


2pt_gal_shear took: 0.111 seconds
shear_m_bias took: 0.002 seconds
add_point_mass took: 0.000 seconds
2pt_gal_shear took: 0.118 seconds
shear_m_bias took: 0.002 seconds
add_point_mass took: 0.000 seconds
Using two grades of parameter speed in polychord.
Telling Polychord to spend fraction 0.1 if its time in the fast subspace (adjust with fast_fraction option)
Polychord num_repeats = 74  (from parameter file)
2pt_like took: 0.021 seconds
2pt_gal_shear took: 0.115 seconds
shear_ratio_like took: 0.001 seconds
Total pipeline time: 56.3 seconds
Using two grades of parameter speed in polychord.
Telling Polychord to spend fraction 0.1 if its time in the fast subspace (adjust with fast_fraction option)
Polychord num_repeats = 74  (from parameter file)
shear_m_bias took: 0.002 seconds
add_point_mass took: 0.000 seconds


Parameters first used in each module:
consistency - 5 parameters:
     cosmological_parameters--ombh2
     cosmological_parameters--omch2
     cosmological_parameters--h0
     cosmological_parameters--mnu
     cosmological_parameters--s_8
bbn_consistency - 0 parameters:
s8_to_sigma8 - 0 parameters:
camb - 2 parameters:
     cosmological_parameters--n_s
     halo_model_parameters--logt_agn
as_to_log1e10as - 0 parameters:
fast_pt - 0 parameters:
fits_nz - 0 parameters:
lens_photoz_width - 4 parameters:
     lens_photoz_errors--width_1
     lens_photoz_errors--width_2
     lens_photoz_errors--width_3
     lens_photoz_errors--width_4
lens_photoz_bias - 4 parameters:
     lens_photoz_errors--bias_1
     lens_photoz_errors--bias_2
     lens_photoz_errors--bias_3
     lens_photoz_errors--bias_4
source_photoz_bias - 4 parameters:
     wl_photoz_errors--bias_1
     wl_photoz_errors--bias_2
     wl_photoz_errors--bias_3
     wl_photoz_errors--bias_4
IA - 5 parameters:
     intrinsic_alignment_parameters--a1
     intrinsic_alignment_parameters--a2
     intrinsic_alignment_parameters--alpha1
     intrinsic_alignment_parameters--alpha2
     intrinsic_alignment_parameters--bias_ta
pk_to_cl_gg - 4 parameters:
     bias_lens--b1
     bias_lens--b2
     bias_lens--b3
     bias_lens--b4
pk_to_cl - 0 parameters:
add_magnification - 0 parameters:
add_intrinsic - 0 parameters:
2pt_shear - 0 parameters:
2pt_gal - 0 parameters:
2pt_gal_shear - 0 parameters:
shear_m_bias - 4 parameters:
     shear_calibration_parameters--m1
     shear_calibration_parameters--m2
     shear_calibration_parameters--m3
     shear_calibration_parameters--m4
add_point_mass - 0 parameters:
2pt_like - 0 parameters:
shear_ratio_like - 0 parameters:
Results - 0 parameters:
You manually told me in the parameter file to use module 18 as the first in the fast block
Time for full pipeline:  56.31s
Time for slow pipeline:  56.28s
Time for fast pipeline:  0.02s
Time saving: 99.96%

Based on this we have decided: 
   Slow modules (18):
        consistency
        bbn_consistency
        s8_to_sigma8
        camb
        as_to_log1e10as
        fast_pt
        fits_nz
        lens_photoz_width
        lens_photoz_bias
        source_photoz_bias
        IA
        pk_to_cl_gg
        pk_to_cl
        add_magnification
        add_intrinsic
        2pt_shear
        2pt_gal
        2pt_gal_shear
   Fast modules (4):
        shear_m_bias
        add_point_mass
        2pt_like
        shear_ratio_like
   Slow parameters (28):
        cosmological_parameters--ombh2
        cosmological_parameters--omch2
        cosmological_parameters--h0
        cosmological_parameters--mnu
        cosmological_parameters--s_8
        cosmological_parameters--n_s
        halo_model_parameters--logt_agn
        lens_photoz_errors--width_1
        lens_photoz_errors--width_2
        lens_photoz_errors--width_3
        lens_photoz_errors--width_4
        lens_photoz_errors--bias_1
        lens_photoz_errors--bias_2
        lens_photoz_errors--bias_3
        lens_photoz_errors--bias_4
        wl_photoz_errors--bias_1
        wl_photoz_errors--bias_2
        wl_photoz_errors--bias_3
        wl_photoz_errors--bias_4
        intrinsic_alignment_parameters--a1
        intrinsic_alignment_parameters--a2
        intrinsic_alignment_parameters--alpha1
        intrinsic_alignment_parameters--alpha2
        intrinsic_alignment_parameters--bias_ta
        bias_lens--b1
        bias_lens--b2
        bias_lens--b3
        bias_lens--b4
   Fast parameters (4):
        shear_calibration_parameters--m1
        shear_calibration_parameters--m2
        shear_calibration_parameters--m3
        shear_calibration_parameters--m4


2pt_like took: 0.022 seconds
shear_ratio_like took: 0.001 seconds
Total pipeline time: 57.0 seconds
pk_to_cl took: 0.515 seconds
pk_to_cl_gg took: 0.939 seconds
add_magnification took: 0.005 seconds
add_intrinsic took: 0.003 seconds


Parameters first used in each module:
consistency - 5 parameters:
     cosmological_parameters--ombh2
     cosmological_parameters--omch2
     cosmological_parameters--h0
     cosmological_parameters--mnu
     cosmological_parameters--s_8
bbn_consistency - 0 parameters:
s8_to_sigma8 - 0 parameters:
camb - 2 parameters:
     cosmological_parameters--n_s
     halo_model_parameters--logt_agn
as_to_log1e10as - 0 parameters:
fast_pt - 0 parameters:
fits_nz - 0 parameters:
lens_photoz_width - 4 parameters:
     lens_photoz_errors--width_1
     lens_photoz_errors--width_2
     lens_photoz_errors--width_3
     lens_photoz_errors--width_4
lens_photoz_bias - 4 parameters:
     lens_photoz_errors--bias_1
     lens_photoz_errors--bias_2
     lens_photoz_errors--bias_3
     lens_photoz_errors--bias_4
source_photoz_bias - 4 parameters:
     wl_photoz_errors--bias_1
     wl_photoz_errors--bias_2
     wl_photoz_errors--bias_3
     wl_photoz_errors--bias_4
IA - 5 parameters:
     intrinsic_alignment_parameters--a1
     intrinsic_alignment_parameters--a2
     intrinsic_alignment_parameters--alpha1
     intrinsic_alignment_parameters--alpha2
     intrinsic_alignment_parameters--bias_ta
pk_to_cl_gg - 4 parameters:
     bias_lens--b1
     bias_lens--b2
     bias_lens--b3
     bias_lens--b4
pk_to_cl - 0 parameters:
add_magnification - 0 parameters:
add_intrinsic - 0 parameters:
2pt_shear - 0 parameters:
2pt_gal - 0 parameters:
2pt_gal_shear - 0 parameters:
shear_m_bias - 4 parameters:
     shear_calibration_parameters--m1
     shear_calibration_parameters--m2
     shear_calibration_parameters--m3
     shear_calibration_parameters--m4
add_point_mass - 0 parameters:
2pt_like - 0 parameters:
shear_ratio_like - 0 parameters:
Results - 0 parameters:
You manually told me in the parameter file to use module 18 as the first in the fast block
Time for full pipeline:  56.97s
Time for slow pipeline:  56.94s
Time for fast pipeline:  0.02s
Time saving: 99.96%

Based on this we have decided: 
   Slow modules (18):
        consistency
        bbn_consistency
        s8_to_sigma8
        camb
        as_to_log1e10as
        fast_pt
        fits_nz
        lens_photoz_width
        lens_photoz_bias
        source_photoz_bias
        IA
        pk_to_cl_gg
        pk_to_cl
        add_magnification
        add_intrinsic
        2pt_shear
        2pt_gal
        2pt_gal_shear
   Fast modules (4):
        shear_m_bias
        add_point_mass
        2pt_like
        shear_ratio_like
   Slow parameters (28):
        cosmological_parameters--ombh2
        cosmological_parameters--omch2
        cosmological_parameters--h0
        cosmological_parameters--mnu
        cosmological_parameters--s_8
        cosmological_parameters--n_s
        halo_model_parameters--logt_agn
        lens_photoz_errors--width_1
        lens_photoz_errors--width_2
        lens_photoz_errors--width_3
        lens_photoz_errors--width_4
        lens_photoz_errors--bias_1
        lens_photoz_errors--bias_2
        lens_photoz_errors--bias_3
        lens_photoz_errors--bias_4
        wl_photoz_errors--bias_1
        wl_photoz_errors--bias_2
        wl_photoz_errors--bias_3
        wl_photoz_errors--bias_4
        intrinsic_alignment_parameters--a1
        intrinsic_alignment_parameters--a2
        intrinsic_alignment_parameters--alpha1
        intrinsic_alignment_parameters--alpha2
        intrinsic_alignment_parameters--bias_ta
        bias_lens--b1
        bias_lens--b2
        bias_lens--b3
        bias_lens--b4
   Fast parameters (4):
        shear_calibration_parameters--m1
        shear_calibration_parameters--m2
        shear_calibration_parameters--m3
        shear_calibration_parameters--m4


2pt_like took: 0.021 seconds
shear_ratio_like took: 0.001 seconds
Total pipeline time: 57.9 seconds
2pt_shear took: 0.098 seconds


Parameters first used in each module:
consistency - 5 parameters:
     cosmological_parameters--ombh2
     cosmological_parameters--omch2
     cosmological_parameters--h0
     cosmological_parameters--mnu
     cosmological_parameters--s_8
bbn_consistency - 0 parameters:
s8_to_sigma8 - 0 parameters:
camb - 2 parameters:
     cosmological_parameters--n_s
     halo_model_parameters--logt_agn
as_to_log1e10as - 0 parameters:
fast_pt - 0 parameters:
fits_nz - 0 parameters:
lens_photoz_width - 4 parameters:
     lens_photoz_errors--width_1
     lens_photoz_errors--width_2
     lens_photoz_errors--width_3
     lens_photoz_errors--width_4
lens_photoz_bias - 4 parameters:
     lens_photoz_errors--bias_1
     lens_photoz_errors--bias_2
     lens_photoz_errors--bias_3
     lens_photoz_errors--bias_4
source_photoz_bias - 4 parameters:
     wl_photoz_errors--bias_1
     wl_photoz_errors--bias_2
     wl_photoz_errors--bias_3
     wl_photoz_errors--bias_4
IA - 5 parameters:
     intrinsic_alignment_parameters--a1
     intrinsic_alignment_parameters--a2
     intrinsic_alignment_parameters--alpha1
     intrinsic_alignment_parameters--alpha2
     intrinsic_alignment_parameters--bias_ta
pk_to_cl_gg - 4 parameters:
     bias_lens--b1
     bias_lens--b2
     bias_lens--b3
     bias_lens--b4
pk_to_cl - 0 parameters:
add_magnification - 0 parameters:
add_intrinsic - 0 parameters:
2pt_shear - 0 parameters:
2pt_gal - 0 parameters:
2pt_gal_shear - 0 parameters:
shear_m_bias - 4 parameters:
     shear_calibration_parameters--m1
     shear_calibration_parameters--m2
     shear_calibration_parameters--m3
     shear_calibration_parameters--m4
add_point_mass - 0 parameters:
2pt_like - 0 parameters:
shear_ratio_like - 0 parameters:
Results - 0 parameters:
You manually told me in the parameter file to use module 18 as the first in the fast block
Time for full pipeline:  57.95s
Time for slow pipeline:  57.92s
Time for fast pipeline:  0.02s
Time saving: 99.96%

Based on this we have decided: 
   Slow modules (18):
        consistency
        bbn_consistency
        s8_to_sigma8
        camb
        as_to_log1e10as
        fast_pt
        fits_nz
        lens_photoz_width
        lens_photoz_bias
        source_photoz_bias
        IA
        pk_to_cl_gg
        pk_to_cl
        add_magnification
        add_intrinsic
        2pt_shear
        2pt_gal
        2pt_gal_shear
   Fast modules (4):
        shear_m_bias
        add_point_mass
        2pt_like
        shear_ratio_like
   Slow parameters (28):
        cosmological_parameters--ombh2
        cosmological_parameters--omch2
        cosmological_parameters--h0
        cosmological_parameters--mnu
        cosmological_parameters--s_8
        cosmological_parameters--n_s
        halo_model_parameters--logt_agn
        lens_photoz_errors--width_1
        lens_photoz_errors--width_2
        lens_photoz_errors--width_3
        lens_photoz_errors--width_4
        lens_photoz_errors--bias_1
        lens_photoz_errors--bias_2
        lens_photoz_errors--bias_3
        lens_photoz_errors--bias_4
        wl_photoz_errors--bias_1
        wl_photoz_errors--bias_2
        wl_photoz_errors--bias_3
        wl_photoz_errors--bias_4
        intrinsic_alignment_parameters--a1
        intrinsic_alignment_parameters--a2
        intrinsic_alignment_parameters--alpha1
        intrinsic_alignment_parameters--alpha2
        intrinsic_alignment_parameters--bias_ta
        bias_lens--b1
        bias_lens--b2
        bias_lens--b3
        bias_lens--b4
   Fast parameters (4):
        shear_calibration_parameters--m1
        shear_calibration_parameters--m2
        shear_calibration_parameters--m3
        shear_calibration_parameters--m4


Using two grades of parameter speed in polychord.
Telling Polychord to spend fraction 0.1 if its time in the fast subspace (adjust with fast_fraction option)
Polychord num_repeats = 74  (from parameter file)
2pt_shear took: 0.096 seconds
2pt_gal took: 0.029 seconds
pk_to_cl_gg took: 1.047 seconds
Using two grades of parameter speed in polychord.
Telling Polychord to spend fraction 0.1 if its time in the fast subspace (adjust with fast_fraction option)
Polychord num_repeats = 74  (from parameter file)
Using two grades of parameter speed in polychord.
Telling Polychord to spend fraction 0.1 if its time in the fast subspace (adjust with fast_fraction option)
Polychord num_repeats = 74  (from parameter file)
2pt_gal_shear took: 0.111 seconds
2pt_gal took: 0.029 seconds
shear_m_bias took: 0.002 seconds
add_point_mass took: 0.000 seconds
Using two grades of parameter speed in polychord.
Telling Polychord to spend fraction 0.1 if its time in the fast subspace (adjust with fast_fraction option)
Polychord num_repeats = 74  (from parameter file)
2pt_like took: 0.021 seconds
shear_ratio_like took: 0.001 seconds
Total pipeline time: 57.8 seconds
Using two grades of parameter speed in polychord.
Telling Polychord to spend fraction 0.1 if its time in the fast subspace (adjust with fast_fraction option)
Polychord num_repeats = 74  (from parameter file)


Parameters first used in each module:
consistency - 5 parameters:
     cosmological_parameters--ombh2
     cosmological_parameters--omch2
     cosmological_parameters--h0
     cosmological_parameters--mnu
     cosmological_parameters--s_8
bbn_consistency - 0 parameters:
s8_to_sigma8 - 0 parameters:
camb - 2 parameters:
     cosmological_parameters--n_s
     halo_model_parameters--logt_agn
as_to_log1e10as - 0 parameters:
fast_pt - 0 parameters:
fits_nz - 0 parameters:
lens_photoz_width - 4 parameters:
     lens_photoz_errors--width_1
     lens_photoz_errors--width_2
     lens_photoz_errors--width_3
     lens_photoz_errors--width_4
lens_photoz_bias - 4 parameters:
     lens_photoz_errors--bias_1
     lens_photoz_errors--bias_2
     lens_photoz_errors--bias_3
     lens_photoz_errors--bias_4
source_photoz_bias - 4 parameters:
     wl_photoz_errors--bias_1
     wl_photoz_errors--bias_2
     wl_photoz_errors--bias_3
     wl_photoz_errors--bias_4
IA - 5 parameters:
     intrinsic_alignment_parameters--a1
     intrinsic_alignment_parameters--a2
     intrinsic_alignment_parameters--alpha1
     intrinsic_alignment_parameters--alpha2
     intrinsic_alignment_parameters--bias_ta
pk_to_cl_gg - 4 parameters:
     bias_lens--b1
     bias_lens--b2
     bias_lens--b3
     bias_lens--b4
pk_to_cl - 0 parameters:
add_magnification - 0 parameters:
add_intrinsic - 0 parameters:
2pt_shear - 0 parameters:
2pt_gal - 0 parameters:
2pt_gal_shear - 0 parameters:
shear_m_bias - 4 parameters:
     shear_calibration_parameters--m1
     shear_calibration_parameters--m2
     shear_calibration_parameters--m3
     shear_calibration_parameters--m4
add_point_mass - 0 parameters:
2pt_like - 0 parameters:
shear_ratio_like - 0 parameters:
Results - 0 parameters:
You manually told me in the parameter file to use module 18 as the first in the fast block
Time for full pipeline:  57.84s
Time for slow pipeline:  57.82s
Time for fast pipeline:  0.02s
Time saving: 99.96%

Based on this we have decided: 
   Slow modules (18):
        consistency
        bbn_consistency
        s8_to_sigma8
        camb
        as_to_log1e10as
        fast_pt
        fits_nz
        lens_photoz_width
        lens_photoz_bias
        source_photoz_bias
        IA
        pk_to_cl_gg
        pk_to_cl
        add_magnification
        add_intrinsic
        2pt_shear
        2pt_gal
        2pt_gal_shear
   Fast modules (4):
        shear_m_bias
        add_point_mass
        2pt_like
        shear_ratio_like
   Slow parameters (28):
        cosmological_parameters--ombh2
        cosmological_parameters--omch2
        cosmological_parameters--h0
        cosmological_parameters--mnu
        cosmological_parameters--s_8
        cosmological_parameters--n_s
        halo_model_parameters--logt_agn
        lens_photoz_errors--width_1
        lens_photoz_errors--width_2
        lens_photoz_errors--width_3
        lens_photoz_errors--width_4
        lens_photoz_errors--bias_1
        lens_photoz_errors--bias_2
        lens_photoz_errors--bias_3
        lens_photoz_errors--bias_4
        wl_photoz_errors--bias_1
        wl_photoz_errors--bias_2
        wl_photoz_errors--bias_3
        wl_photoz_errors--bias_4
        intrinsic_alignment_parameters--a1
        intrinsic_alignment_parameters--a2
        intrinsic_alignment_parameters--alpha1
        intrinsic_alignment_parameters--alpha2
        intrinsic_alignment_parameters--bias_ta
        bias_lens--b1
        bias_lens--b2
        bias_lens--b3
        bias_lens--b4
   Fast parameters (4):
        shear_calibration_parameters--m1
        shear_calibration_parameters--m2
        shear_calibration_parameters--m3
        shear_calibration_parameters--m4


2pt_shear took: 0.101 seconds
Using two grades of parameter speed in polychord.
Telling Polychord to spend fraction 0.1 if its time in the fast subspace (adjust with fast_fraction option)
Polychord num_repeats = 74  (from parameter file)
pk_to_cl took: 0.515 seconds
add_magnification took: 0.005 seconds
add_intrinsic took: 0.003 seconds
2pt_gal took: 0.029 seconds
Using two grades of parameter speed in polychord.
Telling Polychord to spend fraction 0.1 if its time in the fast subspace (adjust with fast_fraction option)
Polychord num_repeats = 74  (from parameter file)
pk_to_cl_gg took: 0.919 seconds
Using two grades of parameter speed in polychord.
Telling Polychord to spend fraction 0.1 if its time in the fast subspace (adjust with fast_fraction option)
Using two grades of parameter speed in polychord.
Telling Polychord to spend fraction 0.1 if its time in the fast subspace (adjust with fast_fraction option)
Polychord num_repeats = 74  (from parameter file)
Polychord num_repeats = 74  (from parameter file)
Using two grades of parameter speed in polychord.
Telling Polychord to spend fraction 0.1 if its time in the fast subspace (adjust with fast_fraction option)
Polychord num_repeats = 74  (from parameter file)
2pt_gal_shear took: 0.115 seconds
shear_m_bias took: 0.002 seconds
add_point_mass took: 0.000 seconds
pk_to_cl took: 0.559 seconds
add_magnification took: 0.005 seconds
2pt_gal_shear took: 0.113 seconds
Using two grades of parameter speed in polychord.
Telling Polychord to spend fraction 0.1 if its time in the fast subspace (adjust with fast_fraction option)
Polychord num_repeats = 74  (from parameter file)
shear_m_bias took: 0.002 seconds
add_point_mass took: 0.000 seconds
add_intrinsic took: 0.003 seconds
2pt_like took: 0.022 seconds
Using two grades of parameter speed in polychord.
Telling Polychord to spend fraction 0.1 if its time in the fast subspace (adjust with fast_fraction option)
shear_ratio_like took: 0.001 seconds
Total pipeline time: 56.6 seconds
Polychord num_repeats = 74  (from parameter file)
pk_to_cl took: 0.494 seconds
add_magnification took: 0.005 seconds


Parameters first used in each module:
consistency - 5 parameters:
     cosmological_parameters--ombh2
     cosmological_parameters--omch2
     cosmological_parameters--h0
     cosmological_parameters--mnu
     cosmological_parameters--s_8
bbn_consistency - 0 parameters:
s8_to_sigma8 - 0 parameters:
camb - 2 parameters:
     cosmological_parameters--n_s
     halo_model_parameters--logt_agn
as_to_log1e10as - 0 parameters:
fast_pt - 0 parameters:
fits_nz - 0 parameters:
lens_photoz_width - 4 parameters:
     lens_photoz_errors--width_1
     lens_photoz_errors--width_2
     lens_photoz_errors--width_3
     lens_photoz_errors--width_4
lens_photoz_bias - 4 parameters:
     lens_photoz_errors--bias_1
     lens_photoz_errors--bias_2
     lens_photoz_errors--bias_3
     lens_photoz_errors--bias_4
source_photoz_bias - 4 parameters:
     wl_photoz_errors--bias_1
     wl_photoz_errors--bias_2
     wl_photoz_errors--bias_3
     wl_photoz_errors--bias_4
IA - 5 parameters:
     intrinsic_alignment_parameters--a1
     intrinsic_alignment_parameters--a2
     intrinsic_alignment_parameters--alpha1
     intrinsic_alignment_parameters--alpha2
     intrinsic_alignment_parameters--bias_ta
pk_to_cl_gg - 4 parameters:
     bias_lens--b1
     bias_lens--b2
     bias_lens--b3
     bias_lens--b4
pk_to_cl - 0 parameters:
add_magnification - 0 parameters:
add_intrinsic - 0 parameters:
2pt_shear - 0 parameters:
2pt_gal - 0 parameters:
2pt_gal_shear - 0 parameters:
shear_m_bias - 4 parameters:
     shear_calibration_parameters--m1
     shear_calibration_parameters--m2
     shear_calibration_parameters--m3
     shear_calibration_parameters--m4
add_point_mass - 0 parameters:
2pt_like - 0 parameters:
shear_ratio_like - 0 parameters:
Results - 0 parameters:
You manually told me in the parameter file to use module 18 as the first in the fast block
Time for full pipeline:  56.58s
Time for slow pipeline:  56.55s
Time for fast pipeline:  0.02s
Time saving: 99.96%

Based on this we have decided: 
   Slow modules (18):
        consistency
        bbn_consistency
        s8_to_sigma8
        camb
        as_to_log1e10as
        fast_pt
        fits_nz
        lens_photoz_width
        lens_photoz_bias
        source_photoz_bias
        IA
        pk_to_cl_gg
        pk_to_cl
        add_magnification
        add_intrinsic
        2pt_shear
        2pt_gal
        2pt_gal_shear
   Fast modules (4):
        shear_m_bias
        add_point_mass
        2pt_like
        shear_ratio_like
   Slow parameters (28):
        cosmological_parameters--ombh2
        cosmological_parameters--omch2
        cosmological_parameters--h0
        cosmological_parameters--mnu
        cosmological_parameters--s_8
        cosmological_parameters--n_s
        halo_model_parameters--logt_agn
        lens_photoz_errors--width_1
        lens_photoz_errors--width_2
        lens_photoz_errors--width_3
        lens_photoz_errors--width_4
        lens_photoz_errors--bias_1
        lens_photoz_errors--bias_2
        lens_photoz_errors--bias_3
        lens_photoz_errors--bias_4
        wl_photoz_errors--bias_1
        wl_photoz_errors--bias_2
        wl_photoz_errors--bias_3
        wl_photoz_errors--bias_4
        intrinsic_alignment_parameters--a1
        intrinsic_alignment_parameters--a2
        intrinsic_alignment_parameters--alpha1
        intrinsic_alignment_parameters--alpha2
        intrinsic_alignment_parameters--bias_ta
        bias_lens--b1
        bias_lens--b2
        bias_lens--b3
        bias_lens--b4
   Fast parameters (4):
        shear_calibration_parameters--m1
        shear_calibration_parameters--m2
        shear_calibration_parameters--m3
        shear_calibration_parameters--m4


add_intrinsic took: 0.002 seconds
2pt_like took: 0.020 seconds
shear_ratio_like took: 0.001 seconds
Total pipeline time: 57.2 seconds
Using two grades of parameter speed in polychord.
Telling Polychord to spend fraction 0.1 if its time in the fast subspace (adjust with fast_fraction option)
Polychord num_repeats = 74  (from parameter file)


Parameters first used in each module:
consistency - 5 parameters:
     cosmological_parameters--ombh2
     cosmological_parameters--omch2
     cosmological_parameters--h0
     cosmological_parameters--mnu
     cosmological_parameters--s_8
bbn_consistency - 0 parameters:
s8_to_sigma8 - 0 parameters:
camb - 2 parameters:
     cosmological_parameters--n_s
     halo_model_parameters--logt_agn
as_to_log1e10as - 0 parameters:
fast_pt - 0 parameters:
fits_nz - 0 parameters:
lens_photoz_width - 4 parameters:
     lens_photoz_errors--width_1
     lens_photoz_errors--width_2
     lens_photoz_errors--width_3
     lens_photoz_errors--width_4
lens_photoz_bias - 4 parameters:
     lens_photoz_errors--bias_1
     lens_photoz_errors--bias_2
     lens_photoz_errors--bias_3
     lens_photoz_errors--bias_4
source_photoz_bias - 4 parameters:
     wl_photoz_errors--bias_1
     wl_photoz_errors--bias_2
     wl_photoz_errors--bias_3
     wl_photoz_errors--bias_4
IA - 5 parameters:
     intrinsic_alignment_parameters--a1
     intrinsic_alignment_parameters--a2
     intrinsic_alignment_parameters--alpha1
     intrinsic_alignment_parameters--alpha2
     intrinsic_alignment_parameters--bias_ta
pk_to_cl_gg - 4 parameters:
     bias_lens--b1
     bias_lens--b2
     bias_lens--b3
     bias_lens--b4
pk_to_cl - 0 parameters:
add_magnification - 0 parameters:
add_intrinsic - 0 parameters:
2pt_shear - 0 parameters:
2pt_gal - 0 parameters:
2pt_gal_shear - 0 parameters:
shear_m_bias - 4 parameters:
     shear_calibration_parameters--m1
     shear_calibration_parameters--m2
     shear_calibration_parameters--m3
     shear_calibration_parameters--m4
add_point_mass - 0 parameters:
2pt_like - 0 parameters:
shear_ratio_like - 0 parameters:
Results - 0 parameters:
You manually told me in the parameter file to use module 18 as the first in the fast block
Time for full pipeline:  57.18s
Time for slow pipeline:  57.16s
Time for fast pipeline:  0.02s
Time saving: 99.96%

Based on this we have decided: 
   Slow modules (18):
        consistency
        bbn_consistency
        s8_to_sigma8
        camb
        as_to_log1e10as
        fast_pt
        fits_nz
        lens_photoz_width
        lens_photoz_bias
        source_photoz_bias
        IA
        pk_to_cl_gg
        pk_to_cl
        add_magnification
        add_intrinsic
        2pt_shear
        2pt_gal
        2pt_gal_shear
   Fast modules (4):
        shear_m_bias
        add_point_mass
        2pt_like
        shear_ratio_like
   Slow parameters (28):
        cosmological_parameters--ombh2
        cosmological_parameters--omch2
        cosmological_parameters--h0
        cosmological_parameters--mnu
        cosmological_parameters--s_8
        cosmological_parameters--n_s
        halo_model_parameters--logt_agn
        lens_photoz_errors--width_1
        lens_photoz_errors--width_2
        lens_photoz_errors--width_3
        lens_photoz_errors--width_4
        lens_photoz_errors--bias_1
        lens_photoz_errors--bias_2
        lens_photoz_errors--bias_3
        lens_photoz_errors--bias_4
        wl_photoz_errors--bias_1
        wl_photoz_errors--bias_2
        wl_photoz_errors--bias_3
        wl_photoz_errors--bias_4
        intrinsic_alignment_parameters--a1
        intrinsic_alignment_parameters--a2
        intrinsic_alignment_parameters--alpha1
        intrinsic_alignment_parameters--alpha2
        intrinsic_alignment_parameters--bias_ta
        bias_lens--b1
        bias_lens--b2
        bias_lens--b3
        bias_lens--b4
   Fast parameters (4):
        shear_calibration_parameters--m1
        shear_calibration_parameters--m2
        shear_calibration_parameters--m3
        shear_calibration_parameters--m4


2pt_shear took: 0.102 seconds
Using two grades of parameter speed in polychord.
Telling Polychord to spend fraction 0.1 if its time in the fast subspace (adjust with fast_fraction option)
Polychord num_repeats = 74  (from parameter file)
2pt_gal took: 0.030 seconds
2pt_gal_shear took: 0.116 seconds
Using two grades of parameter speed in polychord.
Telling Polychord to spend fraction 0.1 if its time in the fast subspace (adjust with fast_fraction option)
Polychord num_repeats = 74  (from parameter file)
shear_m_bias took: 0.002 seconds
add_point_mass took: 0.000 seconds
Using two grades of parameter speed in polychord.
Telling Polychord to spend fraction 0.1 if its time in the fast subspace (adjust with fast_fraction option)
Polychord num_repeats = 74  (from parameter file)
2pt_like took: 0.022 seconds
shear_ratio_like took: 0.001 seconds
Total pipeline time: 57.6 seconds
Using two grades of parameter speed in polychord.
Telling Polychord to spend fraction 0.1 if its time in the fast subspace (adjust with fast_fraction option)
Polychord num_repeats = 74  (from parameter file)
2pt_shear took: 0.100 seconds


Parameters first used in each module:
consistency - 5 parameters:
     cosmological_parameters--ombh2
     cosmological_parameters--omch2
     cosmological_parameters--h0
     cosmological_parameters--mnu
     cosmological_parameters--s_8
bbn_consistency - 0 parameters:
s8_to_sigma8 - 0 parameters:
camb - 2 parameters:
     cosmological_parameters--n_s
     halo_model_parameters--logt_agn
as_to_log1e10as - 0 parameters:
fast_pt - 0 parameters:
fits_nz - 0 parameters:
lens_photoz_width - 4 parameters:
     lens_photoz_errors--width_1
     lens_photoz_errors--width_2
     lens_photoz_errors--width_3
     lens_photoz_errors--width_4
lens_photoz_bias - 4 parameters:
     lens_photoz_errors--bias_1
     lens_photoz_errors--bias_2
2pt_shear took: 0.095 seconds
     lens_photoz_errors--bias_3
     lens_photoz_errors--bias_4
source_photoz_bias - 4 parameters:
     wl_photoz_errors--bias_1
     wl_photoz_errors--bias_2
     wl_photoz_errors--bias_3
     wl_photoz_errors--bias_4
IA - 5 parameters:
     intrinsic_alignment_parameters--a1
     intrinsic_alignment_parameters--a2
     intrinsic_alignment_parameters--alpha1
     intrinsic_alignment_parameters--alpha2
     intrinsic_alignment_parameters--bias_ta
pk_to_cl_gg - 4 parameters:
     bias_lens--b1
     bias_lens--b2
     bias_lens--b3
     bias_lens--b4
pk_to_cl - 0 parameters:
add_magnification - 0 parameters:
add_intrinsic - 0 parameters:
2pt_shear - 0 parameters:
2pt_gal - 0 parameters:
2pt_gal_shear - 0 parameters:
shear_m_bias - 4 parameters:
     shear_calibration_parameters--m1
     shear_calibration_parameters--m2
     shear_calibration_parameters--m3
     shear_calibration_parameters--m4
add_point_mass - 0 parameters:
2pt_like - 0 parameters:
shear_ratio_like - 0 parameters:
Results - 0 parameters:
You manually told me in the parameter file to use module 18 as the first in the fast block
Time for full pipeline:  57.59s
Time for slow pipeline:  57.56s
Time for fast pipeline:  0.03s
Time saving: 99.96%

Based on this we have decided: 
   Slow modules (18):
        consistency
        bbn_consistency
        s8_to_sigma8
        camb
        as_to_log1e10as
        fast_pt
        fits_nz
        lens_photoz_width
        lens_photoz_bias
        source_photoz_bias
        IA
        pk_to_cl_gg
        pk_to_cl
        add_magnification
        add_intrinsic
        2pt_shear
        2pt_gal
        2pt_gal_shear
   Fast modules (4):
        shear_m_bias
        add_point_mass
        2pt_like
        shear_ratio_like
   Slow parameters (28):
        cosmological_parameters--ombh2
        cosmological_parameters--omch2
        cosmological_parameters--h0
        cosmological_parameters--mnu
        cosmological_parameters--s_8
        cosmological_parameters--n_s
        halo_model_parameters--logt_agn
        lens_photoz_errors--width_1
        lens_photoz_errors--width_2
        lens_photoz_errors--width_3
        lens_photoz_errors--width_4
        lens_photoz_errors--bias_1
        lens_photoz_errors--bias_2
        lens_photoz_errors--bias_3
        lens_photoz_errors--bias_4
        wl_photoz_errors--bias_1
        wl_photoz_errors--bias_2
        wl_photoz_errors--bias_3
        wl_photoz_errors--bias_4
        intrinsic_alignment_parameters--a1
        intrinsic_alignment_parameters--a2
        intrinsic_alignment_parameters--alpha1
        intrinsic_alignment_parameters--alpha2
        intrinsic_alignment_parameters--bias_ta
        bias_lens--b1
        bias_lens--b2
        bias_lens--b3
        bias_lens--b4
   Fast parameters (4):
        shear_calibration_parameters--m1
        shear_calibration_parameters--m2
        shear_calibration_parameters--m3
        shear_calibration_parameters--m4


pk_to_cl_gg took: 0.943 seconds
2pt_gal took: 0.029 seconds
2pt_gal took: 0.028 seconds
pk_to_cl took: 0.502 seconds
add_magnification took: 0.005 seconds
add_intrinsic took: 0.003 seconds
pk_to_cl_gg took: 0.946 seconds
Using two grades of parameter speed in polychord.
Telling Polychord to spend fraction 0.1 if its time in the fast subspace (adjust with fast_fraction option)
Polychord num_repeats = 74  (from parameter file)
pk_to_cl_gg took: 1.108 seconds
2pt_gal_shear took: 0.119 seconds
shear_m_bias took: 0.002 seconds
add_point_mass took: 0.000 seconds
pk_to_cl_gg took: 0.932 seconds
2pt_like took: 0.022 seconds
shear_ratio_like took: 0.001 seconds
Total pipeline time: 58.1 seconds


Parameters first used in each module:
consistency - 5 parameters:
     cosmological_parameters--ombh2
     cosmological_parameters--omch2
     cosmological_parameters--h0
     cosmological_parameters--mnu
     cosmological_parameters--s_8
bbn_consistency - 0 parameters:
s8_to_sigma8 - 0 parameters:
camb - 2 parameters:
     cosmological_parameters--n_s
     halo_model_parameters--logt_agn
as_to_log1e10as - 0 parameters:
fast_pt - 0 parameters:
fits_nz - 0 parameters:
lens_photoz_width - 4 parameters:
     lens_photoz_errors--width_1
     lens_photoz_errors--width_2
     lens_photoz_errors--width_3
     lens_photoz_errors--width_4
lens_photoz_bias - 4 parameters:
     lens_photoz_errors--bias_1
     lens_photoz_errors--bias_2
     lens_photoz_errors--bias_3
     lens_photoz_errors--bias_4
source_photoz_bias - 4 parameters:
     wl_photoz_errors--bias_1
     wl_photoz_errors--bias_2
     wl_photoz_errors--bias_3
     wl_photoz_errors--bias_4
IA - 5 parameters:
     intrinsic_alignment_parameters--a1
     intrinsic_alignment_parameters--a2
     intrinsic_alignment_parameters--alpha1
     intrinsic_alignment_parameters--alpha2
     intrinsic_alignment_parameters--bias_ta
pk_to_cl_gg - 4 parameters:
     bias_lens--b1
     bias_lens--b2
     bias_lens--b3
     bias_lens--b4
pk_to_cl - 0 parameters:
add_magnification - 0 parameters:
add_intrinsic - 0 parameters:
2pt_shear - 0 parameters:
2pt_gal - 0 parameters:
2pt_gal_shear - 0 parameters:
shear_m_bias - 4 parameters:
     shear_calibration_parameters--m1
     shear_calibration_parameters--m2
     shear_calibration_parameters--m3
     shear_calibration_parameters--m4
add_point_mass - 0 parameters:
2pt_like - 0 parameters:
shear_ratio_like - 0 parameters:
Results - 0 parameters:
You manually told me in the parameter file to use module 18 as the first in the fast block
Time for full pipeline:  58.10s
Time for slow pipeline:  58.08s
Time for fast pipeline:  0.02s
Time saving: 99.96%

Based on this we have decided: 
   Slow modules (18):
        consistency
        bbn_consistency
        s8_to_sigma8
        camb
        as_to_log1e10as
        fast_pt
        fits_nz
        lens_photoz_width
        lens_photoz_bias
        source_photoz_bias
        IA
        pk_to_cl_gg
        pk_to_cl
        add_magnification
        add_intrinsic
        2pt_shear
        2pt_gal
        2pt_gal_shear
   Fast modules (4):
        shear_m_bias
        add_point_mass
        2pt_like
        shear_ratio_like
   Slow parameters (28):
        cosmological_parameters--ombh2
        cosmological_parameters--omch2
        cosmological_parameters--h0
        cosmological_parameters--mnu
        cosmological_parameters--s_8
        cosmological_parameters--n_s
        halo_model_parameters--logt_agn
        lens_photoz_errors--width_1
        lens_photoz_errors--width_2
        lens_photoz_errors--width_3
        lens_photoz_errors--width_4
        lens_photoz_errors--bias_1
        lens_photoz_errors--bias_2
        lens_photoz_errors--bias_3
        lens_photoz_errors--bias_4
        wl_photoz_errors--bias_1
        wl_photoz_errors--bias_2
        wl_photoz_errors--bias_3
        wl_photoz_errors--bias_4
        intrinsic_alignment_parameters--a1
        intrinsic_alignment_parameters--a2
        intrinsic_alignment_parameters--alpha1
        intrinsic_alignment_parameters--alpha2
        intrinsic_alignment_parameters--bias_ta
        bias_lens--b1
        bias_lens--b2
        bias_lens--b3
        bias_lens--b4
   Fast parameters (4):
        shear_calibration_parameters--m1
        shear_calibration_parameters--m2
        shear_calibration_parameters--m3
        shear_calibration_parameters--m4


2pt_gal_shear took: 0.115 seconds
shear_m_bias took: 0.002 seconds
add_point_mass took: 0.000 seconds
2pt_gal_shear took: 0.111 seconds
shear_m_bias took: 0.002 seconds
add_point_mass took: 0.000 seconds
2pt_shear took: 0.101 seconds
pk_to_cl took: 0.497 seconds
add_magnification took: 0.005 seconds
add_intrinsic took: 0.002 seconds
2pt_like took: 0.021 seconds
shear_ratio_like took: 0.001 seconds
Total pipeline time: 57.9 seconds
Using two grades of parameter speed in polychord.
Telling Polychord to spend fraction 0.1 if its time in the fast subspace (adjust with fast_fraction option)
2pt_like took: 0.021 seconds
Polychord num_repeats = 74  (from parameter file)
shear_ratio_like took: 0.001 seconds
Total pipeline time: 55.9 seconds


Parameters first used in each module:
consistency - 5 parameters:
     cosmological_parameters--ombh2
     cosmological_parameters--omch2
     cosmological_parameters--h0
     cosmological_parameters--mnu
     cosmological_parameters--s_8
bbn_consistency - 0 parameters:
s8_to_sigma8 - 0 parameters:
camb - 2 parameters:
     cosmological_parameters--n_s
     halo_model_parameters--logt_agn
as_to_log1e10as - 0 parameters:
fast_pt - 0 parameters:
fits_nz - 0 parameters:
lens_photoz_width - 4 parameters:
     lens_photoz_errors--width_1
     lens_photoz_errors--width_2
     lens_photoz_errors--width_3
     lens_photoz_errors--width_4
lens_photoz_bias - 4 parameters:
     lens_photoz_errors--bias_1
     lens_photoz_errors--bias_2
     lens_photoz_errors--bias_3
     lens_photoz_errors--bias_4
source_photoz_bias - 4 parameters:
     wl_photoz_errors--bias_1
     wl_photoz_errors--bias_2
     wl_photoz_errors--bias_3
     wl_photoz_errors--bias_4
IA - 5 parameters:
     intrinsic_alignment_parameters--a1
     intrinsic_alignment_parameters--a2
     intrinsic_alignment_parameters--alpha1
     intrinsic_alignment_parameters--alpha2
     intrinsic_alignment_parameters--bias_ta
pk_to_cl_gg - 4 parameters:
     bias_lens--b1
     bias_lens--b2
     bias_lens--b3
     bias_lens--b4
pk_to_cl - 0 parameters:
add_magnification - 0 parameters:
add_intrinsic - 0 parameters:
2pt_shear - 0 parameters:
2pt_gal - 0 parameters:
2pt_gal_shear - 0 parameters:
shear_m_bias - 4 parameters:
     shear_calibration_parameters--m1
     shear_calibration_parameters--m2
     shear_calibration_parameters--m3
     shear_calibration_parameters--m4
add_point_mass - 0 parameters:
2pt_like - 0 parameters:
shear_ratio_like - 0 parameters:
Results - 0 parameters:
You manually told me in the parameter file to use module 18 as the first in the fast block
Time for full pipeline:  57.86s
Time for slow pipeline:  57.84s
Time for fast pipeline:  0.02s
Time saving: 99.96%

Based on this we have decided: 
   Slow modules (18):
        consistency
        bbn_consistency
        s8_to_sigma8
        camb
        as_to_log1e10as
        fast_pt
        fits_nz
        lens_photoz_width
        lens_photoz_bias
        source_photoz_bias
        IA
        pk_to_cl_gg
        pk_to_cl
        add_magnification
        add_intrinsic
        2pt_shear
        2pt_gal
        2pt_gal_shear
   Fast modules (4):
        shear_m_bias
        add_point_mass
        2pt_like
        shear_ratio_like
   Slow parameters (28):
        cosmological_parameters--ombh2
        cosmological_parameters--omch2
        cosmological_parameters--h0
        cosmological_parameters--mnu
        cosmological_parameters--s_8
        cosmological_parameters--n_s
        halo_model_parameters--logt_agn
        lens_photoz_errors--width_1
        lens_photoz_errors--width_2
        lens_photoz_errors--width_3
        lens_photoz_errors--width_4
        lens_photoz_errors--bias_1
        lens_photoz_errors--bias_2
        lens_photoz_errors--bias_3
        lens_photoz_errors--bias_4
        wl_photoz_errors--bias_1
        wl_photoz_errors--bias_2
        wl_photoz_errors--bias_3
        wl_photoz_errors--bias_4
        intrinsic_alignment_parameters--a1
        intrinsic_alignment_parameters--a2
        intrinsic_alignment_parameters--alpha1
        intrinsic_alignment_parameters--alpha2
        intrinsic_alignment_parameters--bias_ta
        bias_lens--b1
        bias_lens--b2
        bias_lens--b3
        bias_lens--b4
   Fast parameters (4):
        shear_calibration_parameters--m1
        shear_calibration_parameters--m2
        shear_calibration_parameters--m3
        shear_calibration_parameters--m4


2pt_gal took: 0.030 seconds
pk_to_cl_gg took: 0.930 seconds


Parameters first used in each module:
consistency - 5 parameters:
     cosmological_parameters--ombh2
     cosmological_parameters--omch2
     cosmological_parameters--h0
     cosmological_parameters--mnu
     cosmological_parameters--s_8
bbn_consistency - 0 parameters:
s8_to_sigma8 - 0 parameters:
camb - 2 parameters:
     cosmological_parameters--n_s
     halo_model_parameters--logt_agn
as_to_log1e10as - 0 parameters:
fast_pt - 0 parameters:
fits_nz - 0 parameters:
lens_photoz_width - 4 parameters:
     lens_photoz_errors--width_1
     lens_photoz_errors--width_2
     lens_photoz_errors--width_3
     lens_photoz_errors--width_4
lens_photoz_bias - 4 parameters:
     lens_photoz_errors--bias_1
     lens_photoz_errors--bias_2
     lens_photoz_errors--bias_3
     lens_photoz_errors--bias_4
source_photoz_bias - 4 parameters:
     wl_photoz_errors--bias_1
     wl_photoz_errors--bias_2
     wl_photoz_errors--bias_3
     wl_photoz_errors--bias_4
IA - 5 parameters:
     intrinsic_alignment_parameters--a1
     intrinsic_alignment_parameters--a2
     intrinsic_alignment_parameters--alpha1
     intrinsic_alignment_parameters--alpha2
     intrinsic_alignment_parameters--bias_ta
pk_to_cl_gg - 4 parameters:
     bias_lens--b1
     bias_lens--b2
     bias_lens--b3
     bias_lens--b4
pk_to_cl - 0 parameters:
add_magnification - 0 parameters:
add_intrinsic - 0 parameters:
2pt_shear - 0 parameters:
2pt_gal - 0 parameters:
2pt_gal_shear - 0 parameters:
shear_m_bias - 4 parameters:
     shear_calibration_parameters--m1
     shear_calibration_parameters--m2
     shear_calibration_parameters--m3
     shear_calibration_parameters--m4
add_point_mass - 0 parameters:
2pt_like - 0 parameters:
shear_ratio_like - 0 parameters:
Results - 0 parameters:
You manually told me in the parameter file to use module 18 as the first in the fast block
Time for full pipeline:  55.93s
Time for slow pipeline:  55.91s
Time for fast pipeline:  0.02s
Time saving: 99.96%

Based on this we have decided: 
   Slow modules (18):
        consistency
        bbn_consistency
        s8_to_sigma8
        camb
        as_to_log1e10as
        fast_pt
        fits_nz
        lens_photoz_width
        lens_photoz_bias
        source_photoz_bias
        IA
        pk_to_cl_gg
        pk_to_cl
        add_magnification
        add_intrinsic
        2pt_shear
        2pt_gal
        2pt_gal_shear
   Fast modules (4):
        shear_m_bias
        add_point_mass
        2pt_like
        shear_ratio_like
   Slow parameters (28):
        cosmological_parameters--ombh2
        cosmological_parameters--omch2
        cosmological_parameters--h0
        cosmological_parameters--mnu
        cosmological_parameters--s_8
        cosmological_parameters--n_s
        halo_model_parameters--logt_agn
        lens_photoz_errors--width_1
        lens_photoz_errors--width_2
        lens_photoz_errors--width_3
        lens_photoz_errors--width_4
        lens_photoz_errors--bias_1
        lens_photoz_errors--bias_2
        lens_photoz_errors--bias_3
        lens_photoz_errors--bias_4
        wl_photoz_errors--bias_1
        wl_photoz_errors--bias_2
        wl_photoz_errors--bias_3
        wl_photoz_errors--bias_4
        intrinsic_alignment_parameters--a1
        intrinsic_alignment_parameters--a2
        intrinsic_alignment_parameters--alpha1
        intrinsic_alignment_parameters--alpha2
        intrinsic_alignment_parameters--bias_ta
        bias_lens--b1
        bias_lens--b2
        bias_lens--b3
        bias_lens--b4
   Fast parameters (4):
        shear_calibration_parameters--m1
        shear_calibration_parameters--m2
        shear_calibration_parameters--m3
        shear_calibration_parameters--m4


Using two grades of parameter speed in polychord.
Telling Polychord to spend fraction 0.1 if its time in the fast subspace (adjust with fast_fraction option)
Polychord num_repeats = 74  (from parameter file)
pk_to_cl_gg took: 1.059 seconds
pk_to_cl_gg took: 0.932 seconds
pk_to_cl_gg took: 0.951 seconds
pk_to_cl took: 0.509 seconds
add_magnification took: 0.005 seconds
add_intrinsic took: 0.003 seconds
pk_to_cl_gg took: 0.936 seconds
pk_to_cl_gg took: 0.972 seconds
2pt_shear took: 0.097 seconds
pk_to_cl took: 0.496 seconds
add_magnification took: 0.005 seconds
add_intrinsic took: 0.003 seconds
2pt_gal took: 0.028 seconds
2pt_gal_shear took: 0.118 seconds
shear_m_bias took: 0.002 seconds
add_point_mass took: 0.000 seconds
Using two grades of parameter speed in polychord.
Telling Polychord to spend fraction 0.1 if its time in the fast subspace (adjust with fast_fraction option)
Polychord num_repeats = 74  (from parameter file)
2pt_like took: 0.022 seconds
shear_ratio_like took: 0.001 seconds
Total pipeline time: 57.2 seconds


Parameters first used in each module:
consistency - 5 parameters:
     cosmological_parameters--ombh2
     cosmological_parameters--omch2
     cosmological_parameters--h0
     cosmological_parameters--mnu
     cosmological_parameters--s_8
bbn_consistency - 0 parameters:
s8_to_sigma8 - 0 parameters:
camb - 2 parameters:
     cosmological_parameters--n_s
     halo_model_parameters--logt_agn
as_to_log1e10as - 0 parameters:
fast_pt - 0 parameters:
fits_nz - 0 parameters:
lens_photoz_width - 4 parameters:
     lens_photoz_errors--width_1
     lens_photoz_errors--width_2
     lens_photoz_errors--width_3
     lens_photoz_errors--width_4
lens_photoz_bias - 4 parameters:
     lens_photoz_errors--bias_1
     lens_photoz_errors--bias_2
     lens_photoz_errors--bias_3
     lens_photoz_errors--bias_4
source_photoz_bias - 4 parameters:
     wl_photoz_errors--bias_1
     wl_photoz_errors--bias_2
     wl_photoz_errors--bias_3
     wl_photoz_errors--bias_4
IA - 5 parameters:
     intrinsic_alignment_parameters--a1
     intrinsic_alignment_parameters--a2
     intrinsic_alignment_parameters--alpha1
     intrinsic_alignment_parameters--alpha2
     intrinsic_alignment_parameters--bias_ta
pk_to_cl_gg - 4 parameters:
     bias_lens--b1
     bias_lens--b2
     bias_lens--b3
     bias_lens--b4
pk_to_cl - 0 parameters:
add_magnification - 0 parameters:
add_intrinsic - 0 parameters:
2pt_shear - 0 parameters:
2pt_gal - 0 parameters:
2pt_gal_shear - 0 parameters:
shear_m_bias - 4 parameters:
     shear_calibration_parameters--m1
     shear_calibration_parameters--m2
     shear_calibration_parameters--m3
     shear_calibration_parameters--m4
add_point_mass - 0 parameters:
2pt_like - 0 parameters:
shear_ratio_like - 0 parameters:
Results - 0 parameters:
You manually told me in the parameter file to use module 18 as the first in the fast block
Time for full pipeline:  57.21s
Time for slow pipeline:  57.19s
Time for fast pipeline:  0.03s
Time saving: 99.96%

Based on this we have decided: 
   Slow modules (18):
        consistency
        bbn_consistency
        s8_to_sigma8
        camb
        as_to_log1e10as
        fast_pt
        fits_nz
        lens_photoz_width
        lens_photoz_bias
        source_photoz_bias
        IA
        pk_to_cl_gg
        pk_to_cl
        add_magnification
        add_intrinsic
        2pt_shear
        2pt_gal
        2pt_gal_shear
   Fast modules (4):
        shear_m_bias
        add_point_mass
        2pt_like
        shear_ratio_like
   Slow parameters (28):
        cosmological_parameters--ombh2
        cosmological_parameters--omch2
        cosmological_parameters--h0
        cosmological_parameters--mnu
        cosmological_parameters--s_8
        cosmological_parameters--n_s
        halo_model_parameters--logt_agn
        lens_photoz_errors--width_1
        lens_photoz_errors--width_2
        lens_photoz_errors--width_3
        lens_photoz_errors--width_4
        lens_photoz_errors--bias_1
        lens_photoz_errors--bias_2
        lens_photoz_errors--bias_3
        lens_photoz_errors--bias_4
        wl_photoz_errors--bias_1
        wl_photoz_errors--bias_2
        wl_photoz_errors--bias_3
        wl_photoz_errors--bias_4
        intrinsic_alignment_parameters--a1
        intrinsic_alignment_parameters--a2
        intrinsic_alignment_parameters--alpha1
        intrinsic_alignment_parameters--alpha2
        intrinsic_alignment_parameters--bias_ta
        bias_lens--b1
        bias_lens--b2
        bias_lens--b3
        bias_lens--b4
   Fast parameters (4):
        shear_calibration_parameters--m1
        shear_calibration_parameters--m2
        shear_calibration_parameters--m3
        shear_calibration_parameters--m4


2pt_shear took: 0.104 seconds
2pt_shear took: 0.096 seconds
2pt_gal took: 0.031 seconds
Using two grades of parameter speed in polychord.
Telling Polychord to spend fraction 0.1 if its time in the fast subspace (adjust with fast_fraction option)
Polychord num_repeats = 74  (from parameter file)
2pt_gal took: 0.028 seconds
2pt_gal_shear took: 0.112 seconds
shear_m_bias took: 0.002 seconds
add_point_mass took: 0.000 seconds
pk_to_cl took: 0.541 seconds
add_magnification took: 0.005 seconds
2pt_like took: 0.020 seconds
shear_ratio_like took: 0.001 seconds
Total pipeline time: 56.3 seconds
add_intrinsic took: 0.002 seconds


Parameters first used in each module:
consistency - 5 parameters:
     cosmological_parameters--ombh2
     cosmological_parameters--omch2
     cosmological_parameters--h0
     cosmological_parameters--mnu
     cosmological_parameters--s_8
bbn_consistency - 0 parameters:
s8_to_sigma8 - 0 parameters:
camb - 2 parameters:
     cosmological_parameters--n_s
     halo_model_parameters--logt_agn
as_to_log1e10as - 0 parameters:
fast_pt - 0 parameters:
fits_nz - 0 parameters:
lens_photoz_width - 4 parameters:
     lens_photoz_errors--width_1
     lens_photoz_errors--width_2
     lens_photoz_errors--width_3
     lens_photoz_errors--width_4
lens_photoz_bias - 4 parameters:
     lens_photoz_errors--bias_1
     lens_photoz_errors--bias_2
     lens_photoz_errors--bias_3
     lens_photoz_errors--bias_4
source_photoz_bias - 4 parameters:
     wl_photoz_errors--bias_1
     wl_photoz_errors--bias_2
     wl_photoz_errors--bias_3
     wl_photoz_errors--bias_4
IA - 5 parameters:
     intrinsic_alignment_parameters--a1
     intrinsic_alignment_parameters--a2
     intrinsic_alignment_parameters--alpha1
     intrinsic_alignment_parameters--alpha2
     intrinsic_alignment_parameters--bias_ta
pk_to_cl_gg - 4 parameters:
     bias_lens--b1
     bias_lens--b2
     bias_lens--b3
     bias_lens--b4
pk_to_cl - 0 parameters:
add_magnification - 0 parameters:
add_intrinsic - 0 parameters:
2pt_shear - 0 parameters:
2pt_gal - 0 parameters:
2pt_gal_shear - 0 parameters:
shear_m_bias - 4 parameters:
     shear_calibration_parameters--m1
     shear_calibration_parameters--m2
     shear_calibration_parameters--m3
     shear_calibration_parameters--m4
add_point_mass - 0 parameters:
2pt_like - 0 parameters:
shear_ratio_like - 0 parameters:
Results - 0 parameters:
You manually told me in the parameter file to use module 18 as the first in the fast block
Time for full pipeline:  56.29s
Time for slow pipeline:  56.27s
Time for fast pipeline:  0.02s
Time saving: 99.96%

Based on this we have decided: 
   Slow modules (18):
        consistency
        bbn_consistency
        s8_to_sigma8
        camb
        as_to_log1e10as
        fast_pt
        fits_nz
        lens_photoz_width
        lens_photoz_bias
        source_photoz_bias
        IA
        pk_to_cl_gg
        pk_to_cl
        add_magnification
        add_intrinsic
        2pt_shear
        2pt_gal
        2pt_gal_shear
   Fast modules (4):
        shear_m_bias
        add_point_mass
        2pt_like
        shear_ratio_like
   Slow parameters (28):
        cosmological_parameters--ombh2
        cosmological_parameters--omch2
        cosmological_parameters--h0
        cosmological_parameters--mnu
        cosmological_parameters--s_8
        cosmological_parameters--n_s
        halo_model_parameters--logt_agn
        lens_photoz_errors--width_1
        lens_photoz_errors--width_2
        lens_photoz_errors--width_3
        lens_photoz_errors--width_4
        lens_photoz_errors--bias_1
        lens_photoz_errors--bias_2
        lens_photoz_errors--bias_3
        lens_photoz_errors--bias_4
        wl_photoz_errors--bias_1
        wl_photoz_errors--bias_2
        wl_photoz_errors--bias_3
        wl_photoz_errors--bias_4
        intrinsic_alignment_parameters--a1
        intrinsic_alignment_parameters--a2
        intrinsic_alignment_parameters--alpha1
        intrinsic_alignment_parameters--alpha2
        intrinsic_alignment_parameters--bias_ta
        bias_lens--b1
        bias_lens--b2
        bias_lens--b3
        bias_lens--b4
   Fast parameters (4):
        shear_calibration_parameters--m1
        shear_calibration_parameters--m2
        shear_calibration_parameters--m3
        shear_calibration_parameters--m4


Using two grades of parameter speed in polychord.
Telling Polychord to spend fraction 0.1 if its time in the fast subspace (adjust with fast_fraction option)
Polychord num_repeats = 74  (from parameter file)
pk_to_cl_gg took: 0.949 seconds
Using two grades of parameter speed in polychord.
Telling Polychord to spend fraction 0.1 if its time in the fast subspace (adjust with fast_fraction option)
Polychord num_repeats = 74  (from parameter file)
2pt_gal_shear took: 0.123 seconds
shear_m_bias took: 0.002 seconds
add_point_mass took: 0.000 seconds
2pt_gal_shear took: 0.111 seconds
shear_m_bias took: 0.002 seconds
add_point_mass took: 0.000 seconds
pk_to_cl took: 0.500 seconds
2pt_like took: 0.021 seconds
add_magnification took: 0.005 seconds
2pt_shear took: 0.096 seconds
shear_ratio_like took: 0.001 seconds
Total pipeline time: 56.5 seconds
add_intrinsic took: 0.003 seconds
2pt_like took: 0.021 seconds
shear_ratio_like took: 0.001 seconds
Total pipeline time: 56.9 seconds


Parameters first used in each module:
consistency - 5 parameters:
     cosmological_parameters--ombh2
     cosmological_parameters--omch2
     cosmological_parameters--h0
     cosmological_parameters--mnu
     cosmological_parameters--s_8
bbn_consistency - 0 parameters:
s8_to_sigma8 - 0 parameters:
camb - 2 parameters:
     cosmological_parameters--n_s
     halo_model_parameters--logt_agn
as_to_log1e10as - 0 parameters:
fast_pt - 0 parameters:
fits_nz - 0 parameters:
lens_photoz_width - 4 parameters:
     lens_photoz_errors--width_1
     lens_photoz_errors--width_2
     lens_photoz_errors--width_3
     lens_photoz_errors--width_4
lens_photoz_bias - 4 parameters:
     lens_photoz_errors--bias_1
     lens_photoz_errors--bias_2
     lens_photoz_errors--bias_3
     lens_photoz_errors--bias_4
source_photoz_bias - 4 parameters:
     wl_photoz_errors--bias_1
     wl_photoz_errors--bias_2
     wl_photoz_errors--bias_3
     wl_photoz_errors--bias_4
IA - 5 parameters:
     intrinsic_alignment_parameters--a1
     intrinsic_alignment_parameters--a2
     intrinsic_alignment_parameters--alpha1
     intrinsic_alignment_parameters--alpha2
     intrinsic_alignment_parameters--bias_ta
pk_to_cl_gg - 4 parameters:
     bias_lens--b1
     bias_lens--b2
     bias_lens--b3
     bias_lens--b4
pk_to_cl - 0 parameters:
add_magnification - 0 parameters:
add_intrinsic - 0 parameters:
2pt_shear - 0 parameters:
2pt_gal - 0 parameters:
2pt_gal_shear - 0 parameters:
shear_m_bias - 4 parameters:
     shear_calibration_parameters--m1
     shear_calibration_parameters--m2
     shear_calibration_parameters--m3
     shear_calibration_parameters--m4
add_point_mass - 0 parameters:
2pt_like - 0 parameters:
shear_ratio_like - 0 parameters:
Results - 0 parameters:
You manually told me in the parameter file to use module 18 as the first in the fast block
Time for full pipeline:  56.52s
Time for slow pipeline:  56.49s
Time for fast pipeline:  0.02s
Time saving: 99.96%

Based on this we have decided: 
   Slow modules (18):
        consistency
        bbn_consistency
        s8_to_sigma8
        camb
        as_to_log1e10as
        fast_pt
        fits_nz
        lens_photoz_width
        lens_photoz_bias
        source_photoz_bias
        IA
        pk_to_cl_gg
        pk_to_cl
        add_magnification
        add_intrinsic
        2pt_shear
        2pt_gal
        2pt_gal_shear
   Fast modules (4):
        shear_m_bias
        add_point_mass
        2pt_like
        shear_ratio_like
   Slow parameters (28):
        cosmological_parameters--ombh2
        cosmological_parameters--omch2
        cosmological_parameters--h0
        cosmological_parameters--mnu
        cosmological_parameters--s_8
        cosmological_parameters--n_s
        halo_model_parameters--logt_agn
        lens_photoz_errors--width_1
        lens_photoz_errors--width_2
        lens_photoz_errors--width_3
        lens_photoz_errors--width_4
        lens_photoz_errors--bias_1
        lens_photoz_errors--bias_2
        lens_photoz_errors--bias_3
        lens_photoz_errors--bias_4
        wl_photoz_errors--bias_1
        wl_photoz_errors--bias_2
        wl_photoz_errors--bias_3
        wl_photoz_errors--bias_4
        intrinsic_alignment_parameters--a1
        intrinsic_alignment_parameters--a2
        intrinsic_alignment_parameters--alpha1
        intrinsic_alignment_parameters--alpha2
        intrinsic_alignment_parameters--bias_ta
        bias_lens--b1
        bias_lens--b2
        bias_lens--b3
        bias_lens--b4
   Fast parameters (4):
        shear_calibration_parameters--m1
        shear_calibration_parameters--m2
        shear_calibration_parameters--m3
        shear_calibration_parameters--m4




Parameters first used in each module:
consistency - 5 parameters:
     cosmological_parameters--ombh2
     cosmological_parameters--omch2
     cosmological_parameters--h0
     cosmological_parameters--mnu
     cosmological_parameters--s_8
bbn_consistency - 0 parameters:
s8_to_sigma8 - 0 parameters:
camb - 2 parameters:
     cosmological_parameters--n_s
     halo_model_parameters--logt_agn
as_to_log1e10as - 0 parameters:
fast_pt - 0 parameters:
fits_nz - 0 parameters:
lens_photoz_width - 4 parameters:
     lens_photoz_errors--width_1
     lens_photoz_errors--width_2
     lens_photoz_errors--width_3
     lens_photoz_errors--width_4
lens_photoz_bias - 4 parameters:
     lens_photoz_errors--bias_1
     lens_photoz_errors--bias_2
     lens_photoz_errors--bias_3
     lens_photoz_errors--bias_4
source_photoz_bias - 4 parameters:
     wl_photoz_errors--bias_1
     wl_photoz_errors--bias_2
     wl_photoz_errors--bias_3
     wl_photoz_errors--bias_4
IA - 5 parameters:
     intrinsic_alignment_parameters--a1
     intrinsic_alignment_parameters--a2
     intrinsic_alignment_parameters--alpha1
     intrinsic_alignment_parameters--alpha2
     intrinsic_alignment_parameters--bias_ta
pk_to_cl_gg - 4 parameters:
     bias_lens--b1
     bias_lens--b2
     bias_lens--b3
     bias_lens--b4
pk_to_cl - 0 parameters:
add_magnification - 0 parameters:
add_intrinsic - 0 parameters:
2pt_shear - 0 parameters:
2pt_gal - 0 parameters:
2pt_gal_shear - 0 parameters:
shear_m_bias - 4 parameters:
     shear_calibration_parameters--m1
     shear_calibration_parameters--m2
     shear_calibration_parameters--m3
     shear_calibration_parameters--m4
add_point_mass - 0 parameters:
2pt_like - 0 parameters:
shear_ratio_like - 0 parameters:
Results - 0 parameters:
You manually told me in the parameter file to use module 18 as the first in the fast block
Time for full pipeline:  56.88s
Time for slow pipeline:  56.86s
Time for fast pipeline:  0.02s
Time saving: 99.96%

Based on this we have decided: 
   Slow modules (18):
        consistency
        bbn_consistency
        s8_to_sigma8
        camb
        as_to_log1e10as
        fast_pt
        fits_nz
        lens_photoz_width
        lens_photoz_bias
        source_photoz_bias
        IA
        pk_to_cl_gg
        pk_to_cl
        add_magnification
        add_intrinsic
        2pt_shear
        2pt_gal
        2pt_gal_shear
   Fast modules (4):
        shear_m_bias
        add_point_mass
        2pt_like
        shear_ratio_like
   Slow parameters (28):
        cosmological_parameters--ombh2
        cosmological_parameters--omch2
        cosmological_parameters--h0
        cosmological_parameters--mnu
        cosmological_parameters--s_8
        cosmological_parameters--n_s
        halo_model_parameters--logt_agn
        lens_photoz_errors--width_1
        lens_photoz_errors--width_2
        lens_photoz_errors--width_3
        lens_photoz_errors--width_4
        lens_photoz_errors--bias_1
        lens_photoz_errors--bias_2
        lens_photoz_errors--bias_3
        lens_photoz_errors--bias_4
        wl_photoz_errors--bias_1
        wl_photoz_errors--bias_2
        wl_photoz_errors--bias_3
        wl_photoz_errors--bias_4
        intrinsic_alignment_parameters--a1
        intrinsic_alignment_parameters--a2
        intrinsic_alignment_parameters--alpha1
        intrinsic_alignment_parameters--alpha2
        intrinsic_alignment_parameters--bias_ta
        bias_lens--b1
        bias_lens--b2
        bias_lens--b3
        bias_lens--b4
   Fast parameters (4):
        shear_calibration_parameters--m1
        shear_calibration_parameters--m2
        shear_calibration_parameters--m3
        shear_calibration_parameters--m4


2pt_gal took: 0.028 seconds
pk_to_cl took: 0.503 seconds
add_magnification took: 0.005 seconds
add_intrinsic took: 0.003 seconds
pk_to_cl took: 0.503 seconds
add_magnification took: 0.005 seconds
add_intrinsic took: 0.003 seconds
Using two grades of parameter speed in polychord.
Telling Polychord to spend fraction 0.1 if its time in the fast subspace (adjust with fast_fraction option)
Polychord num_repeats = 74  (from parameter file)
pk_to_cl took: 0.501 seconds
add_magnification took: 0.005 seconds
2pt_shear took: 0.097 seconds
add_intrinsic took: 0.003 seconds
2pt_gal took: 0.029 seconds
2pt_gal_shear took: 0.110 seconds
shear_m_bias took: 0.002 seconds
add_point_mass took: 0.000 seconds
2pt_shear took: 0.097 seconds
2pt_like took: 0.021 seconds
shear_ratio_like took: 0.001 seconds
Total pipeline time: 56.3 seconds
pk_to_cl took: 0.506 seconds


Parameters first used in each module:
consistency - 5 parameters:
     cosmological_parameters--ombh2
     cosmological_parameters--omch2
     cosmological_parameters--h0
     cosmological_parameters--mnu
     cosmological_parameters--s_8
bbn_consistency - 0 parameters:
s8_to_sigma8 - 0 parameters:
camb - 2 parameters:
     cosmological_parameters--n_s
     halo_model_parameters--logt_agn
as_to_log1e10as - 0 parameters:
fast_pt - 0 parameters:
fits_nz - 0 parameters:
lens_photoz_width - 4 parameters:
     lens_photoz_errors--width_1
     lens_photoz_errors--width_2
     lens_photoz_errors--width_3
     lens_photoz_errors--width_4
lens_photoz_bias - 4 parameters:
     lens_photoz_errors--bias_1
     lens_photoz_errors--bias_2
     lens_photoz_errors--bias_3
     lens_photoz_errors--bias_4
source_photoz_bias - 4 parameters:
     wl_photoz_errors--bias_1
     wl_photoz_errors--bias_2
     wl_photoz_errors--bias_3
     wl_photoz_errors--bias_4
IA - 5 parameters:
     intrinsic_alignment_parameters--a1
     intrinsic_alignment_parameters--a2
     intrinsic_alignment_parameters--alpha1
     intrinsic_alignment_parameters--alpha2
     intrinsic_alignment_parameters--bias_ta
pk_to_cl_gg - 4 parameters:
     bias_lens--b1
     bias_lens--b2
     bias_lens--b3
     bias_lens--b4
pk_to_cl - 0 parameters:
add_magnification - 0 parameters:
add_intrinsic - 0 parameters:
2pt_shear - 0 parameters:
2pt_gal - 0 parameters:
2pt_gal_shear - 0 parameters:
shear_m_bias - 4 parameters:
     shear_calibration_parameters--m1
     shear_calibration_parameters--m2
     shear_calibration_parameters--m3
     shear_calibration_parameters--m4
add_point_mass - 0 parameters:
2pt_like - 0 parameters:
shear_ratio_like - 0 parameters:
Results - 0 parameters:
You manually told me in the parameter file to use module 18 as the first in the fast block
Time for full pipeline:  56.25s
Time for slow pipeline:  56.23s
Time for fast pipeline:  0.02s
Time saving: 99.96%

Based on this we have decided: 
   Slow modules (18):
        consistency
        bbn_consistency
        s8_to_sigma8
        camb
        as_to_log1e10as
        fast_pt
        fits_nz
        lens_photoz_width
        lens_photoz_bias
        source_photoz_bias
        IA
        pk_to_cl_gg
        pk_to_cl
        add_magnification
        add_intrinsic
        2pt_shear
        2pt_gal
        2pt_gal_shear
   Fast modules (4):
        shear_m_bias
        add_point_mass
        2pt_like
        shear_ratio_like
   Slow parameters (28):
        cosmological_parameters--ombh2
        cosmological_parameters--omch2
        cosmological_parameters--h0
        cosmological_parameters--mnu
        cosmological_parameters--s_8
        cosmological_parameters--n_s
        halo_model_parameters--logt_agn
        lens_photoz_errors--width_1
        lens_photoz_errors--width_2
        lens_photoz_errors--width_3
        lens_photoz_errors--width_4
        lens_photoz_errors--bias_1
        lens_photoz_errors--bias_2
        lens_photoz_errors--bias_3
        lens_photoz_errors--bias_4
        wl_photoz_errors--bias_1
        wl_photoz_errors--bias_2
        wl_photoz_errors--bias_3
        wl_photoz_errors--bias_4
        intrinsic_alignment_parameters--a1
        intrinsic_alignment_parameters--a2
        intrinsic_alignment_parameters--alpha1
        intrinsic_alignment_parameters--alpha2
        intrinsic_alignment_parameters--bias_ta
        bias_lens--b1
        bias_lens--b2
        bias_lens--b3
        bias_lens--b4
   Fast parameters (4):
        shear_calibration_parameters--m1
        shear_calibration_parameters--m2
        shear_calibration_parameters--m3
        shear_calibration_parameters--m4


add_magnification took: 0.005 seconds
2pt_shear took: 0.098 seconds
add_intrinsic took: 0.002 seconds
2pt_gal took: 0.029 seconds
pk_to_cl took: 0.505 seconds
add_magnification took: 0.005 seconds
2pt_shear took: 0.096 seconds
pk_to_cl took: 0.504 seconds
add_intrinsic took: 0.003 seconds
pk_to_cl took: 0.503 seconds
add_magnification took: 0.005 seconds
Using two grades of parameter speed in polychord.
Telling Polychord to spend fraction 0.1 if its time in the fast subspace (adjust with fast_fraction option)
add_magnification took: 0.005 seconds
Polychord num_repeats = 74  (from parameter file)
add_intrinsic took: 0.003 seconds
2pt_gal took: 0.029 seconds
add_intrinsic took: 0.003 seconds
2pt_gal took: 0.028 seconds
2pt_gal_shear took: 0.113 seconds
shear_m_bias took: 0.002 seconds
add_point_mass took: 0.000 seconds
pk_to_cl took: 0.506 seconds
add_magnification took: 0.005 seconds
add_intrinsic took: 0.004 seconds
2pt_like took: 0.018 seconds
shear_ratio_like took: 0.001 seconds
Total pipeline time: 57.2 seconds


Parameters first used in each module:
consistency - 5 parameters:
     cosmological_parameters--ombh2
     cosmological_parameters--omch2
     cosmological_parameters--h0
     cosmological_parameters--mnu
     cosmological_parameters--s_8
bbn_consistency - 0 parameters:
s8_to_sigma8 - 0 parameters:
camb - 2 parameters:
     cosmological_parameters--n_s
     halo_model_parameters--logt_agn
as_to_log1e10as - 0 parameters:
fast_pt - 0 parameters:
fits_nz - 0 parameters:
lens_photoz_width - 4 parameters:
     lens_photoz_errors--width_1
     lens_photoz_errors--width_2
     lens_photoz_errors--width_3
     lens_photoz_errors--width_4
lens_photoz_bias - 4 parameters:
     lens_photoz_errors--bias_1
     lens_photoz_errors--bias_2
     lens_photoz_errors--bias_3
     lens_photoz_errors--bias_4
source_photoz_bias - 4 parameters:
     wl_photoz_errors--bias_1
     wl_photoz_errors--bias_2
     wl_photoz_errors--bias_3
     wl_photoz_errors--bias_4
IA - 5 parameters:
     intrinsic_alignment_parameters--a1
     intrinsic_alignment_parameters--a2
     intrinsic_alignment_parameters--alpha1
     intrinsic_alignment_parameters--alpha2
     intrinsic_alignment_parameters--bias_ta
pk_to_cl_gg - 4 parameters:
     bias_lens--b1
     bias_lens--b2
     bias_lens--b3
     bias_lens--b4
pk_to_cl - 0 parameters:
add_magnification - 0 parameters:
add_intrinsic - 0 parameters:
2pt_shear - 0 parameters:
2pt_gal - 0 parameters:
2pt_gal_shear - 0 parameters:
shear_m_bias - 4 parameters:
     shear_calibration_parameters--m1
     shear_calibration_parameters--m2
     shear_calibration_parameters--m3
     shear_calibration_parameters--m4
add_point_mass - 0 parameters:
2pt_like - 0 parameters:
shear_ratio_like - 0 parameters:
Results - 0 parameters:
You manually told me in the parameter file to use module 18 as the first in the fast block
Time for full pipeline:  57.24s
Time for slow pipeline:  57.22s
Time for fast pipeline:  0.02s
Time saving: 99.96%

Based on this we have decided: 
   Slow modules (18):
        consistency
        bbn_consistency
        s8_to_sigma8
        camb
        as_to_log1e10as
        fast_pt
        fits_nz
        lens_photoz_width
        lens_photoz_bias
        source_photoz_bias
        IA
        pk_to_cl_gg
        pk_to_cl
        add_magnification
        add_intrinsic
        2pt_shear
        2pt_gal
        2pt_gal_shear
   Fast modules (4):
        shear_m_bias
        add_point_mass
        2pt_like
        shear_ratio_like
   Slow parameters (28):
        cosmological_parameters--ombh2
        cosmological_parameters--omch2
        cosmological_parameters--h0
        cosmological_parameters--mnu
        cosmological_parameters--s_8
        cosmological_parameters--n_s
        halo_model_parameters--logt_agn
        lens_photoz_errors--width_1
        lens_photoz_errors--width_2
        lens_photoz_errors--width_3
        lens_photoz_errors--width_4
        lens_photoz_errors--bias_1
        lens_photoz_errors--bias_2
        lens_photoz_errors--bias_3
        lens_photoz_errors--bias_4
        wl_photoz_errors--bias_1
        wl_photoz_errors--bias_2
        wl_photoz_errors--bias_3
        wl_photoz_errors--bias_4
        intrinsic_alignment_parameters--a1
        intrinsic_alignment_parameters--a2
        intrinsic_alignment_parameters--alpha1
        intrinsic_alignment_parameters--alpha2
        intrinsic_alignment_parameters--bias_ta
        bias_lens--b1
        bias_lens--b2
        bias_lens--b3
        bias_lens--b4
   Fast parameters (4):
        shear_calibration_parameters--m1
        shear_calibration_parameters--m2
        shear_calibration_parameters--m3
        shear_calibration_parameters--m4


2pt_shear took: 0.095 seconds
pk_to_cl took: 0.554 seconds
Using two grades of parameter speed in polychord.
Telling Polychord to spend fraction 0.1 if its time in the fast subspace (adjust with fast_fraction option)
Polychord num_repeats = 74  (from parameter file)
add_magnification took: 0.005 seconds
add_intrinsic took: 0.003 seconds
2pt_gal_shear took: 0.113 seconds
2pt_shear took: 0.100 seconds
shear_m_bias took: 0.002 seconds
add_point_mass took: 0.000 seconds
2pt_gal took: 0.029 seconds
2pt_shear took: 0.098 seconds
Using two grades of parameter speed in polychord.
Telling Polychord to spend fraction 0.1 if its time in the fast subspace (adjust with fast_fraction option)
Polychord num_repeats = 74  (from parameter file)
2pt_shear took: 0.100 seconds
2pt_like took: 0.021 seconds
shear_ratio_like took: 0.001 seconds
Total pipeline time: 57.7 seconds
2pt_gal took: 0.029 seconds
2pt_gal_shear took: 0.124 seconds


Parameters first used in each module:
consistency - 5 parameters:
     cosmological_parameters--ombh2
     cosmological_parameters--omch2
     cosmological_parameters--h0
     cosmological_parameters--mnu
     cosmological_parameters--s_8
bbn_consistency - 0 parameters:
s8_to_sigma8 - 0 parameters:
camb - 2 parameters:
     cosmological_parameters--n_s
     halo_model_parameters--logt_agn
as_to_log1e10as - 0 parameters:
fast_pt - 0 parameters:
fits_nz - 0 parameters:
lens_photoz_width - 4 parameters:
     lens_photoz_errors--width_1
     lens_photoz_errors--width_2
     lens_photoz_errors--width_3
     lens_photoz_errors--width_4
lens_photoz_bias - 4 parameters:
     lens_photoz_errors--bias_1
     lens_photoz_errors--bias_2
     lens_photoz_errors--bias_3
     lens_photoz_errors--bias_4
source_photoz_bias - 4 parameters:
     wl_photoz_errors--bias_1
     wl_photoz_errors--bias_2
     wl_photoz_errors--bias_3
     wl_photoz_errors--bias_4
IA - 5 parameters:
     intrinsic_alignment_parameters--a1
     intrinsic_alignment_parameters--a2
     intrinsic_alignment_parameters--alpha1
     intrinsic_alignment_parameters--alpha2
     intrinsic_alignment_parameters--bias_ta
pk_to_cl_gg - 4 parameters:
     bias_lens--b1
     bias_lens--b2
     bias_lens--b3
     bias_lens--b4
pk_to_cl - 0 parameters:
add_magnification - 0 parameters:
add_intrinsic - 0 parameters:
2pt_shear - 0 parameters:
2pt_gal - 0 parameters:
2pt_gal_shear - 0 parameters:
shear_m_bias - 4 parameters:
     shear_calibration_parameters--m1
     shear_calibration_parameters--m2
     shear_calibration_parameters--m3
     shear_calibration_parameters--m4
add_point_mass - 0 parameters:
2pt_like - 0 parameters:
shear_ratio_like - 0 parameters:
Results - 0 parameters:
You manually told me in the parameter file to use module 18 as the first in the fast block
Time for full pipeline:  57.72s
Time for slow pipeline:  57.70s
Time for fast pipeline:  0.02s
Time saving: 99.96%

Based on this we have decided: 
   Slow modules (18):
        consistency
        bbn_consistency
        s8_to_sigma8
        camb
        as_to_log1e10as
        fast_pt
        fits_nz
        lens_photoz_width
        lens_photoz_bias
        source_photoz_bias
        IA
        pk_to_cl_gg
        pk_to_cl
        add_magnification
        add_intrinsic
        2pt_shear
        2pt_gal
        2pt_gal_shear
   Fast modules (4):
        shear_m_bias
        add_point_mass
        2pt_like
        shear_ratio_like
   Slow parameters (28):
        cosmological_parameters--ombh2
        cosmological_parameters--omch2
        cosmological_parameters--h0
        cosmological_parameters--mnu
        cosmological_parameters--s_8
        cosmological_parameters--n_s
        halo_model_parameters--logt_agn
        lens_photoz_errors--width_1
2pt_gal took: 0.029 seconds
        lens_photoz_errors--width_2
        lens_photoz_errors--width_3
        lens_photoz_errors--width_4
        lens_photoz_errors--bias_1
        lens_photoz_errors--bias_2
        lens_photoz_errors--bias_3
        lens_photoz_errors--bias_4
        wl_photoz_errors--bias_1
        wl_photoz_errors--bias_2
        wl_photoz_errors--bias_3
        wl_photoz_errors--bias_4
        intrinsic_alignment_parameters--a1
        intrinsic_alignment_parameters--a2
        intrinsic_alignment_parameters--alpha1
        intrinsic_alignment_parameters--alpha2
        intrinsic_alignment_parameters--bias_ta
        bias_lens--b1
        bias_lens--b2
        bias_lens--b3
        bias_lens--b4
   Fast parameters (4):
        shear_calibration_parameters--m1
        shear_calibration_parameters--m2
        shear_calibration_parameters--m3
        shear_calibration_parameters--m4


shear_m_bias took: 0.002 seconds
add_point_mass took: 0.000 seconds
2pt_gal took: 0.030 seconds
2pt_gal_shear took: 0.112 seconds
shear_m_bias took: 0.002 seconds
add_point_mass took: 0.000 seconds
2pt_like took: 0.025 seconds
shear_ratio_like took: 0.001 seconds
Total pipeline time: 58.3 seconds
2pt_like took: 0.021 seconds
shear_ratio_like took: 0.001 seconds
Total pipeline time: 56.4 seconds


Parameters first used in each module:
consistency - 5 parameters:
     cosmological_parameters--ombh2
     cosmological_parameters--omch2
     cosmological_parameters--h0
     cosmological_parameters--mnu
     cosmological_parameters--s_8
bbn_consistency - 0 parameters:
s8_to_sigma8 - 0 parameters:
camb - 2 parameters:
     cosmological_parameters--n_s
     halo_model_parameters--logt_agn
as_to_log1e10as - 0 parameters:
fast_pt - 0 parameters:
fits_nz - 0 parameters:
lens_photoz_width - 4 parameters:
     lens_photoz_errors--width_1
     lens_photoz_errors--width_2
     lens_photoz_errors--width_3
     lens_photoz_errors--width_4
lens_photoz_bias - 4 parameters:
     lens_photoz_errors--bias_1
     lens_photoz_errors--bias_2
     lens_photoz_errors--bias_3
     lens_photoz_errors--bias_4
source_photoz_bias - 4 parameters:
     wl_photoz_errors--bias_1
     wl_photoz_errors--bias_2
     wl_photoz_errors--bias_3
     wl_photoz_errors--bias_4
IA - 5 parameters:
     intrinsic_alignment_parameters--a1
     intrinsic_alignment_parameters--a2
     intrinsic_alignment_parameters--alpha1
     intrinsic_alignment_parameters--alpha2
     intrinsic_alignment_parameters--bias_ta
pk_to_cl_gg - 4 parameters:
     bias_lens--b1
     bias_lens--b2
     bias_lens--b3
     bias_lens--b4
pk_to_cl - 0 parameters:
add_magnification - 0 parameters:
add_intrinsic - 0 parameters:
2pt_shear - 0 parameters:
2pt_gal - 0 parameters:
2pt_gal_shear - 0 parameters:
shear_m_bias - 4 parameters:
     shear_calibration_parameters--m1
     shear_calibration_parameters--m2
     shear_calibration_parameters--m3
     shear_calibration_parameters--m4
add_point_mass - 0 parameters:
2pt_like - 0 parameters:
shear_ratio_like - 0 parameters:
Results - 0 parameters:
You manually told me in the parameter file to use module 18 as the first in the fast block
Time for full pipeline:  56.44s
Time for slow pipeline:  56.42s
Time for fast pipeline:  0.02s
Time saving: 99.96%

Based on this we have decided: 
   Slow modules (18):
        consistency
        bbn_consistency
        s8_to_sigma8
        camb
        as_to_log1e10as
        fast_pt
        fits_nz
        lens_photoz_width
        lens_photoz_bias
        source_photoz_bias
        IA
        pk_to_cl_gg
        pk_to_cl
        add_magnification
        add_intrinsic
        2pt_shear
        2pt_gal
        2pt_gal_shear
   Fast modules (4):
        shear_m_bias
        add_point_mass
        2pt_like
        shear_ratio_like
   Slow parameters (28):
        cosmological_parameters--ombh2


Parameters first used in each module:
consistency - 5 parameters:
     cosmological_parameters--ombh2
     cosmological_parameters--omch2
     cosmological_parameters--h0
     cosmological_parameters--mnu
     cosmological_parameters--s_8
bbn_consistency - 0 parameters:
s8_to_sigma8 - 0 parameters:
camb - 2 parameters:
     cosmological_parameters--n_s
     halo_model_parameters--logt_agn
as_to_log1e10as - 0 parameters:
fast_pt - 0 parameters:
fits_nz - 0 parameters:
lens_photoz_width - 4 parameters:
     lens_photoz_errors--width_1
     lens_photoz_errors--width_2
     lens_photoz_errors--width_3
     lens_photoz_errors--width_4
lens_photoz_bias - 4 parameters:
     lens_photoz_errors--bias_1
     lens_photoz_errors--bias_2
     lens_photoz_errors--bias_3
     lens_photoz_errors--bias_4
source_photoz_bias - 4 parameters:
     wl_photoz_errors--bias_1
     wl_photoz_errors--bias_2
     wl_photoz_errors--bias_3
     wl_photoz_errors--bias_4
IA - 5 parameters:
     intrinsic_alignment_parameters--a1
     intrinsic_alignment_parameters--a2
     intrinsic_alignment_parameters--alpha1
     intrinsic_alignment_parameters--alpha2
     intrinsic_alignment_parameters--bias_ta
pk_to_cl_gg - 4 parameters:
     bias_lens--b1
     bias_lens--b2
     bias_lens--b3
        cosmological_parameters--omch2
        cosmological_parameters--h0
        cosmological_parameters--mnu
        cosmological_parameters--s_8
        cosmological_parameters--n_s
        halo_model_parameters--logt_agn
        lens_photoz_errors--width_1
        lens_photoz_errors--width_2
        lens_photoz_errors--width_3
        lens_photoz_errors--width_4
        lens_photoz_errors--bias_1
        lens_photoz_errors--bias_2
        lens_photoz_errors--bias_3
        lens_photoz_errors--bias_4
        wl_photoz_errors--bias_1
        wl_photoz_errors--bias_2
        wl_photoz_errors--bias_3
        wl_photoz_errors--bias_4
        intrinsic_alignment_parameters--a1
        intrinsic_alignment_parameters--a2
        intrinsic_alignment_parameters--alpha1
        intrinsic_alignment_parameters--alpha2
        intrinsic_alignment_parameters--bias_ta
        bias_lens--b1
        bias_lens--b2
        bias_lens--b3
        bias_lens--b4
     bias_lens--b4
pk_to_cl - 0 parameters:
add_magnification - 0 parameters:
add_intrinsic - 0 parameters:
2pt_shear - 0 parameters:
2pt_gal - 0 parameters:
2pt_gal_shear - 0 parameters:
shear_m_bias - 4 parameters:
     shear_calibration_parameters--m1
     shear_calibration_parameters--m2
     shear_calibration_parameters--m3
     shear_calibration_parameters--m4
add_point_mass - 0 parameters:
2pt_like - 0 parameters:
shear_ratio_like - 0 parameters:
Results - 0 parameters:
You manually told me in the parameter file to use module 18 as the first in the fast block
   Fast parameters (4):
        shear_calibration_parameters--m1
        shear_calibration_parameters--m2
        shear_calibration_parameters--m3
        shear_calibration_parameters--m4


Time for full pipeline:  58.26s
Time for slow pipeline:  58.23s
Time for fast pipeline:  0.03s
Time saving: 99.95%

Based on this we have decided: 
   Slow modules (18):
        consistency
        bbn_consistency
        s8_to_sigma8
        camb
        as_to_log1e10as
        fast_pt
        fits_nz
        lens_photoz_width
        lens_photoz_bias
        source_photoz_bias
        IA
        pk_to_cl_gg
        pk_to_cl
        add_magnification
        add_intrinsic
        2pt_shear
        2pt_gal
        2pt_gal_shear
   Fast modules (4):
        shear_m_bias
        add_point_mass
        2pt_like
        shear_ratio_like
   Slow parameters (28):
        cosmological_parameters--ombh2
        cosmological_parameters--omch2
        cosmological_parameters--h0
        cosmological_parameters--mnu
        cosmological_parameters--s_8
        cosmological_parameters--n_s
        halo_model_parameters--logt_agn
        lens_photoz_errors--width_1
        lens_photoz_errors--width_2
        lens_photoz_errors--width_3
        lens_photoz_errors--width_4
        lens_photoz_errors--bias_1
        lens_photoz_errors--bias_2
        lens_photoz_errors--bias_3
        lens_photoz_errors--bias_4
        wl_photoz_errors--bias_1
        wl_photoz_errors--bias_2
        wl_photoz_errors--bias_3
        wl_photoz_errors--bias_4
        intrinsic_alignment_parameters--a1
        intrinsic_alignment_parameters--a2
        intrinsic_alignment_parameters--alpha1
        intrinsic_alignment_parameters--alpha2
        intrinsic_alignment_parameters--bias_ta
        bias_lens--b1
        bias_lens--b2
        bias_lens--b3
        bias_lens--b4
   Fast parameters (4):
        shear_calibration_parameters--m1
        shear_calibration_parameters--m2
        shear_calibration_parameters--m3
        shear_calibration_parameters--m4


2pt_shear took: 0.096 seconds
2pt_shear took: 0.130 seconds
2pt_gal took: 0.028 seconds
2pt_gal took: 0.028 seconds
2pt_gal_shear took: 0.117 seconds
shear_m_bias took: 0.003 seconds
add_point_mass took: 0.000 seconds
Using two grades of parameter speed in polychord.
Telling Polychord to spend fraction 0.1 if its time in the fast subspace (adjust with fast_fraction option)
2pt_gal_shear took: 0.112 seconds
Polychord num_repeats = 74  (from parameter file)
shear_m_bias took: 0.002 seconds
add_point_mass took: 0.000 seconds
pk_to_cl took: 0.513 seconds
2pt_like took: 0.026 seconds
shear_ratio_like took: 0.001 seconds
Total pipeline time: 57.0 seconds
2pt_gal_shear took: 0.118 seconds
shear_m_bias took: 0.002 seconds
add_point_mass took: 0.000 seconds
add_magnification took: 0.007 seconds
2pt_gal_shear took: 0.117 seconds
shear_m_bias took: 0.002 seconds
add_point_mass took: 0.000 seconds
add_intrinsic took: 0.004 seconds
2pt_like took: 0.021 seconds
shear_ratio_like took: 0.001 seconds
Total pipeline time: 58.2 seconds


Parameters first used in each module:
consistency - 5 parameters:
     cosmological_parameters--ombh2
     cosmological_parameters--omch2
     cosmological_parameters--h0
     cosmological_parameters--mnu
     cosmological_parameters--s_8
bbn_consistency - 0 parameters:
s8_to_sigma8 - 0 parameters:
camb - 2 parameters:
     cosmological_parameters--n_s
     halo_model_parameters--logt_agn
as_to_log1e10as - 0 parameters:
fast_pt - 0 parameters:
fits_nz - 0 parameters:
lens_photoz_width - 4 parameters:
     lens_photoz_errors--width_1
     lens_photoz_errors--width_2
     lens_photoz_errors--width_3
     lens_photoz_errors--width_4
lens_photoz_bias - 4 parameters:
     lens_photoz_errors--bias_1
     lens_photoz_errors--bias_2
     lens_photoz_errors--bias_3
     lens_photoz_errors--bias_4
source_photoz_bias - 4 parameters:
     wl_photoz_errors--bias_1
     wl_photoz_errors--bias_2
     wl_photoz_errors--bias_3
     wl_photoz_errors--bias_4
IA - 5 parameters:
     intrinsic_alignment_parameters--a1
     intrinsic_alignment_parameters--a2
     intrinsic_alignment_parameters--alpha1
     intrinsic_alignment_parameters--alpha2
     intrinsic_alignment_parameters--bias_ta
pk_to_cl_gg - 4 parameters:
     bias_lens--b1
     bias_lens--b2
     bias_lens--b3
     bias_lens--b4
pk_to_cl - 0 parameters:
add_magnification - 0 parameters:
add_intrinsic - 0 parameters:
2pt_shear - 0 parameters:
2pt_gal - 0 parameters:
2pt_gal_shear - 0 parameters:
shear_m_bias - 4 parameters:
     shear_calibration_parameters--m1
     shear_calibration_parameters--m2
     shear_calibration_parameters--m3
     shear_calibration_parameters--m4
add_point_mass - 0 parameters:
2pt_like - 0 parameters:
shear_ratio_like - 0 parameters:
Results - 0 parameters:
You manually told me in the parameter file to use module 18 as the first in the fast block
Time for full pipeline:  57.01s
Time for slow pipeline:  56.98s
Time for fast pipeline:  0.03s
Time saving: 99.95%

Based on this we have decided: 
   Slow modules (18):
        consistency
        bbn_consistency
        s8_to_sigma8
        camb
        as_to_log1e10as
        fast_pt
        fits_nz
        lens_photoz_width
        lens_photoz_bias
        source_photoz_bias
        IA
        pk_to_cl_gg
        pk_to_cl
        add_magnification
        add_intrinsic
        2pt_shear
        2pt_gal
        2pt_gal_shear
   Fast modules (4):
        shear_m_bias
        add_point_mass
        2pt_like
        shear_ratio_like
   Slow parameters (28):
        cosmological_parameters--ombh2
        cosmological_parameters--omch2
        cosmological_parameters--h0
        cosmological_parameters--mnu
        cosmological_parameters--s_8
        cosmological_parameters--n_s
        halo_model_parameters--logt_agn
        lens_photoz_errors--width_1
        lens_photoz_errors--width_2
        lens_photoz_errors--width_3
        lens_photoz_errors--width_4
        lens_photoz_errors--bias_1
        lens_photoz_errors--bias_2
        lens_photoz_errors--bias_3
        lens_photoz_errors--bias_4
        wl_photoz_errors--bias_1
        wl_photoz_errors--bias_2
        wl_photoz_errors--bias_3
        wl_photoz_errors--bias_4
        intrinsic_alignment_parameters--a1
        intrinsic_alignment_parameters--a2
        intrinsic_alignment_parameters--alpha1
        intrinsic_alignment_parameters--alpha2
        intrinsic_alignment_parameters--bias_ta
        bias_lens--b1
        bias_lens--b2
        bias_lens--b3
        bias_lens--b4
   Fast parameters (4):
        shear_calibration_parameters--m1
        shear_calibration_parameters--m2
        shear_calibration_parameters--m3
        shear_calibration_parameters--m4




Parameters first used in each module:
consistency - 5 parameters:
     cosmological_parameters--ombh2
     cosmological_parameters--omch2
     cosmological_parameters--h0
     cosmological_parameters--mnu
     cosmological_parameters--s_8
bbn_consistency - 0 parameters:
s8_to_sigma8 - 0 parameters:
camb - 2 parameters:
     cosmological_parameters--n_s
     halo_model_parameters--logt_agn
as_to_log1e10as - 0 parameters:
fast_pt - 0 parameters:
fits_nz - 0 parameters:
lens_photoz_width - 4 parameters:
     lens_photoz_errors--width_1
     lens_photoz_errors--width_2
     lens_photoz_errors--width_3
     lens_photoz_errors--width_4
lens_photoz_bias - 4 parameters:
     lens_photoz_errors--bias_1
     lens_photoz_errors--bias_2
     lens_photoz_errors--bias_3
     lens_photoz_errors--bias_4
source_photoz_bias - 4 parameters:
     wl_photoz_errors--bias_1
     wl_photoz_errors--bias_2
     wl_photoz_errors--bias_3
     wl_photoz_errors--bias_4
IA - 5 parameters:
     intrinsic_alignment_parameters--a1
     intrinsic_alignment_parameters--a2
     intrinsic_alignment_parameters--alpha1
     intrinsic_alignment_parameters--alpha2
     intrinsic_alignment_parameters--bias_ta
pk_to_cl_gg - 4 parameters:
     bias_lens--b1
     bias_lens--b2
     bias_lens--b3
     bias_lens--b4
pk_to_cl - 0 parameters:
add_magnification - 0 parameters:
add_intrinsic - 0 parameters:
2pt_shear - 0 parameters:
2pt_gal - 0 parameters:
2pt_gal_shear - 0 parameters:
shear_m_bias - 4 parameters:
     shear_calibration_parameters--m1
     shear_calibration_parameters--m2
     shear_calibration_parameters--m3
     shear_calibration_parameters--m4
add_point_mass - 0 parameters:
2pt_like - 0 parameters:
shear_ratio_like - 0 parameters:
Results - 0 parameters:
You manually told me in the parameter file to use module 18 as the first in the fast block
Time for full pipeline:  58.17s
Time for slow pipeline:  58.14s
Time for fast pipeline:  0.02s
Time saving: 99.96%

Based on this we have decided: 
   Slow modules (18):
        consistency
        bbn_consistency
        s8_to_sigma8
        camb
        as_to_log1e10as
        fast_pt
        fits_nz
        lens_photoz_width
        lens_photoz_bias
        source_photoz_bias
        IA
        pk_to_cl_gg
        pk_to_cl
        add_magnification
        add_intrinsic
        2pt_shear
        2pt_gal
        2pt_gal_shear
   Fast modules (4):
        shear_m_bias
        add_point_mass
        2pt_like
        shear_ratio_like
   Slow parameters (28):
        cosmological_parameters--ombh2
        cosmological_parameters--omch2
        cosmological_parameters--h0
        cosmological_parameters--mnu
        cosmological_parameters--s_8
        cosmological_parameters--n_s
        halo_model_parameters--logt_agn
        lens_photoz_errors--width_1
        lens_photoz_errors--width_2
        lens_photoz_errors--width_3
        lens_photoz_errors--width_4
        lens_photoz_errors--bias_1
        lens_photoz_errors--bias_2
        lens_photoz_errors--bias_3
        lens_photoz_errors--bias_4
        wl_photoz_errors--bias_1
        wl_photoz_errors--bias_2
        wl_photoz_errors--bias_3
        wl_photoz_errors--bias_4
        intrinsic_alignment_parameters--a1
        intrinsic_alignment_parameters--a2
        intrinsic_alignment_parameters--alpha1
        intrinsic_alignment_parameters--alpha2
        intrinsic_alignment_parameters--bias_ta
        bias_lens--b1
        bias_lens--b2
        bias_lens--b3
        bias_lens--b4
   Fast parameters (4):
        shear_calibration_parameters--m1
        shear_calibration_parameters--m2
        shear_calibration_parameters--m3
        shear_calibration_parameters--m4


2pt_like took: 0.025 seconds
shear_ratio_like took: 0.001 seconds
Total pipeline time: 57.0 seconds
2pt_like took: 0.023 seconds
shear_ratio_like took: 0.001 seconds
Total pipeline time: 58.0 seconds


Parameters first used in each module:
consistency - 5 parameters:
     cosmological_parameters--ombh2
     cosmological_parameters--omch2
     cosmological_parameters--h0
     cosmological_parameters--mnu
     cosmological_parameters--s_8
bbn_consistency - 0 parameters:
s8_to_sigma8 - 0 parameters:
camb - 2 parameters:
     cosmological_parameters--n_s
     halo_model_parameters--logt_agn
as_to_log1e10as - 0 parameters:
fast_pt - 0 parameters:
fits_nz - 0 parameters:
lens_photoz_width - 4 parameters:
     lens_photoz_errors--width_1
     lens_photoz_errors--width_2
     lens_photoz_errors--width_3
     lens_photoz_errors--width_4
lens_photoz_bias - 4 parameters:
     lens_photoz_errors--bias_1
     lens_photoz_errors--bias_2
     lens_photoz_errors--bias_3
     lens_photoz_errors--bias_4
source_photoz_bias - 4 parameters:
     wl_photoz_errors--bias_1
     wl_photoz_errors--bias_2
     wl_photoz_errors--bias_3
     wl_photoz_errors--bias_4
IA - 5 parameters:
     intrinsic_alignment_parameters--a1
     intrinsic_alignment_parameters--a2
     intrinsic_alignment_parameters--alpha1
     intrinsic_alignment_parameters--alpha2
     intrinsic_alignment_parameters--bias_ta
pk_to_cl_gg - 4 parameters:
     bias_lens--b1
     bias_lens--b2
     bias_lens--b3
     bias_lens--b4
pk_to_cl - 0 parameters:
add_magnification - 0 parameters:
add_intrinsic - 0 parameters:
2pt_shear - 0 parameters:
2pt_gal - 0 parameters:
2pt_gal_shear - 0 parameters:
shear_m_bias - 4 parameters:
     shear_calibration_parameters--m1
     shear_calibration_parameters--m2
     shear_calibration_parameters--m3
     shear_calibration_parameters--m4
add_point_mass - 0 parameters:
2pt_like - 0 parameters:
shear_ratio_like - 0 parameters:
Results - 0 parameters:
You manually told me in the parameter file to use module 18 as the first in the fast block
Time for full pipeline:  56.97s
Time for slow pipeline:  56.94s
Time for fast pipeline:  0.03s
Time saving: 99.95%

Based on this we have decided: 
   Slow modules (18):
        consistency
        bbn_consistency
        s8_to_sigma8
        camb
        as_to_log1e10as
        fast_pt
        fits_nz
        lens_photoz_width
        lens_photoz_bias
        source_photoz_bias
        IA
        pk_to_cl_gg
        pk_to_cl
        add_magnification
        add_intrinsic
        2pt_shear
        2pt_gal
        2pt_gal_shear
   Fast modules (4):
        shear_m_bias
        add_point_mass
        2pt_like
        shear_ratio_like
   Slow parameters (28):
        cosmological_parameters--ombh2
        cosmological_parameters--omch2
        cosmological_parameters--h0
        cosmological_parameters--mnu
        cosmological_parameters--s_8
        cosmological_parameters--n_s
        halo_model_parameters--logt_agn
        lens_photoz_errors--width_1
        lens_photoz_errors--width_2
        lens_photoz_errors--width_3
        lens_photoz_errors--width_4
        lens_photoz_errors--bias_1
        lens_photoz_errors--bias_2
        lens_photoz_errors--bias_3
        lens_photoz_errors--bias_4
        wl_photoz_errors--bias_1
        wl_photoz_errors--bias_2
        wl_photoz_errors--bias_3
        wl_photoz_errors--bias_4
        intrinsic_alignment_parameters--a1
        intrinsic_alignment_parameters--a2
        intrinsic_alignment_parameters--alpha1
        intrinsic_alignment_parameters--alpha2
        intrinsic_alignment_parameters--bias_ta
        bias_lens--b1
        bias_lens--b2
        bias_lens--b3
        bias_lens--b4
   Fast parameters (4):
        shear_calibration_parameters--m1
        shear_calibration_parameters--m2
        shear_calibration_parameters--m3
        shear_calibration_parameters--m4




Parameters first used in each module:
consistency - 5 parameters:
     cosmological_parameters--ombh2
     cosmological_parameters--omch2
     cosmological_parameters--h0
     cosmological_parameters--mnu
     cosmological_parameters--s_8
bbn_consistency - 0 parameters:
s8_to_sigma8 - 0 parameters:
camb - 2 parameters:
     cosmological_parameters--n_s
     halo_model_parameters--logt_agn
as_to_log1e10as - 0 parameters:
fast_pt - 0 parameters:
fits_nz - 0 parameters:
lens_photoz_width - 4 parameters:
     lens_photoz_errors--width_1
     lens_photoz_errors--width_2
     lens_photoz_errors--width_3
     lens_photoz_errors--width_4
lens_photoz_bias - 4 parameters:
     lens_photoz_errors--bias_1
     lens_photoz_errors--bias_2
     lens_photoz_errors--bias_3
     lens_photoz_errors--bias_4
source_photoz_bias - 4 parameters:
     wl_photoz_errors--bias_1
     wl_photoz_errors--bias_2
     wl_photoz_errors--bias_3
     wl_photoz_errors--bias_4
IA - 5 parameters:
     intrinsic_alignment_parameters--a1
     intrinsic_alignment_parameters--a2
     intrinsic_alignment_parameters--alpha1
     intrinsic_alignment_parameters--alpha2
     intrinsic_alignment_parameters--bias_ta
pk_to_cl_gg - 4 parameters:
     bias_lens--b1
     bias_lens--b2
     bias_lens--b3
     bias_lens--b4
pk_to_cl - 0 parameters:
add_magnification - 0 parameters:
add_intrinsic - 0 parameters:
2pt_shear - 0 parameters:
2pt_gal - 0 parameters:
2pt_gal_shear - 0 parameters:
shear_m_bias - 4 parameters:
     shear_calibration_parameters--m1
     shear_calibration_parameters--m2
     shear_calibration_parameters--m3
     shear_calibration_parameters--m4
add_point_mass - 0 parameters:
2pt_like - 0 parameters:
shear_ratio_like - 0 parameters:
Results - 0 parameters:
You manually told me in the parameter file to use module 18 as the first in the fast block
Time for full pipeline:  57.95s
Time for slow pipeline:  57.93s
Time for fast pipeline:  0.03s
Time saving: 99.96%

Based on this we have decided: 
   Slow modules (18):
        consistency
        bbn_consistency
        s8_to_sigma8
        camb
        as_to_log1e10as
        fast_pt
        fits_nz
        lens_photoz_width
        lens_photoz_bias
        source_photoz_bias
        IA
        pk_to_cl_gg
        pk_to_cl
        add_magnification
        add_intrinsic
        2pt_shear
        2pt_gal
        2pt_gal_shear
   Fast modules (4):
        shear_m_bias
        add_point_mass
        2pt_like
        shear_ratio_like
   Slow parameters (28):
        cosmological_parameters--ombh2
        cosmological_parameters--omch2
        cosmological_parameters--h0
        cosmological_parameters--mnu
        cosmological_parameters--s_8
        cosmological_parameters--n_s
        halo_model_parameters--logt_agn
        lens_photoz_errors--width_1
        lens_photoz_errors--width_2
        lens_photoz_errors--width_3
        lens_photoz_errors--width_4
        lens_photoz_errors--bias_1
        lens_photoz_errors--bias_2
        lens_photoz_errors--bias_3
        lens_photoz_errors--bias_4
        wl_photoz_errors--bias_1
        wl_photoz_errors--bias_2
        wl_photoz_errors--bias_3
        wl_photoz_errors--bias_4
        intrinsic_alignment_parameters--a1
        intrinsic_alignment_parameters--a2
        intrinsic_alignment_parameters--alpha1
        intrinsic_alignment_parameters--alpha2
        intrinsic_alignment_parameters--bias_ta
        bias_lens--b1
        bias_lens--b2
        bias_lens--b3
        bias_lens--b4
   Fast parameters (4):
        shear_calibration_parameters--m1
        shear_calibration_parameters--m2
        shear_calibration_parameters--m3
        shear_calibration_parameters--m4


2pt_gal_shear took: 0.110 seconds
shear_m_bias took: 0.002 seconds
add_point_mass took: 0.000 seconds
2pt_gal_shear took: 0.112 seconds
shear_m_bias took: 0.002 seconds
add_point_mass took: 0.000 seconds
Using two grades of parameter speed in polychord.
Telling Polychord to spend fraction 0.1 if its time in the fast subspace (adjust with fast_fraction option)
Polychord num_repeats = 74  (from parameter file)
2pt_like took: 0.021 seconds
shear_ratio_like took: 0.001 seconds
Total pipeline time: 56.9 seconds
2pt_like took: 0.022 seconds
shear_ratio_like took: 0.001 seconds
Total pipeline time: 57.9 seconds


Parameters first used in each module:
consistency - 5 parameters:
     cosmological_parameters--ombh2
     cosmological_parameters--omch2
     cosmological_parameters--h0
     cosmological_parameters--mnu
     cosmological_parameters--s_8
bbn_consistency - 0 parameters:
s8_to_sigma8 - 0 parameters:
camb - 2 parameters:
     cosmological_parameters--n_s
     halo_model_parameters--logt_agn
as_to_log1e10as - 0 parameters:
fast_pt - 0 parameters:
fits_nz - 0 parameters:
lens_photoz_width - 4 parameters:
     lens_photoz_errors--width_1
     lens_photoz_errors--width_2
     lens_photoz_errors--width_3
     lens_photoz_errors--width_4
lens_photoz_bias - 4 parameters:
     lens_photoz_errors--bias_1
     lens_photoz_errors--bias_2
     lens_photoz_errors--bias_3
     lens_photoz_errors--bias_4
source_photoz_bias - 4 parameters:
     wl_photoz_errors--bias_1
     wl_photoz_errors--bias_2
     wl_photoz_errors--bias_3
     wl_photoz_errors--bias_4
IA - 5 parameters:
     intrinsic_alignment_parameters--a1
     intrinsic_alignment_parameters--a2
     intrinsic_alignment_parameters--alpha1
     intrinsic_alignment_parameters--alpha2
     intrinsic_alignment_parameters--bias_ta
pk_to_cl_gg - 4 parameters:
     bias_lens--b1
     bias_lens--b2
     bias_lens--b3
     bias_lens--b4
pk_to_cl - 0 parameters:
add_magnification - 0 parameters:
add_intrinsic - 0 parameters:
2pt_shear - 0 parameters:
2pt_gal - 0 parameters:
2pt_gal_shear - 0 parameters:
shear_m_bias - 4 parameters:
     shear_calibration_parameters--m1
     shear_calibration_parameters--m2
     shear_calibration_parameters--m3
     shear_calibration_parameters--m4
add_point_mass - 0 parameters:
2pt_like - 0 parameters:
shear_ratio_like - 0 parameters:
Results - 0 parameters:
You manually told me in the parameter file to use module 18 as the first in the fast block
Time for full pipeline:  56.90s
Time for slow pipeline:  56.87s
Time for fast pipeline:  0.02s
Time saving: 99.96%

Based on this we have decided: 
   Slow modules (18):
        consistency
        bbn_consistency
        s8_to_sigma8
        camb
        as_to_log1e10as
        fast_pt
        fits_nz
        lens_photoz_width
        lens_photoz_bias
        source_photoz_bias
        IA
        pk_to_cl_gg
        pk_to_cl
        add_magnification
        add_intrinsic
        2pt_shear
        2pt_gal
        2pt_gal_shear
   Fast modules (4):
        shear_m_bias
        add_point_mass
        2pt_like
        shear_ratio_like
   Slow parameters (28):
        cosmological_parameters--ombh2
        cosmological_parameters--omch2
        cosmological_parameters--h0
        cosmological_parameters--mnu
        cosmological_parameters--s_8
        cosmological_parameters--n_s
        halo_model_parameters--logt_agn
        lens_photoz_errors--width_1
        lens_photoz_errors--width_2
        lens_photoz_errors--width_3
        lens_photoz_errors--width_4
        lens_photoz_errors--bias_1
        lens_photoz_errors--bias_2
        lens_photoz_errors--bias_3
        lens_photoz_errors--bias_4
        wl_photoz_errors--bias_1
        wl_photoz_errors--bias_2
        wl_photoz_errors--bias_3
        wl_photoz_errors--bias_4
        intrinsic_alignment_parameters--a1
        intrinsic_alignment_parameters--a2
        intrinsic_alignment_parameters--alpha1
        intrinsic_alignment_parameters--alpha2
        intrinsic_alignment_parameters--bias_ta
        bias_lens--b1
        bias_lens--b2
        bias_lens--b3
        bias_lens--b4
   Fast parameters (4):
        shear_calibration_parameters--m1
        shear_calibration_parameters--m2
        shear_calibration_parameters--m3
        shear_calibration_parameters--m4




Parameters first used in each module:
consistency - 5 parameters:
     cosmological_parameters--ombh2
     cosmological_parameters--omch2
     cosmological_parameters--h0
     cosmological_parameters--mnu
     cosmological_parameters--s_8
bbn_consistency - 0 parameters:
s8_to_sigma8 - 0 parameters:
camb - 2 parameters:
     cosmological_parameters--n_s
     halo_model_parameters--logt_agn
as_to_log1e10as - 0 parameters:
fast_pt - 0 parameters:
fits_nz - 0 parameters:
lens_photoz_width - 4 parameters:
     lens_photoz_errors--width_1
     lens_photoz_errors--width_2
     lens_photoz_errors--width_3
     lens_photoz_errors--width_4
lens_photoz_bias - 4 parameters:
     lens_photoz_errors--bias_1
     lens_photoz_errors--bias_2
     lens_photoz_errors--bias_3
     lens_photoz_errors--bias_4
source_photoz_bias - 4 parameters:
     wl_photoz_errors--bias_1
     wl_photoz_errors--bias_2
     wl_photoz_errors--bias_3
     wl_photoz_errors--bias_4
IA - 5 parameters:
     intrinsic_alignment_parameters--a1
     intrinsic_alignment_parameters--a2
     intrinsic_alignment_parameters--alpha1
     intrinsic_alignment_parameters--alpha2
     intrinsic_alignment_parameters--bias_ta
pk_to_cl_gg - 4 parameters:
     bias_lens--b1
     bias_lens--b2
     bias_lens--b3
     bias_lens--b4
pk_to_cl - 0 parameters:
add_magnification - 0 parameters:
add_intrinsic - 0 parameters:
2pt_shear - 0 parameters:
2pt_gal - 0 parameters:
2pt_gal_shear - 0 parameters:
shear_m_bias - 4 parameters:
     shear_calibration_parameters--m1
     shear_calibration_parameters--m2
     shear_calibration_parameters--m3
     shear_calibration_parameters--m4
add_point_mass - 0 parameters:
2pt_like - 0 parameters:
shear_ratio_like - 0 parameters:
Results - 0 parameters:
You manually told me in the parameter file to use module 18 as the first in the fast block
Time for full pipeline:  57.92s
Time for slow pipeline:  57.89s
Time for fast pipeline:  0.03s
Time saving: 99.96%

Based on this we have decided: 
   Slow modules (18):
        consistency
        bbn_consistency
        s8_to_sigma8
        camb
        as_to_log1e10as
        fast_pt
        fits_nz
        lens_photoz_width
        lens_photoz_bias
        source_photoz_bias
        IA
        pk_to_cl_gg
        pk_to_cl
        add_magnification
        add_intrinsic
        2pt_shear
        2pt_gal
        2pt_gal_shear
   Fast modules (4):
        shear_m_bias
        add_point_mass
        2pt_like
        shear_ratio_like
   Slow parameters (28):
        cosmological_parameters--ombh2
        cosmological_parameters--omch2
        cosmological_parameters--h0
        cosmological_parameters--mnu
        cosmological_parameters--s_8
        cosmological_parameters--n_s
        halo_model_parameters--logt_agn
        lens_photoz_errors--width_1
        lens_photoz_errors--width_2
        lens_photoz_errors--width_3
        lens_photoz_errors--width_4
        lens_photoz_errors--bias_1
        lens_photoz_errors--bias_2
        lens_photoz_errors--bias_3
        lens_photoz_errors--bias_4
        wl_photoz_errors--bias_1
        wl_photoz_errors--bias_2
        wl_photoz_errors--bias_3
        wl_photoz_errors--bias_4
        intrinsic_alignment_parameters--a1
        intrinsic_alignment_parameters--a2
        intrinsic_alignment_parameters--alpha1
        intrinsic_alignment_parameters--alpha2
        intrinsic_alignment_parameters--bias_ta
        bias_lens--b1
        bias_lens--b2
        bias_lens--b3
        bias_lens--b4
   Fast parameters (4):
        shear_calibration_parameters--m1
        shear_calibration_parameters--m2
        shear_calibration_parameters--m3
        shear_calibration_parameters--m4


2pt_shear took: 0.128 seconds
Using two grades of parameter speed in polychord.
Telling Polychord to spend fraction 0.1 if its time in the fast subspace (adjust with fast_fraction option)
Polychord num_repeats = 74  (from parameter file)
2pt_gal took: 0.028 seconds
Using two grades of parameter speed in polychord.
Telling Polychord to spend fraction 0.1 if its time in the fast subspace (adjust with fast_fraction option)
Polychord num_repeats = 74  (from parameter file)
Using two grades of parameter speed in polychord.
Telling Polychord to spend fraction 0.1 if its time in the fast subspace (adjust with fast_fraction option)
Polychord num_repeats = 74  (from parameter file)
2pt_gal_shear took: 0.117 seconds
shear_m_bias took: 0.002 seconds
add_point_mass took: 0.000 seconds
2pt_like took: 0.021 seconds
shear_ratio_like took: 0.001 seconds
Total pipeline time: 58.3 seconds
Using two grades of parameter speed in polychord.
Telling Polychord to spend fraction 0.1 if its time in the fast subspace (adjust with fast_fraction option)
Polychord num_repeats = 74  (from parameter file)


Parameters first used in each module:
consistency - 5 parameters:
     cosmological_parameters--ombh2
     cosmological_parameters--omch2
     cosmological_parameters--h0
     cosmological_parameters--mnu
     cosmological_parameters--s_8
bbn_consistency - 0 parameters:
s8_to_sigma8 - 0 parameters:
camb - 2 parameters:
     cosmological_parameters--n_s
     halo_model_parameters--logt_agn
as_to_log1e10as - 0 parameters:
fast_pt - 0 parameters:
fits_nz - 0 parameters:
lens_photoz_width - 4 parameters:
     lens_photoz_errors--width_1
     lens_photoz_errors--width_2
     lens_photoz_errors--width_3
     lens_photoz_errors--width_4
lens_photoz_bias - 4 parameters:
     lens_photoz_errors--bias_1
     lens_photoz_errors--bias_2
     lens_photoz_errors--bias_3
     lens_photoz_errors--bias_4
source_photoz_bias - 4 parameters:
     wl_photoz_errors--bias_1
     wl_photoz_errors--bias_2
     wl_photoz_errors--bias_3
     wl_photoz_errors--bias_4
IA - 5 parameters:
     intrinsic_alignment_parameters--a1
     intrinsic_alignment_parameters--a2
     intrinsic_alignment_parameters--alpha1
     intrinsic_alignment_parameters--alpha2
     intrinsic_alignment_parameters--bias_ta
pk_to_cl_gg - 4 parameters:
     bias_lens--b1
     bias_lens--b2
     bias_lens--b3
     bias_lens--b4
pk_to_cl - 0 parameters:
add_magnification - 0 parameters:
add_intrinsic - 0 parameters:
2pt_shear - 0 parameters:
2pt_gal - 0 parameters:
2pt_gal_shear - 0 parameters:
shear_m_bias - 4 parameters:
     shear_calibration_parameters--m1
     shear_calibration_parameters--m2
     shear_calibration_parameters--m3
     shear_calibration_parameters--m4
add_point_mass - 0 parameters:
2pt_like - 0 parameters:
shear_ratio_like - 0 parameters:
Results - 0 parameters:
You manually told me in the parameter file to use module 18 as the first in the fast block
Time for full pipeline:  58.32s
Time for slow pipeline:  58.30s
Time for fast pipeline:  0.02s
Time saving: 99.96%

Based on this we have decided: 
   Slow modules (18):
        consistency
        bbn_consistency
        s8_to_sigma8
        camb
        as_to_log1e10as
        fast_pt
        fits_nz
        lens_photoz_width
        lens_photoz_bias
        source_photoz_bias
Using two grades of parameter speed in polychord.
Telling Polychord to spend fraction 0.1 if its time in the fast subspace (adjust with fast_fraction option)
        IA
        pk_to_cl_gg
        pk_to_cl
        add_magnification
        add_intrinsic
        2pt_shear
        2pt_gal
        2pt_gal_shear
   Fast modules (4):
        shear_m_bias
        add_point_mass
        2pt_like
        shear_ratio_like
   Slow parameters (28):
        cosmological_parameters--ombh2
        cosmological_parameters--omch2
        cosmological_parameters--h0
        cosmological_parameters--mnu
        cosmological_parameters--s_8
        cosmological_parameters--n_s
        halo_model_parameters--logt_agn
        lens_photoz_errors--width_1
        lens_photoz_errors--width_2
        lens_photoz_errors--width_3
        lens_photoz_errors--width_4
        lens_photoz_errors--bias_1
        lens_photoz_errors--bias_2
        lens_photoz_errors--bias_3
        lens_photoz_errors--bias_4
        wl_photoz_errors--bias_1
        wl_photoz_errors--bias_2
        wl_photoz_errors--bias_3
        wl_photoz_errors--bias_4
        intrinsic_alignment_parameters--a1
        intrinsic_alignment_parameters--a2
        intrinsic_alignment_parameters--alpha1
        intrinsic_alignment_parameters--alpha2
        intrinsic_alignment_parameters--bias_ta
        bias_lens--b1
        bias_lens--b2
        bias_lens--b3
        bias_lens--b4
   Fast parameters (4):
        shear_calibration_parameters--m1
        shear_calibration_parameters--m2
        shear_calibration_parameters--m3
        shear_calibration_parameters--m4


Polychord num_repeats = 74  (from parameter file)
Using two grades of parameter speed in polychord.
Telling Polychord to spend fraction 0.1 if its time in the fast subspace (adjust with fast_fraction option)
Polychord num_repeats = 74  (from parameter file)
Using two grades of parameter speed in polychord.
Telling Polychord to spend fraction 0.1 if its time in the fast subspace (adjust with fast_fraction option)
Polychord num_repeats = 74  (from parameter file)
Using two grades of parameter speed in polychord.
Telling Polychord to spend fraction 0.1 if its time in the fast subspace (adjust with fast_fraction option)
Polychord num_repeats = 74  (from parameter file)
Using two grades of parameter speed in polychord.
Telling Polychord to spend fraction 0.1 if its time in the fast subspace (adjust with fast_fraction option)
Polychord num_repeats = 74  (from parameter file)
Using two grades of parameter speed in polychord.
Telling Polychord to spend fraction 0.1 if its time in the fast subspace (adjust with fast_fraction option)
Polychord num_repeats = 74  (from parameter file)
