/lcrc/project/SPT3G/users/ac.yomori/repo/cosmosis-standard-library/structure/projection/projection_tools/kernel.py:35: UserWarning: Some of your n(z) or other kernels are negative.
  warnings.warn("Some of your n(z) or other kernels are negative.")
/lcrc/project/SPT3G/users/ac.yomori/repo/cosmosis-standard-library/shear/cl_to_xi_fullsky/cl_to_xi.py:36: RuntimeWarning: divide by zero encountered in log
  spec = np.exp(self.interp_func(np.log(angle)))
/lcrc/project/SPT3G/users/ac.yomori/repo/cosmosis-standard-library/shear/cl_to_xi_fullsky/cl_to_xi.py:41: RuntimeWarning: divide by zero encountered in log
  spec = self.interp_func(np.log(angle))
/lcrc/project/SPT3G/users/ac.yomori/repo/cosmosis-standard-library/structure/projection/projection_tools/kernel.py:35: UserWarning: Some of your n(z) or other kernels are negative.
  warnings.warn("Some of your n(z) or other kernels are negative.")
/lcrc/project/SPT3G/users/ac.yomori/repo/cosmosis-standard-library/structure/projection/projection_tools/kernel.py:35: UserWarning: Some of your n(z) or other kernels are negative.
  warnings.warn("Some of your n(z) or other kernels are negative.")
/lcrc/project/SPT3G/users/ac.yomori/repo/cosmosis-standard-library/structure/projection/projection_tools/kernel.py:35: UserWarning: Some of your n(z) or other kernels are negative.
  warnings.warn("Some of your n(z) or other kernels are negative.")
/lcrc/project/SPT3G/users/ac.yomori/repo/cosmosis-standard-library/structure/projection/projection_tools/kernel.py:35: UserWarning: Some of your n(z) or other kernels are negative.
  warnings.warn("Some of your n(z) or other kernels are negative.")
/lcrc/project/SPT3G/users/ac.yomori/repo/cosmosis-standard-library/structure/projection/projection_tools/kernel.py:35: UserWarning: Some of your n(z) or other kernels are negative.
  warnings.warn("Some of your n(z) or other kernels are negative.")
/lcrc/project/SPT3G/users/ac.yomori/repo/cosmosis-standard-library/structure/projection/projection_tools/kernel.py:35: UserWarning: Some of your n(z) or other kernels are negative.
  warnings.warn("Some of your n(z) or other kernels are negative.")
/lcrc/project/SPT3G/users/ac.yomori/repo/cosmosis-standard-library/shear/cl_to_xi_fullsky/cl_to_xi.py:36: RuntimeWarning: divide by zero encountered in log
  spec = np.exp(self.interp_func(np.log(angle)))
/lcrc/project/SPT3G/users/ac.yomori/repo/cosmosis-standard-library/structure/projection/projection_tools/kernel.py:35: UserWarning: Some of your n(z) or other kernels are negative.
  warnings.warn("Some of your n(z) or other kernels are negative.")
/lcrc/project/SPT3G/users/ac.yomori/repo/cosmosis-standard-library/structure/projection/projection_tools/kernel.py:35: UserWarning: Some of your n(z) or other kernels are negative.
  warnings.warn("Some of your n(z) or other kernels are negative.")
/lcrc/project/SPT3G/users/ac.yomori/repo/cosmosis-standard-library/shear/cl_to_xi_fullsky/cl_to_xi.py:41: RuntimeWarning: divide by zero encountered in log
  spec = self.interp_func(np.log(angle))
/lcrc/project/SPT3G/users/ac.yomori/repo/cosmosis-standard-library/shear/cl_to_xi_fullsky/cl_to_xi.py:36: RuntimeWarning: divide by zero encountered in log
  spec = np.exp(self.interp_func(np.log(angle)))
/lcrc/project/SPT3G/users/ac.yomori/repo/cosmosis-standard-library/shear/cl_to_xi_fullsky/cl_to_xi.py:41: RuntimeWarning: divide by zero encountered in log
  spec = self.interp_func(np.log(angle))
/lcrc/project/SPT3G/users/ac.yomori/repo/cosmosis-standard-library/structure/projection/projection_tools/kernel.py:35: UserWarning: Some of your n(z) or other kernels are negative.
  warnings.warn("Some of your n(z) or other kernels are negative.")
/lcrc/project/SPT3G/users/ac.yomori/repo/cosmosis-standard-library/shear/cl_to_xi_fullsky/cl_to_xi.py:36: RuntimeWarning: divide by zero encountered in log
  spec = np.exp(self.interp_func(np.log(angle)))
/lcrc/project/SPT3G/users/ac.yomori/repo/cosmosis-standard-library/shear/cl_to_xi_fullsky/cl_to_xi.py:36: RuntimeWarning: divide by zero encountered in log
  spec = np.exp(self.interp_func(np.log(angle)))
/lcrc/project/SPT3G/users/ac.yomori/repo/cosmosis-standard-library/shear/cl_to_xi_fullsky/cl_to_xi.py:36: RuntimeWarning: divide by zero encountered in log
  spec = np.exp(self.interp_func(np.log(angle)))
/lcrc/project/SPT3G/users/ac.yomori/repo/cosmosis-standard-library/shear/cl_to_xi_fullsky/cl_to_xi.py:36: RuntimeWarning: divide by zero encountered in log
  spec = np.exp(self.interp_func(np.log(angle)))
/lcrc/project/SPT3G/users/ac.yomori/repo/cosmosis-standard-library/structure/projection/projection_tools/kernel.py:35: UserWarning: Some of your n(z) or other kernels are negative.
  warnings.warn("Some of your n(z) or other kernels are negative.")
/lcrc/project/SPT3G/users/ac.yomori/repo/cosmosis-standard-library/shear/cl_to_xi_fullsky/cl_to_xi.py:36: RuntimeWarning: divide by zero encountered in log
  spec = np.exp(self.interp_func(np.log(angle)))
/lcrc/project/SPT3G/users/ac.yomori/repo/cosmosis-standard-library/shear/cl_to_xi_fullsky/cl_to_xi.py:41: RuntimeWarning: divide by zero encountered in log
  spec = self.interp_func(np.log(angle))
/lcrc/project/SPT3G/users/ac.yomori/repo/cosmosis-standard-library/shear/cl_to_xi_fullsky/cl_to_xi.py:41: RuntimeWarning: divide by zero encountered in log
  spec = self.interp_func(np.log(angle))
/lcrc/project/SPT3G/users/ac.yomori/repo/cosmosis-standard-library/shear/cl_to_xi_fullsky/cl_to_xi.py:41: RuntimeWarning: divide by zero encountered in log
  spec = self.interp_func(np.log(angle))
/lcrc/project/SPT3G/users/ac.yomori/repo/cosmosis-standard-library/shear/cl_to_xi_fullsky/cl_to_xi.py:41: RuntimeWarning: divide by zero encountered in log
  spec = self.interp_func(np.log(angle))
/lcrc/project/SPT3G/users/ac.yomori/repo/cosmosis-standard-library/structure/projection/projection_tools/kernel.py:35: UserWarning: Some of your n(z) or other kernels are negative.
  warnings.warn("Some of your n(z) or other kernels are negative.")
/lcrc/project/SPT3G/users/ac.yomori/repo/cosmosis-standard-library/structure/projection/projection_tools/kernel.py:35: UserWarning: Some of your n(z) or other kernels are negative.
  warnings.warn("Some of your n(z) or other kernels are negative.")
/lcrc/project/SPT3G/users/ac.yomori/repo/cosmosis-standard-library/shear/cl_to_xi_fullsky/cl_to_xi.py:41: RuntimeWarning: divide by zero encountered in log
  spec = self.interp_func(np.log(angle))
/lcrc/project/SPT3G/users/ac.yomori/repo/cosmosis-standard-library/structure/projection/projection_tools/kernel.py:35: UserWarning: Some of your n(z) or other kernels are negative.
  warnings.warn("Some of your n(z) or other kernels are negative.")
/lcrc/project/SPT3G/users/ac.yomori/repo/cosmosis-standard-library/shear/cl_to_xi_fullsky/cl_to_xi.py:36: RuntimeWarning: divide by zero encountered in log
  spec = np.exp(self.interp_func(np.log(angle)))
/lcrc/project/SPT3G/users/ac.yomori/repo/cosmosis-standard-library/structure/projection/projection_tools/kernel.py:35: UserWarning: Some of your n(z) or other kernels are negative.
  warnings.warn("Some of your n(z) or other kernels are negative.")
/lcrc/project/SPT3G/users/ac.yomori/repo/cosmosis-standard-library/structure/projection/projection_tools/kernel.py:35: UserWarning: Some of your n(z) or other kernels are negative.
  warnings.warn("Some of your n(z) or other kernels are negative.")
/lcrc/project/SPT3G/users/ac.yomori/repo/cosmosis-standard-library/structure/projection/projection_tools/kernel.py:35: UserWarning: Some of your n(z) or other kernels are negative.
  warnings.warn("Some of your n(z) or other kernels are negative.")
/lcrc/project/SPT3G/users/ac.yomori/repo/cosmosis-standard-library/shear/cl_to_xi_fullsky/cl_to_xi.py:41: RuntimeWarning: divide by zero encountered in log
  spec = self.interp_func(np.log(angle))
/lcrc/project/SPT3G/users/ac.yomori/repo/cosmosis-standard-library/structure/projection/projection_tools/kernel.py:35: UserWarning: Some of your n(z) or other kernels are negative.
  warnings.warn("Some of your n(z) or other kernels are negative.")
/lcrc/project/SPT3G/users/ac.yomori/repo/cosmosis-standard-library/structure/projection/projection_tools/kernel.py:35: UserWarning: Some of your n(z) or other kernels are negative.
  warnings.warn("Some of your n(z) or other kernels are negative.")
/lcrc/project/SPT3G/users/ac.yomori/repo/cosmosis-standard-library/structure/projection/projection_tools/kernel.py:35: UserWarning: Some of your n(z) or other kernels are negative.
  warnings.warn("Some of your n(z) or other kernels are negative.")
/lcrc/project/SPT3G/users/ac.yomori/repo/cosmosis-standard-library/structure/projection/projection_tools/kernel.py:35: UserWarning: Some of your n(z) or other kernels are negative.
  warnings.warn("Some of your n(z) or other kernels are negative.")
/lcrc/project/SPT3G/users/ac.yomori/repo/cosmosis-standard-library/shear/cl_to_xi_fullsky/cl_to_xi.py:36: RuntimeWarning: divide by zero encountered in log
  spec = np.exp(self.interp_func(np.log(angle)))
/lcrc/project/SPT3G/users/ac.yomori/repo/cosmosis-standard-library/shear/cl_to_xi_fullsky/cl_to_xi.py:36: RuntimeWarning: divide by zero encountered in log
  spec = np.exp(self.interp_func(np.log(angle)))
/lcrc/project/SPT3G/users/ac.yomori/repo/cosmosis-standard-library/shear/cl_to_xi_fullsky/cl_to_xi.py:41: RuntimeWarning: divide by zero encountered in log
  spec = self.interp_func(np.log(angle))
/lcrc/project/SPT3G/users/ac.yomori/repo/cosmosis-standard-library/structure/projection/projection_tools/kernel.py:35: UserWarning: Some of your n(z) or other kernels are negative.
  warnings.warn("Some of your n(z) or other kernels are negative.")
/lcrc/project/SPT3G/users/ac.yomori/repo/cosmosis-standard-library/shear/cl_to_xi_fullsky/cl_to_xi.py:36: RuntimeWarning: divide by zero encountered in log
  spec = np.exp(self.interp_func(np.log(angle)))
/lcrc/project/SPT3G/users/ac.yomori/repo/cosmosis-standard-library/shear/cl_to_xi_fullsky/cl_to_xi.py:36: RuntimeWarning: divide by zero encountered in log
  spec = np.exp(self.interp_func(np.log(angle)))
/lcrc/project/SPT3G/users/ac.yomori/repo/cosmosis-standard-library/structure/projection/projection_tools/kernel.py:35: UserWarning: Some of your n(z) or other kernels are negative.
  warnings.warn("Some of your n(z) or other kernels are negative.")
/lcrc/project/SPT3G/users/ac.yomori/repo/cosmosis-standard-library/shear/cl_to_xi_fullsky/cl_to_xi.py:36: RuntimeWarning: divide by zero encountered in log
  spec = np.exp(self.interp_func(np.log(angle)))
/lcrc/project/SPT3G/users/ac.yomori/repo/cosmosis-standard-library/structure/projection/projection_tools/kernel.py:35: UserWarning: Some of your n(z) or other kernels are negative.
  warnings.warn("Some of your n(z) or other kernels are negative.")
/lcrc/project/SPT3G/users/ac.yomori/repo/cosmosis-standard-library/shear/cl_to_xi_fullsky/cl_to_xi.py:41: RuntimeWarning: divide by zero encountered in log
  spec = self.interp_func(np.log(angle))
/lcrc/project/SPT3G/users/ac.yomori/repo/cosmosis-standard-library/structure/projection/projection_tools/kernel.py:35: UserWarning: Some of your n(z) or other kernels are negative.
  warnings.warn("Some of your n(z) or other kernels are negative.")
/lcrc/project/SPT3G/users/ac.yomori/repo/cosmosis-standard-library/shear/cl_to_xi_fullsky/cl_to_xi.py:36: RuntimeWarning: divide by zero encountered in log
  spec = np.exp(self.interp_func(np.log(angle)))
/lcrc/project/SPT3G/users/ac.yomori/repo/cosmosis-standard-library/shear/cl_to_xi_fullsky/cl_to_xi.py:36: RuntimeWarning: divide by zero encountered in log
  spec = np.exp(self.interp_func(np.log(angle)))
/lcrc/project/SPT3G/users/ac.yomori/repo/cosmosis-standard-library/structure/projection/projection_tools/kernel.py:35: UserWarning: Some of your n(z) or other kernels are negative.
  warnings.warn("Some of your n(z) or other kernels are negative.")
/lcrc/project/SPT3G/users/ac.yomori/repo/cosmosis-standard-library/shear/cl_to_xi_fullsky/cl_to_xi.py:36: RuntimeWarning: divide by zero encountered in log
  spec = np.exp(self.interp_func(np.log(angle)))
/lcrc/project/SPT3G/users/ac.yomori/repo/cosmosis-standard-library/structure/projection/projection_tools/kernel.py:35: UserWarning: Some of your n(z) or other kernels are negative.
  warnings.warn("Some of your n(z) or other kernels are negative.")
/lcrc/project/SPT3G/users/ac.yomori/repo/cosmosis-standard-library/shear/cl_to_xi_fullsky/cl_to_xi.py:41: RuntimeWarning: divide by zero encountered in log
  spec = self.interp_func(np.log(angle))
/lcrc/project/SPT3G/users/ac.yomori/repo/cosmosis-standard-library/structure/projection/projection_tools/kernel.py:35: UserWarning: Some of your n(z) or other kernels are negative.
  warnings.warn("Some of your n(z) or other kernels are negative.")
/lcrc/project/SPT3G/users/ac.yomori/repo/cosmosis-standard-library/shear/cl_to_xi_fullsky/cl_to_xi.py:41: RuntimeWarning: divide by zero encountered in log
  spec = self.interp_func(np.log(angle))
/lcrc/project/SPT3G/users/ac.yomori/repo/cosmosis-standard-library/shear/cl_to_xi_fullsky/cl_to_xi.py:41: RuntimeWarning: divide by zero encountered in log
  spec = self.interp_func(np.log(angle))
/lcrc/project/SPT3G/users/ac.yomori/repo/cosmosis-standard-library/structure/projection/projection_tools/kernel.py:35: UserWarning: Some of your n(z) or other kernels are negative.
  warnings.warn("Some of your n(z) or other kernels are negative.")
/lcrc/project/SPT3G/users/ac.yomori/repo/cosmosis-standard-library/structure/projection/projection_tools/kernel.py:35: UserWarning: Some of your n(z) or other kernels are negative.
  warnings.warn("Some of your n(z) or other kernels are negative.")
/lcrc/project/SPT3G/users/ac.yomori/repo/cosmosis-standard-library/shear/cl_to_xi_fullsky/cl_to_xi.py:41: RuntimeWarning: divide by zero encountered in log
  spec = self.interp_func(np.log(angle))
/lcrc/project/SPT3G/users/ac.yomori/repo/cosmosis-standard-library/structure/projection/projection_tools/kernel.py:35: UserWarning: Some of your n(z) or other kernels are negative.
  warnings.warn("Some of your n(z) or other kernels are negative.")
/lcrc/project/SPT3G/users/ac.yomori/repo/cosmosis-standard-library/structure/projection/projection_tools/kernel.py:35: UserWarning: Some of your n(z) or other kernels are negative.
  warnings.warn("Some of your n(z) or other kernels are negative.")
/lcrc/project/SPT3G/users/ac.yomori/repo/cosmosis-standard-library/shear/cl_to_xi_fullsky/cl_to_xi.py:41: RuntimeWarning: divide by zero encountered in log
  spec = self.interp_func(np.log(angle))
/lcrc/project/SPT3G/users/ac.yomori/repo/cosmosis-standard-library/shear/cl_to_xi_fullsky/cl_to_xi.py:41: RuntimeWarning: divide by zero encountered in log
  spec = self.interp_func(np.log(angle))
/lcrc/project/SPT3G/users/ac.yomori/repo/cosmosis-standard-library/shear/cl_to_xi_fullsky/cl_to_xi.py:36: RuntimeWarning: divide by zero encountered in log
  spec = np.exp(self.interp_func(np.log(angle)))
/lcrc/project/SPT3G/users/ac.yomori/repo/cosmosis-standard-library/shear/cl_to_xi_fullsky/cl_to_xi.py:36: RuntimeWarning: divide by zero encountered in log
  spec = np.exp(self.interp_func(np.log(angle)))
/lcrc/project/SPT3G/users/ac.yomori/repo/cosmosis-standard-library/structure/projection/projection_tools/kernel.py:35: UserWarning: Some of your n(z) or other kernels are negative.
  warnings.warn("Some of your n(z) or other kernels are negative.")
/lcrc/project/SPT3G/users/ac.yomori/repo/cosmosis-standard-library/shear/cl_to_xi_fullsky/cl_to_xi.py:36: RuntimeWarning: divide by zero encountered in log
  spec = np.exp(self.interp_func(np.log(angle)))
/lcrc/project/SPT3G/users/ac.yomori/repo/cosmosis-standard-library/structure/projection/projection_tools/kernel.py:35: UserWarning: Some of your n(z) or other kernels are negative.
  warnings.warn("Some of your n(z) or other kernels are negative.")
/lcrc/project/SPT3G/users/ac.yomori/repo/cosmosis-standard-library/shear/cl_to_xi_fullsky/cl_to_xi.py:36: RuntimeWarning: divide by zero encountered in log
  spec = np.exp(self.interp_func(np.log(angle)))
/lcrc/project/SPT3G/users/ac.yomori/repo/cosmosis-standard-library/shear/cl_to_xi_fullsky/cl_to_xi.py:41: RuntimeWarning: divide by zero encountered in log
  spec = self.interp_func(np.log(angle))
/lcrc/project/SPT3G/users/ac.yomori/repo/cosmosis-standard-library/structure/projection/projection_tools/kernel.py:35: UserWarning: Some of your n(z) or other kernels are negative.
  warnings.warn("Some of your n(z) or other kernels are negative.")
/lcrc/project/SPT3G/users/ac.yomori/repo/cosmosis-standard-library/shear/cl_to_xi_fullsky/cl_to_xi.py:41: RuntimeWarning: divide by zero encountered in log
  spec = self.interp_func(np.log(angle))
/lcrc/project/SPT3G/users/ac.yomori/repo/cosmosis-standard-library/structure/projection/projection_tools/kernel.py:35: UserWarning: Some of your n(z) or other kernels are negative.
  warnings.warn("Some of your n(z) or other kernels are negative.")
/lcrc/project/SPT3G/users/ac.yomori/repo/cosmosis-standard-library/shear/cl_to_xi_fullsky/cl_to_xi.py:41: RuntimeWarning: divide by zero encountered in log
  spec = self.interp_func(np.log(angle))
/lcrc/project/SPT3G/users/ac.yomori/repo/cosmosis-standard-library/shear/cl_to_xi_fullsky/cl_to_xi.py:36: RuntimeWarning: divide by zero encountered in log
  spec = np.exp(self.interp_func(np.log(angle)))
/lcrc/project/SPT3G/users/ac.yomori/repo/cosmosis-standard-library/structure/projection/projection_tools/kernel.py:35: UserWarning: Some of your n(z) or other kernels are negative.
  warnings.warn("Some of your n(z) or other kernels are negative.")
/lcrc/project/SPT3G/users/ac.yomori/repo/cosmosis-standard-library/shear/cl_to_xi_fullsky/cl_to_xi.py:36: RuntimeWarning: divide by zero encountered in log
  spec = np.exp(self.interp_func(np.log(angle)))
/lcrc/project/SPT3G/users/ac.yomori/repo/cosmosis-standard-library/structure/projection/projection_tools/kernel.py:35: UserWarning: Some of your n(z) or other kernels are negative.
  warnings.warn("Some of your n(z) or other kernels are negative.")
/lcrc/project/SPT3G/users/ac.yomori/repo/cosmosis-standard-library/shear/cl_to_xi_fullsky/cl_to_xi.py:36: RuntimeWarning: divide by zero encountered in log
  spec = np.exp(self.interp_func(np.log(angle)))
/lcrc/project/SPT3G/users/ac.yomori/repo/cosmosis-standard-library/structure/projection/projection_tools/kernel.py:35: UserWarning: Some of your n(z) or other kernels are negative.
  warnings.warn("Some of your n(z) or other kernels are negative.")
/lcrc/project/SPT3G/users/ac.yomori/repo/cosmosis-standard-library/shear/cl_to_xi_fullsky/cl_to_xi.py:41: RuntimeWarning: divide by zero encountered in log
  spec = self.interp_func(np.log(angle))
/lcrc/project/SPT3G/users/ac.yomori/repo/cosmosis-standard-library/shear/cl_to_xi_fullsky/cl_to_xi.py:36: RuntimeWarning: divide by zero encountered in log
  spec = np.exp(self.interp_func(np.log(angle)))
/lcrc/project/SPT3G/users/ac.yomori/repo/cosmosis-standard-library/structure/projection/projection_tools/kernel.py:35: UserWarning: Some of your n(z) or other kernels are negative.
  warnings.warn("Some of your n(z) or other kernels are negative.")
/lcrc/project/SPT3G/users/ac.yomori/repo/cosmosis-standard-library/structure/projection/projection_tools/kernel.py:35: UserWarning: Some of your n(z) or other kernels are negative.
  warnings.warn("Some of your n(z) or other kernels are negative.")
/lcrc/project/SPT3G/users/ac.yomori/repo/cosmosis-standard-library/shear/cl_to_xi_fullsky/cl_to_xi.py:41: RuntimeWarning: divide by zero encountered in log
  spec = self.interp_func(np.log(angle))
/lcrc/project/SPT3G/users/ac.yomori/repo/cosmosis-standard-library/shear/cl_to_xi_fullsky/cl_to_xi.py:41: RuntimeWarning: divide by zero encountered in log
  spec = self.interp_func(np.log(angle))
/lcrc/project/SPT3G/users/ac.yomori/repo/cosmosis-standard-library/shear/cl_to_xi_fullsky/cl_to_xi.py:41: RuntimeWarning: divide by zero encountered in log
  spec = self.interp_func(np.log(angle))
/lcrc/project/SPT3G/users/ac.yomori/repo/cosmosis-standard-library/shear/cl_to_xi_fullsky/cl_to_xi.py:36: RuntimeWarning: divide by zero encountered in log
  spec = np.exp(self.interp_func(np.log(angle)))
/lcrc/project/SPT3G/users/ac.yomori/repo/cosmosis-standard-library/structure/projection/projection_tools/kernel.py:35: UserWarning: Some of your n(z) or other kernels are negative.
  warnings.warn("Some of your n(z) or other kernels are negative.")
/lcrc/project/SPT3G/users/ac.yomori/repo/cosmosis-standard-library/structure/projection/projection_tools/kernel.py:35: UserWarning: Some of your n(z) or other kernels are negative.
  warnings.warn("Some of your n(z) or other kernels are negative.")
/lcrc/project/SPT3G/users/ac.yomori/repo/cosmosis-standard-library/shear/cl_to_xi_fullsky/cl_to_xi.py:36: RuntimeWarning: divide by zero encountered in log
  spec = np.exp(self.interp_func(np.log(angle)))
/lcrc/project/SPT3G/users/ac.yomori/repo/cosmosis-standard-library/structure/projection/projection_tools/kernel.py:35: UserWarning: Some of your n(z) or other kernels are negative.
  warnings.warn("Some of your n(z) or other kernels are negative.")
/lcrc/project/SPT3G/users/ac.yomori/repo/cosmosis-standard-library/shear/cl_to_xi_fullsky/cl_to_xi.py:36: RuntimeWarning: divide by zero encountered in log
  spec = np.exp(self.interp_func(np.log(angle)))
/lcrc/project/SPT3G/users/ac.yomori/repo/cosmosis-standard-library/shear/cl_to_xi_fullsky/cl_to_xi.py:36: RuntimeWarning: divide by zero encountered in log
  spec = np.exp(self.interp_func(np.log(angle)))
/lcrc/project/SPT3G/users/ac.yomori/repo/cosmosis-standard-library/structure/projection/projection_tools/kernel.py:35: UserWarning: Some of your n(z) or other kernels are negative.
  warnings.warn("Some of your n(z) or other kernels are negative.")
/lcrc/project/SPT3G/users/ac.yomori/repo/cosmosis-standard-library/structure/projection/projection_tools/kernel.py:35: UserWarning: Some of your n(z) or other kernels are negative.
  warnings.warn("Some of your n(z) or other kernels are negative.")
/lcrc/project/SPT3G/users/ac.yomori/repo/cosmosis-standard-library/shear/cl_to_xi_fullsky/cl_to_xi.py:41: RuntimeWarning: divide by zero encountered in log
  spec = self.interp_func(np.log(angle))
/lcrc/project/SPT3G/users/ac.yomori/repo/cosmosis-standard-library/structure/projection/projection_tools/kernel.py:35: UserWarning: Some of your n(z) or other kernels are negative.
  warnings.warn("Some of your n(z) or other kernels are negative.")
/lcrc/project/SPT3G/users/ac.yomori/repo/cosmosis-standard-library/structure/projection/projection_tools/kernel.py:35: UserWarning: Some of your n(z) or other kernels are negative.
  warnings.warn("Some of your n(z) or other kernels are negative.")
/lcrc/project/SPT3G/users/ac.yomori/repo/cosmosis-standard-library/structure/projection/projection_tools/kernel.py:35: UserWarning: Some of your n(z) or other kernels are negative.
  warnings.warn("Some of your n(z) or other kernels are negative.")
/lcrc/project/SPT3G/users/ac.yomori/repo/cosmosis-standard-library/structure/projection/projection_tools/kernel.py:35: UserWarning: Some of your n(z) or other kernels are negative.
  warnings.warn("Some of your n(z) or other kernels are negative.")
/lcrc/project/SPT3G/users/ac.yomori/repo/cosmosis-standard-library/shear/cl_to_xi_fullsky/cl_to_xi.py:36: RuntimeWarning: divide by zero encountered in log
  spec = np.exp(self.interp_func(np.log(angle)))
/lcrc/project/SPT3G/users/ac.yomori/repo/cosmosis-standard-library/shear/cl_to_xi_fullsky/cl_to_xi.py:41: RuntimeWarning: divide by zero encountered in log
  spec = self.interp_func(np.log(angle))
/lcrc/project/SPT3G/users/ac.yomori/repo/cosmosis-standard-library/shear/cl_to_xi_fullsky/cl_to_xi.py:41: RuntimeWarning: divide by zero encountered in log
  spec = self.interp_func(np.log(angle))
/lcrc/project/SPT3G/users/ac.yomori/repo/cosmosis-standard-library/shear/cl_to_xi_fullsky/cl_to_xi.py:41: RuntimeWarning: divide by zero encountered in log
  spec = self.interp_func(np.log(angle))
/lcrc/project/SPT3G/users/ac.yomori/repo/cosmosis-standard-library/shear/cl_to_xi_fullsky/cl_to_xi.py:36: RuntimeWarning: divide by zero encountered in log
  spec = np.exp(self.interp_func(np.log(angle)))
/lcrc/project/SPT3G/users/ac.yomori/repo/cosmosis-standard-library/shear/cl_to_xi_fullsky/cl_to_xi.py:36: RuntimeWarning: divide by zero encountered in log
  spec = np.exp(self.interp_func(np.log(angle)))
/lcrc/project/SPT3G/users/ac.yomori/repo/cosmosis-standard-library/structure/projection/projection_tools/kernel.py:35: UserWarning: Some of your n(z) or other kernels are negative.
  warnings.warn("Some of your n(z) or other kernels are negative.")
/lcrc/project/SPT3G/users/ac.yomori/repo/cosmosis-standard-library/shear/cl_to_xi_fullsky/cl_to_xi.py:36: RuntimeWarning: divide by zero encountered in log
  spec = np.exp(self.interp_func(np.log(angle)))
/lcrc/project/SPT3G/users/ac.yomori/repo/cosmosis-standard-library/shear/cl_to_xi_fullsky/cl_to_xi.py:41: RuntimeWarning: divide by zero encountered in log
  spec = self.interp_func(np.log(angle))
/lcrc/project/SPT3G/users/ac.yomori/repo/cosmosis-standard-library/structure/projection/projection_tools/kernel.py:35: UserWarning: Some of your n(z) or other kernels are negative.
  warnings.warn("Some of your n(z) or other kernels are negative.")
/lcrc/project/SPT3G/users/ac.yomori/repo/cosmosis-standard-library/shear/cl_to_xi_fullsky/cl_to_xi.py:41: RuntimeWarning: divide by zero encountered in log
  spec = self.interp_func(np.log(angle))
/lcrc/project/SPT3G/users/ac.yomori/repo/cosmosis-standard-library/shear/cl_to_xi_fullsky/cl_to_xi.py:36: RuntimeWarning: divide by zero encountered in log
  spec = np.exp(self.interp_func(np.log(angle)))
/lcrc/project/SPT3G/users/ac.yomori/repo/cosmosis-standard-library/shear/cl_to_xi_fullsky/cl_to_xi.py:36: RuntimeWarning: divide by zero encountered in log
  spec = np.exp(self.interp_func(np.log(angle)))
/lcrc/project/SPT3G/users/ac.yomori/repo/cosmosis-standard-library/structure/projection/projection_tools/kernel.py:35: UserWarning: Some of your n(z) or other kernels are negative.
  warnings.warn("Some of your n(z) or other kernels are negative.")
/lcrc/project/SPT3G/users/ac.yomori/repo/cosmosis-standard-library/shear/cl_to_xi_fullsky/cl_to_xi.py:36: RuntimeWarning: divide by zero encountered in log
  spec = np.exp(self.interp_func(np.log(angle)))
/lcrc/project/SPT3G/users/ac.yomori/repo/cosmosis-standard-library/shear/cl_to_xi_fullsky/cl_to_xi.py:36: RuntimeWarning: divide by zero encountered in log
  spec = np.exp(self.interp_func(np.log(angle)))
/lcrc/project/SPT3G/users/ac.yomori/repo/cosmosis-standard-library/shear/cl_to_xi_fullsky/cl_to_xi.py:41: RuntimeWarning: divide by zero encountered in log
  spec = self.interp_func(np.log(angle))
/lcrc/project/SPT3G/users/ac.yomori/repo/cosmosis-standard-library/shear/cl_to_xi_fullsky/cl_to_xi.py:36: RuntimeWarning: divide by zero encountered in log
  spec = np.exp(self.interp_func(np.log(angle)))
/lcrc/project/SPT3G/users/ac.yomori/repo/cosmosis-standard-library/shear/cl_to_xi_fullsky/cl_to_xi.py:41: RuntimeWarning: divide by zero encountered in log
  spec = self.interp_func(np.log(angle))
/lcrc/project/SPT3G/users/ac.yomori/repo/cosmosis-standard-library/shear/cl_to_xi_fullsky/cl_to_xi.py:41: RuntimeWarning: divide by zero encountered in log
  spec = self.interp_func(np.log(angle))
/lcrc/project/SPT3G/users/ac.yomori/repo/cosmosis-standard-library/shear/cl_to_xi_fullsky/cl_to_xi.py:41: RuntimeWarning: divide by zero encountered in log
  spec = self.interp_func(np.log(angle))
/lcrc/project/SPT3G/users/ac.yomori/repo/cosmosis-standard-library/shear/cl_to_xi_fullsky/cl_to_xi.py:41: RuntimeWarning: divide by zero encountered in log
  spec = self.interp_func(np.log(angle))
/lcrc/project/SPT3G/users/ac.yomori/repo/cosmosis-standard-library/shear/cl_to_xi_fullsky/cl_to_xi.py:41: RuntimeWarning: divide by zero encountered in log
  spec = self.interp_func(np.log(angle))
/lcrc/project/SPT3G/users/ac.yomori/repo/cosmosis-standard-library/structure/projection/projection_tools/kernel.py:35: UserWarning: Some of your n(z) or other kernels are negative.
  warnings.warn("Some of your n(z) or other kernels are negative.")
/lcrc/project/SPT3G/users/ac.yomori/repo/cosmosis-standard-library/shear/cl_to_xi_fullsky/cl_to_xi.py:36: RuntimeWarning: divide by zero encountered in log
  spec = np.exp(self.interp_func(np.log(angle)))
/lcrc/project/SPT3G/users/ac.yomori/repo/cosmosis-standard-library/structure/projection/projection_tools/kernel.py:35: UserWarning: Some of your n(z) or other kernels are negative.
  warnings.warn("Some of your n(z) or other kernels are negative.")
/lcrc/project/SPT3G/users/ac.yomori/repo/cosmosis-standard-library/shear/cl_to_xi_fullsky/cl_to_xi.py:36: RuntimeWarning: divide by zero encountered in log
  spec = np.exp(self.interp_func(np.log(angle)))
/lcrc/project/SPT3G/users/ac.yomori/repo/cosmosis-standard-library/structure/projection/projection_tools/kernel.py:35: UserWarning: Some of your n(z) or other kernels are negative.
  warnings.warn("Some of your n(z) or other kernels are negative.")
/lcrc/project/SPT3G/users/ac.yomori/repo/cosmosis-standard-library/shear/cl_to_xi_fullsky/cl_to_xi.py:41: RuntimeWarning: divide by zero encountered in log
  spec = self.interp_func(np.log(angle))
/lcrc/project/SPT3G/users/ac.yomori/repo/cosmosis-standard-library/structure/projection/projection_tools/kernel.py:35: UserWarning: Some of your n(z) or other kernels are negative.
  warnings.warn("Some of your n(z) or other kernels are negative.")
/lcrc/project/SPT3G/users/ac.yomori/repo/cosmosis-standard-library/structure/projection/projection_tools/kernel.py:35: UserWarning: Some of your n(z) or other kernels are negative.
  warnings.warn("Some of your n(z) or other kernels are negative.")
/lcrc/project/SPT3G/users/ac.yomori/repo/cosmosis-standard-library/structure/projection/projection_tools/kernel.py:35: UserWarning: Some of your n(z) or other kernels are negative.
  warnings.warn("Some of your n(z) or other kernels are negative.")
/lcrc/project/SPT3G/users/ac.yomori/repo/cosmosis-standard-library/shear/cl_to_xi_fullsky/cl_to_xi.py:41: RuntimeWarning: divide by zero encountered in log
  spec = self.interp_func(np.log(angle))
/lcrc/project/SPT3G/users/ac.yomori/repo/cosmosis-standard-library/shear/cl_to_xi_fullsky/cl_to_xi.py:36: RuntimeWarning: divide by zero encountered in log
  spec = np.exp(self.interp_func(np.log(angle)))
/lcrc/project/SPT3G/users/ac.yomori/repo/cosmosis-standard-library/shear/cl_to_xi_fullsky/cl_to_xi.py:36: RuntimeWarning: divide by zero encountered in log
  spec = np.exp(self.interp_func(np.log(angle)))
/lcrc/project/SPT3G/users/ac.yomori/repo/cosmosis-standard-library/structure/projection/projection_tools/kernel.py:35: UserWarning: Some of your n(z) or other kernels are negative.
  warnings.warn("Some of your n(z) or other kernels are negative.")
/lcrc/project/SPT3G/users/ac.yomori/repo/cosmosis-standard-library/structure/projection/projection_tools/kernel.py:35: UserWarning: Some of your n(z) or other kernels are negative.
  warnings.warn("Some of your n(z) or other kernels are negative.")
/lcrc/project/SPT3G/users/ac.yomori/repo/cosmosis-standard-library/shear/cl_to_xi_fullsky/cl_to_xi.py:36: RuntimeWarning: divide by zero encountered in log
  spec = np.exp(self.interp_func(np.log(angle)))
/lcrc/project/SPT3G/users/ac.yomori/repo/cosmosis-standard-library/shear/cl_to_xi_fullsky/cl_to_xi.py:36: RuntimeWarning: divide by zero encountered in log
  spec = np.exp(self.interp_func(np.log(angle)))
/lcrc/project/SPT3G/users/ac.yomori/repo/cosmosis-standard-library/structure/projection/projection_tools/kernel.py:35: UserWarning: Some of your n(z) or other kernels are negative.
  warnings.warn("Some of your n(z) or other kernels are negative.")
/lcrc/project/SPT3G/users/ac.yomori/repo/cosmosis-standard-library/structure/projection/projection_tools/kernel.py:35: UserWarning: Some of your n(z) or other kernels are negative.
  warnings.warn("Some of your n(z) or other kernels are negative.")
/lcrc/project/SPT3G/users/ac.yomori/repo/cosmosis-standard-library/shear/cl_to_xi_fullsky/cl_to_xi.py:41: RuntimeWarning: divide by zero encountered in log
  spec = self.interp_func(np.log(angle))
/lcrc/project/SPT3G/users/ac.yomori/repo/cosmosis-standard-library/shear/cl_to_xi_fullsky/cl_to_xi.py:36: RuntimeWarning: divide by zero encountered in log
  spec = np.exp(self.interp_func(np.log(angle)))
/lcrc/project/SPT3G/users/ac.yomori/repo/cosmosis-standard-library/shear/cl_to_xi_fullsky/cl_to_xi.py:41: RuntimeWarning: divide by zero encountered in log
  spec = self.interp_func(np.log(angle))
/lcrc/project/SPT3G/users/ac.yomori/repo/cosmosis-standard-library/shear/cl_to_xi_fullsky/cl_to_xi.py:36: RuntimeWarning: divide by zero encountered in log
  spec = np.exp(self.interp_func(np.log(angle)))
/lcrc/project/SPT3G/users/ac.yomori/repo/cosmosis-standard-library/structure/projection/projection_tools/kernel.py:35: UserWarning: Some of your n(z) or other kernels are negative.
  warnings.warn("Some of your n(z) or other kernels are negative.")
/lcrc/project/SPT3G/users/ac.yomori/repo/cosmosis-standard-library/structure/projection/projection_tools/kernel.py:35: UserWarning: Some of your n(z) or other kernels are negative.
  warnings.warn("Some of your n(z) or other kernels are negative.")
/lcrc/project/SPT3G/users/ac.yomori/repo/cosmosis-standard-library/shear/cl_to_xi_fullsky/cl_to_xi.py:36: RuntimeWarning: divide by zero encountered in log
  spec = np.exp(self.interp_func(np.log(angle)))
/lcrc/project/SPT3G/users/ac.yomori/repo/cosmosis-standard-library/shear/cl_to_xi_fullsky/cl_to_xi.py:36: RuntimeWarning: divide by zero encountered in log
  spec = np.exp(self.interp_func(np.log(angle)))
/lcrc/project/SPT3G/users/ac.yomori/repo/cosmosis-standard-library/shear/cl_to_xi_fullsky/cl_to_xi.py:36: RuntimeWarning: divide by zero encountered in log
  spec = np.exp(self.interp_func(np.log(angle)))
/lcrc/project/SPT3G/users/ac.yomori/repo/cosmosis-standard-library/structure/projection/projection_tools/kernel.py:35: UserWarning: Some of your n(z) or other kernels are negative.
  warnings.warn("Some of your n(z) or other kernels are negative.")
/lcrc/project/SPT3G/users/ac.yomori/repo/cosmosis-standard-library/shear/cl_to_xi_fullsky/cl_to_xi.py:36: RuntimeWarning: divide by zero encountered in log
  spec = np.exp(self.interp_func(np.log(angle)))
/lcrc/project/SPT3G/users/ac.yomori/repo/cosmosis-standard-library/shear/cl_to_xi_fullsky/cl_to_xi.py:41: RuntimeWarning: divide by zero encountered in log
  spec = self.interp_func(np.log(angle))
/lcrc/project/SPT3G/users/ac.yomori/repo/cosmosis-standard-library/shear/cl_to_xi_fullsky/cl_to_xi.py:41: RuntimeWarning: divide by zero encountered in log
  spec = self.interp_func(np.log(angle))
/lcrc/project/SPT3G/users/ac.yomori/repo/cosmosis-standard-library/shear/cl_to_xi_fullsky/cl_to_xi.py:36: RuntimeWarning: divide by zero encountered in log
  spec = np.exp(self.interp_func(np.log(angle)))
/lcrc/project/SPT3G/users/ac.yomori/repo/cosmosis-standard-library/shear/cl_to_xi_fullsky/cl_to_xi.py:41: RuntimeWarning: divide by zero encountered in log
  spec = self.interp_func(np.log(angle))
/lcrc/project/SPT3G/users/ac.yomori/repo/cosmosis-standard-library/shear/cl_to_xi_fullsky/cl_to_xi.py:41: RuntimeWarning: divide by zero encountered in log
  spec = self.interp_func(np.log(angle))
/lcrc/project/SPT3G/users/ac.yomori/repo/cosmosis-standard-library/shear/cl_to_xi_fullsky/cl_to_xi.py:41: RuntimeWarning: divide by zero encountered in log
  spec = self.interp_func(np.log(angle))
/lcrc/project/SPT3G/users/ac.yomori/repo/cosmosis-standard-library/structure/projection/projection_tools/kernel.py:35: UserWarning: Some of your n(z) or other kernels are negative.
  warnings.warn("Some of your n(z) or other kernels are negative.")
/lcrc/project/SPT3G/users/ac.yomori/repo/cosmosis-standard-library/shear/cl_to_xi_fullsky/cl_to_xi.py:41: RuntimeWarning: divide by zero encountered in log
  spec = self.interp_func(np.log(angle))
/lcrc/project/SPT3G/users/ac.yomori/repo/cosmosis-standard-library/structure/projection/projection_tools/kernel.py:35: UserWarning: Some of your n(z) or other kernels are negative.
  warnings.warn("Some of your n(z) or other kernels are negative.")
/lcrc/project/SPT3G/users/ac.yomori/repo/cosmosis-standard-library/structure/projection/projection_tools/kernel.py:35: UserWarning: Some of your n(z) or other kernels are negative.
  warnings.warn("Some of your n(z) or other kernels are negative.")
/lcrc/project/SPT3G/users/ac.yomori/repo/cosmosis-standard-library/shear/cl_to_xi_fullsky/cl_to_xi.py:41: RuntimeWarning: divide by zero encountered in log
  spec = self.interp_func(np.log(angle))
/lcrc/project/SPT3G/users/ac.yomori/repo/cosmosis-standard-library/shear/cl_to_xi_fullsky/cl_to_xi.py:36: RuntimeWarning: divide by zero encountered in log
  spec = np.exp(self.interp_func(np.log(angle)))
/lcrc/project/SPT3G/users/ac.yomori/repo/cosmosis-standard-library/structure/projection/projection_tools/kernel.py:35: UserWarning: Some of your n(z) or other kernels are negative.
  warnings.warn("Some of your n(z) or other kernels are negative.")
/lcrc/project/SPT3G/users/ac.yomori/repo/cosmosis-standard-library/shear/cl_to_xi_fullsky/cl_to_xi.py:41: RuntimeWarning: divide by zero encountered in log
  spec = self.interp_func(np.log(angle))
/lcrc/project/SPT3G/users/ac.yomori/repo/cosmosis-standard-library/shear/cl_to_xi_fullsky/cl_to_xi.py:41: RuntimeWarning: divide by zero encountered in log
  spec = self.interp_func(np.log(angle))
/lcrc/project/SPT3G/users/ac.yomori/repo/cosmosis-standard-library/structure/projection/projection_tools/kernel.py:35: UserWarning: Some of your n(z) or other kernels are negative.
  warnings.warn("Some of your n(z) or other kernels are negative.")
/lcrc/project/SPT3G/users/ac.yomori/repo/cosmosis-standard-library/structure/projection/projection_tools/kernel.py:35: UserWarning: Some of your n(z) or other kernels are negative.
  warnings.warn("Some of your n(z) or other kernels are negative.")
/lcrc/project/SPT3G/users/ac.yomori/repo/cosmosis-standard-library/shear/cl_to_xi_fullsky/cl_to_xi.py:36: RuntimeWarning: divide by zero encountered in log
  spec = np.exp(self.interp_func(np.log(angle)))
/lcrc/project/SPT3G/users/ac.yomori/repo/cosmosis-standard-library/shear/cl_to_xi_fullsky/cl_to_xi.py:41: RuntimeWarning: divide by zero encountered in log
  spec = self.interp_func(np.log(angle))
/lcrc/project/SPT3G/users/ac.yomori/repo/cosmosis-standard-library/shear/cl_to_xi_fullsky/cl_to_xi.py:41: RuntimeWarning: divide by zero encountered in log
  spec = self.interp_func(np.log(angle))
/lcrc/project/SPT3G/users/ac.yomori/repo/cosmosis-standard-library/structure/projection/projection_tools/kernel.py:35: UserWarning: Some of your n(z) or other kernels are negative.
  warnings.warn("Some of your n(z) or other kernels are negative.")
/lcrc/project/SPT3G/users/ac.yomori/repo/cosmosis-standard-library/structure/projection/projection_tools/kernel.py:35: UserWarning: Some of your n(z) or other kernels are negative.
  warnings.warn("Some of your n(z) or other kernels are negative.")
/lcrc/project/SPT3G/users/ac.yomori/repo/cosmosis-standard-library/structure/projection/projection_tools/kernel.py:35: UserWarning: Some of your n(z) or other kernels are negative.
  warnings.warn("Some of your n(z) or other kernels are negative.")
/lcrc/project/SPT3G/users/ac.yomori/repo/cosmosis-standard-library/structure/projection/projection_tools/kernel.py:35: UserWarning: Some of your n(z) or other kernels are negative.
  warnings.warn("Some of your n(z) or other kernels are negative.")
/lcrc/project/SPT3G/users/ac.yomori/repo/cosmosis-standard-library/structure/projection/projection_tools/kernel.py:35: UserWarning: Some of your n(z) or other kernels are negative.
  warnings.warn("Some of your n(z) or other kernels are negative.")
/lcrc/project/SPT3G/users/ac.yomori/repo/cosmosis-standard-library/structure/projection/projection_tools/kernel.py:35: UserWarning: Some of your n(z) or other kernels are negative.
  warnings.warn("Some of your n(z) or other kernels are negative.")
/lcrc/project/SPT3G/users/ac.yomori/repo/cosmosis-standard-library/shear/cl_to_xi_fullsky/cl_to_xi.py:41: RuntimeWarning: divide by zero encountered in log
  spec = self.interp_func(np.log(angle))
/lcrc/project/SPT3G/users/ac.yomori/repo/cosmosis-standard-library/structure/projection/projection_tools/kernel.py:35: UserWarning: Some of your n(z) or other kernels are negative.
  warnings.warn("Some of your n(z) or other kernels are negative.")
/lcrc/project/SPT3G/users/ac.yomori/repo/cosmosis-standard-library/shear/cl_to_xi_fullsky/cl_to_xi.py:36: RuntimeWarning: divide by zero encountered in log
  spec = np.exp(self.interp_func(np.log(angle)))
/lcrc/project/SPT3G/users/ac.yomori/repo/cosmosis-standard-library/shear/cl_to_xi_fullsky/cl_to_xi.py:36: RuntimeWarning: divide by zero encountered in log
  spec = np.exp(self.interp_func(np.log(angle)))
/lcrc/project/SPT3G/users/ac.yomori/repo/cosmosis-standard-library/structure/projection/projection_tools/kernel.py:35: UserWarning: Some of your n(z) or other kernels are negative.
  warnings.warn("Some of your n(z) or other kernels are negative.")
/lcrc/project/SPT3G/users/ac.yomori/repo/cosmosis-standard-library/structure/projection/projection_tools/kernel.py:35: UserWarning: Some of your n(z) or other kernels are negative.
  warnings.warn("Some of your n(z) or other kernels are negative.")
/lcrc/project/SPT3G/users/ac.yomori/repo/cosmosis-standard-library/shear/cl_to_xi_fullsky/cl_to_xi.py:36: RuntimeWarning: divide by zero encountered in log
  spec = np.exp(self.interp_func(np.log(angle)))
/lcrc/project/SPT3G/users/ac.yomori/repo/cosmosis-standard-library/shear/cl_to_xi_fullsky/cl_to_xi.py:41: RuntimeWarning: divide by zero encountered in log
  spec = self.interp_func(np.log(angle))
/lcrc/project/SPT3G/users/ac.yomori/repo/cosmosis-standard-library/shear/cl_to_xi_fullsky/cl_to_xi.py:36: RuntimeWarning: divide by zero encountered in log
  spec = np.exp(self.interp_func(np.log(angle)))
/lcrc/project/SPT3G/users/ac.yomori/repo/cosmosis-standard-library/structure/projection/projection_tools/kernel.py:35: UserWarning: Some of your n(z) or other kernels are negative.
  warnings.warn("Some of your n(z) or other kernels are negative.")
/lcrc/project/SPT3G/users/ac.yomori/repo/cosmosis-standard-library/structure/projection/projection_tools/kernel.py:35: UserWarning: Some of your n(z) or other kernels are negative.
  warnings.warn("Some of your n(z) or other kernels are negative.")
/lcrc/project/SPT3G/users/ac.yomori/repo/cosmosis-standard-library/shear/cl_to_xi_fullsky/cl_to_xi.py:36: RuntimeWarning: divide by zero encountered in log
  spec = np.exp(self.interp_func(np.log(angle)))
/lcrc/project/SPT3G/users/ac.yomori/repo/cosmosis-standard-library/shear/cl_to_xi_fullsky/cl_to_xi.py:36: RuntimeWarning: divide by zero encountered in log
  spec = np.exp(self.interp_func(np.log(angle)))
/lcrc/project/SPT3G/users/ac.yomori/repo/cosmosis-standard-library/structure/projection/projection_tools/kernel.py:35: UserWarning: Some of your n(z) or other kernels are negative.
  warnings.warn("Some of your n(z) or other kernels are negative.")
/lcrc/project/SPT3G/users/ac.yomori/repo/cosmosis-standard-library/structure/projection/projection_tools/kernel.py:35: UserWarning: Some of your n(z) or other kernels are negative.
  warnings.warn("Some of your n(z) or other kernels are negative.")
/lcrc/project/SPT3G/users/ac.yomori/repo/cosmosis-standard-library/shear/cl_to_xi_fullsky/cl_to_xi.py:41: RuntimeWarning: divide by zero encountered in log
  spec = self.interp_func(np.log(angle))
/lcrc/project/SPT3G/users/ac.yomori/repo/cosmosis-standard-library/shear/cl_to_xi_fullsky/cl_to_xi.py:41: RuntimeWarning: divide by zero encountered in log
  spec = self.interp_func(np.log(angle))
/lcrc/project/SPT3G/users/ac.yomori/repo/cosmosis-standard-library/shear/cl_to_xi_fullsky/cl_to_xi.py:36: RuntimeWarning: divide by zero encountered in log
  spec = np.exp(self.interp_func(np.log(angle)))
/lcrc/project/SPT3G/users/ac.yomori/repo/cosmosis-standard-library/shear/cl_to_xi_fullsky/cl_to_xi.py:36: RuntimeWarning: divide by zero encountered in log
  spec = np.exp(self.interp_func(np.log(angle)))
/lcrc/project/SPT3G/users/ac.yomori/repo/cosmosis-standard-library/shear/cl_to_xi_fullsky/cl_to_xi.py:41: RuntimeWarning: divide by zero encountered in log
  spec = self.interp_func(np.log(angle))
/lcrc/project/SPT3G/users/ac.yomori/repo/cosmosis-standard-library/shear/cl_to_xi_fullsky/cl_to_xi.py:36: RuntimeWarning: divide by zero encountered in log
  spec = np.exp(self.interp_func(np.log(angle)))
/lcrc/project/SPT3G/users/ac.yomori/repo/cosmosis-standard-library/structure/projection/projection_tools/kernel.py:35: UserWarning: Some of your n(z) or other kernels are negative.
  warnings.warn("Some of your n(z) or other kernels are negative.")
/lcrc/project/SPT3G/users/ac.yomori/repo/cosmosis-standard-library/shear/cl_to_xi_fullsky/cl_to_xi.py:41: RuntimeWarning: divide by zero encountered in log
  spec = self.interp_func(np.log(angle))
/lcrc/project/SPT3G/users/ac.yomori/repo/cosmosis-standard-library/shear/cl_to_xi_fullsky/cl_to_xi.py:41: RuntimeWarning: divide by zero encountered in log
  spec = self.interp_func(np.log(angle))
/lcrc/project/SPT3G/users/ac.yomori/repo/cosmosis-standard-library/shear/cl_to_xi_fullsky/cl_to_xi.py:36: RuntimeWarning: divide by zero encountered in log
  spec = np.exp(self.interp_func(np.log(angle)))
/lcrc/project/SPT3G/users/ac.yomori/repo/cosmosis-standard-library/shear/cl_to_xi_fullsky/cl_to_xi.py:41: RuntimeWarning: divide by zero encountered in log
  spec = self.interp_func(np.log(angle))
/lcrc/project/SPT3G/users/ac.yomori/repo/cosmosis-standard-library/structure/projection/projection_tools/kernel.py:35: UserWarning: Some of your n(z) or other kernels are negative.
  warnings.warn("Some of your n(z) or other kernels are negative.")
/lcrc/project/SPT3G/users/ac.yomori/repo/cosmosis-standard-library/shear/cl_to_xi_fullsky/cl_to_xi.py:36: RuntimeWarning: divide by zero encountered in log
  spec = np.exp(self.interp_func(np.log(angle)))
/lcrc/project/SPT3G/users/ac.yomori/repo/cosmosis-standard-library/structure/projection/projection_tools/kernel.py:35: UserWarning: Some of your n(z) or other kernels are negative.
  warnings.warn("Some of your n(z) or other kernels are negative.")
/lcrc/project/SPT3G/users/ac.yomori/repo/cosmosis-standard-library/structure/projection/projection_tools/kernel.py:35: UserWarning: Some of your n(z) or other kernels are negative.
  warnings.warn("Some of your n(z) or other kernels are negative.")
/lcrc/project/SPT3G/users/ac.yomori/repo/cosmosis-standard-library/shear/cl_to_xi_fullsky/cl_to_xi.py:36: RuntimeWarning: divide by zero encountered in log
  spec = np.exp(self.interp_func(np.log(angle)))
/lcrc/project/SPT3G/users/ac.yomori/repo/cosmosis-standard-library/shear/cl_to_xi_fullsky/cl_to_xi.py:41: RuntimeWarning: divide by zero encountered in log
  spec = self.interp_func(np.log(angle))
/lcrc/project/SPT3G/users/ac.yomori/repo/cosmosis-standard-library/structure/projection/projection_tools/kernel.py:35: UserWarning: Some of your n(z) or other kernels are negative.
  warnings.warn("Some of your n(z) or other kernels are negative.")
/lcrc/project/SPT3G/users/ac.yomori/repo/cosmosis-standard-library/shear/cl_to_xi_fullsky/cl_to_xi.py:41: RuntimeWarning: divide by zero encountered in log
  spec = self.interp_func(np.log(angle))
/lcrc/project/SPT3G/users/ac.yomori/repo/cosmosis-standard-library/shear/cl_to_xi_fullsky/cl_to_xi.py:36: RuntimeWarning: divide by zero encountered in log
  spec = np.exp(self.interp_func(np.log(angle)))
/lcrc/project/SPT3G/users/ac.yomori/repo/cosmosis-standard-library/structure/projection/projection_tools/kernel.py:35: UserWarning: Some of your n(z) or other kernels are negative.
  warnings.warn("Some of your n(z) or other kernels are negative.")
/lcrc/project/SPT3G/users/ac.yomori/repo/cosmosis-standard-library/structure/projection/projection_tools/kernel.py:35: UserWarning: Some of your n(z) or other kernels are negative.
  warnings.warn("Some of your n(z) or other kernels are negative.")
/lcrc/project/SPT3G/users/ac.yomori/repo/cosmosis-standard-library/shear/cl_to_xi_fullsky/cl_to_xi.py:36: RuntimeWarning: divide by zero encountered in log
  spec = np.exp(self.interp_func(np.log(angle)))
/lcrc/project/SPT3G/users/ac.yomori/repo/cosmosis-standard-library/shear/cl_to_xi_fullsky/cl_to_xi.py:36: RuntimeWarning: divide by zero encountered in log
  spec = np.exp(self.interp_func(np.log(angle)))
/lcrc/project/SPT3G/users/ac.yomori/repo/cosmosis-standard-library/shear/cl_to_xi_fullsky/cl_to_xi.py:41: RuntimeWarning: divide by zero encountered in log
  spec = self.interp_func(np.log(angle))
/lcrc/project/SPT3G/users/ac.yomori/repo/cosmosis-standard-library/structure/projection/projection_tools/kernel.py:35: UserWarning: Some of your n(z) or other kernels are negative.
  warnings.warn("Some of your n(z) or other kernels are negative.")
/lcrc/project/SPT3G/users/ac.yomori/repo/cosmosis-standard-library/shear/cl_to_xi_fullsky/cl_to_xi.py:36: RuntimeWarning: divide by zero encountered in log
  spec = np.exp(self.interp_func(np.log(angle)))
/lcrc/project/SPT3G/users/ac.yomori/repo/cosmosis-standard-library/shear/cl_to_xi_fullsky/cl_to_xi.py:41: RuntimeWarning: divide by zero encountered in log
  spec = self.interp_func(np.log(angle))
/lcrc/project/SPT3G/users/ac.yomori/repo/cosmosis-standard-library/shear/cl_to_xi_fullsky/cl_to_xi.py:41: RuntimeWarning: divide by zero encountered in log
  spec = self.interp_func(np.log(angle))
/lcrc/project/SPT3G/users/ac.yomori/repo/cosmosis-standard-library/shear/cl_to_xi_fullsky/cl_to_xi.py:36: RuntimeWarning: divide by zero encountered in log
  spec = np.exp(self.interp_func(np.log(angle)))
/lcrc/project/SPT3G/users/ac.yomori/repo/cosmosis-standard-library/shear/cl_to_xi_fullsky/cl_to_xi.py:36: RuntimeWarning: divide by zero encountered in log
  spec = np.exp(self.interp_func(np.log(angle)))
/lcrc/project/SPT3G/users/ac.yomori/repo/cosmosis-standard-library/shear/cl_to_xi_fullsky/cl_to_xi.py:41: RuntimeWarning: divide by zero encountered in log
  spec = self.interp_func(np.log(angle))
/lcrc/project/SPT3G/users/ac.yomori/repo/cosmosis-standard-library/shear/cl_to_xi_fullsky/cl_to_xi.py:36: RuntimeWarning: divide by zero encountered in log
  spec = np.exp(self.interp_func(np.log(angle)))
/lcrc/project/SPT3G/users/ac.yomori/repo/cosmosis-standard-library/structure/projection/projection_tools/kernel.py:35: UserWarning: Some of your n(z) or other kernels are negative.
  warnings.warn("Some of your n(z) or other kernels are negative.")
/lcrc/project/SPT3G/users/ac.yomori/repo/cosmosis-standard-library/structure/projection/projection_tools/kernel.py:35: UserWarning: Some of your n(z) or other kernels are negative.
  warnings.warn("Some of your n(z) or other kernels are negative.")
/lcrc/project/SPT3G/users/ac.yomori/repo/cosmosis-standard-library/structure/projection/projection_tools/kernel.py:35: UserWarning: Some of your n(z) or other kernels are negative.
  warnings.warn("Some of your n(z) or other kernels are negative.")
/lcrc/project/SPT3G/users/ac.yomori/repo/cosmosis-standard-library/structure/projection/projection_tools/kernel.py:35: UserWarning: Some of your n(z) or other kernels are negative.
  warnings.warn("Some of your n(z) or other kernels are negative.")
/lcrc/project/SPT3G/users/ac.yomori/repo/cosmosis-standard-library/structure/projection/projection_tools/kernel.py:35: UserWarning: Some of your n(z) or other kernels are negative.
  warnings.warn("Some of your n(z) or other kernels are negative.")
/lcrc/project/SPT3G/users/ac.yomori/repo/cosmosis-standard-library/shear/cl_to_xi_fullsky/cl_to_xi.py:36: RuntimeWarning: divide by zero encountered in log
  spec = np.exp(self.interp_func(np.log(angle)))
/lcrc/project/SPT3G/users/ac.yomori/repo/cosmosis-standard-library/shear/cl_to_xi_fullsky/cl_to_xi.py:41: RuntimeWarning: divide by zero encountered in log
  spec = self.interp_func(np.log(angle))
/lcrc/project/SPT3G/users/ac.yomori/repo/cosmosis-standard-library/shear/cl_to_xi_fullsky/cl_to_xi.py:41: RuntimeWarning: divide by zero encountered in log
  spec = self.interp_func(np.log(angle))
/lcrc/project/SPT3G/users/ac.yomori/repo/cosmosis-standard-library/shear/cl_to_xi_fullsky/cl_to_xi.py:41: RuntimeWarning: divide by zero encountered in log
  spec = self.interp_func(np.log(angle))
/lcrc/project/SPT3G/users/ac.yomori/repo/cosmosis-standard-library/shear/cl_to_xi_fullsky/cl_to_xi.py:36: RuntimeWarning: divide by zero encountered in log
  spec = np.exp(self.interp_func(np.log(angle)))
/lcrc/project/SPT3G/users/ac.yomori/repo/cosmosis-standard-library/shear/cl_to_xi_fullsky/cl_to_xi.py:36: RuntimeWarning: divide by zero encountered in log
  spec = np.exp(self.interp_func(np.log(angle)))
/lcrc/project/SPT3G/users/ac.yomori/repo/cosmosis-standard-library/shear/cl_to_xi_fullsky/cl_to_xi.py:36: RuntimeWarning: divide by zero encountered in log
  spec = np.exp(self.interp_func(np.log(angle)))
/lcrc/project/SPT3G/users/ac.yomori/repo/cosmosis-standard-library/shear/cl_to_xi_fullsky/cl_to_xi.py:41: RuntimeWarning: divide by zero encountered in log
  spec = self.interp_func(np.log(angle))
/lcrc/project/SPT3G/users/ac.yomori/repo/cosmosis-standard-library/shear/cl_to_xi_fullsky/cl_to_xi.py:36: RuntimeWarning: divide by zero encountered in log
  spec = np.exp(self.interp_func(np.log(angle)))
/lcrc/project/SPT3G/users/ac.yomori/repo/cosmosis-standard-library/shear/cl_to_xi_fullsky/cl_to_xi.py:36: RuntimeWarning: divide by zero encountered in log
  spec = np.exp(self.interp_func(np.log(angle)))
/lcrc/project/SPT3G/users/ac.yomori/repo/cosmosis-standard-library/shear/cl_to_xi_fullsky/cl_to_xi.py:41: RuntimeWarning: divide by zero encountered in log
  spec = self.interp_func(np.log(angle))
/lcrc/project/SPT3G/users/ac.yomori/repo/cosmosis-standard-library/structure/projection/projection_tools/kernel.py:35: UserWarning: Some of your n(z) or other kernels are negative.
  warnings.warn("Some of your n(z) or other kernels are negative.")
/lcrc/project/SPT3G/users/ac.yomori/repo/cosmosis-standard-library/shear/cl_to_xi_fullsky/cl_to_xi.py:36: RuntimeWarning: divide by zero encountered in log
  spec = np.exp(self.interp_func(np.log(angle)))
/lcrc/project/SPT3G/users/ac.yomori/repo/cosmosis-standard-library/structure/projection/projection_tools/kernel.py:35: UserWarning: Some of your n(z) or other kernels are negative.
  warnings.warn("Some of your n(z) or other kernels are negative.")
/lcrc/project/SPT3G/users/ac.yomori/repo/cosmosis-standard-library/shear/cl_to_xi_fullsky/cl_to_xi.py:36: RuntimeWarning: divide by zero encountered in log
  spec = np.exp(self.interp_func(np.log(angle)))
/lcrc/project/SPT3G/users/ac.yomori/repo/cosmosis-standard-library/shear/cl_to_xi_fullsky/cl_to_xi.py:36: RuntimeWarning: divide by zero encountered in log
  spec = np.exp(self.interp_func(np.log(angle)))
/lcrc/project/SPT3G/users/ac.yomori/repo/cosmosis-standard-library/shear/cl_to_xi_fullsky/cl_to_xi.py:41: RuntimeWarning: divide by zero encountered in log
  spec = self.interp_func(np.log(angle))
/lcrc/project/SPT3G/users/ac.yomori/repo/cosmosis-standard-library/shear/cl_to_xi_fullsky/cl_to_xi.py:41: RuntimeWarning: divide by zero encountered in log
  spec = self.interp_func(np.log(angle))
/lcrc/project/SPT3G/users/ac.yomori/repo/cosmosis-standard-library/shear/cl_to_xi_fullsky/cl_to_xi.py:36: RuntimeWarning: divide by zero encountered in log
  spec = np.exp(self.interp_func(np.log(angle)))
/lcrc/project/SPT3G/users/ac.yomori/repo/cosmosis-standard-library/shear/cl_to_xi_fullsky/cl_to_xi.py:36: RuntimeWarning: divide by zero encountered in log
  spec = np.exp(self.interp_func(np.log(angle)))
/lcrc/project/SPT3G/users/ac.yomori/repo/cosmosis-standard-library/shear/cl_to_xi_fullsky/cl_to_xi.py:36: RuntimeWarning: divide by zero encountered in log
  spec = np.exp(self.interp_func(np.log(angle)))
/lcrc/project/SPT3G/users/ac.yomori/repo/cosmosis-standard-library/shear/cl_to_xi_fullsky/cl_to_xi.py:41: RuntimeWarning: divide by zero encountered in log
  spec = self.interp_func(np.log(angle))
/lcrc/project/SPT3G/users/ac.yomori/repo/cosmosis-standard-library/shear/cl_to_xi_fullsky/cl_to_xi.py:41: RuntimeWarning: divide by zero encountered in log
  spec = self.interp_func(np.log(angle))
/lcrc/project/SPT3G/users/ac.yomori/repo/cosmosis-standard-library/shear/cl_to_xi_fullsky/cl_to_xi.py:41: RuntimeWarning: divide by zero encountered in log
  spec = self.interp_func(np.log(angle))
/lcrc/project/SPT3G/users/ac.yomori/repo/cosmosis-standard-library/shear/cl_to_xi_fullsky/cl_to_xi.py:41: RuntimeWarning: divide by zero encountered in log
  spec = self.interp_func(np.log(angle))
/lcrc/project/SPT3G/users/ac.yomori/repo/cosmosis-standard-library/shear/cl_to_xi_fullsky/cl_to_xi.py:36: RuntimeWarning: divide by zero encountered in log
  spec = np.exp(self.interp_func(np.log(angle)))
/lcrc/project/SPT3G/users/ac.yomori/repo/cosmosis-standard-library/shear/cl_to_xi_fullsky/cl_to_xi.py:41: RuntimeWarning: divide by zero encountered in log
  spec = self.interp_func(np.log(angle))
/lcrc/project/SPT3G/users/ac.yomori/repo/cosmosis-standard-library/shear/cl_to_xi_fullsky/cl_to_xi.py:41: RuntimeWarning: divide by zero encountered in log
  spec = self.interp_func(np.log(angle))
/lcrc/project/SPT3G/users/ac.yomori/repo/cosmosis-standard-library/shear/cl_to_xi_fullsky/cl_to_xi.py:41: RuntimeWarning: divide by zero encountered in log
  spec = self.interp_func(np.log(angle))
/lcrc/project/SPT3G/users/ac.yomori/repo/cosmosis-standard-library/shear/cl_to_xi_fullsky/cl_to_xi.py:41: RuntimeWarning: divide by zero encountered in log
  spec = self.interp_func(np.log(angle))
/lcrc/project/SPT3G/users/ac.yomori/repo/cosmosis-standard-library/structure/projection/projection_tools/kernel.py:35: UserWarning: Some of your n(z) or other kernels are negative.
  warnings.warn("Some of your n(z) or other kernels are negative.")
/lcrc/project/SPT3G/users/ac.yomori/repo/cosmosis-standard-library/shear/cl_to_xi_fullsky/cl_to_xi.py:36: RuntimeWarning: divide by zero encountered in log
  spec = np.exp(self.interp_func(np.log(angle)))
/lcrc/project/SPT3G/users/ac.yomori/repo/cosmosis-standard-library/shear/cl_to_xi_fullsky/cl_to_xi.py:41: RuntimeWarning: divide by zero encountered in log
  spec = self.interp_func(np.log(angle))
/lcrc/project/SPT3G/users/ac.yomori/repo/cosmosis-standard-library/shear/cl_to_xi_fullsky/cl_to_xi.py:41: RuntimeWarning: divide by zero encountered in log
  spec = self.interp_func(np.log(angle))
/lcrc/project/SPT3G/users/ac.yomori/repo/cosmosis-standard-library/structure/projection/projection_tools/kernel.py:35: UserWarning: Some of your n(z) or other kernels are negative.
  warnings.warn("Some of your n(z) or other kernels are negative.")
/lcrc/project/SPT3G/users/ac.yomori/repo/cosmosis-standard-library/structure/projection/projection_tools/kernel.py:35: UserWarning: Some of your n(z) or other kernels are negative.
  warnings.warn("Some of your n(z) or other kernels are negative.")
/lcrc/project/SPT3G/users/ac.yomori/repo/cosmosis-standard-library/structure/projection/projection_tools/kernel.py:35: UserWarning: Some of your n(z) or other kernels are negative.
  warnings.warn("Some of your n(z) or other kernels are negative.")
/lcrc/project/SPT3G/users/ac.yomori/repo/cosmosis-standard-library/structure/projection/projection_tools/kernel.py:35: UserWarning: Some of your n(z) or other kernels are negative.
  warnings.warn("Some of your n(z) or other kernels are negative.")
/lcrc/project/SPT3G/users/ac.yomori/repo/cosmosis-standard-library/shear/cl_to_xi_fullsky/cl_to_xi.py:41: RuntimeWarning: divide by zero encountered in log
  spec = self.interp_func(np.log(angle))
/lcrc/project/SPT3G/users/ac.yomori/repo/cosmosis-standard-library/shear/cl_to_xi_fullsky/cl_to_xi.py:36: RuntimeWarning: divide by zero encountered in log
  spec = np.exp(self.interp_func(np.log(angle)))
/lcrc/project/SPT3G/users/ac.yomori/repo/cosmosis-standard-library/shear/cl_to_xi_fullsky/cl_to_xi.py:36: RuntimeWarning: divide by zero encountered in log
  spec = np.exp(self.interp_func(np.log(angle)))
/lcrc/project/SPT3G/users/ac.yomori/repo/cosmosis-standard-library/structure/projection/projection_tools/kernel.py:35: UserWarning: Some of your n(z) or other kernels are negative.
  warnings.warn("Some of your n(z) or other kernels are negative.")
/lcrc/project/SPT3G/users/ac.yomori/repo/cosmosis-standard-library/structure/projection/projection_tools/kernel.py:35: UserWarning: Some of your n(z) or other kernels are negative.
  warnings.warn("Some of your n(z) or other kernels are negative.")
/lcrc/project/SPT3G/users/ac.yomori/repo/cosmosis-standard-library/shear/cl_to_xi_fullsky/cl_to_xi.py:36: RuntimeWarning: divide by zero encountered in log
  spec = np.exp(self.interp_func(np.log(angle)))
/lcrc/project/SPT3G/users/ac.yomori/repo/cosmosis-standard-library/shear/cl_to_xi_fullsky/cl_to_xi.py:36: RuntimeWarning: divide by zero encountered in log
  spec = np.exp(self.interp_func(np.log(angle)))
/lcrc/project/SPT3G/users/ac.yomori/repo/cosmosis-standard-library/shear/cl_to_xi_fullsky/cl_to_xi.py:41: RuntimeWarning: divide by zero encountered in log
  spec = self.interp_func(np.log(angle))
/lcrc/project/SPT3G/users/ac.yomori/repo/cosmosis-standard-library/structure/projection/projection_tools/kernel.py:35: UserWarning: Some of your n(z) or other kernels are negative.
  warnings.warn("Some of your n(z) or other kernels are negative.")
/lcrc/project/SPT3G/users/ac.yomori/repo/cosmosis-standard-library/shear/cl_to_xi_fullsky/cl_to_xi.py:41: RuntimeWarning: divide by zero encountered in log
  spec = self.interp_func(np.log(angle))
/lcrc/project/SPT3G/users/ac.yomori/repo/cosmosis-standard-library/shear/cl_to_xi_fullsky/cl_to_xi.py:36: RuntimeWarning: divide by zero encountered in log
  spec = np.exp(self.interp_func(np.log(angle)))
/lcrc/project/SPT3G/users/ac.yomori/repo/cosmosis-standard-library/structure/projection/projection_tools/kernel.py:35: UserWarning: Some of your n(z) or other kernels are negative.
  warnings.warn("Some of your n(z) or other kernels are negative.")
/lcrc/project/SPT3G/users/ac.yomori/repo/cosmosis-standard-library/shear/cl_to_xi_fullsky/cl_to_xi.py:36: RuntimeWarning: divide by zero encountered in log
  spec = np.exp(self.interp_func(np.log(angle)))
/lcrc/project/SPT3G/users/ac.yomori/repo/cosmosis-standard-library/shear/cl_to_xi_fullsky/cl_to_xi.py:41: RuntimeWarning: divide by zero encountered in log
  spec = self.interp_func(np.log(angle))
/lcrc/project/SPT3G/users/ac.yomori/repo/cosmosis-standard-library/shear/cl_to_xi_fullsky/cl_to_xi.py:41: RuntimeWarning: divide by zero encountered in log
  spec = self.interp_func(np.log(angle))
/lcrc/project/SPT3G/users/ac.yomori/repo/cosmosis-standard-library/shear/cl_to_xi_fullsky/cl_to_xi.py:36: RuntimeWarning: divide by zero encountered in log
  spec = np.exp(self.interp_func(np.log(angle)))
/lcrc/project/SPT3G/users/ac.yomori/repo/cosmosis-standard-library/shear/cl_to_xi_fullsky/cl_to_xi.py:36: RuntimeWarning: divide by zero encountered in log
  spec = np.exp(self.interp_func(np.log(angle)))
/lcrc/project/SPT3G/users/ac.yomori/repo/cosmosis-standard-library/shear/cl_to_xi_fullsky/cl_to_xi.py:41: RuntimeWarning: divide by zero encountered in log
  spec = self.interp_func(np.log(angle))
/lcrc/project/SPT3G/users/ac.yomori/repo/cosmosis-standard-library/shear/cl_to_xi_fullsky/cl_to_xi.py:41: RuntimeWarning: divide by zero encountered in log
  spec = self.interp_func(np.log(angle))
/lcrc/project/SPT3G/users/ac.yomori/repo/cosmosis-standard-library/shear/cl_to_xi_fullsky/cl_to_xi.py:41: RuntimeWarning: divide by zero encountered in log
  spec = self.interp_func(np.log(angle))
/lcrc/project/SPT3G/users/ac.yomori/repo/cosmosis-standard-library/shear/cl_to_xi_fullsky/cl_to_xi.py:36: RuntimeWarning: divide by zero encountered in log
  spec = np.exp(self.interp_func(np.log(angle)))
/lcrc/project/SPT3G/users/ac.yomori/repo/cosmosis-standard-library/shear/cl_to_xi_fullsky/cl_to_xi.py:36: RuntimeWarning: divide by zero encountered in log
  spec = np.exp(self.interp_func(np.log(angle)))
/lcrc/project/SPT3G/users/ac.yomori/repo/cosmosis-standard-library/shear/cl_to_xi_fullsky/cl_to_xi.py:41: RuntimeWarning: divide by zero encountered in log
  spec = self.interp_func(np.log(angle))
/lcrc/project/SPT3G/users/ac.yomori/repo/cosmosis-standard-library/shear/cl_to_xi_fullsky/cl_to_xi.py:36: RuntimeWarning: divide by zero encountered in log
  spec = np.exp(self.interp_func(np.log(angle)))
/lcrc/project/SPT3G/users/ac.yomori/repo/cosmosis-standard-library/shear/cl_to_xi_fullsky/cl_to_xi.py:41: RuntimeWarning: divide by zero encountered in log
  spec = self.interp_func(np.log(angle))
/lcrc/project/SPT3G/users/ac.yomori/repo/cosmosis-standard-library/shear/cl_to_xi_fullsky/cl_to_xi.py:36: RuntimeWarning: divide by zero encountered in log
  spec = np.exp(self.interp_func(np.log(angle)))
/lcrc/project/SPT3G/users/ac.yomori/repo/cosmosis-standard-library/shear/cl_to_xi_fullsky/cl_to_xi.py:36: RuntimeWarning: divide by zero encountered in log
  spec = np.exp(self.interp_func(np.log(angle)))
/lcrc/project/SPT3G/users/ac.yomori/repo/cosmosis-standard-library/structure/projection/projection_tools/kernel.py:35: UserWarning: Some of your n(z) or other kernels are negative.
  warnings.warn("Some of your n(z) or other kernels are negative.")
/lcrc/project/SPT3G/users/ac.yomori/repo/cosmosis-standard-library/shear/cl_to_xi_fullsky/cl_to_xi.py:36: RuntimeWarning: divide by zero encountered in log
  spec = np.exp(self.interp_func(np.log(angle)))
/lcrc/project/SPT3G/users/ac.yomori/repo/cosmosis-standard-library/shear/cl_to_xi_fullsky/cl_to_xi.py:41: RuntimeWarning: divide by zero encountered in log
  spec = self.interp_func(np.log(angle))
/lcrc/project/SPT3G/users/ac.yomori/repo/cosmosis-standard-library/shear/cl_to_xi_fullsky/cl_to_xi.py:41: RuntimeWarning: divide by zero encountered in log
  spec = self.interp_func(np.log(angle))
/lcrc/project/SPT3G/users/ac.yomori/repo/cosmosis-standard-library/shear/cl_to_xi_fullsky/cl_to_xi.py:41: RuntimeWarning: divide by zero encountered in log
  spec = self.interp_func(np.log(angle))
/lcrc/project/SPT3G/users/ac.yomori/repo/cosmosis-standard-library/shear/cl_to_xi_fullsky/cl_to_xi.py:41: RuntimeWarning: divide by zero encountered in log
  spec = self.interp_func(np.log(angle))
/lcrc/project/SPT3G/users/ac.yomori/repo/cosmosis-standard-library/shear/cl_to_xi_fullsky/cl_to_xi.py:41: RuntimeWarning: divide by zero encountered in log
  spec = self.interp_func(np.log(angle))
/lcrc/project/SPT3G/users/ac.yomori/repo/cosmosis-standard-library/shear/cl_to_xi_fullsky/cl_to_xi.py:41: RuntimeWarning: divide by zero encountered in log
  spec = self.interp_func(np.log(angle))
/lcrc/project/SPT3G/users/ac.yomori/repo/cosmosis-standard-library/shear/cl_to_xi_fullsky/cl_to_xi.py:41: RuntimeWarning: divide by zero encountered in log
  spec = self.interp_func(np.log(angle))
/lcrc/project/SPT3G/users/ac.yomori/repo/cosmosis-standard-library/shear/cl_to_xi_fullsky/cl_to_xi.py:41: RuntimeWarning: divide by zero encountered in log
  spec = self.interp_func(np.log(angle))
/lcrc/project/SPT3G/users/ac.yomori/repo/cosmosis-standard-library/structure/projection/projection_tools/kernel.py:35: UserWarning: Some of your n(z) or other kernels are negative.
  warnings.warn("Some of your n(z) or other kernels are negative.")
/lcrc/project/SPT3G/users/ac.yomori/repo/cosmosis-standard-library/structure/projection/projection_tools/kernel.py:35: UserWarning: Some of your n(z) or other kernels are negative.
  warnings.warn("Some of your n(z) or other kernels are negative.")
/lcrc/project/SPT3G/users/ac.yomori/repo/cosmosis-standard-library/shear/cl_to_xi_fullsky/cl_to_xi.py:36: RuntimeWarning: divide by zero encountered in log
  spec = np.exp(self.interp_func(np.log(angle)))
/lcrc/project/SPT3G/users/ac.yomori/repo/cosmosis-standard-library/structure/projection/projection_tools/kernel.py:35: UserWarning: Some of your n(z) or other kernels are negative.
  warnings.warn("Some of your n(z) or other kernels are negative.")
/lcrc/project/SPT3G/users/ac.yomori/repo/cosmosis-standard-library/structure/projection/projection_tools/kernel.py:35: UserWarning: Some of your n(z) or other kernels are negative.
  warnings.warn("Some of your n(z) or other kernels are negative.")
/lcrc/project/SPT3G/users/ac.yomori/repo/cosmosis-standard-library/shear/cl_to_xi_fullsky/cl_to_xi.py:36: RuntimeWarning: divide by zero encountered in log
  spec = np.exp(self.interp_func(np.log(angle)))
/lcrc/project/SPT3G/users/ac.yomori/repo/cosmosis-standard-library/shear/cl_to_xi_fullsky/cl_to_xi.py:36: RuntimeWarning: divide by zero encountered in log
  spec = np.exp(self.interp_func(np.log(angle)))
/lcrc/project/SPT3G/users/ac.yomori/repo/cosmosis-standard-library/shear/cl_to_xi_fullsky/cl_to_xi.py:36: RuntimeWarning: divide by zero encountered in log
  spec = np.exp(self.interp_func(np.log(angle)))
/lcrc/project/SPT3G/users/ac.yomori/repo/cosmosis-standard-library/structure/projection/projection_tools/kernel.py:35: UserWarning: Some of your n(z) or other kernels are negative.
  warnings.warn("Some of your n(z) or other kernels are negative.")
/lcrc/project/SPT3G/users/ac.yomori/repo/cosmosis-standard-library/shear/cl_to_xi_fullsky/cl_to_xi.py:36: RuntimeWarning: divide by zero encountered in log
  spec = np.exp(self.interp_func(np.log(angle)))
/lcrc/project/SPT3G/users/ac.yomori/repo/cosmosis-standard-library/shear/cl_to_xi_fullsky/cl_to_xi.py:36: RuntimeWarning: divide by zero encountered in log
  spec = np.exp(self.interp_func(np.log(angle)))
/lcrc/project/SPT3G/users/ac.yomori/repo/cosmosis-standard-library/structure/projection/projection_tools/kernel.py:35: UserWarning: Some of your n(z) or other kernels are negative.
  warnings.warn("Some of your n(z) or other kernels are negative.")
/lcrc/project/SPT3G/users/ac.yomori/repo/cosmosis-standard-library/shear/cl_to_xi_fullsky/cl_to_xi.py:36: RuntimeWarning: divide by zero encountered in log
  spec = np.exp(self.interp_func(np.log(angle)))
/lcrc/project/SPT3G/users/ac.yomori/repo/cosmosis-standard-library/structure/projection/projection_tools/kernel.py:35: UserWarning: Some of your n(z) or other kernels are negative.
  warnings.warn("Some of your n(z) or other kernels are negative.")
/lcrc/project/SPT3G/users/ac.yomori/repo/cosmosis-standard-library/shear/cl_to_xi_fullsky/cl_to_xi.py:36: RuntimeWarning: divide by zero encountered in log
  spec = np.exp(self.interp_func(np.log(angle)))
/lcrc/project/SPT3G/users/ac.yomori/repo/cosmosis-standard-library/shear/cl_to_xi_fullsky/cl_to_xi.py:36: RuntimeWarning: divide by zero encountered in log
  spec = np.exp(self.interp_func(np.log(angle)))
/lcrc/project/SPT3G/users/ac.yomori/repo/cosmosis-standard-library/structure/projection/projection_tools/kernel.py:35: UserWarning: Some of your n(z) or other kernels are negative.
  warnings.warn("Some of your n(z) or other kernels are negative.")
/lcrc/project/SPT3G/users/ac.yomori/repo/cosmosis-standard-library/shear/cl_to_xi_fullsky/cl_to_xi.py:41: RuntimeWarning: divide by zero encountered in log
  spec = self.interp_func(np.log(angle))
/lcrc/project/SPT3G/users/ac.yomori/repo/cosmosis-standard-library/shear/cl_to_xi_fullsky/cl_to_xi.py:41: RuntimeWarning: divide by zero encountered in log
  spec = self.interp_func(np.log(angle))
/lcrc/project/SPT3G/users/ac.yomori/repo/cosmosis-standard-library/shear/cl_to_xi_fullsky/cl_to_xi.py:36: RuntimeWarning: divide by zero encountered in log
  spec = np.exp(self.interp_func(np.log(angle)))
/lcrc/project/SPT3G/users/ac.yomori/repo/cosmosis-standard-library/structure/projection/projection_tools/kernel.py:35: UserWarning: Some of your n(z) or other kernels are negative.
  warnings.warn("Some of your n(z) or other kernels are negative.")
/lcrc/project/SPT3G/users/ac.yomori/repo/cosmosis-standard-library/structure/projection/projection_tools/kernel.py:35: UserWarning: Some of your n(z) or other kernels are negative.
  warnings.warn("Some of your n(z) or other kernels are negative.")
/lcrc/project/SPT3G/users/ac.yomori/repo/cosmosis-standard-library/shear/cl_to_xi_fullsky/cl_to_xi.py:41: RuntimeWarning: divide by zero encountered in log
  spec = self.interp_func(np.log(angle))
/lcrc/project/SPT3G/users/ac.yomori/repo/cosmosis-standard-library/shear/cl_to_xi_fullsky/cl_to_xi.py:41: RuntimeWarning: divide by zero encountered in log
  spec = self.interp_func(np.log(angle))
/lcrc/project/SPT3G/users/ac.yomori/repo/cosmosis-standard-library/structure/projection/projection_tools/kernel.py:35: UserWarning: Some of your n(z) or other kernels are negative.
  warnings.warn("Some of your n(z) or other kernels are negative.")
/lcrc/project/SPT3G/users/ac.yomori/repo/cosmosis-standard-library/shear/cl_to_xi_fullsky/cl_to_xi.py:41: RuntimeWarning: divide by zero encountered in log
  spec = self.interp_func(np.log(angle))
/lcrc/project/SPT3G/users/ac.yomori/repo/cosmosis-standard-library/shear/cl_to_xi_fullsky/cl_to_xi.py:41: RuntimeWarning: divide by zero encountered in log
  spec = self.interp_func(np.log(angle))
/lcrc/project/SPT3G/users/ac.yomori/repo/cosmosis-standard-library/structure/projection/projection_tools/kernel.py:35: UserWarning: Some of your n(z) or other kernels are negative.
  warnings.warn("Some of your n(z) or other kernels are negative.")
/lcrc/project/SPT3G/users/ac.yomori/repo/cosmosis-standard-library/structure/projection/projection_tools/kernel.py:35: UserWarning: Some of your n(z) or other kernels are negative.
  warnings.warn("Some of your n(z) or other kernels are negative.")
/lcrc/project/SPT3G/users/ac.yomori/repo/cosmosis-standard-library/shear/cl_to_xi_fullsky/cl_to_xi.py:41: RuntimeWarning: divide by zero encountered in log
  spec = self.interp_func(np.log(angle))
/lcrc/project/SPT3G/users/ac.yomori/repo/cosmosis-standard-library/shear/cl_to_xi_fullsky/cl_to_xi.py:41: RuntimeWarning: divide by zero encountered in log
  spec = self.interp_func(np.log(angle))
/lcrc/project/SPT3G/users/ac.yomori/repo/cosmosis-standard-library/shear/cl_to_xi_fullsky/cl_to_xi.py:41: RuntimeWarning: divide by zero encountered in log
  spec = self.interp_func(np.log(angle))
/lcrc/project/SPT3G/users/ac.yomori/repo/cosmosis-standard-library/structure/projection/projection_tools/kernel.py:35: UserWarning: Some of your n(z) or other kernels are negative.
  warnings.warn("Some of your n(z) or other kernels are negative.")
/lcrc/project/SPT3G/users/ac.yomori/repo/cosmosis-standard-library/shear/cl_to_xi_fullsky/cl_to_xi.py:41: RuntimeWarning: divide by zero encountered in log
  spec = self.interp_func(np.log(angle))
/lcrc/project/SPT3G/users/ac.yomori/repo/cosmosis-standard-library/shear/cl_to_xi_fullsky/cl_to_xi.py:36: RuntimeWarning: divide by zero encountered in log
  spec = np.exp(self.interp_func(np.log(angle)))
/lcrc/project/SPT3G/users/ac.yomori/repo/cosmosis-standard-library/structure/projection/projection_tools/kernel.py:35: UserWarning: Some of your n(z) or other kernels are negative.
  warnings.warn("Some of your n(z) or other kernels are negative.")
/lcrc/project/SPT3G/users/ac.yomori/repo/cosmosis-standard-library/shear/cl_to_xi_fullsky/cl_to_xi.py:36: RuntimeWarning: divide by zero encountered in log
  spec = np.exp(self.interp_func(np.log(angle)))
/lcrc/project/SPT3G/users/ac.yomori/repo/cosmosis-standard-library/structure/projection/projection_tools/kernel.py:35: UserWarning: Some of your n(z) or other kernels are negative.
  warnings.warn("Some of your n(z) or other kernels are negative.")
/lcrc/project/SPT3G/users/ac.yomori/repo/cosmosis-standard-library/structure/projection/projection_tools/kernel.py:35: UserWarning: Some of your n(z) or other kernels are negative.
  warnings.warn("Some of your n(z) or other kernels are negative.")
/lcrc/project/SPT3G/users/ac.yomori/repo/cosmosis-standard-library/shear/cl_to_xi_fullsky/cl_to_xi.py:41: RuntimeWarning: divide by zero encountered in log
  spec = self.interp_func(np.log(angle))
/lcrc/project/SPT3G/users/ac.yomori/repo/cosmosis-standard-library/structure/projection/projection_tools/kernel.py:35: UserWarning: Some of your n(z) or other kernels are negative.
  warnings.warn("Some of your n(z) or other kernels are negative.")
/lcrc/project/SPT3G/users/ac.yomori/repo/cosmosis-standard-library/shear/cl_to_xi_fullsky/cl_to_xi.py:36: RuntimeWarning: divide by zero encountered in log
  spec = np.exp(self.interp_func(np.log(angle)))
/lcrc/project/SPT3G/users/ac.yomori/repo/cosmosis-standard-library/shear/cl_to_xi_fullsky/cl_to_xi.py:36: RuntimeWarning: divide by zero encountered in log
  spec = np.exp(self.interp_func(np.log(angle)))
/lcrc/project/SPT3G/users/ac.yomori/repo/cosmosis-standard-library/structure/projection/projection_tools/kernel.py:35: UserWarning: Some of your n(z) or other kernels are negative.
  warnings.warn("Some of your n(z) or other kernels are negative.")
/lcrc/project/SPT3G/users/ac.yomori/repo/cosmosis-standard-library/structure/projection/projection_tools/kernel.py:35: UserWarning: Some of your n(z) or other kernels are negative.
  warnings.warn("Some of your n(z) or other kernels are negative.")
/lcrc/project/SPT3G/users/ac.yomori/repo/cosmosis-standard-library/shear/cl_to_xi_fullsky/cl_to_xi.py:41: RuntimeWarning: divide by zero encountered in log
  spec = self.interp_func(np.log(angle))
/lcrc/project/SPT3G/users/ac.yomori/repo/cosmosis-standard-library/structure/projection/projection_tools/kernel.py:35: UserWarning: Some of your n(z) or other kernels are negative.
  warnings.warn("Some of your n(z) or other kernels are negative.")
/lcrc/project/SPT3G/users/ac.yomori/repo/cosmosis-standard-library/shear/cl_to_xi_fullsky/cl_to_xi.py:36: RuntimeWarning: divide by zero encountered in log
  spec = np.exp(self.interp_func(np.log(angle)))
/lcrc/project/SPT3G/users/ac.yomori/repo/cosmosis-standard-library/shear/cl_to_xi_fullsky/cl_to_xi.py:41: RuntimeWarning: divide by zero encountered in log
  spec = self.interp_func(np.log(angle))
/lcrc/project/SPT3G/users/ac.yomori/repo/cosmosis-standard-library/shear/cl_to_xi_fullsky/cl_to_xi.py:41: RuntimeWarning: divide by zero encountered in log
  spec = self.interp_func(np.log(angle))
/lcrc/project/SPT3G/users/ac.yomori/repo/cosmosis-standard-library/shear/cl_to_xi_fullsky/cl_to_xi.py:36: RuntimeWarning: divide by zero encountered in log
  spec = np.exp(self.interp_func(np.log(angle)))
/lcrc/project/SPT3G/users/ac.yomori/repo/cosmosis-standard-library/shear/cl_to_xi_fullsky/cl_to_xi.py:36: RuntimeWarning: divide by zero encountered in log
  spec = np.exp(self.interp_func(np.log(angle)))
/lcrc/project/SPT3G/users/ac.yomori/repo/cosmosis-standard-library/shear/cl_to_xi_fullsky/cl_to_xi.py:36: RuntimeWarning: divide by zero encountered in log
  spec = np.exp(self.interp_func(np.log(angle)))
/lcrc/project/SPT3G/users/ac.yomori/repo/cosmosis-standard-library/structure/projection/projection_tools/kernel.py:35: UserWarning: Some of your n(z) or other kernels are negative.
  warnings.warn("Some of your n(z) or other kernels are negative.")
/lcrc/project/SPT3G/users/ac.yomori/repo/cosmosis-standard-library/shear/cl_to_xi_fullsky/cl_to_xi.py:36: RuntimeWarning: divide by zero encountered in log
  spec = np.exp(self.interp_func(np.log(angle)))
/lcrc/project/SPT3G/users/ac.yomori/repo/cosmosis-standard-library/structure/projection/projection_tools/kernel.py:35: UserWarning: Some of your n(z) or other kernels are negative.
  warnings.warn("Some of your n(z) or other kernels are negative.")
/lcrc/project/SPT3G/users/ac.yomori/repo/cosmosis-standard-library/shear/cl_to_xi_fullsky/cl_to_xi.py:36: RuntimeWarning: divide by zero encountered in log
  spec = np.exp(self.interp_func(np.log(angle)))
/lcrc/project/SPT3G/users/ac.yomori/repo/cosmosis-standard-library/shear/cl_to_xi_fullsky/cl_to_xi.py:36: RuntimeWarning: divide by zero encountered in log
  spec = np.exp(self.interp_func(np.log(angle)))
/lcrc/project/SPT3G/users/ac.yomori/repo/cosmosis-standard-library/structure/projection/projection_tools/kernel.py:35: UserWarning: Some of your n(z) or other kernels are negative.
  warnings.warn("Some of your n(z) or other kernels are negative.")
/lcrc/project/SPT3G/users/ac.yomori/repo/cosmosis-standard-library/shear/cl_to_xi_fullsky/cl_to_xi.py:36: RuntimeWarning: divide by zero encountered in log
  spec = np.exp(self.interp_func(np.log(angle)))
/lcrc/project/SPT3G/users/ac.yomori/repo/cosmosis-standard-library/shear/cl_to_xi_fullsky/cl_to_xi.py:41: RuntimeWarning: divide by zero encountered in log
  spec = self.interp_func(np.log(angle))
/lcrc/project/SPT3G/users/ac.yomori/repo/cosmosis-standard-library/structure/projection/projection_tools/kernel.py:35: UserWarning: Some of your n(z) or other kernels are negative.
  warnings.warn("Some of your n(z) or other kernels are negative.")
/lcrc/project/SPT3G/users/ac.yomori/repo/cosmosis-standard-library/shear/cl_to_xi_fullsky/cl_to_xi.py:36: RuntimeWarning: divide by zero encountered in log
  spec = np.exp(self.interp_func(np.log(angle)))
/lcrc/project/SPT3G/users/ac.yomori/repo/cosmosis-standard-library/shear/cl_to_xi_fullsky/cl_to_xi.py:41: RuntimeWarning: divide by zero encountered in log
  spec = self.interp_func(np.log(angle))
/lcrc/project/SPT3G/users/ac.yomori/repo/cosmosis-standard-library/shear/cl_to_xi_fullsky/cl_to_xi.py:41: RuntimeWarning: divide by zero encountered in log
  spec = self.interp_func(np.log(angle))
/lcrc/project/SPT3G/users/ac.yomori/repo/cosmosis-standard-library/shear/cl_to_xi_fullsky/cl_to_xi.py:41: RuntimeWarning: divide by zero encountered in log
  spec = self.interp_func(np.log(angle))
/lcrc/project/SPT3G/users/ac.yomori/repo/cosmosis-standard-library/structure/projection/projection_tools/kernel.py:35: UserWarning: Some of your n(z) or other kernels are negative.
  warnings.warn("Some of your n(z) or other kernels are negative.")
/lcrc/project/SPT3G/users/ac.yomori/repo/cosmosis-standard-library/shear/cl_to_xi_fullsky/cl_to_xi.py:36: RuntimeWarning: divide by zero encountered in log
  spec = np.exp(self.interp_func(np.log(angle)))
/lcrc/project/SPT3G/users/ac.yomori/repo/cosmosis-standard-library/structure/projection/projection_tools/kernel.py:35: UserWarning: Some of your n(z) or other kernels are negative.
  warnings.warn("Some of your n(z) or other kernels are negative.")
/lcrc/project/SPT3G/users/ac.yomori/repo/cosmosis-standard-library/shear/cl_to_xi_fullsky/cl_to_xi.py:41: RuntimeWarning: divide by zero encountered in log
  spec = self.interp_func(np.log(angle))
/lcrc/project/SPT3G/users/ac.yomori/repo/cosmosis-standard-library/shear/cl_to_xi_fullsky/cl_to_xi.py:41: RuntimeWarning: divide by zero encountered in log
  spec = self.interp_func(np.log(angle))
/lcrc/project/SPT3G/users/ac.yomori/repo/cosmosis-standard-library/shear/cl_to_xi_fullsky/cl_to_xi.py:41: RuntimeWarning: divide by zero encountered in log
  spec = self.interp_func(np.log(angle))
/lcrc/project/SPT3G/users/ac.yomori/repo/cosmosis-standard-library/shear/cl_to_xi_fullsky/cl_to_xi.py:41: RuntimeWarning: divide by zero encountered in log
  spec = self.interp_func(np.log(angle))
/lcrc/project/SPT3G/users/ac.yomori/repo/cosmosis-standard-library/structure/projection/projection_tools/kernel.py:35: UserWarning: Some of your n(z) or other kernels are negative.
  warnings.warn("Some of your n(z) or other kernels are negative.")
/lcrc/project/SPT3G/users/ac.yomori/repo/cosmosis-standard-library/shear/cl_to_xi_fullsky/cl_to_xi.py:36: RuntimeWarning: divide by zero encountered in log
  spec = np.exp(self.interp_func(np.log(angle)))
/lcrc/project/SPT3G/users/ac.yomori/repo/cosmosis-standard-library/shear/cl_to_xi_fullsky/cl_to_xi.py:41: RuntimeWarning: divide by zero encountered in log
  spec = self.interp_func(np.log(angle))
/lcrc/project/SPT3G/users/ac.yomori/repo/cosmosis-standard-library/shear/cl_to_xi_fullsky/cl_to_xi.py:41: RuntimeWarning: divide by zero encountered in log
  spec = self.interp_func(np.log(angle))
/lcrc/project/SPT3G/users/ac.yomori/repo/cosmosis-standard-library/structure/projection/projection_tools/kernel.py:35: UserWarning: Some of your n(z) or other kernels are negative.
  warnings.warn("Some of your n(z) or other kernels are negative.")
/lcrc/project/SPT3G/users/ac.yomori/repo/cosmosis-standard-library/shear/cl_to_xi_fullsky/cl_to_xi.py:36: RuntimeWarning: divide by zero encountered in log
  spec = np.exp(self.interp_func(np.log(angle)))
/lcrc/project/SPT3G/users/ac.yomori/repo/cosmosis-standard-library/structure/projection/projection_tools/kernel.py:35: UserWarning: Some of your n(z) or other kernels are negative.
  warnings.warn("Some of your n(z) or other kernels are negative.")
/lcrc/project/SPT3G/users/ac.yomori/repo/cosmosis-standard-library/shear/cl_to_xi_fullsky/cl_to_xi.py:41: RuntimeWarning: divide by zero encountered in log
  spec = self.interp_func(np.log(angle))
/lcrc/project/SPT3G/users/ac.yomori/repo/cosmosis-standard-library/shear/cl_to_xi_fullsky/cl_to_xi.py:36: RuntimeWarning: divide by zero encountered in log
  spec = np.exp(self.interp_func(np.log(angle)))
/lcrc/project/SPT3G/users/ac.yomori/repo/cosmosis-standard-library/structure/projection/projection_tools/kernel.py:35: UserWarning: Some of your n(z) or other kernels are negative.
  warnings.warn("Some of your n(z) or other kernels are negative.")
/lcrc/project/SPT3G/users/ac.yomori/repo/cosmosis-standard-library/shear/cl_to_xi_fullsky/cl_to_xi.py:36: RuntimeWarning: divide by zero encountered in log
  spec = np.exp(self.interp_func(np.log(angle)))
/lcrc/project/SPT3G/users/ac.yomori/repo/cosmosis-standard-library/structure/projection/projection_tools/kernel.py:35: UserWarning: Some of your n(z) or other kernels are negative.
  warnings.warn("Some of your n(z) or other kernels are negative.")
/lcrc/project/SPT3G/users/ac.yomori/repo/cosmosis-standard-library/structure/projection/projection_tools/kernel.py:35: UserWarning: Some of your n(z) or other kernels are negative.
  warnings.warn("Some of your n(z) or other kernels are negative.")
/lcrc/project/SPT3G/users/ac.yomori/repo/cosmosis-standard-library/shear/cl_to_xi_fullsky/cl_to_xi.py:41: RuntimeWarning: divide by zero encountered in log
  spec = self.interp_func(np.log(angle))
/lcrc/project/SPT3G/users/ac.yomori/repo/cosmosis-standard-library/shear/cl_to_xi_fullsky/cl_to_xi.py:36: RuntimeWarning: divide by zero encountered in log
  spec = np.exp(self.interp_func(np.log(angle)))
/lcrc/project/SPT3G/users/ac.yomori/repo/cosmosis-standard-library/shear/cl_to_xi_fullsky/cl_to_xi.py:36: RuntimeWarning: divide by zero encountered in log
  spec = np.exp(self.interp_func(np.log(angle)))
/lcrc/project/SPT3G/users/ac.yomori/repo/cosmosis-standard-library/shear/cl_to_xi_fullsky/cl_to_xi.py:36: RuntimeWarning: divide by zero encountered in log
  spec = np.exp(self.interp_func(np.log(angle)))
/lcrc/project/SPT3G/users/ac.yomori/repo/cosmosis-standard-library/shear/cl_to_xi_fullsky/cl_to_xi.py:36: RuntimeWarning: divide by zero encountered in log
  spec = np.exp(self.interp_func(np.log(angle)))
/lcrc/project/SPT3G/users/ac.yomori/repo/cosmosis-standard-library/structure/projection/projection_tools/kernel.py:35: UserWarning: Some of your n(z) or other kernels are negative.
  warnings.warn("Some of your n(z) or other kernels are negative.")
/lcrc/project/SPT3G/users/ac.yomori/repo/cosmosis-standard-library/shear/cl_to_xi_fullsky/cl_to_xi.py:41: RuntimeWarning: divide by zero encountered in log
  spec = self.interp_func(np.log(angle))
/lcrc/project/SPT3G/users/ac.yomori/repo/cosmosis-standard-library/shear/cl_to_xi_fullsky/cl_to_xi.py:36: RuntimeWarning: divide by zero encountered in log
  spec = np.exp(self.interp_func(np.log(angle)))
/lcrc/project/SPT3G/users/ac.yomori/repo/cosmosis-standard-library/shear/cl_to_xi_fullsky/cl_to_xi.py:41: RuntimeWarning: divide by zero encountered in log
  spec = self.interp_func(np.log(angle))
/lcrc/project/SPT3G/users/ac.yomori/repo/cosmosis-standard-library/shear/cl_to_xi_fullsky/cl_to_xi.py:41: RuntimeWarning: divide by zero encountered in log
  spec = self.interp_func(np.log(angle))
/lcrc/project/SPT3G/users/ac.yomori/repo/cosmosis-standard-library/shear/cl_to_xi_fullsky/cl_to_xi.py:41: RuntimeWarning: divide by zero encountered in log
  spec = self.interp_func(np.log(angle))
/lcrc/project/SPT3G/users/ac.yomori/repo/cosmosis-standard-library/shear/cl_to_xi_fullsky/cl_to_xi.py:41: RuntimeWarning: divide by zero encountered in log
  spec = self.interp_func(np.log(angle))
/lcrc/project/SPT3G/users/ac.yomori/repo/cosmosis-standard-library/shear/cl_to_xi_fullsky/cl_to_xi.py:36: RuntimeWarning: divide by zero encountered in log
  spec = np.exp(self.interp_func(np.log(angle)))
/lcrc/project/SPT3G/users/ac.yomori/repo/cosmosis-standard-library/structure/projection/projection_tools/kernel.py:35: UserWarning: Some of your n(z) or other kernels are negative.
  warnings.warn("Some of your n(z) or other kernels are negative.")
/lcrc/project/SPT3G/users/ac.yomori/repo/cosmosis-standard-library/shear/cl_to_xi_fullsky/cl_to_xi.py:36: RuntimeWarning: divide by zero encountered in log
  spec = np.exp(self.interp_func(np.log(angle)))
/lcrc/project/SPT3G/users/ac.yomori/repo/cosmosis-standard-library/shear/cl_to_xi_fullsky/cl_to_xi.py:41: RuntimeWarning: divide by zero encountered in log
  spec = self.interp_func(np.log(angle))
/lcrc/project/SPT3G/users/ac.yomori/repo/cosmosis-standard-library/shear/cl_to_xi_fullsky/cl_to_xi.py:41: RuntimeWarning: divide by zero encountered in log
  spec = self.interp_func(np.log(angle))
/lcrc/project/SPT3G/users/ac.yomori/repo/cosmosis-standard-library/shear/cl_to_xi_fullsky/cl_to_xi.py:36: RuntimeWarning: divide by zero encountered in log
  spec = np.exp(self.interp_func(np.log(angle)))
/lcrc/project/SPT3G/users/ac.yomori/repo/cosmosis-standard-library/structure/projection/projection_tools/kernel.py:35: UserWarning: Some of your n(z) or other kernels are negative.
  warnings.warn("Some of your n(z) or other kernels are negative.")
/lcrc/project/SPT3G/users/ac.yomori/repo/cosmosis-standard-library/shear/cl_to_xi_fullsky/cl_to_xi.py:36: RuntimeWarning: divide by zero encountered in log
  spec = np.exp(self.interp_func(np.log(angle)))
/lcrc/project/SPT3G/users/ac.yomori/repo/cosmosis-standard-library/structure/projection/projection_tools/kernel.py:35: UserWarning: Some of your n(z) or other kernels are negative.
  warnings.warn("Some of your n(z) or other kernels are negative.")
/lcrc/project/SPT3G/users/ac.yomori/repo/cosmosis-standard-library/shear/cl_to_xi_fullsky/cl_to_xi.py:41: RuntimeWarning: divide by zero encountered in log
  spec = self.interp_func(np.log(angle))
/lcrc/project/SPT3G/users/ac.yomori/repo/cosmosis-standard-library/shear/cl_to_xi_fullsky/cl_to_xi.py:41: RuntimeWarning: divide by zero encountered in log
  spec = self.interp_func(np.log(angle))
/lcrc/project/SPT3G/users/ac.yomori/repo/cosmosis-standard-library/shear/cl_to_xi_fullsky/cl_to_xi.py:36: RuntimeWarning: divide by zero encountered in log
  spec = np.exp(self.interp_func(np.log(angle)))
/lcrc/project/SPT3G/users/ac.yomori/repo/cosmosis-standard-library/shear/cl_to_xi_fullsky/cl_to_xi.py:36: RuntimeWarning: divide by zero encountered in log
  spec = np.exp(self.interp_func(np.log(angle)))
/lcrc/project/SPT3G/users/ac.yomori/repo/cosmosis-standard-library/shear/cl_to_xi_fullsky/cl_to_xi.py:41: RuntimeWarning: divide by zero encountered in log
  spec = self.interp_func(np.log(angle))
/lcrc/project/SPT3G/users/ac.yomori/repo/cosmosis-standard-library/shear/cl_to_xi_fullsky/cl_to_xi.py:36: RuntimeWarning: divide by zero encountered in log
  spec = np.exp(self.interp_func(np.log(angle)))
/lcrc/project/SPT3G/users/ac.yomori/repo/cosmosis-standard-library/shear/cl_to_xi_fullsky/cl_to_xi.py:41: RuntimeWarning: divide by zero encountered in log
  spec = self.interp_func(np.log(angle))
/lcrc/project/SPT3G/users/ac.yomori/repo/cosmosis-standard-library/shear/cl_to_xi_fullsky/cl_to_xi.py:36: RuntimeWarning: divide by zero encountered in log
  spec = np.exp(self.interp_func(np.log(angle)))
/lcrc/project/SPT3G/users/ac.yomori/repo/cosmosis-standard-library/shear/cl_to_xi_fullsky/cl_to_xi.py:41: RuntimeWarning: divide by zero encountered in log
  spec = self.interp_func(np.log(angle))
/lcrc/project/SPT3G/users/ac.yomori/repo/cosmosis-standard-library/shear/cl_to_xi_fullsky/cl_to_xi.py:36: RuntimeWarning: divide by zero encountered in log
  spec = np.exp(self.interp_func(np.log(angle)))
/lcrc/project/SPT3G/users/ac.yomori/repo/cosmosis-standard-library/structure/projection/projection_tools/kernel.py:35: UserWarning: Some of your n(z) or other kernels are negative.
  warnings.warn("Some of your n(z) or other kernels are negative.")
/lcrc/project/SPT3G/users/ac.yomori/repo/cosmosis-standard-library/shear/cl_to_xi_fullsky/cl_to_xi.py:41: RuntimeWarning: divide by zero encountered in log
  spec = self.interp_func(np.log(angle))
/lcrc/project/SPT3G/users/ac.yomori/repo/cosmosis-standard-library/shear/cl_to_xi_fullsky/cl_to_xi.py:36: RuntimeWarning: divide by zero encountered in log
  spec = np.exp(self.interp_func(np.log(angle)))
/lcrc/project/SPT3G/users/ac.yomori/repo/cosmosis-standard-library/shear/cl_to_xi_fullsky/cl_to_xi.py:41: RuntimeWarning: divide by zero encountered in log
  spec = self.interp_func(np.log(angle))
/lcrc/project/SPT3G/users/ac.yomori/repo/cosmosis-standard-library/structure/projection/projection_tools/kernel.py:35: UserWarning: Some of your n(z) or other kernels are negative.
  warnings.warn("Some of your n(z) or other kernels are negative.")
/lcrc/project/SPT3G/users/ac.yomori/repo/cosmosis-standard-library/shear/cl_to_xi_fullsky/cl_to_xi.py:36: RuntimeWarning: divide by zero encountered in log
  spec = np.exp(self.interp_func(np.log(angle)))
/lcrc/project/SPT3G/users/ac.yomori/repo/cosmosis-standard-library/structure/projection/projection_tools/kernel.py:35: UserWarning: Some of your n(z) or other kernels are negative.
  warnings.warn("Some of your n(z) or other kernels are negative.")
/lcrc/project/SPT3G/users/ac.yomori/repo/cosmosis-standard-library/shear/cl_to_xi_fullsky/cl_to_xi.py:41: RuntimeWarning: divide by zero encountered in log
  spec = self.interp_func(np.log(angle))
/lcrc/project/SPT3G/users/ac.yomori/repo/cosmosis-standard-library/shear/cl_to_xi_fullsky/cl_to_xi.py:41: RuntimeWarning: divide by zero encountered in log
  spec = self.interp_func(np.log(angle))
/lcrc/project/SPT3G/users/ac.yomori/repo/cosmosis-standard-library/structure/projection/projection_tools/kernel.py:35: UserWarning: Some of your n(z) or other kernels are negative.
  warnings.warn("Some of your n(z) or other kernels are negative.")
/lcrc/project/SPT3G/users/ac.yomori/repo/cosmosis-standard-library/shear/cl_to_xi_fullsky/cl_to_xi.py:41: RuntimeWarning: divide by zero encountered in log
  spec = self.interp_func(np.log(angle))
/lcrc/project/SPT3G/users/ac.yomori/repo/cosmosis-standard-library/shear/cl_to_xi_fullsky/cl_to_xi.py:41: RuntimeWarning: divide by zero encountered in log
  spec = self.interp_func(np.log(angle))
/lcrc/project/SPT3G/users/ac.yomori/repo/cosmosis-standard-library/structure/projection/projection_tools/kernel.py:35: UserWarning: Some of your n(z) or other kernels are negative.
  warnings.warn("Some of your n(z) or other kernels are negative.")
/lcrc/project/SPT3G/users/ac.yomori/repo/cosmosis-standard-library/structure/projection/projection_tools/kernel.py:35: UserWarning: Some of your n(z) or other kernels are negative.
  warnings.warn("Some of your n(z) or other kernels are negative.")
/lcrc/project/SPT3G/users/ac.yomori/repo/cosmosis-standard-library/structure/projection/projection_tools/kernel.py:35: UserWarning: Some of your n(z) or other kernels are negative.
  warnings.warn("Some of your n(z) or other kernels are negative.")
/lcrc/project/SPT3G/users/ac.yomori/repo/cosmosis-standard-library/structure/projection/projection_tools/kernel.py:35: UserWarning: Some of your n(z) or other kernels are negative.
  warnings.warn("Some of your n(z) or other kernels are negative.")
/lcrc/project/SPT3G/users/ac.yomori/repo/cosmosis-standard-library/shear/cl_to_xi_fullsky/cl_to_xi.py:36: RuntimeWarning: divide by zero encountered in log
  spec = np.exp(self.interp_func(np.log(angle)))
/lcrc/project/SPT3G/users/ac.yomori/repo/cosmosis-standard-library/shear/cl_to_xi_fullsky/cl_to_xi.py:36: RuntimeWarning: divide by zero encountered in log
  spec = np.exp(self.interp_func(np.log(angle)))
/lcrc/project/SPT3G/users/ac.yomori/repo/cosmosis-standard-library/structure/projection/projection_tools/kernel.py:35: UserWarning: Some of your n(z) or other kernels are negative.
  warnings.warn("Some of your n(z) or other kernels are negative.")
/lcrc/project/SPT3G/users/ac.yomori/repo/cosmosis-standard-library/structure/projection/projection_tools/kernel.py:35: UserWarning: Some of your n(z) or other kernels are negative.
  warnings.warn("Some of your n(z) or other kernels are negative.")
/lcrc/project/SPT3G/users/ac.yomori/repo/cosmosis-standard-library/shear/cl_to_xi_fullsky/cl_to_xi.py:41: RuntimeWarning: divide by zero encountered in log
  spec = self.interp_func(np.log(angle))
/lcrc/project/SPT3G/users/ac.yomori/repo/cosmosis-standard-library/shear/cl_to_xi_fullsky/cl_to_xi.py:36: RuntimeWarning: divide by zero encountered in log
  spec = np.exp(self.interp_func(np.log(angle)))
/lcrc/project/SPT3G/users/ac.yomori/repo/cosmosis-standard-library/shear/cl_to_xi_fullsky/cl_to_xi.py:41: RuntimeWarning: divide by zero encountered in log
  spec = self.interp_func(np.log(angle))
/lcrc/project/SPT3G/users/ac.yomori/repo/cosmosis-standard-library/shear/cl_to_xi_fullsky/cl_to_xi.py:36: RuntimeWarning: divide by zero encountered in log
  spec = np.exp(self.interp_func(np.log(angle)))
/lcrc/project/SPT3G/users/ac.yomori/repo/cosmosis-standard-library/structure/projection/projection_tools/kernel.py:35: UserWarning: Some of your n(z) or other kernels are negative.
  warnings.warn("Some of your n(z) or other kernels are negative.")
/lcrc/project/SPT3G/users/ac.yomori/repo/cosmosis-standard-library/shear/cl_to_xi_fullsky/cl_to_xi.py:41: RuntimeWarning: divide by zero encountered in log
  spec = self.interp_func(np.log(angle))
/lcrc/project/SPT3G/users/ac.yomori/repo/cosmosis-standard-library/structure/projection/projection_tools/kernel.py:35: UserWarning: Some of your n(z) or other kernels are negative.
  warnings.warn("Some of your n(z) or other kernels are negative.")
/lcrc/project/SPT3G/users/ac.yomori/repo/cosmosis-standard-library/shear/cl_to_xi_fullsky/cl_to_xi.py:36: RuntimeWarning: divide by zero encountered in log
  spec = np.exp(self.interp_func(np.log(angle)))
/lcrc/project/SPT3G/users/ac.yomori/repo/cosmosis-standard-library/structure/projection/projection_tools/kernel.py:35: UserWarning: Some of your n(z) or other kernels are negative.
  warnings.warn("Some of your n(z) or other kernels are negative.")
/lcrc/project/SPT3G/users/ac.yomori/repo/cosmosis-standard-library/shear/cl_to_xi_fullsky/cl_to_xi.py:36: RuntimeWarning: divide by zero encountered in log
  spec = np.exp(self.interp_func(np.log(angle)))
/lcrc/project/SPT3G/users/ac.yomori/repo/cosmosis-standard-library/shear/cl_to_xi_fullsky/cl_to_xi.py:36: RuntimeWarning: divide by zero encountered in log
  spec = np.exp(self.interp_func(np.log(angle)))
/lcrc/project/SPT3G/users/ac.yomori/repo/cosmosis-standard-library/shear/cl_to_xi_fullsky/cl_to_xi.py:36: RuntimeWarning: divide by zero encountered in log
  spec = np.exp(self.interp_func(np.log(angle)))
/lcrc/project/SPT3G/users/ac.yomori/repo/cosmosis-standard-library/shear/cl_to_xi_fullsky/cl_to_xi.py:41: RuntimeWarning: divide by zero encountered in log
  spec = self.interp_func(np.log(angle))
/lcrc/project/SPT3G/users/ac.yomori/repo/cosmosis-standard-library/structure/projection/projection_tools/kernel.py:35: UserWarning: Some of your n(z) or other kernels are negative.
  warnings.warn("Some of your n(z) or other kernels are negative.")
/lcrc/project/SPT3G/users/ac.yomori/repo/cosmosis-standard-library/structure/projection/projection_tools/kernel.py:35: UserWarning: Some of your n(z) or other kernels are negative.
  warnings.warn("Some of your n(z) or other kernels are negative.")
/lcrc/project/SPT3G/users/ac.yomori/repo/cosmosis-standard-library/shear/cl_to_xi_fullsky/cl_to_xi.py:36: RuntimeWarning: divide by zero encountered in log
  spec = np.exp(self.interp_func(np.log(angle)))
/lcrc/project/SPT3G/users/ac.yomori/repo/cosmosis-standard-library/structure/projection/projection_tools/kernel.py:35: UserWarning: Some of your n(z) or other kernels are negative.
  warnings.warn("Some of your n(z) or other kernels are negative.")
/lcrc/project/SPT3G/users/ac.yomori/repo/cosmosis-standard-library/structure/projection/projection_tools/kernel.py:35: UserWarning: Some of your n(z) or other kernels are negative.
  warnings.warn("Some of your n(z) or other kernels are negative.")
/lcrc/project/SPT3G/users/ac.yomori/repo/cosmosis-standard-library/structure/projection/projection_tools/kernel.py:35: UserWarning: Some of your n(z) or other kernels are negative.
  warnings.warn("Some of your n(z) or other kernels are negative.")
/lcrc/project/SPT3G/users/ac.yomori/repo/cosmosis-standard-library/shear/cl_to_xi_fullsky/cl_to_xi.py:36: RuntimeWarning: divide by zero encountered in log
  spec = np.exp(self.interp_func(np.log(angle)))
/lcrc/project/SPT3G/users/ac.yomori/repo/cosmosis-standard-library/structure/projection/projection_tools/kernel.py:35: UserWarning: Some of your n(z) or other kernels are negative.
  warnings.warn("Some of your n(z) or other kernels are negative.")
/lcrc/project/SPT3G/users/ac.yomori/repo/cosmosis-standard-library/shear/cl_to_xi_fullsky/cl_to_xi.py:41: RuntimeWarning: divide by zero encountered in log
  spec = self.interp_func(np.log(angle))
/lcrc/project/SPT3G/users/ac.yomori/repo/cosmosis-standard-library/structure/projection/projection_tools/kernel.py:35: UserWarning: Some of your n(z) or other kernels are negative.
  warnings.warn("Some of your n(z) or other kernels are negative.")
/lcrc/project/SPT3G/users/ac.yomori/repo/cosmosis-standard-library/shear/cl_to_xi_fullsky/cl_to_xi.py:41: RuntimeWarning: divide by zero encountered in log
  spec = self.interp_func(np.log(angle))
/lcrc/project/SPT3G/users/ac.yomori/repo/cosmosis-standard-library/shear/cl_to_xi_fullsky/cl_to_xi.py:41: RuntimeWarning: divide by zero encountered in log
  spec = self.interp_func(np.log(angle))
/lcrc/project/SPT3G/users/ac.yomori/repo/cosmosis-standard-library/structure/projection/projection_tools/kernel.py:35: UserWarning: Some of your n(z) or other kernels are negative.
  warnings.warn("Some of your n(z) or other kernels are negative.")
/lcrc/project/SPT3G/users/ac.yomori/repo/cosmosis-standard-library/structure/projection/projection_tools/kernel.py:35: UserWarning: Some of your n(z) or other kernels are negative.
  warnings.warn("Some of your n(z) or other kernels are negative.")
/lcrc/project/SPT3G/users/ac.yomori/repo/cosmosis-standard-library/shear/cl_to_xi_fullsky/cl_to_xi.py:41: RuntimeWarning: divide by zero encountered in log
  spec = self.interp_func(np.log(angle))
/lcrc/project/SPT3G/users/ac.yomori/repo/cosmosis-standard-library/shear/cl_to_xi_fullsky/cl_to_xi.py:36: RuntimeWarning: divide by zero encountered in log
  spec = np.exp(self.interp_func(np.log(angle)))
/lcrc/project/SPT3G/users/ac.yomori/repo/cosmosis-standard-library/structure/projection/projection_tools/kernel.py:35: UserWarning: Some of your n(z) or other kernels are negative.
  warnings.warn("Some of your n(z) or other kernels are negative.")
/lcrc/project/SPT3G/users/ac.yomori/repo/cosmosis-standard-library/shear/cl_to_xi_fullsky/cl_to_xi.py:36: RuntimeWarning: divide by zero encountered in log
  spec = np.exp(self.interp_func(np.log(angle)))
/lcrc/project/SPT3G/users/ac.yomori/repo/cosmosis-standard-library/shear/cl_to_xi_fullsky/cl_to_xi.py:41: RuntimeWarning: divide by zero encountered in log
  spec = self.interp_func(np.log(angle))
/lcrc/project/SPT3G/users/ac.yomori/repo/cosmosis-standard-library/shear/cl_to_xi_fullsky/cl_to_xi.py:41: RuntimeWarning: divide by zero encountered in log
  spec = self.interp_func(np.log(angle))
/lcrc/project/SPT3G/users/ac.yomori/repo/cosmosis-standard-library/shear/cl_to_xi_fullsky/cl_to_xi.py:36: RuntimeWarning: divide by zero encountered in log
  spec = np.exp(self.interp_func(np.log(angle)))
/lcrc/project/SPT3G/users/ac.yomori/repo/cosmosis-standard-library/structure/projection/projection_tools/kernel.py:35: UserWarning: Some of your n(z) or other kernels are negative.
  warnings.warn("Some of your n(z) or other kernels are negative.")
/lcrc/project/SPT3G/users/ac.yomori/repo/cosmosis-standard-library/structure/projection/projection_tools/kernel.py:35: UserWarning: Some of your n(z) or other kernels are negative.
  warnings.warn("Some of your n(z) or other kernels are negative.")
/lcrc/project/SPT3G/users/ac.yomori/repo/cosmosis-standard-library/shear/cl_to_xi_fullsky/cl_to_xi.py:41: RuntimeWarning: divide by zero encountered in log
  spec = self.interp_func(np.log(angle))
/lcrc/project/SPT3G/users/ac.yomori/repo/cosmosis-standard-library/shear/cl_to_xi_fullsky/cl_to_xi.py:41: RuntimeWarning: divide by zero encountered in log
  spec = self.interp_func(np.log(angle))
/lcrc/project/SPT3G/users/ac.yomori/repo/cosmosis-standard-library/shear/cl_to_xi_fullsky/cl_to_xi.py:41: RuntimeWarning: divide by zero encountered in log
  spec = self.interp_func(np.log(angle))
/lcrc/project/SPT3G/users/ac.yomori/repo/cosmosis-standard-library/shear/cl_to_xi_fullsky/cl_to_xi.py:36: RuntimeWarning: divide by zero encountered in log
  spec = np.exp(self.interp_func(np.log(angle)))
/lcrc/project/SPT3G/users/ac.yomori/repo/cosmosis-standard-library/shear/cl_to_xi_fullsky/cl_to_xi.py:36: RuntimeWarning: divide by zero encountered in log
  spec = np.exp(self.interp_func(np.log(angle)))
/lcrc/project/SPT3G/users/ac.yomori/repo/cosmosis-standard-library/structure/projection/projection_tools/kernel.py:35: UserWarning: Some of your n(z) or other kernels are negative.
  warnings.warn("Some of your n(z) or other kernels are negative.")
/lcrc/project/SPT3G/users/ac.yomori/repo/cosmosis-standard-library/structure/projection/projection_tools/kernel.py:35: UserWarning: Some of your n(z) or other kernels are negative.
  warnings.warn("Some of your n(z) or other kernels are negative.")
/lcrc/project/SPT3G/users/ac.yomori/repo/cosmosis-standard-library/structure/projection/projection_tools/kernel.py:35: UserWarning: Some of your n(z) or other kernels are negative.
  warnings.warn("Some of your n(z) or other kernels are negative.")
/lcrc/project/SPT3G/users/ac.yomori/repo/cosmosis-standard-library/shear/cl_to_xi_fullsky/cl_to_xi.py:36: RuntimeWarning: divide by zero encountered in log
  spec = np.exp(self.interp_func(np.log(angle)))
/lcrc/project/SPT3G/users/ac.yomori/repo/cosmosis-standard-library/structure/projection/projection_tools/kernel.py:35: UserWarning: Some of your n(z) or other kernels are negative.
  warnings.warn("Some of your n(z) or other kernels are negative.")
/lcrc/project/SPT3G/users/ac.yomori/repo/cosmosis-standard-library/structure/projection/projection_tools/kernel.py:35: UserWarning: Some of your n(z) or other kernels are negative.
  warnings.warn("Some of your n(z) or other kernels are negative.")
/lcrc/project/SPT3G/users/ac.yomori/repo/cosmosis-standard-library/shear/cl_to_xi_fullsky/cl_to_xi.py:36: RuntimeWarning: divide by zero encountered in log
  spec = np.exp(self.interp_func(np.log(angle)))
/lcrc/project/SPT3G/users/ac.yomori/repo/cosmosis-standard-library/shear/cl_to_xi_fullsky/cl_to_xi.py:41: RuntimeWarning: divide by zero encountered in log
  spec = self.interp_func(np.log(angle))
/lcrc/project/SPT3G/users/ac.yomori/repo/cosmosis-standard-library/shear/cl_to_xi_fullsky/cl_to_xi.py:36: RuntimeWarning: divide by zero encountered in log
  spec = np.exp(self.interp_func(np.log(angle)))
/lcrc/project/SPT3G/users/ac.yomori/repo/cosmosis-standard-library/shear/cl_to_xi_fullsky/cl_to_xi.py:36: RuntimeWarning: divide by zero encountered in log
  spec = np.exp(self.interp_func(np.log(angle)))
/lcrc/project/SPT3G/users/ac.yomori/repo/cosmosis-standard-library/shear/cl_to_xi_fullsky/cl_to_xi.py:41: RuntimeWarning: divide by zero encountered in log
  spec = self.interp_func(np.log(angle))
/lcrc/project/SPT3G/users/ac.yomori/repo/cosmosis-standard-library/shear/cl_to_xi_fullsky/cl_to_xi.py:36: RuntimeWarning: divide by zero encountered in log
  spec = np.exp(self.interp_func(np.log(angle)))
/lcrc/project/SPT3G/users/ac.yomori/repo/cosmosis-standard-library/structure/projection/projection_tools/kernel.py:35: UserWarning: Some of your n(z) or other kernels are negative.
  warnings.warn("Some of your n(z) or other kernels are negative.")
/lcrc/project/SPT3G/users/ac.yomori/repo/cosmosis-standard-library/structure/projection/projection_tools/kernel.py:35: UserWarning: Some of your n(z) or other kernels are negative.
  warnings.warn("Some of your n(z) or other kernels are negative.")
/lcrc/project/SPT3G/users/ac.yomori/repo/cosmosis-standard-library/shear/cl_to_xi_fullsky/cl_to_xi.py:36: RuntimeWarning: divide by zero encountered in log
  spec = np.exp(self.interp_func(np.log(angle)))
/lcrc/project/SPT3G/users/ac.yomori/repo/cosmosis-standard-library/shear/cl_to_xi_fullsky/cl_to_xi.py:36: RuntimeWarning: divide by zero encountered in log
  spec = np.exp(self.interp_func(np.log(angle)))
/lcrc/project/SPT3G/users/ac.yomori/repo/cosmosis-standard-library/shear/cl_to_xi_fullsky/cl_to_xi.py:36: RuntimeWarning: divide by zero encountered in log
  spec = np.exp(self.interp_func(np.log(angle)))
/lcrc/project/SPT3G/users/ac.yomori/repo/cosmosis-standard-library/shear/cl_to_xi_fullsky/cl_to_xi.py:36: RuntimeWarning: divide by zero encountered in log
  spec = np.exp(self.interp_func(np.log(angle)))
/lcrc/project/SPT3G/users/ac.yomori/repo/cosmosis-standard-library/shear/cl_to_xi_fullsky/cl_to_xi.py:36: RuntimeWarning: divide by zero encountered in log
  spec = np.exp(self.interp_func(np.log(angle)))
/lcrc/project/SPT3G/users/ac.yomori/repo/cosmosis-standard-library/shear/cl_to_xi_fullsky/cl_to_xi.py:41: RuntimeWarning: divide by zero encountered in log
  spec = self.interp_func(np.log(angle))
/lcrc/project/SPT3G/users/ac.yomori/repo/cosmosis-standard-library/shear/cl_to_xi_fullsky/cl_to_xi.py:36: RuntimeWarning: divide by zero encountered in log
  spec = np.exp(self.interp_func(np.log(angle)))
/lcrc/project/SPT3G/users/ac.yomori/repo/cosmosis-standard-library/shear/cl_to_xi_fullsky/cl_to_xi.py:41: RuntimeWarning: divide by zero encountered in log
  spec = self.interp_func(np.log(angle))
/lcrc/project/SPT3G/users/ac.yomori/repo/cosmosis-standard-library/shear/cl_to_xi_fullsky/cl_to_xi.py:41: RuntimeWarning: divide by zero encountered in log
  spec = self.interp_func(np.log(angle))
/lcrc/project/SPT3G/users/ac.yomori/repo/cosmosis-standard-library/shear/cl_to_xi_fullsky/cl_to_xi.py:36: RuntimeWarning: divide by zero encountered in log
  spec = np.exp(self.interp_func(np.log(angle)))
/lcrc/project/SPT3G/users/ac.yomori/repo/cosmosis-standard-library/structure/projection/projection_tools/kernel.py:35: UserWarning: Some of your n(z) or other kernels are negative.
  warnings.warn("Some of your n(z) or other kernels are negative.")
/lcrc/project/SPT3G/users/ac.yomori/repo/cosmosis-standard-library/structure/projection/projection_tools/kernel.py:35: UserWarning: Some of your n(z) or other kernels are negative.
  warnings.warn("Some of your n(z) or other kernels are negative.")
/lcrc/project/SPT3G/users/ac.yomori/repo/cosmosis-standard-library/shear/cl_to_xi_fullsky/cl_to_xi.py:41: RuntimeWarning: divide by zero encountered in log
  spec = self.interp_func(np.log(angle))
/lcrc/project/SPT3G/users/ac.yomori/repo/cosmosis-standard-library/shear/cl_to_xi_fullsky/cl_to_xi.py:41: RuntimeWarning: divide by zero encountered in log
  spec = self.interp_func(np.log(angle))
/lcrc/project/SPT3G/users/ac.yomori/repo/cosmosis-standard-library/shear/cl_to_xi_fullsky/cl_to_xi.py:41: RuntimeWarning: divide by zero encountered in log
  spec = self.interp_func(np.log(angle))
/lcrc/project/SPT3G/users/ac.yomori/repo/cosmosis-standard-library/shear/cl_to_xi_fullsky/cl_to_xi.py:41: RuntimeWarning: divide by zero encountered in log
  spec = self.interp_func(np.log(angle))
/lcrc/project/SPT3G/users/ac.yomori/repo/cosmosis-standard-library/shear/cl_to_xi_fullsky/cl_to_xi.py:41: RuntimeWarning: divide by zero encountered in log
  spec = self.interp_func(np.log(angle))
/lcrc/project/SPT3G/users/ac.yomori/repo/cosmosis-standard-library/shear/cl_to_xi_fullsky/cl_to_xi.py:41: RuntimeWarning: divide by zero encountered in log
  spec = self.interp_func(np.log(angle))
/lcrc/project/SPT3G/users/ac.yomori/repo/cosmosis-standard-library/shear/cl_to_xi_fullsky/cl_to_xi.py:41: RuntimeWarning: divide by zero encountered in log
  spec = self.interp_func(np.log(angle))
/lcrc/project/SPT3G/users/ac.yomori/repo/cosmosis-standard-library/shear/cl_to_xi_fullsky/cl_to_xi.py:41: RuntimeWarning: divide by zero encountered in log
  spec = self.interp_func(np.log(angle))
/lcrc/project/SPT3G/users/ac.yomori/repo/cosmosis-standard-library/shear/cl_to_xi_fullsky/cl_to_xi.py:41: RuntimeWarning: divide by zero encountered in log
  spec = self.interp_func(np.log(angle))
/lcrc/project/SPT3G/users/ac.yomori/repo/cosmosis-standard-library/structure/projection/projection_tools/kernel.py:35: UserWarning: Some of your n(z) or other kernels are negative.
  warnings.warn("Some of your n(z) or other kernels are negative.")
/lcrc/project/SPT3G/users/ac.yomori/repo/cosmosis-standard-library/shear/cl_to_xi_fullsky/cl_to_xi.py:36: RuntimeWarning: divide by zero encountered in log
  spec = np.exp(self.interp_func(np.log(angle)))
/lcrc/project/SPT3G/users/ac.yomori/repo/cosmosis-standard-library/structure/projection/projection_tools/kernel.py:35: UserWarning: Some of your n(z) or other kernels are negative.
  warnings.warn("Some of your n(z) or other kernels are negative.")
/lcrc/project/SPT3G/users/ac.yomori/repo/cosmosis-standard-library/shear/cl_to_xi_fullsky/cl_to_xi.py:36: RuntimeWarning: divide by zero encountered in log
  spec = np.exp(self.interp_func(np.log(angle)))
/lcrc/project/SPT3G/users/ac.yomori/repo/cosmosis-standard-library/structure/projection/projection_tools/kernel.py:35: UserWarning: Some of your n(z) or other kernels are negative.
  warnings.warn("Some of your n(z) or other kernels are negative.")
/lcrc/project/SPT3G/users/ac.yomori/repo/cosmosis-standard-library/shear/cl_to_xi_fullsky/cl_to_xi.py:41: RuntimeWarning: divide by zero encountered in log
  spec = self.interp_func(np.log(angle))
/lcrc/project/SPT3G/users/ac.yomori/repo/cosmosis-standard-library/shear/cl_to_xi_fullsky/cl_to_xi.py:36: RuntimeWarning: divide by zero encountered in log
  spec = np.exp(self.interp_func(np.log(angle)))
/lcrc/project/SPT3G/users/ac.yomori/repo/cosmosis-standard-library/structure/projection/projection_tools/kernel.py:35: UserWarning: Some of your n(z) or other kernels are negative.
  warnings.warn("Some of your n(z) or other kernels are negative.")
/lcrc/project/SPT3G/users/ac.yomori/repo/cosmosis-standard-library/structure/projection/projection_tools/kernel.py:35: UserWarning: Some of your n(z) or other kernels are negative.
  warnings.warn("Some of your n(z) or other kernels are negative.")
/lcrc/project/SPT3G/users/ac.yomori/repo/cosmosis-standard-library/shear/cl_to_xi_fullsky/cl_to_xi.py:36: RuntimeWarning: divide by zero encountered in log
  spec = np.exp(self.interp_func(np.log(angle)))
/lcrc/project/SPT3G/users/ac.yomori/repo/cosmosis-standard-library/shear/cl_to_xi_fullsky/cl_to_xi.py:41: RuntimeWarning: divide by zero encountered in log
  spec = self.interp_func(np.log(angle))
/lcrc/project/SPT3G/users/ac.yomori/repo/cosmosis-standard-library/shear/cl_to_xi_fullsky/cl_to_xi.py:36: RuntimeWarning: divide by zero encountered in log
  spec = np.exp(self.interp_func(np.log(angle)))
/lcrc/project/SPT3G/users/ac.yomori/repo/cosmosis-standard-library/structure/projection/projection_tools/kernel.py:35: UserWarning: Some of your n(z) or other kernels are negative.
  warnings.warn("Some of your n(z) or other kernels are negative.")
/lcrc/project/SPT3G/users/ac.yomori/repo/cosmosis-standard-library/shear/cl_to_xi_fullsky/cl_to_xi.py:36: RuntimeWarning: divide by zero encountered in log
  spec = np.exp(self.interp_func(np.log(angle)))
/lcrc/project/SPT3G/users/ac.yomori/repo/cosmosis-standard-library/shear/cl_to_xi_fullsky/cl_to_xi.py:36: RuntimeWarning: divide by zero encountered in log
  spec = np.exp(self.interp_func(np.log(angle)))
/lcrc/project/SPT3G/users/ac.yomori/repo/cosmosis-standard-library/shear/cl_to_xi_fullsky/cl_to_xi.py:36: RuntimeWarning: divide by zero encountered in log
  spec = np.exp(self.interp_func(np.log(angle)))
/lcrc/project/SPT3G/users/ac.yomori/repo/cosmosis-standard-library/shear/cl_to_xi_fullsky/cl_to_xi.py:36: RuntimeWarning: divide by zero encountered in log
  spec = np.exp(self.interp_func(np.log(angle)))
/lcrc/project/SPT3G/users/ac.yomori/repo/cosmosis-standard-library/shear/cl_to_xi_fullsky/cl_to_xi.py:41: RuntimeWarning: divide by zero encountered in log
  spec = self.interp_func(np.log(angle))
/lcrc/project/SPT3G/users/ac.yomori/repo/cosmosis-standard-library/shear/cl_to_xi_fullsky/cl_to_xi.py:41: RuntimeWarning: divide by zero encountered in log
  spec = self.interp_func(np.log(angle))
/lcrc/project/SPT3G/users/ac.yomori/repo/cosmosis-standard-library/shear/cl_to_xi_fullsky/cl_to_xi.py:36: RuntimeWarning: divide by zero encountered in log
  spec = np.exp(self.interp_func(np.log(angle)))
/lcrc/project/SPT3G/users/ac.yomori/repo/cosmosis-standard-library/shear/cl_to_xi_fullsky/cl_to_xi.py:41: RuntimeWarning: divide by zero encountered in log
  spec = self.interp_func(np.log(angle))
/lcrc/project/SPT3G/users/ac.yomori/repo/cosmosis-standard-library/shear/cl_to_xi_fullsky/cl_to_xi.py:41: RuntimeWarning: divide by zero encountered in log
  spec = self.interp_func(np.log(angle))
/lcrc/project/SPT3G/users/ac.yomori/repo/cosmosis-standard-library/shear/cl_to_xi_fullsky/cl_to_xi.py:41: RuntimeWarning: divide by zero encountered in log
  spec = self.interp_func(np.log(angle))
/lcrc/project/SPT3G/users/ac.yomori/repo/cosmosis-standard-library/structure/projection/projection_tools/kernel.py:35: UserWarning: Some of your n(z) or other kernels are negative.
  warnings.warn("Some of your n(z) or other kernels are negative.")
/lcrc/project/SPT3G/users/ac.yomori/repo/cosmosis-standard-library/structure/projection/projection_tools/kernel.py:35: UserWarning: Some of your n(z) or other kernels are negative.
  warnings.warn("Some of your n(z) or other kernels are negative.")
/lcrc/project/SPT3G/users/ac.yomori/repo/cosmosis-standard-library/shear/cl_to_xi_fullsky/cl_to_xi.py:41: RuntimeWarning: divide by zero encountered in log
  spec = self.interp_func(np.log(angle))
/lcrc/project/SPT3G/users/ac.yomori/repo/cosmosis-standard-library/shear/cl_to_xi_fullsky/cl_to_xi.py:41: RuntimeWarning: divide by zero encountered in log
  spec = self.interp_func(np.log(angle))
/lcrc/project/SPT3G/users/ac.yomori/repo/cosmosis-standard-library/shear/cl_to_xi_fullsky/cl_to_xi.py:41: RuntimeWarning: divide by zero encountered in log
  spec = self.interp_func(np.log(angle))
/lcrc/project/SPT3G/users/ac.yomori/repo/cosmosis-standard-library/shear/cl_to_xi_fullsky/cl_to_xi.py:36: RuntimeWarning: divide by zero encountered in log
  spec = np.exp(self.interp_func(np.log(angle)))
/lcrc/project/SPT3G/users/ac.yomori/repo/cosmosis-standard-library/structure/projection/projection_tools/kernel.py:35: UserWarning: Some of your n(z) or other kernels are negative.
  warnings.warn("Some of your n(z) or other kernels are negative.")
/lcrc/project/SPT3G/users/ac.yomori/repo/cosmosis-standard-library/structure/projection/projection_tools/kernel.py:35: UserWarning: Some of your n(z) or other kernels are negative.
  warnings.warn("Some of your n(z) or other kernels are negative.")
/lcrc/project/SPT3G/users/ac.yomori/repo/cosmosis-standard-library/shear/cl_to_xi_fullsky/cl_to_xi.py:36: RuntimeWarning: divide by zero encountered in log
  spec = np.exp(self.interp_func(np.log(angle)))
/lcrc/project/SPT3G/users/ac.yomori/repo/cosmosis-standard-library/shear/cl_to_xi_fullsky/cl_to_xi.py:41: RuntimeWarning: divide by zero encountered in log
  spec = self.interp_func(np.log(angle))
/lcrc/project/SPT3G/users/ac.yomori/repo/cosmosis-standard-library/structure/projection/projection_tools/kernel.py:35: UserWarning: Some of your n(z) or other kernels are negative.
  warnings.warn("Some of your n(z) or other kernels are negative.")
/lcrc/project/SPT3G/users/ac.yomori/repo/cosmosis-standard-library/shear/cl_to_xi_fullsky/cl_to_xi.py:36: RuntimeWarning: divide by zero encountered in log
  spec = np.exp(self.interp_func(np.log(angle)))
/lcrc/project/SPT3G/users/ac.yomori/repo/cosmosis-standard-library/shear/cl_to_xi_fullsky/cl_to_xi.py:41: RuntimeWarning: divide by zero encountered in log
  spec = self.interp_func(np.log(angle))
/lcrc/project/SPT3G/users/ac.yomori/repo/cosmosis-standard-library/shear/cl_to_xi_fullsky/cl_to_xi.py:36: RuntimeWarning: divide by zero encountered in log
  spec = np.exp(self.interp_func(np.log(angle)))
/lcrc/project/SPT3G/users/ac.yomori/repo/cosmosis-standard-library/shear/cl_to_xi_fullsky/cl_to_xi.py:36: RuntimeWarning: divide by zero encountered in log
  spec = np.exp(self.interp_func(np.log(angle)))
/lcrc/project/SPT3G/users/ac.yomori/repo/cosmosis-standard-library/shear/cl_to_xi_fullsky/cl_to_xi.py:36: RuntimeWarning: divide by zero encountered in log
  spec = np.exp(self.interp_func(np.log(angle)))
/lcrc/project/SPT3G/users/ac.yomori/repo/cosmosis-standard-library/shear/cl_to_xi_fullsky/cl_to_xi.py:41: RuntimeWarning: divide by zero encountered in log
  spec = self.interp_func(np.log(angle))
/lcrc/project/SPT3G/users/ac.yomori/repo/cosmosis-standard-library/shear/cl_to_xi_fullsky/cl_to_xi.py:41: RuntimeWarning: divide by zero encountered in log
  spec = self.interp_func(np.log(angle))
/lcrc/project/SPT3G/users/ac.yomori/repo/cosmosis-standard-library/shear/cl_to_xi_fullsky/cl_to_xi.py:41: RuntimeWarning: divide by zero encountered in log
  spec = self.interp_func(np.log(angle))
/lcrc/project/SPT3G/users/ac.yomori/repo/cosmosis-standard-library/shear/cl_to_xi_fullsky/cl_to_xi.py:41: RuntimeWarning: divide by zero encountered in log
  spec = self.interp_func(np.log(angle))
/lcrc/project/SPT3G/users/ac.yomori/repo/cosmosis-standard-library/shear/cl_to_xi_fullsky/cl_to_xi.py:36: RuntimeWarning: divide by zero encountered in log
  spec = np.exp(self.interp_func(np.log(angle)))
/lcrc/project/SPT3G/users/ac.yomori/repo/cosmosis-standard-library/shear/cl_to_xi_fullsky/cl_to_xi.py:36: RuntimeWarning: divide by zero encountered in log
  spec = np.exp(self.interp_func(np.log(angle)))
/lcrc/project/SPT3G/users/ac.yomori/repo/cosmosis-standard-library/shear/cl_to_xi_fullsky/cl_to_xi.py:36: RuntimeWarning: divide by zero encountered in log
  spec = np.exp(self.interp_func(np.log(angle)))
/lcrc/project/SPT3G/users/ac.yomori/repo/cosmosis-standard-library/shear/cl_to_xi_fullsky/cl_to_xi.py:36: RuntimeWarning: divide by zero encountered in log
  spec = np.exp(self.interp_func(np.log(angle)))
/lcrc/project/SPT3G/users/ac.yomori/repo/cosmosis-standard-library/shear/cl_to_xi_fullsky/cl_to_xi.py:41: RuntimeWarning: divide by zero encountered in log
  spec = self.interp_func(np.log(angle))
/lcrc/project/SPT3G/users/ac.yomori/repo/cosmosis-standard-library/shear/cl_to_xi_fullsky/cl_to_xi.py:41: RuntimeWarning: divide by zero encountered in log
  spec = self.interp_func(np.log(angle))
/lcrc/project/SPT3G/users/ac.yomori/repo/cosmosis-standard-library/shear/cl_to_xi_fullsky/cl_to_xi.py:41: RuntimeWarning: divide by zero encountered in log
  spec = self.interp_func(np.log(angle))
/lcrc/project/SPT3G/users/ac.yomori/repo/cosmosis-standard-library/shear/cl_to_xi_fullsky/cl_to_xi.py:41: RuntimeWarning: divide by zero encountered in log
  spec = self.interp_func(np.log(angle))
/lcrc/project/SPT3G/users/ac.yomori/repo/cosmosis-standard-library/shear/cl_to_xi_fullsky/cl_to_xi.py:36: RuntimeWarning: divide by zero encountered in log
  spec = np.exp(self.interp_func(np.log(angle)))
/lcrc/project/SPT3G/users/ac.yomori/repo/cosmosis-standard-library/shear/cl_to_xi_fullsky/cl_to_xi.py:41: RuntimeWarning: divide by zero encountered in log
  spec = self.interp_func(np.log(angle))
Pipeline failed on these parameters: [ 1.18727148e+00  9.76909969e-01  2.19847713e-02  5.73573206e-02
  7.10453956e-01  4.97466672e-01  7.82480607e+00  4.24541726e-03
 -1.76711805e-02 -1.82367029e-02 -2.99149268e-02  2.64786372e-02
  2.03354144e-02  1.29849162e-02  3.84091330e-02 -1.15268207e-02
 -4.67283905e-02 -3.57729214e-03 -3.65996290e-03  1.02425530e+00
  1.29666273e+00  8.01093232e-01  8.46765821e-01  1.44980855e+00
  2.67593372e+00  2.05272113e+00  2.15388404e+00 -4.69315909e+00
  4.36912666e+00 -4.62827434e+00 -4.52010103e+00  1.44229701e+00]
Pipeline failed on these parameters: [ 1.10418587e+00  1.00434561e+00  2.21224212e-02  6.99399484e-02
  7.96635194e-01  5.85759051e-01  7.65346439e+00 -1.63951589e-02
 -8.17322834e-03 -2.50688055e-02 -4.60530895e-02  1.63733507e-02
 -1.49660876e-02  2.76863008e-03  8.71598923e-03 -5.21135528e-04
 -3.97386774e-02 -6.74735782e-03 -7.55291091e-03  9.32316908e-01
  1.24659380e+00  8.39588438e-01  9.57045676e-01  2.95849538e+00
  1.37482258e+00  2.26852700e+00  1.46413255e+00 -1.89102625e+00
  3.97799374e+00  1.25350258e+00  3.14947692e+00  3.24861806e-01]
Pipeline failed on these parameters: [ 1.21904673e+00  9.50579955e-01  2.36936338e-02  6.64487723e-02
  7.44306382e-01  4.19284554e-01  7.35971033e+00 -4.63170426e-03
 -2.99310568e-02 -2.99927798e-02 -3.80810311e-02 -1.09458590e-02
 -1.00880385e-02 -4.04270414e-03 -4.04431557e-03  1.86731365e-03
 -4.22752398e-02 -8.89444138e-03 -9.73431977e-03  1.04478271e+00
  1.27014033e+00  9.10228414e-01  1.00952719e+00  1.05999705e+00
  2.34693188e+00  1.05107785e+00  1.61366898e+00 -3.88416281e+00
 -1.88250398e+00 -1.16582439e+00  4.18183059e+00  1.49451048e+00]
Pipeline failed on these parameters: [ 1.09074916e+00  9.95420749e-01  2.02455325e-02  5.66916727e-02
  7.30461666e-01  3.77401770e-01  7.69553345e+00  9.37987966e-03
 -1.37301812e-02 -2.15812680e-02 -5.04905971e-02 -1.19318097e-03
  9.37728580e-04  1.54444934e-02  7.69478512e-04  6.51292416e-03
 -2.72572234e-02 -1.05160984e-02 -1.26548521e-02  8.59261571e-01
  1.43398401e+00  8.47186918e-01  8.77322482e-01  1.29369678e+00
  9.80720838e-01  9.16963248e-01  1.12299293e+00  1.63723135e+00
  4.78923615e+00  1.48951412e+00 -2.99325090e+00  8.15516823e-01]
Pipeline failed on these parameters: [ 1.28360733e+00  8.68605955e-01  2.52639719e-02  5.73150000e-02
  7.62413652e-01  4.36728338e-01  7.71701584e+00  5.68784110e-04
 -1.28606425e-02 -3.05799759e-02 -3.65490548e-02  9.15354684e-03
  1.78406280e-02  9.98015115e-03 -1.45307878e-02  2.08862143e-04
 -3.91278095e-02  6.90646380e-04 -1.08381438e-02  9.51148617e-01
  1.33378764e+00  8.47624055e-01  9.05119823e-01  2.24893958e+00
  1.65983561e+00  8.57785996e-01  2.39141193e+00  1.49195160e+00
 -2.96434462e+00 -2.52526735e+00 -4.55168604e+00  1.56213071e+00]
Pipeline failed on these parameters: [ 1.28601024e+00  1.06594824e+00  1.98039835e-02  7.00003985e-02
  8.15411125e-01  2.80358946e-01  7.36646921e+00  3.37726200e-04
 -3.67753263e-02 -1.34771394e-02 -4.38622170e-02 -1.65809855e-02
 -3.10774018e-02 -1.75782112e-02  1.64977617e-02 -2.44893769e-03
 -4.60638568e-02 -1.13811018e-02 -1.53031646e-03  8.52240665e-01
  1.30657645e+00  8.81072383e-01  8.98895857e-01  9.17850618e-01
  2.90224121e+00  2.66713761e+00  1.05802901e+00  2.76724925e+00
  5.71640794e-01 -5.36226230e-01 -1.15976202e+00  8.23529230e-01]
Pipeline failed on these parameters: [ 1.13359842e+00  8.48019991e-01  2.04290023e-02  5.75575397e-02
  6.50806884e-01  1.21564952e-01  7.35256316e+00 -1.92219499e-04
 -1.32384639e-02 -2.96251582e-02 -3.57405741e-02  8.90661497e-03
  6.67815479e-03 -8.10272206e-04 -2.69775293e-02 -1.79307030e-02
 -2.44198571e-02 -8.47277530e-03 -1.56108165e-03  1.02556701e+00
  1.38280495e+00  8.24757839e-01  8.79624308e-01  1.64187260e+00
  2.92180360e+00  2.98612137e+00  2.87776676e+00  3.29539137e+00
 -3.52868168e+00  4.72363755e-01 -3.58939303e+00  2.36869822e-01]
/lcrc/project/SPT3G/users/ac.yomori/repo/cosmosis-standard-library/structure/projection/projection_tools/kernel.py:35: UserWarning: Some of your n(z) or other kernels are negative.
  warnings.warn("Some of your n(z) or other kernels are negative.")
/lcrc/project/SPT3G/users/ac.yomori/repo/cosmosis-standard-library/shear/cl_to_xi_fullsky/cl_to_xi.py:36: RuntimeWarning: divide by zero encountered in log
  spec = np.exp(self.interp_func(np.log(angle)))
/lcrc/project/SPT3G/users/ac.yomori/repo/cosmosis-standard-library/structure/projection/projection_tools/kernel.py:35: UserWarning: Some of your n(z) or other kernels are negative.
  warnings.warn("Some of your n(z) or other kernels are negative.")
/lcrc/project/SPT3G/users/ac.yomori/repo/cosmosis-standard-library/structure/projection/projection_tools/kernel.py:35: UserWarning: Some of your n(z) or other kernels are negative.
  warnings.warn("Some of your n(z) or other kernels are negative.")
/lcrc/project/SPT3G/users/ac.yomori/repo/cosmosis-standard-library/structure/projection/projection_tools/kernel.py:35: UserWarning: Some of your n(z) or other kernels are negative.
  warnings.warn("Some of your n(z) or other kernels are negative.")
/lcrc/project/SPT3G/users/ac.yomori/repo/cosmosis-standard-library/structure/projection/projection_tools/kernel.py:35: UserWarning: Some of your n(z) or other kernels are negative.
  warnings.warn("Some of your n(z) or other kernels are negative.")
/lcrc/project/SPT3G/users/ac.yomori/repo/cosmosis-standard-library/structure/projection/projection_tools/kernel.py:35: UserWarning: Some of your n(z) or other kernels are negative.
  warnings.warn("Some of your n(z) or other kernels are negative.")
/lcrc/project/SPT3G/users/ac.yomori/repo/cosmosis-standard-library/shear/cl_to_xi_fullsky/cl_to_xi.py:36: RuntimeWarning: divide by zero encountered in log
  spec = np.exp(self.interp_func(np.log(angle)))
/lcrc/project/SPT3G/users/ac.yomori/repo/cosmosis-standard-library/shear/cl_to_xi_fullsky/cl_to_xi.py:41: RuntimeWarning: divide by zero encountered in log
  spec = self.interp_func(np.log(angle))
/lcrc/project/SPT3G/users/ac.yomori/repo/cosmosis-standard-library/structure/projection/projection_tools/kernel.py:35: UserWarning: Some of your n(z) or other kernels are negative.
  warnings.warn("Some of your n(z) or other kernels are negative.")
/lcrc/project/SPT3G/users/ac.yomori/repo/cosmosis-standard-library/structure/projection/projection_tools/kernel.py:35: UserWarning: Some of your n(z) or other kernels are negative.
  warnings.warn("Some of your n(z) or other kernels are negative.")
/lcrc/project/SPT3G/users/ac.yomori/repo/cosmosis-standard-library/shear/cl_to_xi_fullsky/cl_to_xi.py:36: RuntimeWarning: divide by zero encountered in log
  spec = np.exp(self.interp_func(np.log(angle)))
/lcrc/project/SPT3G/users/ac.yomori/repo/cosmosis-standard-library/shear/cl_to_xi_fullsky/cl_to_xi.py:41: RuntimeWarning: divide by zero encountered in log
  spec = self.interp_func(np.log(angle))
/lcrc/project/SPT3G/users/ac.yomori/repo/cosmosis-standard-library/shear/cl_to_xi_fullsky/cl_to_xi.py:38: RuntimeWarning: divide by zero encountered in log
  spec = -np.exp(self.interp_func(np.log(angle)))
/lcrc/project/SPT3G/users/ac.yomori/repo/cosmosis-standard-library/shear/cl_to_xi_fullsky/cl_to_xi.py:38: RuntimeWarning: divide by zero encountered in log
  spec = -np.exp(self.interp_func(np.log(angle)))
/lcrc/project/SPT3G/users/ac.yomori/repo/cosmosis-standard-library/shear/cl_to_xi_fullsky/cl_to_xi.py:36: RuntimeWarning: divide by zero encountered in log
  spec = np.exp(self.interp_func(np.log(angle)))
/lcrc/project/SPT3G/users/ac.yomori/repo/cosmosis-standard-library/structure/projection/projection_tools/kernel.py:35: UserWarning: Some of your n(z) or other kernels are negative.
  warnings.warn("Some of your n(z) or other kernels are negative.")
/lcrc/project/SPT3G/users/ac.yomori/repo/cosmosis-standard-library/structure/projection/projection_tools/kernel.py:35: UserWarning: Some of your n(z) or other kernels are negative.
  warnings.warn("Some of your n(z) or other kernels are negative.")
/lcrc/project/SPT3G/users/ac.yomori/repo/cosmosis-standard-library/shear/cl_to_xi_fullsky/cl_to_xi.py:41: RuntimeWarning: divide by zero encountered in log
  spec = self.interp_func(np.log(angle))
/lcrc/project/SPT3G/users/ac.yomori/repo/cosmosis-standard-library/structure/projection/projection_tools/kernel.py:178: RuntimeWarning: invalid value encountered in divide
  nchi_spline.y * (nchi_spline.x - chi)/nchi_spline.x, 0.)
/lcrc/project/SPT3G/users/ac.yomori/repo/cosmosis-standard-library/structure/projection/projection_tools/kernel.py:178: RuntimeWarning: divide by zero encountered in divide
  nchi_spline.y * (nchi_spline.x - chi)/nchi_spline.x, 0.)
/lcrc/project/SPT3G/users/ac.yomori/repo/cosmosis-standard-library/shear/cl_to_xi_fullsky/cl_to_xi.py:36: RuntimeWarning: divide by zero encountered in log
  spec = np.exp(self.interp_func(np.log(angle)))
/lcrc/project/SPT3G/users/ac.yomori/repo/cosmosis-standard-library/structure/projection/projection_tools/kernel.py:35: UserWarning: Some of your n(z) or other kernels are negative.
  warnings.warn("Some of your n(z) or other kernels are negative.")
/lcrc/project/SPT3G/users/ac.yomori/repo/cosmosis-standard-library/shear/cl_to_xi_fullsky/cl_to_xi.py:41: RuntimeWarning: divide by zero encountered in log
  spec = self.interp_func(np.log(angle))
/lcrc/project/SPT3G/users/ac.yomori/repo/cosmosis-standard-library/structure/projection/projection_tools/kernel.py:35: UserWarning: Some of your n(z) or other kernels are negative.
  warnings.warn("Some of your n(z) or other kernels are negative.")
/lcrc/project/SPT3G/users/ac.yomori/repo/cosmosis-standard-library/shear/cl_to_xi_fullsky/cl_to_xi.py:38: RuntimeWarning: divide by zero encountered in log
  spec = -np.exp(self.interp_func(np.log(angle)))
/lcrc/project/SPT3G/users/ac.yomori/repo/cosmosis-standard-library/structure/projection/projection_tools/kernel.py:35: UserWarning: Some of your n(z) or other kernels are negative.
  warnings.warn("Some of your n(z) or other kernels are negative.")
/lcrc/project/SPT3G/users/ac.yomori/repo/cosmosis-standard-library/structure/projection/projection_tools/kernel.py:35: UserWarning: Some of your n(z) or other kernels are negative.
  warnings.warn("Some of your n(z) or other kernels are negative.")
/lcrc/project/SPT3G/users/ac.yomori/repo/cosmosis-standard-library/structure/projection/projection_tools/kernel.py:35: UserWarning: Some of your n(z) or other kernels are negative.
  warnings.warn("Some of your n(z) or other kernels are negative.")
/lcrc/project/SPT3G/users/ac.yomori/repo/cosmosis-standard-library/shear/cl_to_xi_fullsky/cl_to_xi.py:36: RuntimeWarning: divide by zero encountered in log
  spec = np.exp(self.interp_func(np.log(angle)))
/lcrc/project/SPT3G/users/ac.yomori/repo/cosmosis-standard-library/shear/cl_to_xi_fullsky/cl_to_xi.py:38: RuntimeWarning: divide by zero encountered in log
  spec = -np.exp(self.interp_func(np.log(angle)))
/lcrc/project/SPT3G/users/ac.yomori/repo/cosmosis-standard-library/shear/cl_to_xi_fullsky/cl_to_xi.py:41: RuntimeWarning: divide by zero encountered in log
  spec = self.interp_func(np.log(angle))
/lcrc/project/SPT3G/users/ac.yomori/repo/cosmosis-standard-library/shear/cl_to_xi_fullsky/cl_to_xi.py:38: RuntimeWarning: divide by zero encountered in log
  spec = -np.exp(self.interp_func(np.log(angle)))
/lcrc/project/SPT3G/users/ac.yomori/repo/cosmosis-standard-library/structure/projection/projection_tools/kernel.py:35: UserWarning: Some of your n(z) or other kernels are negative.
  warnings.warn("Some of your n(z) or other kernels are negative.")
/lcrc/project/SPT3G/users/ac.yomori/repo/cosmosis-standard-library/structure/projection/projection_tools/kernel.py:35: UserWarning: Some of your n(z) or other kernels are negative.
  warnings.warn("Some of your n(z) or other kernels are negative.")
/lcrc/project/SPT3G/users/ac.yomori/repo/cosmosis-standard-library/structure/projection/projection_tools/kernel.py:35: UserWarning: Some of your n(z) or other kernels are negative.
  warnings.warn("Some of your n(z) or other kernels are negative.")
/lcrc/project/SPT3G/users/ac.yomori/repo/cosmosis-standard-library/shear/cl_to_xi_fullsky/cl_to_xi.py:36: RuntimeWarning: divide by zero encountered in log
  spec = np.exp(self.interp_func(np.log(angle)))
/lcrc/project/SPT3G/users/ac.yomori/repo/cosmosis-standard-library/structure/projection/projection_tools/kernel.py:35: UserWarning: Some of your n(z) or other kernels are negative.
  warnings.warn("Some of your n(z) or other kernels are negative.")
/lcrc/project/SPT3G/users/ac.yomori/repo/cosmosis-standard-library/shear/cl_to_xi_fullsky/cl_to_xi.py:36: RuntimeWarning: divide by zero encountered in log
  spec = np.exp(self.interp_func(np.log(angle)))
/lcrc/project/SPT3G/users/ac.yomori/repo/cosmosis-standard-library/shear/cl_to_xi_fullsky/cl_to_xi.py:41: RuntimeWarning: divide by zero encountered in log
  spec = self.interp_func(np.log(angle))
/lcrc/project/SPT3G/users/ac.yomori/repo/cosmosis-standard-library/shear/cl_to_xi_fullsky/cl_to_xi.py:36: RuntimeWarning: divide by zero encountered in log
  spec = np.exp(self.interp_func(np.log(angle)))
/lcrc/project/SPT3G/users/ac.yomori/repo/cosmosis-standard-library/structure/projection/projection_tools/kernel.py:35: UserWarning: Some of your n(z) or other kernels are negative.
  warnings.warn("Some of your n(z) or other kernels are negative.")
/lcrc/project/SPT3G/users/ac.yomori/repo/cosmosis-standard-library/structure/projection/projection_tools/kernel.py:35: UserWarning: Some of your n(z) or other kernels are negative.
  warnings.warn("Some of your n(z) or other kernels are negative.")
/lcrc/project/SPT3G/users/ac.yomori/repo/cosmosis-standard-library/structure/projection/projection_tools/kernel.py:35: UserWarning: Some of your n(z) or other kernels are negative.
  warnings.warn("Some of your n(z) or other kernels are negative.")
/lcrc/project/SPT3G/users/ac.yomori/repo/cosmosis-standard-library/structure/projection/projection_tools/kernel.py:35: UserWarning: Some of your n(z) or other kernels are negative.
  warnings.warn("Some of your n(z) or other kernels are negative.")
/lcrc/project/SPT3G/users/ac.yomori/repo/cosmosis-standard-library/shear/cl_to_xi_fullsky/cl_to_xi.py:38: RuntimeWarning: divide by zero encountered in log
  spec = -np.exp(self.interp_func(np.log(angle)))
/lcrc/project/SPT3G/users/ac.yomori/repo/cosmosis-standard-library/shear/cl_to_xi_fullsky/cl_to_xi.py:36: RuntimeWarning: divide by zero encountered in log
  spec = np.exp(self.interp_func(np.log(angle)))
/lcrc/project/SPT3G/users/ac.yomori/repo/cosmosis-standard-library/shear/cl_to_xi_fullsky/cl_to_xi.py:41: RuntimeWarning: divide by zero encountered in log
  spec = self.interp_func(np.log(angle))
/lcrc/project/SPT3G/users/ac.yomori/repo/cosmosis-standard-library/structure/projection/projection_tools/kernel.py:35: UserWarning: Some of your n(z) or other kernels are negative.
  warnings.warn("Some of your n(z) or other kernels are negative.")
/lcrc/project/SPT3G/users/ac.yomori/repo/cosmosis-standard-library/shear/cl_to_xi_fullsky/cl_to_xi.py:36: RuntimeWarning: divide by zero encountered in log
  spec = np.exp(self.interp_func(np.log(angle)))
/lcrc/project/SPT3G/users/ac.yomori/repo/cosmosis-standard-library/structure/projection/projection_tools/kernel.py:35: UserWarning: Some of your n(z) or other kernels are negative.
  warnings.warn("Some of your n(z) or other kernels are negative.")
/lcrc/project/SPT3G/users/ac.yomori/repo/cosmosis-standard-library/shear/cl_to_xi_fullsky/cl_to_xi.py:36: RuntimeWarning: divide by zero encountered in log
  spec = np.exp(self.interp_func(np.log(angle)))
/lcrc/project/SPT3G/users/ac.yomori/repo/cosmosis-standard-library/shear/cl_to_xi_fullsky/cl_to_xi.py:41: RuntimeWarning: divide by zero encountered in log
  spec = self.interp_func(np.log(angle))
/lcrc/project/SPT3G/users/ac.yomori/repo/cosmosis-standard-library/shear/cl_to_xi_fullsky/cl_to_xi.py:36: RuntimeWarning: divide by zero encountered in log
  spec = np.exp(self.interp_func(np.log(angle)))
/lcrc/project/SPT3G/users/ac.yomori/repo/cosmosis-standard-library/structure/projection/projection_tools/kernel.py:35: UserWarning: Some of your n(z) or other kernels are negative.
  warnings.warn("Some of your n(z) or other kernels are negative.")
/lcrc/project/SPT3G/users/ac.yomori/repo/cosmosis-standard-library/shear/cl_to_xi_fullsky/cl_to_xi.py:41: RuntimeWarning: divide by zero encountered in log
  spec = self.interp_func(np.log(angle))
/lcrc/project/SPT3G/users/ac.yomori/repo/cosmosis-standard-library/shear/cl_to_xi_fullsky/cl_to_xi.py:38: RuntimeWarning: divide by zero encountered in log
  spec = -np.exp(self.interp_func(np.log(angle)))
/lcrc/project/SPT3G/users/ac.yomori/repo/cosmosis-standard-library/shear/cl_to_xi_fullsky/cl_to_xi.py:41: RuntimeWarning: divide by zero encountered in log
  spec = self.interp_func(np.log(angle))
/lcrc/project/SPT3G/users/ac.yomori/repo/cosmosis-standard-library/shear/cl_to_xi_fullsky/cl_to_xi.py:36: RuntimeWarning: divide by zero encountered in log
  spec = np.exp(self.interp_func(np.log(angle)))
/lcrc/project/SPT3G/users/ac.yomori/repo/cosmosis-standard-library/shear/cl_to_xi_fullsky/cl_to_xi.py:41: RuntimeWarning: divide by zero encountered in log
  spec = self.interp_func(np.log(angle))
/lcrc/project/SPT3G/users/ac.yomori/repo/cosmosis-standard-library/structure/projection/projection_tools/kernel.py:35: UserWarning: Some of your n(z) or other kernels are negative.
  warnings.warn("Some of your n(z) or other kernels are negative.")
/lcrc/project/SPT3G/users/ac.yomori/repo/cosmosis-standard-library/shear/cl_to_xi_fullsky/cl_to_xi.py:36: RuntimeWarning: divide by zero encountered in log
  spec = np.exp(self.interp_func(np.log(angle)))
/lcrc/project/SPT3G/users/ac.yomori/repo/cosmosis-standard-library/shear/cl_to_xi_fullsky/cl_to_xi.py:36: RuntimeWarning: divide by zero encountered in log
  spec = np.exp(self.interp_func(np.log(angle)))
/lcrc/project/SPT3G/users/ac.yomori/repo/cosmosis-standard-library/shear/cl_to_xi_fullsky/cl_to_xi.py:41: RuntimeWarning: divide by zero encountered in log
  spec = self.interp_func(np.log(angle))
/lcrc/project/SPT3G/users/ac.yomori/repo/cosmosis-standard-library/shear/cl_to_xi_fullsky/cl_to_xi.py:36: RuntimeWarning: divide by zero encountered in log
  spec = np.exp(self.interp_func(np.log(angle)))
/lcrc/project/SPT3G/users/ac.yomori/repo/cosmosis-standard-library/shear/cl_to_xi_fullsky/cl_to_xi.py:41: RuntimeWarning: divide by zero encountered in log
  spec = self.interp_func(np.log(angle))
/lcrc/project/SPT3G/users/ac.yomori/repo/cosmosis-standard-library/structure/projection/projection_tools/kernel.py:35: UserWarning: Some of your n(z) or other kernels are negative.
  warnings.warn("Some of your n(z) or other kernels are negative.")
/lcrc/project/SPT3G/users/ac.yomori/repo/cosmosis-standard-library/structure/projection/projection_tools/kernel.py:35: UserWarning: Some of your n(z) or other kernels are negative.
  warnings.warn("Some of your n(z) or other kernels are negative.")
/lcrc/project/SPT3G/users/ac.yomori/repo/cosmosis-standard-library/shear/cl_to_xi_fullsky/cl_to_xi.py:36: RuntimeWarning: divide by zero encountered in log
  spec = np.exp(self.interp_func(np.log(angle)))
/lcrc/project/SPT3G/users/ac.yomori/repo/cosmosis-standard-library/shear/cl_to_xi_fullsky/cl_to_xi.py:38: RuntimeWarning: divide by zero encountered in log
  spec = -np.exp(self.interp_func(np.log(angle)))
/lcrc/project/SPT3G/users/ac.yomori/repo/cosmosis-standard-library/shear/cl_to_xi_fullsky/cl_to_xi.py:36: RuntimeWarning: divide by zero encountered in log
  spec = np.exp(self.interp_func(np.log(angle)))
/lcrc/project/SPT3G/users/ac.yomori/repo/cosmosis-standard-library/shear/cl_to_xi_fullsky/cl_to_xi.py:41: RuntimeWarning: divide by zero encountered in log
  spec = self.interp_func(np.log(angle))
/lcrc/project/SPT3G/users/ac.yomori/repo/cosmosis-standard-library/shear/cl_to_xi_fullsky/cl_to_xi.py:36: RuntimeWarning: divide by zero encountered in log
  spec = np.exp(self.interp_func(np.log(angle)))
/lcrc/project/SPT3G/users/ac.yomori/repo/cosmosis-standard-library/shear/cl_to_xi_fullsky/cl_to_xi.py:41: RuntimeWarning: divide by zero encountered in log
  spec = self.interp_func(np.log(angle))
/lcrc/project/SPT3G/users/ac.yomori/repo/cosmosis-standard-library/shear/cl_to_xi_fullsky/cl_to_xi.py:36: RuntimeWarning: divide by zero encountered in log
  spec = np.exp(self.interp_func(np.log(angle)))
/lcrc/project/SPT3G/users/ac.yomori/repo/cosmosis-standard-library/shear/cl_to_xi_fullsky/cl_to_xi.py:36: RuntimeWarning: divide by zero encountered in log
  spec = np.exp(self.interp_func(np.log(angle)))
/lcrc/project/SPT3G/users/ac.yomori/repo/cosmosis-standard-library/shear/cl_to_xi_fullsky/cl_to_xi.py:36: RuntimeWarning: divide by zero encountered in log
  spec = np.exp(self.interp_func(np.log(angle)))
/lcrc/project/SPT3G/users/ac.yomori/repo/cosmosis-standard-library/shear/cl_to_xi_fullsky/cl_to_xi.py:36: RuntimeWarning: divide by zero encountered in log
  spec = np.exp(self.interp_func(np.log(angle)))
/lcrc/project/SPT3G/users/ac.yomori/repo/cosmosis-standard-library/structure/projection/projection_tools/kernel.py:35: UserWarning: Some of your n(z) or other kernels are negative.
  warnings.warn("Some of your n(z) or other kernels are negative.")
/lcrc/project/SPT3G/users/ac.yomori/repo/cosmosis-standard-library/structure/projection/projection_tools/kernel.py:35: UserWarning: Some of your n(z) or other kernels are negative.
  warnings.warn("Some of your n(z) or other kernels are negative.")
/lcrc/project/SPT3G/users/ac.yomori/repo/cosmosis-standard-library/shear/cl_to_xi_fullsky/cl_to_xi.py:41: RuntimeWarning: divide by zero encountered in log
  spec = self.interp_func(np.log(angle))
/lcrc/project/SPT3G/users/ac.yomori/repo/cosmosis-standard-library/shear/cl_to_xi_fullsky/cl_to_xi.py:38: RuntimeWarning: divide by zero encountered in log
  spec = -np.exp(self.interp_func(np.log(angle)))
/lcrc/project/SPT3G/users/ac.yomori/repo/cosmosis-standard-library/structure/projection/projection_tools/kernel.py:35: UserWarning: Some of your n(z) or other kernels are negative.
  warnings.warn("Some of your n(z) or other kernels are negative.")
/lcrc/project/SPT3G/users/ac.yomori/repo/cosmosis-standard-library/shear/cl_to_xi_fullsky/cl_to_xi.py:41: RuntimeWarning: divide by zero encountered in log
  spec = self.interp_func(np.log(angle))
/lcrc/project/SPT3G/users/ac.yomori/repo/cosmosis-standard-library/structure/projection/projection_tools/kernel.py:178: RuntimeWarning: invalid value encountered in divide
  nchi_spline.y * (nchi_spline.x - chi)/nchi_spline.x, 0.)
/lcrc/project/SPT3G/users/ac.yomori/repo/cosmosis-standard-library/structure/projection/projection_tools/kernel.py:178: RuntimeWarning: divide by zero encountered in divide
  nchi_spline.y * (nchi_spline.x - chi)/nchi_spline.x, 0.)
/lcrc/project/SPT3G/users/ac.yomori/repo/cosmosis-standard-library/shear/cl_to_xi_fullsky/cl_to_xi.py:36: RuntimeWarning: divide by zero encountered in log
  spec = np.exp(self.interp_func(np.log(angle)))
/lcrc/project/SPT3G/users/ac.yomori/repo/cosmosis-standard-library/shear/cl_to_xi_fullsky/cl_to_xi.py:36: RuntimeWarning: divide by zero encountered in log
  spec = np.exp(self.interp_func(np.log(angle)))
/lcrc/project/SPT3G/users/ac.yomori/repo/cosmosis-standard-library/shear/cl_to_xi_fullsky/cl_to_xi.py:38: RuntimeWarning: divide by zero encountered in log
  spec = -np.exp(self.interp_func(np.log(angle)))
/lcrc/project/SPT3G/users/ac.yomori/repo/cosmosis-standard-library/shear/cl_to_xi_fullsky/cl_to_xi.py:36: RuntimeWarning: divide by zero encountered in log
  spec = np.exp(self.interp_func(np.log(angle)))
/lcrc/project/SPT3G/users/ac.yomori/repo/cosmosis-standard-library/structure/projection/projection_tools/kernel.py:35: UserWarning: Some of your n(z) or other kernels are negative.
  warnings.warn("Some of your n(z) or other kernels are negative.")
/lcrc/project/SPT3G/users/ac.yomori/repo/cosmosis-standard-library/shear/cl_to_xi_fullsky/cl_to_xi.py:41: RuntimeWarning: divide by zero encountered in log
  spec = self.interp_func(np.log(angle))
/lcrc/project/SPT3G/users/ac.yomori/repo/cosmosis-standard-library/structure/projection/projection_tools/kernel.py:35: UserWarning: Some of your n(z) or other kernels are negative.
  warnings.warn("Some of your n(z) or other kernels are negative.")
/lcrc/project/SPT3G/users/ac.yomori/repo/cosmosis-standard-library/structure/projection/projection_tools/kernel.py:35: UserWarning: Some of your n(z) or other kernels are negative.
  warnings.warn("Some of your n(z) or other kernels are negative.")
/lcrc/project/SPT3G/users/ac.yomori/repo/cosmosis-standard-library/structure/projection/projection_tools/kernel.py:35: UserWarning: Some of your n(z) or other kernels are negative.
  warnings.warn("Some of your n(z) or other kernels are negative.")
/lcrc/project/SPT3G/users/ac.yomori/repo/cosmosis-standard-library/structure/projection/projection_tools/kernel.py:35: UserWarning: Some of your n(z) or other kernels are negative.
  warnings.warn("Some of your n(z) or other kernels are negative.")
/lcrc/project/SPT3G/users/ac.yomori/repo/cosmosis-standard-library/structure/projection/projection_tools/kernel.py:35: UserWarning: Some of your n(z) or other kernels are negative.
  warnings.warn("Some of your n(z) or other kernels are negative.")
/lcrc/project/SPT3G/users/ac.yomori/repo/cosmosis-standard-library/structure/projection/projection_tools/kernel.py:35: UserWarning: Some of your n(z) or other kernels are negative.
  warnings.warn("Some of your n(z) or other kernels are negative.")
/lcrc/project/SPT3G/users/ac.yomori/repo/cosmosis-standard-library/structure/projection/projection_tools/kernel.py:35: UserWarning: Some of your n(z) or other kernels are negative.
  warnings.warn("Some of your n(z) or other kernels are negative.")
/lcrc/project/SPT3G/users/ac.yomori/repo/cosmosis-standard-library/structure/projection/projection_tools/kernel.py:35: UserWarning: Some of your n(z) or other kernels are negative.
  warnings.warn("Some of your n(z) or other kernels are negative.")
/lcrc/project/SPT3G/users/ac.yomori/repo/cosmosis-standard-library/structure/projection/projection_tools/kernel.py:35: UserWarning: Some of your n(z) or other kernels are negative.
  warnings.warn("Some of your n(z) or other kernels are negative.")
/lcrc/project/SPT3G/users/ac.yomori/repo/cosmosis-standard-library/shear/cl_to_xi_fullsky/cl_to_xi.py:36: RuntimeWarning: divide by zero encountered in log
  spec = np.exp(self.interp_func(np.log(angle)))
/lcrc/project/SPT3G/users/ac.yomori/repo/cosmosis-standard-library/shear/cl_to_xi_fullsky/cl_to_xi.py:41: RuntimeWarning: divide by zero encountered in log
  spec = self.interp_func(np.log(angle))
/lcrc/project/SPT3G/users/ac.yomori/repo/cosmosis-standard-library/structure/projection/projection_tools/kernel.py:35: UserWarning: Some of your n(z) or other kernels are negative.
  warnings.warn("Some of your n(z) or other kernels are negative.")
/lcrc/project/SPT3G/users/ac.yomori/repo/cosmosis-standard-library/structure/projection/projection_tools/kernel.py:35: UserWarning: Some of your n(z) or other kernels are negative.
  warnings.warn("Some of your n(z) or other kernels are negative.")
/lcrc/project/SPT3G/users/ac.yomori/repo/cosmosis-standard-library/shear/cl_to_xi_fullsky/cl_to_xi.py:38: RuntimeWarning: divide by zero encountered in log
  spec = -np.exp(self.interp_func(np.log(angle)))
/lcrc/project/SPT3G/users/ac.yomori/repo/cosmosis-standard-library/shear/cl_to_xi_fullsky/cl_to_xi.py:36: RuntimeWarning: divide by zero encountered in log
  spec = np.exp(self.interp_func(np.log(angle)))
/lcrc/project/SPT3G/users/ac.yomori/repo/cosmosis-standard-library/shear/cl_to_xi_fullsky/cl_to_xi.py:41: RuntimeWarning: divide by zero encountered in log
  spec = self.interp_func(np.log(angle))
/lcrc/project/SPT3G/users/ac.yomori/repo/cosmosis-standard-library/structure/projection/projection_tools/kernel.py:35: UserWarning: Some of your n(z) or other kernels are negative.
  warnings.warn("Some of your n(z) or other kernels are negative.")
/lcrc/project/SPT3G/users/ac.yomori/repo/cosmosis-standard-library/structure/projection/projection_tools/kernel.py:35: UserWarning: Some of your n(z) or other kernels are negative.
  warnings.warn("Some of your n(z) or other kernels are negative.")
/lcrc/project/SPT3G/users/ac.yomori/repo/cosmosis-standard-library/structure/projection/projection_tools/kernel.py:35: UserWarning: Some of your n(z) or other kernels are negative.
  warnings.warn("Some of your n(z) or other kernels are negative.")
/lcrc/project/SPT3G/users/ac.yomori/repo/cosmosis-standard-library/structure/projection/projection_tools/kernel.py:35: UserWarning: Some of your n(z) or other kernels are negative.
  warnings.warn("Some of your n(z) or other kernels are negative.")
/lcrc/project/SPT3G/users/ac.yomori/repo/cosmosis-standard-library/structure/projection/projection_tools/kernel.py:35: UserWarning: Some of your n(z) or other kernels are negative.
  warnings.warn("Some of your n(z) or other kernels are negative.")
/lcrc/project/SPT3G/users/ac.yomori/repo/cosmosis-standard-library/shear/cl_to_xi_fullsky/cl_to_xi.py:38: RuntimeWarning: divide by zero encountered in log
  spec = -np.exp(self.interp_func(np.log(angle)))
/lcrc/project/SPT3G/users/ac.yomori/repo/cosmosis-standard-library/shear/cl_to_xi_fullsky/cl_to_xi.py:38: RuntimeWarning: divide by zero encountered in log
  spec = -np.exp(self.interp_func(np.log(angle)))
/lcrc/project/SPT3G/users/ac.yomori/repo/cosmosis-standard-library/structure/projection/projection_tools/kernel.py:35: UserWarning: Some of your n(z) or other kernels are negative.
  warnings.warn("Some of your n(z) or other kernels are negative.")
/lcrc/project/SPT3G/users/ac.yomori/repo/cosmosis-standard-library/structure/projection/projection_tools/kernel.py:35: UserWarning: Some of your n(z) or other kernels are negative.
  warnings.warn("Some of your n(z) or other kernels are negative.")
/lcrc/project/SPT3G/users/ac.yomori/repo/cosmosis-standard-library/structure/projection/projection_tools/kernel.py:35: UserWarning: Some of your n(z) or other kernels are negative.
  warnings.warn("Some of your n(z) or other kernels are negative.")
/lcrc/project/SPT3G/users/ac.yomori/repo/cosmosis-standard-library/shear/cl_to_xi_fullsky/cl_to_xi.py:36: RuntimeWarning: divide by zero encountered in log
  spec = np.exp(self.interp_func(np.log(angle)))
/lcrc/project/SPT3G/users/ac.yomori/repo/cosmosis-standard-library/shear/cl_to_xi_fullsky/cl_to_xi.py:38: RuntimeWarning: divide by zero encountered in log
  spec = -np.exp(self.interp_func(np.log(angle)))
/lcrc/project/SPT3G/users/ac.yomori/repo/cosmosis-standard-library/structure/projection/projection_tools/kernel.py:35: UserWarning: Some of your n(z) or other kernels are negative.
  warnings.warn("Some of your n(z) or other kernels are negative.")
/lcrc/project/SPT3G/users/ac.yomori/repo/cosmosis-standard-library/shear/cl_to_xi_fullsky/cl_to_xi.py:36: RuntimeWarning: divide by zero encountered in log
  spec = np.exp(self.interp_func(np.log(angle)))
/lcrc/project/SPT3G/users/ac.yomori/repo/cosmosis-standard-library/shear/cl_to_xi_fullsky/cl_to_xi.py:41: RuntimeWarning: divide by zero encountered in log
  spec = self.interp_func(np.log(angle))
/lcrc/project/SPT3G/users/ac.yomori/repo/cosmosis-standard-library/shear/cl_to_xi_fullsky/cl_to_xi.py:36: RuntimeWarning: divide by zero encountered in log
  spec = np.exp(self.interp_func(np.log(angle)))
/lcrc/project/SPT3G/users/ac.yomori/repo/cosmosis-standard-library/structure/projection/projection_tools/kernel.py:35: UserWarning: Some of your n(z) or other kernels are negative.
  warnings.warn("Some of your n(z) or other kernels are negative.")
/lcrc/project/SPT3G/users/ac.yomori/repo/cosmosis-standard-library/structure/projection/projection_tools/kernel.py:35: UserWarning: Some of your n(z) or other kernels are negative.
  warnings.warn("Some of your n(z) or other kernels are negative.")
/lcrc/project/SPT3G/users/ac.yomori/repo/cosmosis-standard-library/structure/projection/projection_tools/kernel.py:35: UserWarning: Some of your n(z) or other kernels are negative.
  warnings.warn("Some of your n(z) or other kernels are negative.")
/lcrc/project/SPT3G/users/ac.yomori/repo/cosmosis-standard-library/shear/cl_to_xi_fullsky/cl_to_xi.py:36: RuntimeWarning: divide by zero encountered in log
  spec = np.exp(self.interp_func(np.log(angle)))
/lcrc/project/SPT3G/users/ac.yomori/repo/cosmosis-standard-library/structure/projection/projection_tools/kernel.py:35: UserWarning: Some of your n(z) or other kernels are negative.
  warnings.warn("Some of your n(z) or other kernels are negative.")
/lcrc/project/SPT3G/users/ac.yomori/repo/cosmosis-standard-library/shear/cl_to_xi_fullsky/cl_to_xi.py:41: RuntimeWarning: divide by zero encountered in log
  spec = self.interp_func(np.log(angle))
/lcrc/project/SPT3G/users/ac.yomori/repo/cosmosis-standard-library/shear/cl_to_xi_fullsky/cl_to_xi.py:41: RuntimeWarning: divide by zero encountered in log
  spec = self.interp_func(np.log(angle))
/lcrc/project/SPT3G/users/ac.yomori/repo/cosmosis-standard-library/structure/projection/projection_tools/kernel.py:35: UserWarning: Some of your n(z) or other kernels are negative.
  warnings.warn("Some of your n(z) or other kernels are negative.")
/lcrc/project/SPT3G/users/ac.yomori/repo/cosmosis-standard-library/structure/projection/projection_tools/kernel.py:35: UserWarning: Some of your n(z) or other kernels are negative.
  warnings.warn("Some of your n(z) or other kernels are negative.")
/lcrc/project/SPT3G/users/ac.yomori/repo/cosmosis-standard-library/shear/cl_to_xi_fullsky/cl_to_xi.py:36: RuntimeWarning: divide by zero encountered in log
  spec = np.exp(self.interp_func(np.log(angle)))
/lcrc/project/SPT3G/users/ac.yomori/repo/cosmosis-standard-library/shear/cl_to_xi_fullsky/cl_to_xi.py:41: RuntimeWarning: divide by zero encountered in log
  spec = self.interp_func(np.log(angle))
/lcrc/project/SPT3G/users/ac.yomori/repo/cosmosis-standard-library/shear/cl_to_xi_fullsky/cl_to_xi.py:41: RuntimeWarning: divide by zero encountered in log
  spec = self.interp_func(np.log(angle))
/lcrc/project/SPT3G/users/ac.yomori/repo/cosmosis-standard-library/structure/projection/projection_tools/kernel.py:35: UserWarning: Some of your n(z) or other kernels are negative.
  warnings.warn("Some of your n(z) or other kernels are negative.")
/lcrc/project/SPT3G/users/ac.yomori/repo/cosmosis-standard-library/structure/projection/projection_tools/kernel.py:35: UserWarning: Some of your n(z) or other kernels are negative.
  warnings.warn("Some of your n(z) or other kernels are negative.")
/lcrc/project/SPT3G/users/ac.yomori/repo/cosmosis-standard-library/shear/cl_to_xi_fullsky/cl_to_xi.py:36: RuntimeWarning: divide by zero encountered in log
  spec = np.exp(self.interp_func(np.log(angle)))
/lcrc/project/SPT3G/users/ac.yomori/repo/cosmosis-standard-library/structure/projection/projection_tools/kernel.py:35: UserWarning: Some of your n(z) or other kernels are negative.
  warnings.warn("Some of your n(z) or other kernels are negative.")
/lcrc/project/SPT3G/users/ac.yomori/repo/cosmosis-standard-library/shear/cl_to_xi_fullsky/cl_to_xi.py:36: RuntimeWarning: divide by zero encountered in log
  spec = np.exp(self.interp_func(np.log(angle)))
/lcrc/project/SPT3G/users/ac.yomori/repo/cosmosis-standard-library/structure/projection/projection_tools/kernel.py:35: UserWarning: Some of your n(z) or other kernels are negative.
  warnings.warn("Some of your n(z) or other kernels are negative.")
/lcrc/project/SPT3G/users/ac.yomori/repo/cosmosis-standard-library/shear/cl_to_xi_fullsky/cl_to_xi.py:36: RuntimeWarning: divide by zero encountered in log
  spec = np.exp(self.interp_func(np.log(angle)))
/lcrc/project/SPT3G/users/ac.yomori/repo/cosmosis-standard-library/shear/cl_to_xi_fullsky/cl_to_xi.py:41: RuntimeWarning: divide by zero encountered in log
  spec = self.interp_func(np.log(angle))
/lcrc/project/SPT3G/users/ac.yomori/repo/cosmosis-standard-library/shear/cl_to_xi_fullsky/cl_to_xi.py:38: RuntimeWarning: divide by zero encountered in log
  spec = -np.exp(self.interp_func(np.log(angle)))
/lcrc/project/SPT3G/users/ac.yomori/repo/cosmosis-standard-library/shear/cl_to_xi_fullsky/cl_to_xi.py:36: RuntimeWarning: divide by zero encountered in log
  spec = np.exp(self.interp_func(np.log(angle)))
/lcrc/project/SPT3G/users/ac.yomori/repo/cosmosis-standard-library/shear/cl_to_xi_fullsky/cl_to_xi.py:36: RuntimeWarning: divide by zero encountered in log
  spec = np.exp(self.interp_func(np.log(angle)))
/lcrc/project/SPT3G/users/ac.yomori/repo/cosmosis-standard-library/structure/projection/projection_tools/kernel.py:35: UserWarning: Some of your n(z) or other kernels are negative.
  warnings.warn("Some of your n(z) or other kernels are negative.")
/lcrc/project/SPT3G/users/ac.yomori/repo/cosmosis-standard-library/shear/cl_to_xi_fullsky/cl_to_xi.py:41: RuntimeWarning: divide by zero encountered in log
  spec = self.interp_func(np.log(angle))
/lcrc/project/SPT3G/users/ac.yomori/repo/cosmosis-standard-library/structure/projection/projection_tools/kernel.py:35: UserWarning: Some of your n(z) or other kernels are negative.
  warnings.warn("Some of your n(z) or other kernels are negative.")
/lcrc/project/SPT3G/users/ac.yomori/repo/cosmosis-standard-library/shear/cl_to_xi_fullsky/cl_to_xi.py:41: RuntimeWarning: divide by zero encountered in log
  spec = self.interp_func(np.log(angle))
/lcrc/project/SPT3G/users/ac.yomori/repo/cosmosis-standard-library/structure/projection/projection_tools/kernel.py:35: UserWarning: Some of your n(z) or other kernels are negative.
  warnings.warn("Some of your n(z) or other kernels are negative.")
/lcrc/project/SPT3G/users/ac.yomori/repo/cosmosis-standard-library/structure/projection/projection_tools/kernel.py:35: UserWarning: Some of your n(z) or other kernels are negative.
  warnings.warn("Some of your n(z) or other kernels are negative.")
/lcrc/project/SPT3G/users/ac.yomori/repo/cosmosis-standard-library/structure/projection/projection_tools/kernel.py:35: UserWarning: Some of your n(z) or other kernels are negative.
  warnings.warn("Some of your n(z) or other kernels are negative.")
/lcrc/project/SPT3G/users/ac.yomori/repo/cosmosis-standard-library/structure/projection/projection_tools/kernel.py:35: UserWarning: Some of your n(z) or other kernels are negative.
  warnings.warn("Some of your n(z) or other kernels are negative.")
/lcrc/project/SPT3G/users/ac.yomori/repo/cosmosis-standard-library/shear/cl_to_xi_fullsky/cl_to_xi.py:36: RuntimeWarning: divide by zero encountered in log
  spec = np.exp(self.interp_func(np.log(angle)))
/lcrc/project/SPT3G/users/ac.yomori/repo/cosmosis-standard-library/shear/cl_to_xi_fullsky/cl_to_xi.py:36: RuntimeWarning: divide by zero encountered in log
  spec = np.exp(self.interp_func(np.log(angle)))
/lcrc/project/SPT3G/users/ac.yomori/repo/cosmosis-standard-library/shear/cl_to_xi_fullsky/cl_to_xi.py:41: RuntimeWarning: divide by zero encountered in log
  spec = self.interp_func(np.log(angle))
/lcrc/project/SPT3G/users/ac.yomori/repo/cosmosis-standard-library/structure/projection/projection_tools/kernel.py:35: UserWarning: Some of your n(z) or other kernels are negative.
  warnings.warn("Some of your n(z) or other kernels are negative.")
/lcrc/project/SPT3G/users/ac.yomori/repo/cosmosis-standard-library/structure/projection/projection_tools/kernel.py:35: UserWarning: Some of your n(z) or other kernels are negative.
  warnings.warn("Some of your n(z) or other kernels are negative.")
/lcrc/project/SPT3G/users/ac.yomori/repo/cosmosis-standard-library/shear/cl_to_xi_fullsky/cl_to_xi.py:36: RuntimeWarning: divide by zero encountered in log
  spec = np.exp(self.interp_func(np.log(angle)))
/lcrc/project/SPT3G/users/ac.yomori/repo/cosmosis-standard-library/structure/projection/projection_tools/kernel.py:35: UserWarning: Some of your n(z) or other kernels are negative.
  warnings.warn("Some of your n(z) or other kernels are negative.")
/lcrc/project/SPT3G/users/ac.yomori/repo/cosmosis-standard-library/structure/projection/projection_tools/kernel.py:35: UserWarning: Some of your n(z) or other kernels are negative.
  warnings.warn("Some of your n(z) or other kernels are negative.")
/lcrc/project/SPT3G/users/ac.yomori/repo/cosmosis-standard-library/shear/cl_to_xi_fullsky/cl_to_xi.py:41: RuntimeWarning: divide by zero encountered in log
  spec = self.interp_func(np.log(angle))
/lcrc/project/SPT3G/users/ac.yomori/repo/cosmosis-standard-library/structure/projection/projection_tools/kernel.py:35: UserWarning: Some of your n(z) or other kernels are negative.
  warnings.warn("Some of your n(z) or other kernels are negative.")
/lcrc/project/SPT3G/users/ac.yomori/repo/cosmosis-standard-library/shear/cl_to_xi_fullsky/cl_to_xi.py:36: RuntimeWarning: divide by zero encountered in log
  spec = np.exp(self.interp_func(np.log(angle)))
/lcrc/project/SPT3G/users/ac.yomori/repo/cosmosis-standard-library/shear/cl_to_xi_fullsky/cl_to_xi.py:41: RuntimeWarning: divide by zero encountered in log
  spec = self.interp_func(np.log(angle))
/lcrc/project/SPT3G/users/ac.yomori/repo/cosmosis-standard-library/shear/cl_to_xi_fullsky/cl_to_xi.py:36: RuntimeWarning: divide by zero encountered in log
  spec = np.exp(self.interp_func(np.log(angle)))
/lcrc/project/SPT3G/users/ac.yomori/repo/cosmosis-standard-library/structure/projection/projection_tools/kernel.py:35: UserWarning: Some of your n(z) or other kernels are negative.
  warnings.warn("Some of your n(z) or other kernels are negative.")
/lcrc/project/SPT3G/users/ac.yomori/repo/cosmosis-standard-library/shear/cl_to_xi_fullsky/cl_to_xi.py:38: RuntimeWarning: divide by zero encountered in log
  spec = -np.exp(self.interp_func(np.log(angle)))
/lcrc/project/SPT3G/users/ac.yomori/repo/cosmosis-standard-library/structure/projection/projection_tools/kernel.py:178: RuntimeWarning: invalid value encountered in divide
  nchi_spline.y * (nchi_spline.x - chi)/nchi_spline.x, 0.)
/lcrc/project/SPT3G/users/ac.yomori/repo/cosmosis-standard-library/structure/projection/projection_tools/kernel.py:178: RuntimeWarning: divide by zero encountered in divide
  nchi_spline.y * (nchi_spline.x - chi)/nchi_spline.x, 0.)
/lcrc/project/SPT3G/users/ac.yomori/repo/cosmosis-standard-library/shear/cl_to_xi_fullsky/cl_to_xi.py:36: RuntimeWarning: divide by zero encountered in log
  spec = np.exp(self.interp_func(np.log(angle)))
/lcrc/project/SPT3G/users/ac.yomori/repo/cosmosis-standard-library/shear/cl_to_xi_fullsky/cl_to_xi.py:36: RuntimeWarning: divide by zero encountered in log
  spec = np.exp(self.interp_func(np.log(angle)))
/lcrc/project/SPT3G/users/ac.yomori/repo/cosmosis-standard-library/shear/cl_to_xi_fullsky/cl_to_xi.py:36: RuntimeWarning: divide by zero encountered in log
  spec = np.exp(self.interp_func(np.log(angle)))
/lcrc/project/SPT3G/users/ac.yomori/repo/cosmosis-standard-library/shear/cl_to_xi_fullsky/cl_to_xi.py:41: RuntimeWarning: divide by zero encountered in log
  spec = self.interp_func(np.log(angle))
/lcrc/project/SPT3G/users/ac.yomori/repo/cosmosis-standard-library/shear/cl_to_xi_fullsky/cl_to_xi.py:36: RuntimeWarning: divide by zero encountered in log
  spec = np.exp(self.interp_func(np.log(angle)))
/lcrc/project/SPT3G/users/ac.yomori/repo/cosmosis-standard-library/shear/cl_to_xi_fullsky/cl_to_xi.py:41: RuntimeWarning: divide by zero encountered in log
  spec = self.interp_func(np.log(angle))
/lcrc/project/SPT3G/users/ac.yomori/repo/cosmosis-standard-library/shear/cl_to_xi_fullsky/cl_to_xi.py:38: RuntimeWarning: divide by zero encountered in log
  spec = -np.exp(self.interp_func(np.log(angle)))
/lcrc/project/SPT3G/users/ac.yomori/repo/cosmosis-standard-library/shear/cl_to_xi_fullsky/cl_to_xi.py:36: RuntimeWarning: divide by zero encountered in log
  spec = np.exp(self.interp_func(np.log(angle)))
/lcrc/project/SPT3G/users/ac.yomori/repo/cosmosis-standard-library/shear/cl_to_xi_fullsky/cl_to_xi.py:41: RuntimeWarning: divide by zero encountered in log
  spec = self.interp_func(np.log(angle))
/lcrc/project/SPT3G/users/ac.yomori/repo/cosmosis-standard-library/shear/cl_to_xi_fullsky/cl_to_xi.py:36: RuntimeWarning: divide by zero encountered in log
  spec = np.exp(self.interp_func(np.log(angle)))
/lcrc/project/SPT3G/users/ac.yomori/repo/cosmosis-standard-library/structure/projection/projection_tools/kernel.py:35: UserWarning: Some of your n(z) or other kernels are negative.
  warnings.warn("Some of your n(z) or other kernels are negative.")
/lcrc/project/SPT3G/users/ac.yomori/repo/cosmosis-standard-library/shear/cl_to_xi_fullsky/cl_to_xi.py:41: RuntimeWarning: divide by zero encountered in log
  spec = self.interp_func(np.log(angle))
/lcrc/project/SPT3G/users/ac.yomori/repo/cosmosis-standard-library/structure/projection/projection_tools/kernel.py:35: UserWarning: Some of your n(z) or other kernels are negative.
  warnings.warn("Some of your n(z) or other kernels are negative.")
/lcrc/project/SPT3G/users/ac.yomori/repo/cosmosis-standard-library/shear/cl_to_xi_fullsky/cl_to_xi.py:36: RuntimeWarning: divide by zero encountered in log
  spec = np.exp(self.interp_func(np.log(angle)))
/lcrc/project/SPT3G/users/ac.yomori/repo/cosmosis-standard-library/shear/cl_to_xi_fullsky/cl_to_xi.py:38: RuntimeWarning: divide by zero encountered in log
  spec = -np.exp(self.interp_func(np.log(angle)))
/lcrc/project/SPT3G/users/ac.yomori/repo/cosmosis-standard-library/shear/cl_to_xi_fullsky/cl_to_xi.py:41: RuntimeWarning: divide by zero encountered in log
  spec = self.interp_func(np.log(angle))
/lcrc/project/SPT3G/users/ac.yomori/repo/cosmosis-standard-library/shear/cl_to_xi_fullsky/cl_to_xi.py:36: RuntimeWarning: divide by zero encountered in log
  spec = np.exp(self.interp_func(np.log(angle)))
/lcrc/project/SPT3G/users/ac.yomori/repo/cosmosis-standard-library/shear/cl_to_xi_fullsky/cl_to_xi.py:41: RuntimeWarning: divide by zero encountered in log
  spec = self.interp_func(np.log(angle))
/lcrc/project/SPT3G/users/ac.yomori/repo/cosmosis-standard-library/shear/cl_to_xi_fullsky/cl_to_xi.py:36: RuntimeWarning: divide by zero encountered in log
  spec = np.exp(self.interp_func(np.log(angle)))
/lcrc/project/SPT3G/users/ac.yomori/repo/cosmosis-standard-library/structure/projection/projection_tools/kernel.py:35: UserWarning: Some of your n(z) or other kernels are negative.
  warnings.warn("Some of your n(z) or other kernels are negative.")
/lcrc/project/SPT3G/users/ac.yomori/repo/cosmosis-standard-library/structure/projection/projection_tools/kernel.py:35: UserWarning: Some of your n(z) or other kernels are negative.
  warnings.warn("Some of your n(z) or other kernels are negative.")
/lcrc/project/SPT3G/users/ac.yomori/repo/cosmosis-standard-library/shear/cl_to_xi_fullsky/cl_to_xi.py:36: RuntimeWarning: divide by zero encountered in log
  spec = np.exp(self.interp_func(np.log(angle)))
/lcrc/project/SPT3G/users/ac.yomori/repo/cosmosis-standard-library/shear/cl_to_xi_fullsky/cl_to_xi.py:41: RuntimeWarning: divide by zero encountered in log
  spec = self.interp_func(np.log(angle))
/lcrc/project/SPT3G/users/ac.yomori/repo/cosmosis-standard-library/shear/cl_to_xi_fullsky/cl_to_xi.py:36: RuntimeWarning: divide by zero encountered in log
  spec = np.exp(self.interp_func(np.log(angle)))
/lcrc/project/SPT3G/users/ac.yomori/repo/cosmosis-standard-library/structure/projection/projection_tools/kernel.py:35: UserWarning: Some of your n(z) or other kernels are negative.
  warnings.warn("Some of your n(z) or other kernels are negative.")
/lcrc/project/SPT3G/users/ac.yomori/repo/cosmosis-standard-library/structure/projection/projection_tools/kernel.py:35: UserWarning: Some of your n(z) or other kernels are negative.
  warnings.warn("Some of your n(z) or other kernels are negative.")
/lcrc/project/SPT3G/users/ac.yomori/repo/cosmosis-standard-library/shear/cl_to_xi_fullsky/cl_to_xi.py:36: RuntimeWarning: divide by zero encountered in log
  spec = np.exp(self.interp_func(np.log(angle)))
/lcrc/project/SPT3G/users/ac.yomori/repo/cosmosis-standard-library/structure/projection/projection_tools/kernel.py:35: UserWarning: Some of your n(z) or other kernels are negative.
  warnings.warn("Some of your n(z) or other kernels are negative.")
/lcrc/project/SPT3G/users/ac.yomori/repo/cosmosis-standard-library/structure/projection/projection_tools/kernel.py:35: UserWarning: Some of your n(z) or other kernels are negative.
  warnings.warn("Some of your n(z) or other kernels are negative.")
/lcrc/project/SPT3G/users/ac.yomori/repo/cosmosis-standard-library/shear/cl_to_xi_fullsky/cl_to_xi.py:36: RuntimeWarning: divide by zero encountered in log
  spec = np.exp(self.interp_func(np.log(angle)))
/lcrc/project/SPT3G/users/ac.yomori/repo/cosmosis-standard-library/structure/projection/projection_tools/kernel.py:35: UserWarning: Some of your n(z) or other kernels are negative.
  warnings.warn("Some of your n(z) or other kernels are negative.")
/lcrc/project/SPT3G/users/ac.yomori/repo/cosmosis-standard-library/shear/cl_to_xi_fullsky/cl_to_xi.py:41: RuntimeWarning: divide by zero encountered in log
  spec = self.interp_func(np.log(angle))
/lcrc/project/SPT3G/users/ac.yomori/repo/cosmosis-standard-library/shear/cl_to_xi_fullsky/cl_to_xi.py:36: RuntimeWarning: divide by zero encountered in log
  spec = np.exp(self.interp_func(np.log(angle)))
/lcrc/project/SPT3G/users/ac.yomori/repo/cosmosis-standard-library/shear/cl_to_xi_fullsky/cl_to_xi.py:36: RuntimeWarning: divide by zero encountered in log
  spec = np.exp(self.interp_func(np.log(angle)))
/lcrc/project/SPT3G/users/ac.yomori/repo/cosmosis-standard-library/shear/cl_to_xi_fullsky/cl_to_xi.py:41: RuntimeWarning: divide by zero encountered in log
  spec = self.interp_func(np.log(angle))
/lcrc/project/SPT3G/users/ac.yomori/repo/cosmosis-standard-library/structure/projection/projection_tools/kernel.py:35: UserWarning: Some of your n(z) or other kernels are negative.
  warnings.warn("Some of your n(z) or other kernels are negative.")
/lcrc/project/SPT3G/users/ac.yomori/repo/cosmosis-standard-library/shear/cl_to_xi_fullsky/cl_to_xi.py:41: RuntimeWarning: divide by zero encountered in log
  spec = self.interp_func(np.log(angle))
/lcrc/project/SPT3G/users/ac.yomori/repo/cosmosis-standard-library/shear/cl_to_xi_fullsky/cl_to_xi.py:41: RuntimeWarning: divide by zero encountered in log
  spec = self.interp_func(np.log(angle))
/lcrc/project/SPT3G/users/ac.yomori/repo/cosmosis-standard-library/shear/cl_to_xi_fullsky/cl_to_xi.py:36: RuntimeWarning: divide by zero encountered in log
  spec = np.exp(self.interp_func(np.log(angle)))
/lcrc/project/SPT3G/users/ac.yomori/repo/cosmosis-standard-library/structure/projection/projection_tools/kernel.py:35: UserWarning: Some of your n(z) or other kernels are negative.
  warnings.warn("Some of your n(z) or other kernels are negative.")
/lcrc/project/SPT3G/users/ac.yomori/repo/cosmosis-standard-library/shear/cl_to_xi_fullsky/cl_to_xi.py:36: RuntimeWarning: divide by zero encountered in log
  spec = np.exp(self.interp_func(np.log(angle)))
/lcrc/project/SPT3G/users/ac.yomori/repo/cosmosis-standard-library/shear/cl_to_xi_fullsky/cl_to_xi.py:41: RuntimeWarning: divide by zero encountered in log
  spec = self.interp_func(np.log(angle))
/lcrc/project/SPT3G/users/ac.yomori/repo/cosmosis-standard-library/shear/cl_to_xi_fullsky/cl_to_xi.py:36: RuntimeWarning: divide by zero encountered in log
  spec = np.exp(self.interp_func(np.log(angle)))
/lcrc/project/SPT3G/users/ac.yomori/repo/cosmosis-standard-library/structure/projection/projection_tools/kernel.py:35: UserWarning: Some of your n(z) or other kernels are negative.
  warnings.warn("Some of your n(z) or other kernels are negative.")
/lcrc/project/SPT3G/users/ac.yomori/repo/cosmosis-standard-library/shear/cl_to_xi_fullsky/cl_to_xi.py:36: RuntimeWarning: divide by zero encountered in log
  spec = np.exp(self.interp_func(np.log(angle)))
/lcrc/project/SPT3G/users/ac.yomori/repo/cosmosis-standard-library/shear/cl_to_xi_fullsky/cl_to_xi.py:36: RuntimeWarning: divide by zero encountered in log
  spec = np.exp(self.interp_func(np.log(angle)))
/lcrc/project/SPT3G/users/ac.yomori/repo/cosmosis-standard-library/structure/projection/projection_tools/kernel.py:35: UserWarning: Some of your n(z) or other kernels are negative.
  warnings.warn("Some of your n(z) or other kernels are negative.")
/lcrc/project/SPT3G/users/ac.yomori/repo/cosmosis-standard-library/shear/cl_to_xi_fullsky/cl_to_xi.py:41: RuntimeWarning: divide by zero encountered in log
  spec = self.interp_func(np.log(angle))
/lcrc/project/SPT3G/users/ac.yomori/repo/cosmosis-standard-library/shear/cl_to_xi_fullsky/cl_to_xi.py:41: RuntimeWarning: divide by zero encountered in log
  spec = self.interp_func(np.log(angle))
/lcrc/project/SPT3G/users/ac.yomori/repo/cosmosis-standard-library/structure/projection/projection_tools/kernel.py:35: UserWarning: Some of your n(z) or other kernels are negative.
  warnings.warn("Some of your n(z) or other kernels are negative.")
/lcrc/project/SPT3G/users/ac.yomori/repo/cosmosis-standard-library/structure/projection/projection_tools/kernel.py:35: UserWarning: Some of your n(z) or other kernels are negative.
  warnings.warn("Some of your n(z) or other kernels are negative.")
/lcrc/project/SPT3G/users/ac.yomori/repo/cosmosis-standard-library/shear/cl_to_xi_fullsky/cl_to_xi.py:36: RuntimeWarning: divide by zero encountered in log
  spec = np.exp(self.interp_func(np.log(angle)))
/lcrc/project/SPT3G/users/ac.yomori/repo/cosmosis-standard-library/shear/cl_to_xi_fullsky/cl_to_xi.py:38: RuntimeWarning: divide by zero encountered in log
  spec = -np.exp(self.interp_func(np.log(angle)))
/lcrc/project/SPT3G/users/ac.yomori/repo/cosmosis-standard-library/structure/projection/projection_tools/kernel.py:35: UserWarning: Some of your n(z) or other kernels are negative.
  warnings.warn("Some of your n(z) or other kernels are negative.")
/lcrc/project/SPT3G/users/ac.yomori/repo/cosmosis-standard-library/structure/projection/projection_tools/kernel.py:35: UserWarning: Some of your n(z) or other kernels are negative.
  warnings.warn("Some of your n(z) or other kernels are negative.")
/lcrc/project/SPT3G/users/ac.yomori/repo/cosmosis-standard-library/shear/cl_to_xi_fullsky/cl_to_xi.py:38: RuntimeWarning: divide by zero encountered in log
  spec = -np.exp(self.interp_func(np.log(angle)))
/lcrc/project/SPT3G/users/ac.yomori/repo/cosmosis-standard-library/shear/cl_to_xi_fullsky/cl_to_xi.py:36: RuntimeWarning: divide by zero encountered in log
  spec = np.exp(self.interp_func(np.log(angle)))
/lcrc/project/SPT3G/users/ac.yomori/repo/cosmosis-standard-library/shear/cl_to_xi_fullsky/cl_to_xi.py:36: RuntimeWarning: divide by zero encountered in log
  spec = np.exp(self.interp_func(np.log(angle)))
/lcrc/project/SPT3G/users/ac.yomori/repo/cosmosis-standard-library/shear/cl_to_xi_fullsky/cl_to_xi.py:41: RuntimeWarning: divide by zero encountered in log
  spec = self.interp_func(np.log(angle))
/lcrc/project/SPT3G/users/ac.yomori/repo/cosmosis-standard-library/structure/projection/projection_tools/kernel.py:178: RuntimeWarning: invalid value encountered in divide
  nchi_spline.y * (nchi_spline.x - chi)/nchi_spline.x, 0.)
/lcrc/project/SPT3G/users/ac.yomori/repo/cosmosis-standard-library/structure/projection/projection_tools/kernel.py:178: RuntimeWarning: divide by zero encountered in divide
  nchi_spline.y * (nchi_spline.x - chi)/nchi_spline.x, 0.)
/lcrc/project/SPT3G/users/ac.yomori/repo/cosmosis-standard-library/structure/projection/projection_tools/kernel.py:35: UserWarning: Some of your n(z) or other kernels are negative.
  warnings.warn("Some of your n(z) or other kernels are negative.")
/lcrc/project/SPT3G/users/ac.yomori/repo/cosmosis-standard-library/structure/projection/projection_tools/kernel.py:35: UserWarning: Some of your n(z) or other kernels are negative.
  warnings.warn("Some of your n(z) or other kernels are negative.")
/lcrc/project/SPT3G/users/ac.yomori/repo/cosmosis-standard-library/shear/cl_to_xi_fullsky/cl_to_xi.py:36: RuntimeWarning: divide by zero encountered in log
  spec = np.exp(self.interp_func(np.log(angle)))
/lcrc/project/SPT3G/users/ac.yomori/repo/cosmosis-standard-library/shear/cl_to_xi_fullsky/cl_to_xi.py:36: RuntimeWarning: divide by zero encountered in log
  spec = np.exp(self.interp_func(np.log(angle)))
/lcrc/project/SPT3G/users/ac.yomori/repo/cosmosis-standard-library/shear/cl_to_xi_fullsky/cl_to_xi.py:36: RuntimeWarning: divide by zero encountered in log
  spec = np.exp(self.interp_func(np.log(angle)))
/lcrc/project/SPT3G/users/ac.yomori/repo/cosmosis-standard-library/structure/projection/projection_tools/kernel.py:35: UserWarning: Some of your n(z) or other kernels are negative.
  warnings.warn("Some of your n(z) or other kernels are negative.")
/lcrc/project/SPT3G/users/ac.yomori/repo/cosmosis-standard-library/shear/cl_to_xi_fullsky/cl_to_xi.py:41: RuntimeWarning: divide by zero encountered in log
  spec = self.interp_func(np.log(angle))
/lcrc/project/SPT3G/users/ac.yomori/repo/cosmosis-standard-library/shear/cl_to_xi_fullsky/cl_to_xi.py:41: RuntimeWarning: divide by zero encountered in log
  spec = self.interp_func(np.log(angle))
/lcrc/project/SPT3G/users/ac.yomori/repo/cosmosis-standard-library/structure/projection/projection_tools/kernel.py:35: UserWarning: Some of your n(z) or other kernels are negative.
  warnings.warn("Some of your n(z) or other kernels are negative.")
/lcrc/project/SPT3G/users/ac.yomori/repo/cosmosis-standard-library/shear/cl_to_xi_fullsky/cl_to_xi.py:36: RuntimeWarning: divide by zero encountered in log
  spec = np.exp(self.interp_func(np.log(angle)))
/lcrc/project/SPT3G/users/ac.yomori/repo/cosmosis-standard-library/structure/projection/projection_tools/kernel.py:35: UserWarning: Some of your n(z) or other kernels are negative.
  warnings.warn("Some of your n(z) or other kernels are negative.")
/lcrc/project/SPT3G/users/ac.yomori/repo/cosmosis-standard-library/structure/projection/projection_tools/kernel.py:35: UserWarning: Some of your n(z) or other kernels are negative.
  warnings.warn("Some of your n(z) or other kernels are negative.")
/lcrc/project/SPT3G/users/ac.yomori/repo/cosmosis-standard-library/shear/cl_to_xi_fullsky/cl_to_xi.py:36: RuntimeWarning: divide by zero encountered in log
  spec = np.exp(self.interp_func(np.log(angle)))
/lcrc/project/SPT3G/users/ac.yomori/repo/cosmosis-standard-library/structure/projection/projection_tools/kernel.py:35: UserWarning: Some of your n(z) or other kernels are negative.
  warnings.warn("Some of your n(z) or other kernels are negative.")
/lcrc/project/SPT3G/users/ac.yomori/repo/cosmosis-standard-library/shear/cl_to_xi_fullsky/cl_to_xi.py:36: RuntimeWarning: divide by zero encountered in log
  spec = np.exp(self.interp_func(np.log(angle)))
/lcrc/project/SPT3G/users/ac.yomori/repo/cosmosis-standard-library/structure/projection/projection_tools/kernel.py:35: UserWarning: Some of your n(z) or other kernels are negative.
  warnings.warn("Some of your n(z) or other kernels are negative.")
/lcrc/project/SPT3G/users/ac.yomori/repo/cosmosis-standard-library/shear/cl_to_xi_fullsky/cl_to_xi.py:41: RuntimeWarning: divide by zero encountered in log
  spec = self.interp_func(np.log(angle))
/lcrc/project/SPT3G/users/ac.yomori/repo/cosmosis-standard-library/shear/cl_to_xi_fullsky/cl_to_xi.py:36: RuntimeWarning: divide by zero encountered in log
  spec = np.exp(self.interp_func(np.log(angle)))
/lcrc/project/SPT3G/users/ac.yomori/repo/cosmosis-standard-library/shear/cl_to_xi_fullsky/cl_to_xi.py:38: RuntimeWarning: divide by zero encountered in log
  spec = -np.exp(self.interp_func(np.log(angle)))
/lcrc/project/SPT3G/users/ac.yomori/repo/cosmosis-standard-library/shear/cl_to_xi_fullsky/cl_to_xi.py:36: RuntimeWarning: divide by zero encountered in log
  spec = np.exp(self.interp_func(np.log(angle)))
/lcrc/project/SPT3G/users/ac.yomori/repo/cosmosis-standard-library/shear/cl_to_xi_fullsky/cl_to_xi.py:36: RuntimeWarning: divide by zero encountered in log
  spec = np.exp(self.interp_func(np.log(angle)))
/lcrc/project/SPT3G/users/ac.yomori/repo/cosmosis-standard-library/structure/projection/projection_tools/kernel.py:35: UserWarning: Some of your n(z) or other kernels are negative.
  warnings.warn("Some of your n(z) or other kernels are negative.")
/lcrc/project/SPT3G/users/ac.yomori/repo/cosmosis-standard-library/shear/cl_to_xi_fullsky/cl_to_xi.py:36: RuntimeWarning: divide by zero encountered in log
  spec = np.exp(self.interp_func(np.log(angle)))
/lcrc/project/SPT3G/users/ac.yomori/repo/cosmosis-standard-library/shear/cl_to_xi_fullsky/cl_to_xi.py:36: RuntimeWarning: divide by zero encountered in log
  spec = np.exp(self.interp_func(np.log(angle)))
/lcrc/project/SPT3G/users/ac.yomori/repo/cosmosis-standard-library/structure/projection/projection_tools/kernel.py:35: UserWarning: Some of your n(z) or other kernels are negative.
  warnings.warn("Some of your n(z) or other kernels are negative.")
/lcrc/project/SPT3G/users/ac.yomori/repo/cosmosis-standard-library/shear/cl_to_xi_fullsky/cl_to_xi.py:41: RuntimeWarning: divide by zero encountered in log
  spec = self.interp_func(np.log(angle))
/lcrc/project/SPT3G/users/ac.yomori/repo/cosmosis-standard-library/shear/cl_to_xi_fullsky/cl_to_xi.py:38: RuntimeWarning: divide by zero encountered in log
  spec = -np.exp(self.interp_func(np.log(angle)))
/lcrc/project/SPT3G/users/ac.yomori/repo/cosmosis-standard-library/structure/projection/projection_tools/kernel.py:35: UserWarning: Some of your n(z) or other kernels are negative.
  warnings.warn("Some of your n(z) or other kernels are negative.")
/lcrc/project/SPT3G/users/ac.yomori/repo/cosmosis-standard-library/shear/cl_to_xi_fullsky/cl_to_xi.py:36: RuntimeWarning: divide by zero encountered in log
  spec = np.exp(self.interp_func(np.log(angle)))
/lcrc/project/SPT3G/users/ac.yomori/repo/cosmosis-standard-library/structure/projection/projection_tools/kernel.py:35: UserWarning: Some of your n(z) or other kernels are negative.
  warnings.warn("Some of your n(z) or other kernels are negative.")
/lcrc/project/SPT3G/users/ac.yomori/repo/cosmosis-standard-library/shear/cl_to_xi_fullsky/cl_to_xi.py:36: RuntimeWarning: divide by zero encountered in log
  spec = np.exp(self.interp_func(np.log(angle)))
/lcrc/project/SPT3G/users/ac.yomori/repo/cosmosis-standard-library/shear/cl_to_xi_fullsky/cl_to_xi.py:36: RuntimeWarning: divide by zero encountered in log
  spec = np.exp(self.interp_func(np.log(angle)))
/lcrc/project/SPT3G/users/ac.yomori/repo/cosmosis-standard-library/structure/projection/projection_tools/kernel.py:35: UserWarning: Some of your n(z) or other kernels are negative.
  warnings.warn("Some of your n(z) or other kernels are negative.")
/lcrc/project/SPT3G/users/ac.yomori/repo/cosmosis-standard-library/shear/cl_to_xi_fullsky/cl_to_xi.py:41: RuntimeWarning: divide by zero encountered in log
  spec = self.interp_func(np.log(angle))
/lcrc/project/SPT3G/users/ac.yomori/repo/cosmosis-standard-library/structure/projection/projection_tools/kernel.py:35: UserWarning: Some of your n(z) or other kernels are negative.
  warnings.warn("Some of your n(z) or other kernels are negative.")
/lcrc/project/SPT3G/users/ac.yomori/repo/cosmosis-standard-library/shear/cl_to_xi_fullsky/cl_to_xi.py:38: RuntimeWarning: divide by zero encountered in log
  spec = -np.exp(self.interp_func(np.log(angle)))
/lcrc/project/SPT3G/users/ac.yomori/repo/cosmosis-standard-library/shear/cl_to_xi_fullsky/cl_to_xi.py:36: RuntimeWarning: divide by zero encountered in log
  spec = np.exp(self.interp_func(np.log(angle)))
/lcrc/project/SPT3G/users/ac.yomori/repo/cosmosis-standard-library/shear/cl_to_xi_fullsky/cl_to_xi.py:41: RuntimeWarning: divide by zero encountered in log
  spec = self.interp_func(np.log(angle))
/lcrc/project/SPT3G/users/ac.yomori/repo/cosmosis-standard-library/structure/projection/projection_tools/kernel.py:35: UserWarning: Some of your n(z) or other kernels are negative.
  warnings.warn("Some of your n(z) or other kernels are negative.")
/lcrc/project/SPT3G/users/ac.yomori/repo/cosmosis-standard-library/shear/cl_to_xi_fullsky/cl_to_xi.py:36: RuntimeWarning: divide by zero encountered in log
  spec = np.exp(self.interp_func(np.log(angle)))
/lcrc/project/SPT3G/users/ac.yomori/repo/cosmosis-standard-library/shear/cl_to_xi_fullsky/cl_to_xi.py:36: RuntimeWarning: divide by zero encountered in log
  spec = np.exp(self.interp_func(np.log(angle)))
/lcrc/project/SPT3G/users/ac.yomori/repo/cosmosis-standard-library/shear/cl_to_xi_fullsky/cl_to_xi.py:41: RuntimeWarning: divide by zero encountered in log
  spec = self.interp_func(np.log(angle))
/lcrc/project/SPT3G/users/ac.yomori/repo/cosmosis-standard-library/shear/cl_to_xi_fullsky/cl_to_xi.py:36: RuntimeWarning: divide by zero encountered in log
  spec = np.exp(self.interp_func(np.log(angle)))
/lcrc/project/SPT3G/users/ac.yomori/repo/cosmosis-standard-library/shear/cl_to_xi_fullsky/cl_to_xi.py:36: RuntimeWarning: divide by zero encountered in log
  spec = np.exp(self.interp_func(np.log(angle)))
/lcrc/project/SPT3G/users/ac.yomori/repo/cosmosis-standard-library/shear/cl_to_xi_fullsky/cl_to_xi.py:41: RuntimeWarning: divide by zero encountered in log
  spec = self.interp_func(np.log(angle))
/lcrc/project/SPT3G/users/ac.yomori/repo/cosmosis-standard-library/shear/cl_to_xi_fullsky/cl_to_xi.py:41: RuntimeWarning: divide by zero encountered in log
  spec = self.interp_func(np.log(angle))
/lcrc/project/SPT3G/users/ac.yomori/repo/cosmosis-standard-library/shear/cl_to_xi_fullsky/cl_to_xi.py:36: RuntimeWarning: divide by zero encountered in log
  spec = np.exp(self.interp_func(np.log(angle)))
/lcrc/project/SPT3G/users/ac.yomori/repo/cosmosis-standard-library/shear/cl_to_xi_fullsky/cl_to_xi.py:41: RuntimeWarning: divide by zero encountered in log
  spec = self.interp_func(np.log(angle))
/lcrc/project/SPT3G/users/ac.yomori/repo/cosmosis-standard-library/structure/projection/projection_tools/kernel.py:35: UserWarning: Some of your n(z) or other kernels are negative.
  warnings.warn("Some of your n(z) or other kernels are negative.")
/lcrc/project/SPT3G/users/ac.yomori/repo/cosmosis-standard-library/structure/projection/projection_tools/kernel.py:178: RuntimeWarning: invalid value encountered in divide
  nchi_spline.y * (nchi_spline.x - chi)/nchi_spline.x, 0.)
/lcrc/project/SPT3G/users/ac.yomori/repo/cosmosis-standard-library/structure/projection/projection_tools/kernel.py:178: RuntimeWarning: divide by zero encountered in divide
  nchi_spline.y * (nchi_spline.x - chi)/nchi_spline.x, 0.)
/lcrc/project/SPT3G/users/ac.yomori/repo/cosmosis-standard-library/structure/projection/projection_tools/kernel.py:35: UserWarning: Some of your n(z) or other kernels are negative.
  warnings.warn("Some of your n(z) or other kernels are negative.")
/lcrc/project/SPT3G/users/ac.yomori/repo/cosmosis-standard-library/shear/cl_to_xi_fullsky/cl_to_xi.py:36: RuntimeWarning: divide by zero encountered in log
  spec = np.exp(self.interp_func(np.log(angle)))
/lcrc/project/SPT3G/users/ac.yomori/repo/cosmosis-standard-library/structure/projection/projection_tools/kernel.py:35: UserWarning: Some of your n(z) or other kernels are negative.
  warnings.warn("Some of your n(z) or other kernels are negative.")
/lcrc/project/SPT3G/users/ac.yomori/repo/cosmosis-standard-library/shear/cl_to_xi_fullsky/cl_to_xi.py:38: RuntimeWarning: divide by zero encountered in log
  spec = -np.exp(self.interp_func(np.log(angle)))
/lcrc/project/SPT3G/users/ac.yomori/repo/cosmosis-standard-library/structure/projection/projection_tools/kernel.py:35: UserWarning: Some of your n(z) or other kernels are negative.
  warnings.warn("Some of your n(z) or other kernels are negative.")
/lcrc/project/SPT3G/users/ac.yomori/repo/cosmosis-standard-library/structure/projection/projection_tools/kernel.py:35: UserWarning: Some of your n(z) or other kernels are negative.
  warnings.warn("Some of your n(z) or other kernels are negative.")
/lcrc/project/SPT3G/users/ac.yomori/repo/cosmosis-standard-library/shear/cl_to_xi_fullsky/cl_to_xi.py:41: RuntimeWarning: divide by zero encountered in log
  spec = self.interp_func(np.log(angle))
/lcrc/project/SPT3G/users/ac.yomori/repo/cosmosis-standard-library/structure/projection/projection_tools/kernel.py:35: UserWarning: Some of your n(z) or other kernels are negative.
  warnings.warn("Some of your n(z) or other kernels are negative.")
/lcrc/project/SPT3G/users/ac.yomori/repo/cosmosis-standard-library/shear/cl_to_xi_fullsky/cl_to_xi.py:36: RuntimeWarning: divide by zero encountered in log
  spec = np.exp(self.interp_func(np.log(angle)))
/lcrc/project/SPT3G/users/ac.yomori/repo/cosmosis-standard-library/structure/projection/projection_tools/kernel.py:35: UserWarning: Some of your n(z) or other kernels are negative.
  warnings.warn("Some of your n(z) or other kernels are negative.")
/lcrc/project/SPT3G/users/ac.yomori/repo/cosmosis-standard-library/shear/cl_to_xi_fullsky/cl_to_xi.py:36: RuntimeWarning: divide by zero encountered in log
  spec = np.exp(self.interp_func(np.log(angle)))
/lcrc/project/SPT3G/users/ac.yomori/repo/cosmosis-standard-library/shear/cl_to_xi_fullsky/cl_to_xi.py:41: RuntimeWarning: divide by zero encountered in log
  spec = self.interp_func(np.log(angle))
/lcrc/project/SPT3G/users/ac.yomori/repo/cosmosis-standard-library/shear/cl_to_xi_fullsky/cl_to_xi.py:38: RuntimeWarning: divide by zero encountered in log
  spec = -np.exp(self.interp_func(np.log(angle)))
/lcrc/project/SPT3G/users/ac.yomori/repo/cosmosis-standard-library/shear/cl_to_xi_fullsky/cl_to_xi.py:38: RuntimeWarning: divide by zero encountered in log
  spec = -np.exp(self.interp_func(np.log(angle)))
/lcrc/project/SPT3G/users/ac.yomori/repo/cosmosis-standard-library/shear/cl_to_xi_fullsky/cl_to_xi.py:36: RuntimeWarning: divide by zero encountered in log
  spec = np.exp(self.interp_func(np.log(angle)))
/lcrc/project/SPT3G/users/ac.yomori/repo/cosmosis-standard-library/shear/cl_to_xi_fullsky/cl_to_xi.py:41: RuntimeWarning: divide by zero encountered in log
  spec = self.interp_func(np.log(angle))
/lcrc/project/SPT3G/users/ac.yomori/repo/cosmosis-standard-library/structure/projection/projection_tools/kernel.py:35: UserWarning: Some of your n(z) or other kernels are negative.
  warnings.warn("Some of your n(z) or other kernels are negative.")
/lcrc/project/SPT3G/users/ac.yomori/repo/cosmosis-standard-library/shear/cl_to_xi_fullsky/cl_to_xi.py:36: RuntimeWarning: divide by zero encountered in log
  spec = np.exp(self.interp_func(np.log(angle)))
/lcrc/project/SPT3G/users/ac.yomori/repo/cosmosis-standard-library/shear/cl_to_xi_fullsky/cl_to_xi.py:36: RuntimeWarning: divide by zero encountered in log
  spec = np.exp(self.interp_func(np.log(angle)))
/lcrc/project/SPT3G/users/ac.yomori/repo/cosmosis-standard-library/shear/cl_to_xi_fullsky/cl_to_xi.py:36: RuntimeWarning: divide by zero encountered in log
  spec = np.exp(self.interp_func(np.log(angle)))
/lcrc/project/SPT3G/users/ac.yomori/repo/cosmosis-standard-library/shear/cl_to_xi_fullsky/cl_to_xi.py:38: RuntimeWarning: divide by zero encountered in log
  spec = -np.exp(self.interp_func(np.log(angle)))
/lcrc/project/SPT3G/users/ac.yomori/repo/cosmosis-standard-library/shear/cl_to_xi_fullsky/cl_to_xi.py:41: RuntimeWarning: divide by zero encountered in log
  spec = self.interp_func(np.log(angle))
/lcrc/project/SPT3G/users/ac.yomori/repo/cosmosis-standard-library/shear/cl_to_xi_fullsky/cl_to_xi.py:36: RuntimeWarning: divide by zero encountered in log
  spec = np.exp(self.interp_func(np.log(angle)))
/lcrc/project/SPT3G/users/ac.yomori/repo/cosmosis-standard-library/shear/cl_to_xi_fullsky/cl_to_xi.py:38: RuntimeWarning: divide by zero encountered in log
  spec = -np.exp(self.interp_func(np.log(angle)))
/lcrc/project/SPT3G/users/ac.yomori/repo/cosmosis-standard-library/shear/cl_to_xi_fullsky/cl_to_xi.py:38: RuntimeWarning: divide by zero encountered in log
  spec = -np.exp(self.interp_func(np.log(angle)))
/lcrc/project/SPT3G/users/ac.yomori/repo/cosmosis-standard-library/structure/projection/projection_tools/kernel.py:35: UserWarning: Some of your n(z) or other kernels are negative.
  warnings.warn("Some of your n(z) or other kernels are negative.")
/lcrc/project/SPT3G/users/ac.yomori/repo/cosmosis-standard-library/structure/projection/projection_tools/kernel.py:35: UserWarning: Some of your n(z) or other kernels are negative.
  warnings.warn("Some of your n(z) or other kernels are negative.")
/lcrc/project/SPT3G/users/ac.yomori/repo/cosmosis-standard-library/shear/cl_to_xi_fullsky/cl_to_xi.py:36: RuntimeWarning: divide by zero encountered in log
  spec = np.exp(self.interp_func(np.log(angle)))
/lcrc/project/SPT3G/users/ac.yomori/repo/cosmosis-standard-library/structure/projection/projection_tools/kernel.py:178: RuntimeWarning: invalid value encountered in divide
  nchi_spline.y * (nchi_spline.x - chi)/nchi_spline.x, 0.)
/lcrc/project/SPT3G/users/ac.yomori/repo/cosmosis-standard-library/structure/projection/projection_tools/kernel.py:178: RuntimeWarning: divide by zero encountered in divide
  nchi_spline.y * (nchi_spline.x - chi)/nchi_spline.x, 0.)
/lcrc/project/SPT3G/users/ac.yomori/repo/cosmosis-standard-library/shear/cl_to_xi_fullsky/cl_to_xi.py:36: RuntimeWarning: divide by zero encountered in log
  spec = np.exp(self.interp_func(np.log(angle)))
/lcrc/project/SPT3G/users/ac.yomori/repo/cosmosis-standard-library/structure/projection/projection_tools/kernel.py:35: UserWarning: Some of your n(z) or other kernels are negative.
  warnings.warn("Some of your n(z) or other kernels are negative.")
/lcrc/project/SPT3G/users/ac.yomori/repo/cosmosis-standard-library/shear/cl_to_xi_fullsky/cl_to_xi.py:38: RuntimeWarning: divide by zero encountered in log
  spec = -np.exp(self.interp_func(np.log(angle)))
/lcrc/project/SPT3G/users/ac.yomori/repo/cosmosis-standard-library/shear/cl_to_xi_fullsky/cl_to_xi.py:36: RuntimeWarning: divide by zero encountered in log
  spec = np.exp(self.interp_func(np.log(angle)))
/lcrc/project/SPT3G/users/ac.yomori/repo/cosmosis-standard-library/shear/cl_to_xi_fullsky/cl_to_xi.py:41: RuntimeWarning: divide by zero encountered in log
  spec = self.interp_func(np.log(angle))
/lcrc/project/SPT3G/users/ac.yomori/repo/cosmosis-standard-library/shear/cl_to_xi_fullsky/cl_to_xi.py:36: RuntimeWarning: divide by zero encountered in log
  spec = np.exp(self.interp_func(np.log(angle)))
/lcrc/project/SPT3G/users/ac.yomori/repo/cosmosis-standard-library/structure/projection/projection_tools/kernel.py:35: UserWarning: Some of your n(z) or other kernels are negative.
  warnings.warn("Some of your n(z) or other kernels are negative.")
/lcrc/project/SPT3G/users/ac.yomori/repo/cosmosis-standard-library/shear/cl_to_xi_fullsky/cl_to_xi.py:41: RuntimeWarning: divide by zero encountered in log
  spec = self.interp_func(np.log(angle))
/lcrc/project/SPT3G/users/ac.yomori/repo/cosmosis-standard-library/structure/projection/projection_tools/kernel.py:35: UserWarning: Some of your n(z) or other kernels are negative.
  warnings.warn("Some of your n(z) or other kernels are negative.")
/lcrc/project/SPT3G/users/ac.yomori/repo/cosmosis-standard-library/shear/cl_to_xi_fullsky/cl_to_xi.py:41: RuntimeWarning: divide by zero encountered in log
  spec = self.interp_func(np.log(angle))
/lcrc/project/SPT3G/users/ac.yomori/repo/cosmosis-standard-library/shear/cl_to_xi_fullsky/cl_to_xi.py:36: RuntimeWarning: divide by zero encountered in log
  spec = np.exp(self.interp_func(np.log(angle)))
/lcrc/project/SPT3G/users/ac.yomori/repo/cosmosis-standard-library/structure/projection/projection_tools/kernel.py:35: UserWarning: Some of your n(z) or other kernels are negative.
  warnings.warn("Some of your n(z) or other kernels are negative.")
/lcrc/project/SPT3G/users/ac.yomori/repo/cosmosis-standard-library/shear/cl_to_xi_fullsky/cl_to_xi.py:41: RuntimeWarning: divide by zero encountered in log
  spec = self.interp_func(np.log(angle))
/lcrc/project/SPT3G/users/ac.yomori/repo/cosmosis-standard-library/shear/cl_to_xi_fullsky/cl_to_xi.py:36: RuntimeWarning: divide by zero encountered in log
  spec = np.exp(self.interp_func(np.log(angle)))
/lcrc/project/SPT3G/users/ac.yomori/repo/cosmosis-standard-library/shear/cl_to_xi_fullsky/cl_to_xi.py:41: RuntimeWarning: divide by zero encountered in log
  spec = self.interp_func(np.log(angle))
/lcrc/project/SPT3G/users/ac.yomori/repo/cosmosis-standard-library/shear/cl_to_xi_fullsky/cl_to_xi.py:36: RuntimeWarning: divide by zero encountered in log
  spec = np.exp(self.interp_func(np.log(angle)))
/lcrc/project/SPT3G/users/ac.yomori/repo/cosmosis-standard-library/shear/cl_to_xi_fullsky/cl_to_xi.py:36: RuntimeWarning: divide by zero encountered in log
  spec = np.exp(self.interp_func(np.log(angle)))
/lcrc/project/SPT3G/users/ac.yomori/repo/cosmosis-standard-library/shear/cl_to_xi_fullsky/cl_to_xi.py:41: RuntimeWarning: divide by zero encountered in log
  spec = self.interp_func(np.log(angle))
/lcrc/project/SPT3G/users/ac.yomori/repo/cosmosis-standard-library/shear/cl_to_xi_fullsky/cl_to_xi.py:38: RuntimeWarning: divide by zero encountered in log
  spec = -np.exp(self.interp_func(np.log(angle)))
/lcrc/project/SPT3G/users/ac.yomori/repo/cosmosis-standard-library/structure/projection/projection_tools/kernel.py:35: UserWarning: Some of your n(z) or other kernels are negative.
  warnings.warn("Some of your n(z) or other kernels are negative.")
/lcrc/project/SPT3G/users/ac.yomori/repo/cosmosis-standard-library/structure/projection/projection_tools/kernel.py:35: UserWarning: Some of your n(z) or other kernels are negative.
  warnings.warn("Some of your n(z) or other kernels are negative.")
/lcrc/project/SPT3G/users/ac.yomori/repo/cosmosis-standard-library/structure/projection/projection_tools/kernel.py:35: UserWarning: Some of your n(z) or other kernels are negative.
  warnings.warn("Some of your n(z) or other kernels are negative.")
/lcrc/project/SPT3G/users/ac.yomori/repo/cosmosis-standard-library/shear/cl_to_xi_fullsky/cl_to_xi.py:36: RuntimeWarning: divide by zero encountered in log
  spec = np.exp(self.interp_func(np.log(angle)))
/lcrc/project/SPT3G/users/ac.yomori/repo/cosmosis-standard-library/shear/cl_to_xi_fullsky/cl_to_xi.py:36: RuntimeWarning: divide by zero encountered in log
  spec = np.exp(self.interp_func(np.log(angle)))
/lcrc/project/SPT3G/users/ac.yomori/repo/cosmosis-standard-library/shear/cl_to_xi_fullsky/cl_to_xi.py:36: RuntimeWarning: divide by zero encountered in log
  spec = np.exp(self.interp_func(np.log(angle)))
/lcrc/project/SPT3G/users/ac.yomori/repo/cosmosis-standard-library/shear/cl_to_xi_fullsky/cl_to_xi.py:36: RuntimeWarning: divide by zero encountered in log
  spec = np.exp(self.interp_func(np.log(angle)))
/lcrc/project/SPT3G/users/ac.yomori/repo/cosmosis-standard-library/structure/projection/projection_tools/kernel.py:35: UserWarning: Some of your n(z) or other kernels are negative.
  warnings.warn("Some of your n(z) or other kernels are negative.")
/lcrc/project/SPT3G/users/ac.yomori/repo/cosmosis-standard-library/shear/cl_to_xi_fullsky/cl_to_xi.py:41: RuntimeWarning: divide by zero encountered in log
  spec = self.interp_func(np.log(angle))
/lcrc/project/SPT3G/users/ac.yomori/repo/cosmosis-standard-library/shear/cl_to_xi_fullsky/cl_to_xi.py:38: RuntimeWarning: divide by zero encountered in log
  spec = -np.exp(self.interp_func(np.log(angle)))
/lcrc/project/SPT3G/users/ac.yomori/repo/cosmosis-standard-library/structure/projection/projection_tools/kernel.py:35: UserWarning: Some of your n(z) or other kernels are negative.
  warnings.warn("Some of your n(z) or other kernels are negative.")
/lcrc/project/SPT3G/users/ac.yomori/repo/cosmosis-standard-library/shear/cl_to_xi_fullsky/cl_to_xi.py:36: RuntimeWarning: divide by zero encountered in log
  spec = np.exp(self.interp_func(np.log(angle)))
/lcrc/project/SPT3G/users/ac.yomori/repo/cosmosis-standard-library/shear/cl_to_xi_fullsky/cl_to_xi.py:38: RuntimeWarning: divide by zero encountered in log
  spec = -np.exp(self.interp_func(np.log(angle)))
/lcrc/project/SPT3G/users/ac.yomori/repo/cosmosis-standard-library/shear/cl_to_xi_fullsky/cl_to_xi.py:36: RuntimeWarning: divide by zero encountered in log
  spec = np.exp(self.interp_func(np.log(angle)))
/lcrc/project/SPT3G/users/ac.yomori/repo/cosmosis-standard-library/shear/cl_to_xi_fullsky/cl_to_xi.py:36: RuntimeWarning: divide by zero encountered in log
  spec = np.exp(self.interp_func(np.log(angle)))
/lcrc/project/SPT3G/users/ac.yomori/repo/cosmosis-standard-library/structure/projection/projection_tools/kernel.py:35: UserWarning: Some of your n(z) or other kernels are negative.
  warnings.warn("Some of your n(z) or other kernels are negative.")
/lcrc/project/SPT3G/users/ac.yomori/repo/cosmosis-standard-library/shear/cl_to_xi_fullsky/cl_to_xi.py:38: RuntimeWarning: divide by zero encountered in log
  spec = -np.exp(self.interp_func(np.log(angle)))
/lcrc/project/SPT3G/users/ac.yomori/repo/cosmosis-standard-library/shear/cl_to_xi_fullsky/cl_to_xi.py:36: RuntimeWarning: divide by zero encountered in log
  spec = np.exp(self.interp_func(np.log(angle)))
/lcrc/project/SPT3G/users/ac.yomori/repo/cosmosis-standard-library/structure/projection/projection_tools/kernel.py:35: UserWarning: Some of your n(z) or other kernels are negative.
  warnings.warn("Some of your n(z) or other kernels are negative.")
/lcrc/project/SPT3G/users/ac.yomori/repo/cosmosis-standard-library/shear/cl_to_xi_fullsky/cl_to_xi.py:36: RuntimeWarning: divide by zero encountered in log
  spec = np.exp(self.interp_func(np.log(angle)))
/lcrc/project/SPT3G/users/ac.yomori/repo/cosmosis-standard-library/structure/projection/projection_tools/kernel.py:35: UserWarning: Some of your n(z) or other kernels are negative.
  warnings.warn("Some of your n(z) or other kernels are negative.")
/lcrc/project/SPT3G/users/ac.yomori/repo/cosmosis-standard-library/structure/projection/projection_tools/kernel.py:35: UserWarning: Some of your n(z) or other kernels are negative.
  warnings.warn("Some of your n(z) or other kernels are negative.")
/lcrc/project/SPT3G/users/ac.yomori/repo/cosmosis-standard-library/shear/cl_to_xi_fullsky/cl_to_xi.py:36: RuntimeWarning: divide by zero encountered in log
  spec = np.exp(self.interp_func(np.log(angle)))
/lcrc/project/SPT3G/users/ac.yomori/repo/cosmosis-standard-library/shear/cl_to_xi_fullsky/cl_to_xi.py:41: RuntimeWarning: divide by zero encountered in log
  spec = self.interp_func(np.log(angle))
/lcrc/project/SPT3G/users/ac.yomori/repo/cosmosis-standard-library/shear/cl_to_xi_fullsky/cl_to_xi.py:36: RuntimeWarning: divide by zero encountered in log
  spec = np.exp(self.interp_func(np.log(angle)))
/lcrc/project/SPT3G/users/ac.yomori/repo/cosmosis-standard-library/shear/cl_to_xi_fullsky/cl_to_xi.py:36: RuntimeWarning: divide by zero encountered in log
  spec = np.exp(self.interp_func(np.log(angle)))
/lcrc/project/SPT3G/users/ac.yomori/repo/cosmosis-standard-library/shear/cl_to_xi_fullsky/cl_to_xi.py:38: RuntimeWarning: divide by zero encountered in log
  spec = -np.exp(self.interp_func(np.log(angle)))
/lcrc/project/SPT3G/users/ac.yomori/repo/cosmosis-standard-library/structure/projection/projection_tools/kernel.py:35: UserWarning: Some of your n(z) or other kernels are negative.
  warnings.warn("Some of your n(z) or other kernels are negative.")
/lcrc/project/SPT3G/users/ac.yomori/repo/cosmosis-standard-library/shear/cl_to_xi_fullsky/cl_to_xi.py:36: RuntimeWarning: divide by zero encountered in log
  spec = np.exp(self.interp_func(np.log(angle)))
/lcrc/project/SPT3G/users/ac.yomori/repo/cosmosis-standard-library/shear/cl_to_xi_fullsky/cl_to_xi.py:36: RuntimeWarning: divide by zero encountered in log
  spec = np.exp(self.interp_func(np.log(angle)))
/lcrc/project/SPT3G/users/ac.yomori/repo/cosmosis-standard-library/shear/cl_to_xi_fullsky/cl_to_xi.py:36: RuntimeWarning: divide by zero encountered in log
  spec = np.exp(self.interp_func(np.log(angle)))
/lcrc/project/SPT3G/users/ac.yomori/repo/cosmosis-standard-library/shear/cl_to_xi_fullsky/cl_to_xi.py:41: RuntimeWarning: divide by zero encountered in log
  spec = self.interp_func(np.log(angle))
/lcrc/project/SPT3G/users/ac.yomori/repo/cosmosis-standard-library/shear/cl_to_xi_fullsky/cl_to_xi.py:41: RuntimeWarning: divide by zero encountered in log
  spec = self.interp_func(np.log(angle))
/lcrc/project/SPT3G/users/ac.yomori/repo/cosmosis-standard-library/shear/cl_to_xi_fullsky/cl_to_xi.py:36: RuntimeWarning: divide by zero encountered in log
  spec = np.exp(self.interp_func(np.log(angle)))
/lcrc/project/SPT3G/users/ac.yomori/repo/cosmosis-standard-library/shear/cl_to_xi_fullsky/cl_to_xi.py:36: RuntimeWarning: divide by zero encountered in log
  spec = np.exp(self.interp_func(np.log(angle)))
/lcrc/project/SPT3G/users/ac.yomori/repo/cosmosis-standard-library/shear/cl_to_xi_fullsky/cl_to_xi.py:36: RuntimeWarning: divide by zero encountered in log
  spec = np.exp(self.interp_func(np.log(angle)))
/lcrc/project/SPT3G/users/ac.yomori/repo/cosmosis-standard-library/shear/cl_to_xi_fullsky/cl_to_xi.py:36: RuntimeWarning: divide by zero encountered in log
  spec = np.exp(self.interp_func(np.log(angle)))
/lcrc/project/SPT3G/users/ac.yomori/repo/cosmosis-standard-library/shear/cl_to_xi_fullsky/cl_to_xi.py:36: RuntimeWarning: divide by zero encountered in log
  spec = np.exp(self.interp_func(np.log(angle)))
/lcrc/project/SPT3G/users/ac.yomori/repo/cosmosis-standard-library/shear/cl_to_xi_fullsky/cl_to_xi.py:41: RuntimeWarning: divide by zero encountered in log
  spec = self.interp_func(np.log(angle))
/lcrc/project/SPT3G/users/ac.yomori/repo/cosmosis-standard-library/shear/cl_to_xi_fullsky/cl_to_xi.py:36: RuntimeWarning: divide by zero encountered in log
  spec = np.exp(self.interp_func(np.log(angle)))
/lcrc/project/SPT3G/users/ac.yomori/repo/cosmosis-standard-library/shear/cl_to_xi_fullsky/cl_to_xi.py:36: RuntimeWarning: divide by zero encountered in log
  spec = np.exp(self.interp_func(np.log(angle)))
/lcrc/project/SPT3G/users/ac.yomori/repo/cosmosis-standard-library/shear/cl_to_xi_fullsky/cl_to_xi.py:36: RuntimeWarning: divide by zero encountered in log
  spec = np.exp(self.interp_func(np.log(angle)))
/lcrc/project/SPT3G/users/ac.yomori/repo/cosmosis-standard-library/structure/projection/projection_tools/kernel.py:35: UserWarning: Some of your n(z) or other kernels are negative.
  warnings.warn("Some of your n(z) or other kernels are negative.")
/lcrc/project/SPT3G/users/ac.yomori/repo/cosmosis-standard-library/shear/cl_to_xi_fullsky/cl_to_xi.py:36: RuntimeWarning: divide by zero encountered in log
  spec = np.exp(self.interp_func(np.log(angle)))
/lcrc/project/SPT3G/users/ac.yomori/repo/cosmosis-standard-library/shear/cl_to_xi_fullsky/cl_to_xi.py:41: RuntimeWarning: divide by zero encountered in log
  spec = self.interp_func(np.log(angle))
/lcrc/project/SPT3G/users/ac.yomori/repo/cosmosis-standard-library/structure/projection/projection_tools/kernel.py:35: UserWarning: Some of your n(z) or other kernels are negative.
  warnings.warn("Some of your n(z) or other kernels are negative.")
/lcrc/project/SPT3G/users/ac.yomori/repo/cosmosis-standard-library/shear/cl_to_xi_fullsky/cl_to_xi.py:36: RuntimeWarning: divide by zero encountered in log
  spec = np.exp(self.interp_func(np.log(angle)))
/lcrc/project/SPT3G/users/ac.yomori/repo/cosmosis-standard-library/shear/cl_to_xi_fullsky/cl_to_xi.py:36: RuntimeWarning: divide by zero encountered in log
  spec = np.exp(self.interp_func(np.log(angle)))
/lcrc/project/SPT3G/users/ac.yomori/repo/cosmosis-standard-library/structure/projection/projection_tools/kernel.py:35: UserWarning: Some of your n(z) or other kernels are negative.
  warnings.warn("Some of your n(z) or other kernels are negative.")
/lcrc/project/SPT3G/users/ac.yomori/repo/cosmosis-standard-library/shear/cl_to_xi_fullsky/cl_to_xi.py:41: RuntimeWarning: divide by zero encountered in log
  spec = self.interp_func(np.log(angle))
/lcrc/project/SPT3G/users/ac.yomori/repo/cosmosis-standard-library/structure/projection/projection_tools/kernel.py:35: UserWarning: Some of your n(z) or other kernels are negative.
  warnings.warn("Some of your n(z) or other kernels are negative.")
/lcrc/project/SPT3G/users/ac.yomori/repo/cosmosis-standard-library/structure/projection/projection_tools/kernel.py:35: UserWarning: Some of your n(z) or other kernels are negative.
  warnings.warn("Some of your n(z) or other kernels are negative.")
/lcrc/project/SPT3G/users/ac.yomori/repo/cosmosis-standard-library/shear/cl_to_xi_fullsky/cl_to_xi.py:36: RuntimeWarning: divide by zero encountered in log
  spec = np.exp(self.interp_func(np.log(angle)))
/lcrc/project/SPT3G/users/ac.yomori/repo/cosmosis-standard-library/structure/projection/projection_tools/kernel.py:35: UserWarning: Some of your n(z) or other kernels are negative.
  warnings.warn("Some of your n(z) or other kernels are negative.")
/lcrc/project/SPT3G/users/ac.yomori/repo/cosmosis-standard-library/shear/cl_to_xi_fullsky/cl_to_xi.py:36: RuntimeWarning: divide by zero encountered in log
  spec = np.exp(self.interp_func(np.log(angle)))
/lcrc/project/SPT3G/users/ac.yomori/repo/cosmosis-standard-library/structure/projection/projection_tools/kernel.py:35: UserWarning: Some of your n(z) or other kernels are negative.
  warnings.warn("Some of your n(z) or other kernels are negative.")
/lcrc/project/SPT3G/users/ac.yomori/repo/cosmosis-standard-library/shear/cl_to_xi_fullsky/cl_to_xi.py:38: RuntimeWarning: divide by zero encountered in log
  spec = -np.exp(self.interp_func(np.log(angle)))
/lcrc/project/SPT3G/users/ac.yomori/repo/cosmosis-standard-library/structure/projection/projection_tools/kernel.py:35: UserWarning: Some of your n(z) or other kernels are negative.
  warnings.warn("Some of your n(z) or other kernels are negative.")
/lcrc/project/SPT3G/users/ac.yomori/repo/cosmosis-standard-library/structure/projection/projection_tools/kernel.py:35: UserWarning: Some of your n(z) or other kernels are negative.
  warnings.warn("Some of your n(z) or other kernels are negative.")
/lcrc/project/SPT3G/users/ac.yomori/repo/cosmosis-standard-library/structure/projection/projection_tools/kernel.py:35: UserWarning: Some of your n(z) or other kernels are negative.
  warnings.warn("Some of your n(z) or other kernels are negative.")
/lcrc/project/SPT3G/users/ac.yomori/repo/cosmosis-standard-library/structure/projection/projection_tools/kernel.py:35: UserWarning: Some of your n(z) or other kernels are negative.
  warnings.warn("Some of your n(z) or other kernels are negative.")
/lcrc/project/SPT3G/users/ac.yomori/repo/cosmosis-standard-library/structure/projection/projection_tools/kernel.py:35: UserWarning: Some of your n(z) or other kernels are negative.
  warnings.warn("Some of your n(z) or other kernels are negative.")
/lcrc/project/SPT3G/users/ac.yomori/repo/cosmosis-standard-library/structure/projection/projection_tools/kernel.py:35: UserWarning: Some of your n(z) or other kernels are negative.
  warnings.warn("Some of your n(z) or other kernels are negative.")
/lcrc/project/SPT3G/users/ac.yomori/repo/cosmosis-standard-library/structure/projection/projection_tools/kernel.py:35: UserWarning: Some of your n(z) or other kernels are negative.
  warnings.warn("Some of your n(z) or other kernels are negative.")
/lcrc/project/SPT3G/users/ac.yomori/repo/cosmosis-standard-library/structure/projection/projection_tools/kernel.py:178: RuntimeWarning: invalid value encountered in divide
  nchi_spline.y * (nchi_spline.x - chi)/nchi_spline.x, 0.)
/lcrc/project/SPT3G/users/ac.yomori/repo/cosmosis-standard-library/shear/cl_to_xi_fullsky/cl_to_xi.py:36: RuntimeWarning: divide by zero encountered in log
  spec = np.exp(self.interp_func(np.log(angle)))
/lcrc/project/SPT3G/users/ac.yomori/repo/cosmosis-standard-library/shear/cl_to_xi_fullsky/cl_to_xi.py:41: RuntimeWarning: divide by zero encountered in log
  spec = self.interp_func(np.log(angle))
/lcrc/project/SPT3G/users/ac.yomori/repo/cosmosis-standard-library/shear/cl_to_xi_fullsky/cl_to_xi.py:36: RuntimeWarning: divide by zero encountered in log
  spec = np.exp(self.interp_func(np.log(angle)))
/lcrc/project/SPT3G/users/ac.yomori/repo/cosmosis-standard-library/shear/cl_to_xi_fullsky/cl_to_xi.py:41: RuntimeWarning: divide by zero encountered in log
  spec = self.interp_func(np.log(angle))
/lcrc/project/SPT3G/users/ac.yomori/repo/cosmosis-standard-library/shear/cl_to_xi_fullsky/cl_to_xi.py:38: RuntimeWarning: divide by zero encountered in log
  spec = -np.exp(self.interp_func(np.log(angle)))
/lcrc/project/SPT3G/users/ac.yomori/repo/cosmosis-standard-library/shear/cl_to_xi_fullsky/cl_to_xi.py:36: RuntimeWarning: divide by zero encountered in log
  spec = np.exp(self.interp_func(np.log(angle)))
/lcrc/project/SPT3G/users/ac.yomori/repo/cosmosis-standard-library/shear/cl_to_xi_fullsky/cl_to_xi.py:36: RuntimeWarning: divide by zero encountered in log
  spec = np.exp(self.interp_func(np.log(angle)))
/lcrc/project/SPT3G/users/ac.yomori/repo/cosmosis-standard-library/shear/cl_to_xi_fullsky/cl_to_xi.py:38: RuntimeWarning: divide by zero encountered in log
  spec = -np.exp(self.interp_func(np.log(angle)))
/lcrc/project/SPT3G/users/ac.yomori/repo/cosmosis-standard-library/structure/projection/projection_tools/kernel.py:35: UserWarning: Some of your n(z) or other kernels are negative.
  warnings.warn("Some of your n(z) or other kernels are negative.")
/lcrc/project/SPT3G/users/ac.yomori/repo/cosmosis-standard-library/shear/cl_to_xi_fullsky/cl_to_xi.py:36: RuntimeWarning: divide by zero encountered in log
  spec = np.exp(self.interp_func(np.log(angle)))
/lcrc/project/SPT3G/users/ac.yomori/repo/cosmosis-standard-library/shear/cl_to_xi_fullsky/cl_to_xi.py:41: RuntimeWarning: divide by zero encountered in log
  spec = self.interp_func(np.log(angle))
/lcrc/project/SPT3G/users/ac.yomori/repo/cosmosis-standard-library/structure/projection/projection_tools/kernel.py:35: UserWarning: Some of your n(z) or other kernels are negative.
  warnings.warn("Some of your n(z) or other kernels are negative.")
/lcrc/project/SPT3G/users/ac.yomori/repo/cosmosis-standard-library/structure/projection/projection_tools/kernel.py:178: RuntimeWarning: divide by zero encountered in divide
  nchi_spline.y * (nchi_spline.x - chi)/nchi_spline.x, 0.)
/lcrc/project/SPT3G/users/ac.yomori/repo/cosmosis-standard-library/shear/cl_to_xi_fullsky/cl_to_xi.py:36: RuntimeWarning: divide by zero encountered in log
  spec = np.exp(self.interp_func(np.log(angle)))
/lcrc/project/SPT3G/users/ac.yomori/repo/cosmosis-standard-library/shear/cl_to_xi_fullsky/cl_to_xi.py:41: RuntimeWarning: divide by zero encountered in log
  spec = self.interp_func(np.log(angle))
/lcrc/project/SPT3G/users/ac.yomori/repo/cosmosis-standard-library/structure/projection/projection_tools/kernel.py:35: UserWarning: Some of your n(z) or other kernels are negative.
  warnings.warn("Some of your n(z) or other kernels are negative.")
/lcrc/project/SPT3G/users/ac.yomori/repo/cosmosis-standard-library/shear/cl_to_xi_fullsky/cl_to_xi.py:38: RuntimeWarning: divide by zero encountered in log
  spec = -np.exp(self.interp_func(np.log(angle)))
/lcrc/project/SPT3G/users/ac.yomori/repo/cosmosis-standard-library/shear/cl_to_xi_fullsky/cl_to_xi.py:41: RuntimeWarning: divide by zero encountered in log
  spec = self.interp_func(np.log(angle))
/lcrc/project/SPT3G/users/ac.yomori/repo/cosmosis-standard-library/structure/projection/projection_tools/kernel.py:35: UserWarning: Some of your n(z) or other kernels are negative.
  warnings.warn("Some of your n(z) or other kernels are negative.")
/lcrc/project/SPT3G/users/ac.yomori/repo/cosmosis-standard-library/structure/projection/projection_tools/kernel.py:35: UserWarning: Some of your n(z) or other kernels are negative.
  warnings.warn("Some of your n(z) or other kernels are negative.")
/lcrc/project/SPT3G/users/ac.yomori/repo/cosmosis-standard-library/shear/cl_to_xi_fullsky/cl_to_xi.py:41: RuntimeWarning: divide by zero encountered in log
  spec = self.interp_func(np.log(angle))
/lcrc/project/SPT3G/users/ac.yomori/repo/cosmosis-standard-library/structure/projection/projection_tools/kernel.py:35: UserWarning: Some of your n(z) or other kernels are negative.
  warnings.warn("Some of your n(z) or other kernels are negative.")
/lcrc/project/SPT3G/users/ac.yomori/repo/cosmosis-standard-library/structure/projection/projection_tools/kernel.py:35: UserWarning: Some of your n(z) or other kernels are negative.
  warnings.warn("Some of your n(z) or other kernels are negative.")
/lcrc/project/SPT3G/users/ac.yomori/repo/cosmosis-standard-library/structure/projection/projection_tools/kernel.py:35: UserWarning: Some of your n(z) or other kernels are negative.
  warnings.warn("Some of your n(z) or other kernels are negative.")
/lcrc/project/SPT3G/users/ac.yomori/repo/cosmosis-standard-library/shear/cl_to_xi_fullsky/cl_to_xi.py:36: RuntimeWarning: divide by zero encountered in log
  spec = np.exp(self.interp_func(np.log(angle)))
/lcrc/project/SPT3G/users/ac.yomori/repo/cosmosis-standard-library/shear/cl_to_xi_fullsky/cl_to_xi.py:41: RuntimeWarning: divide by zero encountered in log
  spec = self.interp_func(np.log(angle))
/lcrc/project/SPT3G/users/ac.yomori/repo/cosmosis-standard-library/structure/projection/projection_tools/kernel.py:35: UserWarning: Some of your n(z) or other kernels are negative.
  warnings.warn("Some of your n(z) or other kernels are negative.")
/lcrc/project/SPT3G/users/ac.yomori/repo/cosmosis-standard-library/shear/cl_to_xi_fullsky/cl_to_xi.py:38: RuntimeWarning: divide by zero encountered in log
  spec = -np.exp(self.interp_func(np.log(angle)))
/lcrc/project/SPT3G/users/ac.yomori/repo/cosmosis-standard-library/shear/cl_to_xi_fullsky/cl_to_xi.py:36: RuntimeWarning: divide by zero encountered in log
  spec = np.exp(self.interp_func(np.log(angle)))
/lcrc/project/SPT3G/users/ac.yomori/repo/cosmosis-standard-library/shear/cl_to_xi_fullsky/cl_to_xi.py:36: RuntimeWarning: divide by zero encountered in log
  spec = np.exp(self.interp_func(np.log(angle)))
/lcrc/project/SPT3G/users/ac.yomori/repo/cosmosis-standard-library/shear/cl_to_xi_fullsky/cl_to_xi.py:36: RuntimeWarning: divide by zero encountered in log
  spec = np.exp(self.interp_func(np.log(angle)))
/lcrc/project/SPT3G/users/ac.yomori/repo/cosmosis-standard-library/structure/projection/projection_tools/kernel.py:35: UserWarning: Some of your n(z) or other kernels are negative.
  warnings.warn("Some of your n(z) or other kernels are negative.")
/lcrc/project/SPT3G/users/ac.yomori/repo/cosmosis-standard-library/shear/cl_to_xi_fullsky/cl_to_xi.py:36: RuntimeWarning: divide by zero encountered in log
  spec = np.exp(self.interp_func(np.log(angle)))
/lcrc/project/SPT3G/users/ac.yomori/repo/cosmosis-standard-library/shear/cl_to_xi_fullsky/cl_to_xi.py:41: RuntimeWarning: divide by zero encountered in log
  spec = self.interp_func(np.log(angle))
/lcrc/project/SPT3G/users/ac.yomori/repo/cosmosis-standard-library/structure/projection/projection_tools/kernel.py:35: UserWarning: Some of your n(z) or other kernels are negative.
  warnings.warn("Some of your n(z) or other kernels are negative.")
/lcrc/project/SPT3G/users/ac.yomori/repo/cosmosis-standard-library/structure/projection/projection_tools/kernel.py:35: UserWarning: Some of your n(z) or other kernels are negative.
  warnings.warn("Some of your n(z) or other kernels are negative.")
/lcrc/project/SPT3G/users/ac.yomori/repo/cosmosis-standard-library/shear/cl_to_xi_fullsky/cl_to_xi.py:36: RuntimeWarning: divide by zero encountered in log
  spec = np.exp(self.interp_func(np.log(angle)))
/lcrc/project/SPT3G/users/ac.yomori/repo/cosmosis-standard-library/shear/cl_to_xi_fullsky/cl_to_xi.py:36: RuntimeWarning: divide by zero encountered in log
  spec = np.exp(self.interp_func(np.log(angle)))
/lcrc/project/SPT3G/users/ac.yomori/repo/cosmosis-standard-library/shear/cl_to_xi_fullsky/cl_to_xi.py:36: RuntimeWarning: divide by zero encountered in log
  spec = np.exp(self.interp_func(np.log(angle)))
/lcrc/project/SPT3G/users/ac.yomori/repo/cosmosis-standard-library/shear/cl_to_xi_fullsky/cl_to_xi.py:36: RuntimeWarning: divide by zero encountered in log
  spec = np.exp(self.interp_func(np.log(angle)))
/lcrc/project/SPT3G/users/ac.yomori/repo/cosmosis-standard-library/structure/projection/projection_tools/kernel.py:35: UserWarning: Some of your n(z) or other kernels are negative.
  warnings.warn("Some of your n(z) or other kernels are negative.")
/lcrc/project/SPT3G/users/ac.yomori/repo/cosmosis-standard-library/shear/cl_to_xi_fullsky/cl_to_xi.py:36: RuntimeWarning: divide by zero encountered in log
  spec = np.exp(self.interp_func(np.log(angle)))
/lcrc/project/SPT3G/users/ac.yomori/repo/cosmosis-standard-library/shear/cl_to_xi_fullsky/cl_to_xi.py:36: RuntimeWarning: divide by zero encountered in log
  spec = np.exp(self.interp_func(np.log(angle)))
/lcrc/project/SPT3G/users/ac.yomori/repo/cosmosis-standard-library/shear/cl_to_xi_fullsky/cl_to_xi.py:41: RuntimeWarning: divide by zero encountered in log
  spec = self.interp_func(np.log(angle))
/lcrc/project/SPT3G/users/ac.yomori/repo/cosmosis-standard-library/shear/cl_to_xi_fullsky/cl_to_xi.py:36: RuntimeWarning: divide by zero encountered in log
  spec = np.exp(self.interp_func(np.log(angle)))
/lcrc/project/SPT3G/users/ac.yomori/repo/cosmosis-standard-library/shear/cl_to_xi_fullsky/cl_to_xi.py:41: RuntimeWarning: divide by zero encountered in log
  spec = self.interp_func(np.log(angle))
/lcrc/project/SPT3G/users/ac.yomori/repo/cosmosis-standard-library/shear/cl_to_xi_fullsky/cl_to_xi.py:36: RuntimeWarning: divide by zero encountered in log
  spec = np.exp(self.interp_func(np.log(angle)))
/lcrc/project/SPT3G/users/ac.yomori/repo/cosmosis-standard-library/shear/cl_to_xi_fullsky/cl_to_xi.py:38: RuntimeWarning: divide by zero encountered in log
  spec = -np.exp(self.interp_func(np.log(angle)))
/lcrc/project/SPT3G/users/ac.yomori/repo/cosmosis-standard-library/structure/projection/projection_tools/kernel.py:35: UserWarning: Some of your n(z) or other kernels are negative.
  warnings.warn("Some of your n(z) or other kernels are negative.")
/lcrc/project/SPT3G/users/ac.yomori/repo/cosmosis-standard-library/structure/projection/projection_tools/kernel.py:35: UserWarning: Some of your n(z) or other kernels are negative.
  warnings.warn("Some of your n(z) or other kernels are negative.")
/lcrc/project/SPT3G/users/ac.yomori/repo/cosmosis-standard-library/shear/cl_to_xi_fullsky/cl_to_xi.py:36: RuntimeWarning: divide by zero encountered in log
  spec = np.exp(self.interp_func(np.log(angle)))
/lcrc/project/SPT3G/users/ac.yomori/repo/cosmosis-standard-library/shear/cl_to_xi_fullsky/cl_to_xi.py:41: RuntimeWarning: divide by zero encountered in log
  spec = self.interp_func(np.log(angle))
/lcrc/project/SPT3G/users/ac.yomori/repo/cosmosis-standard-library/shear/cl_to_xi_fullsky/cl_to_xi.py:41: RuntimeWarning: divide by zero encountered in log
  spec = self.interp_func(np.log(angle))
/lcrc/project/SPT3G/users/ac.yomori/repo/cosmosis-standard-library/shear/cl_to_xi_fullsky/cl_to_xi.py:41: RuntimeWarning: divide by zero encountered in log
  spec = self.interp_func(np.log(angle))
/lcrc/project/SPT3G/users/ac.yomori/repo/cosmosis-standard-library/shear/cl_to_xi_fullsky/cl_to_xi.py:38: RuntimeWarning: divide by zero encountered in log
  spec = -np.exp(self.interp_func(np.log(angle)))
/lcrc/project/SPT3G/users/ac.yomori/repo/cosmosis-standard-library/shear/cl_to_xi_fullsky/cl_to_xi.py:36: RuntimeWarning: divide by zero encountered in log
  spec = np.exp(self.interp_func(np.log(angle)))
/lcrc/project/SPT3G/users/ac.yomori/repo/cosmosis-standard-library/structure/projection/projection_tools/kernel.py:35: UserWarning: Some of your n(z) or other kernels are negative.
  warnings.warn("Some of your n(z) or other kernels are negative.")
/lcrc/project/SPT3G/users/ac.yomori/repo/cosmosis-standard-library/shear/cl_to_xi_fullsky/cl_to_xi.py:36: RuntimeWarning: divide by zero encountered in log
  spec = np.exp(self.interp_func(np.log(angle)))
/lcrc/project/SPT3G/users/ac.yomori/repo/cosmosis-standard-library/shear/cl_to_xi_fullsky/cl_to_xi.py:36: RuntimeWarning: divide by zero encountered in log
  spec = np.exp(self.interp_func(np.log(angle)))
/lcrc/project/SPT3G/users/ac.yomori/repo/cosmosis-standard-library/shear/cl_to_xi_fullsky/cl_to_xi.py:36: RuntimeWarning: divide by zero encountered in log
  spec = np.exp(self.interp_func(np.log(angle)))
/lcrc/project/SPT3G/users/ac.yomori/repo/cosmosis-standard-library/shear/cl_to_xi_fullsky/cl_to_xi.py:41: RuntimeWarning: divide by zero encountered in log
  spec = self.interp_func(np.log(angle))
/lcrc/project/SPT3G/users/ac.yomori/repo/cosmosis-standard-library/structure/projection/projection_tools/kernel.py:35: UserWarning: Some of your n(z) or other kernels are negative.
  warnings.warn("Some of your n(z) or other kernels are negative.")
/lcrc/project/SPT3G/users/ac.yomori/repo/cosmosis-standard-library/shear/cl_to_xi_fullsky/cl_to_xi.py:36: RuntimeWarning: divide by zero encountered in log
  spec = np.exp(self.interp_func(np.log(angle)))
/lcrc/project/SPT3G/users/ac.yomori/repo/cosmosis-standard-library/structure/projection/projection_tools/kernel.py:35: UserWarning: Some of your n(z) or other kernels are negative.
  warnings.warn("Some of your n(z) or other kernels are negative.")
/lcrc/project/SPT3G/users/ac.yomori/repo/cosmosis-standard-library/structure/projection/projection_tools/kernel.py:35: UserWarning: Some of your n(z) or other kernels are negative.
  warnings.warn("Some of your n(z) or other kernels are negative.")
/lcrc/project/SPT3G/users/ac.yomori/repo/cosmosis-standard-library/shear/cl_to_xi_fullsky/cl_to_xi.py:41: RuntimeWarning: divide by zero encountered in log
  spec = self.interp_func(np.log(angle))
/lcrc/project/SPT3G/users/ac.yomori/repo/cosmosis-standard-library/structure/projection/projection_tools/kernel.py:35: UserWarning: Some of your n(z) or other kernels are negative.
  warnings.warn("Some of your n(z) or other kernels are negative.")
/lcrc/project/SPT3G/users/ac.yomori/repo/cosmosis-standard-library/shear/cl_to_xi_fullsky/cl_to_xi.py:41: RuntimeWarning: divide by zero encountered in log
  spec = self.interp_func(np.log(angle))
/lcrc/project/SPT3G/users/ac.yomori/repo/cosmosis-standard-library/structure/projection/projection_tools/kernel.py:35: UserWarning: Some of your n(z) or other kernels are negative.
  warnings.warn("Some of your n(z) or other kernels are negative.")
/lcrc/project/SPT3G/users/ac.yomori/repo/cosmosis-standard-library/shear/cl_to_xi_fullsky/cl_to_xi.py:36: RuntimeWarning: divide by zero encountered in log
  spec = np.exp(self.interp_func(np.log(angle)))
/lcrc/project/SPT3G/users/ac.yomori/repo/cosmosis-standard-library/structure/projection/projection_tools/kernel.py:178: RuntimeWarning: invalid value encountered in divide
  nchi_spline.y * (nchi_spline.x - chi)/nchi_spline.x, 0.)
/lcrc/project/SPT3G/users/ac.yomori/repo/cosmosis-standard-library/structure/projection/projection_tools/kernel.py:178: RuntimeWarning: divide by zero encountered in divide
  nchi_spline.y * (nchi_spline.x - chi)/nchi_spline.x, 0.)
/lcrc/project/SPT3G/users/ac.yomori/repo/cosmosis-standard-library/shear/cl_to_xi_fullsky/cl_to_xi.py:41: RuntimeWarning: divide by zero encountered in log
  spec = self.interp_func(np.log(angle))
/lcrc/project/SPT3G/users/ac.yomori/repo/cosmosis-standard-library/shear/cl_to_xi_fullsky/cl_to_xi.py:41: RuntimeWarning: divide by zero encountered in log
  spec = self.interp_func(np.log(angle))
/lcrc/project/SPT3G/users/ac.yomori/repo/cosmosis-standard-library/structure/projection/projection_tools/kernel.py:35: UserWarning: Some of your n(z) or other kernels are negative.
  warnings.warn("Some of your n(z) or other kernels are negative.")
/lcrc/project/SPT3G/users/ac.yomori/repo/cosmosis-standard-library/shear/cl_to_xi_fullsky/cl_to_xi.py:36: RuntimeWarning: divide by zero encountered in log
  spec = np.exp(self.interp_func(np.log(angle)))
/lcrc/project/SPT3G/users/ac.yomori/repo/cosmosis-standard-library/shear/cl_to_xi_fullsky/cl_to_xi.py:36: RuntimeWarning: divide by zero encountered in log
  spec = np.exp(self.interp_func(np.log(angle)))
/lcrc/project/SPT3G/users/ac.yomori/repo/cosmosis-standard-library/shear/cl_to_xi_fullsky/cl_to_xi.py:36: RuntimeWarning: divide by zero encountered in log
  spec = np.exp(self.interp_func(np.log(angle)))
/lcrc/project/SPT3G/users/ac.yomori/repo/cosmosis-standard-library/shear/cl_to_xi_fullsky/cl_to_xi.py:41: RuntimeWarning: divide by zero encountered in log
  spec = self.interp_func(np.log(angle))
/lcrc/project/SPT3G/users/ac.yomori/repo/cosmosis-standard-library/shear/cl_to_xi_fullsky/cl_to_xi.py:41: RuntimeWarning: divide by zero encountered in log
  spec = self.interp_func(np.log(angle))
/lcrc/project/SPT3G/users/ac.yomori/repo/cosmosis-standard-library/shear/cl_to_xi_fullsky/cl_to_xi.py:38: RuntimeWarning: divide by zero encountered in log
  spec = -np.exp(self.interp_func(np.log(angle)))
/lcrc/project/SPT3G/users/ac.yomori/repo/cosmosis-standard-library/structure/projection/projection_tools/kernel.py:35: UserWarning: Some of your n(z) or other kernels are negative.
  warnings.warn("Some of your n(z) or other kernels are negative.")
/lcrc/project/SPT3G/users/ac.yomori/repo/cosmosis-standard-library/shear/cl_to_xi_fullsky/cl_to_xi.py:38: RuntimeWarning: divide by zero encountered in log
  spec = -np.exp(self.interp_func(np.log(angle)))
/lcrc/project/SPT3G/users/ac.yomori/repo/cosmosis-standard-library/shear/cl_to_xi_fullsky/cl_to_xi.py:36: RuntimeWarning: divide by zero encountered in log
  spec = np.exp(self.interp_func(np.log(angle)))
/lcrc/project/SPT3G/users/ac.yomori/repo/cosmosis-standard-library/shear/cl_to_xi_fullsky/cl_to_xi.py:36: RuntimeWarning: divide by zero encountered in log
  spec = np.exp(self.interp_func(np.log(angle)))
/lcrc/project/SPT3G/users/ac.yomori/repo/cosmosis-standard-library/shear/cl_to_xi_fullsky/cl_to_xi.py:36: RuntimeWarning: divide by zero encountered in log
  spec = np.exp(self.interp_func(np.log(angle)))
/lcrc/project/SPT3G/users/ac.yomori/repo/cosmosis-standard-library/shear/cl_to_xi_fullsky/cl_to_xi.py:41: RuntimeWarning: divide by zero encountered in log
  spec = self.interp_func(np.log(angle))
/lcrc/project/SPT3G/users/ac.yomori/repo/cosmosis-standard-library/shear/cl_to_xi_fullsky/cl_to_xi.py:41: RuntimeWarning: divide by zero encountered in log
  spec = self.interp_func(np.log(angle))
/lcrc/project/SPT3G/users/ac.yomori/repo/cosmosis-standard-library/shear/cl_to_xi_fullsky/cl_to_xi.py:38: RuntimeWarning: divide by zero encountered in log
  spec = -np.exp(self.interp_func(np.log(angle)))
/lcrc/project/SPT3G/users/ac.yomori/repo/cosmosis-standard-library/structure/projection/projection_tools/kernel.py:35: UserWarning: Some of your n(z) or other kernels are negative.
  warnings.warn("Some of your n(z) or other kernels are negative.")
/lcrc/project/SPT3G/users/ac.yomori/repo/cosmosis-standard-library/shear/cl_to_xi_fullsky/cl_to_xi.py:36: RuntimeWarning: divide by zero encountered in log
  spec = np.exp(self.interp_func(np.log(angle)))
/lcrc/project/SPT3G/users/ac.yomori/repo/cosmosis-standard-library/shear/cl_to_xi_fullsky/cl_to_xi.py:36: RuntimeWarning: divide by zero encountered in log
  spec = np.exp(self.interp_func(np.log(angle)))
/lcrc/project/SPT3G/users/ac.yomori/repo/cosmosis-standard-library/shear/cl_to_xi_fullsky/cl_to_xi.py:41: RuntimeWarning: divide by zero encountered in log
  spec = self.interp_func(np.log(angle))
/lcrc/project/SPT3G/users/ac.yomori/repo/cosmosis-standard-library/shear/cl_to_xi_fullsky/cl_to_xi.py:36: RuntimeWarning: divide by zero encountered in log
  spec = np.exp(self.interp_func(np.log(angle)))
/lcrc/project/SPT3G/users/ac.yomori/repo/cosmosis-standard-library/structure/projection/projection_tools/kernel.py:35: UserWarning: Some of your n(z) or other kernels are negative.
  warnings.warn("Some of your n(z) or other kernels are negative.")
/lcrc/project/SPT3G/users/ac.yomori/repo/cosmosis-standard-library/structure/projection/projection_tools/kernel.py:35: UserWarning: Some of your n(z) or other kernels are negative.
  warnings.warn("Some of your n(z) or other kernels are negative.")
/lcrc/project/SPT3G/users/ac.yomori/repo/cosmosis-standard-library/structure/projection/projection_tools/kernel.py:178: RuntimeWarning: invalid value encountered in divide
  nchi_spline.y * (nchi_spline.x - chi)/nchi_spline.x, 0.)
/lcrc/project/SPT3G/users/ac.yomori/repo/cosmosis-standard-library/structure/projection/projection_tools/kernel.py:178: RuntimeWarning: divide by zero encountered in divide
  nchi_spline.y * (nchi_spline.x - chi)/nchi_spline.x, 0.)
/lcrc/project/SPT3G/users/ac.yomori/repo/cosmosis-standard-library/shear/cl_to_xi_fullsky/cl_to_xi.py:36: RuntimeWarning: divide by zero encountered in log
  spec = np.exp(self.interp_func(np.log(angle)))
/lcrc/project/SPT3G/users/ac.yomori/repo/cosmosis-standard-library/structure/projection/projection_tools/kernel.py:35: UserWarning: Some of your n(z) or other kernels are negative.
  warnings.warn("Some of your n(z) or other kernels are negative.")
/lcrc/project/SPT3G/users/ac.yomori/repo/cosmosis-standard-library/shear/cl_to_xi_fullsky/cl_to_xi.py:41: RuntimeWarning: divide by zero encountered in log
  spec = self.interp_func(np.log(angle))
/lcrc/project/SPT3G/users/ac.yomori/repo/cosmosis-standard-library/structure/projection/projection_tools/kernel.py:35: UserWarning: Some of your n(z) or other kernels are negative.
  warnings.warn("Some of your n(z) or other kernels are negative.")
/lcrc/project/SPT3G/users/ac.yomori/repo/cosmosis-standard-library/shear/cl_to_xi_fullsky/cl_to_xi.py:36: RuntimeWarning: divide by zero encountered in log
  spec = np.exp(self.interp_func(np.log(angle)))
/lcrc/project/SPT3G/users/ac.yomori/repo/cosmosis-standard-library/shear/cl_to_xi_fullsky/cl_to_xi.py:38: RuntimeWarning: divide by zero encountered in log
  spec = -np.exp(self.interp_func(np.log(angle)))
/lcrc/project/SPT3G/users/ac.yomori/repo/cosmosis-standard-library/structure/projection/projection_tools/kernel.py:35: UserWarning: Some of your n(z) or other kernels are negative.
  warnings.warn("Some of your n(z) or other kernels are negative.")
/lcrc/project/SPT3G/users/ac.yomori/repo/cosmosis-standard-library/shear/cl_to_xi_fullsky/cl_to_xi.py:41: RuntimeWarning: divide by zero encountered in log
  spec = self.interp_func(np.log(angle))
/lcrc/project/SPT3G/users/ac.yomori/repo/cosmosis-standard-library/shear/cl_to_xi_fullsky/cl_to_xi.py:36: RuntimeWarning: divide by zero encountered in log
  spec = np.exp(self.interp_func(np.log(angle)))
/lcrc/project/SPT3G/users/ac.yomori/repo/cosmosis-standard-library/structure/projection/projection_tools/kernel.py:35: UserWarning: Some of your n(z) or other kernels are negative.
  warnings.warn("Some of your n(z) or other kernels are negative.")
/lcrc/project/SPT3G/users/ac.yomori/repo/cosmosis-standard-library/shear/cl_to_xi_fullsky/cl_to_xi.py:36: RuntimeWarning: divide by zero encountered in log
  spec = np.exp(self.interp_func(np.log(angle)))
/lcrc/project/SPT3G/users/ac.yomori/repo/cosmosis-standard-library/shear/cl_to_xi_fullsky/cl_to_xi.py:41: RuntimeWarning: divide by zero encountered in log
  spec = self.interp_func(np.log(angle))
/lcrc/project/SPT3G/users/ac.yomori/repo/cosmosis-standard-library/structure/projection/projection_tools/kernel.py:35: UserWarning: Some of your n(z) or other kernels are negative.
  warnings.warn("Some of your n(z) or other kernels are negative.")
/lcrc/project/SPT3G/users/ac.yomori/repo/cosmosis-standard-library/shear/cl_to_xi_fullsky/cl_to_xi.py:36: RuntimeWarning: divide by zero encountered in log
  spec = np.exp(self.interp_func(np.log(angle)))
/lcrc/project/SPT3G/users/ac.yomori/repo/cosmosis-standard-library/structure/projection/projection_tools/kernel.py:35: UserWarning: Some of your n(z) or other kernels are negative.
  warnings.warn("Some of your n(z) or other kernels are negative.")
/lcrc/project/SPT3G/users/ac.yomori/repo/cosmosis-standard-library/shear/cl_to_xi_fullsky/cl_to_xi.py:38: RuntimeWarning: divide by zero encountered in log
  spec = -np.exp(self.interp_func(np.log(angle)))
/lcrc/project/SPT3G/users/ac.yomori/repo/cosmosis-standard-library/shear/cl_to_xi_fullsky/cl_to_xi.py:36: RuntimeWarning: divide by zero encountered in log
  spec = np.exp(self.interp_func(np.log(angle)))
/lcrc/project/SPT3G/users/ac.yomori/repo/cosmosis-standard-library/shear/cl_to_xi_fullsky/cl_to_xi.py:36: RuntimeWarning: divide by zero encountered in log
  spec = np.exp(self.interp_func(np.log(angle)))
/lcrc/project/SPT3G/users/ac.yomori/repo/cosmosis-standard-library/shear/cl_to_xi_fullsky/cl_to_xi.py:36: RuntimeWarning: divide by zero encountered in log
  spec = np.exp(self.interp_func(np.log(angle)))
/lcrc/project/SPT3G/users/ac.yomori/repo/cosmosis-standard-library/shear/cl_to_xi_fullsky/cl_to_xi.py:41: RuntimeWarning: divide by zero encountered in log
  spec = self.interp_func(np.log(angle))
/lcrc/project/SPT3G/users/ac.yomori/repo/cosmosis-standard-library/shear/cl_to_xi_fullsky/cl_to_xi.py:41: RuntimeWarning: divide by zero encountered in log
  spec = self.interp_func(np.log(angle))
/lcrc/project/SPT3G/users/ac.yomori/repo/cosmosis-standard-library/structure/projection/projection_tools/kernel.py:35: UserWarning: Some of your n(z) or other kernels are negative.
  warnings.warn("Some of your n(z) or other kernels are negative.")
/lcrc/project/SPT3G/users/ac.yomori/repo/cosmosis-standard-library/shear/cl_to_xi_fullsky/cl_to_xi.py:38: RuntimeWarning: divide by zero encountered in log
  spec = -np.exp(self.interp_func(np.log(angle)))
/lcrc/project/SPT3G/users/ac.yomori/repo/cosmosis-standard-library/shear/cl_to_xi_fullsky/cl_to_xi.py:36: RuntimeWarning: divide by zero encountered in log
  spec = np.exp(self.interp_func(np.log(angle)))
/lcrc/project/SPT3G/users/ac.yomori/repo/cosmosis-standard-library/shear/cl_to_xi_fullsky/cl_to_xi.py:41: RuntimeWarning: divide by zero encountered in log
  spec = self.interp_func(np.log(angle))
/lcrc/project/SPT3G/users/ac.yomori/repo/cosmosis-standard-library/shear/cl_to_xi_fullsky/cl_to_xi.py:36: RuntimeWarning: divide by zero encountered in log
  spec = np.exp(self.interp_func(np.log(angle)))
/lcrc/project/SPT3G/users/ac.yomori/repo/cosmosis-standard-library/structure/projection/projection_tools/kernel.py:35: UserWarning: Some of your n(z) or other kernels are negative.
  warnings.warn("Some of your n(z) or other kernels are negative.")
/lcrc/project/SPT3G/users/ac.yomori/repo/cosmosis-standard-library/structure/projection/projection_tools/kernel.py:35: UserWarning: Some of your n(z) or other kernels are negative.
  warnings.warn("Some of your n(z) or other kernels are negative.")
/lcrc/project/SPT3G/users/ac.yomori/repo/cosmosis-standard-library/shear/cl_to_xi_fullsky/cl_to_xi.py:36: RuntimeWarning: divide by zero encountered in log
  spec = np.exp(self.interp_func(np.log(angle)))
/lcrc/project/SPT3G/users/ac.yomori/repo/cosmosis-standard-library/shear/cl_to_xi_fullsky/cl_to_xi.py:41: RuntimeWarning: divide by zero encountered in log
  spec = self.interp_func(np.log(angle))
/lcrc/project/SPT3G/users/ac.yomori/repo/cosmosis-standard-library/shear/cl_to_xi_fullsky/cl_to_xi.py:38: RuntimeWarning: divide by zero encountered in log
  spec = -np.exp(self.interp_func(np.log(angle)))
/lcrc/project/SPT3G/users/ac.yomori/repo/cosmosis-standard-library/shear/cl_to_xi_fullsky/cl_to_xi.py:36: RuntimeWarning: divide by zero encountered in log
  spec = np.exp(self.interp_func(np.log(angle)))
/lcrc/project/SPT3G/users/ac.yomori/repo/cosmosis-standard-library/shear/cl_to_xi_fullsky/cl_to_xi.py:41: RuntimeWarning: divide by zero encountered in log
  spec = self.interp_func(np.log(angle))
/lcrc/project/SPT3G/users/ac.yomori/repo/cosmosis-standard-library/shear/cl_to_xi_fullsky/cl_to_xi.py:36: RuntimeWarning: divide by zero encountered in log
  spec = np.exp(self.interp_func(np.log(angle)))
/lcrc/project/SPT3G/users/ac.yomori/repo/cosmosis-standard-library/shear/cl_to_xi_fullsky/cl_to_xi.py:38: RuntimeWarning: divide by zero encountered in log
  spec = -np.exp(self.interp_func(np.log(angle)))
/lcrc/project/SPT3G/users/ac.yomori/repo/cosmosis-standard-library/shear/cl_to_xi_fullsky/cl_to_xi.py:36: RuntimeWarning: divide by zero encountered in log
  spec = np.exp(self.interp_func(np.log(angle)))
/lcrc/project/SPT3G/users/ac.yomori/repo/cosmosis-standard-library/shear/cl_to_xi_fullsky/cl_to_xi.py:41: RuntimeWarning: divide by zero encountered in log
  spec = self.interp_func(np.log(angle))
/lcrc/project/SPT3G/users/ac.yomori/repo/cosmosis-standard-library/structure/projection/projection_tools/kernel.py:35: UserWarning: Some of your n(z) or other kernels are negative.
  warnings.warn("Some of your n(z) or other kernels are negative.")
/lcrc/project/SPT3G/users/ac.yomori/repo/cosmosis-standard-library/shear/cl_to_xi_fullsky/cl_to_xi.py:36: RuntimeWarning: divide by zero encountered in log
  spec = np.exp(self.interp_func(np.log(angle)))
/lcrc/project/SPT3G/users/ac.yomori/repo/cosmosis-standard-library/shear/cl_to_xi_fullsky/cl_to_xi.py:41: RuntimeWarning: divide by zero encountered in log
  spec = self.interp_func(np.log(angle))
/lcrc/project/SPT3G/users/ac.yomori/repo/cosmosis-standard-library/shear/cl_to_xi_fullsky/cl_to_xi.py:38: RuntimeWarning: divide by zero encountered in log
  spec = -np.exp(self.interp_func(np.log(angle)))
/lcrc/project/SPT3G/users/ac.yomori/repo/cosmosis-standard-library/structure/projection/projection_tools/kernel.py:35: UserWarning: Some of your n(z) or other kernels are negative.
  warnings.warn("Some of your n(z) or other kernels are negative.")
/lcrc/project/SPT3G/users/ac.yomori/repo/cosmosis-standard-library/shear/cl_to_xi_fullsky/cl_to_xi.py:36: RuntimeWarning: divide by zero encountered in log
  spec = np.exp(self.interp_func(np.log(angle)))
/lcrc/project/SPT3G/users/ac.yomori/repo/cosmosis-standard-library/structure/projection/projection_tools/kernel.py:35: UserWarning: Some of your n(z) or other kernels are negative.
  warnings.warn("Some of your n(z) or other kernels are negative.")
/lcrc/project/SPT3G/users/ac.yomori/repo/cosmosis-standard-library/shear/cl_to_xi_fullsky/cl_to_xi.py:36: RuntimeWarning: divide by zero encountered in log
  spec = np.exp(self.interp_func(np.log(angle)))
/lcrc/project/SPT3G/users/ac.yomori/repo/cosmosis-standard-library/structure/projection/projection_tools/kernel.py:35: UserWarning: Some of your n(z) or other kernels are negative.
  warnings.warn("Some of your n(z) or other kernels are negative.")
/lcrc/project/SPT3G/users/ac.yomori/repo/cosmosis-standard-library/shear/cl_to_xi_fullsky/cl_to_xi.py:36: RuntimeWarning: divide by zero encountered in log
  spec = np.exp(self.interp_func(np.log(angle)))
/lcrc/project/SPT3G/users/ac.yomori/repo/cosmosis-standard-library/shear/cl_to_xi_fullsky/cl_to_xi.py:41: RuntimeWarning: divide by zero encountered in log
  spec = self.interp_func(np.log(angle))
/lcrc/project/SPT3G/users/ac.yomori/repo/cosmosis-standard-library/structure/projection/projection_tools/kernel.py:35: UserWarning: Some of your n(z) or other kernels are negative.
  warnings.warn("Some of your n(z) or other kernels are negative.")
/lcrc/project/SPT3G/users/ac.yomori/repo/cosmosis-standard-library/shear/cl_to_xi_fullsky/cl_to_xi.py:36: RuntimeWarning: divide by zero encountered in log
  spec = np.exp(self.interp_func(np.log(angle)))
/lcrc/project/SPT3G/users/ac.yomori/repo/cosmosis-standard-library/structure/projection/projection_tools/kernel.py:35: UserWarning: Some of your n(z) or other kernels are negative.
  warnings.warn("Some of your n(z) or other kernels are negative.")
/lcrc/project/SPT3G/users/ac.yomori/repo/cosmosis-standard-library/structure/projection/projection_tools/kernel.py:35: UserWarning: Some of your n(z) or other kernels are negative.
  warnings.warn("Some of your n(z) or other kernels are negative.")
/lcrc/project/SPT3G/users/ac.yomori/repo/cosmosis-standard-library/shear/cl_to_xi_fullsky/cl_to_xi.py:36: RuntimeWarning: divide by zero encountered in log
  spec = np.exp(self.interp_func(np.log(angle)))
/lcrc/project/SPT3G/users/ac.yomori/repo/cosmosis-standard-library/shear/cl_to_xi_fullsky/cl_to_xi.py:41: RuntimeWarning: divide by zero encountered in log
  spec = self.interp_func(np.log(angle))
/lcrc/project/SPT3G/users/ac.yomori/repo/cosmosis-standard-library/structure/projection/projection_tools/kernel.py:35: UserWarning: Some of your n(z) or other kernels are negative.
  warnings.warn("Some of your n(z) or other kernels are negative.")
/lcrc/project/SPT3G/users/ac.yomori/repo/cosmosis-standard-library/shear/cl_to_xi_fullsky/cl_to_xi.py:38: RuntimeWarning: divide by zero encountered in log
  spec = -np.exp(self.interp_func(np.log(angle)))
/lcrc/project/SPT3G/users/ac.yomori/repo/cosmosis-standard-library/shear/cl_to_xi_fullsky/cl_to_xi.py:36: RuntimeWarning: divide by zero encountered in log
  spec = np.exp(self.interp_func(np.log(angle)))
/lcrc/project/SPT3G/users/ac.yomori/repo/cosmosis-standard-library/shear/cl_to_xi_fullsky/cl_to_xi.py:41: RuntimeWarning: divide by zero encountered in log
  spec = self.interp_func(np.log(angle))
/lcrc/project/SPT3G/users/ac.yomori/repo/cosmosis-standard-library/shear/cl_to_xi_fullsky/cl_to_xi.py:36: RuntimeWarning: divide by zero encountered in log
  spec = np.exp(self.interp_func(np.log(angle)))
/lcrc/project/SPT3G/users/ac.yomori/repo/cosmosis-standard-library/structure/projection/projection_tools/kernel.py:35: UserWarning: Some of your n(z) or other kernels are negative.
  warnings.warn("Some of your n(z) or other kernels are negative.")
Pipeline failed on these parameters: [ 1.19420354e+00  9.86137689e-01  2.27840877e-02  5.68476165e-02
  6.74571600e-01  3.42850615e-01  7.72023141e+00 -1.27349112e-02
 -2.99717050e-03 -9.03992731e-03 -1.64233107e-02  4.34102914e-03
  1.63953219e-02 -4.73556766e-03 -1.11167576e-02  1.54470010e-03
 -2.18249471e-02 -6.14662625e-03  5.24116750e-03  1.05787299e+00
  1.17714145e+00  7.95489910e-01  1.01979218e+00  2.66243724e+00
  2.38809432e+00  9.76041434e-01  1.08709547e+00 -2.27117080e-01
  4.64894375e+00 -2.50185201e+00 -8.97164885e-01  3.46176792e-01]
/lcrc/project/SPT3G/users/ac.yomori/repo/cosmosis-standard-library/shear/cl_to_xi_fullsky/cl_to_xi.py:36: RuntimeWarning: divide by zero encountered in log
  spec = np.exp(self.interp_func(np.log(angle)))
Pipeline failed on these parameters: [ 1.23422387e+00  9.78221383e-01  2.46987735e-02  7.48837940e-02
  8.12950063e-01  3.24838749e-01  7.58452410e+00  1.51832691e-02
 -2.17082341e-02 -1.65331741e-02 -3.59698547e-02  1.64636888e-02
 -2.94432553e-03 -1.75732661e-02 -2.46527138e-03 -1.94348176e-02
 -3.49678790e-02 -1.71254120e-03 -6.14166761e-03  9.38696213e-01
  1.37566229e+00  8.09100517e-01  9.95303668e-01  2.95247392e+00
  1.77811246e+00  2.14618600e+00  2.98184742e+00 -3.38936918e+00
 -4.91312402e+00  4.55358610e+00 -4.54521530e+00  1.66793088e-01]
/lcrc/project/SPT3G/users/ac.yomori/repo/cosmosis-standard-library/structure/projection/projection_tools/kernel.py:35: UserWarning: Some of your n(z) or other kernels are negative.
  warnings.warn("Some of your n(z) or other kernels are negative.")
/lcrc/project/SPT3G/users/ac.yomori/repo/cosmosis-standard-library/shear/cl_to_xi_fullsky/cl_to_xi.py:36: RuntimeWarning: divide by zero encountered in log
  spec = np.exp(self.interp_func(np.log(angle)))
Pipeline failed on these parameters: [ 1.07362133e+00  1.03741316e+00  2.19685391e-02  5.17213777e-02
  7.67736144e-01  1.39585520e-01  7.37540554e+00  7.71293411e-04
 -2.47084230e-02 -2.21793505e-02 -4.56689059e-02 -2.67611583e-03
 -2.34531927e-02 -1.48834106e-02 -7.44334314e-03 -1.93949278e-02
 -2.79900427e-02 -4.26185653e-03 -7.68327627e-03  1.03268467e+00
  1.40881050e+00  8.24061269e-01  9.39048257e-01  1.63166042e+00
  1.30010939e+00  1.25598069e+00  1.58449737e+00 -1.52739299e-02
 -3.04734285e+00 -3.66545476e+00 -6.49600446e-01  1.94298717e+00]
/lcrc/project/SPT3G/users/ac.yomori/repo/cosmosis-standard-library/structure/projection/projection_tools/kernel.py:35: UserWarning: Some of your n(z) or other kernels are negative.
  warnings.warn("Some of your n(z) or other kernels are negative.")
/lcrc/project/SPT3G/users/ac.yomori/repo/cosmosis-standard-library/shear/cl_to_xi_fullsky/cl_to_xi.py:36: RuntimeWarning: divide by zero encountered in log
  spec = np.exp(self.interp_func(np.log(angle)))
/lcrc/project/SPT3G/users/ac.yomori/repo/cosmosis-standard-library/shear/cl_to_xi_fullsky/cl_to_xi.py:41: RuntimeWarning: divide by zero encountered in log
  spec = self.interp_func(np.log(angle))
Pipeline failed on these parameters: [ 1.19424744e+00  9.04291678e-01  2.48113087e-02  5.17290577e-02
  7.47886558e-01  1.01850300e-01  7.82476117e+00 -6.26699604e-03
 -2.87456472e-02 -2.41452241e-02 -3.18309559e-02 -6.64614901e-03
 -1.96237869e-02 -1.19296324e-02  4.45890832e-03 -1.09356022e-02
 -3.51029740e-02 -7.54452120e-03  2.26537995e-03  1.00342080e+00
  1.38915087e+00  9.31971533e-01  8.95653296e-01  2.17232395e+00
  1.37204545e+00  9.53595969e-01  1.53770480e+00 -3.54483333e+00
  2.15618940e+00 -7.20820918e-01  1.67493077e+00  9.15851644e-01]
/lcrc/project/SPT3G/users/ac.yomori/repo/cosmosis-standard-library/shear/cl_to_xi_fullsky/cl_to_xi.py:38: RuntimeWarning: divide by zero encountered in log
  spec = -np.exp(self.interp_func(np.log(angle)))
/lcrc/project/SPT3G/users/ac.yomori/repo/cosmosis-standard-library/shear/cl_to_xi_fullsky/cl_to_xi.py:41: RuntimeWarning: divide by zero encountered in log
  spec = self.interp_func(np.log(angle))
/lcrc/project/SPT3G/users/ac.yomori/repo/cosmosis-standard-library/shear/cl_to_xi_fullsky/cl_to_xi.py:41: RuntimeWarning: divide by zero encountered in log
  spec = self.interp_func(np.log(angle))
/lcrc/project/SPT3G/users/ac.yomori/repo/cosmosis-standard-library/shear/cl_to_xi_fullsky/cl_to_xi.py:41: RuntimeWarning: divide by zero encountered in log
  spec = self.interp_func(np.log(angle))
/lcrc/project/SPT3G/users/ac.yomori/repo/cosmosis-standard-library/shear/cl_to_xi_fullsky/cl_to_xi.py:38: RuntimeWarning: divide by zero encountered in log
  spec = -np.exp(self.interp_func(np.log(angle)))
/lcrc/project/SPT3G/users/ac.yomori/repo/cosmosis-standard-library/shear/cl_to_xi_fullsky/cl_to_xi.py:38: RuntimeWarning: divide by zero encountered in log
  spec = -np.exp(self.interp_func(np.log(angle)))
/lcrc/project/SPT3G/users/ac.yomori/repo/cosmosis-standard-library/structure/projection/projection_tools/kernel.py:178: RuntimeWarning: invalid value encountered in divide
  nchi_spline.y * (nchi_spline.x - chi)/nchi_spline.x, 0.)
/lcrc/project/SPT3G/users/ac.yomori/repo/cosmosis-standard-library/structure/projection/projection_tools/kernel.py:178: RuntimeWarning: divide by zero encountered in divide
  nchi_spline.y * (nchi_spline.x - chi)/nchi_spline.x, 0.)
/lcrc/project/SPT3G/users/ac.yomori/repo/cosmosis-standard-library/shear/cl_to_xi_fullsky/cl_to_xi.py:41: RuntimeWarning: divide by zero encountered in log
  spec = self.interp_func(np.log(angle))
/lcrc/project/SPT3G/users/ac.yomori/repo/cosmosis-standard-library/structure/projection/projection_tools/kernel.py:178: RuntimeWarning: invalid value encountered in divide
  nchi_spline.y * (nchi_spline.x - chi)/nchi_spline.x, 0.)
/lcrc/project/SPT3G/users/ac.yomori/repo/cosmosis-standard-library/structure/projection/projection_tools/kernel.py:178: RuntimeWarning: divide by zero encountered in divide
  nchi_spline.y * (nchi_spline.x - chi)/nchi_spline.x, 0.)
/lcrc/project/SPT3G/users/ac.yomori/repo/cosmosis-standard-library/shear/cl_to_xi_fullsky/cl_to_xi.py:38: RuntimeWarning: divide by zero encountered in log
  spec = -np.exp(self.interp_func(np.log(angle)))
/lcrc/project/SPT3G/users/ac.yomori/repo/cosmosis-standard-library/shear/cl_to_xi_fullsky/cl_to_xi.py:41: RuntimeWarning: divide by zero encountered in log
  spec = self.interp_func(np.log(angle))
/lcrc/project/SPT3G/users/ac.yomori/repo/cosmosis-standard-library/shear/cl_to_xi_fullsky/cl_to_xi.py:38: RuntimeWarning: divide by zero encountered in log
  spec = -np.exp(self.interp_func(np.log(angle)))
/lcrc/project/SPT3G/users/ac.yomori/repo/cosmosis-standard-library/shear/cl_to_xi_fullsky/cl_to_xi.py:38: RuntimeWarning: divide by zero encountered in log
  spec = -np.exp(self.interp_func(np.log(angle)))
/lcrc/project/SPT3G/users/ac.yomori/repo/cosmosis-standard-library/shear/cl_to_xi_fullsky/cl_to_xi.py:41: RuntimeWarning: divide by zero encountered in log
  spec = self.interp_func(np.log(angle))
/lcrc/project/SPT3G/users/ac.yomori/repo/cosmosis-standard-library/shear/cl_to_xi_fullsky/cl_to_xi.py:41: RuntimeWarning: divide by zero encountered in log
  spec = self.interp_func(np.log(angle))
/lcrc/project/SPT3G/users/ac.yomori/repo/cosmosis-standard-library/shear/cl_to_xi_fullsky/cl_to_xi.py:41: RuntimeWarning: divide by zero encountered in log
  spec = self.interp_func(np.log(angle))
/lcrc/project/SPT3G/users/ac.yomori/repo/cosmosis-standard-library/shear/cl_to_xi_fullsky/cl_to_xi.py:38: RuntimeWarning: divide by zero encountered in log
  spec = -np.exp(self.interp_func(np.log(angle)))
/lcrc/project/SPT3G/users/ac.yomori/repo/cosmosis-standard-library/shear/cl_to_xi_fullsky/cl_to_xi.py:41: RuntimeWarning: divide by zero encountered in log
  spec = self.interp_func(np.log(angle))
/lcrc/project/SPT3G/users/ac.yomori/repo/cosmosis-standard-library/shear/cl_to_xi_fullsky/cl_to_xi.py:41: RuntimeWarning: divide by zero encountered in log
  spec = self.interp_func(np.log(angle))
/lcrc/project/SPT3G/users/ac.yomori/repo/cosmosis-standard-library/structure/projection/projection_tools/kernel.py:178: RuntimeWarning: invalid value encountered in divide
  nchi_spline.y * (nchi_spline.x - chi)/nchi_spline.x, 0.)
/lcrc/project/SPT3G/users/ac.yomori/repo/cosmosis-standard-library/structure/projection/projection_tools/kernel.py:178: RuntimeWarning: divide by zero encountered in divide
  nchi_spline.y * (nchi_spline.x - chi)/nchi_spline.x, 0.)
/lcrc/project/SPT3G/users/ac.yomori/repo/cosmosis-standard-library/shear/cl_to_xi_fullsky/cl_to_xi.py:41: RuntimeWarning: divide by zero encountered in log
  spec = self.interp_func(np.log(angle))
/lcrc/project/SPT3G/users/ac.yomori/repo/cosmosis-standard-library/structure/projection/projection_tools/kernel.py:178: RuntimeWarning: invalid value encountered in divide
  nchi_spline.y * (nchi_spline.x - chi)/nchi_spline.x, 0.)
/lcrc/project/SPT3G/users/ac.yomori/repo/cosmosis-standard-library/structure/projection/projection_tools/kernel.py:178: RuntimeWarning: divide by zero encountered in divide
  nchi_spline.y * (nchi_spline.x - chi)/nchi_spline.x, 0.)
/lcrc/project/SPT3G/users/ac.yomori/repo/cosmosis-standard-library/shear/cl_to_xi_fullsky/cl_to_xi.py:41: RuntimeWarning: divide by zero encountered in log
  spec = self.interp_func(np.log(angle))
/lcrc/project/SPT3G/users/ac.yomori/repo/cosmosis-standard-library/shear/cl_to_xi_fullsky/cl_to_xi.py:38: RuntimeWarning: divide by zero encountered in log
  spec = -np.exp(self.interp_func(np.log(angle)))
/lcrc/project/SPT3G/users/ac.yomori/repo/cosmosis-standard-library/shear/cl_to_xi_fullsky/cl_to_xi.py:41: RuntimeWarning: divide by zero encountered in log
  spec = self.interp_func(np.log(angle))
/lcrc/project/SPT3G/users/ac.yomori/repo/cosmosis-standard-library/shear/cl_to_xi_fullsky/cl_to_xi.py:41: RuntimeWarning: divide by zero encountered in log
  spec = self.interp_func(np.log(angle))
/lcrc/project/SPT3G/users/ac.yomori/repo/cosmosis-standard-library/shear/cl_to_xi_fullsky/cl_to_xi.py:38: RuntimeWarning: divide by zero encountered in log
  spec = -np.exp(self.interp_func(np.log(angle)))
/lcrc/project/SPT3G/users/ac.yomori/repo/cosmosis-standard-library/structure/projection/projection_tools/kernel.py:178: RuntimeWarning: invalid value encountered in divide
  nchi_spline.y * (nchi_spline.x - chi)/nchi_spline.x, 0.)
/lcrc/project/SPT3G/users/ac.yomori/repo/cosmosis-standard-library/structure/projection/projection_tools/kernel.py:178: RuntimeWarning: divide by zero encountered in divide
  nchi_spline.y * (nchi_spline.x - chi)/nchi_spline.x, 0.)
/lcrc/project/SPT3G/users/ac.yomori/repo/cosmosis-standard-library/shear/cl_to_xi_fullsky/cl_to_xi.py:41: RuntimeWarning: divide by zero encountered in log
  spec = self.interp_func(np.log(angle))
/lcrc/project/SPT3G/users/ac.yomori/repo/cosmosis-standard-library/shear/cl_to_xi_fullsky/cl_to_xi.py:41: RuntimeWarning: divide by zero encountered in log
  spec = self.interp_func(np.log(angle))
/lcrc/project/SPT3G/users/ac.yomori/repo/cosmosis-standard-library/shear/cl_to_xi_fullsky/cl_to_xi.py:38: RuntimeWarning: divide by zero encountered in log
  spec = -np.exp(self.interp_func(np.log(angle)))
/lcrc/project/SPT3G/users/ac.yomori/repo/cosmosis-standard-library/shear/cl_to_xi_fullsky/cl_to_xi.py:41: RuntimeWarning: divide by zero encountered in log
  spec = self.interp_func(np.log(angle))
/lcrc/project/SPT3G/users/ac.yomori/repo/cosmosis-standard-library/shear/cl_to_xi_fullsky/cl_to_xi.py:38: RuntimeWarning: divide by zero encountered in log
  spec = -np.exp(self.interp_func(np.log(angle)))
/lcrc/project/SPT3G/users/ac.yomori/repo/cosmosis-standard-library/shear/cl_to_xi_fullsky/cl_to_xi.py:41: RuntimeWarning: divide by zero encountered in log
  spec = self.interp_func(np.log(angle))
/lcrc/project/SPT3G/users/ac.yomori/repo/cosmosis-standard-library/shear/cl_to_xi_fullsky/cl_to_xi.py:38: RuntimeWarning: divide by zero encountered in log
  spec = -np.exp(self.interp_func(np.log(angle)))
/lcrc/project/SPT3G/users/ac.yomori/repo/cosmosis-standard-library/shear/cl_to_xi_fullsky/cl_to_xi.py:41: RuntimeWarning: divide by zero encountered in log
  spec = self.interp_func(np.log(angle))
/lcrc/project/SPT3G/users/ac.yomori/repo/cosmosis-standard-library/shear/cl_to_xi_fullsky/cl_to_xi.py:41: RuntimeWarning: divide by zero encountered in log
  spec = self.interp_func(np.log(angle))
/lcrc/project/SPT3G/users/ac.yomori/repo/cosmosis-standard-library/shear/cl_to_xi_fullsky/cl_to_xi.py:38: RuntimeWarning: divide by zero encountered in log
  spec = -np.exp(self.interp_func(np.log(angle)))
/lcrc/project/SPT3G/users/ac.yomori/repo/cosmosis-standard-library/structure/projection/projection_tools/kernel.py:178: RuntimeWarning: invalid value encountered in divide
  nchi_spline.y * (nchi_spline.x - chi)/nchi_spline.x, 0.)
/lcrc/project/SPT3G/users/ac.yomori/repo/cosmosis-standard-library/structure/projection/projection_tools/kernel.py:178: RuntimeWarning: divide by zero encountered in divide
  nchi_spline.y * (nchi_spline.x - chi)/nchi_spline.x, 0.)
/lcrc/project/SPT3G/users/ac.yomori/repo/cosmosis-standard-library/shear/cl_to_xi_fullsky/cl_to_xi.py:41: RuntimeWarning: divide by zero encountered in log
  spec = self.interp_func(np.log(angle))
/lcrc/project/SPT3G/users/ac.yomori/repo/cosmosis-standard-library/structure/projection/projection_tools/kernel.py:178: RuntimeWarning: invalid value encountered in divide
  nchi_spline.y * (nchi_spline.x - chi)/nchi_spline.x, 0.)
/lcrc/project/SPT3G/users/ac.yomori/repo/cosmosis-standard-library/structure/projection/projection_tools/kernel.py:178: RuntimeWarning: divide by zero encountered in divide
  nchi_spline.y * (nchi_spline.x - chi)/nchi_spline.x, 0.)
/lcrc/project/SPT3G/users/ac.yomori/repo/cosmosis-standard-library/shear/cl_to_xi_fullsky/cl_to_xi.py:41: RuntimeWarning: divide by zero encountered in log
  spec = self.interp_func(np.log(angle))
/lcrc/project/SPT3G/users/ac.yomori/repo/cosmosis-standard-library/shear/cl_to_xi_fullsky/cl_to_xi.py:38: RuntimeWarning: divide by zero encountered in log
  spec = -np.exp(self.interp_func(np.log(angle)))
/lcrc/project/SPT3G/users/ac.yomori/repo/cosmosis-standard-library/structure/projection/projection_tools/kernel.py:178: RuntimeWarning: invalid value encountered in divide
  nchi_spline.y * (nchi_spline.x - chi)/nchi_spline.x, 0.)
/lcrc/project/SPT3G/users/ac.yomori/repo/cosmosis-standard-library/structure/projection/projection_tools/kernel.py:178: RuntimeWarning: divide by zero encountered in divide
  nchi_spline.y * (nchi_spline.x - chi)/nchi_spline.x, 0.)
/lcrc/project/SPT3G/users/ac.yomori/repo/cosmosis-standard-library/shear/cl_to_xi_fullsky/cl_to_xi.py:41: RuntimeWarning: divide by zero encountered in log
  spec = self.interp_func(np.log(angle))
/lcrc/project/SPT3G/users/ac.yomori/repo/cosmosis-standard-library/shear/cl_to_xi_fullsky/cl_to_xi.py:41: RuntimeWarning: divide by zero encountered in log
  spec = self.interp_func(np.log(angle))
/lcrc/project/SPT3G/users/ac.yomori/repo/cosmosis-standard-library/shear/cl_to_xi_fullsky/cl_to_xi.py:38: RuntimeWarning: divide by zero encountered in log
  spec = -np.exp(self.interp_func(np.log(angle)))
/lcrc/project/SPT3G/users/ac.yomori/repo/cosmosis-standard-library/shear/cl_to_xi_fullsky/cl_to_xi.py:38: RuntimeWarning: divide by zero encountered in log
  spec = -np.exp(self.interp_func(np.log(angle)))
/lcrc/project/SPT3G/users/ac.yomori/repo/cosmosis-standard-library/structure/projection/projection_tools/kernel.py:178: RuntimeWarning: invalid value encountered in divide
  nchi_spline.y * (nchi_spline.x - chi)/nchi_spline.x, 0.)
/lcrc/project/SPT3G/users/ac.yomori/repo/cosmosis-standard-library/structure/projection/projection_tools/kernel.py:178: RuntimeWarning: divide by zero encountered in divide
  nchi_spline.y * (nchi_spline.x - chi)/nchi_spline.x, 0.)
/lcrc/project/SPT3G/users/ac.yomori/repo/cosmosis-standard-library/shear/cl_to_xi_fullsky/cl_to_xi.py:41: RuntimeWarning: divide by zero encountered in log
  spec = self.interp_func(np.log(angle))
/lcrc/project/SPT3G/users/ac.yomori/repo/cosmosis-standard-library/shear/cl_to_xi_fullsky/cl_to_xi.py:41: RuntimeWarning: divide by zero encountered in log
  spec = self.interp_func(np.log(angle))
/lcrc/project/SPT3G/users/ac.yomori/repo/cosmosis-standard-library/shear/cl_to_xi_fullsky/cl_to_xi.py:41: RuntimeWarning: divide by zero encountered in log
  spec = self.interp_func(np.log(angle))
/lcrc/project/SPT3G/users/ac.yomori/repo/cosmosis-standard-library/shear/cl_to_xi_fullsky/cl_to_xi.py:38: RuntimeWarning: divide by zero encountered in log
  spec = -np.exp(self.interp_func(np.log(angle)))
/lcrc/project/SPT3G/users/ac.yomori/repo/cosmosis-standard-library/shear/cl_to_xi_fullsky/cl_to_xi.py:38: RuntimeWarning: divide by zero encountered in log
  spec = -np.exp(self.interp_func(np.log(angle)))
/lcrc/project/SPT3G/users/ac.yomori/repo/cosmosis-standard-library/shear/cl_to_xi_fullsky/cl_to_xi.py:38: RuntimeWarning: divide by zero encountered in log
  spec = -np.exp(self.interp_func(np.log(angle)))
/lcrc/project/SPT3G/users/ac.yomori/repo/cosmosis-standard-library/shear/cl_to_xi_fullsky/cl_to_xi.py:38: RuntimeWarning: divide by zero encountered in log
  spec = -np.exp(self.interp_func(np.log(angle)))
/lcrc/project/SPT3G/users/ac.yomori/repo/cosmosis-standard-library/shear/cl_to_xi_fullsky/cl_to_xi.py:41: RuntimeWarning: divide by zero encountered in log
  spec = self.interp_func(np.log(angle))
/lcrc/project/SPT3G/users/ac.yomori/repo/cosmosis-standard-library/shear/cl_to_xi_fullsky/cl_to_xi.py:41: RuntimeWarning: divide by zero encountered in log
  spec = self.interp_func(np.log(angle))
/lcrc/project/SPT3G/users/ac.yomori/repo/cosmosis-standard-library/shear/cl_to_xi_fullsky/cl_to_xi.py:41: RuntimeWarning: divide by zero encountered in log
  spec = self.interp_func(np.log(angle))
/lcrc/project/SPT3G/users/ac.yomori/repo/cosmosis-standard-library/shear/cl_to_xi_fullsky/cl_to_xi.py:38: RuntimeWarning: divide by zero encountered in log
  spec = -np.exp(self.interp_func(np.log(angle)))
/lcrc/project/SPT3G/users/ac.yomori/repo/cosmosis-standard-library/shear/cl_to_xi_fullsky/cl_to_xi.py:38: RuntimeWarning: divide by zero encountered in log
  spec = -np.exp(self.interp_func(np.log(angle)))
/lcrc/project/SPT3G/users/ac.yomori/repo/cosmosis-standard-library/shear/cl_to_xi_fullsky/cl_to_xi.py:41: RuntimeWarning: divide by zero encountered in log
  spec = self.interp_func(np.log(angle))
/lcrc/project/SPT3G/users/ac.yomori/repo/cosmosis-standard-library/shear/cl_to_xi_fullsky/cl_to_xi.py:41: RuntimeWarning: divide by zero encountered in log
  spec = self.interp_func(np.log(angle))
/lcrc/project/SPT3G/users/ac.yomori/repo/cosmosis-standard-library/shear/cl_to_xi_fullsky/cl_to_xi.py:41: RuntimeWarning: divide by zero encountered in log
  spec = self.interp_func(np.log(angle))
/lcrc/project/SPT3G/users/ac.yomori/repo/cosmosis-standard-library/shear/cl_to_xi_fullsky/cl_to_xi.py:41: RuntimeWarning: divide by zero encountered in log
  spec = self.interp_func(np.log(angle))
/lcrc/project/SPT3G/users/ac.yomori/repo/cosmosis-standard-library/shear/cl_to_xi_fullsky/cl_to_xi.py:38: RuntimeWarning: divide by zero encountered in log
  spec = -np.exp(self.interp_func(np.log(angle)))
/lcrc/project/SPT3G/users/ac.yomori/repo/cosmosis-standard-library/shear/cl_to_xi_fullsky/cl_to_xi.py:41: RuntimeWarning: divide by zero encountered in log
  spec = self.interp_func(np.log(angle))
/lcrc/project/SPT3G/users/ac.yomori/repo/cosmosis-standard-library/shear/cl_to_xi_fullsky/cl_to_xi.py:41: RuntimeWarning: divide by zero encountered in log
  spec = self.interp_func(np.log(angle))
/lcrc/project/SPT3G/users/ac.yomori/repo/cosmosis-standard-library/shear/cl_to_xi_fullsky/cl_to_xi.py:41: RuntimeWarning: divide by zero encountered in log
  spec = self.interp_func(np.log(angle))
/lcrc/project/SPT3G/users/ac.yomori/repo/cosmosis-standard-library/shear/cl_to_xi_fullsky/cl_to_xi.py:38: RuntimeWarning: divide by zero encountered in log
  spec = -np.exp(self.interp_func(np.log(angle)))
/lcrc/project/SPT3G/users/ac.yomori/repo/cosmosis-standard-library/shear/cl_to_xi_fullsky/cl_to_xi.py:41: RuntimeWarning: divide by zero encountered in log
  spec = self.interp_func(np.log(angle))
/lcrc/project/SPT3G/users/ac.yomori/repo/cosmosis-standard-library/shear/cl_to_xi_fullsky/cl_to_xi.py:38: RuntimeWarning: divide by zero encountered in log
  spec = -np.exp(self.interp_func(np.log(angle)))
/lcrc/project/SPT3G/users/ac.yomori/repo/cosmosis-standard-library/shear/cl_to_xi_fullsky/cl_to_xi.py:38: RuntimeWarning: divide by zero encountered in log
  spec = -np.exp(self.interp_func(np.log(angle)))
/lcrc/project/SPT3G/users/ac.yomori/repo/cosmosis-standard-library/structure/projection/projection_tools/kernel.py:178: RuntimeWarning: invalid value encountered in divide
  nchi_spline.y * (nchi_spline.x - chi)/nchi_spline.x, 0.)
/lcrc/project/SPT3G/users/ac.yomori/repo/cosmosis-standard-library/structure/projection/projection_tools/kernel.py:178: RuntimeWarning: divide by zero encountered in divide
  nchi_spline.y * (nchi_spline.x - chi)/nchi_spline.x, 0.)
/lcrc/project/SPT3G/users/ac.yomori/repo/cosmosis-standard-library/shear/cl_to_xi_fullsky/cl_to_xi.py:41: RuntimeWarning: divide by zero encountered in log
  spec = self.interp_func(np.log(angle))
/lcrc/project/SPT3G/users/ac.yomori/repo/cosmosis-standard-library/shear/cl_to_xi_fullsky/cl_to_xi.py:41: RuntimeWarning: divide by zero encountered in log
  spec = self.interp_func(np.log(angle))
/lcrc/project/SPT3G/users/ac.yomori/repo/cosmosis-standard-library/shear/cl_to_xi_fullsky/cl_to_xi.py:38: RuntimeWarning: divide by zero encountered in log
  spec = -np.exp(self.interp_func(np.log(angle)))
/lcrc/project/SPT3G/users/ac.yomori/repo/cosmosis-standard-library/shear/cl_to_xi_fullsky/cl_to_xi.py:41: RuntimeWarning: divide by zero encountered in log
  spec = self.interp_func(np.log(angle))
/lcrc/project/SPT3G/users/ac.yomori/repo/cosmosis-standard-library/shear/cl_to_xi_fullsky/cl_to_xi.py:41: RuntimeWarning: divide by zero encountered in log
  spec = self.interp_func(np.log(angle))
/lcrc/project/SPT3G/users/ac.yomori/repo/cosmosis-standard-library/shear/cl_to_xi_fullsky/cl_to_xi.py:38: RuntimeWarning: divide by zero encountered in log
  spec = -np.exp(self.interp_func(np.log(angle)))
/lcrc/project/SPT3G/users/ac.yomori/repo/cosmosis-standard-library/shear/cl_to_xi_fullsky/cl_to_xi.py:41: RuntimeWarning: divide by zero encountered in log
  spec = self.interp_func(np.log(angle))
/lcrc/project/SPT3G/users/ac.yomori/repo/cosmosis-standard-library/shear/cl_to_xi_fullsky/cl_to_xi.py:41: RuntimeWarning: divide by zero encountered in log
  spec = self.interp_func(np.log(angle))
/lcrc/project/SPT3G/users/ac.yomori/repo/cosmosis-standard-library/shear/cl_to_xi_fullsky/cl_to_xi.py:38: RuntimeWarning: divide by zero encountered in log
  spec = -np.exp(self.interp_func(np.log(angle)))
/lcrc/project/SPT3G/users/ac.yomori/repo/cosmosis-standard-library/structure/projection/projection_tools/kernel.py:178: RuntimeWarning: invalid value encountered in divide
  nchi_spline.y * (nchi_spline.x - chi)/nchi_spline.x, 0.)
/lcrc/project/SPT3G/users/ac.yomori/repo/cosmosis-standard-library/structure/projection/projection_tools/kernel.py:178: RuntimeWarning: divide by zero encountered in divide
  nchi_spline.y * (nchi_spline.x - chi)/nchi_spline.x, 0.)
/lcrc/project/SPT3G/users/ac.yomori/repo/cosmosis-standard-library/shear/cl_to_xi_fullsky/cl_to_xi.py:41: RuntimeWarning: divide by zero encountered in log
  spec = self.interp_func(np.log(angle))
/lcrc/project/SPT3G/users/ac.yomori/repo/cosmosis-standard-library/shear/cl_to_xi_fullsky/cl_to_xi.py:38: RuntimeWarning: divide by zero encountered in log
  spec = -np.exp(self.interp_func(np.log(angle)))
Pipeline failed on these parameters: [ 1.14612684e+00  8.57956790e-01  2.12971075e-02  5.45685218e-02
  7.83124243e-01  2.51652456e-01  7.40578134e+00  5.45341371e-04
 -1.86641412e-02 -4.12576573e-02 -4.44336587e-02  4.43122607e-03
  2.11768740e-02  1.16180248e-02 -6.50084048e-03 -1.08224639e-02
 -1.71271168e-02  4.32873543e-03 -4.37370901e-03  9.94189787e-01
  1.29486034e+00  8.03624794e-01  9.84797952e-01  1.21371847e+00
  8.60586095e-01  1.97342802e+00  1.17392996e+00  3.71589886e+00
  3.38134163e+00 -1.15367300e+00 -4.02323142e+00  5.42698487e-01]
Pipeline failed on these parameters: [ 9.27914143e-01  9.38267293e-01  2.00237968e-02  5.70575099e-02
  7.53322332e-01  3.18773566e-01  7.48759301e+00 -9.42794333e-04
 -1.95520796e-02 -3.18240553e-02 -4.18873237e-02  1.77398840e-02
 -5.73019581e-03 -7.85109574e-04  1.83713591e-03 -1.21321349e-02
 -2.00977569e-02 -5.61523498e-03 -7.91961483e-03  9.87170968e-01
  1.41665309e+00  9.13916461e-01  8.31583071e-01  1.32715551e+00
  2.21449481e+00  1.25948557e+00  1.10001120e+00  2.16026187e+00
  2.00217690e+00  4.78512350e+00 -8.86554516e-02  1.62474597e+00]
Pipeline failed on these parameters: [ 1.29471552e+00  1.08603150e+00  2.57734272e-02  5.30157446e-02
  6.97558493e-01  3.44397644e-01  7.98333381e+00 -6.18480499e-03
 -1.36051912e-02 -3.42699563e-02 -3.91696196e-02  1.72973579e-02
  9.28552475e-03 -1.54894955e-02  2.29104248e-02 -1.14880842e-02
 -3.42432635e-02 -1.18014038e-02 -4.86059029e-03  9.48250347e-01
  1.24552951e+00  8.56990664e-01  9.76459398e-01  2.76221649e+00
  8.73764700e-01  1.29925741e+00  2.88934190e+00  1.44126272e+00
  4.04224138e+00  1.95534439e+00  1.60468796e+00  1.68467335e+00]
/lcrc/project/SPT3G/users/ac.yomori/repo/cosmosis-standard-library/shear/cl_to_xi_fullsky/cl_to_xi.py:38: RuntimeWarning: divide by zero encountered in log
  spec = -np.exp(self.interp_func(np.log(angle)))
/lcrc/project/SPT3G/users/ac.yomori/repo/cosmosis-standard-library/shear/cl_to_xi_fullsky/cl_to_xi.py:38: RuntimeWarning: divide by zero encountered in log
  spec = -np.exp(self.interp_func(np.log(angle)))
/lcrc/project/SPT3G/users/ac.yomori/repo/cosmosis-standard-library/shear/cl_to_xi_fullsky/cl_to_xi.py:41: RuntimeWarning: divide by zero encountered in log
  spec = self.interp_func(np.log(angle))
/lcrc/project/SPT3G/users/ac.yomori/repo/cosmosis-standard-library/shear/cl_to_xi_fullsky/cl_to_xi.py:38: RuntimeWarning: divide by zero encountered in log
  spec = -np.exp(self.interp_func(np.log(angle)))
/lcrc/project/SPT3G/users/ac.yomori/repo/cosmosis-standard-library/structure/projection/projection_tools/kernel.py:178: RuntimeWarning: invalid value encountered in divide
  nchi_spline.y * (nchi_spline.x - chi)/nchi_spline.x, 0.)
/lcrc/project/SPT3G/users/ac.yomori/repo/cosmosis-standard-library/structure/projection/projection_tools/kernel.py:178: RuntimeWarning: divide by zero encountered in divide
  nchi_spline.y * (nchi_spline.x - chi)/nchi_spline.x, 0.)
/lcrc/project/SPT3G/users/ac.yomori/repo/cosmosis-standard-library/shear/cl_to_xi_fullsky/cl_to_xi.py:41: RuntimeWarning: divide by zero encountered in log
  spec = self.interp_func(np.log(angle))
/lcrc/project/SPT3G/users/ac.yomori/repo/cosmosis-standard-library/shear/cl_to_xi_fullsky/cl_to_xi.py:38: RuntimeWarning: divide by zero encountered in log
  spec = -np.exp(self.interp_func(np.log(angle)))
/lcrc/project/SPT3G/users/ac.yomori/repo/cosmosis-standard-library/shear/cl_to_xi_fullsky/cl_to_xi.py:38: RuntimeWarning: divide by zero encountered in log
  spec = -np.exp(self.interp_func(np.log(angle)))
/lcrc/project/SPT3G/users/ac.yomori/repo/cosmosis-standard-library/shear/cl_to_xi_fullsky/cl_to_xi.py:41: RuntimeWarning: divide by zero encountered in log
  spec = self.interp_func(np.log(angle))
/lcrc/project/SPT3G/users/ac.yomori/repo/cosmosis-standard-library/shear/cl_to_xi_fullsky/cl_to_xi.py:41: RuntimeWarning: divide by zero encountered in log
  spec = self.interp_func(np.log(angle))
/lcrc/project/SPT3G/users/ac.yomori/repo/cosmosis-standard-library/shear/cl_to_xi_fullsky/cl_to_xi.py:38: RuntimeWarning: divide by zero encountered in log
  spec = -np.exp(self.interp_func(np.log(angle)))
/lcrc/project/SPT3G/users/ac.yomori/repo/cosmosis-standard-library/structure/projection/projection_tools/kernel.py:178: RuntimeWarning: invalid value encountered in divide
  nchi_spline.y * (nchi_spline.x - chi)/nchi_spline.x, 0.)
/lcrc/project/SPT3G/users/ac.yomori/repo/cosmosis-standard-library/structure/projection/projection_tools/kernel.py:178: RuntimeWarning: divide by zero encountered in divide
  nchi_spline.y * (nchi_spline.x - chi)/nchi_spline.x, 0.)
/lcrc/project/SPT3G/users/ac.yomori/repo/cosmosis-standard-library/shear/cl_to_xi_fullsky/cl_to_xi.py:41: RuntimeWarning: divide by zero encountered in log
  spec = self.interp_func(np.log(angle))
/lcrc/project/SPT3G/users/ac.yomori/repo/cosmosis-standard-library/shear/cl_to_xi_fullsky/cl_to_xi.py:41: RuntimeWarning: divide by zero encountered in log
  spec = self.interp_func(np.log(angle))
/lcrc/project/SPT3G/users/ac.yomori/repo/cosmosis-standard-library/shear/cl_to_xi_fullsky/cl_to_xi.py:38: RuntimeWarning: divide by zero encountered in log
  spec = -np.exp(self.interp_func(np.log(angle)))
/lcrc/project/SPT3G/users/ac.yomori/repo/cosmosis-standard-library/shear/cl_to_xi_fullsky/cl_to_xi.py:41: RuntimeWarning: divide by zero encountered in log
  spec = self.interp_func(np.log(angle))
/lcrc/project/SPT3G/users/ac.yomori/repo/cosmosis-standard-library/structure/projection/projection_tools/kernel.py:178: RuntimeWarning: invalid value encountered in divide
  nchi_spline.y * (nchi_spline.x - chi)/nchi_spline.x, 0.)
/lcrc/project/SPT3G/users/ac.yomori/repo/cosmosis-standard-library/structure/projection/projection_tools/kernel.py:178: RuntimeWarning: divide by zero encountered in divide
  nchi_spline.y * (nchi_spline.x - chi)/nchi_spline.x, 0.)
/lcrc/project/SPT3G/users/ac.yomori/repo/cosmosis-standard-library/shear/cl_to_xi_fullsky/cl_to_xi.py:41: RuntimeWarning: divide by zero encountered in log
  spec = self.interp_func(np.log(angle))
/lcrc/project/SPT3G/users/ac.yomori/repo/cosmosis-standard-library/shear/cl_to_xi_fullsky/cl_to_xi.py:41: RuntimeWarning: divide by zero encountered in log
  spec = self.interp_func(np.log(angle))
/lcrc/project/SPT3G/users/ac.yomori/repo/cosmosis-standard-library/shear/cl_to_xi_fullsky/cl_to_xi.py:41: RuntimeWarning: divide by zero encountered in log
  spec = self.interp_func(np.log(angle))
/lcrc/project/SPT3G/users/ac.yomori/repo/cosmosis-standard-library/shear/cl_to_xi_fullsky/cl_to_xi.py:38: RuntimeWarning: divide by zero encountered in log
  spec = -np.exp(self.interp_func(np.log(angle)))
/lcrc/project/SPT3G/users/ac.yomori/repo/cosmosis-standard-library/shear/cl_to_xi_fullsky/cl_to_xi.py:41: RuntimeWarning: divide by zero encountered in log
  spec = self.interp_func(np.log(angle))
/lcrc/project/SPT3G/users/ac.yomori/repo/cosmosis-standard-library/shear/cl_to_xi_fullsky/cl_to_xi.py:38: RuntimeWarning: divide by zero encountered in log
  spec = -np.exp(self.interp_func(np.log(angle)))
/lcrc/project/SPT3G/users/ac.yomori/repo/cosmosis-standard-library/shear/cl_to_xi_fullsky/cl_to_xi.py:41: RuntimeWarning: divide by zero encountered in log
  spec = self.interp_func(np.log(angle))
/lcrc/project/SPT3G/users/ac.yomori/repo/cosmosis-standard-library/structure/projection/projection_tools/kernel.py:178: RuntimeWarning: invalid value encountered in divide
  nchi_spline.y * (nchi_spline.x - chi)/nchi_spline.x, 0.)
/lcrc/project/SPT3G/users/ac.yomori/repo/cosmosis-standard-library/structure/projection/projection_tools/kernel.py:178: RuntimeWarning: divide by zero encountered in divide
  nchi_spline.y * (nchi_spline.x - chi)/nchi_spline.x, 0.)
/lcrc/project/SPT3G/users/ac.yomori/repo/cosmosis-standard-library/shear/cl_to_xi_fullsky/cl_to_xi.py:38: RuntimeWarning: divide by zero encountered in log
  spec = -np.exp(self.interp_func(np.log(angle)))
/lcrc/project/SPT3G/users/ac.yomori/repo/cosmosis-standard-library/shear/cl_to_xi_fullsky/cl_to_xi.py:38: RuntimeWarning: divide by zero encountered in log
  spec = -np.exp(self.interp_func(np.log(angle)))
/lcrc/project/SPT3G/users/ac.yomori/repo/cosmosis-standard-library/shear/cl_to_xi_fullsky/cl_to_xi.py:38: RuntimeWarning: divide by zero encountered in log
  spec = -np.exp(self.interp_func(np.log(angle)))
/lcrc/project/SPT3G/users/ac.yomori/repo/cosmosis-standard-library/shear/cl_to_xi_fullsky/cl_to_xi.py:38: RuntimeWarning: divide by zero encountered in log
  spec = -np.exp(self.interp_func(np.log(angle)))
/lcrc/project/SPT3G/users/ac.yomori/repo/cosmosis-standard-library/shear/cl_to_xi_fullsky/cl_to_xi.py:38: RuntimeWarning: divide by zero encountered in log
  spec = -np.exp(self.interp_func(np.log(angle)))
/lcrc/project/SPT3G/users/ac.yomori/repo/cosmosis-standard-library/shear/cl_to_xi_fullsky/cl_to_xi.py:38: RuntimeWarning: divide by zero encountered in log
  spec = -np.exp(self.interp_func(np.log(angle)))
/lcrc/project/SPT3G/users/ac.yomori/repo/cosmosis-standard-library/shear/cl_to_xi_fullsky/cl_to_xi.py:38: RuntimeWarning: divide by zero encountered in log
  spec = -np.exp(self.interp_func(np.log(angle)))
/lcrc/project/SPT3G/users/ac.yomori/repo/cosmosis-standard-library/shear/cl_to_xi_fullsky/cl_to_xi.py:41: RuntimeWarning: divide by zero encountered in log
  spec = self.interp_func(np.log(angle))
/lcrc/project/SPT3G/users/ac.yomori/repo/cosmosis-standard-library/structure/projection/projection_tools/kernel.py:178: RuntimeWarning: invalid value encountered in divide
  nchi_spline.y * (nchi_spline.x - chi)/nchi_spline.x, 0.)
/lcrc/project/SPT3G/users/ac.yomori/repo/cosmosis-standard-library/structure/projection/projection_tools/kernel.py:178: RuntimeWarning: divide by zero encountered in divide
  nchi_spline.y * (nchi_spline.x - chi)/nchi_spline.x, 0.)
/lcrc/project/SPT3G/users/ac.yomori/repo/cosmosis-standard-library/shear/cl_to_xi_fullsky/cl_to_xi.py:38: RuntimeWarning: divide by zero encountered in log
  spec = -np.exp(self.interp_func(np.log(angle)))
/lcrc/project/SPT3G/users/ac.yomori/repo/cosmosis-standard-library/structure/projection/projection_tools/kernel.py:178: RuntimeWarning: invalid value encountered in divide
  nchi_spline.y * (nchi_spline.x - chi)/nchi_spline.x, 0.)
/lcrc/project/SPT3G/users/ac.yomori/repo/cosmosis-standard-library/structure/projection/projection_tools/kernel.py:178: RuntimeWarning: divide by zero encountered in divide
  nchi_spline.y * (nchi_spline.x - chi)/nchi_spline.x, 0.)
/lcrc/project/SPT3G/users/ac.yomori/repo/cosmosis-standard-library/structure/projection/projection_tools/kernel.py:178: RuntimeWarning: invalid value encountered in divide
  nchi_spline.y * (nchi_spline.x - chi)/nchi_spline.x, 0.)
/lcrc/project/SPT3G/users/ac.yomori/repo/cosmosis-standard-library/structure/projection/projection_tools/kernel.py:178: RuntimeWarning: divide by zero encountered in divide
  nchi_spline.y * (nchi_spline.x - chi)/nchi_spline.x, 0.)
/lcrc/project/SPT3G/users/ac.yomori/repo/cosmosis-standard-library/shear/cl_to_xi_fullsky/cl_to_xi.py:41: RuntimeWarning: divide by zero encountered in log
  spec = self.interp_func(np.log(angle))
/lcrc/project/SPT3G/users/ac.yomori/repo/cosmosis-standard-library/structure/projection/projection_tools/kernel.py:178: RuntimeWarning: invalid value encountered in divide
  nchi_spline.y * (nchi_spline.x - chi)/nchi_spline.x, 0.)
/lcrc/project/SPT3G/users/ac.yomori/repo/cosmosis-standard-library/structure/projection/projection_tools/kernel.py:178: RuntimeWarning: divide by zero encountered in divide
  nchi_spline.y * (nchi_spline.x - chi)/nchi_spline.x, 0.)
/lcrc/project/SPT3G/users/ac.yomori/repo/cosmosis-standard-library/shear/cl_to_xi_fullsky/cl_to_xi.py:38: RuntimeWarning: divide by zero encountered in log
  spec = -np.exp(self.interp_func(np.log(angle)))
/lcrc/project/SPT3G/users/ac.yomori/repo/cosmosis-standard-library/structure/projection/projection_tools/kernel.py:178: RuntimeWarning: invalid value encountered in divide
  nchi_spline.y * (nchi_spline.x - chi)/nchi_spline.x, 0.)
/lcrc/project/SPT3G/users/ac.yomori/repo/cosmosis-standard-library/structure/projection/projection_tools/kernel.py:178: RuntimeWarning: divide by zero encountered in divide
  nchi_spline.y * (nchi_spline.x - chi)/nchi_spline.x, 0.)
/lcrc/project/SPT3G/users/ac.yomori/repo/cosmosis-standard-library/shear/cl_to_xi_fullsky/cl_to_xi.py:41: RuntimeWarning: divide by zero encountered in log
  spec = self.interp_func(np.log(angle))
/lcrc/project/SPT3G/users/ac.yomori/repo/cosmosis-standard-library/shear/cl_to_xi_fullsky/cl_to_xi.py:38: RuntimeWarning: divide by zero encountered in log
  spec = -np.exp(self.interp_func(np.log(angle)))
/lcrc/project/SPT3G/users/ac.yomori/repo/cosmosis-standard-library/shear/cl_to_xi_fullsky/cl_to_xi.py:41: RuntimeWarning: divide by zero encountered in log
  spec = self.interp_func(np.log(angle))
/lcrc/project/SPT3G/users/ac.yomori/repo/cosmosis-standard-library/shear/cl_to_xi_fullsky/cl_to_xi.py:41: RuntimeWarning: divide by zero encountered in log
  spec = self.interp_func(np.log(angle))
/lcrc/project/SPT3G/users/ac.yomori/repo/cosmosis-standard-library/shear/cl_to_xi_fullsky/cl_to_xi.py:38: RuntimeWarning: divide by zero encountered in log
  spec = -np.exp(self.interp_func(np.log(angle)))
/lcrc/project/SPT3G/users/ac.yomori/repo/cosmosis-standard-library/shear/cl_to_xi_fullsky/cl_to_xi.py:41: RuntimeWarning: divide by zero encountered in log
  spec = self.interp_func(np.log(angle))
/lcrc/project/SPT3G/users/ac.yomori/repo/cosmosis-standard-library/shear/cl_to_xi_fullsky/cl_to_xi.py:41: RuntimeWarning: divide by zero encountered in log
  spec = self.interp_func(np.log(angle))
/lcrc/project/SPT3G/users/ac.yomori/repo/cosmosis-standard-library/structure/projection/projection_tools/kernel.py:178: RuntimeWarning: invalid value encountered in divide
  nchi_spline.y * (nchi_spline.x - chi)/nchi_spline.x, 0.)
/lcrc/project/SPT3G/users/ac.yomori/repo/cosmosis-standard-library/structure/projection/projection_tools/kernel.py:178: RuntimeWarning: divide by zero encountered in divide
  nchi_spline.y * (nchi_spline.x - chi)/nchi_spline.x, 0.)
Pipeline failed on these parameters: [ 1.01885262e+00  9.46491666e-01  2.16527009e-02  6.68892195e-02
  8.05500412e-01  5.65249296e-01  7.98754009e+00 -1.94977690e-02
 -4.17862958e-02 -2.80415288e-02 -3.36964305e-02  2.28526704e-02
  1.54561526e-02  3.03793021e-03  9.26341443e-03 -1.06446993e-02
 -4.41189563e-02 -2.99403411e-03 -1.03976721e-02  9.63563906e-01
  1.20777028e+00  8.09868882e-01  8.94192552e-01  2.56557163e+00
  2.75935701e+00  1.12763648e+00  2.34653404e+00 -1.76203270e+00
 -2.41397899e+00 -2.02736332e-01  4.45205601e+00  2.71754093e-01]
Pipeline failed on these parameters: [ 9.69072562e-01  9.37453612e-01  1.96794691e-02  5.73943937e-02
  6.98663949e-01  4.61904420e-01  7.92515153e+00 -1.61766522e-03
 -2.68111201e-02 -2.05067047e-02 -4.19746189e-02 -2.48368582e-02
  1.46439613e-02 -2.08648046e-02  1.54516049e-02 -9.59900568e-03
 -4.42553457e-02 -6.83060564e-03  2.18228766e-03  9.49689935e-01
  1.17284533e+00  8.23122168e-01  9.56031391e-01  2.33659524e+00
  2.31115869e+00  2.52091823e+00  1.73136152e+00 -1.03910985e+00
 -4.75444071e+00 -1.77562951e+00  7.60393010e-01  1.89162328e+00]
Pipeline failed on these parameters: [ 1.00311088e+00  1.07824862e+00  2.07764060e-02  5.38850901e-02
  7.50662777e-01  4.23487452e-01  7.73760934e+00 -7.24945918e-03
 -1.89492602e-02 -4.32693367e-02 -4.26944687e-02  3.73159441e-03
  2.50093607e-03 -6.47781458e-03  2.50006917e-02 -9.21572737e-03
 -1.60247644e-02  2.21157857e-05 -7.19568611e-03  9.76230988e-01
  1.19435607e+00  8.63065015e-01  9.29617537e-01  2.19449957e+00
  1.54074312e+00  2.23759053e+00  2.76467222e+00  3.92146397e+00
 -2.21172090e+00  3.32331283e-01 -3.98433619e+00  2.55451902e-01]
Pipeline failed on these parameters: [ 1.19382842e+00  9.45484363e-01  2.40286051e-02  6.03811138e-02
  7.53659674e-01  4.88152614e-01  7.50182632e+00 -2.60313872e-02
 -3.30205485e-02 -2.20032759e-02 -3.94167301e-02 -2.48605278e-02
  2.69483593e-02 -2.22277933e-03 -6.66884888e-03 -8.83896621e-03
 -4.34447176e-02 -4.88415957e-03 -8.62705616e-03  9.66594609e-01
  1.10574696e+00  9.64780293e-01  9.60391399e-01  2.29401044e+00
  1.77132417e+00  9.72331907e-01  2.70772516e+00 -9.09751901e-01
 -3.42860988e+00 -2.57573755e+00 -4.84710695e+00  8.23890654e-01]
Pipeline failed on these parameters: [ 1.17739881e+00  9.78227151e-01  2.03212135e-02  5.69660738e-02
  7.87340664e-01  5.81207505e-01  7.92749931e+00 -5.07720021e-03
 -1.63156792e-02 -3.21672787e-02 -3.96283371e-02  2.14542794e-02
  7.42157275e-03  1.05204776e-02 -3.75530208e-02 -1.66979286e-02
 -3.16816287e-02 -1.63559564e-03  2.59311928e-03  9.38685835e-01
  1.41210294e+00  8.67230916e-01  9.89520921e-01  2.68802314e+00
  1.34586503e+00  1.64530610e+00  2.40050834e+00  2.82236169e+00
  1.33004532e+00 -3.14620077e+00 -4.59557015e+00  1.92441587e-02]
Pipeline failed on these parameters: [ 1.08183342e+00  1.04188400e+00  2.39656707e-02  5.93430666e-02
  7.65974895e-01  1.74762997e-01  7.98456121e+00 -1.19403652e-02
 -1.42270406e-02 -2.80433732e-02 -4.49964597e-02 -1.84999873e-02
  8.91345272e-03  1.74520612e-02  2.40554797e-02 -6.07080400e-03
 -4.60504940e-02 -3.98075071e-03 -3.87549294e-03  9.24115670e-01
  1.40547622e+00  9.13880245e-01  8.88393524e-01  1.23664799e+00
  1.60627181e+00  2.78025274e+00  1.15627543e+00 -4.32166188e+00
  3.75912797e+00  2.15108736e+00  4.41528624e-01  1.16056681e+00]
Pipeline failed on these parameters: [ 1.20204583e+00  9.42259251e-01  2.54273579e-02  5.54346561e-02
  7.03164217e-01  1.16155878e-01  7.79803967e+00 -2.51272817e-03
 -3.29926171e-02 -2.82591518e-02 -2.95412345e-02  1.49819127e-02
 -9.36081911e-03 -8.84872493e-03 -2.59820855e-02 -1.07084874e-02
 -2.37867596e-02 -7.80574105e-03 -8.90378174e-03  1.02702042e+00
  1.31679853e+00  7.99401289e-01  9.38049693e-01  1.87211113e+00
  2.73163996e+00  1.50341246e+00  9.47934701e-01 -4.39537937e+00
  2.30123615e+00 -2.00559050e+00  3.45832457e+00  1.72123910e+00]
/lcrc/project/SPT3G/users/ac.yomori/repo/cosmosis-standard-library/shear/cl_to_xi_fullsky/cl_to_xi.py:41: RuntimeWarning: divide by zero encountered in log
  spec = self.interp_func(np.log(angle))
/lcrc/project/SPT3G/users/ac.yomori/repo/cosmosis-standard-library/structure/projection/projection_tools/kernel.py:178: RuntimeWarning: invalid value encountered in divide
  nchi_spline.y * (nchi_spline.x - chi)/nchi_spline.x, 0.)
/lcrc/project/SPT3G/users/ac.yomori/repo/cosmosis-standard-library/structure/projection/projection_tools/kernel.py:178: RuntimeWarning: divide by zero encountered in divide
  nchi_spline.y * (nchi_spline.x - chi)/nchi_spline.x, 0.)
/lcrc/project/SPT3G/users/ac.yomori/repo/cosmosis-standard-library/shear/cl_to_xi_fullsky/cl_to_xi.py:38: RuntimeWarning: divide by zero encountered in log
  spec = -np.exp(self.interp_func(np.log(angle)))
/lcrc/project/SPT3G/users/ac.yomori/repo/cosmosis-standard-library/structure/projection/projection_tools/kernel.py:178: RuntimeWarning: invalid value encountered in divide
  nchi_spline.y * (nchi_spline.x - chi)/nchi_spline.x, 0.)
/lcrc/project/SPT3G/users/ac.yomori/repo/cosmosis-standard-library/shear/cl_to_xi_fullsky/cl_to_xi.py:41: RuntimeWarning: divide by zero encountered in log
  spec = self.interp_func(np.log(angle))
/lcrc/project/SPT3G/users/ac.yomori/repo/cosmosis-standard-library/shear/cl_to_xi_fullsky/cl_to_xi.py:38: RuntimeWarning: divide by zero encountered in log
  spec = -np.exp(self.interp_func(np.log(angle)))
/lcrc/project/SPT3G/users/ac.yomori/repo/cosmosis-standard-library/structure/projection/projection_tools/kernel.py:178: RuntimeWarning: divide by zero encountered in divide
  nchi_spline.y * (nchi_spline.x - chi)/nchi_spline.x, 0.)
/lcrc/project/SPT3G/users/ac.yomori/repo/cosmosis-standard-library/shear/cl_to_xi_fullsky/cl_to_xi.py:38: RuntimeWarning: divide by zero encountered in log
  spec = -np.exp(self.interp_func(np.log(angle)))
/lcrc/project/SPT3G/users/ac.yomori/repo/cosmosis-standard-library/structure/projection/projection_tools/kernel.py:178: RuntimeWarning: invalid value encountered in divide
  nchi_spline.y * (nchi_spline.x - chi)/nchi_spline.x, 0.)
/lcrc/project/SPT3G/users/ac.yomori/repo/cosmosis-standard-library/structure/projection/projection_tools/kernel.py:178: RuntimeWarning: divide by zero encountered in divide
  nchi_spline.y * (nchi_spline.x - chi)/nchi_spline.x, 0.)
/lcrc/project/SPT3G/users/ac.yomori/repo/cosmosis-standard-library/shear/cl_to_xi_fullsky/cl_to_xi.py:38: RuntimeWarning: divide by zero encountered in log
  spec = -np.exp(self.interp_func(np.log(angle)))
/lcrc/project/SPT3G/users/ac.yomori/repo/cosmosis-standard-library/structure/projection/projection_tools/kernel.py:178: RuntimeWarning: invalid value encountered in divide
  nchi_spline.y * (nchi_spline.x - chi)/nchi_spline.x, 0.)
/lcrc/project/SPT3G/users/ac.yomori/repo/cosmosis-standard-library/structure/projection/projection_tools/kernel.py:178: RuntimeWarning: divide by zero encountered in divide
  nchi_spline.y * (nchi_spline.x - chi)/nchi_spline.x, 0.)
/lcrc/project/SPT3G/users/ac.yomori/repo/cosmosis-standard-library/shear/cl_to_xi_fullsky/cl_to_xi.py:41: RuntimeWarning: divide by zero encountered in log
  spec = self.interp_func(np.log(angle))
/lcrc/project/SPT3G/users/ac.yomori/repo/cosmosis-standard-library/shear/cl_to_xi_fullsky/cl_to_xi.py:38: RuntimeWarning: divide by zero encountered in log
  spec = -np.exp(self.interp_func(np.log(angle)))
/lcrc/project/SPT3G/users/ac.yomori/repo/cosmosis-standard-library/structure/projection/projection_tools/kernel.py:178: RuntimeWarning: invalid value encountered in divide
  nchi_spline.y * (nchi_spline.x - chi)/nchi_spline.x, 0.)
/lcrc/project/SPT3G/users/ac.yomori/repo/cosmosis-standard-library/structure/projection/projection_tools/kernel.py:178: RuntimeWarning: divide by zero encountered in divide
  nchi_spline.y * (nchi_spline.x - chi)/nchi_spline.x, 0.)
/lcrc/project/SPT3G/users/ac.yomori/repo/cosmosis-standard-library/shear/cl_to_xi_fullsky/cl_to_xi.py:38: RuntimeWarning: divide by zero encountered in log
  spec = -np.exp(self.interp_func(np.log(angle)))
/lcrc/project/SPT3G/users/ac.yomori/repo/cosmosis-standard-library/shear/cl_to_xi_fullsky/cl_to_xi.py:38: RuntimeWarning: divide by zero encountered in log
  spec = -np.exp(self.interp_func(np.log(angle)))
/lcrc/project/SPT3G/users/ac.yomori/repo/cosmosis-standard-library/shear/cl_to_xi_fullsky/cl_to_xi.py:41: RuntimeWarning: divide by zero encountered in log
  spec = self.interp_func(np.log(angle))
/lcrc/project/SPT3G/users/ac.yomori/repo/cosmosis-standard-library/shear/cl_to_xi_fullsky/cl_to_xi.py:38: RuntimeWarning: divide by zero encountered in log
  spec = -np.exp(self.interp_func(np.log(angle)))
/lcrc/project/SPT3G/users/ac.yomori/repo/cosmosis-standard-library/structure/projection/projection_tools/kernel.py:178: RuntimeWarning: invalid value encountered in divide
  nchi_spline.y * (nchi_spline.x - chi)/nchi_spline.x, 0.)
/lcrc/project/SPT3G/users/ac.yomori/repo/cosmosis-standard-library/structure/projection/projection_tools/kernel.py:178: RuntimeWarning: divide by zero encountered in divide
  nchi_spline.y * (nchi_spline.x - chi)/nchi_spline.x, 0.)
/lcrc/project/SPT3G/users/ac.yomori/repo/cosmosis-standard-library/shear/cl_to_xi_fullsky/cl_to_xi.py:38: RuntimeWarning: divide by zero encountered in log
  spec = -np.exp(self.interp_func(np.log(angle)))
/lcrc/project/SPT3G/users/ac.yomori/repo/cosmosis-standard-library/shear/cl_to_xi_fullsky/cl_to_xi.py:41: RuntimeWarning: divide by zero encountered in log
  spec = self.interp_func(np.log(angle))
/lcrc/project/SPT3G/users/ac.yomori/repo/cosmosis-standard-library/shear/cl_to_xi_fullsky/cl_to_xi.py:38: RuntimeWarning: divide by zero encountered in log
  spec = -np.exp(self.interp_func(np.log(angle)))
/lcrc/project/SPT3G/users/ac.yomori/repo/cosmosis-standard-library/shear/cl_to_xi_fullsky/cl_to_xi.py:38: RuntimeWarning: divide by zero encountered in log
  spec = -np.exp(self.interp_func(np.log(angle)))
/lcrc/project/SPT3G/users/ac.yomori/repo/cosmosis-standard-library/shear/cl_to_xi_fullsky/cl_to_xi.py:41: RuntimeWarning: divide by zero encountered in log
  spec = self.interp_func(np.log(angle))
/lcrc/project/SPT3G/users/ac.yomori/repo/cosmosis-standard-library/shear/cl_to_xi_fullsky/cl_to_xi.py:38: RuntimeWarning: divide by zero encountered in log
  spec = -np.exp(self.interp_func(np.log(angle)))
/lcrc/project/SPT3G/users/ac.yomori/repo/cosmosis-standard-library/shear/cl_to_xi_fullsky/cl_to_xi.py:41: RuntimeWarning: divide by zero encountered in log
  spec = self.interp_func(np.log(angle))
/lcrc/project/SPT3G/users/ac.yomori/repo/cosmosis-standard-library/shear/cl_to_xi_fullsky/cl_to_xi.py:41: RuntimeWarning: divide by zero encountered in log
  spec = self.interp_func(np.log(angle))
/lcrc/project/SPT3G/users/ac.yomori/repo/cosmosis-standard-library/shear/cl_to_xi_fullsky/cl_to_xi.py:38: RuntimeWarning: divide by zero encountered in log
  spec = -np.exp(self.interp_func(np.log(angle)))
/lcrc/project/SPT3G/users/ac.yomori/repo/cosmosis-standard-library/shear/cl_to_xi_fullsky/cl_to_xi.py:41: RuntimeWarning: divide by zero encountered in log
  spec = self.interp_func(np.log(angle))
/lcrc/project/SPT3G/users/ac.yomori/repo/cosmosis-standard-library/shear/cl_to_xi_fullsky/cl_to_xi.py:38: RuntimeWarning: divide by zero encountered in log
  spec = -np.exp(self.interp_func(np.log(angle)))
/lcrc/project/SPT3G/users/ac.yomori/repo/cosmosis-standard-library/shear/cl_to_xi_fullsky/cl_to_xi.py:38: RuntimeWarning: divide by zero encountered in log
  spec = -np.exp(self.interp_func(np.log(angle)))
/lcrc/project/SPT3G/users/ac.yomori/repo/cosmosis-standard-library/shear/cl_to_xi_fullsky/cl_to_xi.py:38: RuntimeWarning: divide by zero encountered in log
  spec = -np.exp(self.interp_func(np.log(angle)))
/lcrc/project/SPT3G/users/ac.yomori/repo/cosmosis-standard-library/structure/projection/projection_tools/kernel.py:178: RuntimeWarning: invalid value encountered in divide
  nchi_spline.y * (nchi_spline.x - chi)/nchi_spline.x, 0.)
/lcrc/project/SPT3G/users/ac.yomori/repo/cosmosis-standard-library/structure/projection/projection_tools/kernel.py:178: RuntimeWarning: divide by zero encountered in divide
  nchi_spline.y * (nchi_spline.x - chi)/nchi_spline.x, 0.)
/lcrc/project/SPT3G/users/ac.yomori/repo/cosmosis-standard-library/shear/cl_to_xi_fullsky/cl_to_xi.py:38: RuntimeWarning: divide by zero encountered in log
  spec = -np.exp(self.interp_func(np.log(angle)))
/lcrc/project/SPT3G/users/ac.yomori/repo/cosmosis-standard-library/shear/cl_to_xi_fullsky/cl_to_xi.py:38: RuntimeWarning: divide by zero encountered in log
  spec = -np.exp(self.interp_func(np.log(angle)))
/lcrc/project/SPT3G/users/ac.yomori/repo/cosmosis-standard-library/shear/cl_to_xi_fullsky/cl_to_xi.py:38: RuntimeWarning: divide by zero encountered in log
  spec = -np.exp(self.interp_func(np.log(angle)))
Pipeline failed on these parameters: [ 1.26230836e+00  1.08882315e+00  2.40300349e-02  7.18895258e-02
  7.67916966e-01  4.31821614e-01  7.95714392e+00 -4.72659497e-03
 -1.05189674e-02 -1.47642797e-02 -3.03104802e-02  7.14560744e-03
 -3.17083421e-02 -1.40449010e-02  8.57433206e-03 -7.79092737e-03
 -3.51233106e-02  1.45058270e-03 -1.05794849e-02  9.82523405e-01
  1.21803313e+00  8.94063481e-01  8.84624443e-01  1.67764785e+00
  2.04462458e+00  2.75927417e+00  1.32696780e+00 -1.14536186e+00
  6.26804630e-01 -3.99124519e+00  3.91743571e+00  2.19815096e-01]
Pipeline failed on these parameters: [ 1.01539559e+00  9.50376861e-01  1.99141451e-02  5.16316986e-02
  6.74436637e-01  3.73260761e-01  7.78184618e+00 -3.71125279e-03
 -1.71795591e-02 -2.51487935e-02 -2.04918827e-02  8.85972682e-03
  6.43302713e-03 -2.13797405e-02  2.09300543e-02 -7.90389747e-04
 -2.24466530e-02 -2.56344535e-03 -1.40213485e-03  9.54727918e-01
  1.18354887e+00  8.14664528e-01  9.07546338e-01  2.35910089e+00
  1.79374044e+00  1.72751454e+00  1.36239588e+00 -2.65298089e+00
 -2.57210192e+00 -6.89887962e-01 -3.44868276e-01  1.97013483e+00]
Pipeline failed on these parameters: [ 1.15414124e+00  9.39498454e-01  2.42923461e-02  5.21806262e-02
  6.91619390e-01  5.72035869e-01  7.33709089e+00 -5.47097532e-03
 -1.96996599e-02 -3.35587583e-02 -2.21936666e-02 -4.32356343e-03
  1.76978394e-02 -8.49766887e-03  3.32618541e-02 -7.62434537e-03
 -3.35462394e-02  3.68353723e-03 -1.01662762e-02  9.02852048e-01
  1.40427896e+00  8.73182494e-01  8.84204160e-01  1.03000990e+00
  2.33206046e+00  2.61656376e+00  1.95770639e+00  4.80079305e+00
  2.01359099e+00 -9.36473430e-01 -4.33101447e-01  1.06668490e+00]
Pipeline failed on these parameters: [ 1.17064919e+00  8.71942220e-01  2.51746350e-02  5.51661295e-02
  6.74642105e-01  5.90180483e-01  7.60356218e+00 -1.74324575e-03
 -1.85765166e-02 -3.36543575e-02 -2.27684358e-02  7.32115751e-03
 -9.34946142e-03 -6.80068019e-03 -1.05800429e-02 -3.66995586e-03
 -1.80900825e-02  5.34223255e-04 -1.73469126e-02  9.36816856e-01
  1.44480216e+00  9.49695588e-01  8.73351216e-01  2.15147906e+00
  1.22726023e+00  9.25989926e-01  1.99365550e+00 -5.65275251e-01
 -1.66116807e+00  1.88459240e-01  3.01630261e-01  1.52764871e+00]
/lcrc/project/SPT3G/users/ac.yomori/repo/cosmosis-standard-library/structure/projection/projection_tools/kernel.py:178: RuntimeWarning: invalid value encountered in divide
  nchi_spline.y * (nchi_spline.x - chi)/nchi_spline.x, 0.)
/lcrc/project/SPT3G/users/ac.yomori/repo/cosmosis-standard-library/structure/projection/projection_tools/kernel.py:178: RuntimeWarning: divide by zero encountered in divide
  nchi_spline.y * (nchi_spline.x - chi)/nchi_spline.x, 0.)
/lcrc/project/SPT3G/users/ac.yomori/repo/cosmosis-standard-library/structure/projection/projection_tools/kernel.py:178: RuntimeWarning: invalid value encountered in divide
  nchi_spline.y * (nchi_spline.x - chi)/nchi_spline.x, 0.)
/lcrc/project/SPT3G/users/ac.yomori/repo/cosmosis-standard-library/structure/projection/projection_tools/kernel.py:178: RuntimeWarning: divide by zero encountered in divide
  nchi_spline.y * (nchi_spline.x - chi)/nchi_spline.x, 0.)
/lcrc/project/SPT3G/users/ac.yomori/repo/cosmosis-standard-library/shear/cl_to_xi_fullsky/cl_to_xi.py:38: RuntimeWarning: divide by zero encountered in log
  spec = -np.exp(self.interp_func(np.log(angle)))
Pipeline failed on these parameters: [ 1.25845743e+00  9.65915438e-01  2.44322771e-02  5.99675318e-02
  6.50923032e-01  4.47214451e-01  7.43429632e+00 -1.87207229e-02
 -1.77921378e-02 -2.15783217e-02 -5.39438326e-02  2.15773283e-02
 -2.59137424e-03  5.60195188e-03  1.55699198e-02 -1.70391059e-02
 -3.77052300e-02 -6.57424124e-03 -9.05029332e-03  1.02943598e+00
  1.26521073e+00  9.53335157e-01  8.75065791e-01  1.61157257e+00
  1.08768235e+00  1.06148322e+00  2.08692974e+00 -2.91071176e+00
  1.79660764e+00  4.48460085e+00 -2.66260730e+00  1.84699151e-01]
/lcrc/project/SPT3G/users/ac.yomori/repo/cosmosis-standard-library/shear/cl_to_xi_fullsky/cl_to_xi.py:41: RuntimeWarning: divide by zero encountered in log
  spec = self.interp_func(np.log(angle))
Pipeline failed on these parameters: [ 1.03792742e+00  8.43366515e-01  2.16131582e-02  5.61636809e-02
  6.67572068e-01  3.53054870e-01  7.94158050e+00 -6.52539124e-03
 -1.32095492e-02 -2.32706564e-02 -3.70818611e-02 -6.76688978e-03
  4.39825080e-03  1.04234622e-03 -3.68430734e-03 -2.16455744e-02
 -2.91818203e-02 -7.81453988e-06 -1.72016863e-02  9.49463244e-01
  1.19912256e+00  8.65804334e-01  9.05421761e-01  1.76735462e+00
  2.74596409e+00  1.60275522e+00  1.49276831e+00  4.60788606e+00
 -3.19389059e+00 -4.97052665e+00 -4.83591994e+00  1.46586332e+00]
/lcrc/project/SPT3G/users/ac.yomori/repo/cosmosis-standard-library/shear/cl_to_xi_fullsky/cl_to_xi.py:38: RuntimeWarning: divide by zero encountered in log
  spec = -np.exp(self.interp_func(np.log(angle)))
Pipeline failed on these parameters: [ 1.23578502e+00  1.09266412e+00  2.29319599e-02  5.18852491e-02
  6.52940933e-01  1.59395404e-01  7.66620238e+00 -9.26077808e-03
 -2.13089918e-02 -3.16421295e-02 -3.79970870e-02  3.35434956e-02
 -5.86356565e-03  1.54524417e-02 -2.24558582e-02 -4.77647102e-03
 -3.89840540e-02  6.93524286e-04 -5.97066438e-03  1.03394972e+00
  1.34645377e+00  8.20476279e-01  9.09189604e-01  1.21021019e+00
  2.36691052e+00  1.99994383e+00  1.92332846e+00  2.86644404e+00
  2.28901043e+00  2.14453064e+00  1.45595528e+00  1.93405481e-01]
/lcrc/project/SPT3G/users/ac.yomori/repo/cosmosis-standard-library/structure/projection/projection_tools/kernel.py:178: RuntimeWarning: invalid value encountered in divide
  nchi_spline.y * (nchi_spline.x - chi)/nchi_spline.x, 0.)
/lcrc/project/SPT3G/users/ac.yomori/repo/cosmosis-standard-library/structure/projection/projection_tools/kernel.py:178: RuntimeWarning: divide by zero encountered in divide
  nchi_spline.y * (nchi_spline.x - chi)/nchi_spline.x, 0.)
/lcrc/project/SPT3G/users/ac.yomori/repo/cosmosis-standard-library/shear/cl_to_xi_fullsky/cl_to_xi.py:41: RuntimeWarning: divide by zero encountered in log
  spec = self.interp_func(np.log(angle))
/lcrc/project/SPT3G/users/ac.yomori/repo/cosmosis-standard-library/structure/projection/projection_tools/kernel.py:178: RuntimeWarning: invalid value encountered in divide
  nchi_spline.y * (nchi_spline.x - chi)/nchi_spline.x, 0.)
/lcrc/project/SPT3G/users/ac.yomori/repo/cosmosis-standard-library/structure/projection/projection_tools/kernel.py:178: RuntimeWarning: divide by zero encountered in divide
  nchi_spline.y * (nchi_spline.x - chi)/nchi_spline.x, 0.)
Pipeline failed on these parameters: [ 1.04466966e+00  1.07839718e+00  2.18345604e-02  6.08438277e-02
  7.65121128e-01  4.58985802e-01  7.56643960e+00  4.06673487e-03
 -2.80264889e-02 -2.26051663e-02 -3.35946406e-02  4.23147979e-02
  1.12718147e-02  2.18545249e-03  3.75956939e-03 -8.57118013e-03
 -2.67273485e-02 -4.10017781e-03 -7.16150875e-04  9.22380252e-01
  1.16469566e+00  9.61714043e-01  8.78987579e-01  1.30992327e+00
  2.08659710e+00  2.26161881e+00  2.44818212e+00  4.41283268e-01
 -2.32884951e+00  1.68322781e+00  2.04352714e+00  9.31975860e-01]
/lcrc/project/SPT3G/users/ac.yomori/repo/cosmosis-standard-library/structure/projection/projection_tools/kernel.py:178: RuntimeWarning: invalid value encountered in divide
  nchi_spline.y * (nchi_spline.x - chi)/nchi_spline.x, 0.)
/lcrc/project/SPT3G/users/ac.yomori/repo/cosmosis-standard-library/structure/projection/projection_tools/kernel.py:178: RuntimeWarning: divide by zero encountered in divide
  nchi_spline.y * (nchi_spline.x - chi)/nchi_spline.x, 0.)
/lcrc/project/SPT3G/users/ac.yomori/repo/cosmosis-standard-library/structure/projection/projection_tools/kernel.py:178: RuntimeWarning: invalid value encountered in divide
  nchi_spline.y * (nchi_spline.x - chi)/nchi_spline.x, 0.)
/lcrc/project/SPT3G/users/ac.yomori/repo/cosmosis-standard-library/structure/projection/projection_tools/kernel.py:178: RuntimeWarning: divide by zero encountered in divide
  nchi_spline.y * (nchi_spline.x - chi)/nchi_spline.x, 0.)
/lcrc/project/SPT3G/users/ac.yomori/repo/cosmosis-standard-library/shear/cl_to_xi_fullsky/cl_to_xi.py:38: RuntimeWarning: divide by zero encountered in log
  spec = -np.exp(self.interp_func(np.log(angle)))
/lcrc/project/SPT3G/users/ac.yomori/repo/cosmosis-standard-library/structure/projection/projection_tools/kernel.py:178: RuntimeWarning: invalid value encountered in divide
  nchi_spline.y * (nchi_spline.x - chi)/nchi_spline.x, 0.)
/lcrc/project/SPT3G/users/ac.yomori/repo/cosmosis-standard-library/structure/projection/projection_tools/kernel.py:178: RuntimeWarning: divide by zero encountered in divide
  nchi_spline.y * (nchi_spline.x - chi)/nchi_spline.x, 0.)
/lcrc/project/SPT3G/users/ac.yomori/repo/cosmosis-standard-library/structure/projection/projection_tools/kernel.py:178: RuntimeWarning: invalid value encountered in divide
  nchi_spline.y * (nchi_spline.x - chi)/nchi_spline.x, 0.)
/lcrc/project/SPT3G/users/ac.yomori/repo/cosmosis-standard-library/structure/projection/projection_tools/kernel.py:178: RuntimeWarning: divide by zero encountered in divide
  nchi_spline.y * (nchi_spline.x - chi)/nchi_spline.x, 0.)
/lcrc/project/SPT3G/users/ac.yomori/repo/cosmosis-standard-library/shear/cl_to_xi_fullsky/cl_to_xi.py:38: RuntimeWarning: divide by zero encountered in log
  spec = -np.exp(self.interp_func(np.log(angle)))
/lcrc/project/SPT3G/users/ac.yomori/repo/cosmosis-standard-library/shear/cl_to_xi_fullsky/cl_to_xi.py:41: RuntimeWarning: divide by zero encountered in log
  spec = self.interp_func(np.log(angle))
/lcrc/project/SPT3G/users/ac.yomori/repo/cosmosis-standard-library/structure/projection/projection_tools/kernel.py:178: RuntimeWarning: invalid value encountered in divide
  nchi_spline.y * (nchi_spline.x - chi)/nchi_spline.x, 0.)
/lcrc/project/SPT3G/users/ac.yomori/repo/cosmosis-standard-library/structure/projection/projection_tools/kernel.py:178: RuntimeWarning: divide by zero encountered in divide
  nchi_spline.y * (nchi_spline.x - chi)/nchi_spline.x, 0.)
/lcrc/project/SPT3G/users/ac.yomori/repo/cosmosis-standard-library/shear/cl_to_xi_fullsky/cl_to_xi.py:38: RuntimeWarning: divide by zero encountered in log
  spec = -np.exp(self.interp_func(np.log(angle)))
/lcrc/project/SPT3G/users/ac.yomori/repo/cosmosis-standard-library/shear/cl_to_xi_fullsky/cl_to_xi.py:38: RuntimeWarning: divide by zero encountered in log
  spec = -np.exp(self.interp_func(np.log(angle)))
/lcrc/project/SPT3G/users/ac.yomori/repo/cosmosis-standard-library/shear/cl_to_xi_fullsky/cl_to_xi.py:38: RuntimeWarning: divide by zero encountered in log
  spec = -np.exp(self.interp_func(np.log(angle)))
/lcrc/project/SPT3G/users/ac.yomori/repo/cosmosis-standard-library/shear/cl_to_xi_fullsky/cl_to_xi.py:38: RuntimeWarning: divide by zero encountered in log
  spec = -np.exp(self.interp_func(np.log(angle)))
/lcrc/project/SPT3G/users/ac.yomori/repo/cosmosis-standard-library/structure/projection/projection_tools/kernel.py:178: RuntimeWarning: invalid value encountered in divide
  nchi_spline.y * (nchi_spline.x - chi)/nchi_spline.x, 0.)
/lcrc/project/SPT3G/users/ac.yomori/repo/cosmosis-standard-library/structure/projection/projection_tools/kernel.py:178: RuntimeWarning: divide by zero encountered in divide
  nchi_spline.y * (nchi_spline.x - chi)/nchi_spline.x, 0.)
/lcrc/project/SPT3G/users/ac.yomori/repo/cosmosis-standard-library/structure/projection/projection_tools/kernel.py:178: RuntimeWarning: invalid value encountered in divide
  nchi_spline.y * (nchi_spline.x - chi)/nchi_spline.x, 0.)
/lcrc/project/SPT3G/users/ac.yomori/repo/cosmosis-standard-library/structure/projection/projection_tools/kernel.py:178: RuntimeWarning: divide by zero encountered in divide
  nchi_spline.y * (nchi_spline.x - chi)/nchi_spline.x, 0.)
/lcrc/project/SPT3G/users/ac.yomori/repo/cosmosis-standard-library/structure/projection/projection_tools/kernel.py:178: RuntimeWarning: invalid value encountered in divide
  nchi_spline.y * (nchi_spline.x - chi)/nchi_spline.x, 0.)
/lcrc/project/SPT3G/users/ac.yomori/repo/cosmosis-standard-library/structure/projection/projection_tools/kernel.py:178: RuntimeWarning: divide by zero encountered in divide
  nchi_spline.y * (nchi_spline.x - chi)/nchi_spline.x, 0.)
/lcrc/project/SPT3G/users/ac.yomori/repo/cosmosis-standard-library/shear/cl_to_xi_fullsky/cl_to_xi.py:38: RuntimeWarning: divide by zero encountered in log
  spec = -np.exp(self.interp_func(np.log(angle)))
/lcrc/project/SPT3G/users/ac.yomori/repo/cosmosis-standard-library/structure/projection/projection_tools/kernel.py:178: RuntimeWarning: invalid value encountered in divide
  nchi_spline.y * (nchi_spline.x - chi)/nchi_spline.x, 0.)
/lcrc/project/SPT3G/users/ac.yomori/repo/cosmosis-standard-library/structure/projection/projection_tools/kernel.py:178: RuntimeWarning: divide by zero encountered in divide
  nchi_spline.y * (nchi_spline.x - chi)/nchi_spline.x, 0.)
/lcrc/project/SPT3G/users/ac.yomori/repo/cosmosis-standard-library/shear/cl_to_xi_fullsky/cl_to_xi.py:38: RuntimeWarning: divide by zero encountered in log
  spec = -np.exp(self.interp_func(np.log(angle)))
/lcrc/project/SPT3G/users/ac.yomori/repo/cosmosis-standard-library/shear/cl_to_xi_fullsky/cl_to_xi.py:38: RuntimeWarning: divide by zero encountered in log
  spec = -np.exp(self.interp_func(np.log(angle)))
/lcrc/project/SPT3G/users/ac.yomori/repo/cosmosis-standard-library/shear/cl_to_xi_fullsky/cl_to_xi.py:38: RuntimeWarning: divide by zero encountered in log
  spec = -np.exp(self.interp_func(np.log(angle)))
/lcrc/project/SPT3G/users/ac.yomori/repo/cosmosis-standard-library/shear/cl_to_xi_fullsky/cl_to_xi.py:38: RuntimeWarning: divide by zero encountered in log
  spec = -np.exp(self.interp_func(np.log(angle)))
/lcrc/project/SPT3G/users/ac.yomori/repo/cosmosis-standard-library/shear/cl_to_xi_fullsky/cl_to_xi.py:38: RuntimeWarning: divide by zero encountered in log
  spec = -np.exp(self.interp_func(np.log(angle)))
/lcrc/project/SPT3G/users/ac.yomori/repo/cosmosis-standard-library/structure/projection/projection_tools/kernel.py:178: RuntimeWarning: invalid value encountered in divide
  nchi_spline.y * (nchi_spline.x - chi)/nchi_spline.x, 0.)
/lcrc/project/SPT3G/users/ac.yomori/repo/cosmosis-standard-library/structure/projection/projection_tools/kernel.py:178: RuntimeWarning: divide by zero encountered in divide
  nchi_spline.y * (nchi_spline.x - chi)/nchi_spline.x, 0.)
/lcrc/project/SPT3G/users/ac.yomori/repo/cosmosis-standard-library/structure/projection/projection_tools/kernel.py:178: RuntimeWarning: invalid value encountered in divide
  nchi_spline.y * (nchi_spline.x - chi)/nchi_spline.x, 0.)
/lcrc/project/SPT3G/users/ac.yomori/repo/cosmosis-standard-library/structure/projection/projection_tools/kernel.py:178: RuntimeWarning: divide by zero encountered in divide
  nchi_spline.y * (nchi_spline.x - chi)/nchi_spline.x, 0.)
/lcrc/project/SPT3G/users/ac.yomori/repo/cosmosis-standard-library/shear/cl_to_xi_fullsky/cl_to_xi.py:41: RuntimeWarning: divide by zero encountered in log
  spec = self.interp_func(np.log(angle))
/lcrc/project/SPT3G/users/ac.yomori/repo/cosmosis-standard-library/shear/cl_to_xi_fullsky/cl_to_xi.py:38: RuntimeWarning: divide by zero encountered in log
  spec = -np.exp(self.interp_func(np.log(angle)))
Pipeline failed on these parameters: [ 8.88154442e-01  9.23879759e-01  1.97599083e-02  5.18181611e-02
  8.17892138e-01  2.35674744e-01  7.88150443e+00  1.51691197e-02
 -3.67636639e-02 -2.77879681e-02 -4.66582290e-02  3.03789212e-02
 -5.34981863e-03 -7.32238537e-03  1.18174464e-02 -7.43829444e-03
 -3.63956577e-02 -1.05488845e-02 -1.61588144e-02  9.27348356e-01
  1.20289646e+00  8.57346469e-01  8.22477981e-01  2.07091028e+00
  2.03233471e+00  1.60259845e+00  1.60868598e+00  5.12450814e-01
  9.61308362e-01 -3.69539398e+00 -4.39147156e+00  1.39700993e+00]
/lcrc/project/SPT3G/users/ac.yomori/repo/cosmosis-standard-library/structure/projection/projection_tools/kernel.py:178: RuntimeWarning: invalid value encountered in divide
  nchi_spline.y * (nchi_spline.x - chi)/nchi_spline.x, 0.)
/lcrc/project/SPT3G/users/ac.yomori/repo/cosmosis-standard-library/structure/projection/projection_tools/kernel.py:178: RuntimeWarning: divide by zero encountered in divide
  nchi_spline.y * (nchi_spline.x - chi)/nchi_spline.x, 0.)
/lcrc/project/SPT3G/users/ac.yomori/repo/cosmosis-standard-library/shear/cl_to_xi_fullsky/cl_to_xi.py:38: RuntimeWarning: divide by zero encountered in log
  spec = -np.exp(self.interp_func(np.log(angle)))
/lcrc/project/SPT3G/users/ac.yomori/repo/cosmosis-standard-library/shear/cl_to_xi_fullsky/cl_to_xi.py:38: RuntimeWarning: divide by zero encountered in log
  spec = -np.exp(self.interp_func(np.log(angle)))
Pipeline failed on these parameters: [ 1.05713665e+00  9.87952385e-01  2.36492798e-02  5.93726292e-02
  8.16413849e-01  4.32120165e-01  7.55208815e+00 -3.71966863e-03
 -1.52283616e-02 -3.24617996e-02 -3.67925601e-02 -2.34447114e-02
 -1.19848722e-02 -3.51362472e-03  5.72182532e-03 -1.24549606e-02
 -3.72670146e-02 -1.39231671e-02 -7.05061483e-03  1.01389664e+00
  1.28498377e+00  8.30048509e-01  8.65361132e-01  1.13107202e+00
  2.39127435e+00  2.32028964e+00  1.63641444e+00  1.58141468e+00
 -2.04983111e-01 -3.94844360e+00  2.81400162e-01  9.71810119e-01]
/lcrc/project/SPT3G/users/ac.yomori/repo/cosmosis-standard-library/structure/projection/projection_tools/kernel.py:178: RuntimeWarning: invalid value encountered in divide
  nchi_spline.y * (nchi_spline.x - chi)/nchi_spline.x, 0.)
/lcrc/project/SPT3G/users/ac.yomori/repo/cosmosis-standard-library/structure/projection/projection_tools/kernel.py:178: RuntimeWarning: divide by zero encountered in divide
  nchi_spline.y * (nchi_spline.x - chi)/nchi_spline.x, 0.)
/lcrc/project/SPT3G/users/ac.yomori/repo/cosmosis-standard-library/structure/projection/projection_tools/kernel.py:178: RuntimeWarning: invalid value encountered in divide
  nchi_spline.y * (nchi_spline.x - chi)/nchi_spline.x, 0.)
/lcrc/project/SPT3G/users/ac.yomori/repo/cosmosis-standard-library/structure/projection/projection_tools/kernel.py:178: RuntimeWarning: divide by zero encountered in divide
  nchi_spline.y * (nchi_spline.x - chi)/nchi_spline.x, 0.)
/lcrc/project/SPT3G/users/ac.yomori/repo/cosmosis-standard-library/structure/projection/projection_tools/kernel.py:178: RuntimeWarning: invalid value encountered in divide
  nchi_spline.y * (nchi_spline.x - chi)/nchi_spline.x, 0.)
/lcrc/project/SPT3G/users/ac.yomori/repo/cosmosis-standard-library/structure/projection/projection_tools/kernel.py:178: RuntimeWarning: divide by zero encountered in divide
  nchi_spline.y * (nchi_spline.x - chi)/nchi_spline.x, 0.)
/lcrc/project/SPT3G/users/ac.yomori/repo/cosmosis-standard-library/structure/projection/projection_tools/kernel.py:178: RuntimeWarning: invalid value encountered in divide
  nchi_spline.y * (nchi_spline.x - chi)/nchi_spline.x, 0.)
/lcrc/project/SPT3G/users/ac.yomori/repo/cosmosis-standard-library/structure/projection/projection_tools/kernel.py:178: RuntimeWarning: divide by zero encountered in divide
  nchi_spline.y * (nchi_spline.x - chi)/nchi_spline.x, 0.)
/lcrc/project/SPT3G/users/ac.yomori/repo/cosmosis-standard-library/structure/projection/projection_tools/kernel.py:178: RuntimeWarning: invalid value encountered in divide
  nchi_spline.y * (nchi_spline.x - chi)/nchi_spline.x, 0.)
/lcrc/project/SPT3G/users/ac.yomori/repo/cosmosis-standard-library/structure/projection/projection_tools/kernel.py:178: RuntimeWarning: divide by zero encountered in divide
  nchi_spline.y * (nchi_spline.x - chi)/nchi_spline.x, 0.)
/lcrc/project/SPT3G/users/ac.yomori/repo/cosmosis-standard-library/shear/cl_to_xi_fullsky/cl_to_xi.py:41: RuntimeWarning: divide by zero encountered in log
  spec = self.interp_func(np.log(angle))
/lcrc/project/SPT3G/users/ac.yomori/repo/cosmosis-standard-library/shear/cl_to_xi_fullsky/cl_to_xi.py:38: RuntimeWarning: divide by zero encountered in log
  spec = -np.exp(self.interp_func(np.log(angle)))
/lcrc/project/SPT3G/users/ac.yomori/repo/cosmosis-standard-library/shear/cl_to_xi_fullsky/cl_to_xi.py:38: RuntimeWarning: divide by zero encountered in log
  spec = -np.exp(self.interp_func(np.log(angle)))
/lcrc/project/SPT3G/users/ac.yomori/repo/cosmosis-standard-library/structure/projection/projection_tools/kernel.py:178: RuntimeWarning: invalid value encountered in divide
  nchi_spline.y * (nchi_spline.x - chi)/nchi_spline.x, 0.)
/lcrc/project/SPT3G/users/ac.yomori/repo/cosmosis-standard-library/structure/projection/projection_tools/kernel.py:178: RuntimeWarning: divide by zero encountered in divide
  nchi_spline.y * (nchi_spline.x - chi)/nchi_spline.x, 0.)
/lcrc/project/SPT3G/users/ac.yomori/repo/cosmosis-standard-library/structure/projection/projection_tools/kernel.py:178: RuntimeWarning: invalid value encountered in divide
  nchi_spline.y * (nchi_spline.x - chi)/nchi_spline.x, 0.)
/lcrc/project/SPT3G/users/ac.yomori/repo/cosmosis-standard-library/structure/projection/projection_tools/kernel.py:178: RuntimeWarning: divide by zero encountered in divide
  nchi_spline.y * (nchi_spline.x - chi)/nchi_spline.x, 0.)
/lcrc/project/SPT3G/users/ac.yomori/repo/cosmosis-standard-library/shear/cl_to_xi_fullsky/cl_to_xi.py:38: RuntimeWarning: divide by zero encountered in log
  spec = -np.exp(self.interp_func(np.log(angle)))
/lcrc/project/SPT3G/users/ac.yomori/repo/cosmosis-standard-library/structure/projection/projection_tools/kernel.py:178: RuntimeWarning: invalid value encountered in divide
  nchi_spline.y * (nchi_spline.x - chi)/nchi_spline.x, 0.)
/lcrc/project/SPT3G/users/ac.yomori/repo/cosmosis-standard-library/structure/projection/projection_tools/kernel.py:178: RuntimeWarning: divide by zero encountered in divide
  nchi_spline.y * (nchi_spline.x - chi)/nchi_spline.x, 0.)
/lcrc/project/SPT3G/users/ac.yomori/repo/cosmosis-standard-library/structure/projection/projection_tools/kernel.py:178: RuntimeWarning: invalid value encountered in divide
  nchi_spline.y * (nchi_spline.x - chi)/nchi_spline.x, 0.)
/lcrc/project/SPT3G/users/ac.yomori/repo/cosmosis-standard-library/structure/projection/projection_tools/kernel.py:178: RuntimeWarning: divide by zero encountered in divide
  nchi_spline.y * (nchi_spline.x - chi)/nchi_spline.x, 0.)
/lcrc/project/SPT3G/users/ac.yomori/repo/cosmosis-standard-library/shear/cl_to_xi_fullsky/cl_to_xi.py:38: RuntimeWarning: divide by zero encountered in log
  spec = -np.exp(self.interp_func(np.log(angle)))
/lcrc/project/SPT3G/users/ac.yomori/repo/cosmosis-standard-library/structure/projection/projection_tools/kernel.py:178: RuntimeWarning: invalid value encountered in divide
  nchi_spline.y * (nchi_spline.x - chi)/nchi_spline.x, 0.)
/lcrc/project/SPT3G/users/ac.yomori/repo/cosmosis-standard-library/structure/projection/projection_tools/kernel.py:178: RuntimeWarning: divide by zero encountered in divide
  nchi_spline.y * (nchi_spline.x - chi)/nchi_spline.x, 0.)
/lcrc/project/SPT3G/users/ac.yomori/repo/cosmosis-standard-library/shear/cl_to_xi_fullsky/cl_to_xi.py:38: RuntimeWarning: divide by zero encountered in log
  spec = -np.exp(self.interp_func(np.log(angle)))
/lcrc/project/SPT3G/users/ac.yomori/repo/cosmosis-standard-library/shear/cl_to_xi_fullsky/cl_to_xi.py:38: RuntimeWarning: divide by zero encountered in log
  spec = -np.exp(self.interp_func(np.log(angle)))
/lcrc/project/SPT3G/users/ac.yomori/repo/cosmosis-standard-library/structure/projection/projection_tools/kernel.py:178: RuntimeWarning: invalid value encountered in divide
  nchi_spline.y * (nchi_spline.x - chi)/nchi_spline.x, 0.)
/lcrc/project/SPT3G/users/ac.yomori/repo/cosmosis-standard-library/structure/projection/projection_tools/kernel.py:178: RuntimeWarning: divide by zero encountered in divide
  nchi_spline.y * (nchi_spline.x - chi)/nchi_spline.x, 0.)
/lcrc/project/SPT3G/users/ac.yomori/repo/cosmosis-standard-library/shear/cl_to_xi_fullsky/cl_to_xi.py:38: RuntimeWarning: divide by zero encountered in log
  spec = -np.exp(self.interp_func(np.log(angle)))
/lcrc/project/SPT3G/users/ac.yomori/repo/cosmosis-standard-library/shear/cl_to_xi_fullsky/cl_to_xi.py:38: RuntimeWarning: divide by zero encountered in log
  spec = -np.exp(self.interp_func(np.log(angle)))
/lcrc/project/SPT3G/users/ac.yomori/repo/cosmosis-standard-library/structure/projection/projection_tools/kernel.py:178: RuntimeWarning: invalid value encountered in divide
  nchi_spline.y * (nchi_spline.x - chi)/nchi_spline.x, 0.)
/lcrc/project/SPT3G/users/ac.yomori/repo/cosmosis-standard-library/structure/projection/projection_tools/kernel.py:178: RuntimeWarning: divide by zero encountered in divide
  nchi_spline.y * (nchi_spline.x - chi)/nchi_spline.x, 0.)
/lcrc/project/SPT3G/users/ac.yomori/repo/cosmosis-standard-library/structure/projection/projection_tools/kernel.py:178: RuntimeWarning: invalid value encountered in divide
  nchi_spline.y * (nchi_spline.x - chi)/nchi_spline.x, 0.)
/lcrc/project/SPT3G/users/ac.yomori/repo/cosmosis-standard-library/structure/projection/projection_tools/kernel.py:178: RuntimeWarning: divide by zero encountered in divide
  nchi_spline.y * (nchi_spline.x - chi)/nchi_spline.x, 0.)
/lcrc/project/SPT3G/users/ac.yomori/repo/cosmosis-standard-library/structure/projection/projection_tools/kernel.py:178: RuntimeWarning: invalid value encountered in divide
  nchi_spline.y * (nchi_spline.x - chi)/nchi_spline.x, 0.)
/lcrc/project/SPT3G/users/ac.yomori/repo/cosmosis-standard-library/structure/projection/projection_tools/kernel.py:178: RuntimeWarning: divide by zero encountered in divide
  nchi_spline.y * (nchi_spline.x - chi)/nchi_spline.x, 0.)
/lcrc/project/SPT3G/users/ac.yomori/repo/cosmosis-standard-library/shear/cl_to_xi_fullsky/cl_to_xi.py:38: RuntimeWarning: divide by zero encountered in log
  spec = -np.exp(self.interp_func(np.log(angle)))
/lcrc/project/SPT3G/users/ac.yomori/repo/cosmosis-standard-library/shear/cl_to_xi_fullsky/cl_to_xi.py:41: RuntimeWarning: divide by zero encountered in log
  spec = self.interp_func(np.log(angle))
/lcrc/project/SPT3G/users/ac.yomori/repo/cosmosis-standard-library/shear/cl_to_xi_fullsky/cl_to_xi.py:38: RuntimeWarning: divide by zero encountered in log
  spec = -np.exp(self.interp_func(np.log(angle)))
/lcrc/project/SPT3G/users/ac.yomori/repo/cosmosis-standard-library/shear/cl_to_xi_fullsky/cl_to_xi.py:38: RuntimeWarning: divide by zero encountered in log
  spec = -np.exp(self.interp_func(np.log(angle)))
Pipeline failed on these parameters: [ 1.11466354e+00  9.27948441e-01  2.53133983e-02  5.48746496e-02
  8.12835589e-01  4.49282979e-01  7.85815159e+00 -7.04872733e-03
 -3.02730771e-02 -2.88539424e-02 -4.25134265e-02 -2.27080642e-02
  1.39655166e-02  3.46861058e-03  3.47550371e-03 -6.35276334e-03
 -4.67911173e-02  7.87820734e-03 -7.15566425e-03  9.10595603e-01
  1.23795446e+00  8.30433184e-01  9.25911336e-01  2.77469885e+00
  1.59671748e+00  1.48739080e+00  1.73413443e+00 -4.22009384e+00
  1.44254155e+00  3.12197253e+00  4.41028407e+00  2.54046864e-01]
Pipeline failed on these parameters: [ 1.16223829e+00  8.91568143e-01  2.25620894e-02  6.72506528e-02
  7.67844934e-01  5.12408575e-01  7.92980120e+00 -4.50875821e-03
 -2.29274283e-02  6.41418517e-03 -4.43225937e-02 -2.76055205e-02
  1.66108218e-02  5.23695492e-03 -5.73503819e-03 -1.10315315e-02
 -3.11477703e-02  1.57986697e-03 -6.52181332e-03  9.14194795e-01
  1.38618398e+00  8.19107547e-01  1.01145177e+00  1.97797495e+00
  1.92985099e+00  2.60783850e+00  1.99956958e+00 -1.39268044e+00
  2.21157016e+00 -4.00974865e+00 -7.63618999e-01  1.89920105e+00]
Pipeline failed on these parameters: [ 9.96798968e-01  9.78161655e-01  1.91411534e-02  5.12199741e-02
  7.35582907e-01  4.46368044e-01  7.40698084e+00  8.36375753e-03
 -4.29029138e-02 -2.20382210e-02 -4.07694372e-02 -3.95402789e-02
 -3.34506520e-03 -1.81925535e-02  1.58828452e-04 -3.96050252e-03
 -1.90180280e-02 -5.66437620e-03 -1.95288104e-02  9.92095579e-01
  1.44848502e+00  8.90056189e-01  9.84476838e-01  2.10535394e+00
  2.77181297e+00  8.64418320e-01  1.75921822e+00 -4.75682015e+00
  1.85601741e+00  3.15355044e+00  6.30368692e-01  1.16439611e+00]
/lcrc/project/SPT3G/users/ac.yomori/repo/cosmosis-standard-library/shear/cl_to_xi_fullsky/cl_to_xi.py:38: RuntimeWarning: divide by zero encountered in log
  spec = -np.exp(self.interp_func(np.log(angle)))
/lcrc/project/SPT3G/users/ac.yomori/repo/cosmosis-standard-library/structure/projection/projection_tools/kernel.py:178: RuntimeWarning: invalid value encountered in divide
  nchi_spline.y * (nchi_spline.x - chi)/nchi_spline.x, 0.)
/lcrc/project/SPT3G/users/ac.yomori/repo/cosmosis-standard-library/structure/projection/projection_tools/kernel.py:178: RuntimeWarning: divide by zero encountered in divide
  nchi_spline.y * (nchi_spline.x - chi)/nchi_spline.x, 0.)
/lcrc/project/SPT3G/users/ac.yomori/repo/cosmosis-standard-library/shear/cl_to_xi_fullsky/cl_to_xi.py:41: RuntimeWarning: divide by zero encountered in log
  spec = self.interp_func(np.log(angle))
/lcrc/project/SPT3G/users/ac.yomori/repo/cosmosis-standard-library/shear/cl_to_xi_fullsky/cl_to_xi.py:38: RuntimeWarning: divide by zero encountered in log
  spec = -np.exp(self.interp_func(np.log(angle)))
/lcrc/project/SPT3G/users/ac.yomori/repo/cosmosis-standard-library/structure/projection/projection_tools/kernel.py:178: RuntimeWarning: invalid value encountered in divide
  nchi_spline.y * (nchi_spline.x - chi)/nchi_spline.x, 0.)
/lcrc/project/SPT3G/users/ac.yomori/repo/cosmosis-standard-library/structure/projection/projection_tools/kernel.py:178: RuntimeWarning: divide by zero encountered in divide
  nchi_spline.y * (nchi_spline.x - chi)/nchi_spline.x, 0.)
/lcrc/project/SPT3G/users/ac.yomori/repo/cosmosis-standard-library/shear/cl_to_xi_fullsky/cl_to_xi.py:38: RuntimeWarning: divide by zero encountered in log
  spec = -np.exp(self.interp_func(np.log(angle)))
/lcrc/project/SPT3G/users/ac.yomori/repo/cosmosis-standard-library/structure/projection/projection_tools/kernel.py:178: RuntimeWarning: invalid value encountered in divide
  nchi_spline.y * (nchi_spline.x - chi)/nchi_spline.x, 0.)
/lcrc/project/SPT3G/users/ac.yomori/repo/cosmosis-standard-library/structure/projection/projection_tools/kernel.py:178: RuntimeWarning: divide by zero encountered in divide
  nchi_spline.y * (nchi_spline.x - chi)/nchi_spline.x, 0.)
/lcrc/project/SPT3G/users/ac.yomori/repo/cosmosis-standard-library/structure/projection/projection_tools/kernel.py:178: RuntimeWarning: invalid value encountered in divide
  nchi_spline.y * (nchi_spline.x - chi)/nchi_spline.x, 0.)
/lcrc/project/SPT3G/users/ac.yomori/repo/cosmosis-standard-library/structure/projection/projection_tools/kernel.py:178: RuntimeWarning: divide by zero encountered in divide
  nchi_spline.y * (nchi_spline.x - chi)/nchi_spline.x, 0.)
Pipeline failed on these parameters: [ 1.25221028e+00  9.50694367e-01  2.35031081e-02  8.00119305e-02
  8.09022772e-01  5.87882434e-01  7.69891256e+00 -8.17210030e-03
 -1.83671566e-02 -3.65064183e-02 -3.40351507e-02 -7.70124297e-04
  1.48697664e-02  4.36070494e-03 -1.87489959e-02 -1.36423760e-02
 -3.52285469e-02  5.52953191e-03 -6.44672561e-03  1.01734238e+00
  1.29682904e+00  8.98691358e-01  8.10635911e-01  1.48351266e+00
  2.09029047e+00  2.54613786e+00  8.76557351e-01  6.01491642e-02
 -2.80461728e+00 -4.29432454e+00 -2.26545558e+00  9.20938675e-01]
Pipeline failed on these parameters: [ 1.23715126e+00  1.04796956e+00  2.51823594e-02  5.44223559e-02
  6.75672342e-01  5.08668401e-01  7.96948247e+00 -7.30295897e-04
 -1.83840443e-02 -2.12938267e-02 -3.14431851e-02 -1.77470227e-02
  2.48087883e-02  9.55624065e-04  1.98067027e-03 -1.42114633e-02
 -1.74262811e-02 -9.55197012e-03 -1.50395485e-02  9.62750153e-01
  1.22304673e+00  8.11691775e-01  9.45010849e-01  2.76472251e+00
  1.05180655e+00  1.66016628e+00  1.08755806e+00 -1.60787256e+00
 -1.73637217e+00 -4.54424757e+00  1.39690292e+00  1.42276137e+00]
Pipeline failed on these parameters: [ 1.24976487e+00  8.44248808e-01  2.02015514e-02  6.55758293e-02
  8.14604385e-01  4.32209122e-01  7.73048083e+00 -9.26745760e-03
  2.15290225e-03 -2.54660609e-02 -3.05920025e-02 -3.02311702e-02
 -1.58469187e-02  7.19141837e-03 -3.21665695e-02 -1.18015071e-02
 -2.20250028e-02 -6.30717993e-03 -2.08852411e-03  1.09867543e+00
  1.39879115e+00  8.77908546e-01  8.67119422e-01  8.81377743e-01
  2.62375979e+00  1.60115799e+00  2.70292234e+00  4.21406843e+00
 -1.85685765e+00  3.04907982e-01  3.48572013e+00  7.25252147e-01]
Pipeline failed on these parameters: [ 1.07146284e+00  1.07260436e+00  2.19904971e-02  5.86303388e-02
  7.61527609e-01  3.57817458e-01  7.58544089e+00 -1.66855328e-02
 -1.75112963e-02 -3.12591566e-02 -4.77895702e-02 -8.87952851e-03
  6.57317240e-03  1.91003753e-02  3.23887826e-03 -1.33622903e-02
 -4.98934689e-02 -7.04255377e-03 -1.35668835e-02  9.06294615e-01
  1.30694689e+00  7.98870104e-01  9.72749859e-01  1.33720209e+00
  2.35962305e+00  1.40178849e+00  1.64884278e+00  6.62012400e-01
  1.95461096e+00 -5.26656854e-01 -2.95963384e+00  7.56101085e-01]
Pipeline failed on these parameters: [ 1.22717039e+00  9.02467813e-01  2.39987480e-02  6.66032007e-02
  7.74654102e-01  4.15844906e-01  7.75378566e+00 -8.93622113e-03
 -2.04628667e-02 -2.64902618e-02 -3.79148097e-02 -1.75409839e-02
 -9.07019106e-03  9.11686810e-03 -8.98746998e-03  2.15926931e-04
 -4.73256622e-02  1.75876948e-03 -1.56189027e-02  8.81810833e-01
  1.21207889e+00  9.02958176e-01  8.38037670e-01  2.48534112e+00
  1.90117915e+00  1.05224134e+00  2.52270852e+00  2.10505120e-02
  8.84708808e-01 -1.52005232e+00 -3.68932140e+00  1.06655225e+00]
Pipeline failed on these parameters: [ 1.11687917e+00  9.54970681e-01  2.21511348e-02  5.80975756e-02
  6.97384022e-01  3.85597913e-01  7.38699605e+00 -7.97871911e-03
 -3.08868547e-02 -1.55166377e-02 -2.46410010e-02  4.75100183e-03
 -7.81792417e-03 -5.03173456e-03  2.26046582e-02 -5.16908721e-03
 -4.33644104e-02 -1.20200149e-03  9.87212772e-04  1.02488247e+00
  1.28181311e+00  8.71929834e-01  7.92537373e-01  2.98324657e+00
  9.16054997e-01  1.58708206e+00  1.36235344e+00 -3.85919987e+00
  4.54946760e+00 -4.80526611e+00  4.39487117e+00  1.93935018e+00]
Pipeline failed on these parameters: [ 1.27390890e+00  8.55599343e-01  2.48989186e-02  5.61306916e-02
  7.61233472e-01  3.75932680e-01  7.93348829e+00 -4.69788593e-03
 -4.04180390e-02 -3.02317956e-02 -4.02079030e-02  1.17739676e-02
 -2.04616056e-02  2.05490986e-02  7.48803513e-03 -8.72087571e-03
 -2.04217066e-02 -5.56166946e-05 -1.40663512e-02  8.65025239e-01
  1.14527370e+00  8.30608102e-01  8.91013581e-01  2.21055084e+00
  8.00492208e-01  2.29777289e+00  1.34973514e+00  4.06292393e+00
 -1.06305450e+00 -1.32266732e+00  4.61513479e+00  1.64825430e+00]
/lcrc/project/SPT3G/users/ac.yomori/repo/cosmosis-standard-library/structure/projection/projection_tools/kernel.py:178: RuntimeWarning: invalid value encountered in divide
  nchi_spline.y * (nchi_spline.x - chi)/nchi_spline.x, 0.)
/lcrc/project/SPT3G/users/ac.yomori/repo/cosmosis-standard-library/structure/projection/projection_tools/kernel.py:178: RuntimeWarning: divide by zero encountered in divide
  nchi_spline.y * (nchi_spline.x - chi)/nchi_spline.x, 0.)
/lcrc/project/SPT3G/users/ac.yomori/repo/cosmosis-standard-library/structure/projection/projection_tools/kernel.py:178: RuntimeWarning: invalid value encountered in divide
  nchi_spline.y * (nchi_spline.x - chi)/nchi_spline.x, 0.)
/lcrc/project/SPT3G/users/ac.yomori/repo/cosmosis-standard-library/structure/projection/projection_tools/kernel.py:178: RuntimeWarning: divide by zero encountered in divide
  nchi_spline.y * (nchi_spline.x - chi)/nchi_spline.x, 0.)
/lcrc/project/SPT3G/users/ac.yomori/repo/cosmosis-standard-library/shear/cl_to_xi_fullsky/cl_to_xi.py:41: RuntimeWarning: divide by zero encountered in log
  spec = self.interp_func(np.log(angle))
/lcrc/project/SPT3G/users/ac.yomori/repo/cosmosis-standard-library/shear/cl_to_xi_fullsky/cl_to_xi.py:38: RuntimeWarning: divide by zero encountered in log
  spec = -np.exp(self.interp_func(np.log(angle)))
/lcrc/project/SPT3G/users/ac.yomori/repo/cosmosis-standard-library/structure/projection/projection_tools/kernel.py:178: RuntimeWarning: invalid value encountered in divide
  nchi_spline.y * (nchi_spline.x - chi)/nchi_spline.x, 0.)
/lcrc/project/SPT3G/users/ac.yomori/repo/cosmosis-standard-library/structure/projection/projection_tools/kernel.py:178: RuntimeWarning: divide by zero encountered in divide
  nchi_spline.y * (nchi_spline.x - chi)/nchi_spline.x, 0.)
/lcrc/project/SPT3G/users/ac.yomori/repo/cosmosis-standard-library/shear/cl_to_xi_fullsky/cl_to_xi.py:38: RuntimeWarning: divide by zero encountered in log
  spec = -np.exp(self.interp_func(np.log(angle)))
/lcrc/project/SPT3G/users/ac.yomori/repo/cosmosis-standard-library/structure/projection/projection_tools/kernel.py:35: UserWarning: Some of your n(z) or other kernels are negative.
  warnings.warn("Some of your n(z) or other kernels are negative.")
/lcrc/project/SPT3G/users/ac.yomori/repo/cosmosis-standard-library/shear/cl_to_xi_fullsky/cl_to_xi.py:36: RuntimeWarning: divide by zero encountered in log
  spec = np.exp(self.interp_func(np.log(angle)))
/lcrc/project/SPT3G/users/ac.yomori/repo/cosmosis-standard-library/structure/projection/projection_tools/kernel.py:178: RuntimeWarning: invalid value encountered in divide
  nchi_spline.y * (nchi_spline.x - chi)/nchi_spline.x, 0.)
/lcrc/project/SPT3G/users/ac.yomori/repo/cosmosis-standard-library/structure/projection/projection_tools/kernel.py:178: RuntimeWarning: divide by zero encountered in divide
  nchi_spline.y * (nchi_spline.x - chi)/nchi_spline.x, 0.)
/lcrc/project/SPT3G/users/ac.yomori/repo/cosmosis-standard-library/structure/projection/projection_tools/kernel.py:178: RuntimeWarning: invalid value encountered in divide
  nchi_spline.y * (nchi_spline.x - chi)/nchi_spline.x, 0.)
/lcrc/project/SPT3G/users/ac.yomori/repo/cosmosis-standard-library/structure/projection/projection_tools/kernel.py:178: RuntimeWarning: divide by zero encountered in divide
  nchi_spline.y * (nchi_spline.x - chi)/nchi_spline.x, 0.)
/lcrc/project/SPT3G/users/ac.yomori/repo/cosmosis-standard-library/shear/cl_to_xi_fullsky/cl_to_xi.py:38: RuntimeWarning: divide by zero encountered in log
  spec = -np.exp(self.interp_func(np.log(angle)))
/lcrc/project/SPT3G/users/ac.yomori/repo/cosmosis-standard-library/structure/projection/projection_tools/kernel.py:178: RuntimeWarning: invalid value encountered in divide
  nchi_spline.y * (nchi_spline.x - chi)/nchi_spline.x, 0.)
/lcrc/project/SPT3G/users/ac.yomori/repo/cosmosis-standard-library/structure/projection/projection_tools/kernel.py:178: RuntimeWarning: divide by zero encountered in divide
  nchi_spline.y * (nchi_spline.x - chi)/nchi_spline.x, 0.)
/lcrc/project/SPT3G/users/ac.yomori/repo/cosmosis-standard-library/shear/cl_to_xi_fullsky/cl_to_xi.py:38: RuntimeWarning: divide by zero encountered in log
  spec = -np.exp(self.interp_func(np.log(angle)))
/lcrc/project/SPT3G/users/ac.yomori/repo/cosmosis-standard-library/structure/projection/projection_tools/kernel.py:178: RuntimeWarning: invalid value encountered in divide
  nchi_spline.y * (nchi_spline.x - chi)/nchi_spline.x, 0.)
/lcrc/project/SPT3G/users/ac.yomori/repo/cosmosis-standard-library/structure/projection/projection_tools/kernel.py:178: RuntimeWarning: divide by zero encountered in divide
  nchi_spline.y * (nchi_spline.x - chi)/nchi_spline.x, 0.)
/lcrc/project/SPT3G/users/ac.yomori/repo/cosmosis-standard-library/shear/cl_to_xi_fullsky/cl_to_xi.py:38: RuntimeWarning: divide by zero encountered in log
  spec = -np.exp(self.interp_func(np.log(angle)))
/lcrc/project/SPT3G/users/ac.yomori/repo/cosmosis-standard-library/shear/cl_to_xi_fullsky/cl_to_xi.py:38: RuntimeWarning: divide by zero encountered in log
  spec = -np.exp(self.interp_func(np.log(angle)))
/lcrc/project/SPT3G/users/ac.yomori/repo/cosmosis-standard-library/shear/cl_to_xi_fullsky/cl_to_xi.py:38: RuntimeWarning: divide by zero encountered in log
  spec = -np.exp(self.interp_func(np.log(angle)))
/lcrc/project/SPT3G/users/ac.yomori/repo/cosmosis-standard-library/shear/cl_to_xi_fullsky/cl_to_xi.py:38: RuntimeWarning: divide by zero encountered in log
  spec = -np.exp(self.interp_func(np.log(angle)))
/lcrc/project/SPT3G/users/ac.yomori/repo/cosmosis-standard-library/shear/cl_to_xi_fullsky/cl_to_xi.py:38: RuntimeWarning: divide by zero encountered in log
  spec = -np.exp(self.interp_func(np.log(angle)))
/lcrc/project/SPT3G/users/ac.yomori/repo/cosmosis-standard-library/shear/cl_to_xi_fullsky/cl_to_xi.py:38: RuntimeWarning: divide by zero encountered in log
  spec = -np.exp(self.interp_func(np.log(angle)))
Pipeline failed on these parameters: [ 9.88504036e-01  9.89612646e-01  2.10055875e-02  5.14541530e-02
  6.62404371e-01  1.59460695e-01  7.68100671e+00 -1.90330227e-02
 -1.60373105e-02 -9.62942846e-03 -5.85136526e-02  2.99790038e-02
 -2.93850533e-02 -2.66451450e-03 -3.85938141e-02  4.08729180e-03
 -2.85565579e-02 -3.31247118e-03 -9.17748037e-03  9.25468994e-01
  1.23824434e+00  8.03719321e-01  9.31038773e-01  1.86572084e+00
  1.47091031e+00  1.93271697e+00  2.73119304e+00  3.66043399e+00
 -2.50735976e+00 -3.83430159e+00  9.47755016e-01  5.23293573e-01]
/lcrc/project/SPT3G/users/ac.yomori/repo/cosmosis-standard-library/shear/cl_to_xi_fullsky/cl_to_xi.py:38: RuntimeWarning: divide by zero encountered in log
  spec = -np.exp(self.interp_func(np.log(angle)))
/lcrc/project/SPT3G/users/ac.yomori/repo/cosmosis-standard-library/structure/projection/projection_tools/kernel.py:178: RuntimeWarning: invalid value encountered in divide
  nchi_spline.y * (nchi_spline.x - chi)/nchi_spline.x, 0.)
/lcrc/project/SPT3G/users/ac.yomori/repo/cosmosis-standard-library/structure/projection/projection_tools/kernel.py:178: RuntimeWarning: divide by zero encountered in divide
  nchi_spline.y * (nchi_spline.x - chi)/nchi_spline.x, 0.)
/lcrc/project/SPT3G/users/ac.yomori/repo/cosmosis-standard-library/structure/projection/projection_tools/kernel.py:178: RuntimeWarning: invalid value encountered in divide
  nchi_spline.y * (nchi_spline.x - chi)/nchi_spline.x, 0.)
/lcrc/project/SPT3G/users/ac.yomori/repo/cosmosis-standard-library/structure/projection/projection_tools/kernel.py:178: RuntimeWarning: divide by zero encountered in divide
  nchi_spline.y * (nchi_spline.x - chi)/nchi_spline.x, 0.)
/lcrc/project/SPT3G/users/ac.yomori/repo/cosmosis-standard-library/structure/projection/projection_tools/kernel.py:178: RuntimeWarning: invalid value encountered in divide
  nchi_spline.y * (nchi_spline.x - chi)/nchi_spline.x, 0.)
/lcrc/project/SPT3G/users/ac.yomori/repo/cosmosis-standard-library/structure/projection/projection_tools/kernel.py:178: RuntimeWarning: divide by zero encountered in divide
  nchi_spline.y * (nchi_spline.x - chi)/nchi_spline.x, 0.)
/lcrc/project/SPT3G/users/ac.yomori/repo/cosmosis-standard-library/shear/cl_to_xi_fullsky/cl_to_xi.py:38: RuntimeWarning: divide by zero encountered in log
  spec = -np.exp(self.interp_func(np.log(angle)))
/lcrc/project/SPT3G/users/ac.yomori/repo/cosmosis-standard-library/structure/projection/projection_tools/kernel.py:178: RuntimeWarning: invalid value encountered in divide
  nchi_spline.y * (nchi_spline.x - chi)/nchi_spline.x, 0.)
/lcrc/project/SPT3G/users/ac.yomori/repo/cosmosis-standard-library/structure/projection/projection_tools/kernel.py:178: RuntimeWarning: divide by zero encountered in divide
  nchi_spline.y * (nchi_spline.x - chi)/nchi_spline.x, 0.)
/lcrc/project/SPT3G/users/ac.yomori/repo/cosmosis-standard-library/structure/projection/projection_tools/kernel.py:178: RuntimeWarning: invalid value encountered in divide
  nchi_spline.y * (nchi_spline.x - chi)/nchi_spline.x, 0.)
/lcrc/project/SPT3G/users/ac.yomori/repo/cosmosis-standard-library/structure/projection/projection_tools/kernel.py:178: RuntimeWarning: divide by zero encountered in divide
  nchi_spline.y * (nchi_spline.x - chi)/nchi_spline.x, 0.)
/lcrc/project/SPT3G/users/ac.yomori/repo/cosmosis-standard-library/shear/cl_to_xi_fullsky/cl_to_xi.py:38: RuntimeWarning: divide by zero encountered in log
  spec = -np.exp(self.interp_func(np.log(angle)))
/lcrc/project/SPT3G/users/ac.yomori/repo/cosmosis-standard-library/shear/cl_to_xi_fullsky/cl_to_xi.py:38: RuntimeWarning: divide by zero encountered in log
  spec = -np.exp(self.interp_func(np.log(angle)))
/lcrc/project/SPT3G/users/ac.yomori/repo/cosmosis-standard-library/shear/cl_to_xi_fullsky/cl_to_xi.py:38: RuntimeWarning: divide by zero encountered in log
  spec = -np.exp(self.interp_func(np.log(angle)))
/lcrc/project/SPT3G/users/ac.yomori/repo/cosmosis-standard-library/shear/cl_to_xi_fullsky/cl_to_xi.py:38: RuntimeWarning: divide by zero encountered in log
  spec = -np.exp(self.interp_func(np.log(angle)))
/lcrc/project/SPT3G/users/ac.yomori/repo/cosmosis-standard-library/structure/projection/projection_tools/kernel.py:178: RuntimeWarning: invalid value encountered in divide
  nchi_spline.y * (nchi_spline.x - chi)/nchi_spline.x, 0.)
/lcrc/project/SPT3G/users/ac.yomori/repo/cosmosis-standard-library/structure/projection/projection_tools/kernel.py:178: RuntimeWarning: divide by zero encountered in divide
  nchi_spline.y * (nchi_spline.x - chi)/nchi_spline.x, 0.)
/lcrc/project/SPT3G/users/ac.yomori/repo/cosmosis-standard-library/structure/projection/projection_tools/kernel.py:178: RuntimeWarning: invalid value encountered in divide
  nchi_spline.y * (nchi_spline.x - chi)/nchi_spline.x, 0.)
/lcrc/project/SPT3G/users/ac.yomori/repo/cosmosis-standard-library/structure/projection/projection_tools/kernel.py:178: RuntimeWarning: divide by zero encountered in divide
  nchi_spline.y * (nchi_spline.x - chi)/nchi_spline.x, 0.)
/lcrc/project/SPT3G/users/ac.yomori/repo/cosmosis-standard-library/shear/cl_to_xi_fullsky/cl_to_xi.py:38: RuntimeWarning: divide by zero encountered in log
  spec = -np.exp(self.interp_func(np.log(angle)))
/lcrc/project/SPT3G/users/ac.yomori/repo/cosmosis-standard-library/shear/cl_to_xi_fullsky/cl_to_xi.py:38: RuntimeWarning: divide by zero encountered in log
  spec = -np.exp(self.interp_func(np.log(angle)))
Pipeline failed on these parameters: [ 9.90251026e-01  9.89736418e-01  2.10081865e-02  5.15937854e-02
  6.62439262e-01  1.59626731e-01  7.68145872e+00 -1.90595133e-02
 -1.60339710e-02 -9.66460517e-03 -5.88721159e-02  3.00320366e-02
 -2.93699310e-02 -2.69259128e-03 -3.85725071e-02  4.08426397e-03
 -2.85596463e-02 -3.32655041e-03 -9.19499101e-03  9.25293267e-01
  1.23816516e+00  8.03554651e-01  9.31086590e-01  1.86396289e+00
  1.47099269e+00  1.93437601e+00  2.73014045e+00  3.66004719e+00
 -2.51213719e+00 -3.82612635e+00  9.50464160e-01  5.23280959e-01]
/lcrc/project/SPT3G/users/ac.yomori/repo/cosmosis-standard-library/structure/projection/projection_tools/kernel.py:178: RuntimeWarning: invalid value encountered in divide
  nchi_spline.y * (nchi_spline.x - chi)/nchi_spline.x, 0.)
/lcrc/project/SPT3G/users/ac.yomori/repo/cosmosis-standard-library/structure/projection/projection_tools/kernel.py:178: RuntimeWarning: divide by zero encountered in divide
  nchi_spline.y * (nchi_spline.x - chi)/nchi_spline.x, 0.)
/lcrc/project/SPT3G/users/ac.yomori/repo/cosmosis-standard-library/structure/projection/projection_tools/kernel.py:178: RuntimeWarning: invalid value encountered in divide
  nchi_spline.y * (nchi_spline.x - chi)/nchi_spline.x, 0.)
/lcrc/project/SPT3G/users/ac.yomori/repo/cosmosis-standard-library/structure/projection/projection_tools/kernel.py:178: RuntimeWarning: divide by zero encountered in divide
  nchi_spline.y * (nchi_spline.x - chi)/nchi_spline.x, 0.)
/lcrc/project/SPT3G/users/ac.yomori/repo/cosmosis-standard-library/structure/projection/projection_tools/kernel.py:178: RuntimeWarning: invalid value encountered in divide
  nchi_spline.y * (nchi_spline.x - chi)/nchi_spline.x, 0.)
/lcrc/project/SPT3G/users/ac.yomori/repo/cosmosis-standard-library/structure/projection/projection_tools/kernel.py:178: RuntimeWarning: divide by zero encountered in divide
  nchi_spline.y * (nchi_spline.x - chi)/nchi_spline.x, 0.)
/lcrc/project/SPT3G/users/ac.yomori/repo/cosmosis-standard-library/structure/projection/projection_tools/kernel.py:178: RuntimeWarning: invalid value encountered in divide
  nchi_spline.y * (nchi_spline.x - chi)/nchi_spline.x, 0.)
/lcrc/project/SPT3G/users/ac.yomori/repo/cosmosis-standard-library/structure/projection/projection_tools/kernel.py:178: RuntimeWarning: divide by zero encountered in divide
  nchi_spline.y * (nchi_spline.x - chi)/nchi_spline.x, 0.)
/lcrc/project/SPT3G/users/ac.yomori/repo/cosmosis-standard-library/structure/projection/projection_tools/kernel.py:178: RuntimeWarning: invalid value encountered in divide
  nchi_spline.y * (nchi_spline.x - chi)/nchi_spline.x, 0.)
/lcrc/project/SPT3G/users/ac.yomori/repo/cosmosis-standard-library/structure/projection/projection_tools/kernel.py:178: RuntimeWarning: divide by zero encountered in divide
  nchi_spline.y * (nchi_spline.x - chi)/nchi_spline.x, 0.)
/lcrc/project/SPT3G/users/ac.yomori/repo/cosmosis-standard-library/structure/projection/projection_tools/kernel.py:178: RuntimeWarning: invalid value encountered in divide
  nchi_spline.y * (nchi_spline.x - chi)/nchi_spline.x, 0.)
/lcrc/project/SPT3G/users/ac.yomori/repo/cosmosis-standard-library/structure/projection/projection_tools/kernel.py:178: RuntimeWarning: divide by zero encountered in divide
  nchi_spline.y * (nchi_spline.x - chi)/nchi_spline.x, 0.)
/lcrc/project/SPT3G/users/ac.yomori/repo/cosmosis-standard-library/structure/projection/projection_tools/kernel.py:178: RuntimeWarning: invalid value encountered in divide
  nchi_spline.y * (nchi_spline.x - chi)/nchi_spline.x, 0.)
/lcrc/project/SPT3G/users/ac.yomori/repo/cosmosis-standard-library/structure/projection/projection_tools/kernel.py:178: RuntimeWarning: divide by zero encountered in divide
  nchi_spline.y * (nchi_spline.x - chi)/nchi_spline.x, 0.)
/lcrc/project/SPT3G/users/ac.yomori/repo/cosmosis-standard-library/structure/projection/projection_tools/kernel.py:178: RuntimeWarning: invalid value encountered in divide
  nchi_spline.y * (nchi_spline.x - chi)/nchi_spline.x, 0.)
/lcrc/project/SPT3G/users/ac.yomori/repo/cosmosis-standard-library/structure/projection/projection_tools/kernel.py:178: RuntimeWarning: divide by zero encountered in divide
  nchi_spline.y * (nchi_spline.x - chi)/nchi_spline.x, 0.)
/lcrc/project/SPT3G/users/ac.yomori/repo/cosmosis-standard-library/structure/projection/projection_tools/kernel.py:178: RuntimeWarning: invalid value encountered in divide
  nchi_spline.y * (nchi_spline.x - chi)/nchi_spline.x, 0.)
/lcrc/project/SPT3G/users/ac.yomori/repo/cosmosis-standard-library/structure/projection/projection_tools/kernel.py:178: RuntimeWarning: divide by zero encountered in divide
  nchi_spline.y * (nchi_spline.x - chi)/nchi_spline.x, 0.)
/lcrc/project/SPT3G/users/ac.yomori/repo/cosmosis-standard-library/structure/projection/projection_tools/kernel.py:178: RuntimeWarning: invalid value encountered in divide
  nchi_spline.y * (nchi_spline.x - chi)/nchi_spline.x, 0.)
/lcrc/project/SPT3G/users/ac.yomori/repo/cosmosis-standard-library/structure/projection/projection_tools/kernel.py:178: RuntimeWarning: divide by zero encountered in divide
  nchi_spline.y * (nchi_spline.x - chi)/nchi_spline.x, 0.)
Pipeline failed on these parameters: [ 1.09985202e+00  9.89299055e-01  2.49861618e-02  5.98489246e-02
  7.07108181e-01  3.27556062e-01  7.91491612e+00 -5.48345912e-03
 -1.97784372e-02 -2.28038303e-02 -4.65637696e-02  2.46120510e-02
  7.87170114e-03  1.03693695e-02 -1.87291775e-02 -1.02407113e-02
 -2.09333833e-02 -2.84938558e-03 -1.28921239e-02  9.55755482e-01
  1.27914976e+00  8.93550109e-01  8.82294335e-01  1.84639901e+00
  2.43218745e+00  1.03485647e+00  1.44295212e+00  6.74067935e-01
  2.81034546e+00  1.90519693e+00 -2.82097002e+00  8.39993533e-01]
/lcrc/project/SPT3G/users/ac.yomori/repo/cosmosis-standard-library/structure/projection/projection_tools/kernel.py:178: RuntimeWarning: invalid value encountered in divide
  nchi_spline.y * (nchi_spline.x - chi)/nchi_spline.x, 0.)
/lcrc/project/SPT3G/users/ac.yomori/repo/cosmosis-standard-library/structure/projection/projection_tools/kernel.py:178: RuntimeWarning: divide by zero encountered in divide
  nchi_spline.y * (nchi_spline.x - chi)/nchi_spline.x, 0.)
/lcrc/project/SPT3G/users/ac.yomori/repo/cosmosis-standard-library/structure/projection/projection_tools/kernel.py:178: RuntimeWarning: invalid value encountered in divide
  nchi_spline.y * (nchi_spline.x - chi)/nchi_spline.x, 0.)
/lcrc/project/SPT3G/users/ac.yomori/repo/cosmosis-standard-library/structure/projection/projection_tools/kernel.py:178: RuntimeWarning: divide by zero encountered in divide
  nchi_spline.y * (nchi_spline.x - chi)/nchi_spline.x, 0.)
/lcrc/project/SPT3G/users/ac.yomori/repo/cosmosis-standard-library/structure/projection/projection_tools/kernel.py:178: RuntimeWarning: invalid value encountered in divide
  nchi_spline.y * (nchi_spline.x - chi)/nchi_spline.x, 0.)
/lcrc/project/SPT3G/users/ac.yomori/repo/cosmosis-standard-library/structure/projection/projection_tools/kernel.py:178: RuntimeWarning: divide by zero encountered in divide
  nchi_spline.y * (nchi_spline.x - chi)/nchi_spline.x, 0.)
/lcrc/project/SPT3G/users/ac.yomori/repo/cosmosis-standard-library/structure/projection/projection_tools/kernel.py:178: RuntimeWarning: invalid value encountered in divide
  nchi_spline.y * (nchi_spline.x - chi)/nchi_spline.x, 0.)
/lcrc/project/SPT3G/users/ac.yomori/repo/cosmosis-standard-library/structure/projection/projection_tools/kernel.py:178: RuntimeWarning: divide by zero encountered in divide
  nchi_spline.y * (nchi_spline.x - chi)/nchi_spline.x, 0.)
/lcrc/project/SPT3G/users/ac.yomori/repo/cosmosis-standard-library/structure/projection/projection_tools/kernel.py:178: RuntimeWarning: invalid value encountered in divide
  nchi_spline.y * (nchi_spline.x - chi)/nchi_spline.x, 0.)
/lcrc/project/SPT3G/users/ac.yomori/repo/cosmosis-standard-library/structure/projection/projection_tools/kernel.py:178: RuntimeWarning: divide by zero encountered in divide
  nchi_spline.y * (nchi_spline.x - chi)/nchi_spline.x, 0.)
/lcrc/project/SPT3G/users/ac.yomori/repo/cosmosis-standard-library/structure/projection/projection_tools/kernel.py:178: RuntimeWarning: invalid value encountered in divide
  nchi_spline.y * (nchi_spline.x - chi)/nchi_spline.x, 0.)
/lcrc/project/SPT3G/users/ac.yomori/repo/cosmosis-standard-library/structure/projection/projection_tools/kernel.py:178: RuntimeWarning: divide by zero encountered in divide
  nchi_spline.y * (nchi_spline.x - chi)/nchi_spline.x, 0.)
Pipeline failed on these parameters: [ 1.09282717e+00  1.02616347e+00  2.32083407e-02  5.78188606e-02
  6.96640124e-01  3.35979652e-01  7.42371859e+00 -1.55561267e-02
 -2.09714938e-02 -2.95074233e-02 -2.20823102e-02 -1.76216119e-02
  1.77623734e-02 -2.74884344e-02  9.05254858e-03 -1.30238644e-02
 -1.60930429e-02 -1.39322443e-04 -5.68156636e-03  9.99596868e-01
  1.39277020e+00  9.07214832e-01  9.48030685e-01  1.57630126e+00
  2.46787348e+00  2.46379774e+00  9.67619704e-01 -1.40888607e+00
  3.71560862e+00 -3.00631938e+00 -3.70815398e+00  6.31921821e-01]
/lcrc/project/SPT3G/users/ac.yomori/repo/cosmosis-standard-library/structure/projection/projection_tools/kernel.py:178: RuntimeWarning: invalid value encountered in divide
  nchi_spline.y * (nchi_spline.x - chi)/nchi_spline.x, 0.)
/lcrc/project/SPT3G/users/ac.yomori/repo/cosmosis-standard-library/structure/projection/projection_tools/kernel.py:178: RuntimeWarning: divide by zero encountered in divide
  nchi_spline.y * (nchi_spline.x - chi)/nchi_spline.x, 0.)
/lcrc/project/SPT3G/users/ac.yomori/repo/cosmosis-standard-library/structure/projection/projection_tools/kernel.py:178: RuntimeWarning: invalid value encountered in divide
  nchi_spline.y * (nchi_spline.x - chi)/nchi_spline.x, 0.)
/lcrc/project/SPT3G/users/ac.yomori/repo/cosmosis-standard-library/structure/projection/projection_tools/kernel.py:178: RuntimeWarning: divide by zero encountered in divide
  nchi_spline.y * (nchi_spline.x - chi)/nchi_spline.x, 0.)
/lcrc/project/SPT3G/users/ac.yomori/repo/cosmosis-standard-library/structure/projection/projection_tools/kernel.py:178: RuntimeWarning: invalid value encountered in divide
  nchi_spline.y * (nchi_spline.x - chi)/nchi_spline.x, 0.)
/lcrc/project/SPT3G/users/ac.yomori/repo/cosmosis-standard-library/structure/projection/projection_tools/kernel.py:178: RuntimeWarning: divide by zero encountered in divide
  nchi_spline.y * (nchi_spline.x - chi)/nchi_spline.x, 0.)
/lcrc/project/SPT3G/users/ac.yomori/repo/cosmosis-standard-library/structure/projection/projection_tools/kernel.py:178: RuntimeWarning: invalid value encountered in divide
  nchi_spline.y * (nchi_spline.x - chi)/nchi_spline.x, 0.)
/lcrc/project/SPT3G/users/ac.yomori/repo/cosmosis-standard-library/structure/projection/projection_tools/kernel.py:178: RuntimeWarning: divide by zero encountered in divide
  nchi_spline.y * (nchi_spline.x - chi)/nchi_spline.x, 0.)
/lcrc/project/SPT3G/users/ac.yomori/repo/cosmosis-standard-library/shear/cl_to_xi_fullsky/cl_to_xi.py:38: RuntimeWarning: divide by zero encountered in log
  spec = -np.exp(self.interp_func(np.log(angle)))
/lcrc/project/SPT3G/users/ac.yomori/repo/cosmosis-standard-library/structure/projection/projection_tools/kernel.py:178: RuntimeWarning: invalid value encountered in divide
  nchi_spline.y * (nchi_spline.x - chi)/nchi_spline.x, 0.)
/lcrc/project/SPT3G/users/ac.yomori/repo/cosmosis-standard-library/structure/projection/projection_tools/kernel.py:178: RuntimeWarning: divide by zero encountered in divide
  nchi_spline.y * (nchi_spline.x - chi)/nchi_spline.x, 0.)
/lcrc/project/SPT3G/users/ac.yomori/repo/cosmosis-standard-library/structure/projection/projection_tools/kernel.py:178: RuntimeWarning: invalid value encountered in divide
  nchi_spline.y * (nchi_spline.x - chi)/nchi_spline.x, 0.)
/lcrc/project/SPT3G/users/ac.yomori/repo/cosmosis-standard-library/structure/projection/projection_tools/kernel.py:178: RuntimeWarning: divide by zero encountered in divide
  nchi_spline.y * (nchi_spline.x - chi)/nchi_spline.x, 0.)
/lcrc/project/SPT3G/users/ac.yomori/repo/cosmosis-standard-library/structure/projection/projection_tools/kernel.py:178: RuntimeWarning: invalid value encountered in divide
  nchi_spline.y * (nchi_spline.x - chi)/nchi_spline.x, 0.)
/lcrc/project/SPT3G/users/ac.yomori/repo/cosmosis-standard-library/structure/projection/projection_tools/kernel.py:178: RuntimeWarning: divide by zero encountered in divide
  nchi_spline.y * (nchi_spline.x - chi)/nchi_spline.x, 0.)
/lcrc/project/SPT3G/users/ac.yomori/repo/cosmosis-standard-library/structure/projection/projection_tools/kernel.py:178: RuntimeWarning: invalid value encountered in divide
  nchi_spline.y * (nchi_spline.x - chi)/nchi_spline.x, 0.)
/lcrc/project/SPT3G/users/ac.yomori/repo/cosmosis-standard-library/structure/projection/projection_tools/kernel.py:178: RuntimeWarning: divide by zero encountered in divide
  nchi_spline.y * (nchi_spline.x - chi)/nchi_spline.x, 0.)
/lcrc/project/SPT3G/users/ac.yomori/repo/cosmosis-standard-library/structure/projection/projection_tools/kernel.py:178: RuntimeWarning: invalid value encountered in divide
  nchi_spline.y * (nchi_spline.x - chi)/nchi_spline.x, 0.)
/lcrc/project/SPT3G/users/ac.yomori/repo/cosmosis-standard-library/structure/projection/projection_tools/kernel.py:178: RuntimeWarning: divide by zero encountered in divide
  nchi_spline.y * (nchi_spline.x - chi)/nchi_spline.x, 0.)
/lcrc/project/SPT3G/users/ac.yomori/repo/cosmosis-standard-library/structure/projection/projection_tools/kernel.py:178: RuntimeWarning: invalid value encountered in divide
  nchi_spline.y * (nchi_spline.x - chi)/nchi_spline.x, 0.)
/lcrc/project/SPT3G/users/ac.yomori/repo/cosmosis-standard-library/structure/projection/projection_tools/kernel.py:178: RuntimeWarning: divide by zero encountered in divide
  nchi_spline.y * (nchi_spline.x - chi)/nchi_spline.x, 0.)
/lcrc/project/SPT3G/users/ac.yomori/repo/cosmosis-standard-library/structure/projection/projection_tools/kernel.py:178: RuntimeWarning: invalid value encountered in divide
  nchi_spline.y * (nchi_spline.x - chi)/nchi_spline.x, 0.)
/lcrc/project/SPT3G/users/ac.yomori/repo/cosmosis-standard-library/structure/projection/projection_tools/kernel.py:178: RuntimeWarning: divide by zero encountered in divide
  nchi_spline.y * (nchi_spline.x - chi)/nchi_spline.x, 0.)
Pipeline failed on these parameters: [ 1.15208345e+00  1.03583141e+00  2.35986571e-02  5.66240241e-02
  6.46627776e-01  1.25838377e-01  7.72508561e+00 -1.88680044e-02
 -1.24658365e-02 -1.66888773e-02 -5.17420027e-02 -6.93595227e-03
 -3.11971877e-02  1.19639138e-02  4.02006715e-02 -9.31642453e-03
 -4.32560346e-02 -4.21109077e-03 -2.17512820e-02  9.69406402e-01
  1.51642970e+00  8.38050974e-01  9.03979676e-01  1.55246334e+00
  2.59752637e+00  2.82326800e+00  1.79766140e+00  2.09689281e+00
 -1.56119763e+00 -1.67238321e+00  3.34151425e+00  8.40725764e-01]
/lcrc/project/SPT3G/users/ac.yomori/repo/cosmosis-standard-library/structure/projection/projection_tools/kernel.py:178: RuntimeWarning: invalid value encountered in divide
  nchi_spline.y * (nchi_spline.x - chi)/nchi_spline.x, 0.)
/lcrc/project/SPT3G/users/ac.yomori/repo/cosmosis-standard-library/structure/projection/projection_tools/kernel.py:178: RuntimeWarning: divide by zero encountered in divide
  nchi_spline.y * (nchi_spline.x - chi)/nchi_spline.x, 0.)
/lcrc/project/SPT3G/users/ac.yomori/repo/cosmosis-standard-library/structure/projection/projection_tools/kernel.py:178: RuntimeWarning: invalid value encountered in divide
  nchi_spline.y * (nchi_spline.x - chi)/nchi_spline.x, 0.)
/lcrc/project/SPT3G/users/ac.yomori/repo/cosmosis-standard-library/structure/projection/projection_tools/kernel.py:178: RuntimeWarning: divide by zero encountered in divide
  nchi_spline.y * (nchi_spline.x - chi)/nchi_spline.x, 0.)
Pipeline failed on these parameters: [ 1.29081044e+00  1.05292298e+00  2.49194143e-02  5.35438471e-02
  6.51374042e-01  5.31884089e-01  7.49346842e+00  9.87465756e-04
 -2.31070435e-02 -3.17271645e-02 -4.19530766e-02  2.07249889e-03
  1.09302642e-02 -3.15961985e-03  3.67063854e-03 -1.41469089e-02
 -3.40265192e-02 -1.47437548e-02  1.68044452e-03  8.38894754e-01
  1.10277224e+00  8.42525223e-01  9.47361773e-01  2.34961816e+00
  2.75529455e+00  8.20286567e-01  2.90106286e+00 -2.30739205e+00
  4.15403528e+00  4.41132270e+00  3.61376894e+00  1.84451998e+00]
/lcrc/project/SPT3G/users/ac.yomori/repo/cosmosis-standard-library/structure/projection/projection_tools/kernel.py:178: RuntimeWarning: invalid value encountered in divide
  nchi_spline.y * (nchi_spline.x - chi)/nchi_spline.x, 0.)
/lcrc/project/SPT3G/users/ac.yomori/repo/cosmosis-standard-library/structure/projection/projection_tools/kernel.py:178: RuntimeWarning: divide by zero encountered in divide
  nchi_spline.y * (nchi_spline.x - chi)/nchi_spline.x, 0.)
/lcrc/project/SPT3G/users/ac.yomori/repo/cosmosis-standard-library/structure/projection/projection_tools/kernel.py:178: RuntimeWarning: invalid value encountered in divide
  nchi_spline.y * (nchi_spline.x - chi)/nchi_spline.x, 0.)
/lcrc/project/SPT3G/users/ac.yomori/repo/cosmosis-standard-library/structure/projection/projection_tools/kernel.py:178: RuntimeWarning: divide by zero encountered in divide
  nchi_spline.y * (nchi_spline.x - chi)/nchi_spline.x, 0.)
/lcrc/project/SPT3G/users/ac.yomori/repo/cosmosis-standard-library/structure/projection/projection_tools/kernel.py:178: RuntimeWarning: invalid value encountered in divide
  nchi_spline.y * (nchi_spline.x - chi)/nchi_spline.x, 0.)
/lcrc/project/SPT3G/users/ac.yomori/repo/cosmosis-standard-library/structure/projection/projection_tools/kernel.py:178: RuntimeWarning: divide by zero encountered in divide
  nchi_spline.y * (nchi_spline.x - chi)/nchi_spline.x, 0.)
/lcrc/project/SPT3G/users/ac.yomori/repo/cosmosis-standard-library/structure/projection/projection_tools/kernel.py:178: RuntimeWarning: invalid value encountered in divide
  nchi_spline.y * (nchi_spline.x - chi)/nchi_spline.x, 0.)
/lcrc/project/SPT3G/users/ac.yomori/repo/cosmosis-standard-library/structure/projection/projection_tools/kernel.py:178: RuntimeWarning: divide by zero encountered in divide
  nchi_spline.y * (nchi_spline.x - chi)/nchi_spline.x, 0.)
/lcrc/project/SPT3G/users/ac.yomori/repo/cosmosis-standard-library/structure/projection/projection_tools/kernel.py:178: RuntimeWarning: invalid value encountered in divide
  nchi_spline.y * (nchi_spline.x - chi)/nchi_spline.x, 0.)
/lcrc/project/SPT3G/users/ac.yomori/repo/cosmosis-standard-library/structure/projection/projection_tools/kernel.py:178: RuntimeWarning: divide by zero encountered in divide
  nchi_spline.y * (nchi_spline.x - chi)/nchi_spline.x, 0.)
/lcrc/project/SPT3G/users/ac.yomori/repo/cosmosis-standard-library/structure/projection/projection_tools/kernel.py:178: RuntimeWarning: invalid value encountered in divide
  nchi_spline.y * (nchi_spline.x - chi)/nchi_spline.x, 0.)
/lcrc/project/SPT3G/users/ac.yomori/repo/cosmosis-standard-library/structure/projection/projection_tools/kernel.py:178: RuntimeWarning: divide by zero encountered in divide
  nchi_spline.y * (nchi_spline.x - chi)/nchi_spline.x, 0.)
/lcrc/project/SPT3G/users/ac.yomori/repo/cosmosis-standard-library/structure/projection/projection_tools/kernel.py:178: RuntimeWarning: invalid value encountered in divide
  nchi_spline.y * (nchi_spline.x - chi)/nchi_spline.x, 0.)
/lcrc/project/SPT3G/users/ac.yomori/repo/cosmosis-standard-library/structure/projection/projection_tools/kernel.py:178: RuntimeWarning: divide by zero encountered in divide
  nchi_spline.y * (nchi_spline.x - chi)/nchi_spline.x, 0.)
/lcrc/project/SPT3G/users/ac.yomori/repo/cosmosis-standard-library/structure/projection/projection_tools/kernel.py:178: RuntimeWarning: invalid value encountered in divide
  nchi_spline.y * (nchi_spline.x - chi)/nchi_spline.x, 0.)
/lcrc/project/SPT3G/users/ac.yomori/repo/cosmosis-standard-library/structure/projection/projection_tools/kernel.py:178: RuntimeWarning: divide by zero encountered in divide
  nchi_spline.y * (nchi_spline.x - chi)/nchi_spline.x, 0.)
/lcrc/project/SPT3G/users/ac.yomori/repo/cosmosis-standard-library/structure/projection/projection_tools/kernel.py:178: RuntimeWarning: invalid value encountered in divide
  nchi_spline.y * (nchi_spline.x - chi)/nchi_spline.x, 0.)
/lcrc/project/SPT3G/users/ac.yomori/repo/cosmosis-standard-library/structure/projection/projection_tools/kernel.py:178: RuntimeWarning: divide by zero encountered in divide
  nchi_spline.y * (nchi_spline.x - chi)/nchi_spline.x, 0.)
/lcrc/project/SPT3G/users/ac.yomori/repo/cosmosis-standard-library/structure/projection/projection_tools/kernel.py:178: RuntimeWarning: invalid value encountered in divide
  nchi_spline.y * (nchi_spline.x - chi)/nchi_spline.x, 0.)
/lcrc/project/SPT3G/users/ac.yomori/repo/cosmosis-standard-library/structure/projection/projection_tools/kernel.py:178: RuntimeWarning: divide by zero encountered in divide
  nchi_spline.y * (nchi_spline.x - chi)/nchi_spline.x, 0.)
/lcrc/project/SPT3G/users/ac.yomori/repo/cosmosis-standard-library/structure/projection/projection_tools/kernel.py:178: RuntimeWarning: invalid value encountered in divide
  nchi_spline.y * (nchi_spline.x - chi)/nchi_spline.x, 0.)
/lcrc/project/SPT3G/users/ac.yomori/repo/cosmosis-standard-library/structure/projection/projection_tools/kernel.py:178: RuntimeWarning: divide by zero encountered in divide
  nchi_spline.y * (nchi_spline.x - chi)/nchi_spline.x, 0.)
/lcrc/project/SPT3G/users/ac.yomori/repo/cosmosis-standard-library/structure/projection/projection_tools/kernel.py:178: RuntimeWarning: invalid value encountered in divide
  nchi_spline.y * (nchi_spline.x - chi)/nchi_spline.x, 0.)
/lcrc/project/SPT3G/users/ac.yomori/repo/cosmosis-standard-library/structure/projection/projection_tools/kernel.py:178: RuntimeWarning: divide by zero encountered in divide
  nchi_spline.y * (nchi_spline.x - chi)/nchi_spline.x, 0.)
/lcrc/project/SPT3G/users/ac.yomori/repo/cosmosis-standard-library/structure/projection/projection_tools/kernel.py:178: RuntimeWarning: invalid value encountered in divide
  nchi_spline.y * (nchi_spline.x - chi)/nchi_spline.x, 0.)
/lcrc/project/SPT3G/users/ac.yomori/repo/cosmosis-standard-library/structure/projection/projection_tools/kernel.py:178: RuntimeWarning: divide by zero encountered in divide
  nchi_spline.y * (nchi_spline.x - chi)/nchi_spline.x, 0.)
/lcrc/project/SPT3G/users/ac.yomori/repo/cosmosis-standard-library/structure/projection/projection_tools/kernel.py:178: RuntimeWarning: invalid value encountered in divide
  nchi_spline.y * (nchi_spline.x - chi)/nchi_spline.x, 0.)
/lcrc/project/SPT3G/users/ac.yomori/repo/cosmosis-standard-library/structure/projection/projection_tools/kernel.py:178: RuntimeWarning: divide by zero encountered in divide
  nchi_spline.y * (nchi_spline.x - chi)/nchi_spline.x, 0.)
Pipeline failed on these parameters: [ 9.20030500e-01  8.70897782e-01  2.31117303e-02  5.19919963e-02
  6.67281640e-01  3.68109214e-01  7.72679233e+00 -1.93029486e-02
 -1.33739580e-02 -1.00621686e-02 -2.90779749e-02  1.63426185e-02
  2.92059288e-04  2.11058924e-03  6.17152058e-03 -1.05518481e-02
 -2.79908664e-02 -1.02213516e-02  2.45648172e-03  8.83491409e-01
  1.28249231e+00  9.66237100e-01  9.48588402e-01  1.58015538e+00
  1.96239731e+00  2.15377215e+00  2.53761099e+00  2.95103996e-01
  2.28946881e+00 -2.16687735e+00 -2.83817014e+00  1.85933968e+00]
/lcrc/project/SPT3G/users/ac.yomori/repo/cosmosis-standard-library/structure/projection/projection_tools/kernel.py:178: RuntimeWarning: invalid value encountered in divide
  nchi_spline.y * (nchi_spline.x - chi)/nchi_spline.x, 0.)
/lcrc/project/SPT3G/users/ac.yomori/repo/cosmosis-standard-library/structure/projection/projection_tools/kernel.py:178: RuntimeWarning: divide by zero encountered in divide
  nchi_spline.y * (nchi_spline.x - chi)/nchi_spline.x, 0.)
/lcrc/project/SPT3G/users/ac.yomori/repo/cosmosis-standard-library/structure/projection/projection_tools/kernel.py:178: RuntimeWarning: invalid value encountered in divide
  nchi_spline.y * (nchi_spline.x - chi)/nchi_spline.x, 0.)
/lcrc/project/SPT3G/users/ac.yomori/repo/cosmosis-standard-library/structure/projection/projection_tools/kernel.py:178: RuntimeWarning: divide by zero encountered in divide
  nchi_spline.y * (nchi_spline.x - chi)/nchi_spline.x, 0.)
/lcrc/project/SPT3G/users/ac.yomori/repo/cosmosis-standard-library/structure/projection/projection_tools/kernel.py:178: RuntimeWarning: invalid value encountered in divide
  nchi_spline.y * (nchi_spline.x - chi)/nchi_spline.x, 0.)
/lcrc/project/SPT3G/users/ac.yomori/repo/cosmosis-standard-library/structure/projection/projection_tools/kernel.py:178: RuntimeWarning: divide by zero encountered in divide
  nchi_spline.y * (nchi_spline.x - chi)/nchi_spline.x, 0.)
/lcrc/project/SPT3G/users/ac.yomori/repo/cosmosis-standard-library/structure/projection/projection_tools/kernel.py:178: RuntimeWarning: invalid value encountered in divide
  nchi_spline.y * (nchi_spline.x - chi)/nchi_spline.x, 0.)
/lcrc/project/SPT3G/users/ac.yomori/repo/cosmosis-standard-library/structure/projection/projection_tools/kernel.py:178: RuntimeWarning: divide by zero encountered in divide
  nchi_spline.y * (nchi_spline.x - chi)/nchi_spline.x, 0.)
/lcrc/project/SPT3G/users/ac.yomori/repo/cosmosis-standard-library/structure/projection/projection_tools/kernel.py:178: RuntimeWarning: invalid value encountered in divide
  nchi_spline.y * (nchi_spline.x - chi)/nchi_spline.x, 0.)
/lcrc/project/SPT3G/users/ac.yomori/repo/cosmosis-standard-library/structure/projection/projection_tools/kernel.py:178: RuntimeWarning: divide by zero encountered in divide
  nchi_spline.y * (nchi_spline.x - chi)/nchi_spline.x, 0.)
/lcrc/project/SPT3G/users/ac.yomori/repo/cosmosis-standard-library/structure/projection/projection_tools/kernel.py:178: RuntimeWarning: invalid value encountered in divide
  nchi_spline.y * (nchi_spline.x - chi)/nchi_spline.x, 0.)
/lcrc/project/SPT3G/users/ac.yomori/repo/cosmosis-standard-library/structure/projection/projection_tools/kernel.py:178: RuntimeWarning: divide by zero encountered in divide
  nchi_spline.y * (nchi_spline.x - chi)/nchi_spline.x, 0.)
Pipeline failed on these parameters: [ 9.13514531e-01  8.70749782e-01  2.30912389e-02  5.28783766e-02
  6.67158238e-01  3.65373906e-01  7.72277355e+00 -1.94147531e-02
 -1.30708803e-02 -9.83859693e-03 -2.91316133e-02  1.65097164e-02
  3.27194925e-04  2.03337960e-03  6.47169952e-03 -1.03222669e-02
 -2.79035553e-02 -1.02712892e-02  2.44018743e-03  8.84232314e-01
  1.28354117e+00  9.63323912e-01  9.49255883e-01  1.57562192e+00
  1.95695519e+00  2.14532780e+00  2.52896404e+00  3.26893894e-01
  2.37489850e+00 -2.22967556e+00 -2.88790661e+00  1.85623268e+00]
Pipeline failed on these parameters: [ 1.21438082e+00  8.82585864e-01  2.35010410e-02  7.11673645e-02
  7.83143174e-01  5.01179168e-01  7.60442760e+00 -7.36739433e-03
 -2.52568561e-02 -2.16717121e-02 -4.86994034e-02 -1.12056451e-02
  7.84414092e-03 -9.53042505e-03  3.95758446e-03 -3.18236577e-03
 -4.37043326e-02  2.15869912e-03 -4.64400964e-03  9.75051024e-01
  1.11584444e+00  8.01137589e-01  9.76777643e-01  1.83037535e+00
  8.33654235e-01  2.05262622e+00  2.79323664e+00  2.70337198e+00
  3.22056460e+00  2.77336366e+00  2.77956469e+00  8.58036174e-01]
/lcrc/project/SPT3G/users/ac.yomori/repo/cosmosis-standard-library/structure/projection/projection_tools/kernel.py:178: RuntimeWarning: invalid value encountered in divide
  nchi_spline.y * (nchi_spline.x - chi)/nchi_spline.x, 0.)
/lcrc/project/SPT3G/users/ac.yomori/repo/cosmosis-standard-library/structure/projection/projection_tools/kernel.py:178: RuntimeWarning: divide by zero encountered in divide
  nchi_spline.y * (nchi_spline.x - chi)/nchi_spline.x, 0.)
/lcrc/project/SPT3G/users/ac.yomori/repo/cosmosis-standard-library/structure/projection/projection_tools/kernel.py:178: RuntimeWarning: invalid value encountered in divide
  nchi_spline.y * (nchi_spline.x - chi)/nchi_spline.x, 0.)
/lcrc/project/SPT3G/users/ac.yomori/repo/cosmosis-standard-library/structure/projection/projection_tools/kernel.py:178: RuntimeWarning: divide by zero encountered in divide
  nchi_spline.y * (nchi_spline.x - chi)/nchi_spline.x, 0.)
/lcrc/project/SPT3G/users/ac.yomori/repo/cosmosis-standard-library/structure/projection/projection_tools/kernel.py:178: RuntimeWarning: invalid value encountered in divide
  nchi_spline.y * (nchi_spline.x - chi)/nchi_spline.x, 0.)
/lcrc/project/SPT3G/users/ac.yomori/repo/cosmosis-standard-library/structure/projection/projection_tools/kernel.py:178: RuntimeWarning: divide by zero encountered in divide
  nchi_spline.y * (nchi_spline.x - chi)/nchi_spline.x, 0.)
Pipeline failed on these parameters: [ 1.07822723e+00  9.86040358e-01  2.48880235e-02  5.67978851e-02
  6.54960138e-01  3.63500840e-01  7.82311256e+00 -1.49390503e-02
 -1.56525814e-02 -2.56329822e-02 -2.87946632e-02  8.85915203e-03
  3.60246712e-03 -9.97165684e-03 -1.67601515e-02 -2.56058173e-03
 -4.91484082e-02 -4.88987921e-04 -4.04007629e-03  1.04705256e+00
  1.25139765e+00  8.68983758e-01  9.43518681e-01  1.08349899e+00
  2.56834895e+00  2.36110943e+00  2.43738485e+00  2.78293656e+00
 -1.21665248e+00  9.43072415e-01  2.90833959e+00  2.86325853e-01]
/lcrc/project/SPT3G/users/ac.yomori/repo/cosmosis-standard-library/structure/projection/projection_tools/kernel.py:178: RuntimeWarning: invalid value encountered in divide
  nchi_spline.y * (nchi_spline.x - chi)/nchi_spline.x, 0.)
/lcrc/project/SPT3G/users/ac.yomori/repo/cosmosis-standard-library/structure/projection/projection_tools/kernel.py:178: RuntimeWarning: divide by zero encountered in divide
  nchi_spline.y * (nchi_spline.x - chi)/nchi_spline.x, 0.)
/lcrc/project/SPT3G/users/ac.yomori/repo/cosmosis-standard-library/structure/projection/projection_tools/kernel.py:178: RuntimeWarning: invalid value encountered in divide
  nchi_spline.y * (nchi_spline.x - chi)/nchi_spline.x, 0.)
/lcrc/project/SPT3G/users/ac.yomori/repo/cosmosis-standard-library/structure/projection/projection_tools/kernel.py:178: RuntimeWarning: divide by zero encountered in divide
  nchi_spline.y * (nchi_spline.x - chi)/nchi_spline.x, 0.)
/lcrc/project/SPT3G/users/ac.yomori/repo/cosmosis-standard-library/structure/projection/projection_tools/kernel.py:178: RuntimeWarning: invalid value encountered in divide
  nchi_spline.y * (nchi_spline.x - chi)/nchi_spline.x, 0.)
/lcrc/project/SPT3G/users/ac.yomori/repo/cosmosis-standard-library/structure/projection/projection_tools/kernel.py:178: RuntimeWarning: divide by zero encountered in divide
  nchi_spline.y * (nchi_spline.x - chi)/nchi_spline.x, 0.)
/lcrc/project/SPT3G/users/ac.yomori/repo/cosmosis-standard-library/structure/projection/projection_tools/kernel.py:178: RuntimeWarning: invalid value encountered in divide
  nchi_spline.y * (nchi_spline.x - chi)/nchi_spline.x, 0.)
/lcrc/project/SPT3G/users/ac.yomori/repo/cosmosis-standard-library/structure/projection/projection_tools/kernel.py:178: RuntimeWarning: divide by zero encountered in divide
  nchi_spline.y * (nchi_spline.x - chi)/nchi_spline.x, 0.)
Pipeline failed on these parameters: [ 1.12204342e+00  8.85295197e-01  2.35006956e-02  7.34097339e-02
  7.80514283e-01  4.68002628e-01  7.61448322e+00 -9.37079076e-03
 -2.20623974e-02 -2.06474649e-02 -2.28322714e-02 -1.46265361e-02
  6.80097323e-03 -8.67029453e-03  3.00633262e-03 -3.24528921e-03
 -4.30836518e-02  2.67873259e-03 -4.22549227e-03  9.77549872e-01
  1.17308454e+00  7.97193991e-01  9.80888884e-01  1.92084971e+00
  9.73065664e-01  2.08809683e+00  2.69217381e+00  2.10799353e+00
  2.95066599e+00  3.18469460e+00  2.30765144e+00  8.22213874e-01]
/lcrc/project/SPT3G/users/ac.yomori/repo/cosmosis-standard-library/structure/projection/projection_tools/kernel.py:178: RuntimeWarning: invalid value encountered in divide
  nchi_spline.y * (nchi_spline.x - chi)/nchi_spline.x, 0.)
/lcrc/project/SPT3G/users/ac.yomori/repo/cosmosis-standard-library/structure/projection/projection_tools/kernel.py:178: RuntimeWarning: divide by zero encountered in divide
  nchi_spline.y * (nchi_spline.x - chi)/nchi_spline.x, 0.)
/lcrc/project/SPT3G/users/ac.yomori/repo/cosmosis-standard-library/structure/projection/projection_tools/kernel.py:178: RuntimeWarning: invalid value encountered in divide
  nchi_spline.y * (nchi_spline.x - chi)/nchi_spline.x, 0.)
/lcrc/project/SPT3G/users/ac.yomori/repo/cosmosis-standard-library/structure/projection/projection_tools/kernel.py:178: RuntimeWarning: divide by zero encountered in divide
  nchi_spline.y * (nchi_spline.x - chi)/nchi_spline.x, 0.)
Pipeline failed on these parameters: [ 9.87207141e-01  1.02145785e+00  2.38874551e-02  5.57319404e-02
  7.19215213e-01  3.06323350e-01  7.44491729e+00 -1.03406011e-02
 -1.99224066e-02 -1.89505765e-02 -3.98224143e-02 -2.07611226e-02
  2.33522892e-02 -1.18509804e-02 -3.50443873e-03 -1.44045460e-02
 -2.48198314e-02 -4.58240776e-06 -4.35058737e-03  9.89239313e-01
  1.33681497e+00  8.61598736e-01  9.34807793e-01  1.28641465e+00
  2.71980186e+00  2.03855449e+00  1.06963300e+00  1.96425450e+00
  2.98213734e+00 -2.74888612e+00  2.89453606e+00  4.50611437e-01]
/lcrc/project/SPT3G/users/ac.yomori/repo/cosmosis-standard-library/structure/projection/projection_tools/kernel.py:178: RuntimeWarning: invalid value encountered in divide
  nchi_spline.y * (nchi_spline.x - chi)/nchi_spline.x, 0.)
/lcrc/project/SPT3G/users/ac.yomori/repo/cosmosis-standard-library/structure/projection/projection_tools/kernel.py:178: RuntimeWarning: divide by zero encountered in divide
  nchi_spline.y * (nchi_spline.x - chi)/nchi_spline.x, 0.)
/lcrc/project/SPT3G/users/ac.yomori/repo/cosmosis-standard-library/structure/projection/projection_tools/kernel.py:178: RuntimeWarning: invalid value encountered in divide
  nchi_spline.y * (nchi_spline.x - chi)/nchi_spline.x, 0.)
/lcrc/project/SPT3G/users/ac.yomori/repo/cosmosis-standard-library/structure/projection/projection_tools/kernel.py:178: RuntimeWarning: divide by zero encountered in divide
  nchi_spline.y * (nchi_spline.x - chi)/nchi_spline.x, 0.)
/lcrc/project/SPT3G/users/ac.yomori/repo/cosmosis-standard-library/structure/projection/projection_tools/kernel.py:178: RuntimeWarning: invalid value encountered in divide
  nchi_spline.y * (nchi_spline.x - chi)/nchi_spline.x, 0.)
/lcrc/project/SPT3G/users/ac.yomori/repo/cosmosis-standard-library/structure/projection/projection_tools/kernel.py:178: RuntimeWarning: divide by zero encountered in divide
  nchi_spline.y * (nchi_spline.x - chi)/nchi_spline.x, 0.)
/lcrc/project/SPT3G/users/ac.yomori/repo/cosmosis-standard-library/structure/projection/projection_tools/kernel.py:178: RuntimeWarning: invalid value encountered in divide
  nchi_spline.y * (nchi_spline.x - chi)/nchi_spline.x, 0.)
/lcrc/project/SPT3G/users/ac.yomori/repo/cosmosis-standard-library/structure/projection/projection_tools/kernel.py:178: RuntimeWarning: divide by zero encountered in divide
  nchi_spline.y * (nchi_spline.x - chi)/nchi_spline.x, 0.)
/lcrc/project/SPT3G/users/ac.yomori/repo/cosmosis-standard-library/structure/projection/projection_tools/kernel.py:178: RuntimeWarning: invalid value encountered in divide
  nchi_spline.y * (nchi_spline.x - chi)/nchi_spline.x, 0.)
/lcrc/project/SPT3G/users/ac.yomori/repo/cosmosis-standard-library/structure/projection/projection_tools/kernel.py:178: RuntimeWarning: divide by zero encountered in divide
  nchi_spline.y * (nchi_spline.x - chi)/nchi_spline.x, 0.)
/lcrc/project/SPT3G/users/ac.yomori/repo/cosmosis-standard-library/structure/projection/projection_tools/kernel.py:178: RuntimeWarning: invalid value encountered in divide
  nchi_spline.y * (nchi_spline.x - chi)/nchi_spline.x, 0.)
/lcrc/project/SPT3G/users/ac.yomori/repo/cosmosis-standard-library/structure/projection/projection_tools/kernel.py:178: RuntimeWarning: divide by zero encountered in divide
  nchi_spline.y * (nchi_spline.x - chi)/nchi_spline.x, 0.)
/lcrc/project/SPT3G/users/ac.yomori/repo/cosmosis-standard-library/structure/projection/projection_tools/kernel.py:178: RuntimeWarning: invalid value encountered in divide
  nchi_spline.y * (nchi_spline.x - chi)/nchi_spline.x, 0.)
/lcrc/project/SPT3G/users/ac.yomori/repo/cosmosis-standard-library/structure/projection/projection_tools/kernel.py:178: RuntimeWarning: divide by zero encountered in divide
  nchi_spline.y * (nchi_spline.x - chi)/nchi_spline.x, 0.)
Pipeline failed on these parameters: [ 1.14733287e+00  1.06422442e+00  2.37354451e-02  6.08059955e-02
  6.50673489e-01  5.70561292e-01  7.34857831e+00 -3.98779535e-03
 -2.96628325e-02 -1.79465607e-02 -4.47161258e-02  6.48022860e-03
  4.38454187e-03  8.11163012e-03 -2.71244330e-02 -4.44944690e-03
 -1.31715543e-02 -9.73527983e-04 -4.89464260e-03  1.02648673e+00
  1.44744625e+00  9.29097886e-01  8.54714928e-01  2.18159597e+00
  1.29761778e+00  1.48344449e+00  1.94419350e+00 -2.58267506e+00
 -2.96345784e+00  1.07377162e+00 -2.37486765e-01  1.91734388e+00]
/lcrc/project/SPT3G/users/ac.yomori/repo/cosmosis-standard-library/structure/projection/projection_tools/kernel.py:178: RuntimeWarning: invalid value encountered in divide
  nchi_spline.y * (nchi_spline.x - chi)/nchi_spline.x, 0.)
/lcrc/project/SPT3G/users/ac.yomori/repo/cosmosis-standard-library/structure/projection/projection_tools/kernel.py:178: RuntimeWarning: divide by zero encountered in divide
  nchi_spline.y * (nchi_spline.x - chi)/nchi_spline.x, 0.)
/lcrc/project/SPT3G/users/ac.yomori/repo/cosmosis-standard-library/structure/projection/projection_tools/kernel.py:178: RuntimeWarning: invalid value encountered in divide
  nchi_spline.y * (nchi_spline.x - chi)/nchi_spline.x, 0.)
/lcrc/project/SPT3G/users/ac.yomori/repo/cosmosis-standard-library/structure/projection/projection_tools/kernel.py:178: RuntimeWarning: divide by zero encountered in divide
  nchi_spline.y * (nchi_spline.x - chi)/nchi_spline.x, 0.)
Pipeline failed on these parameters: [ 1.03125394e+00  1.01967333e+00  2.40189433e-02  5.49045130e-02
  7.00365603e-01  3.14295426e-01  7.37078898e+00 -1.14245219e-02
 -1.97735163e-02 -2.31115297e-02 -2.23970965e-02 -1.80899772e-02
  1.78454387e-02 -7.93286439e-03 -1.44355193e-03 -1.46633300e-02
 -2.15562128e-02  1.43133030e-03 -4.59365351e-03  9.98681181e-01
  1.34775398e+00  8.70267968e-01  9.32479873e-01  1.43646012e+00
  2.70144622e+00  2.44829676e+00  1.02338493e+00  8.52167644e-01
  2.85440647e+00 -2.19572951e+00  1.81215992e+00  4.69940437e-01]
Pipeline failed on these parameters: [ 9.17264818e-01  9.47467971e-01  2.54647650e-02  5.58401992e-02
  6.89556532e-01  4.94152048e-01  7.96553937e+00 -5.85959676e-03
 -9.76879775e-03 -3.19047298e-02 -3.66210916e-02 -2.14585218e-02
  1.79911339e-02 -2.77631612e-03 -2.06257067e-02  1.20322345e-03
 -4.50937913e-02 -1.17847609e-02 -5.20309226e-03  9.49076577e-01
  1.31023606e+00  9.35805288e-01  9.61779705e-01  2.40470293e+00
  2.19117574e+00  2.19212532e+00  2.19865941e+00 -1.47993359e+00
  2.68327751e+00 -1.35235832e+00 -1.97304970e+00  1.81438494e+00]
/lcrc/project/SPT3G/users/ac.yomori/repo/cosmosis-standard-library/structure/projection/projection_tools/kernel.py:178: RuntimeWarning: invalid value encountered in divide
  nchi_spline.y * (nchi_spline.x - chi)/nchi_spline.x, 0.)
/lcrc/project/SPT3G/users/ac.yomori/repo/cosmosis-standard-library/structure/projection/projection_tools/kernel.py:178: RuntimeWarning: divide by zero encountered in divide
  nchi_spline.y * (nchi_spline.x - chi)/nchi_spline.x, 0.)
Pipeline failed on these parameters: [ 9.18306100e-01  9.47097542e-01  2.54790836e-02  5.62022965e-02
  6.89647382e-01  4.94361612e-01  7.96573741e+00 -5.87533642e-03
 -9.82688595e-03 -3.19679379e-02 -3.66256105e-02 -2.13152955e-02
  1.78853663e-02 -2.81892811e-03 -2.07685170e-02  1.22066513e-03
 -4.51484111e-02 -1.17766192e-02 -5.18568692e-03  9.49086972e-01
  1.31028868e+00  9.36358191e-01  9.61609617e-01  2.40394060e+00
  2.19175096e+00  2.19001136e+00  2.20123374e+00 -1.49337910e+00
  2.67699544e+00 -1.34081871e+00 -1.99684876e+00  1.81531843e+00]
Pipeline failed on these parameters: [ 1.23223237e+00  1.03111721e+00  2.45748659e-02  6.45385881e-02
  6.60733430e-01  5.42492234e-01  7.49737852e+00 -5.21273952e-03
 -2.00072592e-02 -2.80714113e-02 -2.64978777e-02  4.24437295e-04
  1.45274786e-02 -4.73005179e-03  1.21772699e-03 -1.52221293e-02
 -3.33524196e-02 -1.19708049e-02 -1.81093384e-03  8.43083883e-01
  1.10638429e+00  8.32264672e-01  9.53353380e-01  2.39031768e+00
  2.72142673e+00  9.41469301e-01  2.78020717e+00 -2.78207264e+00
  2.39989556e+00  4.10958084e+00  2.74298430e+00  1.99013640e+00]
/lcrc/project/SPT3G/users/ac.yomori/repo/cosmosis-standard-library/structure/projection/projection_tools/kernel.py:178: RuntimeWarning: invalid value encountered in divide
  nchi_spline.y * (nchi_spline.x - chi)/nchi_spline.x, 0.)
/lcrc/project/SPT3G/users/ac.yomori/repo/cosmosis-standard-library/structure/projection/projection_tools/kernel.py:178: RuntimeWarning: divide by zero encountered in divide
  nchi_spline.y * (nchi_spline.x - chi)/nchi_spline.x, 0.)
/lcrc/project/SPT3G/users/ac.yomori/repo/cosmosis-standard-library/structure/projection/projection_tools/kernel.py:178: RuntimeWarning: invalid value encountered in divide
  nchi_spline.y * (nchi_spline.x - chi)/nchi_spline.x, 0.)
/lcrc/project/SPT3G/users/ac.yomori/repo/cosmosis-standard-library/structure/projection/projection_tools/kernel.py:178: RuntimeWarning: divide by zero encountered in divide
  nchi_spline.y * (nchi_spline.x - chi)/nchi_spline.x, 0.)
Pipeline failed on these parameters: [ 1.29202150e+00  8.67519327e-01  2.17636888e-02  7.70600884e-02
  7.86504444e-01  4.53072126e-01  7.34482324e+00 -1.77308699e-03
 -1.52275485e-02 -2.71192355e-02 -5.70772428e-02 -8.94065000e-03
  5.73758111e-03 -9.26493045e-03 -2.42240082e-02 -7.77834487e-03
 -4.36099999e-02 -1.13824487e-02 -8.51107289e-03  9.61639141e-01
  1.35538139e+00  9.46881186e-01  8.87962111e-01  2.32762000e+00
  2.28252870e+00  1.59127614e+00  1.72017276e+00 -2.74879519e+00
  1.48463445e+00  2.13439366e+00 -4.60842324e+00  9.34380516e-01]
/lcrc/project/SPT3G/users/ac.yomori/repo/cosmosis-standard-library/structure/projection/projection_tools/kernel.py:178: RuntimeWarning: invalid value encountered in divide
  nchi_spline.y * (nchi_spline.x - chi)/nchi_spline.x, 0.)
/lcrc/project/SPT3G/users/ac.yomori/repo/cosmosis-standard-library/structure/projection/projection_tools/kernel.py:178: RuntimeWarning: divide by zero encountered in divide
  nchi_spline.y * (nchi_spline.x - chi)/nchi_spline.x, 0.)
/lcrc/project/SPT3G/users/ac.yomori/repo/cosmosis-standard-library/structure/projection/projection_tools/kernel.py:178: RuntimeWarning: invalid value encountered in divide
  nchi_spline.y * (nchi_spline.x - chi)/nchi_spline.x, 0.)
/lcrc/project/SPT3G/users/ac.yomori/repo/cosmosis-standard-library/structure/projection/projection_tools/kernel.py:178: RuntimeWarning: divide by zero encountered in divide
  nchi_spline.y * (nchi_spline.x - chi)/nchi_spline.x, 0.)
/lcrc/project/SPT3G/users/ac.yomori/repo/cosmosis-standard-library/structure/projection/projection_tools/kernel.py:178: RuntimeWarning: invalid value encountered in divide
  nchi_spline.y * (nchi_spline.x - chi)/nchi_spline.x, 0.)
/lcrc/project/SPT3G/users/ac.yomori/repo/cosmosis-standard-library/structure/projection/projection_tools/kernel.py:178: RuntimeWarning: divide by zero encountered in divide
  nchi_spline.y * (nchi_spline.x - chi)/nchi_spline.x, 0.)
Pipeline failed on these parameters: [ 1.14146330e+00  9.89993158e-01  2.00434150e-02  6.23753287e-02
  7.77081610e-01  1.40802136e-01  7.95449431e+00  7.40122752e-03
 -1.27395400e-02 -2.19301945e-02 -3.99717624e-02 -2.49049296e-03
  1.08030879e-02 -1.32387199e-02  8.15575095e-03 -2.04185407e-02
 -2.40561750e-02  5.58870700e-03 -7.35972522e-03  8.71362510e-01
  1.18397275e+00  9.34686722e-01  8.99559748e-01  1.99202481e+00
  2.39853915e+00  1.93326190e+00  1.29185091e+00  1.72144378e-02
 -2.35251300e+00 -2.40513521e+00  1.05177537e+00  1.72768525e+00]
/lcrc/project/SPT3G/users/ac.yomori/repo/cosmosis-standard-library/structure/projection/projection_tools/kernel.py:178: RuntimeWarning: invalid value encountered in divide
  nchi_spline.y * (nchi_spline.x - chi)/nchi_spline.x, 0.)
/lcrc/project/SPT3G/users/ac.yomori/repo/cosmosis-standard-library/structure/projection/projection_tools/kernel.py:178: RuntimeWarning: divide by zero encountered in divide
  nchi_spline.y * (nchi_spline.x - chi)/nchi_spline.x, 0.)
Pipeline failed on these parameters: [ 1.07642175e+00  1.07857588e+00  2.39289863e-02  5.20844131e-02
  6.53498006e-01  5.51325471e-01  7.38705427e+00  3.45376546e-03
 -8.85475343e-03 -2.34822822e-02 -3.64435738e-02  2.54279330e-03
  6.89386214e-03  3.83248286e-03 -4.37681117e-02 -5.41409747e-03
  1.80289736e-04 -2.36586920e-03 -3.73753765e-03  1.00746378e+00
  1.42659980e+00  9.13949454e-01  8.35376929e-01  2.23668761e+00
  1.25748001e+00  1.35473638e+00  2.09775412e+00 -4.07712534e+00
 -2.85009473e+00  1.29896696e+00  1.06776173e+00  1.80105959e+00]
/lcrc/project/SPT3G/users/ac.yomori/repo/cosmosis-standard-library/structure/projection/projection_tools/kernel.py:178: RuntimeWarning: invalid value encountered in divide
  nchi_spline.y * (nchi_spline.x - chi)/nchi_spline.x, 0.)
/lcrc/project/SPT3G/users/ac.yomori/repo/cosmosis-standard-library/structure/projection/projection_tools/kernel.py:178: RuntimeWarning: divide by zero encountered in divide
  nchi_spline.y * (nchi_spline.x - chi)/nchi_spline.x, 0.)
Pipeline failed on these parameters: [ 1.14103694e+00  9.89957843e-01  2.00422886e-02  6.24934706e-02
  7.77113046e-01  1.41033503e-01  7.95470613e+00  7.38140828e-03
 -1.27610712e-02 -2.19393199e-02 -3.99695628e-02 -2.49008198e-03
  1.07948379e-02 -1.32241996e-02  8.14464743e-03 -2.04155483e-02
 -2.40697866e-02  5.58504160e-03 -7.36444222e-03  8.71046213e-01
  1.18396450e+00  9.34740608e-01  8.99566945e-01  1.99249978e+00
  2.39894053e+00  1.93480017e+00  1.29107738e+00  1.21818460e-02
 -2.35702754e+00 -2.40625605e+00  1.04994656e+00  1.72680446e+00]
Pipeline failed on these parameters: [ 1.11366312e+00  1.08427443e+00  2.39798363e-02  6.15920256e-02
  6.46295503e-01  5.68263439e-01  7.39320556e+00  3.51489891e-03
 -9.16154928e-03 -2.28178005e-02 -3.69837053e-02  4.26815687e-03
  7.15310779e-03  5.11632145e-03 -3.35985765e-02 -5.97335741e-03
 -9.27862682e-03 -2.42587110e-03 -4.25688409e-03  1.01456198e+00
  1.44314138e+00  9.20221840e-01  8.41651032e-01  2.26875905e+00
  1.16882147e+00  1.41360055e+00  2.04639111e+00 -4.27541076e+00
 -3.01516960e+00  1.46198394e+00  7.99076584e-01  1.88385812e+00]
/lcrc/project/SPT3G/users/ac.yomori/repo/cosmosis-standard-library/structure/projection/projection_tools/kernel.py:178: RuntimeWarning: invalid value encountered in divide
  nchi_spline.y * (nchi_spline.x - chi)/nchi_spline.x, 0.)
/lcrc/project/SPT3G/users/ac.yomori/repo/cosmosis-standard-library/structure/projection/projection_tools/kernel.py:178: RuntimeWarning: divide by zero encountered in divide
  nchi_spline.y * (nchi_spline.x - chi)/nchi_spline.x, 0.)
/lcrc/project/SPT3G/users/ac.yomori/repo/cosmosis-standard-library/structure/projection/projection_tools/kernel.py:178: RuntimeWarning: invalid value encountered in divide
  nchi_spline.y * (nchi_spline.x - chi)/nchi_spline.x, 0.)
/lcrc/project/SPT3G/users/ac.yomori/repo/cosmosis-standard-library/structure/projection/projection_tools/kernel.py:178: RuntimeWarning: divide by zero encountered in divide
  nchi_spline.y * (nchi_spline.x - chi)/nchi_spline.x, 0.)
Pipeline failed on these parameters: [ 1.18704044e+00  1.02973519e+00  2.37850610e-02  6.15439169e-02
  7.18007833e-01  2.35020355e-01  7.59410244e+00 -1.89627162e-02
 -1.49324639e-02 -1.95459260e-02 -5.71493607e-02  2.56188350e-02
 -1.77747403e-02  1.81322947e-02 -1.70761177e-02 -1.35679138e-03
 -1.36755037e-02 -1.32609639e-02 -5.11063154e-03  1.00091349e+00
  1.14358454e+00  8.76202093e-01  9.58119343e-01  1.98276107e+00
  1.21134287e+00  1.45196347e+00  2.34932659e+00 -1.69352614e+00
 -2.18397052e+00  2.07635323e+00  1.43975995e+00  4.20358108e-02]
/lcrc/project/SPT3G/users/ac.yomori/repo/cosmosis-standard-library/structure/projection/projection_tools/kernel.py:178: RuntimeWarning: invalid value encountered in divide
  nchi_spline.y * (nchi_spline.x - chi)/nchi_spline.x, 0.)
/lcrc/project/SPT3G/users/ac.yomori/repo/cosmosis-standard-library/structure/projection/projection_tools/kernel.py:178: RuntimeWarning: divide by zero encountered in divide
  nchi_spline.y * (nchi_spline.x - chi)/nchi_spline.x, 0.)
/lcrc/project/SPT3G/users/ac.yomori/repo/cosmosis-standard-library/structure/projection/projection_tools/kernel.py:178: RuntimeWarning: invalid value encountered in divide
  nchi_spline.y * (nchi_spline.x - chi)/nchi_spline.x, 0.)
/lcrc/project/SPT3G/users/ac.yomori/repo/cosmosis-standard-library/structure/projection/projection_tools/kernel.py:178: RuntimeWarning: divide by zero encountered in divide
  nchi_spline.y * (nchi_spline.x - chi)/nchi_spline.x, 0.)
/lcrc/project/SPT3G/users/ac.yomori/repo/cosmosis-standard-library/structure/projection/projection_tools/kernel.py:178: RuntimeWarning: invalid value encountered in divide
  nchi_spline.y * (nchi_spline.x - chi)/nchi_spline.x, 0.)
/lcrc/project/SPT3G/users/ac.yomori/repo/cosmosis-standard-library/structure/projection/projection_tools/kernel.py:178: RuntimeWarning: divide by zero encountered in divide
  nchi_spline.y * (nchi_spline.x - chi)/nchi_spline.x, 0.)
/lcrc/project/SPT3G/users/ac.yomori/repo/cosmosis-standard-library/structure/projection/projection_tools/kernel.py:178: RuntimeWarning: invalid value encountered in divide
  nchi_spline.y * (nchi_spline.x - chi)/nchi_spline.x, 0.)
/lcrc/project/SPT3G/users/ac.yomori/repo/cosmosis-standard-library/structure/projection/projection_tools/kernel.py:178: RuntimeWarning: divide by zero encountered in divide
  nchi_spline.y * (nchi_spline.x - chi)/nchi_spline.x, 0.)
/lcrc/project/SPT3G/users/ac.yomori/repo/cosmosis-standard-library/structure/projection/projection_tools/kernel.py:178: RuntimeWarning: invalid value encountered in divide
  nchi_spline.y * (nchi_spline.x - chi)/nchi_spline.x, 0.)
/lcrc/project/SPT3G/users/ac.yomori/repo/cosmosis-standard-library/structure/projection/projection_tools/kernel.py:178: RuntimeWarning: divide by zero encountered in divide
  nchi_spline.y * (nchi_spline.x - chi)/nchi_spline.x, 0.)
/lcrc/project/SPT3G/users/ac.yomori/repo/cosmosis-standard-library/structure/projection/projection_tools/kernel.py:178: RuntimeWarning: invalid value encountered in divide
  nchi_spline.y * (nchi_spline.x - chi)/nchi_spline.x, 0.)
/lcrc/project/SPT3G/users/ac.yomori/repo/cosmosis-standard-library/structure/projection/projection_tools/kernel.py:178: RuntimeWarning: divide by zero encountered in divide
  nchi_spline.y * (nchi_spline.x - chi)/nchi_spline.x, 0.)
/lcrc/project/SPT3G/users/ac.yomori/repo/cosmosis-standard-library/structure/projection/projection_tools/kernel.py:178: RuntimeWarning: invalid value encountered in divide
  nchi_spline.y * (nchi_spline.x - chi)/nchi_spline.x, 0.)
/lcrc/project/SPT3G/users/ac.yomori/repo/cosmosis-standard-library/structure/projection/projection_tools/kernel.py:178: RuntimeWarning: divide by zero encountered in divide
  nchi_spline.y * (nchi_spline.x - chi)/nchi_spline.x, 0.)
Pipeline failed on these parameters: [ 1.10959116e+00  1.09693207e+00  2.35673727e-02  6.12032213e-02
  6.42695137e-01  5.61216364e-01  7.40395101e+00 -6.81598552e-03
 -2.67251769e-02 -1.50766442e-02 -5.02435251e-02  4.31520989e-03
  4.10441005e-03  5.55929145e-03 -4.10734499e-02 -6.14737609e-03
 -9.01589040e-03 -2.81425894e-03 -4.46059290e-03  1.02027157e+00
  1.47130324e+00  9.20687654e-01  8.54537314e-01  2.29245958e+00
  1.08328629e+00  1.39680202e+00  1.97307905e+00 -4.70805787e+00
 -3.11477697e+00  7.88412080e-01  4.38247215e-01  1.95010459e+00]
/lcrc/project/SPT3G/users/ac.yomori/repo/cosmosis-standard-library/structure/projection/projection_tools/kernel.py:178: RuntimeWarning: invalid value encountered in divide
  nchi_spline.y * (nchi_spline.x - chi)/nchi_spline.x, 0.)
/lcrc/project/SPT3G/users/ac.yomori/repo/cosmosis-standard-library/structure/projection/projection_tools/kernel.py:178: RuntimeWarning: divide by zero encountered in divide
  nchi_spline.y * (nchi_spline.x - chi)/nchi_spline.x, 0.)
/lcrc/project/SPT3G/users/ac.yomori/repo/cosmosis-standard-library/structure/projection/projection_tools/kernel.py:178: RuntimeWarning: invalid value encountered in divide
  nchi_spline.y * (nchi_spline.x - chi)/nchi_spline.x, 0.)
/lcrc/project/SPT3G/users/ac.yomori/repo/cosmosis-standard-library/structure/projection/projection_tools/kernel.py:178: RuntimeWarning: divide by zero encountered in divide
  nchi_spline.y * (nchi_spline.x - chi)/nchi_spline.x, 0.)
Pipeline failed on these parameters: [ 9.21308459e-01  8.90881005e-01  2.52807116e-02  5.17069950e-02
  7.24254257e-01  4.81831541e-01  7.59910769e+00 -2.25266310e-02
 -2.80726640e-02 -2.95900608e-02 -2.22918507e-02 -2.20315526e-03
 -2.96249987e-04 -1.46711332e-03 -3.23761318e-03  5.06960447e-04
 -2.68442474e-02 -1.44049435e-02 -1.45682967e-03  9.84669832e-01
  1.35645789e+00  9.44316743e-01  9.04879922e-01  1.45042749e+00
  2.05651808e+00  1.96712101e+00  1.62924865e+00  1.41497720e-01
 -2.68566575e+00  1.69610081e+00 -3.92905714e+00  1.40123386e+00]
/lcrc/project/SPT3G/users/ac.yomori/repo/cosmosis-standard-library/structure/projection/projection_tools/kernel.py:178: RuntimeWarning: invalid value encountered in divide
  nchi_spline.y * (nchi_spline.x - chi)/nchi_spline.x, 0.)
/lcrc/project/SPT3G/users/ac.yomori/repo/cosmosis-standard-library/structure/projection/projection_tools/kernel.py:178: RuntimeWarning: divide by zero encountered in divide
  nchi_spline.y * (nchi_spline.x - chi)/nchi_spline.x, 0.)
/lcrc/project/SPT3G/users/ac.yomori/repo/cosmosis-standard-library/structure/projection/projection_tools/kernel.py:178: RuntimeWarning: invalid value encountered in divide
  nchi_spline.y * (nchi_spline.x - chi)/nchi_spline.x, 0.)
/lcrc/project/SPT3G/users/ac.yomori/repo/cosmosis-standard-library/structure/projection/projection_tools/kernel.py:178: RuntimeWarning: divide by zero encountered in divide
  nchi_spline.y * (nchi_spline.x - chi)/nchi_spline.x, 0.)
Pipeline failed on these parameters: [ 8.89120689e-01  8.82038167e-01  2.51327195e-02  5.55540792e-02
  7.24198239e-01  4.73969021e-01  7.65123242e+00 -2.29706831e-02
 -2.88289169e-02 -3.06742555e-02 -2.45631543e-02  6.24450382e-04
 -9.58192691e-04 -1.97196617e-03 -3.32491785e-03  4.02217150e-03
 -2.65150985e-02 -1.47202056e-02 -7.43529729e-04  9.79897641e-01
  1.35896090e+00  9.28216003e-01  9.04769112e-01  1.38277811e+00
  2.02485204e+00  1.80241540e+00  1.56110154e+00  5.18014332e-02
 -2.81561893e+00  1.40874250e+00 -4.01497723e+00  1.36821943e+00]
Pipeline failed on these parameters: [ 1.07503089e+00  1.07270146e+00  2.25676744e-02  5.54660430e-02
  7.24987727e-01  9.38802142e-02  7.66654555e+00 -3.51919976e-03
 -1.66398078e-02 -2.07726204e-02 -3.38286824e-02  2.64065687e-02
 -1.34805122e-02  2.60591119e-02 -5.83708938e-03 -1.73079737e-03
 -2.30377346e-02 -9.09362722e-03 -3.51286617e-03  1.02861606e+00
  1.09092812e+00  8.60567378e-01  9.48248517e-01  2.38046003e+00
  1.71286223e+00  1.30219432e+00  1.93400673e+00 -2.88088526e+00
 -9.22003731e-01  4.06662523e+00  1.85335814e+00  2.78273069e-01]
Pipeline failed on these parameters: [ 8.81305584e-01  8.79891150e-01  2.50967874e-02  5.64881410e-02
  7.24184638e-01  4.72060022e-01  7.66388816e+00 -2.30847198e-02
 -2.90257894e-02 -3.09580488e-02 -2.49759159e-02  1.31065453e-03
 -1.11914335e-03 -2.09513157e-03 -3.34612834e-03  5.69826228e-03
 -2.64340340e-02 -1.48009411e-02 -5.56562538e-04  9.78744400e-01
  1.35957439e+00  9.25020060e-01  9.04742198e-01  1.36635302e+00
  2.01716362e+00  1.76242531e+00  1.54455560e+00  3.00234122e-02
 -2.84717122e+00  1.33897267e+00 -4.03583840e+00  1.36020361e+00]
/lcrc/project/SPT3G/users/ac.yomori/repo/cosmosis-standard-library/structure/projection/projection_tools/kernel.py:178: RuntimeWarning: invalid value encountered in divide
  nchi_spline.y * (nchi_spline.x - chi)/nchi_spline.x, 0.)
/lcrc/project/SPT3G/users/ac.yomori/repo/cosmosis-standard-library/structure/projection/projection_tools/kernel.py:178: RuntimeWarning: divide by zero encountered in divide
  nchi_spline.y * (nchi_spline.x - chi)/nchi_spline.x, 0.)
/lcrc/project/SPT3G/users/ac.yomori/repo/cosmosis-standard-library/structure/projection/projection_tools/kernel.py:178: RuntimeWarning: invalid value encountered in divide
  nchi_spline.y * (nchi_spline.x - chi)/nchi_spline.x, 0.)
/lcrc/project/SPT3G/users/ac.yomori/repo/cosmosis-standard-library/structure/projection/projection_tools/kernel.py:178: RuntimeWarning: divide by zero encountered in divide
  nchi_spline.y * (nchi_spline.x - chi)/nchi_spline.x, 0.)
Pipeline failed on these parameters: [ 1.00752172e+00  9.28917183e-01  2.16946100e-02  5.15328241e-02
  6.61995184e-01  1.07976815e-01  7.64004770e+00 -8.01238406e-04
 -1.35071982e-02 -2.04155267e-02 -3.66327073e-02  2.87819284e-02
 -1.23931346e-02 -4.44127481e-03 -2.61119072e-02 -2.44297232e-04
 -2.88865194e-02 -1.08117899e-03 -7.65817882e-03  8.86006310e-01
  1.28781253e+00  7.81979216e-01  9.37317350e-01  1.40719318e+00
  9.21511923e-01  1.34737046e+00  2.26366986e+00  5.98674099e-01
 -2.43747199e+00 -4.71076754e+00  9.51724417e-01  2.78396237e-01]
Pipeline failed on these parameters: [ 8.43562082e-01  8.90996886e-01  2.53968445e-02  5.24543213e-02
  7.27454943e-01  4.75493156e-01  7.70284645e+00  1.21583603e-03
 -5.31964624e-03 -1.80676875e-02 -4.32274056e-02  5.94304484e-05
 -2.52538346e-03 -2.77024522e-03 -2.49171736e-03  1.26940834e-03
 -2.67716857e-02 -1.26372555e-02 -7.74845670e-04  9.74882286e-01
  1.35599248e+00  9.20375466e-01  9.08574307e-01  1.32541653e+00
  2.02751707e+00  1.68511163e+00  1.45217471e+00  5.14039700e-02
 -2.73139791e+00  1.58830664e+00 -4.29156661e+00  1.35907340e+00]
Pipeline failed on these parameters: [ 1.26058839e+00  8.99705706e-01  2.21555301e-02  7.66715870e-02
  8.19603552e-01  5.10971155e-01  7.36480739e+00 -2.75473265e-03
 -2.45093403e-02 -2.92966368e-02 -3.95379663e-02 -7.02242521e-03
  1.33413009e-03 -2.03010418e-02 -1.03847723e-02 -4.65337000e-03
 -4.04767300e-02 -1.00974917e-02 -7.29383143e-03  8.99319764e-01
  1.31335186e+00  9.04416075e-01  8.65303499e-01  1.98293539e+00
  2.69594302e+00  2.10618704e+00  2.34504039e+00 -1.35276995e+00
  3.49264970e+00  3.24338324e+00 -1.56324402e+00  1.12868758e+00]
Pipeline failed on these parameters: [ 8.47050717e-01  8.89512349e-01  2.53590091e-02  5.30094202e-02
  7.27081516e-01  4.74905963e-01  7.69971825e+00  1.09057588e-03
 -5.41285218e-03 -1.78538481e-02 -4.31581415e-02  2.72225391e-04
 -2.38126888e-03 -2.70581831e-03 -2.59072551e-03  1.66987491e-03
 -2.67254654e-02 -1.28402374e-02 -7.31475518e-04  9.75202873e-01
  1.35645826e+00  9.20589381e-01  9.08138714e-01  1.32838149e+00
  2.02554730e+00  1.68978743e+00  1.46097948e+00  4.67284226e-02
 -2.74781830e+00  1.55275582e+00 -4.26462415e+00  1.35837628e+00]
Pipeline failed on these parameters: [ 8.56189131e-01  8.85623633e-01  2.52598998e-02  5.44634914e-02
  7.26103331e-01  4.73367824e-01  7.69152398e+00  7.68890516e-04
 -5.64771900e-03 -1.72685593e-02 -4.29791178e-02  8.29894455e-04
 -2.00476839e-03 -2.53748632e-03 -2.85050150e-03  2.92866201e-03
 -2.66036928e-02 -1.34196528e-02 -6.16284631e-04  9.76042694e-01
  1.35768444e+00  9.21153530e-01  9.06994182e-01  1.33614816e+00
  2.02038752e+00  1.70203559e+00  1.48404341e+00  3.44809126e-02
 -2.79083120e+00  1.45963109e+00 -4.19404885e+00  1.35655017e+00]
/lcrc/project/SPT3G/users/ac.yomori/repo/cosmosis-standard-library/structure/projection/projection_tools/kernel.py:178: RuntimeWarning: invalid value encountered in divide
  nchi_spline.y * (nchi_spline.x - chi)/nchi_spline.x, 0.)
/lcrc/project/SPT3G/users/ac.yomori/repo/cosmosis-standard-library/structure/projection/projection_tools/kernel.py:178: RuntimeWarning: divide by zero encountered in divide
  nchi_spline.y * (nchi_spline.x - chi)/nchi_spline.x, 0.)
Pipeline failed on these parameters: [ 8.59940260e-01  8.84027396e-01  2.52192175e-02  5.50603575e-02
  7.25701806e-01  4.72736450e-01  7.68816041e+00  6.39382881e-04
 -5.74052006e-03 -1.70162777e-02 -4.29066033e-02  1.05900634e-03
 -1.85060110e-03 -2.46856342e-03 -2.95732369e-03  3.57957635e-03
 -2.65534092e-02 -1.36819112e-02 -5.68313933e-04  9.76387469e-01
  1.35819036e+00  9.21386723e-01  9.06522798e-01  1.33933622e+00
  2.01826954e+00  1.70706321e+00  1.49351068e+00  2.94535639e-02
 -2.80848710e+00  1.42140533e+00 -4.16507916e+00  1.35580059e+00]
Pipeline failed on these parameters: [ 8.64517557e-01  8.82079596e-01  2.51695751e-02  5.57886803e-02
  7.25211847e-01  4.71966018e-01  7.68405602e+00  4.83229961e-04
 -5.85112989e-03 -1.66974341e-02 -4.28188515e-02  1.33881530e-03
 -1.66274205e-03 -2.38459140e-03 -3.08783171e-03  4.55880445e-03
 -2.64918106e-02 -1.40262479e-02 -5.09215156e-04  9.76808239e-01
  1.35880981e+00  9.21672581e-01  9.05946260e-01  1.34322643e+00
  2.01568509e+00  1.71319813e+00  1.50506306e+00  2.33189671e-02
 -2.83003163e+00  1.37476053e+00 -4.12972904e+00  1.35488592e+00]
/lcrc/project/SPT3G/users/ac.yomori/repo/cosmosis-standard-library/structure/projection/projection_tools/kernel.py:178: RuntimeWarning: invalid value encountered in divide
  nchi_spline.y * (nchi_spline.x - chi)/nchi_spline.x, 0.)
/lcrc/project/SPT3G/users/ac.yomori/repo/cosmosis-standard-library/structure/projection/projection_tools/kernel.py:178: RuntimeWarning: divide by zero encountered in divide
  nchi_spline.y * (nchi_spline.x - chi)/nchi_spline.x, 0.)
/lcrc/project/SPT3G/users/ac.yomori/repo/cosmosis-standard-library/structure/projection/projection_tools/kernel.py:178: RuntimeWarning: invalid value encountered in divide
  nchi_spline.y * (nchi_spline.x - chi)/nchi_spline.x, 0.)
/lcrc/project/SPT3G/users/ac.yomori/repo/cosmosis-standard-library/structure/projection/projection_tools/kernel.py:178: RuntimeWarning: divide by zero encountered in divide
  nchi_spline.y * (nchi_spline.x - chi)/nchi_spline.x, 0.)
Pipeline failed on these parameters: [ 8.68842419e-01  8.80239215e-01  2.51226705e-02  5.64768366e-02
  7.24748909e-01  4.71238076e-01  7.68017799e+00  3.37502501e-04
 -5.95312327e-03 -1.63837162e-02 -4.27366583e-02  1.60348940e-03
 -1.48548312e-03 -2.30537794e-03 -3.21130960e-03  5.81944527e-03
 -2.64333631e-02 -1.43814099e-02 -4.52791131e-04  9.77205880e-01
  1.35939726e+00  9.21944012e-01  9.05400100e-01  1.34690210e+00
  2.01324316e+00  1.71899472e+00  1.51597834e+00  1.75226896e-02
 -2.85038799e+00  1.33068816e+00 -4.09632846e+00  1.35402170e+00]
Pipeline failed on these parameters: [ 9.50824334e-01  1.01617167e+00  2.50057858e-02  5.66775025e-02
  7.17428633e-01  3.95108021e-01  7.44115852e+00 -1.38559437e-02
 -1.63824636e-02 -2.40978720e-02 -4.05478993e-02 -1.30787396e-02
  2.18129308e-02 -1.35385035e-02  5.04393323e-03 -1.57457510e-02
 -1.61647638e-02  3.91203872e-03 -8.40999335e-03  9.83159177e-01
  1.31010633e+00  8.88083292e-01  9.45115633e-01  1.10916570e+00
  2.78352029e+00  2.17040452e+00  1.30100057e+00  7.63905870e-02
  3.16615426e+00 -8.55106549e-01  4.98454180e+00  1.07159493e+00]
/lcrc/project/SPT3G/users/ac.yomori/repo/cosmosis-standard-library/structure/projection/projection_tools/kernel.py:178: RuntimeWarning: invalid value encountered in divide
  nchi_spline.y * (nchi_spline.x - chi)/nchi_spline.x, 0.)
/lcrc/project/SPT3G/users/ac.yomori/repo/cosmosis-standard-library/structure/projection/projection_tools/kernel.py:178: RuntimeWarning: divide by zero encountered in divide
  nchi_spline.y * (nchi_spline.x - chi)/nchi_spline.x, 0.)
Pipeline failed on these parameters: [ 1.03264170e+00  1.03405634e+00  2.56737679e-02  5.21850234e-02
  7.11328050e-01  3.69832006e-01  7.44368679e+00 -5.61400371e-03
 -9.74696136e-03 -8.16575755e-03 -4.26002439e-02 -1.66011617e-02
  3.77301443e-02 -1.29061047e-02  2.44607528e-03 -1.66926835e-02
 -1.67343663e-02  1.16162051e-03 -8.32523611e-03  9.84074380e-01
  1.31853346e+00  8.94221646e-01  9.51265485e-01  1.01600748e+00
  2.82298082e+00  2.18599500e+00  1.23403930e+00  1.75753466e-01
  2.50123990e+00 -9.48992906e-01  4.55157229e+00  9.42831611e-01]
/lcrc/project/SPT3G/users/ac.yomori/repo/cosmosis-standard-library/structure/projection/projection_tools/kernel.py:178: RuntimeWarning: invalid value encountered in divide
  nchi_spline.y * (nchi_spline.x - chi)/nchi_spline.x, 0.)
/lcrc/project/SPT3G/users/ac.yomori/repo/cosmosis-standard-library/structure/projection/projection_tools/kernel.py:178: RuntimeWarning: divide by zero encountered in divide
  nchi_spline.y * (nchi_spline.x - chi)/nchi_spline.x, 0.)
Pipeline failed on these parameters: [ 1.00429663e+00  9.24479004e-01  2.45345943e-02  5.14616456e-02
  6.86918353e-01  4.50868791e-01  7.73077580e+00 -1.07414808e-02
 -2.42167440e-02 -3.55133547e-02 -3.57758748e-02  1.42740286e-02
  2.45156360e-03  7.68724945e-03 -1.73929815e-02 -2.01167102e-02
 -4.50414387e-02 -8.83645227e-03 -1.61823814e-02  9.39968101e-01
  1.34103901e+00  9.57851740e-01  9.00633561e-01  1.26137618e+00
  2.38808573e+00  2.40752959e+00  2.61694539e+00 -2.15791098e-01
 -3.53354591e+00 -2.54823732e+00  2.82253205e+00  1.31091171e+00]
/lcrc/project/SPT3G/users/ac.yomori/repo/cosmosis-standard-library/structure/projection/projection_tools/kernel.py:178: RuntimeWarning: invalid value encountered in divide
  nchi_spline.y * (nchi_spline.x - chi)/nchi_spline.x, 0.)
/lcrc/project/SPT3G/users/ac.yomori/repo/cosmosis-standard-library/structure/projection/projection_tools/kernel.py:178: RuntimeWarning: divide by zero encountered in divide
  nchi_spline.y * (nchi_spline.x - chi)/nchi_spline.x, 0.)
/lcrc/project/SPT3G/users/ac.yomori/repo/cosmosis-standard-library/structure/projection/projection_tools/kernel.py:178: RuntimeWarning: invalid value encountered in divide
  nchi_spline.y * (nchi_spline.x - chi)/nchi_spline.x, 0.)
/lcrc/project/SPT3G/users/ac.yomori/repo/cosmosis-standard-library/structure/projection/projection_tools/kernel.py:178: RuntimeWarning: divide by zero encountered in divide
  nchi_spline.y * (nchi_spline.x - chi)/nchi_spline.x, 0.)
/lcrc/project/SPT3G/users/ac.yomori/repo/cosmosis-standard-library/structure/projection/projection_tools/kernel.py:178: RuntimeWarning: invalid value encountered in divide
  nchi_spline.y * (nchi_spline.x - chi)/nchi_spline.x, 0.)
/lcrc/project/SPT3G/users/ac.yomori/repo/cosmosis-standard-library/structure/projection/projection_tools/kernel.py:178: RuntimeWarning: divide by zero encountered in divide
  nchi_spline.y * (nchi_spline.x - chi)/nchi_spline.x, 0.)
/lcrc/project/SPT3G/users/ac.yomori/repo/cosmosis-standard-library/structure/projection/projection_tools/kernel.py:178: RuntimeWarning: invalid value encountered in divide
  nchi_spline.y * (nchi_spline.x - chi)/nchi_spline.x, 0.)
/lcrc/project/SPT3G/users/ac.yomori/repo/cosmosis-standard-library/structure/projection/projection_tools/kernel.py:178: RuntimeWarning: divide by zero encountered in divide
  nchi_spline.y * (nchi_spline.x - chi)/nchi_spline.x, 0.)
/lcrc/project/SPT3G/users/ac.yomori/repo/cosmosis-standard-library/structure/projection/projection_tools/kernel.py:178: RuntimeWarning: invalid value encountered in divide
  nchi_spline.y * (nchi_spline.x - chi)/nchi_spline.x, 0.)
/lcrc/project/SPT3G/users/ac.yomori/repo/cosmosis-standard-library/structure/projection/projection_tools/kernel.py:178: RuntimeWarning: divide by zero encountered in divide
  nchi_spline.y * (nchi_spline.x - chi)/nchi_spline.x, 0.)
/lcrc/project/SPT3G/users/ac.yomori/repo/cosmosis-standard-library/structure/projection/projection_tools/kernel.py:178: RuntimeWarning: invalid value encountered in divide
  nchi_spline.y * (nchi_spline.x - chi)/nchi_spline.x, 0.)
/lcrc/project/SPT3G/users/ac.yomori/repo/cosmosis-standard-library/structure/projection/projection_tools/kernel.py:178: RuntimeWarning: divide by zero encountered in divide
  nchi_spline.y * (nchi_spline.x - chi)/nchi_spline.x, 0.)
Pipeline failed on these parameters: [ 1.08568584e+00  1.03188081e+00  2.21453340e-02  6.75585821e-02
  7.40706632e-01  5.76929021e-01  7.76112866e+00 -4.61237948e-03
 -1.32748376e-02 -2.11533386e-02 -5.38736133e-02  3.77152485e-03
  1.71691990e-02 -5.66715000e-03  1.72208233e-02 -1.34376652e-03
 -1.61024122e-02 -4.70549122e-04 -5.51539420e-03  9.72143563e-01
  1.26513736e+00  8.47685332e-01  8.81469990e-01  9.33846830e-01
  2.83019756e+00  1.24312115e+00  1.60648945e+00  4.99566949e+00
 -2.15997049e+00 -2.69205672e-01 -4.39406888e-01  1.78271616e+00]
/lcrc/project/SPT3G/users/ac.yomori/repo/cosmosis-standard-library/structure/projection/projection_tools/kernel.py:178: RuntimeWarning: invalid value encountered in divide
  nchi_spline.y * (nchi_spline.x - chi)/nchi_spline.x, 0.)
/lcrc/project/SPT3G/users/ac.yomori/repo/cosmosis-standard-library/structure/projection/projection_tools/kernel.py:178: RuntimeWarning: divide by zero encountered in divide
  nchi_spline.y * (nchi_spline.x - chi)/nchi_spline.x, 0.)
Pipeline failed on these parameters: [ 9.42345535e-01  9.75486519e-01  2.37451301e-02  5.14434784e-02
  6.63226769e-01  4.94920941e-01  7.85554850e+00 -1.77587983e-02
 -1.19627868e-02 -1.86113978e-02 -3.18988442e-02  1.09574873e-02
  1.85679370e-03 -6.36590087e-03  3.08129341e-03 -7.00250125e-03
 -3.87391017e-02 -5.13861852e-03 -3.25786856e-03  9.21487884e-01
  1.13582897e+00  8.54618248e-01  8.44915607e-01  1.30118369e+00
  2.85511243e+00  1.26563069e+00  1.58733942e+00 -9.86319376e-01
 -3.12662345e+00 -2.11293642e+00 -1.48618827e+00  6.74894588e-01]
Pipeline failed on these parameters: [ 1.19130366e+00  9.88422861e-01  2.39028140e-02  6.04113448e-02
  6.79466603e-01  9.40501313e-02  7.86389323e+00 -3.24119262e-03
 -2.05285913e-02 -1.46684944e-02 -3.67098564e-02 -1.43244177e-02
 -2.11483254e-02  1.11855292e-02  4.84600730e-03 -3.67749262e-03
 -3.02843254e-02 -2.29446192e-03 -9.98950330e-03  9.13391622e-01
  1.54482731e+00  8.11023344e-01  9.14195888e-01  1.73476388e+00
  1.79396353e+00  2.08508886e+00  2.51121437e+00 -1.79457034e+00
  2.22533723e-01 -1.05834697e+00  3.60101611e+00  1.04690835e+00]
Pipeline failed on these parameters: [ 1.15488419e+00  1.01304034e+00  2.58596355e-02  6.09880951e-02
  7.27452798e-01  1.03352693e-01  7.39298257e+00 -9.34625953e-03
 -2.83987676e-02 -2.59440939e-02 -3.71417920e-02  7.02607039e-03
 -8.66869772e-03 -2.49783839e-03  1.02756695e-03 -1.01689888e-02
 -2.98650947e-02 -3.60143990e-03 -1.07002126e-02  1.05359277e+00
  1.37783175e+00  9.33172784e-01  8.97614710e-01  1.72678795e+00
  2.20715852e+00  2.41012639e+00  1.48080149e+00 -8.09353899e-01
  2.79078743e+00 -1.04778729e+00  2.39421973e+00  1.07214830e+00]
Pipeline failed on these parameters: [ 1.17816834e+00  9.39131763e-01  2.06397262e-02  6.02202750e-02
  6.70007412e-01  1.65511026e-01  7.61971822e+00 -1.10729954e-02
 -1.87198624e-02 -3.76791751e-02 -4.55913730e-02  1.95600705e-02
 -3.40533274e-04 -4.26958258e-03 -6.25084059e-03 -4.77183113e-03
 -2.84807142e-02  2.80290400e-03 -1.07532026e-02  8.56102382e-01
  1.34171423e+00  8.29108995e-01  9.39784917e-01  1.37031504e+00
  9.70937376e-01  1.76291562e+00  2.30489861e+00  1.79463279e+00
 -3.24468599e+00 -4.28080628e+00  1.57348804e+00  4.79725847e-01]
Pipeline failed on these parameters: [ 1.15180368e+00  1.01329425e+00  2.58769382e-02  6.22115756e-02
  7.28259894e-01  9.84241915e-02  7.39260997e+00 -9.34427034e-03
 -2.84913262e-02 -2.59723459e-02 -3.71328797e-02  7.18129728e-03
 -8.77868981e-03 -2.44036668e-03  6.67584565e-04 -1.01452373e-02
 -2.97865452e-02 -3.67353668e-03 -1.06672561e-02  1.05152675e+00
  1.37739973e+00  9.34306148e-01  8.97451218e-01  1.71710129e+00
  2.20178126e+00  2.41296004e+00  1.48280839e+00 -8.51482220e-01
  2.84061477e+00 -9.96822573e-01  2.40710513e+00  1.06704159e+00]
/lcrc/project/SPT3G/users/ac.yomori/repo/cosmosis-standard-library/structure/projection/projection_tools/kernel.py:178: RuntimeWarning: invalid value encountered in divide
  nchi_spline.y * (nchi_spline.x - chi)/nchi_spline.x, 0.)
/lcrc/project/SPT3G/users/ac.yomori/repo/cosmosis-standard-library/structure/projection/projection_tools/kernel.py:178: RuntimeWarning: divide by zero encountered in divide
  nchi_spline.y * (nchi_spline.x - chi)/nchi_spline.x, 0.)
Pipeline failed on these parameters: [ 1.11116558e+00  1.04095197e+00  2.24184351e-02  6.76812058e-02
  7.32545722e-01  5.86377372e-01  7.74794891e+00 -1.54450597e-02
 -1.80259107e-02 -2.32695701e-02 -2.73266289e-02  3.54692657e-03
  2.35745057e-02 -4.29344755e-03  1.55364661e-02 -3.18126971e-03
 -1.25053957e-02 -3.03014363e-04 -6.72822589e-03  9.70394472e-01
  1.24967932e+00  8.39446844e-01  8.68225225e-01  9.61927663e-01
  2.93234093e+00  1.35763101e+00  1.60629787e+00  4.05236845e+00
 -2.57928830e+00  1.04289864e-01 -2.41740492e-01  1.73736865e+00]
Pipeline failed on these parameters: [ 9.61538809e-01  8.59530750e-01  2.18495655e-02  5.43147912e-02
  6.99643104e-01  1.58019659e-01  7.46520318e+00 -5.46117710e-04
 -1.82056058e-02 -1.60431032e-02 -2.49836421e-02  2.20469495e-02
 -4.37678041e-03 -2.13501046e-03 -5.09992665e-05 -9.77626980e-03
 -3.98560809e-02 -5.80852199e-03 -5.48946885e-03  9.44941028e-01
  1.33619690e+00  8.40571120e-01  9.27155817e-01  9.61533044e-01
  2.21142790e+00  2.41318883e+00  1.18297767e+00  2.61778519e+00
  9.01269995e-01  6.12540335e-01  2.13522469e+00  5.26032214e-01]
Pipeline failed on these parameters: [ 7.95552405e-01  1.06432130e+00  2.27544974e-02  5.16471115e-02
  7.26359825e-01  5.40722702e-01  7.63300049e+00 -3.85822594e-03
 -1.91816546e-02 -2.15478521e-02 -3.51598643e-02 -4.34986490e-03
  2.49534905e-02 -5.07055685e-03  1.81575798e-02 -5.18545092e-03
 -2.03958653e-02  5.26826202e-03 -5.98123935e-03  9.66448897e-01
  1.22109493e+00  8.26982366e-01  8.76189891e-01  1.13605729e+00
  2.95159769e+00  1.14232433e+00  1.69946642e+00  4.92542756e+00
 -3.19399767e+00 -7.47871164e-01  1.61484224e+00  1.76225823e+00]
/lcrc/project/SPT3G/users/ac.yomori/repo/cosmosis-standard-library/structure/projection/projection_tools/kernel.py:178: RuntimeWarning: invalid value encountered in divide
  nchi_spline.y * (nchi_spline.x - chi)/nchi_spline.x, 0.)
/lcrc/project/SPT3G/users/ac.yomori/repo/cosmosis-standard-library/structure/projection/projection_tools/kernel.py:178: RuntimeWarning: divide by zero encountered in divide
  nchi_spline.y * (nchi_spline.x - chi)/nchi_spline.x, 0.)
/lcrc/project/SPT3G/users/ac.yomori/repo/cosmosis-standard-library/structure/projection/projection_tools/kernel.py:178: RuntimeWarning: invalid value encountered in divide
  nchi_spline.y * (nchi_spline.x - chi)/nchi_spline.x, 0.)
/lcrc/project/SPT3G/users/ac.yomori/repo/cosmosis-standard-library/structure/projection/projection_tools/kernel.py:178: RuntimeWarning: divide by zero encountered in divide
  nchi_spline.y * (nchi_spline.x - chi)/nchi_spline.x, 0.)
Pipeline failed on these parameters: [ 1.06811217e+00  8.55311003e-01  2.13998561e-02  5.86825054e-02
  7.06347079e-01  1.22926068e-01  7.43507557e+00 -6.39740839e-03
 -1.74943928e-02 -2.52322985e-02 -2.01711659e-02  1.58173108e-02
 -1.82385183e-03  1.24118383e-04  2.13335775e-03 -5.89185234e-03
 -4.00358303e-02 -3.87964696e-03 -5.82566438e-03  9.59490111e-01
  1.33089530e+00  8.41436416e-01  9.46824619e-01  9.32127715e-01
  2.33423392e+00  2.40880805e+00  1.42889279e+00  2.87793796e+00
  1.38560633e+00 -3.39949353e+00  4.68486809e+00  9.06377877e-01]
Pipeline failed on these parameters: [ 1.12551836e+00  1.05527857e+00  2.30357943e-02  5.34608319e-02
  7.26533910e-01  5.71476906e-01  7.63996793e+00 -1.33541373e-02
 -1.81313687e-02 -7.69246244e-03 -4.08864400e-02 -1.75236253e-03
  2.04160539e-02 -5.09902426e-03  1.63205327e-02 -1.68402245e-03
 -2.45574357e-02  4.16856552e-03 -3.99858907e-03  9.58901416e-01
  1.20849989e+00  8.23966382e-01  8.60286320e-01  8.18471804e-01
  2.85264871e+00  1.25088550e+00  2.14350656e+00  4.98788917e+00
 -4.59338828e+00 -8.18482723e-01  1.54400408e-01  1.59835377e+00]
Pipeline failed on these parameters: [ 1.12843172e+00  9.03851316e-01  2.38803344e-02  6.02199361e-02
  6.88706970e-01  1.10106213e-01  7.90973800e+00 -5.17783390e-03
 -9.66280571e-03 -2.31745735e-02 -3.33170039e-02 -1.34146117e-02
 -3.00272138e-02 -3.90865203e-03  4.97108757e-04 -2.13529571e-02
 -4.98115990e-02 -1.26388352e-02 -2.25672334e-03  9.74785753e-01
  1.27165472e+00  9.51660800e-01  9.21620757e-01  2.14319091e+00
  2.03231592e+00  1.17805280e+00  2.28632855e+00  3.58608162e+00
  2.41295990e+00 -3.00114626e+00  2.70120597e-01  1.30246489e+00]
/lcrc/project/SPT3G/users/ac.yomori/repo/cosmosis-standard-library/shear/cl_to_xi_fullsky/cl_to_xi.py:38: RuntimeWarning: divide by zero encountered in log
  spec = -np.exp(self.interp_func(np.log(angle)))
Pipeline failed on these parameters: [ 1.17019495e+00  1.02739079e+00  2.32215617e-02  5.66789099e-02
  7.14928377e-01  1.26595206e-01  7.82094003e+00 -1.41442493e-02
 -1.11682345e-02 -2.13084453e-02 -4.36752354e-02  3.69130106e-03
 -2.04956306e-03  5.01919413e-03  3.66254834e-03 -4.25417134e-03
 -3.48292483e-02 -4.54216191e-03 -6.61362852e-03  1.06514757e+00
  1.28697318e+00  7.97586566e-01  8.93034852e-01  1.25868552e+00
  2.44447699e+00  2.75248765e+00  8.91224467e-01  4.50162192e+00
  3.48790713e-01 -2.41021981e+00 -1.82355524e+00  2.80760103e-02]
/lcrc/project/SPT3G/users/ac.yomori/repo/cosmosis-standard-library/structure/projection/projection_tools/kernel.py:178: RuntimeWarning: invalid value encountered in divide
  nchi_spline.y * (nchi_spline.x - chi)/nchi_spline.x, 0.)
/lcrc/project/SPT3G/users/ac.yomori/repo/cosmosis-standard-library/structure/projection/projection_tools/kernel.py:178: RuntimeWarning: divide by zero encountered in divide
  nchi_spline.y * (nchi_spline.x - chi)/nchi_spline.x, 0.)
Pipeline failed on these parameters: [ 1.09169777e+00  8.67811006e-01  2.41241980e-02  6.18764052e-02
  7.10800031e-01  1.65979905e-01  7.91367056e+00 -1.55630240e-03
 -2.97165520e-02 -2.67802329e-02 -4.08503562e-02 -1.96951776e-02
 -1.25405596e-02 -3.21491867e-03 -4.57774703e-04 -1.36810125e-02
 -4.50350882e-02 -1.27323724e-02 -6.24090082e-05  9.85761043e-01
  1.23538277e+00  9.37560468e-01  9.22815937e-01  2.05870111e+00
  2.18307371e+00  1.06387235e+00  2.15748076e+00  1.48418105e+00
  3.29130033e+00 -4.91023283e+00  3.54980515e+00  1.03748966e+00]
/lcrc/project/SPT3G/users/ac.yomori/repo/cosmosis-standard-library/shear/cl_to_xi_fullsky/cl_to_xi.py:38: RuntimeWarning: divide by zero encountered in log
  spec = -np.exp(self.interp_func(np.log(angle)))
Pipeline failed on these parameters: [ 1.16161510e+00  9.70381247e-01  1.98460972e-02  6.38284623e-02
  7.58644539e-01  8.47718159e-02  7.92353147e+00 -2.55981064e-03
 -2.94133365e-02 -2.02931778e-02 -5.57295255e-02 -1.93006361e-02
  5.94764579e-03 -7.62975821e-03  6.33881526e-03 -1.95632006e-02
 -3.07590004e-02  3.17248084e-03 -8.73465950e-03  9.42191823e-01
  1.21418123e+00  9.04997503e-01  9.07995067e-01  1.95950142e+00
  2.67771824e+00  2.01280610e+00  1.15971009e+00 -1.60682643e+00
 -3.85247265e+00 -5.60175742e-02  2.12975881e+00  1.80818997e+00]
/lcrc/project/SPT3G/users/ac.yomori/repo/cosmosis-standard-library/shear/cl_to_xi_fullsky/cl_to_xi.py:38: RuntimeWarning: divide by zero encountered in log
  spec = -np.exp(self.interp_func(np.log(angle)))
/lcrc/project/SPT3G/users/ac.yomori/repo/cosmosis-standard-library/shear/cl_to_xi_fullsky/cl_to_xi.py:38: RuntimeWarning: divide by zero encountered in log
  spec = -np.exp(self.interp_func(np.log(angle)))
Pipeline failed on these parameters: [ 1.28816096e+00  8.42266874e-01  2.09410358e-02  7.22153654e-02
  6.83631943e-01  2.50096182e-01  7.68225072e+00 -4.00785062e-03
 -1.97731174e-02 -3.33585149e-02 -4.76875961e-02  1.93544564e-02
  1.70025986e-02 -2.77320206e-03  1.49851567e-02 -1.39834833e-02
 -2.84155836e-02 -4.80410916e-03 -7.49387978e-04  9.60924370e-01
  1.42406263e+00  8.26064755e-01  9.49566649e-01  1.08371711e+00
  1.75697088e+00  2.68022249e+00  1.63882118e+00 -1.60035451e+00
  1.54537734e-01  2.96727265e+00 -3.99070808e+00  9.48395931e-01]
Pipeline failed on these parameters: [ 1.05375425e+00  8.44604503e-01  2.18905568e-02  5.63947494e-02
  6.80138547e-01  1.70605303e-01  7.53625471e+00 -1.10361244e-02
 -2.26145907e-02 -2.82936302e-02 -4.11757602e-02  1.98772719e-02
  6.82009959e-04 -3.48807572e-03 -4.51595549e-03 -7.47390943e-03
 -3.33803252e-02  1.21689614e-04 -7.52046526e-03  9.93124714e-01
  1.34511636e+00  8.61278711e-01  9.18443029e-01  1.39685774e+00
  1.97213934e+00  2.85555256e+00  1.48916881e+00  1.82716347e+00
  1.67615675e+00 -3.23866733e+00  4.58659465e+00  1.61098230e+00]
/lcrc/project/SPT3G/users/ac.yomori/repo/cosmosis-standard-library/shear/cl_to_xi_fullsky/cl_to_xi.py:38: RuntimeWarning: divide by zero encountered in log
  spec = -np.exp(self.interp_func(np.log(angle)))
Pipeline failed on these parameters: [ 1.19002611e+00  9.94905083e-01  2.01365531e-02  6.39128084e-02
  7.63400382e-01  8.26151224e-02  7.89997773e+00 -1.32876166e-02
 -3.13548188e-02 -2.75204640e-02 -4.40171211e-02 -1.79382024e-02
  5.13930817e-03 -6.93228194e-03  6.76752029e-03 -2.04969828e-02
 -3.05546612e-02  6.07509683e-03 -7.94228415e-03  9.29145854e-01
  1.26159807e+00  9.07598676e-01  9.19375832e-01  2.09620878e+00
  2.49700844e+00  1.99749545e+00  9.96685416e-01 -3.30125460e-01
 -4.11640451e+00 -1.16183429e+00  1.86951619e+00  1.74372150e+00]
/lcrc/project/SPT3G/users/ac.yomori/repo/cosmosis-standard-library/shear/cl_to_xi_fullsky/cl_to_xi.py:38: RuntimeWarning: divide by zero encountered in log
  spec = -np.exp(self.interp_func(np.log(angle)))
Pipeline failed on these parameters: [ 1.02060633e+00  9.93309614e-01  2.09520548e-02  5.10566071e-02
  6.67367248e-01  1.40670015e-01  7.70904839e+00 -2.75046698e-02
 -1.40577852e-02 -8.26050122e-03 -5.11541860e-02  2.58899380e-02
 -3.24444117e-02 -2.66843281e-03 -3.12262852e-02  1.30635189e-03
 -2.74102733e-02 -3.71868750e-03 -9.42616697e-03  9.25466056e-01
  1.23735391e+00  7.97823357e-01  9.30584880e-01  1.94018607e+00
  1.40234682e+00  1.91125431e+00  2.74145550e+00  3.56740582e+00
 -2.34460179e+00 -3.79212946e+00  1.11018939e+00  5.02621967e-01]
Pipeline failed on these parameters: [ 1.26950680e+00  8.44233454e-01  2.09539501e-02  6.73519055e-02
  6.81523970e-01  2.61723905e-01  7.68827866e+00 -3.05797162e-03
 -8.34642191e-03 -2.35284216e-02 -2.80035058e-02  1.80367368e-02
  1.64072710e-02 -3.31851871e-03  1.70190921e-02 -1.44392385e-02
 -2.73099696e-02 -4.86762029e-03 -7.12250197e-04  9.64225593e-01
  1.41773821e+00  8.22161953e-01  9.44224609e-01  1.11492052e+00
  1.73120319e+00  2.71280794e+00  1.60311662e+00 -1.78919693e+00
  2.05774488e-01  3.28051435e+00 -4.04092876e+00  9.84898769e-01]
Pipeline failed on these parameters: [ 1.07513252e+00  8.61830720e-01  2.41230550e-02  5.92873140e-02
  7.16714277e-01  1.58012021e-01  7.95172805e+00 -1.84643644e-02
 -1.20192810e-02 -3.25434350e-02 -3.88603236e-02 -2.03609837e-02
 -1.24308811e-02 -3.77909393e-03 -1.27956901e-03 -1.33859114e-02
 -4.39182545e-02 -1.62465487e-02  3.96566826e-04  9.79930824e-01
  1.24916397e+00  9.37150727e-01  9.23918415e-01  2.16029412e+00
  2.07370420e+00  1.40161643e+00  2.21535946e+00  8.61736395e-01
  3.09643186e+00 -4.60709494e+00  4.36233628e+00  8.86861088e-01]
/lcrc/project/SPT3G/users/ac.yomori/repo/cosmosis-standard-library/shear/cl_to_xi_fullsky/cl_to_xi.py:38: RuntimeWarning: divide by zero encountered in log
  spec = -np.exp(self.interp_func(np.log(angle)))
Pipeline failed on these parameters: [ 1.27791477e+00  8.43073592e-01  2.09107413e-02  7.12779212e-02
  6.82857033e-01  2.50934468e-01  7.69558218e+00 -3.27266184e-03
 -3.44751078e-02 -2.27000554e-02 -4.53758724e-02  1.89435000e-02
  1.73166147e-02 -2.88106004e-03  1.48014911e-02 -1.42140651e-02
 -2.78098647e-02 -4.80388019e-03 -8.91833159e-04  9.61802045e-01
  1.41629908e+00  8.26162148e-01  9.48541428e-01  1.09681113e+00
  1.78644075e+00  2.67069909e+00  1.61711600e+00 -1.60959253e+00
  1.82844954e-01  2.97912178e+00 -3.86541440e+00  9.62616075e-01]
/lcrc/project/SPT3G/users/ac.yomori/repo/cosmosis-standard-library/shear/cl_to_xi_fullsky/cl_to_xi.py:38: RuntimeWarning: divide by zero encountered in log
  spec = -np.exp(self.interp_func(np.log(angle)))
Pipeline failed on these parameters: [ 1.09270430e+00  8.59118147e-01  2.47445828e-02  5.95799346e-02
  7.17475834e-01  1.69338929e-01  7.97743072e+00 -1.17979430e-02
 -3.36192906e-02 -1.96949640e-02 -4.35887635e-02 -1.94060155e-02
 -1.49503854e-02 -2.80905630e-03 -2.03673956e-03 -1.22090581e-02
 -4.24967095e-02 -1.31360336e-02  3.41625016e-04  9.90176889e-01
  1.24238306e+00  9.31919912e-01  9.34474280e-01  2.14449197e+00
  2.05192242e+00  1.40218076e+00  1.96807207e+00  1.07940498e+00
  3.86658689e+00 -4.48115927e+00  3.81079739e+00  8.84497950e-01]
Pipeline failed on these parameters: [ 1.05341086e+00  8.48385235e-01  2.17826549e-02  5.20752947e-02
  6.90589494e-01  2.47716317e-01  7.49713146e+00 -1.41334045e-02
 -2.25271318e-02 -2.14876828e-02 -3.06857753e-02  2.81761560e-02
  1.54795846e-03 -4.36496324e-03 -6.61614368e-03 -7.58873741e-03
 -3.20810393e-02 -8.44272703e-04 -8.30753064e-03  1.00051403e+00
  1.34457841e+00  8.60140113e-01  9.15451949e-01  1.59046643e+00
  2.13849184e+00  2.89696402e+00  1.50502384e+00  2.38109761e+00
  1.45508946e+00 -3.72570483e+00  4.10054074e+00  1.61585998e+00]
Pipeline failed on these parameters: [ 1.28118326e+00  8.42579792e-01  2.09234629e-02  7.18502157e-02
  6.83009161e-01  2.51753837e-01  7.69091301e+00 -3.34069167e-03
 -3.44196266e-02 -2.26264248e-02 -4.54461775e-02  1.91391364e-02
  1.72489528e-02 -2.84240415e-03  1.48952186e-02 -1.41261011e-02
 -2.80703556e-02 -4.81118574e-03 -8.19535170e-04  9.61649372e-01
  1.42002671e+00  8.26085551e-01  9.48659688e-01  1.08903245e+00
  1.76900839e+00  2.67671238e+00  1.62677832e+00 -1.60282315e+00
  1.67529647e-01  2.98933184e+00 -3.92718552e+00  9.57251517e-01]
Pipeline failed on these parameters: [ 1.02214773e+00  9.92019607e-01  2.08652451e-02  5.20250506e-02
  6.66744604e-01  1.38759007e-01  7.69878741e+00 -2.62586773e-02
 -2.12926948e-02 -1.94851356e-02 -4.48664476e-02  2.74106250e-02
 -2.68515838e-02 -3.67472942e-03 -3.26982828e-02  2.62952291e-03
 -2.71758046e-02 -4.25292547e-03 -9.23635293e-03  9.28556876e-01
  1.23716904e+00  8.03394347e-01  9.32197914e-01  1.94293607e+00
  1.40702087e+00  1.91433901e+00  2.74823822e+00  3.33460842e+00
 -2.34901296e+00 -3.77887248e+00  9.47927074e-01  4.91448171e-01]
Pipeline failed on these parameters: [ 1.05139110e+00  8.48591271e-01  2.17902050e-02  5.25300060e-02
  6.91064355e-01  2.43411861e-01  7.49689910e+00 -1.40738067e-02
 -2.25359183e-02 -2.15111775e-02 -3.06175528e-02  2.85331307e-02
  1.49081223e-03 -4.36198266e-03 -6.57237132e-03 -7.58835475e-03
 -3.20810381e-02 -8.08222597e-04 -8.27518949e-03  1.00002572e+00
  1.34433979e+00  8.60450615e-01  9.15482528e-01  1.58223411e+00
  2.12775292e+00  2.89842825e+00  1.50610420e+00  2.38214088e+00
  1.47010076e+00 -3.72774947e+00  4.14380106e+00  1.61406496e+00]
Pipeline failed on these parameters: [ 1.29020993e+00  8.55076887e-01  2.07466366e-02  6.84147158e-02
  6.84012219e-01  2.37041673e-01  7.66268969e+00  2.62386738e-04
 -2.60958919e-02 -2.91551716e-02 -5.50152888e-02  1.51183438e-02
  2.06755348e-02 -3.72928654e-03  1.85979269e-02 -1.38466827e-02
 -2.88624604e-02 -5.08139054e-03  1.22906488e-03  9.61465463e-01
  1.42818123e+00  8.16101177e-01  9.45565957e-01  1.19703152e+00
  1.76436920e+00  2.74470245e+00  1.60384590e+00 -1.29048810e+00
 -1.63930336e-01  2.73303929e+00 -3.79835424e+00  9.63417192e-01]
/lcrc/project/SPT3G/users/ac.yomori/repo/cosmosis-standard-library/shear/cl_to_xi_fullsky/cl_to_xi.py:38: RuntimeWarning: divide by zero encountered in log
  spec = -np.exp(self.interp_func(np.log(angle)))
Pipeline failed on these parameters: [ 1.28644995e+00  8.50179262e-01  2.07933822e-02  7.07540129e-02
  6.83019991e-01  2.38131514e-01  7.66346864e+00  7.23601187e-04
 -2.62134043e-02 -2.91765132e-02 -5.27170617e-02  1.65765754e-02
  2.00404704e-02 -3.38161434e-03  1.73699266e-02 -1.39560743e-02
 -2.90137239e-02 -5.06458874e-03  1.23809805e-03  9.63707869e-01
  1.42889832e+00  8.17542725e-01  9.44941710e-01  1.15761774e+00
  1.76339520e+00  2.75033050e+00  1.63485167e+00 -1.36515272e+00
 -1.20336715e-01  2.83994767e+00 -3.80831642e+00  9.50976777e-01]
Pipeline failed on these parameters: [ 1.06030497e+00  9.92090579e-01  2.12468218e-02  5.39329745e-02
  6.63206993e-01  1.63416396e-01  7.72717957e+00  5.00127038e-03
 -1.70039319e-02 -2.48577375e-02 -1.53652117e-02  2.27741535e-02
 -2.81756009e-02 -7.00171553e-04 -2.60731161e-02  3.07238072e-04
 -2.78514203e-02 -3.35311249e-03 -9.11732461e-03  9.28094692e-01
  1.23082039e+00  7.87938161e-01  9.31467969e-01  1.94713424e+00
  1.40479397e+00  1.79811066e+00  2.77052472e+00  3.70620379e+00
 -2.51035818e+00 -4.20875292e+00  1.28543551e+00  4.67689978e-01]
Pipeline failed on these parameters: [ 9.92016976e-01  8.77652597e-01  2.27040730e-02  5.97713857e-02
  8.18903912e-01  1.06918449e-01  7.47811133e+00 -1.25680747e-02
 -2.71753666e-02 -1.52131198e-02 -4.89071906e-02  1.55597335e-03
  1.75947950e-02 -2.04209398e-02 -5.40012341e-03 -1.68409112e-02
 -2.08326295e-02 -3.79179620e-03 -5.16819445e-03  1.05771005e+00
  1.25352948e+00  8.00479808e-01  8.19687832e-01  1.71759731e+00
  8.07319891e-01  2.41161125e+00  8.99122514e-01  2.34684177e+00
 -2.08171640e+00 -2.40828829e+00  1.60377270e+00  6.49690526e-01]
Pipeline failed on these parameters: [ 1.22814228e+00  8.49620973e-01  2.11454857e-02  6.53431947e-02
  6.80208687e-01  2.22856970e-01  7.62085471e+00  4.25829624e-03
 -1.85360626e-02 -1.61598683e-02 -4.82324632e-02  2.29487202e-02
  1.84579071e-02 -7.86662842e-04  1.25210902e-02 -1.26288799e-02
 -3.02047838e-02 -4.08060422e-03  1.91925514e-04  9.39257574e-01
  1.44507242e+00  8.34879509e-01  9.52534398e-01  1.18363945e+00
  1.76133839e+00  2.53165485e+00  1.69770518e+00 -1.54537689e+00
 -4.07071674e-02  3.10790718e+00 -4.10800685e+00  9.32163651e-01]
/lcrc/project/SPT3G/users/ac.yomori/repo/cosmosis-standard-library/shear/cl_to_xi_fullsky/cl_to_xi.py:38: RuntimeWarning: divide by zero encountered in log
  spec = -np.exp(self.interp_func(np.log(angle)))
Pipeline failed on these parameters: [ 1.06493927e+00  8.49104252e-01  2.20469407e-02  5.37588404e-02
  6.93565774e-01  2.09530144e-01  7.49526995e+00 -3.05506887e-03
 -2.12177431e-02 -2.09496206e-02 -4.12252770e-02  3.04876048e-02
 -4.05458995e-04 -5.63061823e-03 -4.96003451e-03 -7.51176053e-03
 -3.14842681e-02  2.09934291e-04 -8.22894465e-03  9.92714063e-01
  1.34221542e+00  8.67867364e-01  9.17306157e-01  1.42799760e+00
  2.04802047e+00  2.86795814e+00  1.51361752e+00  2.39554852e+00
  1.69181644e+00 -3.62746801e+00  4.50922968e+00  1.68474595e+00]
Pipeline failed on these parameters: [ 1.23089625e+00  8.49039812e-01  2.11464756e-02  6.60442897e-02
  6.80275928e-01  2.23959144e-01  7.62447462e+00  4.04865107e-03
 -1.85148689e-02 -1.61827634e-02 -4.84059490e-02  2.29670793e-02
  1.85761160e-02 -8.24768303e-04  1.27793887e-02 -1.27131693e-02
 -3.00520648e-02 -4.12598519e-03  2.06805518e-04  9.40738510e-01
  1.44334499e+00  8.33725883e-01  9.52646764e-01  1.17706969e+00
  1.75073218e+00  2.53691963e+00  1.68810303e+00 -1.57880423e+00
 -3.92906951e-02  3.09405100e+00 -4.13573072e+00  9.32089762e-01]
Pipeline failed on these parameters: [ 1.05174185e+00  9.98482771e-01  2.13991931e-02  5.46184466e-02
  6.72425950e-01  1.64449132e-01  7.71637468e+00 -5.21104004e-03
 -1.48976851e-02 -2.29247612e-02 -4.17739868e-02  2.15560159e-02
 -4.76240459e-02 -1.73202421e-03 -3.40361758e-02  1.23369752e-03
 -2.83453920e-02 -3.59337049e-03 -9.33048946e-03  9.30574000e-01
  1.23977517e+00  7.91130897e-01  9.22556053e-01  1.89356826e+00
  1.32907915e+00  1.81594352e+00  2.78693928e+00  3.83905595e+00
 -2.13305944e+00 -4.18795091e+00  1.61755016e+00  5.51408824e-01]
Pipeline failed on these parameters: [ 1.24535836e+00  8.62257549e-01  2.12416195e-02  6.48737760e-02
  6.81325626e-01  2.33080873e-01  7.63334630e+00 -1.59327289e-02
 -2.88360401e-02 -2.28574288e-02 -4.13418126e-02  2.62992014e-02
  2.22235432e-02 -1.99462510e-03  1.46070729e-02 -1.30542206e-02
 -2.87645449e-02 -5.62569684e-03 -5.10472013e-04  9.48737972e-01
  1.41283406e+00  8.16214201e-01  9.49347070e-01  1.09296496e+00
  1.71376168e+00  2.48504644e+00  1.71789642e+00 -2.23136084e+00
  2.06214378e-01  2.55073202e+00 -4.84188118e+00  9.29597961e-01]
Pipeline failed on these parameters: [ 1.25801030e+00  8.62122146e-01  2.12265683e-02  6.77342326e-02
  6.81737439e-01  2.32103033e-01  7.64300276e+00 -1.58166573e-02
 -2.84006444e-02 -2.30270583e-02 -4.13112614e-02  2.67791264e-02
  2.03951108e-02 -1.91668044e-03  1.45139012e-02 -1.31280782e-02
 -2.88836981e-02 -5.57988192e-03 -4.42909668e-04  9.47347398e-01
  1.41207421e+00  8.15943587e-01  9.50666467e-01  1.10842218e+00
  1.71645107e+00  2.47622493e+00  1.71880035e+00 -2.20094724e+00
  9.89609711e-02  2.54793579e+00 -4.86314470e+00  9.21058238e-01]
/lcrc/project/SPT3G/users/ac.yomori/repo/cosmosis-standard-library/shear/cl_to_xi_fullsky/cl_to_xi.py:38: RuntimeWarning: divide by zero encountered in log
  spec = -np.exp(self.interp_func(np.log(angle)))
Pipeline failed on these parameters: [ 1.27895403e+00  1.02590719e+00  2.38001140e-02  6.76968435e-02
  7.92591264e-01  1.99326933e-01  7.83262263e+00 -1.04767816e-02
 -1.37521299e-02 -4.03406013e-02 -4.35658513e-02  7.52292227e-03
 -5.36070813e-03 -6.84764011e-03 -6.62740795e-03 -1.67431099e-02
 -3.83428622e-02 -5.76084031e-03 -1.11393659e-02  1.03211937e+00
  1.34044658e+00  9.33217852e-01  9.19850266e-01  1.12613647e+00
  2.27565162e+00  1.91245674e+00  8.29971277e-01  4.39485530e+00
 -4.65802980e+00  2.31448381e+00  4.62378250e+00  1.62870921e+00]
Pipeline failed on these parameters: [ 1.21527737e+00  8.82438767e-01  2.06214498e-02  6.09723977e-02
  6.52973597e-01  2.11117488e-01  7.71753124e+00 -1.17998367e-02
 -2.67528687e-02 -1.91111755e-02 -4.81954466e-02  1.92166025e-02
  1.25131093e-02 -2.80101619e-03  1.53295412e-02 -1.51368242e-02
 -2.45449529e-02 -6.39241249e-03  7.81802542e-04  9.57439283e-01
  1.43645272e+00  8.23682510e-01  9.60913800e-01  1.08209950e+00
  1.93164913e+00  2.23844894e+00  1.94774875e+00 -2.16447798e+00
  5.38504767e-01  1.13046732e+00 -4.21283009e+00  1.03837288e+00]
/lcrc/project/SPT3G/users/ac.yomori/repo/cosmosis-standard-library/shear/cl_to_xi_fullsky/cl_to_xi.py:38: RuntimeWarning: divide by zero encountered in log
  spec = -np.exp(self.interp_func(np.log(angle)))
Pipeline failed on these parameters: [ 1.26205983e+00  8.72299807e-01  2.14205956e-02  6.66517395e-02
  6.77119584e-01  2.60258875e-01  7.67236432e+00  2.65434605e-03
 -1.24770360e-02 -3.36498681e-02 -2.48630437e-02  1.92441123e-02
  1.13578110e-02  1.45883871e-03  1.14076614e-02 -1.23807319e-02
 -2.43498632e-02 -6.16865481e-03 -5.95303050e-04  9.78179031e-01
  1.42208183e+00  8.04883300e-01  9.64448125e-01  1.05411559e+00
  1.86468318e+00  2.46400850e+00  1.77515291e+00 -2.32900563e+00
 -1.47772477e+00  1.77005298e+00 -4.20479434e+00  1.04217384e+00]
Pipeline failed on these parameters: [ 1.26020391e+00  8.72219298e-01  2.12714237e-02  6.71153511e-02
  6.74585932e-01  2.50098008e-01  7.67949176e+00  2.44944751e-03
 -1.32082260e-02 -3.40907442e-02 -2.55138466e-02  2.02751196e-02
  1.20949821e-02  3.87558378e-04  1.23582285e-02 -1.28150118e-02
 -2.51404668e-02 -6.13619457e-03 -4.25204344e-04  9.70044402e-01
  1.42175935e+00  8.09018982e-01  9.61654098e-01  1.07655397e+00
  1.85058416e+00  2.43336759e+00  1.79683112e+00 -2.28197440e+00
 -9.84970215e-01  1.77405997e+00 -4.33639591e+00  1.02233959e+00]
Pipeline failed on these parameters: [ 1.26155231e+00  1.04746872e+00  2.04025190e-02  6.50197376e-02
  7.68624936e-01  1.33811533e-01  7.96559184e+00 -1.20097188e-02
 -2.08609105e-02 -2.64918959e-02 -4.00459747e-02 -1.19723181e-02
  2.17624960e-02  1.12046224e-02  8.82761912e-03 -1.43731980e-02
 -3.83831602e-02 -3.45767613e-03 -4.98660525e-03  8.69649402e-01
  1.30340110e+00  8.14223992e-01  9.47348570e-01  1.70272586e+00
  2.99827953e+00  9.98692349e-01  1.26096710e+00 -5.49391786e-01
  3.84318401e-01  3.61757753e+00 -1.44840924e+00  6.72397681e-01]
Pipeline failed on these parameters: [ 1.26322220e+00  1.04795940e+00  2.03671206e-02  6.81487836e-02
  7.69443192e-01  1.31887877e-01  7.95705248e+00 -1.21307103e-02
 -2.07803437e-02 -2.66467943e-02 -3.99781945e-02 -1.21559954e-02
  2.16629739e-02  1.08813076e-02  8.81728880e-03 -1.43781685e-02
 -3.83322117e-02 -3.44523773e-03 -4.93428037e-03  8.70196865e-01
  1.30396986e+00  8.13502474e-01  9.48179552e-01  1.69264132e+00
  2.98297353e+00  9.82763860e-01  1.25838423e+00 -5.14468838e-01
  4.22724325e-01  3.59799729e+00 -1.47802037e+00  6.79405502e-01]
Pipeline failed on these parameters: [ 8.24538978e-01  8.99143894e-01  2.38420764e-02  5.14244192e-02
  8.02147032e-01  2.97128164e-01  7.58611643e+00 -1.66852264e-02
 -2.08527957e-02 -1.66267803e-02 -4.33369848e-02 -2.86649513e-02
  1.09526652e-02  1.80515791e-03  2.29798083e-02 -4.56964980e-03
 -2.04746243e-02 -3.11475119e-03  3.52851502e-04  9.58021185e-01
  1.32717643e+00  8.61340484e-01  8.42722764e-01  9.50719743e-01
  2.88495006e+00  2.25750052e+00  9.59352018e-01  2.20079710e+00
  3.56826844e+00  5.26271613e-01  1.67293062e+00  3.33678313e-01]
Pipeline failed on these parameters: [ 8.79003108e-01  9.22860946e-01  2.16073906e-02  5.41515166e-02
  7.49845387e-01  4.36042082e-01  7.36678885e+00  3.62717999e-03
 -2.84294259e-02 -3.16776697e-02 -3.41745819e-02 -1.22153888e-02
 -1.76053526e-02  1.09482023e-02  1.48500209e-02 -1.70827793e-02
 -2.06263017e-02 -3.85061260e-03 -8.72555318e-03  9.78990002e-01
  1.17545123e+00  8.31868880e-01  9.32264175e-01  2.48072601e+00
  2.45777422e+00  9.77588185e-01  2.50700344e+00  3.07714818e+00
 -4.33247038e-01 -1.89561829e+00 -9.65527190e-01  2.46111553e-01]
Pipeline failed on these parameters: [ 8.91443604e-01  9.20967543e-01  2.16684727e-02  5.71423586e-02
  7.51769727e-01  4.22298138e-01  7.38387530e+00  3.08658433e-03
 -2.84410453e-02 -3.15142249e-02 -3.36098966e-02 -1.26098613e-02
 -1.88076629e-02  9.24304006e-03  1.19712236e-02 -1.81440008e-02
 -2.10735264e-02 -3.88053982e-03 -8.62533807e-03  9.76818539e-01
  1.17311153e+00  8.30456300e-01  9.31726136e-01  2.47709277e+00
  2.46368259e+00  9.87716254e-01  2.47005682e+00  2.93507610e+00
 -4.52048051e-01 -1.99244608e+00 -9.67119658e-01  2.60997248e-01]
Pipeline failed on these parameters: [ 8.89412078e-01  8.95723913e-01  2.15781698e-02  5.58618289e-02
  7.59398918e-01  3.92636030e-01  7.41630095e+00 -6.58662167e-03
 -1.46805286e-02 -2.56611669e-02 -1.30723757e-02 -1.35123728e-02
 -2.62461557e-02  4.65421635e-03  5.55014674e-03 -2.08226259e-02
 -2.10082627e-02 -4.39561831e-03 -9.80404295e-03  9.68527150e-01
  1.16630883e+00  8.14660986e-01  9.36974160e-01  2.44626400e+00
  2.45813068e+00  1.02325805e+00  2.32176297e+00  2.09435690e+00
 -1.08636939e+00 -2.63195027e+00 -1.27401855e+00  3.13369861e-01]
Pipeline failed on these parameters: [ 9.99693642e-01  9.26240994e-01  2.19185626e-02  5.34053332e-02
  7.54793881e-01  3.85116841e-01  7.45027202e+00 -1.00085824e-02
 -2.94763255e-02 -2.60041565e-02 -3.00712159e-02 -1.64589678e-02
 -1.95793535e-02  4.72201780e-03  4.64099244e-03 -2.10310861e-02
 -2.04328309e-02 -4.78567120e-03 -8.09068377e-03  9.74364231e-01
  1.18364799e+00  8.31136393e-01  9.20440172e-01  2.37304620e+00
  2.54123890e+00  8.93251791e-01  2.55365103e+00  1.99886938e+00
 -2.69265561e-01 -2.24519321e+00 -2.16389703e-01  4.05955988e-01]
Pipeline failed on these parameters: [ 9.94453557e-01  9.25809732e-01  2.19184622e-02  5.46796474e-02
  7.55019292e-01  3.84890959e-01  7.44869216e+00 -9.98130347e-03
 -2.95355392e-02 -2.60656983e-02 -2.99540831e-02 -1.62132244e-02
 -1.97582166e-02  4.83254002e-03  4.68991827e-03 -2.12734944e-02
 -2.06402956e-02 -4.69757193e-03 -8.08301454e-03  9.74149150e-01
  1.18260054e+00  8.31083126e-01  9.21124790e-01  2.38291487e+00
  2.53506259e+00  9.03788102e-01  2.53969029e+00  2.06100077e+00
 -2.79096793e-01 -2.23079520e+00 -2.72152785e-01  3.95774164e-01]
Pipeline failed on these parameters: [ 9.75925672e-01  9.24284879e-01  2.19181071e-02  5.91853651e-02
  7.55816303e-01  3.84092287e-01  7.44310608e+00 -9.88511348e-03
 -2.97495490e-02 -2.62843649e-02 -2.95259596e-02 -1.53675027e-02
 -2.04143637e-02  5.22736170e-03  4.86322507e-03 -2.22757056e-02
 -2.13358299e-02 -4.38541720e-03 -8.05591181e-03  9.73388566e-01
  1.17876511e+00  8.30894478e-01  9.23550827e-01  2.41780849e+00
  2.51322439e+00  9.41042371e-01  2.49032794e+00  2.28068483e+00
 -3.13858040e-01 -2.17988673e+00 -4.69319767e-01  3.59773294e-01]
Pipeline failed on these parameters: [ 1.23399022e+00  1.08441826e+00  2.11479973e-02  6.65457048e-02
  7.87732611e-01  3.23037445e-01  7.62764401e+00  9.11155424e-03
 -1.55125879e-02 -2.39978302e-02 -3.00675619e-02 -1.84858738e-03
  7.01633721e-03 -8.04686015e-03 -4.49639493e-03 -6.95959009e-03
 -3.57551477e-02 -1.31118127e-02 -7.87827367e-03  9.45343686e-01
  1.34667455e+00  8.78381492e-01  9.81752083e-01  2.39851707e+00
  1.75964279e+00  1.90551754e+00  2.64282667e+00 -2.18028207e+00
  4.21495896e-01  5.12614185e-01  1.42490634e+00  1.86153629e+00]
Pipeline failed on these parameters: [ 9.47150385e-01  8.55620016e-01  2.31575784e-02  6.05248832e-02
  7.47327678e-01  3.61129366e-01  7.82421842e+00 -3.01074289e-02
 -6.10391928e-03 -1.95441584e-02 -3.61638411e-02 -2.44050707e-02
 -8.76009544e-03  1.01174070e-04 -6.93594753e-03 -1.40160775e-02
 -3.83699629e-02 -6.93941410e-03  4.34250618e-05  9.98268032e-01
  1.29217438e+00  9.08902384e-01  9.56867087e-01  1.31607595e+00
  1.53626989e+00  1.05949447e+00  2.73530161e+00 -4.84553438e-01
  3.47153957e+00 -4.62618350e-02  2.19841947e+00  4.75917619e-01]
Pipeline failed on these parameters: [ 8.87157830e-01  8.58514091e-01  2.24401670e-02  5.68374707e-02
  7.38835527e-01  4.70768183e-01  7.74777772e+00 -5.59635039e-03
 -1.62952952e-02 -2.52404315e-02 -4.53643737e-02 -1.93275473e-02
 -7.75287949e-03 -6.46288491e-03 -2.05039538e-02 -1.37826939e-02
 -3.87373803e-02 -6.71724783e-03  1.57347137e-03  1.02106844e+00
  1.29573122e+00  8.93089190e-01  9.74081043e-01  1.37261214e+00
  1.98928520e+00  9.83639001e-01  2.46415261e+00  6.27859514e-01
  2.92055415e+00  8.13611410e-01  2.41371139e+00  7.90226769e-01]
Pipeline failed on these parameters: [ 8.11696340e-01  1.01546784e+00  2.49256282e-02  5.85105131e-02
  8.10740505e-01  5.87517179e-01  7.64856489e+00 -1.66589854e-02
 -2.21757047e-02 -2.84035928e-02 -3.93517989e-02 -3.18114233e-02
  3.61326515e-03  9.51570303e-03  9.84367297e-03  5.79457362e-04
 -4.85963295e-02 -1.89068450e-03 -8.90203186e-03  9.69918583e-01
  1.31937996e+00  9.08729278e-01  8.96388003e-01  1.82283899e+00
  2.20791162e+00  2.16933649e+00  1.21684831e+00  8.73101912e-01
  1.94547866e+00  3.05888211e+00 -2.63329863e+00  1.46225767e-01]
Pipeline failed on these parameters: [ 1.22001013e+00  1.04366558e+00  2.21769859e-02  7.01328378e-02
  7.74138412e-01  3.44302785e-01  7.63999993e+00  2.35085174e-03
 -2.31995854e-02 -2.80928884e-02 -3.19777585e-02 -4.98376387e-04
  9.86413639e-03 -1.08928814e-02 -5.59621323e-03 -9.71221720e-03
 -3.85958245e-02 -1.19097373e-02 -8.54392745e-03  9.63838494e-01
  1.35007452e+00  8.90668958e-01  9.80347979e-01  2.40467201e+00
  1.69606405e+00  2.20440164e+00  2.92912691e+00 -1.21872283e+00
  5.03041822e-01  1.47098997e+00  1.69876363e+00  1.90335787e+00]
Pipeline failed on these parameters: [ 8.58803015e-01  8.47524508e-01  2.27065981e-02  5.58022330e-02
  7.50073890e-01  4.04994525e-01  7.74275664e+00 -9.51285174e-03
 -1.95959655e-02 -3.38636842e-02 -4.82010418e-02 -3.28733031e-02
 -1.18566898e-02 -3.46186328e-03 -1.19441837e-02 -1.51561941e-02
 -4.14205642e-02 -6.93803604e-03  1.54519272e-03  1.00884113e+00
  1.28693766e+00  9.05703257e-01  9.63098477e-01  1.42844614e+00
  1.75464017e+00  1.26895510e+00  2.56141250e+00  4.99709858e-01
  3.53442282e+00 -4.09063928e-01  1.95921540e+00  5.63864253e-01]
Pipeline failed on these parameters: [ 9.18738538e-01  8.61583509e-01  2.18635669e-02  5.86029058e-02
  7.45172261e-01  3.96133377e-01  7.84328892e+00 -1.63219769e-02
 -2.54825081e-02 -3.43823842e-02 -3.89880820e-02 -4.09302219e-02
 -8.33463715e-03 -6.23159030e-03 -7.45883541e-03 -1.22582600e-02
 -3.71022673e-02 -8.25727567e-03 -1.45380293e-03  1.01082181e+00
  1.26891323e+00  8.92209936e-01  9.73781277e-01  1.22750451e+00
  1.77848304e+00  8.87054220e-01  2.36509203e+00  3.71723103e-01
  1.86600380e+00  1.22068337e+00  1.74814713e+00  8.30592931e-01]
Pipeline failed on these parameters: [ 1.03248478e+00  1.01430605e+00  2.03243691e-02  5.55491616e-02
  6.71610813e-01  4.96448879e-01  7.53228640e+00  1.70741996e-03
 -2.95350756e-02 -2.20305473e-02 -4.87378831e-02 -2.12375158e-02
 -2.68114575e-02  6.24773882e-03  3.02866544e-03 -1.48305372e-02
 -4.99533917e-02 -4.85436349e-03  2.13153704e-03  9.63377422e-01
  1.31802655e+00  8.79990960e-01  9.63040910e-01  2.65896729e+00
  2.00581914e+00  2.40698630e+00  2.13418153e+00  3.30797107e+00
 -1.05162388e+00  4.11614555e+00 -1.24007736e+00  5.12918423e-01]
Pipeline failed on these parameters: [ 9.16446869e-01  8.49230954e-01  2.21732767e-02  5.98364666e-02
  7.49831980e-01  4.11350754e-01  7.80253616e+00  9.81755819e-03
 -1.77143350e-02 -3.37942513e-02 -2.68136573e-02 -3.93927566e-02
 -8.55525943e-03 -3.55540217e-03 -9.90353198e-03 -1.29946603e-02
 -3.83180212e-02 -8.05102980e-03 -3.29128017e-04  1.01764481e+00
  1.27121526e+00  8.97898763e-01  9.75207206e-01  1.20340880e+00
  1.81023200e+00  1.02239177e+00  2.40292264e+00  5.75709854e-01
  2.45571332e+00  7.89446436e-01  1.62755544e+00  8.52712125e-01]
Pipeline failed on these parameters: [ 1.03255152e+00  1.01374693e+00  2.03071054e-02  5.87278221e-02
  6.75800086e-01  4.87364527e-01  7.52961568e+00  1.49294685e-03
 -2.92031002e-02 -2.21680404e-02 -4.87240156e-02 -2.07145244e-02
 -2.88531248e-02  6.20599558e-03  2.49851066e-03 -1.54917987e-02
 -4.93135618e-02 -4.88137117e-03  2.16660870e-03  9.66718176e-01
  1.31408998e+00  8.82315842e-01  9.59848139e-01  2.70358043e+00
  2.01483357e+00  2.39675047e+00  2.14038211e+00  3.30035055e+00
 -1.23492678e+00  3.86538418e+00 -1.40856108e+00  4.87482675e-01]
Pipeline failed on these parameters: [ 8.43297445e-01  9.01725736e-01  2.16121863e-02  5.31520981e-02
  7.05567423e-01  5.78617063e-01  7.58378890e+00  8.08143229e-03
 -1.30365089e-02 -2.20871581e-02 -3.12019404e-02  7.75148871e-03
 -1.22230032e-02  6.16946801e-03 -3.05002420e-03 -6.58385023e-03
 -4.53585250e-02  3.84205013e-03 -1.30397499e-03  1.05983196e+00
  1.41494399e+00  8.08259027e-01  9.33514251e-01  2.13558399e+00
  1.01699965e+00  1.32616736e+00  2.30910624e+00  3.12364722e+00
 -1.70068450e+00 -4.70017378e+00  4.58359813e+00  5.84131902e-01]
Pipeline failed on these parameters: [ 1.03864205e+00  1.02925798e+00  2.05873442e-02  5.23663346e-02
  6.65934746e-01  5.18688363e-01  7.49682078e+00 -1.33662647e-02
 -1.47699947e-02 -2.95613293e-02 -2.17562450e-02 -2.12116384e-02
 -3.16519785e-02  6.48253449e-03  1.03899167e-03 -1.76289116e-02
 -4.67476716e-02 -4.05545887e-03  1.35066577e-03  9.70950350e-01
  1.31549846e+00  8.94298547e-01  9.52330371e-01  2.69827768e+00
  1.87660713e+00  2.53738853e+00  2.19352512e+00  3.23742721e+00
 -1.64381210e+00  3.54440749e+00 -1.01095020e+00  5.00070736e-01]
Pipeline failed on these parameters: [ 8.63372776e-01  9.00092794e-01  2.14347182e-02  5.60284908e-02
  7.05075680e-01  5.73636336e-01  7.59970685e+00  6.45989078e-03
 -1.30000922e-02 -2.16491077e-02 -3.08167165e-02  9.37455529e-03
 -1.29233432e-02  7.05409535e-03 -3.16162332e-03 -6.61018571e-03
 -4.51659024e-02  6.62748244e-03 -1.14076968e-03  1.05896777e+00
  1.41653639e+00  8.11727294e-01  9.33821627e-01  2.14751258e+00
  1.03673370e+00  1.42121918e+00  2.28727799e+00  3.04665960e+00
 -1.85998230e+00 -4.52754028e+00  4.57335044e+00  5.19884634e-01]
Pipeline failed on these parameters: [ 1.03761575e+00  1.02653034e+00  2.05369449e-02  5.39457640e-02
  6.68268481e-01  5.11937241e-01  7.50198591e+00 -1.34023685e-02
 -1.48593756e-02 -2.94956984e-02 -2.20304837e-02 -2.10435972e-02
 -3.16014783e-02  6.42858504e-03  1.20464480e-03 -1.73513517e-02
 -4.70628524e-02 -4.20113650e-03  1.48337778e-03  9.70748345e-01
  1.31464438e+00  8.92576947e-01  9.53113157e-01  2.70614985e+00
  1.90154431e+00  2.51185003e+00  2.18544777e+00  3.24694754e+00
 -1.60284745e+00  3.55986984e+00 -1.10495242e+00  4.93954378e-01]
Pipeline failed on these parameters: [ 1.03634965e+00  1.02316541e+00  2.04747702e-02  5.58942154e-02
  6.71147477e-01  5.03608768e-01  7.50835784e+00 -1.34470623e-02
 -1.49687546e-02 -2.94152833e-02 -2.23441437e-02 -2.08387884e-02
 -3.15396686e-02  6.36224291e-03  1.40916100e-03 -1.70260654e-02
 -4.74658680e-02 -4.38021324e-03  1.65303901e-03  9.70499080e-01
  1.31359174e+00  8.90484074e-01  9.54090395e-01  2.71586130e+00
  1.93230788e+00  2.48034465e+00  2.17548320e+00  3.25869223e+00
 -1.55231171e+00  3.57894485e+00 -1.22091756e+00  4.86408978e-01]
Pipeline failed on these parameters: [ 1.03587689e+00  1.02190894e+00  2.04515541e-02  5.66217708e-02
  6.72222500e-01  5.00498901e-01  7.51073713e+00 -1.34637953e-02
 -1.50093533e-02 -2.93854085e-02 -2.24551608e-02 -2.07630003e-02
 -3.15167254e-02  6.33752998e-03  1.48557846e-03 -1.69089491e-02
 -4.76207215e-02 -4.44693099e-03  1.71820052e-03  9.70405985e-01
  1.31319895e+00  8.89710580e-01  9.54458702e-01  2.71948758e+00
  1.94379506e+00  2.46858049e+00  2.17176242e+00  3.26307772e+00
 -1.53344157e+00  3.58606749e+00 -1.26421916e+00  4.83591512e-01]
Pipeline failed on these parameters: [ 8.56288310e-01  9.01801105e-01  2.15025878e-02  5.50769536e-02
  7.02202100e-01  5.70184542e-01  7.59384248e+00 -7.32439213e-04
 -1.22432254e-02 -2.24320690e-02 -3.64893148e-02  9.98383623e-03
 -1.33824318e-02  7.08099077e-03 -3.72186756e-03 -7.43599226e-03
 -4.46986494e-02  5.78800067e-03 -7.25646366e-04  1.05691580e+00
  1.40911022e+00  8.07726930e-01  9.33775010e-01  2.14121206e+00
  1.03416028e+00  1.37128631e+00  2.28003203e+00  2.86907977e+00
 -1.99843433e+00 -4.53558132e+00  4.75749469e+00  5.00872602e-01]
Pipeline failed on these parameters: [ 8.93046181e-01  8.95263651e-01  2.15808895e-02  5.70128875e-02
  7.15953177e-01  5.78557050e-01  7.65614141e+00 -1.46021828e-03
 -1.24338194e-02 -3.28023636e-02 -3.91309969e-02  8.49885287e-03
 -1.15923534e-02  6.39870328e-03 -4.58863648e-03 -5.48501225e-03
 -4.63790130e-02  5.30767256e-03 -2.11723368e-03  1.05687478e+00
  1.41226732e+00  8.21122803e-01  9.42882110e-01  2.05627209e+00
  1.20617764e+00  1.66617214e+00  2.23017809e+00  4.16040526e+00
 -2.10858460e+00 -4.62075557e+00  4.36761008e+00  4.49448682e-01]
Pipeline failed on these parameters: [ 8.93160294e-01  8.94048793e-01  2.15060426e-02  5.84671726e-02
  7.14530059e-01  5.78717838e-01  7.65145129e+00 -1.54020332e-03
 -1.22035094e-02 -3.25619759e-02 -3.92324928e-02  8.86052930e-03
 -1.20691400e-02  6.47609142e-03 -3.88294348e-03 -5.41789370e-03
 -4.64255998e-02  6.05790832e-03 -1.88221316e-03  1.05815834e+00
  1.41667469e+00  8.20675036e-01  9.41268378e-01  2.06657005e+00
  1.16626990e+00  1.66420033e+00  2.23863353e+00  3.96740436e+00
 -2.06272946e+00 -4.62421150e+00  4.31962329e+00  4.63438011e-01]
Pipeline failed on these parameters: [ 1.28870680e+00  8.62735418e-01  2.51402417e-02  6.72406161e-02
  6.62805178e-01  3.25928677e-01  7.74034287e+00 -1.55627856e-02
 -1.04868947e-02 -2.55484773e-02 -4.14643351e-02 -2.72269198e-02
  1.43448338e-04 -2.35042371e-03  4.21040494e-03 -1.10171620e-02
 -3.63558575e-02 -1.08723435e-02 -7.32436202e-03  1.05395634e+00
  1.27775857e+00  9.25135379e-01  9.13316715e-01  9.80294060e-01
  1.95629036e+00  1.59182192e+00  2.37842589e+00  4.95037938e+00
  4.04330820e+00  2.12294233e+00 -7.40513895e-01  6.40576466e-01]
Pipeline failed on these parameters: [ 1.28842925e+00  1.02196127e+00  2.04816294e-02  6.79744790e-02
  6.89592870e-01  3.50387856e-01  7.80027416e+00 -1.62891631e-02
 -1.88840996e-02 -3.45724782e-02 -2.77519918e-02 -4.58338311e-03
 -2.28193207e-02 -8.06982894e-03  3.56712170e-02 -6.64668138e-03
 -1.61292810e-02 -3.39099085e-04 -6.43990730e-03  9.20197033e-01
  1.35538031e+00  8.69043971e-01  9.01075890e-01  1.52896506e+00
  2.74865694e+00  1.15899232e+00  1.81774868e+00 -7.63530450e-01
 -4.40982839e+00 -4.09754760e+00 -1.44955635e-02  9.32688633e-02]
Pipeline failed on these parameters: [ 1.20238646e+00  9.15085938e-01  2.45467174e-02  7.09526519e-02
  7.52360492e-01  2.53722228e-01  7.77670352e+00 -1.05544814e-02
 -2.89244375e-02 -2.21725481e-02 -2.73229631e-02  3.23430012e-03
 -2.53892442e-02  1.44003279e-02 -3.01105792e-02 -1.23143004e-02
 -1.77590976e-02 -8.28286149e-03 -1.67267071e-02  9.07976167e-01
  1.19307371e+00  9.18276520e-01  9.62016557e-01  1.79585252e+00
  2.36387794e+00  1.18987248e+00  1.83178552e+00 -1.29972062e-01
 -8.30845897e-01 -3.49894912e+00 -8.68209350e-01  4.27881206e-01]
Pipeline failed on these parameters: [ 1.14466147e+00  9.80318713e-01  2.05698557e-02  5.66011589e-02
  6.74620841e-01  3.26534978e-01  7.64458355e+00 -2.42569431e-03
 -1.81013943e-02 -3.42514674e-02 -1.79596937e-02 -9.22827667e-03
 -6.25815281e-03  2.22560636e-02 -1.56245926e-02 -1.76877442e-02
 -2.34805239e-02 -3.44409797e-03 -3.87980761e-03  1.04341408e+00
  1.31506553e+00  9.16476976e-01  8.45070631e-01  8.92664073e-01
  1.82715748e+00  1.50520942e+00  1.60836808e+00  7.00933657e-01
  4.27802840e-01  3.37012390e+00 -1.97283872e+00  1.23201499e+00]
Pipeline failed on these parameters: [ 1.13578300e+00  1.04303762e+00  2.04259480e-02  5.27628370e-02
  6.92943723e-01  2.85822875e-01  7.77279621e+00 -1.93657113e-02
 -1.52696762e-02 -1.79458661e-02 -3.47378658e-02 -3.62961939e-03
 -2.47084983e-02 -8.53574791e-03  2.63917290e-02 -6.84671244e-03
 -2.06302423e-02 -5.75735720e-04 -8.53731733e-03  9.22515926e-01
  1.34635335e+00  8.60305146e-01  9.04961485e-01  1.29715939e+00
  2.98107646e+00  1.11691755e+00  1.73884391e+00 -6.54345749e-01
 -4.77243164e+00 -3.98815449e+00 -5.00842052e-01  2.21937533e-01]
Pipeline failed on these parameters: [ 1.20138129e+00  9.74462597e-01  2.29423806e-02  5.84298187e-02
  7.52165476e-01  2.92837060e-01  7.61174875e+00 -6.86038147e-03
 -2.37019519e-02 -2.95080211e-02 -3.49795576e-02  9.58856678e-03
 -1.08539957e-02 -1.27776870e-02 -6.60650978e-03 -5.54049769e-03
 -2.87101524e-02 -8.30519541e-03 -1.22000932e-02  9.72815283e-01
  1.20180780e+00  8.27847129e-01  1.00522006e+00  2.18559913e+00
  2.46089050e+00  2.15065938e+00  1.76423323e+00 -3.88926249e+00
  4.70151653e+00 -1.28274169e+00  1.72344584e+00  4.82697356e-01]
Pipeline failed on these parameters: [ 9.04932160e-01  9.03321378e-01  2.31530959e-02  5.27256086e-02
  7.14400604e-01  2.07828340e-01  7.50901261e+00 -8.31349532e-03
 -9.46187822e-03 -2.05577009e-02 -3.05188156e-02  3.93626706e-02
  7.57734838e-04  1.82337946e-02  9.47102895e-03 -6.52835448e-03
 -3.15753387e-02 -2.48639176e-03 -3.17785080e-03  9.58770141e-01
  1.29558932e+00  9.38809644e-01  1.02525470e+00  1.16899528e+00
  1.42916915e+00  2.53438461e+00  1.66793854e+00  4.18272222e+00
 -1.32527142e+00  2.18598672e+00  1.47572202e+00  1.36893778e+00]
Pipeline failed on these parameters: [ 1.05363513e+00  1.03194477e+00  2.06911872e-02  5.66794154e-02
  6.90603419e-01  3.24464267e-01  7.78721252e+00 -2.08237806e-03
 -2.76712867e-02 -2.58153198e-02 -4.63285581e-02 -4.64282770e-03
 -2.74745261e-02 -8.30425236e-03  3.18126324e-02 -6.06115693e-03
 -1.91463818e-02 -2.05779323e-04 -8.61248758e-03  9.17427369e-01
  1.35809706e+00  8.65114783e-01  9.02659610e-01  1.29839402e+00
  2.91478301e+00  1.09822297e+00  1.78934700e+00 -9.32036412e-01
 -4.58995140e+00 -4.69789797e+00 -8.23378256e-01  2.07430656e-01]
Pipeline failed on these parameters: [ 1.07172863e+00  1.03323109e+00  2.06395765e-02  5.79145167e-02
  6.89462755e-01  3.17840905e-01  7.78515321e+00 -2.13852341e-03
 -2.74968477e-02 -2.57711278e-02 -4.65373314e-02 -4.68782365e-03
 -2.57872630e-02 -8.14982703e-03  3.16916493e-02 -6.17631946e-03
 -1.93923785e-02 -2.02479982e-04 -8.49180378e-03  9.17570742e-01
  1.35516669e+00  8.64349163e-01  9.02677510e-01  1.30759282e+00
  2.93287214e+00  1.11529665e+00  1.78463319e+00 -9.60089258e-01
 -4.55943724e+00 -4.63416107e+00 -7.81559580e-01  2.15498783e-01]
Pipeline failed on these parameters: [ 1.09676966e+00  1.03501133e+00  2.05681484e-02  5.96238711e-02
  6.87884099e-01  3.08674312e-01  7.78230316e+00 -2.21596743e-03
 -2.72615913e-02 -2.57100597e-02 -4.68388588e-02 -4.75014552e-03
 -2.38854725e-02 -7.93871517e-03  3.15268147e-02 -6.33445794e-03
 -1.97204692e-02 -1.97911370e-04 -8.32575936e-03  9.17768662e-01
  1.35118943e+00  8.63287649e-01  9.02702281e-01  1.32032376e+00
  2.95790712e+00  1.13892627e+00  1.77810938e+00 -9.98913809e-01
 -4.51720628e+00 -4.54595054e+00 -7.23683408e-01  2.26664901e-01]
/lcrc/project/SPT3G/users/ac.yomori/repo/cosmosis-standard-library/shear/cl_to_xi_fullsky/cl_to_xi.py:38: RuntimeWarning: divide by zero encountered in log
  spec = -np.exp(self.interp_func(np.log(angle)))
/lcrc/project/SPT3G/users/ac.yomori/repo/cosmosis-standard-library/shear/cl_to_xi_fullsky/cl_to_xi.py:38: RuntimeWarning: divide by zero encountered in log
  spec = -np.exp(self.interp_func(np.log(angle)))
Pipeline failed on these parameters: [ 8.48670005e-01  8.77252445e-01  2.23384202e-02  5.41339185e-02
  7.02342004e-01  5.65593001e-01  7.85888588e+00  6.25266032e-03
 -2.54345023e-02 -3.92435902e-02 -4.57040371e-02  1.10250922e-02
 -1.22803056e-02  7.77050207e-03 -1.98971191e-03 -6.01599167e-03
 -4.26736075e-02  5.98954234e-03 -1.59261251e-03  1.02579277e+00
  1.57030574e+00  8.03358899e-01  9.87888001e-01  1.68918679e+00
  1.05093793e+00  1.70865047e+00  2.79725145e+00  4.98398709e-01
 -3.04246338e+00 -3.56706706e+00  4.09495602e+00  6.60905822e-01]
Pipeline failed on these parameters: [ 8.40866510e-01  8.76670187e-01  2.24306710e-02  5.44608674e-02
  6.98190945e-01  5.68507637e-01  7.86125591e+00 -6.93721986e-03
 -1.86293300e-02 -1.08415552e-02 -4.16059600e-02  1.06736155e-02
 -1.32073342e-02  7.53379127e-03 -1.61801329e-03 -5.87230248e-03
 -4.35893581e-02  1.18896777e-02 -2.29525795e-03  1.03205269e+00
  1.55306261e+00  8.01694746e-01  9.89002729e-01  1.67485919e+00
  1.06756163e+00  1.65421093e+00  2.80739844e+00  5.12420801e-01
 -3.27204455e+00 -3.61439368e+00  4.24087504e+00  6.34988878e-01]
Pipeline failed on these parameters: [ 1.15739013e+00  9.55737404e-01  2.51475183e-02  6.43932359e-02
  7.04241160e-01  3.40012959e-01  7.86017321e+00  1.50999236e-03
 -2.92760583e-02 -2.03433184e-02 -4.70013895e-02  4.06609706e-03
 -1.54404823e-02  1.23621060e-02 -3.51248607e-02 -1.47270646e-02
 -1.63632123e-02 -1.06214338e-02 -1.65031929e-02  8.81751248e-01
  1.15436652e+00  9.15835186e-01  9.34185697e-01  1.63307248e+00
  2.28218825e+00  9.77097923e-01  1.82481510e+00  9.69692686e-01
 -1.48880796e+00 -3.08538917e+00 -4.40841964e-01  6.85428428e-01]
Pipeline failed on these parameters: [ 1.25105063e+00  8.59875185e-01  2.38929909e-02  7.16774538e-02
  7.97117264e-01  2.39324931e-01  7.43798400e+00  3.19465217e-03
 -1.62830954e-02 -3.16536156e-02 -3.93650541e-02 -7.85693521e-03
  2.25172442e-03 -6.88067072e-03 -3.02343277e-02 -1.22358337e-02
 -2.60204868e-02  2.08400632e-03 -7.12920402e-03  9.92721916e-01
  1.32871729e+00  8.53741402e-01  8.31903364e-01  1.39032840e+00
  1.37379464e+00  1.10263354e+00  1.41362215e+00  3.41612361e+00
 -3.24383928e+00 -4.53244839e-01  3.10061836e+00  1.41602758e+00]
Pipeline failed on these parameters: [ 1.07246648e+00  1.02645278e+00  2.11589240e-02  5.99015253e-02
  7.50661748e-01  4.67481129e-01  7.55445267e+00 -1.01296382e-02
 -2.87081087e-02 -3.62829257e-02 -3.36882094e-02 -6.12629072e-03
 -1.87891507e-02 -1.33141081e-02 -7.99610029e-03  2.66226934e-03
 -3.24947742e-02 -6.58177537e-03 -1.25026490e-02  9.35254751e-01
  1.23333914e+00  8.51411121e-01  9.49864378e-01  2.27234183e+00
  1.84738808e+00  1.94674962e+00  2.09350710e+00 -4.42522996e+00
  2.16158524e+00 -2.61307272e+00  2.19226529e+00  1.36312939e+00]
Pipeline failed on these parameters: [ 1.18362206e+00  1.03998546e+00  2.12489923e-02  6.10681031e-02
  6.89321106e-01  3.70054139e-01  7.96697549e+00 -1.09566588e-02
 -2.19077860e-02 -1.49460434e-02 -4.23480378e-02 -1.04075659e-02
 -2.70104855e-02 -5.98290521e-03  2.34155669e-02 -6.76373664e-03
 -8.66852134e-03 -5.83533848e-04 -1.13678294e-02  9.15361103e-01
  1.33398305e+00  8.58580680e-01  8.69580101e-01  1.49164258e+00
  2.70624393e+00  9.18378178e-01  1.89007638e+00 -2.31644356e-01
 -2.89190284e+00 -4.06827092e+00 -6.82230702e-01  4.46890238e-01]
Pipeline failed on these parameters: [ 1.15718084e+00  1.03658130e+00  2.08975805e-02  6.28121551e-02
  6.91225343e-01  3.42023323e-01  7.87131367e+00 -1.27622325e-02
 -2.09952080e-02 -1.57703607e-02 -4.38301606e-02 -8.26999452e-03
 -2.60807642e-02 -5.34704115e-03  2.26616395e-02 -6.53560171e-03
 -1.10903376e-02  8.71551767e-05 -1.00911489e-02  9.09752112e-01
  1.34536778e+00  8.62936129e-01  8.81639192e-01  1.44105880e+00
  2.77285028e+00  1.04473283e+00  1.81244726e+00 -9.50433364e-01
 -3.47300855e+00 -4.49524974e+00 -6.97003639e-01  3.97460009e-01]
Pipeline failed on these parameters: [ 1.20751229e+00  1.03741608e+00  2.58921438e-02  5.32903816e-02
  7.09451483e-01  8.66492991e-02  7.46390693e+00 -3.55709067e-04
 -2.30902237e-02 -1.55718967e-02 -4.06054147e-02  2.02724453e-02
 -7.36321595e-03  5.90929594e-03  4.48094870e-03 -9.48991763e-03
 -3.40469784e-02  9.21893439e-03 -6.32981982e-03  1.01975684e+00
  1.40895857e+00  9.77562623e-01  9.06095236e-01  1.61362219e+00
  2.29230685e+00  2.18716114e+00  9.39056421e-01 -2.99820667e-01
  4.35859205e+00  1.48240042e+00  4.95151423e+00  1.22821112e+00]
Pipeline failed on these parameters: [ 1.16801446e+00  9.10328842e-01  2.38097911e-02  5.75972613e-02
  8.08177578e-01  1.93126836e-01  7.37985787e+00 -5.97392867e-04
 -2.26669956e-02 -2.92201673e-02 -2.92012698e-02 -9.81825364e-03
  2.95115114e-03 -1.63196215e-03 -2.19268139e-02 -1.19612245e-02
 -2.93336917e-02  2.78029575e-03 -7.35650596e-03  1.02514508e+00
  1.30919368e+00  8.47201778e-01  8.97405122e-01  1.27486060e+00
  1.59828572e+00  9.62613686e-01  1.33830986e+00  3.58713384e+00
 -2.49601213e+00 -2.06496439e+00  3.68593795e+00  1.58937283e+00]
Pipeline failed on these parameters: [ 1.16571070e+00  9.08534535e-01  2.38093609e-02  5.86807476e-02
  8.08437062e-01  1.94711746e-01  7.37931443e+00 -6.06805117e-04
 -2.26375137e-02 -2.91461142e-02 -2.93315917e-02 -9.72468423e-03
  2.81038801e-03 -1.80608733e-03 -2.20826802e-02 -1.20005263e-02
 -2.92848763e-02  2.77708463e-03 -7.40139366e-03  1.02412660e+00
  1.30998526e+00  8.47078230e-01  8.97054765e-01  1.27796491e+00
  1.59517373e+00  9.70538933e-01  1.33606172e+00  3.59185434e+00
 -2.52152254e+00 -2.05377029e+00  3.67165178e+00  1.57848696e+00]
Pipeline failed on these parameters: [ 1.06949871e+00  1.04218506e+00  2.17413084e-02  5.85981558e-02
  6.53113355e-01  4.65470360e-01  7.86772029e+00 -1.58238407e-02
 -2.56841374e-02 -2.15863576e-02 -4.11593186e-02 -1.61930229e-03
  6.66470455e-03  4.00116631e-03 -3.04415618e-02 -6.43151955e-03
 -2.35966524e-02  5.95016956e-04 -5.04750257e-03  9.98352459e-01
  1.25485593e+00  8.90758505e-01  8.04767223e-01  1.03702581e+00
  1.42830031e+00  9.16327432e-01  2.15898111e+00 -4.24861446e-02
  1.90088473e+00 -3.85337502e+00 -1.13068864e+00  1.35263555e+00]
Pipeline failed on these parameters: [ 1.08607927e+00  9.29714377e-01  2.44425352e-02  6.26402191e-02
  6.43469594e-01  5.66807297e-01  7.56769414e+00  5.09157762e-03
 -2.56995229e-02 -2.32242362e-02 -4.52429629e-02 -2.09306638e-03
 -7.33366282e-03  4.28379639e-03 -1.72579206e-02 -1.36682181e-02
 -3.98149081e-02 -9.91817699e-03 -1.19396958e-02  9.37091139e-01
  1.30892663e+00  9.27519134e-01  9.14329356e-01  1.67618417e+00
  2.25200491e+00  2.60819153e+00  2.42671545e+00  1.22354163e+00
 -2.11907963e+00 -1.96997924e+00  3.68733972e+00  1.44262897e+00]
Pipeline failed on these parameters: [ 1.08507544e+00  9.29719159e-01  2.44448163e-02  6.27041872e-02
  6.43556779e-01  5.66783912e-01  7.56776536e+00  5.09926390e-03
 -2.56940072e-02 -2.32376773e-02 -4.52522362e-02 -2.10369204e-03
 -7.32137546e-03  4.27178663e-03 -1.72283243e-02 -1.36758468e-02
 -3.98189813e-02 -9.91854117e-03 -1.19339236e-02  9.37031237e-01
  1.30888295e+00  9.27569592e-01  9.14346203e-01  1.67573799e+00
  2.25118906e+00  2.60823851e+00  2.42646305e+00  1.22279680e+00
 -2.11799570e+00 -1.97232957e+00  3.68718211e+00  1.44228447e+00]
/lcrc/project/SPT3G/users/ac.yomori/repo/cosmosis-standard-library/shear/cl_to_xi_fullsky/cl_to_xi.py:38: RuntimeWarning: divide by zero encountered in log
  spec = -np.exp(self.interp_func(np.log(angle)))
/lcrc/project/SPT3G/users/ac.yomori/repo/cosmosis-standard-library/shear/cl_to_xi_fullsky/cl_to_xi.py:38: RuntimeWarning: divide by zero encountered in log
  spec = -np.exp(self.interp_func(np.log(angle)))
Pipeline failed on these parameters: [ 9.89471429e-01  1.04349488e+00  2.35533491e-02  5.67071914e-02
  7.61106873e-01  3.95524212e-01  7.99499482e+00  5.23468378e-03
 -1.65156060e-02 -2.54593689e-02 -3.17841626e-02  1.60850081e-02
 -2.14779697e-03 -8.54438091e-03 -1.55770906e-02 -5.56836732e-03
 -4.67042405e-02 -1.28951408e-02 -1.69658079e-03  1.00036852e+00
  1.32416697e+00  9.38312132e-01  8.67895328e-01  2.96681016e+00
  2.32277969e+00  1.40556349e+00  9.30937177e-01  4.10435257e+00
 -7.13966701e-02  1.25317425e+00  4.61700626e-01  1.76062691e+00]
Pipeline failed on these parameters: [ 8.38687033e-01  1.01905674e+00  2.29814940e-02  5.21149489e-02
  7.71803566e-01  3.44095378e-01  7.95462506e+00 -1.30770183e-04
 -2.74791167e-02 -3.21891495e-02 -2.61305450e-02  1.20127494e-02
 -5.43565105e-03 -8.76237966e-03 -8.03406827e-03 -3.45111789e-03
 -4.44945782e-02 -1.10057942e-02 -3.77934406e-03  1.00732601e+00
  1.33053190e+00  9.27949829e-01  8.39762226e-01  2.95852219e+00
  2.32628188e+00  1.47484622e+00  1.23860181e+00  3.67858220e+00
 -4.72968458e-01  1.59803880e+00  2.91839149e-01  1.73664512e+00]
Pipeline failed on these parameters: [ 8.92315952e-01  1.03927370e+00  2.29284773e-02  5.19038630e-02
  7.08104017e-01  4.25010231e-01  7.93798327e+00  9.45209215e-03
 -9.29175196e-03 -1.85485572e-02 -3.57920317e-02 -4.42047466e-03
  1.33154809e-02  3.55560776e-03 -2.46325144e-02 -7.69226149e-03
 -2.93956175e-02 -1.74591326e-03 -6.66936053e-03  9.44370825e-01
  1.29622631e+00  8.92162954e-01  8.66416127e-01  1.14392024e+00
  2.03919456e+00  8.04764872e-01  1.84159372e+00  1.25362208e-03
 -2.55130118e-01 -4.49975445e+00  1.06870301e+00  1.64034203e+00]
Pipeline failed on these parameters: [ 9.80479682e-01  1.04351054e+00  2.31722361e-02  5.40124206e-02
  7.11550032e-01  3.92059029e-01  7.97132078e+00 -2.10064712e-02
 -1.73008665e-02 -2.74956903e-02 -3.27811172e-02 -1.92311197e-03
  1.33363176e-02  7.12396298e-03 -1.98608030e-02 -5.01085113e-03
 -2.83438292e-02 -1.48723759e-03 -6.35789006e-03  9.46363883e-01
  1.32338386e+00  9.00133587e-01  8.77906215e-01  1.12892139e+00
  2.08683446e+00  8.65440368e-01  1.94194537e+00 -6.95309611e-01
 -8.71993393e-01 -4.56070730e+00  1.20685892e+00  1.47852852e+00]
Pipeline failed on these parameters: [ 9.80911604e-01  1.04145560e+00  2.31078351e-02  5.71482442e-02
  7.11303618e-01  3.94531436e-01  7.97645662e+00 -2.02110167e-02
 -1.72332430e-02 -2.72962206e-02 -3.27160264e-02 -1.83990046e-03
  1.34056530e-02  7.02379748e-03 -2.11001633e-02 -5.03319984e-03
 -2.83881180e-02 -1.48612165e-03 -6.47802854e-03  9.48132738e-01
  1.32221216e+00  9.02313911e-01  8.76162173e-01  1.13725941e+00
  2.09555341e+00  8.71579449e-01  1.94261837e+00 -6.49996969e-01
 -9.44713292e-01 -4.44635425e+00  1.16970803e+00  1.50536229e+00]
Pipeline failed on these parameters: [ 9.00622769e-01  1.02070463e+00  2.37367394e-02  5.80231773e-02
  7.72003282e-01  4.09231500e-01  7.65981593e+00  5.43813399e-03
 -1.37217978e-02 -2.75460915e-02 -3.41580183e-02 -2.56520255e-03
  3.43144571e-03 -8.50936262e-03 -2.59814219e-03 -2.13407662e-03
 -3.42630406e-02  3.93435439e-03 -5.65655688e-03  1.02737191e+00
  1.29889759e+00  9.14002508e-01  9.25607532e-01  2.57000392e+00
  2.17213087e+00  1.77581108e+00  1.21804588e+00  2.00183124e+00
 -4.45401545e+00  2.99990441e-01  1.76821178e+00  2.93188919e-01]
Pipeline failed on these parameters: [ 1.11791625e+00  9.22656962e-01  2.39632949e-02  6.15537582e-02
  6.49902153e-01  3.97100490e-01  7.61697635e+00 -7.66159728e-03
 -2.01172428e-02 -3.38557639e-02 -3.59687741e-02 -8.06311172e-03
 -5.48423641e-04  1.52309467e-03  7.37631939e-03 -1.67625149e-02
 -4.55447053e-02 -7.04082534e-03 -1.10937968e-02  9.28732524e-01
  1.32024584e+00  9.29615027e-01  9.26962553e-01  1.74080448e+00
  1.89672333e+00  2.95914313e+00  2.09025560e+00 -4.33438718e-01
 -2.90898192e-01 -6.74101099e-01  3.90767461e+00  4.10096942e-01]
Pipeline failed on these parameters: [ 8.72588101e-01  1.00869270e+00  2.44052256e-02  5.16962458e-02
  7.59030229e-01  4.03314566e-01  7.65653514e+00 -9.76172778e-03
 -2.87608109e-02 -3.64966533e-02 -4.42747235e-02 -5.12649884e-03
  4.28599739e-03 -8.76761062e-03 -4.63712537e-03 -4.30899223e-03
 -3.33648112e-02  7.93707822e-03 -6.67368497e-03  1.02366832e+00
  1.31744781e+00  9.14523652e-01  9.26501651e-01  2.45335426e+00
  2.15903788e+00  1.89765689e+00  1.28038387e+00  2.93138269e+00
 -3.69723892e+00  1.06153525e+00  2.57532553e+00  3.32145661e-01]
Pipeline failed on these parameters: [ 8.70593502e-01  1.01114743e+00  2.43477232e-02  5.55204407e-02
  7.61216732e-01  4.06489003e-01  7.65556630e+00 -9.57845380e-03
 -3.01555793e-02 -3.57262927e-02 -4.45493711e-02 -4.64215311e-03
  3.89475582e-03 -8.52652510e-03 -4.30027408e-03 -4.17051799e-03
 -3.36327464e-02  7.92668296e-03 -6.45915690e-03  1.02083088e+00
  1.31360321e+00  9.13339311e-01  9.26972266e-01  2.46994775e+00
  2.16153470e+00  1.87883654e+00  1.24394383e+00  2.64689870e+00
 -3.92846772e+00  1.03989742e+00  2.47669167e+00  3.02189899e-01]
Pipeline failed on these parameters: [ 1.29486127e+00  8.51082600e-01  2.09002188e-02  7.23690251e-02
  7.34995304e-01  2.05758506e-01  7.74721680e+00  1.00805043e-02
 -1.98047402e-02 -2.03749284e-02 -2.07131247e-02 -3.49734967e-03
  6.72783467e-03 -6.88642896e-03 -1.52046708e-02 -7.06753451e-03
 -3.35229327e-02 -1.19173756e-04 -3.54922363e-03  9.30661105e-01
  1.37470394e+00  8.88694089e-01  9.49712733e-01  1.45884539e+00
  2.10411287e+00  2.40423376e+00  1.27975902e+00 -2.47360618e-01
  2.19713010e+00  2.72445293e+00  1.12627398e-01  1.58010854e+00]
Pipeline failed on these parameters: [ 9.53778962e-01  9.97879051e-01  2.34825865e-02  5.90221547e-02
  7.59101240e-01  4.21986404e-01  7.68661901e+00 -1.32763154e-02
 -1.52932705e-02 -2.10715371e-02 -4.35030701e-02 -9.72794794e-04
  3.80515743e-03 -1.25361959e-02 -7.76666089e-03 -1.37707429e-03
 -3.09986716e-02  2.59505139e-03 -5.05484491e-03  1.01831511e+00
  1.32514376e+00  9.12590784e-01  9.41033889e-01  2.34807754e+00
  2.22171585e+00  1.81329339e+00  1.20135274e+00  1.35043632e+00
 -4.84688364e+00 -7.10314430e-02  7.54345010e-01  5.72135377e-01]
Pipeline failed on these parameters: [ 9.07074855e-01  1.00682191e+00  2.50953123e-02  5.48751550e-02
  7.93623784e-01  1.03781632e-01  7.51482896e+00 -2.98141336e-03
 -2.28810815e-02 -1.97664549e-02 -3.90224232e-02 -1.54529138e-02
 -6.15621135e-03  1.60564900e-02 -1.38052218e-03 -1.43327334e-02
 -3.87184496e-02 -1.46061489e-02 -1.36322391e-02  1.11279461e+00
  1.12518643e+00  9.10065521e-01  8.57213681e-01  1.79126275e+00
  1.22736414e+00  1.39677987e+00  1.69512501e+00 -4.46814057e+00
  1.98705982e+00  2.21401789e+00 -3.02261980e+00  9.34985163e-01]
Pipeline failed on these parameters: [ 9.26024724e-01  1.00125913e+00  2.50723000e-02  5.50137190e-02
  8.01259798e-01  9.73877585e-02  7.51811859e+00 -5.67192246e-03
 -1.74389279e-02 -2.62019383e-02 -3.11331751e-02 -1.43293930e-02
 -6.43982746e-03  1.50934708e-02 -5.85320098e-04 -1.45508101e-02
 -3.82929365e-02 -1.36139316e-02 -1.28038541e-02  1.10710533e+00
  1.14061558e+00  9.07572912e-01  8.62590919e-01  1.74058006e+00
  1.23603431e+00  1.34778259e+00  1.71305387e+00 -4.37814022e+00
  2.17083068e+00  2.16611472e+00 -2.93850511e+00  8.97411777e-01]
Pipeline failed on these parameters: [ 8.66617457e-01  1.03303769e+00  2.25314315e-02  5.17617840e-02
  7.47774518e-01  3.75876879e-01  7.61152681e+00 -1.68304721e-03
 -1.73653054e-02 -3.56108321e-02 -2.75402744e-02  4.36461587e-04
  1.72833946e-02 -1.33654850e-02  2.43903907e-03 -2.82744869e-03
 -3.28739699e-02  5.85304193e-03 -6.66956641e-03  1.00410988e+00
  1.29844752e+00  8.96658306e-01  9.44191103e-01  2.45814816e+00
  2.57117468e+00  1.69405906e+00  9.46866558e-01  1.89309516e+00
 -4.02268910e+00 -1.32365162e+00  2.15888142e+00  3.93680341e-01]
Pipeline failed on these parameters: [ 8.56964115e-01  1.02931836e+00  2.25443234e-02  5.39328213e-02
  7.51626951e-01  3.78414127e-01  7.60826542e+00 -1.62745512e-03
 -1.75095030e-02 -3.59018139e-02 -2.76013431e-02  2.29687176e-04
  1.73125769e-02 -1.32915434e-02  1.80109820e-03 -3.11160222e-03
 -3.25079692e-02  6.42417400e-03 -6.70603761e-03  1.00129228e+00
  1.29696052e+00  8.96723131e-01  9.42492628e-01  2.48497802e+00
  2.52551829e+00  1.69103744e+00  9.83759394e-01  2.09669888e+00
 -4.04562999e+00 -1.16234182e+00  2.30245657e+00  3.96564061e-01]
Pipeline failed on these parameters: [ 8.54754280e-01  1.02367431e+00  2.23478707e-02  5.47238627e-02
  7.58903761e-01  4.08333472e-01  7.56833986e+00 -1.94153663e-03
 -3.31881682e-02 -2.39496642e-02 -3.79909326e-02  2.65705462e-03
  1.51007000e-02 -1.24432596e-02 -2.69450371e-04 -3.67415209e-03
 -3.08373042e-02  6.02005412e-03 -6.80665258e-03  9.96525582e-01
  1.30362210e+00  8.93406558e-01  9.38736603e-01  2.53621762e+00
  2.45115097e+00  1.69864654e+00  9.82546057e-01  2.79946680e+00
 -3.85261215e+00 -9.08272358e-01  2.83546320e+00  3.60971833e-01]
Pipeline failed on these parameters: [ 1.17011229e+00  9.50991253e-01  2.53699486e-02  7.82346591e-02
  8.08780196e-01  5.87506335e-01  7.51561587e+00  3.87730072e-03
 -1.40313350e-02 -2.58042895e-02 -4.11421661e-02  6.39715716e-03
  1.23976001e-02 -7.65350176e-03 -2.52654188e-02 -1.39424307e-02
 -3.32082440e-02 -1.30208447e-03 -1.30812807e-02  1.05565418e+00
  1.60761446e+00  7.61349646e-01  8.62420013e-01  8.62650250e-01
  2.93456395e+00  1.79323026e+00  1.12552245e+00 -8.22762094e-01
  1.12532392e+00  7.64997633e-01 -3.19712066e+00  3.10233442e-01]
Pipeline failed on these parameters: [ 1.16481405e+00  9.51225000e-01  2.53687029e-02  7.84237550e-02
  8.09085214e-01  5.86937456e-01  7.51795031e+00  3.91479190e-03
 -1.40182265e-02 -2.57689793e-02 -4.11706814e-02  6.25597087e-03
  1.24582873e-02 -7.82005281e-03 -2.57635979e-02 -1.40567715e-02
 -3.33183660e-02 -1.26970585e-03 -1.29706283e-02  1.05573971e+00
  1.58849657e+00  7.59524239e-01  8.62769558e-01  8.70165747e-01
  2.93172452e+00  1.79678701e+00  1.12490682e+00 -8.36623909e-01
  1.13585385e+00  8.07558098e-01 -3.21578043e+00  3.15984685e-01]
/lcrc/project/SPT3G/users/ac.yomori/repo/cosmosis-standard-library/shear/cl_to_xi_fullsky/cl_to_xi.py:38: RuntimeWarning: divide by zero encountered in log
  spec = -np.exp(self.interp_func(np.log(angle)))
Pipeline failed on these parameters: [ 1.19351966e+00  9.54362795e-01  2.52559876e-02  7.85242712e-02
  8.10923231e-01  5.14157385e-01  7.52103688e+00 -4.42578463e-03
 -1.22099943e-02 -1.90449280e-02 -3.78906823e-02  6.35386636e-03
  1.29342669e-02 -8.42952264e-03 -2.45956760e-02 -1.74543974e-02
 -3.35051413e-02 -3.11017956e-03 -1.31549650e-02  1.06082544e+00
  1.43004140e+00  7.43438458e-01  8.64853433e-01  1.04210716e+00
  2.99663077e+00  1.99081144e+00  1.17043380e+00 -1.92388432e+00
  1.11243389e+00  8.41144939e-01 -3.67136962e+00  5.34144278e-01]
/lcrc/project/SPT3G/users/ac.yomori/repo/cosmosis-standard-library/shear/cl_to_xi_fullsky/cl_to_xi.py:38: RuntimeWarning: divide by zero encountered in log
  spec = -np.exp(self.interp_func(np.log(angle)))
Pipeline failed on these parameters: [ 1.16478533e+00  1.04992212e+00  2.59186417e-02  5.76459936e-02
  6.66569786e-01  2.13077371e-01  7.42764980e+00 -1.93093300e-02
 -1.95504902e-02 -2.88158491e-02 -3.84158967e-02 -1.12254873e-02
 -2.04690341e-02  4.88174918e-03 -2.06461609e-02 -1.85756717e-02
 -3.56070250e-02 -6.13979793e-05  1.74287323e-03  8.75876020e-01
  1.25654185e+00  8.49113170e-01  9.21510278e-01  2.39701408e+00
  8.04976517e-01  2.01066470e+00  1.53138972e+00 -7.96392673e-01
  1.66437507e+00 -3.61064179e+00  1.98865420e+00  1.00834853e+00]
Pipeline failed on these parameters: [ 1.21492888e+00  1.04476060e+00  2.57309400e-02  5.36415591e-02
  6.61542175e-01  2.13548081e-01  7.44485420e+00 -7.85701483e-03
 -2.54649120e-02 -2.04355981e-02 -3.38673164e-02 -1.19093842e-02
 -2.12990728e-02  4.43520391e-03 -2.43534174e-02 -2.17886208e-02
 -3.52137150e-02  1.07026698e-03  4.43015978e-04  8.52505446e-01
  1.23560245e+00  8.50014922e-01  9.10021072e-01  2.30807187e+00
  9.31321986e-01  2.00725991e+00  1.46974736e+00 -6.96592328e-01
  2.24030249e+00 -4.01716971e+00  1.58574371e+00  9.79393368e-01]
Pipeline failed on these parameters: [ 1.11835672e+00  9.40280497e-01  2.29844401e-02  5.83131891e-02
  6.57129108e-01  4.23723626e-01  7.47353441e+00  5.90774668e-03
 -2.78342655e-02 -2.79536516e-02 -3.98692076e-02  2.46587109e-03
 -3.77140642e-03 -1.69744557e-02  2.00411273e-03 -6.38149228e-03
 -3.28580378e-02 -3.26600410e-03 -5.10990403e-03  9.46214827e-01
  1.23701926e+00  9.44772735e-01  8.72101673e-01  1.48675560e+00
  2.31234154e+00  2.46396430e+00  1.95072243e+00  1.94298421e-01
  4.91220827e+00 -2.22546563e+00 -1.17206111e+00  1.34402106e+00]
Pipeline failed on these parameters: [ 1.11667798e+00  9.39591910e-01  2.29856747e-02  5.87965393e-02
  6.56762579e-01  4.22083652e-01  7.47302734e+00  5.77306083e-03
 -2.79828989e-02 -2.79508862e-02 -3.98633176e-02  2.23203323e-03
 -3.74073586e-03 -1.69748179e-02  1.92874846e-03 -6.42191669e-03
 -3.29416726e-02 -3.25511570e-03 -5.15984452e-03  9.46392129e-01
  1.23805229e+00  9.45738923e-01  8.72258454e-01  1.49148011e+00
  2.32079850e+00  2.47270913e+00  1.94024681e+00  1.85622177e-01
  4.90448627e+00 -2.22825721e+00 -1.13029841e+00  1.34335350e+00]
Pipeline failed on these parameters: [ 1.10943782e+00  9.36622135e-01  2.29909996e-02  6.08811581e-02
  6.55181796e-01  4.15010685e-01  7.47084039e+00  5.22038310e-03
 -2.86611588e-02 -2.79389650e-02 -3.98379352e-02  1.22732573e-03
 -3.60863551e-03 -1.69763802e-02  1.60412830e-03 -6.59529961e-03
 -3.33010806e-02 -3.20808923e-03 -5.37382467e-03  9.47154155e-01
  1.24241551e+00  9.50213355e-01  8.72929736e-01  1.51185625e+00
  2.35727213e+00  2.51042430e+00  1.89506700e+00  1.48202803e-01
  4.87118241e+00 -2.24029687e+00 -9.50182009e-01  1.34047443e+00]
Pipeline failed on these parameters: [ 1.11075051e+00  9.26180340e-01  2.31208190e-02  5.47848953e-02
  6.47382611e-01  3.85555814e-01  7.45890503e+00 -2.04879436e-03
 -1.80842768e-02 -2.98206296e-02 -4.14110591e-02 -7.44666177e-04
 -3.11389309e-03 -1.83451964e-02  3.26460324e-06 -7.28638659e-03
 -3.39489606e-02 -3.33130087e-03 -6.30534474e-03  9.52252756e-01
  1.25472674e+00  9.54916514e-01  8.68291851e-01  1.55565418e+00
  2.48639625e+00  2.54232440e+00  1.80127743e+00  8.82452499e-02
  4.66826319e+00 -2.19041636e+00 -3.23349575e-01  1.31807612e+00]
/lcrc/project/SPT3G/users/ac.yomori/repo/cosmosis-standard-library/shear/cl_to_xi_fullsky/cl_to_xi.py:38: RuntimeWarning: divide by zero encountered in log
  spec = -np.exp(self.interp_func(np.log(angle)))
mpirun: Forwarding signal 18 to job
slurmstepd: error: *** JOB 588885 ON xover-0004 CANCELLED AT 2026-07-22T18:02:23 ***
